ensembl_gene_id	gene_name	rule	rho	n_tissues	p	percentile_in_genome
ENSG00000000003	TSPAN6	S1_all_tissues_zeros_kept	0.528886	29	0.00318022	0.79156
ENSG00000000419	DPM1	S1_all_tissues_zeros_kept	0.0192118	29	0.921204	0.112468
ENSG00000000457	SCYL3	S1_all_tissues_zeros_kept	0.153486	29	0.426662	0.244687
ENSG00000000938	FGR	S1_all_tissues_zeros_kept	0.654817	29	0.000116077	0.905099
ENSG00000000971	CFH	S1_all_tissues_zeros_kept	0.64335	29	0.000166805	0.895458
ENSG00000001036	FUCA2	S1_all_tissues_zeros_kept	0.43202	29	0.0192662	0.65994
ENSG00000001084	GCLC	S1_all_tissues_zeros_kept	0.448276	29	0.0147341	0.684105
ENSG00000001167	NFYA	S1_all_tissues_zeros_kept	0.598725	29	0.000600746	0.858912
ENSG00000001497	LAS1L	S1_all_tissues_zeros_kept	0.252709	29	0.185966	0.379434
ENSG00000001561	ENPP4	S1_all_tissues_zeros_kept	0.354477	29	0.0591955	0.541131
ENSG00000001617	SEMA3F	S1_all_tissues_zeros_kept	0.472669	29	0.00961764	0.718552
ENSG00000001626	CFTR	S1_all_tissues_zeros_kept	0.151726	29	0.432048	0.242545
ENSG00000001629	ANKIB1	S1_all_tissues_zeros_kept	0.165025	29	0.392285	0.257798
ENSG00000001630	CYP51A1	S1_all_tissues_zeros_kept	0.460591	29	0.0119239	0.702785
ENSG00000001631	KRIT1	S1_all_tissues_zeros_kept	0.387192	29	0.037977	0.590146
ENSG00000002330	BAD	S1_all_tissues_zeros_kept	0.0527094	29	0.785967	0.138989
ENSG00000002549	LAP3	S1_all_tissues_zeros_kept	0.591626	29	0.000724103	0.850943
ENSG00000002586	CD99	S1_all_tissues_zeros_kept	0.226108	29	0.23823	0.340874
ENSG00000002726	AOC1	S1_all_tissues_zeros_kept	0.739655	29	4.54683e-06	0.958398
ENSG00000002746	HECW1	S1_all_tissues_zeros_kept	0.388896	29	0.0370667	0.592331
ENSG00000002822	MAD1L1	S1_all_tissues_zeros_kept	0.399507	29	0.0317857	0.60964
ENSG00000002834	LASP1	S1_all_tissues_zeros_kept	0.608374	29	0.000462768	0.867052
ENSG00000002919	SNX11	S1_all_tissues_zeros_kept	0.53202	29	0.00297321	0.794859
ENSG00000003056	M6PR	S1_all_tissues_zeros_kept	0.300985	29	0.112603	0.452699
ENSG00000003147	ICA1	S1_all_tissues_zeros_kept	0.565341	29	0.00139466	0.828492
ENSG00000003249	DBNDD1	S1_all_tissues_zeros_kept	0.342057	29	0.0693344	0.521123
ENSG00000003393	ALS2	S1_all_tissues_zeros_kept	0.476847	29	0.00891264	0.723693
ENSG00000003400	CASP10	S1_all_tissues_zeros_kept	0.641881	29	0.000174552	0.894473
ENSG00000003402	CFLAR	S1_all_tissues_zeros_kept	0.0559065	29	0.77331	0.142459
ENSG00000003509	NDUFAF7	S1_all_tissues_zeros_kept	0.373399	29	0.0460218	0.570094
ENSG00000003756	RBM5	S1_all_tissues_zeros_kept	0.279803	29	0.141547	0.420566
ENSG00000003987	MTMR7	S1_all_tissues_zeros_kept	0.35558	29	0.0583545	0.542631
ENSG00000004059	ARF5	S1_all_tissues_zeros_kept	-0.138424	29	0.473928	0.0321765
ENSG00000004142	POLDIP2	S1_all_tissues_zeros_kept	0.670936	29	6.79244e-05	0.919409
ENSG00000004399	PLXND1	S1_all_tissues_zeros_kept	0.0837438	29	0.665816	0.166452
ENSG00000004455	AK2	S1_all_tissues_zeros_kept	0.423645	29	0.0220155	0.649829
ENSG00000004478	FKBP4	S1_all_tissues_zeros_kept	0.594581	29	0.000670285	0.853213
ENSG00000004487	KDM1A	S1_all_tissues_zeros_kept	0.146305	29	0.448863	0.236375
ENSG00000004534	RBM6	S1_all_tissues_zeros_kept	0.316256	29	0.0946449	0.480206
ENSG00000004660	CAMKK1	S1_all_tissues_zeros_kept	0.65196	29	0.000127229	0.902614
ENSG00000004700	RECQL	S1_all_tissues_zeros_kept	0.669951	29	7.02508e-05	0.91868
ENSG00000004766	VPS50	S1_all_tissues_zeros_kept	0.236511	29	0.216739	0.354627
ENSG00000004779	NDUFAB1	S1_all_tissues_zeros_kept	0.574877	29	0.00110646	0.836418
ENSG00000004799	PDK4	S1_all_tissues_zeros_kept	0.608867	29	0.000456542	0.867481
ENSG00000004838	ZMYND10	S1_all_tissues_zeros_kept	0.507779	29	0.00492408	0.763967
ENSG00000004848	ARX	S1_all_tissues_zeros_kept	0.415068	29	0.0251567	0.635518
ENSG00000004864	SLC25A13	S1_all_tissues_zeros_kept	0.383744	29	0.0398737	0.584319
ENSG00000004866	ST7	S1_all_tissues_zeros_kept	0.20552	29	0.284824	0.309726
ENSG00000004897	CDC27	S1_all_tissues_zeros_kept	0.382266	29	0.0407094	0.582091
ENSG00000004939	SLC4A1	S1_all_tissues_zeros_kept	0.105375	29	0.586429	0.189075
ENSG00000004961	HCCS	S1_all_tissues_zeros_kept	0.358128	29	0.0564476	0.546101
ENSG00000004975	DVL2	S1_all_tissues_zeros_kept	0.392118	29	0.0353937	0.597172
ENSG00000005007	UPF1	S1_all_tissues_zeros_kept	0.217734	29	0.256528	0.327721
ENSG00000005020	SKAP2	S1_all_tissues_zeros_kept	0.611898	29	0.000419825	0.870223
ENSG00000005022	SLC25A5	S1_all_tissues_zeros_kept	0.554187	29	0.00181258	0.818166
ENSG00000005059	CCDC109B	S1_all_tissues_zeros_kept	0.340044	29	0.0710963	0.517524
ENSG00000005073	HOXA11	S1_all_tissues_zeros_kept	0.507136	29	0.00498795	0.763625
ENSG00000005075	POLR2J	S1_all_tissues_zeros_kept	0.0296297	29	0.878733	0.120437
ENSG00000005100	DHX33	S1_all_tissues_zeros_kept	-0.250955	29	0.189143	0.00946872
ENSG00000005156	LIG3	S1_all_tissues_zeros_kept	0.0931264	29	0.630881	0.176607
ENSG00000005175	RPAP3	S1_all_tissues_zeros_kept	0.334483	29	0.0761465	0.509512
ENSG00000005189	AC004381.6	S1_all_tissues_zeros_kept	0.0194441	29	0.920254	0.112639
ENSG00000005194	CIAPIN1	S1_all_tissues_zeros_kept	0.526601	29	0.00333882	0.785604
ENSG00000005206	SPPL2B	S1_all_tissues_zeros_kept	0.400791	29	0.0311902	0.612125
ENSG00000005243	COPZ2	S1_all_tissues_zeros_kept	0.549821	29	0.00200351	0.813753
ENSG00000005302	MSL3	S1_all_tissues_zeros_kept	0.309873	29	0.101868	0.467052
ENSG00000005339	CREBBP	S1_all_tissues_zeros_kept	0.507882	29	0.00491388	0.76431
ENSG00000005381	MPO	S1_all_tissues_zeros_kept	0.112268	29	0.562032	0.196958
ENSG00000005421	PON1	S1_all_tissues_zeros_kept	0.406926	29	0.0284682	0.622751
ENSG00000005436	GCFC2	S1_all_tissues_zeros_kept	0.248276	29	0.194067	0.371979
ENSG00000005448	WDR54	S1_all_tissues_zeros_kept	0.393891	29	0.0344995	0.599529
ENSG00000005469	CROT	S1_all_tissues_zeros_kept	0.781281	29	5.67123e-07	0.973608
ENSG00000005471	ABCB4	S1_all_tissues_zeros_kept	0.407152	29	0.028372	0.623179
ENSG00000005483	KMT2E	S1_all_tissues_zeros_kept	0.233508	29	0.222803	0.351371
ENSG00000005486	RHBDD2	S1_all_tissues_zeros_kept	0.455665	29	0.0129888	0.696144
ENSG00000005513	SOX8	S1_all_tissues_zeros_kept	0.132276	29	0.493968	0.220351
ENSG00000005700	IBTK	S1_all_tissues_zeros_kept	0.494457	29	0.00639993	0.74623
ENSG00000005801	ZNF195	S1_all_tissues_zeros_kept	0.106924	29	0.580906	0.191217
ENSG00000005810	MYCBP2	S1_all_tissues_zeros_kept	0.400493	29	0.0313279	0.611097
ENSG00000005812	FBXL3	S1_all_tissues_zeros_kept	0.147145	29	0.446236	0.236975
ENSG00000005882	PDK2	S1_all_tissues_zeros_kept	0.430049	29	0.0198862	0.658183
ENSG00000005884	ITGA3	S1_all_tissues_zeros_kept	0.622167	29	0.000313981	0.878063
ENSG00000005889	ZFX	S1_all_tissues_zeros_kept	0.0217547	29	0.910814	0.114182
ENSG00000005893	LAMP2	S1_all_tissues_zeros_kept	0.239901	29	0.21003	0.359512
ENSG00000005961	ITGA2B	S1_all_tissues_zeros_kept	0.189759	29	0.324167	0.288475
ENSG00000006007	GDE1	S1_all_tissues_zeros_kept	0.156177	29	0.4185	0.247858
ENSG00000006042	TMEM98	S1_all_tissues_zeros_kept	0.527949	29	0.00324443	0.78976
ENSG00000006047	YBX2	S1_all_tissues_zeros_kept	0.668109	29	7.47897e-05	0.916838
ENSG00000006071	ABCC8	S1_all_tissues_zeros_kept	0.484283	29	0.00776556	0.734576
ENSG00000006116	CACNG3	S1_all_tissues_zeros_kept	0.2422	29	0.205562	0.363196
ENSG00000006125	AP2B1	S1_all_tissues_zeros_kept	0.38867	29	0.0371867	0.592245
ENSG00000006194	ZNF263	S1_all_tissues_zeros_kept	0.265377	29	0.164126	0.396958
ENSG00000006282	SPATA20	S1_all_tissues_zeros_kept	0.364532	29	0.0518704	0.557284
ENSG00000006451	RALA	S1_all_tissues_zeros_kept	0.035468	29	0.855068	0.125621
ENSG00000006453	BAIAP2L1	S1_all_tissues_zeros_kept	0.788644	29	3.74472e-07	0.976392
ENSG00000006459	KDM7A	S1_all_tissues_zeros_kept	0.186384	29	0.333007	0.284447
ENSG00000006530	AGK	S1_all_tissues_zeros_kept	0.0246305	29	0.89908	0.116967
ENSG00000006607	FARP2	S1_all_tissues_zeros_kept	-0.0458128	29	0.813447	0.0720651
ENSG00000006625	GGCT	S1_all_tissues_zeros_kept	0.0133005	29	0.945405	0.108483
ENSG00000006652	IFRD1	S1_all_tissues_zeros_kept	0.323597	29	0.0868244	0.493102
ENSG00000006659	LGALS14	S1_all_tissues_zeros_kept	1	29	0	0.997943
ENSG00000006704	GTF2IRD1	S1_all_tissues_zeros_kept	0.305076	29	0.107561	0.458655
ENSG00000006712	PAF1	S1_all_tissues_zeros_kept	0.308867	29	0.103042	0.465253
ENSG00000006715	VPS41	S1_all_tissues_zeros_kept	-0.0344828	29	0.859053	0.0796058
ENSG00000006740	ARHGAP44	S1_all_tissues_zeros_kept	0.657972	29	0.000104777	0.907841
ENSG00000006744	ELAC2	S1_all_tissues_zeros_kept	0.399507	29	0.0317857	0.60964
ENSG00000006756	ARSD	S1_all_tissues_zeros_kept	0.398079	29	0.0324591	0.607198
ENSG00000006757	PNPLA4	S1_all_tissues_zeros_kept	0.574384	29	0.00111996	0.835775
ENSG00000006831	ADIPOR2	S1_all_tissues_zeros_kept	-0.0423159	29	0.827467	0.0749357
ENSG00000007001	UPP2	S1_all_tissues_zeros_kept	0.33711	29	0.0737279	0.512982
ENSG00000007038	PRSS21	S1_all_tissues_zeros_kept	0.212347	29	0.268771	0.320951
ENSG00000007047	MARK4	S1_all_tissues_zeros_kept	0.103415	29	0.593448	0.186847
ENSG00000007080	CCDC124	S1_all_tissues_zeros_kept	0.299507	29	0.114467	0.450257
ENSG00000007168	PAFAH1B1	S1_all_tissues_zeros_kept	0.252217	29	0.186854	0.378363
ENSG00000007171	NOS2	S1_all_tissues_zeros_kept	0.388443	29	0.0373073	0.591645
ENSG00000007174	DNAH9	S1_all_tissues_zeros_kept	0.251106	29	0.188868	0.376264
ENSG00000007202	KIAA0100	S1_all_tissues_zeros_kept	-0.223153	29	0.244586	0.0132391
ENSG00000007216	SLC13A2	S1_all_tissues_zeros_kept	0.691932	29	3.21361e-05	0.931919
ENSG00000007237	GAS7	S1_all_tissues_zeros_kept	0.630905	29	0.000243242	0.886247
ENSG00000007255	TRAPPC6A	S1_all_tissues_zeros_kept	0.376398	29	0.0441668	0.57425
ENSG00000007306	CEACAM7	S1_all_tissues_zeros_kept	0.472122	29	0.00971319	0.718038
ENSG00000007312	CD79B	S1_all_tissues_zeros_kept	0.569664	29	0.0012568	0.832005
ENSG00000007350	TKTL1	S1_all_tissues_zeros_kept	0.360965	29	0.0543825	0.551371
ENSG00000007376	RPUSD1	S1_all_tissues_zeros_kept	-0.196568	29	0.306778	0.017952
ENSG00000007384	RHBDF1	S1_all_tissues_zeros_kept	0.288177	29	0.129522	0.433162
ENSG00000007392	LUC7L	S1_all_tissues_zeros_kept	0.129064	29	0.504607	0.217009
ENSG00000007402	CACNA2D2	S1_all_tissues_zeros_kept	0.513696	29	0.00436817	0.77108
ENSG00000007520	TSR3	S1_all_tissues_zeros_kept	-0.271792	29	0.153789	0.0071551
ENSG00000007541	PIGQ	S1_all_tissues_zeros_kept	0.417734	29	0.0241436	0.639546
ENSG00000007545	CRAMP1	S1_all_tissues_zeros_kept	0.25591	29	0.180266	0.383762
ENSG00000007866	TEAD3	S1_all_tissues_zeros_kept	0.447802	29	0.0148524	0.683847
ENSG00000007923	DNAJC11	S1_all_tissues_zeros_kept	0.254958	29	0.181949	0.382648
ENSG00000007933	FMO3	S1_all_tissues_zeros_kept	0.783827	29	4.92195e-07	0.97485
ENSG00000008018	PSMB1	S1_all_tissues_zeros_kept	0.301478	29	0.111987	0.453728
ENSG00000008056	SYN1	S1_all_tissues_zeros_kept	0.267799	29	0.160167	0.401842
ENSG00000008083	JARID2	S1_all_tissues_zeros_kept	0.0351336	29	0.85642	0.125493
ENSG00000008086	CDKL5	S1_all_tissues_zeros_kept	0.354378	29	0.0592712	0.540831
ENSG00000008118	CAMK1G	S1_all_tissues_zeros_kept	0.534294	29	0.00283031	0.797044
ENSG00000008128	CDK11A	S1_all_tissues_zeros_kept	-0.251122	29	0.188838	0.00938303
ENSG00000008130	NADK	S1_all_tissues_zeros_kept	0.70723	29	1.78981e-05	0.940703
ENSG00000008196	TFAP2B	S1_all_tissues_zeros_kept	-0.361453	29	0.0540329	0.00235647
ENSG00000008226	DLEC1	S1_all_tissues_zeros_kept	0.0455181	29	0.814627	0.132776
ENSG00000008256	CYTH3	S1_all_tissues_zeros_kept	0.305911	29	0.106554	0.460026
ENSG00000008282	SYPL1	S1_all_tissues_zeros_kept	0.407389	29	0.0282709	0.62365
ENSG00000008283	CYB561	S1_all_tissues_zeros_kept	0.195277	29	0.310031	0.295416
ENSG00000008294	SPAG9	S1_all_tissues_zeros_kept	0.652217	29	0.000126188	0.902956
ENSG00000008311	AASS	S1_all_tissues_zeros_kept	0.618227	29	0.000351428	0.874122
ENSG00000008324	SS18L2	S1_all_tissues_zeros_kept	0.284257	29	0.135054	0.427635
ENSG00000008382	MPND	S1_all_tissues_zeros_kept	0.539495	29	0.00252564	0.803899
ENSG00000008394	MGST1	S1_all_tissues_zeros_kept	0.845813	29	7.60974e-09	0.990617
ENSG00000008405	CRY1	S1_all_tissues_zeros_kept	-0.0337871	29	0.861869	0.0799914
ENSG00000008438	PGLYRP1	S1_all_tissues_zeros_kept	0.540792	29	0.00245419	0.804841
ENSG00000008441	NFIX	S1_all_tissues_zeros_kept	0.699507	29	2.41582e-05	0.936632
ENSG00000008513	ST3GAL1	S1_all_tissues_zeros_kept	0.508374	29	0.00486549	0.764953
ENSG00000008516	MMP25	S1_all_tissues_zeros_kept	0.208968	29	0.276643	0.315296
ENSG00000008838	MED24	S1_all_tissues_zeros_kept	0.470936	29	0.00992343	0.716495
ENSG00000008869	HEATR5B	S1_all_tissues_zeros_kept	0.479803	29	0.00844068	0.727592
ENSG00000008952	SEC62	S1_all_tissues_zeros_kept	0.452217	29	0.0137805	0.690746
ENSG00000008988	RPS20	S1_all_tissues_zeros_kept	0.292611	29	0.123467	0.438475
ENSG00000009307	CSDE1	S1_all_tissues_zeros_kept	0.124138	29	0.521142	0.210711
ENSG00000009335	UBE3C	S1_all_tissues_zeros_kept	0.125123	29	0.517814	0.212339
ENSG00000009694	TENM1	S1_all_tissues_zeros_kept	-0.14677	29	0.447408	0.0299057
ENSG00000009724	MASP2	S1_all_tissues_zeros_kept	0.274106	29	0.150178	0.411183
ENSG00000009765	IYD	S1_all_tissues_zeros_kept	0.576027	29	0.00107548	0.837575
ENSG00000009780	FAM76A	S1_all_tissues_zeros_kept	0.0585507	29	0.762885	0.144687
ENSG00000009790	TRAF3IP3	S1_all_tissues_zeros_kept	0.785508	29	4.47754e-07	0.975536
ENSG00000009830	POMT2	S1_all_tissues_zeros_kept	0.431062	29	0.0195655	0.659083
ENSG00000009844	VTA1	S1_all_tissues_zeros_kept	0.300985	29	0.112603	0.452699
ENSG00000009954	BAZ1B	S1_all_tissues_zeros_kept	0.350739	29	0.0621165	0.535347
ENSG00000010017	RANBP9	S1_all_tissues_zeros_kept	0.284729	29	0.13438	0.428021
ENSG00000010072	SPRTN	S1_all_tissues_zeros_kept	-0.0720847	29	0.710193	0.0590831
ENSG00000010165	METTL13	S1_all_tissues_zeros_kept	0.189925	29	0.323737	0.288689
ENSG00000010244	ZNF207	S1_all_tissues_zeros_kept	0.0517241	29	0.789878	0.138218
ENSG00000010256	UQCRC1	S1_all_tissues_zeros_kept	0.596552	29	0.000636383	0.854799
ENSG00000010270	STARD3NL	S1_all_tissues_zeros_kept	0.169534	29	0.379293	0.263967
ENSG00000010278	CD9	S1_all_tissues_zeros_kept	0.603448	29	0.000529259	0.863025
ENSG00000010282	HHATL	S1_all_tissues_zeros_kept	0.385396	29	0.0389555	0.587018
ENSG00000010292	NCAPD2	S1_all_tissues_zeros_kept	0.603941	29	0.000522253	0.863496
ENSG00000010295	IFFO1	S1_all_tissues_zeros_kept	0.106684	29	0.58176	0.190788
ENSG00000010322	NISCH	S1_all_tissues_zeros_kept	0.202956	29	0.291008	0.305698
ENSG00000010327	STAB1	S1_all_tissues_zeros_kept	0.851232	29	4.856e-09	0.991517
ENSG00000010379	SLC6A13	S1_all_tissues_zeros_kept	0.565532	29	0.0013883	0.828663
ENSG00000010404	IDS	S1_all_tissues_zeros_kept	-0.0653892	29	0.736114	0.0625107
ENSG00000010438	PRSS3	S1_all_tissues_zeros_kept	0.148919	29	0.440713	0.239803
ENSG00000010610	CD4	S1_all_tissues_zeros_kept	0.648891	29	0.000140257	0.900214
ENSG00000010626	LRRC23	S1_all_tissues_zeros_kept	0.409999	29	0.0271793	0.627464
ENSG00000010704	HFE	S1_all_tissues_zeros_kept	0.186278	29	0.333286	0.28419
ENSG00000010803	SCMH1	S1_all_tissues_zeros_kept	0.109633	29	0.571304	0.194473
ENSG00000010810	FYN	S1_all_tissues_zeros_kept	0.564109	29	0.00143627	0.827549
ENSG00000010818	HIVEP2	S1_all_tissues_zeros_kept	0.427656	29	0.0206613	0.655141
ENSG00000010932	FMO1	S1_all_tissues_zeros_kept	0.242996	29	0.204031	0.364053
ENSG00000011007	TCEB3	S1_all_tissues_zeros_kept	0.548276	29	0.00207514	0.812254
ENSG00000011009	LYPLA2	S1_all_tissues_zeros_kept	0.110345	29	0.568792	0.195116
ENSG00000011021	CLCN6	S1_all_tissues_zeros_kept	0.237497	29	0.214774	0.356427
ENSG00000011028	MRC2	S1_all_tissues_zeros_kept	0.545724	29	0.00219829	0.809726
ENSG00000011052	NME1-NME2	S1_all_tissues_zeros_kept	0.296059	29	0.118904	0.44443
ENSG00000011083	SLC6A7	S1_all_tissues_zeros_kept	0.519699	29	0.00385986	0.778449
ENSG00000011105	TSPAN9	S1_all_tissues_zeros_kept	0.747783	29	3.12502e-06	0.961568
ENSG00000011114	BTBD7	S1_all_tissues_zeros_kept	0.121206	29	0.531105	0.206984
ENSG00000011132	APBA3	S1_all_tissues_zeros_kept	0.166161	29	0.388988	0.259512
ENSG00000011143	MKS1	S1_all_tissues_zeros_kept	0.457352	29	0.0126155	0.698329
ENSG00000011198	ABHD5	S1_all_tissues_zeros_kept	0.310421	29	0.101231	0.468081
ENSG00000011201	ANOS1	S1_all_tissues_zeros_kept	0.643587	29	0.000165585	0.895758
ENSG00000011243	AKAP8L	S1_all_tissues_zeros_kept	0.221675	29	0.247806	0.334404
ENSG00000011258	MBTD1	S1_all_tissues_zeros_kept	0.388648	29	0.0371984	0.592159
ENSG00000011260	UTP18	S1_all_tissues_zeros_kept	0.608374	29	0.000462768	0.867052
ENSG00000011275	RNF216	S1_all_tissues_zeros_kept	-0.0658447	29	0.734342	0.0622536
ENSG00000011295	TTC19	S1_all_tissues_zeros_kept	0.497044	29	0.00608708	0.7497
ENSG00000011304	PTBP1	S1_all_tissues_zeros_kept	0.438916	29	0.0172203	0.669109
ENSG00000011347	SYT7	S1_all_tissues_zeros_kept	0.601306	29	0.000560705	0.861225
ENSG00000011376	LARS2	S1_all_tissues_zeros_kept	0.128095	29	0.50784	0.215895
ENSG00000011405	PIK3C2A	S1_all_tissues_zeros_kept	0.341872	29	0.0694946	0.520737
ENSG00000011426	ANLN	S1_all_tissues_zeros_kept	0.14863	29	0.441611	0.239289
ENSG00000011451	WIZ	S1_all_tissues_zeros_kept	-0.138424	29	0.473928	0.0321765
ENSG00000011454	RABGAP1	S1_all_tissues_zeros_kept	0.578325	29	0.00101585	0.839632
ENSG00000011465	DCN	S1_all_tissues_zeros_kept	0.638424	29	0.000194049	0.891859
ENSG00000011478	QPCTL	S1_all_tissues_zeros_kept	0.0406504	29	0.834162	0.129434
ENSG00000011485	PPP5C	S1_all_tissues_zeros_kept	0.0941003	29	0.627297	0.178106
ENSG00000011523	CEP68	S1_all_tissues_zeros_kept	0.226601	29	0.237182	0.341431
ENSG00000011566	MAP4K3	S1_all_tissues_zeros_kept	0.591626	29	0.000724103	0.850943
ENSG00000011600	TYROBP	S1_all_tissues_zeros_kept	0.418718	29	0.023778	0.640917
ENSG00000011638	TMEM159	S1_all_tissues_zeros_kept	0.222298	29	0.246445	0.335604
ENSG00000011677	GABRA3	S1_all_tissues_zeros_kept	0.353198	29	0.0601825	0.538946
ENSG00000012061	ERCC1	S1_all_tissues_zeros_kept	0.582759	29	0.000908901	0.844045
ENSG00000012124	CD22	S1_all_tissues_zeros_kept	0.422749	29	0.0223279	0.648886
ENSG00000012171	SEMA3B	S1_all_tissues_zeros_kept	0.497347	29	0.00605139	0.749914
ENSG00000012174	MBTPS2	S1_all_tissues_zeros_kept	-0.0851998	29	0.660348	0.0523993
ENSG00000012211	PRICKLE3	S1_all_tissues_zeros_kept	-0.0339803	29	0.861087	0.0799057
ENSG00000012223	LTF	S1_all_tissues_zeros_kept	0.454551	29	0.0132403	0.694302
ENSG00000012232	EXTL3	S1_all_tissues_zeros_kept	0.43255	29	0.0191021	0.660968
ENSG00000012660	ELOVL5	S1_all_tissues_zeros_kept	0.717081	29	1.20387e-05	0.945201
ENSG00000012779	ALOX5	S1_all_tissues_zeros_kept	0.821587	29	4.68771e-08	0.986161
ENSG00000012822	CALCOCO1	S1_all_tissues_zeros_kept	0.424138	29	0.0218453	0.65
ENSG00000012963	UBR7	S1_all_tissues_zeros_kept	0.187977	29	0.328815	0.286332
ENSG00000012983	MAP4K5	S1_all_tissues_zeros_kept	0.0876847	29	0.651054	0.171422
ENSG00000013016	EHD3	S1_all_tissues_zeros_kept	0.534253	29	0.00283283	0.796872
ENSG00000013275	PSMC4	S1_all_tissues_zeros_kept	0.172414	29	0.37113	0.267695
ENSG00000013288	MAN2B2	S1_all_tissues_zeros_kept	0.26601	29	0.163084	0.398543
ENSG00000013293	SLC7A14	S1_all_tissues_zeros_kept	0.491606	29	0.00676021	0.743488
ENSG00000013297	CLDN11	S1_all_tissues_zeros_kept	0.226775	29	0.236811	0.341688
ENSG00000013364	MVP	S1_all_tissues_zeros_kept	0.704926	29	1.95926e-05	0.939032
ENSG00000013374	NUB1	S1_all_tissues_zeros_kept	0.347783	29	0.0645046	0.531534
ENSG00000013375	PGM3	S1_all_tissues_zeros_kept	0.651724	29	0.00012819	0.902356
ENSG00000013392	RWDD2A	S1_all_tissues_zeros_kept	0.564642	29	0.00141813	0.827978
ENSG00000013441	CLK1	S1_all_tissues_zeros_kept	0.116013	29	0.548974	0.201328
ENSG00000013503	POLR3B	S1_all_tissues_zeros_kept	0.0822761	29	0.671346	0.164953
ENSG00000013523	ANGEL1	S1_all_tissues_zeros_kept	0.045636	29	0.814155	0.132948
ENSG00000013561	RNF14	S1_all_tissues_zeros_kept	0.368966	29	0.0488769	0.563582
ENSG00000013563	DNASE1L1	S1_all_tissues_zeros_kept	0.504396	29	0.00526819	0.760368
ENSG00000013573	DDX11	S1_all_tissues_zeros_kept	-0.0218176	29	0.910557	0.0878749
ENSG00000013583	HEBP1	S1_all_tissues_zeros_kept	0.467488	29	0.0105563	0.712982
ENSG00000014123	UFL1	S1_all_tissues_zeros_kept	-0.00443459	29	0.981785	0.0964439
ENSG00000014138	POLA2	S1_all_tissues_zeros_kept	0.36182	29	0.0537714	0.553171
ENSG00000014164	ZC3H3	S1_all_tissues_zeros_kept	-0.262159	29	0.169492	0.00835476
ENSG00000014216	CAPN1	S1_all_tissues_zeros_kept	0.452217	29	0.0137805	0.690746
ENSG00000014257	ACPP	S1_all_tissues_zeros_kept	0.558271	29	0.00164846	0.822494
ENSG00000014641	MDH1	S1_all_tissues_zeros_kept	0.503448	29	0.00536814	0.758612
ENSG00000014824	SLC30A9	S1_all_tissues_zeros_kept	0.626601	29	0.000276097	0.881834
ENSG00000014914	MTMR11	S1_all_tissues_zeros_kept	0.757398	29	1.96878e-06	0.96551
ENSG00000014919	COX15	S1_all_tissues_zeros_kept	0.424929	29	0.0215743	0.650771
ENSG00000015133	CCDC88C	S1_all_tissues_zeros_kept	0.663212	29	8.81583e-05	0.912382
ENSG00000015153	YAF2	S1_all_tissues_zeros_kept	-0.142804	29	0.459908	0.0311482
ENSG00000015171	ZMYND11	S1_all_tissues_zeros_kept	0.260099	29	0.172993	0.389417
ENSG00000015413	DPEP1	S1_all_tissues_zeros_kept	0.625669	29	0.000283704	0.880763
ENSG00000015475	BID	S1_all_tissues_zeros_kept	0.771429	29	9.64764e-07	0.970223
ENSG00000015479	MATR3	S1_all_tissues_zeros_kept	0.327251	29	0.0831209	0.497986
ENSG00000015520	NPC1L1	S1_all_tissues_zeros_kept	0.170253	29	0.377244	0.264567
ENSG00000015532	XYLT2	S1_all_tissues_zeros_kept	-0.0790738	29	0.683469	0.0553985
ENSG00000015568	RGPD5	S1_all_tissues_zeros_kept	0.0862647	29	0.656358	0.16988
ENSG00000015592	STMN4	S1_all_tissues_zeros_kept	0.281057	29	0.139697	0.422665
ENSG00000015676	NUDCD3	S1_all_tissues_zeros_kept	0.386095	29	0.0385725	0.588903
ENSG00000016490	CLCA1	S1_all_tissues_zeros_kept	0.649999	29	0.000135421	0.901328
ENSG00000016602	CLCA4	S1_all_tissues_zeros_kept	0.453208	29	0.0135489	0.692331
ENSG00000016864	GLT8D1	S1_all_tissues_zeros_kept	0.416749	29	0.0245141	0.637875
ENSG00000017260	ATP2C1	S1_all_tissues_zeros_kept	0.482759	29	0.00798995	0.732948
ENSG00000017797	RALBP1	S1_all_tissues_zeros_kept	0.120197	29	0.534556	0.205141
ENSG00000018189	RUFY3	S1_all_tissues_zeros_kept	0.433005	29	0.0189622	0.662168
ENSG00000018408	WWTR1	S1_all_tissues_zeros_kept	0.0379894	29	0.844884	0.127378
ENSG00000018510	AGPS	S1_all_tissues_zeros_kept	0.247075	29	0.196304	0.370351
ENSG00000018610	CXorf56	S1_all_tissues_zeros_kept	0.136963	29	0.478652	0.224979
ENSG00000018625	ATP1A2	S1_all_tissues_zeros_kept	0.295146	29	0.1201	0.442973
ENSG00000018699	TTC27	S1_all_tissues_zeros_kept	0.117241	29	0.544723	0.202614
ENSG00000019102	VSIG2	S1_all_tissues_zeros_kept	0.477459	29	0.00881311	0.724636
ENSG00000019144	PHLDB1	S1_all_tissues_zeros_kept	0.598522	29	0.000603993	0.858826
ENSG00000019169	MARCO	S1_all_tissues_zeros_kept	0.743921	29	3.741e-06	0.960197
ENSG00000019186	CYP24A1	S1_all_tissues_zeros_kept	0.311451	29	0.100044	0.470051
ENSG00000019485	PRDM11	S1_all_tissues_zeros_kept	0.473988	29	0.00939011	0.720437
ENSG00000019549	SNAI2	S1_all_tissues_zeros_kept	0.18483	29	0.337124	0.282391
ENSG00000019582	CD74	S1_all_tissues_zeros_kept	0.804926	29	1.40786e-07	0.982434
ENSG00000019991	HGF	S1_all_tissues_zeros_kept	0.695144	29	2.85036e-05	0.933976
ENSG00000020181	ADGRA2	S1_all_tissues_zeros_kept	0.518044	29	0.00399464	0.77665
ENSG00000020256	ZFP64	S1_all_tissues_zeros_kept	0.111145	29	0.565976	0.196101
ENSG00000020426	MNAT1	S1_all_tissues_zeros_kept	-0.280296	29	0.140818	0.00646958
ENSG00000020577	SAMD4A	S1_all_tissues_zeros_kept	0.528397	29	0.00321357	0.790874
ENSG00000020922	MRE11A	S1_all_tissues_zeros_kept	0.228684	29	0.232782	0.34473
ENSG00000021300	PLEKHB1	S1_all_tissues_zeros_kept	0.306719	29	0.105585	0.46174
ENSG00000021355	SERPINB1	S1_all_tissues_zeros_kept	0.804926	29	1.40786e-07	0.982434
ENSG00000021574	SPAST	S1_all_tissues_zeros_kept	0.418822	29	0.0237396	0.64126
ENSG00000021645	NRXN3	S1_all_tissues_zeros_kept	0.453254	29	0.0135383	0.692502
ENSG00000021762	OSBPL5	S1_all_tissues_zeros_kept	-0.0596171	29	0.758692	0.0652528
ENSG00000021776	AQR	S1_all_tissues_zeros_kept	0.450548	29	0.0141778	0.687618
ENSG00000021826	CPS1	S1_all_tissues_zeros_kept	0.38673	29	0.0382268	0.589589
ENSG00000021852	C8B	S1_all_tissues_zeros_kept	-0.24438	29	0.201386	0.00972579
ENSG00000022267	FHL1	S1_all_tissues_zeros_kept	0.644335	29	0.000161783	0.896658
ENSG00000022277	RTFDC1	S1_all_tissues_zeros_kept	0.0477833	29	0.805572	0.134747
ENSG00000022355	GABRA1	S1_all_tissues_zeros_kept	0.522537	29	0.00363774	0.781191
ENSG00000023041	ZDHHC6	S1_all_tissues_zeros_kept	0.367366	29	0.049941	0.560626
ENSG00000023191	RNH1	S1_all_tissues_zeros_kept	0.293596	29	0.122151	0.439889
ENSG00000023228	NDUFS1	S1_all_tissues_zeros_kept	0.663054	29	8.8622e-05	0.912125
ENSG00000023287	RB1CC1	S1_all_tissues_zeros_kept	0.443459	29	0.0159735	0.676307
ENSG00000023318	ERP44	S1_all_tissues_zeros_kept	0.47931	29	0.00851784	0.726821
ENSG00000023330	ALAS1	S1_all_tissues_zeros_kept	0.3599	29	0.0551505	0.549743
ENSG00000023516	AKAP11	S1_all_tissues_zeros_kept	0.516073	29	0.00416038	0.773993
ENSG00000023572	GLRX2	S1_all_tissues_zeros_kept	0.397408	29	0.0327793	0.605527
ENSG00000023608	SNAPC1	S1_all_tissues_zeros_kept	0.0737115	29	0.703941	0.156684
ENSG00000023697	DERA	S1_all_tissues_zeros_kept	0.0591133	29	0.760672	0.14533
ENSG00000023734	STRAP	S1_all_tissues_zeros_kept	0.0472906	29	0.807539	0.134319
ENSG00000023839	ABCC2	S1_all_tissues_zeros_kept	0.413041	29	0.0259503	0.632691
ENSG00000023892	DEF6	S1_all_tissues_zeros_kept	0.671596	29	6.64047e-05	0.920009
ENSG00000023902	PLEKHO1	S1_all_tissues_zeros_kept	0.111097	29	0.566142	0.195973
ENSG00000023909	GCLM	S1_all_tissues_zeros_kept	0.485281	29	0.00762147	0.735947
ENSG00000024048	UBR2	S1_all_tissues_zeros_kept	0.06454	29	0.739423	0.149657
ENSG00000024422	EHD2	S1_all_tissues_zeros_kept	0.506404	29	0.00506151	0.762896
ENSG00000024862	CCDC28A	S1_all_tissues_zeros_kept	0.149261	29	0.439651	0.240146
ENSG00000025293	PHF20	S1_all_tissues_zeros_kept	0.29388	29	0.121773	0.440746
ENSG00000025423	HSD17B6	S1_all_tissues_zeros_kept	0.481291	29	0.00821111	0.731148
ENSG00000025770	NCAPH2	S1_all_tissues_zeros_kept	-0.020698	29	0.91513	0.0887318
ENSG00000025772	TOMM34	S1_all_tissues_zeros_kept	0.712403	29	1.45625e-05	0.943145
ENSG00000025796	SEC63	S1_all_tissues_zeros_kept	0.476355	29	0.00899342	0.722579
ENSG00000025800	KPNA6	S1_all_tissues_zeros_kept	0.481094	29	0.00824127	0.730805
ENSG00000026025	VIM	S1_all_tissues_zeros_kept	0.728079	29	7.58063e-06	0.953728
ENSG00000026103	FAS	S1_all_tissues_zeros_kept	0.687769	29	3.74572e-05	0.930291
ENSG00000026297	RNASET2	S1_all_tissues_zeros_kept	0.442857	29	0.0161343	0.675321
ENSG00000026508	CD44	S1_all_tissues_zeros_kept	0.697537	29	2.60411e-05	0.93539
ENSG00000026751	SLAMF7	S1_all_tissues_zeros_kept	0.669077	29	7.23732e-05	0.918209
ENSG00000026950	BTN3A1	S1_all_tissues_zeros_kept	0.343201	29	0.0683471	0.523179
ENSG00000027001	MIPEP	S1_all_tissues_zeros_kept	0.627586	29	0.000268248	0.883205
ENSG00000027075	PRKCH	S1_all_tissues_zeros_kept	0.659242	29	0.000100512	0.909383
ENSG00000027697	IFNGR1	S1_all_tissues_zeros_kept	0.101671	29	0.599727	0.185304
ENSG00000027847	B4GALT7	S1_all_tissues_zeros_kept	0.204926	29	0.286249	0.308612
ENSG00000028116	VRK2	S1_all_tissues_zeros_kept	0.502956	29	0.00542075	0.757883
ENSG00000028137	TNFRSF1B	S1_all_tissues_zeros_kept	0.425027	29	0.0215408	0.651114
ENSG00000028203	VEZT	S1_all_tissues_zeros_kept	0.0172499	29	0.92923	0.111183
ENSG00000028277	POU2F2	S1_all_tissues_zeros_kept	0.374175	29	0.045536	0.571337
ENSG00000028310	BRD9	S1_all_tissues_zeros_kept	0.193103	29	0.315553	0.292588
ENSG00000028528	SNX1	S1_all_tissues_zeros_kept	0.037931	29	0.845119	0.127207
ENSG00000029363	BCLAF1	S1_all_tissues_zeros_kept	0.353695	29	0.0597979	0.539546
ENSG00000029534	ANK1	S1_all_tissues_zeros_kept	-0.0959969	29	0.620342	0.0473436
ENSG00000029639	TFB1M	S1_all_tissues_zeros_kept	0.306442	29	0.105917	0.461268
ENSG00000029725	RABEP1	S1_all_tissues_zeros_kept	0.347291	29	0.0649095	0.530506
ENSG00000030066	NUP160	S1_all_tissues_zeros_kept	0.0256189	29	0.895052	0.117524
ENSG00000030110	BAK1	S1_all_tissues_zeros_kept	0.306897	29	0.105373	0.461997
ENSG00000030582	GRN	S1_all_tissues_zeros_kept	0.458621	29	0.0123407	0.7
ENSG00000031081	ARHGAP31	S1_all_tissues_zeros_kept	0.460648	29	0.011912	0.703128
ENSG00000031691	CENPQ	S1_all_tissues_zeros_kept	0.218219	29	0.255444	0.328235
ENSG00000031698	SARS	S1_all_tissues_zeros_kept	0.27734	29	0.145233	0.416538
ENSG00000031823	RANBP3	S1_all_tissues_zeros_kept	0.27734	29	0.145233	0.416538
ENSG00000032219	ARID4A	S1_all_tissues_zeros_kept	0.129096	29	0.504501	0.217181
ENSG00000032389	TSSC1	S1_all_tissues_zeros_kept	0.264072	29	0.166287	0.394773
ENSG00000032444	PNPLA6	S1_all_tissues_zeros_kept	0.0857143	29	0.658419	0.168937
ENSG00000033011	ALG1	S1_all_tissues_zeros_kept	0.407389	29	0.0282709	0.62365
ENSG00000033030	ZCCHC8	S1_all_tissues_zeros_kept	0.351767	29	0.0613018	0.537104
ENSG00000033050	ABCF2	S1_all_tissues_zeros_kept	0.272694	29	0.152374	0.409554
ENSG00000033100	CHPF2	S1_all_tissues_zeros_kept	-0.1795	29	0.351484	0.0223222
ENSG00000033122	LRRC7	S1_all_tissues_zeros_kept	0.105807	29	0.584888	0.189717
ENSG00000033170	FUT8	S1_all_tissues_zeros_kept	0.514778	29	0.00427248	0.772322
ENSG00000033178	UBA6	S1_all_tissues_zeros_kept	0.606971	29	0.000480914	0.865596
ENSG00000033327	GAB2	S1_all_tissues_zeros_kept	0.473632	29	0.00945103	0.719794
ENSG00000033627	ATP6V0A1	S1_all_tissues_zeros_kept	0.60936	29	0.000450389	0.868038
ENSG00000033800	PIAS1	S1_all_tissues_zeros_kept	0.0926337	29	0.632697	0.176392
ENSG00000034053	APBA2	S1_all_tissues_zeros_kept	0.280002	29	0.141253	0.421208
ENSG00000034152	MAP2K3	S1_all_tissues_zeros_kept	0.652217	29	0.000126188	0.902956
ENSG00000034239	EFCAB1	S1_all_tissues_zeros_kept	-0.053958	29	0.781017	0.0668809
ENSG00000034510	TMSB10	S1_all_tissues_zeros_kept	0.746798	29	3.27275e-06	0.961397
ENSG00000034693	PEX3	S1_all_tissues_zeros_kept	0.21133	29	0.271125	0.318552
ENSG00000034713	GABARAPL2	S1_all_tissues_zeros_kept	0.216749	29	0.25874	0.326735
ENSG00000034971	MYOC	S1_all_tissues_zeros_kept	0.484238	29	0.00777203	0.734404
ENSG00000035115	SH3YL1	S1_all_tissues_zeros_kept	0.728192	29	7.54372e-06	0.953856
ENSG00000035141	FAM136A	S1_all_tissues_zeros_kept	0.260377	29	0.172517	0.38976
ENSG00000035403	VCL	S1_all_tissues_zeros_kept	0.757635	29	1.94594e-06	0.965638
ENSG00000035681	NSMAF	S1_all_tissues_zeros_kept	0.227861	29	0.234515	0.343445
ENSG00000035687	ADSS	S1_all_tissues_zeros_kept	0.40202	29	0.0306288	0.614396
ENSG00000035720	STAP1	S1_all_tissues_zeros_kept	0.587441	29	0.000806749	0.846915
ENSG00000035862	TIMP2	S1_all_tissues_zeros_kept	0.699507	29	2.41582e-05	0.936632
ENSG00000035928	RFC1	S1_all_tissues_zeros_kept	0.664367	29	8.48277e-05	0.913325
ENSG00000036054	TBC1D23	S1_all_tissues_zeros_kept	0.0906404	29	0.640065	0.174679
ENSG00000036257	CUL3	S1_all_tissues_zeros_kept	0.411823	29	0.0264369	0.630763
ENSG00000036448	MYOM2	S1_all_tissues_zeros_kept	0.598088	29	0.000611003	0.857541
ENSG00000036473	OTC	S1_all_tissues_zeros_kept	0.518616	29	0.0039476	0.777249
ENSG00000036530	CYP46A1	S1_all_tissues_zeros_kept	0.353771	29	0.0597387	0.539974
ENSG00000036549	ZZZ3	S1_all_tissues_zeros_kept	0.392099	29	0.0354035	0.597044
ENSG00000036565	SLC18A1	S1_all_tissues_zeros_kept	0.480734	29	0.00829642	0.73042
ENSG00000036828	CASR	S1_all_tissues_zeros_kept	0.519232	29	0.00389747	0.778192
ENSG00000037042	TUBG2	S1_all_tissues_zeros_kept	0.403469	29	0.0299772	0.617781
ENSG00000037241	RPL26L1	S1_all_tissues_zeros_kept	0.133514	29	0.489899	0.221422
ENSG00000037280	FLT4	S1_all_tissues_zeros_kept	0.206624	29	0.282188	0.311011
ENSG00000037474	NSUN2	S1_all_tissues_zeros_kept	0.32069	29	0.0898608	0.488518
ENSG00000037637	FBXO42	S1_all_tissues_zeros_kept	0.287685	29	0.130208	0.432605
ENSG00000037757	MRI1	S1_all_tissues_zeros_kept	0.24338	29	0.203295	0.36491
ENSG00000037897	METTL1	S1_all_tissues_zeros_kept	-0.156196	29	0.418442	0.0277207
ENSG00000037965	HOXC8	S1_all_tissues_zeros_kept	0.185422	29	0.335551	0.283505
ENSG00000038002	AGA	S1_all_tissues_zeros_kept	0.376297	29	0.044228	0.573565
ENSG00000038210	PI4K2B	S1_all_tissues_zeros_kept	0.506897	29	0.00501189	0.763325
ENSG00000038219	BOD1L1	S1_all_tissues_zeros_kept	0.259606	29	0.173837	0.38856
ENSG00000038274	MAT2B	S1_all_tissues_zeros_kept	-0.206404	29	0.282712	0.0160668
ENSG00000038358	EDC4	S1_all_tissues_zeros_kept	0.476167	29	0.00902436	0.722322
ENSG00000038382	TRIO	S1_all_tissues_zeros_kept	0.267127	29	0.161258	0.400471
ENSG00000038532	CLEC16A	S1_all_tissues_zeros_kept	0.205962	29	0.283767	0.310497
ENSG00000039068	CDH1	S1_all_tissues_zeros_kept	0.770901	29	9.91891e-07	0.96988
ENSG00000039123	SKIV2L2	S1_all_tissues_zeros_kept	0.0522167	29	0.787922	0.138518
ENSG00000039139	DNAH5	S1_all_tissues_zeros_kept	0.286493	29	0.131878	0.430805
ENSG00000039319	ZFYVE16	S1_all_tissues_zeros_kept	0.447783	29	0.0148571	0.683676
ENSG00000039523	FAM65A	S1_all_tissues_zeros_kept	0.254187	29	0.183319	0.381662
ENSG00000039537	C6	S1_all_tissues_zeros_kept	0.0961154	29	0.619908	0.179991
ENSG00000039560	RAI14	S1_all_tissues_zeros_kept	0.558621	29	0.00163502	0.822879
ENSG00000039600	SOX30	S1_all_tissues_zeros_kept	0.489668	29	0.00701491	0.740788
ENSG00000039650	PNKP	S1_all_tissues_zeros_kept	0.465517	29	0.0109329	0.709469
ENSG00000040199	PHLPP2	S1_all_tissues_zeros_kept	0.62662	29	0.000275942	0.882048
ENSG00000040341	STAU2	S1_all_tissues_zeros_kept	0.181773	29	0.345315	0.278663
ENSG00000040608	RTN4R	S1_all_tissues_zeros_kept	0.169863	29	0.378356	0.264225
ENSG00000040633	PHF23	S1_all_tissues_zeros_kept	0.258512	29	0.175723	0.387361
ENSG00000040731	CDH10	S1_all_tissues_zeros_kept	0.246732	29	0.196945	0.36958
ENSG00000040933	INPP4A	S1_all_tissues_zeros_kept	0.420197	29	0.0232373	0.643231
ENSG00000041357	PSMA4	S1_all_tissues_zeros_kept	0.210345	29	0.273418	0.317309
ENSG00000041802	LSG1	S1_all_tissues_zeros_kept	0.26798	29	0.159873	0.402228
ENSG00000041982	TNC	S1_all_tissues_zeros_kept	0.587511	29	0.000805309	0.847044
ENSG00000042062	FAM65C	S1_all_tissues_zeros_kept	-0.156782	29	0.416678	0.027635
ENSG00000042088	TDP1	S1_all_tissues_zeros_kept	0.358564	29	0.0561265	0.547001
ENSG00000042286	AIFM2	S1_all_tissues_zeros_kept	0.657716	29	0.000105655	0.907584
ENSG00000042317	SPATA7	S1_all_tissues_zeros_kept	-0.117031	29	0.545449	0.0387746
ENSG00000042429	MED17	S1_all_tissues_zeros_kept	0.2	29	0.298241	0.301414
ENSG00000042445	RETSAT	S1_all_tissues_zeros_kept	0.793103	29	2.88934e-07	0.978278
ENSG00000042493	CAPG	S1_all_tissues_zeros_kept	0.731034	29	6.66944e-06	0.955013
ENSG00000042753	AP2S1	S1_all_tissues_zeros_kept	-0.0921182	29	0.634599	0.0489717
ENSG00000042813	ZPBP	S1_all_tissues_zeros_kept	0.414657	29	0.025316	0.634876
ENSG00000042832	TG	S1_all_tissues_zeros_kept	0.135805	29	0.482414	0.223779
ENSG00000043039	BARX2	S1_all_tissues_zeros_kept	0.212395	29	0.268662	0.321037
ENSG00000043093	DCUN1D1	S1_all_tissues_zeros_kept	0.236946	29	0.215872	0.355441
ENSG00000043143	JADE2	S1_all_tissues_zeros_kept	0.357376	29	0.0570055	0.544687
ENSG00000043462	LCP2	S1_all_tissues_zeros_kept	0.780788	29	5.82763e-07	0.97335
ENSG00000043514	TRIT1	S1_all_tissues_zeros_kept	0.317229	29	0.0935784	0.482734
ENSG00000044012	GUCA2B	S1_all_tissues_zeros_kept	0.841013	29	1.11707e-08	0.989931
ENSG00000044090	CUL7	S1_all_tissues_zeros_kept	0.396601	29	0.0331678	0.603942
ENSG00000044115	CTNNA1	S1_all_tissues_zeros_kept	0.52069	29	0.00378104	0.779606
ENSG00000044446	PHKA2	S1_all_tissues_zeros_kept	0.269738	29	0.157047	0.403856
ENSG00000044459	CNTLN	S1_all_tissues_zeros_kept	-0.234658	29	0.220468	0.0115253
ENSG00000044524	EPHA3	S1_all_tissues_zeros_kept	0.131928	29	0.495115	0.219409
ENSG00000044574	HSPA5	S1_all_tissues_zeros_kept	0.258128	29	0.176388	0.386975
ENSG00000046604	DSG2	S1_all_tissues_zeros_kept	0.791523	29	3.16974e-07	0.977849
ENSG00000046647	GEMIN8	S1_all_tissues_zeros_kept	0.290542	29	0.126267	0.436547
ENSG00000046651	OFD1	S1_all_tissues_zeros_kept	0.00344828	29	0.985836	0.101671
ENSG00000046653	GPM6B	S1_all_tissues_zeros_kept	0.389758	29	0.0366131	0.593959
ENSG00000046774	MAGEC2	S1_all_tissues_zeros_kept	0.480293	29	0.00836443	0.72892
ENSG00000046889	PREX2	S1_all_tissues_zeros_kept	0.0748084	29	0.699736	0.157455
ENSG00000047056	WDR37	S1_all_tissues_zeros_kept	0.391133	29	0.0358987	0.59563
ENSG00000047188	YTHDC2	S1_all_tissues_zeros_kept	0.286207	29	0.132282	0.430377
ENSG00000047230	CTPS2	S1_all_tissues_zeros_kept	0.501478	29	0.00558122	0.755656
ENSG00000047249	ATP6V1H	S1_all_tissues_zeros_kept	0.15665	29	0.417074	0.248415
ENSG00000047315	POLR2B	S1_all_tissues_zeros_kept	0.40197	29	0.0306513	0.614225
ENSG00000047365	ARAP2	S1_all_tissues_zeros_kept	0.294371	29	0.121122	0.441859
ENSG00000047410	TPR	S1_all_tissues_zeros_kept	0.506404	29	0.00506151	0.762896
ENSG00000047457	CP	S1_all_tissues_zeros_kept	-0.00938274	29	0.961472	0.0943873
ENSG00000047579	DTNBP1	S1_all_tissues_zeros_kept	0.21133	29	0.271125	0.318552
ENSG00000047621	C12orf4	S1_all_tissues_zeros_kept	0.136453	29	0.480305	0.224207
ENSG00000047644	WWC3	S1_all_tissues_zeros_kept	0.046798	29	0.809507	0.133805
ENSG00000047662	FAM184B	S1_all_tissues_zeros_kept	-0.136471	29	0.480248	0.0326478
ENSG00000047849	MAP4	S1_all_tissues_zeros_kept	0.628079	29	0.000264398	0.883847
ENSG00000047932	GOPC	S1_all_tissues_zeros_kept	0.249076	29	0.192587	0.373565
ENSG00000048052	HDAC9	S1_all_tissues_zeros_kept	0.282172	29	0.138066	0.424293
ENSG00000048162	NOP16	S1_all_tissues_zeros_kept	0.299791	29	0.114108	0.4506
ENSG00000048392	RRM2B	S1_all_tissues_zeros_kept	0.316749	29	0.094104	0.481919
ENSG00000048405	ZNF800	S1_all_tissues_zeros_kept	0.0923759	29	0.633648	0.176135
ENSG00000048471	SNX29	S1_all_tissues_zeros_kept	0.569458	29	0.00126308	0.831791
ENSG00000048544	MRPS10	S1_all_tissues_zeros_kept	0.433005	29	0.0189622	0.662168
ENSG00000048649	RSF1	S1_all_tissues_zeros_kept	0.515271	29	0.00422954	0.772879
ENSG00000048707	VPS13D	S1_all_tissues_zeros_kept	0.139443	29	0.470645	0.228578
ENSG00000048740	CELF2	S1_all_tissues_zeros_kept	0.748614	29	3.0051e-06	0.961997
ENSG00000048828	FAM120A	S1_all_tissues_zeros_kept	0.496552	29	0.00614562	0.748929
ENSG00000048991	R3HDM1	S1_all_tissues_zeros_kept	0.269738	29	0.157047	0.403856
ENSG00000049089	COL9A2	S1_all_tissues_zeros_kept	0.103403	29	0.593493	0.186675
ENSG00000049167	ERCC8	S1_all_tissues_zeros_kept	0.113456	29	0.557876	0.199015
ENSG00000049239	H6PD	S1_all_tissues_zeros_kept	0.603941	29	0.000522253	0.863496
ENSG00000049245	VAMP3	S1_all_tissues_zeros_kept	-0.187192	29	0.330877	0.0200086
ENSG00000049246	PER3	S1_all_tissues_zeros_kept	0.439645	29	0.0170151	0.670566
ENSG00000049323	LTBP1	S1_all_tissues_zeros_kept	0.658621	29	0.000102579	0.908698
ENSG00000049449	RCN1	S1_all_tissues_zeros_kept	0.749754	29	2.84745e-06	0.962425
ENSG00000049540	ELN	S1_all_tissues_zeros_kept	0.451454	29	0.013961	0.688817
ENSG00000049541	RFC2	S1_all_tissues_zeros_kept	0.4	29	0.0315561	0.610454
ENSG00000049618	ARID1B	S1_all_tissues_zeros_kept	0.410837	29	0.0268359	0.62862
ENSG00000049656	CLPTM1L	S1_all_tissues_zeros_kept	0.518227	29	0.00397958	0.776864
ENSG00000049759	NEDD4L	S1_all_tissues_zeros_kept	0.548768	29	0.00205207	0.812725
ENSG00000049768	FOXP3	S1_all_tissues_zeros_kept	0.365018	29	0.0515353	0.557798
ENSG00000049860	HEXB	S1_all_tissues_zeros_kept	0.52069	29	0.00378104	0.779606
ENSG00000050327	ARHGEF5	S1_all_tissues_zeros_kept	0.559379	29	0.00160622	0.82395
ENSG00000050393	MCUR1	S1_all_tissues_zeros_kept	0.491626	29	0.00675774	0.743787
ENSG00000050405	LIMA1	S1_all_tissues_zeros_kept	0.739007	29	4.682e-06	0.958141
ENSG00000050426	LETMD1	S1_all_tissues_zeros_kept	0.0384331	29	0.843094	0.127635
ENSG00000050438	SLC4A8	S1_all_tissues_zeros_kept	0.487926	29	0.00725075	0.738689
ENSG00000050730	TNIP3	S1_all_tissues_zeros_kept	0.80143	29	1.74997e-07	0.981362
ENSG00000050748	MAPK9	S1_all_tissues_zeros_kept	0.17931	29	0.352001	0.275236
ENSG00000050820	BCAR1	S1_all_tissues_zeros_kept	0.693928	29	2.98334e-05	0.932991
ENSG00000051009	FAM160A2	S1_all_tissues_zeros_kept	0.106404	29	0.582757	0.190446
ENSG00000051108	HERPUD1	S1_all_tissues_zeros_kept	0.228571	29	0.233019	0.344387
ENSG00000051382	PIK3CB	S1_all_tissues_zeros_kept	0.584729	29	0.000864616	0.845073
ENSG00000051523	CYBA	S1_all_tissues_zeros_kept	0.504563	29	0.00525073	0.760797
ENSG00000051596	THOC3	S1_all_tissues_zeros_kept	0.307882	29	0.104203	0.463625
ENSG00000051620	HEBP2	S1_all_tissues_zeros_kept	0.668555	29	7.36673e-05	0.917609
ENSG00000052126	PLEKHA5	S1_all_tissues_zeros_kept	0.363054	29	0.0528998	0.555356
ENSG00000052344	PRSS8	S1_all_tissues_zeros_kept	0.528575	29	0.00320142	0.791217
ENSG00000052723	SIKE1	S1_all_tissues_zeros_kept	0.369303	29	0.0486549	0.564139
ENSG00000052749	RRP12	S1_all_tissues_zeros_kept	0.246366	29	0.197631	0.369023
ENSG00000052795	FNIP2	S1_all_tissues_zeros_kept	0.26008	29	0.173024	0.389246
ENSG00000052802	MSMO1	S1_all_tissues_zeros_kept	0.556925	29	0.00170108	0.821465
ENSG00000052841	TTC17	S1_all_tissues_zeros_kept	0.215271	29	0.26208	0.325107
ENSG00000053108	FSTL4	S1_all_tissues_zeros_kept	0.0739903	29	0.702872	0.156941
ENSG00000053254	FOXN3	S1_all_tissues_zeros_kept	0.0965517	29	0.618313	0.180977
ENSG00000053371	AKR7A2	S1_all_tissues_zeros_kept	0.0581424	29	0.764492	0.144344
ENSG00000053372	MRTO4	S1_all_tissues_zeros_kept	0.297081	29	0.117576	0.445716
ENSG00000053501	USE1	S1_all_tissues_zeros_kept	0.105924	29	0.584467	0.189974
ENSG00000053524	MCF2L2	S1_all_tissues_zeros_kept	0.504236	29	0.00528488	0.760111
ENSG00000053702	NRIP2	S1_all_tissues_zeros_kept	0.605986	29	0.000494028	0.864824
ENSG00000053770	AP5M1	S1_all_tissues_zeros_kept	0.283251	29	0.136502	0.425793
ENSG00000053900	ANAPC4	S1_all_tissues_zeros_kept	0.362562	29	0.0532465	0.554927
ENSG00000054116	TRAPPC3	S1_all_tissues_zeros_kept	0.216749	29	0.25874	0.326735
ENSG00000054118	THRAP3	S1_all_tissues_zeros_kept	0.596059	29	0.000644714	0.854327
ENSG00000054148	PHPT1	S1_all_tissues_zeros_kept	0.233005	29	0.223831	0.350171
ENSG00000054219	LY75	S1_all_tissues_zeros_kept	0.798241	29	2.12636e-07	0.980334
ENSG00000054267	ARID4B	S1_all_tissues_zeros_kept	0.287192	29	0.130897	0.432134
ENSG00000054282	SDCCAG8	S1_all_tissues_zeros_kept	-0.102514	29	0.59669	0.0449443
ENSG00000054356	PTPRN	S1_all_tissues_zeros_kept	0.546168	29	0.00217642	0.810326
ENSG00000054392	HHAT	S1_all_tissues_zeros_kept	0.12963	29	0.502724	0.217609
ENSG00000054523	KIF1B	S1_all_tissues_zeros_kept	-0.0172414	29	0.929265	0.0897601
ENSG00000054598	FOXC1	S1_all_tissues_zeros_kept	0.525734	29	0.00340074	0.784704
ENSG00000054611	TBC1D22A	S1_all_tissues_zeros_kept	0.637931	29	0.000196979	0.891345
ENSG00000054654	SYNE2	S1_all_tissues_zeros_kept	0.448577	29	0.0146593	0.684576
ENSG00000054793	ATP9A	S1_all_tissues_zeros_kept	0.480788	29	0.00828811	0.730591
ENSG00000054938	CHRDL2	S1_all_tissues_zeros_kept	0.61012	29	0.000441038	0.868766
ENSG00000054965	FAM168A	S1_all_tissues_zeros_kept	0.245446	29	0.199365	0.367738
ENSG00000054983	GALC	S1_all_tissues_zeros_kept	0.582266	29	0.000920277	0.843659
ENSG00000055044	NOP58	S1_all_tissues_zeros_kept	0.333498	29	0.0770692	0.507541
ENSG00000055070	SZRD1	S1_all_tissues_zeros_kept	-0.121182	29	0.531187	0.0379606
ENSG00000055130	CUL1	S1_all_tissues_zeros_kept	-0.22069	29	0.249968	0.0137532
ENSG00000055147	FAM114A2	S1_all_tissues_zeros_kept	0.471545	29	0.00981508	0.717181
ENSG00000055208	TAB2	S1_all_tissues_zeros_kept	0.655992	29	0.000111747	0.906213
ENSG00000055332	EIF2AK2	S1_all_tissues_zeros_kept	0.275157	29	0.148558	0.413153
ENSG00000055483	USP36	S1_all_tissues_zeros_kept	0.0172414	29	0.929265	0.111097
ENSG00000055609	KMT2C	S1_all_tissues_zeros_kept	0.0523458	29	0.787409	0.138689
ENSG00000055917	PUM2	S1_all_tissues_zeros_kept	0.504433	29	0.00526422	0.76054
ENSG00000055950	MRPL43	S1_all_tissues_zeros_kept	0.104926	29	0.588033	0.188432
ENSG00000055955	ITIH4	S1_all_tissues_zeros_kept	0.0268866	29	0.889889	0.118638
ENSG00000055957	ITIH1	S1_all_tissues_zeros_kept	-0.112938	29	0.559684	0.040617
ENSG00000056050	C4orf27	S1_all_tissues_zeros_kept	0.416749	29	0.0245141	0.637875
ENSG00000056097	ZFR	S1_all_tissues_zeros_kept	0.27734	29	0.145233	0.416538
ENSG00000056586	RC3H2	S1_all_tissues_zeros_kept	-0.282415	29	0.137713	0.0062982
ENSG00000056972	TRAF3IP2	S1_all_tissues_zeros_kept	0.681068	29	4.76906e-05	0.925835
ENSG00000056998	GYG2	S1_all_tissues_zeros_kept	0.419697	29	0.0234192	0.642374
ENSG00000057019	DCBLD2	S1_all_tissues_zeros_kept	0.374087	29	0.0455908	0.571165
ENSG00000057149	SERPINB3	S1_all_tissues_zeros_kept	0.476557	29	0.0089602	0.723051
ENSG00000057252	SOAT1	S1_all_tissues_zeros_kept	0.66371	29	8.67069e-05	0.912811
ENSG00000057593	F7	S1_all_tissues_zeros_kept	0.187439	29	0.330227	0.285733
ENSG00000057608	GDI2	S1_all_tissues_zeros_kept	0.0743842	29	0.701361	0.157112
ENSG00000057657	PRDM1	S1_all_tissues_zeros_kept	0.550179	29	0.00198722	0.813925
ENSG00000057663	ATG5	S1_all_tissues_zeros_kept	0.262562	29	0.168814	0.393102
ENSG00000057704	TMCC3	S1_all_tissues_zeros_kept	0.520839	29	0.00376929	0.779734
ENSG00000057757	PITHD1	S1_all_tissues_zeros_kept	0.138933	29	0.472285	0.227849
ENSG00000057935	MTA3	S1_all_tissues_zeros_kept	0.305911	29	0.106554	0.460026
ENSG00000058063	ATP11B	S1_all_tissues_zeros_kept	0.0487685	29	0.801641	0.13539
ENSG00000058091	CDK14	S1_all_tissues_zeros_kept	0.204041	29	0.288379	0.307326
ENSG00000058262	SEC61A1	S1_all_tissues_zeros_kept	0.579803	29	0.000979042	0.840874
ENSG00000058272	PPP1R12A	S1_all_tissues_zeros_kept	0.628571	29	0.000260597	0.884319
ENSG00000058335	RASGRF1	S1_all_tissues_zeros_kept	0.192277	29	0.317668	0.291688
ENSG00000058404	CAMK2B	S1_all_tissues_zeros_kept	0.571757	29	0.00119443	0.833719
ENSG00000058600	POLR3E	S1_all_tissues_zeros_kept	0.179803	29	0.350658	0.275835
ENSG00000058668	ATP2B4	S1_all_tissues_zeros_kept	0.764532	29	1.37823e-06	0.967652
ENSG00000058673	ZC3H11A	S1_all_tissues_zeros_kept	0.416749	29	0.0245141	0.637875
ENSG00000058729	RIOK2	S1_all_tissues_zeros_kept	0.0123153	29	0.949444	0.107584
ENSG00000058799	YIPF1	S1_all_tissues_zeros_kept	0.326293	29	0.0840795	0.496787
ENSG00000058804	NDC1	S1_all_tissues_zeros_kept	0.214778	29	0.2632	0.324507
ENSG00000059122	FLYWCH1	S1_all_tissues_zeros_kept	0.125885	29	0.515247	0.212982
ENSG00000059145	UNKL	S1_all_tissues_zeros_kept	0.0548262	29	0.77758	0.141431
ENSG00000059377	TBXAS1	S1_all_tissues_zeros_kept	0.810445	29	9.89761e-08	0.984019
ENSG00000059378	PARP12	S1_all_tissues_zeros_kept	0.198325	29	0.30239	0.2991
ENSG00000059573	ALDH18A1	S1_all_tissues_zeros_kept	0.72266	29	9.54658e-06	0.951757
ENSG00000059588	TARBP1	S1_all_tissues_zeros_kept	-0.000246336	29	0.998988	0.0991431
ENSG00000059691	GATB	S1_all_tissues_zeros_kept	0.29803	29	0.116353	0.447558
ENSG00000059758	CDK17	S1_all_tissues_zeros_kept	0.446305	29	0.0152311	0.680805
ENSG00000060069	CTDP1	S1_all_tissues_zeros_kept	0.255797	29	0.180465	0.383676
ENSG00000060138	YBX3	S1_all_tissues_zeros_kept	0.445813	29	0.0153575	0.679649
ENSG00000060140	STYK1	S1_all_tissues_zeros_kept	0.33822	29	0.0727236	0.514696
ENSG00000060237	WNK1	S1_all_tissues_zeros_kept	0.417734	29	0.0241436	0.639546
ENSG00000060339	CCAR1	S1_all_tissues_zeros_kept	0.342899	29	0.0686065	0.522879
ENSG00000060491	OGFR	S1_all_tissues_zeros_kept	0.377833	29	0.0433007	0.576264
ENSG00000060566	CREB3L3	S1_all_tissues_zeros_kept	0.504842	29	0.00522169	0.761054
ENSG00000060642	PIGV	S1_all_tissues_zeros_kept	0.395813	29	0.0335504	0.602099
ENSG00000060656	PTPRU	S1_all_tissues_zeros_kept	0.198542	29	0.301849	0.299529
ENSG00000060688	SNRNP40	S1_all_tissues_zeros_kept	0.277833	29	0.144491	0.417438
ENSG00000060718	COL11A1	S1_all_tissues_zeros_kept	0.050289	29	0.795584	0.136632
ENSG00000060749	QSER1	S1_all_tissues_zeros_kept	0.132289	29	0.493927	0.220523
ENSG00000060762	MPC1	S1_all_tissues_zeros_kept	0.466092	29	0.010822	0.710668
ENSG00000060971	ACAA1	S1_all_tissues_zeros_kept	0.696059	29	2.75383e-05	0.934533
ENSG00000061273	HDAC7	S1_all_tissues_zeros_kept	0.0571429	29	0.768431	0.143616
ENSG00000061676	NCKAP1	S1_all_tissues_zeros_kept	0.450246	29	0.0142507	0.687061
ENSG00000061794	MRPS35	S1_all_tissues_zeros_kept	0.628571	29	0.000260597	0.884319
ENSG00000061918	GUCY1B3	S1_all_tissues_zeros_kept	0.572308	29	0.00117845	0.834233
ENSG00000061936	SFSWAP	S1_all_tissues_zeros_kept	0.346798	29	0.0653163	0.529906
ENSG00000061987	MON2	S1_all_tissues_zeros_kept	-0.209385	29	0.275662	0.015467
ENSG00000062096	ARSF	S1_all_tissues_zeros_kept	0.622039	29	0.000315145	0.877763
ENSG00000062194	GPBP1	S1_all_tissues_zeros_kept	0.443568	29	0.0159445	0.676392
ENSG00000062282	DGAT2	S1_all_tissues_zeros_kept	-0.0829608	29	0.668764	0.0535133
ENSG00000062485	CS	S1_all_tissues_zeros_kept	0.523645	29	0.00355404	0.782562
ENSG00000062582	MRPS24	S1_all_tissues_zeros_kept	0.638749	29	0.000192137	0.892416
ENSG00000062598	ELMO2	S1_all_tissues_zeros_kept	0.607389	29	0.000475446	0.866153
ENSG00000062650	WAPL	S1_all_tissues_zeros_kept	0.397586	29	0.032694	0.606084
ENSG00000062716	VMP1	S1_all_tissues_zeros_kept	0.554187	29	0.00181258	0.818166
ENSG00000062725	APPBP2	S1_all_tissues_zeros_kept	0.182738	29	0.342719	0.279649
ENSG00000062822	POLD1	S1_all_tissues_zeros_kept	0.579755	29	0.000980221	0.840574
ENSG00000063015	SEZ6	S1_all_tissues_zeros_kept	0.421153	29	0.0228931	0.645844
ENSG00000063046	EIF4B	S1_all_tissues_zeros_kept	0.0389163	29	0.841146	0.127806
ENSG00000063169	GLTSCR1	S1_all_tissues_zeros_kept	0.254805	29	0.182219	0.382476
ENSG00000063177	RPL18	S1_all_tissues_zeros_kept	0.102463	29	0.596872	0.18599
ENSG00000063241	ISOC2	S1_all_tissues_zeros_kept	0.403005	29	0.0301846	0.616967
ENSG00000063244	U2AF2	S1_all_tissues_zeros_kept	0.476355	29	0.00899342	0.722579
ENSG00000063245	EPN1	S1_all_tissues_zeros_kept	0.372906	29	0.0463323	0.569152
ENSG00000063322	MED29	S1_all_tissues_zeros_kept	0.109619	29	0.571351	0.194344
ENSG00000063587	ZNF275	S1_all_tissues_zeros_kept	-0.0938182	29	0.628334	0.0481148
ENSG00000063601	MTMR1	S1_all_tissues_zeros_kept	0.45375	29	0.0134236	0.693616
ENSG00000063761	ADCK1	S1_all_tissues_zeros_kept	0.32541	29	0.0849719	0.49593
ENSG00000063854	HAGH	S1_all_tissues_zeros_kept	0.44335	29	0.0160026	0.676007
ENSG00000063978	RNF4	S1_all_tissues_zeros_kept	-0.0973882	29	0.61526	0.0467438
ENSG00000064012	CASP8	S1_all_tissues_zeros_kept	0.592684	29	0.000704415	0.851542
ENSG00000064042	LIMCH1	S1_all_tissues_zeros_kept	0.824978	29	3.69596e-08	0.986847
ENSG00000064102	ASUN	S1_all_tissues_zeros_kept	0.1244	29	0.520257	0.211183
ENSG00000064115	TM7SF3	S1_all_tissues_zeros_kept	0.455243	29	0.0130835	0.695758
ENSG00000064199	SPA17	S1_all_tissues_zeros_kept	0.198239	29	0.302604	0.298929
ENSG00000064218	DMRT3	S1_all_tissues_zeros_kept	0.0394406	29	0.839033	0.12862
ENSG00000064270	ATP2C2	S1_all_tissues_zeros_kept	0.426304	29	0.0211099	0.653171
ENSG00000064313	TAF2	S1_all_tissues_zeros_kept	0.19362	29	0.314235	0.293488
ENSG00000064419	TNPO3	S1_all_tissues_zeros_kept	0.310837	29	0.10075	0.46868
ENSG00000064489	BORCS8-MEF2B	S1_all_tissues_zeros_kept	0.0532895	29	0.783666	0.139889
ENSG00000064490	RFXANK	S1_all_tissues_zeros_kept	-0.0857565	29	0.658261	0.0519709
ENSG00000064545	TMEM161A	S1_all_tissues_zeros_kept	-0.0665107	29	0.731752	0.0618252
ENSG00000064547	LPAR2	S1_all_tissues_zeros_kept	-0.0527624	29	0.785756	0.0676521
ENSG00000064601	CTSA	S1_all_tissues_zeros_kept	0.574384	29	0.00111996	0.835775
ENSG00000064607	SUGP2	S1_all_tissues_zeros_kept	0.337726	29	0.0731687	0.513925
ENSG00000064651	SLC12A2	S1_all_tissues_zeros_kept	0.783744	29	4.94485e-07	0.974722
ENSG00000064652	SNX24	S1_all_tissues_zeros_kept	0.350289	29	0.0624751	0.534919
ENSG00000064666	CNN2	S1_all_tissues_zeros_kept	0.853202	29	4.10608e-09	0.991774
ENSG00000064703	DDX20	S1_all_tissues_zeros_kept	0.407193	29	0.0283543	0.623308
ENSG00000064726	BTBD1	S1_all_tissues_zeros_kept	0.447379	29	0.0149586	0.683248
ENSG00000064886	CHI3L2	S1_all_tissues_zeros_kept	0.196799	29	0.306201	0.296787
ENSG00000064932	SBNO2	S1_all_tissues_zeros_kept	-0.149384	29	0.439271	0.0291774
ENSG00000064961	HMG20B	S1_all_tissues_zeros_kept	0.399142	29	0.0319567	0.608955
ENSG00000064989	CALCRL	S1_all_tissues_zeros_kept	0.684729	29	4.18275e-05	0.928278
ENSG00000064995	TAF11	S1_all_tissues_zeros_kept	0.0866	29	0.655104	0.170223
ENSG00000064999	ANKS1A	S1_all_tissues_zeros_kept	0.691626	29	3.25034e-05	0.931491
ENSG00000065000	AP3D1	S1_all_tissues_zeros_kept	0.554994	29	0.00177906	0.818638
ENSG00000065029	ZNF76	S1_all_tissues_zeros_kept	0.182856	29	0.342401	0.280077
ENSG00000065054	SLC9A3R2	S1_all_tissues_zeros_kept	0.447291	29	0.0149809	0.682991
ENSG00000065057	NTHL1	S1_all_tissues_zeros_kept	0.233526	29	0.222767	0.351457
ENSG00000065060	UHRF1BP1	S1_all_tissues_zeros_kept	0.257635	29	0.177244	0.385904
ENSG00000065135	GNAI3	S1_all_tissues_zeros_kept	0.351564	29	0.061462	0.536632
ENSG00000065150	IPO5	S1_all_tissues_zeros_kept	0.123414	29	0.523593	0.210197
ENSG00000065154	OAT	S1_all_tissues_zeros_kept	0.717734	29	1.17194e-05	0.945758
ENSG00000065183	WDR3	S1_all_tissues_zeros_kept	0.00935961	29	0.961567	0.105056
ENSG00000065243	PKN2	S1_all_tissues_zeros_kept	0.646305	29	0.000152138	0.898286
ENSG00000065268	WDR18	S1_all_tissues_zeros_kept	0.335961	29	0.0747784	0.511054
ENSG00000065308	TRAM2	S1_all_tissues_zeros_kept	0.298493	29	0.115759	0.448715
ENSG00000065357	DGKA	S1_all_tissues_zeros_kept	0.718581	29	1.1317e-05	0.946315
ENSG00000065361	ERBB3	S1_all_tissues_zeros_kept	0.702146	29	2.1828e-05	0.938089
ENSG00000065427	KARS	S1_all_tissues_zeros_kept	0.0226601	29	0.907117	0.115424
ENSG00000065457	ADAT1	S1_all_tissues_zeros_kept	0.237054	29	0.215656	0.355741
ENSG00000065485	PDIA5	S1_all_tissues_zeros_kept	0.701478	29	2.23982e-05	0.937789
ENSG00000065491	TBC1D22B	S1_all_tissues_zeros_kept	0.498151	29	0.00595733	0.751028
ENSG00000065518	NDUFB4	S1_all_tissues_zeros_kept	0.351724	29	0.061336	0.536889
ENSG00000065526	SPEN	S1_all_tissues_zeros_kept	0.140394	29	0.467594	0.229392
ENSG00000065534	MYLK	S1_all_tissues_zeros_kept	0.738424	29	4.80689e-06	0.957798
ENSG00000065548	ZC3H15	S1_all_tissues_zeros_kept	0.0334975	29	0.863042	0.123522
ENSG00000065559	MAP2K4	S1_all_tissues_zeros_kept	0.245843	29	0.198615	0.368423
ENSG00000065609	SNAP91	S1_all_tissues_zeros_kept	0.334598	29	0.0760392	0.509726
ENSG00000065613	SLK	S1_all_tissues_zeros_kept	0.404926	29	0.0293335	0.619537
ENSG00000065615	CYB5R4	S1_all_tissues_zeros_kept	0.383393	29	0.0400709	0.583847
ENSG00000065675	PRKCQ	S1_all_tissues_zeros_kept	0.658812	29	0.000101941	0.90904
ENSG00000065802	ASB1	S1_all_tissues_zeros_kept	0.476631	29	0.00894798	0.723179
ENSG00000065809	FAM107B	S1_all_tissues_zeros_kept	0.443842	29	0.0158718	0.676949
ENSG00000065833	ME1	S1_all_tissues_zeros_kept	0.721675	29	9.94965e-06	0.950728
ENSG00000065882	TBC1D1	S1_all_tissues_zeros_kept	0.459606	29	0.0121308	0.701414
ENSG00000065883	CDK13	S1_all_tissues_zeros_kept	0.136946	29	0.478706	0.224807
ENSG00000065911	MTHFD2	S1_all_tissues_zeros_kept	0.383545	29	0.0399854	0.584019
ENSG00000065923	SLC9A7	S1_all_tissues_zeros_kept	0.428035	29	0.0205369	0.65557
ENSG00000065970	FOXJ2	S1_all_tissues_zeros_kept	-0.0234296	29	0.903977	0.0866752
ENSG00000065978	YBX1	S1_all_tissues_zeros_kept	0.453695	29	0.0134364	0.693359
ENSG00000065989	PDE4A	S1_all_tissues_zeros_kept	0.127108	29	0.51114	0.215124
ENSG00000066027	PPP2R5A	S1_all_tissues_zeros_kept	0.43202	29	0.0192662	0.65994
ENSG00000066032	CTNNA2	S1_all_tissues_zeros_kept	0.454524	29	0.0132465	0.69413
ENSG00000066044	ELAVL1	S1_all_tissues_zeros_kept	0.306897	29	0.105373	0.461997
ENSG00000066084	DIP2B	S1_all_tissues_zeros_kept	0.180564	29	0.348588	0.276478
ENSG00000066117	SMARCD1	S1_all_tissues_zeros_kept	0.139901	29	0.469174	0.22892
ENSG00000066135	KDM4A	S1_all_tissues_zeros_kept	0.265845	29	0.163355	0.397815
ENSG00000066136	NFYC	S1_all_tissues_zeros_kept	-0.0502463	29	0.795754	0.0698372
ENSG00000066230	SLC9A3	S1_all_tissues_zeros_kept	0.563728	29	0.00144935	0.826949
ENSG00000066322	ELOVL1	S1_all_tissues_zeros_kept	0.224416	29	0.241855	0.338432
ENSG00000066379	ZNRD1	S1_all_tissues_zeros_kept	0.223297	29	0.244273	0.337661
ENSG00000066405	CLDN18	S1_all_tissues_zeros_kept	0.529079	29	0.00316708	0.791731
ENSG00000066422	ZBTB11	S1_all_tissues_zeros_kept	0.0349754	29	0.85706	0.12515
ENSG00000066427	ATXN3	S1_all_tissues_zeros_kept	0.434783	29	0.0184238	0.664182
ENSG00000066455	GOLGA5	S1_all_tissues_zeros_kept	0.58867	29	0.000781664	0.8485
ENSG00000066468	FGFR2	S1_all_tissues_zeros_kept	0.295771	29	0.11928	0.443916
ENSG00000066557	LRRC40	S1_all_tissues_zeros_kept	0.397586	29	0.032694	0.606084
ENSG00000066583	ISOC1	S1_all_tissues_zeros_kept	0.790148	29	3.43359e-07	0.977292
ENSG00000066629	EML1	S1_all_tissues_zeros_kept	0.376355	29	0.0441931	0.573907
ENSG00000066651	TRMT11	S1_all_tissues_zeros_kept	0.143367	29	0.458122	0.232262
ENSG00000066654	THUMPD1	S1_all_tissues_zeros_kept	0.699015	29	2.46171e-05	0.93629
ENSG00000066739	ATG2B	S1_all_tissues_zeros_kept	0.1867	29	0.332174	0.284919
ENSG00000066777	ARFGEF1	S1_all_tissues_zeros_kept	0.45665	29	0.0127697	0.697429
ENSG00000066813	ACSM2B	S1_all_tissues_zeros_kept	0.439435	29	0.0170739	0.670009
ENSG00000066855	MTFR1	S1_all_tissues_zeros_kept	0.00914855	29	0.962433	0.104927
ENSG00000066923	STAG3	S1_all_tissues_zeros_kept	0.18721	29	0.330829	0.285304
ENSG00000066926	FECH	S1_all_tissues_zeros_kept	0.546305	29	0.00216968	0.810497
ENSG00000066933	MYO9A	S1_all_tissues_zeros_kept	0.286207	29	0.132282	0.430377
ENSG00000067057	PFKP	S1_all_tissues_zeros_kept	0.609852	29	0.000444309	0.868552
ENSG00000067064	IDI1	S1_all_tissues_zeros_kept	0.425123	29	0.0215082	0.651414
ENSG00000067066	SP100	S1_all_tissues_zeros_kept	0.564039	29	0.00143865	0.827292
ENSG00000067113	PLPP1	S1_all_tissues_zeros_kept	0.478384	29	0.00866455	0.726221
ENSG00000067141	NEO1	S1_all_tissues_zeros_kept	0.487685	29	0.0072839	0.738432
ENSG00000067167	TRAM1	S1_all_tissues_zeros_kept	0.635468	29	0.000212222	0.888989
ENSG00000067177	PHKA1	S1_all_tissues_zeros_kept	0.568466	29	0.00129376	0.831063
ENSG00000067182	TNFRSF1A	S1_all_tissues_zeros_kept	0.613363	29	0.000403031	0.870908
ENSG00000067208	EVI5	S1_all_tissues_zeros_kept	0.544335	29	0.00226791	0.808012
ENSG00000067221	STOML1	S1_all_tissues_zeros_kept	0.406426	29	0.0286825	0.622151
ENSG00000067225	PKM	S1_all_tissues_zeros_kept	0.670443	29	6.90789e-05	0.919023
ENSG00000067248	DHX29	S1_all_tissues_zeros_kept	0.156158	29	0.418558	0.247601
ENSG00000067334	DNTTIP2	S1_all_tissues_zeros_kept	0.276847	29	0.145979	0.415638
ENSG00000067369	TP53BP1	S1_all_tissues_zeros_kept	0.807242	29	1.21597e-07	0.983333
ENSG00000067533	RRP15	S1_all_tissues_zeros_kept	0.191227	29	0.320368	0.290788
ENSG00000067560	RHOA	S1_all_tissues_zeros_kept	-0.0162562	29	0.933298	0.0903171
ENSG00000067596	DHX8	S1_all_tissues_zeros_kept	-0.0428571	29	0.825293	0.0744216
ENSG00000067606	PRKCZ	S1_all_tissues_zeros_kept	0.385412	29	0.0389471	0.587189
ENSG00000067704	IARS2	S1_all_tissues_zeros_kept	0.247783	29	0.194982	0.371337
ENSG00000067715	SYT1	S1_all_tissues_zeros_kept	0.161821	29	0.401666	0.25437
ENSG00000067829	IDH3G	S1_all_tissues_zeros_kept	0.00591133	29	0.975721	0.103428
ENSG00000067836	ROGDI	S1_all_tissues_zeros_kept	0.285714	29	0.132978	0.429606
ENSG00000067840	PDZD4	S1_all_tissues_zeros_kept	0.325224	29	0.0851602	0.495587
ENSG00000067842	ATP2B3	S1_all_tissues_zeros_kept	0.476801	29	0.00892021	0.72335
ENSG00000067900	ROCK1	S1_all_tissues_zeros_kept	0.290148	29	0.126805	0.435818
ENSG00000067955	CBFB	S1_all_tissues_zeros_kept	0.730542	29	6.81409e-06	0.95467
ENSG00000067992	PDK3	S1_all_tissues_zeros_kept	0.617734	29	0.000356375	0.87365
ENSG00000068001	HYAL2	S1_all_tissues_zeros_kept	0.558517	29	0.00163899	0.822579
ENSG00000068024	HDAC4	S1_all_tissues_zeros_kept	0.228846	29	0.232443	0.344859
ENSG00000068028	RASSF1	S1_all_tissues_zeros_kept	-0.0535627	29	0.782583	0.0672237
ENSG00000068078	FGFR3	S1_all_tissues_zeros_kept	0.381645	29	0.0410646	0.58102
ENSG00000068079	IFI35	S1_all_tissues_zeros_kept	0.441379	29	0.0165347	0.67335
ENSG00000068097	HEATR6	S1_all_tissues_zeros_kept	0.477645	29	0.00878312	0.725064
ENSG00000068120	COASY	S1_all_tissues_zeros_kept	0.495074	29	0.0063241	0.747344
ENSG00000068305	MEF2A	S1_all_tissues_zeros_kept	-0.0329203	29	0.865381	0.080934
ENSG00000068308	OTUD5	S1_all_tissues_zeros_kept	0.352594	29	0.0606535	0.538346
ENSG00000068323	TFE3	S1_all_tissues_zeros_kept	0.40197	29	0.0306513	0.614225
ENSG00000068354	TBC1D25	S1_all_tissues_zeros_kept	0.0418719	29	0.82925	0.130291
ENSG00000068366	ACSL4	S1_all_tissues_zeros_kept	0.635961	29	0.000209092	0.889374
ENSG00000068383	INPP5A	S1_all_tissues_zeros_kept	0.446798	29	0.0151056	0.682305
ENSG00000068394	GPKOW	S1_all_tissues_zeros_kept	0.110358	29	0.568744	0.19533
ENSG00000068400	GRIPAP1	S1_all_tissues_zeros_kept	0.574948	29	0.00110453	0.836718
ENSG00000068438	FTSJ1	S1_all_tissues_zeros_kept	0.395269	29	0.0338171	0.601328
ENSG00000068650	ATP11A	S1_all_tissues_zeros_kept	0.581281	29	0.000943403	0.842588
ENSG00000068654	POLR1A	S1_all_tissues_zeros_kept	0.0455721	29	0.814411	0.132862
ENSG00000068724	TTC7A	S1_all_tissues_zeros_kept	0.155684	29	0.419988	0.247172
ENSG00000068784	SRBD1	S1_all_tissues_zeros_kept	0.142628	29	0.460467	0.231491
ENSG00000068796	KIF2A	S1_all_tissues_zeros_kept	0.716344	29	1.24079e-05	0.944859
ENSG00000068878	PSME4	S1_all_tissues_zeros_kept	0.160591	29	0.405302	0.253342
ENSG00000068885	IFT80	S1_all_tissues_zeros_kept	0.0758947	29	0.695581	0.15874
ENSG00000068903	SIRT2	S1_all_tissues_zeros_kept	0.544828	29	0.00224299	0.808783
ENSG00000068912	ERLEC1	S1_all_tissues_zeros_kept	0.368966	29	0.0488769	0.563582
ENSG00000068971	PPP2R5B	S1_all_tissues_zeros_kept	0.343146	29	0.0683949	0.523093
ENSG00000068985	PAGE1	S1_all_tissues_zeros_kept	1	29	0	0.997943
ENSG00000069011	PITX1	S1_all_tissues_zeros_kept	0.717511	29	1.18276e-05	0.945544
ENSG00000069020	MAST4	S1_all_tissues_zeros_kept	-0.0699507	29	0.718422	0.0597686
ENSG00000069188	SDK2	S1_all_tissues_zeros_kept	0.500915	29	0.00564338	0.754713
ENSG00000069248	NUP133	S1_all_tissues_zeros_kept	0.0103448	29	0.957525	0.105784
ENSG00000069275	NUCKS1	S1_all_tissues_zeros_kept	0.315764	29	0.0951881	0.477549
ENSG00000069329	VPS35	S1_all_tissues_zeros_kept	-0.101478	29	0.600423	0.0452871
ENSG00000069345	DNAJA2	S1_all_tissues_zeros_kept	0.225397	29	0.23975	0.340146
ENSG00000069399	BCL3	S1_all_tissues_zeros_kept	0.482577	29	0.00801702	0.732776
ENSG00000069482	GAL	S1_all_tissues_zeros_kept	0.211147	29	0.271549	0.318295
ENSG00000069509	FUNDC1	S1_all_tissues_zeros_kept	0.245324	29	0.199595	0.367395
ENSG00000069535	MAOB	S1_all_tissues_zeros_kept	0.624631	29	0.000292405	0.879949
ENSG00000069702	TGFBR3	S1_all_tissues_zeros_kept	0.441872	29	0.0164003	0.67395
ENSG00000069764	PLA2G10	S1_all_tissues_zeros_kept	0.465816	29	0.0108751	0.709897
ENSG00000069849	ATP1B3	S1_all_tissues_zeros_kept	0.253695	29	0.184198	0.380805
ENSG00000069869	NEDD4	S1_all_tissues_zeros_kept	0.606307	29	0.000489722	0.865081
ENSG00000069943	PIGB	S1_all_tissues_zeros_kept	-0.145474	29	0.451474	0.0302913
ENSG00000069956	MAPK6	S1_all_tissues_zeros_kept	-0.0185868	29	0.92376	0.0894173
ENSG00000069966	GNB5	S1_all_tissues_zeros_kept	0.19064	29	0.321883	0.289931
ENSG00000069998	CECR5	S1_all_tissues_zeros_kept	0.400985	29	0.031101	0.612554
ENSG00000070010	UFD1L	S1_all_tissues_zeros_kept	0.195074	29	0.310544	0.29503
ENSG00000070018	LRP6	S1_all_tissues_zeros_kept	0.109436	29	0.572001	0.194216
ENSG00000070019	GUCY2C	S1_all_tissues_zeros_kept	0.370574	29	0.0478254	0.565253
ENSG00000070031	SCT	S1_all_tissues_zeros_kept	0.534524	29	0.00281621	0.797301
ENSG00000070047	PHRF1	S1_all_tissues_zeros_kept	0.208646	29	0.277399	0.314696
ENSG00000070061	IKBKAP	S1_all_tissues_zeros_kept	0.232048	29	0.225792	0.3491
ENSG00000070081	NUCB2	S1_all_tissues_zeros_kept	0.738424	29	4.80689e-06	0.957798
ENSG00000070087	PFN2	S1_all_tissues_zeros_kept	0.78867	29	3.73922e-07	0.976478
ENSG00000070159	PTPN3	S1_all_tissues_zeros_kept	0.419467	29	0.0235029	0.642202
ENSG00000070182	SPTB	S1_all_tissues_zeros_kept	0.289978	29	0.127037	0.435604
ENSG00000070190	DAPP1	S1_all_tissues_zeros_kept	0.671727	29	6.61068e-05	0.92018
ENSG00000070214	SLC44A1	S1_all_tissues_zeros_kept	0.664532	29	8.43603e-05	0.913668
ENSG00000070269	TMEM260	S1_all_tissues_zeros_kept	0.294411	29	0.121069	0.441945
ENSG00000070366	SMG6	S1_all_tissues_zeros_kept	0.244335	29	0.201471	0.366067
ENSG00000070367	EXOC5	S1_all_tissues_zeros_kept	-0.121182	29	0.531187	0.0379606
ENSG00000070371	CLTCL1	S1_all_tissues_zeros_kept	0.245367	29	0.199514	0.367566
ENSG00000070413	DGCR2	S1_all_tissues_zeros_kept	0.00444446	29	0.981745	0.102442
ENSG00000070423	RNF126	S1_all_tissues_zeros_kept	0.274877	29	0.148988	0.412425
ENSG00000070444	MNT	S1_all_tissues_zeros_kept	-0.125631	29	0.516102	0.0368038
ENSG00000070476	ZXDC	S1_all_tissues_zeros_kept	-0.00279505	29	0.988519	0.0975578
ENSG00000070495	JMJD6	S1_all_tissues_zeros_kept	0.210345	29	0.273418	0.317309
ENSG00000070501	POLB	S1_all_tissues_zeros_kept	0.421675	29	0.022707	0.647601
ENSG00000070540	WIPI1	S1_all_tissues_zeros_kept	0.607218	29	0.000477684	0.865938
ENSG00000070601	FRMPD1	S1_all_tissues_zeros_kept	-0.108105	29	0.576709	0.0431448
ENSG00000070610	GBA2	S1_all_tissues_zeros_kept	0.396059	29	0.0334305	0.602699
ENSG00000070614	NDST1	S1_all_tissues_zeros_kept	0.179568	29	0.351299	0.275536
ENSG00000070669	ASNS	S1_all_tissues_zeros_kept	0.484729	29	0.0077009	0.735176
ENSG00000070718	AP3M2	S1_all_tissues_zeros_kept	0.511823	29	0.00453802	0.769066
ENSG00000070756	PABPC1	S1_all_tissues_zeros_kept	0.221675	29	0.247806	0.334404
ENSG00000070759	TESK2	S1_all_tissues_zeros_kept	0.160589	29	0.405309	0.253256
ENSG00000070761	CFAP20	S1_all_tissues_zeros_kept	0.315556	29	0.0954175	0.476735
ENSG00000070770	CSNK2A2	S1_all_tissues_zeros_kept	-0.00591133	29	0.975721	0.0959726
ENSG00000070778	PTPN21	S1_all_tissues_zeros_kept	0.363104	29	0.0528648	0.555656
ENSG00000070785	EIF2B3	S1_all_tissues_zeros_kept	0.368473	29	0.0492026	0.562596
ENSG00000070808	CAMK2A	S1_all_tissues_zeros_kept	0.488773	29	0.00713521	0.739632
ENSG00000070814	TCOF1	S1_all_tissues_zeros_kept	0.394876	29	0.0340103	0.600686
ENSG00000070831	CDC42	S1_all_tissues_zeros_kept	0.305419	29	0.107147	0.459126
ENSG00000070882	OSBPL3	S1_all_tissues_zeros_kept	0.528397	29	0.00321361	0.790788
ENSG00000070915	SLC12A3	S1_all_tissues_zeros_kept	0.321007	29	0.0895253	0.489032
ENSG00000070950	RAD18	S1_all_tissues_zeros_kept	0.219969	29	0.251556	0.331662
ENSG00000070961	ATP2B1	S1_all_tissues_zeros_kept	0.441379	29	0.0165347	0.67335
ENSG00000071051	NCK2	S1_all_tissues_zeros_kept	0.547291	29	0.00212196	0.81144
ENSG00000071054	MAP4K4	S1_all_tissues_zeros_kept	0.740394	29	4.39689e-06	0.958783
ENSG00000071073	MGAT4A	S1_all_tissues_zeros_kept	0.445742	29	0.0153756	0.679392
ENSG00000071082	RPL31	S1_all_tissues_zeros_kept	0.0852217	29	0.660265	0.168209
ENSG00000071127	WDR1	S1_all_tissues_zeros_kept	0.359606	29	0.0553642	0.549143
ENSG00000071189	SNX13	S1_all_tissues_zeros_kept	0.60574	29	0.000497355	0.864653
ENSG00000071205	ARHGAP10	S1_all_tissues_zeros_kept	0.608867	29	0.000456542	0.867481
ENSG00000071242	RPS6KA2	S1_all_tissues_zeros_kept	-0.144692	29	0.453936	0.0305484
ENSG00000071243	ING3	S1_all_tissues_zeros_kept	0.240818	29	0.20824	0.361482
ENSG00000071246	VASH1	S1_all_tissues_zeros_kept	0.351524	29	0.0614942	0.536547
ENSG00000071462	WBSCR22	S1_all_tissues_zeros_kept	0.182356	29	0.343745	0.279392
ENSG00000071537	SEL1L	S1_all_tissues_zeros_kept	0.224631	29	0.241395	0.338732
ENSG00000071553	ATP6AP1	S1_all_tissues_zeros_kept	0.495074	29	0.0063241	0.747344
ENSG00000071564	TCF3	S1_all_tissues_zeros_kept	0.642417	29	0.000171686	0.89473
ENSG00000071626	DAZAP1	S1_all_tissues_zeros_kept	0.266502	29	0.162277	0.399314
ENSG00000071655	MBD3	S1_all_tissues_zeros_kept	-0.103448	29	0.593329	0.0445587
ENSG00000071794	HLTF	S1_all_tissues_zeros_kept	0.173399	29	0.36836	0.268895
ENSG00000071859	FAM50A	S1_all_tissues_zeros_kept	0.306897	29	0.105373	0.461997
ENSG00000071889	FAM3A	S1_all_tissues_zeros_kept	0.1612	29	0.403499	0.253685
ENSG00000071894	CPSF1	S1_all_tissues_zeros_kept	0.166995	29	0.386577	0.260497
ENSG00000071967	CYBRD1	S1_all_tissues_zeros_kept	0.453695	29	0.0134364	0.693359
ENSG00000071994	PDCD2	S1_all_tissues_zeros_kept	0.250833	29	0.189366	0.375964
ENSG00000072042	RDH11	S1_all_tissues_zeros_kept	0.656158	29	0.000111149	0.90647
ENSG00000072062	PRKACA	S1_all_tissues_zeros_kept	0.237931	29	0.213912	0.356812
ENSG00000072071	ADGRL1	S1_all_tissues_zeros_kept	0.29361	29	0.122132	0.44006
ENSG00000072080	SPP2	S1_all_tissues_zeros_kept	0	29	1	0.0994002
ENSG00000072110	ACTN1	S1_all_tissues_zeros_kept	0.754187	29	2.30255e-06	0.963925
ENSG00000072121	ZFYVE26	S1_all_tissues_zeros_kept	0.199532	29	0.299396	0.300985
ENSG00000072134	EPN2	S1_all_tissues_zeros_kept	0.511886	29	0.00453221	0.76928
ENSG00000072135	PTPN18	S1_all_tissues_zeros_kept	0.448755	29	0.0146153	0.684961
ENSG00000072163	LIMS2	S1_all_tissues_zeros_kept	0.558689	29	0.00163239	0.823179
ENSG00000072182	ASIC4	S1_all_tissues_zeros_kept	0.555367	29	0.00176376	0.819494
ENSG00000072195	SPEG	S1_all_tissues_zeros_kept	0.467173	29	0.0106156	0.712211
ENSG00000072210	ALDH3A2	S1_all_tissues_zeros_kept	0.762562	29	1.52276e-06	0.967224
ENSG00000072274	TFRC	S1_all_tissues_zeros_kept	0.513793	29	0.00435948	0.771508
ENSG00000072310	SREBF1	S1_all_tissues_zeros_kept	0.0460116	29	0.812652	0.13329
ENSG00000072364	AFF4	S1_all_tissues_zeros_kept	-0.044335	29	0.819365	0.0732648
ENSG00000072415	MPP5	S1_all_tissues_zeros_kept	0.627586	29	0.000268248	0.883205
ENSG00000072422	RHOBTB1	S1_all_tissues_zeros_kept	0.329595	29	0.0808082	0.501585
ENSG00000072501	SMC1A	S1_all_tissues_zeros_kept	0.799015	29	2.0288e-07	0.98072
ENSG00000072506	HSD17B10	S1_all_tissues_zeros_kept	0.335468	29	0.0752323	0.510368
ENSG00000072518	MARK2	S1_all_tissues_zeros_kept	0.172189	29	0.371764	0.267095
ENSG00000072609	CHFR	S1_all_tissues_zeros_kept	0.0663525	29	0.732367	0.151371
ENSG00000072694	FCGR2B	S1_all_tissues_zeros_kept	0.60178	29	0.000553607	0.861654
ENSG00000072736	NFATC3	S1_all_tissues_zeros_kept	0.389703	29	0.036642	0.593787
ENSG00000072756	TRNT1	S1_all_tissues_zeros_kept	0.364039	29	0.0522118	0.556427
ENSG00000072778	ACADVL	S1_all_tissues_zeros_kept	0.717241	29	1.19594e-05	0.945416
ENSG00000072786	STK10	S1_all_tissues_zeros_kept	0.865944	29	1.3043e-09	0.992674
ENSG00000072803	FBXW11	S1_all_tissues_zeros_kept	0.314286	29	0.0968318	0.47455
ENSG00000072849	DERL2	S1_all_tissues_zeros_kept	0.393103	29	0.0348944	0.598115
ENSG00000072858	SIDT1	S1_all_tissues_zeros_kept	0.184508	29	0.337982	0.281705
ENSG00000072864	NDE1	S1_all_tissues_zeros_kept	0.49803	29	0.00597143	0.750771
ENSG00000072958	AP1M1	S1_all_tissues_zeros_kept	0.36798	29	0.04953	0.56174
ENSG00000073008	PVR	S1_all_tissues_zeros_kept	0.439409	29	0.0170814	0.669623
ENSG00000073050	XRCC1	S1_all_tissues_zeros_kept	0.362562	29	0.0532465	0.554927
ENSG00000073060	SCARB1	S1_all_tissues_zeros_kept	0.576355	29	0.0010668	0.838046
ENSG00000073067	CYP2W1	S1_all_tissues_zeros_kept	0.13233	29	0.49379	0.220608
ENSG00000073111	MCM2	S1_all_tissues_zeros_kept	0.817096	29	6.37395e-08	0.985133
ENSG00000073146	MOV10L1	S1_all_tissues_zeros_kept	-0.115544	29	0.550601	0.0396315
ENSG00000073150	PANX2	S1_all_tissues_zeros_kept	0.104007	29	0.591324	0.187446
ENSG00000073169	SELO	S1_all_tissues_zeros_kept	0.385695	29	0.0387916	0.588475
ENSG00000073282	TP63	S1_all_tissues_zeros_kept	0.332347	29	0.0781571	0.506213
ENSG00000073331	ALPK1	S1_all_tissues_zeros_kept	0.445989	29	0.0153122	0.68042
ENSG00000073350	LLGL2	S1_all_tissues_zeros_kept	0.479409	29	0.00850242	0.727121
ENSG00000073417	PDE8A	S1_all_tissues_zeros_kept	0.438424	29	0.0173602	0.668295
ENSG00000073536	NLE1	S1_all_tissues_zeros_kept	0.107908	29	0.577408	0.192159
ENSG00000073578	SDHA	S1_all_tissues_zeros_kept	0.524138	29	0.00351736	0.783248
ENSG00000073584	SMARCE1	S1_all_tissues_zeros_kept	0.582266	29	0.000920277	0.843659
ENSG00000073605	GSDMB	S1_all_tissues_zeros_kept	0.564269	29	0.00143078	0.827721
ENSG00000073614	KDM5A	S1_all_tissues_zeros_kept	0.345813	29	0.0661359	0.527292
ENSG00000073670	ADAM11	S1_all_tissues_zeros_kept	0.390548	29	0.0362011	0.594559
ENSG00000073712	FERMT2	S1_all_tissues_zeros_kept	0.545813	29	0.00219388	0.809897
ENSG00000073734	ABCB11	S1_all_tissues_zeros_kept	-0.0479818	29	0.80478	0.070994
ENSG00000073754	CD5L	S1_all_tissues_zeros_kept	-0.150329	29	0.436349	0.0288346
ENSG00000073792	IGF2BP2	S1_all_tissues_zeros_kept	0.769385	29	1.07366e-06	0.969023
ENSG00000073849	ST6GAL1	S1_all_tissues_zeros_kept	0.429064	29	0.0202023	0.656641
ENSG00000073861	TBX21	S1_all_tissues_zeros_kept	0.458337	29	0.0124017	0.699272
ENSG00000073921	PICALM	S1_all_tissues_zeros_kept	0.406404	29	0.0286921	0.621979
ENSG00000073969	NSF	S1_all_tissues_zeros_kept	0.357635	29	0.0568125	0.54503
ENSG00000074054	CLASP1	S1_all_tissues_zeros_kept	0.407982	29	0.0280197	0.624722
ENSG00000074071	MRPS34	S1_all_tissues_zeros_kept	-0.0839509	29	0.665037	0.0528278
ENSG00000074181	NOTCH3	S1_all_tissues_zeros_kept	0.634483	29	0.000218605	0.88856
ENSG00000074201	CLNS1A	S1_all_tissues_zeros_kept	0.110345	29	0.568792	0.195116
ENSG00000074211	PPP2R2C	S1_all_tissues_zeros_kept	-0.0253547	29	0.896128	0.0855613
ENSG00000074266	EED	S1_all_tissues_zeros_kept	0.150246	29	0.436603	0.241045
ENSG00000074276	CDHR2	S1_all_tissues_zeros_kept	0.629885	29	0.000250699	0.88539
ENSG00000074317	SNCB	S1_all_tissues_zeros_kept	0.448647	29	0.0146422	0.684833
ENSG00000074319	TSG101	S1_all_tissues_zeros_kept	0.297537	29	0.116987	0.446058
ENSG00000074356	NCBP3	S1_all_tissues_zeros_kept	0.265025	29	0.164707	0.396144
ENSG00000074416	MGLL	S1_all_tissues_zeros_kept	0.476355	29	0.00899342	0.722579
ENSG00000074527	NTN4	S1_all_tissues_zeros_kept	0.342365	29	0.0690677	0.521722
ENSG00000074582	BCS1L	S1_all_tissues_zeros_kept	0.329064	29	0.0813279	0.500814
ENSG00000074590	NUAK1	S1_all_tissues_zeros_kept	0.346074	29	0.065918	0.527635
ENSG00000074603	DPP8	S1_all_tissues_zeros_kept	0.315764	29	0.0951881	0.477549
ENSG00000074657	ZNF532	S1_all_tissues_zeros_kept	0.538855	29	0.00256154	0.803213
ENSG00000074695	LMAN1	S1_all_tissues_zeros_kept	0.520197	29	0.00382005	0.779049
ENSG00000074696	HACD3	S1_all_tissues_zeros_kept	0.572414	29	0.00117542	0.834362
ENSG00000074755	ZZEF1	S1_all_tissues_zeros_kept	0.301478	29	0.111987	0.453728
ENSG00000074800	ENO1	S1_all_tissues_zeros_kept	0.327094	29	0.0832775	0.497858
ENSG00000074803	SLC12A1	S1_all_tissues_zeros_kept	0.3176	29	0.0931752	0.483676
ENSG00000074842	MYDGF	S1_all_tissues_zeros_kept	0.519212	29	0.00389912	0.777935
ENSG00000074935	TUBE1	S1_all_tissues_zeros_kept	0.260919	29	0.171593	0.390531
ENSG00000074964	ARHGEF10L	S1_all_tissues_zeros_kept	0.625123	29	0.00028825	0.880506
ENSG00000075043	KCNQ2	S1_all_tissues_zeros_kept	0.388119	29	0.0374796	0.591217
ENSG00000075089	ACTR6	S1_all_tissues_zeros_kept	0.105185	29	0.587106	0.188903
ENSG00000075131	TIPIN	S1_all_tissues_zeros_kept	0.266007	29	0.163089	0.398415
ENSG00000075142	SRI	S1_all_tissues_zeros_kept	0.355172	29	0.0586643	0.542117
ENSG00000075151	EIF4G3	S1_all_tissues_zeros_kept	0.292611	29	0.123467	0.438475
ENSG00000075188	NUP37	S1_all_tissues_zeros_kept	0.335058	29	0.0756118	0.510069
ENSG00000075223	SEMA3C	S1_all_tissues_zeros_kept	0.54476	29	0.00224639	0.808526
ENSG00000075234	TTC38	S1_all_tissues_zeros_kept	0.822167	29	4.50243e-08	0.98629
ENSG00000075239	ACAT1	S1_all_tissues_zeros_kept	0.807882	29	1.16736e-07	0.983462
ENSG00000075240	GRAMD4	S1_all_tissues_zeros_kept	0.533498	29	0.00287968	0.796401
ENSG00000075292	ZNF638	S1_all_tissues_zeros_kept	0.188177	29	0.328292	0.286461
ENSG00000075303	SLC25A40	S1_all_tissues_zeros_kept	0.126648	29	0.512685	0.214439
ENSG00000075336	TIMM21	S1_all_tissues_zeros_kept	0.337931	29	0.0729839	0.514225
ENSG00000075340	ADD2	S1_all_tissues_zeros_kept	0.299275	29	0.114762	0.449914
ENSG00000075391	RASAL2	S1_all_tissues_zeros_kept	0.443458	29	0.0159737	0.676221
ENSG00000075399	VPS9D1	S1_all_tissues_zeros_kept	-0.145762	29	0.450567	0.0302057
ENSG00000075413	MARK3	S1_all_tissues_zeros_kept	0.335017	29	0.0756501	0.509983
ENSG00000075415	SLC25A3	S1_all_tissues_zeros_kept	0.458128	29	0.0124468	0.699143
ENSG00000075420	FNDC3B	S1_all_tissues_zeros_kept	0.49064	29	0.00688616	0.741902
ENSG00000075426	FOSL2	S1_all_tissues_zeros_kept	0.683588	29	4.35817e-05	0.927806
ENSG00000075461	CACNG4	S1_all_tissues_zeros_kept	0.485013	29	0.00766001	0.735604
ENSG00000075539	FRYL	S1_all_tissues_zeros_kept	0.4	29	0.0315561	0.610454
ENSG00000075568	TMEM131	S1_all_tissues_zeros_kept	-0.178325	29	0.354697	0.0227506
ENSG00000075618	FSCN1	S1_all_tissues_zeros_kept	0.679576	29	5.02823e-05	0.924979
ENSG00000075624	ACTB	S1_all_tissues_zeros_kept	0.487192	29	0.00735204	0.737918
ENSG00000075651	PLD1	S1_all_tissues_zeros_kept	0.521675	29	0.00370403	0.780548
ENSG00000075673	ATP12A	S1_all_tissues_zeros_kept	0.508424	29	0.00486064	0.765253
ENSG00000075702	WDR62	S1_all_tissues_zeros_kept	-0.0200312	29	0.917855	0.0892459
ENSG00000075711	DLG1	S1_all_tissues_zeros_kept	0.400493	29	0.0313279	0.611097
ENSG00000075785	RAB7A	S1_all_tissues_zeros_kept	0.386207	29	0.0385114	0.589075
ENSG00000075790	BCAP29	S1_all_tissues_zeros_kept	0.578325	29	0.00101585	0.839632
ENSG00000075856	SART3	S1_all_tissues_zeros_kept	0.717734	29	1.17194e-05	0.945758
ENSG00000075886	TUBA3D	S1_all_tissues_zeros_kept	0.551946	29	0.00190852	0.815638
ENSG00000075891	PAX2	S1_all_tissues_zeros_kept	0.618048	29	0.000353214	0.873993
ENSG00000075914	EXOSC7	S1_all_tissues_zeros_kept	0.00246305	29	0.989883	0.101114
ENSG00000075945	KIFAP3	S1_all_tissues_zeros_kept	0.230049	29	0.229928	0.346872
ENSG00000075975	MKRN2	S1_all_tissues_zeros_kept	0.395567	29	0.033671	0.601714
ENSG00000076003	MCM6	S1_all_tissues_zeros_kept	0.601059	29	0.000564423	0.860968
ENSG00000076043	REXO2	S1_all_tissues_zeros_kept	0.792611	29	2.97422e-07	0.978192
ENSG00000076053	RBM7	S1_all_tissues_zeros_kept	0.0359606	29	0.853076	0.125793
ENSG00000076067	RBMS2	S1_all_tissues_zeros_kept	0.660156	29	9.75408e-05	0.910069
ENSG00000076108	BAZ2A	S1_all_tissues_zeros_kept	0.253972	29	0.183702	0.381534
ENSG00000076201	PTPN23	S1_all_tissues_zeros_kept	0.261576	29	0.170477	0.391431
ENSG00000076242	MLH1	S1_all_tissues_zeros_kept	0.2867	29	0.131588	0.431277
ENSG00000076248	UNG	S1_all_tissues_zeros_kept	0.443651	29	0.0159226	0.676564
ENSG00000076258	FMO4	S1_all_tissues_zeros_kept	0.316385	29	0.0945035	0.48102
ENSG00000076321	KLHL20	S1_all_tissues_zeros_kept	0.0264526	29	0.891656	0.118123
ENSG00000076351	SLC46A1	S1_all_tissues_zeros_kept	0.524889	29	0.00346206	0.783762
ENSG00000076356	PLXNA2	S1_all_tissues_zeros_kept	0.523411	29	0.00357162	0.782134
ENSG00000076513	ANKRD13A	S1_all_tissues_zeros_kept	0.442365	29	0.0162668	0.674636
ENSG00000076554	TPD52	S1_all_tissues_zeros_kept	0.80197	29	1.69262e-07	0.98162
ENSG00000076555	ACACB	S1_all_tissues_zeros_kept	0.644335	29	0.000161783	0.896658
ENSG00000076604	TRAF4	S1_all_tissues_zeros_kept	0.154206	29	0.424469	0.245287
ENSG00000076641	PAG1	S1_all_tissues_zeros_kept	0.644828	29	0.000159322	0.897215
ENSG00000076650	GPATCH1	S1_all_tissues_zeros_kept	0.0234019	29	0.90409	0.116067
ENSG00000076662	ICAM3	S1_all_tissues_zeros_kept	0.334935	29	0.0757255	0.509811
ENSG00000076685	NT5C2	S1_all_tissues_zeros_kept	0.17734	29	0.357405	0.273265
ENSG00000076706	MCAM	S1_all_tissues_zeros_kept	0.580296	29	0.000967034	0.841602
ENSG00000076716	GPC4	S1_all_tissues_zeros_kept	0.50197	29	0.00552729	0.756555
ENSG00000076924	XAB2	S1_all_tissues_zeros_kept	-0.0522167	29	0.787922	0.067952
ENSG00000076928	ARHGEF1	S1_all_tissues_zeros_kept	0.656158	29	0.000111149	0.90647
ENSG00000076944	STXBP2	S1_all_tissues_zeros_kept	0.666502	29	7.8962e-05	0.915338
ENSG00000076984	MAP2K7	S1_all_tissues_zeros_kept	-0.0157635	29	0.935315	0.0907883
ENSG00000077044	DGKD	S1_all_tissues_zeros_kept	-0.106642	29	0.581909	0.0434876
ENSG00000077080	ACTL6B	S1_all_tissues_zeros_kept	0.346694	29	0.0654026	0.529606
ENSG00000077097	TOP2B	S1_all_tissues_zeros_kept	0.35665	29	0.0575476	0.543916
ENSG00000077147	TM9SF3	S1_all_tissues_zeros_kept	0.297537	29	0.116987	0.446058
ENSG00000077150	NFKB2	S1_all_tissues_zeros_kept	0.720197	29	1.0583e-05	0.949786
ENSG00000077152	UBE2T	S1_all_tissues_zeros_kept	0.254707	29	0.182394	0.382134
ENSG00000077157	PPP1R12B	S1_all_tissues_zeros_kept	0.496059	29	0.00620463	0.748286
ENSG00000077232	DNAJC10	S1_all_tissues_zeros_kept	0.296552	29	0.118262	0.444944
ENSG00000077235	GTF3C1	S1_all_tissues_zeros_kept	0.189925	29	0.323737	0.288689
ENSG00000077254	USP33	S1_all_tissues_zeros_kept	0.0423698	29	0.82725	0.13072
ENSG00000077264	PAK3	S1_all_tissues_zeros_kept	0.100705	29	0.603214	0.184704
ENSG00000077279	DCX	S1_all_tissues_zeros_kept	0.432623	29	0.0190795	0.661225
ENSG00000077312	SNRPA	S1_all_tissues_zeros_kept	0.029064	29	0.881032	0.120137
ENSG00000077327	SPAG6	S1_all_tissues_zeros_kept	0.534287	29	0.00283076	0.796958
ENSG00000077348	EXOSC5	S1_all_tissues_zeros_kept	0.175862	29	0.361491	0.272322
ENSG00000077380	DYNC1I2	S1_all_tissues_zeros_kept	0.327586	29	0.0827868	0.498372
ENSG00000077420	APBB1IP	S1_all_tissues_zeros_kept	0.738295	29	4.83486e-06	0.957541
ENSG00000077454	LRCH4	S1_all_tissues_zeros_kept	0.3133	29	0.0979395	0.472965
ENSG00000077458	FAM76B	S1_all_tissues_zeros_kept	0.464612	29	0.0111096	0.70844
ENSG00000077463	SIRT6	S1_all_tissues_zeros_kept	0.192976	29	0.315878	0.292416
ENSG00000077514	POLD3	S1_all_tissues_zeros_kept	0.619212	29	0.000341715	0.875364
ENSG00000077522	ACTN2	S1_all_tissues_zeros_kept	0.258125	29	0.176394	0.386761
ENSG00000077549	CAPZB	S1_all_tissues_zeros_kept	0.791133	29	3.24263e-07	0.977678
ENSG00000077585	GPR137B	S1_all_tissues_zeros_kept	0.189966	29	0.323629	0.288903
ENSG00000077721	UBE2A	S1_all_tissues_zeros_kept	-0.228571	29	0.233019	0.0125536
ENSG00000077782	FGFR1	S1_all_tissues_zeros_kept	-0.00295712	29	0.987853	0.0973008
ENSG00000077800	FKBP6	S1_all_tissues_zeros_kept	1	29	0	0.997943
ENSG00000077935	SMC1B	S1_all_tissues_zeros_kept	0.29364	29	0.122092	0.440231
ENSG00000077942	FBLN1	S1_all_tissues_zeros_kept	0.810837	29	9.64829e-08	0.984105
ENSG00000077943	ITGA8	S1_all_tissues_zeros_kept	0.582146	29	0.000923065	0.843145
ENSG00000078018	MAP2	S1_all_tissues_zeros_kept	0.791371	29	3.19802e-07	0.977763
ENSG00000078061	ARAF	S1_all_tissues_zeros_kept	0.349261	29	0.0633018	0.533162
ENSG00000078070	MCCC1	S1_all_tissues_zeros_kept	0.579803	29	0.000979042	0.840874
ENSG00000078081	LAMP3	S1_all_tissues_zeros_kept	-0.135015	29	0.484986	0.0333762
ENSG00000078140	UBE2K	S1_all_tissues_zeros_kept	0.107882	29	0.577503	0.191945
ENSG00000078142	PIK3C3	S1_all_tissues_zeros_kept	-0.029314	29	0.880016	0.0835047
ENSG00000078177	N4BP2	S1_all_tissues_zeros_kept	0.0604256	29	0.755517	0.146487
ENSG00000078237	TIGAR	S1_all_tissues_zeros_kept	0.479547	29	0.00848075	0.727207
ENSG00000078246	TULP3	S1_all_tissues_zeros_kept	0.195776	29	0.308772	0.296015
ENSG00000078269	SYNJ2	S1_all_tissues_zeros_kept	0.422219	29	0.0225142	0.648029
ENSG00000078304	PPP2R5C	S1_all_tissues_zeros_kept	0.0862069	29	0.656575	0.169666
ENSG00000078369	GNB1	S1_all_tissues_zeros_kept	-0.0128079	29	0.947425	0.0921594
ENSG00000078403	MLLT10	S1_all_tissues_zeros_kept	0.281727	29	0.138715	0.423608
ENSG00000078487	ZCWPW1	S1_all_tissues_zeros_kept	0.202749	29	0.291509	0.305356
ENSG00000078549	ADCYAP1R1	S1_all_tissues_zeros_kept	0.495304	29	0.00629603	0.747772
ENSG00000078618	NRD1	S1_all_tissues_zeros_kept	0.162562	29	0.399486	0.255013
ENSG00000078668	VDAC3	S1_all_tissues_zeros_kept	0.249754	29	0.19134	0.374079
ENSG00000078674	PCM1	S1_all_tissues_zeros_kept	0.110345	29	0.568792	0.195116
ENSG00000078687	TNRC6C	S1_all_tissues_zeros_kept	0.275384	29	0.14821	0.413753
ENSG00000078699	CBFA2T2	S1_all_tissues_zeros_kept	0.291674	29	0.124729	0.437575
ENSG00000078725	BRINP1	S1_all_tissues_zeros_kept	0.499698	29	0.00577983	0.752571
ENSG00000078747	ITCH	S1_all_tissues_zeros_kept	-0.215271	29	0.26208	0.0145244
ENSG00000078804	TP53INP2	S1_all_tissues_zeros_kept	-0.0677631	29	0.72689	0.0615681
ENSG00000078808	SDF4	S1_all_tissues_zeros_kept	0.391133	29	0.0358987	0.59563
ENSG00000078814	MYH7B	S1_all_tissues_zeros_kept	0.485171	29	0.00763735	0.735861
ENSG00000078898	BPIFB2	S1_all_tissues_zeros_kept	0.297957	29	0.116446	0.446744
ENSG00000078900	TP73	S1_all_tissues_zeros_kept	0.480293	29	0.00836443	0.72892
ENSG00000078902	TOLLIP	S1_all_tissues_zeros_kept	0.487192	29	0.00735204	0.737918
ENSG00000078967	UBE2D4	S1_all_tissues_zeros_kept	0.00970685	29	0.960143	0.105184
ENSG00000079101	CLUL1	S1_all_tissues_zeros_kept	0.18664	29	0.332329	0.284704
ENSG00000079112	CDH17	S1_all_tissues_zeros_kept	0.632578	29	0.000231431	0.887189
ENSG00000079134	THOC1	S1_all_tissues_zeros_kept	0.379803	29	0.0421332	0.57892
ENSG00000079156	OSBPL6	S1_all_tissues_zeros_kept	0.476557	29	0.0089602	0.723051
ENSG00000079215	SLC1A3	S1_all_tissues_zeros_kept	0.39724	29	0.0328595	0.605356
ENSG00000079246	XRCC5	S1_all_tissues_zeros_kept	0.405911	29	0.0289047	0.621208
ENSG00000079257	LXN	S1_all_tissues_zeros_kept	0.684729	29	4.18275e-05	0.928278
ENSG00000079263	SP140	S1_all_tissues_zeros_kept	0.327894	29	0.0824811	0.498929
ENSG00000079277	MKNK1	S1_all_tissues_zeros_kept	0.46601	29	0.0108377	0.710326
ENSG00000079308	TNS1	S1_all_tissues_zeros_kept	0.514778	29	0.00427248	0.772322
ENSG00000079313	REXO1	S1_all_tissues_zeros_kept	0.0451954	29	0.815919	0.132262
ENSG00000079332	SAR1A	S1_all_tissues_zeros_kept	0.32266	29	0.0877945	0.49156
ENSG00000079335	CDC14A	S1_all_tissues_zeros_kept	0.272007	29	0.153451	0.409126
ENSG00000079337	RAPGEF3	S1_all_tissues_zeros_kept	0.384626	29	0.0393816	0.585733
ENSG00000079432	CIC	S1_all_tissues_zeros_kept	0.228571	29	0.233019	0.344387
ENSG00000079435	LIPE	S1_all_tissues_zeros_kept	0.571336	29	0.00120675	0.833376
ENSG00000079459	FDFT1	S1_all_tissues_zeros_kept	0.271429	29	0.154362	0.407755
ENSG00000079462	PAFAH1B3	S1_all_tissues_zeros_kept	0.481892	29	0.00811994	0.732005
ENSG00000079557	AFM	S1_all_tissues_zeros_kept	-0.0863177	29	0.65616	0.0514567
ENSG00000079616	KIF22	S1_all_tissues_zeros_kept	-0.0963242	29	0.619145	0.0471722
ENSG00000079689	SCGN	S1_all_tissues_zeros_kept	0.828201	29	2.93477e-08	0.987789
ENSG00000079691	LRRC16A	S1_all_tissues_zeros_kept	0.647783	29	0.000145242	0.899314
ENSG00000079739	PGM1	S1_all_tissues_zeros_kept	0.681773	29	4.6507e-05	0.926135
ENSG00000079785	DDX1	S1_all_tissues_zeros_kept	0.331527	29	0.0789403	0.505099
ENSG00000079805	DNM2	S1_all_tissues_zeros_kept	0.539409	29	0.00253043	0.803728
ENSG00000079819	EPB41L2	S1_all_tissues_zeros_kept	0.482079	29	0.00809174	0.732091
ENSG00000079841	RIMS1	S1_all_tissues_zeros_kept	0.321426	29	0.0890846	0.489846
ENSG00000079931	MOXD1	S1_all_tissues_zeros_kept	0.817976	29	6.00534e-08	0.985476
ENSG00000079950	STX7	S1_all_tissues_zeros_kept	0.581599	29	0.000935885	0.842802
ENSG00000079974	RABL2B	S1_all_tissues_zeros_kept	0.286207	29	0.132282	0.430377
ENSG00000079999	KEAP1	S1_all_tissues_zeros_kept	0.305949	29	0.106508	0.460283
ENSG00000080007	DDX43	S1_all_tissues_zeros_kept	-0.00281176	29	0.98845	0.0974722
ENSG00000080189	SLC35C2	S1_all_tissues_zeros_kept	0.474419	29	0.00931677	0.721123
ENSG00000080200	CRYBG3	S1_all_tissues_zeros_kept	0.559113	29	0.00161626	0.823565
ENSG00000080345	RIF1	S1_all_tissues_zeros_kept	0.2867	29	0.131588	0.431277
ENSG00000080371	RAB21	S1_all_tissues_zeros_kept	0.632512	29	0.000231884	0.887104
ENSG00000080503	SMARCA2	S1_all_tissues_zeros_kept	0.172414	29	0.37113	0.267695
ENSG00000080546	SESN1	S1_all_tissues_zeros_kept	0.382759	29	0.0404293	0.582605
ENSG00000080561	MID2	S1_all_tissues_zeros_kept	0.398045	29	0.0324752	0.606984
ENSG00000080572	PIH1D3	S1_all_tissues_zeros_kept	0.534524	29	0.00281621	0.797301
ENSG00000080603	SRCAP	S1_all_tissues_zeros_kept	0.336987	29	0.0738391	0.512768
ENSG00000080608	PUM3	S1_all_tissues_zeros_kept	0.282793	29	0.137164	0.425321
ENSG00000080618	CPB2	S1_all_tissues_zeros_kept	-0.0437892	29	0.821554	0.0736504
ENSG00000080709	KCNN2	S1_all_tissues_zeros_kept	0.0122022	29	0.949908	0.107412
ENSG00000080802	CNOT4	S1_all_tissues_zeros_kept	0.373399	29	0.0460218	0.570094
ENSG00000080815	PSEN1	S1_all_tissues_zeros_kept	0.415341	29	0.0250516	0.636118
ENSG00000080819	CPOX	S1_all_tissues_zeros_kept	0.368473	29	0.0492026	0.562596
ENSG00000080822	CLDND1	S1_all_tissues_zeros_kept	-0.0256791	29	0.894806	0.0853042
ENSG00000080824	HSP90AA1	S1_all_tissues_zeros_kept	0.199507	29	0.299457	0.300857
ENSG00000080845	DLGAP4	S1_all_tissues_zeros_kept	0.215271	29	0.26208	0.325107
ENSG00000080854	IGSF9B	S1_all_tissues_zeros_kept	0.227234	29	0.235839	0.342459
ENSG00000080910	CFHR2	S1_all_tissues_zeros_kept	0.248465	29	0.193717	0.372622
ENSG00000080986	NDC80	S1_all_tissues_zeros_kept	-0.0879991	29	0.649881	0.0505998
ENSG00000081014	AP4E1	S1_all_tissues_zeros_kept	0.274698	29	0.149263	0.412039
ENSG00000081019	RSBN1	S1_all_tissues_zeros_kept	0.39463	29	0.0341321	0.6003
ENSG00000081026	MAGI3	S1_all_tissues_zeros_kept	0.207389	29	0.28037	0.312468
ENSG00000081059	TCF7	S1_all_tissues_zeros_kept	0.114585	29	0.553937	0.200129
ENSG00000081087	OSTM1	S1_all_tissues_zeros_kept	0.276357	29	0.146724	0.414867
ENSG00000081154	PCNP	S1_all_tissues_zeros_kept	0.255172	29	0.181568	0.382991
ENSG00000081177	EXD2	S1_all_tissues_zeros_kept	0.729064	29	7.26516e-06	0.954027
ENSG00000081181	ARG2	S1_all_tissues_zeros_kept	0.306162	29	0.106253	0.460454
ENSG00000081189	MEF2C	S1_all_tissues_zeros_kept	0.364442	29	0.0519329	0.557027
ENSG00000081237	PTPRC	S1_all_tissues_zeros_kept	0.809852	29	1.02847e-07	0.983847
ENSG00000081277	PKP1	S1_all_tissues_zeros_kept	0.446121	29	0.0152782	0.680591
ENSG00000081307	UBA5	S1_all_tissues_zeros_kept	0.503264	29	0.00538777	0.758141
ENSG00000081320	STK17B	S1_all_tissues_zeros_kept	0.427094	29	0.0208468	0.654456
ENSG00000081479	LRP2	S1_all_tissues_zeros_kept	0.300512	29	0.113197	0.451885
ENSG00000081692	JMJD4	S1_all_tissues_zeros_kept	0.099328	29	0.608203	0.183505
ENSG00000081721	DUSP12	S1_all_tissues_zeros_kept	0.103941	29	0.591562	0.187361
ENSG00000081760	AACS	S1_all_tissues_zeros_kept	0.373399	29	0.0460218	0.570094
ENSG00000081803	CADPS2	S1_all_tissues_zeros_kept	0.561576	29	0.00152521	0.825707
ENSG00000081818	PCDHB4	S1_all_tissues_zeros_kept	0.355883	29	0.0581256	0.543059
ENSG00000081853	PCDHGA2	S1_all_tissues_zeros_kept	0.0205516	29	0.915728	0.113239
ENSG00000081870	HSPB11	S1_all_tissues_zeros_kept	0.413793	29	0.0256536	0.633719
ENSG00000081913	PHLPP1	S1_all_tissues_zeros_kept	0.321694	29	0.0888034	0.490189
ENSG00000081923	ATP8B1	S1_all_tissues_zeros_kept	0.589655	29	0.000762048	0.849357
ENSG00000082014	SMARCD3	S1_all_tissues_zeros_kept	0.698079	29	2.55109e-05	0.935861
ENSG00000082068	WDR70	S1_all_tissues_zeros_kept	0.287192	29	0.130897	0.432134
ENSG00000082146	STRADB	S1_all_tissues_zeros_kept	0.420858	29	0.022999	0.64443
ENSG00000082153	BZW1	S1_all_tissues_zeros_kept	0.16798	29	0.383741	0.261482
ENSG00000082175	PGR	S1_all_tissues_zeros_kept	0.285529	29	0.13324	0.429263
ENSG00000082196	C1QTNF3	S1_all_tissues_zeros_kept	0.423539	29	0.0220523	0.649657
ENSG00000082212	ME2	S1_all_tissues_zeros_kept	0.418227	29	0.0239601	0.640146
ENSG00000082213	C5orf22	S1_all_tissues_zeros_kept	0.0845036	29	0.66296	0.167481
ENSG00000082258	CCNT2	S1_all_tissues_zeros_kept	0.0702923	29	0.717103	0.153942
ENSG00000082269	FAM135A	S1_all_tissues_zeros_kept	-0.0834982	29	0.66674	0.0532562
ENSG00000082397	EPB41L3	S1_all_tissues_zeros_kept	0.785116	29	4.57786e-07	0.97545
ENSG00000082438	COBLL1	S1_all_tissues_zeros_kept	0.766104	29	1.27195e-06	0.968338
ENSG00000082458	DLG3	S1_all_tissues_zeros_kept	0.779653	29	6.20312e-07	0.972879
ENSG00000082512	TRAF5	S1_all_tissues_zeros_kept	0.636566	29	0.000205304	0.890017
ENSG00000082515	MRPL22	S1_all_tissues_zeros_kept	0.364039	29	0.0522118	0.556427
ENSG00000082516	GEMIN5	S1_all_tissues_zeros_kept	-0.130558	29	0.499645	0.0350471
ENSG00000082701	GSK3B	S1_all_tissues_zeros_kept	0.499815	29	0.00576656	0.752656
ENSG00000082781	ITGB5	S1_all_tissues_zeros_kept	0.664532	29	8.43603e-05	0.913668
ENSG00000082805	ERC1	S1_all_tissues_zeros_kept	0.444335	29	0.0157419	0.677678
ENSG00000082898	XPO1	S1_all_tissues_zeros_kept	0.252709	29	0.185966	0.379434
ENSG00000082996	RNF13	S1_all_tissues_zeros_kept	0.270577	29	0.15571	0.405955
ENSG00000083067	TRPM3	S1_all_tissues_zeros_kept	0.264459	29	0.165644	0.395244
ENSG00000083093	PALB2	S1_all_tissues_zeros_kept	0.139022	29	0.471999	0.228063
ENSG00000083097	DOPEY1	S1_all_tissues_zeros_kept	0.143754	29	0.456899	0.232519
ENSG00000083099	LYRM2	S1_all_tissues_zeros_kept	0.249907	29	0.191058	0.374336
ENSG00000083123	BCKDHB	S1_all_tissues_zeros_kept	0.578818	29	0.00100345	0.839931
ENSG00000083168	KAT6A	S1_all_tissues_zeros_kept	-0.0399015	29	0.837177	0.0765638
ENSG00000083223	ZCCHC6	S1_all_tissues_zeros_kept	0.452217	29	0.0137805	0.690746
ENSG00000083290	ULK2	S1_all_tissues_zeros_kept	0.337807	29	0.073096	0.51401
ENSG00000083312	TNPO1	S1_all_tissues_zeros_kept	0.0591206	29	0.760643	0.145458
ENSG00000083444	PLOD1	S1_all_tissues_zeros_kept	0.631527	29	0.000238787	0.886761
ENSG00000083457	ITGAE	S1_all_tissues_zeros_kept	0.205821	29	0.284104	0.310154
ENSG00000083520	DIS3	S1_all_tissues_zeros_kept	0.369458	29	0.0485529	0.564439
ENSG00000083535	PIBF1	S1_all_tissues_zeros_kept	0.390689	29	0.0361285	0.59473
ENSG00000083544	TDRD3	S1_all_tissues_zeros_kept	0.176376	29	0.360066	0.272536
ENSG00000083642	PDS5B	S1_all_tissues_zeros_kept	0.300493	29	0.113222	0.451671
ENSG00000083750	RRAGB	S1_all_tissues_zeros_kept	0.353492	29	0.0599548	0.539374
ENSG00000083799	CYLD	S1_all_tissues_zeros_kept	0.144845	29	0.453452	0.234233
ENSG00000083807	SLC27A5	S1_all_tissues_zeros_kept	0.118241	29	0.541273	0.20377
ENSG00000083838	ZNF446	S1_all_tissues_zeros_kept	0.171195	29	0.374573	0.266195
ENSG00000083844	ZNF264	S1_all_tissues_zeros_kept	-0.0106843	29	0.956132	0.0936161
ENSG00000083845	RPS5	S1_all_tissues_zeros_kept	-0.118719	29	0.539628	0.0383033
ENSG00000083857	FAT1	S1_all_tissues_zeros_kept	0.414829	29	0.0252492	0.635133
ENSG00000083896	YTHDC1	S1_all_tissues_zeros_kept	0.255204	29	0.181513	0.383162
ENSG00000083937	CHMP2B	S1_all_tissues_zeros_kept	0.227586	29	0.235094	0.343145
ENSG00000084070	SMAP2	S1_all_tissues_zeros_kept	0.55665	29	0.00171198	0.820908
ENSG00000084072	PPIE	S1_all_tissues_zeros_kept	-0.195344	29	0.309861	0.0182091
ENSG00000084073	ZMPSTE24	S1_all_tissues_zeros_kept	-0.0738916	29	0.70325	0.0580977
ENSG00000084090	STARD7	S1_all_tissues_zeros_kept	0.353695	29	0.0597979	0.539546
ENSG00000084092	NOA1	S1_all_tissues_zeros_kept	0.248768	29	0.193155	0.373265
ENSG00000084093	REST	S1_all_tissues_zeros_kept	0.123076	29	0.524739	0.209383
ENSG00000084110	HAL	S1_all_tissues_zeros_kept	0.231403	29	0.227122	0.348201
ENSG00000084112	SSH1	S1_all_tissues_zeros_kept	0.0337563	29	0.861994	0.124036
ENSG00000084207	GSTP1	S1_all_tissues_zeros_kept	0.394089	29	0.0344009	0.599871
ENSG00000084234	APLP2	S1_all_tissues_zeros_kept	0.54532	29	0.00221832	0.80934
ENSG00000084444	FAM234B	S1_all_tissues_zeros_kept	0.046625	29	0.810199	0.133633
ENSG00000084463	WBP11	S1_all_tissues_zeros_kept	0.349754	29	0.0629047	0.533933
ENSG00000084623	EIF3I	S1_all_tissues_zeros_kept	0.275369	29	0.148232	0.413496
ENSG00000084652	TXLNA	S1_all_tissues_zeros_kept	0.247567	29	0.195384	0.370823
ENSG00000084674	APOB	S1_all_tissues_zeros_kept	0.179901	29	0.35039	0.276135
ENSG00000084676	NCOA1	S1_all_tissues_zeros_kept	0.417447	29	0.024251	0.639075
ENSG00000084733	RAB10	S1_all_tissues_zeros_kept	0.248276	29	0.194067	0.371979
ENSG00000084734	GCKR	S1_all_tissues_zeros_kept	0.001647	29	0.993235	0.100471
ENSG00000084754	HADHA	S1_all_tissues_zeros_kept	0.555172	29	0.00177175	0.819066
ENSG00000084764	MAPRE3	S1_all_tissues_zeros_kept	0.491194	29	0.00681381	0.742931
ENSG00000084774	CAD	S1_all_tissues_zeros_kept	0.655411	29	0.000113871	0.905527
ENSG00000085063	CD59	S1_all_tissues_zeros_kept	0.384729	29	0.0393242	0.585904
ENSG00000085117	CD82	S1_all_tissues_zeros_kept	0.66601	29	8.0282e-05	0.914953
ENSG00000085224	ATRX	S1_all_tissues_zeros_kept	0.339409	29	0.0716599	0.516624
ENSG00000085231	AK6	S1_all_tissues_zeros_kept	0.233005	29	0.223831	0.350171
ENSG00000085265	FCN1	S1_all_tissues_zeros_kept	0.648392	29	0.000142482	0.8997
ENSG00000085274	MYNN	S1_all_tissues_zeros_kept	0.219638	29	0.252288	0.331063
ENSG00000085365	SCAMP1	S1_all_tissues_zeros_kept	0.485714	29	0.00755972	0.736461
ENSG00000085377	PREP	S1_all_tissues_zeros_kept	0.535041	29	0.0027847	0.798201
ENSG00000085415	SEH1L	S1_all_tissues_zeros_kept	0.312808	29	0.0984969	0.472536
ENSG00000085433	WDR47	S1_all_tissues_zeros_kept	0.517059	29	0.00407679	0.77545
ENSG00000085449	WDFY1	S1_all_tissues_zeros_kept	0.642365	29	0.000171966	0.894602
ENSG00000085465	OVGP1	S1_all_tissues_zeros_kept	0.285838	29	0.132803	0.429949
ENSG00000085491	SLC25A24	S1_all_tissues_zeros_kept	0.381773	29	0.040991	0.581234
ENSG00000085511	MAP3K4	S1_all_tissues_zeros_kept	0.664368	29	8.48255e-05	0.91341
ENSG00000085644	ZNF213	S1_all_tissues_zeros_kept	0.0222267	29	0.908886	0.11461
ENSG00000085662	AKR1B1	S1_all_tissues_zeros_kept	0.636453	29	0.000206004	0.889846
ENSG00000085719	CPNE3	S1_all_tissues_zeros_kept	0.339409	29	0.0716599	0.516624
ENSG00000085721	RRN3	S1_all_tissues_zeros_kept	0.158323	29	0.412053	0.251628
ENSG00000085733	CTTN	S1_all_tissues_zeros_kept	0.349754	29	0.0629047	0.533933
ENSG00000085760	MTIF2	S1_all_tissues_zeros_kept	0.524631	29	0.00348101	0.783548
ENSG00000085788	DDHD2	S1_all_tissues_zeros_kept	0.342942	29	0.0685702	0.523008
ENSG00000085831	TTC39A	S1_all_tissues_zeros_kept	0.596552	29	0.000636376	0.85497
ENSG00000085832	EPS15	S1_all_tissues_zeros_kept	0.447291	29	0.0149809	0.682991
ENSG00000085871	MGST2	S1_all_tissues_zeros_kept	0.470443	29	0.0100118	0.715895
ENSG00000085872	CHERP	S1_all_tissues_zeros_kept	-0.020197	29	0.917177	0.0890746
ENSG00000085978	ATG16L1	S1_all_tissues_zeros_kept	0.558621	29	0.00163502	0.822879
ENSG00000085982	USP40	S1_all_tissues_zeros_kept	0.45468	29	0.0132111	0.694559
ENSG00000085998	POMGNT1	S1_all_tissues_zeros_kept	0.610174	29	0.000440381	0.868895
ENSG00000086015	MAST2	S1_all_tissues_zeros_kept	0.608225	29	0.000464672	0.866881
ENSG00000086061	DNAJA1	S1_all_tissues_zeros_kept	0.580296	29	0.000967034	0.841602
ENSG00000086062	B4GALT1	S1_all_tissues_zeros_kept	0.156158	29	0.418558	0.247601
ENSG00000086065	CHMP5	S1_all_tissues_zeros_kept	0.340394	29	0.0707876	0.518423
ENSG00000086102	NFX1	S1_all_tissues_zeros_kept	-0.331527	29	0.0789403	0.00364182
ENSG00000086189	DIMT1	S1_all_tissues_zeros_kept	0.204926	29	0.286249	0.308612
ENSG00000086200	IPO11	S1_all_tissues_zeros_kept	0.272906	29	0.152042	0.409769
ENSG00000086205	FOLH1	S1_all_tissues_zeros_kept	0.687073	29	3.84209e-05	0.929777
ENSG00000086232	EIF2AK1	S1_all_tissues_zeros_kept	-0.0564694	29	0.771087	0.0662811
ENSG00000086288	NME8	S1_all_tissues_zeros_kept	0.0913002	29	0.637623	0.175364
ENSG00000086289	EPDR1	S1_all_tissues_zeros_kept	0.689879	29	3.46699e-05	0.93072
ENSG00000086300	SNX10	S1_all_tissues_zeros_kept	0.118383	29	0.540786	0.203899
ENSG00000086475	SEPHS1	S1_all_tissues_zeros_kept	0.312315	29	0.0990567	0.471465
ENSG00000086504	MRPL28	S1_all_tissues_zeros_kept	0.0805518	29	0.677864	0.162596
ENSG00000086506	HBQ1	S1_all_tissues_zeros_kept	0.29364	29	0.122092	0.440231
ENSG00000086544	ITPKC	S1_all_tissues_zeros_kept	0.482138	29	0.0080828	0.732177
ENSG00000086570	FAT2	S1_all_tissues_zeros_kept	0.226182	29	0.238073	0.341003
ENSG00000086589	RBM22	S1_all_tissues_zeros_kept	0.360099	29	0.0550068	0.550171
ENSG00000086598	TMED2	S1_all_tissues_zeros_kept	0.405419	29	0.0291185	0.619923
ENSG00000086619	ERO1B	S1_all_tissues_zeros_kept	0.457143	29	0.0126613	0.698115
ENSG00000086666	ZFAND6	S1_all_tissues_zeros_kept	0.0788372	29	0.684368	0.161397
ENSG00000086696	HSD17B2	S1_all_tissues_zeros_kept	0.880009	29	3.18532e-10	0.993873
ENSG00000086712	TXLNG	S1_all_tissues_zeros_kept	0.33399	29	0.0766068	0.508526
ENSG00000086717	PPEF1	S1_all_tissues_zeros_kept	-0.0917164	29	0.636084	0.0490574
ENSG00000086730	LAT2	S1_all_tissues_zeros_kept	0.42935	29	0.0201101	0.657112
ENSG00000086758	HUWE1	S1_all_tissues_zeros_kept	0.209852	29	0.274569	0.316281
ENSG00000086827	ZW10	S1_all_tissues_zeros_kept	-0.00935961	29	0.961567	0.0945159
ENSG00000086848	ALG9	S1_all_tissues_zeros_kept	0.138933	29	0.472285	0.227849
ENSG00000086967	MYBPC2	S1_all_tissues_zeros_kept	-0.219081	29	0.253524	0.014096
ENSG00000087008	ACOX3	S1_all_tissues_zeros_kept	0.402463	29	0.0304284	0.615596
ENSG00000087053	MTMR2	S1_all_tissues_zeros_kept	0.469951	29	0.0101009	0.715467
ENSG00000087076	HSD17B14	S1_all_tissues_zeros_kept	0.204648	29	0.286917	0.308269
ENSG00000087077	TRIP6	S1_all_tissues_zeros_kept	0.386207	29	0.0385114	0.589075
ENSG00000087086	FTL	S1_all_tissues_zeros_kept	0.466995	29	0.0106494	0.712082
ENSG00000087087	SRRT	S1_all_tissues_zeros_kept	0.247291	29	0.1959	0.370523
ENSG00000087088	BAX	S1_all_tissues_zeros_kept	0.501478	29	0.00558122	0.755656
ENSG00000087111	PIGS	S1_all_tissues_zeros_kept	0.222195	29	0.24667	0.335304
ENSG00000087116	ADAMTS2	S1_all_tissues_zeros_kept	0.168454	29	0.382383	0.262082
ENSG00000087128	TMPRSS11E	S1_all_tissues_zeros_kept	0.61829	29	0.000350801	0.87425
ENSG00000087152	ATXN7L3	S1_all_tissues_zeros_kept	-0.0470882	29	0.808348	0.0713368
ENSG00000087157	PGS1	S1_all_tissues_zeros_kept	0.115271	29	0.551551	0.200771
ENSG00000087191	PSMC5	S1_all_tissues_zeros_kept	0.00197044	29	0.991906	0.100686
ENSG00000087206	UIMC1	S1_all_tissues_zeros_kept	0.673236	29	6.27593e-05	0.921037
ENSG00000087237	CETP	S1_all_tissues_zeros_kept	0.210392	29	0.273307	0.317609
ENSG00000087245	MMP2	S1_all_tissues_zeros_kept	0.922167	29	1.19312e-12	0.995416
ENSG00000087250	MT3	S1_all_tissues_zeros_kept	0.175475	29	0.362565	0.271937
ENSG00000087263	OGFOD1	S1_all_tissues_zeros_kept	0.240887	29	0.208107	0.361611
ENSG00000087266	SH3BP2	S1_all_tissues_zeros_kept	-0.0125734	29	0.948386	0.0922451
ENSG00000087269	NOP14	S1_all_tissues_zeros_kept	0.273892	29	0.15051	0.410797
ENSG00000087274	ADD1	S1_all_tissues_zeros_kept	0.0866995	29	0.654732	0.170523
ENSG00000087301	TXNDC16	S1_all_tissues_zeros_kept	0.339334	29	0.0717268	0.51641
ENSG00000087302	C14orf166	S1_all_tissues_zeros_kept	0.193199	29	0.31531	0.292759
ENSG00000087303	NID2	S1_all_tissues_zeros_kept	0.404704	29	0.029431	0.619237
ENSG00000087338	GMCL1	S1_all_tissues_zeros_kept	0.316267	29	0.0946332	0.480506
ENSG00000087365	SF3B2	S1_all_tissues_zeros_kept	0.574877	29	0.00110646	0.836418
ENSG00000087448	KLHL42	S1_all_tissues_zeros_kept	0.118227	29	0.541324	0.203599
ENSG00000087460	GNAS	S1_all_tissues_zeros_kept	0.437739	29	0.0175564	0.667309
ENSG00000087470	DNM1L	S1_all_tissues_zeros_kept	0.505911	29	0.00511156	0.762382
ENSG00000087495	PHACTR3	S1_all_tissues_zeros_kept	0.0176769	29	0.927483	0.111354
ENSG00000087502	ERGIC2	S1_all_tissues_zeros_kept	0.508374	29	0.00486549	0.764953
ENSG00000087589	CASS4	S1_all_tissues_zeros_kept	0.294603	29	0.120816	0.442459
ENSG00000087842	PIR	S1_all_tissues_zeros_kept	0.651724	29	0.00012819	0.902356
ENSG00000087884	AAMDC	S1_all_tissues_zeros_kept	0.494581	29	0.00638457	0.74653
ENSG00000087995	METTL2A	S1_all_tissues_zeros_kept	-0.206126	29	0.283376	0.0161525
ENSG00000088002	SULT2B1	S1_all_tissues_zeros_kept	0.605117	29	0.000505847	0.864053
ENSG00000088035	ALG6	S1_all_tissues_zeros_kept	0.220671	29	0.250008	0.332776
ENSG00000088038	CNOT3	S1_all_tissues_zeros_kept	0.308374	29	0.103622	0.464653
ENSG00000088179	PTPN4	S1_all_tissues_zeros_kept	0.274956	29	0.148866	0.412811
ENSG00000088205	DDX18	S1_all_tissues_zeros_kept	0.463547	29	0.0113207	0.707284
ENSG00000088247	KHSRP	S1_all_tissues_zeros_kept	0.299507	29	0.114467	0.450257
ENSG00000088256	GNA11	S1_all_tissues_zeros_kept	0.627094	29	0.000272147	0.882605
ENSG00000088280	ASAP3	S1_all_tissues_zeros_kept	0.624461	29	0.000293845	0.879692
ENSG00000088298	EDEM2	S1_all_tissues_zeros_kept	0.190406	29	0.32249	0.289589
ENSG00000088320	REM1	S1_all_tissues_zeros_kept	0.456787	29	0.0127396	0.697729
ENSG00000088356	PDRG1	S1_all_tissues_zeros_kept	-0.0226629	29	0.907106	0.0872751
ENSG00000088367	EPB41L1	S1_all_tissues_zeros_kept	0.721182	29	1.01569e-05	0.950343
ENSG00000088386	SLC15A1	S1_all_tissues_zeros_kept	0.401799	29	0.0307292	0.614096
ENSG00000088387	DOCK9	S1_all_tissues_zeros_kept	0.393398	29	0.0347462	0.5988
ENSG00000088448	ANKRD10	S1_all_tissues_zeros_kept	0.189983	29	0.323586	0.288989
ENSG00000088451	TGDS	S1_all_tissues_zeros_kept	0.316267	29	0.0946332	0.480506
ENSG00000088538	DOCK3	S1_all_tissues_zeros_kept	0.267722	29	0.16029	0.401757
ENSG00000088543	C3orf18	S1_all_tissues_zeros_kept	0.271119	29	0.154851	0.407241
ENSG00000088682	COQ9	S1_all_tissues_zeros_kept	0.717241	29	1.19594e-05	0.945416
ENSG00000088726	TMEM40	S1_all_tissues_zeros_kept	0.529369	29	0.00314752	0.791988
ENSG00000088808	PPP1R13B	S1_all_tissues_zeros_kept	0.195098	29	0.310483	0.295244
ENSG00000088812	ATRN	S1_all_tissues_zeros_kept	0.204433	29	0.287434	0.307841
ENSG00000088832	FKBP1A	S1_all_tissues_zeros_kept	0.334483	29	0.0761465	0.509512
ENSG00000088833	NSFL1C	S1_all_tissues_zeros_kept	0.279803	29	0.141547	0.420566
ENSG00000088854	C20orf194	S1_all_tissues_zeros_kept	0.333766	29	0.0768165	0.507841
ENSG00000088888	MAVS	S1_all_tissues_zeros_kept	0.234975	29	0.219827	0.352699
ENSG00000088926	F11	S1_all_tissues_zeros_kept	0.112186	29	0.562318	0.196872
ENSG00000088930	XRN2	S1_all_tissues_zeros_kept	0.312808	29	0.0984969	0.472536
ENSG00000088970	KIZ	S1_all_tissues_zeros_kept	0.0970045	29	0.616659	0.181362
ENSG00000088986	DYNLL1	S1_all_tissues_zeros_kept	0.572414	29	0.00117542	0.834362
ENSG00000088992	TESC	S1_all_tissues_zeros_kept	0.61133	29	0.0004265	0.869794
ENSG00000089006	SNX5	S1_all_tissues_zeros_kept	0.295567	29	0.119548	0.443488
ENSG00000089009	RPL6	S1_all_tissues_zeros_kept	0.180788	29	0.34798	0.277207
ENSG00000089022	MAPKAPK5	S1_all_tissues_zeros_kept	0.116544	29	0.547136	0.202014
ENSG00000089048	ESF1	S1_all_tissues_zeros_kept	-0.0871921	29	0.652892	0.0509854
ENSG00000089050	RBBP9	S1_all_tissues_zeros_kept	0.666995	29	7.76615e-05	0.915724
ENSG00000089053	ANAPC5	S1_all_tissues_zeros_kept	-0.158167	29	0.41252	0.0269494
ENSG00000089057	SLC23A2	S1_all_tissues_zeros_kept	0.307714	29	0.104402	0.463368
ENSG00000089063	TMEM230	S1_all_tissues_zeros_kept	0.100799	29	0.602877	0.18479
ENSG00000089094	KDM2B	S1_all_tissues_zeros_kept	0.454673	29	0.0132125	0.694387
ENSG00000089101	CFAP61	S1_all_tissues_zeros_kept	0.358853	29	0.0559142	0.547772
ENSG00000089123	TASP1	S1_all_tissues_zeros_kept	0.282759	29	0.137214	0.42515
ENSG00000089154	GCN1	S1_all_tissues_zeros_kept	0.176847	29	0.358764	0.272665
ENSG00000089157	RPLP0	S1_all_tissues_zeros_kept	0.166502	29	0.387999	0.259854
ENSG00000089159	PXN	S1_all_tissues_zeros_kept	0.342857	29	0.0686428	0.522536
ENSG00000089169	RPH3A	S1_all_tissues_zeros_kept	0.439652	29	0.0170131	0.670694
ENSG00000089177	KIF16B	S1_all_tissues_zeros_kept	0.391626	29	0.0356455	0.596358
ENSG00000089195	TRMT6	S1_all_tissues_zeros_kept	0.165517	29	0.390853	0.258526
ENSG00000089199	CHGB	S1_all_tissues_zeros_kept	0.590102	29	0.000753289	0.849572
ENSG00000089220	PEBP1	S1_all_tissues_zeros_kept	0.675369	29	5.82829e-05	0.922451
ENSG00000089234	BRAP	S1_all_tissues_zeros_kept	0.0852217	29	0.660265	0.168209
ENSG00000089248	ERP29	S1_all_tissues_zeros_kept	0.535468	29	0.00275893	0.799015
ENSG00000089250	NOS1	S1_all_tissues_zeros_kept	0.298973	29	0.115146	0.449486
ENSG00000089280	FUS	S1_all_tissues_zeros_kept	0.421182	29	0.0228827	0.646872
ENSG00000089289	IGBP1	S1_all_tissues_zeros_kept	0.372906	29	0.0463323	0.569152
ENSG00000089351	GRAMD1A	S1_all_tissues_zeros_kept	0.402463	29	0.0304284	0.615596
ENSG00000089356	FXYD3	S1_all_tissues_zeros_kept	0.706079	29	1.87275e-05	0.939632
ENSG00000089472	HEPH	S1_all_tissues_zeros_kept	0.894999	29	5.76226e-11	0.994473
ENSG00000089597	GANAB	S1_all_tissues_zeros_kept	0.0729064	29	0.707033	0.156127
ENSG00000089639	GMIP	S1_all_tissues_zeros_kept	0.805426	29	1.36426e-07	0.982734
ENSG00000089682	RBM41	S1_all_tissues_zeros_kept	-0.0755755	29	0.696801	0.0568552
ENSG00000089685	BIRC5	S1_all_tissues_zeros_kept	0.498691	29	0.00589488	0.751285
ENSG00000089693	MLF2	S1_all_tissues_zeros_kept	0.280296	29	0.140818	0.421808
ENSG00000089737	DDX24	S1_all_tissues_zeros_kept	0.208374	29	0.27804	0.31431
ENSG00000089775	ZBTB25	S1_all_tissues_zeros_kept	0.299056	29	0.11504	0.449743
ENSG00000089818	NECAP1	S1_all_tissues_zeros_kept	0.351232	29	0.0617253	0.53629
ENSG00000089847	ANKRD24	S1_all_tissues_zeros_kept	0.415681	29	0.024921	0.636632
ENSG00000089876	DHX32	S1_all_tissues_zeros_kept	0.418227	29	0.0239601	0.640146
ENSG00000089902	RCOR1	S1_all_tissues_zeros_kept	0.102476	29	0.596826	0.186075
ENSG00000089916	GPATCH2L	S1_all_tissues_zeros_kept	0.424573	29	0.0216959	0.650257
ENSG00000090006	LTBP4	S1_all_tissues_zeros_kept	0.481281	29	0.00821271	0.730977
ENSG00000090013	BLVRB	S1_all_tissues_zeros_kept	0.445813	29	0.0153575	0.679649
ENSG00000090020	SLC9A1	S1_all_tissues_zeros_kept	0.558621	29	0.00163502	0.822879
ENSG00000090054	SPTLC1	S1_all_tissues_zeros_kept	0.273399	29	0.151275	0.410411
ENSG00000090060	PAPOLA	S1_all_tissues_zeros_kept	0.31133	29	0.100183	0.469923
ENSG00000090061	CCNK	S1_all_tissues_zeros_kept	0.492611	29	0.00663135	0.74413
ENSG00000090097	PCBP4	S1_all_tissues_zeros_kept	0.508921	29	0.00481229	0.765938
ENSG00000090263	MRPS33	S1_all_tissues_zeros_kept	0.360624	29	0.0546276	0.551028
ENSG00000090266	NDUFB2	S1_all_tissues_zeros_kept	0.413046	29	0.0259481	0.632776
ENSG00000090273	NUDC	S1_all_tissues_zeros_kept	0.381773	29	0.040991	0.581234
ENSG00000090316	MAEA	S1_all_tissues_zeros_kept	-0.158621	29	0.411164	0.0266495
ENSG00000090339	ICAM1	S1_all_tissues_zeros_kept	0.639901	29	0.00018549	0.893316
ENSG00000090372	STRN4	S1_all_tissues_zeros_kept	0.0571429	29	0.768431	0.143616
ENSG00000090382	LYZ	S1_all_tissues_zeros_kept	0.615271	29	0.000382042	0.872022
ENSG00000090402	SI	S1_all_tissues_zeros_kept	0.538954	29	0.00255595	0.803385
ENSG00000090432	MUL1	S1_all_tissues_zeros_kept	0.243163	29	0.203709	0.364139
ENSG00000090447	TFAP4	S1_all_tissues_zeros_kept	0.160257	29	0.406292	0.253085
ENSG00000090470	PDCD7	S1_all_tissues_zeros_kept	0.208867	29	0.27688	0.314996
ENSG00000090487	SPG21	S1_all_tissues_zeros_kept	0.286207	29	0.132282	0.430377
ENSG00000090512	FETUB	S1_all_tissues_zeros_kept	0.157008	29	0.415997	0.249229
ENSG00000090520	DNAJB11	S1_all_tissues_zeros_kept	0.340394	29	0.0707876	0.518423
ENSG00000090530	P3H2	S1_all_tissues_zeros_kept	0.0847813	29	0.661918	0.167995
ENSG00000090539	CHRD	S1_all_tissues_zeros_kept	0.143439	29	0.457895	0.232348
ENSG00000090565	RAB11FIP3	S1_all_tissues_zeros_kept	0.214057	29	0.264846	0.323179
ENSG00000090581	GNPTG	S1_all_tissues_zeros_kept	0.114286	29	0.554979	0.199957
ENSG00000090612	ZNF268	S1_all_tissues_zeros_kept	0.22674	29	0.236888	0.341602
ENSG00000090615	GOLGA3	S1_all_tissues_zeros_kept	0.0534549	29	0.783011	0.139974
ENSG00000090621	PABPC4	S1_all_tissues_zeros_kept	-0.156158	29	0.418558	0.0278492
ENSG00000090661	CERS4	S1_all_tissues_zeros_kept	0.535782	29	0.0027401	0.799443
ENSG00000090674	MCOLN1	S1_all_tissues_zeros_kept	0.300721	29	0.112934	0.452399
ENSG00000090686	USP48	S1_all_tissues_zeros_kept	0.3	29	0.113843	0.451114
ENSG00000090776	EFNB1	S1_all_tissues_zeros_kept	0.665599	29	8.13972e-05	0.914739
ENSG00000090857	PDPR	S1_all_tissues_zeros_kept	0.202463	29	0.292206	0.305013
ENSG00000090861	AARS	S1_all_tissues_zeros_kept	0.493103	29	0.00656891	0.744987
ENSG00000090863	GLG1	S1_all_tissues_zeros_kept	0.228571	29	0.233019	0.344387
ENSG00000090889	KIF4A	S1_all_tissues_zeros_kept	0.100975	29	0.602238	0.184876
ENSG00000090905	TNRC6A	S1_all_tissues_zeros_kept	0.0295033	29	0.879247	0.120351
ENSG00000090924	PLEKHG2	S1_all_tissues_zeros_kept	0.640776	29	0.000180581	0.893873
ENSG00000090932	DLL3	S1_all_tissues_zeros_kept	0.480293	29	0.00836443	0.72892
ENSG00000090989	EXOC1	S1_all_tissues_zeros_kept	0.157428	29	0.414736	0.249572
ENSG00000091009	RBM27	S1_all_tissues_zeros_kept	0.574455	29	0.00111802	0.836075
ENSG00000091039	OSBPL8	S1_all_tissues_zeros_kept	0.750246	29	2.78164e-06	0.962853
ENSG00000091073	DTX2	S1_all_tissues_zeros_kept	0.115225	29	0.551709	0.200643
ENSG00000091127	PUS7	S1_all_tissues_zeros_kept	0.320522	29	0.090038	0.488389
ENSG00000091129	NRCAM	S1_all_tissues_zeros_kept	0.415344	29	0.0250503	0.636204
ENSG00000091136	LAMB1	S1_all_tissues_zeros_kept	0.826108	29	3.41071e-08	0.987361
ENSG00000091138	SLC26A3	S1_all_tissues_zeros_kept	0.425897	29	0.0212466	0.652571
ENSG00000091140	DLD	S1_all_tissues_zeros_kept	0.661576	29	9.30741e-05	0.911054
ENSG00000091157	WDR7	S1_all_tissues_zeros_kept	0.233034	29	0.223772	0.350343
ENSG00000091164	TXNL1	S1_all_tissues_zeros_kept	0.211823	29	0.269984	0.319666
ENSG00000091317	CMTM6	S1_all_tissues_zeros_kept	0.0769309	29	0.691625	0.159854
ENSG00000091409	ITGA6	S1_all_tissues_zeros_kept	0.801478	29	1.74487e-07	0.981448
ENSG00000091428	RAPGEF4	S1_all_tissues_zeros_kept	0.130591	29	0.499535	0.218552
ENSG00000091436	AC013461.1	S1_all_tissues_zeros_kept	0.62069	29	0.000327589	0.876735
ENSG00000091482	SMPX	S1_all_tissues_zeros_kept	0.27681	29	0.146035	0.415296
ENSG00000091483	FH	S1_all_tissues_zeros_kept	0.655172	29	0.000114751	0.905356
ENSG00000091490	SEL1L3	S1_all_tissues_zeros_kept	0.62099	29	0.000324786	0.876949
ENSG00000091513	TF	S1_all_tissues_zeros_kept	-0.0101941	29	0.958144	0.0939589
ENSG00000091527	CDV3	S1_all_tissues_zeros_kept	0.406897	29	0.0284809	0.622665
ENSG00000091542	ALKBH5	S1_all_tissues_zeros_kept	0.248768	29	0.193155	0.373265
ENSG00000091583	APOH	S1_all_tissues_zeros_kept	-0.184353	29	0.338395	0.0206941
ENSG00000091622	PITPNM3	S1_all_tissues_zeros_kept	0.310051	29	0.10166	0.467309
ENSG00000091640	SPAG7	S1_all_tissues_zeros_kept	0.0140411	29	0.94237	0.10904
ENSG00000091704	CPA1	S1_all_tissues_zeros_kept	0.386856	29	0.0381584	0.589846
ENSG00000091732	ZC3HC1	S1_all_tissues_zeros_kept	0.289655	29	0.12748	0.435261
ENSG00000091831	ESR1	S1_all_tissues_zeros_kept	0.519232	29	0.00389746	0.778278
ENSG00000091844	RGS17	S1_all_tissues_zeros_kept	0.148472	29	0.442101	0.238989
ENSG00000091879	ANGPT2	S1_all_tissues_zeros_kept	-0.0637569	29	0.742478	0.0637961
ENSG00000091972	CD200	S1_all_tissues_zeros_kept	0.490389	29	0.00691921	0.741431
ENSG00000091986	CCDC80	S1_all_tissues_zeros_kept	0.821094	29	4.85047e-08	0.98599
ENSG00000092010	PSME1	S1_all_tissues_zeros_kept	0.787192	29	4.06934e-07	0.97605
ENSG00000092020	PPP2R3C	S1_all_tissues_zeros_kept	-0.183548	29	0.340545	0.0209512
ENSG00000092036	HAUS4	S1_all_tissues_zeros_kept	-0.00591206	29	0.975718	0.095844
ENSG00000092051	JPH4	S1_all_tissues_zeros_kept	0.0583904	29	0.763516	0.144559
ENSG00000092054	MYH7	S1_all_tissues_zeros_kept	0.190995	29	0.320966	0.290274
ENSG00000092067	CEBPE	S1_all_tissues_zeros_kept	0.137575	29	0.47667	0.22575
ENSG00000092068	SLC7A8	S1_all_tissues_zeros_kept	0.245542	29	0.199184	0.367823
ENSG00000092094	OSGEP	S1_all_tissues_zeros_kept	0.30936	29	0.102466	0.466195
ENSG00000092098	RNF31	S1_all_tissues_zeros_kept	0.250739	29	0.189537	0.375707
ENSG00000092108	SCFD1	S1_all_tissues_zeros_kept	0.508191	29	0.00488349	0.764653
ENSG00000092148	HECTD1	S1_all_tissues_zeros_kept	0.244828	29	0.200535	0.366624
ENSG00000092199	HNRNPC	S1_all_tissues_zeros_kept	0.332512	29	0.0780004	0.50647
ENSG00000092201	SUPT16H	S1_all_tissues_zeros_kept	0.447291	29	0.0149809	0.682991
ENSG00000092203	TOX4	S1_all_tissues_zeros_kept	-0.0251262	29	0.897059	0.0857326
ENSG00000092208	GEMIN2	S1_all_tissues_zeros_kept	0.166482	29	0.388059	0.259683
ENSG00000092295	TGM1	S1_all_tissues_zeros_kept	0.219375	29	0.252871	0.330891
ENSG00000092330	TINF2	S1_all_tissues_zeros_kept	0.0792125	29	0.682942	0.16174
ENSG00000092345	DAZL	S1_all_tissues_zeros_kept	0.598088	29	0.000611003	0.857541
ENSG00000092421	SEMA6A	S1_all_tissues_zeros_kept	0.439833	29	0.0169625	0.67108
ENSG00000092439	TRPM7	S1_all_tissues_zeros_kept	0.0913696	29	0.637366	0.17545
ENSG00000092531	SNAP23	S1_all_tissues_zeros_kept	0.613793	29	0.000398211	0.871251
ENSG00000092621	PHGDH	S1_all_tissues_zeros_kept	0.870443	29	8.45827e-10	0.993102
ENSG00000092758	COL9A3	S1_all_tissues_zeros_kept	0.33817	29	0.0727688	0.514524
ENSG00000092820	EZR	S1_all_tissues_zeros_kept	0.624631	29	0.000292405	0.879949
ENSG00000092841	MYL6	S1_all_tissues_zeros_kept	0.451724	29	0.0138968	0.689374
ENSG00000092847	AGO1	S1_all_tissues_zeros_kept	0.275369	29	0.148232	0.413496
ENSG00000092850	TEKT2	S1_all_tissues_zeros_kept	0.493335	29	0.00653969	0.745201
ENSG00000092853	CLSPN	S1_all_tissues_zeros_kept	-0.0956902	29	0.621464	0.0474293
ENSG00000092871	RFFL	S1_all_tissues_zeros_kept	0.432904	29	0.018993	0.661825
ENSG00000092929	UNC13D	S1_all_tissues_zeros_kept	0.774817	29	8.0603e-07	0.971508
ENSG00000092964	DPYSL2	S1_all_tissues_zeros_kept	0.707882	29	1.74431e-05	0.94126
ENSG00000092978	GPATCH2	S1_all_tissues_zeros_kept	0.0254793	29	0.89562	0.117352
ENSG00000093000	NUP50	S1_all_tissues_zeros_kept	0.37734	29	0.0435966	0.575493
ENSG00000093010	COMT	S1_all_tissues_zeros_kept	0.50197	29	0.00552729	0.756555
ENSG00000093072	CECR1	S1_all_tissues_zeros_kept	0.470936	29	0.00992343	0.716495
ENSG00000093144	ECHDC1	S1_all_tissues_zeros_kept	0.310876	29	0.100706	0.468937
ENSG00000093167	LRRFIP2	S1_all_tissues_zeros_kept	0.596552	29	0.000636383	0.854799
ENSG00000094631	HDAC6	S1_all_tissues_zeros_kept	0.432512	29	0.0191137	0.660754
ENSG00000094796	KRT31	S1_all_tissues_zeros_kept	-0.0225877	29	0.907413	0.0875321
ENSG00000094841	UPRT	S1_all_tissues_zeros_kept	0.0613376	29	0.751941	0.146915
ENSG00000094880	CDC23	S1_all_tissues_zeros_kept	-0.0842365	29	0.663964	0.0527421
ENSG00000094914	AAAS	S1_all_tissues_zeros_kept	0.1867	29	0.332174	0.284919
ENSG00000094916	CBX5	S1_all_tissues_zeros_kept	0.473399	29	0.00949116	0.719452
ENSG00000094975	SUCO	S1_all_tissues_zeros_kept	0.580478	29	0.000962613	0.841945
ENSG00000095002	MSH2	S1_all_tissues_zeros_kept	0.0591133	29	0.760672	0.14533
ENSG00000095015	MAP3K1	S1_all_tissues_zeros_kept	0.230026	29	0.229977	0.346658
ENSG00000095059	DHPS	S1_all_tissues_zeros_kept	0.0704433	29	0.71652	0.154113
ENSG00000095066	HOOK2	S1_all_tissues_zeros_kept	0.652217	29	0.000126188	0.902956
ENSG00000095110	NXPE1	S1_all_tissues_zeros_kept	0.65192	29	0.000127389	0.902528
ENSG00000095139	ARCN1	S1_all_tissues_zeros_kept	0.348319	29	0.0640667	0.532091
ENSG00000095209	TMEM38B	S1_all_tissues_zeros_kept	0.568445	29	0.00129442	0.830977
ENSG00000095261	PSMD5	S1_all_tissues_zeros_kept	0.489655	29	0.00701665	0.740317
ENSG00000095319	NUP188	S1_all_tissues_zeros_kept	0.0940887	29	0.62734	0.177892
ENSG00000095321	CRAT	S1_all_tissues_zeros_kept	0.709852	29	1.61302e-05	0.941945
ENSG00000095370	SH2D3C	S1_all_tissues_zeros_kept	0.181683	29	0.345559	0.278449
ENSG00000095380	NANS	S1_all_tissues_zeros_kept	0.696552	29	2.70309e-05	0.934704
ENSG00000095485	CWF19L1	S1_all_tissues_zeros_kept	0.318512	29	0.092187	0.485476
ENSG00000095564	BTAF1	S1_all_tissues_zeros_kept	-0.221182	29	0.248886	0.013539
ENSG00000095585	BLNK	S1_all_tissues_zeros_kept	0.595016	29	0.000662677	0.853599
ENSG00000095587	TLL2	S1_all_tissues_zeros_kept	0.452001	29	0.0138313	0.690189
ENSG00000095627	TDRD1	S1_all_tissues_zeros_kept	0.308118	29	0.103924	0.464225
ENSG00000095637	SORBS1	S1_all_tissues_zeros_kept	0.773892	29	8.4685e-07	0.971165
ENSG00000095713	CRTAC1	S1_all_tissues_zeros_kept	0.466768	29	0.0106927	0.711611
ENSG00000095777	MYO3A	S1_all_tissues_zeros_kept	0.227424	29	0.235436	0.342845
ENSG00000095787	WAC	S1_all_tissues_zeros_kept	0.165025	29	0.392285	0.257798
ENSG00000095794	CREM	S1_all_tissues_zeros_kept	0.00985222	29	0.959546	0.105313
ENSG00000095906	NUBP2	S1_all_tissues_zeros_kept	0.34532	29	0.0665487	0.526264
ENSG00000095932	SMIM24	S1_all_tissues_zeros_kept	0.641069	29	0.000178967	0.89413
ENSG00000096006	CRISP3	S1_all_tissues_zeros_kept	0.509431	29	0.00476305	0.76671
ENSG00000096060	FKBP5	S1_all_tissues_zeros_kept	0.283744	29	0.135792	0.42665
ENSG00000096063	SRPK1	S1_all_tissues_zeros_kept	0.275862	29	0.147478	0.414353
ENSG00000096070	BRPF3	S1_all_tissues_zeros_kept	0.412752	29	0.0260653	0.632348
ENSG00000096080	MRPS18A	S1_all_tissues_zeros_kept	0.284658	29	0.134481	0.427806
ENSG00000096088	PGC	S1_all_tissues_zeros_kept	0.309917	29	0.101816	0.467224
ENSG00000096384	HSP90AB1	S1_all_tissues_zeros_kept	0.340887	29	0.0703546	0.519537
ENSG00000096395	MLN	S1_all_tissues_zeros_kept	0.585242	29	0.000853411	0.845758
ENSG00000096401	CDC5L	S1_all_tissues_zeros_kept	0.338753	29	0.0722448	0.515381
ENSG00000096433	ITPR3	S1_all_tissues_zeros_kept	0.618795	29	0.000345791	0.874764
ENSG00000096654	ZNF184	S1_all_tissues_zeros_kept	0.104292	29	0.590304	0.187618
ENSG00000096717	SIRT1	S1_all_tissues_zeros_kept	0.138916	29	0.47234	0.227678
ENSG00000096746	HNRNPH3	S1_all_tissues_zeros_kept	0.484236	29	0.00777232	0.73419
ENSG00000096872	IFT74	S1_all_tissues_zeros_kept	0.483744	29	0.0078443	0.73389
ENSG00000096968	JAK2	S1_all_tissues_zeros_kept	0.454187	29	0.0133234	0.693873
ENSG00000097007	ABL1	S1_all_tissues_zeros_kept	0.629557	29	0.000253139	0.885004
ENSG00000097021	ACOT7	S1_all_tissues_zeros_kept	0.724631	29	8.78416e-06	0.952785
ENSG00000097033	SH3GLB1	S1_all_tissues_zeros_kept	0.49064	29	0.00688616	0.741902
ENSG00000097096	SYDE2	S1_all_tissues_zeros_kept	0.110499	29	0.568249	0.195416
ENSG00000099139	PCSK5	S1_all_tissues_zeros_kept	0.662794	29	8.93914e-05	0.911868
ENSG00000099194	SCD	S1_all_tissues_zeros_kept	0.700124	29	2.35947e-05	0.937318
ENSG00000099203	TMED1	S1_all_tissues_zeros_kept	0.267488	29	0.160671	0.401114
ENSG00000099204	ABLIM1	S1_all_tissues_zeros_kept	0.516749	29	0.00410293	0.775064
ENSG00000099219	ERMP1	S1_all_tissues_zeros_kept	0.860099	29	2.2382e-09	0.992502
ENSG00000099246	RAB18	S1_all_tissues_zeros_kept	0.332512	29	0.0780004	0.50647
ENSG00000099250	NRP1	S1_all_tissues_zeros_kept	0.332183	29	0.0783132	0.505955
ENSG00000099256	PRTFDC1	S1_all_tissues_zeros_kept	0.591844	29	0.000719995	0.8512
ENSG00000099260	PALMD	S1_all_tissues_zeros_kept	0.581106	29	0.000947557	0.842459
ENSG00000099282	TSPAN15	S1_all_tissues_zeros_kept	0.638502	29	0.000193585	0.892117
ENSG00000099284	H2AFY2	S1_all_tissues_zeros_kept	0.797044	29	2.28549e-07	0.979392
ENSG00000099290	FAM21A	S1_all_tissues_zeros_kept	-0.0583816	29	0.76355	0.0657669
ENSG00000099308	MAST3	S1_all_tissues_zeros_kept	0.291908	29	0.124413	0.437832
ENSG00000099331	MYO9B	S1_all_tissues_zeros_kept	0.682266	29	4.5696e-05	0.926478
ENSG00000099341	PSMD8	S1_all_tissues_zeros_kept	0.08867	29	0.647383	0.172708
ENSG00000099365	STX1B	S1_all_tissues_zeros_kept	0.157722	29	0.413854	0.250171
ENSG00000099377	HSD3B7	S1_all_tissues_zeros_kept	0.451287	29	0.0140007	0.688646
ENSG00000099381	SETD1A	S1_all_tissues_zeros_kept	0.155931	29	0.419244	0.247258
ENSG00000099385	BCL7C	S1_all_tissues_zeros_kept	0.304375	29	0.108414	0.457541
ENSG00000099399	MAGEB2	S1_all_tissues_zeros_kept	0.400715	29	0.0312252	0.611611
ENSG00000099617	EFNA2	S1_all_tissues_zeros_kept	0.719623	29	1.08386e-05	0.949057
ENSG00000099622	CIRBP	S1_all_tissues_zeros_kept	0.545813	29	0.00219388	0.809897
ENSG00000099624	ATP5D	S1_all_tissues_zeros_kept	-0.00394137	29	0.983811	0.0965724
ENSG00000099625	CBARP	S1_all_tissues_zeros_kept	0.335591	29	0.0751187	0.510711
ENSG00000099769	IGFALS	S1_all_tissues_zeros_kept	0.330748	29	0.0796895	0.503128
ENSG00000099783	HNRNPM	S1_all_tissues_zeros_kept	0.377833	29	0.0433007	0.576264
ENSG00000099795	NDUFB7	S1_all_tissues_zeros_kept	0.182759	29	0.342662	0.279777
ENSG00000099797	TECR	S1_all_tissues_zeros_kept	0.515271	29	0.00422954	0.772879
ENSG00000099800	TIMM13	S1_all_tissues_zeros_kept	-0.0591133	29	0.760672	0.0654242
ENSG00000099804	CDC34	S1_all_tissues_zeros_kept	0.17931	29	0.352001	0.275236
ENSG00000099810	MTAP	S1_all_tissues_zeros_kept	-0.0598596	29	0.757739	0.0650814
ENSG00000099812	MISP	S1_all_tissues_zeros_kept	0.707765	29	1.75242e-05	0.941174
ENSG00000099814	CEP170B	S1_all_tissues_zeros_kept	0.403699	29	0.0298747	0.618123
ENSG00000099817	POLR2E	S1_all_tissues_zeros_kept	-0.285222	29	0.133678	0.00612682
ENSG00000099822	HCN2	S1_all_tissues_zeros_kept	0.441763	29	0.0164299	0.673822
ENSG00000099834	CDHR5	S1_all_tissues_zeros_kept	0.683474	29	4.376e-05	0.927721
ENSG00000099840	IZUMO4	S1_all_tissues_zeros_kept	-0.000267752	29	0.9989	0.0989289
ENSG00000099849	RASSF7	S1_all_tissues_zeros_kept	0.471726	29	0.00978309	0.717352
ENSG00000099864	PALM	S1_all_tissues_zeros_kept	0.402972	29	0.0301994	0.616838
ENSG00000099866	MADCAM1	S1_all_tissues_zeros_kept	0.553581	29	0.00183811	0.817438
ENSG00000099875	MKNK2	S1_all_tissues_zeros_kept	0.0505965	29	0.794361	0.136804
ENSG00000099899	TRMT2A	S1_all_tissues_zeros_kept	0.360389	29	0.0547967	0.550643
ENSG00000099901	RANBP1	S1_all_tissues_zeros_kept	0.540887	29	0.00244906	0.805141
ENSG00000099904	ZDHHC8	S1_all_tissues_zeros_kept	0.0560063	29	0.772916	0.142716
ENSG00000099910	KLHL22	S1_all_tissues_zeros_kept	-0.0778325	29	0.688189	0.0558269
ENSG00000099917	MED15	S1_all_tissues_zeros_kept	0.120197	29	0.534556	0.205141
ENSG00000099937	SERPIND1	S1_all_tissues_zeros_kept	-0.0683815	29	0.724493	0.0607969
ENSG00000099940	SNAP29	S1_all_tissues_zeros_kept	0.0655172	29	0.735616	0.150643
ENSG00000099942	CRKL	S1_all_tissues_zeros_kept	0.398522	29	0.0322488	0.607755
ENSG00000099949	LZTR1	S1_all_tissues_zeros_kept	-0.0600985	29	0.756801	0.0649529
ENSG00000099953	MMP11	S1_all_tissues_zeros_kept	0.00504142	29	0.979293	0.102871
ENSG00000099954	CECR2	S1_all_tissues_zeros_kept	0.359923	29	0.0551341	0.549829
ENSG00000099956	SMARCB1	S1_all_tissues_zeros_kept	0.509852	29	0.00472276	0.767052
ENSG00000099958	DERL3	S1_all_tissues_zeros_kept	0.385397	29	0.038955	0.587104
ENSG00000099968	BCL2L13	S1_all_tissues_zeros_kept	0.564532	29	0.00142186	0.827849
ENSG00000099977	DDT	S1_all_tissues_zeros_kept	0.452217	29	0.0137805	0.690746
ENSG00000099991	CABIN1	S1_all_tissues_zeros_kept	0.134975	29	0.485117	0.222536
ENSG00000099992	TBC1D10A	S1_all_tissues_zeros_kept	0.27931	29	0.142279	0.41988
ENSG00000099994	SUSD2	S1_all_tissues_zeros_kept	0.398949	29	0.0320476	0.608355
ENSG00000099995	SF3A1	S1_all_tissues_zeros_kept	0.428571	29	0.0203618	0.656298
ENSG00000099998	GGT5	S1_all_tissues_zeros_kept	0.470443	29	0.0100118	0.715895
ENSG00000100003	SEC14L2	S1_all_tissues_zeros_kept	0.663662	29	8.68462e-05	0.912725
ENSG00000100014	SPECC1L	S1_all_tissues_zeros_kept	0.0812808	29	0.675105	0.163582
ENSG00000100023	PPIL2	S1_all_tissues_zeros_kept	0.239409	29	0.210996	0.35874
ENSG00000100024	UPB1	S1_all_tissues_zeros_kept	0.557469	29	0.00167965	0.821722
ENSG00000100028	SNRPD3	S1_all_tissues_zeros_kept	0.0871921	29	0.652892	0.171037
ENSG00000100029	PES1	S1_all_tissues_zeros_kept	0.121675	29	0.529506	0.207412
ENSG00000100030	MAPK1	S1_all_tissues_zeros_kept	0.505911	29	0.00511156	0.762382
ENSG00000100033	PRODH	S1_all_tissues_zeros_kept	0.558212	29	0.00165075	0.822408
ENSG00000100034	PPM1F	S1_all_tissues_zeros_kept	0.318719	29	0.0919639	0.486161
ENSG00000100038	TOP3B	S1_all_tissues_zeros_kept	0.180788	29	0.34798	0.277207
ENSG00000100056	DGCR14	S1_all_tissues_zeros_kept	0.0397797	29	0.837667	0.128749
ENSG00000100060	MFNG	S1_all_tissues_zeros_kept	0.442507	29	0.0162284	0.674764
ENSG00000100065	CARD10	S1_all_tissues_zeros_kept	0.179196	29	0.352314	0.274936
ENSG00000100075	SLC25A1	S1_all_tissues_zeros_kept	0.500616	29	0.00567666	0.754327
ENSG00000100077	ADRBK2	S1_all_tissues_zeros_kept	0.16792	29	0.383914	0.261225
ENSG00000100083	GGA1	S1_all_tissues_zeros_kept	0.292118	29	0.12413	0.438132
ENSG00000100084	HIRA	S1_all_tissues_zeros_kept	0.112863	29	0.559946	0.197815
ENSG00000100092	SH3BP1	S1_all_tissues_zeros_kept	0.850867	29	5.00783e-09	0.991388
ENSG00000100095	SEZ6L	S1_all_tissues_zeros_kept	-0.14724	29	0.445939	0.0297772
ENSG00000100097	LGALS1	S1_all_tissues_zeros_kept	0.553695	29	0.00183331	0.817609
ENSG00000100099	HPS4	S1_all_tissues_zeros_kept	-0.0868076	29	0.654328	0.0511997
ENSG00000100100	PIK3IP1	S1_all_tissues_zeros_kept	0.189163	29	0.325719	0.287618
ENSG00000100105	PATZ1	S1_all_tissues_zeros_kept	0.270397	29	0.155996	0.40527
ENSG00000100106	TRIOBP	S1_all_tissues_zeros_kept	0.471429	29	0.00983568	0.716967
ENSG00000100109	TFIP11	S1_all_tissues_zeros_kept	0.253202	29	0.185081	0.379949
ENSG00000100122	CRYBB1	S1_all_tissues_zeros_kept	0.124913	29	0.518522	0.211997
ENSG00000100124	ANKRD54	S1_all_tissues_zeros_kept	0.0802956	29	0.678834	0.162425
ENSG00000100129	EIF3L	S1_all_tissues_zeros_kept	0.203941	29	0.288622	0.307027
ENSG00000100138	SNU13	S1_all_tissues_zeros_kept	0.141379	29	0.464445	0.23042
ENSG00000100139	MICALL1	S1_all_tissues_zeros_kept	0.284236	29	0.135084	0.427464
ENSG00000100142	POLR2F	S1_all_tissues_zeros_kept	-0.0821468	29	0.671834	0.0539417
ENSG00000100146	SOX10	S1_all_tissues_zeros_kept	0.422921	29	0.0222677	0.648972
ENSG00000100147	CCDC134	S1_all_tissues_zeros_kept	0.63381	29	0.000223063	0.887789
ENSG00000100150	DEPDC5	S1_all_tissues_zeros_kept	0.0857248	29	0.65838	0.169109
ENSG00000100151	PICK1	S1_all_tissues_zeros_kept	0.252217	29	0.186854	0.378363
ENSG00000100154	TTC28	S1_all_tissues_zeros_kept	0.34019	29	0.0709679	0.517652
ENSG00000100162	CENPM	S1_all_tissues_zeros_kept	0.0971174	29	0.616247	0.181705
ENSG00000100167	SEPT3	S1_all_tissues_zeros_kept	0.309002	29	0.102885	0.465424
ENSG00000100170	SLC5A1	S1_all_tissues_zeros_kept	0.264627	29	0.165364	0.395587
ENSG00000100191	SLC5A4	S1_all_tissues_zeros_kept	0.371328	29	0.0473387	0.566538
ENSG00000100201	DDX17	S1_all_tissues_zeros_kept	0.368473	29	0.0492026	0.562596
ENSG00000100207	TCF20	S1_all_tissues_zeros_kept	0.533005	29	0.00291057	0.796058
ENSG00000100209	HSCB	S1_all_tissues_zeros_kept	-0.199286	29	0.300006	0.0176949
ENSG00000100211	CBY1	S1_all_tissues_zeros_kept	0.053797	29	0.781655	0.14066
ENSG00000100216	TOMM22	S1_all_tissues_zeros_kept	0.216749	29	0.25874	0.326735
ENSG00000100220	RTCB	S1_all_tissues_zeros_kept	-0.366995	29	0.05019	0.00201371
ENSG00000100221	JOSD1	S1_all_tissues_zeros_kept	0.250932	29	0.189185	0.37605
ENSG00000100225	FBXO7	S1_all_tissues_zeros_kept	0.0453202	29	0.815419	0.132562
ENSG00000100226	GTPBP1	S1_all_tissues_zeros_kept	0.130542	29	0.499698	0.218338
ENSG00000100227	POLDIP3	S1_all_tissues_zeros_kept	0.535468	29	0.00275893	0.799015
ENSG00000100234	TIMP3	S1_all_tissues_zeros_kept	0.553695	29	0.00183331	0.817609
ENSG00000100239	PPP6R2	S1_all_tissues_zeros_kept	0.40936	29	0.0274434	0.626435
ENSG00000100241	SBF1	S1_all_tissues_zeros_kept	-0.0103448	29	0.957525	0.0937875
ENSG00000100242	SUN2	S1_all_tissues_zeros_kept	0.229557	29	0.230955	0.34593
ENSG00000100243	CYB5R3	S1_all_tissues_zeros_kept	0.644828	29	0.000159322	0.897215
ENSG00000100246	DNAL4	S1_all_tissues_zeros_kept	0.116866	29	0.546021	0.202356
ENSG00000100253	MIOX	S1_all_tissues_zeros_kept	0.0551677	29	0.77623	0.141688
ENSG00000100258	LMF2	S1_all_tissues_zeros_kept	0.223153	29	0.244586	0.336932
ENSG00000100263	RHBDD3	S1_all_tissues_zeros_kept	0.26769	29	0.160343	0.401671
ENSG00000100266	PACSIN2	S1_all_tissues_zeros_kept	0.510345	29	0.00467598	0.767652
ENSG00000100271	TTLL1	S1_all_tissues_zeros_kept	-0.00929958	29	0.961814	0.0946444
ENSG00000100280	AP1B1	S1_all_tissues_zeros_kept	0.214778	29	0.2632	0.324507
ENSG00000100281	HMGXB4	S1_all_tissues_zeros_kept	0.439901	29	0.0169433	0.67138
ENSG00000100284	TOM1	S1_all_tissues_zeros_kept	0.617241	29	0.000361384	0.873093
ENSG00000100285	NEFH	S1_all_tissues_zeros_kept	0.318887	29	0.0917833	0.486418
ENSG00000100288	CHKB	S1_all_tissues_zeros_kept	0.0754066	29	0.697447	0.158312
ENSG00000100292	HMOX1	S1_all_tissues_zeros_kept	0.645813	29	0.0001545	0.897986
ENSG00000100294	MCAT	S1_all_tissues_zeros_kept	0.460894	29	0.0118608	0.703213
ENSG00000100296	THOC5	S1_all_tissues_zeros_kept	-0.00394089	29	0.983813	0.0968723
ENSG00000100297	MCM5	S1_all_tissues_zeros_kept	0.70452	29	1.99056e-05	0.93886
ENSG00000100299	ARSA	S1_all_tissues_zeros_kept	0.638424	29	0.000194049	0.891859
ENSG00000100300	TSPO	S1_all_tissues_zeros_kept	0.151232	29	0.433567	0.241945
ENSG00000100302	RASD2	S1_all_tissues_zeros_kept	0.0645714	29	0.739301	0.149743
ENSG00000100304	TTLL12	S1_all_tissues_zeros_kept	0.5	29	0.00574571	0.752913
ENSG00000100307	CBX7	S1_all_tissues_zeros_kept	0.245813	29	0.198672	0.368252
ENSG00000100311	PDGFB	S1_all_tissues_zeros_kept	0.316198	29	0.094709	0.478535
ENSG00000100312	ACR	S1_all_tissues_zeros_kept	0.401386	29	0.0309172	0.613368
ENSG00000100316	RPL3	S1_all_tissues_zeros_kept	0.271921	29	0.153586	0.408783
ENSG00000100319	ZMAT5	S1_all_tissues_zeros_kept	-0.0490475	29	0.800529	0.0704799
ENSG00000100320	RBFOX2	S1_all_tissues_zeros_kept	0.360882	29	0.054442	0.551285
ENSG00000100321	SYNGR1	S1_all_tissues_zeros_kept	0.538833	29	0.00256275	0.803128
ENSG00000100324	TAB1	S1_all_tissues_zeros_kept	0.0152747	29	0.937317	0.110069
ENSG00000100325	ASCC2	S1_all_tissues_zeros_kept	0.521675	29	0.00370403	0.780548
ENSG00000100330	MTMR3	S1_all_tissues_zeros_kept	0.234483	29	0.220823	0.352099
ENSG00000100335	MIEF1	S1_all_tissues_zeros_kept	0.221182	29	0.248886	0.333548
ENSG00000100345	MYH9	S1_all_tissues_zeros_kept	0.71133	29	1.52045e-05	0.942631
ENSG00000100347	SAMM50	S1_all_tissues_zeros_kept	0.166995	29	0.386577	0.260497
ENSG00000100348	TXN2	S1_all_tissues_zeros_kept	0.344828	29	0.0669635	0.525621
ENSG00000100350	FOXRED2	S1_all_tissues_zeros_kept	0.394044	29	0.0344229	0.5997
ENSG00000100353	EIF3D	S1_all_tissues_zeros_kept	0.168473	29	0.382328	0.262296
ENSG00000100354	TNRC6B	S1_all_tissues_zeros_kept	0.258534	29	0.175685	0.387446
ENSG00000100359	SGSM3	S1_all_tissues_zeros_kept	0.304926	29	0.107744	0.45844
ENSG00000100360	IFT27	S1_all_tissues_zeros_kept	0.171429	29	0.373911	0.266538
ENSG00000100362	PVALB	S1_all_tissues_zeros_kept	0.262217	29	0.169394	0.392674
ENSG00000100364	KIAA0930	S1_all_tissues_zeros_kept	0.211752	29	0.270147	0.319409
ENSG00000100365	NCF4	S1_all_tissues_zeros_kept	0.652045	29	0.000126881	0.902699
ENSG00000100372	SLC25A17	S1_all_tissues_zeros_kept	0.0946279	29	0.625359	0.178792
ENSG00000100373	UPK3A	S1_all_tissues_zeros_kept	0.368912	29	0.0489119	0.563153
ENSG00000100379	KCTD17	S1_all_tissues_zeros_kept	0.250556	29	0.189871	0.37545
ENSG00000100380	ST13	S1_all_tissues_zeros_kept	0.668473	29	7.38734e-05	0.917438
ENSG00000100387	RBX1	S1_all_tissues_zeros_kept	0.254187	29	0.183319	0.381662
ENSG00000100393	EP300	S1_all_tissues_zeros_kept	0.280576	29	0.140404	0.422151
ENSG00000100395	L3MBTL2	S1_all_tissues_zeros_kept	0.120396	29	0.533873	0.20587
ENSG00000100401	RANGAP1	S1_all_tissues_zeros_kept	0.493596	29	0.00650697	0.74563
ENSG00000100403	ZC3H7B	S1_all_tissues_zeros_kept	0.00541872	29	0.977744	0.103085
ENSG00000100410	PHF5A	S1_all_tissues_zeros_kept	0.373892	29	0.0457129	0.570823
ENSG00000100412	ACO2	S1_all_tissues_zeros_kept	0.825616	29	3.53251e-08	0.987147
ENSG00000100413	POLR3H	S1_all_tissues_zeros_kept	-0.0336968	29	0.862235	0.0801628
ENSG00000100416	TRMU	S1_all_tissues_zeros_kept	0.305456	29	0.107102	0.45934
ENSG00000100417	PMM1	S1_all_tissues_zeros_kept	0.273399	29	0.151275	0.410411
ENSG00000100418	DESI1	S1_all_tissues_zeros_kept	0.417388	29	0.0242732	0.638946
ENSG00000100422	CERK	S1_all_tissues_zeros_kept	0.288339	29	0.129298	0.433462
ENSG00000100425	BRD1	S1_all_tissues_zeros_kept	0.281773	29	0.138648	0.423822
ENSG00000100427	MLC1	S1_all_tissues_zeros_kept	0.40828	29	0.0278944	0.625064
ENSG00000100429	HDAC10	S1_all_tissues_zeros_kept	0.500804	29	0.00565569	0.754627
ENSG00000100433	KCNK10	S1_all_tissues_zeros_kept	0.457534	29	0.0125758	0.698586
ENSG00000100439	ABHD4	S1_all_tissues_zeros_kept	0.566326	29	0.00136214	0.829135
ENSG00000100441	KHNYN	S1_all_tissues_zeros_kept	0.62052	29	0.000329187	0.876564
ENSG00000100442	FKBP3	S1_all_tissues_zeros_kept	0.0625616	29	0.747149	0.148372
ENSG00000100445	SDR39U1	S1_all_tissues_zeros_kept	0.257667	29	0.177189	0.386247
ENSG00000100461	RBM23	S1_all_tissues_zeros_kept	0.182074	29	0.344505	0.278963
ENSG00000100462	PRMT5	S1_all_tissues_zeros_kept	0.070936	29	0.714619	0.154713
ENSG00000100473	COCH	S1_all_tissues_zeros_kept	0.34406	29	0.0676138	0.52455
ENSG00000100478	AP4S1	S1_all_tissues_zeros_kept	0.339409	29	0.0716599	0.516624
ENSG00000100479	POLE2	S1_all_tissues_zeros_kept	0.332609	29	0.0779088	0.506812
ENSG00000100483	VCPKMT	S1_all_tissues_zeros_kept	0.22484	29	0.240944	0.339289
ENSG00000100485	SOS2	S1_all_tissues_zeros_kept	0.147291	29	0.445781	0.237189
ENSG00000100503	NIN	S1_all_tissues_zeros_kept	0.275369	29	0.148232	0.413496
ENSG00000100505	TRIM9	S1_all_tissues_zeros_kept	0.370098	29	0.0481349	0.564996
ENSG00000100519	PSMC6	S1_all_tissues_zeros_kept	0.219212	29	0.253234	0.330548
ENSG00000100522	GNPNAT1	S1_all_tissues_zeros_kept	0.673399	29	6.2406e-05	0.921208
ENSG00000100528	CNIH1	S1_all_tissues_zeros_kept	0.316228	29	0.0946761	0.479306
ENSG00000100554	ATP6V1D	S1_all_tissues_zeros_kept	0.31531	29	0.0956905	0.476478
ENSG00000100558	PLEK2	S1_all_tissues_zeros_kept	0.575192	29	0.00109791	0.837061
ENSG00000100567	PSMA3	S1_all_tissues_zeros_kept	0.358128	29	0.0564476	0.546101
ENSG00000100568	VTI1B	S1_all_tissues_zeros_kept	-0.0738916	29	0.70325	0.0580977
ENSG00000100575	TIMM9	S1_all_tissues_zeros_kept	-0.128571	29	0.506249	0.0355184
ENSG00000100577	GSTZ1	S1_all_tissues_zeros_kept	0.399015	29	0.0320165	0.608569
ENSG00000100578	KIAA0586	S1_all_tissues_zeros_kept	-0.116066	29	0.548791	0.0392888
ENSG00000100580	TMED8	S1_all_tissues_zeros_kept	0.544335	29	0.00226791	0.808012
ENSG00000100583	SAMD15	S1_all_tissues_zeros_kept	0.315701	29	0.0952571	0.477078
ENSG00000100591	AHSA1	S1_all_tissues_zeros_kept	0.27931	29	0.142279	0.41988
ENSG00000100592	DAAM1	S1_all_tissues_zeros_kept	0.415271	29	0.0250786	0.63599
ENSG00000100593	ISM2	S1_all_tissues_zeros_kept	0.208014	29	0.27889	0.31341
ENSG00000100596	SPTLC2	S1_all_tissues_zeros_kept	0.147783	29	0.444244	0.238003
ENSG00000100599	RIN3	S1_all_tissues_zeros_kept	0.35497	29	0.0588187	0.541731
ENSG00000100600	LGMN	S1_all_tissues_zeros_kept	0.812808	29	8.48167e-08	0.98449
ENSG00000100601	ALKBH1	S1_all_tissues_zeros_kept	-0.219915	29	0.251676	0.0138389
ENSG00000100603	SNW1	S1_all_tissues_zeros_kept	0.330542	29	0.0798888	0.502528
ENSG00000100604	CHGA	S1_all_tissues_zeros_kept	0.798019	29	2.15504e-07	0.980163
ENSG00000100605	ITPK1	S1_all_tissues_zeros_kept	0.455172	29	0.0130995	0.695501
ENSG00000100612	DHRS7	S1_all_tissues_zeros_kept	0.761084	29	1.64e-06	0.966624
ENSG00000100614	PPM1A	S1_all_tissues_zeros_kept	0.490454	29	0.00691062	0.741602
ENSG00000100625	SIX4	S1_all_tissues_zeros_kept	0.418468	29	0.0238707	0.640831
ENSG00000100632	ERH	S1_all_tissues_zeros_kept	0.182266	29	0.343987	0.279135
ENSG00000100644	HIF1A	S1_all_tissues_zeros_kept	0.225722	29	0.239055	0.340488
ENSG00000100650	SRSF5	S1_all_tissues_zeros_kept	-0.243842	29	0.20241	0.00989717
ENSG00000100652	SLC10A1	S1_all_tissues_zeros_kept	0.330906	29	0.0795371	0.503385
ENSG00000100664	EIF5	S1_all_tissues_zeros_kept	0.212808	29	0.26771	0.321808
ENSG00000100665	SERPINA4	S1_all_tissues_zeros_kept	0.0598242	29	0.757878	0.146058
ENSG00000100678	SLC8A3	S1_all_tissues_zeros_kept	0.527335	29	0.00328714	0.787832
ENSG00000100697	DICER1	S1_all_tissues_zeros_kept	0.100493	29	0.603983	0.184533
ENSG00000100711	ZFYVE21	S1_all_tissues_zeros_kept	0.483251	29	0.00791685	0.733505
ENSG00000100714	MTHFD1	S1_all_tissues_zeros_kept	0.6	29	0.000580658	0.860026
ENSG00000100721	TCL1A	S1_all_tissues_zeros_kept	0.416679	29	0.0245404	0.637404
ENSG00000100722	ZC3H14	S1_all_tissues_zeros_kept	0.433005	29	0.0189622	0.662168
ENSG00000100726	TELO2	S1_all_tissues_zeros_kept	-0.053021	29	0.784731	0.0674807
ENSG00000100744	GSKIP	S1_all_tissues_zeros_kept	0.549575	29	0.00201478	0.81341
ENSG00000100749	VRK1	S1_all_tissues_zeros_kept	0.706404	29	1.84899e-05	0.939931
ENSG00000100764	PSMC1	S1_all_tissues_zeros_kept	0.0852217	29	0.660265	0.168209
ENSG00000100767	PAPLN	S1_all_tissues_zeros_kept	0.238716	29	0.21236	0.357883
ENSG00000100784	RPS6KA5	S1_all_tissues_zeros_kept	0.63932	29	0.000188817	0.892845
ENSG00000100796	PPP4R3A	S1_all_tissues_zeros_kept	0.121675	29	0.529506	0.207412
ENSG00000100804	PSMB5	S1_all_tissues_zeros_kept	0.502032	29	0.00552055	0.756684
ENSG00000100811	YY1	S1_all_tissues_zeros_kept	0.255172	29	0.181568	0.382991
ENSG00000100813	ACIN1	S1_all_tissues_zeros_kept	0.240887	29	0.208107	0.361611
ENSG00000100814	CCNB1IP1	S1_all_tissues_zeros_kept	0.0493244	29	0.799426	0.136033
ENSG00000100815	TRIP11	S1_all_tissues_zeros_kept	0.157143	29	0.415592	0.249443
ENSG00000100823	APEX1	S1_all_tissues_zeros_kept	0.537438	29	0.00264255	0.801628
ENSG00000100836	PABPN1	S1_all_tissues_zeros_kept	0.277482	29	0.145019	0.417009
ENSG00000100852	ARHGAP5	S1_all_tissues_zeros_kept	0.357143	29	0.0571791	0.544344
ENSG00000100865	CINP	S1_all_tissues_zeros_kept	0.130542	29	0.499698	0.218338
ENSG00000100867	DHRS2	S1_all_tissues_zeros_kept	0.55697	29	0.00169927	0.821551
ENSG00000100883	SRP54	S1_all_tissues_zeros_kept	0.333785	29	0.0767991	0.507926
ENSG00000100884	CPNE6	S1_all_tissues_zeros_kept	0.500574	29	0.0056813	0.754199
ENSG00000100888	CHD8	S1_all_tissues_zeros_kept	0.239409	29	0.210996	0.35874
ENSG00000100889	PCK2	S1_all_tissues_zeros_kept	0.870936	29	8.05872e-10	0.993188
ENSG00000100890	KIAA0391	S1_all_tissues_zeros_kept	0.428571	29	0.0203618	0.656298
ENSG00000100897	DCAF11	S1_all_tissues_zeros_kept	0.410837	29	0.0268359	0.62862
ENSG00000100902	PSMA6	S1_all_tissues_zeros_kept	0.214286	29	0.264323	0.323565
ENSG00000100906	NFKBIA	S1_all_tissues_zeros_kept	0.129557	29	0.502968	0.217481
ENSG00000100908	EMC9	S1_all_tissues_zeros_kept	0.325071	29	0.0853156	0.49473
ENSG00000100911	PSME2	S1_all_tissues_zeros_kept	0.687192	29	3.82542e-05	0.929991
ENSG00000100916	BRMS1L	S1_all_tissues_zeros_kept	0.235468	29	0.218833	0.353256
ENSG00000100934	SEC23A	S1_all_tissues_zeros_kept	0.697537	29	2.60411e-05	0.93539
ENSG00000100938	GMPR2	S1_all_tissues_zeros_kept	-0.0418719	29	0.82925	0.0751071
ENSG00000100941	PNN	S1_all_tissues_zeros_kept	0.264532	29	0.165523	0.395373
ENSG00000100949	RABGGTA	S1_all_tissues_zeros_kept	-0.132036	29	0.49476	0.0344045
ENSG00000100968	NFATC4	S1_all_tissues_zeros_kept	0.666751	29	7.8304e-05	0.915553
ENSG00000100979	PLTP	S1_all_tissues_zeros_kept	0.652217	29	0.000126188	0.902956
ENSG00000100982	PCIF1	S1_all_tissues_zeros_kept	0.415764	29	0.0248892	0.636718
ENSG00000100983	GSS	S1_all_tissues_zeros_kept	0.503448	29	0.00536814	0.758612
ENSG00000100985	MMP9	S1_all_tissues_zeros_kept	0.435058	29	0.0183416	0.664567
ENSG00000100991	TRPC4AP	S1_all_tissues_zeros_kept	-0.0426598	29	0.826086	0.0746787
ENSG00000100994	PYGB	S1_all_tissues_zeros_kept	0.637438	29	0.000199947	0.890917
ENSG00000100997	ABHD12	S1_all_tissues_zeros_kept	0.449261	29	0.0144907	0.685604
ENSG00000101000	PROCR	S1_all_tissues_zeros_kept	0.64335	29	0.000166805	0.895458
ENSG00000101003	GINS1	S1_all_tissues_zeros_kept	0.339537	29	0.0715457	0.516838
ENSG00000101004	NINL	S1_all_tissues_zeros_kept	0.230619	29	0.228745	0.347858
ENSG00000101017	CD40	S1_all_tissues_zeros_kept	0.48493	29	0.00767191	0.735518
ENSG00000101019	UQCC1	S1_all_tissues_zeros_kept	0.28867	29	0.128839	0.434147
ENSG00000101040	ZMYND8	S1_all_tissues_zeros_kept	0.389163	29	0.0369262	0.592674
ENSG00000101049	SGK2	S1_all_tissues_zeros_kept	0.786045	29	4.34364e-07	0.975707
ENSG00000101052	IFT52	S1_all_tissues_zeros_kept	0.607056	29	0.000479804	0.865767
ENSG00000101079	NDRG3	S1_all_tissues_zeros_kept	0.679148	29	5.10503e-05	0.924807
ENSG00000101084	C20orf24	S1_all_tissues_zeros_kept	0.0590735	29	0.760828	0.145201
ENSG00000101096	NFATC2	S1_all_tissues_zeros_kept	0.535142	29	0.00277858	0.798415
ENSG00000101109	STK4	S1_all_tissues_zeros_kept	0.798522	29	2.09039e-07	0.980591
ENSG00000101126	ADNP	S1_all_tissues_zeros_kept	0.592611	29	0.000705758	0.851414
ENSG00000101132	PFDN4	S1_all_tissues_zeros_kept	0.127094	29	0.51119	0.214867
ENSG00000101138	CSTF1	S1_all_tissues_zeros_kept	0.247783	29	0.194982	0.371337
ENSG00000101144	BMP7	S1_all_tissues_zeros_kept	0.43809	29	0.0174555	0.667909
ENSG00000101146	RAE1	S1_all_tissues_zeros_kept	0.321675	29	0.0888231	0.49006
ENSG00000101150	TPD52L2	S1_all_tissues_zeros_kept	0.411823	29	0.0264369	0.630763
ENSG00000101152	DNAJC5	S1_all_tissues_zeros_kept	0.28501	29	0.133978	0.42832
ENSG00000101158	NELFCD	S1_all_tissues_zeros_kept	0.310345	29	0.10132	0.467823
ENSG00000101160	CTSZ	S1_all_tissues_zeros_kept	0.59803	29	0.000611952	0.856427
ENSG00000101161	PRPF6	S1_all_tissues_zeros_kept	0.381328	29	0.0412472	0.580848
ENSG00000101162	TUBB1	S1_all_tissues_zeros_kept	0.316228	29	0.0946761	0.479306
ENSG00000101181	MTG2	S1_all_tissues_zeros_kept	0.210217	29	0.273717	0.316838
ENSG00000101182	PSMA7	S1_all_tissues_zeros_kept	0.110345	29	0.568792	0.195116
ENSG00000101189	MRGBP	S1_all_tissues_zeros_kept	0.525589	29	0.0034112	0.784362
ENSG00000101191	DIDO1	S1_all_tissues_zeros_kept	0.33399	29	0.0766068	0.508526
ENSG00000101193	GID8	S1_all_tissues_zeros_kept	0.0694581	29	0.720326	0.15347
ENSG00000101199	ARFGAP1	S1_all_tissues_zeros_kept	0.12266	29	0.526153	0.208869
ENSG00000101203	COL20A1	S1_all_tissues_zeros_kept	0.330906	29	0.0795371	0.503385
ENSG00000101210	EEF1A2	S1_all_tissues_zeros_kept	0.789268	29	3.61263e-07	0.976564
ENSG00000101216	GMEB2	S1_all_tissues_zeros_kept	-0.072678	29	0.707911	0.0587404
ENSG00000101220	C20orf27	S1_all_tissues_zeros_kept	0.472718	29	0.00960901	0.718638
ENSG00000101222	SPEF1	S1_all_tissues_zeros_kept	0.265945	29	0.16319	0.398115
ENSG00000101246	ARFRP1	S1_all_tissues_zeros_kept	0.271495	29	0.154256	0.407926
ENSG00000101247	NDUFAF5	S1_all_tissues_zeros_kept	0.275148	29	0.148571	0.413068
ENSG00000101266	CSNK2A1	S1_all_tissues_zeros_kept	0.403941	29	0.0297676	0.618466
ENSG00000101290	CDS2	S1_all_tissues_zeros_kept	0.333005	29	0.0775337	0.507198
ENSG00000101294	HM13	S1_all_tissues_zeros_kept	0.402956	29	0.0302068	0.616538
ENSG00000101306	MYLK2	S1_all_tissues_zeros_kept	1	29	0	0.997943
ENSG00000101310	SEC23B	S1_all_tissues_zeros_kept	0.482266	29	0.00806363	0.732434
ENSG00000101311	FERMT1	S1_all_tissues_zeros_kept	0.566564	29	0.00135439	0.829649
ENSG00000101323	HAO1	S1_all_tissues_zeros_kept	0.322856	29	0.0875907	0.492245
ENSG00000101331	CCM2L	S1_all_tissues_zeros_kept	0.122615	29	0.526306	0.208698
ENSG00000101335	MYL9	S1_all_tissues_zeros_kept	0.658621	29	0.000102579	0.908698
ENSG00000101337	TM9SF4	S1_all_tissues_zeros_kept	0.170711	29	0.375945	0.26521
ENSG00000101343	CRNKL1	S1_all_tissues_zeros_kept	-0.0118227	29	0.951464	0.0927164
ENSG00000101346	POFUT1	S1_all_tissues_zeros_kept	0.285714	29	0.132978	0.429606
ENSG00000101347	SAMHD1	S1_all_tissues_zeros_kept	0.760099	29	1.72263e-06	0.966452
ENSG00000101349	PAK7	S1_all_tissues_zeros_kept	0.0236433	29	0.903105	0.11641
ENSG00000101350	KIF3B	S1_all_tissues_zeros_kept	0.179803	29	0.350658	0.275835
ENSG00000101361	NOP56	S1_all_tissues_zeros_kept	0.380296	29	0.0418453	0.57922
ENSG00000101363	MANBAL	S1_all_tissues_zeros_kept	0.0036996	29	0.984804	0.101928
ENSG00000101365	IDH3B	S1_all_tissues_zeros_kept	0.152217	29	0.430542	0.243145
ENSG00000101367	MAPRE1	S1_all_tissues_zeros_kept	0.421182	29	0.0228827	0.646872
ENSG00000101384	JAG1	S1_all_tissues_zeros_kept	0.358128	29	0.0564476	0.546101
ENSG00000101391	CDK5RAP1	S1_all_tissues_zeros_kept	0.0768868	29	0.691793	0.159683
ENSG00000101400	SNTA1	S1_all_tissues_zeros_kept	0.508374	29	0.00486549	0.764953
ENSG00000101407	TTI1	S1_all_tissues_zeros_kept	-0.431334	29	0.0194801	0.000471294
ENSG00000101413	RPRD1B	S1_all_tissues_zeros_kept	0.170936	29	0.375306	0.265596
ENSG00000101417	PXMP4	S1_all_tissues_zeros_kept	0.462122	29	0.0116083	0.705013
ENSG00000101421	CHMP4B	S1_all_tissues_zeros_kept	0.0901478	29	0.641892	0.173736
ENSG00000101425	BPI	S1_all_tissues_zeros_kept	-0.354771	29	0.0589705	0.00261354
ENSG00000101435	CST9L	S1_all_tissues_zeros_kept	0.598088	29	0.000611003	0.857541
ENSG00000101438	SLC32A1	S1_all_tissues_zeros_kept	0.527335	29	0.00328714	0.787832
ENSG00000101439	CST3	S1_all_tissues_zeros_kept	0.473399	29	0.00949116	0.719452
ENSG00000101441	CST4	S1_all_tissues_zeros_kept	0.293915	29	0.121726	0.440831
ENSG00000101442	ACTR5	S1_all_tissues_zeros_kept	0.612637	29	0.000411276	0.87048
ENSG00000101443	WFDC2	S1_all_tissues_zeros_kept	0.753185	29	2.41677e-06	0.963368
ENSG00000101444	AHCY	S1_all_tissues_zeros_kept	0.266995	29	0.161473	0.399957
ENSG00000101445	PPP1R16B	S1_all_tissues_zeros_kept	0.227306	29	0.235688	0.342545
ENSG00000101452	DHX35	S1_all_tissues_zeros_kept	0.326149	29	0.0842252	0.496701
ENSG00000101457	DNTTIP1	S1_all_tissues_zeros_kept	0.17734	29	0.357405	0.273265
ENSG00000101460	MAP1LC3A	S1_all_tissues_zeros_kept	0.463775	29	0.0112751	0.707412
ENSG00000101464	PIGU	S1_all_tissues_zeros_kept	0.288177	29	0.129522	0.433162
ENSG00000101473	ACOT8	S1_all_tissues_zeros_kept	0.329351	29	0.081047	0.501243
ENSG00000101474	APMAP	S1_all_tissues_zeros_kept	0.641379	29	0.000177267	0.894259
ENSG00000101489	CELF4	S1_all_tissues_zeros_kept	0.169863	29	0.378356	0.264225
ENSG00000101542	CDH20	S1_all_tissues_zeros_kept	0.346581	29	0.0654962	0.52922
ENSG00000101546	RBFA	S1_all_tissues_zeros_kept	0.0777363	29	0.688555	0.160368
ENSG00000101557	USP14	S1_all_tissues_zeros_kept	0.155665	29	0.420046	0.246915
ENSG00000101558	VAPA	S1_all_tissues_zeros_kept	0.358621	29	0.0560847	0.547258
ENSG00000101577	LPIN2	S1_all_tissues_zeros_kept	0.252217	29	0.186854	0.378363
ENSG00000101596	SMCHD1	S1_all_tissues_zeros_kept	0.483311	29	0.00790805	0.733633
ENSG00000101605	MYOM1	S1_all_tissues_zeros_kept	0.325232	29	0.0851519	0.495673
ENSG00000101608	MYL12A	S1_all_tissues_zeros_kept	0.0935961	29	0.629151	0.177164
ENSG00000101639	CEP192	S1_all_tissues_zeros_kept	0.0561715	29	0.772264	0.143231
ENSG00000101654	RNMT	S1_all_tissues_zeros_kept	0.331034	29	0.0794135	0.503642
ENSG00000101670	LIPG	S1_all_tissues_zeros_kept	0.480195	29	0.00837961	0.727892
ENSG00000101680	LAMA1	S1_all_tissues_zeros_kept	0.253209	29	0.185068	0.380163
ENSG00000101745	ANKRD12	S1_all_tissues_zeros_kept	-0.110837	29	0.567057	0.0413882
ENSG00000101751	POLI	S1_all_tissues_zeros_kept	-0.0403941	29	0.835194	0.0760925
ENSG00000101752	MIB1	S1_all_tissues_zeros_kept	0.256682	29	0.17891	0.384704
ENSG00000101773	RBBP8	S1_all_tissues_zeros_kept	0.315388	29	0.0956039	0.476564
ENSG00000101782	RIOK3	S1_all_tissues_zeros_kept	0.285964	29	0.132624	0.430034
ENSG00000101811	CSTF2	S1_all_tissues_zeros_kept	0.399507	29	0.0317857	0.60964
ENSG00000101825	MXRA5	S1_all_tissues_zeros_kept	0.413317	29	0.025841	0.633333
ENSG00000101842	VSIG1	S1_all_tissues_zeros_kept	0.523908	29	0.00353443	0.782905
ENSG00000101843	PSMD10	S1_all_tissues_zeros_kept	0.470443	29	0.0100118	0.715895
ENSG00000101844	ATG4A	S1_all_tissues_zeros_kept	0.367176	29	0.0500683	0.560454
ENSG00000101846	STS	S1_all_tissues_zeros_kept	-0.0115758	29	0.952476	0.0930163
ENSG00000101849	TBL1X	S1_all_tissues_zeros_kept	0.314078	29	0.0970645	0.474165
ENSG00000101856	PGRMC1	S1_all_tissues_zeros_kept	0.75468	29	2.24824e-06	0.964182
ENSG00000101868	POLA1	S1_all_tissues_zeros_kept	0.110906	29	0.566817	0.195758
ENSG00000101871	MID1	S1_all_tissues_zeros_kept	0.748459	29	3.02716e-06	0.961911
ENSG00000101882	NKAP	S1_all_tissues_zeros_kept	-0.0484191	29	0.803035	0.0708226
ENSG00000101883	RHOXF1	S1_all_tissues_zeros_kept	0.489668	29	0.00701491	0.740788
ENSG00000101888	NXT2	S1_all_tissues_zeros_kept	0.35424	29	0.0593779	0.54066
ENSG00000101901	ALG13	S1_all_tissues_zeros_kept	0.329557	29	0.080846	0.5015
ENSG00000101911	PRPS2	S1_all_tissues_zeros_kept	-0.0162562	29	0.933298	0.0903171
ENSG00000101935	AMMECR1	S1_all_tissues_zeros_kept	0.0124963	29	0.948702	0.108012
ENSG00000101938	CHRDL1	S1_all_tissues_zeros_kept	0.770425	29	1.01692e-06	0.969452
ENSG00000101940	WDR13	S1_all_tissues_zeros_kept	0.450246	29	0.0142507	0.687061
ENSG00000101951	PAGE4	S1_all_tissues_zeros_kept	0.597011	29	0.000628705	0.855398
ENSG00000101966	XIAP	S1_all_tissues_zeros_kept	0.144106	29	0.455784	0.232862
ENSG00000101972	STAG2	S1_all_tissues_zeros_kept	0.238916	29	0.211965	0.358055
ENSG00000101981	F9	S1_all_tissues_zeros_kept	0.112938	29	0.559684	0.197986
ENSG00000101986	ABCD1	S1_all_tissues_zeros_kept	0.716944	29	1.21064e-05	0.945116
ENSG00000101997	CCDC22	S1_all_tissues_zeros_kept	-0.345813	29	0.0661359	0.00287061
ENSG00000102003	SYP	S1_all_tissues_zeros_kept	0.606085	29	0.000492699	0.86491
ENSG00000102007	PLP2	S1_all_tissues_zeros_kept	0.603941	29	0.000522253	0.863496
ENSG00000102010	BMX	S1_all_tissues_zeros_kept	0.443632	29	0.0159275	0.676478
ENSG00000102021	LUZP4	S1_all_tissues_zeros_kept	1	29	0	0.997943
ENSG00000102024	PLS3	S1_all_tissues_zeros_kept	0.593596	29	0.000687821	0.852228
ENSG00000102030	NAA10	S1_all_tissues_zeros_kept	0.0325123	29	0.867034	0.122708
ENSG00000102034	ELF4	S1_all_tissues_zeros_kept	0.592408	29	0.000709496	0.851285
ENSG00000102038	SMARCA1	S1_all_tissues_zeros_kept	0.630542	29	0.00024587	0.885947
ENSG00000102043	MTMR8	S1_all_tissues_zeros_kept	0.258739	29	0.175331	0.387704
ENSG00000102048	ASB9	S1_all_tissues_zeros_kept	0.59453	29	0.000671191	0.852913
ENSG00000102054	RBBP7	S1_all_tissues_zeros_kept	0.509852	29	0.00472276	0.767052
ENSG00000102078	SLC25A14	S1_all_tissues_zeros_kept	0.311204	29	0.100328	0.469537
ENSG00000102081	FMR1	S1_all_tissues_zeros_kept	0.442857	29	0.0161343	0.675321
ENSG00000102100	SLC35A2	S1_all_tissues_zeros_kept	0.511989	29	0.00452275	0.769366
ENSG00000102103	PQBP1	S1_all_tissues_zeros_kept	0.0596059	29	0.758736	0.14593
ENSG00000102119	EMD	S1_all_tissues_zeros_kept	0.0881773	29	0.649217	0.172022
ENSG00000102125	TAZ	S1_all_tissues_zeros_kept	0.112315	29	0.561866	0.197215
ENSG00000102144	PGK1	S1_all_tissues_zeros_kept	0.315764	29	0.0951881	0.477549
ENSG00000102158	MAGT1	S1_all_tissues_zeros_kept	0.322167	29	0.0883077	0.490874
ENSG00000102172	SMS	S1_all_tissues_zeros_kept	0.607389	29	0.000475446	0.866153
ENSG00000102178	UBL4A	S1_all_tissues_zeros_kept	0.500493	29	0.00569043	0.753942
ENSG00000102181	CD99L2	S1_all_tissues_zeros_kept	0.500493	29	0.00569043	0.753942
ENSG00000102189	EEA1	S1_all_tissues_zeros_kept	0.427639	29	0.0206668	0.655056
ENSG00000102218	RP2	S1_all_tissues_zeros_kept	0.434483	29	0.0185137	0.663796
ENSG00000102221	JADE3	S1_all_tissues_zeros_kept	0.184829	29	0.337127	0.282305
ENSG00000102225	CDK16	S1_all_tissues_zeros_kept	0.349107	29	0.0634262	0.532691
ENSG00000102226	USP11	S1_all_tissues_zeros_kept	0.2867	29	0.131588	0.431277
ENSG00000102230	PCYT1B	S1_all_tissues_zeros_kept	0.41423	29	0.0254826	0.634147
ENSG00000102241	HTATSF1	S1_all_tissues_zeros_kept	0.0906404	29	0.640065	0.174679
ENSG00000102243	VGLL1	S1_all_tissues_zeros_kept	0.34233	29	0.069098	0.521637
ENSG00000102265	TIMP1	S1_all_tissues_zeros_kept	0.680788	29	4.81676e-05	0.925621
ENSG00000102302	FGD1	S1_all_tissues_zeros_kept	0.436627	29	0.0178784	0.666024
ENSG00000102309	PIN4	S1_all_tissues_zeros_kept	0.241991	29	0.205965	0.363025
ENSG00000102316	MAGED2	S1_all_tissues_zeros_kept	0.582266	29	0.000920277	0.843659
ENSG00000102317	RBM3	S1_all_tissues_zeros_kept	0.138424	29	0.473928	0.227078
ENSG00000102384	CENPI	S1_all_tissues_zeros_kept	-0.0753336	29	0.697726	0.0571551
ENSG00000102387	TAF7L	S1_all_tissues_zeros_kept	0.192277	29	0.317668	0.291688
ENSG00000102390	PBDC1	S1_all_tissues_zeros_kept	0.410642	29	0.0269157	0.628406
ENSG00000102393	GLA	S1_all_tissues_zeros_kept	0.407389	29	0.0282709	0.62365
ENSG00000102401	ARMCX3	S1_all_tissues_zeros_kept	0.311823	29	0.0996189	0.470651
ENSG00000102531	FNDC3A	S1_all_tissues_zeros_kept	0.497044	29	0.00608708	0.7497
ENSG00000102539	MLNR	S1_all_tissues_zeros_kept	1	29	0	0.997943
ENSG00000102543	CDADC1	S1_all_tissues_zeros_kept	0.143278	29	0.458406	0.232005
ENSG00000102547	CAB39L	S1_all_tissues_zeros_kept	0.28867	29	0.128839	0.434147
ENSG00000102554	KLF5	S1_all_tissues_zeros_kept	0.781949	29	5.46524e-07	0.973993
ENSG00000102572	STK24	S1_all_tissues_zeros_kept	0.474877	29	0.00923947	0.72138
ENSG00000102580	DNAJC3	S1_all_tissues_zeros_kept	0.475369	29	0.00915683	0.721722
ENSG00000102595	UGGT2	S1_all_tissues_zeros_kept	0.520197	29	0.00382005	0.779049
ENSG00000102606	ARHGEF7	S1_all_tissues_zeros_kept	0.358128	29	0.0564476	0.546101
ENSG00000102683	SGCG	S1_all_tissues_zeros_kept	0.254798	29	0.182232	0.382391
ENSG00000102699	PARP4	S1_all_tissues_zeros_kept	0.576355	29	0.0010668	0.838046
ENSG00000102710	SUPT20H	S1_all_tissues_zeros_kept	0.0973506	29	0.615397	0.181962
ENSG00000102738	MRPS31	S1_all_tissues_zeros_kept	0.221675	29	0.247806	0.334404
ENSG00000102743	SLC25A15	S1_all_tissues_zeros_kept	0.628079	29	0.000264398	0.883847
ENSG00000102753	KPNA3	S1_all_tissues_zeros_kept	0.529557	29	0.00313489	0.792288
ENSG00000102755	FLT1	S1_all_tissues_zeros_kept	0.571429	29	0.00120403	0.833505
ENSG00000102763	VWA8	S1_all_tissues_zeros_kept	0.574384	29	0.00111996	0.835775
ENSG00000102780	DGKH	S1_all_tissues_zeros_kept	0.39661	29	0.0331635	0.60407
ENSG00000102781	KATNAL1	S1_all_tissues_zeros_kept	0.379502	29	0.0423099	0.57862
ENSG00000102786	INTS6	S1_all_tissues_zeros_kept	0.0197069	29	0.91918	0.112725
ENSG00000102804	TSC22D1	S1_all_tissues_zeros_kept	0.429064	29	0.0202023	0.656641
ENSG00000102805	CLN5	S1_all_tissues_zeros_kept	0.25665	29	0.178965	0.384619
ENSG00000102837	OLFM4	S1_all_tissues_zeros_kept	0.431798	29	0.0193352	0.659597
ENSG00000102854	MSLN	S1_all_tissues_zeros_kept	0.262626	29	0.168706	0.393273
ENSG00000102858	MGRN1	S1_all_tissues_zeros_kept	-0.0507389	29	0.793794	0.0694944
ENSG00000102870	ZNF629	S1_all_tissues_zeros_kept	0.441903	29	0.0163918	0.674079
ENSG00000102871	TRADD	S1_all_tissues_zeros_kept	0.233321	29	0.223185	0.350857
ENSG00000102882	MAPK3	S1_all_tissues_zeros_kept	0.575862	29	0.00107988	0.837446
ENSG00000102886	GDPD3	S1_all_tissues_zeros_kept	0.571716	29	0.00119564	0.833633
ENSG00000102890	ELMO3	S1_all_tissues_zeros_kept	0.240695	29	0.20848	0.361054
ENSG00000102893	PHKB	S1_all_tissues_zeros_kept	-0.163321	29	0.397259	0.0255784
ENSG00000102897	LYRM1	S1_all_tissues_zeros_kept	0.498767	29	0.00588609	0.751414
ENSG00000102898	NUTF2	S1_all_tissues_zeros_kept	0.333498	29	0.0770692	0.507541
ENSG00000102900	NUP93	S1_all_tissues_zeros_kept	0.238916	29	0.211965	0.358055
ENSG00000102901	CENPT	S1_all_tissues_zeros_kept	-0.385723	29	0.0387763	0.00132819
ENSG00000102904	TSNAXIP1	S1_all_tissues_zeros_kept	0.135225	29	0.484303	0.222922
ENSG00000102908	NFAT5	S1_all_tissues_zeros_kept	0.295393	29	0.119776	0.443231
ENSG00000102910	LONP2	S1_all_tissues_zeros_kept	0.0763547	29	0.693824	0.15904
ENSG00000102921	N4BP1	S1_all_tissues_zeros_kept	-0.00837542	29	0.965606	0.0949871
ENSG00000102931	ARL2BP	S1_all_tissues_zeros_kept	0.390935	29	0.036001	0.595159
ENSG00000102934	PLLP	S1_all_tissues_zeros_kept	0.411103	29	0.0267277	0.629177
ENSG00000102967	DHODH	S1_all_tissues_zeros_kept	0.141449	29	0.464222	0.230548
ENSG00000102974	CTCF	S1_all_tissues_zeros_kept	0.696059	29	2.75383e-05	0.934533
ENSG00000102977	ACD	S1_all_tissues_zeros_kept	0.198127	29	0.302881	0.298757
ENSG00000102978	POLR2C	S1_all_tissues_zeros_kept	0.0408867	29	0.833212	0.129606
ENSG00000102996	MMP15	S1_all_tissues_zeros_kept	0.638184	29	0.00019547	0.89156
ENSG00000103005	USB1	S1_all_tissues_zeros_kept	0.166846	29	0.387007	0.260283
ENSG00000103018	CYB5B	S1_all_tissues_zeros_kept	-0.156158	29	0.418558	0.0278492
ENSG00000103021	CCDC113	S1_all_tissues_zeros_kept	0.0993709	29	0.608048	0.183762
ENSG00000103024	NME3	S1_all_tissues_zeros_kept	-0.0436229	29	0.82222	0.0737361
ENSG00000103034	NDRG4	S1_all_tissues_zeros_kept	0.42807	29	0.0205255	0.655656
ENSG00000103035	PSMD7	S1_all_tissues_zeros_kept	0.235961	29	0.217843	0.353856
ENSG00000103037	SETD6	S1_all_tissues_zeros_kept	0.0612558	29	0.752261	0.146829
ENSG00000103042	SLC38A7	S1_all_tissues_zeros_kept	0.393064	29	0.0349144	0.597901
ENSG00000103043	VAC14	S1_all_tissues_zeros_kept	0.0450794	29	0.816383	0.132091
ENSG00000103047	TANGO6	S1_all_tissues_zeros_kept	0.491377	29	0.00678993	0.743231
ENSG00000103051	COG4	S1_all_tissues_zeros_kept	-0.0115778	29	0.952468	0.0929306
ENSG00000103056	SMPD3	S1_all_tissues_zeros_kept	0.691774	29	3.23256e-05	0.931662
ENSG00000103061	SLC7A6OS	S1_all_tissues_zeros_kept	0.178252	29	0.354898	0.274079
ENSG00000103064	SLC7A6	S1_all_tissues_zeros_kept	0.448822	29	0.0145987	0.685219
ENSG00000103066	PLA2G15	S1_all_tissues_zeros_kept	0.15032	29	0.436374	0.241217
ENSG00000103067	ESRP2	S1_all_tissues_zeros_kept	0.60016	29	0.000578184	0.860197
ENSG00000103091	WDR59	S1_all_tissues_zeros_kept	0.355665	29	0.0582902	0.542845
ENSG00000103111	MON1B	S1_all_tissues_zeros_kept	0.152217	29	0.430542	0.243145
ENSG00000103121	CMC2	S1_all_tissues_zeros_kept	-0.0288213	29	0.882019	0.0838475
ENSG00000103126	AXIN1	S1_all_tissues_zeros_kept	-0.0461321	29	0.81217	0.0718509
ENSG00000103148	NPRL3	S1_all_tissues_zeros_kept	0.288706	29	0.12879	0.43449
ENSG00000103152	MPG	S1_all_tissues_zeros_kept	-0.26601	29	0.163084	0.00784062
ENSG00000103154	NECAB2	S1_all_tissues_zeros_kept	0.0873022	29	0.652481	0.171165
ENSG00000103160	HSDL1	S1_all_tissues_zeros_kept	0.563863	29	0.00144472	0.827121
ENSG00000103168	TAF1C	S1_all_tissues_zeros_kept	0.279031	29	0.142695	0.419537
ENSG00000103174	NAGPA	S1_all_tissues_zeros_kept	0.00496291	29	0.979616	0.102785
ENSG00000103187	COTL1	S1_all_tissues_zeros_kept	0.783744	29	4.94485e-07	0.974722
ENSG00000103194	USP10	S1_all_tissues_zeros_kept	0.147783	29	0.444244	0.238003
ENSG00000103196	CRISPLD2	S1_all_tissues_zeros_kept	0.825401	29	3.58674e-08	0.987018
ENSG00000103197	TSC2	S1_all_tissues_zeros_kept	0.0364577	29	0.851067	0.126093
ENSG00000103202	NME4	S1_all_tissues_zeros_kept	0.270485	29	0.155857	0.405784
ENSG00000103222	ABCC1	S1_all_tissues_zeros_kept	0.459606	29	0.0121308	0.701414
ENSG00000103227	LMF1	S1_all_tissues_zeros_kept	0.355145	29	0.0586854	0.541945
ENSG00000103245	NARFL	S1_all_tissues_zeros_kept	0.365025	29	0.0515309	0.557969
ENSG00000103248	MTHFSD	S1_all_tissues_zeros_kept	0.0808551	29	0.676716	0.162939
ENSG00000103249	CLCN7	S1_all_tissues_zeros_kept	0.046798	29	0.809507	0.133805
ENSG00000103254	FAM173A	S1_all_tissues_zeros_kept	-0.0201381	29	0.917418	0.0891602
ENSG00000103260	METRN	S1_all_tissues_zeros_kept	0.354115	29	0.0594737	0.540488
ENSG00000103264	FBXO31	S1_all_tissues_zeros_kept	0.534694	29	0.00280583	0.797644
ENSG00000103266	STUB1	S1_all_tissues_zeros_kept	0.2	29	0.298241	0.301414
ENSG00000103274	NUBP1	S1_all_tissues_zeros_kept	0.45665	29	0.0127697	0.697429
ENSG00000103275	UBE2I	S1_all_tissues_zeros_kept	0.481773	29	0.00813788	0.731577
ENSG00000103313	MEFV	S1_all_tissues_zeros_kept	0.327343	29	0.083029	0.498072
ENSG00000103316	CRYM	S1_all_tissues_zeros_kept	0.532395	29	0.00294923	0.795073
ENSG00000103319	EEF2K	S1_all_tissues_zeros_kept	0.328079	29	0.0822983	0.499357
ENSG00000103335	PIEZO1	S1_all_tissues_zeros_kept	0.250277	29	0.190381	0.375278
ENSG00000103342	GSPT1	S1_all_tissues_zeros_kept	0.155665	29	0.420046	0.246915
ENSG00000103343	ZNF174	S1_all_tissues_zeros_kept	-0.17358	29	0.367854	0.0236932
ENSG00000103351	CLUAP1	S1_all_tissues_zeros_kept	0.392611	29	0.0351434	0.597686
ENSG00000103353	UBFD1	S1_all_tissues_zeros_kept	0.57931	29	0.00099118	0.840317
ENSG00000103356	EARS2	S1_all_tissues_zeros_kept	0.251724	29	0.187746	0.377292
ENSG00000103363	TCEB2	S1_all_tissues_zeros_kept	0.115271	29	0.551551	0.200771
ENSG00000103365	GGA2	S1_all_tissues_zeros_kept	0.350246	29	0.0625097	0.534619
ENSG00000103381	CPPED1	S1_all_tissues_zeros_kept	0.436946	29	0.0177856	0.666624
ENSG00000103415	HMOX2	S1_all_tissues_zeros_kept	0.56798	29	0.00130901	0.830677
ENSG00000103423	DNAJA3	S1_all_tissues_zeros_kept	0.707389	29	1.7786e-05	0.94096
ENSG00000103449	SALL1	S1_all_tissues_zeros_kept	0.648924	29	0.000140109	0.9003
ENSG00000103479	RBL2	S1_all_tissues_zeros_kept	0.267488	29	0.160671	0.401114
ENSG00000103485	QPRT	S1_all_tissues_zeros_kept	0.470936	29	0.00992343	0.716495
ENSG00000103489	XYLT1	S1_all_tissues_zeros_kept	0.0814251	29	0.67456	0.163796
ENSG00000103495	MAZ	S1_all_tissues_zeros_kept	-0.0171737	29	0.929542	0.0899314
ENSG00000103496	STX4	S1_all_tissues_zeros_kept	0.108867	29	0.574011	0.19353
ENSG00000103502	CDIPT	S1_all_tissues_zeros_kept	0.128079	29	0.507893	0.215724
ENSG00000103507	BCKDK	S1_all_tissues_zeros_kept	0.274877	29	0.148988	0.412425
ENSG00000103510	KAT8	S1_all_tissues_zeros_kept	-0.0310345	29	0.873029	0.0822194
ENSG00000103512	NOMO1	S1_all_tissues_zeros_kept	0.429363	29	0.0201058	0.657284
ENSG00000103540	CCP110	S1_all_tissues_zeros_kept	0.518913	29	0.0039234	0.777421
ENSG00000103544	C16orf62	S1_all_tissues_zeros_kept	0.0805617	29	0.677826	0.162682
ENSG00000103546	SLC6A2	S1_all_tissues_zeros_kept	0.44061	29	0.0167463	0.672279
ENSG00000103549	RNF40	S1_all_tissues_zeros_kept	0.203941	29	0.288622	0.307027
ENSG00000103550	KNOP1	S1_all_tissues_zeros_kept	0.000988144	29	0.995941	0.0998715
ENSG00000103569	AQP9	S1_all_tissues_zeros_kept	0.0350623	29	0.856708	0.125321
ENSG00000103591	AAGAB	S1_all_tissues_zeros_kept	0.0182266	29	0.925234	0.111611
ENSG00000103642	LACTB	S1_all_tissues_zeros_kept	0.674877	29	5.92902e-05	0.922194
ENSG00000103653	CSK	S1_all_tissues_zeros_kept	0.73202	29	6.38839e-06	0.95557
ENSG00000103657	HERC1	S1_all_tissues_zeros_kept	0.0615764	29	0.751005	0.147087
ENSG00000103671	TRIP4	S1_all_tissues_zeros_kept	0.16798	29	0.383741	0.261482
ENSG00000103707	MTFMT	S1_all_tissues_zeros_kept	0.391626	29	0.0356455	0.596358
ENSG00000103710	RASL12	S1_all_tissues_zeros_kept	0.736635	29	5.20864e-06	0.957027
ENSG00000103723	AP3B2	S1_all_tissues_zeros_kept	0.372946	29	0.0463071	0.56928
ENSG00000103740	ACSBG1	S1_all_tissues_zeros_kept	0.252332	29	0.186647	0.378792
ENSG00000103769	RAB11A	S1_all_tissues_zeros_kept	-0.196162	29	0.307799	0.0181234
ENSG00000103811	CTSH	S1_all_tissues_zeros_kept	0.774384	29	8.24897e-07	0.971422
ENSG00000103855	CD276	S1_all_tissues_zeros_kept	0.532824	29	0.00292197	0.795844
ENSG00000103876	FAH	S1_all_tissues_zeros_kept	0.668966	29	7.26478e-05	0.917995
ENSG00000103932	RPAP1	S1_all_tissues_zeros_kept	0.389655	29	0.0366671	0.59353
ENSG00000103966	EHD4	S1_all_tissues_zeros_kept	0.212315	29	0.268845	0.320694
ENSG00000103978	TMEM87A	S1_all_tissues_zeros_kept	0.458621	29	0.0123407	0.7
ENSG00000103994	ZNF106	S1_all_tissues_zeros_kept	-0.122579	29	0.526428	0.0377464
ENSG00000104047	DTWD1	S1_all_tissues_zeros_kept	0.123355	29	0.523795	0.210069
ENSG00000104055	TGM5	S1_all_tissues_zeros_kept	-0.0514016	29	0.791159	0.0688089
ENSG00000104064	GABPB1	S1_all_tissues_zeros_kept	0.539409	29	0.00253043	0.803728
ENSG00000104067	TJP1	S1_all_tissues_zeros_kept	0.741379	29	4.20395e-06	0.959254
ENSG00000104081	BMF	S1_all_tissues_zeros_kept	0.35088	29	0.0620043	0.53569
ENSG00000104093	DMXL2	S1_all_tissues_zeros_kept	0.399211	29	0.0319242	0.609126
ENSG00000104112	SCG3	S1_all_tissues_zeros_kept	0.657783	29	0.000105426	0.907669
ENSG00000104129	DNAJC17	S1_all_tissues_zeros_kept	0.425123	29	0.0215082	0.651414
ENSG00000104131	EIF3J	S1_all_tissues_zeros_kept	0.144828	29	0.453508	0.233933
ENSG00000104133	SPG11	S1_all_tissues_zeros_kept	0.304433	29	0.108342	0.457755
ENSG00000104142	VPS18	S1_all_tissues_zeros_kept	0.330542	29	0.0798888	0.502528
ENSG00000104154	SLC30A4	S1_all_tissues_zeros_kept	0.366315	29	0.0506495	0.558997
ENSG00000104164	BLOC1S6	S1_all_tissues_zeros_kept	0.20197	29	0.293406	0.304242
ENSG00000104205	SGK3	S1_all_tissues_zeros_kept	0.163054	29	0.39804	0.255784
ENSG00000104218	CSPP1	S1_all_tissues_zeros_kept	0.194888	29	0.311015	0.294816
ENSG00000104219	ZDHHC2	S1_all_tissues_zeros_kept	0.261803	29	0.170092	0.391731
ENSG00000104231	ZFAND1	S1_all_tissues_zeros_kept	0.123168	29	0.524428	0.209683
ENSG00000104237	RP1	S1_all_tissues_zeros_kept	0.327991	29	0.0823851	0.499057
ENSG00000104267	CA2	S1_all_tissues_zeros_kept	0.416554	29	0.024588	0.637318
ENSG00000104290	FZD3	S1_all_tissues_zeros_kept	0.157965	29	0.413125	0.2506
ENSG00000104299	INTS9	S1_all_tissues_zeros_kept	0.037931	29	0.845119	0.127207
ENSG00000104312	RIPK2	S1_all_tissues_zeros_kept	0.314856	29	0.0961951	0.475793
ENSG00000104313	EYA1	S1_all_tissues_zeros_kept	0.801633	29	1.72824e-07	0.981534
ENSG00000104320	NBN	S1_all_tissues_zeros_kept	0.246305	29	0.197745	0.368852
ENSG00000104321	TRPA1	S1_all_tissues_zeros_kept	0.602345	29	0.000545253	0.862339
ENSG00000104324	CPQ	S1_all_tissues_zeros_kept	0.325123	29	0.0852626	0.494901
ENSG00000104325	DECR1	S1_all_tissues_zeros_kept	0.739901	29	4.49632e-06	0.958483
ENSG00000104327	CALB1	S1_all_tissues_zeros_kept	0.477489	29	0.00880841	0.724764
ENSG00000104331	IMPAD1	S1_all_tissues_zeros_kept	0.566502	29	0.00135638	0.829392
ENSG00000104343	UBE2W	S1_all_tissues_zeros_kept	0.134433	29	0.48689	0.221894
ENSG00000104356	POP1	S1_all_tissues_zeros_kept	0.357655	29	0.0567981	0.545287
ENSG00000104361	NIPAL2	S1_all_tissues_zeros_kept	0.463507	29	0.0113286	0.707155
ENSG00000104365	IKBKB	S1_all_tissues_zeros_kept	0.53399	29	0.00284907	0.796658
ENSG00000104368	PLAT	S1_all_tissues_zeros_kept	0.44636	29	0.015217	0.680934
ENSG00000104375	STK3	S1_all_tissues_zeros_kept	0.676355	29	5.63138e-05	0.922879
ENSG00000104388	RAB2A	S1_all_tissues_zeros_kept	0.0857143	29	0.658419	0.168937
ENSG00000104408	EIF3E	S1_all_tissues_zeros_kept	0.0714286	29	0.71272	0.155013
ENSG00000104412	EMC2	S1_all_tissues_zeros_kept	0.172414	29	0.37113	0.267695
ENSG00000104413	ESRP1	S1_all_tissues_zeros_kept	0.417348	29	0.0242881	0.638775
ENSG00000104419	NDRG1	S1_all_tissues_zeros_kept	0.659606	29	9.93193e-05	0.909554
ENSG00000104427	ZC2HC1A	S1_all_tissues_zeros_kept	0.49125	29	0.0068065	0.743059
ENSG00000104435	STMN2	S1_all_tissues_zeros_kept	0.36239	29	0.0533679	0.553942
ENSG00000104442	ARMC1	S1_all_tissues_zeros_kept	0.393103	29	0.0348944	0.598115
ENSG00000104447	TRPS1	S1_all_tissues_zeros_kept	0.31636	29	0.0945303	0.480677
ENSG00000104472	CHRAC1	S1_all_tissues_zeros_kept	0.000625269	29	0.997432	0.0996144
ENSG00000104490	NCALD	S1_all_tissues_zeros_kept	0.455172	29	0.0130995	0.695501
ENSG00000104497	SNX16	S1_all_tissues_zeros_kept	0.539182	29	0.00254314	0.803556
ENSG00000104517	UBR5	S1_all_tissues_zeros_kept	0.429064	29	0.0202023	0.656641
ENSG00000104518	GSDMD	S1_all_tissues_zeros_kept	0.641379	29	0.000177267	0.894259
ENSG00000104522	TSTA3	S1_all_tissues_zeros_kept	0.59803	29	0.000611952	0.856427
ENSG00000104524	PYCRL	S1_all_tissues_zeros_kept	0.180968	29	0.347492	0.277763
ENSG00000104529	EEF1D	S1_all_tissues_zeros_kept	0.272906	29	0.152042	0.409769
ENSG00000104537	ANXA13	S1_all_tissues_zeros_kept	0.471082	29	0.00989737	0.716752
ENSG00000104549	SQLE	S1_all_tissues_zeros_kept	0.591206	29	0.000732045	0.850686
ENSG00000104611	SH2D4A	S1_all_tissues_zeros_kept	0.661653	29	9.28391e-05	0.911268
ENSG00000104613	INTS10	S1_all_tissues_zeros_kept	0.357635	29	0.0568125	0.54503
ENSG00000104626	ERI1	S1_all_tissues_zeros_kept	0.252494	29	0.186354	0.379049
ENSG00000104635	SLC39A14	S1_all_tissues_zeros_kept	0.8133	29	8.21084e-08	0.984662
ENSG00000104643	MTMR9	S1_all_tissues_zeros_kept	0.459909	29	0.0120669	0.701842
ENSG00000104671	DCTN6	S1_all_tissues_zeros_kept	0.372213	29	0.046772	0.567481
ENSG00000104679	R3HCC1	S1_all_tissues_zeros_kept	-0.0421637	29	0.828078	0.0750214
ENSG00000104687	GSR	S1_all_tissues_zeros_kept	0.230049	29	0.229928	0.346872
ENSG00000104691	UBXN8	S1_all_tissues_zeros_kept	0.31202	29	0.0993937	0.470908
ENSG00000104695	PPP2CB	S1_all_tissues_zeros_kept	0.421675	29	0.022707	0.647601
ENSG00000104714	ERICH1	S1_all_tissues_zeros_kept	0.235951	29	0.217862	0.35377
ENSG00000104722	NEFM	S1_all_tissues_zeros_kept	0.19321	29	0.315281	0.292845
ENSG00000104723	TUSC3	S1_all_tissues_zeros_kept	0.398129	29	0.0324351	0.607412
ENSG00000104728	ARHGEF10	S1_all_tissues_zeros_kept	0.529325	29	0.00315048	0.791902
ENSG00000104731	KLHDC4	S1_all_tissues_zeros_kept	0.10914	29	0.573045	0.193787
ENSG00000104738	MCM4	S1_all_tissues_zeros_kept	0.447783	29	0.0148571	0.683676
ENSG00000104755	ADAM2	S1_all_tissues_zeros_kept	0.598088	29	0.000611003	0.857541
ENSG00000104756	KCTD9	S1_all_tissues_zeros_kept	0.450031	29	0.0143029	0.686761
ENSG00000104760	FGL1	S1_all_tissues_zeros_kept	0.46747	29	0.0105596	0.712639
ENSG00000104763	ASAH1	S1_all_tissues_zeros_kept	0.594581	29	0.000670285	0.853213
ENSG00000104765	BNIP3L	S1_all_tissues_zeros_kept	0.606725	29	0.000484164	0.865424
ENSG00000104774	MAN2B1	S1_all_tissues_zeros_kept	0.446798	29	0.0151056	0.682305
ENSG00000104805	NUCB1	S1_all_tissues_zeros_kept	0.572906	29	0.00116134	0.834619
ENSG00000104812	GYS1	S1_all_tissues_zeros_kept	0.155665	29	0.420046	0.246915
ENSG00000104814	MAP4K1	S1_all_tissues_zeros_kept	0.460394	29	0.011965	0.702528
ENSG00000104818	CGB2	S1_all_tissues_zeros_kept	0.598088	29	0.000611003	0.857541
ENSG00000104823	ECH1	S1_all_tissues_zeros_kept	0.360099	29	0.0550068	0.550171
ENSG00000104824	HNRNPL	S1_all_tissues_zeros_kept	0.359897	29	0.0551531	0.549657
ENSG00000104825	NFKBIB	S1_all_tissues_zeros_kept	-0.0569106	29	0.769347	0.0661097
ENSG00000104833	TUBB4A	S1_all_tissues_zeros_kept	0.671283	29	6.71224e-05	0.919837
ENSG00000104835	SARS2	S1_all_tissues_zeros_kept	-0.00886809	29	0.963584	0.0948158
ENSG00000104852	SNRNP70	S1_all_tissues_zeros_kept	0.0152709	29	0.937332	0.10994
ENSG00000104853	CLPTM1	S1_all_tissues_zeros_kept	0.34532	29	0.0665487	0.526264
ENSG00000104856	RELB	S1_all_tissues_zeros_kept	0.252035	29	0.187183	0.377849
ENSG00000104859	CLASRP	S1_all_tissues_zeros_kept	0.334402	29	0.0762216	0.509212
ENSG00000104866	PPP1R37	S1_all_tissues_zeros_kept	0.129326	29	0.503735	0.217266
ENSG00000104870	FCGRT	S1_all_tissues_zeros_kept	0.623645	29	0.000300873	0.879263
ENSG00000104872	PIH1D1	S1_all_tissues_zeros_kept	-0.11133	29	0.565324	0.0410883
ENSG00000104879	CKM	S1_all_tissues_zeros_kept	0.314613	29	0.096466	0.475021
ENSG00000104880	ARHGEF18	S1_all_tissues_zeros_kept	-0.0133005	29	0.945405	0.091988
ENSG00000104881	PPP1R13L	S1_all_tissues_zeros_kept	0.647103	29	0.000148382	0.898672
ENSG00000104883	PEX11G	S1_all_tissues_zeros_kept	0.384215	29	0.03961	0.58479
ENSG00000104884	ERCC2	S1_all_tissues_zeros_kept	0.313793	29	0.0973845	0.47365
ENSG00000104886	PLEKHJ1	S1_all_tissues_zeros_kept	-0.0440363	29	0.820563	0.073479
ENSG00000104888	SLC17A7	S1_all_tissues_zeros_kept	0.41538	29	0.0250367	0.636375
ENSG00000104889	RNASEH2A	S1_all_tissues_zeros_kept	0.361128	29	0.0542654	0.552142
ENSG00000104892	KLC3	S1_all_tissues_zeros_kept	0.377695	29	0.0433829	0.576135
ENSG00000104894	CD37	S1_all_tissues_zeros_kept	0.406106	29	0.0288203	0.621551
ENSG00000104897	SF3A2	S1_all_tissues_zeros_kept	-0.000246336	29	0.998988	0.0991431
ENSG00000104907	TRMT1	S1_all_tissues_zeros_kept	0.221729	29	0.247687	0.334662
ENSG00000104915	STX10	S1_all_tissues_zeros_kept	0.146305	29	0.448863	0.236375
ENSG00000104918	RETN	S1_all_tissues_zeros_kept	0.330325	29	0.0800988	0.502099
ENSG00000104921	FCER2	S1_all_tissues_zeros_kept	0.595649	29	0.000651722	0.854113
ENSG00000104938	CLEC4M	S1_all_tissues_zeros_kept	0.480215	29	0.00837653	0.727978
ENSG00000104941	RSPH6A	S1_all_tissues_zeros_kept	1	29	0	0.997943
ENSG00000104946	TBC1D17	S1_all_tissues_zeros_kept	0.147291	29	0.445781	0.237189
ENSG00000104957	CCDC130	S1_all_tissues_zeros_kept	0.0219565	29	0.909989	0.114267
ENSG00000104960	PTOV1	S1_all_tissues_zeros_kept	-0.0499544	29	0.796916	0.0701371
ENSG00000104964	AES	S1_all_tissues_zeros_kept	0.264039	29	0.166341	0.394516
ENSG00000104967	NOVA2	S1_all_tissues_zeros_kept	0.432767	29	0.0190354	0.661568
ENSG00000104969	SGTA	S1_all_tissues_zeros_kept	0.184236	29	0.338706	0.281234
ENSG00000104973	MED25	S1_all_tissues_zeros_kept	-0.125052	29	0.518053	0.0371465
ENSG00000104976	SNAPC2	S1_all_tissues_zeros_kept	-0.043101	29	0.824314	0.0741645
ENSG00000104980	TIMM44	S1_all_tissues_zeros_kept	0.40202	29	0.0306288	0.614396
ENSG00000104983	CCDC61	S1_all_tissues_zeros_kept	0.207389	29	0.28037	0.312468
ENSG00000105011	ASF1B	S1_all_tissues_zeros_kept	0.459012	29	0.012257	0.700471
ENSG00000105048	TNNT1	S1_all_tissues_zeros_kept	0.223489	29	0.243857	0.337746
ENSG00000105053	VRK3	S1_all_tissues_zeros_kept	0.550739	29	0.001962	0.814696
ENSG00000105058	FAM32A	S1_all_tissues_zeros_kept	0.427515	29	0.0207076	0.654799
ENSG00000105063	PPP6R1	S1_all_tissues_zeros_kept	0.505911	29	0.00511156	0.762382
ENSG00000105072	C19orf44	S1_all_tissues_zeros_kept	0.27677	29	0.146097	0.41521
ENSG00000105127	AKAP8	S1_all_tissues_zeros_kept	0.181773	29	0.345315	0.278663
ENSG00000105131	EPHX3	S1_all_tissues_zeros_kept	0.348361	29	0.0640327	0.532219
ENSG00000105135	ILVBL	S1_all_tissues_zeros_kept	0.548276	29	0.00207514	0.812254
ENSG00000105137	SYDE1	S1_all_tissues_zeros_kept	0.590926	29	0.000737372	0.850343
ENSG00000105171	POP4	S1_all_tissues_zeros_kept	0.343506	29	0.0680865	0.523522
ENSG00000105176	URI1	S1_all_tissues_zeros_kept	0.351232	29	0.0617253	0.53629
ENSG00000105185	PDCD5	S1_all_tissues_zeros_kept	0.15665	29	0.417074	0.248415
ENSG00000105186	ANKRD27	S1_all_tissues_zeros_kept	0.350579	29	0.0622439	0.535176
ENSG00000105193	RPS16	S1_all_tissues_zeros_kept	0.148276	29	0.44271	0.238518
ENSG00000105197	TIMM50	S1_all_tissues_zeros_kept	0.229557	29	0.230955	0.34593
ENSG00000105198	LGALS13	S1_all_tissues_zeros_kept	0.480293	29	0.00836443	0.72892
ENSG00000105202	FBL	S1_all_tissues_zeros_kept	0.338916	29	0.0720991	0.516024
ENSG00000105204	DYRK1B	S1_all_tissues_zeros_kept	0.59273	29	0.000703575	0.851628
ENSG00000105220	GPI	S1_all_tissues_zeros_kept	0.642365	29	0.000171966	0.894602
ENSG00000105221	AKT2	S1_all_tissues_zeros_kept	0.754187	29	2.30255e-06	0.963925
ENSG00000105223	PLD3	S1_all_tissues_zeros_kept	0.242365	29	0.205245	0.363496
ENSG00000105229	PIAS4	S1_all_tissues_zeros_kept	0.271734	29	0.15388	0.408355
ENSG00000105245	NUMBL	S1_all_tissues_zeros_kept	0.54476	29	0.0022464	0.80844
ENSG00000105246	EBI3	S1_all_tissues_zeros_kept	0.0703993	29	0.71669	0.154027
ENSG00000105248	CCDC94	S1_all_tissues_zeros_kept	0.426407	29	0.0210753	0.653256
ENSG00000105251	SHD	S1_all_tissues_zeros_kept	0.104092	29	0.59102	0.187532
ENSG00000105254	TBCB	S1_all_tissues_zeros_kept	0.403744	29	0.0298548	0.618209
ENSG00000105255	FSD1	S1_all_tissues_zeros_kept	0.439978	29	0.0169221	0.671594
ENSG00000105258	POLR2I	S1_all_tissues_zeros_kept	-0.103707	29	0.592399	0.0444302
ENSG00000105278	ZFR2	S1_all_tissues_zeros_kept	0.19471	29	0.311465	0.294473
ENSG00000105281	SLC1A5	S1_all_tissues_zeros_kept	0.812662	29	8.56361e-08	0.984362
ENSG00000105287	PRKD2	S1_all_tissues_zeros_kept	0.44335	29	0.0160026	0.676007
ENSG00000105290	APLP1	S1_all_tissues_zeros_kept	0.578061	29	0.00102255	0.839289
ENSG00000105298	CACTIN	S1_all_tissues_zeros_kept	0.237485	29	0.214798	0.356341
ENSG00000105321	CCDC9	S1_all_tissues_zeros_kept	0.127094	29	0.51119	0.214867
ENSG00000105323	HNRNPUL1	S1_all_tissues_zeros_kept	0.700985	29	2.28271e-05	0.937575
ENSG00000105325	FZR1	S1_all_tissues_zeros_kept	-0.137403	29	0.477225	0.0324336
ENSG00000105329	TGFB1	S1_all_tissues_zeros_kept	0.436453	29	0.0179293	0.665853
ENSG00000105339	DENND3	S1_all_tissues_zeros_kept	0.600296	29	0.000576084	0.860368
ENSG00000105341	ATP5SL	S1_all_tissues_zeros_kept	0.00296849	29	0.987807	0.1015
ENSG00000105352	CEACAM4	S1_all_tissues_zeros_kept	0.686328	29	3.94758e-05	0.929263
ENSG00000105355	PLIN3	S1_all_tissues_zeros_kept	0.73202	29	6.38839e-06	0.95557
ENSG00000105364	MRPL4	S1_all_tissues_zeros_kept	0.159606	29	0.408227	0.252571
ENSG00000105369	CD79A	S1_all_tissues_zeros_kept	0.163183	29	0.397663	0.256255
ENSG00000105372	RPS19	S1_all_tissues_zeros_kept	0.355665	29	0.0582902	0.542845
ENSG00000105373	GLTSCR2	S1_all_tissues_zeros_kept	0.295438	29	0.119717	0.443316
ENSG00000105376	ICAM5	S1_all_tissues_zeros_kept	0.31701	29	0.0938186	0.482262
ENSG00000105379	ETFB	S1_all_tissues_zeros_kept	0.408374	29	0.0278547	0.625321
ENSG00000105388	CEACAM5	S1_all_tissues_zeros_kept	0.368571	29	0.0491373	0.562939
ENSG00000105393	BABAM1	S1_all_tissues_zeros_kept	0.0142857	29	0.941368	0.109169
ENSG00000105397	TYK2	S1_all_tissues_zeros_kept	0.128571	29	0.506249	0.216367
ENSG00000105398	SULT2A1	S1_all_tissues_zeros_kept	0.658405	29	0.000103305	0.908355
ENSG00000105401	CDC37	S1_all_tissues_zeros_kept	0.0773399	29	0.690066	0.160026
ENSG00000105402	NAPA	S1_all_tissues_zeros_kept	0.455172	29	0.0130995	0.695501
ENSG00000105404	RABAC1	S1_all_tissues_zeros_kept	-0.292632	29	0.12344	0.00586975
ENSG00000105409	ATP1A3	S1_all_tissues_zeros_kept	0.408885	29	0.027641	0.625835
ENSG00000105426	PTPRS	S1_all_tissues_zeros_kept	0.667816	29	7.55358e-05	0.916324
ENSG00000105438	KDELR1	S1_all_tissues_zeros_kept	0.0192118	29	0.921204	0.112468
ENSG00000105443	CYTH2	S1_all_tissues_zeros_kept	0.219275	29	0.253093	0.33072
ENSG00000105447	GRWD1	S1_all_tissues_zeros_kept	-0.0118227	29	0.951464	0.0927164
ENSG00000105472	CLEC11A	S1_all_tissues_zeros_kept	0.371693	29	0.0471041	0.566967
ENSG00000105479	CCDC114	S1_all_tissues_zeros_kept	0.392353	29	0.0352742	0.597386
ENSG00000105483	CARD8	S1_all_tissues_zeros_kept	0.651724	29	0.00012819	0.902356
ENSG00000105486	LIG1	S1_all_tissues_zeros_kept	0.556295	29	0.0017262	0.82048
ENSG00000105492	SIGLEC6	S1_all_tissues_zeros_kept	0.334115	29	0.0764901	0.508869
ENSG00000105499	PLA2G4C	S1_all_tissues_zeros_kept	0.107081	29	0.580347	0.191474
ENSG00000105501	SIGLEC5	S1_all_tissues_zeros_kept	0.517151	29	0.00406905	0.775621
ENSG00000105514	RAB3D	S1_all_tissues_zeros_kept	0.434483	29	0.0185137	0.663796
ENSG00000105516	DBP	S1_all_tissues_zeros_kept	0.34221	29	0.0692013	0.521294
ENSG00000105518	TMEM205	S1_all_tissues_zeros_kept	0.648276	29	0.000143006	0.899572
ENSG00000105519	CAPS	S1_all_tissues_zeros_kept	0.601552	29	0.000557008	0.861568
ENSG00000105520	PLPPR2	S1_all_tissues_zeros_kept	0.316228	29	0.0946761	0.479306
ENSG00000105523	FAM83E	S1_all_tissues_zeros_kept	0.534181	29	0.00283731	0.796787
ENSG00000105552	BCAT2	S1_all_tissues_zeros_kept	0.557635	29	0.00167312	0.821937
ENSG00000105556	MIER2	S1_all_tissues_zeros_kept	0.346835	29	0.0652859	0.530206
ENSG00000105559	PLEKHA4	S1_all_tissues_zeros_kept	-0.213749	29	0.26555	0.0146958
ENSG00000105568	PPP2R1A	S1_all_tissues_zeros_kept	0.464039	29	0.0112227	0.707626
ENSG00000105576	TNPO2	S1_all_tissues_zeros_kept	0.396552	29	0.0331914	0.603642
ENSG00000105605	CACNG7	S1_all_tissues_zeros_kept	0.489668	29	0.00701491	0.740788
ENSG00000105607	GCDH	S1_all_tissues_zeros_kept	0.437931	29	0.0175011	0.667566
ENSG00000105612	DNASE2	S1_all_tissues_zeros_kept	0.122167	29	0.527828	0.208269
ENSG00000105613	MAST1	S1_all_tissues_zeros_kept	0.328617	29	0.0817667	0.500129
ENSG00000105617	LENG1	S1_all_tissues_zeros_kept	-0.037443	29	0.847088	0.0775064
ENSG00000105618	PRPF31	S1_all_tissues_zeros_kept	0.362069	29	0.0535949	0.553513
ENSG00000105619	TFPT	S1_all_tissues_zeros_kept	0.0231584	29	0.905084	0.115895
ENSG00000105640	RPL18A	S1_all_tissues_zeros_kept	0.0320197	29	0.869032	0.122365
ENSG00000105641	SLC5A5	S1_all_tissues_zeros_kept	0.432623	29	0.0190795	0.661225
ENSG00000105647	PIK3R2	S1_all_tissues_zeros_kept	0.250739	29	0.189537	0.375707
ENSG00000105649	RAB3A	S1_all_tissues_zeros_kept	0.371089	29	0.0474925	0.566281
ENSG00000105656	ELL	S1_all_tissues_zeros_kept	-0.221456	29	0.248286	0.0133248
ENSG00000105662	CRTC1	S1_all_tissues_zeros_kept	0.0573979	29	0.767425	0.144002
ENSG00000105664	COMP	S1_all_tissues_zeros_kept	0.671626	29	6.63364e-05	0.920094
ENSG00000105668	UPK1A	S1_all_tissues_zeros_kept	0.065095	29	0.73726	0.150343
ENSG00000105669	COPE	S1_all_tissues_zeros_kept	0.151232	29	0.433567	0.241945
ENSG00000105671	DDX49	S1_all_tissues_zeros_kept	0.352217	29	0.0609486	0.537746
ENSG00000105676	ARMC6	S1_all_tissues_zeros_kept	0.384236	29	0.0395982	0.585047
ENSG00000105677	TMEM147	S1_all_tissues_zeros_kept	-0.0152728	29	0.937324	0.090874
ENSG00000105679	GAPDHS	S1_all_tissues_zeros_kept	0.421153	29	0.0228931	0.645844
ENSG00000105695	MAG	S1_all_tissues_zeros_kept	0.169131	29	0.380443	0.263539
ENSG00000105697	HAMP	S1_all_tissues_zeros_kept	-0.0446346	29	0.818165	0.0729649
ENSG00000105698	USF2	S1_all_tissues_zeros_kept	0.304926	29	0.107744	0.45844
ENSG00000105699	LSR	S1_all_tissues_zeros_kept	0.468473	29	0.0103721	0.714139
ENSG00000105700	KXD1	S1_all_tissues_zeros_kept	-0.00394089	29	0.983813	0.0968723
ENSG00000105701	FKBP8	S1_all_tissues_zeros_kept	-0.191133	29	0.320611	0.0189803
ENSG00000105705	SUGP1	S1_all_tissues_zeros_kept	0.246798	29	0.196821	0.369837
ENSG00000105707	HPN	S1_all_tissues_zeros_kept	0.295729	29	0.119336	0.44383
ENSG00000105708	ZNF14	S1_all_tissues_zeros_kept	0.23332	29	0.223186	0.350771
ENSG00000105722	ERF	S1_all_tissues_zeros_kept	0.544402	29	0.0022645	0.808355
ENSG00000105723	GSK3A	S1_all_tissues_zeros_kept	0.368473	29	0.0492026	0.562596
ENSG00000105726	ATP13A1	S1_all_tissues_zeros_kept	0.0546798	29	0.77816	0.14126
ENSG00000105732	ZNF574	S1_all_tissues_zeros_kept	0.0152785	29	0.937301	0.110154
ENSG00000105738	SIPA1L3	S1_all_tissues_zeros_kept	0.477833	29	0.00875291	0.725278
ENSG00000105755	ETHE1	S1_all_tissues_zeros_kept	0.570443	29	0.00123325	0.832605
ENSG00000105771	SMG9	S1_all_tissues_zeros_kept	0.593103	29	0.000696739	0.851928
ENSG00000105778	AVL9	S1_all_tissues_zeros_kept	0.399064	29	0.0319934	0.608826
ENSG00000105792	CFAP69	S1_all_tissues_zeros_kept	0.0411094	29	0.832316	0.129949
ENSG00000105793	GTPBP10	S1_all_tissues_zeros_kept	0.105924	29	0.584467	0.189974
ENSG00000105808	RASA4	S1_all_tissues_zeros_kept	0.385222	29	0.0390518	0.586718
ENSG00000105810	CDK6	S1_all_tissues_zeros_kept	0.220197	29	0.251054	0.332177
ENSG00000105819	PMPCB	S1_all_tissues_zeros_kept	0.572906	29	0.00116134	0.834619
ENSG00000105821	DNAJC2	S1_all_tissues_zeros_kept	0.317527	29	0.0932545	0.483162
ENSG00000105825	TFPI2	S1_all_tissues_zeros_kept	-0.0387179	29	0.841946	0.0769066
ENSG00000105829	BET1	S1_all_tissues_zeros_kept	0.448276	29	0.0147341	0.684105
ENSG00000105835	NAMPT	S1_all_tissues_zeros_kept	0.661084	29	9.46018e-05	0.910711
ENSG00000105849	TWISTNB	S1_all_tissues_zeros_kept	-0.19339	29	0.31482	0.0184662
ENSG00000105851	PIK3CG	S1_all_tissues_zeros_kept	0.477214	29	0.00885295	0.724379
ENSG00000105852	PON3	S1_all_tissues_zeros_kept	0.462712	29	0.0114884	0.706384
ENSG00000105854	PON2	S1_all_tissues_zeros_kept	0.656158	29	0.000111149	0.90647
ENSG00000105855	ITGB8	S1_all_tissues_zeros_kept	0.575574	29	0.00108758	0.837232
ENSG00000105856	HBP1	S1_all_tissues_zeros_kept	0.145392	29	0.451732	0.234662
ENSG00000105866	SP4	S1_all_tissues_zeros_kept	0.458953	29	0.0122695	0.700386
ENSG00000105875	WDR91	S1_all_tissues_zeros_kept	0.445923	29	0.0153292	0.680034
ENSG00000105877	DNAH11	S1_all_tissues_zeros_kept	0.316228	29	0.0946761	0.479306
ENSG00000105879	CBLL1	S1_all_tissues_zeros_kept	0.295567	29	0.119548	0.443488
ENSG00000105887	MTPN	S1_all_tissues_zeros_kept	0.590148	29	0.000752402	0.8497
ENSG00000105894	PTN	S1_all_tissues_zeros_kept	0.525857	29	0.00339192	0.784876
ENSG00000105928	DFNA5	S1_all_tissues_zeros_kept	0.761624	29	1.59626e-06	0.966881
ENSG00000105929	ATP6V0A4	S1_all_tissues_zeros_kept	0.446128	29	0.0152766	0.680677
ENSG00000105939	ZC3HAV1	S1_all_tissues_zeros_kept	0.293103	29	0.122808	0.43916
ENSG00000105953	OGDH	S1_all_tissues_zeros_kept	0.457143	29	0.0126613	0.698115
ENSG00000105963	ADAP1	S1_all_tissues_zeros_kept	0.644361	29	0.000161653	0.896787
ENSG00000105968	H2AFV	S1_all_tissues_zeros_kept	0.129064	29	0.504607	0.217009
ENSG00000105971	CAV2	S1_all_tissues_zeros_kept	0.251848	29	0.187521	0.377592
ENSG00000105974	CAV1	S1_all_tissues_zeros_kept	0.618719	29	0.000346542	0.874593
ENSG00000105976	MET	S1_all_tissues_zeros_kept	0.277477	29	0.145027	0.416924
ENSG00000105983	LMBR1	S1_all_tissues_zeros_kept	0.229256	29	0.231585	0.345544
ENSG00000105989	WNT2	S1_all_tissues_zeros_kept	0.667876	29	7.5382e-05	0.916495
ENSG00000105993	DNAJB6	S1_all_tissues_zeros_kept	0.516256	29	0.00414477	0.774207
ENSG00000106003	LFNG	S1_all_tissues_zeros_kept	0.382947	29	0.0403224	0.583248
ENSG00000106004	HOXA5	S1_all_tissues_zeros_kept	0.210233	29	0.273679	0.316924
ENSG00000106009	BRAT1	S1_all_tissues_zeros_kept	0.24846	29	0.193727	0.372451
ENSG00000106012	IQCE	S1_all_tissues_zeros_kept	-0.0379894	29	0.844884	0.077335
ENSG00000106013	ANKRD7	S1_all_tissues_zeros_kept	1	29	0	0.997943
ENSG00000106028	SSBP1	S1_all_tissues_zeros_kept	-0.237438	29	0.21489	0.0107541
ENSG00000106034	CPED1	S1_all_tissues_zeros_kept	0.0944859	29	0.62588	0.178449
ENSG00000106049	HIBADH	S1_all_tissues_zeros_kept	0.733498	29	5.98678e-06	0.956341
ENSG00000106052	TAX1BP1	S1_all_tissues_zeros_kept	0.139409	29	0.470755	0.228449
ENSG00000106066	CPVL	S1_all_tissues_zeros_kept	0.692118	29	3.19147e-05	0.932091
ENSG00000106070	GRB10	S1_all_tissues_zeros_kept	0.464532	29	0.0111254	0.708183
ENSG00000106077	ABHD11	S1_all_tissues_zeros_kept	0.689655	29	3.49562e-05	0.930591
ENSG00000106080	FKBP14	S1_all_tissues_zeros_kept	0.35239	29	0.0608127	0.538089
ENSG00000106105	GARS	S1_all_tissues_zeros_kept	0.483251	29	0.00791685	0.733505
ENSG00000106123	EPHB6	S1_all_tissues_zeros_kept	0.0615978	29	0.750921	0.147344
ENSG00000106125	FAM188B	S1_all_tissues_zeros_kept	0.108645	29	0.574796	0.193188
ENSG00000106144	CASP2	S1_all_tissues_zeros_kept	0.63399	29	0.00022186	0.888046
ENSG00000106153	CHCHD2	S1_all_tissues_zeros_kept	0.113793	29	0.556698	0.199529
ENSG00000106211	HSPB1	S1_all_tissues_zeros_kept	0.527094	29	0.00330406	0.786418
ENSG00000106236	NPTX2	S1_all_tissues_zeros_kept	0.171554	29	0.373555	0.26671
ENSG00000106244	PDAP1	S1_all_tissues_zeros_kept	-0.0339901	29	0.861047	0.0798201
ENSG00000106245	BUD31	S1_all_tissues_zeros_kept	0.175145	29	0.363483	0.271594
ENSG00000106258	CYP3A5	S1_all_tissues_zeros_kept	0.556625	29	0.00171301	0.820608
ENSG00000106261	ZKSCAN1	S1_all_tissues_zeros_kept	0.548276	29	0.00207514	0.812254
ENSG00000106263	EIF3B	S1_all_tissues_zeros_kept	0.117734	29	0.543022	0.203171
ENSG00000106266	SNX8	S1_all_tissues_zeros_kept	0.52839	29	0.00321405	0.79066
ENSG00000106268	NUDT1	S1_all_tissues_zeros_kept	0.549754	29	0.0020066	0.813625
ENSG00000106278	PTPRZ1	S1_all_tissues_zeros_kept	-0.106991	29	0.580668	0.0433162
ENSG00000106290	TAF6	S1_all_tissues_zeros_kept	0.145849	29	0.450296	0.23569
ENSG00000106299	WASL	S1_all_tissues_zeros_kept	0.462562	29	0.0115188	0.705656
ENSG00000106305	AIMP2	S1_all_tissues_zeros_kept	0.345813	29	0.0661359	0.527292
ENSG00000106327	TFR2	S1_all_tissues_zeros_kept	0.204528	29	0.287206	0.308098
ENSG00000106330	MOSPD3	S1_all_tissues_zeros_kept	0.152815	29	0.42871	0.243745
ENSG00000106344	RBM28	S1_all_tissues_zeros_kept	-0.396354	29	0.0332871	0.000728363
ENSG00000106346	USP42	S1_all_tissues_zeros_kept	-0.0657671	29	0.734644	0.0623393
ENSG00000106348	IMPDH1	S1_all_tissues_zeros_kept	0.782609	29	5.26842e-07	0.974336
ENSG00000106351	AGFG2	S1_all_tissues_zeros_kept	0.343885	29	0.0677631	0.524207
ENSG00000106355	LSM5	S1_all_tissues_zeros_kept	0.109852	29	0.570529	0.194687
ENSG00000106366	SERPINE1	S1_all_tissues_zeros_kept	0.192295	29	0.317621	0.291902
ENSG00000106367	AP1S1	S1_all_tissues_zeros_kept	0.455172	29	0.0130995	0.695501
ENSG00000106384	MOGAT3	S1_all_tissues_zeros_kept	0.561648	29	0.00152264	0.825835
ENSG00000106392	C1GALT1	S1_all_tissues_zeros_kept	0.426601	29	0.0210106	0.653599
ENSG00000106397	PLOD3	S1_all_tissues_zeros_kept	0.40936	29	0.0274434	0.626435
ENSG00000106399	RPA3	S1_all_tissues_zeros_kept	0.216283	29	0.25979	0.326435
ENSG00000106400	ZNHIT1	S1_all_tissues_zeros_kept	0.037564	29	0.8466	0.126949
ENSG00000106404	CLDN15	S1_all_tissues_zeros_kept	0.322745	29	0.0877061	0.491645
ENSG00000106415	GLCCI1	S1_all_tissues_zeros_kept	0.471473	29	0.00982787	0.717095
ENSG00000106443	PHF14	S1_all_tissues_zeros_kept	0.267488	29	0.160671	0.401114
ENSG00000106459	NRF1	S1_all_tissues_zeros_kept	0.419411	29	0.0235235	0.642031
ENSG00000106460	TMEM106B	S1_all_tissues_zeros_kept	0.0640394	29	0.741376	0.149314
ENSG00000106477	CEP41	S1_all_tissues_zeros_kept	0.283532	29	0.136097	0.426264
ENSG00000106483	SFRP4	S1_all_tissues_zeros_kept	0.581348	29	0.000941814	0.842716
ENSG00000106484	MEST	S1_all_tissues_zeros_kept	0.7	29	2.3707e-05	0.937104
ENSG00000106524	ANKMY2	S1_all_tissues_zeros_kept	0.493103	29	0.00656891	0.744987
ENSG00000106537	TSPAN13	S1_all_tissues_zeros_kept	0.758551	29	1.86002e-06	0.965938
ENSG00000106546	AHR	S1_all_tissues_zeros_kept	0.753202	29	2.41476e-06	0.963496
ENSG00000106554	CHCHD3	S1_all_tissues_zeros_kept	0.271921	29	0.153586	0.408783
ENSG00000106560	GIMAP2	S1_all_tissues_zeros_kept	0.570946	29	0.00121826	0.833205
ENSG00000106565	TMEM176B	S1_all_tissues_zeros_kept	0.778421	29	6.63511e-07	0.972751
ENSG00000106588	PSMA2	S1_all_tissues_zeros_kept	0.231527	29	0.226866	0.348286
ENSG00000106591	MRPL32	S1_all_tissues_zeros_kept	0.132085	29	0.494599	0.219923
ENSG00000106603	COA1	S1_all_tissues_zeros_kept	0.159726	29	0.407869	0.252699
ENSG00000106605	BLVRA	S1_all_tissues_zeros_kept	0.500493	29	0.00569043	0.753942
ENSG00000106608	URGCP	S1_all_tissues_zeros_kept	0.0741471	29	0.702271	0.157027
ENSG00000106609	TMEM248	S1_all_tissues_zeros_kept	0.0649255	29	0.737921	0.149914
ENSG00000106615	RHEB	S1_all_tissues_zeros_kept	0.550314	29	0.00198113	0.814396
ENSG00000106617	PRKAG2	S1_all_tissues_zeros_kept	0.284729	29	0.13438	0.428021
ENSG00000106624	AEBP1	S1_all_tissues_zeros_kept	0.627586	29	0.000268248	0.883205
ENSG00000106628	POLD2	S1_all_tissues_zeros_kept	0.152217	29	0.430542	0.243145
ENSG00000106631	MYL7	S1_all_tissues_zeros_kept	0.190676	29	0.32179	0.290189
ENSG00000106633	GCK	S1_all_tissues_zeros_kept	0.223207	29	0.244469	0.337489
ENSG00000106635	BCL7B	S1_all_tissues_zeros_kept	0.30589	29	0.106579	0.459683
ENSG00000106636	YKT6	S1_all_tissues_zeros_kept	0.209852	29	0.274569	0.316281
ENSG00000106638	TBL2	S1_all_tissues_zeros_kept	0.549329	29	0.00202611	0.813239
ENSG00000106682	EIF4H	S1_all_tissues_zeros_kept	0.45917	29	0.0122234	0.700814
ENSG00000106683	LIMK1	S1_all_tissues_zeros_kept	0.71133	29	1.52045e-05	0.942631
ENSG00000106686	SPATA6L	S1_all_tissues_zeros_kept	0.241238	29	0.207424	0.361825
ENSG00000106689	LHX2	S1_all_tissues_zeros_kept	-0.0514016	29	0.791159	0.0688089
ENSG00000106723	SPIN1	S1_all_tissues_zeros_kept	0.478325	29	0.00867396	0.725921
ENSG00000106733	NMRK1	S1_all_tissues_zeros_kept	0.393103	29	0.0348944	0.598115
ENSG00000106771	TMEM245	S1_all_tissues_zeros_kept	0.279803	29	0.141547	0.420566
ENSG00000106772	PRUNE2	S1_all_tissues_zeros_kept	0.850802	29	5.03519e-09	0.991302
ENSG00000106780	MEGF9	S1_all_tissues_zeros_kept	0.503705	29	0.00534087	0.759169
ENSG00000106785	TRIM14	S1_all_tissues_zeros_kept	0.398275	29	0.0323659	0.607498
ENSG00000106799	TGFBR1	S1_all_tissues_zeros_kept	0.180741	29	0.348107	0.276821
ENSG00000106803	SEC61B	S1_all_tissues_zeros_kept	0.403448	29	0.0299866	0.617609
ENSG00000106804	C5	S1_all_tissues_zeros_kept	-0.274307	29	0.149867	0.00681234
ENSG00000106823	ECM2	S1_all_tissues_zeros_kept	0.542766	29	0.00234886	0.80647
ENSG00000106853	PTGR1	S1_all_tissues_zeros_kept	0.851232	29	4.856e-09	0.991517
ENSG00000106927	AMBP	S1_all_tissues_zeros_kept	0.0104746	29	0.956993	0.105955
ENSG00000106948	AKNA	S1_all_tissues_zeros_kept	0.722523	29	9.60157e-06	0.951542
ENSG00000106976	DNM1	S1_all_tissues_zeros_kept	0.469552	29	0.0101736	0.715124
ENSG00000106991	ENG	S1_all_tissues_zeros_kept	0.647291	29	0.000147509	0.898886
ENSG00000106992	AK1	S1_all_tissues_zeros_kept	0.537438	29	0.00264255	0.801628
ENSG00000106993	CDC37L1	S1_all_tissues_zeros_kept	0.510345	29	0.00467598	0.767652
ENSG00000107020	PLGRKT	S1_all_tissues_zeros_kept	0.496059	29	0.00620463	0.748286
ENSG00000107021	TBC1D13	S1_all_tissues_zeros_kept	0.16135	29	0.403057	0.253899
ENSG00000107036	RIC1	S1_all_tissues_zeros_kept	0.0123213	29	0.949419	0.107755
ENSG00000107077	KDM4C	S1_all_tissues_zeros_kept	-0.0514831	29	0.790836	0.0684233
ENSG00000107099	DOCK8	S1_all_tissues_zeros_kept	0.74618	29	3.36854e-06	0.96114
ENSG00000107104	KANK1	S1_all_tissues_zeros_kept	0.683744	29	4.33383e-05	0.927892
ENSG00000107105	ELAVL2	S1_all_tissues_zeros_kept	0.453488	29	0.0134841	0.692931
ENSG00000107130	NCS1	S1_all_tissues_zeros_kept	0.800495	29	1.85352e-07	0.98102
ENSG00000107140	TESK1	S1_all_tissues_zeros_kept	0.031999	29	0.869116	0.122237
ENSG00000107147	KCNT1	S1_all_tissues_zeros_kept	0.098429	29	0.611469	0.182734
ENSG00000107159	CA9	S1_all_tissues_zeros_kept	0.625925	29	0.000281602	0.88102
ENSG00000107164	FUBP3	S1_all_tissues_zeros_kept	0.521	29	0.00375662	0.779906
ENSG00000107185	RGP1	S1_all_tissues_zeros_kept	0.0975925	29	0.614515	0.182305
ENSG00000107201	DDX58	S1_all_tissues_zeros_kept	0.34216	29	0.0692444	0.521208
ENSG00000107223	EDF1	S1_all_tissues_zeros_kept	-0.0344828	29	0.859053	0.0796058
ENSG00000107242	PIP5K1B	S1_all_tissues_zeros_kept	0.413861	29	0.0256268	0.63389
ENSG00000107262	BAG1	S1_all_tissues_zeros_kept	0.352709	29	0.0605632	0.538518
ENSG00000107263	RAPGEF1	S1_all_tissues_zeros_kept	0.172681	29	0.370376	0.268081
ENSG00000107282	APBA1	S1_all_tissues_zeros_kept	0.35854	29	0.0561438	0.546915
ENSG00000107290	SETX	S1_all_tissues_zeros_kept	0.290712	29	0.126034	0.436889
ENSG00000107295	SH3GL2	S1_all_tissues_zeros_kept	0.503793	29	0.00533153	0.759254
ENSG00000107338	SHB	S1_all_tissues_zeros_kept	0.660644	29	9.59835e-05	0.910497
ENSG00000107341	UBE2R2	S1_all_tissues_zeros_kept	0.191133	29	0.320611	0.290574
ENSG00000107362	ABHD17B	S1_all_tissues_zeros_kept	0.394776	29	0.0340599	0.600557
ENSG00000107371	EXOSC3	S1_all_tissues_zeros_kept	0.110851	29	0.567009	0.195587
ENSG00000107372	ZFAND5	S1_all_tissues_zeros_kept	0.237221	29	0.215322	0.355913
ENSG00000107404	DVL1	S1_all_tissues_zeros_kept	0.0862069	29	0.656575	0.169666
ENSG00000107438	PDLIM1	S1_all_tissues_zeros_kept	0.642857	29	0.000169368	0.894901
ENSG00000107521	HPS1	S1_all_tissues_zeros_kept	0.250138	29	0.190635	0.374593
ENSG00000107537	PHYH	S1_all_tissues_zeros_kept	0.793596	29	2.80666e-07	0.978492
ENSG00000107551	RASSF4	S1_all_tissues_zeros_kept	0.108767	29	0.574367	0.193359
ENSG00000107554	DNMBP	S1_all_tissues_zeros_kept	0.420197	29	0.0232373	0.643231
ENSG00000107560	RAB11FIP2	S1_all_tissues_zeros_kept	0.472154	29	0.00970767	0.718209
ENSG00000107562	CXCL12	S1_all_tissues_zeros_kept	0.230163	29	0.229692	0.347087
ENSG00000107566	ERLIN1	S1_all_tissues_zeros_kept	0.767488	29	1.18462e-06	0.968509
ENSG00000107581	EIF3A	S1_all_tissues_zeros_kept	0.209852	29	0.274569	0.316281
ENSG00000107611	CUBN	S1_all_tissues_zeros_kept	-0.130083	29	0.501221	0.0351757
ENSG00000107625	DDX50	S1_all_tissues_zeros_kept	0.508867	29	0.00481751	0.765724
ENSG00000107643	MAPK8	S1_all_tissues_zeros_kept	0.449261	29	0.0144907	0.685604
ENSG00000107651	SEC23IP	S1_all_tissues_zeros_kept	0.124138	29	0.521142	0.210711
ENSG00000107669	ATE1	S1_all_tissues_zeros_kept	0.24335	29	0.203352	0.364696
ENSG00000107672	NSMCE4A	S1_all_tissues_zeros_kept	0.153202	29	0.427528	0.244216
ENSG00000107679	PLEKHA1	S1_all_tissues_zeros_kept	0.580788	29	0.000955155	0.842159
ENSG00000107719	PALD1	S1_all_tissues_zeros_kept	0.178906	29	0.353106	0.274764
ENSG00000107731	UNC5B	S1_all_tissues_zeros_kept	0.475296	29	0.00916905	0.721551
ENSG00000107738	C10orf54	S1_all_tissues_zeros_kept	0.565072	29	0.00140365	0.82832
ENSG00000107745	MICU1	S1_all_tissues_zeros_kept	0.382266	29	0.0407094	0.582091
ENSG00000107758	PPP3CB	S1_all_tissues_zeros_kept	0.445129	29	0.0155345	0.67862
ENSG00000107771	CCSER2	S1_all_tissues_zeros_kept	0.408138	29	0.0279539	0.624979
ENSG00000107789	MINPP1	S1_all_tissues_zeros_kept	0.478384	29	0.00866455	0.726221
ENSG00000107796	ACTA2	S1_all_tissues_zeros_kept	0.230049	29	0.229928	0.346872
ENSG00000107798	LIPA	S1_all_tissues_zeros_kept	0.502463	29	0.0054738	0.757112
ENSG00000107807	TLX1	S1_all_tissues_zeros_kept	-0.0514016	29	0.791159	0.0688089
ENSG00000107815	C10orf2	S1_all_tissues_zeros_kept	0.366431	29	0.050571	0.559169
ENSG00000107816	LZTS2	S1_all_tissues_zeros_kept	0.0956136	29	0.621745	0.179563
ENSG00000107819	SFXN3	S1_all_tissues_zeros_kept	0.484236	29	0.00777232	0.73419
ENSG00000107829	FBXW4	S1_all_tissues_zeros_kept	0.101862	29	0.599037	0.185476
ENSG00000107833	NPM3	S1_all_tissues_zeros_kept	0.239438	29	0.210938	0.358955
ENSG00000107862	GBF1	S1_all_tissues_zeros_kept	-0.174384	29	0.365603	0.0236075
ENSG00000107863	ARHGAP21	S1_all_tissues_zeros_kept	0.319212	29	0.0914347	0.486504
ENSG00000107864	CPEB3	S1_all_tissues_zeros_kept	0.354449	29	0.059217	0.541003
ENSG00000107872	FBXL15	S1_all_tissues_zeros_kept	-0.0649062	29	0.737996	0.0627678
ENSG00000107874	CUEDC2	S1_all_tissues_zeros_kept	0.171019	29	0.37507	0.266024
ENSG00000107882	SUFU	S1_all_tissues_zeros_kept	0.495074	29	0.0063241	0.747344
ENSG00000107897	ACBD5	S1_all_tissues_zeros_kept	0.899015	29	3.48815e-11	0.994816
ENSG00000107902	LHPP	S1_all_tissues_zeros_kept	0.597537	29	0.000620003	0.855741
ENSG00000107929	LARP4B	S1_all_tissues_zeros_kept	0.231034	29	0.227884	0.348029
ENSG00000107937	GTPBP4	S1_all_tissues_zeros_kept	0.175369	29	0.362858	0.271808
ENSG00000107938	EDRF1	S1_all_tissues_zeros_kept	0.0654909	29	0.735718	0.150514
ENSG00000107949	BCCIP	S1_all_tissues_zeros_kept	0.161576	29	0.402388	0.25407
ENSG00000107951	MTPAP	S1_all_tissues_zeros_kept	0.104433	29	0.589796	0.187875
ENSG00000107957	SH3PXD2A	S1_all_tissues_zeros_kept	0.7	29	2.3707e-05	0.937104
ENSG00000107959	PITRM1	S1_all_tissues_zeros_kept	0.513793	29	0.00435948	0.771508
ENSG00000107960	OBFC1	S1_all_tissues_zeros_kept	0.109127	29	0.573092	0.193702
ENSG00000107984	DKK1	S1_all_tissues_zeros_kept	0.0842406	29	0.663948	0.167052
ENSG00000108010	GLRX3	S1_all_tissues_zeros_kept	0.180788	29	0.34798	0.277207
ENSG00000108018	SORCS1	S1_all_tissues_zeros_kept	0.435177	29	0.0183061	0.664653
ENSG00000108021	FAM208B	S1_all_tissues_zeros_kept	-0.044335	29	0.819365	0.0732648
ENSG00000108039	XPNPEP1	S1_all_tissues_zeros_kept	0.544828	29	0.00224299	0.808783
ENSG00000108055	SMC3	S1_all_tissues_zeros_kept	0.40936	29	0.0274434	0.626435
ENSG00000108061	SHOC2	S1_all_tissues_zeros_kept	0.307389	29	0.104787	0.462896
ENSG00000108064	TFAM	S1_all_tissues_zeros_kept	-0.0684729	29	0.724139	0.0606255
ENSG00000108091	CCDC6	S1_all_tissues_zeros_kept	0.412315	29	0.0262393	0.631534
ENSG00000108094	CUL2	S1_all_tissues_zeros_kept	0.33202	29	0.0784693	0.505613
ENSG00000108100	CCNY	S1_all_tissues_zeros_kept	0.633498	29	0.000225158	0.887489
ENSG00000108107	RPL28	S1_all_tissues_zeros_kept	-0.145813	29	0.450409	0.03012
ENSG00000108175	ZMIZ1	S1_all_tissues_zeros_kept	0.387685	29	0.0377121	0.59066
ENSG00000108179	PPIF	S1_all_tissues_zeros_kept	0.541872	29	0.00239607	0.806041
ENSG00000108187	PBLD	S1_all_tissues_zeros_kept	0.866585	29	1.22741e-09	0.992931
ENSG00000108219	TSPAN14	S1_all_tissues_zeros_kept	0.1867	29	0.332174	0.284919
ENSG00000108231	LGI1	S1_all_tissues_zeros_kept	0.535112	29	0.0027804	0.798329
ENSG00000108239	TBC1D12	S1_all_tissues_zeros_kept	0.121806	29	0.529058	0.207755
ENSG00000108242	CYP2C18	S1_all_tissues_zeros_kept	0.690457	29	3.39383e-05	0.931148
ENSG00000108244	KRT23	S1_all_tissues_zeros_kept	0.25699	29	0.178371	0.385133
ENSG00000108256	NUFIP2	S1_all_tissues_zeros_kept	0.116256	29	0.548132	0.201585
ENSG00000108262	GIT1	S1_all_tissues_zeros_kept	0.396552	29	0.0331914	0.603642
ENSG00000108298	RPL19	S1_all_tissues_zeros_kept	0.16601	29	0.389425	0.25934
ENSG00000108306	FBXL20	S1_all_tissues_zeros_kept	0.111974	29	0.563061	0.196701
ENSG00000108309	RUNDC3A	S1_all_tissues_zeros_kept	0.691829	29	3.22591e-05	0.931834
ENSG00000108312	UBTF	S1_all_tissues_zeros_kept	0.426601	29	0.0210106	0.653599
ENSG00000108344	PSMD3	S1_all_tissues_zeros_kept	0.253202	29	0.185081	0.379949
ENSG00000108349	CASC3	S1_all_tissues_zeros_kept	0.0650246	29	0.737534	0.150043
ENSG00000108352	RAPGEFL1	S1_all_tissues_zeros_kept	0.456776	29	0.0127419	0.697644
ENSG00000108379	WNT3	S1_all_tissues_zeros_kept	0.0394406	29	0.839033	0.12862
ENSG00000108384	RAD51C	S1_all_tissues_zeros_kept	0.171019	29	0.37507	0.266024
ENSG00000108406	DHX40	S1_all_tissues_zeros_kept	0.542857	29	0.00234407	0.806641
ENSG00000108424	KPNB1	S1_all_tissues_zeros_kept	0.166502	29	0.387999	0.259854
ENSG00000108433	GOSR2	S1_all_tissues_zeros_kept	0.416749	29	0.0245141	0.637875
ENSG00000108439	PNPO	S1_all_tissues_zeros_kept	0.611159	29	0.000428529	0.869709
ENSG00000108443	RPS6KB1	S1_all_tissues_zeros_kept	-0.259113	29	0.174685	0.00861183
ENSG00000108465	CDK5RAP3	S1_all_tissues_zeros_kept	-0.0147783	29	0.93935	0.0910883
ENSG00000108468	CBX1	S1_all_tissues_zeros_kept	0.681281	29	4.73308e-05	0.925921
ENSG00000108469	RECQL5	S1_all_tissues_zeros_kept	0.138441	29	0.473873	0.227249
ENSG00000108474	PIGL	S1_all_tissues_zeros_kept	0.0631599	29	0.74481	0.148972
ENSG00000108479	GALK1	S1_all_tissues_zeros_kept	0.39803	29	0.0324824	0.606727
ENSG00000108506	INTS2	S1_all_tissues_zeros_kept	0.271495	29	0.154256	0.408012
ENSG00000108510	MED13	S1_all_tissues_zeros_kept	0.00863239	29	0.964552	0.104584
ENSG00000108515	ENO3	S1_all_tissues_zeros_kept	0.193481	29	0.314589	0.293273
ENSG00000108518	PFN1	S1_all_tissues_zeros_kept	0.720197	29	1.0583e-05	0.949786
ENSG00000108523	RNF167	S1_all_tissues_zeros_kept	0.211724	29	0.270213	0.319237
ENSG00000108528	SLC25A11	S1_all_tissues_zeros_kept	0.541379	29	0.00242244	0.805613
ENSG00000108557	RAI1	S1_all_tissues_zeros_kept	0.482964	29	0.00795934	0.733205
ENSG00000108559	NUP88	S1_all_tissues_zeros_kept	0.153202	29	0.427528	0.244216
ENSG00000108561	C1QBP	S1_all_tissues_zeros_kept	0.216256	29	0.25985	0.326178
ENSG00000108576	SLC6A4	S1_all_tissues_zeros_kept	0.392099	29	0.0354036	0.596958
ENSG00000108578	BLMH	S1_all_tissues_zeros_kept	0.128571	29	0.506249	0.216367
ENSG00000108582	CPD	S1_all_tissues_zeros_kept	0.59803	29	0.000611952	0.856427
ENSG00000108587	GOSR1	S1_all_tissues_zeros_kept	-0.30989	29	0.101847	0.00467009
ENSG00000108588	CCDC47	S1_all_tissues_zeros_kept	0.494581	29	0.00638457	0.74653
ENSG00000108590	MED31	S1_all_tissues_zeros_kept	0.392897	29	0.0349986	0.597815
ENSG00000108591	DRG2	S1_all_tissues_zeros_kept	0.0492732	29	0.799629	0.135947
ENSG00000108592	FTSJ3	S1_all_tissues_zeros_kept	0.193103	29	0.315553	0.292588
ENSG00000108599	AKAP10	S1_all_tissues_zeros_kept	0.166543	29	0.387881	0.260026
ENSG00000108602	ALDH3A1	S1_all_tissues_zeros_kept	0.628084	29	0.00026436	0.884105
ENSG00000108604	SMARCD2	S1_all_tissues_zeros_kept	0.383744	29	0.0398737	0.584319
ENSG00000108622	ICAM2	S1_all_tissues_zeros_kept	0.674877	29	5.92902e-05	0.922194
ENSG00000108639	SYNGR2	S1_all_tissues_zeros_kept	0.0734081	29	0.705106	0.156512
ENSG00000108651	UTP6	S1_all_tissues_zeros_kept	0.0224166	29	0.908111	0.114781
ENSG00000108654	DDX5	S1_all_tissues_zeros_kept	0.30197	29	0.111373	0.454713
ENSG00000108666	C17orf75	S1_all_tissues_zeros_kept	-0.0857143	29	0.658419	0.0520994
ENSG00000108669	CYTH1	S1_all_tissues_zeros_kept	0.112808	29	0.560141	0.197686
ENSG00000108671	PSMD11	S1_all_tissues_zeros_kept	0.0349754	29	0.85706	0.125064
ENSG00000108679	LGALS3BP	S1_all_tissues_zeros_kept	0.503018	29	0.00541411	0.757969
ENSG00000108733	PEX12	S1_all_tissues_zeros_kept	0.282293	29	0.137891	0.42455
ENSG00000108759	KRT32	S1_all_tissues_zeros_kept	-0.14238	29	0.461257	0.0313625
ENSG00000108771	DHX58	S1_all_tissues_zeros_kept	0.479926	29	0.00842149	0.727806
ENSG00000108773	KAT2A	S1_all_tissues_zeros_kept	-0.135038	29	0.484911	0.0332905
ENSG00000108774	RAB5C	S1_all_tissues_zeros_kept	0.270443	29	0.155922	0.405527
ENSG00000108784	NAGLU	S1_all_tissues_zeros_kept	0.466995	29	0.0106494	0.712082
ENSG00000108786	HSD17B1	S1_all_tissues_zeros_kept	0.037072	29	0.848586	0.126607
ENSG00000108788	MLX	S1_all_tissues_zeros_kept	0.39379	29	0.0345498	0.599357
ENSG00000108797	CNTNAP1	S1_all_tissues_zeros_kept	0.3164	29	0.094487	0.481105
ENSG00000108799	EZH1	S1_all_tissues_zeros_kept	0.0486265	29	0.802208	0.13509
ENSG00000108819	PPP1R9B	S1_all_tissues_zeros_kept	0.740887	29	4.29945e-06	0.958997
ENSG00000108825	PTGES3L-AARSD1	S1_all_tissues_zeros_kept	0.1569	29	0.416321	0.248715
ENSG00000108826	MRPL27	S1_all_tissues_zeros_kept	0.511823	29	0.00453802	0.769066
ENSG00000108828	VAT1	S1_all_tissues_zeros_kept	0.486207	29	0.00748995	0.736975
ENSG00000108829	LRRC59	S1_all_tissues_zeros_kept	0.486207	29	0.00748995	0.736975
ENSG00000108830	RND2	S1_all_tissues_zeros_kept	0.38564	29	0.0388218	0.587918
ENSG00000108839	ALOX12	S1_all_tissues_zeros_kept	-0.191668	29	0.319234	0.0188518
ENSG00000108840	HDAC5	S1_all_tissues_zeros_kept	0.210345	29	0.273418	0.317309
ENSG00000108848	LUC7L3	S1_all_tissues_zeros_kept	0.128079	29	0.507893	0.215724
ENSG00000108854	SMURF2	S1_all_tissues_zeros_kept	0.469458	29	0.0101906	0.714739
ENSG00000108861	DUSP3	S1_all_tissues_zeros_kept	0.645813	29	0.0001545	0.897986
ENSG00000108883	EFTUD2	S1_all_tissues_zeros_kept	0.411823	29	0.0264369	0.630763
ENSG00000108946	PRKAR1A	S1_all_tissues_zeros_kept	0.255172	29	0.181568	0.382991
ENSG00000108947	EFNB3	S1_all_tissues_zeros_kept	0.611622	29	0.000423057	0.869966
ENSG00000108953	YWHAE	S1_all_tissues_zeros_kept	0.402463	29	0.0304284	0.615596
ENSG00000108961	RANGRF	S1_all_tissues_zeros_kept	0.381962	29	0.0408832	0.58162
ENSG00000108963	DPH1	S1_all_tissues_zeros_kept	-0.204439	29	0.28742	0.0164096
ENSG00000109016	DHRS7B	S1_all_tissues_zeros_kept	0.447291	29	0.0149809	0.682991
ENSG00000109046	WSB1	S1_all_tissues_zeros_kept	0.27683	29	0.146006	0.415381
ENSG00000109062	SLC9A3R1	S1_all_tissues_zeros_kept	0.49064	29	0.00688616	0.741902
ENSG00000109065	NAT9	S1_all_tissues_zeros_kept	0.252255	29	0.186784	0.378706
ENSG00000109072	VTN	S1_all_tissues_zeros_kept	0.424227	29	0.0218147	0.650086
ENSG00000109079	TNFAIP1	S1_all_tissues_zeros_kept	0.146224	29	0.44912	0.236118
ENSG00000109083	IFT20	S1_all_tissues_zeros_kept	0.300493	29	0.113222	0.451671
ENSG00000109089	CDR2L	S1_all_tissues_zeros_kept	0.807069	29	1.22944e-07	0.983162
ENSG00000109103	UNC119	S1_all_tissues_zeros_kept	0.581773	29	0.000931778	0.842888
ENSG00000109107	ALDOC	S1_all_tissues_zeros_kept	0.803352	29	1.55362e-07	0.981791
ENSG00000109111	SUPT6H	S1_all_tissues_zeros_kept	-0.163547	29	0.396597	0.0254927
ENSG00000109113	RAB34	S1_all_tissues_zeros_kept	0.733834	29	5.89853e-06	0.956427
ENSG00000109118	PHF12	S1_all_tissues_zeros_kept	0.494825	29	0.00635458	0.746829
ENSG00000109133	TMEM33	S1_all_tissues_zeros_kept	0.258128	29	0.176388	0.386975
ENSG00000109171	SLAIN2	S1_all_tissues_zeros_kept	0.0876847	29	0.651054	0.171422
ENSG00000109180	OCIAD1	S1_all_tissues_zeros_kept	0.698522	29	2.50838e-05	0.936033
ENSG00000109181	UGT2B10	S1_all_tissues_zeros_kept	0.188422	29	0.327651	0.286932
ENSG00000109184	DCUN1D4	S1_all_tissues_zeros_kept	0.017123	29	0.929749	0.111011
ENSG00000109189	USP46	S1_all_tissues_zeros_kept	0.399491	29	0.0317932	0.609383
ENSG00000109193	SULT1E1	S1_all_tissues_zeros_kept	0.465602	29	0.0109164	0.70964
ENSG00000109220	CHIC2	S1_all_tissues_zeros_kept	-0.0699005	29	0.718616	0.05994
ENSG00000109265	KIAA1211	S1_all_tissues_zeros_kept	0.728486	29	7.44873e-06	0.953942
ENSG00000109270	LAMTOR3	S1_all_tissues_zeros_kept	0.409852	29	0.0272397	0.627121
ENSG00000109272	PF4V1	S1_all_tissues_zeros_kept	0.282494	29	0.137598	0.424722
ENSG00000109320	NFKB1	S1_all_tissues_zeros_kept	0.699507	29	2.41582e-05	0.936632
ENSG00000109323	MANBA	S1_all_tissues_zeros_kept	0.206676	29	0.282065	0.311183
ENSG00000109332	UBE2D3	S1_all_tissues_zeros_kept	0.0573908	29	0.767453	0.143916
ENSG00000109381	ELF2	S1_all_tissues_zeros_kept	0.389396	29	0.0368032	0.593016
ENSG00000109436	TBC1D9	S1_all_tissues_zeros_kept	0.166995	29	0.386577	0.260497
ENSG00000109445	ZNF330	S1_all_tissues_zeros_kept	0.205198	29	0.285597	0.309126
ENSG00000109452	INPP4B	S1_all_tissues_zeros_kept	0.140463	29	0.467373	0.22952
ENSG00000109458	GAB1	S1_all_tissues_zeros_kept	0.746305	29	3.34896e-06	0.961268
ENSG00000109472	CPE	S1_all_tissues_zeros_kept	0.525123	29	0.00344499	0.784062
ENSG00000109475	RPL34	S1_all_tissues_zeros_kept	0.130049	29	0.501332	0.217866
ENSG00000109501	WFS1	S1_all_tissues_zeros_kept	0.338916	29	0.0720991	0.516024
ENSG00000109511	ANXA10	S1_all_tissues_zeros_kept	0.453265	29	0.0135358	0.692588
ENSG00000109519	GRPEL1	S1_all_tissues_zeros_kept	0.402956	29	0.0302068	0.616538
ENSG00000109534	GAR1	S1_all_tissues_zeros_kept	0.046798	29	0.809507	0.133805
ENSG00000109536	FRG1	S1_all_tissues_zeros_kept	0.398522	29	0.0322488	0.607755
ENSG00000109572	CLCN3	S1_all_tissues_zeros_kept	0.517734	29	0.00402034	0.776307
ENSG00000109586	GALNT7	S1_all_tissues_zeros_kept	0.695074	29	2.85788e-05	0.933676
ENSG00000109606	DHX15	S1_all_tissues_zeros_kept	0.208374	29	0.27804	0.31431
ENSG00000109610	SOD3	S1_all_tissues_zeros_kept	0.38182	29	0.0409641	0.581448
ENSG00000109618	SEPSECS	S1_all_tissues_zeros_kept	0.671921	29	6.5667e-05	0.920266
ENSG00000109654	TRIM2	S1_all_tissues_zeros_kept	0.7867	29	4.18512e-07	0.975964
ENSG00000109667	SLC2A9	S1_all_tissues_zeros_kept	0.466703	29	0.0107049	0.71144
ENSG00000109670	FBXW7	S1_all_tissues_zeros_kept	-0.00208689	29	0.991428	0.098072
ENSG00000109685	WHSC1	S1_all_tissues_zeros_kept	0.382266	29	0.0407094	0.582091
ENSG00000109686	SH3D19	S1_all_tissues_zeros_kept	0.400985	29	0.031101	0.612554
ENSG00000109689	STIM2	S1_all_tissues_zeros_kept	0.121675	29	0.529506	0.207412
ENSG00000109705	NKX3-2	S1_all_tissues_zeros_kept	0.598088	29	0.000611003	0.857541
ENSG00000109736	MFSD10	S1_all_tissues_zeros_kept	0.134483	29	0.486726	0.222065
ENSG00000109743	BST1	S1_all_tissues_zeros_kept	0.382717	29	0.0404527	0.582391
ENSG00000109756	RAPGEF2	S1_all_tissues_zeros_kept	0.031531	29	0.871014	0.121722
ENSG00000109758	HGFAC	S1_all_tissues_zeros_kept	-0.225877	29	0.238724	0.012982
ENSG00000109762	SNX25	S1_all_tissues_zeros_kept	0.419261	29	0.0235786	0.641945
ENSG00000109771	LRP2BP	S1_all_tissues_zeros_kept	0.140749	29	0.466459	0.229692
ENSG00000109775	UFSP2	S1_all_tissues_zeros_kept	0.240424	29	0.209009	0.360711
ENSG00000109787	KLF3	S1_all_tissues_zeros_kept	0.308062	29	0.10399	0.464139
ENSG00000109790	KLHL5	S1_all_tissues_zeros_kept	0.212723	29	0.267906	0.321551
ENSG00000109794	FAM149A	S1_all_tissues_zeros_kept	0.156437	29	0.417715	0.248201
ENSG00000109814	UGDH	S1_all_tissues_zeros_kept	0.768966	29	1.09735e-06	0.968895
ENSG00000109832	DDX25	S1_all_tissues_zeros_kept	0.271115	29	0.154858	0.407155
ENSG00000109846	CRYAB	S1_all_tissues_zeros_kept	0.8133	29	8.21084e-08	0.984662
ENSG00000109854	HTATIP2	S1_all_tissues_zeros_kept	0.794581	29	2.64772e-07	0.978792
ENSG00000109861	CTSC	S1_all_tissues_zeros_kept	0.7	29	2.3707e-05	0.937104
ENSG00000109906	ZBTB16	S1_all_tissues_zeros_kept	0.123755	29	0.522439	0.210326
ENSG00000109911	ELP4	S1_all_tissues_zeros_kept	0.378325	29	0.0430065	0.576821
ENSG00000109917	ZPR1	S1_all_tissues_zeros_kept	0.0842365	29	0.663964	0.166881
ENSG00000109919	MTCH2	S1_all_tissues_zeros_kept	0.326601	29	0.0837705	0.497386
ENSG00000109920	FNBP4	S1_all_tissues_zeros_kept	0.206897	29	0.281539	0.311782
ENSG00000109971	HSPA8	S1_all_tissues_zeros_kept	0.353695	29	0.0597979	0.539546
ENSG00000110002	VWA5A	S1_all_tissues_zeros_kept	0.675862	29	5.72908e-05	0.922665
ENSG00000110011	DNAJC4	S1_all_tissues_zeros_kept	0.145232	29	0.452236	0.234404
ENSG00000110013	SIAE	S1_all_tissues_zeros_kept	0.607882	29	0.000469069	0.866538
ENSG00000110025	SNX15	S1_all_tissues_zeros_kept	0.43399	29	0.0186622	0.662939
ENSG00000110046	ATG2A	S1_all_tissues_zeros_kept	0.0716052	29	0.71204	0.155313
ENSG00000110047	EHD1	S1_all_tissues_zeros_kept	0.361084	29	0.0542972	0.551714
ENSG00000110048	OSBP	S1_all_tissues_zeros_kept	0.559606	29	0.00159768	0.824036
ENSG00000110057	UNC93B1	S1_all_tissues_zeros_kept	0.721675	29	9.94965e-06	0.950728
ENSG00000110060	PUS3	S1_all_tissues_zeros_kept	0.225323	29	0.23991	0.34006
ENSG00000110063	DCPS	S1_all_tissues_zeros_kept	0.387732	29	0.0376865	0.590874
ENSG00000110066	SUV420H1	S1_all_tissues_zeros_kept	0.0722892	29	0.709406	0.155656
ENSG00000110074	FOXRED1	S1_all_tissues_zeros_kept	0.349261	29	0.0633018	0.533162
ENSG00000110075	PPP6R3	S1_all_tissues_zeros_kept	0.0586207	29	0.762609	0.144944
ENSG00000110076	NRXN2	S1_all_tissues_zeros_kept	0.251349	29	0.188427	0.37665
ENSG00000110077	MS4A6A	S1_all_tissues_zeros_kept	0.62207	29	0.000314863	0.877849
ENSG00000110080	ST3GAL4	S1_all_tissues_zeros_kept	0.417046	29	0.0244017	0.63826
ENSG00000110090	CPT1A	S1_all_tissues_zeros_kept	0.520197	29	0.00382005	0.779049
ENSG00000110092	CCND1	S1_all_tissues_zeros_kept	0.366339	29	0.0506332	0.559083
ENSG00000110104	CCDC86	S1_all_tissues_zeros_kept	0.0840005	29	0.664851	0.166624
ENSG00000110107	PRPF19	S1_all_tissues_zeros_kept	0.468966	29	0.010281	0.714567
ENSG00000110108	TMEM109	S1_all_tissues_zeros_kept	0.427094	29	0.0208468	0.654242
ENSG00000110169	HPX	S1_all_tissues_zeros_kept	-0.203289	29	0.290199	0.0166238
ENSG00000110171	TRIM3	S1_all_tissues_zeros_kept	0.592849	29	0.000701389	0.851799
ENSG00000110172	CHORDC1	S1_all_tissues_zeros_kept	0.461084	29	0.0118215	0.70347
ENSG00000110195	FOLR1	S1_all_tissues_zeros_kept	0.746042	29	3.39038e-06	0.960968
ENSG00000110203	FOLR3	S1_all_tissues_zeros_kept	0.260964	29	0.171517	0.390617
ENSG00000110218	PANX1	S1_all_tissues_zeros_kept	0.40712	29	0.0283855	0.623008
ENSG00000110237	ARHGEF17	S1_all_tissues_zeros_kept	0.368966	29	0.0488769	0.563582
ENSG00000110243	APOA5	S1_all_tissues_zeros_kept	0.319551	29	0.0910719	0.486675
ENSG00000110244	APOA4	S1_all_tissues_zeros_kept	0.121206	29	0.531104	0.207069
ENSG00000110245	APOC3	S1_all_tissues_zeros_kept	0.256298	29	0.179583	0.384533
ENSG00000110274	CEP164	S1_all_tissues_zeros_kept	0.201779	29	0.293875	0.303985
ENSG00000110315	RNF141	S1_all_tissues_zeros_kept	0.535402	29	0.00276292	0.798757
ENSG00000110321	EIF4G2	S1_all_tissues_zeros_kept	0.0369458	29	0.849096	0.126392
ENSG00000110328	GALNT18	S1_all_tissues_zeros_kept	0.0895101	29	0.644259	0.173479
ENSG00000110330	BIRC2	S1_all_tissues_zeros_kept	0.165291	29	0.391509	0.258312
ENSG00000110344	UBE4A	S1_all_tissues_zeros_kept	0.155192	29	0.421479	0.246572
ENSG00000110367	DDX6	S1_all_tissues_zeros_kept	0.310837	29	0.10075	0.46868
ENSG00000110375	UPK2	S1_all_tissues_zeros_kept	1	29	0	0.997943
ENSG00000110395	CBL	S1_all_tissues_zeros_kept	0.79803	29	2.15367e-07	0.980249
ENSG00000110422	HIPK3	S1_all_tissues_zeros_kept	0.354918	29	0.0588584	0.541602
ENSG00000110427	KIAA1549L	S1_all_tissues_zeros_kept	0.346581	29	0.0654962	0.52922
ENSG00000110429	FBXO3	S1_all_tissues_zeros_kept	0.0721764	29	0.70984	0.155484
ENSG00000110435	PDHX	S1_all_tissues_zeros_kept	0.391674	29	0.0356208	0.59653
ENSG00000110436	SLC1A2	S1_all_tissues_zeros_kept	0.0969332	29	0.61692	0.181277
ENSG00000110442	COMMD9	S1_all_tissues_zeros_kept	0.374184	29	0.0455303	0.571422
ENSG00000110446	SLC15A3	S1_all_tissues_zeros_kept	0.598845	29	0.000598821	0.858997
ENSG00000110455	ACCS	S1_all_tissues_zeros_kept	0.073217	29	0.70584	0.156341
ENSG00000110497	AMBRA1	S1_all_tissues_zeros_kept	0.355753	29	0.0582239	0.542973
ENSG00000110514	MADD	S1_all_tissues_zeros_kept	0.435468	29	0.0182196	0.664867
ENSG00000110536	PTPMT1	S1_all_tissues_zeros_kept	0.448577	29	0.0146593	0.684576
ENSG00000110583	NAA40	S1_all_tissues_zeros_kept	-0.0519317	29	0.789054	0.0681662
ENSG00000110619	CARS	S1_all_tissues_zeros_kept	0.588177	29	0.000791637	0.848243
ENSG00000110651	CD81	S1_all_tissues_zeros_kept	0.259113	29	0.174685	0.388303
ENSG00000110660	SLC35F2	S1_all_tissues_zeros_kept	0.672006	29	6.54756e-05	0.920437
ENSG00000110675	ELMOD1	S1_all_tissues_zeros_kept	0.340226	29	0.0709363	0.517866
ENSG00000110696	C11orf58	S1_all_tissues_zeros_kept	0.200493	29	0.297027	0.302228
ENSG00000110697	PITPNM1	S1_all_tissues_zeros_kept	0.306897	29	0.105373	0.461997
ENSG00000110700	RPS13	S1_all_tissues_zeros_kept	0.020197	29	0.917177	0.113068
ENSG00000110711	AIP	S1_all_tissues_zeros_kept	0.339901	29	0.0712227	0.517266
ENSG00000110713	NUP98	S1_all_tissues_zeros_kept	0.151004	29	0.434267	0.241602
ENSG00000110717	NDUFS8	S1_all_tissues_zeros_kept	0.46601	29	0.0108377	0.710326
ENSG00000110721	CHKA	S1_all_tissues_zeros_kept	0.363256	29	0.0527586	0.555827
ENSG00000110723	EXPH5	S1_all_tissues_zeros_kept	0.468525	29	0.0103625	0.714353
ENSG00000110756	HPS5	S1_all_tissues_zeros_kept	0.197044	29	0.305585	0.297044
ENSG00000110768	GTF2H1	S1_all_tissues_zeros_kept	0.196576	29	0.30676	0.296615
ENSG00000110786	PTPN5	S1_all_tissues_zeros_kept	0.374392	29	0.0454007	0.57168
ENSG00000110799	VWF	S1_all_tissues_zeros_kept	0.652217	29	0.000126188	0.902956
ENSG00000110801	PSMD9	S1_all_tissues_zeros_kept	0.0142857	29	0.941368	0.109169
ENSG00000110811	P3H3	S1_all_tissues_zeros_kept	0.421431	29	0.0227938	0.647087
ENSG00000110841	PPFIBP1	S1_all_tissues_zeros_kept	0.616256	29	0.000371586	0.872579
ENSG00000110844	PRPF40B	S1_all_tissues_zeros_kept	0.558936	29	0.001623	0.82335
ENSG00000110851	PRDM4	S1_all_tissues_zeros_kept	-0.0677631	29	0.72689	0.0615681
ENSG00000110852	CLEC2B	S1_all_tissues_zeros_kept	-0.037072	29	0.848586	0.0779349
ENSG00000110871	COQ5	S1_all_tissues_zeros_kept	0.678325	29	5.25528e-05	0.924293
ENSG00000110876	SELPLG	S1_all_tissues_zeros_kept	0.606659	29	0.000485038	0.865338
ENSG00000110880	CORO1C	S1_all_tissues_zeros_kept	0.559113	29	0.00161626	0.823565
ENSG00000110881	ASIC1	S1_all_tissues_zeros_kept	0.248459	29	0.193729	0.372365
ENSG00000110887	DAO	S1_all_tissues_zeros_kept	0.387893	29	0.0376007	0.59096
ENSG00000110906	KCTD10	S1_all_tissues_zeros_kept	0.195074	29	0.310544	0.29503
ENSG00000110911	SLC11A2	S1_all_tissues_zeros_kept	0.341774	29	0.0695796	0.520523
ENSG00000110917	MLEC	S1_all_tissues_zeros_kept	0.282266	29	0.13793	0.424422
ENSG00000110921	MVK	S1_all_tissues_zeros_kept	0.674384	29	6.0313e-05	0.921765
ENSG00000110931	CAMKK2	S1_all_tissues_zeros_kept	0.523645	29	0.00355404	0.782562
ENSG00000110934	BIN2	S1_all_tissues_zeros_kept	0.622442	29	0.000311509	0.878278
ENSG00000110955	ATP5B	S1_all_tissues_zeros_kept	0.602463	29	0.00054352	0.862511
ENSG00000110958	PTGES3	S1_all_tissues_zeros_kept	0.091133	29	0.638241	0.17515
ENSG00000110987	BCL7A	S1_all_tissues_zeros_kept	0.222337	29	0.24636	0.33569
ENSG00000111011	RSRC2	S1_all_tissues_zeros_kept	-0.0374384	29	0.847107	0.077635
ENSG00000111012	CYP27B1	S1_all_tissues_zeros_kept	-0.0514016	29	0.791159	0.0688089
ENSG00000111052	LIN7A	S1_all_tissues_zeros_kept	0.410843	29	0.0268337	0.628749
ENSG00000111057	KRT18	S1_all_tissues_zeros_kept	0.770443	29	1.01595e-06	0.969623
ENSG00000111058	ACSS3	S1_all_tissues_zeros_kept	0.829845	29	2.60425e-08	0.988303
ENSG00000111077	TNS2	S1_all_tissues_zeros_kept	0.225123	29	0.240337	0.339546
ENSG00000111142	METAP2	S1_all_tissues_zeros_kept	0.0965517	29	0.618313	0.180977
ENSG00000111144	LTA4H	S1_all_tissues_zeros_kept	0.453504	29	0.0134804	0.693102
ENSG00000111181	SLC6A12	S1_all_tissues_zeros_kept	0.354174	29	0.0594286	0.540574
ENSG00000111196	MAGOHB	S1_all_tissues_zeros_kept	0.00374094	29	0.984634	0.102014
ENSG00000111203	ITFG2	S1_all_tissues_zeros_kept	0.259884	29	0.17336	0.388817
ENSG00000111215	PRR4	S1_all_tissues_zeros_kept	0.0860912	29	0.657008	0.169452
ENSG00000111218	PRMT8	S1_all_tissues_zeros_kept	0.208014	29	0.27889	0.31341
ENSG00000111229	ARPC3	S1_all_tissues_zeros_kept	0.593103	29	0.000696739	0.851928
ENSG00000111231	GPN3	S1_all_tissues_zeros_kept	-0.029429	29	0.879549	0.0833333
ENSG00000111237	VPS29	S1_all_tissues_zeros_kept	-0.231527	29	0.226866	0.0121251
ENSG00000111245	MYL2	S1_all_tissues_zeros_kept	0.140685	29	0.466662	0.229606
ENSG00000111247	RAD51AP1	S1_all_tissues_zeros_kept	-0.0503583	29	0.795309	0.0697087
ENSG00000111252	SH2B3	S1_all_tissues_zeros_kept	0.0826643	29	0.669882	0.165253
ENSG00000111254	AKAP3	S1_all_tissues_zeros_kept	0.146204	29	0.44918	0.23599
ENSG00000111261	MANSC1	S1_all_tissues_zeros_kept	0.396747	29	0.0330969	0.604199
ENSG00000111262	KCNA1	S1_all_tissues_zeros_kept	0.362421	29	0.0533456	0.554327
ENSG00000111266	DUSP16	S1_all_tissues_zeros_kept	0.165655	29	0.390452	0.258826
ENSG00000111271	ACAD10	S1_all_tissues_zeros_kept	0.34532	29	0.0665487	0.526264
ENSG00000111275	ALDH2	S1_all_tissues_zeros_kept	0.707389	29	1.7786e-05	0.94096
ENSG00000111276	CDKN1B	S1_all_tissues_zeros_kept	0.636285	29	0.000207052	0.889674
ENSG00000111300	NAA25	S1_all_tissues_zeros_kept	-0.0320355	29	0.868968	0.0815338
ENSG00000111321	LTBR	S1_all_tissues_zeros_kept	0.35768	29	0.0567798	0.545373
ENSG00000111325	OGFOD2	S1_all_tissues_zeros_kept	0.315574	29	0.0953973	0.476821
ENSG00000111328	CDK2AP1	S1_all_tissues_zeros_kept	0.459374	29	0.0121801	0.701071
ENSG00000111339	ART4	S1_all_tissues_zeros_kept	0.527786	29	0.0032557	0.789546
ENSG00000111341	MGP	S1_all_tissues_zeros_kept	0.343355	29	0.0682154	0.523436
ENSG00000111344	RASAL1	S1_all_tissues_zeros_kept	0.462651	29	0.0115008	0.706298
ENSG00000111348	ARHGDIB	S1_all_tissues_zeros_kept	0.665025	29	8.29809e-05	0.91431
ENSG00000111358	GTF2H3	S1_all_tissues_zeros_kept	0.0133021	29	0.945399	0.108612
ENSG00000111361	EIF2B1	S1_all_tissues_zeros_kept	-0.200271	29	0.297573	0.0173522
ENSG00000111364	DDX55	S1_all_tissues_zeros_kept	0.208867	29	0.27688	0.314996
ENSG00000111371	SLC38A1	S1_all_tissues_zeros_kept	0.233036	29	0.223767	0.350428
ENSG00000111405	ENDOU	S1_all_tissues_zeros_kept	0.455318	29	0.0130669	0.695844
ENSG00000111445	RFC5	S1_all_tissues_zeros_kept	0.189432	29	0.325017	0.287961
ENSG00000111450	STX2	S1_all_tissues_zeros_kept	0.357143	29	0.0571791	0.544344
ENSG00000111481	COPZ1	S1_all_tissues_zeros_kept	0.225123	29	0.240337	0.339546
ENSG00000111530	CAND1	S1_all_tissues_zeros_kept	0.217734	29	0.256528	0.327721
ENSG00000111540	RAB5B	S1_all_tissues_zeros_kept	0.156158	29	0.418558	0.247601
ENSG00000111554	MDM1	S1_all_tissues_zeros_kept	0.509611	29	0.00474584	0.766795
ENSG00000111581	NUP107	S1_all_tissues_zeros_kept	0.512315	29	0.00449281	0.769494
ENSG00000111596	CNOT2	S1_all_tissues_zeros_kept	0.253695	29	0.184198	0.380805
ENSG00000111602	TIMELESS	S1_all_tissues_zeros_kept	0.44079	29	0.0166967	0.672536
ENSG00000111605	CPSF6	S1_all_tissues_zeros_kept	0.501478	29	0.00558122	0.755656
ENSG00000111615	KRR1	S1_all_tissues_zeros_kept	0.27734	29	0.145233	0.416538
ENSG00000111639	MRPL51	S1_all_tissues_zeros_kept	0.219651	29	0.25226	0.331148
ENSG00000111640	GAPDH	S1_all_tissues_zeros_kept	0.320197	29	0.0903831	0.487961
ENSG00000111641	NOP2	S1_all_tissues_zeros_kept	0.156158	29	0.418558	0.247601
ENSG00000111642	CHD4	S1_all_tissues_zeros_kept	0.425616	29	0.0213413	0.652185
ENSG00000111644	ACRBP	S1_all_tissues_zeros_kept	0.0323751	29	0.867591	0.122579
ENSG00000111647	UHRF1BP1L	S1_all_tissues_zeros_kept	0.418227	29	0.0239601	0.640146
ENSG00000111652	COPS7A	S1_all_tissues_zeros_kept	0.523153	29	0.00359104	0.781791
ENSG00000111653	ING4	S1_all_tissues_zeros_kept	0.286769	29	0.13149	0.431748
ENSG00000111664	GNB3	S1_all_tissues_zeros_kept	0.0722892	29	0.709406	0.15557
ENSG00000111666	CHPT1	S1_all_tissues_zeros_kept	0.323422	29	0.0870051	0.492931
ENSG00000111667	USP5	S1_all_tissues_zeros_kept	0.636453	29	0.000206004	0.889846
ENSG00000111669	TPI1	S1_all_tissues_zeros_kept	-0.1133	29	0.558418	0.0404027
ENSG00000111670	GNPTAB	S1_all_tissues_zeros_kept	0.274418	29	0.149695	0.411697
ENSG00000111676	ATN1	S1_all_tissues_zeros_kept	0.195738	29	0.308868	0.29593
ENSG00000111678	C12orf57	S1_all_tissues_zeros_kept	0.44335	29	0.0160026	0.676007
ENSG00000111679	PTPN6	S1_all_tissues_zeros_kept	0.873999	29	5.93786e-10	0.993445
ENSG00000111684	LPCAT3	S1_all_tissues_zeros_kept	0.649261	29	0.000138625	0.900728
ENSG00000111700	SLCO1B3	S1_all_tissues_zeros_kept	0.340588	29	0.0706171	0.519066
ENSG00000111707	SUDS3	S1_all_tissues_zeros_kept	0.359113	29	0.0557235	0.548415
ENSG00000111711	GOLT1B	S1_all_tissues_zeros_kept	0.314817	29	0.0962383	0.475707
ENSG00000111713	GYS2	S1_all_tissues_zeros_kept	0.408097	29	0.0279712	0.624893
ENSG00000111716	LDHB	S1_all_tissues_zeros_kept	0.714286	29	1.34946e-05	0.943787
ENSG00000111725	PRKAB1	S1_all_tissues_zeros_kept	0.0832512	29	0.66767	0.165981
ENSG00000111726	CMAS	S1_all_tissues_zeros_kept	0.520197	29	0.00382005	0.779049
ENSG00000111727	HCFC2	S1_all_tissues_zeros_kept	0.242365	29	0.205245	0.363496
ENSG00000111731	C2CD5	S1_all_tissues_zeros_kept	0.443158	29	0.0160537	0.675793
ENSG00000111737	RAB35	S1_all_tissues_zeros_kept	0.388471	29	0.037292	0.591859
ENSG00000111752	PHC1	S1_all_tissues_zeros_kept	0.698953	29	2.46756e-05	0.936118
ENSG00000111775	COX6A1	S1_all_tissues_zeros_kept	0.303598	29	0.109364	0.456684
ENSG00000111785	RIC8B	S1_all_tissues_zeros_kept	0.245283	29	0.199672	0.367052
ENSG00000111786	SRSF9	S1_all_tissues_zeros_kept	0.225123	29	0.240337	0.339546
ENSG00000111790	FGFR1OP2	S1_all_tissues_zeros_kept	0.538424	29	0.00258597	0.803042
ENSG00000111801	BTN3A3	S1_all_tissues_zeros_kept	0.550246	29	0.00198419	0.814139
ENSG00000111802	TDP2	S1_all_tissues_zeros_kept	0.625616	29	0.000284147	0.880677
ENSG00000111817	DSE	S1_all_tissues_zeros_kept	0.306991	29	0.105261	0.462339
ENSG00000111832	RWDD1	S1_all_tissues_zeros_kept	0.342857	29	0.0686428	0.522536
ENSG00000111834	RSPH4A	S1_all_tissues_zeros_kept	0.238064	29	0.21365	0.357112
ENSG00000111837	MAK	S1_all_tissues_zeros_kept	0.219125	29	0.253426	0.330334
ENSG00000111843	TMEM14C	S1_all_tissues_zeros_kept	0.310889	29	0.100691	0.469109
ENSG00000111845	PAK1IP1	S1_all_tissues_zeros_kept	-0.161843	29	0.401603	0.0258355
ENSG00000111850	SMIM8	S1_all_tissues_zeros_kept	0.254219	29	0.183263	0.381791
ENSG00000111859	NEDD9	S1_all_tissues_zeros_kept	0.221456	29	0.248286	0.334062
ENSG00000111860	CEP85L	S1_all_tissues_zeros_kept	0.431849	29	0.0193193	0.659683
ENSG00000111875	ASF1A	S1_all_tissues_zeros_kept	0.210837	29	0.27227	0.317995
ENSG00000111877	MCM9	S1_all_tissues_zeros_kept	-0.181832	29	0.345157	0.0217224
ENSG00000111880	RNGTT	S1_all_tissues_zeros_kept	0.29064	29	0.126132	0.436675
ENSG00000111885	MAN1A1	S1_all_tissues_zeros_kept	0.732512	29	6.2519e-06	0.955955
ENSG00000111897	SERINC1	S1_all_tissues_zeros_kept	0.104433	29	0.589796	0.187875
ENSG00000111906	HDDC2	S1_all_tissues_zeros_kept	0.717734	29	1.17194e-05	0.945758
ENSG00000111911	HINT3	S1_all_tissues_zeros_kept	0.638502	29	0.000193585	0.892117
ENSG00000111912	NCOA7	S1_all_tissues_zeros_kept	0.246798	29	0.196821	0.369837
ENSG00000111961	SASH1	S1_all_tissues_zeros_kept	0.474384	29	0.00932273	0.720951
ENSG00000111962	UST	S1_all_tissues_zeros_kept	0.205868	29	0.283992	0.31024
ENSG00000112031	MTRF1L	S1_all_tissues_zeros_kept	0.163648	29	0.396302	0.256855
ENSG00000112033	PPARD	S1_all_tissues_zeros_kept	0.14707	29	0.446469	0.236804
ENSG00000112053	SLC26A8	S1_all_tissues_zeros_kept	0.452001	29	0.0138313	0.690189
ENSG00000112062	MAPK14	S1_all_tissues_zeros_kept	0.480788	29	0.00828811	0.730591
ENSG00000112078	KCTD20	S1_all_tissues_zeros_kept	-0.0871406	29	0.653085	0.051114
ENSG00000112079	STK38	S1_all_tissues_zeros_kept	0.497044	29	0.00608708	0.7497
ENSG00000112081	SRSF3	S1_all_tissues_zeros_kept	0.33202	29	0.0784693	0.505613
ENSG00000112096	SOD2	S1_all_tissues_zeros_kept	0.512315	29	0.00449281	0.769494
ENSG00000112110	MRPL18	S1_all_tissues_zeros_kept	0.192118	29	0.318076	0.29126
ENSG00000112118	MCM3	S1_all_tissues_zeros_kept	0.503448	29	0.00536814	0.758612
ENSG00000112130	RNF8	S1_all_tissues_zeros_kept	-0.109859	29	0.570506	0.0417738
ENSG00000112137	PHACTR1	S1_all_tissues_zeros_kept	-0.143161	29	0.458778	0.0309769
ENSG00000112139	MDGA1	S1_all_tissues_zeros_kept	-0.0212115	29	0.913032	0.0884747
ENSG00000112144	ICK	S1_all_tissues_zeros_kept	0.354413	29	0.0592449	0.540917
ENSG00000112146	FBXO9	S1_all_tissues_zeros_kept	0.194831	29	0.311159	0.294559
ENSG00000112159	MDN1	S1_all_tissues_zeros_kept	0.0669951	29	0.72987	0.151714
ENSG00000112167	SAYSD1	S1_all_tissues_zeros_kept	-0.211162	29	0.271515	0.0151243
ENSG00000112175	BMP5	S1_all_tissues_zeros_kept	0.514981	29	0.00425475	0.772536
ENSG00000112195	TREML2	S1_all_tissues_zeros_kept	0.0208803	29	0.914385	0.113496
ENSG00000112200	ZNF451	S1_all_tissues_zeros_kept	0.119704	29	0.536244	0.20467
ENSG00000112208	BAG2	S1_all_tissues_zeros_kept	0.786102	29	4.32965e-07	0.975793
ENSG00000112210	RAB23	S1_all_tissues_zeros_kept	0.501478	29	0.00558122	0.755656
ENSG00000112232	KHDRBS2	S1_all_tissues_zeros_kept	0.275023	29	0.148764	0.412982
ENSG00000112234	FBXL4	S1_all_tissues_zeros_kept	0.391378	29	0.0357724	0.595844
ENSG00000112237	CCNC	S1_all_tissues_zeros_kept	-0.0159995	29	0.934349	0.090617
ENSG00000112242	E2F3	S1_all_tissues_zeros_kept	0.179171	29	0.352381	0.27485
ENSG00000112245	PTP4A1	S1_all_tissues_zeros_kept	0.468017	29	0.010457	0.713839
ENSG00000112249	ASCC3	S1_all_tissues_zeros_kept	0.132282	29	0.493948	0.220437
ENSG00000112273	HDGFL1	S1_all_tissues_zeros_kept	1	29	0	0.997943
ENSG00000112282	MED23	S1_all_tissues_zeros_kept	0.162828	29	0.398704	0.25557
ENSG00000112293	GPLD1	S1_all_tissues_zeros_kept	-0.00492046	29	0.97979	0.0962725
ENSG00000112294	ALDH5A1	S1_all_tissues_zeros_kept	0.722256	29	9.70991e-06	0.951371
ENSG00000112297	AIM1	S1_all_tissues_zeros_kept	0.748706	29	2.99215e-06	0.962082
ENSG00000112299	VNN1	S1_all_tissues_zeros_kept	0.567505	29	0.00132409	0.830377
ENSG00000112304	ACOT13	S1_all_tissues_zeros_kept	0.530854	29	0.00304884	0.793787
ENSG00000112305	SMAP1	S1_all_tissues_zeros_kept	0.499015	29	0.00585765	0.751885
ENSG00000112306	RPS12	S1_all_tissues_zeros_kept	0.194089	29	0.313042	0.293959
ENSG00000112319	EYA4	S1_all_tissues_zeros_kept	0.405833	29	0.0289384	0.62078
ENSG00000112320	SOBP	S1_all_tissues_zeros_kept	0.290368	29	0.126504	0.43629
ENSG00000112335	SNX3	S1_all_tissues_zeros_kept	0.451724	29	0.0138968	0.689374
ENSG00000112337	SLC17A2	S1_all_tissues_zeros_kept	0.480293	29	0.00836443	0.72892
ENSG00000112339	HBS1L	S1_all_tissues_zeros_kept	0.32541	29	0.0849719	0.49593
ENSG00000112343	TRIM38	S1_all_tissues_zeros_kept	0.39655	29	0.0331924	0.603385
ENSG00000112357	PEX7	S1_all_tissues_zeros_kept	0.420547	29	0.0231107	0.644087
ENSG00000112367	FIG4	S1_all_tissues_zeros_kept	-0.0216749	29	0.91114	0.0881748
ENSG00000112379	ARFGEF3	S1_all_tissues_zeros_kept	0.732628	29	6.22029e-06	0.956084
ENSG00000112394	SLC16A10	S1_all_tissues_zeros_kept	0.174299	29	0.365842	0.270137
ENSG00000112406	HECA	S1_all_tissues_zeros_kept	0.328079	29	0.0822983	0.499357
ENSG00000112425	EPM2A	S1_all_tissues_zeros_kept	0.393342	29	0.0347745	0.598672
ENSG00000112473	SLC39A7	S1_all_tissues_zeros_kept	0.0561576	29	0.772318	0.143102
ENSG00000112486	CCR6	S1_all_tissues_zeros_kept	0.695334	29	2.8301e-05	0.934062
ENSG00000112499	SLC22A2	S1_all_tissues_zeros_kept	0.372882	29	0.0463477	0.568723
ENSG00000112511	PHF1	S1_all_tissues_zeros_kept	0.227586	29	0.235094	0.343145
ENSG00000112514	CUTA	S1_all_tissues_zeros_kept	-0.170936	29	0.375306	0.0241217
ENSG00000112530	PACRG	S1_all_tissues_zeros_kept	0.195196	29	0.310236	0.29533
ENSG00000112531	QKI	S1_all_tissues_zeros_kept	0.757143	29	1.99362e-06	0.965338
ENSG00000112539	C6orf118	S1_all_tissues_zeros_kept	0.0698183	29	0.718934	0.15377
ENSG00000112541	PDE10A	S1_all_tissues_zeros_kept	-0.179442	29	0.351641	0.0224079
ENSG00000112561	TFEB	S1_all_tissues_zeros_kept	0.491133	29	0.00682169	0.742759
ENSG00000112576	CCND3	S1_all_tissues_zeros_kept	0.422682	29	0.0223515	0.648757
ENSG00000112578	BYSL	S1_all_tissues_zeros_kept	0.264532	29	0.165523	0.395373
ENSG00000112584	FAM120B	S1_all_tissues_zeros_kept	0.222715	29	0.245537	0.336204
ENSG00000112592	TBP	S1_all_tissues_zeros_kept	0.337438	29	0.0734294	0.513668
ENSG00000112624	GLTSCR1L	S1_all_tissues_zeros_kept	0.337205	29	0.0736408	0.513153
ENSG00000112640	PPP2R5D	S1_all_tissues_zeros_kept	0.301478	29	0.111987	0.453728
ENSG00000112651	MRPL2	S1_all_tissues_zeros_kept	0.719266	29	1.10004e-05	0.946658
ENSG00000112655	PTK7	S1_all_tissues_zeros_kept	0.934451	29	1.26398e-13	0.995587
ENSG00000112658	SRF	S1_all_tissues_zeros_kept	0.05102	29	0.792677	0.137575
ENSG00000112659	CUL9	S1_all_tissues_zeros_kept	0.00394137	29	0.983811	0.102099
ENSG00000112667	DNPH1	S1_all_tissues_zeros_kept	0.344335	29	0.0673803	0.524979
ENSG00000112679	DUSP22	S1_all_tissues_zeros_kept	-0.0325123	29	0.867034	0.0811911
ENSG00000112685	EXOC2	S1_all_tissues_zeros_kept	0.169458	29	0.37951	0.263753
ENSG00000112695	COX7A2	S1_all_tissues_zeros_kept	0.516749	29	0.00410293	0.775064
ENSG00000112697	TMEM30A	S1_all_tissues_zeros_kept	0.0842365	29	0.663964	0.166881
ENSG00000112699	GMDS	S1_all_tissues_zeros_kept	0.896059	29	5.05722e-11	0.994602
ENSG00000112701	SENP6	S1_all_tissues_zeros_kept	0.077378	29	0.68992	0.160111
ENSG00000112715	VEGFA	S1_all_tissues_zeros_kept	0.251516	29	0.188123	0.377078
ENSG00000112739	PRPF4B	S1_all_tissues_zeros_kept	0.191133	29	0.320611	0.290574
ENSG00000112759	SLC29A1	S1_all_tissues_zeros_kept	0.406208	29	0.0287767	0.621722
ENSG00000112763	BTN2A1	S1_all_tissues_zeros_kept	-0.208374	29	0.27804	0.0158955
ENSG00000112769	LAMA4	S1_all_tissues_zeros_kept	0.800887	29	1.80944e-07	0.981191
ENSG00000112773	FAM46A	S1_all_tissues_zeros_kept	0.0731773	29	0.705992	0.156255
ENSG00000112787	FBRSL1	S1_all_tissues_zeros_kept	0.476554	29	0.00896073	0.722922
ENSG00000112818	MEP1A	S1_all_tissues_zeros_kept	0.529608	29	0.00313146	0.792502
ENSG00000112851	ERBB2IP	S1_all_tissues_zeros_kept	0.56601	29	0.0013725	0.828835
ENSG00000112855	HARS2	S1_all_tissues_zeros_kept	0.251232	29	0.18864	0.376521
ENSG00000112874	NUDT12	S1_all_tissues_zeros_kept	0.66018	29	9.74629e-05	0.910154
ENSG00000112893	MAN2A1	S1_all_tissues_zeros_kept	0.404926	29	0.0293335	0.619537
ENSG00000112902	SEMA5A	S1_all_tissues_zeros_kept	0.0962303	29	0.619488	0.180163
ENSG00000112964	GHR	S1_all_tissues_zeros_kept	0.0932603	29	0.630387	0.176821
ENSG00000112972	HMGCS1	S1_all_tissues_zeros_kept	0.667488	29	7.638e-05	0.91611
ENSG00000112977	DAP	S1_all_tissues_zeros_kept	0.241872	29	0.206196	0.362596
ENSG00000112983	BRD8	S1_all_tissues_zeros_kept	0.271921	29	0.153586	0.408783
ENSG00000112992	NNT	S1_all_tissues_zeros_kept	0.753695	29	2.35805e-06	0.96371
ENSG00000112996	MRPS30	S1_all_tissues_zeros_kept	-0.0305456	29	0.875013	0.0827335
ENSG00000113013	HSPA9	S1_all_tissues_zeros_kept	0.7133	29	1.40443e-05	0.943488
ENSG00000113048	MRPS27	S1_all_tissues_zeros_kept	0.112315	29	0.561866	0.197215
ENSG00000113068	PFDN1	S1_all_tissues_zeros_kept	0.445813	29	0.0153575	0.679649
ENSG00000113100	CDH9	S1_all_tissues_zeros_kept	0.474373	29	0.00932461	0.720865
ENSG00000113119	TMCO6	S1_all_tissues_zeros_kept	0.23985	29	0.21013	0.35934
ENSG00000113140	SPARC	S1_all_tissues_zeros_kept	0.830542	29	2.47478e-08	0.988432
ENSG00000113141	IK	S1_all_tissues_zeros_kept	-0.0137931	29	0.943387	0.0917738
ENSG00000113161	HMGCR	S1_all_tissues_zeros_kept	0.350029	29	0.0626833	0.534233
ENSG00000113163	COL4A3BP	S1_all_tissues_zeros_kept	0.4133	29	0.0258476	0.633119
ENSG00000113194	FAF2	S1_all_tissues_zeros_kept	0.197069	29	0.305525	0.297258
ENSG00000113240	CLK4	S1_all_tissues_zeros_kept	0.0285032	29	0.883312	0.119666
ENSG00000113263	ITK	S1_all_tissues_zeros_kept	0.0235535	29	0.903472	0.116324
ENSG00000113269	RNF130	S1_all_tissues_zeros_kept	0.264219	29	0.166043	0.394987
ENSG00000113272	THG1L	S1_all_tissues_zeros_kept	0.22069	29	0.249968	0.332948
ENSG00000113273	ARSB	S1_all_tissues_zeros_kept	0.527586	29	0.00326961	0.789289
ENSG00000113282	CLINT1	S1_all_tissues_zeros_kept	0.449261	29	0.0144907	0.685604
ENSG00000113296	THBS4	S1_all_tissues_zeros_kept	0.711823	29	1.49066e-05	0.942888
ENSG00000113303	BTNL8	S1_all_tissues_zeros_kept	0.326567	29	0.0838048	0.497301
ENSG00000113312	TTC1	S1_all_tissues_zeros_kept	0.258128	29	0.176388	0.386975
ENSG00000113318	MSH3	S1_all_tissues_zeros_kept	0.20372	29	0.289157	0.30647
ENSG00000113327	GABRG2	S1_all_tissues_zeros_kept	0.219125	29	0.253426	0.330334
ENSG00000113360	DROSHA	S1_all_tissues_zeros_kept	-0.149754	29	0.438125	0.029006
ENSG00000113368	LMNB1	S1_all_tissues_zeros_kept	0.71714	29	1.20094e-05	0.945287
ENSG00000113369	ARRDC3	S1_all_tissues_zeros_kept	-0.033456	29	0.86321	0.0807626
ENSG00000113384	GOLPH3	S1_all_tissues_zeros_kept	0.267488	29	0.160671	0.401114
ENSG00000113387	SUB1	S1_all_tissues_zeros_kept	0.148276	29	0.44271	0.238518
ENSG00000113389	NPR3	S1_all_tissues_zeros_kept	0.117463	29	0.543958	0.202785
ENSG00000113391	FAM172A	S1_all_tissues_zeros_kept	0.290148	29	0.126805	0.435818
ENSG00000113396	SLC27A6	S1_all_tissues_zeros_kept	0.658202	29	0.000103995	0.908269
ENSG00000113407	TARS	S1_all_tissues_zeros_kept	0.550246	29	0.00198419	0.814139
ENSG00000113441	LNPEP	S1_all_tissues_zeros_kept	0.407389	29	0.0282709	0.62365
ENSG00000113448	PDE4D	S1_all_tissues_zeros_kept	0.555748	29	0.00174827	0.820009
ENSG00000113456	RAD1	S1_all_tissues_zeros_kept	0.16429	29	0.394426	0.257284
ENSG00000113460	BRIX1	S1_all_tissues_zeros_kept	0.180071	29	0.349927	0.276221
ENSG00000113492	AGXT2	S1_all_tissues_zeros_kept	0.453321	29	0.0135229	0.692759
ENSG00000113504	SLC12A7	S1_all_tissues_zeros_kept	0.573223	29	0.00115235	0.835004
ENSG00000113522	RAD50	S1_all_tissues_zeros_kept	0.164039	29	0.395156	0.256984
ENSG00000113552	GNPDA1	S1_all_tissues_zeros_kept	0.717734	29	1.17194e-05	0.945758
ENSG00000113558	SKP1	S1_all_tissues_zeros_kept	0.126601	29	0.512842	0.214182
ENSG00000113575	PPP2CA	S1_all_tissues_zeros_kept	0.325163	29	0.0852219	0.495458
ENSG00000113578	FGF1	S1_all_tissues_zeros_kept	0.789295	29	3.60712e-07	0.97665
ENSG00000113580	NR3C1	S1_all_tissues_zeros_kept	0.148276	29	0.44271	0.238518
ENSG00000113583	C5orf15	S1_all_tissues_zeros_kept	0.183515	29	0.340635	0.28042
ENSG00000113593	PPWD1	S1_all_tissues_zeros_kept	0.594089	29	0.000679003	0.852571
ENSG00000113594	LIFR	S1_all_tissues_zeros_kept	0.317734	29	0.0930293	0.484105
ENSG00000113595	TRIM23	S1_all_tissues_zeros_kept	-0.0837438	29	0.665816	0.0529991
ENSG00000113597	TRAPPC13	S1_all_tissues_zeros_kept	0.017734	29	0.927249	0.11144
ENSG00000113600	C9	S1_all_tissues_zeros_kept	-0.271052	29	0.154956	0.00741217
ENSG00000113615	SEC24A	S1_all_tissues_zeros_kept	0.36601	29	0.050857	0.558783
ENSG00000113621	TXNDC15	S1_all_tissues_zeros_kept	0.105678	29	0.585346	0.189332
ENSG00000113638	TTC33	S1_all_tissues_zeros_kept	0.200271	29	0.297573	0.301971
ENSG00000113643	RARS	S1_all_tissues_zeros_kept	0.352506	29	0.0607217	0.538175
ENSG00000113648	H2AFY	S1_all_tissues_zeros_kept	-0.0413793	29	0.831231	0.0757069
ENSG00000113649	TCERG1	S1_all_tissues_zeros_kept	0.42148	29	0.0227762	0.647172
ENSG00000113657	DPYSL3	S1_all_tissues_zeros_kept	0.770443	29	1.01595e-06	0.969623
ENSG00000113658	SMAD5	S1_all_tissues_zeros_kept	0.500985	29	0.0056356	0.754841
ENSG00000113712	CSNK1A1	S1_all_tissues_zeros_kept	-0.103448	29	0.593329	0.0445587
ENSG00000113719	ERGIC1	S1_all_tissues_zeros_kept	0.741872	29	4.11038e-06	0.959554
ENSG00000113721	PDGFRB	S1_all_tissues_zeros_kept	0.430049	29	0.0198862	0.658183
ENSG00000113734	BNIP1	S1_all_tissues_zeros_kept	0.451232	29	0.014014	0.688389
ENSG00000113742	CPEB4	S1_all_tissues_zeros_kept	0.418227	29	0.0239601	0.640146
ENSG00000113758	DBN1	S1_all_tissues_zeros_kept	0.629064	29	0.000256844	0.884704
ENSG00000113761	ZNF346	S1_all_tissues_zeros_kept	0.173259	29	0.368752	0.268595
ENSG00000113763	UNC5A	S1_all_tissues_zeros_kept	0.026562	29	0.891211	0.118295
ENSG00000113790	EHHADH	S1_all_tissues_zeros_kept	0.81133	29	9.34369e-08	0.98419
ENSG00000113810	SMC4	S1_all_tissues_zeros_kept	0.346102	29	0.0658947	0.527849
ENSG00000113811	SELK	S1_all_tissues_zeros_kept	0.114835	29	0.553067	0.200471
ENSG00000113812	ACTR8	S1_all_tissues_zeros_kept	0.332594	29	0.0779226	0.506727
ENSG00000113845	TIMMDC1	S1_all_tissues_zeros_kept	0.352217	29	0.0609486	0.537746
ENSG00000113851	CRBN	S1_all_tissues_zeros_kept	0.170957	29	0.375247	0.265767
ENSG00000113889	KNG1	S1_all_tissues_zeros_kept	-0.00224202	29	0.990791	0.0979006
ENSG00000113905	HRG	S1_all_tissues_zeros_kept	0.00896807	29	0.963174	0.104756
ENSG00000113916	BCL6	S1_all_tissues_zeros_kept	0.097106	29	0.616289	0.18162
ENSG00000113924	HGD	S1_all_tissues_zeros_kept	0.843339	29	9.28927e-09	0.990274
ENSG00000113966	ARL6	S1_all_tissues_zeros_kept	0.75457	29	2.26022e-06	0.964053
ENSG00000113971	NPHP3	S1_all_tissues_zeros_kept	0.0454378	29	0.814948	0.132691
ENSG00000114019	AMOTL2	S1_all_tissues_zeros_kept	0.485131	29	0.00764307	0.735775
ENSG00000114021	NIT2	S1_all_tissues_zeros_kept	0.330583	29	0.0798494	0.502828
ENSG00000114023	FAM162A	S1_all_tissues_zeros_kept	0.594581	29	0.000670285	0.853213
ENSG00000114026	OGG1	S1_all_tissues_zeros_kept	0.267946	29	0.159929	0.401928
ENSG00000114030	KPNA1	S1_all_tissues_zeros_kept	0.17931	29	0.352001	0.275236
ENSG00000114054	PCCB	S1_all_tissues_zeros_kept	0.826601	29	3.29275e-08	0.987489
ENSG00000114062	UBE3A	S1_all_tissues_zeros_kept	0.363547	29	0.0525549	0.555998
ENSG00000114098	ARMC8	S1_all_tissues_zeros_kept	0.116256	29	0.548132	0.201585
ENSG00000114107	CEP70	S1_all_tissues_zeros_kept	0.0765442	29	0.6931	0.159426
ENSG00000114113	RBP2	S1_all_tissues_zeros_kept	0.194522	29	0.311942	0.294216
ENSG00000114115	RBP1	S1_all_tissues_zeros_kept	0.828571	29	2.85718e-08	0.987918
ENSG00000114120	SLC25A36	S1_all_tissues_zeros_kept	0.517754	29	0.0040187	0.776564
ENSG00000114125	RNF7	S1_all_tissues_zeros_kept	0.062069	29	0.749076	0.147943
ENSG00000114126	TFDP2	S1_all_tissues_zeros_kept	0.141452	29	0.464212	0.230634
ENSG00000114127	XRN1	S1_all_tissues_zeros_kept	0.211823	29	0.269984	0.319666
ENSG00000114166	KAT2B	S1_all_tissues_zeros_kept	0.232284	29	0.225307	0.349229
ENSG00000114204	SERPINI2	S1_all_tissues_zeros_kept	0.200959	29	0.295881	0.302999
ENSG00000114209	PDCD10	S1_all_tissues_zeros_kept	0.348276	29	0.0641017	0.531962
ENSG00000114248	LRRC31	S1_all_tissues_zeros_kept	0.540861	29	0.00245047	0.804927
ENSG00000114251	WNT5A	S1_all_tissues_zeros_kept	0.305096	29	0.107537	0.45874
ENSG00000114279	FGF12	S1_all_tissues_zeros_kept	-0.184437	29	0.33817	0.0206084
ENSG00000114302	PRKAR2A	S1_all_tissues_zeros_kept	0.441872	29	0.0164003	0.67395
ENSG00000114316	USP4	S1_all_tissues_zeros_kept	0.266502	29	0.162277	0.399314
ENSG00000114331	ACAP2	S1_all_tissues_zeros_kept	0.594901	29	0.000664681	0.853513
ENSG00000114346	ECT2	S1_all_tissues_zeros_kept	0.57474	29	0.00111019	0.836204
ENSG00000114353	GNAI2	S1_all_tissues_zeros_kept	0.686207	29	3.96494e-05	0.929135
ENSG00000114354	TFG	S1_all_tissues_zeros_kept	0.270936	29	0.155141	0.406298
ENSG00000114374	USP9Y	S1_all_tissues_zeros_kept	0.228965	29	0.232192	0.34503
ENSG00000114383	TUSC2	S1_all_tissues_zeros_kept	0.293162	29	0.12273	0.439374
ENSG00000114388	NPRL2	S1_all_tissues_zeros_kept	0.048889	29	0.801161	0.13569
ENSG00000114391	RPL24	S1_all_tissues_zeros_kept	-0.0472906	29	0.807539	0.0712511
ENSG00000114416	FXR1	S1_all_tissues_zeros_kept	0.334278	29	0.0763379	0.50904
ENSG00000114423	CBLB	S1_all_tissues_zeros_kept	0.279448	29	0.142074	0.420094
ENSG00000114439	BBX	S1_all_tissues_zeros_kept	0.137277	29	0.477634	0.225407
ENSG00000114446	IFT57	S1_all_tissues_zeros_kept	0.367488	29	0.0498592	0.560883
ENSG00000114450	GNB4	S1_all_tissues_zeros_kept	0.526601	29	0.00333882	0.785604
ENSG00000114455	HHLA2	S1_all_tissues_zeros_kept	0.356242	29	0.0578543	0.543573
ENSG00000114473	IQCG	S1_all_tissues_zeros_kept	0.0512171	29	0.791893	0.137832
ENSG00000114480	GBE1	S1_all_tissues_zeros_kept	0.830542	29	2.47478e-08	0.988432
ENSG00000114487	MORC1	S1_all_tissues_zeros_kept	0.321825	29	0.0886656	0.490317
ENSG00000114491	UMPS	S1_all_tissues_zeros_kept	0.248553	29	0.193554	0.373051
ENSG00000114503	NCBP2	S1_all_tissues_zeros_kept	0.12266	29	0.526153	0.208869
ENSG00000114520	SNX4	S1_all_tissues_zeros_kept	0.189655	29	0.324437	0.288175
ENSG00000114541	FRMD4B	S1_all_tissues_zeros_kept	0.57033	29	0.00123665	0.832434
ENSG00000114544	SLC41A3	S1_all_tissues_zeros_kept	0.376355	29	0.0441931	0.573907
ENSG00000114547	ROPN1B	S1_all_tissues_zeros_kept	0.208014	29	0.27889	0.31341
ENSG00000114554	PLXNA1	S1_all_tissues_zeros_kept	0.138441	29	0.473873	0.227249
ENSG00000114573	ATP6V1A	S1_all_tissues_zeros_kept	0.431247	29	0.0195074	0.659254
ENSG00000114626	ABTB1	S1_all_tissues_zeros_kept	0.120437	29	0.533735	0.206041
ENSG00000114631	PODXL2	S1_all_tissues_zeros_kept	0.341488	29	0.0698292	0.52018
ENSG00000114646	CSPG5	S1_all_tissues_zeros_kept	0.346581	29	0.0654962	0.52922
ENSG00000114648	KLHL18	S1_all_tissues_zeros_kept	0.332318	29	0.0781849	0.506127
ENSG00000114650	SCAP	S1_all_tissues_zeros_kept	0.347473	29	0.0647598	0.530977
ENSG00000114654	EFCC1	S1_all_tissues_zeros_kept	-0.0800904	29	0.679612	0.0547986
ENSG00000114686	MRPL3	S1_all_tissues_zeros_kept	0.440887	29	0.01667	0.672708
ENSG00000114698	PLSCR4	S1_all_tissues_zeros_kept	0.288459	29	0.129131	0.433719
ENSG00000114735	HEMK1	S1_all_tissues_zeros_kept	0.198548	29	0.301835	0.299614
ENSG00000114738	MAPKAPK3	S1_all_tissues_zeros_kept	0.563054	29	0.00147275	0.826478
ENSG00000114742	WDR48	S1_all_tissues_zeros_kept	0.207389	29	0.28037	0.312468
ENSG00000114744	COMMD2	S1_all_tissues_zeros_kept	0.102968	29	0.595054	0.186247
ENSG00000114745	GORASP1	S1_all_tissues_zeros_kept	0.0261212	29	0.893005	0.117695
ENSG00000114757	PEX5L	S1_all_tissues_zeros_kept	0.322749	29	0.0877025	0.491731
ENSG00000114767	RRP9	S1_all_tissues_zeros_kept	0.110865	29	0.566961	0.195673
ENSG00000114770	ABCC5	S1_all_tissues_zeros_kept	-0.124596	29	0.519593	0.0372322
ENSG00000114771	AADAC	S1_all_tissues_zeros_kept	0.658445	29	0.000103171	0.90844
ENSG00000114779	ABHD14B	S1_all_tissues_zeros_kept	0.713793	29	1.3767e-05	0.943659
ENSG00000114784	EIF1B	S1_all_tissues_zeros_kept	0.154348	29	0.424037	0.245458
ENSG00000114790	ARHGEF26	S1_all_tissues_zeros_kept	0.607274	29	0.000476947	0.866024
ENSG00000114796	KLHL24	S1_all_tissues_zeros_kept	-0.1569	29	0.416321	0.0275493
ENSG00000114812	VIPR1	S1_all_tissues_zeros_kept	0.456128	29	0.0128855	0.696958
ENSG00000114850	SSR3	S1_all_tissues_zeros_kept	-0.0512315	29	0.791836	0.0692374
ENSG00000114854	TNNC1	S1_all_tissues_zeros_kept	0.162634	29	0.399273	0.255227
ENSG00000114857	NKTR	S1_all_tissues_zeros_kept	0.108374	29	0.575756	0.192545
ENSG00000114859	CLCN2	S1_all_tissues_zeros_kept	0.27106	29	0.154945	0.406898
ENSG00000114861	FOXP1	S1_all_tissues_zeros_kept	0.655003	29	0.000115383	0.905184
ENSG00000114867	EIF4G1	S1_all_tissues_zeros_kept	0.463054	29	0.0114194	0.706727
ENSG00000114902	SPCS1	S1_all_tissues_zeros_kept	0.27931	29	0.142279	0.41988
ENSG00000114904	NEK4	S1_all_tissues_zeros_kept	0.115764	29	0.54984	0.201243
ENSG00000114923	SLC4A3	S1_all_tissues_zeros_kept	0.24051	29	0.208842	0.360797
ENSG00000114933	INO80D	S1_all_tissues_zeros_kept	0.0319951	29	0.869132	0.122151
ENSG00000114942	EEF1B2	S1_all_tissues_zeros_kept	-0.0433498	29	0.823316	0.0739931
ENSG00000114956	DGUOK	S1_all_tissues_zeros_kept	-0.110837	29	0.567057	0.0413882
ENSG00000114978	MOB1A	S1_all_tissues_zeros_kept	0.475369	29	0.00915683	0.721722
ENSG00000114982	KANSL3	S1_all_tissues_zeros_kept	0.0618379	29	0.749981	0.147601
ENSG00000114988	LMAN2L	S1_all_tissues_zeros_kept	0.298559	29	0.115675	0.449015
ENSG00000114993	RTKN	S1_all_tissues_zeros_kept	0.808967	29	1.08892e-07	0.983762
ENSG00000114999	TTL	S1_all_tissues_zeros_kept	0.519401	29	0.00388383	0.778363
ENSG00000115020	PIKFYVE	S1_all_tissues_zeros_kept	-0.00221702	29	0.990893	0.0979863
ENSG00000115042	FAHD2A	S1_all_tissues_zeros_kept	0.782266	29	5.36981e-07	0.974207
ENSG00000115053	NCL	S1_all_tissues_zeros_kept	0.119212	29	0.537935	0.204242
ENSG00000115073	ACTR1B	S1_all_tissues_zeros_kept	0.153202	29	0.427528	0.244216
ENSG00000115084	SLC35F5	S1_all_tissues_zeros_kept	0.478134	29	0.00870453	0.725664
ENSG00000115091	ACTR3	S1_all_tissues_zeros_kept	0.508374	29	0.00486549	0.764953
ENSG00000115109	EPB41L5	S1_all_tissues_zeros_kept	0.735468	29	5.48669e-06	0.956684
ENSG00000115128	SF3B6	S1_all_tissues_zeros_kept	0.0827586	29	0.669526	0.165424
ENSG00000115129	TP53I3	S1_all_tissues_zeros_kept	0.755172	29	2.19508e-06	0.964396
ENSG00000115138	POMC	S1_all_tissues_zeros_kept	0.432877	29	0.0190016	0.66174
ENSG00000115145	STAM2	S1_all_tissues_zeros_kept	0.513673	29	0.00437016	0.770994
ENSG00000115159	GPD2	S1_all_tissues_zeros_kept	0.606404	29	0.000488427	0.86521
ENSG00000115170	ACVR1	S1_all_tissues_zeros_kept	0.329376	29	0.0810225	0.501328
ENSG00000115183	TANC1	S1_all_tissues_zeros_kept	0.788028	29	3.87949e-07	0.976307
ENSG00000115194	SLC30A3	S1_all_tissues_zeros_kept	0.306957	29	0.105302	0.462254
ENSG00000115204	MPV17	S1_all_tissues_zeros_kept	0.147291	29	0.445781	0.237189
ENSG00000115207	GTF3C2	S1_all_tissues_zeros_kept	0.324631	29	0.0857645	0.494216
ENSG00000115211	EIF2B4	S1_all_tissues_zeros_kept	0.216256	29	0.25985	0.326178
ENSG00000115216	NRBP1	S1_all_tissues_zeros_kept	0.297537	29	0.116987	0.446058
ENSG00000115232	ITGA4	S1_all_tissues_zeros_kept	0.640081	29	0.000184472	0.893445
ENSG00000115233	PSMD14	S1_all_tissues_zeros_kept	-0.0857143	29	0.658419	0.0520994
ENSG00000115234	SNX17	S1_all_tissues_zeros_kept	0.163547	29	0.396597	0.256555
ENSG00000115239	ASB3	S1_all_tissues_zeros_kept	0.295935	29	0.119067	0.444173
ENSG00000115241	PPM1G	S1_all_tissues_zeros_kept	0.597857	29	0.000614763	0.856041
ENSG00000115255	REEP6	S1_all_tissues_zeros_kept	0.663459	29	8.74373e-05	0.912554
ENSG00000115263	GCG	S1_all_tissues_zeros_kept	0.288223	29	0.129459	0.433376
ENSG00000115266	APC2	S1_all_tissues_zeros_kept	0.145616	29	0.451026	0.235004
ENSG00000115267	IFIH1	S1_all_tissues_zeros_kept	0.593596	29	0.000687821	0.852228
ENSG00000115268	RPS15	S1_all_tissues_zeros_kept	-0.0758714	29	0.69567	0.0567695
ENSG00000115271	GCA	S1_all_tissues_zeros_kept	0.530542	29	0.00306933	0.793188
ENSG00000115274	INO80B	S1_all_tissues_zeros_kept	0.0820843	29	0.67207	0.164482
ENSG00000115275	MOGS	S1_all_tissues_zeros_kept	0.601478	29	0.000558118	0.861397
ENSG00000115282	TTC31	S1_all_tissues_zeros_kept	0.331526	29	0.078941	0.504927
ENSG00000115286	NDUFS7	S1_all_tissues_zeros_kept	0.420197	29	0.0232373	0.643231
ENSG00000115289	PCGF1	S1_all_tissues_zeros_kept	0.141936	29	0.46267	0.230891
ENSG00000115290	GRB14	S1_all_tissues_zeros_kept	0.621577	29	0.000319353	0.877506
ENSG00000115295	CLIP4	S1_all_tissues_zeros_kept	0.410539	29	0.0269575	0.628149
ENSG00000115306	SPTBN1	S1_all_tissues_zeros_kept	0.450246	29	0.0142507	0.687061
ENSG00000115307	AUP1	S1_all_tissues_zeros_kept	0.516749	29	0.00410293	0.775064
ENSG00000115310	RTN4	S1_all_tissues_zeros_kept	0.584729	29	0.000864616	0.845073
ENSG00000115317	HTRA2	S1_all_tissues_zeros_kept	-0.394727	29	0.034084	0.000814053
ENSG00000115325	DOK1	S1_all_tissues_zeros_kept	0.672576	29	6.42045e-05	0.920865
ENSG00000115339	GALNT3	S1_all_tissues_zeros_kept	0.805928	29	1.32168e-07	0.982819
ENSG00000115350	POLE4	S1_all_tissues_zeros_kept	0.246608	29	0.197178	0.369366
ENSG00000115353	TACR1	S1_all_tissues_zeros_kept	0.539585	29	0.00252061	0.804156
ENSG00000115363	EVA1A	S1_all_tissues_zeros_kept	-0.066026	29	0.733636	0.062168
ENSG00000115364	MRPL19	S1_all_tissues_zeros_kept	0.359606	29	0.0553642	0.549143
ENSG00000115365	LANCL1	S1_all_tissues_zeros_kept	0.561084	29	0.00154306	0.82515
ENSG00000115368	WDR75	S1_all_tissues_zeros_kept	0.206897	29	0.281539	0.311782
ENSG00000115380	EFEMP1	S1_all_tissues_zeros_kept	0.576355	29	0.0010668	0.838046
ENSG00000115386	REG1A	S1_all_tissues_zeros_kept	0.552582	29	0.00188088	0.816067
ENSG00000115414	FN1	S1_all_tissues_zeros_kept	0.648276	29	0.000143006	0.899572
ENSG00000115415	STAT1	S1_all_tissues_zeros_kept	0.621675	29	0.00031846	0.877592
ENSG00000115419	GLS	S1_all_tissues_zeros_kept	0.580121	29	0.000971282	0.84126
ENSG00000115421	PAPOLG	S1_all_tissues_zeros_kept	-0.191993	29	0.318398	0.0187232
ENSG00000115423	DNAH6	S1_all_tissues_zeros_kept	0.125568	29	0.516313	0.212639
ENSG00000115446	UNC50	S1_all_tissues_zeros_kept	0.151987	29	0.431246	0.242716
ENSG00000115457	IGFBP2	S1_all_tissues_zeros_kept	0.314778	29	0.0962815	0.475493
ENSG00000115461	IGFBP5	S1_all_tissues_zeros_kept	0.775369	29	7.8253e-07	0.971851
ENSG00000115464	USP34	S1_all_tissues_zeros_kept	-0.391133	29	0.0358987	0.00115681
ENSG00000115474	KCNJ13	S1_all_tissues_zeros_kept	0.653304	29	0.000121869	0.90407
ENSG00000115484	CCT4	S1_all_tissues_zeros_kept	0.062069	29	0.749076	0.147943
ENSG00000115486	GGCX	S1_all_tissues_zeros_kept	0.648768	29	0.000140801	0.899957
ENSG00000115504	EHBP1	S1_all_tissues_zeros_kept	0.212315	29	0.268845	0.320694
ENSG00000115514	TXNDC9	S1_all_tissues_zeros_kept	0.358621	29	0.0560847	0.547258
ENSG00000115520	COQ10B	S1_all_tissues_zeros_kept	0.0330049	29	0.865038	0.123008
ENSG00000115524	SF3B1	S1_all_tissues_zeros_kept	0.205419	29	0.285067	0.309383
ENSG00000115526	CHST10	S1_all_tissues_zeros_kept	-0.0912279	29	0.63789	0.0492288
ENSG00000115539	PDCL3	S1_all_tissues_zeros_kept	0.253479	29	0.184583	0.380591
ENSG00000115540	MOB4	S1_all_tissues_zeros_kept	-0.595933	29	0.000646865	4.28449e-05
ENSG00000115541	HSPE1	S1_all_tissues_zeros_kept	0.247814	29	0.194926	0.371594
ENSG00000115548	KDM3A	S1_all_tissues_zeros_kept	0.270443	29	0.155922	0.405527
ENSG00000115561	CHMP3	S1_all_tissues_zeros_kept	0.6867	29	3.89462e-05	0.929477
ENSG00000115568	ZNF142	S1_all_tissues_zeros_kept	-0.177814	29	0.3561	0.0228363
ENSG00000115593	SMYD1	S1_all_tissues_zeros_kept	0.23058	29	0.228826	0.347686
ENSG00000115594	IL1R1	S1_all_tissues_zeros_kept	0.257356	29	0.177731	0.385561
ENSG00000115596	WNT6	S1_all_tissues_zeros_kept	-0.209032	29	0.276493	0.0156384
ENSG00000115602	IL1RL1	S1_all_tissues_zeros_kept	-0.0779677	29	0.687674	0.0556555
ENSG00000115604	IL18R1	S1_all_tissues_zeros_kept	0.27696	29	0.145808	0.415895
ENSG00000115648	MLPH	S1_all_tissues_zeros_kept	0.694447	29	2.92596e-05	0.933462
ENSG00000115652	UXS1	S1_all_tissues_zeros_kept	0.626001	29	0.000280973	0.881191
ENSG00000115657	ABCB6	S1_all_tissues_zeros_kept	0.396552	29	0.0331914	0.603642
ENSG00000115661	STK16	S1_all_tissues_zeros_kept	0.336946	29	0.0738769	0.512339
ENSG00000115677	HDLBP	S1_all_tissues_zeros_kept	0.530542	29	0.00306933	0.793188
ENSG00000115685	PPP1R7	S1_all_tissues_zeros_kept	0.436946	29	0.0177856	0.666624
ENSG00000115694	STK25	S1_all_tissues_zeros_kept	-0.183744	29	0.340021	0.0208655
ENSG00000115705	TPO	S1_all_tissues_zeros_kept	0.145969	29	0.44992	0.235861
ENSG00000115718	PROC	S1_all_tissues_zeros_kept	0.192859	29	0.316178	0.292331
ENSG00000115750	TAF1B	S1_all_tissues_zeros_kept	0.358909	29	0.0558728	0.547858
ENSG00000115756	HPCAL1	S1_all_tissues_zeros_kept	0.587685	29	0.000801721	0.847344
ENSG00000115758	ODC1	S1_all_tissues_zeros_kept	0.0793018	29	0.682603	0.161825
ENSG00000115760	BIRC6	S1_all_tissues_zeros_kept	0.0871921	29	0.652892	0.171037
ENSG00000115761	NOL10	S1_all_tissues_zeros_kept	0.187954	29	0.328876	0.286247
ENSG00000115762	PLEKHB2	S1_all_tissues_zeros_kept	-0.248465	29	0.193717	0.00955441
ENSG00000115806	GORASP2	S1_all_tissues_zeros_kept	0.530542	29	0.00306933	0.793188
ENSG00000115808	STRN	S1_all_tissues_zeros_kept	0.163054	29	0.39804	0.255784
ENSG00000115816	CEBPZ	S1_all_tissues_zeros_kept	0.037931	29	0.845119	0.127207
ENSG00000115825	PRKD3	S1_all_tissues_zeros_kept	0.362285	29	0.0534421	0.553856
ENSG00000115827	DCAF17	S1_all_tissues_zeros_kept	0.35222	29	0.0609459	0.538003
ENSG00000115839	RAB3GAP1	S1_all_tissues_zeros_kept	-0.0896552	29	0.64372	0.0499143
ENSG00000115840	SLC25A12	S1_all_tissues_zeros_kept	0.218227	29	0.255427	0.328492
ENSG00000115841	RMDN2	S1_all_tissues_zeros_kept	0.261609	29	0.170422	0.391645
ENSG00000115850	LCT	S1_all_tissues_zeros_kept	0.439435	29	0.0170739	0.670009
ENSG00000115866	DARS	S1_all_tissues_zeros_kept	0.217734	29	0.256528	0.327721
ENSG00000115875	SRSF7	S1_all_tissues_zeros_kept	0.291133	29	0.125462	0.437147
ENSG00000115884	SDC1	S1_all_tissues_zeros_kept	0.682933	29	4.46183e-05	0.927207
ENSG00000115902	SLC1A4	S1_all_tissues_zeros_kept	0.654268	29	0.00011815	0.904756
ENSG00000115904	SOS1	S1_all_tissues_zeros_kept	0.0157635	29	0.935315	0.110326
ENSG00000115935	WIPF1	S1_all_tissues_zeros_kept	0.684236	29	4.25769e-05	0.928106
ENSG00000115942	ORC2	S1_all_tissues_zeros_kept	0.293103	29	0.122808	0.43916
ENSG00000115944	COX7A2L	S1_all_tissues_zeros_kept	-0.0325123	29	0.867034	0.0811911
ENSG00000115946	PNO1	S1_all_tissues_zeros_kept	0.484789	29	0.00769228	0.735347
ENSG00000115947	ORC4	S1_all_tissues_zeros_kept	0.252064	29	0.187131	0.377935
ENSG00000115956	PLEK	S1_all_tissues_zeros_kept	0.716837	29	1.21597e-05	0.944987
ENSG00000115963	RND3	S1_all_tissues_zeros_kept	-0.00296942	29	0.987803	0.0972151
ENSG00000115966	ATF2	S1_all_tissues_zeros_kept	0.0458128	29	0.813447	0.133119
ENSG00000115970	THADA	S1_all_tissues_zeros_kept	0.0783251	29	0.686315	0.160668
ENSG00000115977	AAK1	S1_all_tissues_zeros_kept	0.430049	29	0.0198862	0.658183
ENSG00000115993	TRAK2	S1_all_tissues_zeros_kept	0.279872	29	0.141445	0.421037
ENSG00000116001	TIA1	S1_all_tissues_zeros_kept	0.514778	29	0.00427248	0.772322
ENSG00000116005	PCYOX1	S1_all_tissues_zeros_kept	0.402956	29	0.0302068	0.616538
ENSG00000116016	EPAS1	S1_all_tissues_zeros_kept	0.255132	29	0.18164	0.382819
ENSG00000116030	SUMO1	S1_all_tissues_zeros_kept	-0.192611	29	0.316813	0.0186375
ENSG00000116039	ATP6V1B1	S1_all_tissues_zeros_kept	0.50069	29	0.00566845	0.754456
ENSG00000116044	NFE2L2	S1_all_tissues_zeros_kept	0.0946056	29	0.625441	0.178706
ENSG00000116062	MSH6	S1_all_tissues_zeros_kept	0.30197	29	0.111373	0.454713
ENSG00000116095	PLEKHA3	S1_all_tissues_zeros_kept	0.0536062	29	0.782411	0.140317
ENSG00000116096	SPR	S1_all_tissues_zeros_kept	0.85665	29	3.04346e-09	0.992074
ENSG00000116106	EPHA4	S1_all_tissues_zeros_kept	0.445575	29	0.0154187	0.67922
ENSG00000116117	PARD3B	S1_all_tissues_zeros_kept	0.247626	29	0.195275	0.370994
ENSG00000116120	FARSB	S1_all_tissues_zeros_kept	0.13082	29	0.498776	0.218638
ENSG00000116128	BCL9	S1_all_tissues_zeros_kept	-0.0250564	29	0.897344	0.0858183
ENSG00000116132	PRRX1	S1_all_tissues_zeros_kept	0.68673	29	3.89032e-05	0.929606
ENSG00000116133	DHCR24	S1_all_tissues_zeros_kept	0.488484	29	0.0071745	0.73946
ENSG00000116138	DNAJC16	S1_all_tissues_zeros_kept	0.0460648	29	0.812439	0.133462
ENSG00000116141	MARK1	S1_all_tissues_zeros_kept	0.50921	29	0.00478435	0.766195
ENSG00000116147	TNR	S1_all_tissues_zeros_kept	0.298188	29	0.116149	0.448286
ENSG00000116157	GPX7	S1_all_tissues_zeros_kept	0.396847	29	0.0330488	0.604413
ENSG00000116161	CACYBP	S1_all_tissues_zeros_kept	0.341872	29	0.0694946	0.520737
ENSG00000116171	SCP2	S1_all_tissues_zeros_kept	0.651232	29	0.000130219	0.902057
ENSG00000116183	PAPPA2	S1_all_tissues_zeros_kept	0.366555	29	0.0504869	0.559769
ENSG00000116191	RALGPS2	S1_all_tissues_zeros_kept	0.60801	29	0.000467422	0.86671
ENSG00000116194	ANGPTL1	S1_all_tissues_zeros_kept	0.323462	29	0.086964	0.493016
ENSG00000116198	CEP104	S1_all_tissues_zeros_kept	0.535041	29	0.0027847	0.798201
ENSG00000116199	FAM20B	S1_all_tissues_zeros_kept	0.181281	29	0.346646	0.277892
ENSG00000116209	TMEM59	S1_all_tissues_zeros_kept	0.449316	29	0.0144772	0.686033
ENSG00000116212	LRRC42	S1_all_tissues_zeros_kept	0.479655	29	0.00846377	0.727292
ENSG00000116213	WRAP73	S1_all_tissues_zeros_kept	0.310974	29	0.100593	0.46928
ENSG00000116218	NPHS2	S1_all_tissues_zeros_kept	0.480293	29	0.00836443	0.72892
ENSG00000116221	MRPL37	S1_all_tissues_zeros_kept	0.434975	29	0.0183661	0.664439
ENSG00000116237	ICMT	S1_all_tissues_zeros_kept	0.290401	29	0.126458	0.436375
ENSG00000116251	RPL22	S1_all_tissues_zeros_kept	0.30936	29	0.102466	0.466195
ENSG00000116260	QSOX1	S1_all_tissues_zeros_kept	0.587685	29	0.000801721	0.847344
ENSG00000116266	STXBP3	S1_all_tissues_zeros_kept	0.470936	29	0.00992343	0.716495
ENSG00000116273	PHF13	S1_all_tissues_zeros_kept	-0.0269381	29	0.889679	0.0848757
ENSG00000116285	ERRFI1	S1_all_tissues_zeros_kept	0.0925187	29	0.633121	0.176221
ENSG00000116288	PARK7	S1_all_tissues_zeros_kept	0.236946	29	0.215872	0.355441
ENSG00000116337	AMPD2	S1_all_tissues_zeros_kept	0.429557	29	0.0200437	0.657541
ENSG00000116350	SRSF4	S1_all_tissues_zeros_kept	-0.0522167	29	0.787922	0.067952
ENSG00000116353	MECR	S1_all_tissues_zeros_kept	0.366794	29	0.0503256	0.560154
ENSG00000116406	EDEM3	S1_all_tissues_zeros_kept	0.189163	29	0.325719	0.287618
ENSG00000116455	WDR77	S1_all_tissues_zeros_kept	0.19803	29	0.303125	0.298329
ENSG00000116459	ATP5F1	S1_all_tissues_zeros_kept	0.532512	29	0.00294175	0.795373
ENSG00000116473	RAP1A	S1_all_tissues_zeros_kept	0.27734	29	0.145233	0.416538
ENSG00000116478	HDAC1	S1_all_tissues_zeros_kept	0.312808	29	0.0984969	0.472536
ENSG00000116489	CAPZA1	S1_all_tissues_zeros_kept	0.380788	29	0.041559	0.57982
ENSG00000116497	S100PBP	S1_all_tissues_zeros_kept	0.421499	29	0.0227695	0.647386
ENSG00000116521	SCAMP3	S1_all_tissues_zeros_kept	0.34019	29	0.0709679	0.517652
ENSG00000116539	ASH1L	S1_all_tissues_zeros_kept	0.178615	29	0.353901	0.274507
ENSG00000116544	DLGAP3	S1_all_tissues_zeros_kept	0.351147	29	0.0617919	0.536033
ENSG00000116560	SFPQ	S1_all_tissues_zeros_kept	0.350246	29	0.0625097	0.534619
ENSG00000116580	GON4L	S1_all_tissues_zeros_kept	0.115299	29	0.551452	0.200985
ENSG00000116584	ARHGEF2	S1_all_tissues_zeros_kept	0.784236	29	4.81013e-07	0.974979
ENSG00000116586	LAMTOR2	S1_all_tissues_zeros_kept	-0.185714	29	0.334777	0.020437
ENSG00000116604	MEF2D	S1_all_tissues_zeros_kept	0.251724	29	0.187746	0.377292
ENSG00000116641	DOCK7	S1_all_tissues_zeros_kept	0.713564	29	1.38953e-05	0.943573
ENSG00000116649	SRM	S1_all_tissues_zeros_kept	0.470443	29	0.0100118	0.715895
ENSG00000116663	FBXO6	S1_all_tissues_zeros_kept	0.723645	29	9.15824e-06	0.952399
ENSG00000116667	C1orf21	S1_all_tissues_zeros_kept	0.660591	29	9.61516e-05	0.910326
ENSG00000116675	DNAJC6	S1_all_tissues_zeros_kept	0.583261	29	0.000897432	0.844344
ENSG00000116679	IVNS1ABP	S1_all_tissues_zeros_kept	0.383251	29	0.0401507	0.583676
ENSG00000116685	KIAA2013	S1_all_tissues_zeros_kept	0.313793	29	0.0973845	0.47365
ENSG00000116688	MFN2	S1_all_tissues_zeros_kept	0.627094	29	0.000272147	0.882605
ENSG00000116690	PRG4	S1_all_tissues_zeros_kept	0.565256	29	0.00139749	0.828406
ENSG00000116691	MIIP	S1_all_tissues_zeros_kept	0.0532626	29	0.783773	0.139717
ENSG00000116698	SMG7	S1_all_tissues_zeros_kept	0.361262	29	0.0541698	0.552228
ENSG00000116704	SLC35D1	S1_all_tissues_zeros_kept	0.025645	29	0.894945	0.117609
ENSG00000116729	WLS	S1_all_tissues_zeros_kept	0.305419	29	0.107147	0.459126
ENSG00000116731	PRDM2	S1_all_tissues_zeros_kept	-0.0319365	29	0.869369	0.0816195
ENSG00000116741	RGS2	S1_all_tissues_zeros_kept	0.505842	29	0.00511859	0.762168
ENSG00000116747	TROVE2	S1_all_tissues_zeros_kept	0.280296	29	0.140818	0.421808
ENSG00000116748	AMPD1	S1_all_tissues_zeros_kept	0.441107	29	0.0166092	0.672965
ENSG00000116750	UCHL5	S1_all_tissues_zeros_kept	0.172414	29	0.37113	0.267695
ENSG00000116752	BCAS2	S1_all_tissues_zeros_kept	0.0487685	29	0.801641	0.13539
ENSG00000116754	SRSF11	S1_all_tissues_zeros_kept	0.124631	29	0.519476	0.211654
ENSG00000116761	CTH	S1_all_tissues_zeros_kept	0.484596	29	0.00772015	0.735004
ENSG00000116771	AGMAT	S1_all_tissues_zeros_kept	0.764004	29	1.41571e-06	0.967481
ENSG00000116774	OLFML3	S1_all_tissues_zeros_kept	0.551232	29	0.00194002	0.815081
ENSG00000116785	CFHR3	S1_all_tissues_zeros_kept	0.0903508	29	0.641139	0.17395
ENSG00000116786	PLEKHM2	S1_all_tissues_zeros_kept	0.360099	29	0.0550068	0.550171
ENSG00000116791	CRYZ	S1_all_tissues_zeros_kept	0.683251	29	4.41119e-05	0.927464
ENSG00000116809	ZBTB17	S1_all_tissues_zeros_kept	-0.273709	29	0.150793	0.00689803
ENSG00000116815	CD58	S1_all_tissues_zeros_kept	0.558621	29	0.00163502	0.822879
ENSG00000116830	TTF2	S1_all_tissues_zeros_kept	0.180786	29	0.347986	0.276907
ENSG00000116852	KIF21B	S1_all_tissues_zeros_kept	-0.10897	29	0.573647	0.0424593
ENSG00000116857	TMEM9	S1_all_tissues_zeros_kept	0.279031	29	0.142695	0.419537
ENSG00000116863	ADPRHL2	S1_all_tissues_zeros_kept	0.416749	29	0.0245141	0.637875
ENSG00000116871	MAP7D1	S1_all_tissues_zeros_kept	0.522167	29	0.00366603	0.780977
ENSG00000116874	WARS2	S1_all_tissues_zeros_kept	0.39251	29	0.0351947	0.597558
ENSG00000116882	HAO2	S1_all_tissues_zeros_kept	0.441369	29	0.0165375	0.673136
ENSG00000116898	MRPS15	S1_all_tissues_zeros_kept	0.239901	29	0.21003	0.359512
ENSG00000116903	EXOC8	S1_all_tissues_zeros_kept	-0.148787	29	0.441122	0.0292631
ENSG00000116906	GNPAT	S1_all_tissues_zeros_kept	0.347291	29	0.0649095	0.530506
ENSG00000116918	TSNAX	S1_all_tissues_zeros_kept	0.20569	29	0.284416	0.309983
ENSG00000116922	C1orf109	S1_all_tissues_zeros_kept	-0.290033	29	0.126962	0.00595544
ENSG00000116954	RRAGC	S1_all_tissues_zeros_kept	0.346798	29	0.0653163	0.529906
ENSG00000116957	TBCE	S1_all_tissues_zeros_kept	0.253695	29	0.184198	0.380805
ENSG00000116962	NID1	S1_all_tissues_zeros_kept	0.481773	29	0.00813788	0.731577
ENSG00000116977	LGALS8	S1_all_tissues_zeros_kept	0.567488	29	0.00132464	0.830291
ENSG00000116981	NT5C1A	S1_all_tissues_zeros_kept	0.386215	29	0.0385068	0.589246
ENSG00000116983	HPCAL4	S1_all_tissues_zeros_kept	0.67257	29	6.42175e-05	0.92078
ENSG00000116984	MTR	S1_all_tissues_zeros_kept	0.485714	29	0.00755972	0.736461
ENSG00000116991	SIPA1L2	S1_all_tissues_zeros_kept	0.518482	29	0.00395858	0.777164
ENSG00000117000	RLF	S1_all_tissues_zeros_kept	0.120981	29	0.531875	0.206641
ENSG00000117009	KMO	S1_all_tissues_zeros_kept	0.758029	29	1.90855e-06	0.965767
ENSG00000117020	AKT3	S1_all_tissues_zeros_kept	0.0206897	29	0.915164	0.113368
ENSG00000117036	ETV3	S1_all_tissues_zeros_kept	0.355663	29	0.0582915	0.542716
ENSG00000117054	ACADM	S1_all_tissues_zeros_kept	0.7	29	2.3707e-05	0.937104
ENSG00000117091	CD48	S1_all_tissues_zeros_kept	0.706353	29	1.85266e-05	0.939803
ENSG00000117114	ADGRL2	S1_all_tissues_zeros_kept	0.183744	29	0.340021	0.280763
ENSG00000117115	PADI2	S1_all_tissues_zeros_kept	0.526844	29	0.00332162	0.785904
ENSG00000117118	SDHB	S1_all_tissues_zeros_kept	0.518719	29	0.00393917	0.777335
ENSG00000117133	RPF1	S1_all_tissues_zeros_kept	0.105964	29	0.584327	0.190103
ENSG00000117139	KDM5B	S1_all_tissues_zeros_kept	0.650099	29	0.000134994	0.901414
ENSG00000117143	UAP1	S1_all_tissues_zeros_kept	0.796059	29	2.4246e-07	0.97892
ENSG00000117148	ACTL8	S1_all_tissues_zeros_kept	0.527335	29	0.00328714	0.787832
ENSG00000117151	CTBS	S1_all_tissues_zeros_kept	0.322454	29	0.0880094	0.491345
ENSG00000117153	KLHL12	S1_all_tissues_zeros_kept	0.338372	29	0.0725865	0.514953
ENSG00000117174	ZNHIT6	S1_all_tissues_zeros_kept	-0.359113	29	0.0557235	0.00244216
ENSG00000117215	PLA2G2D	S1_all_tissues_zeros_kept	-0.105288	29	0.586738	0.0440446
ENSG00000117222	RBBP5	S1_all_tissues_zeros_kept	0.23202	29	0.225851	0.348886
ENSG00000117226	GBP3	S1_all_tissues_zeros_kept	0.644634	29	0.000160287	0.896872
ENSG00000117262	GPR89A	S1_all_tissues_zeros_kept	0.25468	29	0.182442	0.381962
ENSG00000117266	CDK18	S1_all_tissues_zeros_kept	0.492918	29	0.00659237	0.744687
ENSG00000117280	RAB29	S1_all_tissues_zeros_kept	0.610837	29	0.000432365	0.869409
ENSG00000117298	ECE1	S1_all_tissues_zeros_kept	0.602956	29	0.000536348	0.862768
ENSG00000117305	HMGCL	S1_all_tissues_zeros_kept	0.796404	29	2.37513e-07	0.979135
ENSG00000117308	GALE	S1_all_tissues_zeros_kept	0.67734	29	5.44043e-05	0.923779
ENSG00000117322	CR2	S1_all_tissues_zeros_kept	0.491062	29	0.00683102	0.742545
ENSG00000117335	CD46	S1_all_tissues_zeros_kept	0.674384	29	6.0313e-05	0.921765
ENSG00000117360	PRPF3	S1_all_tissues_zeros_kept	0.17734	29	0.357405	0.273265
ENSG00000117362	APH1A	S1_all_tissues_zeros_kept	0.148983	29	0.440513	0.239889
ENSG00000117385	P3H1	S1_all_tissues_zeros_kept	0.797635	29	2.20559e-07	0.979906
ENSG00000117394	SLC2A1	S1_all_tissues_zeros_kept	0.333005	29	0.0775337	0.507198
ENSG00000117395	EBNA1BP2	S1_all_tissues_zeros_kept	0.183744	29	0.340021	0.280763
ENSG00000117408	IPO13	S1_all_tissues_zeros_kept	0.597118	29	0.000626924	0.85557
ENSG00000117419	ERI3	S1_all_tissues_zeros_kept	0.278818	29	0.143014	0.419152
ENSG00000117448	AKR1A1	S1_all_tissues_zeros_kept	0.478818	29	0.0085956	0.726392
ENSG00000117450	PRDX1	S1_all_tissues_zeros_kept	0.00246305	29	0.989883	0.101114
ENSG00000117461	PIK3R3	S1_all_tissues_zeros_kept	0.144149	29	0.455651	0.233033
ENSG00000117472	TSPAN1	S1_all_tissues_zeros_kept	0.358685	29	0.0560372	0.547515
ENSG00000117475	BLZF1	S1_all_tissues_zeros_kept	0.0540061	29	0.780827	0.140746
ENSG00000117477	CCDC181	S1_all_tissues_zeros_kept	0.171208	29	0.374536	0.266281
ENSG00000117481	NSUN4	S1_all_tissues_zeros_kept	0.126108	29	0.514496	0.213239
ENSG00000117500	TMED5	S1_all_tissues_zeros_kept	0.35468	29	0.0590403	0.541388
ENSG00000117505	DR1	S1_all_tissues_zeros_kept	0.481773	29	0.00813788	0.731577
ENSG00000117519	CNN3	S1_all_tissues_zeros_kept	0.640394	29	0.000182712	0.893573
ENSG00000117523	PRRC2C	S1_all_tissues_zeros_kept	0.278818	29	0.143014	0.419152
ENSG00000117525	F3	S1_all_tissues_zeros_kept	0.540597	29	0.00246483	0.804756
ENSG00000117528	ABCD3	S1_all_tissues_zeros_kept	0.706897	29	1.81349e-05	0.940531
ENSG00000117533	VAMP4	S1_all_tissues_zeros_kept	0.306195	29	0.106212	0.460754
ENSG00000117543	DPH5	S1_all_tissues_zeros_kept	0.22318	29	0.244527	0.337232
ENSG00000117569	PTBP2	S1_all_tissues_zeros_kept	0.594185	29	0.00067729	0.852656
ENSG00000117586	TNFSF4	S1_all_tissues_zeros_kept	-0.151536	29	0.432631	0.0287489
ENSG00000117592	PRDX6	S1_all_tissues_zeros_kept	0.6133	29	0.000403733	0.87078
ENSG00000117593	DARS2	S1_all_tissues_zeros_kept	0.423645	29	0.0220155	0.649829
ENSG00000117594	HSD11B1	S1_all_tissues_zeros_kept	0.589366	29	0.000767769	0.849057
ENSG00000117595	IRF6	S1_all_tissues_zeros_kept	0.407399	29	0.0282669	0.62395
ENSG00000117597	DIEXF	S1_all_tissues_zeros_kept	-0.0778325	29	0.688189	0.0558269
ENSG00000117600	PLPPR4	S1_all_tissues_zeros_kept	0.16623	29	0.388788	0.259597
ENSG00000117601	SERPINC1	S1_all_tissues_zeros_kept	0.154699	29	0.422971	0.24593
ENSG00000117614	SYF2	S1_all_tissues_zeros_kept	0.221675	29	0.247806	0.334404
ENSG00000117620	SLC35A3	S1_all_tissues_zeros_kept	0.596846	29	0.000631454	0.855056
ENSG00000117625	RCOR3	S1_all_tissues_zeros_kept	0.610345	29	0.000438301	0.869066
ENSG00000117632	STMN1	S1_all_tissues_zeros_kept	0.814778	29	7.44489e-08	0.98479
ENSG00000117640	MTFR1L	S1_all_tissues_zeros_kept	0.555172	29	0.00177175	0.819066
ENSG00000117643	MAN1C1	S1_all_tissues_zeros_kept	0.433851	29	0.0187044	0.662768
ENSG00000117676	RPS6KA1	S1_all_tissues_zeros_kept	0.770443	29	1.01595e-06	0.969623
ENSG00000117691	NENF	S1_all_tissues_zeros_kept	0.361084	29	0.0542972	0.551714
ENSG00000117697	NSL1	S1_all_tissues_zeros_kept	0.2	29	0.298241	0.301414
ENSG00000117713	ARID1A	S1_all_tissues_zeros_kept	0.655499	29	0.000113544	0.905613
ENSG00000117724	CENPF	S1_all_tissues_zeros_kept	-0.372257	29	0.0467442	0.00175664
ENSG00000117748	RPA2	S1_all_tissues_zeros_kept	0.481773	29	0.00813788	0.731577
ENSG00000117751	PPP1R8	S1_all_tissues_zeros_kept	0.402956	29	0.0302068	0.616538
ENSG00000117758	STX12	S1_all_tissues_zeros_kept	0.408374	29	0.0278547	0.625321
ENSG00000117791	MARC2	S1_all_tissues_zeros_kept	0.69803	29	2.55584e-05	0.935775
ENSG00000117859	OSBPL9	S1_all_tissues_zeros_kept	0.0482759	29	0.803606	0.134961
ENSG00000117862	TXNDC12	S1_all_tissues_zeros_kept	-0.082266	29	0.671384	0.0538132
ENSG00000117868	ESYT2	S1_all_tissues_zeros_kept	0.485714	29	0.00755972	0.736461
ENSG00000117877	CD3EAP	S1_all_tissues_zeros_kept	0.193958	29	0.313375	0.293787
ENSG00000117899	MESDC2	S1_all_tissues_zeros_kept	0.299015	29	0.115093	0.449614
ENSG00000117906	RCN2	S1_all_tissues_zeros_kept	0.399015	29	0.0320165	0.608569
ENSG00000117983	MUC5B	S1_all_tissues_zeros_kept	0.449538	29	0.0144229	0.686161
ENSG00000117984	CTSD	S1_all_tissues_zeros_kept	0.324631	29	0.0857645	0.494216
ENSG00000118004	COLEC11	S1_all_tissues_zeros_kept	0.330727	29	0.07971	0.503042
ENSG00000118007	STAG1	S1_all_tissues_zeros_kept	0.427586	29	0.0206841	0.654927
ENSG00000118017	A4GNT	S1_all_tissues_zeros_kept	0.446554	29	0.0151676	0.681534
ENSG00000118046	STK11	S1_all_tissues_zeros_kept	-0.20889	29	0.276827	0.0158098
ENSG00000118058	KMT2A	S1_all_tissues_zeros_kept	-0.008867	29	0.963589	0.0949015
ENSG00000118094	TREH	S1_all_tissues_zeros_kept	0.31853	29	0.0921682	0.485647
ENSG00000118096	IFT46	S1_all_tissues_zeros_kept	0.513554	29	0.00438086	0.770823
ENSG00000118137	APOA1	S1_all_tissues_zeros_kept	-0.146591	29	0.447968	0.0300343
ENSG00000118160	SLC8A2	S1_all_tissues_zeros_kept	0.537265	29	0.00265262	0.801157
ENSG00000118162	KPTN	S1_all_tissues_zeros_kept	0.301061	29	0.112508	0.452999
ENSG00000118181	RPS25	S1_all_tissues_zeros_kept	0.294089	29	0.121496	0.441217
ENSG00000118193	KIF14	S1_all_tissues_zeros_kept	-0.309266	29	0.102576	0.00475578
ENSG00000118194	TNNT2	S1_all_tissues_zeros_kept	0.113526	29	0.557632	0.199186
ENSG00000118197	DDX59	S1_all_tissues_zeros_kept	0.28867	29	0.128839	0.434147
ENSG00000118200	CAMSAP2	S1_all_tissues_zeros_kept	0.515271	29	0.00422954	0.772879
ENSG00000118217	ATF6	S1_all_tissues_zeros_kept	0.0113184	29	0.953532	0.106555
ENSG00000118246	FASTKD2	S1_all_tissues_zeros_kept	0.42069	29	0.0230594	0.644173
ENSG00000118257	NRP2	S1_all_tissues_zeros_kept	0.594874	29	0.000665144	0.853428
ENSG00000118260	CREB1	S1_all_tissues_zeros_kept	0.385222	29	0.0390518	0.586718
ENSG00000118271	TTR	S1_all_tissues_zeros_kept	-0.109203	29	0.572824	0.0423736
ENSG00000118298	CA14	S1_all_tissues_zeros_kept	0.435424	29	0.0182325	0.664739
ENSG00000118307	CASC1	S1_all_tissues_zeros_kept	-0.100202	29	0.605034	0.0457155
ENSG00000118308	LRMP	S1_all_tissues_zeros_kept	0.619063	29	0.000343172	0.875021
ENSG00000118322	ATP10B	S1_all_tissues_zeros_kept	0.1444	29	0.454857	0.233376
ENSG00000118363	SPCS2	S1_all_tissues_zeros_kept	0.147291	29	0.445781	0.237189
ENSG00000118418	HMGN3	S1_all_tissues_zeros_kept	0.321182	29	0.0893408	0.489632
ENSG00000118434	SPACA1	S1_all_tissues_zeros_kept	0.527335	29	0.00328714	0.787832
ENSG00000118482	PHF3	S1_all_tissues_zeros_kept	0.142875	29	0.459685	0.231748
ENSG00000118492	ADGB	S1_all_tissues_zeros_kept	0.00898478	29	0.963105	0.104841
ENSG00000118496	FBXO30	S1_all_tissues_zeros_kept	0.138916	29	0.47234	0.227678
ENSG00000118503	TNFAIP3	S1_all_tissues_zeros_kept	0.183251	29	0.34134	0.280249
ENSG00000118507	AKAP7	S1_all_tissues_zeros_kept	0.297044	29	0.117623	0.445287
ENSG00000118508	RAB32	S1_all_tissues_zeros_kept	0.672414	29	6.45635e-05	0.920651
ENSG00000118514	ALDH8A1	S1_all_tissues_zeros_kept	0.439435	29	0.0170739	0.670009
ENSG00000118515	SGK1	S1_all_tissues_zeros_kept	0.222723	29	0.24552	0.33629
ENSG00000118518	RNF146	S1_all_tissues_zeros_kept	0.289655	29	0.12748	0.435261
ENSG00000118520	ARG1	S1_all_tissues_zeros_kept	0.455915	29	0.012933	0.696787
ENSG00000118523	CTGF	S1_all_tissues_zeros_kept	0.336126	29	0.0746263	0.511268
ENSG00000118557	PMFBP1	S1_all_tissues_zeros_kept	0.0226156	29	0.907299	0.115296
ENSG00000118579	MED28	S1_all_tissues_zeros_kept	0.254747	29	0.182322	0.382305
ENSG00000118596	SLC16A7	S1_all_tissues_zeros_kept	0.537878	29	0.00261717	0.802185
ENSG00000118640	VAMP8	S1_all_tissues_zeros_kept	0.419704	29	0.0234163	0.642502
ENSG00000118689	FOXO3	S1_all_tissues_zeros_kept	0.0687277	29	0.723152	0.152913
ENSG00000118705	RPN2	S1_all_tissues_zeros_kept	0.106404	29	0.582757	0.190446
ENSG00000118707	TGIF2	S1_all_tissues_zeros_kept	0.520945	29	0.00376092	0.77982
ENSG00000118729	CASQ2	S1_all_tissues_zeros_kept	0.108383	29	0.575726	0.192759
ENSG00000118733	OLFM3	S1_all_tissues_zeros_kept	0.467653	29	0.0105252	0.71341
ENSG00000118762	PKD2	S1_all_tissues_zeros_kept	0.633498	29	0.000225158	0.887489
ENSG00000118785	SPP1	S1_all_tissues_zeros_kept	0.44217	29	0.0163193	0.674422
ENSG00000118804	STBD1	S1_all_tissues_zeros_kept	0.762159	29	1.5539e-06	0.967052
ENSG00000118855	MFSD1	S1_all_tissues_zeros_kept	0.574944	29	0.00110462	0.836632
ENSG00000118873	RAB3GAP2	S1_all_tissues_zeros_kept	0.1133	29	0.558418	0.198672
ENSG00000118898	PPL	S1_all_tissues_zeros_kept	0.693531	29	3.02795e-05	0.932691
ENSG00000118900	UBN1	S1_all_tissues_zeros_kept	0.154206	29	0.424469	0.245201
ENSG00000118922	KLF12	S1_all_tissues_zeros_kept	0.382249	29	0.0407189	0.581791
ENSG00000118939	UCHL3	S1_all_tissues_zeros_kept	0.298522	29	0.115722	0.448843
ENSG00000118960	HS1BP3	S1_all_tissues_zeros_kept	0.548343	29	0.00207197	0.812468
ENSG00000118961	LDAH	S1_all_tissues_zeros_kept	0.144899	29	0.453283	0.234319
ENSG00000118965	WDR35	S1_all_tissues_zeros_kept	0.402169	29	0.0305615	0.614867
ENSG00000118971	CCND2	S1_all_tissues_zeros_kept	0.105338	29	0.586561	0.188989
ENSG00000118985	ELL2	S1_all_tissues_zeros_kept	0.499834	29	0.00576445	0.752742
ENSG00000118997	DNAH7	S1_all_tissues_zeros_kept	0.28463	29	0.134522	0.427721
ENSG00000119004	CYP20A1	S1_all_tissues_zeros_kept	0.195344	29	0.309861	0.295501
ENSG00000119013	NDUFB3	S1_all_tissues_zeros_kept	0.45665	29	0.0127697	0.697429
ENSG00000119041	GTF3C3	S1_all_tissues_zeros_kept	0.407389	29	0.0282709	0.62365
ENSG00000119042	SATB2	S1_all_tissues_zeros_kept	0.109421	29	0.572052	0.19413
ENSG00000119048	UBE2B	S1_all_tissues_zeros_kept	-0.236981	29	0.215801	0.0108398
ENSG00000119139	TJP2	S1_all_tissues_zeros_kept	0.683251	29	4.41119e-05	0.927464
ENSG00000119147	C2orf40	S1_all_tissues_zeros_kept	0.0535979	29	0.782444	0.140231
ENSG00000119185	ITGB1BP1	S1_all_tissues_zeros_kept	0.124547	29	0.519757	0.211482
ENSG00000119203	CPSF3	S1_all_tissues_zeros_kept	0.19064	29	0.321883	0.289931
ENSG00000119231	SENP5	S1_all_tissues_zeros_kept	0.328196	29	0.082182	0.499529
ENSG00000119242	CCDC92	S1_all_tissues_zeros_kept	0.210449	29	0.273176	0.317695
ENSG00000119280	C1orf198	S1_all_tissues_zeros_kept	0.48867	29	0.00714922	0.739546
ENSG00000119283	TRIM67	S1_all_tissues_zeros_kept	0.331434	29	0.0790295	0.504456
ENSG00000119285	HEATR1	S1_all_tissues_zeros_kept	0.27762	29	0.14481	0.417181
ENSG00000119314	PTBP3	S1_all_tissues_zeros_kept	0.620197	29	0.00033224	0.876135
ENSG00000119318	RAD23B	S1_all_tissues_zeros_kept	0.128079	29	0.507893	0.215724
ENSG00000119321	FKBP15	S1_all_tissues_zeros_kept	0.249261	29	0.192246	0.373736
ENSG00000119326	CTNNAL1	S1_all_tissues_zeros_kept	0.439901	29	0.0169433	0.67138
ENSG00000119328	FAM206A	S1_all_tissues_zeros_kept	0.266092	29	0.162949	0.398672
ENSG00000119333	WDR34	S1_all_tissues_zeros_kept	0.31804	29	0.0926974	0.484704
ENSG00000119335	SET	S1_all_tissues_zeros_kept	0.43399	29	0.0186622	0.662939
ENSG00000119383	PPP2R4	S1_all_tissues_zeros_kept	0.431034	29	0.0195742	0.658912
ENSG00000119392	GLE1	S1_all_tissues_zeros_kept	0.360389	29	0.0547967	0.550643
ENSG00000119396	RAB14	S1_all_tissues_zeros_kept	0.0832512	29	0.66767	0.165981
ENSG00000119397	CNTRL	S1_all_tissues_zeros_kept	0.577866	29	0.00102754	0.839032
ENSG00000119401	TRIM32	S1_all_tissues_zeros_kept	0.266995	29	0.161473	0.399957
ENSG00000119402	FBXW2	S1_all_tissues_zeros_kept	0.170711	29	0.375945	0.26521
ENSG00000119408	NEK6	S1_all_tissues_zeros_kept	0.151269	29	0.433452	0.242117
ENSG00000119414	PPP6C	S1_all_tissues_zeros_kept	0.338916	29	0.0720991	0.516024
ENSG00000119421	NDUFA8	S1_all_tissues_zeros_kept	0.349754	29	0.0629047	0.533933
ENSG00000119431	HDHD3	S1_all_tissues_zeros_kept	0.619704	29	0.000336948	0.875793
ENSG00000119471	HSDL2	S1_all_tissues_zeros_kept	0.584236	29	0.000875506	0.844687
ENSG00000119487	MAPKAP1	S1_all_tissues_zeros_kept	-0.0926108	29	0.632781	0.048629
ENSG00000119522	DENND1A	S1_all_tissues_zeros_kept	0.41133	29	0.0266358	0.62952
ENSG00000119523	ALG2	S1_all_tissues_zeros_kept	0.494089	29	0.00644552	0.74593
ENSG00000119535	CSF3R	S1_all_tissues_zeros_kept	0.0416953	29	0.82996	0.130206
ENSG00000119537	KDSR	S1_all_tissues_zeros_kept	0.260099	29	0.172993	0.389417
ENSG00000119541	VPS4B	S1_all_tissues_zeros_kept	0.668555	29	7.36673e-05	0.917609
ENSG00000119547	ONECUT2	S1_all_tissues_zeros_kept	0.680451	29	4.87477e-05	0.925321
ENSG00000119559	C19orf25	S1_all_tissues_zeros_kept	0.492672	29	0.00662363	0.744344
ENSG00000119574	ZBTB45	S1_all_tissues_zeros_kept	-0.359086	29	0.0557435	0.00252785
ENSG00000119596	YLPM1	S1_all_tissues_zeros_kept	0.55665	29	0.00171198	0.820908
ENSG00000119616	FCF1	S1_all_tissues_zeros_kept	0.204928	29	0.286245	0.308869
ENSG00000119632	IFI27L2	S1_all_tissues_zeros_kept	0.260864	29	0.171686	0.390446
ENSG00000119638	NEK9	S1_all_tissues_zeros_kept	0.49883	29	0.00587886	0.751714
ENSG00000119640	ACYP1	S1_all_tissues_zeros_kept	0.349754	29	0.0629047	0.533933
ENSG00000119650	IFT43	S1_all_tissues_zeros_kept	0.0835094	29	0.666698	0.166367
ENSG00000119655	NPC2	S1_all_tissues_zeros_kept	0.426601	29	0.0210106	0.653599
ENSG00000119669	IRF2BPL	S1_all_tissues_zeros_kept	0.355462	29	0.0584438	0.542545
ENSG00000119673	ACOT2	S1_all_tissues_zeros_kept	0.626108	29	0.000280096	0.881534
ENSG00000119681	LTBP2	S1_all_tissues_zeros_kept	0.78655	29	4.22083e-07	0.975878
ENSG00000119682	AREL1	S1_all_tissues_zeros_kept	0.011409	29	0.95316	0.106641
ENSG00000119685	TTLL5	S1_all_tissues_zeros_kept	-0.185877	29	0.334347	0.0203513
ENSG00000119686	FLVCR2	S1_all_tissues_zeros_kept	0.566672	29	0.00135089	0.829777
ENSG00000119688	ABCD4	S1_all_tissues_zeros_kept	0.260623	29	0.172097	0.390103
ENSG00000119689	DLST	S1_all_tissues_zeros_kept	0.337438	29	0.0734294	0.513668
ENSG00000119698	PPP4R4	S1_all_tissues_zeros_kept	0.604567	29	0.000513461	0.863882
ENSG00000119699	TGFB3	S1_all_tissues_zeros_kept	0.464288	29	0.0111735	0.707841
ENSG00000119703	ZC2HC1C	S1_all_tissues_zeros_kept	0.377677	29	0.0433938	0.57605
ENSG00000119705	SLIRP	S1_all_tissues_zeros_kept	0.570443	29	0.00123325	0.832605
ENSG00000119707	RBM25	S1_all_tissues_zeros_kept	-0.333498	29	0.0770692	0.00355613
ENSG00000119711	ALDH6A1	S1_all_tissues_zeros_kept	0.840394	29	1.17268e-08	0.98976
ENSG00000119714	GPR68	S1_all_tissues_zeros_kept	0.121879	29	0.52881	0.207926
ENSG00000119715	ESRRB	S1_all_tissues_zeros_kept	0.452001	29	0.0138313	0.690189
ENSG00000119718	EIF2B2	S1_all_tissues_zeros_kept	-0.230542	29	0.228904	0.0122536
ENSG00000119720	NRDE2	S1_all_tissues_zeros_kept	0.383099	29	0.0402365	0.583419
ENSG00000119723	COQ6	S1_all_tissues_zeros_kept	0.276389	29	0.146675	0.414953
ENSG00000119729	RHOQ	S1_all_tissues_zeros_kept	0.389861	29	0.0365591	0.59413
ENSG00000119760	SUPT7L	S1_all_tissues_zeros_kept	0.300283	29	0.113485	0.451457
ENSG00000119771	KLHL29	S1_all_tissues_zeros_kept	0.0307674	29	0.874113	0.121037
ENSG00000119772	DNMT3A	S1_all_tissues_zeros_kept	0.481892	29	0.00811994	0.731919
ENSG00000119777	TMEM214	S1_all_tissues_zeros_kept	0.282759	29	0.137214	0.42515
ENSG00000119778	ATAD2B	S1_all_tissues_zeros_kept	0.114687	29	0.55358	0.2003
ENSG00000119787	ATL2	S1_all_tissues_zeros_kept	0.760591	29	1.68086e-06	0.966538
ENSG00000119801	YPEL5	S1_all_tissues_zeros_kept	0.220717	29	0.249908	0.333119
ENSG00000119812	FAM98A	S1_all_tissues_zeros_kept	0.362069	29	0.0535949	0.553513
ENSG00000119820	YIPF4	S1_all_tissues_zeros_kept	0.405433	29	0.0291121	0.62018
ENSG00000119844	AFTPH	S1_all_tissues_zeros_kept	0.537931	29	0.00261413	0.802314
ENSG00000119862	LGALSL	S1_all_tissues_zeros_kept	0.172414	29	0.37113	0.267695
ENSG00000119865	CNRIP1	S1_all_tissues_zeros_kept	0.470745	29	0.00995754	0.716153
ENSG00000119878	CRIPT	S1_all_tissues_zeros_kept	-0.181552	29	0.345913	0.0218081
ENSG00000119899	SLC17A5	S1_all_tissues_zeros_kept	0.633088	29	0.00022793	0.887275
ENSG00000119900	OGFRL1	S1_all_tissues_zeros_kept	0.790223	29	3.41862e-07	0.977506
ENSG00000119912	IDE	S1_all_tissues_zeros_kept	0.00541872	29	0.977744	0.103085
ENSG00000119917	IFIT3	S1_all_tissues_zeros_kept	0.424631	29	0.0216762	0.650386
ENSG00000119922	IFIT2	S1_all_tissues_zeros_kept	0.397044	29	0.0329537	0.605056
ENSG00000119927	GPAM	S1_all_tissues_zeros_kept	0.463358	29	0.0113585	0.706984
ENSG00000119929	CUTC	S1_all_tissues_zeros_kept	0.407389	29	0.0282709	0.62365
ENSG00000119943	PYROXD2	S1_all_tissues_zeros_kept	0.276339	29	0.146752	0.414696
ENSG00000119946	CNNM1	S1_all_tissues_zeros_kept	-0.030664	29	0.874532	0.0825621
ENSG00000119953	SMNDC1	S1_all_tissues_zeros_kept	0.390442	29	0.0362563	0.594387
ENSG00000119965	C10orf88	S1_all_tissues_zeros_kept	0.280404	29	0.140659	0.421979
ENSG00000119977	TCTN3	S1_all_tissues_zeros_kept	0.304172	29	0.108661	0.457369
ENSG00000119979	FAM45A	S1_all_tissues_zeros_kept	0.290923	29	0.125748	0.437018
ENSG00000120008	WDR11	S1_all_tissues_zeros_kept	0.250246	29	0.190437	0.375064
ENSG00000120029	C10orf76	S1_all_tissues_zeros_kept	-0.1	29	0.605767	0.0459297
ENSG00000120049	KCNIP2	S1_all_tissues_zeros_kept	0.304563	29	0.108184	0.458055
ENSG00000120051	CFAP58	S1_all_tissues_zeros_kept	0.284228	29	0.135097	0.427292
ENSG00000120053	GOT1	S1_all_tissues_zeros_kept	0.923153	29	1.01059e-12	0.995501
ENSG00000120054	CPN1	S1_all_tissues_zeros_kept	0.0903508	29	0.641139	0.17395
ENSG00000120063	GNA13	S1_all_tissues_zeros_kept	0.58867	29	0.000781664	0.8485
ENSG00000120071	KANSL1	S1_all_tissues_zeros_kept	-0.115546	29	0.550596	0.0395458
ENSG00000120088	CRHR1	S1_all_tissues_zeros_kept	0.5	29	0.00574571	0.753299
ENSG00000120129	DUSP1	S1_all_tissues_zeros_kept	0.370592	29	0.0478135	0.565338
ENSG00000120137	PANK3	S1_all_tissues_zeros_kept	0.537948	29	0.00261318	0.802442
ENSG00000120149	MSX2	S1_all_tissues_zeros_kept	0.462465	29	0.0115383	0.705356
ENSG00000120156	TEK	S1_all_tissues_zeros_kept	0.653363	29	0.000121638	0.904327
ENSG00000120158	RCL1	S1_all_tissues_zeros_kept	-0.0741471	29	0.702271	0.0578835
ENSG00000120159	CAAP1	S1_all_tissues_zeros_kept	0.175636	29	0.362119	0.272022
ENSG00000120162	MOB3B	S1_all_tissues_zeros_kept	0.125804	29	0.515519	0.212811
ENSG00000120217	CD274	S1_all_tissues_zeros_kept	0.312135	29	0.0992624	0.470994
ENSG00000120251	GRIA2	S1_all_tissues_zeros_kept	0.288524	29	0.129041	0.433805
ENSG00000120253	NUP43	S1_all_tissues_zeros_kept	0.0246305	29	0.89908	0.116967
ENSG00000120254	MTHFD1L	S1_all_tissues_zeros_kept	0.545208	29	0.00222391	0.809126
ENSG00000120256	LRP11	S1_all_tissues_zeros_kept	0.19109	29	0.320722	0.29036
ENSG00000120262	CCDC170	S1_all_tissues_zeros_kept	-0.106248	29	0.583313	0.043659
ENSG00000120265	PCMT1	S1_all_tissues_zeros_kept	0.39064	29	0.0361534	0.594644
ENSG00000120278	PLEKHG1	S1_all_tissues_zeros_kept	0.504003	29	0.00530942	0.759726
ENSG00000120289	MAGEB4	S1_all_tissues_zeros_kept	0.362421	29	0.0533456	0.554327
ENSG00000120306	CYSTM1	S1_all_tissues_zeros_kept	0.515033	29	0.00425027	0.772622
ENSG00000120314	WDR55	S1_all_tissues_zeros_kept	0.344505	29	0.0672365	0.525236
ENSG00000120318	ARAP3	S1_all_tissues_zeros_kept	0.468208	29	0.0104215	0.71401
ENSG00000120332	TNN	S1_all_tissues_zeros_kept	0.0894903	29	0.644333	0.173393
ENSG00000120333	MRPS14	S1_all_tissues_zeros_kept	-0.0936191	29	0.629066	0.0482434
ENSG00000120341	SEC16B	S1_all_tissues_zeros_kept	0.194836	29	0.311146	0.294644
ENSG00000120370	GORAB	S1_all_tissues_zeros_kept	0.192118	29	0.318076	0.29126
ENSG00000120437	ACAT2	S1_all_tissues_zeros_kept	0.66798	29	7.51174e-05	0.916667
ENSG00000120438	TCP1	S1_all_tissues_zeros_kept	0.274877	29	0.148988	0.412425
ENSG00000120451	SNX19	S1_all_tissues_zeros_kept	0.40414	29	0.0296794	0.618723
ENSG00000120457	KCNJ5	S1_all_tissues_zeros_kept	0.322452	29	0.0880113	0.491217
ENSG00000120458	MSANTD2	S1_all_tissues_zeros_kept	0.0118299	29	0.951434	0.106941
ENSG00000120498	TEX11	S1_all_tissues_zeros_kept	0.193513	29	0.314507	0.293359
ENSG00000120509	PDZD11	S1_all_tissues_zeros_kept	0.46601	29	0.0108377	0.710326
ENSG00000120519	SLC10A7	S1_all_tissues_zeros_kept	0.0410936	29	0.832379	0.129863
ENSG00000120526	NUDCD1	S1_all_tissues_zeros_kept	0.381773	29	0.040991	0.581234
ENSG00000120533	ENY2	S1_all_tissues_zeros_kept	-0.287192	29	0.130897	0.00604113
ENSG00000120539	MASTL	S1_all_tissues_zeros_kept	0.537325	29	0.00264912	0.801243
ENSG00000120549	KIAA1217	S1_all_tissues_zeros_kept	0.534975	29	0.0027887	0.797901
ENSG00000120594	PLXDC2	S1_all_tissues_zeros_kept	0.661658	29	9.28236e-05	0.911397
ENSG00000120616	EPC1	S1_all_tissues_zeros_kept	0.102223	29	0.597738	0.185904
ENSG00000120645	IQSEC3	S1_all_tissues_zeros_kept	0.0884583	29	0.648171	0.172536
ENSG00000120647	CCDC77	S1_all_tissues_zeros_kept	0.0962984	29	0.619239	0.180334
ENSG00000120656	TAF12	S1_all_tissues_zeros_kept	0.00226321	29	0.990704	0.100985
ENSG00000120659	TNFSF11	S1_all_tissues_zeros_kept	0.208014	29	0.27889	0.313668
ENSG00000120662	MTRF1	S1_all_tissues_zeros_kept	0.128635	29	0.506038	0.216667
ENSG00000120685	PROSER1	S1_all_tissues_zeros_kept	0.424894	29	0.0215861	0.650686
ENSG00000120686	UFM1	S1_all_tissues_zeros_kept	0.211823	29	0.269984	0.319666
ENSG00000120688	WBP4	S1_all_tissues_zeros_kept	0.113356	29	0.558223	0.198843
ENSG00000120690	ELF1	S1_all_tissues_zeros_kept	0.590148	29	0.000752402	0.8497
ENSG00000120694	HSPH1	S1_all_tissues_zeros_kept	0.63062	29	0.000245305	0.886075
ENSG00000120696	KBTBD7	S1_all_tissues_zeros_kept	0.50787	29	0.00491506	0.764139
ENSG00000120697	ALG5	S1_all_tissues_zeros_kept	0.399015	29	0.0320165	0.608569
ENSG00000120699	EXOSC8	S1_all_tissues_zeros_kept	0.343842	29	0.0677991	0.52395
ENSG00000120705	ETF1	S1_all_tissues_zeros_kept	0.208867	29	0.27688	0.314996
ENSG00000120708	TGFBI	S1_all_tissues_zeros_kept	0.408374	29	0.0278547	0.625321
ENSG00000120709	FAM53C	S1_all_tissues_zeros_kept	0.242704	29	0.204591	0.363796
ENSG00000120725	SIL1	S1_all_tissues_zeros_kept	0.430049	29	0.0198862	0.658183
ENSG00000120727	PAIP2	S1_all_tissues_zeros_kept	0.0883953	29	0.648405	0.172279
ENSG00000120729	MYOT	S1_all_tissues_zeros_kept	0.20624	29	0.283103	0.310754
ENSG00000120733	KDM3B	S1_all_tissues_zeros_kept	0.280084	29	0.141132	0.421337
ENSG00000120756	PLS1	S1_all_tissues_zeros_kept	0.68206	29	4.60335e-05	0.926264
ENSG00000120798	NR2C1	S1_all_tissues_zeros_kept	0.21805	29	0.255822	0.328149
ENSG00000120800	UTP20	S1_all_tissues_zeros_kept	0.0881773	29	0.649217	0.172022
ENSG00000120802	TMPO	S1_all_tissues_zeros_kept	0.712808	29	1.43267e-05	0.943359
ENSG00000120805	ARL1	S1_all_tissues_zeros_kept	0.00591133	29	0.975721	0.103428
ENSG00000120820	GLT8D2	S1_all_tissues_zeros_kept	0.590462	29	0.000746308	0.85
ENSG00000120832	MTERF2	S1_all_tissues_zeros_kept	0.192223	29	0.317806	0.291388
ENSG00000120833	SOCS2	S1_all_tissues_zeros_kept	0.199761	29	0.298831	0.301071
ENSG00000120837	NFYB	S1_all_tissues_zeros_kept	0.359507	29	0.055436	0.548886
ENSG00000120860	CCDC53	S1_all_tissues_zeros_kept	0.155172	29	0.421537	0.246444
ENSG00000120868	APAF1	S1_all_tissues_zeros_kept	0.455721	29	0.0129763	0.69653
ENSG00000120885	CLU	S1_all_tissues_zeros_kept	0.0960591	29	0.620114	0.179777
ENSG00000120889	TNFRSF10B	S1_all_tissues_zeros_kept	0.186369	29	0.333045	0.284362
ENSG00000120896	SORBS3	S1_all_tissues_zeros_kept	0.173892	29	0.36698	0.269452
ENSG00000120899	PTK2B	S1_all_tissues_zeros_kept	0.597044	29	0.000628146	0.855484
ENSG00000120910	PPP3CC	S1_all_tissues_zeros_kept	0.0256158	29	0.895064	0.117438
ENSG00000120913	PDLIM2	S1_all_tissues_zeros_kept	0.332512	29	0.0780004	0.50647
ENSG00000120915	EPHX2	S1_all_tissues_zeros_kept	0.837438	29	1.47477e-08	0.989332
ENSG00000120925	RNF170	S1_all_tissues_zeros_kept	0.239438	29	0.210938	0.358955
ENSG00000120937	NPPB	S1_all_tissues_zeros_kept	0.400715	29	0.0312252	0.611611
ENSG00000120942	UBIAD1	S1_all_tissues_zeros_kept	0.178777	29	0.35346	0.274593
ENSG00000120948	TARDBP	S1_all_tissues_zeros_kept	0.24532	29	0.199602	0.367224
ENSG00000120963	ZNF706	S1_all_tissues_zeros_kept	0.222673	29	0.245629	0.336118
ENSG00000120992	LYPLA1	S1_all_tissues_zeros_kept	0.288177	29	0.129522	0.433162
ENSG00000121022	COPS5	S1_all_tissues_zeros_kept	0.20936	29	0.275723	0.315767
ENSG00000121039	RDH10	S1_all_tissues_zeros_kept	0.50154	29	0.00557443	0.755998
ENSG00000121057	AKAP1	S1_all_tissues_zeros_kept	0.589655	29	0.000762048	0.849357
ENSG00000121058	COIL	S1_all_tissues_zeros_kept	0.369257	29	0.0486848	0.564053
ENSG00000121060	TRIM25	S1_all_tissues_zeros_kept	0.238424	29	0.212937	0.357498
ENSG00000121064	SCPEP1	S1_all_tissues_zeros_kept	0.680788	29	4.81676e-05	0.925621
ENSG00000121067	SPOP	S1_all_tissues_zeros_kept	0.110656	29	0.567697	0.195501
ENSG00000121073	SLC35B1	S1_all_tissues_zeros_kept	0.442964	29	0.0161055	0.675621
ENSG00000121075	TBX4	S1_all_tissues_zeros_kept	0.225281	29	0.24	0.339974
ENSG00000121101	TEX14	S1_all_tissues_zeros_kept	0.321007	29	0.0895253	0.489032
ENSG00000121104	FAM117A	S1_all_tissues_zeros_kept	0.223052	29	0.244804	0.336632
ENSG00000121207	LRAT	S1_all_tissues_zeros_kept	-0.108424	29	0.575582	0.0427592
ENSG00000121210	KIAA0922	S1_all_tissues_zeros_kept	0.288833	29	0.128613	0.434576
ENSG00000121274	PAPD5	S1_all_tissues_zeros_kept	0.281596	29	0.138906	0.423436
ENSG00000121281	ADCY7	S1_all_tissues_zeros_kept	0.531304	29	0.00301941	0.794216
ENSG00000121289	CEP89	S1_all_tissues_zeros_kept	0.174443	29	0.365439	0.270566
ENSG00000121297	TSHZ3	S1_all_tissues_zeros_kept	0.451267	29	0.0140054	0.68856
ENSG00000121310	ECHDC2	S1_all_tissues_zeros_kept	0.462562	29	0.0115188	0.705656
ENSG00000121316	PLBD1	S1_all_tissues_zeros_kept	0.53578	29	0.00274019	0.799357
ENSG00000121350	PYROXD1	S1_all_tissues_zeros_kept	0.35497	29	0.0588187	0.541731
ENSG00000121361	KCNJ8	S1_all_tissues_zeros_kept	0.20883	29	0.276967	0.314781
ENSG00000121380	BCL2L14	S1_all_tissues_zeros_kept	0.37449	29	0.0453398	0.571851
ENSG00000121390	PSPC1	S1_all_tissues_zeros_kept	0.524138	29	0.00351736	0.783248
ENSG00000121410	A1BG	S1_all_tissues_zeros_kept	-0.203289	29	0.290199	0.0166238
ENSG00000121413	ZSCAN18	S1_all_tissues_zeros_kept	0.721675	29	9.94965e-06	0.950728
ENSG00000121440	PDZRN3	S1_all_tissues_zeros_kept	0.377965	29	0.0432213	0.576564
ENSG00000121481	RNF2	S1_all_tissues_zeros_kept	0.107895	29	0.577456	0.192074
ENSG00000121486	TRMT1L	S1_all_tissues_zeros_kept	0.619212	29	0.000341715	0.875364
ENSG00000121542	SEC22A	S1_all_tissues_zeros_kept	-0.380647	29	0.041641	0.00149957
ENSG00000121552	CSTA	S1_all_tissues_zeros_kept	0.528739	29	0.00319019	0.791474
ENSG00000121577	POPDC2	S1_all_tissues_zeros_kept	0.389744	29	0.0366203	0.593873
ENSG00000121578	B4GALT4	S1_all_tissues_zeros_kept	0.438007	29	0.0174794	0.667823
ENSG00000121579	NAA50	S1_all_tissues_zeros_kept	0.107389	29	0.579252	0.191645
ENSG00000121594	CD80	S1_all_tissues_zeros_kept	-0.0583904	29	0.763516	0.0656812
ENSG00000121644	DESI2	S1_all_tissues_zeros_kept	-0.0354568	29	0.855113	0.0787918
ENSG00000121671	CRY2	S1_all_tissues_zeros_kept	0.305601	29	0.106927	0.459512
ENSG00000121680	PEX16	S1_all_tissues_zeros_kept	0.345813	29	0.0661359	0.527292
ENSG00000121690	DEPDC7	S1_all_tissues_zeros_kept	0.0552674	29	0.775836	0.141945
ENSG00000121691	CAT	S1_all_tissues_zeros_kept	0.397537	29	0.0327174	0.605784
ENSG00000121741	ZMYM2	S1_all_tissues_zeros_kept	0.265517	29	0.163894	0.397172
ENSG00000121742	GJB6	S1_all_tissues_zeros_kept	0.41168	29	0.0264944	0.630377
ENSG00000121749	TBC1D15	S1_all_tissues_zeros_kept	0.476472	29	0.00897412	0.722836
ENSG00000121753	ADGRB2	S1_all_tissues_zeros_kept	0.16665	29	0.387572	0.260111
ENSG00000121766	ZCCHC17	S1_all_tissues_zeros_kept	0.0990148	29	0.60934	0.183076
ENSG00000121769	FABP3	S1_all_tissues_zeros_kept	0.62249	29	0.000311074	0.878363
ENSG00000121774	KHDRBS1	S1_all_tissues_zeros_kept	0.292118	29	0.12413	0.438132
ENSG00000121775	TMEM39B	S1_all_tissues_zeros_kept	-0.143015	29	0.459241	0.0310626
ENSG00000121851	POLR3GL	S1_all_tissues_zeros_kept	0.180864	29	0.347775	0.277506
ENSG00000121858	TNFSF10	S1_all_tissues_zeros_kept	0.564858	29	0.00141085	0.828063
ENSG00000121864	ZNF639	S1_all_tissues_zeros_kept	0.264748	29	0.165164	0.395758
ENSG00000121871	SLITRK3	S1_all_tissues_zeros_kept	0.285094	29	0.13386	0.428406
ENSG00000121879	PIK3CA	S1_all_tissues_zeros_kept	0.363054	29	0.0528998	0.555356
ENSG00000121892	PDS5A	S1_all_tissues_zeros_kept	0.386501	29	0.0383514	0.589417
ENSG00000121897	LIAS	S1_all_tissues_zeros_kept	0.477575	29	0.00879439	0.724979
ENSG00000121898	CPXM2	S1_all_tissues_zeros_kept	0.662888	29	8.91124e-05	0.911954
ENSG00000121904	CSMD2	S1_all_tissues_zeros_kept	0.248587	29	0.193491	0.373136
ENSG00000121905	HPCA	S1_all_tissues_zeros_kept	0.200959	29	0.295881	0.302999
ENSG00000121931	LRIF1	S1_all_tissues_zeros_kept	0.431334	29	0.0194801	0.65934
ENSG00000121940	CLCC1	S1_all_tissues_zeros_kept	0.24532	29	0.199602	0.367224
ENSG00000121964	GTDC1	S1_all_tissues_zeros_kept	0.196794	29	0.306212	0.296701
ENSG00000121966	CXCR4	S1_all_tissues_zeros_kept	-0.281122	29	0.139602	0.00638389
ENSG00000121988	ZRANB3	S1_all_tissues_zeros_kept	0.202085	29	0.293127	0.30467
ENSG00000121989	ACVR2A	S1_all_tissues_zeros_kept	0.157783	29	0.413672	0.250343
ENSG00000122008	POLK	S1_all_tissues_zeros_kept	0.0268506	29	0.890036	0.118552
ENSG00000122026	RPL21	S1_all_tissues_zeros_kept	-0.221182	29	0.248886	0.013539
ENSG00000122033	MTIF3	S1_all_tissues_zeros_kept	0.33399	29	0.0766068	0.508526
ENSG00000122034	GTF3A	S1_all_tissues_zeros_kept	-0.0772149	29	0.690542	0.056341
ENSG00000122042	UBL3	S1_all_tissues_zeros_kept	0.250246	29	0.190437	0.375064
ENSG00000122068	FYTTD1	S1_all_tissues_zeros_kept	0.22121	29	0.248826	0.333805
ENSG00000122085	MTERF4	S1_all_tissues_zeros_kept	0.123934	29	0.52183	0.210411
ENSG00000122121	XPNPEP2	S1_all_tissues_zeros_kept	0.596853	29	0.000631334	0.855141
ENSG00000122126	OCRL	S1_all_tissues_zeros_kept	0.618719	29	0.000346542	0.874593
ENSG00000122133	PAEP	S1_all_tissues_zeros_kept	0.504306	29	0.00527754	0.760283
ENSG00000122136	OBP2A	S1_all_tissues_zeros_kept	0.719623	29	1.08386e-05	0.949057
ENSG00000122140	MRPS2	S1_all_tissues_zeros_kept	-0.0835078	29	0.666704	0.0531705
ENSG00000122194	PLG	S1_all_tissues_zeros_kept	-0.0279505	29	0.88556	0.0843616
ENSG00000122203	KIAA1191	S1_all_tissues_zeros_kept	0.268473	29	0.159077	0.402656
ENSG00000122218	COPA	S1_all_tissues_zeros_kept	0.00640394	29	0.973699	0.103728
ENSG00000122224	LY9	S1_all_tissues_zeros_kept	0.643197	29	0.000167596	0.895244
ENSG00000122257	RBBP6	S1_all_tissues_zeros_kept	0.113821	29	0.5566	0.199614
ENSG00000122299	ZC3H7A	S1_all_tissues_zeros_kept	0.0468038	29	0.809484	0.133976
ENSG00000122335	SERAC1	S1_all_tissues_zeros_kept	0.219731	29	0.252082	0.331491
ENSG00000122359	ANXA11	S1_all_tissues_zeros_kept	0.772906	29	8.92351e-07	0.970823
ENSG00000122367	LDB3	S1_all_tissues_zeros_kept	0.676746	29	5.55481e-05	0.923179
ENSG00000122378	FAM213A	S1_all_tissues_zeros_kept	0.60936	29	0.000450389	0.868038
ENSG00000122406	RPL5	S1_all_tissues_zeros_kept	0.330542	29	0.0798888	0.502528
ENSG00000122417	ODF2L	S1_all_tissues_zeros_kept	0.202989	29	0.290928	0.305784
ENSG00000122435	TRMT13	S1_all_tissues_zeros_kept	0.117531	29	0.543722	0.202871
ENSG00000122477	LRRC39	S1_all_tissues_zeros_kept	0.0348754	29	0.857464	0.12485
ENSG00000122482	ZNF644	S1_all_tissues_zeros_kept	0.277554	29	0.144911	0.417095
ENSG00000122484	RPAP2	S1_all_tissues_zeros_kept	-0.0710381	29	0.714225	0.0592545
ENSG00000122490	PQLC1	S1_all_tissues_zeros_kept	-0.0143246	29	0.941209	0.0912168
ENSG00000122507	BBS9	S1_all_tissues_zeros_kept	0.608632	29	0.000459506	0.867224
ENSG00000122512	PMS2	S1_all_tissues_zeros_kept	0.408671	29	0.0277303	0.625578
ENSG00000122515	ZMIZ2	S1_all_tissues_zeros_kept	0.369421	29	0.0485774	0.564225
ENSG00000122545	SEPT7	S1_all_tissues_zeros_kept	0.603941	29	0.000522253	0.863496
ENSG00000122550	KLHL7	S1_all_tissues_zeros_kept	0.0545686	29	0.7786	0.141174
ENSG00000122557	HERPUD2	S1_all_tissues_zeros_kept	0.103263	29	0.593996	0.186418
ENSG00000122565	CBX3	S1_all_tissues_zeros_kept	0.693103	29	3.0766e-05	0.932476
ENSG00000122566	HNRNPA2B1	S1_all_tissues_zeros_kept	0.36798	29	0.04953	0.56174
ENSG00000122585	NPY	S1_all_tissues_zeros_kept	0.518233	29	0.00397903	0.776992
ENSG00000122591	FAM126A	S1_all_tissues_zeros_kept	0.336946	29	0.0738769	0.512339
ENSG00000122642	FKBP9	S1_all_tissues_zeros_kept	0.477833	29	0.00875291	0.725278
ENSG00000122643	NT5C3A	S1_all_tissues_zeros_kept	0.354274	29	0.0593511	0.540746
ENSG00000122644	ARL4A	S1_all_tissues_zeros_kept	0.41511	29	0.0251405	0.635604
ENSG00000122674	CCZ1	S1_all_tissues_zeros_kept	-0.23399	29	0.221823	0.0116967
ENSG00000122678	POLM	S1_all_tissues_zeros_kept	0.299647	29	0.114289	0.450514
ENSG00000122687	FTSJ2	S1_all_tissues_zeros_kept	-0.143861	29	0.456561	0.0308055
ENSG00000122692	SMU1	S1_all_tissues_zeros_kept	0.360656	29	0.0546045	0.551114
ENSG00000122694	GLIPR2	S1_all_tissues_zeros_kept	0.684236	29	4.25769e-05	0.928106
ENSG00000122696	SLC25A51	S1_all_tissues_zeros_kept	0.160869	29	0.40448	0.253513
ENSG00000122705	CLTA	S1_all_tissues_zeros_kept	0.0990148	29	0.60934	0.183076
ENSG00000122707	RECK	S1_all_tissues_zeros_kept	0.34955	29	0.0630683	0.533633
ENSG00000122729	ACO1	S1_all_tissues_zeros_kept	0.897044	29	4.47385e-11	0.99473
ENSG00000122733	PHF24	S1_all_tissues_zeros_kept	0.438855	29	0.0172376	0.668852
ENSG00000122735	DNAI1	S1_all_tissues_zeros_kept	0.368117	29	0.0494391	0.561997
ENSG00000122741	DCAF10	S1_all_tissues_zeros_kept	0.200863	29	0.296118	0.302442
ENSG00000122779	TRIM24	S1_all_tissues_zeros_kept	0.535961	29	0.00272943	0.799957
ENSG00000122786	CALD1	S1_all_tissues_zeros_kept	0.513793	29	0.00435948	0.771508
ENSG00000122787	AKR1D1	S1_all_tissues_zeros_kept	0.3176	29	0.0931752	0.483676
ENSG00000122824	NUDT10	S1_all_tissues_zeros_kept	0.29126	29	0.12529	0.437318
ENSG00000122852	SFTPA1	S1_all_tissues_zeros_kept	0.415127	29	0.0251341	0.63569
ENSG00000122862	SRGN	S1_all_tissues_zeros_kept	0.607157	29	0.000478471	0.865853
ENSG00000122863	CHST3	S1_all_tissues_zeros_kept	0.735259	29	5.53792e-06	0.956598
ENSG00000122873	CISD1	S1_all_tissues_zeros_kept	0.623645	29	0.000300873	0.879263
ENSG00000122877	EGR2	S1_all_tissues_zeros_kept	0.00197305	29	0.991895	0.100814
ENSG00000122882	ECD	S1_all_tissues_zeros_kept	0.082266	29	0.671384	0.164781
ENSG00000122884	P4HA1	S1_all_tissues_zeros_kept	0.60197	29	0.000550777	0.861954
ENSG00000122912	SLC25A16	S1_all_tissues_zeros_kept	0.436476	29	0.0179227	0.665938
ENSG00000122952	ZWINT	S1_all_tissues_zeros_kept	-0.0773001	29	0.690217	0.0561697
ENSG00000122958	VPS26A	S1_all_tissues_zeros_kept	0.331527	29	0.0789403	0.505099
ENSG00000122965	RBM19	S1_all_tissues_zeros_kept	0.0169972	29	0.930264	0.110883
ENSG00000122966	CIT	S1_all_tissues_zeros_kept	0.182448	29	0.343496	0.279477
ENSG00000122970	IFT81	S1_all_tissues_zeros_kept	0.56421	29	0.00143281	0.827635
ENSG00000122971	ACADS	S1_all_tissues_zeros_kept	0.49803	29	0.00597143	0.750771
ENSG00000123064	DDX54	S1_all_tissues_zeros_kept	-0.0142857	29	0.941368	0.0913453
ENSG00000123066	MED13L	S1_all_tissues_zeros_kept	-0.132345	29	0.493741	0.0343188
ENSG00000123080	CDKN2C	S1_all_tissues_zeros_kept	0.287685	29	0.130208	0.432605
ENSG00000123094	RASSF8	S1_all_tissues_zeros_kept	0.433551	29	0.0187955	0.662511
ENSG00000123096	SSPN	S1_all_tissues_zeros_kept	0.639413	29	0.000188279	0.892931
ENSG00000123104	ITPR2	S1_all_tissues_zeros_kept	0.407193	29	0.0283543	0.623308
ENSG00000123106	CCDC91	S1_all_tissues_zeros_kept	0.290923	29	0.125748	0.437018
ENSG00000123124	WWP1	S1_all_tissues_zeros_kept	0.212742	29	0.267863	0.321637
ENSG00000123130	ACOT9	S1_all_tissues_zeros_kept	0.210837	29	0.27227	0.317995
ENSG00000123131	PRDX4	S1_all_tissues_zeros_kept	0.344828	29	0.0669635	0.525621
ENSG00000123136	DDX39A	S1_all_tissues_zeros_kept	0.449261	29	0.0144907	0.685604
ENSG00000123143	PKN1	S1_all_tissues_zeros_kept	0.502279	29	0.00549377	0.756855
ENSG00000123144	C19orf43	S1_all_tissues_zeros_kept	0.172414	29	0.37113	0.267695
ENSG00000123146	ADGRE5	S1_all_tissues_zeros_kept	0.724138	29	8.96945e-06	0.952614
ENSG00000123154	WDR83	S1_all_tissues_zeros_kept	-0.199408	29	0.299703	0.0176093
ENSG00000123159	GIPC1	S1_all_tissues_zeros_kept	0.251232	29	0.18864	0.376521
ENSG00000123178	SPRYD7	S1_all_tissues_zeros_kept	0.441563	29	0.0164846	0.67365
ENSG00000123191	ATP7B	S1_all_tissues_zeros_kept	0.585306	29	0.000852004	0.845887
ENSG00000123200	ZC3H13	S1_all_tissues_zeros_kept	0.00788177	29	0.967632	0.104156
ENSG00000123213	NLN	S1_all_tissues_zeros_kept	0.751522	29	2.6175e-06	0.963025
ENSG00000123219	CENPK	S1_all_tissues_zeros_kept	0.239719	29	0.210388	0.359169
ENSG00000123240	OPTN	S1_all_tissues_zeros_kept	0.409852	29	0.0272397	0.627121
ENSG00000123243	ITIH5	S1_all_tissues_zeros_kept	0.599015	29	0.000596125	0.859383
ENSG00000123297	TSFM	S1_all_tissues_zeros_kept	0.330829	29	0.0796115	0.503213
ENSG00000123338	NCKAP1L	S1_all_tissues_zeros_kept	0.78551	29	4.47711e-07	0.975621
ENSG00000123342	MMP19	S1_all_tissues_zeros_kept	0.473284	29	0.00951099	0.719066
ENSG00000123349	PFDN5	S1_all_tissues_zeros_kept	-0.133005	29	0.491571	0.0341474
ENSG00000123352	SPATS2	S1_all_tissues_zeros_kept	0.389163	29	0.0369262	0.592674
ENSG00000123353	ORMDL2	S1_all_tissues_zeros_kept	-0.116866	29	0.546021	0.0388603
ENSG00000123358	NR4A1	S1_all_tissues_zeros_kept	0.158114	29	0.41268	0.251028
ENSG00000123374	CDK2	S1_all_tissues_zeros_kept	0.635961	29	0.000209092	0.889374
ENSG00000123384	LRP1	S1_all_tissues_zeros_kept	0.757635	29	1.94594e-06	0.965638
ENSG00000123395	ATG101	S1_all_tissues_zeros_kept	-0.0312508	29	0.872151	0.0819623
ENSG00000123415	SMUG1	S1_all_tissues_zeros_kept	0.0822761	29	0.671346	0.164953
ENSG00000123416	TUBA1B	S1_all_tissues_zeros_kept	-0.116256	29	0.548132	0.0391174
ENSG00000123444	KBTBD4	S1_all_tissues_zeros_kept	0.44455	29	0.0156855	0.678021
ENSG00000123453	SARDH	S1_all_tissues_zeros_kept	0.393294	29	0.0347985	0.598543
ENSG00000123454	DBH	S1_all_tissues_zeros_kept	0.225934	29	0.238603	0.34066
ENSG00000123472	ATPAF1	S1_all_tissues_zeros_kept	0.640887	29	0.000179971	0.893959
ENSG00000123500	COL10A1	S1_all_tissues_zeros_kept	0.444285	29	0.015755	0.677506
ENSG00000123505	AMD1	S1_all_tissues_zeros_kept	0.0869537	29	0.653782	0.170823
ENSG00000123545	NDUFAF4	S1_all_tissues_zeros_kept	0.331034	29	0.0794135	0.503642
ENSG00000123552	USP45	S1_all_tissues_zeros_kept	0.0818942	29	0.672788	0.16431
ENSG00000123560	PLP1	S1_all_tissues_zeros_kept	0.724983	29	8.65367e-06	0.952913
ENSG00000123561	SERPINA7	S1_all_tissues_zeros_kept	-0.0451754	29	0.815999	0.0725793
ENSG00000123562	MORF4L2	S1_all_tissues_zeros_kept	0.189655	29	0.324437	0.288175
ENSG00000123576	ESX1	S1_all_tissues_zeros_kept	0.227424	29	0.235436	0.342845
ENSG00000123595	RAB9A	S1_all_tissues_zeros_kept	0.14335	29	0.458178	0.232134
ENSG00000123600	METTL8	S1_all_tissues_zeros_kept	-0.0963451	29	0.619068	0.0470009
ENSG00000123607	TTC21B	S1_all_tissues_zeros_kept	0.513364	29	0.00439786	0.770608
ENSG00000123609	NMI	S1_all_tissues_zeros_kept	0.624707	29	0.000291752	0.880163
ENSG00000123610	TNFAIP6	S1_all_tissues_zeros_kept	0.358085	29	0.0564797	0.545544
ENSG00000123612	ACVR1C	S1_all_tissues_zeros_kept	0.421153	29	0.0228931	0.645844
ENSG00000123636	BAZ2B	S1_all_tissues_zeros_kept	0.349058	29	0.0634662	0.532605
ENSG00000123684	LPGAT1	S1_all_tissues_zeros_kept	0.410149	29	0.0271175	0.627721
ENSG00000123689	G0S2	S1_all_tissues_zeros_kept	0.293785	29	0.121899	0.44066
ENSG00000123728	RAP2C	S1_all_tissues_zeros_kept	0.362562	29	0.0532465	0.554927
ENSG00000123737	EXOSC9	S1_all_tissues_zeros_kept	0.382759	29	0.0404293	0.582605
ENSG00000123739	PLA2G12A	S1_all_tissues_zeros_kept	0.443789	29	0.0158859	0.676735
ENSG00000123810	B9D2	S1_all_tissues_zeros_kept	0.189266	29	0.325449	0.287789
ENSG00000123815	ADCK4	S1_all_tissues_zeros_kept	0.200665	29	0.296603	0.302356
ENSG00000123838	C4BPA	S1_all_tissues_zeros_kept	0.345032	29	0.0667909	0.525921
ENSG00000123843	C4BPB	S1_all_tissues_zeros_kept	0.274493	29	0.14958	0.411782
ENSG00000123908	AGO2	S1_all_tissues_zeros_kept	0.139901	29	0.469174	0.22892
ENSG00000123977	DAW1	S1_all_tissues_zeros_kept	0.282974	29	0.136902	0.425493
ENSG00000123983	ACSL3	S1_all_tissues_zeros_kept	0.302956	29	0.110153	0.455698
ENSG00000123989	CHPF	S1_all_tissues_zeros_kept	0.625924	29	0.000281605	0.880934
ENSG00000123992	DNPEP	S1_all_tissues_zeros_kept	0.235251	29	0.219271	0.353171
ENSG00000123999	INHA	S1_all_tissues_zeros_kept	0.500476	29	0.00569225	0.75377
ENSG00000124006	OBSL1	S1_all_tissues_zeros_kept	0.533005	29	0.00291057	0.796058
ENSG00000124067	SLC12A4	S1_all_tissues_zeros_kept	0.578325	29	0.00101585	0.839632
ENSG00000124098	FAM210B	S1_all_tissues_zeros_kept	0.317241	29	0.0935655	0.482991
ENSG00000124102	PI3	S1_all_tissues_zeros_kept	0.0282038	29	0.884529	0.11958
ENSG00000124104	SNX21	S1_all_tissues_zeros_kept	0.243557	29	0.202954	0.365167
ENSG00000124107	SLPI	S1_all_tissues_zeros_kept	0.36798	29	0.04953	0.56174
ENSG00000124120	TTPAL	S1_all_tissues_zeros_kept	0.39724	29	0.0328596	0.60527
ENSG00000124126	PREX1	S1_all_tissues_zeros_kept	0.750831	29	2.70525e-06	0.962939
ENSG00000124140	SLC12A5	S1_all_tissues_zeros_kept	0.359199	29	0.0556611	0.548543
ENSG00000124145	SDC4	S1_all_tissues_zeros_kept	0.355172	29	0.0586643	0.542117
ENSG00000124151	NCOA3	S1_all_tissues_zeros_kept	0.366502	29	0.0505226	0.559426
ENSG00000124155	PIGT	S1_all_tissues_zeros_kept	0.236453	29	0.216856	0.354499
ENSG00000124157	SEMG2	S1_all_tissues_zeros_kept	-0.160913	29	0.40435	0.0261782
ENSG00000124160	NCOA5	S1_all_tissues_zeros_kept	0.574455	29	0.00111802	0.836075
ENSG00000124164	VAPB	S1_all_tissues_zeros_kept	0.432512	29	0.0191137	0.660754
ENSG00000124172	ATP5E	S1_all_tissues_zeros_kept	0.379357	29	0.0423952	0.578535
ENSG00000124177	CHD6	S1_all_tissues_zeros_kept	-0.0157655	29	0.935307	0.0907027
ENSG00000124181	PLCG1	S1_all_tissues_zeros_kept	0.54532	29	0.00221832	0.80934
ENSG00000124191	TOX2	S1_all_tissues_zeros_kept	0.350387	29	0.0623973	0.535004
ENSG00000124193	SRSF6	S1_all_tissues_zeros_kept	-0.0261084	29	0.893058	0.0851328
ENSG00000124194	GDAP1L1	S1_all_tissues_zeros_kept	0.432623	29	0.0190795	0.661225
ENSG00000124196	GTSF1L	S1_all_tissues_zeros_kept	0.598088	29	0.000611003	0.857541
ENSG00000124198	ARFGEF2	S1_all_tissues_zeros_kept	0.184729	29	0.337393	0.282091
ENSG00000124201	ZNFX1	S1_all_tissues_zeros_kept	0.163054	29	0.39804	0.255784
ENSG00000124207	CSE1L	S1_all_tissues_zeros_kept	0.511823	29	0.00453802	0.769066
ENSG00000124208	TMEM189-UBE2V1	S1_all_tissues_zeros_kept	0.0774152	29	0.689779	0.160197
ENSG00000124209	RAB22A	S1_all_tissues_zeros_kept	0.252709	29	0.185966	0.379434
ENSG00000124214	STAU1	S1_all_tissues_zeros_kept	0.697044	29	2.65318e-05	0.935133
ENSG00000124217	MOCS3	S1_all_tissues_zeros_kept	0.0106199	29	0.956397	0.106127
ENSG00000124222	STX16	S1_all_tissues_zeros_kept	-0.118227	29	0.541324	0.0385176
ENSG00000124226	RNF114	S1_all_tissues_zeros_kept	0.13202	29	0.494814	0.219709
ENSG00000124228	DDX27	S1_all_tissues_zeros_kept	0.10936	29	0.572269	0.194045
ENSG00000124233	SEMG1	S1_all_tissues_zeros_kept	0.480293	29	0.00836443	0.72892
ENSG00000124243	BCAS4	S1_all_tissues_zeros_kept	0.531694	29	0.00299418	0.794559
ENSG00000124253	PCK1	S1_all_tissues_zeros_kept	0.739442	29	4.59094e-06	0.958312
ENSG00000124260	MAGEA10	S1_all_tissues_zeros_kept	0.418323	29	0.0239242	0.640617
ENSG00000124275	MTRR	S1_all_tissues_zeros_kept	0.139919	29	0.469118	0.229092
ENSG00000124279	FASTKD3	S1_all_tissues_zeros_kept	-0.0110026	29	0.954827	0.0932734
ENSG00000124299	PEPD	S1_all_tissues_zeros_kept	0.45468	29	0.0132111	0.694559
ENSG00000124313	IQSEC2	S1_all_tissues_zeros_kept	0.417285	29	0.0243118	0.638518
ENSG00000124333	VAMP7	S1_all_tissues_zeros_kept	0.206429	29	0.282651	0.310925
ENSG00000124343	XG	S1_all_tissues_zeros_kept	-0.188956	29	0.326257	0.0194087
ENSG00000124356	STAMBP	S1_all_tissues_zeros_kept	0.181773	29	0.345315	0.278663
ENSG00000124357	NAGK	S1_all_tissues_zeros_kept	0.776355	29	7.42144e-07	0.972279
ENSG00000124370	MCEE	S1_all_tissues_zeros_kept	0.690071	29	3.44246e-05	0.930805
ENSG00000124374	PAIP2B	S1_all_tissues_zeros_kept	0.17986	29	0.350503	0.27605
ENSG00000124380	SNRNP27	S1_all_tissues_zeros_kept	-0.0945085	29	0.625797	0.0478578
ENSG00000124383	MPHOSPH10	S1_all_tissues_zeros_kept	0.0182288	29	0.925224	0.111697
ENSG00000124406	ATP8A1	S1_all_tissues_zeros_kept	0.637103	29	0.000201993	0.890703
ENSG00000124422	USP22	S1_all_tissues_zeros_kept	-0.0926222	29	0.632739	0.0485433
ENSG00000124429	POF1B	S1_all_tissues_zeros_kept	0.640755	29	0.000180701	0.893787
ENSG00000124449	IRGC	S1_all_tissues_zeros_kept	0.298078	29	0.116291	0.447858
ENSG00000124466	LYPD3	S1_all_tissues_zeros_kept	0.415248	29	0.0250874	0.635861
ENSG00000124469	CEACAM8	S1_all_tissues_zeros_kept	0.229364	29	0.231358	0.34563
ENSG00000124479	NDP	S1_all_tissues_zeros_kept	0.477697	29	0.00877466	0.72515
ENSG00000124486	USP9X	S1_all_tissues_zeros_kept	0.207389	29	0.28037	0.312468
ENSG00000124496	TRERF1	S1_all_tissues_zeros_kept	0.474009	29	0.00938666	0.720523
ENSG00000124507	PACSIN1	S1_all_tissues_zeros_kept	0.516217	29	0.00414811	0.774079
ENSG00000124523	SIRT5	S1_all_tissues_zeros_kept	0.675206	29	5.86148e-05	0.922322
ENSG00000124532	MRS2	S1_all_tissues_zeros_kept	-0.04574	29	0.813739	0.0721937
ENSG00000124535	WRNIP1	S1_all_tissues_zeros_kept	0.184259	29	0.338645	0.281491
ENSG00000124541	RRP36	S1_all_tissues_zeros_kept	0.101244	29	0.601267	0.184961
ENSG00000124562	SNRPC	S1_all_tissues_zeros_kept	0.27931	29	0.142279	0.41988
ENSG00000124564	SLC17A3	S1_all_tissues_zeros_kept	0.297957	29	0.116446	0.446744
ENSG00000124568	SLC17A1	S1_all_tissues_zeros_kept	0.109192	29	0.572861	0.193873
ENSG00000124570	SERPINB6	S1_all_tissues_zeros_kept	0.238424	29	0.212937	0.357498
ENSG00000124571	XPO5	S1_all_tissues_zeros_kept	0.0564248	29	0.771264	0.143402
ENSG00000124574	ABCC10	S1_all_tissues_zeros_kept	0.313634	29	0.0975639	0.473308
ENSG00000124575	HIST1H1D	S1_all_tissues_zeros_kept	0.248465	29	0.193717	0.372622
ENSG00000124587	PEX6	S1_all_tissues_zeros_kept	0.273399	29	0.151275	0.410411
ENSG00000124588	NQO2	S1_all_tissues_zeros_kept	0.706404	29	1.84899e-05	0.939931
ENSG00000124596	OARD1	S1_all_tissues_zeros_kept	0.241872	29	0.206196	0.362596
ENSG00000124602	UNC5CL	S1_all_tissues_zeros_kept	0.455125	29	0.0131103	0.695244
ENSG00000124608	AARS2	S1_all_tissues_zeros_kept	0.177833	29	0.35605	0.273736
ENSG00000124614	RPS10	S1_all_tissues_zeros_kept	0.120197	29	0.534556	0.205141
ENSG00000124615	MOCS1	S1_all_tissues_zeros_kept	0.513793	29	0.00435948	0.771508
ENSG00000124641	MED20	S1_all_tissues_zeros_kept	0.178123	29	0.355253	0.273907
ENSG00000124659	TBCC	S1_all_tissues_zeros_kept	-0.183251	29	0.34134	0.0212082
ENSG00000124664	SPDEF	S1_all_tissues_zeros_kept	0.0302266	29	0.876308	0.120694
ENSG00000124678	TCP11	S1_all_tissues_zeros_kept	0.377373	29	0.0435764	0.575793
ENSG00000124688	MAD2L1BP	S1_all_tissues_zeros_kept	0.278116	29	0.144065	0.417866
ENSG00000124701	APOBEC2	S1_all_tissues_zeros_kept	0.206809	29	0.281748	0.31144
ENSG00000124702	KLHDC3	S1_all_tissues_zeros_kept	0.0229921	29	0.905762	0.115553
ENSG00000124713	GNMT	S1_all_tissues_zeros_kept	0.557865	29	0.00166418	0.822237
ENSG00000124731	TREM1	S1_all_tissues_zeros_kept	0.759682	29	1.75865e-06	0.966281
ENSG00000124733	MEA1	S1_all_tissues_zeros_kept	0.442665	29	0.0161858	0.674979
ENSG00000124743	KLHL31	S1_all_tissues_zeros_kept	0.507715	29	0.00493037	0.763882
ENSG00000124749	COL21A1	S1_all_tissues_zeros_kept	0.504549	29	0.00525218	0.760711
ENSG00000124762	CDKN1A	S1_all_tissues_zeros_kept	0.271139	29	0.15482	0.407412
ENSG00000124767	GLO1	S1_all_tissues_zeros_kept	0.314778	29	0.0962815	0.475493
ENSG00000124782	RREB1	S1_all_tissues_zeros_kept	0.417293	29	0.0243089	0.638603
ENSG00000124783	SSR1	S1_all_tissues_zeros_kept	0.324138	29	0.0862686	0.493573
ENSG00000124784	RIOK1	S1_all_tissues_zeros_kept	0.147555	29	0.444956	0.237489
ENSG00000124786	SLC35B3	S1_all_tissues_zeros_kept	0.030774	29	0.874086	0.121123
ENSG00000124787	RPP40	S1_all_tissues_zeros_kept	0.329223	29	0.0811718	0.501157
ENSG00000124788	ATXN1	S1_all_tissues_zeros_kept	0.491194	29	0.00681381	0.742931
ENSG00000124789	NUP153	S1_all_tissues_zeros_kept	0.464532	29	0.0111254	0.708183
ENSG00000124795	DEK	S1_all_tissues_zeros_kept	0.464532	29	0.0111254	0.708183
ENSG00000124802	EEF1E1	S1_all_tissues_zeros_kept	0.0231527	29	0.905107	0.115724
ENSG00000124831	LRRFIP1	S1_all_tissues_zeros_kept	0.34532	29	0.0665487	0.526264
ENSG00000124942	AHNAK	S1_all_tissues_zeros_kept	0.705419	29	1.92187e-05	0.939246
ENSG00000125037	EMC3	S1_all_tissues_zeros_kept	-0.0147783	29	0.93935	0.0910883
ENSG00000125107	CNOT1	S1_all_tissues_zeros_kept	0.303941	29	0.108943	0.457198
ENSG00000125124	BBS2	S1_all_tissues_zeros_kept	0.738386	29	4.8151e-06	0.957626
ENSG00000125149	C16orf70	S1_all_tissues_zeros_kept	0.266995	29	0.161473	0.399957
ENSG00000125166	GOT2	S1_all_tissues_zeros_kept	0.664039	29	8.57602e-05	0.913025
ENSG00000125207	PIWIL1	S1_all_tissues_zeros_kept	0.401386	29	0.0309172	0.613368
ENSG00000125246	CLYBL	S1_all_tissues_zeros_kept	0.635961	29	0.000209092	0.889374
ENSG00000125247	TMTC4	S1_all_tissues_zeros_kept	0.407459	29	0.0282413	0.624122
ENSG00000125249	RAP2A	S1_all_tissues_zeros_kept	0.20897	29	0.276638	0.315381
ENSG00000125266	EFNB2	S1_all_tissues_zeros_kept	0.504003	29	0.00530942	0.759726
ENSG00000125304	TM9SF2	S1_all_tissues_zeros_kept	0.563547	29	0.00145561	0.826778
ENSG00000125319	C17orf53	S1_all_tissues_zeros_kept	0.275457	29	0.148098	0.413839
ENSG00000125347	IRF1	S1_all_tissues_zeros_kept	0.331311	29	0.0791479	0.503985
ENSG00000125351	UPF3B	S1_all_tissues_zeros_kept	0.0724138	29	0.708927	0.155827
ENSG00000125352	RNF113A	S1_all_tissues_zeros_kept	0.513364	29	0.00439786	0.770737
ENSG00000125354	SEPT6	S1_all_tissues_zeros_kept	0.509176	29	0.00478762	0.76611
ENSG00000125356	NDUFA1	S1_all_tissues_zeros_kept	0.290291	29	0.126609	0.436204
ENSG00000125375	ATP5S	S1_all_tissues_zeros_kept	0.0118299	29	0.951434	0.106941
ENSG00000125386	FAM193A	S1_all_tissues_zeros_kept	-0.0326051	29	0.866658	0.0810197
ENSG00000125388	GRK4	S1_all_tissues_zeros_kept	-0.168465	29	0.38235	0.0246358
ENSG00000125409	TEKT3	S1_all_tissues_zeros_kept	0.450695	29	0.0141424	0.687832
ENSG00000125434	SLC25A35	S1_all_tissues_zeros_kept	0.129877	29	0.501904	0.217781
ENSG00000125445	MRPS7	S1_all_tissues_zeros_kept	0.451724	29	0.0138968	0.689374
ENSG00000125447	GGA3	S1_all_tissues_zeros_kept	-0.240887	29	0.208107	0.00998286
ENSG00000125449	ARMC7	S1_all_tissues_zeros_kept	0.354075	29	0.0595041	0.540403
ENSG00000125450	NUP85	S1_all_tissues_zeros_kept	0.546798	29	0.0021457	0.810925
ENSG00000125454	SLC25A19	S1_all_tissues_zeros_kept	0.36068	29	0.0545871	0.5512
ENSG00000125457	MIF4GD	S1_all_tissues_zeros_kept	0.134007	29	0.488284	0.221722
ENSG00000125458	NT5C	S1_all_tissues_zeros_kept	0.289163	29	0.128158	0.435004
ENSG00000125459	MSTO1	S1_all_tissues_zeros_kept	-0.0593669	29	0.759675	0.0653385
ENSG00000125482	TTF1	S1_all_tissues_zeros_kept	0.281676	29	0.138791	0.423522
ENSG00000125484	GTF3C4	S1_all_tissues_zeros_kept	0.511765	29	0.00454329	0.768852
ENSG00000125485	DDX31	S1_all_tissues_zeros_kept	0.342864	29	0.0686367	0.522751
ENSG00000125503	PPP1R12C	S1_all_tissues_zeros_kept	0.284729	29	0.13438	0.428021
ENSG00000125505	MBOAT7	S1_all_tissues_zeros_kept	0.373892	29	0.0457129	0.570823
ENSG00000125534	PPDPF	S1_all_tissues_zeros_kept	0.0630853	29	0.745102	0.148886
ENSG00000125551	PLGLB2	S1_all_tissues_zeros_kept	0.527335	29	0.00328714	0.787832
ENSG00000125611	CHCHD5	S1_all_tissues_zeros_kept	0.20197	29	0.293406	0.304242
ENSG00000125618	PAX8	S1_all_tissues_zeros_kept	0.410208	29	0.0270934	0.627806
ENSG00000125630	POLR1B	S1_all_tissues_zeros_kept	-0.0463111	29	0.811454	0.0716795
ENSG00000125633	CCDC93	S1_all_tissues_zeros_kept	0.19633	29	0.307378	0.296444
ENSG00000125637	PSD4	S1_all_tissues_zeros_kept	0.695074	29	2.85788e-05	0.933676
ENSG00000125648	SLC25A23	S1_all_tissues_zeros_kept	0.476698	29	0.00893706	0.723265
ENSG00000125651	GTF2F1	S1_all_tissues_zeros_kept	0.24335	29	0.203352	0.364696
ENSG00000125652	ALKBH7	S1_all_tissues_zeros_kept	0.348276	29	0.0641017	0.531962
ENSG00000125656	CLPP	S1_all_tissues_zeros_kept	-0.0507389	29	0.793794	0.0694944
ENSG00000125675	GRIA3	S1_all_tissues_zeros_kept	-0.148067	29	0.443359	0.0296058
ENSG00000125676	THOC2	S1_all_tissues_zeros_kept	0.103448	29	0.593329	0.187018
ENSG00000125686	MED1	S1_all_tissues_zeros_kept	0.175369	29	0.362858	0.271808
ENSG00000125691	RPL23	S1_all_tissues_zeros_kept	-0.0413793	29	0.831231	0.0757069
ENSG00000125703	ATG4C	S1_all_tissues_zeros_kept	-0.0500062	29	0.79671	0.0700514
ENSG00000125726	CD70	S1_all_tissues_zeros_kept	0.170965	29	0.375224	0.265853
ENSG00000125730	C3	S1_all_tissues_zeros_kept	0.2867	29	0.131588	0.431277
ENSG00000125731	SH2D3A	S1_all_tissues_zeros_kept	0.666746	29	7.83166e-05	0.915467
ENSG00000125733	TRIP10	S1_all_tissues_zeros_kept	0.562562	29	0.00149006	0.826307
ENSG00000125734	GPR108	S1_all_tissues_zeros_kept	0.0800263	29	0.679855	0.162254
ENSG00000125735	TNFSF14	S1_all_tissues_zeros_kept	0.208913	29	0.276772	0.31521
ENSG00000125741	OPA3	S1_all_tissues_zeros_kept	0.485528	29	0.00758627	0.736118
ENSG00000125743	SNRPD2	S1_all_tissues_zeros_kept	0.184236	29	0.338706	0.281234
ENSG00000125746	EML2	S1_all_tissues_zeros_kept	0.628079	29	0.000264398	0.883847
ENSG00000125753	VASP	S1_all_tissues_zeros_kept	0.746305	29	3.34896e-06	0.961268
ENSG00000125755	SYMPK	S1_all_tissues_zeros_kept	0.387685	29	0.0377121	0.59066
ENSG00000125772	GPCPD1	S1_all_tissues_zeros_kept	0.227094	29	0.236137	0.342159
ENSG00000125775	SDCBP2	S1_all_tissues_zeros_kept	0.460068	29	0.0120335	0.701928
ENSG00000125779	PANK2	S1_all_tissues_zeros_kept	-0.118719	29	0.539628	0.0383033
ENSG00000125780	TGM3	S1_all_tissues_zeros_kept	0.203819	29	0.288915	0.306555
ENSG00000125812	GZF1	S1_all_tissues_zeros_kept	-0.126936	29	0.511719	0.0362039
ENSG00000125817	CENPB	S1_all_tissues_zeros_kept	0.121182	29	0.531187	0.206812
ENSG00000125818	PSMF1	S1_all_tissues_zeros_kept	-0.064532	29	0.739454	0.0631105
ENSG00000125821	DTD1	S1_all_tissues_zeros_kept	0.347623	29	0.0646364	0.531234
ENSG00000125826	RBCK1	S1_all_tissues_zeros_kept	0.126601	29	0.512842	0.214182
ENSG00000125827	TMX4	S1_all_tissues_zeros_kept	0.545813	29	0.00219388	0.809897
ENSG00000125834	STK35	S1_all_tissues_zeros_kept	0.270574	29	0.155715	0.40587
ENSG00000125843	AP5S1	S1_all_tissues_zeros_kept	0.158699	29	0.41093	0.251885
ENSG00000125844	RRBP1	S1_all_tissues_zeros_kept	0.67734	29	5.44043e-05	0.923779
ENSG00000125845	BMP2	S1_all_tissues_zeros_kept	0.378723	29	0.0427702	0.577763
ENSG00000125851	PCSK2	S1_all_tissues_zeros_kept	0.68234	29	4.55757e-05	0.926607
ENSG00000125863	MKKS	S1_all_tissues_zeros_kept	0.295849	29	0.119178	0.444002
ENSG00000125868	DSTN	S1_all_tissues_zeros_kept	0.618719	29	0.000346542	0.874593
ENSG00000125870	SNRPB2	S1_all_tissues_zeros_kept	0.0950739	29	0.623723	0.17892
ENSG00000125871	MGME1	S1_all_tissues_zeros_kept	0.0586207	29	0.762609	0.144944
ENSG00000125872	LRRN4	S1_all_tissues_zeros_kept	0.310316	29	0.101354	0.467566
ENSG00000125875	TBC1D20	S1_all_tissues_zeros_kept	0.498028	29	0.00597163	0.750514
ENSG00000125877	ITPA	S1_all_tissues_zeros_kept	-0.159606	29	0.408227	0.0263496
ENSG00000125898	FAM110A	S1_all_tissues_zeros_kept	0.535244	29	0.00277244	0.7985
ENSG00000125901	MRPS26	S1_all_tissues_zeros_kept	0.446798	29	0.0151056	0.682305
ENSG00000125912	NCLN	S1_all_tissues_zeros_kept	0.42266	29	0.0223591	0.6485
ENSG00000125931	CITED1	S1_all_tissues_zeros_kept	0.29517	29	0.120068	0.443059
ENSG00000125944	HNRNPR	S1_all_tissues_zeros_kept	0.429117	29	0.0201852	0.656855
ENSG00000125945	ZNF436	S1_all_tissues_zeros_kept	0.143853	29	0.456586	0.232776
ENSG00000125952	MAX	S1_all_tissues_zeros_kept	0.137855	29	0.475765	0.226093
ENSG00000125954	CHURC1-FNTB	S1_all_tissues_zeros_kept	0.315599	29	0.0953699	0.476992
ENSG00000125962	ARMCX5	S1_all_tissues_zeros_kept	0.283028	29	0.136825	0.425578
ENSG00000125967	NECAB3	S1_all_tissues_zeros_kept	0.0382596	29	0.843794	0.127464
ENSG00000125968	ID1	S1_all_tissues_zeros_kept	0.52797	29	0.00324297	0.789846
ENSG00000125970	RALY	S1_all_tissues_zeros_kept	0.467488	29	0.0105563	0.712982
ENSG00000125971	DYNLRB1	S1_all_tissues_zeros_kept	0.145831	29	0.450352	0.235561
ENSG00000125977	EIF2S2	S1_all_tissues_zeros_kept	0.301478	29	0.111987	0.453728
ENSG00000125991	ERGIC3	S1_all_tissues_zeros_kept	0.329064	29	0.0813279	0.500814
ENSG00000125995	ROMO1	S1_all_tissues_zeros_kept	0.182266	29	0.343987	0.279135
ENSG00000125998	FAM83C	S1_all_tissues_zeros_kept	0.382013	29	0.0408537	0.581705
ENSG00000125999	BPIFB1	S1_all_tissues_zeros_kept	0.326697	29	0.0836742	0.497472
ENSG00000126001	CEP250	S1_all_tissues_zeros_kept	0.319783	29	0.0908237	0.487618
ENSG00000126003	PLAGL2	S1_all_tissues_zeros_kept	0.202903	29	0.291137	0.305441
ENSG00000126005	MMP24-AS1	S1_all_tissues_zeros_kept	-0.103417	29	0.593442	0.0446872
ENSG00000126012	KDM5C	S1_all_tissues_zeros_kept	0.035468	29	0.855068	0.125621
ENSG00000126016	AMOT	S1_all_tissues_zeros_kept	0.485712	29	0.00755999	0.736204
ENSG00000126062	TMEM115	S1_all_tissues_zeros_kept	0.0528397	29	0.78545	0.139203
ENSG00000126067	PSMB2	S1_all_tissues_zeros_kept	-0.406897	29	0.0284809	0.000556984
ENSG00000126070	AGO3	S1_all_tissues_zeros_kept	-0.0447671	29	0.817634	0.0727935
ENSG00000126088	UROD	S1_all_tissues_zeros_kept	0.510837	29	0.0046296	0.768123
ENSG00000126106	TMEM53	S1_all_tissues_zeros_kept	-0.0879512	29	0.65006	0.0506855
ENSG00000126107	HECTD3	S1_all_tissues_zeros_kept	0.300985	29	0.112603	0.452699
ENSG00000126214	KLC1	S1_all_tissues_zeros_kept	0.66601	29	8.0282e-05	0.914953
ENSG00000126216	TUBGCP3	S1_all_tissues_zeros_kept	0.30197	29	0.111373	0.454713
ENSG00000126217	MCF2L	S1_all_tissues_zeros_kept	0.523029	29	0.00360036	0.78162
ENSG00000126218	F10	S1_all_tissues_zeros_kept	0.247621	29	0.195284	0.370908
ENSG00000126226	PCID2	S1_all_tissues_zeros_kept	-0.00394089	29	0.983813	0.0968723
ENSG00000126231	PROZ	S1_all_tissues_zeros_kept	-0.138225	29	0.474569	0.0323479
ENSG00000126233	SLURP1	S1_all_tissues_zeros_kept	0.461735	29	0.0116874	0.704284
ENSG00000126243	LRFN3	S1_all_tissues_zeros_kept	-0.0140394	29	0.942377	0.0914739
ENSG00000126247	CAPNS1	S1_all_tissues_zeros_kept	0.135468	29	0.48351	0.223308
ENSG00000126249	PDCD2L	S1_all_tissues_zeros_kept	0.0758808	29	0.695634	0.158655
ENSG00000126254	RBM42	S1_all_tissues_zeros_kept	0.144828	29	0.453508	0.233933
ENSG00000126261	UBA2	S1_all_tissues_zeros_kept	0.385023	29	0.0391616	0.586332
ENSG00000126267	COX6B1	S1_all_tissues_zeros_kept	0.343842	29	0.0677991	0.52395
ENSG00000126351	THRA	S1_all_tissues_zeros_kept	0.648497	29	0.00014201	0.899786
ENSG00000126391	FRMD8	S1_all_tissues_zeros_kept	0.0507389	29	0.793794	0.137104
ENSG00000126432	PRDX5	S1_all_tissues_zeros_kept	0.495074	29	0.0063241	0.747344
ENSG00000126453	BCL2L12	S1_all_tissues_zeros_kept	0.158133	29	0.412621	0.251457
ENSG00000126456	IRF3	S1_all_tissues_zeros_kept	0.258406	29	0.175906	0.387275
ENSG00000126457	PRMT1	S1_all_tissues_zeros_kept	0.452217	29	0.0137805	0.690746
ENSG00000126458	RRAS	S1_all_tissues_zeros_kept	0.3867	29	0.0382435	0.589503
ENSG00000126461	SCAF1	S1_all_tissues_zeros_kept	0.240394	29	0.209067	0.360368
ENSG00000126464	PRR12	S1_all_tissues_zeros_kept	0.312016	29	0.0993978	0.470823
ENSG00000126467	TSKS	S1_all_tissues_zeros_kept	0.335591	29	0.0751187	0.510711
ENSG00000126522	ASL	S1_all_tissues_zeros_kept	0.86601	29	1.2962e-09	0.992802
ENSG00000126524	SBDS	S1_all_tissues_zeros_kept	0.638424	29	0.000194049	0.891859
ENSG00000126550	HTN1	S1_all_tissues_zeros_kept	0.527335	29	0.00328714	0.787832
ENSG00000126561	STAT5A	S1_all_tissues_zeros_kept	0.743842	29	3.75456e-06	0.960069
ENSG00000126581	BECN1	S1_all_tissues_zeros_kept	0.191133	29	0.320611	0.290574
ENSG00000126583	PRKCG	S1_all_tissues_zeros_kept	0.189146	29	0.325761	0.287446
ENSG00000126602	TRAP1	S1_all_tissues_zeros_kept	0.395567	29	0.033671	0.601714
ENSG00000126603	GLIS2	S1_all_tissues_zeros_kept	-0.0334756	29	0.863131	0.0805913
ENSG00000126653	NSRP1	S1_all_tissues_zeros_kept	-0.20197	29	0.293406	0.0167524
ENSG00000126698	DNAJC8	S1_all_tissues_zeros_kept	0.331527	29	0.0789403	0.505099
ENSG00000126705	AHDC1	S1_all_tissues_zeros_kept	0.272593	29	0.152531	0.409469
ENSG00000126746	ZNF384	S1_all_tissues_zeros_kept	0.629557	29	0.000253139	0.885004
ENSG00000126749	EMG1	S1_all_tissues_zeros_kept	0.410888	29	0.0268153	0.628877
ENSG00000126756	UXT	S1_all_tissues_zeros_kept	-0.00935961	29	0.961567	0.0945159
ENSG00000126767	ELK1	S1_all_tissues_zeros_kept	0.30801	29	0.104052	0.463967
ENSG00000126768	TIMM17B	S1_all_tissues_zeros_kept	0.121182	29	0.531187	0.206812
ENSG00000126775	ATG14	S1_all_tissues_zeros_kept	0.126201	29	0.514185	0.213668
ENSG00000126777	KTN1	S1_all_tissues_zeros_kept	0.583251	29	0.000897648	0.844216
ENSG00000126785	RHOJ	S1_all_tissues_zeros_kept	0.0650616	29	0.73739	0.150257
ENSG00000126790	L3HYPDH	S1_all_tissues_zeros_kept	0.156935	29	0.416216	0.2488
ENSG00000126804	ZBTB1	S1_all_tissues_zeros_kept	0.38767	29	0.0377201	0.590446
ENSG00000126814	TRMT5	S1_all_tissues_zeros_kept	0.281773	29	0.138648	0.423822
ENSG00000126821	SGPP1	S1_all_tissues_zeros_kept	0.518108	29	0.00398937	0.776735
ENSG00000126822	PLEKHG3	S1_all_tissues_zeros_kept	0.513793	29	0.00435948	0.771508
ENSG00000126838	PZP	S1_all_tissues_zeros_kept	0.138355	29	0.474148	0.226907
ENSG00000126858	RHOT1	S1_all_tissues_zeros_kept	0.501478	29	0.00558122	0.755656
ENSG00000126861	OMG	S1_all_tissues_zeros_kept	0.340588	29	0.0706171	0.519066
ENSG00000126870	WDR60	S1_all_tissues_zeros_kept	0.554144	29	0.00181439	0.818038
ENSG00000126883	NUP214	S1_all_tissues_zeros_kept	0.237438	29	0.21489	0.356127
ENSG00000126934	MAP2K2	S1_all_tissues_zeros_kept	0.446853	29	0.0150916	0.682648
ENSG00000126945	HNRNPH2	S1_all_tissues_zeros_kept	0.182849	29	0.34242	0.279991
ENSG00000126947	ARMCX1	S1_all_tissues_zeros_kept	0.455172	29	0.0130995	0.695501
ENSG00000126953	TIMM8A	S1_all_tissues_zeros_kept	0.307294	29	0.1049	0.462682
ENSG00000127022	CANX	S1_all_tissues_zeros_kept	0.250246	29	0.190437	0.375064
ENSG00000127054	CPSF3L	S1_all_tissues_zeros_kept	-0.062069	29	0.749076	0.0643959
ENSG00000127074	RGS13	S1_all_tissues_zeros_kept	0.462646	29	0.0115018	0.706084
ENSG00000127080	IPPK	S1_all_tissues_zeros_kept	0.353467	29	0.0599741	0.539289
ENSG00000127083	OMD	S1_all_tissues_zeros_kept	0.710347	29	1.5815e-05	0.942117
ENSG00000127125	PPCS	S1_all_tissues_zeros_kept	0.449261	29	0.0144907	0.685604
ENSG00000127184	COX7C	S1_all_tissues_zeros_kept	0.357143	29	0.0571791	0.544344
ENSG00000127191	TRAF2	S1_all_tissues_zeros_kept	0.19362	29	0.314235	0.293488
ENSG00000127241	MASP1	S1_all_tissues_zeros_kept	0.590905	29	0.000737784	0.850257
ENSG00000127249	ATP13A4	S1_all_tissues_zeros_kept	0.566852	29	0.00134504	0.829949
ENSG00000127311	HELB	S1_all_tissues_zeros_kept	-0.0416151	29	0.830283	0.0751928
ENSG00000127314	RAP1B	S1_all_tissues_zeros_kept	0.204926	29	0.286249	0.308612
ENSG00000127324	TSPAN8	S1_all_tissues_zeros_kept	0.644682	29	0.000160045	0.896958
ENSG00000127329	PTPRB	S1_all_tissues_zeros_kept	0.183436	29	0.340844	0.280334
ENSG00000127334	DYRK2	S1_all_tissues_zeros_kept	0.170429	29	0.376745	0.264739
ENSG00000127337	YEATS4	S1_all_tissues_zeros_kept	0.363099	29	0.0528684	0.55557
ENSG00000127399	LRRC61	S1_all_tissues_zeros_kept	0.1189	29	0.539006	0.20407
ENSG00000127415	IDUA	S1_all_tissues_zeros_kept	0.198891	29	0.300983	0.299871
ENSG00000127418	FGFRL1	S1_all_tissues_zeros_kept	0.0999355	29	0.606	0.184105
ENSG00000127419	TMEM175	S1_all_tissues_zeros_kept	0.185021	29	0.336617	0.282562
ENSG00000127445	PIN1	S1_all_tissues_zeros_kept	0.366995	29	0.05019	0.560326
ENSG00000127452	FBXL12	S1_all_tissues_zeros_kept	0.0301235	29	0.876727	0.120566
ENSG00000127463	EMC1	S1_all_tissues_zeros_kept	-0.147291	29	0.445781	0.0296915
ENSG00000127481	UBR4	S1_all_tissues_zeros_kept	-0.346798	29	0.0653163	0.00278492
ENSG00000127483	HP1BP3	S1_all_tissues_zeros_kept	0.381281	29	0.0412742	0.580548
ENSG00000127511	SIN3B	S1_all_tissues_zeros_kept	0.368473	29	0.0492026	0.562596
ENSG00000127526	SLC35E1	S1_all_tissues_zeros_kept	0.215933	29	0.26058	0.325921
ENSG00000127527	EPS15L1	S1_all_tissues_zeros_kept	0.322454	29	0.0880094	0.491345
ENSG00000127528	KLF2	S1_all_tissues_zeros_kept	0.164442	29	0.39398	0.257455
ENSG00000127540	UQCR11	S1_all_tissues_zeros_kept	0.329719	29	0.0806876	0.501671
ENSG00000127554	GFER	S1_all_tissues_zeros_kept	0.23202	29	0.225851	0.348886
ENSG00000127561	SYNGR3	S1_all_tissues_zeros_kept	0.388103	29	0.0374886	0.591131
ENSG00000127580	WDR24	S1_all_tissues_zeros_kept	0.212603	29	0.268181	0.32138
ENSG00000127585	FBXL16	S1_all_tissues_zeros_kept	-0.0856227	29	0.658762	0.0522279
ENSG00000127586	CHTF18	S1_all_tissues_zeros_kept	-0.0438974	29	0.821119	0.0735647
ENSG00000127588	GNG13	S1_all_tissues_zeros_kept	0.175668	29	0.362028	0.272108
ENSG00000127603	MACF1	S1_all_tissues_zeros_kept	0.615764	29	0.000376782	0.872322
ENSG00000127616	SMARCA4	S1_all_tissues_zeros_kept	0.2867	29	0.131588	0.431277
ENSG00000127663	KDM4B	S1_all_tissues_zeros_kept	0.296143	29	0.118794	0.444602
ENSG00000127666	TICAM1	S1_all_tissues_zeros_kept	-0.0334576	29	0.863204	0.0806769
ENSG00000127720	METTL25	S1_all_tissues_zeros_kept	-0.133513	29	0.489904	0.0338046
ENSG00000127774	EMC6	S1_all_tissues_zeros_kept	0.271122	29	0.154846	0.407326
ENSG00000127804	METTL16	S1_all_tissues_zeros_kept	0.589163	29	0.000771802	0.848886
ENSG00000127824	TUBA4A	S1_all_tissues_zeros_kept	0.568543	29	0.00129136	0.831234
ENSG00000127831	VIL1	S1_all_tissues_zeros_kept	0.831329	29	2.33559e-08	0.989075
ENSG00000127837	AAMP	S1_all_tissues_zeros_kept	-0.0837438	29	0.665816	0.0529991
ENSG00000127838	PNKD	S1_all_tissues_zeros_kept	0.346305	29	0.0657251	0.528663
ENSG00000127870	RNF6	S1_all_tissues_zeros_kept	0.116089	29	0.548713	0.201414
ENSG00000127884	ECHS1	S1_all_tissues_zeros_kept	0.536453	29	0.0027002	0.800386
ENSG00000127914	AKAP9	S1_all_tissues_zeros_kept	0.317734	29	0.0930293	0.484105
ENSG00000127920	GNG11	S1_all_tissues_zeros_kept	0.49803	29	0.00597143	0.750771
ENSG00000127946	HIP1	S1_all_tissues_zeros_kept	0.744427	29	3.65453e-06	0.960411
ENSG00000127947	PTPN12	S1_all_tissues_zeros_kept	0.534975	29	0.0027887	0.797901
ENSG00000127948	POR	S1_all_tissues_zeros_kept	0.703448	29	2.07539e-05	0.938303
ENSG00000127951	FGL2	S1_all_tissues_zeros_kept	0.464039	29	0.0112227	0.707626
ENSG00000127952	STYXL1	S1_all_tissues_zeros_kept	0.108434	29	0.575545	0.192931
ENSG00000127955	GNAI1	S1_all_tissues_zeros_kept	0.587192	29	0.000811917	0.846744
ENSG00000127980	PEX1	S1_all_tissues_zeros_kept	0.310629	29	0.100991	0.468252
ENSG00000127989	MTERF1	S1_all_tissues_zeros_kept	0.112149	29	0.56245	0.196787
ENSG00000127990	SGCE	S1_all_tissues_zeros_kept	0.286207	29	0.132282	0.430377
ENSG00000127993	RBM48	S1_all_tissues_zeros_kept	-0.335989	29	0.0747522	0.00347044
ENSG00000127995	CASD1	S1_all_tissues_zeros_kept	0.248309	29	0.194007	0.372194
ENSG00000128016	ZFP36	S1_all_tissues_zeros_kept	0.266964	29	0.161524	0.399614
ENSG00000128040	SPINK2	S1_all_tissues_zeros_kept	0.446554	29	0.0151676	0.681534
ENSG00000128050	PAICS	S1_all_tissues_zeros_kept	0.586279	29	0.000831115	0.846401
ENSG00000128052	KDR	S1_all_tissues_zeros_kept	0.205558	29	0.284732	0.309811
ENSG00000128059	PPAT	S1_all_tissues_zeros_kept	0.294089	29	0.121496	0.441217
ENSG00000128159	TUBGCP6	S1_all_tissues_zeros_kept	0.120197	29	0.534556	0.205141
ENSG00000128191	DGCR8	S1_all_tissues_zeros_kept	0.034487	29	0.859036	0.12455
ENSG00000128203	ASPHD2	S1_all_tissues_zeros_kept	0.342705	29	0.0687735	0.522237
ENSG00000128218	VPREB3	S1_all_tissues_zeros_kept	0.432383	29	0.0191538	0.660626
ENSG00000128228	SDF2L1	S1_all_tissues_zeros_kept	0.320197	29	0.0903831	0.487961
ENSG00000128242	GAL3ST1	S1_all_tissues_zeros_kept	0.318417	29	0.0922899	0.484961
ENSG00000128245	YWHAH	S1_all_tissues_zeros_kept	0.519212	29	0.00389912	0.777935
ENSG00000128266	GNAZ	S1_all_tissues_zeros_kept	0.346239	29	0.0657808	0.528063
ENSG00000128268	MGAT3	S1_all_tissues_zeros_kept	0.301839	29	0.111536	0.454284
ENSG00000128274	A4GALT	S1_all_tissues_zeros_kept	0.0447671	29	0.817634	0.131834
ENSG00000128283	CDC42EP1	S1_all_tissues_zeros_kept	0.21308	29	0.267083	0.322408
ENSG00000128284	APOL3	S1_all_tissues_zeros_kept	0.775369	29	7.8253e-07	0.971851
ENSG00000128294	TPST2	S1_all_tissues_zeros_kept	0.587511	29	0.000805309	0.847044
ENSG00000128298	BAIAP2L2	S1_all_tissues_zeros_kept	0.0812255	29	0.675315	0.163368
ENSG00000128309	MPST	S1_all_tissues_zeros_kept	0.315271	29	0.0957336	0.476307
ENSG00000128311	TST	S1_all_tissues_zeros_kept	0.642857	29	0.000169368	0.894901
ENSG00000128322	IGLL1	S1_all_tissues_zeros_kept	-0.282695	29	0.137307	0.00621251
ENSG00000128335	APOL2	S1_all_tissues_zeros_kept	0.617241	29	0.000361384	0.873093
ENSG00000128394	APOBEC3F	S1_all_tissues_zeros_kept	0.489555	29	0.00703002	0.740146
ENSG00000128408	RIBC2	S1_all_tissues_zeros_kept	0.509263	29	0.00477928	0.766281
ENSG00000128422	KRT17	S1_all_tissues_zeros_kept	0.444362	29	0.0157348	0.677849
ENSG00000128463	EMC4	S1_all_tissues_zeros_kept	0.540887	29	0.00244906	0.805141
ENSG00000128487	SPECC1	S1_all_tissues_zeros_kept	0.758817	29	1.83576e-06	0.966024
ENSG00000128510	CPA4	S1_all_tissues_zeros_kept	0.285637	29	0.133088	0.429434
ENSG00000128512	DOCK4	S1_all_tissues_zeros_kept	0.466862	29	0.0106747	0.711868
ENSG00000128513	POT1	S1_all_tissues_zeros_kept	0.425351	29	0.0214309	0.651799
ENSG00000128524	ATP6V1F	S1_all_tissues_zeros_kept	0.140394	29	0.467594	0.229392
ENSG00000128534	LSM8	S1_all_tissues_zeros_kept	0.364039	29	0.0522118	0.556427
ENSG00000128536	CDHR3	S1_all_tissues_zeros_kept	0.250139	29	0.190633	0.374764
ENSG00000128563	PRKRIP1	S1_all_tissues_zeros_kept	0.095444	29	0.622366	0.179306
ENSG00000128564	VGF	S1_all_tissues_zeros_kept	0.43949	29	0.0170587	0.670308
ENSG00000128567	PODXL	S1_all_tissues_zeros_kept	0.636946	29	0.000202955	0.89036
ENSG00000128578	STRIP2	S1_all_tissues_zeros_kept	0.350288	29	0.0624767	0.534833
ENSG00000128581	IFT22	S1_all_tissues_zeros_kept	0.692611	29	3.13356e-05	0.932262
ENSG00000128585	MKLN1	S1_all_tissues_zeros_kept	0.137438	29	0.477111	0.225578
ENSG00000128590	DNAJB9	S1_all_tissues_zeros_kept	0.526008	29	0.00338108	0.785047
ENSG00000128595	CALU	S1_all_tissues_zeros_kept	0.658621	29	0.000102579	0.908698
ENSG00000128596	CCDC136	S1_all_tissues_zeros_kept	0.115649	29	0.550237	0.201157
ENSG00000128604	IRF5	S1_all_tissues_zeros_kept	0.671444	29	6.67519e-05	0.919923
ENSG00000128607	KLHDC10	S1_all_tissues_zeros_kept	0.136044	29	0.481634	0.22395
ENSG00000128609	NDUFA5	S1_all_tissues_zeros_kept	0.416749	29	0.0245141	0.637875
ENSG00000128626	MRPS12	S1_all_tissues_zeros_kept	-0.171852	29	0.372713	0.0239503
ENSG00000128654	MTX2	S1_all_tissues_zeros_kept	0.325123	29	0.0852626	0.494901
ENSG00000128655	PDE11A	S1_all_tissues_zeros_kept	0.198956	29	0.300822	0.300043
ENSG00000128656	CHN1	S1_all_tissues_zeros_kept	0.354744	29	0.0589914	0.541517
ENSG00000128683	GAD1	S1_all_tissues_zeros_kept	0.462646	29	0.0115018	0.706084
ENSG00000128694	OSGEPL1	S1_all_tissues_zeros_kept	0.575093	29	0.00110058	0.836804
ENSG00000128699	ORMDL1	S1_all_tissues_zeros_kept	-0.144198	29	0.455495	0.0307198
ENSG00000128708	HAT1	S1_all_tissues_zeros_kept	0.263054	29	0.167987	0.39353
ENSG00000128710	HOXD10	S1_all_tissues_zeros_kept	0.234995	29	0.219786	0.352913
ENSG00000128713	HOXD11	S1_all_tissues_zeros_kept	0.512647	29	0.00446259	0.770051
ENSG00000128731	HERC2	S1_all_tissues_zeros_kept	-0.0662643	29	0.73271	0.0620823
ENSG00000128739	SNRPN	S1_all_tissues_zeros_kept	0.0812808	29	0.675105	0.163582
ENSG00000128789	PSMG2	S1_all_tissues_zeros_kept	-0.169458	29	0.37951	0.0245501
ENSG00000128791	TWSG1	S1_all_tissues_zeros_kept	0.591616	29	0.000724289	0.850771
ENSG00000128805	ARHGAP22	S1_all_tissues_zeros_kept	0.0964285	29	0.618763	0.180677
ENSG00000128815	WDFY4	S1_all_tissues_zeros_kept	0.600615	29	0.000571184	0.860711
ENSG00000128829	EIF2AK4	S1_all_tissues_zeros_kept	0.336946	29	0.0738769	0.512339
ENSG00000128833	MYO5C	S1_all_tissues_zeros_kept	0.492854	29	0.0066005	0.744559
ENSG00000128872	TMOD2	S1_all_tissues_zeros_kept	0.434044	29	0.0186461	0.663239
ENSG00000128881	TTBK2	S1_all_tissues_zeros_kept	0.0106177	29	0.956406	0.106041
ENSG00000128886	ELL3	S1_all_tissues_zeros_kept	0.323769	29	0.0866482	0.493359
ENSG00000128891	C15orf57	S1_all_tissues_zeros_kept	0.459564	29	0.0121396	0.701243
ENSG00000128908	INO80	S1_all_tissues_zeros_kept	0.225123	29	0.240337	0.339546
ENSG00000128915	ICE2	S1_all_tissues_zeros_kept	0.096518	29	0.618436	0.180763
ENSG00000128923	FAM63B	S1_all_tissues_zeros_kept	0.560266	29	0.00157307	0.824807
ENSG00000128928	IVD	S1_all_tissues_zeros_kept	0.693596	29	3.02056e-05	0.932819
ENSG00000128951	DUT	S1_all_tissues_zeros_kept	0.478325	29	0.00867396	0.725921
ENSG00000128973	CLN6	S1_all_tissues_zeros_kept	0.211849	29	0.269923	0.320009
ENSG00000128989	ARPP19	S1_all_tissues_zeros_kept	0.529868	29	0.00311403	0.792674
ENSG00000129003	VPS13C	S1_all_tissues_zeros_kept	0.16798	29	0.383741	0.261482
ENSG00000129038	LOXL1	S1_all_tissues_zeros_kept	0.613705	29	0.000399195	0.87108
ENSG00000129055	ANAPC13	S1_all_tissues_zeros_kept	-0.0751324	29	0.698496	0.0575407
ENSG00000129071	MBD4	S1_all_tissues_zeros_kept	0.386914	29	0.0381272	0.589931
ENSG00000129083	COPB1	S1_all_tissues_zeros_kept	0.23202	29	0.225851	0.348886
ENSG00000129084	PSMA1	S1_all_tissues_zeros_kept	0.153695	29	0.426026	0.244987
ENSG00000129103	SUMF2	S1_all_tissues_zeros_kept	0.542857	29	0.00234407	0.806641
ENSG00000129116	PALLD	S1_all_tissues_zeros_kept	0.723645	29	9.15824e-06	0.952399
ENSG00000129128	SPCS3	S1_all_tissues_zeros_kept	0.370936	29	0.0475911	0.566024
ENSG00000129151	BBOX1	S1_all_tissues_zeros_kept	0.656142	29	0.000111207	0.906298
ENSG00000129158	SERGEF	S1_all_tissues_zeros_kept	0.0817734	29	0.673244	0.164096
ENSG00000129167	TPH1	S1_all_tissues_zeros_kept	0.262183	29	0.169451	0.392588
ENSG00000129170	CSRP3	S1_all_tissues_zeros_kept	0.316228	29	0.0946761	0.479306
ENSG00000129187	DCTD	S1_all_tissues_zeros_kept	0.606404	29	0.000488427	0.86521
ENSG00000129197	RPAIN	S1_all_tissues_zeros_kept	0.17502	29	0.363832	0.271337
ENSG00000129214	SHBG	S1_all_tissues_zeros_kept	0.0838	29	0.665605	0.166538
ENSG00000129219	PLD2	S1_all_tissues_zeros_kept	0.526108	29	0.00337389	0.785219
ENSG00000129226	CD68	S1_all_tissues_zeros_kept	0.706862	29	1.81594e-05	0.940403
ENSG00000129235	TXNDC17	S1_all_tissues_zeros_kept	-0.106404	29	0.582757	0.0435733
ENSG00000129244	ATP1B2	S1_all_tissues_zeros_kept	0.45251	29	0.0137117	0.691474
ENSG00000129245	FXR2	S1_all_tissues_zeros_kept	0.314324	29	0.0967885	0.47485
ENSG00000129250	KIF1C	S1_all_tissues_zeros_kept	0.492179	29	0.00668652	0.744002
ENSG00000129255	MPDU1	S1_all_tissues_zeros_kept	0.301761	29	0.111633	0.454156
ENSG00000129292	PHF20L1	S1_all_tissues_zeros_kept	0.067496	29	0.727926	0.151928
ENSG00000129295	LRRC6	S1_all_tissues_zeros_kept	0.0810211	29	0.676087	0.163196
ENSG00000129315	CCNT1	S1_all_tissues_zeros_kept	0.185222	29	0.336084	0.283162
ENSG00000129317	PUS7L	S1_all_tissues_zeros_kept	0.261067	29	0.171341	0.390703
ENSG00000129347	KRI1	S1_all_tissues_zeros_kept	0.206948	29	0.281418	0.311954
ENSG00000129351	ILF3	S1_all_tissues_zeros_kept	0.623645	29	0.000300873	0.879263
ENSG00000129353	SLC44A2	S1_all_tissues_zeros_kept	0.366548	29	0.0504921	0.559683
ENSG00000129354	AP1M2	S1_all_tissues_zeros_kept	0.806664	29	1.26149e-07	0.982991
ENSG00000129355	CDKN2D	S1_all_tissues_zeros_kept	0.462714	29	0.0114879	0.70647
ENSG00000129422	MTUS1	S1_all_tissues_zeros_kept	0.219729	29	0.252088	0.331405
ENSG00000129451	KLK10	S1_all_tissues_zeros_kept	0.480272	29	0.00836781	0.728063
ENSG00000129455	KLK8	S1_all_tissues_zeros_kept	0.12311	29	0.524623	0.209469
ENSG00000129460	NGDN	S1_all_tissues_zeros_kept	0.257635	29	0.177244	0.385904
ENSG00000129465	RIPK3	S1_all_tissues_zeros_kept	0.714688	29	1.3276e-05	0.944087
ENSG00000129472	RAB2B	S1_all_tissues_zeros_kept	0.262348	29	0.169174	0.392845
ENSG00000129474	AJUBA	S1_all_tissues_zeros_kept	0.537692	29	0.0026279	0.801928
ENSG00000129480	DTD2	S1_all_tissues_zeros_kept	-0.0310345	29	0.873029	0.0822194
ENSG00000129484	PARP2	S1_all_tissues_zeros_kept	0.372393	29	0.0466579	0.567652
ENSG00000129493	HEATR5A	S1_all_tissues_zeros_kept	0.339901	29	0.0712227	0.517266
ENSG00000129514	FOXA1	S1_all_tissues_zeros_kept	0.830925	29	2.40606e-08	0.98856
ENSG00000129515	SNX6	S1_all_tissues_zeros_kept	0.490208	29	0.00694315	0.74126
ENSG00000129518	EAPP	S1_all_tissues_zeros_kept	0.175084	29	0.363652	0.271422
ENSG00000129534	MIS18BP1	S1_all_tissues_zeros_kept	0.499514	29	0.00580071	0.752485
ENSG00000129538	RNASE1	S1_all_tissues_zeros_kept	0.317891	29	0.0928593	0.484362
ENSG00000129559	NEDD8	S1_all_tissues_zeros_kept	0.415804	29	0.0248738	0.636889
ENSG00000129562	DAD1	S1_all_tissues_zeros_kept	-0.10936	29	0.572269	0.0421165
ENSG00000129566	TEP1	S1_all_tissues_zeros_kept	0.32541	29	0.0849719	0.49593
ENSG00000129595	EPB41L4A	S1_all_tissues_zeros_kept	0.0866861	29	0.654783	0.170394
ENSG00000129596	CDO1	S1_all_tissues_zeros_kept	-0.0884781	29	0.648097	0.0504284
ENSG00000129625	REEP5	S1_all_tissues_zeros_kept	0.617734	29	0.000356375	0.87365
ENSG00000129636	ITFG1	S1_all_tissues_zeros_kept	0.213573	29	0.265953	0.322665
ENSG00000129654	FOXJ1	S1_all_tissues_zeros_kept	0.0859654	29	0.657479	0.16928
ENSG00000129657	SEC14L1	S1_all_tissues_zeros_kept	-0.0931493	29	0.630796	0.0483719
ENSG00000129667	RHBDF2	S1_all_tissues_zeros_kept	0.132212	29	0.49418	0.22018
ENSG00000129675	ARHGEF6	S1_all_tissues_zeros_kept	0.83202	29	2.21928e-08	0.98916
ENSG00000129680	MAP7D3	S1_all_tissues_zeros_kept	0.352594	29	0.0606535	0.53826
ENSG00000129691	ASH2L	S1_all_tissues_zeros_kept	0.223645	29	0.243519	0.337918
ENSG00000129696	TTI2	S1_all_tissues_zeros_kept	0.27565	29	0.147803	0.414096
ENSG00000129824	RPS4Y1	S1_all_tissues_zeros_kept	0.706301	29	1.8565e-05	0.939717
ENSG00000129911	KLF16	S1_all_tissues_zeros_kept	0.239188	29	0.211429	0.358398
ENSG00000129925	TMEM8A	S1_all_tissues_zeros_kept	0.120713	29	0.532789	0.20647
ENSG00000129933	MAU2	S1_all_tissues_zeros_kept	0.154624	29	0.4232	0.245716
ENSG00000129946	SHC2	S1_all_tissues_zeros_kept	0.465727	29	0.0108922	0.709726
ENSG00000129951	PLPPR3	S1_all_tissues_zeros_kept	0.502701	29	0.00544811	0.757369
ENSG00000129965	INS-IGF2	S1_all_tissues_zeros_kept	0.390698	29	0.0361238	0.594816
ENSG00000129968	ABHD17A	S1_all_tissues_zeros_kept	-0.0780834	29	0.687234	0.0555698
ENSG00000129988	LBP	S1_all_tissues_zeros_kept	0.320372	29	0.0901969	0.488132
ENSG00000129990	SYT5	S1_all_tissues_zeros_kept	0.669423	29	7.15259e-05	0.91838
ENSG00000129991	TNNI3	S1_all_tissues_zeros_kept	0.0833858	29	0.667163	0.166281
ENSG00000130021	PUDP	S1_all_tissues_zeros_kept	0.418719	29	0.0237777	0.641003
ENSG00000130024	PHF10	S1_all_tissues_zeros_kept	0.200271	29	0.297573	0.301971
ENSG00000130055	GDPD2	S1_all_tissues_zeros_kept	0.394974	29	0.0339622	0.600814
ENSG00000130119	GNL3L	S1_all_tissues_zeros_kept	-0.097549	29	0.614674	0.0466581
ENSG00000130147	SH3BP4	S1_all_tissues_zeros_kept	0.534549	29	0.00281472	0.797472
ENSG00000130150	MOSPD2	S1_all_tissues_zeros_kept	0.397537	29	0.0327174	0.605784
ENSG00000130158	DOCK6	S1_all_tissues_zeros_kept	0.271429	29	0.154362	0.407755
ENSG00000130159	ECSIT	S1_all_tissues_zeros_kept	0.37931	29	0.0424227	0.578406
ENSG00000130165	ELOF1	S1_all_tissues_zeros_kept	-0.0175542	29	0.927985	0.0896744
ENSG00000130175	PRKCSH	S1_all_tissues_zeros_kept	0.428571	29	0.0203618	0.656298
ENSG00000130177	CDC16	S1_all_tissues_zeros_kept	0.0891626	29	0.64555	0.173222
ENSG00000130193	THEM6	S1_all_tissues_zeros_kept	0.580296	29	0.000967034	0.841602
ENSG00000130201	EXOC3L2	S1_all_tissues_zeros_kept	0.17596	29	0.36122	0.272451
ENSG00000130202	PVRL2	S1_all_tissues_zeros_kept	0.295567	29	0.119548	0.443488
ENSG00000130203	APOE	S1_all_tissues_zeros_kept	0.458621	29	0.0123407	0.7
ENSG00000130204	TOMM40	S1_all_tissues_zeros_kept	-0.0399064	29	0.837157	0.0764781
ENSG00000130208	APOC1	S1_all_tissues_zeros_kept	0.153695	29	0.426026	0.244987
ENSG00000130224	LRCH2	S1_all_tissues_zeros_kept	0.74589	29	3.41448e-06	0.960883
ENSG00000130226	DPP6	S1_all_tissues_zeros_kept	0.207197	29	0.280825	0.312125
ENSG00000130227	XPO7	S1_all_tissues_zeros_kept	0.0334975	29	0.863042	0.123522
ENSG00000130234	ACE2	S1_all_tissues_zeros_kept	0.506151	29	0.00508718	0.762682
ENSG00000130244	FAM98C	S1_all_tissues_zeros_kept	0.423153	29	0.0221867	0.649229
ENSG00000130254	SAFB2	S1_all_tissues_zeros_kept	0.199286	29	0.300006	0.300643
ENSG00000130255	RPL36	S1_all_tissues_zeros_kept	-0.139901	29	0.469174	0.0318338
ENSG00000130287	NCAN	S1_all_tissues_zeros_kept	0.36141	29	0.0540638	0.552442
ENSG00000130294	KIF1A	S1_all_tissues_zeros_kept	0.65114	29	0.000130598	0.901928
ENSG00000130299	GTPBP3	S1_all_tissues_zeros_kept	0.153543	29	0.426489	0.244773
ENSG00000130300	PLVAP	S1_all_tissues_zeros_kept	0.448276	29	0.0147341	0.684105
ENSG00000130303	BST2	S1_all_tissues_zeros_kept	0.538916	29	0.00255807	0.803299
ENSG00000130304	SLC27A1	S1_all_tissues_zeros_kept	0.622167	29	0.000313981	0.878063
ENSG00000130305	NSUN5	S1_all_tissues_zeros_kept	-0.0817835	29	0.673206	0.0540274
ENSG00000130309	COLGALT1	S1_all_tissues_zeros_kept	0.627094	29	0.000272147	0.882605
ENSG00000130311	DDA1	S1_all_tissues_zeros_kept	-0.08867	29	0.647383	0.0503428
ENSG00000130312	MRPL34	S1_all_tissues_zeros_kept	0.0402713	29	0.835688	0.12892
ENSG00000130313	PGLS	S1_all_tissues_zeros_kept	-0.182759	29	0.342662	0.0214653
ENSG00000130332	LSM7	S1_all_tissues_zeros_kept	0.322068	29	0.0884112	0.490617
ENSG00000130340	SNX9	S1_all_tissues_zeros_kept	0.664532	29	8.43603e-05	0.913668
ENSG00000130347	RTN4IP1	S1_all_tissues_zeros_kept	0.639734	29	0.000186443	0.893188
ENSG00000130348	QRSL1	S1_all_tissues_zeros_kept	0.216063	29	0.260286	0.326007
ENSG00000130349	C6orf203	S1_all_tissues_zeros_kept	0.655665	29	0.000112938	0.905784
ENSG00000130363	RSPH3	S1_all_tissues_zeros_kept	0.10831	29	0.575985	0.192331
ENSG00000130382	MLLT1	S1_all_tissues_zeros_kept	0.133514	29	0.489899	0.221422
ENSG00000130396	MLLT4	S1_all_tissues_zeros_kept	0.520261	29	0.00381496	0.779349
ENSG00000130402	ACTN4	S1_all_tissues_zeros_kept	0.3	29	0.113843	0.451114
ENSG00000130414	NDUFA10	S1_all_tissues_zeros_kept	0.314286	29	0.0968318	0.47455
ENSG00000130429	ARPC1B	S1_all_tissues_zeros_kept	0.716256	29	1.24528e-05	0.94473
ENSG00000130475	FCHO1	S1_all_tissues_zeros_kept	0.522625	29	0.00363105	0.781277
ENSG00000130477	UNC13A	S1_all_tissues_zeros_kept	0.139103	29	0.471739	0.228235
ENSG00000130479	MAP1S	S1_all_tissues_zeros_kept	0.0145338	29	0.940352	0.109383
ENSG00000130487	KLHDC7B	S1_all_tissues_zeros_kept	0.013561	29	0.944338	0.108698
ENSG00000130489	SCO2	S1_all_tissues_zeros_kept	-0.0139197	29	0.942868	0.0916452
ENSG00000130508	PXDN	S1_all_tissues_zeros_kept	0.655665	29	0.000112938	0.905784
ENSG00000130513	GDF15	S1_all_tissues_zeros_kept	0.663266	29	8.8001e-05	0.912468
ENSG00000130517	PGPEP1	S1_all_tissues_zeros_kept	0.337438	29	0.0734294	0.513668
ENSG00000130518	KIAA1683	S1_all_tissues_zeros_kept	0.206868	29	0.281608	0.311525
ENSG00000130520	LSM4	S1_all_tissues_zeros_kept	0.108374	29	0.575756	0.192545
ENSG00000130522	JUND	S1_all_tissues_zeros_kept	0.165517	29	0.390853	0.258526
ENSG00000130528	HRC	S1_all_tissues_zeros_kept	0.515809	29	0.00418311	0.773822
ENSG00000130540	SULT4A1	S1_all_tissues_zeros_kept	0.270109	29	0.156455	0.404756
ENSG00000130545	CRB3	S1_all_tissues_zeros_kept	0.523926	29	0.00353309	0.782991
ENSG00000130559	CAMSAP1	S1_all_tissues_zeros_kept	0.496859	29	0.00610903	0.749229
ENSG00000130560	UBAC1	S1_all_tissues_zeros_kept	0.375862	29	0.0444938	0.573222
ENSG00000130590	SAMD10	S1_all_tissues_zeros_kept	0.136968	29	0.478636	0.225064
ENSG00000130595	TNNT3	S1_all_tissues_zeros_kept	-0.041203	29	0.83194	0.075964
ENSG00000130638	ATXN10	S1_all_tissues_zeros_kept	0.662069	29	9.15685e-05	0.911611
ENSG00000130640	TUBGCP2	S1_all_tissues_zeros_kept	0.326395	29	0.0839774	0.497001
ENSG00000130643	CALY	S1_all_tissues_zeros_kept	0.367852	29	0.0496154	0.561268
ENSG00000130649	CYP2E1	S1_all_tissues_zeros_kept	0.148178	29	0.443016	0.23826
ENSG00000130669	PAK4	S1_all_tissues_zeros_kept	0.658128	29	0.000104245	0.908055
ENSG00000130675	MNX1	S1_all_tissues_zeros_kept	0.706622	29	1.83318e-05	0.940146
ENSG00000130699	TAF4	S1_all_tissues_zeros_kept	0.0958246	29	0.620972	0.179649
ENSG00000130701	RBBP8NL	S1_all_tissues_zeros_kept	0.488329	29	0.00719563	0.739374
ENSG00000130702	LAMA5	S1_all_tissues_zeros_kept	0.198152	29	0.302821	0.298843
ENSG00000130703	OSBPL2	S1_all_tissues_zeros_kept	0.118719	29	0.539628	0.203985
ENSG00000130706	ADRM1	S1_all_tissues_zeros_kept	0.173892	29	0.36698	0.269452
ENSG00000130707	ASS1	S1_all_tissues_zeros_kept	0.86601	29	1.2962e-09	0.992802
ENSG00000130713	EXOSC2	S1_all_tissues_zeros_kept	0.00369549	29	0.984821	0.101842
ENSG00000130714	POMT1	S1_all_tissues_zeros_kept	0.252131	29	0.18701	0.378106
ENSG00000130717	UCK1	S1_all_tissues_zeros_kept	0.34335	29	0.06822	0.523308
ENSG00000130723	PRRC2B	S1_all_tissues_zeros_kept	-0.100493	29	0.603983	0.0455441
ENSG00000130724	CHMP2A	S1_all_tissues_zeros_kept	0.157635	29	0.414113	0.249914
ENSG00000130725	UBE2M	S1_all_tissues_zeros_kept	0.0714286	29	0.71272	0.155013
ENSG00000130726	TRIM28	S1_all_tissues_zeros_kept	0.492611	29	0.00663135	0.74413
ENSG00000130731	C16orf13	S1_all_tissues_zeros_kept	0.27734	29	0.145233	0.416538
ENSG00000130733	YIPF2	S1_all_tissues_zeros_kept	0.532395	29	0.00294923	0.795159
ENSG00000130741	EIF2S3	S1_all_tissues_zeros_kept	0.0472906	29	0.807539	0.134319
ENSG00000130749	ZC3H4	S1_all_tissues_zeros_kept	0.326888	29	0.0834834	0.497729
ENSG00000130755	GMFG	S1_all_tissues_zeros_kept	0.595074	29	0.000661664	0.853728
ENSG00000130758	MAP3K10	S1_all_tissues_zeros_kept	0.427501	29	0.020712	0.654713
ENSG00000130764	LRRC47	S1_all_tissues_zeros_kept	0.388471	29	0.037292	0.591859
ENSG00000130766	SESN2	S1_all_tissues_zeros_kept	0.302035	29	0.111293	0.454884
ENSG00000130768	SMPDL3B	S1_all_tissues_zeros_kept	0.450701	29	0.0141411	0.687961
ENSG00000130770	ATPIF1	S1_all_tissues_zeros_kept	0.337285	29	0.0735685	0.513368
ENSG00000130772	MED18	S1_all_tissues_zeros_kept	0.174128	29	0.36632	0.269966
ENSG00000130779	CLIP1	S1_all_tissues_zeros_kept	0.649261	29	0.000138625	0.900728
ENSG00000130787	HIP1R	S1_all_tissues_zeros_kept	0.664039	29	8.57602e-05	0.913025
ENSG00000130811	EIF3G	S1_all_tissues_zeros_kept	0.0763547	29	0.693824	0.15904
ENSG00000130812	ANGPTL6	S1_all_tissues_zeros_kept	0.385506	29	0.0388952	0.587275
ENSG00000130813	C19orf66	S1_all_tissues_zeros_kept	0.208867	29	0.27688	0.314996
ENSG00000130816	DNMT1	S1_all_tissues_zeros_kept	0.651232	29	0.000130219	0.902057
ENSG00000130818	ZNF426	S1_all_tissues_zeros_kept	0.199495	29	0.299488	0.300728
ENSG00000130821	SLC6A8	S1_all_tissues_zeros_kept	0.17333	29	0.368555	0.26868
ENSG00000130826	DKC1	S1_all_tissues_zeros_kept	0.150018	29	0.437307	0.240746
ENSG00000130827	PLXNA3	S1_all_tissues_zeros_kept	-0.0534634	29	0.782977	0.0673093
ENSG00000130829	DUSP9	S1_all_tissues_zeros_kept	0.414311	29	0.0254507	0.63449
ENSG00000130830	MPP1	S1_all_tissues_zeros_kept	0.657143	29	0.000107648	0.907198
ENSG00000130844	ZNF331	S1_all_tissues_zeros_kept	0.168717	29	0.381627	0.262939
ENSG00000130876	SLC7A10	S1_all_tissues_zeros_kept	0.719623	29	1.08386e-05	0.947644
ENSG00000130921	C12orf65	S1_all_tissues_zeros_kept	-0.182932	29	0.342197	0.0213796
ENSG00000130935	NOL11	S1_all_tissues_zeros_kept	0.278606	29	0.143331	0.418638
ENSG00000130939	UBE4B	S1_all_tissues_zeros_kept	0.303732	29	0.109199	0.456855
ENSG00000130948	HSD17B3	S1_all_tissues_zeros_kept	0.0665782	29	0.73149	0.151628
ENSG00000130956	HABP4	S1_all_tissues_zeros_kept	0.623645	29	0.000300873	0.879263
ENSG00000130957	FBP2	S1_all_tissues_zeros_kept	0.44488	29	0.0155993	0.678449
ENSG00000130958	SLC35D2	S1_all_tissues_zeros_kept	0.661865	29	9.21886e-05	0.911525
ENSG00000130985	UBA1	S1_all_tissues_zeros_kept	0.633822	29	0.000222982	0.887875
ENSG00000130988	RGN	S1_all_tissues_zeros_kept	0.781752	29	5.52535e-07	0.973822
ENSG00000131013	PPIL4	S1_all_tissues_zeros_kept	0.0406454	29	0.834183	0.129349
ENSG00000131016	AKAP12	S1_all_tissues_zeros_kept	0.571921	29	0.00118965	0.833933
ENSG00000131018	SYNE1	S1_all_tissues_zeros_kept	-0.133563	29	0.489737	0.0337189
ENSG00000131023	LATS1	S1_all_tissues_zeros_kept	0.0910213	29	0.638655	0.175021
ENSG00000131037	EPS8L1	S1_all_tissues_zeros_kept	0.600984	29	0.000565558	0.860883
ENSG00000131043	AAR2	S1_all_tissues_zeros_kept	-0.105419	29	0.586272	0.0437446
ENSG00000131050	BPIFA2	S1_all_tissues_zeros_kept	0.32516	29	0.085225	0.495159
ENSG00000131051	RBM39	S1_all_tissues_zeros_kept	0.209852	29	0.274569	0.316281
ENSG00000131067	GGT7	S1_all_tissues_zeros_kept	0.135731	29	0.482653	0.223608
ENSG00000131069	ACSS2	S1_all_tissues_zeros_kept	0.76601	29	1.27811e-06	0.968166
ENSG00000131089	ARHGEF9	S1_all_tissues_zeros_kept	0.421031	29	0.022937	0.644773
ENSG00000131094	C1QL1	S1_all_tissues_zeros_kept	0.512647	29	0.00446259	0.769794
ENSG00000131095	GFAP	S1_all_tissues_zeros_kept	0.316228	29	0.0946761	0.479306
ENSG00000131096	PYY	S1_all_tissues_zeros_kept	0.784422	29	4.76022e-07	0.975107
ENSG00000131100	ATP6V1E1	S1_all_tissues_zeros_kept	0.13202	29	0.494814	0.219709
ENSG00000131116	ZNF428	S1_all_tissues_zeros_kept	0.392118	29	0.0353937	0.597172
ENSG00000131126	TEX101	S1_all_tissues_zeros_kept	0.335591	29	0.0751187	0.510711
ENSG00000131142	CCL25	S1_all_tissues_zeros_kept	0.997449	29	1.69954e-32	0.995758
ENSG00000131143	COX4I1	S1_all_tissues_zeros_kept	0.629064	29	0.000256844	0.884704
ENSG00000131148	EMC8	S1_all_tissues_zeros_kept	0.07193	29	0.710788	0.155398
ENSG00000131149	GSE1	S1_all_tissues_zeros_kept	0.551503	29	0.00192799	0.815296
ENSG00000131165	CHMP1A	S1_all_tissues_zeros_kept	-0.0334975	29	0.863042	0.0804199
ENSG00000131171	SH3BGRL	S1_all_tissues_zeros_kept	0.705419	29	1.92187e-05	0.939246
ENSG00000131183	SLC34A1	S1_all_tissues_zeros_kept	0.421153	29	0.0228931	0.645844
ENSG00000131187	F12	S1_all_tissues_zeros_kept	0.248465	29	0.193717	0.372622
ENSG00000131196	NFATC1	S1_all_tissues_zeros_kept	0.53265	29	0.00293299	0.795673
ENSG00000131203	IDO1	S1_all_tissues_zeros_kept	0.584971	29	0.000859315	0.845373
ENSG00000131236	CAP1	S1_all_tissues_zeros_kept	0.637438	29	0.000199947	0.890917
ENSG00000131238	PPT1	S1_all_tissues_zeros_kept	0.0118227	29	0.951464	0.106812
ENSG00000131242	RAB11FIP4	S1_all_tissues_zeros_kept	0.243444	29	0.203172	0.365081
ENSG00000131263	RLIM	S1_all_tissues_zeros_kept	0.238603	29	0.212583	0.357626
ENSG00000131269	ABCB7	S1_all_tissues_zeros_kept	0.37734	29	0.0435966	0.575493
ENSG00000131323	TRAF3	S1_all_tissues_zeros_kept	0.0753532	29	0.697651	0.158055
ENSG00000131351	HAUS8	S1_all_tissues_zeros_kept	0.264249	29	0.165993	0.395073
ENSG00000131355	ADGRE3	S1_all_tissues_zeros_kept	0.432075	29	0.019249	0.660368
ENSG00000131368	MRPS25	S1_all_tissues_zeros_kept	0.338424	29	0.0725405	0.515124
ENSG00000131370	SH3BP5	S1_all_tissues_zeros_kept	0.432073	29	0.0192496	0.660283
ENSG00000131373	HACL1	S1_all_tissues_zeros_kept	0.508374	29	0.00486549	0.764953
ENSG00000131374	TBC1D5	S1_all_tissues_zeros_kept	0.170443	29	0.376705	0.26491
ENSG00000131375	CAPN7	S1_all_tissues_zeros_kept	-0.00394089	29	0.983813	0.0968723
ENSG00000131378	RFTN1	S1_all_tissues_zeros_kept	0.887685	29	1.36774e-10	0.994302
ENSG00000131381	RBSN	S1_all_tissues_zeros_kept	0.319704	29	0.0909077	0.487318
ENSG00000131400	NAPSA	S1_all_tissues_zeros_kept	0.227419	29	0.235447	0.342716
ENSG00000131408	NR1H2	S1_all_tissues_zeros_kept	-0.102956	29	0.595099	0.0448586
ENSG00000131409	LRRC4B	S1_all_tissues_zeros_kept	0.375198	29	0.0449014	0.572451
ENSG00000131435	PDLIM4	S1_all_tissues_zeros_kept	0.776245	29	7.46562e-07	0.972194
ENSG00000131446	MGAT1	S1_all_tissues_zeros_kept	0.497044	29	0.00608708	0.7497
ENSG00000131459	GFPT2	S1_all_tissues_zeros_kept	0.508011	29	0.00490116	0.764567
ENSG00000131462	TUBG1	S1_all_tissues_zeros_kept	0.244335	29	0.201471	0.366067
ENSG00000131467	PSME3	S1_all_tissues_zeros_kept	0.281773	29	0.138648	0.423822
ENSG00000131469	RPL27	S1_all_tissues_zeros_kept	0.0423645	29	0.827271	0.130548
ENSG00000131471	AOC3	S1_all_tissues_zeros_kept	0.62266	29	0.000309556	0.87862
ENSG00000131473	ACLY	S1_all_tissues_zeros_kept	0.151724	29	0.432053	0.242459
ENSG00000131475	VPS25	S1_all_tissues_zeros_kept	0.307389	29	0.104787	0.462896
ENSG00000131477	RAMP2	S1_all_tissues_zeros_kept	0.141311	29	0.464663	0.230291
ENSG00000131482	G6PC	S1_all_tissues_zeros_kept	0.755952	29	2.11324e-06	0.964824
ENSG00000131495	NDUFA2	S1_all_tissues_zeros_kept	0.157635	29	0.414113	0.249914
ENSG00000131503	ANKHD1	S1_all_tissues_zeros_kept	0.274996	29	0.148804	0.412896
ENSG00000131504	DIAPH1	S1_all_tissues_zeros_kept	0.627094	29	0.000272147	0.882605
ENSG00000131507	NDFIP1	S1_all_tissues_zeros_kept	-0.0381414	29	0.84427	0.0771637
ENSG00000131508	UBE2D2	S1_all_tissues_zeros_kept	0.175862	29	0.361491	0.272322
ENSG00000131558	EXOC4	S1_all_tissues_zeros_kept	0.136946	29	0.478706	0.224807
ENSG00000131584	ACAP3	S1_all_tissues_zeros_kept	0.218913	29	0.253898	0.329863
ENSG00000131626	PPFIA1	S1_all_tissues_zeros_kept	0.481281	29	0.00821271	0.730977
ENSG00000131634	TMEM204	S1_all_tissues_zeros_kept	-0.0976227	29	0.614405	0.0465724
ENSG00000131652	THOC6	S1_all_tissues_zeros_kept	0.462562	29	0.0115188	0.705656
ENSG00000131653	TRAF7	S1_all_tissues_zeros_kept	0.204433	29	0.287434	0.307841
ENSG00000131668	BARX1	S1_all_tissues_zeros_kept	0.719623	29	1.08386e-05	0.949057
ENSG00000131669	NINJ1	S1_all_tissues_zeros_kept	0.46344	29	0.011342	0.707069
ENSG00000131686	CA6	S1_all_tissues_zeros_kept	0.46988	29	0.0101138	0.715296
ENSG00000131725	WDR44	S1_all_tissues_zeros_kept	0.608374	29	0.000462768	0.867052
ENSG00000131730	CKMT2	S1_all_tissues_zeros_kept	0.269323	29	0.157711	0.40347
ENSG00000131748	STARD3	S1_all_tissues_zeros_kept	0.222167	29	0.24673	0.335133
ENSG00000131759	RARA	S1_all_tissues_zeros_kept	0.330538	29	0.0798928	0.502356
ENSG00000131773	KHDRBS3	S1_all_tissues_zeros_kept	0.59022	29	0.000750988	0.849829
ENSG00000131778	CHD1L	S1_all_tissues_zeros_kept	0.482759	29	0.00798995	0.732948
ENSG00000131779	PEX11B	S1_all_tissues_zeros_kept	-0.0743842	29	0.701361	0.0577978
ENSG00000131788	PIAS3	S1_all_tissues_zeros_kept	0.0210259	29	0.91379	0.113668
ENSG00000131791	PRKAB2	S1_all_tissues_zeros_kept	0.72069	29	1.0368e-05	0.950086
ENSG00000131828	PDHA1	S1_all_tissues_zeros_kept	0.577657	29	0.00103287	0.838432
ENSG00000131831	RAI2	S1_all_tissues_zeros_kept	0.385675	29	0.0388023	0.588389
ENSG00000131844	MCCC2	S1_all_tissues_zeros_kept	0.665517	29	8.16215e-05	0.914567
ENSG00000131871	VIMP	S1_all_tissues_zeros_kept	0.306897	29	0.105373	0.461997
ENSG00000131873	CHSY1	S1_all_tissues_zeros_kept	0.466734	29	0.010699	0.711525
ENSG00000131876	SNRPA1	S1_all_tissues_zeros_kept	0.0561141	29	0.77249	0.142973
ENSG00000131899	LLGL1	S1_all_tissues_zeros_kept	0.256777	29	0.178743	0.384919
ENSG00000131914	LIN28A	S1_all_tissues_zeros_kept	0.114125	29	0.555539	0.199786
ENSG00000131941	RHPN2	S1_all_tissues_zeros_kept	0.587713	29	0.00080114	0.847515
ENSG00000131943	C19orf12	S1_all_tissues_zeros_kept	0.00615839	29	0.974707	0.103642
ENSG00000131966	ACTR10	S1_all_tissues_zeros_kept	0.315764	29	0.0951881	0.477549
ENSG00000131979	GCH1	S1_all_tissues_zeros_kept	0.598359	29	0.000606617	0.858569
ENSG00000131981	LGALS3	S1_all_tissues_zeros_kept	0.759606	29	1.76535e-06	0.966195
ENSG00000132000	PODNL1	S1_all_tissues_zeros_kept	0.0224592	29	0.907937	0.115039
ENSG00000132002	DNAJB1	S1_all_tissues_zeros_kept	0.370443	29	0.04791	0.565167
ENSG00000132005	RFX1	S1_all_tissues_zeros_kept	0.0325927	29	0.866709	0.122836
ENSG00000132016	C19orf57	S1_all_tissues_zeros_kept	0.480734	29	0.00829642	0.73042
ENSG00000132017	DCAF15	S1_all_tissues_zeros_kept	0.345517	29	0.0663839	0.526864
ENSG00000132024	CC2D1A	S1_all_tissues_zeros_kept	0.644828	29	0.000159322	0.897215
ENSG00000132026	RTBDN	S1_all_tissues_zeros_kept	0.5	29	0.00574571	0.753299
ENSG00000132109	TRIM21	S1_all_tissues_zeros_kept	0.476847	29	0.00891264	0.723693
ENSG00000132128	LRRC41	S1_all_tissues_zeros_kept	-0.130558	29	0.499645	0.0350471
ENSG00000132141	CCT6B	S1_all_tissues_zeros_kept	0.229014	29	0.23209	0.345116
ENSG00000132153	DHX30	S1_all_tissues_zeros_kept	0.338916	29	0.0720991	0.516024
ENSG00000132155	RAF1	S1_all_tissues_zeros_kept	0.224166	29	0.242396	0.33826
ENSG00000132164	SLC6A11	S1_all_tissues_zeros_kept	0.124171	29	0.521029	0.210925
ENSG00000132185	FCRLA	S1_all_tissues_zeros_kept	0.292846	29	0.123152	0.438689
ENSG00000132196	HSD17B7	S1_all_tissues_zeros_kept	0.226875	29	0.2366	0.341859
ENSG00000132199	ENOSF1	S1_all_tissues_zeros_kept	0.669458	29	7.14403e-05	0.918466
ENSG00000132207	SLX1A	S1_all_tissues_zeros_kept	0.133617	29	0.48956	0.221551
ENSG00000132254	ARFIP2	S1_all_tissues_zeros_kept	0.714286	29	1.34946e-05	0.943787
ENSG00000132256	TRIM5	S1_all_tissues_zeros_kept	0.266995	29	0.161473	0.399957
ENSG00000132274	TRIM22	S1_all_tissues_zeros_kept	0.739409	29	4.59777e-06	0.958226
ENSG00000132275	RRP8	S1_all_tissues_zeros_kept	-0.0256158	29	0.895064	0.0853899
ENSG00000132286	TIMM10B	S1_all_tissues_zeros_kept	0.340478	29	0.0707138	0.518638
ENSG00000132294	EFR3A	S1_all_tissues_zeros_kept	-0.0305419	29	0.875028	0.0828192
ENSG00000132300	PTCD3	S1_all_tissues_zeros_kept	0.324631	29	0.0857645	0.494216
ENSG00000132305	IMMT	S1_all_tissues_zeros_kept	0.528079	29	0.00323547	0.790103
ENSG00000132313	MRPL35	S1_all_tissues_zeros_kept	0.00147966	29	0.993922	0.100386
ENSG00000132321	IQCA1	S1_all_tissues_zeros_kept	0.125259	29	0.517356	0.212468
ENSG00000132323	ILKAP	S1_all_tissues_zeros_kept	0.33399	29	0.0766068	0.508526
ENSG00000132326	PER2	S1_all_tissues_zeros_kept	-0.314542	29	0.0965451	0.00449871
ENSG00000132329	RAMP1	S1_all_tissues_zeros_kept	0.00367423	29	0.984908	0.101757
ENSG00000132334	PTPRE	S1_all_tissues_zeros_kept	0.601281	29	0.000561067	0.86114
ENSG00000132341	RAN	S1_all_tissues_zeros_kept	0.212808	29	0.26771	0.321808
ENSG00000132356	PRKAA1	S1_all_tissues_zeros_kept	0.311823	29	0.0996189	0.470651
ENSG00000132357	CARD6	S1_all_tissues_zeros_kept	0.441533	29	0.0164927	0.673565
ENSG00000132359	RAP1GAP2	S1_all_tissues_zeros_kept	0.648016	29	0.000144183	0.899443
ENSG00000132361	CLUH	S1_all_tissues_zeros_kept	0.405419	29	0.0291185	0.619923
ENSG00000132376	INPP5K	S1_all_tissues_zeros_kept	0.0748768	29	0.699474	0.157541
ENSG00000132382	MYBBP1A	S1_all_tissues_zeros_kept	0.0273433	29	0.88803	0.118895
ENSG00000132383	RPA1	S1_all_tissues_zeros_kept	0.463547	29	0.0113207	0.707284
ENSG00000132386	SERPINF1	S1_all_tissues_zeros_kept	0.499507	29	0.00580145	0.752356
ENSG00000132388	UBE2G1	S1_all_tissues_zeros_kept	0.140887	29	0.466018	0.229777
ENSG00000132394	EEFSEC	S1_all_tissues_zeros_kept	0.358621	29	0.0560847	0.547258
ENSG00000132405	TBC1D14	S1_all_tissues_zeros_kept	0.442665	29	0.0161858	0.674979
ENSG00000132406	TMEM128	S1_all_tissues_zeros_kept	0.498767	29	0.00588609	0.751414
ENSG00000132423	COQ3	S1_all_tissues_zeros_kept	0.536339	29	0.00270695	0.8003
ENSG00000132424	PNISR	S1_all_tissues_zeros_kept	0.159726	29	0.407869	0.252699
ENSG00000132432	SEC61G	S1_all_tissues_zeros_kept	-0.15468	29	0.42303	0.0279777
ENSG00000132434	LANCL2	S1_all_tissues_zeros_kept	0.328366	29	0.082015	0.499614
ENSG00000132436	FIGNL1	S1_all_tissues_zeros_kept	0.362174	29	0.0535207	0.55377
ENSG00000132437	DDC	S1_all_tissues_zeros_kept	0.685387	29	4.08443e-05	0.928663
ENSG00000132463	GRSF1	S1_all_tissues_zeros_kept	0.638424	29	0.000194049	0.891859
ENSG00000132466	ANKRD17	S1_all_tissues_zeros_kept	0.0940887	29	0.62734	0.177892
ENSG00000132467	UTP3	S1_all_tissues_zeros_kept	0.200985	29	0.295817	0.303428
ENSG00000132470	ITGB4	S1_all_tissues_zeros_kept	0.750126	29	2.79762e-06	0.962768
ENSG00000132471	WBP2	S1_all_tissues_zeros_kept	0.288952	29	0.128449	0.434662
ENSG00000132475	H3F3B	S1_all_tissues_zeros_kept	-0.161576	29	0.402388	0.0259212
ENSG00000132478	UNK	S1_all_tissues_zeros_kept	0.543909	29	0.00228962	0.807755
ENSG00000132481	TRIM47	S1_all_tissues_zeros_kept	0.388471	29	0.037292	0.591859
ENSG00000132485	ZRANB2	S1_all_tissues_zeros_kept	0.335961	29	0.0747784	0.511054
ENSG00000132507	EIF5A	S1_all_tissues_zeros_kept	-0.230542	29	0.228904	0.0122536
ENSG00000132510	KDM6B	S1_all_tissues_zeros_kept	-0.0520025	29	0.788773	0.0680805
ENSG00000132522	GPS2	S1_all_tissues_zeros_kept	-0.0415402	29	0.830584	0.0753642
ENSG00000132530	XAF1	S1_all_tissues_zeros_kept	0.344039	29	0.067632	0.524379
ENSG00000132541	HRSP12	S1_all_tissues_zeros_kept	0.627094	29	0.000272147	0.882605
ENSG00000132549	VPS13B	S1_all_tissues_zeros_kept	-0.501293	29	0.00560154	0.000128535
ENSG00000132554	RGS22	S1_all_tissues_zeros_kept	0.0998737	29	0.606224	0.184019
ENSG00000132561	MATN2	S1_all_tissues_zeros_kept	0.703448	29	2.07539e-05	0.938303
ENSG00000132570	PCBD2	S1_all_tissues_zeros_kept	0.449261	29	0.0144907	0.685604
ENSG00000132581	SDF2	S1_all_tissues_zeros_kept	0.351767	29	0.0613018	0.537104
ENSG00000132589	FLOT2	S1_all_tissues_zeros_kept	0.389163	29	0.0369262	0.592674
ENSG00000132591	ERAL1	S1_all_tissues_zeros_kept	0.14476	29	0.453722	0.233633
ENSG00000132600	PRMT7	S1_all_tissues_zeros_kept	0.413793	29	0.0256536	0.633719
ENSG00000132603	NIP7	S1_all_tissues_zeros_kept	-0.00541939	29	0.977741	0.0961868
ENSG00000132604	TERF2	S1_all_tissues_zeros_kept	0.197537	29	0.304353	0.297686
ENSG00000132612	VPS4A	S1_all_tissues_zeros_kept	0.368765	29	0.0490095	0.563025
ENSG00000132613	MTSS1L	S1_all_tissues_zeros_kept	0.325163	29	0.0852219	0.495458
ENSG00000132622	HSPA12B	S1_all_tissues_zeros_kept	0.432525	29	0.0191096	0.660883
ENSG00000132639	SNAP25	S1_all_tissues_zeros_kept	0.569994	29	0.00124679	0.832348
ENSG00000132640	BTBD3	S1_all_tissues_zeros_kept	0.316228	29	0.0946761	0.479306
ENSG00000132646	PCNA	S1_all_tissues_zeros_kept	0.859606	29	2.33981e-09	0.992416
ENSG00000132661	NXT1	S1_all_tissues_zeros_kept	0.351652	29	0.0613925	0.536718
ENSG00000132664	POLR3F	S1_all_tissues_zeros_kept	0.397733	29	0.0326237	0.606213
ENSG00000132669	RIN2	S1_all_tissues_zeros_kept	0.036704	29	0.850072	0.126264
ENSG00000132670	PTPRA	S1_all_tissues_zeros_kept	0.451724	29	0.0138968	0.689374
ENSG00000132676	DAP3	S1_all_tissues_zeros_kept	0.21133	29	0.271125	0.318552
ENSG00000132680	KIAA0907	S1_all_tissues_zeros_kept	0.168681	29	0.381732	0.262811
ENSG00000132692	BCAN	S1_all_tissues_zeros_kept	0.405805	29	0.0289507	0.620694
ENSG00000132693	CRP	S1_all_tissues_zeros_kept	0.170414	29	0.376787	0.264653
ENSG00000132694	ARHGEF11	S1_all_tissues_zeros_kept	0.647783	29	0.000145242	0.899314
ENSG00000132702	HAPLN2	S1_all_tissues_zeros_kept	0.319551	29	0.0910719	0.486675
ENSG00000132703	APCS	S1_all_tissues_zeros_kept	-0.184939	29	0.336834	0.0205227
ENSG00000132704	FCRL2	S1_all_tissues_zeros_kept	0.391701	29	0.0356067	0.596615
ENSG00000132718	SYT11	S1_all_tissues_zeros_kept	0.171293	29	0.374295	0.266367
ENSG00000132740	IGHMBP2	S1_all_tissues_zeros_kept	0.43202	29	0.0192662	0.65994
ENSG00000132744	ACY3	S1_all_tissues_zeros_kept	0.721654	29	9.95828e-06	0.950514
ENSG00000132749	MTL5	S1_all_tissues_zeros_kept	0.165718	29	0.390272	0.258997
ENSG00000132768	DPH2	S1_all_tissues_zeros_kept	-0.0332553	29	0.864023	0.0808483
ENSG00000132773	TOE1	S1_all_tissues_zeros_kept	0.552531	29	0.00188307	0.815981
ENSG00000132780	NASP	S1_all_tissues_zeros_kept	0.637931	29	0.000196979	0.891345
ENSG00000132781	MUTYH	S1_all_tissues_zeros_kept	-0.153377	29	0.426996	0.0281491
ENSG00000132792	CTNNBL1	S1_all_tissues_zeros_kept	0.0854785	29	0.659303	0.168723
ENSG00000132801	ZSWIM3	S1_all_tissues_zeros_kept	-0.129063	29	0.504612	0.0354327
ENSG00000132819	RBM38	S1_all_tissues_zeros_kept	0.604731	29	0.000511178	0.863967
ENSG00000132825	PPP1R3D	S1_all_tissues_zeros_kept	0.41409	29	0.025537	0.633976
ENSG00000132837	DMGDH	S1_all_tissues_zeros_kept	0.153348	29	0.427081	0.244516
ENSG00000132840	BHMT2	S1_all_tissues_zeros_kept	0.363136	29	0.0528425	0.555741
ENSG00000132842	AP3B1	S1_all_tissues_zeros_kept	0.221182	29	0.248886	0.333548
ENSG00000132849	INADL	S1_all_tissues_zeros_kept	0.570936	29	0.00121857	0.832991
ENSG00000132854	KANK4	S1_all_tissues_zeros_kept	0.52124	29	0.00373783	0.780249
ENSG00000132855	ANGPTL3	S1_all_tissues_zeros_kept	0.201531	29	0.29448	0.303813
ENSG00000132872	SYT4	S1_all_tissues_zeros_kept	0.298125	29	0.116231	0.448115
ENSG00000132874	SLC14A2	S1_all_tissues_zeros_kept	0.305891	29	0.106578	0.459769
ENSG00000132879	FBXO44	S1_all_tissues_zeros_kept	0.374076	29	0.0455978	0.57108
ENSG00000132881	RSG1	S1_all_tissues_zeros_kept	0.225234	29	0.2401	0.339889
ENSG00000132906	CASP9	S1_all_tissues_zeros_kept	-0.08582	29	0.658023	0.0516281
ENSG00000132912	DCTN4	S1_all_tissues_zeros_kept	0.383251	29	0.0401507	0.583676
ENSG00000132932	ATP8A2	S1_all_tissues_zeros_kept	0.459653	29	0.0121208	0.701585
ENSG00000132938	MTUS2	S1_all_tissues_zeros_kept	0.155518	29	0.420489	0.246658
ENSG00000132953	XPO4	S1_all_tissues_zeros_kept	0.218719	29	0.254329	0.32952
ENSG00000132963	POMP	S1_all_tissues_zeros_kept	0.266995	29	0.161473	0.399957
ENSG00000132964	CDK8	S1_all_tissues_zeros_kept	0.298657	29	0.115549	0.449143
ENSG00000132965	ALOX5AP	S1_all_tissues_zeros_kept	0.487615	29	0.00729353	0.73826
ENSG00000132972	RNF17	S1_all_tissues_zeros_kept	0.124913	29	0.518522	0.211997
ENSG00000133026	MYH10	S1_all_tissues_zeros_kept	0.782266	29	5.36981e-07	0.974207
ENSG00000133028	SCO1	S1_all_tissues_zeros_kept	0.506404	29	0.00506151	0.762896
ENSG00000133030	MPRIP	S1_all_tissues_zeros_kept	0.026601	29	0.891052	0.118466
ENSG00000133056	PIK3C2B	S1_all_tissues_zeros_kept	0.344666	29	0.0670999	0.525407
ENSG00000133059	DSTYK	S1_all_tissues_zeros_kept	0.0990355	29	0.609265	0.183248
ENSG00000133063	CHIT1	S1_all_tissues_zeros_kept	0.259011	29	0.174861	0.388046
ENSG00000133101	CCNA1	S1_all_tissues_zeros_kept	0.480293	29	0.00836443	0.72892
ENSG00000133103	COG6	S1_all_tissues_zeros_kept	0.296625	29	0.118167	0.445116
ENSG00000133104	SPG20	S1_all_tissues_zeros_kept	0.691626	29	3.25034e-05	0.931491
ENSG00000133106	EPSTI1	S1_all_tissues_zeros_kept	0.396298	29	0.0333143	0.603213
ENSG00000133110	POSTN	S1_all_tissues_zeros_kept	0.696792	29	2.67862e-05	0.935004
ENSG00000133111	RFXAP	S1_all_tissues_zeros_kept	0.512667	29	0.00446076	0.770137
ENSG00000133112	TPT1	S1_all_tissues_zeros_kept	-0.062069	29	0.749076	0.0643959
ENSG00000133114	GPALPP1	S1_all_tissues_zeros_kept	0.219485	29	0.252628	0.330977
ENSG00000133115	STOML3	S1_all_tissues_zeros_kept	0.598088	29	0.000611003	0.857541
ENSG00000133116	KL	S1_all_tissues_zeros_kept	-0.133718	29	0.489229	0.0336332
ENSG00000133119	RFC3	S1_all_tissues_zeros_kept	0.526601	29	0.00333882	0.785604
ENSG00000133121	STARD13	S1_all_tissues_zeros_kept	0.689655	29	3.49562e-05	0.930591
ENSG00000133124	IRS4	S1_all_tissues_zeros_kept	0.41168	29	0.0264944	0.630077
ENSG00000133142	TCEAL4	S1_all_tissues_zeros_kept	0.62266	29	0.000309556	0.87862
ENSG00000133193	FAM104A	S1_all_tissues_zeros_kept	0.193325	29	0.314988	0.293016
ENSG00000133195	SLC39A11	S1_all_tissues_zeros_kept	0.563054	29	0.00147275	0.826478
ENSG00000133216	EPHB2	S1_all_tissues_zeros_kept	0.62765	29	0.000267744	0.883419
ENSG00000133226	SRRM1	S1_all_tissues_zeros_kept	0.440202	29	0.0168595	0.67168
ENSG00000133243	BTBD2	S1_all_tissues_zeros_kept	0.345609	29	0.0663064	0.527035
ENSG00000133246	PRAM1	S1_all_tissues_zeros_kept	0.584248	29	0.000875239	0.844859
ENSG00000133247	SUV420H2	S1_all_tissues_zeros_kept	0.136357	29	0.480616	0.224036
ENSG00000133250	ZNF414	S1_all_tissues_zeros_kept	0.101612	29	0.599939	0.185219
ENSG00000133265	HSPBP1	S1_all_tissues_zeros_kept	0.144828	29	0.453508	0.233933
ENSG00000133275	CSNK1G2	S1_all_tissues_zeros_kept	0.267959	29	0.159907	0.402014
ENSG00000133313	CNDP2	S1_all_tissues_zeros_kept	0.782759	29	5.22461e-07	0.974422
ENSG00000133316	WDR74	S1_all_tissues_zeros_kept	0.316749	29	0.094104	0.481919
ENSG00000133317	LGALS12	S1_all_tissues_zeros_kept	0.148638	29	0.441586	0.239374
ENSG00000133318	RTN3	S1_all_tissues_zeros_kept	0.395074	29	0.0339129	0.601028
ENSG00000133321	RARRES3	S1_all_tissues_zeros_kept	-0.239869	29	0.210094	0.0100686
ENSG00000133393	FOPNL	S1_all_tissues_zeros_kept	0.0423159	29	0.827467	0.130463
ENSG00000133398	MED10	S1_all_tissues_zeros_kept	0.427586	29	0.0206841	0.654927
ENSG00000133401	PDZD2	S1_all_tissues_zeros_kept	0.652233	29	0.000126123	0.903213
ENSG00000133422	MORC2	S1_all_tissues_zeros_kept	0.315802	29	0.0951451	0.477935
ENSG00000133424	LARGE	S1_all_tissues_zeros_kept	-0.0813412	29	0.674877	0.0542845
ENSG00000133433	GSTT2B	S1_all_tissues_zeros_kept	0.790237	29	3.41583e-07	0.977592
ENSG00000133454	MYO18B	S1_all_tissues_zeros_kept	0.391232	29	0.0358477	0.595758
ENSG00000133460	SLC2A11	S1_all_tissues_zeros_kept	-0.199815	29	0.298696	0.0174379
ENSG00000133477	FAM83F	S1_all_tissues_zeros_kept	0.486202	29	0.0074907	0.736718
ENSG00000133488	SEC14L4	S1_all_tissues_zeros_kept	0.332115	29	0.0783785	0.505784
ENSG00000133561	GIMAP6	S1_all_tissues_zeros_kept	0.378447	29	0.042934	0.577249
ENSG00000133574	GIMAP4	S1_all_tissues_zeros_kept	0.821182	29	4.82103e-08	0.986075
ENSG00000133597	ADCK2	S1_all_tissues_zeros_kept	0.0632318	29	0.744529	0.149057
ENSG00000133606	MKRN1	S1_all_tissues_zeros_kept	-0.0892726	29	0.645141	0.05
ENSG00000133612	AGAP3	S1_all_tissues_zeros_kept	0.486207	29	0.00748995	0.736975
ENSG00000133627	ACTR3B	S1_all_tissues_zeros_kept	0.45589	29	0.0129386	0.696701
ENSG00000133636	NTS	S1_all_tissues_zeros_kept	0.138767	29	0.47282	0.227549
ENSG00000133639	BTG1	S1_all_tissues_zeros_kept	0.371205	29	0.047418	0.566452
ENSG00000133640	LRRIQ1	S1_all_tissues_zeros_kept	0.105796	29	0.584925	0.189589
ENSG00000133641	C12orf29	S1_all_tissues_zeros_kept	0.17931	29	0.352001	0.275236
ENSG00000133657	ATP13A3	S1_all_tissues_zeros_kept	0.182759	29	0.342662	0.279777
ENSG00000133661	SFTPD	S1_all_tissues_zeros_kept	0.317574	29	0.093203	0.483248
ENSG00000133665	DYDC2	S1_all_tissues_zeros_kept	0.410028	29	0.0271672	0.627635
ENSG00000133678	TMEM254	S1_all_tissues_zeros_kept	0.045967	29	0.81283	0.133205
ENSG00000133703	KRAS	S1_all_tissues_zeros_kept	0.458621	29	0.0123407	0.7
ENSG00000133704	IPO8	S1_all_tissues_zeros_kept	0.451232	29	0.014014	0.688389
ENSG00000133706	LARS	S1_all_tissues_zeros_kept	0.21133	29	0.271125	0.318552
ENSG00000133710	SPINK5	S1_all_tissues_zeros_kept	0.0476231	29	0.806212	0.13449
ENSG00000133731	IMPA1	S1_all_tissues_zeros_kept	0.652709	29	0.000124214	0.903642
ENSG00000133739	LRRCC1	S1_all_tissues_zeros_kept	-0.142258	29	0.461645	0.031491
ENSG00000133740	E2F5	S1_all_tissues_zeros_kept	0.120417	29	0.533802	0.205955
ENSG00000133742	CA1	S1_all_tissues_zeros_kept	0.136819	29	0.479119	0.224464
ENSG00000133773	CCDC59	S1_all_tissues_zeros_kept	-0.0799047	29	0.680316	0.05497
ENSG00000133789	SWAP70	S1_all_tissues_zeros_kept	0.723153	29	9.35059e-06	0.952014
ENSG00000133794	ARNTL	S1_all_tissues_zeros_kept	0.233396	29	0.223031	0.350943
ENSG00000133805	AMPD3	S1_all_tissues_zeros_kept	0.52947	29	0.0031407	0.792074
ENSG00000133812	SBF2	S1_all_tissues_zeros_kept	-0.0751417	29	0.698461	0.057455
ENSG00000133816	MICAL2	S1_all_tissues_zeros_kept	0.67734	29	5.44043e-05	0.923779
ENSG00000133818	RRAS2	S1_all_tissues_zeros_kept	0.260591	29	0.172151	0.390017
ENSG00000133835	HSD17B4	S1_all_tissues_zeros_kept	0.691133	29	3.31017e-05	0.93132
ENSG00000133858	ZFC3H1	S1_all_tissues_zeros_kept	0.126124	29	0.514444	0.213453
ENSG00000133863	TEX15	S1_all_tissues_zeros_kept	0.187614	29	0.329769	0.286075
ENSG00000133872	SARAF	S1_all_tissues_zeros_kept	0.168473	29	0.382328	0.262296
ENSG00000133878	DUSP26	S1_all_tissues_zeros_kept	0.498385	29	0.00593012	0.751114
ENSG00000133884	DPF2	S1_all_tissues_zeros_kept	0.276847	29	0.145979	0.415638
ENSG00000133895	MEN1	S1_all_tissues_zeros_kept	0.0280788	29	0.885038	0.119409
ENSG00000133935	C14orf1	S1_all_tissues_zeros_kept	0.319862	29	0.0907397	0.487789
ENSG00000133943	C14orf159	S1_all_tissues_zeros_kept	0.458621	29	0.0123407	0.7
ENSG00000133961	NUMB	S1_all_tissues_zeros_kept	0.314778	29	0.0962815	0.475493
ENSG00000133997	MED6	S1_all_tissues_zeros_kept	-0.0110771	29	0.954521	0.0931877
ENSG00000134001	EIF2S1	S1_all_tissues_zeros_kept	0.103448	29	0.593329	0.187018
ENSG00000134014	ELP3	S1_all_tissues_zeros_kept	0.198522	29	0.301899	0.299357
ENSG00000134020	PEBP4	S1_all_tissues_zeros_kept	0.348224	29	0.0641441	0.531834
ENSG00000134030	CTIF	S1_all_tissues_zeros_kept	0.331034	29	0.0794135	0.503642
ENSG00000134046	MBD2	S1_all_tissues_zeros_kept	0.148276	29	0.44271	0.238518
ENSG00000134049	IER3IP1	S1_all_tissues_zeros_kept	-0.318019	29	0.0927196	0.00424165
ENSG00000134056	MRPS36	S1_all_tissues_zeros_kept	0.410888	29	0.0268153	0.628877
ENSG00000134058	CDK7	S1_all_tissues_zeros_kept	-0.0108374	29	0.955505	0.0934019
ENSG00000134061	CD180	S1_all_tissues_zeros_kept	0.542297	29	0.00237351	0.806213
ENSG00000134070	IRAK2	S1_all_tissues_zeros_kept	0.13349	29	0.489977	0.221208
ENSG00000134072	CAMK1	S1_all_tissues_zeros_kept	0.576426	29	0.00106493	0.838346
ENSG00000134077	THUMPD3	S1_all_tissues_zeros_kept	0.304717	29	0.107997	0.458226
ENSG00000134086	VHL	S1_all_tissues_zeros_kept	0.416298	29	0.0246853	0.637232
ENSG00000134107	BHLHE40	S1_all_tissues_zeros_kept	0.112639	29	0.560734	0.197558
ENSG00000134108	ARL8B	S1_all_tissues_zeros_kept	0.265517	29	0.163894	0.397172
ENSG00000134109	EDEM1	S1_all_tissues_zeros_kept	0.149449	29	0.43907	0.240317
ENSG00000134115	CNTN6	S1_all_tissues_zeros_kept	0.27172	29	0.153902	0.408269
ENSG00000134138	MEIS2	S1_all_tissues_zeros_kept	0.75468	29	2.24824e-06	0.964182
ENSG00000134146	DPH6	S1_all_tissues_zeros_kept	0.120951	29	0.531977	0.206555
ENSG00000134152	KATNBL1	S1_all_tissues_zeros_kept	0.375613	29	0.0446462	0.572708
ENSG00000134153	EMC7	S1_all_tissues_zeros_kept	0.0906404	29	0.640065	0.174679
ENSG00000134184	GSTM1	S1_all_tissues_zeros_kept	0.857073	29	2.93229e-09	0.992159
ENSG00000134186	PRPF38B	S1_all_tissues_zeros_kept	0.46798	29	0.0104639	0.713625
ENSG00000134193	REG4	S1_all_tissues_zeros_kept	0.517063	29	0.0040764	0.775536
ENSG00000134202	GSTM3	S1_all_tissues_zeros_kept	0.817734	29	6.10471e-08	0.985347
ENSG00000134207	SYT6	S1_all_tissues_zeros_kept	0.5	29	0.00574571	0.753299
ENSG00000134240	HMGCS2	S1_all_tissues_zeros_kept	0.888685	29	1.21961e-10	0.994387
ENSG00000134243	SORT1	S1_all_tissues_zeros_kept	0.697044	29	2.65318e-05	0.935133
ENSG00000134245	WNT2B	S1_all_tissues_zeros_kept	0.656947	29	0.000108336	0.907069
ENSG00000134247	PTGFRN	S1_all_tissues_zeros_kept	0.736453	29	5.25104e-06	0.956941
ENSG00000134248	LAMTOR5	S1_all_tissues_zeros_kept	0.278325	29	0.143751	0.418123
ENSG00000134249	ADAM30	S1_all_tissues_zeros_kept	1	29	0	0.997943
ENSG00000134250	NOTCH2	S1_all_tissues_zeros_kept	0.371429	29	0.0472739	0.566624
ENSG00000134255	CEPT1	S1_all_tissues_zeros_kept	0.337115	29	0.073723	0.513068
ENSG00000134256	CD101	S1_all_tissues_zeros_kept	0.0069563	29	0.971431	0.10407
ENSG00000134258	VTCN1	S1_all_tissues_zeros_kept	0.401386	29	0.0309172	0.613368
ENSG00000134262	AP4B1	S1_all_tissues_zeros_kept	0.0487805	29	0.801594	0.135604
ENSG00000134265	NAPG	S1_all_tissues_zeros_kept	0.629881	29	0.000250729	0.885304
ENSG00000134278	SPIRE1	S1_all_tissues_zeros_kept	0.448276	29	0.0147341	0.684105
ENSG00000134283	PPHLN1	S1_all_tissues_zeros_kept	0.323153	29	0.0872836	0.492588
ENSG00000134285	FKBP11	S1_all_tissues_zeros_kept	0.595567	29	0.000653141	0.853942
ENSG00000134287	ARF3	S1_all_tissues_zeros_kept	-0.165127	29	0.391986	0.0248072
ENSG00000134291	TMEM106C	S1_all_tissues_zeros_kept	0.153578	29	0.426381	0.244859
ENSG00000134294	SLC38A2	S1_all_tissues_zeros_kept	0.0763923	29	0.69368	0.159254
ENSG00000134308	YWHAQ	S1_all_tissues_zeros_kept	0.232512	29	0.224839	0.349614
ENSG00000134313	KIDINS220	S1_all_tissues_zeros_kept	0.212808	29	0.26771	0.321808
ENSG00000134317	GRHL1	S1_all_tissues_zeros_kept	0.42923	29	0.0201489	0.657027
ENSG00000134318	ROCK2	S1_all_tissues_zeros_kept	0.535288	29	0.0027698	0.798629
ENSG00000134324	LPIN1	S1_all_tissues_zeros_kept	0.173892	29	0.36698	0.269452
ENSG00000134326	CMPK2	S1_all_tissues_zeros_kept	0.304686	29	0.108035	0.458141
ENSG00000134330	IAH1	S1_all_tissues_zeros_kept	0.453695	29	0.0134364	0.693359
ENSG00000134333	LDHA	S1_all_tissues_zeros_kept	0.449754	29	0.0143703	0.686247
ENSG00000134339	SAA2	S1_all_tissues_zeros_kept	0.521978	29	0.00368061	0.780848
ENSG00000134352	IL6ST	S1_all_tissues_zeros_kept	0.507882	29	0.00491388	0.76431
ENSG00000134365	CFHR4	S1_all_tissues_zeros_kept	0.0464515	29	0.810893	0.133548
ENSG00000134371	CDC73	S1_all_tissues_zeros_kept	-0.262562	29	0.168814	0.00822622
ENSG00000134375	TIMM17A	S1_all_tissues_zeros_kept	0.349058	29	0.0634662	0.532519
ENSG00000134389	CFHR5	S1_all_tissues_zeros_kept	0.180702	29	0.348215	0.276564
ENSG00000134398	ERN2	S1_all_tissues_zeros_kept	0.579325	29	0.000990805	0.840403
ENSG00000134419	RPS15A	S1_all_tissues_zeros_kept	0.456158	29	0.0128789	0.697129
ENSG00000134440	NARS	S1_all_tissues_zeros_kept	0.13202	29	0.494814	0.219709
ENSG00000134444	KIAA1468	S1_all_tissues_zeros_kept	0.0950739	29	0.623723	0.17892
ENSG00000134452	FBXO18	S1_all_tissues_zeros_kept	0.0512315	29	0.791836	0.137918
ENSG00000134453	RBM17	S1_all_tissues_zeros_kept	0.250739	29	0.189537	0.375707
ENSG00000134461	ANKRD16	S1_all_tissues_zeros_kept	0.303208	29	0.109843	0.455998
ENSG00000134470	IL15RA	S1_all_tissues_zeros_kept	0.206768	29	0.281845	0.311268
ENSG00000134480	CCNH	S1_all_tissues_zeros_kept	-0.131527	29	0.496439	0.0347044
ENSG00000134508	CABLES1	S1_all_tissues_zeros_kept	0.531705	29	0.00299345	0.794644
ENSG00000134538	SLCO1B1	S1_all_tissues_zeros_kept	0.3176	29	0.0931752	0.483676
ENSG00000134551	PRH2	S1_all_tissues_zeros_kept	0.480293	29	0.00836443	0.72892
ENSG00000134571	MYBPC3	S1_all_tissues_zeros_kept	0.316228	29	0.0946761	0.479306
ENSG00000134574	DDB2	S1_all_tissues_zeros_kept	0.372597	29	0.046528	0.567995
ENSG00000134575	ACP2	S1_all_tissues_zeros_kept	0.649261	29	0.000138625	0.900728
ENSG00000134590	FAM127A	S1_all_tissues_zeros_kept	0.104887	29	0.588174	0.188303
ENSG00000134595	SOX3	S1_all_tissues_zeros_kept	0.103393	29	0.593527	0.186547
ENSG00000134597	RBMX2	S1_all_tissues_zeros_kept	-0.011698	29	0.951975	0.0928449
ENSG00000134602	STK26	S1_all_tissues_zeros_kept	0.843377	29	9.2614e-09	0.99036
ENSG00000134644	PUM1	S1_all_tissues_zeros_kept	0.326108	29	0.0842656	0.496487
ENSG00000134668	SPOCD1	S1_all_tissues_zeros_kept	0.3728	29	0.0463998	0.568423
ENSG00000134684	YARS	S1_all_tissues_zeros_kept	0.776847	29	7.22667e-07	0.972451
ENSG00000134686	PHC2	S1_all_tissues_zeros_kept	-0.0413793	29	0.831231	0.0757069
ENSG00000134697	GNL2	S1_all_tissues_zeros_kept	0.173892	29	0.36698	0.269452
ENSG00000134698	AGO4	S1_all_tissues_zeros_kept	0.187505	29	0.330056	0.285947
ENSG00000134709	HOOK1	S1_all_tissues_zeros_kept	0.754898	29	2.2245e-06	0.96431
ENSG00000134716	CYP2J2	S1_all_tissues_zeros_kept	0.538321	29	0.00259183	0.802699
ENSG00000134717	BTF3L4	S1_all_tissues_zeros_kept	0.243842	29	0.20241	0.365681
ENSG00000134744	ZCCHC11	S1_all_tissues_zeros_kept	0.335961	29	0.0747784	0.511054
ENSG00000134748	PRPF38A	S1_all_tissues_zeros_kept	0.328612	29	0.0817722	0.5
ENSG00000134757	DSG3	S1_all_tissues_zeros_kept	0.480559	29	0.00832344	0.730206
ENSG00000134758	RNF138	S1_all_tissues_zeros_kept	0.225931	29	0.238608	0.340574
ENSG00000134759	ELP2	S1_all_tissues_zeros_kept	0.218992	29	0.253721	0.330034
ENSG00000134760	DSG1	S1_all_tissues_zeros_kept	0.0238226	29	0.902374	0.116581
ENSG00000134762	DSC3	S1_all_tissues_zeros_kept	0.443866	29	0.0158654	0.677164
ENSG00000134769	DTNA	S1_all_tissues_zeros_kept	0.492841	29	0.00660211	0.74443
ENSG00000134775	FHOD3	S1_all_tissues_zeros_kept	0.32761	29	0.0827631	0.498586
ENSG00000134779	TPGS2	S1_all_tissues_zeros_kept	0.0846112	29	0.662556	0.167738
ENSG00000134802	SLC43A3	S1_all_tissues_zeros_kept	0.373513	29	0.0459502	0.570308
ENSG00000134809	TIMM10	S1_all_tissues_zeros_kept	0.268785	29	0.158574	0.403042
ENSG00000134812	GIF	S1_all_tissues_zeros_kept	0.445987	29	0.0153128	0.680291
ENSG00000134815	DHX34	S1_all_tissues_zeros_kept	0.126403	29	0.513507	0.213839
ENSG00000134824	FADS2	S1_all_tissues_zeros_kept	0.704433	29	1.99731e-05	0.938732
ENSG00000134827	TCN1	S1_all_tissues_zeros_kept	0.466609	29	0.0107229	0.711268
ENSG00000134851	TMEM165	S1_all_tissues_zeros_kept	0.226108	29	0.23823	0.340874
ENSG00000134852	CLOCK	S1_all_tissues_zeros_kept	0.181788	29	0.345276	0.278877
ENSG00000134853	PDGFRA	S1_all_tissues_zeros_kept	0.395567	29	0.033671	0.601714
ENSG00000134871	COL4A2	S1_all_tissues_zeros_kept	0.555172	29	0.00177175	0.819066
ENSG00000134873	CLDN10	S1_all_tissues_zeros_kept	0.593114	29	0.00069654	0.852057
ENSG00000134874	DZIP1	S1_all_tissues_zeros_kept	-0.124102	29	0.521263	0.0373179
ENSG00000134882	UBAC2	S1_all_tissues_zeros_kept	0.199015	29	0.300676	0.300214
ENSG00000134884	ARGLU1	S1_all_tissues_zeros_kept	0.170443	29	0.376705	0.26491
ENSG00000134899	ERCC5	S1_all_tissues_zeros_kept	0.599015	29	0.000596125	0.859383
ENSG00000134900	TPP2	S1_all_tissues_zeros_kept	0.482266	29	0.00806363	0.732434
ENSG00000134901	KDELC1	S1_all_tissues_zeros_kept	0.649383	29	0.000138093	0.901071
ENSG00000134905	CARS2	S1_all_tissues_zeros_kept	-0.257143	29	0.178103	0.00895458
ENSG00000134909	ARHGAP32	S1_all_tissues_zeros_kept	0.0921182	29	0.634599	0.175964
ENSG00000134910	STT3A	S1_all_tissues_zeros_kept	0.152709	29	0.429034	0.243659
ENSG00000134940	ACRV1	S1_all_tissues_zeros_kept	0.527335	29	0.00328714	0.787832
ENSG00000134954	ETS1	S1_all_tissues_zeros_kept	0.325268	29	0.0851153	0.495758
ENSG00000134962	KLB	S1_all_tissues_zeros_kept	0.297957	29	0.116446	0.446744
ENSG00000134987	WDR36	S1_all_tissues_zeros_kept	0.199507	29	0.299457	0.300857
ENSG00000134996	OSTF1	S1_all_tissues_zeros_kept	0.676355	29	5.63138e-05	0.922879
ENSG00000135002	RFK	S1_all_tissues_zeros_kept	0.461084	29	0.0118215	0.70347
ENSG00000135018	UBQLN1	S1_all_tissues_zeros_kept	0.0817734	29	0.673244	0.164096
ENSG00000135040	NAA35	S1_all_tissues_zeros_kept	0.277833	29	0.144491	0.417438
ENSG00000135045	C9orf40	S1_all_tissues_zeros_kept	0.178167	29	0.35513	0.273993
ENSG00000135046	ANXA1	S1_all_tissues_zeros_kept	0.883744	29	2.12673e-10	0.993959
ENSG00000135047	CTSL	S1_all_tissues_zeros_kept	0.599507	29	0.000588347	0.859683
ENSG00000135048	TMEM2	S1_all_tissues_zeros_kept	0.574384	29	0.00111996	0.835775
ENSG00000135049	AGTPBP1	S1_all_tissues_zeros_kept	0.316749	29	0.094104	0.481919
ENSG00000135052	GOLM1	S1_all_tissues_zeros_kept	0.76601	29	1.27811e-06	0.968166
ENSG00000135063	FAM189A2	S1_all_tissues_zeros_kept	0.281974	29	0.138355	0.424122
ENSG00000135070	ISCA1	S1_all_tissues_zeros_kept	0.548428	29	0.00206799	0.812554
ENSG00000135077	HAVCR2	S1_all_tissues_zeros_kept	0.280199	29	0.140962	0.421551
ENSG00000135090	TAOK3	S1_all_tissues_zeros_kept	0.738022	29	4.89459e-06	0.957455
ENSG00000135093	USP30	S1_all_tissues_zeros_kept	0.537362	29	0.00264701	0.801328
ENSG00000135094	SDS	S1_all_tissues_zeros_kept	0.506101	29	0.00509226	0.762596
ENSG00000135100	HNF1A	S1_all_tissues_zeros_kept	0.542924	29	0.0023406	0.806812
ENSG00000135108	FBXO21	S1_all_tissues_zeros_kept	0.467488	29	0.0105563	0.712982
ENSG00000135124	P2RX4	S1_all_tissues_zeros_kept	0.682759	29	4.48977e-05	0.926907
ENSG00000135148	TRAFD1	S1_all_tissues_zeros_kept	0.783348	29	5.05566e-07	0.974507
ENSG00000135185	TMEM243	S1_all_tissues_zeros_kept	0.158114	29	0.41268	0.251028
ENSG00000135205	CCDC146	S1_all_tissues_zeros_kept	0.294617	29	0.120797	0.442545
ENSG00000135226	UGT2B28	S1_all_tissues_zeros_kept	-0.0956902	29	0.621464	0.0476007
ENSG00000135241	PNPLA8	S1_all_tissues_zeros_kept	0.326108	29	0.0842656	0.496487
ENSG00000135249	RINT1	S1_all_tissues_zeros_kept	0.236758	29	0.216247	0.35497
ENSG00000135250	SRPK2	S1_all_tissues_zeros_kept	0.168966	29	0.380917	0.263282
ENSG00000135253	KCP	S1_all_tissues_zeros_kept	0.258344	29	0.176013	0.387189
ENSG00000135269	TES	S1_all_tissues_zeros_kept	0.896059	29	5.05722e-11	0.994602
ENSG00000135272	MDFIC	S1_all_tissues_zeros_kept	0.653315	29	0.000121827	0.904242
ENSG00000135297	MTO1	S1_all_tissues_zeros_kept	0.569951	29	0.00124809	0.832177
ENSG00000135298	ADGRB3	S1_all_tissues_zeros_kept	0.177017	29	0.358295	0.272793
ENSG00000135312	HTR1B	S1_all_tissues_zeros_kept	-0.0753336	29	0.697726	0.0571551
ENSG00000135315	CEP162	S1_all_tissues_zeros_kept	-0.125681	29	0.515933	0.0367181
ENSG00000135316	SYNCRIP	S1_all_tissues_zeros_kept	0.0571429	29	0.768431	0.143616
ENSG00000135317	SNX14	S1_all_tissues_zeros_kept	0.0495135	29	0.798672	0.136204
ENSG00000135318	NT5E	S1_all_tissues_zeros_kept	0.448768	29	0.014612	0.68509
ENSG00000135336	ORC3	S1_all_tissues_zeros_kept	0.221182	29	0.248886	0.333548
ENSG00000135341	MAP3K7	S1_all_tissues_zeros_kept	0.0145338	29	0.940352	0.109383
ENSG00000135346	CGA	S1_all_tissues_zeros_kept	0.368912	29	0.0489119	0.563153
ENSG00000135362	PRR5L	S1_all_tissues_zeros_kept	0.224768	29	0.241099	0.338946
ENSG00000135363	LMO2	S1_all_tissues_zeros_kept	0.265049	29	0.164667	0.396358
ENSG00000135365	PHF21A	S1_all_tissues_zeros_kept	0.0823534	29	0.671054	0.165081
ENSG00000135372	NAT10	S1_all_tissues_zeros_kept	0.37734	29	0.0435966	0.575493
ENSG00000135378	PRRG4	S1_all_tissues_zeros_kept	-0.0227975	29	0.906556	0.0871037
ENSG00000135387	CAPRIN1	S1_all_tissues_zeros_kept	0.265025	29	0.164707	0.396144
ENSG00000135392	DNAJC14	S1_all_tissues_zeros_kept	-0.304277	29	0.108533	0.00509854
ENSG00000135404	CD63	S1_all_tissues_zeros_kept	0.436946	29	0.0177856	0.666624
ENSG00000135406	PRPH	S1_all_tissues_zeros_kept	0.126818	29	0.512114	0.214524
ENSG00000135414	GDF11	S1_all_tissues_zeros_kept	0.12651	29	0.513147	0.213925
ENSG00000135423	GLS2	S1_all_tissues_zeros_kept	0.462313	29	0.0115693	0.705184
ENSG00000135437	RDH5	S1_all_tissues_zeros_kept	0.154262	29	0.4243	0.245373
ENSG00000135441	BLOC1S1	S1_all_tissues_zeros_kept	0.0630542	29	0.745223	0.148629
ENSG00000135446	CDK4	S1_all_tissues_zeros_kept	0.443842	29	0.0158718	0.676949
ENSG00000135447	PPP1R1A	S1_all_tissues_zeros_kept	0.718354	29	1.14236e-05	0.94623
ENSG00000135452	TSPAN31	S1_all_tissues_zeros_kept	0.356007	29	0.0580313	0.543145
ENSG00000135454	B4GALNT1	S1_all_tissues_zeros_kept	0.201976	29	0.293394	0.304499
ENSG00000135457	TFCP2	S1_all_tissues_zeros_kept	0.504433	29	0.00526422	0.76054
ENSG00000135469	COQ10A	S1_all_tissues_zeros_kept	0.266759	29	0.161858	0.399529
ENSG00000135472	FAIM2	S1_all_tissues_zeros_kept	0.523814	29	0.00354147	0.782819
ENSG00000135473	PAN2	S1_all_tissues_zeros_kept	0.180296	29	0.349317	0.276392
ENSG00000135480	KRT7	S1_all_tissues_zeros_kept	0.824688	29	3.77263e-08	0.986761
ENSG00000135482	ZC3H10	S1_all_tissues_zeros_kept	0.376527	29	0.044088	0.574336
ENSG00000135486	HNRNPA1	S1_all_tissues_zeros_kept	0.411381	29	0.0266153	0.629692
ENSG00000135503	ACVR1B	S1_all_tissues_zeros_kept	0.253859	29	0.183904	0.381405
ENSG00000135506	OS9	S1_all_tissues_zeros_kept	0.402463	29	0.0304284	0.615596
ENSG00000135521	LTV1	S1_all_tissues_zeros_kept	0.554009	29	0.00182005	0.817866
ENSG00000135525	MAP7	S1_all_tissues_zeros_kept	0.79793	29	2.16666e-07	0.980077
ENSG00000135537	LACE1	S1_all_tissues_zeros_kept	0.454919	29	0.0131568	0.694901
ENSG00000135540	NHSL1	S1_all_tissues_zeros_kept	0.505777	29	0.00512529	0.761997
ENSG00000135541	AHI1	S1_all_tissues_zeros_kept	0.359477	29	0.0554583	0.5488
ENSG00000135587	SMPD2	S1_all_tissues_zeros_kept	0.419212	29	0.0235964	0.641817
ENSG00000135596	MICAL1	S1_all_tissues_zeros_kept	0.622967	29	0.000306827	0.878877
ENSG00000135597	REPS1	S1_all_tissues_zeros_kept	0.358172	29	0.0564151	0.546401
ENSG00000135605	TEC	S1_all_tissues_zeros_kept	-0.0064336	29	0.973577	0.0955013
ENSG00000135617	PRADC1	S1_all_tissues_zeros_kept	0.585149	29	0.000855426	0.845458
ENSG00000135622	SEMA4F	S1_all_tissues_zeros_kept	0.0889351	29	0.646396	0.173051
ENSG00000135624	CCT7	S1_all_tissues_zeros_kept	0.155172	29	0.421537	0.246444
ENSG00000135632	SMYD5	S1_all_tissues_zeros_kept	0.324178	29	0.0862277	0.493702
ENSG00000135655	USP15	S1_all_tissues_zeros_kept	0.649261	29	0.000138625	0.900728
ENSG00000135677	GNS	S1_all_tissues_zeros_kept	0.601478	29	0.000558118	0.861397
ENSG00000135686	KLHL36	S1_all_tissues_zeros_kept	0.348768	29	0.0637008	0.532434
ENSG00000135697	BCO1	S1_all_tissues_zeros_kept	0.150755	29	0.435033	0.241431
ENSG00000135698	MPHOSPH6	S1_all_tissues_zeros_kept	0.0844932	29	0.662999	0.167352
ENSG00000135702	CHST5	S1_all_tissues_zeros_kept	0.834761	29	1.80804e-08	0.989246
ENSG00000135720	DYNC1LI2	S1_all_tissues_zeros_kept	0.700493	29	2.32633e-05	0.937489
ENSG00000135722	FBXL8	S1_all_tissues_zeros_kept	0.174751	29	0.364579	0.270823
ENSG00000135736	CCDC102A	S1_all_tissues_zeros_kept	0.189765	29	0.324151	0.28856
ENSG00000135744	AGT	S1_all_tissues_zeros_kept	0.318576	29	0.0921179	0.485733
ENSG00000135750	KCNK1	S1_all_tissues_zeros_kept	0.410016	29	0.0271724	0.627549
ENSG00000135763	URB2	S1_all_tissues_zeros_kept	0.194328	29	0.312434	0.29413
ENSG00000135766	EGLN1	S1_all_tissues_zeros_kept	0.0980416	29	0.612879	0.182562
ENSG00000135773	CAPN9	S1_all_tissues_zeros_kept	0.330327	29	0.0800972	0.502185
ENSG00000135775	COG2	S1_all_tissues_zeros_kept	-0.00246305	29	0.989883	0.0978149
ENSG00000135776	ABCB10	S1_all_tissues_zeros_kept	0.392413	29	0.0352438	0.597472
ENSG00000135778	NTPCR	S1_all_tissues_zeros_kept	0.174396	29	0.365571	0.270394
ENSG00000135801	TAF5L	S1_all_tissues_zeros_kept	0.218679	29	0.254419	0.329434
ENSG00000135821	GLUL	S1_all_tissues_zeros_kept	0.655172	29	0.000114751	0.905356
ENSG00000135823	STX6	S1_all_tissues_zeros_kept	0.277867	29	0.144439	0.417609
ENSG00000135828	RNASEL	S1_all_tissues_zeros_kept	0.173442	29	0.368241	0.269023
ENSG00000135829	DHX9	S1_all_tissues_zeros_kept	0.65665	29	0.000109386	0.906898
ENSG00000135837	CEP350	S1_all_tissues_zeros_kept	0.225616	29	0.239282	0.34036
ENSG00000135838	NPL	S1_all_tissues_zeros_kept	0.800496	29	1.85338e-07	0.981105
ENSG00000135862	LAMC1	S1_all_tissues_zeros_kept	0.765025	29	1.3441e-06	0.967823
ENSG00000135870	RC3H1	S1_all_tissues_zeros_kept	-0.0344955	29	0.859002	0.0793916
ENSG00000135899	SP110	S1_all_tissues_zeros_kept	0.577729	29	0.00103105	0.838518
ENSG00000135900	MRPL44	S1_all_tissues_zeros_kept	0.360591	29	0.0546511	0.5509
ENSG00000135905	DOCK10	S1_all_tissues_zeros_kept	0.360094	29	0.05501	0.549914
ENSG00000135916	ITM2C	S1_all_tissues_zeros_kept	0.461387	29	0.0117589	0.703728
ENSG00000135919	SERPINE2	S1_all_tissues_zeros_kept	0.552709	29	0.00187537	0.816281
ENSG00000135924	DNAJB2	S1_all_tissues_zeros_kept	0.515827	29	0.00418151	0.773907
ENSG00000135925	WNT10A	S1_all_tissues_zeros_kept	-0.090511	29	0.640545	0.0496572
ENSG00000135926	TMBIM1	S1_all_tissues_zeros_kept	0.106404	29	0.582757	0.190446
ENSG00000135929	CYP27A1	S1_all_tissues_zeros_kept	0.712808	29	1.43267e-05	0.943359
ENSG00000135930	EIF4E2	S1_all_tissues_zeros_kept	-0.20936	29	0.275723	0.0155527
ENSG00000135931	ARMC9	S1_all_tissues_zeros_kept	0.735545	29	5.46798e-06	0.956769
ENSG00000135932	CAB39	S1_all_tissues_zeros_kept	0.22266	29	0.245657	0.336033
ENSG00000135940	COX5B	S1_all_tissues_zeros_kept	0.584236	29	0.000875506	0.844687
ENSG00000135951	TSGA10	S1_all_tissues_zeros_kept	0.422019	29	0.0225849	0.647943
ENSG00000135953	MFSD9	S1_all_tissues_zeros_kept	0.0123311	29	0.949379	0.107841
ENSG00000135956	TMEM127	S1_all_tissues_zeros_kept	0.0332944	29	0.863865	0.123265
ENSG00000135966	TGFBRAP1	S1_all_tissues_zeros_kept	0.537258	29	0.00265301	0.801028
ENSG00000135968	GCC2	S1_all_tissues_zeros_kept	0.356158	29	0.057918	0.543231
ENSG00000135972	MRPS9	S1_all_tissues_zeros_kept	0.375862	29	0.0444938	0.573222
ENSG00000135974	C2orf49	S1_all_tissues_zeros_kept	0.29803	29	0.116353	0.447558
ENSG00000135999	EPC2	S1_all_tissues_zeros_kept	0.338219	29	0.0727244	0.51461
ENSG00000136003	ISCU	S1_all_tissues_zeros_kept	0.247783	29	0.194982	0.371337
ENSG00000136011	STAB2	S1_all_tissues_zeros_kept	0.278639	29	0.143281	0.418723
ENSG00000136021	SCYL2	S1_all_tissues_zeros_kept	0.358911	29	0.0558715	0.547943
ENSG00000136026	CKAP4	S1_all_tissues_zeros_kept	0.699507	29	2.41582e-05	0.936632
ENSG00000136040	PLXNC1	S1_all_tissues_zeros_kept	0.390924	29	0.0360066	0.595073
ENSG00000136044	APPL2	S1_all_tissues_zeros_kept	0.427094	29	0.0208468	0.654242
ENSG00000136045	PWP1	S1_all_tissues_zeros_kept	0.329064	29	0.0813279	0.500814
ENSG00000136051	KIAA1033	S1_all_tissues_zeros_kept	0.553763	29	0.00183042	0.817781
ENSG00000136068	FLNB	S1_all_tissues_zeros_kept	0.552217	29	0.00189671	0.815767
ENSG00000136098	NEK3	S1_all_tissues_zeros_kept	0.511075	29	0.00460741	0.768509
ENSG00000136100	VPS36	S1_all_tissues_zeros_kept	0.513856	29	0.00435384	0.771851
ENSG00000136104	RNASEH2B	S1_all_tissues_zeros_kept	0.553516	29	0.00184085	0.817352
ENSG00000136108	CKAP2	S1_all_tissues_zeros_kept	0.167652	29	0.384683	0.261054
ENSG00000136111	TBC1D4	S1_all_tissues_zeros_kept	0.511393	29	0.00457776	0.768766
ENSG00000136141	LRCH1	S1_all_tissues_zeros_kept	0.493596	29	0.00650697	0.74563
ENSG00000136143	SUCLA2	S1_all_tissues_zeros_kept	0.673892	29	6.13516e-05	0.921422
ENSG00000136144	RCBTB1	S1_all_tissues_zeros_kept	0.546061	29	0.00218164	0.810154
ENSG00000136146	MED4	S1_all_tissues_zeros_kept	0.405419	29	0.0291185	0.619923
ENSG00000136147	PHF11	S1_all_tissues_zeros_kept	0.223052	29	0.244804	0.336718
ENSG00000136152	COG3	S1_all_tissues_zeros_kept	0.425668	29	0.0213236	0.652399
ENSG00000136155	SCEL	S1_all_tissues_zeros_kept	0.47441	29	0.00931845	0.721037
ENSG00000136156	ITM2B	S1_all_tissues_zeros_kept	0.0517241	29	0.789878	0.138218
ENSG00000136158	SPRY2	S1_all_tissues_zeros_kept	0.356858	29	0.057392	0.544087
ENSG00000136159	NUDT15	S1_all_tissues_zeros_kept	0.307882	29	0.104203	0.463625
ENSG00000136160	EDNRB	S1_all_tissues_zeros_kept	0.377837	29	0.0432982	0.576392
ENSG00000136161	RCBTB2	S1_all_tissues_zeros_kept	0.457009	29	0.0126907	0.697815
ENSG00000136167	LCP1	S1_all_tissues_zeros_kept	0.808474	29	1.12393e-07	0.98359
ENSG00000136193	SCRN1	S1_all_tissues_zeros_kept	0.716256	29	1.24528e-05	0.94473
ENSG00000136197	C7orf25	S1_all_tissues_zeros_kept	-0.152793	29	0.428778	0.0284062
ENSG00000136205	TNS3	S1_all_tissues_zeros_kept	0.691957	29	3.21062e-05	0.932005
ENSG00000136213	CHST12	S1_all_tissues_zeros_kept	0.164337	29	0.394287	0.257369
ENSG00000136231	IGF2BP3	S1_all_tissues_zeros_kept	0.448606	29	0.0146521	0.684704
ENSG00000136235	GPNMB	S1_all_tissues_zeros_kept	0.57815	29	0.00102029	0.839374
ENSG00000136238	RAC1	S1_all_tissues_zeros_kept	0.196059	29	0.308059	0.296272
ENSG00000136243	NUPL2	S1_all_tissues_zeros_kept	0.292052	29	0.124219	0.437918
ENSG00000136247	ZDHHC4	S1_all_tissues_zeros_kept	0.124507	29	0.519894	0.211354
ENSG00000136261	BZW2	S1_all_tissues_zeros_kept	0.367533	29	0.0498288	0.56114
ENSG00000136267	DGKB	S1_all_tissues_zeros_kept	0.439669	29	0.0170084	0.670823
ENSG00000136270	TBRG4	S1_all_tissues_zeros_kept	-0.0344828	29	0.859053	0.0796058
ENSG00000136271	DDX56	S1_all_tissues_zeros_kept	-0.144335	29	0.455062	0.0306341
ENSG00000136273	HUS1	S1_all_tissues_zeros_kept	-0.292893	29	0.123089	0.00578406
ENSG00000136279	DBNL	S1_all_tissues_zeros_kept	0.506404	29	0.00506151	0.762896
ENSG00000136280	CCM2	S1_all_tissues_zeros_kept	0.229557	29	0.230955	0.34593
ENSG00000136295	TTYH3	S1_all_tissues_zeros_kept	0.639556	29	0.000187458	0.893016
ENSG00000136305	CIDEB	S1_all_tissues_zeros_kept	0.22771	29	0.234833	0.343316
ENSG00000136319	TTC5	S1_all_tissues_zeros_kept	0.329844	29	0.0805664	0.501757
ENSG00000136352	NKX2-1	S1_all_tissues_zeros_kept	0.516565	29	0.00411848	0.774764
ENSG00000136378	ADAMTS7	S1_all_tissues_zeros_kept	0.151221	29	0.4336	0.241774
ENSG00000136379	ABHD17C	S1_all_tissues_zeros_kept	0.0844932	29	0.662999	0.167352
ENSG00000136381	IREB2	S1_all_tissues_zeros_kept	0.00492611	29	0.979767	0.102571
ENSG00000136383	ALPK3	S1_all_tissues_zeros_kept	0.0917456	29	0.635976	0.175793
ENSG00000136404	TM6SF1	S1_all_tissues_zeros_kept	0.343591	29	0.0680135	0.523693
ENSG00000136436	CALCOCO2	S1_all_tissues_zeros_kept	0.284729	29	0.13438	0.428021
ENSG00000136444	RSAD1	S1_all_tissues_zeros_kept	-0.0680077	29	0.725942	0.0612254
ENSG00000136448	NMT1	S1_all_tissues_zeros_kept	0.439409	29	0.0170814	0.669623
ENSG00000136449	MYCBPAP	S1_all_tissues_zeros_kept	0.27095	29	0.155119	0.40647
ENSG00000136450	SRSF1	S1_all_tissues_zeros_kept	0.390148	29	0.0364095	0.594259
ENSG00000136451	VEZF1	S1_all_tissues_zeros_kept	0.346798	29	0.0653163	0.529906
ENSG00000136463	TACO1	S1_all_tissues_zeros_kept	0.774877	29	8.0346e-07	0.971594
ENSG00000136478	TEX2	S1_all_tissues_zeros_kept	0.148768	29	0.441179	0.239589
ENSG00000136485	DCAF7	S1_all_tissues_zeros_kept	0.0428571	29	0.825293	0.130805
ENSG00000136487	GH2	S1_all_tissues_zeros_kept	0.38564	29	0.0388218	0.587918
ENSG00000136488	CSH1	S1_all_tissues_zeros_kept	0.266426	29	0.162402	0.399015
ENSG00000136490	LIMD2	S1_all_tissues_zeros_kept	0.802669	29	1.62093e-07	0.981705
ENSG00000136504	KAT7	S1_all_tissues_zeros_kept	0.37734	29	0.0435966	0.575493
ENSG00000136514	RTP4	S1_all_tissues_zeros_kept	0.34411	29	0.0675716	0.524636
ENSG00000136518	ACTL6A	S1_all_tissues_zeros_kept	0.450246	29	0.0142507	0.687061
ENSG00000136521	NDUFB5	S1_all_tissues_zeros_kept	0.547783	29	0.00209844	0.811825
ENSG00000136522	MRPL47	S1_all_tissues_zeros_kept	0.112315	29	0.561866	0.197215
ENSG00000136527	TRA2B	S1_all_tissues_zeros_kept	0.257635	29	0.177244	0.385904
ENSG00000136531	SCN2A	S1_all_tissues_zeros_kept	0.0863123	29	0.65618	0.169966
ENSG00000136535	TBR1	S1_all_tissues_zeros_kept	0.414657	29	0.025316	0.634876
ENSG00000136536	MARCH7	S1_all_tissues_zeros_kept	-0.153318	29	0.427173	0.0282348
ENSG00000136541	ERMN	S1_all_tissues_zeros_kept	0.0470203	29	0.808619	0.134105
ENSG00000136560	TANK	S1_all_tissues_zeros_kept	0.420197	29	0.0232373	0.643231
ENSG00000136573	BLK	S1_all_tissues_zeros_kept	0.334406	29	0.0762184	0.509297
ENSG00000136574	GATA4	S1_all_tissues_zeros_kept	0.797674	29	2.20039e-07	0.979991
ENSG00000136603	SKIL	S1_all_tissues_zeros_kept	-0.00970685	29	0.960143	0.0942159
ENSG00000136628	EPRS	S1_all_tissues_zeros_kept	0.315764	29	0.0951881	0.477549
ENSG00000136631	VPS45	S1_all_tissues_zeros_kept	-0.0773399	29	0.690066	0.056084
ENSG00000136636	KCTD3	S1_all_tissues_zeros_kept	0.401488	29	0.0308709	0.61401
ENSG00000136643	RPS6KC1	S1_all_tissues_zeros_kept	0.134975	29	0.485117	0.222536
ENSG00000136688	IL36G	S1_all_tissues_zeros_kept	0.400715	29	0.0312252	0.611611
ENSG00000136689	IL1RN	S1_all_tissues_zeros_kept	0.555141	29	0.00177303	0.818895
ENSG00000136694	IL36A	S1_all_tissues_zeros_kept	0.618956	29	0.000344214	0.87485
ENSG00000136695	IL36RN	S1_all_tissues_zeros_kept	0.498787	29	0.00588377	0.751542
ENSG00000136697	IL1F10	S1_all_tissues_zeros_kept	1	29	0	0.997943
ENSG00000136699	SMPD4	S1_all_tissues_zeros_kept	0.469951	29	0.0101009	0.715467
ENSG00000136709	WDR33	S1_all_tissues_zeros_kept	0.0507389	29	0.793794	0.137104
ENSG00000136710	CCDC115	S1_all_tissues_zeros_kept	-0.265025	29	0.164707	0.008012
ENSG00000136715	SAP130	S1_all_tissues_zeros_kept	0.311615	29	0.0998569	0.470308
ENSG00000136717	BIN1	S1_all_tissues_zeros_kept	0.570936	29	0.00121857	0.832991
ENSG00000136718	IMP4	S1_all_tissues_zeros_kept	-0.389426	29	0.0367874	0.0012425
ENSG00000136720	HS6ST1	S1_all_tissues_zeros_kept	0.143763	29	0.45687	0.232605
ENSG00000136731	UGGT1	S1_all_tissues_zeros_kept	0.1867	29	0.332174	0.284919
ENSG00000136732	GYPC	S1_all_tissues_zeros_kept	0.443019	29	0.0160909	0.675707
ENSG00000136738	STAM	S1_all_tissues_zeros_kept	0.559113	29	0.00161626	0.823565
ENSG00000136750	GAD2	S1_all_tissues_zeros_kept	0.383067	29	0.0402545	0.583333
ENSG00000136754	ABI1	S1_all_tissues_zeros_kept	0.349261	29	0.0633018	0.533162
ENSG00000136758	YME1L1	S1_all_tissues_zeros_kept	0.263054	29	0.167987	0.39353
ENSG00000136770	DNAJC1	S1_all_tissues_zeros_kept	0.733005	29	6.11805e-06	0.956255
ENSG00000136783	NIPSNAP3A	S1_all_tissues_zeros_kept	-0.104433	29	0.589796	0.0442588
ENSG00000136802	LRRC8A	S1_all_tissues_zeros_kept	0.364532	29	0.0518704	0.557284
ENSG00000136807	CDK9	S1_all_tissues_zeros_kept	-0.0837438	29	0.665816	0.0529991
ENSG00000136810	TXN	S1_all_tissues_zeros_kept	0.478818	29	0.0085956	0.726392
ENSG00000136811	ODF2	S1_all_tissues_zeros_kept	0.385222	29	0.0390518	0.586718
ENSG00000136813	KIAA0368	S1_all_tissues_zeros_kept	0.441926	29	0.0163855	0.674207
ENSG00000136816	TOR1B	S1_all_tissues_zeros_kept	0.244828	29	0.200535	0.366624
ENSG00000136819	C9orf78	S1_all_tissues_zeros_kept	0.281069	29	0.139679	0.422836
ENSG00000136824	SMC2	S1_all_tissues_zeros_kept	0.23796	29	0.213854	0.357027
ENSG00000136826	KLF4	S1_all_tissues_zeros_kept	0.44555	29	0.0154252	0.679135
ENSG00000136827	TOR1A	S1_all_tissues_zeros_kept	-0.064532	29	0.739454	0.0631105
ENSG00000136828	RALGPS1	S1_all_tissues_zeros_kept	0.265737	29	0.163533	0.397644
ENSG00000136830	FAM129B	S1_all_tissues_zeros_kept	0.674384	29	6.0313e-05	0.921765
ENSG00000136848	DAB2IP	S1_all_tissues_zeros_kept	0.501478	29	0.00558122	0.755656
ENSG00000136856	SLC2A8	S1_all_tissues_zeros_kept	-0.12104	29	0.531674	0.0380891
ENSG00000136859	ANGPTL2	S1_all_tissues_zeros_kept	0.768473	29	1.12577e-06	0.96868
ENSG00000136861	CDK5RAP2	S1_all_tissues_zeros_kept	0.241902	29	0.206138	0.362811
ENSG00000136866	ZFP37	S1_all_tissues_zeros_kept	0.196901	29	0.305943	0.296958
ENSG00000136868	SLC31A1	S1_all_tissues_zeros_kept	0.425236	29	0.0214699	0.651714
ENSG00000136870	ZNF189	S1_all_tissues_zeros_kept	-0.108126	29	0.576635	0.0430591
ENSG00000136872	ALDOB	S1_all_tissues_zeros_kept	0.620364	29	0.000330654	0.876392
ENSG00000136874	STX17	S1_all_tissues_zeros_kept	0.219704	29	0.252142	0.331234
ENSG00000136875	PRPF4	S1_all_tissues_zeros_kept	0.197069	29	0.305525	0.297258
ENSG00000136877	FPGS	S1_all_tissues_zeros_kept	0.261576	29	0.170477	0.391431
ENSG00000136878	USP20	S1_all_tissues_zeros_kept	0.251516	29	0.188124	0.376992
ENSG00000136881	BAAT	S1_all_tissues_zeros_kept	0.408047	29	0.0279923	0.624807
ENSG00000136888	ATP6V1G1	S1_all_tissues_zeros_kept	0.249261	29	0.192246	0.373736
ENSG00000136891	TEX10	S1_all_tissues_zeros_kept	0.543842	29	0.00229305	0.807584
ENSG00000136895	GARNL3	S1_all_tissues_zeros_kept	0.122844	29	0.525529	0.209297
ENSG00000136897	MRPL50	S1_all_tissues_zeros_kept	0.236946	29	0.215872	0.355441
ENSG00000136918	WDR38	S1_all_tissues_zeros_kept	0.162662	29	0.399191	0.255398
ENSG00000136925	TSTD2	S1_all_tissues_zeros_kept	-0.00774639	29	0.968188	0.0952442
ENSG00000136928	GABBR2	S1_all_tissues_zeros_kept	0.240413	29	0.20903	0.36054
ENSG00000136929	HEMGN	S1_all_tissues_zeros_kept	0.163558	29	0.396564	0.256684
ENSG00000136930	PSMB7	S1_all_tissues_zeros_kept	0.362069	29	0.0535949	0.553513
ENSG00000136931	NR5A1	S1_all_tissues_zeros_kept	0.539068	29	0.00254951	0.80347
ENSG00000136932	TRMO	S1_all_tissues_zeros_kept	0.338772	29	0.0722285	0.515596
ENSG00000136933	RABEPK	S1_all_tissues_zeros_kept	0.315764	29	0.0951881	0.477549
ENSG00000136935	GOLGA1	S1_all_tissues_zeros_kept	-0.0734081	29	0.705106	0.0583976
ENSG00000136936	XPA	S1_all_tissues_zeros_kept	0.0601281	29	0.756685	0.146315
ENSG00000136937	NCBP1	S1_all_tissues_zeros_kept	0.285749	29	0.132929	0.42982
ENSG00000136938	ANP32B	S1_all_tissues_zeros_kept	0.508867	29	0.00481751	0.765724
ENSG00000136940	PDCL	S1_all_tissues_zeros_kept	0.149957	29	0.437497	0.240617
ENSG00000136942	RPL35	S1_all_tissues_zeros_kept	-0.0980296	29	0.612923	0.0464867
ENSG00000136943	CTSV	S1_all_tissues_zeros_kept	0.135878	29	0.482174	0.223865
ENSG00000136950	ARPC5L	S1_all_tissues_zeros_kept	0.19803	29	0.303125	0.298329
ENSG00000136960	ENPP2	S1_all_tissues_zeros_kept	0.50936	29	0.00476994	0.766538
ENSG00000136982	DSCC1	S1_all_tissues_zeros_kept	0.281054	29	0.139702	0.422494
ENSG00000136986	DERL1	S1_all_tissues_zeros_kept	0.350739	29	0.0621165	0.535347
ENSG00000136999	NOV	S1_all_tissues_zeros_kept	0.505634	29	0.00513988	0.761911
ENSG00000137033	IL33	S1_all_tissues_zeros_kept	0.370936	29	0.0475911	0.566024
ENSG00000137038	TMEM261	S1_all_tissues_zeros_kept	0.426968	29	0.0208887	0.654027
ENSG00000137040	RANBP6	S1_all_tissues_zeros_kept	0.313793	29	0.0973845	0.47365
ENSG00000137054	POLR1E	S1_all_tissues_zeros_kept	0.220496	29	0.250395	0.332691
ENSG00000137055	PLAA	S1_all_tissues_zeros_kept	0.523217	29	0.00358618	0.782005
ENSG00000137073	UBAP2	S1_all_tissues_zeros_kept	0.142857	29	0.459741	0.23162
ENSG00000137074	APTX	S1_all_tissues_zeros_kept	-0.00295567	29	0.987859	0.0973865
ENSG00000137076	TLN1	S1_all_tissues_zeros_kept	0.741872	29	4.11038e-06	0.959554
ENSG00000137077	CCL21	S1_all_tissues_zeros_kept	0.584504	29	0.000869586	0.844944
ENSG00000137078	SIT1	S1_all_tissues_zeros_kept	0.665228	29	8.24169e-05	0.914439
ENSG00000137090	DMRT1	S1_all_tissues_zeros_kept	0.598088	29	0.000611003	0.857541
ENSG00000137094	DNAJB5	S1_all_tissues_zeros_kept	0.530803	29	0.00305213	0.793616
ENSG00000137098	SPAG8	S1_all_tissues_zeros_kept	0.212491	29	0.268441	0.321294
ENSG00000137100	DCTN3	S1_all_tissues_zeros_kept	0.158621	29	0.411164	0.251799
ENSG00000137101	CD72	S1_all_tissues_zeros_kept	0.414353	29	0.0254344	0.634662
ENSG00000137106	GRHPR	S1_all_tissues_zeros_kept	0.626601	29	0.000276097	0.881834
ENSG00000137124	ALDH1B1	S1_all_tissues_zeros_kept	0.805419	29	1.36489e-07	0.982648
ENSG00000137133	HINT2	S1_all_tissues_zeros_kept	0.472906	29	0.00957632	0.718723
ENSG00000137142	IGFBPL1	S1_all_tissues_zeros_kept	0.212708	29	0.26794	0.321465
ENSG00000137145	DENND4C	S1_all_tissues_zeros_kept	0.752709	29	2.47269e-06	0.963282
ENSG00000137154	RPS6	S1_all_tissues_zeros_kept	0.416749	29	0.0245141	0.637875
ENSG00000137161	CNPY3	S1_all_tissues_zeros_kept	0.296552	29	0.118262	0.444944
ENSG00000137166	FOXP4	S1_all_tissues_zeros_kept	0.504249	29	0.00528352	0.760197
ENSG00000137168	PPIL1	S1_all_tissues_zeros_kept	0.0793103	29	0.682571	0.161911
ENSG00000137171	KLC4	S1_all_tissues_zeros_kept	0.644828	29	0.000159322	0.897215
ENSG00000137177	KIF13A	S1_all_tissues_zeros_kept	0.687192	29	3.82542e-05	0.929991
ENSG00000137198	GMPR	S1_all_tissues_zeros_kept	0.534483	29	0.00281875	0.797129
ENSG00000137200	CMTR1	S1_all_tissues_zeros_kept	0.312315	29	0.0990567	0.471465
ENSG00000137203	TFAP2A	S1_all_tissues_zeros_kept	0.418774	29	0.0237574	0.641174
ENSG00000137204	SLC22A7	S1_all_tissues_zeros_kept	0.491606	29	0.00676021	0.743488
ENSG00000137207	YIPF3	S1_all_tissues_zeros_kept	0.165025	29	0.392285	0.257798
ENSG00000137210	TMEM14B	S1_all_tissues_zeros_kept	0.248465	29	0.193717	0.372836
ENSG00000137216	TMEM63B	S1_all_tissues_zeros_kept	-0.262562	29	0.168814	0.00822622
ENSG00000137221	TJAP1	S1_all_tissues_zeros_kept	0.261576	29	0.170477	0.391431
ENSG00000137225	CAPN11	S1_all_tissues_zeros_kept	0.489668	29	0.00701491	0.740788
ENSG00000137251	TINAG	S1_all_tissues_zeros_kept	0.266216	29	0.162746	0.398843
ENSG00000137266	SLC22A23	S1_all_tissues_zeros_kept	0.378606	29	0.0428396	0.577506
ENSG00000137269	LRRC1	S1_all_tissues_zeros_kept	0.72266	29	9.54658e-06	0.951757
ENSG00000137270	GCM1	S1_all_tissues_zeros_kept	0.496246	29	0.00618216	0.748543
ENSG00000137274	BPHL	S1_all_tissues_zeros_kept	0.605419	29	0.000501719	0.864353
ENSG00000137275	RIPK1	S1_all_tissues_zeros_kept	0.579803	29	0.000979042	0.840874
ENSG00000137285	TUBB2B	S1_all_tissues_zeros_kept	0.252627	29	0.186114	0.379135
ENSG00000137288	UQCC2	S1_all_tissues_zeros_kept	0.451724	29	0.0138968	0.689374
ENSG00000137309	HMGA1	S1_all_tissues_zeros_kept	0.274664	29	0.149315	0.411954
ENSG00000137312	FLOT1	S1_all_tissues_zeros_kept	0.730542	29	6.81409e-06	0.95467
ENSG00000137337	MDC1	S1_all_tissues_zeros_kept	0.370243	29	0.0480405	0.565081
ENSG00000137364	TPMT	S1_all_tissues_zeros_kept	0.588177	29	0.000791637	0.848243
ENSG00000137392	CLPS	S1_all_tissues_zeros_kept	0.370829	29	0.0476601	0.565681
ENSG00000137404	NRM	S1_all_tissues_zeros_kept	0.162797	29	0.398795	0.255484
ENSG00000137409	MTCH1	S1_all_tissues_zeros_kept	0.462069	29	0.011619	0.704799
ENSG00000137413	TAF8	S1_all_tissues_zeros_kept	0.177357	29	0.357357	0.273479
ENSG00000137414	FAM8A1	S1_all_tissues_zeros_kept	0.582759	29	0.000908901	0.844045
ENSG00000137440	FGFBP1	S1_all_tissues_zeros_kept	0.00999282	29	0.958969	0.105527
ENSG00000137441	FGFBP2	S1_all_tissues_zeros_kept	0.238992	29	0.211816	0.358226
ENSG00000137463	MGARP	S1_all_tissues_zeros_kept	0.458048	29	0.0124641	0.699015
ENSG00000137473	TTC29	S1_all_tissues_zeros_kept	0.159943	29	0.407224	0.252871
ENSG00000137474	MYO7A	S1_all_tissues_zeros_kept	0.0821537	29	0.671808	0.164653
ENSG00000137478	FCHSD2	S1_all_tissues_zeros_kept	0.532644	29	0.00293341	0.795587
ENSG00000137486	ARRB1	S1_all_tissues_zeros_kept	0.591133	29	0.00073343	0.850557
ENSG00000137492	PRKRIR	S1_all_tissues_zeros_kept	0.480296	29	0.0083641	0.729906
ENSG00000137497	NUMA1	S1_all_tissues_zeros_kept	0.638916	29	0.000191158	0.892588
ENSG00000137500	CCDC90B	S1_all_tissues_zeros_kept	0.233498	29	0.222825	0.3512
ENSG00000137502	RAB30	S1_all_tissues_zeros_kept	0.235091	29	0.219593	0.353085
ENSG00000137507	LRRC32	S1_all_tissues_zeros_kept	0.601798	29	0.000553333	0.861782
ENSG00000137509	PRCP	S1_all_tissues_zeros_kept	0.360099	29	0.0550068	0.550171
ENSG00000137513	NARS2	S1_all_tissues_zeros_kept	0.209852	29	0.274569	0.316281
ENSG00000137522	RNF121	S1_all_tissues_zeros_kept	0.465054	29	0.011023	0.709212
ENSG00000137547	MRPL15	S1_all_tissues_zeros_kept	0.440394	29	0.0168062	0.671894
ENSG00000137558	PI15	S1_all_tissues_zeros_kept	0.359248	29	0.0556253	0.548629
ENSG00000137561	TTPA	S1_all_tissues_zeros_kept	0.664171	29	8.53831e-05	0.913239
ENSG00000137573	SULF1	S1_all_tissues_zeros_kept	0.274166	29	0.150085	0.411268
ENSG00000137574	TGS1	S1_all_tissues_zeros_kept	0.174738	29	0.364616	0.270737
ENSG00000137575	SDCBP	S1_all_tissues_zeros_kept	0.18867	29	0.327004	0.287018
ENSG00000137601	NEK1	S1_all_tissues_zeros_kept	0.325656	29	0.0847224	0.496272
ENSG00000137628	DDX60	S1_all_tissues_zeros_kept	0.55665	29	0.00171198	0.820908
ENSG00000137634	NXPE4	S1_all_tissues_zeros_kept	0.405534	29	0.0290684	0.620266
ENSG00000137642	SORL1	S1_all_tissues_zeros_kept	0.564039	29	0.00143865	0.827292
ENSG00000137656	BUD13	S1_all_tissues_zeros_kept	0.341548	29	0.0697768	0.520266
ENSG00000137673	MMP7	S1_all_tissues_zeros_kept	0.686784	29	3.88261e-05	0.929692
ENSG00000137691	C11orf70	S1_all_tissues_zeros_kept	0.139348	29	0.470952	0.22832
ENSG00000137692	DCUN1D5	S1_all_tissues_zeros_kept	0.16427	29	0.394484	0.257198
ENSG00000137693	YAP1	S1_all_tissues_zeros_kept	0.729557	29	7.11191e-06	0.954284
ENSG00000137699	TRIM29	S1_all_tissues_zeros_kept	0.491073	29	0.00682948	0.742631
ENSG00000137700	SLC37A4	S1_all_tissues_zeros_kept	0.531053	29	0.00303577	0.79413
ENSG00000137710	RDX	S1_all_tissues_zeros_kept	0.569951	29	0.00124809	0.832177
ENSG00000137713	PPP2R1B	S1_all_tissues_zeros_kept	0.567558	29	0.00132241	0.830463
ENSG00000137714	FDX1	S1_all_tissues_zeros_kept	0.597857	29	0.000614763	0.856041
ENSG00000137720	C11orf1	S1_all_tissues_zeros_kept	0.0961236	29	0.619878	0.180077
ENSG00000137726	FXYD6	S1_all_tissues_zeros_kept	0.374561	29	0.0452961	0.572022
ENSG00000137731	FXYD2	S1_all_tissues_zeros_kept	0.591749	29	0.000721781	0.851114
ENSG00000137752	CASP1	S1_all_tissues_zeros_kept	0.797537	29	2.21869e-07	0.97982
ENSG00000137760	ALKBH8	S1_all_tissues_zeros_kept	0.210721	29	0.272541	0.317866
ENSG00000137764	MAP2K5	S1_all_tissues_zeros_kept	-0.0226601	29	0.907117	0.0873608
ENSG00000137767	SQRDL	S1_all_tissues_zeros_kept	0.723153	29	9.35059e-06	0.952014
ENSG00000137770	CTDSPL2	S1_all_tissues_zeros_kept	0.452217	29	0.0137805	0.690746
ENSG00000137776	SLTM	S1_all_tissues_zeros_kept	0.250246	29	0.190437	0.375064
ENSG00000137801	THBS1	S1_all_tissues_zeros_kept	0.60197	29	0.000550777	0.861954
ENSG00000137802	MAPKBP1	S1_all_tissues_zeros_kept	0.372428	29	0.0466353	0.567823
ENSG00000137806	NDUFAF1	S1_all_tissues_zeros_kept	0.528571	29	0.00320164	0.791088
ENSG00000137807	KIF23	S1_all_tissues_zeros_kept	0.157605	29	0.414203	0.249743
ENSG00000137809	ITGA11	S1_all_tissues_zeros_kept	0.274855	29	0.149022	0.412211
ENSG00000137814	HAUS2	S1_all_tissues_zeros_kept	0.237474	29	0.21482	0.356255
ENSG00000137815	RTF1	S1_all_tissues_zeros_kept	0.0433498	29	0.823316	0.130934
ENSG00000137818	RPLP1	S1_all_tissues_zeros_kept	0.207389	29	0.28037	0.312468
ENSG00000137821	LRRC49	S1_all_tissues_zeros_kept	0.434404	29	0.0185372	0.663453
ENSG00000137822	TUBGCP4	S1_all_tissues_zeros_kept	0.164039	29	0.395156	0.256984
ENSG00000137824	RMDN3	S1_all_tissues_zeros_kept	0.729557	29	7.11191e-06	0.954284
ENSG00000137825	ITPKA	S1_all_tissues_zeros_kept	0.500099	29	0.00573457	0.753685
ENSG00000137831	UACA	S1_all_tissues_zeros_kept	0.525123	29	0.00344499	0.784062
ENSG00000137842	TMEM62	S1_all_tissues_zeros_kept	0.671147	29	6.74348e-05	0.91958
ENSG00000137845	ADAM10	S1_all_tissues_zeros_kept	0.579803	29	0.000979042	0.840874
ENSG00000137857	DUOX1	S1_all_tissues_zeros_kept	0.605501	29	0.000500599	0.864482
ENSG00000137860	SLC28A2	S1_all_tissues_zeros_kept	0.619751	29	0.000336504	0.875964
ENSG00000137868	STRA6	S1_all_tissues_zeros_kept	0.556812	29	0.00170554	0.821294
ENSG00000137869	CYP19A1	S1_all_tissues_zeros_kept	0.243274	29	0.203496	0.36431
ENSG00000137871	ZNF280D	S1_all_tissues_zeros_kept	0.157742	29	0.413794	0.250257
ENSG00000137876	RSL24D1	S1_all_tissues_zeros_kept	0.227525	29	0.235223	0.342973
ENSG00000137936	BCAR3	S1_all_tissues_zeros_kept	0.241902	29	0.206138	0.362811
ENSG00000137942	FNBP1L	S1_all_tissues_zeros_kept	-0.239192	29	0.211422	0.0104113
ENSG00000137944	CCBL2	S1_all_tissues_zeros_kept	0.112315	29	0.561866	0.197215
ENSG00000137947	GTF2B	S1_all_tissues_zeros_kept	0.229557	29	0.230955	0.34593
ENSG00000137948	BRDT	S1_all_tissues_zeros_kept	0.391071	29	0.0359308	0.595373
ENSG00000137955	RABGGTB	S1_all_tissues_zeros_kept	0.362069	29	0.0535949	0.553513
ENSG00000137960	GIPC2	S1_all_tissues_zeros_kept	0.846356	29	7.28016e-09	0.990874
ENSG00000137962	ARHGAP29	S1_all_tissues_zeros_kept	0.397044	29	0.0329537	0.605056
ENSG00000137975	CLCA2	S1_all_tissues_zeros_kept	0.386826	29	0.0381749	0.58976
ENSG00000137992	DBT	S1_all_tissues_zeros_kept	0.574877	29	0.00110646	0.836418
ENSG00000137996	RTCA	S1_all_tissues_zeros_kept	0.29803	29	0.116353	0.447558
ENSG00000138002	IFT172	S1_all_tissues_zeros_kept	0.192388	29	0.317383	0.291988
ENSG00000138018	EPT1	S1_all_tissues_zeros_kept	0.40941	29	0.0274225	0.626692
ENSG00000138029	HADHB	S1_all_tissues_zeros_kept	0.790148	29	3.43359e-07	0.977292
ENSG00000138030	KHK	S1_all_tissues_zeros_kept	0.609866	29	0.000444139	0.86868
ENSG00000138031	ADCY3	S1_all_tissues_zeros_kept	0.369846	29	0.0482989	0.564739
ENSG00000138032	PPM1B	S1_all_tissues_zeros_kept	0.00985222	29	0.959546	0.105313
ENSG00000138035	PNPT1	S1_all_tissues_zeros_kept	0.546933	29	0.00213918	0.811011
ENSG00000138036	DYNC2LI1	S1_all_tissues_zeros_kept	0.550679	29	0.00196471	0.814524
ENSG00000138050	THUMPD2	S1_all_tissues_zeros_kept	0.137638	29	0.476464	0.225878
ENSG00000138061	CYP1B1	S1_all_tissues_zeros_kept	0.565903	29	0.00137602	0.828749
ENSG00000138069	RAB1A	S1_all_tissues_zeros_kept	0.364532	29	0.0518704	0.557284
ENSG00000138071	ACTR2	S1_all_tissues_zeros_kept	0.362069	29	0.0535949	0.553513
ENSG00000138073	PREB	S1_all_tissues_zeros_kept	0.13647	29	0.48025	0.224293
ENSG00000138074	SLC5A6	S1_all_tissues_zeros_kept	0.378421	29	0.0429493	0.577164
ENSG00000138075	ABCG5	S1_all_tissues_zeros_kept	0.286658	29	0.131646	0.430977
ENSG00000138078	PREPL	S1_all_tissues_zeros_kept	0.796552	29	2.35411e-07	0.97922
ENSG00000138079	SLC3A1	S1_all_tissues_zeros_kept	0.450857	29	0.0141035	0.688218
ENSG00000138080	EMILIN1	S1_all_tissues_zeros_kept	0.596379	29	0.000639296	0.854542
ENSG00000138081	FBXO11	S1_all_tissues_zeros_kept	-0.0429631	29	0.824868	0.0742502
ENSG00000138095	LRPPRC	S1_all_tissues_zeros_kept	0.510837	29	0.0046296	0.768123
ENSG00000138100	TRIM54	S1_all_tissues_zeros_kept	0.293925	29	0.121713	0.440917
ENSG00000138107	ACTR1A	S1_all_tissues_zeros_kept	0.533498	29	0.00287968	0.796401
ENSG00000138109	CYP2C9	S1_all_tissues_zeros_kept	0.407725	29	0.0281282	0.624293
ENSG00000138115	CYP2C8	S1_all_tissues_zeros_kept	0.162651	29	0.399225	0.255313
ENSG00000138119	MYOF	S1_all_tissues_zeros_kept	0.853202	29	4.10608e-09	0.991774
ENSG00000138131	LOXL4	S1_all_tissues_zeros_kept	0.443777	29	0.015889	0.67665
ENSG00000138134	STAMBPL1	S1_all_tissues_zeros_kept	0.29586	29	0.119165	0.444087
ENSG00000138138	ATAD1	S1_all_tissues_zeros_kept	0.625123	29	0.00028825	0.880506
ENSG00000138161	CUZD1	S1_all_tissues_zeros_kept	-0.0753336	29	0.697726	0.0571551
ENSG00000138162	TACC2	S1_all_tissues_zeros_kept	0.399557	29	0.0317627	0.60994
ENSG00000138172	CALHM2	S1_all_tissues_zeros_kept	0.479211	29	0.00853344	0.726521
ENSG00000138175	ARL3	S1_all_tissues_zeros_kept	0.650573	29	0.000132978	0.901585
ENSG00000138180	CEP55	S1_all_tissues_zeros_kept	0.324472	29	0.0859267	0.493873
ENSG00000138182	KIF20B	S1_all_tissues_zeros_kept	0.0922043	29	0.634281	0.17605
ENSG00000138185	ENTPD1	S1_all_tissues_zeros_kept	0.561084	29	0.00154306	0.82515
ENSG00000138190	EXOC6	S1_all_tissues_zeros_kept	0.15324	29	0.427413	0.24443
ENSG00000138193	PLCE1	S1_all_tissues_zeros_kept	0.556983	29	0.00169878	0.821637
ENSG00000138207	RBP4	S1_all_tissues_zeros_kept	0.428548	29	0.0203694	0.656084
ENSG00000138231	DBR1	S1_all_tissues_zeros_kept	0.102722	29	0.59594	0.186161
ENSG00000138246	DNAJC13	S1_all_tissues_zeros_kept	0.214286	29	0.264323	0.323565
ENSG00000138279	ANXA7	S1_all_tissues_zeros_kept	0.436946	29	0.0177856	0.666624
ENSG00000138303	ASCC1	S1_all_tissues_zeros_kept	0.230542	29	0.228904	0.347515
ENSG00000138308	PLA2G12B	S1_all_tissues_zeros_kept	0.47721	29	0.00885357	0.724293
ENSG00000138311	ZNF365	S1_all_tissues_zeros_kept	0.362434	29	0.0533363	0.554713
ENSG00000138315	OIT3	S1_all_tissues_zeros_kept	0.28723	29	0.130844	0.432262
ENSG00000138326	RPS24	S1_all_tissues_zeros_kept	-0.275369	29	0.148232	0.00672665
ENSG00000138346	DNA2	S1_all_tissues_zeros_kept	-0.0251796	29	0.896842	0.085647
ENSG00000138347	MYPN	S1_all_tissues_zeros_kept	0.318431	29	0.0922741	0.485219
ENSG00000138356	AOX1	S1_all_tissues_zeros_kept	0.784918	29	4.62931e-07	0.975364
ENSG00000138363	ATIC	S1_all_tissues_zeros_kept	0.46798	29	0.0104639	0.713625
ENSG00000138375	SMARCAL1	S1_all_tissues_zeros_kept	0.398719	29	0.032156	0.608098
ENSG00000138376	BARD1	S1_all_tissues_zeros_kept	-0.0726512	29	0.708014	0.058826
ENSG00000138378	STAT4	S1_all_tissues_zeros_kept	0.081533	29	0.674152	0.163882
ENSG00000138381	ASNSD1	S1_all_tissues_zeros_kept	-0.082266	29	0.671384	0.0538132
ENSG00000138382	METTL5	S1_all_tissues_zeros_kept	-0.0537211	29	0.781956	0.0669666
ENSG00000138385	SSB	S1_all_tissues_zeros_kept	0.462562	29	0.0115188	0.705656
ENSG00000138386	NAB1	S1_all_tissues_zeros_kept	0.479674	29	0.00846078	0.727378
ENSG00000138398	PPIG	S1_all_tissues_zeros_kept	0.27734	29	0.145233	0.416538
ENSG00000138399	FASTKD1	S1_all_tissues_zeros_kept	0.0502587	29	0.795705	0.136547
ENSG00000138400	MDH1B	S1_all_tissues_zeros_kept	0.0108055	29	0.955636	0.106213
ENSG00000138413	IDH1	S1_all_tissues_zeros_kept	0.768966	29	1.09735e-06	0.968895
ENSG00000138430	OLA1	S1_all_tissues_zeros_kept	0.243842	29	0.20241	0.365681
ENSG00000138433	CIR1	S1_all_tissues_zeros_kept	0.0912241	29	0.637904	0.175278
ENSG00000138434	SSFA2	S1_all_tissues_zeros_kept	0.616749	29	0.000366454	0.872836
ENSG00000138439	FAM117B	S1_all_tissues_zeros_kept	0.413142	29	0.0259102	0.632948
ENSG00000138442	WDR12	S1_all_tissues_zeros_kept	0.10372	29	0.592353	0.187275
ENSG00000138443	ABI2	S1_all_tissues_zeros_kept	0.694089	29	2.96544e-05	0.933205
ENSG00000138448	ITGAV	S1_all_tissues_zeros_kept	0.548768	29	0.00205207	0.812725
ENSG00000138449	SLC40A1	S1_all_tissues_zeros_kept	0.620414	29	0.000330185	0.876478
ENSG00000138463	DIRC2	S1_all_tissues_zeros_kept	0.432162	29	0.0192219	0.660454
ENSG00000138468	SENP7	S1_all_tissues_zeros_kept	-0.0280927	29	0.884981	0.0841045
ENSG00000138495	COX17	S1_all_tissues_zeros_kept	0.465025	29	0.0110288	0.708955
ENSG00000138496	PARP9	S1_all_tissues_zeros_kept	0.470443	29	0.0100118	0.715895
ENSG00000138587	MNS1	S1_all_tissues_zeros_kept	0.543218	29	0.00232529	0.806898
ENSG00000138592	USP8	S1_all_tissues_zeros_kept	0.293103	29	0.122808	0.43916
ENSG00000138593	SECISBP2L	S1_all_tissues_zeros_kept	0.396544	29	0.033195	0.603299
ENSG00000138594	TMOD3	S1_all_tissues_zeros_kept	0.467488	29	0.0105563	0.712982
ENSG00000138600	SPPL2A	S1_all_tissues_zeros_kept	0.0697427	29	0.719226	0.153685
ENSG00000138604	GLCE	S1_all_tissues_zeros_kept	0.322812	29	0.0876371	0.491988
ENSG00000138614	VWA9	S1_all_tissues_zeros_kept	0.246305	29	0.197745	0.368852
ENSG00000138617	PARP16	S1_all_tissues_zeros_kept	0.321961	29	0.0885236	0.490531
ENSG00000138621	PPCDC	S1_all_tissues_zeros_kept	0.344828	29	0.0669635	0.525621
ENSG00000138622	HCN4	S1_all_tissues_zeros_kept	-0.0857667	29	0.658223	0.0517995
ENSG00000138629	UBL7	S1_all_tissues_zeros_kept	-0.0310345	29	0.873029	0.0822194
ENSG00000138640	FAM13A	S1_all_tissues_zeros_kept	0.772795	29	8.97654e-07	0.970737
ENSG00000138641	HERC3	S1_all_tissues_zeros_kept	0.0335803	29	0.862707	0.123865
ENSG00000138650	PCDH10	S1_all_tissues_zeros_kept	0.285282	29	0.133592	0.429006
ENSG00000138660	AP1AR	S1_all_tissues_zeros_kept	0.376348	29	0.0441969	0.57365
ENSG00000138663	COPS4	S1_all_tissues_zeros_kept	0.184729	29	0.337393	0.282091
ENSG00000138668	HNRNPD	S1_all_tissues_zeros_kept	0.321675	29	0.0888231	0.49006
ENSG00000138669	PRKG2	S1_all_tissues_zeros_kept	0.498668	29	0.00589753	0.7512
ENSG00000138674	SEC31A	S1_all_tissues_zeros_kept	0.405715	29	0.0289897	0.620523
ENSG00000138685	FGF2	S1_all_tissues_zeros_kept	0.273732	29	0.150757	0.410668
ENSG00000138686	BBS7	S1_all_tissues_zeros_kept	0.288002	29	0.129766	0.432948
ENSG00000138688	KIAA1109	S1_all_tissues_zeros_kept	0.357635	29	0.0568125	0.54503
ENSG00000138698	RAP1GDS1	S1_all_tissues_zeros_kept	0.501047	29	0.00562876	0.755056
ENSG00000138709	LARP1B	S1_all_tissues_zeros_kept	0.400296	29	0.031419	0.610925
ENSG00000138722	MMRN1	S1_all_tissues_zeros_kept	0.555063	29	0.00177622	0.818723
ENSG00000138744	NAAA	S1_all_tissues_zeros_kept	0.603448	29	0.000529259	0.863025
ENSG00000138750	NUP54	S1_all_tissues_zeros_kept	0.455665	29	0.0129888	0.696144
ENSG00000138756	BMP2K	S1_all_tissues_zeros_kept	0.158128	29	0.412637	0.251285
ENSG00000138757	G3BP2	S1_all_tissues_zeros_kept	0.503448	29	0.00536814	0.758612
ENSG00000138758	SEPT11	S1_all_tissues_zeros_kept	0.443842	29	0.0158718	0.676949
ENSG00000138759	FRAS1	S1_all_tissues_zeros_kept	0.559948	29	0.00158489	0.824379
ENSG00000138760	SCARB2	S1_all_tissues_zeros_kept	0.403941	29	0.0297676	0.618466
ENSG00000138767	CNOT6L	S1_all_tissues_zeros_kept	0.188177	29	0.328292	0.286461
ENSG00000138768	USO1	S1_all_tissues_zeros_kept	0.423153	29	0.0221867	0.649229
ENSG00000138771	SHROOM3	S1_all_tissues_zeros_kept	0.58875	29	0.000780052	0.848715
ENSG00000138777	PPA2	S1_all_tissues_zeros_kept	0.77645	29	7.38326e-07	0.972365
ENSG00000138780	GSTCD	S1_all_tissues_zeros_kept	0.287053	29	0.131091	0.431834
ENSG00000138785	INTS12	S1_all_tissues_zeros_kept	-0.114546	29	0.554072	0.04006
ENSG00000138792	ENPEP	S1_all_tissues_zeros_kept	0.732436	29	6.27288e-06	0.955827
ENSG00000138794	CASP6	S1_all_tissues_zeros_kept	0.818227	29	5.90405e-08	0.985604
ENSG00000138796	HADH	S1_all_tissues_zeros_kept	0.749754	29	2.84745e-06	0.962425
ENSG00000138798	EGF	S1_all_tissues_zeros_kept	0.502087	29	0.00551457	0.756769
ENSG00000138801	PAPSS1	S1_all_tissues_zeros_kept	0.691626	29	3.25034e-05	0.931491
ENSG00000138802	SEC24B	S1_all_tissues_zeros_kept	0.0955665	29	0.621917	0.179434
ENSG00000138814	PPP3CA	S1_all_tissues_zeros_kept	0.214286	29	0.264323	0.323565
ENSG00000138821	SLC39A8	S1_all_tissues_zeros_kept	0.333896	29	0.0766947	0.508141
ENSG00000138823	MTTP	S1_all_tissues_zeros_kept	0.546485	29	0.00216092	0.810668
ENSG00000138829	FBN2	S1_all_tissues_zeros_kept	0.424971	29	0.0215601	0.650857
ENSG00000138834	MAPK8IP3	S1_all_tissues_zeros_kept	-0.09101	29	0.638696	0.0493145
ENSG00000138835	RGS3	S1_all_tissues_zeros_kept	0.218746	29	0.254269	0.329649
ENSG00000138867	GUCD1	S1_all_tissues_zeros_kept	0.0440677	29	0.820437	0.131577
ENSG00000139055	ERP27	S1_all_tissues_zeros_kept	0.299944	29	0.113914	0.450771
ENSG00000139083	ETV6	S1_all_tissues_zeros_kept	0.560099	29	0.00157929	0.82455
ENSG00000139112	GABARAPL1	S1_all_tissues_zeros_kept	0.586207	29	0.00083265	0.846272
ENSG00000139116	KIF21A	S1_all_tissues_zeros_kept	0.501478	29	0.00558122	0.755656
ENSG00000139117	CPNE8	S1_all_tissues_zeros_kept	0.58475	29	0.000864157	0.845201
ENSG00000139131	YARS2	S1_all_tissues_zeros_kept	-0.035965	29	0.853058	0.0782776
ENSG00000139132	FGD4	S1_all_tissues_zeros_kept	0.597537	29	0.000620003	0.855741
ENSG00000139144	PIK3C2G	S1_all_tissues_zeros_kept	0.232576	29	0.224708	0.349829
ENSG00000139146	FAM60A	S1_all_tissues_zeros_kept	0.18627	29	0.333307	0.284105
ENSG00000139154	AEBP2	S1_all_tissues_zeros_kept	0.420547	29	0.023111	0.643916
ENSG00000139163	ETNK1	S1_all_tissues_zeros_kept	0.213334	29	0.266501	0.322579
ENSG00000139168	ZCRB1	S1_all_tissues_zeros_kept	-0.126514	29	0.513133	0.0363753
ENSG00000139173	TMEM117	S1_all_tissues_zeros_kept	0.0939216	29	0.627954	0.177421
ENSG00000139180	NDUFA9	S1_all_tissues_zeros_kept	0.476906	29	0.00890305	0.724122
ENSG00000139182	CLSTN3	S1_all_tissues_zeros_kept	0.152259	29	0.430413	0.243402
ENSG00000139190	VAMP1	S1_all_tissues_zeros_kept	0.154879	29	0.422427	0.246058
ENSG00000139192	TAPBPL	S1_all_tissues_zeros_kept	0.657143	29	0.000107648	0.907198
ENSG00000139194	RBP5	S1_all_tissues_zeros_kept	0.638735	29	0.000192217	0.892245
ENSG00000139197	PEX5	S1_all_tissues_zeros_kept	0.517734	29	0.00402034	0.776307
ENSG00000139200	PIANP	S1_all_tissues_zeros_kept	0.401386	29	0.0309172	0.613368
ENSG00000139209	SLC38A4	S1_all_tissues_zeros_kept	0.270147	29	0.156395	0.405013
ENSG00000139211	AMIGO2	S1_all_tissues_zeros_kept	0.411256	29	0.0266657	0.629349
ENSG00000139218	SCAF11	S1_all_tissues_zeros_kept	0.310837	29	0.10075	0.46868
ENSG00000139219	COL2A1	S1_all_tissues_zeros_kept	0.301934	29	0.111418	0.454456
ENSG00000139220	PPFIA2	S1_all_tissues_zeros_kept	0.294536	29	0.120904	0.442117
ENSG00000139233	LLPH	S1_all_tissues_zeros_kept	-0.186908	29	0.331624	0.0201799
ENSG00000139263	LRIG3	S1_all_tissues_zeros_kept	0.22836	29	0.233463	0.344173
ENSG00000139269	INHBE	S1_all_tissues_zeros_kept	0.217476	29	0.257107	0.327464
ENSG00000139278	GLIPR1	S1_all_tissues_zeros_kept	0.530705	29	0.00305862	0.79353
ENSG00000139289	PHLDA1	S1_all_tissues_zeros_kept	0.0753986	29	0.697477	0.158226
ENSG00000139291	TMEM19	S1_all_tissues_zeros_kept	0.211363	29	0.271049	0.31898
ENSG00000139318	DUSP6	S1_all_tissues_zeros_kept	0.0376398	29	0.846294	0.127035
ENSG00000139323	POC1B	S1_all_tissues_zeros_kept	0.253726	29	0.184142	0.38102
ENSG00000139324	TMTC3	S1_all_tissues_zeros_kept	0.30792	29	0.104158	0.463796
ENSG00000139329	LUM	S1_all_tissues_zeros_kept	0.695567	29	2.80543e-05	0.934319
ENSG00000139330	KERA	S1_all_tissues_zeros_kept	0.0758081	29	0.695912	0.158483
ENSG00000139343	SNRPF	S1_all_tissues_zeros_kept	0.251724	29	0.187746	0.377292
ENSG00000139344	AMDHD1	S1_all_tissues_zeros_kept	0.476043	29	0.0090448	0.722237
ENSG00000139350	NEDD1	S1_all_tissues_zeros_kept	0.444882	29	0.0155986	0.678535
ENSG00000139351	SYCP3	S1_all_tissues_zeros_kept	0.350864	29	0.062017	0.535604
ENSG00000139364	TMEM132B	S1_all_tissues_zeros_kept	0.473286	29	0.00951057	0.719152
ENSG00000139370	SLC15A4	S1_all_tissues_zeros_kept	0.337217	29	0.0736299	0.513239
ENSG00000139372	TDG	S1_all_tissues_zeros_kept	0.226725	29	0.236918	0.341517
ENSG00000139405	RITA1	S1_all_tissues_zeros_kept	0.0763982	29	0.693658	0.15934
ENSG00000139410	SDSL	S1_all_tissues_zeros_kept	0.681617	29	4.67677e-05	0.926007
ENSG00000139428	MMAB	S1_all_tissues_zeros_kept	0.460099	29	0.012027	0.702099
ENSG00000139433	GLTP	S1_all_tissues_zeros_kept	0.330583	29	0.0798494	0.502828
ENSG00000139436	GIT2	S1_all_tissues_zeros_kept	0.599015	29	0.000596125	0.859383
ENSG00000139437	TCHP	S1_all_tissues_zeros_kept	-0.11018	29	0.569373	0.0416881
ENSG00000139445	FOXN4	S1_all_tissues_zeros_kept	-0.0956902	29	0.621464	0.0476007
ENSG00000139496	NUP58	S1_all_tissues_zeros_kept	0.0596059	29	0.758736	0.14593
ENSG00000139505	MTMR6	S1_all_tissues_zeros_kept	0.20936	29	0.275723	0.315767
ENSG00000139508	SLC46A3	S1_all_tissues_zeros_kept	-0.0514933	29	0.790795	0.0683376
ENSG00000139514	SLC7A1	S1_all_tissues_zeros_kept	0.425437	29	0.0214019	0.651971
ENSG00000139515	PDX1	S1_all_tissues_zeros_kept	0.558893	29	0.00162462	0.823265
ENSG00000139517	LNX2	S1_all_tissues_zeros_kept	0.283714	29	0.135834	0.426435
ENSG00000139531	SUOX	S1_all_tissues_zeros_kept	0.426601	29	0.0210106	0.653599
ENSG00000139537	CCDC65	S1_all_tissues_zeros_kept	-0.109628	29	0.57132	0.0419452
ENSG00000139540	SLC39A5	S1_all_tissues_zeros_kept	0.687789	29	3.74311e-05	0.930377
ENSG00000139546	TARBP2	S1_all_tissues_zeros_kept	0.248858	29	0.19299	0.373393
ENSG00000139547	RDH16	S1_all_tissues_zeros_kept	0.188353	29	0.327833	0.286847
ENSG00000139549	DHH	S1_all_tissues_zeros_kept	0.331434	29	0.0790295	0.504456
ENSG00000139567	ACVRL1	S1_all_tissues_zeros_kept	0.260666	29	0.172024	0.390189
ENSG00000139579	NABP2	S1_all_tissues_zeros_kept	0.20795	29	0.279042	0.313239
ENSG00000139597	N4BP2L1	S1_all_tissues_zeros_kept	0.175299	29	0.363055	0.27168
ENSG00000139613	SMARCC2	S1_all_tissues_zeros_kept	0.47734	29	0.00883247	0.724507
ENSG00000139620	KANSL2	S1_all_tissues_zeros_kept	0.183572	29	0.340481	0.280506
ENSG00000139624	CERS5	S1_all_tissues_zeros_kept	0.438313	29	0.0173917	0.668081
ENSG00000139626	ITGB7	S1_all_tissues_zeros_kept	0.528169	29	0.00322924	0.79036
ENSG00000139631	CSAD	S1_all_tissues_zeros_kept	0.314673	29	0.0963985	0.475278
ENSG00000139637	C12orf10	S1_all_tissues_zeros_kept	0.24535	29	0.199545	0.367481
ENSG00000139641	ESYT1	S1_all_tissues_zeros_kept	0.547291	29	0.00212196	0.81144
ENSG00000139644	TMBIM6	S1_all_tissues_zeros_kept	0.108428	29	0.575567	0.192845
ENSG00000139645	ANKRD52	S1_all_tissues_zeros_kept	-0.157017	29	0.415971	0.0274636
ENSG00000139651	ZNF740	S1_all_tissues_zeros_kept	0.460358	29	0.0119725	0.702442
ENSG00000139668	WDFY2	S1_all_tissues_zeros_kept	0.67406	29	6.09939e-05	0.921551
ENSG00000139684	ESD	S1_all_tissues_zeros_kept	0.270443	29	0.155922	0.405527
ENSG00000139687	RB1	S1_all_tissues_zeros_kept	0.493411	29	0.00653024	0.745458
ENSG00000139697	SBNO1	S1_all_tissues_zeros_kept	0.119212	29	0.537935	0.204242
ENSG00000139714	MORN3	S1_all_tissues_zeros_kept	0.668221	29	7.45065e-05	0.917138
ENSG00000139718	SETD1B	S1_all_tissues_zeros_kept	0.298805	29	0.11536	0.449314
ENSG00000139719	VPS33A	S1_all_tissues_zeros_kept	0.266995	29	0.161473	0.399957
ENSG00000139722	VPS37B	S1_all_tissues_zeros_kept	0.306195	29	0.106212	0.460754
ENSG00000139725	RHOF	S1_all_tissues_zeros_kept	0.62369	29	0.000300486	0.879477
ENSG00000139726	DENR	S1_all_tissues_zeros_kept	-0.140394	29	0.467594	0.0316624
ENSG00000139737	SLAIN1	S1_all_tissues_zeros_kept	0.493923	29	0.0064661	0.745801
ENSG00000139746	RBM26	S1_all_tissues_zeros_kept	0.185714	29	0.334777	0.283676
ENSG00000139793	MBNL2	S1_all_tissues_zeros_kept	0.172906	29	0.369743	0.268209
ENSG00000139797	RNF113B	S1_all_tissues_zeros_kept	0.330906	29	0.0795371	0.503385
ENSG00000139826	ABHD13	S1_all_tissues_zeros_kept	-0.223514	29	0.243804	0.0131534
ENSG00000139832	RAB20	S1_all_tissues_zeros_kept	0.670136	29	6.98076e-05	0.918809
ENSG00000139842	CUL4A	S1_all_tissues_zeros_kept	0.130542	29	0.499698	0.218338
ENSG00000139890	REM2	S1_all_tissues_zeros_kept	-0.0357143	29	0.854072	0.0785775
ENSG00000139910	NOVA1	S1_all_tissues_zeros_kept	0.596292	29	0.000640756	0.854456
ENSG00000139914	FITM1	S1_all_tissues_zeros_kept	0.763426	29	1.45772e-06	0.967352
ENSG00000139915	MDGA2	S1_all_tissues_zeros_kept	0.336534	29	0.0742528	0.511825
ENSG00000139921	TMX1	S1_all_tissues_zeros_kept	0.222441	29	0.246133	0.335775
ENSG00000139926	FRMD6	S1_all_tissues_zeros_kept	0.504988	29	0.00520646	0.761397
ENSG00000139970	RTN1	S1_all_tissues_zeros_kept	0.699856	29	2.38379e-05	0.936889
ENSG00000139974	SLC38A6	S1_all_tissues_zeros_kept	-0.128165	29	0.507606	0.0356898
ENSG00000139977	NAA30	S1_all_tissues_zeros_kept	0.305703	29	0.106805	0.459597
ENSG00000139988	RDH12	S1_all_tissues_zeros_kept	0.387299	29	0.0379194	0.590274
ENSG00000139990	DCAF5	S1_all_tissues_zeros_kept	0.108867	29	0.574011	0.19353
ENSG00000139998	RAB15	S1_all_tissues_zeros_kept	0.600193	29	0.000577673	0.860283
ENSG00000140006	WDR89	S1_all_tissues_zeros_kept	0.267488	29	0.160671	0.401114
ENSG00000140022	STON2	S1_all_tissues_zeros_kept	0.428251	29	0.0204664	0.655998
ENSG00000140043	PTGR2	S1_all_tissues_zeros_kept	0.73679	29	5.17254e-06	0.957112
ENSG00000140057	AK7	S1_all_tissues_zeros_kept	0.35302	29	0.0603208	0.538775
ENSG00000140090	SLC24A4	S1_all_tissues_zeros_kept	0.202943	29	0.291038	0.305613
ENSG00000140092	FBLN5	S1_all_tissues_zeros_kept	0.362562	29	0.0532465	0.554927
ENSG00000140093	SERPINA10	S1_all_tissues_zeros_kept	0.0451754	29	0.815999	0.132177
ENSG00000140105	WARS	S1_all_tissues_zeros_kept	0.561084	29	0.00154306	0.82515
ENSG00000140153	WDR20	S1_all_tissues_zeros_kept	0.0859712	29	0.657457	0.169366
ENSG00000140199	SLC12A6	S1_all_tissues_zeros_kept	0.230049	29	0.229928	0.346872
ENSG00000140254	DUOXA1	S1_all_tissues_zeros_kept	0.0746433	29	0.700369	0.157284
ENSG00000140259	MFAP1	S1_all_tissues_zeros_kept	0.274877	29	0.148988	0.412425
ENSG00000140262	TCF12	S1_all_tissues_zeros_kept	0.401478	29	0.0308755	0.613882
ENSG00000140263	SORD	S1_all_tissues_zeros_kept	0.803941	29	1.49753e-07	0.981919
ENSG00000140274	DUOXA2	S1_all_tissues_zeros_kept	0.387619	29	0.0377472	0.59036
ENSG00000140279	DUOX2	S1_all_tissues_zeros_kept	0.631154	29	0.000241449	0.886504
ENSG00000140280	LYSMD2	S1_all_tissues_zeros_kept	0.610174	29	0.000440381	0.868895
ENSG00000140284	SLC27A2	S1_all_tissues_zeros_kept	0.804363	29	1.45853e-07	0.982134
ENSG00000140285	FGF7	S1_all_tissues_zeros_kept	-0.265223	29	0.16438	0.00792631
ENSG00000140297	GCNT3	S1_all_tissues_zeros_kept	0.516324	29	0.004139	0.774336
ENSG00000140299	BNIP2	S1_all_tissues_zeros_kept	0.54335	29	0.00231844	0.807155
ENSG00000140307	GTF2A2	S1_all_tissues_zeros_kept	0.15605	29	0.418884	0.247344
ENSG00000140319	SRP14	S1_all_tissues_zeros_kept	0.062069	29	0.749076	0.147943
ENSG00000140320	BAHD1	S1_all_tissues_zeros_kept	-0.148618	29	0.441647	0.0294344
ENSG00000140323	DISP2	S1_all_tissues_zeros_kept	0.264448	29	0.165662	0.395159
ENSG00000140326	CDAN1	S1_all_tissues_zeros_kept	0.0405039	29	0.834752	0.129263
ENSG00000140332	TLE3	S1_all_tissues_zeros_kept	0.444335	29	0.0157419	0.677678
ENSG00000140350	ANP32A	S1_all_tissues_zeros_kept	0.321182	29	0.0893408	0.489632
ENSG00000140365	COMMD4	S1_all_tissues_zeros_kept	-0.0162562	29	0.933298	0.0903171
ENSG00000140367	UBE2Q2	S1_all_tissues_zeros_kept	0.192266	29	0.317695	0.29156
ENSG00000140368	PSTPIP1	S1_all_tissues_zeros_kept	0.815803	29	6.95261e-08	0.984876
ENSG00000140374	ETFA	S1_all_tissues_zeros_kept	0.673399	29	6.2406e-05	0.921208
ENSG00000140382	HMG20A	S1_all_tissues_zeros_kept	0.123168	29	0.524428	0.209683
ENSG00000140386	SCAPER	S1_all_tissues_zeros_kept	0.30904	29	0.10284	0.46551
ENSG00000140391	TSPAN3	S1_all_tissues_zeros_kept	0.365206	29	0.0514066	0.558226
ENSG00000140395	WDR61	S1_all_tissues_zeros_kept	0.204433	29	0.287434	0.307841
ENSG00000140396	NCOA2	S1_all_tissues_zeros_kept	0.0943582	29	0.626349	0.178278
ENSG00000140400	MAN2C1	S1_all_tissues_zeros_kept	0.409903	29	0.0272189	0.627292
ENSG00000140406	MESDC1	S1_all_tissues_zeros_kept	0.165819	29	0.389978	0.259169
ENSG00000140416	TPM1	S1_all_tissues_zeros_kept	0.793596	29	2.80666e-07	0.978492
ENSG00000140443	IGF1R	S1_all_tissues_zeros_kept	0.438724	29	0.0172748	0.668766
ENSG00000140455	USP3	S1_all_tissues_zeros_kept	0.236453	29	0.216856	0.354499
ENSG00000140459	CYP11A1	S1_all_tissues_zeros_kept	0.497802	29	0.00599801	0.750428
ENSG00000140463	BBS4	S1_all_tissues_zeros_kept	0.43852	29	0.0173328	0.668552
ENSG00000140464	PML	S1_all_tissues_zeros_kept	0.725616	29	8.42389e-06	0.953128
ENSG00000140465	CYP1A1	S1_all_tissues_zeros_kept	0.359733	29	0.0552717	0.549443
ENSG00000140474	ULK3	S1_all_tissues_zeros_kept	0.239901	29	0.21003	0.359512
ENSG00000140481	CCDC33	S1_all_tissues_zeros_kept	0.0808933	29	0.676571	0.163111
ENSG00000140497	SCAMP2	S1_all_tissues_zeros_kept	0.550739	29	0.001962	0.814696
ENSG00000140505	CYP1A2	S1_all_tissues_zeros_kept	0.316618	29	0.0942474	0.481491
ENSG00000140519	RHCG	S1_all_tissues_zeros_kept	0.544353	29	0.00226697	0.808269
ENSG00000140521	POLG	S1_all_tissues_zeros_kept	0.214778	29	0.2632	0.324507
ENSG00000140522	RLBP1	S1_all_tissues_zeros_kept	0.372882	29	0.0463477	0.568723
ENSG00000140526	ABHD2	S1_all_tissues_zeros_kept	0.347313	29	0.064891	0.53072
ENSG00000140527	WDR93	S1_all_tissues_zeros_kept	0.240367	29	0.20912	0.360026
ENSG00000140534	TICRR	S1_all_tissues_zeros_kept	0.122755	29	0.525831	0.209126
ENSG00000140543	DET1	S1_all_tissues_zeros_kept	0.244196	29	0.201736	0.365853
ENSG00000140545	MFGE8	S1_all_tissues_zeros_kept	0.37931	29	0.0424227	0.578406
ENSG00000140553	UNC45A	S1_all_tissues_zeros_kept	0.545387	29	0.00221497	0.809554
ENSG00000140563	MCTP2	S1_all_tissues_zeros_kept	0.371726	29	0.0470832	0.567138
ENSG00000140564	FURIN	S1_all_tissues_zeros_kept	0.366608	29	0.050451	0.55994
ENSG00000140575	IQGAP1	S1_all_tissues_zeros_kept	0.70723	29	1.78981e-05	0.940703
ENSG00000140577	CRTC3	S1_all_tissues_zeros_kept	0.314934	29	0.0961087	0.475921
ENSG00000140598	EFTUD1	S1_all_tissues_zeros_kept	0.273399	29	0.151275	0.410411
ENSG00000140600	SH3GL3	S1_all_tissues_zeros_kept	0.179581	29	0.351264	0.275621
ENSG00000140612	SEC11A	S1_all_tissues_zeros_kept	0.0285749	29	0.88302	0.119837
ENSG00000140623	SEPT12	S1_all_tissues_zeros_kept	0.401386	29	0.0309172	0.613368
ENSG00000140632	GLYR1	S1_all_tissues_zeros_kept	0.451232	29	0.014014	0.688389
ENSG00000140650	PMM2	S1_all_tissues_zeros_kept	0.66798	29	7.51174e-05	0.916667
ENSG00000140675	SLC5A2	S1_all_tissues_zeros_kept	0.480293	29	0.00836443	0.72892
ENSG00000140682	TGFB1I1	S1_all_tissues_zeros_kept	0.634315	29	0.000219712	0.888303
ENSG00000140688	C16orf58	S1_all_tissues_zeros_kept	0.318227	29	0.0924954	0.48479
ENSG00000140691	ARMC5	S1_all_tissues_zeros_kept	-0.345015	29	0.0668059	0.0029563
ENSG00000140694	PARN	S1_all_tissues_zeros_kept	0.205469	29	0.284945	0.30964
ENSG00000140718	FTO	S1_all_tissues_zeros_kept	0.161576	29	0.402388	0.25407
ENSG00000140740	UQCRC2	S1_all_tissues_zeros_kept	0.540887	29	0.00244906	0.805141
ENSG00000140743	CDR2	S1_all_tissues_zeros_kept	0.243403	29	0.203249	0.364996
ENSG00000140750	ARHGAP17	S1_all_tissues_zeros_kept	0.450739	29	0.0141319	0.688089
ENSG00000140795	MYLK3	S1_all_tissues_zeros_kept	0.561106	29	0.00154223	0.825321
ENSG00000140829	DHX38	S1_all_tissues_zeros_kept	0.519212	29	0.00389912	0.777935
ENSG00000140830	TXNL4B	S1_all_tissues_zeros_kept	0.0558026	29	0.77372	0.142374
ENSG00000140832	MARVELD3	S1_all_tissues_zeros_kept	0.117606	29	0.543465	0.202956
ENSG00000140835	CHST4	S1_all_tissues_zeros_kept	0.655769	29	0.000112558	0.906041
ENSG00000140836	ZFHX3	S1_all_tissues_zeros_kept	0.180109	29	0.349825	0.276307
ENSG00000140839	CLEC18B	S1_all_tissues_zeros_kept	0.38564	29	0.0388218	0.587918
ENSG00000140848	CPNE2	S1_all_tissues_zeros_kept	0.829064	29	2.75684e-08	0.988132
ENSG00000140854	KATNB1	S1_all_tissues_zeros_kept	0.0394137	29	0.839142	0.128406
ENSG00000140859	KIFC3	S1_all_tissues_zeros_kept	0.403475	29	0.0299746	0.617866
ENSG00000140876	NUDT7	S1_all_tissues_zeros_kept	0.324476	29	0.085922	0.493959
ENSG00000140905	GCSH	S1_all_tissues_zeros_kept	0.65476	29	0.000116288	0.905013
ENSG00000140939	NOL3	S1_all_tissues_zeros_kept	0.753202	29	2.41476e-06	0.963496
ENSG00000140941	MAP1LC3B	S1_all_tissues_zeros_kept	0.408374	29	0.0278547	0.625321
ENSG00000140943	MBTPS1	S1_all_tissues_zeros_kept	0.241498	29	0.206919	0.362082
ENSG00000140950	TLDC1	S1_all_tissues_zeros_kept	0.404886	29	0.0293512	0.619409
ENSG00000140955	ADAD2	S1_all_tissues_zeros_kept	0.346248	29	0.0657732	0.52832
ENSG00000140983	RHOT2	S1_all_tissues_zeros_kept	-0.0280788	29	0.885038	0.0842331
ENSG00000140986	RPL3L	S1_all_tissues_zeros_kept	0.40382	29	0.0298214	0.618295
ENSG00000140988	RPS2	S1_all_tissues_zeros_kept	-0.0123153	29	0.949444	0.0924165
ENSG00000140990	NDUFB10	S1_all_tissues_zeros_kept	0.661576	29	9.30741e-05	0.911054
ENSG00000140992	PDPK1	S1_all_tissues_zeros_kept	0.438424	29	0.0173602	0.668295
ENSG00000140995	DEF8	S1_all_tissues_zeros_kept	0.283391	29	0.1363	0.426007
ENSG00000141002	TCF25	S1_all_tissues_zeros_kept	0.425123	29	0.0215082	0.651414
ENSG00000141012	GALNS	S1_all_tissues_zeros_kept	0.336946	29	0.0738769	0.512339
ENSG00000141013	GAS8	S1_all_tissues_zeros_kept	0.211023	29	0.271839	0.318123
ENSG00000141026	MED9	S1_all_tissues_zeros_kept	0.310383	29	0.101276	0.467995
ENSG00000141027	NCOR1	S1_all_tissues_zeros_kept	0.198793	29	0.301227	0.299786
ENSG00000141030	COPS3	S1_all_tissues_zeros_kept	0.091133	29	0.638241	0.17515
ENSG00000141034	GID4	S1_all_tissues_zeros_kept	0.067571	29	0.727635	0.152057
ENSG00000141068	KSR1	S1_all_tissues_zeros_kept	0.63202	29	0.000235313	0.886889
ENSG00000141076	CIRH1A	S1_all_tissues_zeros_kept	-0.0485341	29	0.802576	0.0707369
ENSG00000141084	RANBP10	S1_all_tissues_zeros_kept	0.219239	29	0.253174	0.330634
ENSG00000141086	CTRL	S1_all_tissues_zeros_kept	0.214357	29	0.26416	0.323865
ENSG00000141096	DPEP3	S1_all_tissues_zeros_kept	0.253745	29	0.184109	0.381105
ENSG00000141098	GFOD2	S1_all_tissues_zeros_kept	0.150243	29	0.436613	0.240917
ENSG00000141101	NOB1	S1_all_tissues_zeros_kept	0.241379	29	0.20715	0.361911
ENSG00000141127	PRPSAP2	S1_all_tissues_zeros_kept	0.220197	29	0.251054	0.332177
ENSG00000141161	UNC45B	S1_all_tissues_zeros_kept	0.316618	29	0.0942474	0.481491
ENSG00000141179	PCTP	S1_all_tissues_zeros_kept	0.602045	29	0.000549679	0.862168
ENSG00000141198	TOM1L1	S1_all_tissues_zeros_kept	0.685306	29	4.09647e-05	0.928578
ENSG00000141200	KIF2B	S1_all_tissues_zeros_kept	0.382761	29	0.0404281	0.582905
ENSG00000141219	C17orf80	S1_all_tissues_zeros_kept	0.0986437	29	0.610689	0.182905
ENSG00000141252	VPS53	S1_all_tissues_zeros_kept	0.378618	29	0.0428322	0.577635
ENSG00000141258	SGSM2	S1_all_tissues_zeros_kept	-0.0696298	29	0.719662	0.0600257
ENSG00000141279	NPEPPS	S1_all_tissues_zeros_kept	0.194581	29	0.311792	0.294344
ENSG00000141294	LRRC46	S1_all_tissues_zeros_kept	0.507807	29	0.00492124	0.764053
ENSG00000141295	SCRN2	S1_all_tissues_zeros_kept	0.532512	29	0.00294175	0.795373
ENSG00000141298	SSH2	S1_all_tissues_zeros_kept	0.306705	29	0.105602	0.461654
ENSG00000141316	SPACA3	S1_all_tissues_zeros_kept	0.667424	29	7.65451e-05	0.915938
ENSG00000141338	ABCA8	S1_all_tissues_zeros_kept	0.531346	29	0.00301669	0.794302
ENSG00000141349	G6PC3	S1_all_tissues_zeros_kept	0.073399	29	0.705141	0.156427
ENSG00000141367	CLTC	S1_all_tissues_zeros_kept	0.405911	29	0.0289047	0.621208
ENSG00000141376	BCAS3	S1_all_tissues_zeros_kept	0.577833	29	0.00102838	0.838775
ENSG00000141378	PTRH2	S1_all_tissues_zeros_kept	0.271921	29	0.153586	0.408783
ENSG00000141380	SS18	S1_all_tissues_zeros_kept	0.346969	29	0.0651749	0.530291
ENSG00000141384	TAF4B	S1_all_tissues_zeros_kept	-0.10442	29	0.589846	0.0443445
ENSG00000141385	AFG3L2	S1_all_tissues_zeros_kept	0.758128	29	1.89929e-06	0.965853
ENSG00000141404	GNAL	S1_all_tissues_zeros_kept	0.20836	29	0.278075	0.314096
ENSG00000141424	SLC39A6	S1_all_tissues_zeros_kept	0.29292	29	0.123052	0.438775
ENSG00000141425	RPRD1A	S1_all_tissues_zeros_kept	0.314286	29	0.0968318	0.47455
ENSG00000141428	C18orf21	S1_all_tissues_zeros_kept	0.293676	29	0.122044	0.440403
ENSG00000141429	GALNT1	S1_all_tissues_zeros_kept	0.306404	29	0.105962	0.461054
ENSG00000141434	MEP1B	S1_all_tissues_zeros_kept	0.453135	29	0.0135659	0.692074
ENSG00000141437	SLC25A52	S1_all_tissues_zeros_kept	-0.179781	29	0.350718	0.0222365
ENSG00000141447	OSBPL1A	S1_all_tissues_zeros_kept	0.577833	29	0.00102838	0.838775
ENSG00000141448	GATA6	S1_all_tissues_zeros_kept	0.607391	29	0.000475418	0.866281
ENSG00000141452	C18orf8	S1_all_tissues_zeros_kept	0.0438424	29	0.82134	0.131277
ENSG00000141456	PELP1	S1_all_tissues_zeros_kept	0.361576	29	0.0539452	0.552785
ENSG00000141458	NPC1	S1_all_tissues_zeros_kept	0.224138	29	0.242455	0.338089
ENSG00000141480	ARRB2	S1_all_tissues_zeros_kept	0.660591	29	9.61516e-05	0.910326
ENSG00000141485	SLC13A5	S1_all_tissues_zeros_kept	0.328976	29	0.0814144	0.500471
ENSG00000141503	MINK1	S1_all_tissues_zeros_kept	0.473892	29	0.00940663	0.72018
ENSG00000141504	SAT2	S1_all_tissues_zeros_kept	0.674384	29	6.0313e-05	0.921765
ENSG00000141505	ASGR1	S1_all_tissues_zeros_kept	-0.134771	29	0.485783	0.0334619
ENSG00000141506	PIK3R5	S1_all_tissues_zeros_kept	0.364314	29	0.0520214	0.556855
ENSG00000141510	TP53	S1_all_tissues_zeros_kept	0.199237	29	0.300126	0.300557
ENSG00000141519	CCDC40	S1_all_tissues_zeros_kept	0.213599	29	0.265892	0.322751
ENSG00000141522	ARHGDIA	S1_all_tissues_zeros_kept	0.00197044	29	0.991906	0.100686
ENSG00000141524	TMC6	S1_all_tissues_zeros_kept	0.18782	29	0.329228	0.286161
ENSG00000141526	SLC16A3	S1_all_tissues_zeros_kept	0.674653	29	5.9753e-05	0.921979
ENSG00000141540	TTYH2	S1_all_tissues_zeros_kept	0.29998	29	0.113869	0.450857
ENSG00000141542	RAB40B	S1_all_tissues_zeros_kept	0.361087	29	0.0542951	0.551971
ENSG00000141543	EIF4A3	S1_all_tissues_zeros_kept	-0.0285714	29	0.883034	0.083976
ENSG00000141551	CSNK1D	S1_all_tissues_zeros_kept	0.389163	29	0.0369262	0.592674
ENSG00000141556	TBCD	S1_all_tissues_zeros_kept	-0.171429	29	0.373911	0.024036
ENSG00000141560	FN3KRP	S1_all_tissues_zeros_kept	0.5133	29	0.00440354	0.77048
ENSG00000141562	NARF	S1_all_tissues_zeros_kept	0.0939836	29	0.627726	0.177592
ENSG00000141564	RPTOR	S1_all_tissues_zeros_kept	-0.0359695	29	0.85304	0.0781919
ENSG00000141568	FOXK2	S1_all_tissues_zeros_kept	0.218766	29	0.254225	0.329777
ENSG00000141569	TRIM65	S1_all_tissues_zeros_kept	0.28867	29	0.128839	0.434147
ENSG00000141570	CBX8	S1_all_tissues_zeros_kept	0.334128	29	0.0764775	0.508955
ENSG00000141579	ZNF750	S1_all_tissues_zeros_kept	0.282901	29	0.137008	0.425407
ENSG00000141580	WDR45B	S1_all_tissues_zeros_kept	0.510345	29	0.00467598	0.767652
ENSG00000141582	CBX4	S1_all_tissues_zeros_kept	0.251359	29	0.188408	0.376735
ENSG00000141627	DYM	S1_all_tissues_zeros_kept	0.00689995	29	0.971663	0.103985
ENSG00000141642	ELAC1	S1_all_tissues_zeros_kept	-0.0735635	29	0.704509	0.0583119
ENSG00000141644	MBD1	S1_all_tissues_zeros_kept	0.137931	29	0.475518	0.226178
ENSG00000141646	SMAD4	S1_all_tissues_zeros_kept	0.398522	29	0.0322488	0.607755
ENSG00000141664	ZCCHC2	S1_all_tissues_zeros_kept	0.510953	29	0.00461878	0.768423
ENSG00000141665	FBXO15	S1_all_tissues_zeros_kept	0.652411	29	0.000125408	0.903299
ENSG00000141696	P3H4	S1_all_tissues_zeros_kept	0.445676	29	0.0153927	0.679306
ENSG00000141698	NT5C3B	S1_all_tissues_zeros_kept	0.596552	29	0.000636383	0.854799
ENSG00000141699	FAM134C	S1_all_tissues_zeros_kept	0.0935961	29	0.629151	0.177164
ENSG00000141736	ERBB2	S1_all_tissues_zeros_kept	0.749754	29	2.84745e-06	0.962425
ENSG00000141738	GRB7	S1_all_tissues_zeros_kept	0.662198	29	9.11789e-05	0.911697
ENSG00000141741	MIEN1	S1_all_tissues_zeros_kept	0.157635	29	0.414113	0.249914
ENSG00000141744	PNMT	S1_all_tissues_zeros_kept	0.427717	29	0.0206412	0.655227
ENSG00000141750	STAC2	S1_all_tissues_zeros_kept	0.149315	29	0.439484	0.240231
ENSG00000141753	IGFBP4	S1_all_tissues_zeros_kept	0.494089	29	0.00644552	0.74593
ENSG00000141756	FKBP10	S1_all_tissues_zeros_kept	0.791626	29	3.15081e-07	0.977978
ENSG00000141759	TXNL4A	S1_all_tissues_zeros_kept	-0.170443	29	0.376705	0.0242931
ENSG00000141837	CACNA1A	S1_all_tissues_zeros_kept	0.311071	29	0.100481	0.469366
ENSG00000141854	CTB-55O6.8	S1_all_tissues_zeros_kept	0.627923	29	0.000265608	0.883505
ENSG00000141858	SAMD1	S1_all_tissues_zeros_kept	0.403284	29	0.0300601	0.617181
ENSG00000141867	BRD4	S1_all_tissues_zeros_kept	-0.0192118	29	0.921204	0.0893316
ENSG00000141873	SLC39A3	S1_all_tissues_zeros_kept	0.198786	29	0.301243	0.2997
ENSG00000141905	NFIC	S1_all_tissues_zeros_kept	0.615271	29	0.000382042	0.872022
ENSG00000141933	TPGS1	S1_all_tissues_zeros_kept	0.128151	29	0.507651	0.215981
ENSG00000141959	PFKL	S1_all_tissues_zeros_kept	0.33399	29	0.0766068	0.508526
ENSG00000141971	MVB12A	S1_all_tissues_zeros_kept	0.0527094	29	0.785967	0.138989
ENSG00000141985	SH3GL1	S1_all_tissues_zeros_kept	0.525616	29	0.00340928	0.78449
ENSG00000141994	DUS3L	S1_all_tissues_zeros_kept	0.440695	29	0.016723	0.672408
ENSG00000142002	DPP9	S1_all_tissues_zeros_kept	0.360591	29	0.0546511	0.5509
ENSG00000142025	DMRTC2	S1_all_tissues_zeros_kept	1	29	0	0.997943
ENSG00000142039	CCDC97	S1_all_tissues_zeros_kept	0.540887	29	0.00244906	0.805141
ENSG00000142082	SIRT3	S1_all_tissues_zeros_kept	0.384729	29	0.0393242	0.585904
ENSG00000142089	IFITM3	S1_all_tissues_zeros_kept	0.458354	29	0.0123981	0.699443
ENSG00000142156	COL6A1	S1_all_tissues_zeros_kept	0.527094	29	0.00330406	0.786418
ENSG00000142166	IFNAR1	S1_all_tissues_zeros_kept	0.25321	29	0.185065	0.380249
ENSG00000142168	SOD1	S1_all_tissues_zeros_kept	0.119704	29	0.536244	0.20467
ENSG00000142173	COL6A2	S1_all_tissues_zeros_kept	0.600493	29	0.000573057	0.860626
ENSG00000142185	TRPM2	S1_all_tissues_zeros_kept	0.466807	29	0.0106851	0.711782
ENSG00000142186	SCYL1	S1_all_tissues_zeros_kept	0.212315	29	0.268845	0.320694
ENSG00000142192	APP	S1_all_tissues_zeros_kept	0.280788	29	0.140092	0.422322
ENSG00000142197	DOPEY2	S1_all_tissues_zeros_kept	0.519704	29	0.00385941	0.778578
ENSG00000142207	URB1	S1_all_tissues_zeros_kept	-0.0470501	29	0.8085	0.0714225
ENSG00000142208	AKT1	S1_all_tissues_zeros_kept	0.14335	29	0.458178	0.232134
ENSG00000142227	EMP3	S1_all_tissues_zeros_kept	0.106431	29	0.58266	0.190703
ENSG00000142230	SAE1	S1_all_tissues_zeros_kept	0.409852	29	0.0272397	0.627121
ENSG00000142235	LMTK3	S1_all_tissues_zeros_kept	0.158016	29	0.412971	0.250771
ENSG00000142252	GEMIN7	S1_all_tissues_zeros_kept	-0.161443	29	0.402783	0.0260069
ENSG00000142279	WTIP	S1_all_tissues_zeros_kept	0.560132	29	0.00157805	0.824722
ENSG00000142396	ERVK3-1	S1_all_tissues_zeros_kept	0.0211823	29	0.913151	0.113839
ENSG00000142408	CACNG8	S1_all_tissues_zeros_kept	0.527335	29	0.00328714	0.787832
ENSG00000142409	ZNF787	S1_all_tissues_zeros_kept	-0.0832512	29	0.66767	0.0533847
ENSG00000142444	C19orf52	S1_all_tissues_zeros_kept	-0.0980416	29	0.612879	0.0462725
ENSG00000142449	FBN3	S1_all_tissues_zeros_kept	-0.260885	29	0.17165	0.00852614
ENSG00000142453	CARM1	S1_all_tissues_zeros_kept	0.147062	29	0.446494	0.236718
ENSG00000142459	EVI5L	S1_all_tissues_zeros_kept	0.560375	29	0.00156906	0.824893
ENSG00000142494	SLC47A1	S1_all_tissues_zeros_kept	0.415783	29	0.0248816	0.636804
ENSG00000142507	PSMB6	S1_all_tissues_zeros_kept	0.295074	29	0.120195	0.442888
ENSG00000142515	KLK3	S1_all_tissues_zeros_kept	-0.0552952	29	0.775726	0.0665381
ENSG00000142534	RPS11	S1_all_tissues_zeros_kept	0.294581	29	0.120844	0.442288
ENSG00000142539	CTD-2545M3.6	S1_all_tissues_zeros_kept	-0.0357143	29	0.854072	0.0785775
ENSG00000142541	RPL13A	S1_all_tissues_zeros_kept	0.062069	29	0.749076	0.147943
ENSG00000142544	CTU1	S1_all_tissues_zeros_kept	-0.0677714	29	0.726858	0.0613967
ENSG00000142546	NOSIP	S1_all_tissues_zeros_kept	0.23399	29	0.221823	0.351757
ENSG00000142549	IGLON5	S1_all_tissues_zeros_kept	0.310316	29	0.101354	0.467566
ENSG00000142552	RCN3	S1_all_tissues_zeros_kept	0.551607	29	0.00192343	0.815381
ENSG00000142583	SLC2A5	S1_all_tissues_zeros_kept	0.723168	29	9.34445e-06	0.952142
ENSG00000142599	RERE	S1_all_tissues_zeros_kept	0.259113	29	0.174685	0.388303
ENSG00000142609	CFAP74	S1_all_tissues_zeros_kept	0.370661	29	0.0477693	0.565424
ENSG00000142615	CELA2A	S1_all_tissues_zeros_kept	0.342647	29	0.0688236	0.522151
ENSG00000142619	PADI3	S1_all_tissues_zeros_kept	0.494879	29	0.00634794	0.746958
ENSG00000142621	FHAD1	S1_all_tissues_zeros_kept	0.156941	29	0.416198	0.248886
ENSG00000142623	PADI1	S1_all_tissues_zeros_kept	0.222072	29	0.246939	0.335004
ENSG00000142627	EPHA2	S1_all_tissues_zeros_kept	0.394089	29	0.0344009	0.599871
ENSG00000142634	EFHD2	S1_all_tissues_zeros_kept	0.732512	29	6.2519e-06	0.955955
ENSG00000142655	PEX14	S1_all_tissues_zeros_kept	0.0827586	29	0.669526	0.165424
ENSG00000142657	PGD	S1_all_tissues_zeros_kept	0.626601	29	0.000276097	0.881834
ENSG00000142661	MYOM3	S1_all_tissues_zeros_kept	-0.0216974	29	0.911047	0.0879606
ENSG00000142669	SH3BGRL3	S1_all_tissues_zeros_kept	0.539901	29	0.00250305	0.80437
ENSG00000142675	CNKSR1	S1_all_tissues_zeros_kept	0.669328	29	7.17581e-05	0.918295
ENSG00000142676	RPL11	S1_all_tissues_zeros_kept	0.403941	29	0.0297676	0.618466
ENSG00000142677	IL22RA1	S1_all_tissues_zeros_kept	0.336588	29	0.074203	0.511954
ENSG00000142684	ZNF593	S1_all_tissues_zeros_kept	-0.0529337	29	0.785077	0.0675664
ENSG00000142687	KIAA0319L	S1_all_tissues_zeros_kept	0.606971	29	0.000480914	0.865596
ENSG00000142694	EVA1B	S1_all_tissues_zeros_kept	0.20261	29	0.291848	0.305184
ENSG00000142733	MAP3K6	S1_all_tissues_zeros_kept	0.452897	29	0.0136213	0.691988
ENSG00000142748	FCN3	S1_all_tissues_zeros_kept	0.337434	29	0.0734335	0.513496
ENSG00000142751	GPN2	S1_all_tissues_zeros_kept	0.0460316	29	0.812572	0.133376
ENSG00000142784	WDTC1	S1_all_tissues_zeros_kept	0.0802956	29	0.678834	0.162425
ENSG00000142789	CELA3A	S1_all_tissues_zeros_kept	0.417569	29	0.0242054	0.639203
ENSG00000142798	HSPG2	S1_all_tissues_zeros_kept	0.515581	29	0.00420273	0.773265
ENSG00000142864	SERBP1	S1_all_tissues_zeros_kept	0.526601	29	0.00333882	0.785604
ENSG00000142867	BCL10	S1_all_tissues_zeros_kept	0.412315	29	0.0262393	0.631534
ENSG00000142871	CYR61	S1_all_tissues_zeros_kept	0.459331	29	0.0121891	0.700985
ENSG00000142875	PRKACB	S1_all_tissues_zeros_kept	0.455665	29	0.0129888	0.696144
ENSG00000142892	PIGK	S1_all_tissues_zeros_kept	-0.0137931	29	0.943387	0.0917738
ENSG00000142910	TINAGL1	S1_all_tissues_zeros_kept	0.591626	29	0.000724103	0.850943
ENSG00000142937	RPS8	S1_all_tissues_zeros_kept	0.438916	29	0.0172203	0.669109
ENSG00000142949	PTPRF	S1_all_tissues_zeros_kept	0.640719	29	0.000180898	0.893702
ENSG00000142959	BEST4	S1_all_tissues_zeros_kept	0.598945	29	0.000597238	0.859169
ENSG00000142961	MOB3C	S1_all_tissues_zeros_kept	0.256112	29	0.179911	0.38419
ENSG00000142973	CYP4B1	S1_all_tissues_zeros_kept	0.366725	29	0.0503722	0.560026
ENSG00000143006	DMRTB1	S1_all_tissues_zeros_kept	1	29	0	0.997943
ENSG00000143013	LMO4	S1_all_tissues_zeros_kept	0.254713	29	0.182383	0.382219
ENSG00000143033	MTF2	S1_all_tissues_zeros_kept	0.68278	29	4.48629e-05	0.927035
ENSG00000143036	SLC44A3	S1_all_tissues_zeros_kept	0.477958	29	0.00873279	0.725578
ENSG00000143061	IGSF3	S1_all_tissues_zeros_kept	0.537215	29	0.00265551	0.8009
ENSG00000143079	CTTNBP2NL	S1_all_tissues_zeros_kept	0.623153	29	0.000305187	0.878963
ENSG00000143093	STRIP1	S1_all_tissues_zeros_kept	0.338424	29	0.0725405	0.515124
ENSG00000143106	PSMA5	S1_all_tissues_zeros_kept	-0.212341	29	0.268785	0.0149529
ENSG00000143119	CD53	S1_all_tissues_zeros_kept	0.626059	29	0.000280504	0.881362
ENSG00000143149	ALDH9A1	S1_all_tissues_zeros_kept	0.652709	29	0.000124214	0.903642
ENSG00000143153	ATP1B1	S1_all_tissues_zeros_kept	0.828079	29	2.96084e-08	0.987704
ENSG00000143155	TIPRL	S1_all_tissues_zeros_kept	0.282547	29	0.137521	0.424936
ENSG00000143156	NME7	S1_all_tissues_zeros_kept	0.434483	29	0.0185137	0.663796
ENSG00000143157	POGK	S1_all_tissues_zeros_kept	0.0864639	29	0.655614	0.170137
ENSG00000143158	MPC2	S1_all_tissues_zeros_kept	0.672906	29	6.34766e-05	0.920951
ENSG00000143162	CREG1	S1_all_tissues_zeros_kept	0.6	29	0.000580658	0.860026
ENSG00000143164	DCAF6	S1_all_tissues_zeros_kept	0.521182	29	0.00374236	0.78012
ENSG00000143167	GPA33	S1_all_tissues_zeros_kept	0.600434	29	0.000573959	0.86054
ENSG00000143179	UCK2	S1_all_tissues_zeros_kept	0.168735	29	0.381576	0.263025
ENSG00000143183	TMCO1	S1_all_tissues_zeros_kept	0.243626	29	0.202823	0.365253
ENSG00000143190	POU2F1	S1_all_tissues_zeros_kept	0.295608	29	0.119493	0.443659
ENSG00000143194	MAEL	S1_all_tissues_zeros_kept	0.147658	29	0.444636	0.237661
ENSG00000143195	ILDR2	S1_all_tissues_zeros_kept	0.262014	29	0.169736	0.392331
ENSG00000143196	DPT	S1_all_tissues_zeros_kept	0.566782	29	0.00134732	0.829863
ENSG00000143198	MGST3	S1_all_tissues_zeros_kept	0.497537	29	0.00602902	0.750171
ENSG00000143207	RFWD2	S1_all_tissues_zeros_kept	0.122073	29	0.528151	0.208183
ENSG00000143222	UFC1	S1_all_tissues_zeros_kept	-0.0812808	29	0.675105	0.054413
ENSG00000143224	PPOX	S1_all_tissues_zeros_kept	0.303277	29	0.109758	0.456427
ENSG00000143226	FCGR2A	S1_all_tissues_zeros_kept	0.735723	29	5.42469e-06	0.956855
ENSG00000143248	RGS5	S1_all_tissues_zeros_kept	0.0448403	29	0.817341	0.132005
ENSG00000143252	SDHC	S1_all_tissues_zeros_kept	0.155103	29	0.421746	0.246315
ENSG00000143256	PFDN2	S1_all_tissues_zeros_kept	0.210345	29	0.273418	0.317309
ENSG00000143258	USP21	S1_all_tissues_zeros_kept	0.320427	29	0.0901388	0.488303
ENSG00000143278	F13B	S1_all_tissues_zeros_kept	-0.211958	29	0.26967	0.0150386
ENSG00000143294	PRCC	S1_all_tissues_zeros_kept	0.185983	29	0.334065	0.283847
ENSG00000143314	MRPL24	S1_all_tissues_zeros_kept	0.114286	29	0.554979	0.199957
ENSG00000143315	PIGM	S1_all_tissues_zeros_kept	0.490246	29	0.00693818	0.741345
ENSG00000143318	CASQ1	S1_all_tissues_zeros_kept	-0.0646352	29	0.739052	0.0629392
ENSG00000143319	ISG20L2	S1_all_tissues_zeros_kept	0.247321	29	0.195844	0.370651
ENSG00000143320	CRABP2	S1_all_tissues_zeros_kept	0.731747	29	6.46501e-06	0.955398
ENSG00000143321	HDGF	S1_all_tissues_zeros_kept	0.243842	29	0.20241	0.365681
ENSG00000143324	XPR1	S1_all_tissues_zeros_kept	0.512744	29	0.00445379	0.770223
ENSG00000143337	TOR1AIP1	S1_all_tissues_zeros_kept	0.39803	29	0.0324824	0.606727
ENSG00000143341	HMCN1	S1_all_tissues_zeros_kept	0.473446	29	0.00948309	0.719666
ENSG00000143344	RGL1	S1_all_tissues_zeros_kept	0.131821	29	0.495468	0.219237
ENSG00000143353	LYPLAL1	S1_all_tissues_zeros_kept	0.743842	29	3.75456e-06	0.960069
ENSG00000143363	PRUNE	S1_all_tissues_zeros_kept	0.467299	29	0.0105919	0.712468
ENSG00000143367	TUFT1	S1_all_tissues_zeros_kept	0.4557	29	0.012981	0.696444
ENSG00000143368	SF3B4	S1_all_tissues_zeros_kept	0.0275862	29	0.887042	0.11898
ENSG00000143373	ZNF687	S1_all_tissues_zeros_kept	0.219978	29	0.251538	0.331791
ENSG00000143374	TARS2	S1_all_tissues_zeros_kept	0.534975	29	0.0027887	0.797901
ENSG00000143375	CGN	S1_all_tissues_zeros_kept	0.710423	29	1.57666e-05	0.942202
ENSG00000143376	SNX27	S1_all_tissues_zeros_kept	0.500616	29	0.00567666	0.754327
ENSG00000143379	SETDB1	S1_all_tissues_zeros_kept	0.0187192	29	0.923219	0.112211
ENSG00000143384	MCL1	S1_all_tissues_zeros_kept	-0.100012	29	0.605722	0.0458012
ENSG00000143387	CTSK	S1_all_tissues_zeros_kept	0.0217359	29	0.91089	0.114096
ENSG00000143390	RFX5	S1_all_tissues_zeros_kept	0.779803	29	6.1522e-07	0.973051
ENSG00000143393	PI4KB	S1_all_tissues_zeros_kept	0.250739	29	0.189537	0.375707
ENSG00000143398	PIP5K1A	S1_all_tissues_zeros_kept	0.425616	29	0.0213413	0.652185
ENSG00000143401	ANP32E	S1_all_tissues_zeros_kept	0.65665	29	0.000109386	0.906898
ENSG00000143409	FAM63A	S1_all_tissues_zeros_kept	0.582266	29	0.000920277	0.843659
ENSG00000143416	SELENBP1	S1_all_tissues_zeros_kept	0.708374	29	1.71062e-05	0.941345
ENSG00000143418	CERS2	S1_all_tissues_zeros_kept	0.396552	29	0.0331914	0.603642
ENSG00000143420	ENSA	S1_all_tissues_zeros_kept	0.227094	29	0.236137	0.342159
ENSG00000143436	MRPL9	S1_all_tissues_zeros_kept	0.28867	29	0.128839	0.434147
ENSG00000143437	ARNT	S1_all_tissues_zeros_kept	0.333498	29	0.0770692	0.507541
ENSG00000143442	POGZ	S1_all_tissues_zeros_kept	0.284236	29	0.135084	0.427464
ENSG00000143452	HORMAD1	S1_all_tissues_zeros_kept	0.382761	29	0.0404281	0.582905
ENSG00000143457	GOLPH3L	S1_all_tissues_zeros_kept	0.283251	29	0.136502	0.425793
ENSG00000143458	GABPB2	S1_all_tissues_zeros_kept	0.353222	29	0.0601638	0.539117
ENSG00000143473	KCNH1	S1_all_tissues_zeros_kept	0.421153	29	0.0228931	0.645844
ENSG00000143486	EIF2D	S1_all_tissues_zeros_kept	0.47931	29	0.00851784	0.726821
ENSG00000143493	INTS7	S1_all_tissues_zeros_kept	-0.109373	29	0.572222	0.0420308
ENSG00000143499	SMYD2	S1_all_tissues_zeros_kept	0.520453	29	0.0037997	0.779477
ENSG00000143502	SUSD4	S1_all_tissues_zeros_kept	-0.0888058	29	0.646877	0.0501714
ENSG00000143514	TP53BP2	S1_all_tissues_zeros_kept	0.327094	29	0.0832775	0.497858
ENSG00000143515	ATP8B2	S1_all_tissues_zeros_kept	0.441716	29	0.0164427	0.673736
ENSG00000143536	CRNN	S1_all_tissues_zeros_kept	0.471938	29	0.0097457	0.717866
ENSG00000143537	ADAM15	S1_all_tissues_zeros_kept	0.337931	29	0.0729839	0.514225
ENSG00000143543	JTB	S1_all_tissues_zeros_kept	0.429194	29	0.0201604	0.656941
ENSG00000143545	RAB13	S1_all_tissues_zeros_kept	0.157143	29	0.415592	0.249443
ENSG00000143546	S100A8	S1_all_tissues_zeros_kept	0.633786	29	0.000223222	0.887704
ENSG00000143549	TPM3	S1_all_tissues_zeros_kept	0.272906	29	0.152042	0.409769
ENSG00000143552	NUP210L	S1_all_tissues_zeros_kept	0.278709	29	0.143177	0.418809
ENSG00000143553	SNAPIN	S1_all_tissues_zeros_kept	-0.0413793	29	0.831231	0.0757069
ENSG00000143554	SLC27A3	S1_all_tissues_zeros_kept	0.62266	29	0.000309556	0.87862
ENSG00000143556	S100A7	S1_all_tissues_zeros_kept	0.250034	29	0.190825	0.374507
ENSG00000143569	UBAP2L	S1_all_tissues_zeros_kept	0.402956	29	0.0302068	0.616538
ENSG00000143570	SLC39A1	S1_all_tissues_zeros_kept	0.192284	29	0.31765	0.291817
ENSG00000143575	HAX1	S1_all_tissues_zeros_kept	0.380788	29	0.041559	0.57982
ENSG00000143578	CREB3L4	S1_all_tissues_zeros_kept	0.0149727	29	0.938554	0.109726
ENSG00000143595	AQP10	S1_all_tissues_zeros_kept	0.171849	29	0.372724	0.266795
ENSG00000143612	C1orf43	S1_all_tissues_zeros_kept	0.265802	29	0.163426	0.397729
ENSG00000143614	GATAD2B	S1_all_tissues_zeros_kept	0.56541	29	0.00139234	0.828578
ENSG00000143621	ILF2	S1_all_tissues_zeros_kept	0.400985	29	0.031101	0.612554
ENSG00000143622	RIT1	S1_all_tissues_zeros_kept	0.360557	29	0.0546758	0.550771
ENSG00000143624	INTS3	S1_all_tissues_zeros_kept	0.104926	29	0.588033	0.188432
ENSG00000143627	PKLR	S1_all_tissues_zeros_kept	0.59885	29	0.000598746	0.859083
ENSG00000143631	FLG	S1_all_tissues_zeros_kept	0.272046	29	0.15339	0.409212
ENSG00000143632	ACTA1	S1_all_tissues_zeros_kept	0.229674	29	0.230711	0.346315
ENSG00000143633	C1orf131	S1_all_tissues_zeros_kept	0.402195	29	0.0305497	0.614953
ENSG00000143641	GALNT2	S1_all_tissues_zeros_kept	0.571429	29	0.00120403	0.833505
ENSG00000143643	TTC13	S1_all_tissues_zeros_kept	0.228353	29	0.233477	0.344087
ENSG00000143653	SCCPDH	S1_all_tissues_zeros_kept	0.818227	29	5.90405e-08	0.985604
ENSG00000143669	LYST	S1_all_tissues_zeros_kept	0.436314	29	0.01797	0.665681
ENSG00000143674	RP5-862P8.2	S1_all_tissues_zeros_kept	0.473882	29	0.00940832	0.720009
ENSG00000143702	CEP170	S1_all_tissues_zeros_kept	0.5164	29	0.00413253	0.774507
ENSG00000143727	ACP1	S1_all_tissues_zeros_kept	0.232512	29	0.224839	0.349614
ENSG00000143740	SNAP47	S1_all_tissues_zeros_kept	0.270124	29	0.15643	0.404927
ENSG00000143742	SRP9	S1_all_tissues_zeros_kept	0.103448	29	0.593329	0.187018
ENSG00000143748	NVL	S1_all_tissues_zeros_kept	0.0684729	29	0.724139	0.152828
ENSG00000143751	SDE2	S1_all_tissues_zeros_kept	0.149526	29	0.438831	0.240403
ENSG00000143753	DEGS1	S1_all_tissues_zeros_kept	0.359113	29	0.0557235	0.548415
ENSG00000143756	FBXO28	S1_all_tissues_zeros_kept	-0.111961	29	0.56311	0.040874
ENSG00000143761	ARF1	S1_all_tissues_zeros_kept	-0.00591133	29	0.975721	0.0959726
ENSG00000143768	LEFTY2	S1_all_tissues_zeros_kept	0.0199793	29	0.918067	0.112982
ENSG00000143771	CNIH4	S1_all_tissues_zeros_kept	0.0881773	29	0.649217	0.172022
ENSG00000143772	ITPKB	S1_all_tissues_zeros_kept	0.572977	29	0.00115933	0.834747
ENSG00000143774	GUK1	S1_all_tissues_zeros_kept	-0.00738916	29	0.969654	0.0954156
ENSG00000143776	CDC42BPA	S1_all_tissues_zeros_kept	0.362651	29	0.0531835	0.555141
ENSG00000143793	C1orf35	S1_all_tissues_zeros_kept	-0.0648182	29	0.738339	0.0628535
ENSG00000143797	MBOAT2	S1_all_tissues_zeros_kept	0.355391	29	0.0584979	0.542374
ENSG00000143799	PARP1	S1_all_tissues_zeros_kept	0.383251	29	0.0401507	0.583676
ENSG00000143801	PSEN2	S1_all_tissues_zeros_kept	0.541367	29	0.00242312	0.805527
ENSG00000143811	PYCR2	S1_all_tissues_zeros_kept	-0.0344828	29	0.859053	0.0796058
ENSG00000143815	LBR	S1_all_tissues_zeros_kept	0.635468	29	0.000212222	0.888989
ENSG00000143819	EPHX1	S1_all_tissues_zeros_kept	0.665025	29	8.29809e-05	0.91431
ENSG00000143842	SOX13	S1_all_tissues_zeros_kept	0.488034	29	0.00723586	0.738775
ENSG00000143845	ETNK2	S1_all_tissues_zeros_kept	0.442109	29	0.0163359	0.674336
ENSG00000143847	PPFIA4	S1_all_tissues_zeros_kept	0.260234	29	0.172762	0.389674
ENSG00000143850	PLEKHA6	S1_all_tissues_zeros_kept	0.752101	29	2.54596e-06	0.963196
ENSG00000143858	SYT2	S1_all_tissues_zeros_kept	0.260412	29	0.172456	0.389846
ENSG00000143862	ARL8A	S1_all_tissues_zeros_kept	0.315271	29	0.0957336	0.476307
ENSG00000143870	PDIA6	S1_all_tissues_zeros_kept	0.195074	29	0.310544	0.29503
ENSG00000143878	RHOB	S1_all_tissues_zeros_kept	0.567275	29	0.00133145	0.83012
ENSG00000143882	ATP6V1C2	S1_all_tissues_zeros_kept	0.137278	29	0.477629	0.225493
ENSG00000143889	HNRNPLL	S1_all_tissues_zeros_kept	0.55665	29	0.00171198	0.820908
ENSG00000143891	GALM	S1_all_tissues_zeros_kept	0.705911	29	1.88511e-05	0.939546
ENSG00000143919	CAMKMT	S1_all_tissues_zeros_kept	-0.0371735	29	0.848176	0.0777635
ENSG00000143921	ABCG8	S1_all_tissues_zeros_kept	0.353899	29	0.05964	0.540231
ENSG00000143924	EML4	S1_all_tissues_zeros_kept	0.653202	29	0.000122268	0.903899
ENSG00000143933	CALM2	S1_all_tissues_zeros_kept	0.336453	29	0.0743266	0.511611
ENSG00000143942	CHAC2	S1_all_tissues_zeros_kept	0.321883	29	0.0886049	0.490446
ENSG00000143947	RPS27A	S1_all_tissues_zeros_kept	0.105419	29	0.586272	0.189203
ENSG00000143952	VPS54	S1_all_tissues_zeros_kept	0.132512	29	0.493191	0.220694
ENSG00000143954	REG3G	S1_all_tissues_zeros_kept	0.653304	29	0.000121869	0.90407
ENSG00000143970	ASXL2	S1_all_tissues_zeros_kept	0.00837438	29	0.96561	0.104413
ENSG00000143971	ETAA1	S1_all_tissues_zeros_kept	0.265088	29	0.164602	0.396444
ENSG00000143977	SNRPG	S1_all_tissues_zeros_kept	0.278325	29	0.143751	0.418123
ENSG00000143995	MEIS1	S1_all_tissues_zeros_kept	0.652603	29	0.000124638	0.903385
ENSG00000144021	CIAO1	S1_all_tissues_zeros_kept	0.275369	29	0.148232	0.413496
ENSG00000144028	SNRNP200	S1_all_tissues_zeros_kept	0.344335	29	0.0673803	0.524979
ENSG00000144029	MRPS5	S1_all_tissues_zeros_kept	0.495074	29	0.0063241	0.747344
ENSG00000144034	TPRKB	S1_all_tissues_zeros_kept	0.278818	29	0.143014	0.419152
ENSG00000144035	NAT8	S1_all_tissues_zeros_kept	0.367858	29	0.0496117	0.561397
ENSG00000144040	SFXN5	S1_all_tissues_zeros_kept	0.457531	29	0.0125765	0.6985
ENSG00000144045	DQX1	S1_all_tissues_zeros_kept	0.529115	29	0.00316469	0.791817
ENSG00000144048	DUSP11	S1_all_tissues_zeros_kept	0.0615764	29	0.751005	0.147087
ENSG00000144057	ST6GAL2	S1_all_tissues_zeros_kept	0.576325	29	0.00106759	0.837832
ENSG00000144115	THNSL2	S1_all_tissues_zeros_kept	0.469469	29	0.0101887	0.714867
ENSG00000144118	RALB	S1_all_tissues_zeros_kept	0.279837	29	0.141496	0.420908
ENSG00000144120	TMEM177	S1_all_tissues_zeros_kept	0.462647	29	0.0115016	0.706213
ENSG00000144136	SLC20A1	S1_all_tissues_zeros_kept	0.0397919	29	0.837618	0.128835
ENSG00000144152	FBLN7	S1_all_tissues_zeros_kept	0.138274	29	0.474411	0.226778
ENSG00000144161	ZC3H8	S1_all_tissues_zeros_kept	-0.00888892	29	0.963499	0.0947301
ENSG00000144182	LIPT1	S1_all_tissues_zeros_kept	0.251134	29	0.188818	0.376392
ENSG00000144199	FAHD2B	S1_all_tissues_zeros_kept	0.190043	29	0.323431	0.289075
ENSG00000144224	UBXN4	S1_all_tissues_zeros_kept	0.159113	29	0.409694	0.252142
ENSG00000144231	POLR2D	S1_all_tissues_zeros_kept	0.180788	29	0.34798	0.277207
ENSG00000144233	AMMECR1L	S1_all_tissues_zeros_kept	0.253859	29	0.183904	0.381405
ENSG00000144278	GALNT13	S1_all_tissues_zeros_kept	0.256104	29	0.179925	0.384105
ENSG00000144283	PKP4	S1_all_tissues_zeros_kept	0.67734	29	5.44043e-05	0.923779
ENSG00000144285	SCN1A	S1_all_tissues_zeros_kept	0.381318	29	0.0412529	0.580763
ENSG00000144290	SLC4A10	S1_all_tissues_zeros_kept	0.036412	29	0.851252	0.125921
ENSG00000144306	SCRN3	S1_all_tissues_zeros_kept	0.126601	29	0.512842	0.214182
ENSG00000144320	KIAA1715	S1_all_tissues_zeros_kept	0.126601	29	0.512842	0.214182
ENSG00000144339	TMEFF2	S1_all_tissues_zeros_kept	0.278398	29	0.143642	0.418423
ENSG00000144354	CDCA7	S1_all_tissues_zeros_kept	0.0529107	29	0.785168	0.139289
ENSG00000144357	UBR3	S1_all_tissues_zeros_kept	0.392611	29	0.0351434	0.597686
ENSG00000144366	GULP1	S1_all_tissues_zeros_kept	0.288177	29	0.129522	0.433162
ENSG00000144381	HSPD1	S1_all_tissues_zeros_kept	0.583251	29	0.000897648	0.844216
ENSG00000144395	CCDC150	S1_all_tissues_zeros_kept	-0.239663	29	0.210497	0.0102828
ENSG00000144401	METTL21A	S1_all_tissues_zeros_kept	0.399449	29	0.031813	0.609297
ENSG00000144406	UNC80	S1_all_tissues_zeros_kept	0.0934936	29	0.629528	0.176992
ENSG00000144426	NBEAL1	S1_all_tissues_zeros_kept	0.419065	29	0.0236502	0.641602
ENSG00000144451	SPAG16	S1_all_tissues_zeros_kept	0.0183306	29	0.924808	0.111782
ENSG00000144452	ABCA12	S1_all_tissues_zeros_kept	0.11714	29	0.545074	0.202528
ENSG00000144455	SUMF1	S1_all_tissues_zeros_kept	0.220197	29	0.251054	0.332177
ENSG00000144468	RHBDD1	S1_all_tissues_zeros_kept	0.0453202	29	0.815419	0.132562
ENSG00000144524	COPS7B	S1_all_tissues_zeros_kept	0.289655	29	0.12748	0.435261
ENSG00000144535	DIS3L2	S1_all_tissues_zeros_kept	0.124631	29	0.519476	0.211654
ENSG00000144550	CPNE9	S1_all_tissues_zeros_kept	0.421153	29	0.0228931	0.645844
ENSG00000144554	FANCD2	S1_all_tissues_zeros_kept	0.043819	29	0.821434	0.131148
ENSG00000144559	TAMM41	S1_all_tissues_zeros_kept	0.251755	29	0.187689	0.377506
ENSG00000144560	VGLL4	S1_all_tissues_zeros_kept	0.612144	29	0.000416958	0.870308
ENSG00000144566	RAB5A	S1_all_tissues_zeros_kept	0.216749	29	0.25874	0.326735
ENSG00000144567	FAM134A	S1_all_tissues_zeros_kept	0.291626	29	0.124794	0.437446
ENSG00000144579	CTDSP1	S1_all_tissues_zeros_kept	-0.216036	29	0.260346	0.0144387
ENSG00000144580	RQCD1	S1_all_tissues_zeros_kept	0.264039	29	0.166341	0.394516
ENSG00000144589	STK11IP	S1_all_tissues_zeros_kept	0.404433	29	0.0295499	0.619066
ENSG00000144591	GMPPA	S1_all_tissues_zeros_kept	0.366794	29	0.0503256	0.560154
ENSG00000144596	GRIP2	S1_all_tissues_zeros_kept	0.561786	29	0.00151766	0.826007
ENSG00000144597	EAF1	S1_all_tissues_zeros_kept	0.0522774	29	0.787681	0.138603
ENSG00000144619	CNTN4	S1_all_tissues_zeros_kept	0.319839	29	0.0907637	0.487704
ENSG00000144635	DYNC1LI1	S1_all_tissues_zeros_kept	0.351724	29	0.061336	0.536889
ENSG00000144645	OSBPL10	S1_all_tissues_zeros_kept	0.628466	29	0.000261407	0.88419
ENSG00000144647	POMGNT2	S1_all_tissues_zeros_kept	0.591133	29	0.00073343	0.850557
ENSG00000144648	ACKR2	S1_all_tissues_zeros_kept	0.297957	29	0.116446	0.446744
ENSG00000144659	SLC25A38	S1_all_tissues_zeros_kept	0.402151	29	0.0305695	0.614696
ENSG00000144668	ITGA9	S1_all_tissues_zeros_kept	0.435961	29	0.018074	0.665381
ENSG00000144674	GOLGA4	S1_all_tissues_zeros_kept	0.523153	29	0.00359104	0.781791
ENSG00000144677	CTDSPL	S1_all_tissues_zeros_kept	0.444554	29	0.0156844	0.678106
ENSG00000144711	IQSEC1	S1_all_tissues_zeros_kept	0.301478	29	0.111987	0.453728
ENSG00000144713	RPL32	S1_all_tissues_zeros_kept	-0.0167488	29	0.931281	0.0901028
ENSG00000144724	PTPRG	S1_all_tissues_zeros_kept	0.531034	29	0.003037	0.794045
ENSG00000144736	SHQ1	S1_all_tissues_zeros_kept	0.440908	29	0.0166641	0.672879
ENSG00000144741	SLC25A26	S1_all_tissues_zeros_kept	-0.163668	29	0.396243	0.0252356
ENSG00000144744	UBA3	S1_all_tissues_zeros_kept	0.324138	29	0.0862686	0.493573
ENSG00000144746	ARL6IP5	S1_all_tissues_zeros_kept	0.360099	29	0.0550068	0.550171
ENSG00000144747	TMF1	S1_all_tissues_zeros_kept	0.106897	29	0.581003	0.191045
ENSG00000144749	LRIG1	S1_all_tissues_zeros_kept	0.781281	29	5.67123e-07	0.973608
ENSG00000144791	LIMD1	S1_all_tissues_zeros_kept	0.721517	29	1.00155e-05	0.950428
ENSG00000144810	COL8A1	S1_all_tissues_zeros_kept	0.494369	29	0.00641078	0.746144
ENSG00000144815	NXPE3	S1_all_tissues_zeros_kept	-0.168197	29	0.383118	0.0247215
ENSG00000144820	ADGRG7	S1_all_tissues_zeros_kept	0.439693	29	0.0170017	0.670908
ENSG00000144824	PHLDB2	S1_all_tissues_zeros_kept	0.837645	29	1.45157e-08	0.989417
ENSG00000144827	ABHD10	S1_all_tissues_zeros_kept	0.715271	29	1.29643e-05	0.944344
ENSG00000144834	TAGLN3	S1_all_tissues_zeros_kept	0.553127	29	0.00185742	0.816495
ENSG00000144840	RABL3	S1_all_tissues_zeros_kept	0.273399	29	0.151275	0.410411
ENSG00000144843	ADPRH	S1_all_tissues_zeros_kept	0.474782	29	0.00925553	0.721294
ENSG00000144847	IGSF11	S1_all_tissues_zeros_kept	0.145351	29	0.451861	0.234576
ENSG00000144848	ATG3	S1_all_tissues_zeros_kept	0.293103	29	0.122808	0.43916
ENSG00000144857	BOC	S1_all_tissues_zeros_kept	0.202352	29	0.292477	0.304927
ENSG00000144867	SRPRB	S1_all_tissues_zeros_kept	0.529557	29	0.00313489	0.792288
ENSG00000144895	EIF2A	S1_all_tissues_zeros_kept	0.366502	29	0.0505226	0.559426
ENSG00000144908	ALDH1L1	S1_all_tissues_zeros_kept	0.811454	29	9.26847e-08	0.984276
ENSG00000144909	OSBPL11	S1_all_tissues_zeros_kept	0.532332	29	0.00295326	0.794987
ENSG00000144959	NCEH1	S1_all_tissues_zeros_kept	0.59931	29	0.000591452	0.859597
ENSG00000144962	SPATA16	S1_all_tissues_zeros_kept	1	29	0	0.997943
ENSG00000145016	RUBCN	S1_all_tissues_zeros_kept	0.385204	29	0.0390616	0.586504
ENSG00000145020	AMT	S1_all_tissues_zeros_kept	0.396157	29	0.0333831	0.603042
ENSG00000145029	NICN1	S1_all_tissues_zeros_kept	0.135796	29	0.482441	0.223693
ENSG00000145041	VPRBP	S1_all_tissues_zeros_kept	0.215271	29	0.26208	0.325107
ENSG00000145050	MANF	S1_all_tissues_zeros_kept	0.201478	29	0.29461	0.303728
ENSG00000145075	CCDC39	S1_all_tissues_zeros_kept	0.0678499	29	0.726553	0.152228
ENSG00000145087	STXBP5L	S1_all_tissues_zeros_kept	0.231832	29	0.226238	0.348715
ENSG00000145103	ILDR1	S1_all_tissues_zeros_kept	0.209662	29	0.275014	0.315981
ENSG00000145113	MUC4	S1_all_tissues_zeros_kept	0.634396	29	0.000219175	0.888389
ENSG00000145147	SLIT2	S1_all_tissues_zeros_kept	0.52354	29	0.00356195	0.782219
ENSG00000145191	EIF2B5	S1_all_tissues_zeros_kept	0.0108388	29	0.955499	0.106298
ENSG00000145192	AHSG	S1_all_tissues_zeros_kept	-0.158114	29	0.41268	0.0271208
ENSG00000145194	ECE2	S1_all_tissues_zeros_kept	0.201982	29	0.293377	0.304584
ENSG00000145198	VWA5B2	S1_all_tissues_zeros_kept	0.214836	29	0.263069	0.324807
ENSG00000145214	DGKQ	S1_all_tissues_zeros_kept	0.0791128	29	0.683321	0.161568
ENSG00000145216	FIP1L1	S1_all_tissues_zeros_kept	0.490454	29	0.00691062	0.741602
ENSG00000145217	SLC26A1	S1_all_tissues_zeros_kept	0.215763	29	0.260966	0.325664
ENSG00000145220	LYAR	S1_all_tissues_zeros_kept	0.59064	29	0.000742863	0.850129
ENSG00000145241	CENPC	S1_all_tissues_zeros_kept	0.160611	29	0.405243	0.253428
ENSG00000145242	EPHA5	S1_all_tissues_zeros_kept	0.207789	29	0.279422	0.313068
ENSG00000145246	ATP10D	S1_all_tissues_zeros_kept	0.342751	29	0.0687339	0.522322
ENSG00000145247	OCIAD2	S1_all_tissues_zeros_kept	0.857635	29	2.7899e-09	0.992245
ENSG00000145248	SLC10A4	S1_all_tissues_zeros_kept	0.0660923	29	0.733379	0.151285
ENSG00000145284	SCD5	S1_all_tissues_zeros_kept	0.716837	29	1.21597e-05	0.944987
ENSG00000145293	ENOPH1	S1_all_tissues_zeros_kept	0.107389	29	0.579252	0.191645
ENSG00000145309	CABS1	S1_all_tissues_zeros_kept	0.527335	29	0.00328714	0.787832
ENSG00000145321	GC	S1_all_tissues_zeros_kept	0.0797114	29	0.681049	0.162168
ENSG00000145331	TRMT10A	S1_all_tissues_zeros_kept	0.530152	29	0.00309513	0.792931
ENSG00000145332	KLHL8	S1_all_tissues_zeros_kept	0.187295	29	0.330607	0.285476
ENSG00000145337	PYURF	S1_all_tissues_zeros_kept	-0.099766	29	0.606615	0.046144
ENSG00000145348	TBCK	S1_all_tissues_zeros_kept	0.0807882	29	0.676969	0.162853
ENSG00000145349	CAMK2D	S1_all_tissues_zeros_kept	0.549261	29	0.00202923	0.813025
ENSG00000145354	CISD2	S1_all_tissues_zeros_kept	0.336946	29	0.0738769	0.512339
ENSG00000145365	TIFA	S1_all_tissues_zeros_kept	0.280542	29	0.140455	0.422065
ENSG00000145384	FABP2	S1_all_tissues_zeros_kept	0.559645	29	0.00159623	0.824207
ENSG00000145388	METTL14	S1_all_tissues_zeros_kept	0.375369	29	0.0447961	0.572579
ENSG00000145390	USP53	S1_all_tissues_zeros_kept	0.314046	29	0.0971006	0.474079
ENSG00000145391	SETD7	S1_all_tissues_zeros_kept	0.62266	29	0.000309556	0.87862
ENSG00000145414	NAF1	S1_all_tissues_zeros_kept	0.134841	29	0.485556	0.222322
ENSG00000145423	SFRP2	S1_all_tissues_zeros_kept	0.691801	29	3.22924e-05	0.931748
ENSG00000145425	RPS3A	S1_all_tissues_zeros_kept	0.462562	29	0.0115188	0.705656
ENSG00000145431	PDGFC	S1_all_tissues_zeros_kept	0.450357	29	0.014224	0.687446
ENSG00000145439	CBR4	S1_all_tissues_zeros_kept	0.553202	29	0.00185423	0.816838
ENSG00000145476	CYP4V2	S1_all_tissues_zeros_kept	0.502835	29	0.00543374	0.757712
ENSG00000145491	ROPN1L	S1_all_tissues_zeros_kept	0.525811	29	0.00339525	0.78479
ENSG00000145494	NDUFS6	S1_all_tissues_zeros_kept	0.289163	29	0.128158	0.435004
ENSG00000145495	MARCH6	S1_all_tissues_zeros_kept	0.053506	29	0.782808	0.14006
ENSG00000145526	CDH18	S1_all_tissues_zeros_kept	0.0536849	29	0.782099	0.140403
ENSG00000145555	MYO10	S1_all_tissues_zeros_kept	0.644168	29	0.000162624	0.89653
ENSG00000145569	FAM105A	S1_all_tissues_zeros_kept	0.527483	29	0.00327678	0.78916
ENSG00000145623	OSMR	S1_all_tissues_zeros_kept	0.000992087	29	0.995925	0.0999572
ENSG00000145626	UGT3A1	S1_all_tissues_zeros_kept	0.69413	29	2.96082e-05	0.933376
ENSG00000145649	GZMA	S1_all_tissues_zeros_kept	0.711958	29	1.48258e-05	0.942973
ENSG00000145675	PIK3R1	S1_all_tissues_zeros_kept	0.44532	29	0.0154848	0.678877
ENSG00000145681	HAPLN1	S1_all_tissues_zeros_kept	0.669487	29	7.13704e-05	0.918552
ENSG00000145685	LHFPL2	S1_all_tissues_zeros_kept	0.0644857	29	0.739635	0.149529
ENSG00000145687	SSBP2	S1_all_tissues_zeros_kept	0.0409928	29	0.832785	0.129777
ENSG00000145692	BHMT	S1_all_tissues_zeros_kept	0.490998	29	0.00683932	0.742459
ENSG00000145703	IQGAP2	S1_all_tissues_zeros_kept	0.784236	29	4.81013e-07	0.974979
ENSG00000145708	CRHBP	S1_all_tissues_zeros_kept	0.553399	29	0.00184586	0.817266
ENSG00000145715	RASA1	S1_all_tissues_zeros_kept	0.221675	29	0.247806	0.334404
ENSG00000145725	PPIP5K2	S1_all_tissues_zeros_kept	0.420197	29	0.0232373	0.643231
ENSG00000145730	PAM	S1_all_tissues_zeros_kept	0.268473	29	0.159077	0.402656
ENSG00000145736	GTF2H2	S1_all_tissues_zeros_kept	-0.0707314	29	0.715408	0.0595116
ENSG00000145740	SLC30A5	S1_all_tissues_zeros_kept	0.130312	29	0.500462	0.218123
ENSG00000145741	BTF3	S1_all_tissues_zeros_kept	0.328079	29	0.0822983	0.499357
ENSG00000145743	FBXL17	S1_all_tissues_zeros_kept	0.490866	29	0.00685661	0.742202
ENSG00000145779	TNFAIP8	S1_all_tissues_zeros_kept	0.916749	29	2.86477e-12	0.995159
ENSG00000145781	COMMD10	S1_all_tissues_zeros_kept	-0.0536946	29	0.782061	0.0670951
ENSG00000145782	ATG12	S1_all_tissues_zeros_kept	-0.0532676	29	0.783753	0.067395
ENSG00000145794	MEGF10	S1_all_tissues_zeros_kept	0.240367	29	0.20912	0.360026
ENSG00000145817	YIPF5	S1_all_tissues_zeros_kept	0.334483	29	0.0761465	0.509512
ENSG00000145819	ARHGAP26	S1_all_tissues_zeros_kept	0.570936	29	0.00121857	0.832991
ENSG00000145826	LECT2	S1_all_tissues_zeros_kept	0.272418	29	0.152806	0.409383
ENSG00000145832	SLC25A48	S1_all_tissues_zeros_kept	0.45005	29	0.0142983	0.686847
ENSG00000145833	DDX46	S1_all_tissues_zeros_kept	0.46188	29	0.0116577	0.704584
ENSG00000145850	TIMD4	S1_all_tissues_zeros_kept	0.187441	29	0.330222	0.285818
ENSG00000145861	C1QTNF2	S1_all_tissues_zeros_kept	-0.207861	29	0.279253	0.0159811
ENSG00000145864	GABRB2	S1_all_tissues_zeros_kept	0.326477	29	0.0838948	0.497129
ENSG00000145868	FBXO38	S1_all_tissues_zeros_kept	0.033009	29	0.865021	0.123093
ENSG00000145882	PCYOX1L	S1_all_tissues_zeros_kept	0.556295	29	0.0017262	0.82048
ENSG00000145901	TNIP1	S1_all_tissues_zeros_kept	0.220744	29	0.249848	0.333205
ENSG00000145907	G3BP1	S1_all_tissues_zeros_kept	0.121182	29	0.531187	0.206812
ENSG00000145911	N4BP3	S1_all_tissues_zeros_kept	0.609223	29	0.000452082	0.867823
ENSG00000145912	NHP2	S1_all_tissues_zeros_kept	0.139409	29	0.470755	0.228449
ENSG00000145919	BOD1	S1_all_tissues_zeros_kept	0.340436	29	0.0707507	0.518552
ENSG00000145920	CPLX2	S1_all_tissues_zeros_kept	0.658825	29	0.000101897	0.909126
ENSG00000145934	TENM2	S1_all_tissues_zeros_kept	0.180731	29	0.348136	0.276735
ENSG00000145945	FAM50B	S1_all_tissues_zeros_kept	0.297451	29	0.117097	0.445801
ENSG00000145979	TBC1D7	S1_all_tissues_zeros_kept	0.312433	29	0.0989223	0.471765
ENSG00000145982	FARS2	S1_all_tissues_zeros_kept	0.535468	29	0.00275893	0.799015
ENSG00000145990	GFOD1	S1_all_tissues_zeros_kept	0.275609	29	0.147865	0.41401
ENSG00000145996	CDKAL1	S1_all_tissues_zeros_kept	-0.0455777	29	0.814388	0.072365
ENSG00000146005	PSD2	S1_all_tissues_zeros_kept	0.228251	29	0.233693	0.343916
ENSG00000146006	LRRTM2	S1_all_tissues_zeros_kept	0.0335074	29	0.863002	0.123693
ENSG00000146007	ZMAT2	S1_all_tissues_zeros_kept	0.0857143	29	0.658419	0.168937
ENSG00000146038	DCDC2	S1_all_tissues_zeros_kept	0.569138	29	0.00127291	0.831491
ENSG00000146047	HIST1H2BA	S1_all_tissues_zeros_kept	0.331434	29	0.0790295	0.504456
ENSG00000146063	TRIM41	S1_all_tissues_zeros_kept	0.0967015	29	0.617766	0.181105
ENSG00000146066	HIGD2A	S1_all_tissues_zeros_kept	-0.0635468	29	0.743299	0.0639674
ENSG00000146067	FAM193B	S1_all_tissues_zeros_kept	0.272089	29	0.153323	0.409297
ENSG00000146072	TNFRSF21	S1_all_tissues_zeros_kept	0.400092	29	0.0315134	0.610754
ENSG00000146085	MUT	S1_all_tissues_zeros_kept	0.772414	29	9.15922e-07	0.970566
ENSG00000146109	ABT1	S1_all_tissues_zeros_kept	0.163608	29	0.396418	0.256769
ENSG00000146112	PPP1R18	S1_all_tissues_zeros_kept	0.582266	29	0.000920277	0.843659
ENSG00000146122	DAAM2	S1_all_tissues_zeros_kept	0.588003	29	0.000795184	0.847858
ENSG00000146147	MLIP	S1_all_tissues_zeros_kept	0.394986	29	0.0339563	0.6009
ENSG00000146151	HMGCLL1	S1_all_tissues_zeros_kept	0.421153	29	0.0228931	0.645844
ENSG00000146197	SCUBE3	S1_all_tissues_zeros_kept	0.45982	29	0.0120856	0.701757
ENSG00000146205	ANO7	S1_all_tissues_zeros_kept	0.308856	29	0.103056	0.465081
ENSG00000146215	CRIP3	S1_all_tissues_zeros_kept	0.342277	29	0.0691434	0.521465
ENSG00000146216	TTBK1	S1_all_tissues_zeros_kept	0.22793	29	0.234369	0.343573
ENSG00000146221	TCTE1	S1_all_tissues_zeros_kept	0.831113	29	2.37301e-08	0.988903
ENSG00000146223	RPL7L1	S1_all_tissues_zeros_kept	0.268539	29	0.15897	0.402871
ENSG00000146232	NFKBIE	S1_all_tissues_zeros_kept	0.449316	29	0.0144772	0.686033
ENSG00000146243	IRAK1BP1	S1_all_tissues_zeros_kept	0.280685	29	0.140244	0.422237
ENSG00000146247	PHIP	S1_all_tissues_zeros_kept	0.602463	29	0.00054352	0.862511
ENSG00000146281	PM20D2	S1_all_tissues_zeros_kept	0.449809	29	0.0143568	0.686504
ENSG00000146282	RARS2	S1_all_tissues_zeros_kept	0.15665	29	0.417074	0.248415
ENSG00000146352	CLVS2	S1_all_tissues_zeros_kept	0.466607	29	0.0107233	0.711183
ENSG00000146376	ARHGAP18	S1_all_tissues_zeros_kept	0.779803	29	6.1522e-07	0.973051
ENSG00000146386	ABRACL	S1_all_tissues_zeros_kept	0.508867	29	0.00481751	0.765724
ENSG00000146409	SLC18B1	S1_all_tissues_zeros_kept	-0.0574977	29	0.767032	0.066024
ENSG00000146414	SHPRH	S1_all_tissues_zeros_kept	0.100271	29	0.604784	0.184362
ENSG00000146416	AIG1	S1_all_tissues_zeros_kept	0.188329	29	0.327894	0.286718
ENSG00000146425	DYNLT1	S1_all_tissues_zeros_kept	0.0482759	29	0.803606	0.134961
ENSG00000146433	TMEM181	S1_all_tissues_zeros_kept	0.309847	29	0.101898	0.466881
ENSG00000146453	PNLDC1	S1_all_tissues_zeros_kept	0.719623	29	1.08386e-05	0.949057
ENSG00000146457	WTAP	S1_all_tissues_zeros_kept	0.234975	29	0.219827	0.352699
ENSG00000146463	ZMYM4	S1_all_tissues_zeros_kept	0.465328	29	0.0109696	0.709297
ENSG00000146469	VIP	S1_all_tissues_zeros_kept	0.425948	29	0.0212292	0.652913
ENSG00000146476	ARMT1	S1_all_tissues_zeros_kept	0.682759	29	4.48977e-05	0.926907
ENSG00000146535	GNA12	S1_all_tissues_zeros_kept	0.267061	29	0.161366	0.4003
ENSG00000146540	C7orf50	S1_all_tissues_zeros_kept	-0.033748	29	0.862028	0.0800771
ENSG00000146576	C7orf26	S1_all_tissues_zeros_kept	0.231813	29	0.226277	0.348629
ENSG00000146587	RBAK	S1_all_tissues_zeros_kept	-0.270936	29	0.155141	0.00758355
ENSG00000146674	IGFBP3	S1_all_tissues_zeros_kept	0.387685	29	0.0377121	0.59066
ENSG00000146676	PURB	S1_all_tissues_zeros_kept	0.149772	29	0.438068	0.240488
ENSG00000146678	IGFBP1	S1_all_tissues_zeros_kept	0.183632	29	0.34032	0.280591
ENSG00000146701	MDH2	S1_all_tissues_zeros_kept	0.487192	29	0.00735204	0.737918
ENSG00000146729	GBAS	S1_all_tissues_zeros_kept	0.831034	29	2.38678e-08	0.988689
ENSG00000146731	CCT6A	S1_all_tissues_zeros_kept	0.189948	29	0.323676	0.288817
ENSG00000146733	PSPH	S1_all_tissues_zeros_kept	0.435961	29	0.018074	0.665381
ENSG00000146802	TMEM168	S1_all_tissues_zeros_kept	0.285327	29	0.133528	0.429092
ENSG00000146826	C7orf43	S1_all_tissues_zeros_kept	0.318719	29	0.0919639	0.486161
ENSG00000146828	SLC12A9	S1_all_tissues_zeros_kept	0.253112	29	0.185243	0.379734
ENSG00000146830	GIGYF1	S1_all_tissues_zeros_kept	0.26555	29	0.16384	0.397429
ENSG00000146833	TRIM4	S1_all_tissues_zeros_kept	0.0394089	29	0.839161	0.128278
ENSG00000146834	MEPCE	S1_all_tissues_zeros_kept	0.321182	29	0.0893408	0.489632
ENSG00000146842	TMEM209	S1_all_tissues_zeros_kept	0.544828	29	0.00224299	0.808783
ENSG00000146858	ZC3HAV1L	S1_all_tissues_zeros_kept	0.656531	29	0.000109812	0.906727
ENSG00000146872	TLK2	S1_all_tissues_zeros_kept	0.176847	29	0.358764	0.272665
ENSG00000146904	EPHA1	S1_all_tissues_zeros_kept	0.359827	29	0.0552038	0.549572
ENSG00000146909	NOM1	S1_all_tissues_zeros_kept	-0.255298	29	0.181346	0.00904027
ENSG00000146918	NCAPG2	S1_all_tissues_zeros_kept	0.178846	29	0.353271	0.274679
ENSG00000146926	ASB10	S1_all_tissues_zeros_kept	1	29	0	0.997943
ENSG00000146955	RAB19	S1_all_tissues_zeros_kept	0.301089	29	0.112473	0.453085
ENSG00000146963	LUC7L2	S1_all_tissues_zeros_kept	0.145813	29	0.450409	0.235347
ENSG00000146966	DENND2A	S1_all_tissues_zeros_kept	0.0607409	29	0.75428	0.146658
ENSG00000147003	TMEM27	S1_all_tissues_zeros_kept	-0.00605647	29	0.975125	0.0956727
ENSG00000147010	SH3KBP1	S1_all_tissues_zeros_kept	0.693596	29	3.02056e-05	0.932819
ENSG00000147036	LANCL3	S1_all_tissues_zeros_kept	-0.0753336	29	0.697726	0.0571551
ENSG00000147044	CASK	S1_all_tissues_zeros_kept	0.42266	29	0.0223591	0.6485
ENSG00000147050	KDM6A	S1_all_tissues_zeros_kept	-0.117502	29	0.543822	0.0386889
ENSG00000147059	SPIN2A	S1_all_tissues_zeros_kept	0.106964	29	0.580763	0.191302
ENSG00000147065	MSN	S1_all_tissues_zeros_kept	0.840887	29	1.12822e-08	0.989846
ENSG00000147081	AKAP4	S1_all_tissues_zeros_kept	0.32516	29	0.085225	0.495159
ENSG00000147099	HDAC8	S1_all_tissues_zeros_kept	-0.127356	29	0.510312	0.0361183
ENSG00000147100	SLC16A2	S1_all_tissues_zeros_kept	0.585868	29	0.000839896	0.846144
ENSG00000147123	NDUFB11	S1_all_tissues_zeros_kept	0.352217	29	0.0609486	0.537746
ENSG00000147130	ZMYM3	S1_all_tissues_zeros_kept	0.54335	29	0.00231844	0.807155
ENSG00000147133	TAF1	S1_all_tissues_zeros_kept	0.215324	29	0.26196	0.325321
ENSG00000147140	NONO	S1_all_tissues_zeros_kept	0.694089	29	2.96544e-05	0.933205
ENSG00000147144	CCDC120	S1_all_tissues_zeros_kept	0.138077	29	0.475047	0.226435
ENSG00000147155	EBP	S1_all_tissues_zeros_kept	0.247075	29	0.196304	0.370351
ENSG00000147162	OGT	S1_all_tissues_zeros_kept	0.0763547	29	0.693824	0.15904
ENSG00000147164	SNX12	S1_all_tissues_zeros_kept	0.266995	29	0.161473	0.399957
ENSG00000147166	ITGB1BP2	S1_all_tissues_zeros_kept	0.454771	29	0.0131903	0.694816
ENSG00000147202	DIAPH2	S1_all_tissues_zeros_kept	0.437931	29	0.0175011	0.667566
ENSG00000147206	NXF3	S1_all_tissues_zeros_kept	0.31558	29	0.095391	0.476907
ENSG00000147224	PRPS1	S1_all_tissues_zeros_kept	0.544335	29	0.00226791	0.808012
ENSG00000147234	FRMPD3	S1_all_tissues_zeros_kept	0.365398	29	0.051275	0.558398
ENSG00000147251	DOCK11	S1_all_tissues_zeros_kept	0.504643	29	0.00524235	0.760883
ENSG00000147255	IGSF1	S1_all_tissues_zeros_kept	0.411974	29	0.0263763	0.631148
ENSG00000147256	ARHGAP36	S1_all_tissues_zeros_kept	0.31382	29	0.0973538	0.473907
ENSG00000147257	GPC3	S1_all_tissues_zeros_kept	0.332017	29	0.078472	0.505441
ENSG00000147274	RBMX	S1_all_tissues_zeros_kept	0.517241	29	0.00406146	0.775793
ENSG00000147324	MFHAS1	S1_all_tissues_zeros_kept	0.0644857	29	0.739635	0.149529
ENSG00000147378	FATE1	S1_all_tissues_zeros_kept	0.105807	29	0.584888	0.189717
ENSG00000147381	MAGEA4	S1_all_tissues_zeros_kept	0.322856	29	0.0875907	0.492245
ENSG00000147383	NSDHL	S1_all_tissues_zeros_kept	0.507882	29	0.00491388	0.76431
ENSG00000147394	ZNF185	S1_all_tissues_zeros_kept	0.717869	29	1.16545e-05	0.945973
ENSG00000147400	CETN2	S1_all_tissues_zeros_kept	0.400985	29	0.031101	0.612554
ENSG00000147403	RPL10	S1_all_tissues_zeros_kept	0.166502	29	0.387999	0.259854
ENSG00000147416	ATP6V1B2	S1_all_tissues_zeros_kept	0.644828	29	0.000159322	0.897215
ENSG00000147419	CCDC25	S1_all_tissues_zeros_kept	0.123153	29	0.52448	0.209554
ENSG00000147421	HMBOX1	S1_all_tissues_zeros_kept	0.410372	29	0.0270262	0.628063
ENSG00000147439	BIN3	S1_all_tissues_zeros_kept	0.10197	29	0.598646	0.185733
ENSG00000147454	SLC25A37	S1_all_tissues_zeros_kept	0.0394186	29	0.839122	0.128492
ENSG00000147457	CHMP7	S1_all_tissues_zeros_kept	0.257635	29	0.177244	0.385904
ENSG00000147459	DOCK5	S1_all_tissues_zeros_kept	0.623968	29	0.000298072	0.879563
ENSG00000147465	STAR	S1_all_tissues_zeros_kept	0.369042	29	0.0488264	0.563882
ENSG00000147471	PROSC	S1_all_tissues_zeros_kept	0.206897	29	0.281539	0.311782
ENSG00000147475	ERLIN2	S1_all_tissues_zeros_kept	0.577833	29	0.00102838	0.838775
ENSG00000147485	PXDNL	S1_all_tissues_zeros_kept	0.0608944	29	0.753678	0.146744
ENSG00000147509	RGS20	S1_all_tissues_zeros_kept	0.514018	29	0.00433947	0.771937
ENSG00000147526	TACC1	S1_all_tissues_zeros_kept	0.13202	29	0.494814	0.219709
ENSG00000147533	GOLGA7	S1_all_tissues_zeros_kept	0.335961	29	0.0747784	0.511054
ENSG00000147535	PLPP5	S1_all_tissues_zeros_kept	0.271052	29	0.154956	0.406684
ENSG00000147548	WHSC1L1	S1_all_tissues_zeros_kept	0.405911	29	0.0289047	0.621208
ENSG00000147571	CRH	S1_all_tissues_zeros_kept	0.41168	29	0.0264944	0.630077
ENSG00000147573	TRIM55	S1_all_tissues_zeros_kept	0.28365	29	0.135927	0.42635
ENSG00000147576	ADHFE1	S1_all_tissues_zeros_kept	0.607882	29	0.000469069	0.866538
ENSG00000147586	MRPS28	S1_all_tissues_zeros_kept	-0.27734	29	0.145233	0.00664096
ENSG00000147588	PMP2	S1_all_tissues_zeros_kept	0.400184	29	0.0314706	0.61084
ENSG00000147592	LACTB2	S1_all_tissues_zeros_kept	0.808867	29	1.09592e-07	0.983676
ENSG00000147601	TERF1	S1_all_tissues_zeros_kept	0.0905389	29	0.640442	0.174336
ENSG00000147604	RPL7	S1_all_tissues_zeros_kept	0.375862	29	0.0444938	0.573222
ENSG00000147606	SLC26A7	S1_all_tissues_zeros_kept	0.200081	29	0.298042	0.301757
ENSG00000147614	ATP6V0D2	S1_all_tissues_zeros_kept	0.24644	29	0.197492	0.369195
ENSG00000147647	DPYS	S1_all_tissues_zeros_kept	0.638204	29	0.000195349	0.891645
ENSG00000147649	MTDH	S1_all_tissues_zeros_kept	0.306404	29	0.105962	0.461054
ENSG00000147650	LRP12	S1_all_tissues_zeros_kept	0.0944359	29	0.626064	0.178363
ENSG00000147654	EBAG9	S1_all_tissues_zeros_kept	0.358198	29	0.0563964	0.546487
ENSG00000147669	POLR2K	S1_all_tissues_zeros_kept	-0.0212346	29	0.912938	0.088389
ENSG00000147676	MAL2	S1_all_tissues_zeros_kept	0.24377	29	0.202548	0.36551
ENSG00000147677	EIF3H	S1_all_tissues_zeros_kept	0.174877	29	0.364229	0.270951
ENSG00000147679	UTP23	S1_all_tissues_zeros_kept	0.240527	29	0.208807	0.360883
ENSG00000147684	NDUFB9	S1_all_tissues_zeros_kept	0.520197	29	0.00382005	0.779049
ENSG00000147687	TATDN1	S1_all_tissues_zeros_kept	-0.0219239	29	0.910123	0.0877892
ENSG00000147689	FAM83A	S1_all_tissues_zeros_kept	0.231802	29	0.226299	0.348543
ENSG00000147697	GSDMC	S1_all_tissues_zeros_kept	0.108547	29	0.575145	0.193059
ENSG00000147804	SLC39A4	S1_all_tissues_zeros_kept	0.228332	29	0.233522	0.344002
ENSG00000147853	AK3	S1_all_tissues_zeros_kept	0.601478	29	0.000558118	0.861397
ENSG00000147854	UHRF2	S1_all_tissues_zeros_kept	0.445923	29	0.0153292	0.680034
ENSG00000147862	NFIB	S1_all_tissues_zeros_kept	0.426601	29	0.0210106	0.653599
ENSG00000147872	PLIN2	S1_all_tissues_zeros_kept	0.368966	29	0.0488769	0.563582
ENSG00000147874	HAUS6	S1_all_tissues_zeros_kept	0.502526	29	0.00546696	0.757284
ENSG00000147889	CDKN2A	S1_all_tissues_zeros_kept	0.425928	29	0.0212359	0.652828
ENSG00000147894	C9orf72	S1_all_tissues_zeros_kept	0.210268	29	0.273597	0.317009
ENSG00000147905	ZCCHC7	S1_all_tissues_zeros_kept	-0.0440876	29	0.820357	0.0733933
ENSG00000147955	SIGMAR1	S1_all_tissues_zeros_kept	0.466795	29	0.0106875	0.711697
ENSG00000148019	CEP78	S1_all_tissues_zeros_kept	-0.177636	29	0.356589	0.0230077
ENSG00000148053	NTRK2	S1_all_tissues_zeros_kept	0.322766	29	0.0876844	0.491902
ENSG00000148057	IDNK	S1_all_tissues_zeros_kept	0.305419	29	0.107147	0.459126
ENSG00000148082	SHC3	S1_all_tissues_zeros_kept	0.312154	29	0.0992406	0.47108
ENSG00000148090	AUH	S1_all_tissues_zeros_kept	0.775862	29	7.62094e-07	0.972108
ENSG00000148123	PLPPR1	S1_all_tissues_zeros_kept	0.493403	29	0.0065312	0.745373
ENSG00000148143	ZNF462	S1_all_tissues_zeros_kept	0.140923	29	0.465902	0.230034
ENSG00000148153	INIP	S1_all_tissues_zeros_kept	-0.111961	29	0.56311	0.040874
ENSG00000148154	UGCG	S1_all_tissues_zeros_kept	0.173019	29	0.369426	0.268338
ENSG00000148156	ACTL7B	S1_all_tissues_zeros_kept	0.598088	29	0.000611003	0.857541
ENSG00000148158	SNX30	S1_all_tissues_zeros_kept	0.393596	29	0.0346469	0.599143
ENSG00000148175	STOM	S1_all_tissues_zeros_kept	0.466502	29	0.0107432	0.710968
ENSG00000148180	GSN	S1_all_tissues_zeros_kept	0.613793	29	0.000398211	0.871251
ENSG00000148187	MRRF	S1_all_tissues_zeros_kept	0.45468	29	0.0132111	0.694559
ENSG00000148204	CRB2	S1_all_tissues_zeros_kept	0.319613	29	0.0910051	0.486932
ENSG00000148218	ALAD	S1_all_tissues_zeros_kept	0.517241	29	0.00406146	0.775793
ENSG00000148219	ASTN2	S1_all_tissues_zeros_kept	0.243251	29	0.203542	0.364225
ENSG00000148229	POLE3	S1_all_tissues_zeros_kept	0.57516	29	0.00109876	0.836975
ENSG00000148248	SURF4	S1_all_tissues_zeros_kept	0.506897	29	0.00501189	0.763325
ENSG00000148290	SURF1	S1_all_tissues_zeros_kept	0.6	29	0.000580658	0.860026
ENSG00000148291	SURF2	S1_all_tissues_zeros_kept	-0.0887137	29	0.64722	0.0502571
ENSG00000148296	SURF6	S1_all_tissues_zeros_kept	-0.0769041	29	0.691727	0.0565124
ENSG00000148297	MED22	S1_all_tissues_zeros_kept	0.420197	29	0.0232373	0.643231
ENSG00000148300	REXO4	S1_all_tissues_zeros_kept	0.189136	29	0.325787	0.287361
ENSG00000148303	RPL7A	S1_all_tissues_zeros_kept	0.0315271	29	0.87103	0.121594
ENSG00000148308	GTF3C5	S1_all_tissues_zeros_kept	0.398522	29	0.0322488	0.607755
ENSG00000148331	ASB6	S1_all_tissues_zeros_kept	0.528306	29	0.00321982	0.790531
ENSG00000148334	PTGES2	S1_all_tissues_zeros_kept	0.209852	29	0.274569	0.316281
ENSG00000148335	NTMT1	S1_all_tissues_zeros_kept	0.280084	29	0.141132	0.421337
ENSG00000148337	CIZ1	S1_all_tissues_zeros_kept	0.0586207	29	0.762609	0.144944
ENSG00000148339	SLC25A25	S1_all_tissues_zeros_kept	0.0970443	29	0.616514	0.181534
ENSG00000148341	SH3GLB2	S1_all_tissues_zeros_kept	0.43202	29	0.0192662	0.65994
ENSG00000148343	FAM73B	S1_all_tissues_zeros_kept	0.383677	29	0.0399111	0.584105
ENSG00000148346	LCN2	S1_all_tissues_zeros_kept	0.436022	29	0.0180558	0.665596
ENSG00000148356	LRSAM1	S1_all_tissues_zeros_kept	0.3	29	0.113843	0.451114
ENSG00000148358	GPR107	S1_all_tissues_zeros_kept	0.340562	29	0.0706399	0.518723
ENSG00000148362	C9orf142	S1_all_tissues_zeros_kept	0.08642	29	0.655777	0.170051
ENSG00000148384	INPP5E	S1_all_tissues_zeros_kept	0.0582466	29	0.764082	0.14443
ENSG00000148396	SEC16A	S1_all_tissues_zeros_kept	0.557704	29	0.00167044	0.822065
ENSG00000148399	DPH7	S1_all_tissues_zeros_kept	0.174599	29	0.365003	0.270651
ENSG00000148400	NOTCH1	S1_all_tissues_zeros_kept	0.388471	29	0.037292	0.591859
ENSG00000148408	CACNA1B	S1_all_tissues_zeros_kept	0.222618	29	0.245749	0.335947
ENSG00000148411	NACC2	S1_all_tissues_zeros_kept	0.544177	29	0.00227592	0.807841
ENSG00000148426	PROSER2	S1_all_tissues_zeros_kept	0.413717	29	0.0256836	0.633548
ENSG00000148429	USP6NL	S1_all_tissues_zeros_kept	0.184259	29	0.338645	0.281491
ENSG00000148444	COMMD3	S1_all_tissues_zeros_kept	-0.385222	29	0.0390518	0.00141388
ENSG00000148450	MSRB2	S1_all_tissues_zeros_kept	0.539901	29	0.00250305	0.80437
ENSG00000148468	FAM171A1	S1_all_tissues_zeros_kept	0.693103	29	3.0766e-05	0.932476
ENSG00000148481	FAM188A	S1_all_tissues_zeros_kept	0.504926	29	0.00521291	0.761225
ENSG00000148482	SLC39A12	S1_all_tissues_zeros_kept	0.527335	29	0.00328714	0.787832
ENSG00000148483	TMEM236	S1_all_tissues_zeros_kept	0.583749	29	0.000886411	0.84443
ENSG00000148484	RSU1	S1_all_tissues_zeros_kept	0.246798	29	0.196821	0.369837
ENSG00000148498	PARD3	S1_all_tissues_zeros_kept	0.669951	29	7.02508e-05	0.91868
ENSG00000148516	ZEB1	S1_all_tissues_zeros_kept	0.402156	29	0.0305672	0.614781
ENSG00000148541	FAM13C	S1_all_tissues_zeros_kept	0.0854191	29	0.659525	0.168509
ENSG00000148572	NRBF2	S1_all_tissues_zeros_kept	0.712649	29	1.44186e-05	0.943231
ENSG00000148584	A1CF	S1_all_tissues_zeros_kept	0.688506	29	3.64623e-05	0.930463
ENSG00000148604	RGR	S1_all_tissues_zeros_kept	1	29	0	0.997943
ENSG00000148606	POLR3A	S1_all_tissues_zeros_kept	-0.0638088	29	0.742276	0.0637104
ENSG00000148634	HERC4	S1_all_tissues_zeros_kept	-0.0497537	29	0.797715	0.0702656
ENSG00000148655	C10orf11	S1_all_tissues_zeros_kept	0.342407	29	0.0690313	0.521979
ENSG00000148660	CAMK2G	S1_all_tissues_zeros_kept	0.803941	29	1.49753e-07	0.981919
ENSG00000148671	ADIRF	S1_all_tissues_zeros_kept	0.455665	29	0.0129888	0.696144
ENSG00000148672	GLUD1	S1_all_tissues_zeros_kept	0.433498	29	0.0188117	0.662425
ENSG00000148677	ANKRD1	S1_all_tissues_zeros_kept	0.0616177	29	0.750844	0.147515
ENSG00000148688	RPP30	S1_all_tissues_zeros_kept	0.131034	29	0.498068	0.218723
ENSG00000148690	FRA10AC1	S1_all_tissues_zeros_kept	0.2185	29	0.254818	0.329135
ENSG00000148700	ADD3	S1_all_tissues_zeros_kept	0.64532	29	0.000156895	0.897729
ENSG00000148702	HABP2	S1_all_tissues_zeros_kept	0.0927753	29	0.632175	0.176478
ENSG00000148719	DNAJB12	S1_all_tissues_zeros_kept	0.1133	29	0.558418	0.198672
ENSG00000148730	EIF4EBP2	S1_all_tissues_zeros_kept	0.197537	29	0.304353	0.297686
ENSG00000148735	PLEKHS1	S1_all_tissues_zeros_kept	0.30886	29	0.103051	0.465167
ENSG00000148737	TCF7L2	S1_all_tissues_zeros_kept	0.212892	29	0.267517	0.322065
ENSG00000148795	CYP17A1	S1_all_tissues_zeros_kept	0.439564	29	0.0170378	0.67048
ENSG00000148798	INA	S1_all_tissues_zeros_kept	0.71609	29	1.25376e-05	0.944602
ENSG00000148803	FUOM	S1_all_tissues_zeros_kept	0.587389	29	0.000807829	0.846829
ENSG00000148824	MTG1	S1_all_tissues_zeros_kept	0.261576	29	0.170477	0.391431
ENSG00000148832	PAOX	S1_all_tissues_zeros_kept	0.15449	29	0.423608	0.245544
ENSG00000148834	GSTO1	S1_all_tissues_zeros_kept	0.434483	29	0.0185137	0.663796
ENSG00000148841	ITPRIP	S1_all_tissues_zeros_kept	0.468966	29	0.010281	0.714567
ENSG00000148842	CNNM2	S1_all_tissues_zeros_kept	0.625015	29	0.000289157	0.880249
ENSG00000148843	PDCD11	S1_all_tissues_zeros_kept	0.24335	29	0.203352	0.364696
ENSG00000148848	ADAM12	S1_all_tissues_zeros_kept	0.241945	29	0.206054	0.362939
ENSG00000148908	RGS10	S1_all_tissues_zeros_kept	0.547783	29	0.00209844	0.811825
ENSG00000148925	BTBD10	S1_all_tissues_zeros_kept	0.0791932	29	0.683015	0.161654
ENSG00000148942	SLC5A12	S1_all_tissues_zeros_kept	0.41428	29	0.0254631	0.634233
ENSG00000148943	LIN7C	S1_all_tissues_zeros_kept	0.369951	29	0.0482306	0.564867
ENSG00000148950	IMMP1L	S1_all_tissues_zeros_kept	0.0250932	29	0.897194	0.117181
ENSG00000149016	TUT1	S1_all_tissues_zeros_kept	-0.0775958	29	0.689091	0.0559983
ENSG00000149021	SCGB1A1	S1_all_tissues_zeros_kept	0.21548	29	0.261606	0.325493
ENSG00000149084	HSD17B12	S1_all_tissues_zeros_kept	0.258128	29	0.176388	0.386975
ENSG00000149089	APIP	S1_all_tissues_zeros_kept	0.620197	29	0.00033224	0.876135
ENSG00000149100	EIF3M	S1_all_tissues_zeros_kept	-0.0793103	29	0.682571	0.0552699
ENSG00000149115	TNKS1BP1	S1_all_tissues_zeros_kept	0.673892	29	6.13516e-05	0.921422
ENSG00000149124	GLYAT	S1_all_tissues_zeros_kept	0.528731	29	0.00319074	0.791388
ENSG00000149131	SERPING1	S1_all_tissues_zeros_kept	0.314286	29	0.0968318	0.47455
ENSG00000149136	SSRP1	S1_all_tissues_zeros_kept	0.615764	29	0.000376782	0.872322
ENSG00000149177	PTPRJ	S1_all_tissues_zeros_kept	0.376847	29	0.043894	0.574422
ENSG00000149179	C11orf49	S1_all_tissues_zeros_kept	0.553278	29	0.00185098	0.817181
ENSG00000149182	ARFGAP2	S1_all_tissues_zeros_kept	0.25274	29	0.18591	0.379649
ENSG00000149187	CELF1	S1_all_tissues_zeros_kept	0.203448	29	0.289814	0.306084
ENSG00000149196	C11orf73	S1_all_tissues_zeros_kept	0.619704	29	0.000336948	0.875793
ENSG00000149201	CCDC81	S1_all_tissues_zeros_kept	0.0691811	29	0.721397	0.153171
ENSG00000149212	SESN3	S1_all_tissues_zeros_kept	0.0951208	29	0.623551	0.179049
ENSG00000149218	ENDOD1	S1_all_tissues_zeros_kept	0.741872	29	4.11038e-06	0.959554
ENSG00000149231	CCDC82	S1_all_tissues_zeros_kept	0.203453	29	0.289803	0.306213
ENSG00000149256	TENM4	S1_all_tissues_zeros_kept	0.281371	29	0.139237	0.423265
ENSG00000149257	SERPINH1	S1_all_tissues_zeros_kept	0.842857	29	9.65342e-09	0.990103
ENSG00000149260	CAPN5	S1_all_tissues_zeros_kept	0.789506	29	3.5634e-07	0.976735
ENSG00000149262	INTS4	S1_all_tissues_zeros_kept	0.194581	29	0.311792	0.294344
ENSG00000149269	PAK1	S1_all_tissues_zeros_kept	0.657635	29	0.000105934	0.907498
ENSG00000149273	RPS3	S1_all_tissues_zeros_kept	0.232512	29	0.224839	0.349614
ENSG00000149289	ZC3H12C	S1_all_tissues_zeros_kept	0.0623103	29	0.748132	0.148286
ENSG00000149294	NCAM1	S1_all_tissues_zeros_kept	0.782088	29	5.42318e-07	0.974079
ENSG00000149300	C11orf52	S1_all_tissues_zeros_kept	0.436678	29	0.0178636	0.66611
ENSG00000149308	NPAT	S1_all_tissues_zeros_kept	0.513746	29	0.00436371	0.771165
ENSG00000149313	AASDHPPT	S1_all_tissues_zeros_kept	0.532512	29	0.00294175	0.795373
ENSG00000149346	SLX4IP	S1_all_tissues_zeros_kept	-0.0101606	29	0.958281	0.0940446
ENSG00000149357	LAMTOR1	S1_all_tissues_zeros_kept	0.462126	29	0.0116074	0.705099
ENSG00000149380	P4HA3	S1_all_tissues_zeros_kept	0.269346	29	0.157673	0.403556
ENSG00000149418	ST14	S1_all_tissues_zeros_kept	0.853022	29	4.17003e-09	0.991645
ENSG00000149428	HYOU1	S1_all_tissues_zeros_kept	0.33399	29	0.0766068	0.508526
ENSG00000149452	SLC22A8	S1_all_tissues_zeros_kept	0.346581	29	0.0654962	0.52922
ENSG00000149474	CSRP2BP	S1_all_tissues_zeros_kept	0.629701	29	0.000252063	0.885219
ENSG00000149476	TKFC	S1_all_tissues_zeros_kept	0.63399	29	0.00022186	0.888046
ENSG00000149480	MTA2	S1_all_tissues_zeros_kept	0.504926	29	0.00521291	0.761225
ENSG00000149483	TMEM138	S1_all_tissues_zeros_kept	0.356481	29	0.0576749	0.543745
ENSG00000149485	FADS1	S1_all_tissues_zeros_kept	0.497408	29	0.00604416	0.750043
ENSG00000149499	EML3	S1_all_tissues_zeros_kept	0.5085	29	0.00485325	0.765338
ENSG00000149503	INCENP	S1_all_tissues_zeros_kept	0.261987	29	0.169782	0.392159
ENSG00000149532	CPSF7	S1_all_tissues_zeros_kept	0.387685	29	0.0377121	0.59066
ENSG00000149541	B3GAT3	S1_all_tissues_zeros_kept	0.157921	29	0.413258	0.250428
ENSG00000149547	EI24	S1_all_tissues_zeros_kept	0.534816	29	0.00279836	0.797729
ENSG00000149548	CCDC15	S1_all_tissues_zeros_kept	0.384751	29	0.0393121	0.586075
ENSG00000149554	CHEK1	S1_all_tissues_zeros_kept	0.499063	29	0.00585213	0.752057
ENSG00000149557	FEZ1	S1_all_tissues_zeros_kept	-0.0623334	29	0.748042	0.0642245
ENSG00000149564	ESAM	S1_all_tissues_zeros_kept	0.696552	29	2.70309e-05	0.934704
ENSG00000149571	KIRREL3	S1_all_tissues_zeros_kept	0.292979	29	0.122974	0.438903
ENSG00000149575	SCN2B	S1_all_tissues_zeros_kept	0.35115	29	0.0617897	0.536118
ENSG00000149577	SIDT2	S1_all_tissues_zeros_kept	0.597537	29	0.000620003	0.855741
ENSG00000149582	TMEM25	S1_all_tissues_zeros_kept	0.0225877	29	0.907413	0.115124
ENSG00000149591	TAGLN	S1_all_tissues_zeros_kept	0.76601	29	1.27811e-06	0.968166
ENSG00000149599	DUSP15	S1_all_tissues_zeros_kept	0.269864	29	0.156845	0.404027
ENSG00000149600	COMMD7	S1_all_tissues_zeros_kept	0.0819756	29	0.67248	0.164396
ENSG00000149636	DSN1	S1_all_tissues_zeros_kept	0.555665	29	0.00175163	0.819923
ENSG00000149639	SOGA1	S1_all_tissues_zeros_kept	0.353738	29	0.0597643	0.539717
ENSG00000149657	LSM14B	S1_all_tissues_zeros_kept	0.423153	29	0.0221867	0.649229
ENSG00000149658	YTHDF1	S1_all_tissues_zeros_kept	0.316256	29	0.0946449	0.480206
ENSG00000149679	CABLES2	S1_all_tissues_zeros_kept	0.101442	29	0.600553	0.185047
ENSG00000149716	ORAOV1	S1_all_tissues_zeros_kept	0.0278884	29	0.885812	0.119323
ENSG00000149735	GPHA2	S1_all_tissues_zeros_kept	0.489668	29	0.00701491	0.740788
ENSG00000149742	SLC22A9	S1_all_tissues_zeros_kept	0.421153	29	0.0228931	0.645844
ENSG00000149743	TRPT1	S1_all_tissues_zeros_kept	0.240394	29	0.209067	0.360368
ENSG00000149781	FERMT3	S1_all_tissues_zeros_kept	0.85658	29	3.0624e-09	0.991988
ENSG00000149782	PLCB3	S1_all_tissues_zeros_kept	0.526912	29	0.00331683	0.786033
ENSG00000149792	MRPL49	S1_all_tissues_zeros_kept	0.205419	29	0.285067	0.309383
ENSG00000149806	FAU	S1_all_tissues_zeros_kept	-0.371598	29	0.0471651	0.00184233
ENSG00000149809	TM7SF2	S1_all_tissues_zeros_kept	0.402725	29	0.0303105	0.616067
ENSG00000149823	VPS51	S1_all_tissues_zeros_kept	0.00935961	29	0.961567	0.105056
ENSG00000149923	PPP4C	S1_all_tissues_zeros_kept	0.230542	29	0.228904	0.347515
ENSG00000149925	ALDOA	S1_all_tissues_zeros_kept	0.489655	29	0.00701665	0.740317
ENSG00000149927	DOC2A	S1_all_tissues_zeros_kept	0.279454	29	0.142065	0.42018
ENSG00000149929	HIRIP3	S1_all_tissues_zeros_kept	0.261479	29	0.170641	0.391131
ENSG00000149930	TAOK2	S1_all_tissues_zeros_kept	0.218227	29	0.255427	0.328492
ENSG00000149948	HMGA2	S1_all_tissues_zeros_kept	0.128767	29	0.505596	0.216838
ENSG00000149968	MMP3	S1_all_tissues_zeros_kept	-0.0325101	29	0.867043	0.0813625
ENSG00000149970	CNKSR2	S1_all_tissues_zeros_kept	-0.0760971	29	0.694807	0.0566838
ENSG00000149972	CNTN5	S1_all_tissues_zeros_kept	-0.108424	29	0.575582	0.0427592
ENSG00000150054	MPP7	S1_all_tissues_zeros_kept	0.582266	29	0.000920277	0.843659
ENSG00000150093	ITGB1	S1_all_tissues_zeros_kept	0.670443	29	6.90789e-05	0.919023
ENSG00000150275	PCDH15	S1_all_tissues_zeros_kept	0.0707268	29	0.715426	0.154456
ENSG00000150281	CTF1	S1_all_tissues_zeros_kept	0.654574	29	0.000116991	0.904841
ENSG00000150316	CWC15	S1_all_tissues_zeros_kept	-0.127586	29	0.50954	0.0360326
ENSG00000150394	CDH8	S1_all_tissues_zeros_kept	0.555367	29	0.00176376	0.819494
ENSG00000150401	DCUN1D2	S1_all_tissues_zeros_kept	0.0968196	29	0.617334	0.181191
ENSG00000150403	TMCO3	S1_all_tissues_zeros_kept	0.378543	29	0.0428771	0.577421
ENSG00000150455	TIRAP	S1_all_tissues_zeros_kept	0.261088	29	0.171305	0.39096
ENSG00000150456	N6AMT2	S1_all_tissues_zeros_kept	0.519778	29	0.00385349	0.778792
ENSG00000150457	LATS2	S1_all_tissues_zeros_kept	0.0963711	29	0.618973	0.180591
ENSG00000150459	SAP18	S1_all_tissues_zeros_kept	-0.20101	29	0.295757	0.0171808
ENSG00000150471	ADGRL3	S1_all_tissues_zeros_kept	0.4535	29	0.0134814	0.693016
ENSG00000150477	KIAA1328	S1_all_tissues_zeros_kept	0.216908	29	0.258382	0.327035
ENSG00000150510	FAM124A	S1_all_tissues_zeros_kept	0.358297	29	0.0563232	0.546658
ENSG00000150526	MIA2	S1_all_tissues_zeros_kept	0.462625	29	0.0115061	0.705955
ENSG00000150540	HNMT	S1_all_tissues_zeros_kept	0.536946	29	0.00267124	0.800514
ENSG00000150551	LYPD1	S1_all_tissues_zeros_kept	0.403453	29	0.0299844	0.617695
ENSG00000150556	LYPD6B	S1_all_tissues_zeros_kept	0.0906103	29	0.640177	0.174422
ENSG00000150593	PDCD4	S1_all_tissues_zeros_kept	0.70197	29	2.19765e-05	0.938003
ENSG00000150594	ADRA2A	S1_all_tissues_zeros_kept	0.658752	29	0.000102139	0.908869
ENSG00000150625	GPM6A	S1_all_tissues_zeros_kept	0.171019	29	0.37507	0.266024
ENSG00000150627	WDR17	S1_all_tissues_zeros_kept	0.0965486	29	0.618324	0.180848
ENSG00000150630	VEGFC	S1_all_tissues_zeros_kept	-0.0237697	29	0.90259	0.0864182
ENSG00000150637	CD226	S1_all_tissues_zeros_kept	0.412089	29	0.02633	0.63132
ENSG00000150656	CNDP1	S1_all_tissues_zeros_kept	0.0747536	29	0.699946	0.157369
ENSG00000150667	FSIP1	S1_all_tissues_zeros_kept	0.674843	29	5.936e-05	0.922065
ENSG00000150687	PRSS23	S1_all_tissues_zeros_kept	0.482504	29	0.008028	0.732605
ENSG00000150712	MTMR12	S1_all_tissues_zeros_kept	0.204951	29	0.286188	0.308955
ENSG00000150722	PPP1R1C	S1_all_tissues_zeros_kept	0.719623	29	1.08386e-05	0.947644
ENSG00000150753	CCT5	S1_all_tissues_zeros_kept	0.4133	29	0.0258476	0.633119
ENSG00000150756	FAM173B	S1_all_tissues_zeros_kept	0.0846216	29	0.662517	0.167823
ENSG00000150760	DOCK1	S1_all_tissues_zeros_kept	0.53202	29	0.00297321	0.794859
ENSG00000150764	DIXDC1	S1_all_tissues_zeros_kept	0.357206	29	0.0571317	0.544602
ENSG00000150768	DLAT	S1_all_tissues_zeros_kept	0.558621	29	0.00163502	0.822879
ENSG00000150773	PIH1D2	S1_all_tissues_zeros_kept	0.121738	29	0.529289	0.207584
ENSG00000150776	C11orf57	S1_all_tissues_zeros_kept	0.23733	29	0.215107	0.355998
ENSG00000150779	TIMM8B	S1_all_tissues_zeros_kept	0.357433	29	0.0569628	0.544773
ENSG00000150782	IL18	S1_all_tissues_zeros_kept	0.731707	29	6.47632e-06	0.955313
ENSG00000150783	TEX12	S1_all_tissues_zeros_kept	0.489668	29	0.00701491	0.740788
ENSG00000150787	PTS	S1_all_tissues_zeros_kept	0.484831	29	0.0076862	0.735433
ENSG00000150867	PIP4K2A	S1_all_tissues_zeros_kept	0.609852	29	0.000444309	0.868552
ENSG00000150873	C2orf50	S1_all_tissues_zeros_kept	0.362421	29	0.0533456	0.554327
ENSG00000150893	FREM2	S1_all_tissues_zeros_kept	0.461632	29	0.0117085	0.70407
ENSG00000150907	FOXO1	S1_all_tissues_zeros_kept	0.566304	29	0.00136287	0.829006
ENSG00000150938	CRIM1	S1_all_tissues_zeros_kept	0.576189	29	0.00107119	0.837661
ENSG00000150961	SEC24D	S1_all_tissues_zeros_kept	0.568789	29	0.00128369	0.831405
ENSG00000150967	ABCB9	S1_all_tissues_zeros_kept	-0.231593	29	0.22673	0.0119966
ENSG00000150977	RILPL2	S1_all_tissues_zeros_kept	0.309823	29	0.101926	0.466795
ENSG00000150990	DHX37	S1_all_tissues_zeros_kept	0.223187	29	0.244512	0.337404
ENSG00000150995	ITPR1	S1_all_tissues_zeros_kept	0.501293	29	0.00560154	0.755313
ENSG00000151005	TKTL2	S1_all_tissues_zeros_kept	0.362421	29	0.0533456	0.554327
ENSG00000151012	SLC7A11	S1_all_tissues_zeros_kept	0.0265424	29	0.89129	0.118209
ENSG00000151023	ENKUR	S1_all_tissues_zeros_kept	0.0344508	29	0.859183	0.124379
ENSG00000151025	GPR158	S1_all_tissues_zeros_kept	0.322856	29	0.0875907	0.492245
ENSG00000151033	LYZL2	S1_all_tissues_zeros_kept	0.719623	29	1.08386e-05	0.947644
ENSG00000151065	DCP1B	S1_all_tissues_zeros_kept	0.475674	29	0.009106	0.721894
ENSG00000151090	THRB	S1_all_tissues_zeros_kept	0.0123326	29	0.949373	0.107926
ENSG00000151092	NGLY1	S1_all_tissues_zeros_kept	0.218227	29	0.255427	0.328492
ENSG00000151093	OXSM	S1_all_tissues_zeros_kept	0.66486	29	8.3439e-05	0.914182
ENSG00000151116	UEVLD	S1_all_tissues_zeros_kept	0.185222	29	0.336084	0.283162
ENSG00000151131	C12orf45	S1_all_tissues_zeros_kept	-0.0257943	29	0.894337	0.0852185
ENSG00000151135	TMEM263	S1_all_tissues_zeros_kept	0.0714286	29	0.71272	0.155013
ENSG00000151148	UBE3B	S1_all_tissues_zeros_kept	0.337931	29	0.0729839	0.514225
ENSG00000151151	IPMK	S1_all_tissues_zeros_kept	0.319696	29	0.0909163	0.487189
ENSG00000151176	PLBD2	S1_all_tissues_zeros_kept	0.364039	29	0.0522118	0.556427
ENSG00000151208	DLG5	S1_all_tissues_zeros_kept	0.464039	29	0.0112227	0.707626
ENSG00000151224	MAT1A	S1_all_tissues_zeros_kept	0.575108	29	0.00110017	0.836889
ENSG00000151229	SLC2A13	S1_all_tissues_zeros_kept	0.714674	29	1.32835e-05	0.944002
ENSG00000151233	GXYLT1	S1_all_tissues_zeros_kept	0.278325	29	0.143751	0.418123
ENSG00000151239	TWF1	S1_all_tissues_zeros_kept	0.29064	29	0.126132	0.436675
ENSG00000151240	DIP2C	S1_all_tissues_zeros_kept	0.373199	29	0.0461479	0.569494
ENSG00000151247	EIF4E	S1_all_tissues_zeros_kept	0.15796	29	0.413141	0.250514
ENSG00000151276	MAGI1	S1_all_tissues_zeros_kept	0.245597	29	0.19908	0.367995
ENSG00000151287	TEX30	S1_all_tissues_zeros_kept	0.415178	29	0.0251142	0.635775
ENSG00000151292	CSNK1G3	S1_all_tissues_zeros_kept	0.251724	29	0.187746	0.377292
ENSG00000151304	SRFBP1	S1_all_tissues_zeros_kept	0.330705	29	0.0797313	0.502956
ENSG00000151320	AKAP6	S1_all_tissues_zeros_kept	0.162596	29	0.399385	0.255141
ENSG00000151322	NPAS3	S1_all_tissues_zeros_kept	0.237778	29	0.214216	0.356598
ENSG00000151327	FAM177A1	S1_all_tissues_zeros_kept	0.453202	29	0.0135503	0.692245
ENSG00000151332	MBIP	S1_all_tissues_zeros_kept	0.365381	29	0.0512862	0.558312
ENSG00000151348	EXT2	S1_all_tissues_zeros_kept	0.40936	29	0.0274434	0.626435
ENSG00000151364	KCTD14	S1_all_tissues_zeros_kept	0.714614	29	1.33159e-05	0.943916
ENSG00000151365	THRSP	S1_all_tissues_zeros_kept	0.279823	29	0.141518	0.42078
ENSG00000151366	NDUFC2	S1_all_tissues_zeros_kept	0.300493	29	0.113222	0.451671
ENSG00000151376	ME3	S1_all_tissues_zeros_kept	0.378325	29	0.0430065	0.576821
ENSG00000151413	NUBPL	S1_all_tissues_zeros_kept	0.437	29	0.01777	0.666967
ENSG00000151414	NEK7	S1_all_tissues_zeros_kept	0.343885	29	0.0677631	0.524207
ENSG00000151418	ATP6V1G3	S1_all_tissues_zeros_kept	0.346248	29	0.0657732	0.52832
ENSG00000151422	FER	S1_all_tissues_zeros_kept	0.338766	29	0.0722331	0.515467
ENSG00000151445	VIPAS39	S1_all_tissues_zeros_kept	0.241872	29	0.206196	0.362596
ENSG00000151458	ANKRD50	S1_all_tissues_zeros_kept	0.699015	29	2.46171e-05	0.93629
ENSG00000151461	UPF2	S1_all_tissues_zeros_kept	0.372952	29	0.0463033	0.569366
ENSG00000151465	CDC123	S1_all_tissues_zeros_kept	0.441379	29	0.0165347	0.67335
ENSG00000151466	SCLT1	S1_all_tissues_zeros_kept	0.302554	29	0.11065	0.455141
ENSG00000151470	C4orf33	S1_all_tissues_zeros_kept	-0.0451017	29	0.816294	0.0727078
ENSG00000151474	FRMD4A	S1_all_tissues_zeros_kept	0.313793	29	0.0973845	0.47365
ENSG00000151491	EPS8	S1_all_tissues_zeros_kept	0.675369	29	5.82829e-05	0.922451
ENSG00000151498	ACAD8	S1_all_tissues_zeros_kept	0.411823	29	0.0264369	0.630763
ENSG00000151500	THYN1	S1_all_tissues_zeros_kept	0.259113	29	0.174685	0.388303
ENSG00000151502	VPS26B	S1_all_tissues_zeros_kept	0.220197	29	0.251054	0.332177
ENSG00000151503	NCAPD3	S1_all_tissues_zeros_kept	0.36112	29	0.0542714	0.552057
ENSG00000151532	VTI1A	S1_all_tissues_zeros_kept	0.171942	29	0.372459	0.266881
ENSG00000151552	QDPR	S1_all_tissues_zeros_kept	0.649261	29	0.000138625	0.900728
ENSG00000151553	FAM160B1	S1_all_tissues_zeros_kept	0.504926	29	0.00521291	0.761225
ENSG00000151576	QTRTD1	S1_all_tissues_zeros_kept	0.229613	29	0.230837	0.34623
ENSG00000151611	MMAA	S1_all_tissues_zeros_kept	0.439409	29	0.0170814	0.669623
ENSG00000151612	ZNF827	S1_all_tissues_zeros_kept	0.619123	29	0.000342576	0.875107
ENSG00000151623	NR3C2	S1_all_tissues_zeros_kept	0.494524	29	0.00639159	0.746401
ENSG00000151640	DPYSL4	S1_all_tissues_zeros_kept	0.744301	29	3.67584e-06	0.960283
ENSG00000151655	ITIH2	S1_all_tissues_zeros_kept	-0.0903508	29	0.641139	0.0497429
ENSG00000151657	KIN	S1_all_tissues_zeros_kept	0.165742	29	0.3902	0.259083
ENSG00000151689	INPP1	S1_all_tissues_zeros_kept	0.503941	29	0.00531596	0.759512
ENSG00000151690	MFSD6	S1_all_tissues_zeros_kept	0.573399	29	0.0011474	0.835133
ENSG00000151693	ASAP2	S1_all_tissues_zeros_kept	0.542452	29	0.00236532	0.806298
ENSG00000151694	ADAM17	S1_all_tissues_zeros_kept	0.262101	29	0.169589	0.392502
ENSG00000151704	KCNJ1	S1_all_tissues_zeros_kept	1	29	0	0.997943
ENSG00000151718	WWC2	S1_all_tissues_zeros_kept	0.202741	29	0.291529	0.30527
ENSG00000151726	ACSL1	S1_all_tissues_zeros_kept	0.768473	29	1.12577e-06	0.96868
ENSG00000151729	SLC25A4	S1_all_tissues_zeros_kept	0.799015	29	2.0288e-07	0.98072
ENSG00000151743	AMN1	S1_all_tissues_zeros_kept	0.432914	29	0.0189903	0.661911
ENSG00000151746	BICD1	S1_all_tissues_zeros_kept	0.172185	29	0.371774	0.266967
ENSG00000151748	SAV1	S1_all_tissues_zeros_kept	0.311823	29	0.0996189	0.470651
ENSG00000151773	CCDC122	S1_all_tissues_zeros_kept	0.024955	29	0.897757	0.117095
ENSG00000151779	NBAS	S1_all_tissues_zeros_kept	0.282759	29	0.137214	0.42515
ENSG00000151790	TDO2	S1_all_tissues_zeros_kept	0.11808	29	0.541827	0.20347
ENSG00000151806	GUF1	S1_all_tissues_zeros_kept	-0.15396	29	0.425218	0.0280634
ENSG00000151812	SLC35F4	S1_all_tissues_zeros_kept	-0.0682353	29	0.725059	0.0610111
ENSG00000151835	SACS	S1_all_tissues_zeros_kept	-0.150215	29	0.4367	0.0289203
ENSG00000151846	PABPC3	S1_all_tissues_zeros_kept	0.13719	29	0.477914	0.225321
ENSG00000151849	CENPJ	S1_all_tissues_zeros_kept	-0.0415123	29	0.830696	0.0754499
ENSG00000151876	FBXO4	S1_all_tissues_zeros_kept	0.369951	29	0.0482306	0.564867
ENSG00000151881	C5orf28	S1_all_tissues_zeros_kept	-0.158543	29	0.411395	0.0267781
ENSG00000151882	CCL28	S1_all_tissues_zeros_kept	0.395854	29	0.0335304	0.602185
ENSG00000151892	GFRA1	S1_all_tissues_zeros_kept	0.620363	29	0.000330671	0.876307
ENSG00000151893	CACUL1	S1_all_tissues_zeros_kept	-0.068991	29	0.722133	0.0605398
ENSG00000151914	DST	S1_all_tissues_zeros_kept	0.636453	29	0.000206004	0.889846
ENSG00000151923	TIAL1	S1_all_tissues_zeros_kept	0.285714	29	0.132978	0.429606
ENSG00000151929	BAG3	S1_all_tissues_zeros_kept	0.670936	29	6.79244e-05	0.919409
ENSG00000151952	TMEM132D	S1_all_tissues_zeros_kept	0.598088	29	0.000611003	0.857541
ENSG00000151962	RBM46	S1_all_tissues_zeros_kept	0.243277	29	0.203491	0.364396
ENSG00000152061	RABGAP1L	S1_all_tissues_zeros_kept	0.336741	29	0.0740637	0.512039
ENSG00000152082	MZT2B	S1_all_tissues_zeros_kept	0.365517	29	0.051193	0.558526
ENSG00000152086	TUBA3E	S1_all_tissues_zeros_kept	-0.0922281	29	0.634193	0.0488003
ENSG00000152092	ASTN1	S1_all_tissues_zeros_kept	0.526913	29	0.00331676	0.786161
ENSG00000152102	FAM168B	S1_all_tissues_zeros_kept	-0.0229811	29	0.905807	0.0869323
ENSG00000152104	PTPN14	S1_all_tissues_zeros_kept	0.538367	29	0.00258921	0.802956
ENSG00000152127	MGAT5	S1_all_tissues_zeros_kept	0.0906963	29	0.639859	0.17485
ENSG00000152128	TMEM163	S1_all_tissues_zeros_kept	0.169119	29	0.380479	0.263453
ENSG00000152133	GPATCH11	S1_all_tissues_zeros_kept	0.156978	29	0.416087	0.248972
ENSG00000152137	HSPB8	S1_all_tissues_zeros_kept	0.677833	29	5.34714e-05	0.924207
ENSG00000152147	GEMIN6	S1_all_tissues_zeros_kept	0.158394	29	0.411842	0.251714
ENSG00000152193	RNF219	S1_all_tissues_zeros_kept	0.402453	29	0.030433	0.615296
ENSG00000152208	GRID2	S1_all_tissues_zeros_kept	0.0866169	29	0.655041	0.170308
ENSG00000152214	RIT2	S1_all_tissues_zeros_kept	0.399637	29	0.031725	0.610069
ENSG00000152219	ARL14EP	S1_all_tissues_zeros_kept	0.222469	29	0.246073	0.335861
ENSG00000152223	EPG5	S1_all_tissues_zeros_kept	0.0672662	29	0.728818	0.151799
ENSG00000152234	ATP5A1	S1_all_tissues_zeros_kept	0.624631	29	0.000292405	0.879949
ENSG00000152240	HAUS1	S1_all_tissues_zeros_kept	0.397043	29	0.0329546	0.604841
ENSG00000152242	C18orf25	S1_all_tissues_zeros_kept	0.2	29	0.298241	0.301414
ENSG00000152256	PDK1	S1_all_tissues_zeros_kept	0.349261	29	0.0633018	0.533162
ENSG00000152291	TGOLN2	S1_all_tissues_zeros_kept	0.12069	29	0.53287	0.206298
ENSG00000152348	ATG10	S1_all_tissues_zeros_kept	-0.0424807	29	0.826805	0.0747644
ENSG00000152359	POC5	S1_all_tissues_zeros_kept	0.328996	29	0.0813949	0.500557
ENSG00000152380	FAM151B	S1_all_tissues_zeros_kept	0.0845924	29	0.662627	0.167652
ENSG00000152382	TADA1	S1_all_tissues_zeros_kept	0.122429	29	0.526939	0.208398
ENSG00000152404	CWF19L2	S1_all_tissues_zeros_kept	0.211823	29	0.269984	0.319666
ENSG00000152409	JMY	S1_all_tissues_zeros_kept	0.166779	29	0.3872	0.260197
ENSG00000152413	HOMER1	S1_all_tissues_zeros_kept	0.741137	29	4.25077e-06	0.959169
ENSG00000152422	XRCC4	S1_all_tissues_zeros_kept	0.419704	29	0.0234163	0.642502
ENSG00000152439	ZNF773	S1_all_tissues_zeros_kept	0.307152	29	0.105069	0.462596
ENSG00000152455	SUV39H2	S1_all_tissues_zeros_kept	-0.125865	29	0.515314	0.0366324
ENSG00000152457	DCLRE1C	S1_all_tissues_zeros_kept	0.00801163	29	0.967099	0.104327
ENSG00000152463	OLAH	S1_all_tissues_zeros_kept	0.459391	29	0.0121763	0.701157
ENSG00000152464	RPP38	S1_all_tissues_zeros_kept	0.287474	29	0.130503	0.432391
ENSG00000152465	NMT2	S1_all_tissues_zeros_kept	0.687685	29	3.75732e-05	0.93012
ENSG00000152484	USP12	S1_all_tissues_zeros_kept	0.0507389	29	0.793794	0.137104
ENSG00000152492	CCDC50	S1_all_tissues_zeros_kept	0.377879	29	0.0432728	0.576478
ENSG00000152503	TRIM36	S1_all_tissues_zeros_kept	0.625901	29	0.0002818	0.880848
ENSG00000152518	ZFP36L2	S1_all_tissues_zeros_kept	0.340286	29	0.0708829	0.518295
ENSG00000152520	PAN3	S1_all_tissues_zeros_kept	0.0960848	29	0.62002	0.179906
ENSG00000152527	PLEKHH2	S1_all_tissues_zeros_kept	0.180915	29	0.347637	0.277678
ENSG00000152556	PFKM	S1_all_tissues_zeros_kept	0.740394	29	4.39689e-06	0.958783
ENSG00000152558	TMEM123	S1_all_tissues_zeros_kept	0.237438	29	0.21489	0.356127
ENSG00000152578	GRIA4	S1_all_tissues_zeros_kept	0.364758	29	0.0517145	0.557541
ENSG00000152583	SPARCL1	S1_all_tissues_zeros_kept	0.804926	29	1.40786e-07	0.982434
ENSG00000152601	MBNL1	S1_all_tissues_zeros_kept	0.310837	29	0.10075	0.46868
ENSG00000152611	CAPSL	S1_all_tissues_zeros_kept	0.358227	29	0.0563744	0.546572
ENSG00000152620	NADK2	S1_all_tissues_zeros_kept	0.645813	29	0.0001545	0.897986
ENSG00000152642	GPD1L	S1_all_tissues_zeros_kept	0.718227	29	1.14837e-05	0.946101
ENSG00000152661	GJA1	S1_all_tissues_zeros_kept	0.770936	29	9.90058e-07	0.970051
ENSG00000152670	DDX4	S1_all_tissues_zeros_kept	0.321007	29	0.0895253	0.489032
ENSG00000152683	SLC30A6	S1_all_tissues_zeros_kept	-0.272548	29	0.152602	0.00698372
ENSG00000152684	PELO	S1_all_tissues_zeros_kept	0.168247	29	0.382975	0.261782
ENSG00000152700	SAR1B	S1_all_tissues_zeros_kept	0.376355	29	0.0441931	0.573907
ENSG00000152749	GPR180	S1_all_tissues_zeros_kept	0.496367	29	0.00616775	0.748715
ENSG00000152760	TCTEX1D1	S1_all_tissues_zeros_kept	0.400715	29	0.0312252	0.611611
ENSG00000152763	WDR78	S1_all_tissues_zeros_kept	0.299408	29	0.114593	0.45
ENSG00000152767	FARP1	S1_all_tissues_zeros_kept	0.683251	29	4.41119e-05	0.927464
ENSG00000152778	IFIT5	S1_all_tissues_zeros_kept	0.291169	29	0.125413	0.437232
ENSG00000152779	SLC16A12	S1_all_tissues_zeros_kept	0.159943	29	0.407224	0.252871
ENSG00000152795	HNRNPDL	S1_all_tissues_zeros_kept	0.244828	29	0.200535	0.366624
ENSG00000152804	HHEX	S1_all_tissues_zeros_kept	0.528502	29	0.00320638	0.79096
ENSG00000152818	UTRN	S1_all_tissues_zeros_kept	0.269951	29	0.156707	0.404499
ENSG00000152822	GRM1	S1_all_tissues_zeros_kept	-0.203792	29	0.288982	0.0164953
ENSG00000152894	PTPRK	S1_all_tissues_zeros_kept	0.609681	29	0.000446414	0.868338
ENSG00000152904	GGPS1	S1_all_tissues_zeros_kept	0.396059	29	0.0334305	0.602699
ENSG00000152910	CNTNAP4	S1_all_tissues_zeros_kept	0.331434	29	0.0790295	0.504456
ENSG00000152932	RAB3C	S1_all_tissues_zeros_kept	0.600379	29	0.000574796	0.860454
ENSG00000152944	MED21	S1_all_tissues_zeros_kept	0.0899126	29	0.642765	0.173565
ENSG00000152952	PLOD2	S1_all_tissues_zeros_kept	0.617734	29	0.000356375	0.87365
ENSG00000152969	JAKMIP1	S1_all_tissues_zeros_kept	-0.172831	29	0.369954	0.0238646
ENSG00000152990	ADGRA3	S1_all_tissues_zeros_kept	0.25626	29	0.179651	0.384362
ENSG00000153002	CPB1	S1_all_tissues_zeros_kept	0.528155	29	0.00323023	0.790274
ENSG00000153006	SREK1IP1	S1_all_tissues_zeros_kept	0.248495	29	0.193661	0.372965
ENSG00000153012	LGI2	S1_all_tissues_zeros_kept	0.402073	29	0.030605	0.614524
ENSG00000153015	CWC27	S1_all_tissues_zeros_kept	0.400049	29	0.0315332	0.610626
ENSG00000153029	MR1	S1_all_tissues_zeros_kept	-0.13636	29	0.480607	0.0327763
ENSG00000153037	SRP19	S1_all_tissues_zeros_kept	-0.0169972	29	0.930264	0.0900171
ENSG00000153046	CDYL	S1_all_tissues_zeros_kept	0.406947	29	0.0284594	0.622836
ENSG00000153048	CARHSP1	S1_all_tissues_zeros_kept	0.549261	29	0.00202923	0.813025
ENSG00000153064	BANK1	S1_all_tissues_zeros_kept	0.241389	29	0.207131	0.361997
ENSG00000153066	TXNDC11	S1_all_tissues_zeros_kept	0.484296	29	0.00776364	0.734747
ENSG00000153071	DAB2	S1_all_tissues_zeros_kept	0.838916	29	1.31583e-08	0.989589
ENSG00000153086	ACMSD	S1_all_tissues_zeros_kept	0.461815	29	0.011671	0.704499
ENSG00000153094	BCL2L11	S1_all_tissues_zeros_kept	0.222273	29	0.246499	0.335518
ENSG00000153107	ANAPC1	S1_all_tissues_zeros_kept	-0.0832512	29	0.66767	0.0533847
ENSG00000153113	CAST	S1_all_tissues_zeros_kept	0.581281	29	0.000943403	0.842588
ENSG00000153130	SCOC	S1_all_tissues_zeros_kept	0.400049	29	0.0315332	0.610626
ENSG00000153132	CLGN	S1_all_tissues_zeros_kept	0.715979	29	1.25948e-05	0.944516
ENSG00000153140	CETN3	S1_all_tissues_zeros_kept	0.294234	29	0.121304	0.441602
ENSG00000153147	SMARCA5	S1_all_tissues_zeros_kept	0.566502	29	0.00135638	0.829392
ENSG00000153165	RGPD3	S1_all_tissues_zeros_kept	0.168627	29	0.381886	0.262682
ENSG00000153179	RASSF3	S1_all_tissues_zeros_kept	0.264062	29	0.166303	0.394644
ENSG00000153187	HNRNPU	S1_all_tissues_zeros_kept	0.580296	29	0.000967034	0.841602
ENSG00000153201	RANBP2	S1_all_tissues_zeros_kept	-0.113807	29	0.556649	0.0403171
ENSG00000153207	AHCTF1	S1_all_tissues_zeros_kept	0.459663	29	0.0121188	0.701671
ENSG00000153208	MERTK	S1_all_tissues_zeros_kept	0.269458	29	0.157494	0.403685
ENSG00000153214	TMEM87B	S1_all_tissues_zeros_kept	0.55665	29	0.00171198	0.820908
ENSG00000153250	RBMS1	S1_all_tissues_zeros_kept	0.53095	29	0.00304253	0.793959
ENSG00000153253	SCN3A	S1_all_tissues_zeros_kept	0.482817	29	0.0079812	0.733119
ENSG00000153291	SLC25A27	S1_all_tissues_zeros_kept	0.271087	29	0.154902	0.407069
ENSG00000153294	ADGRF4	S1_all_tissues_zeros_kept	0.284144	29	0.135216	0.427035
ENSG00000153310	FAM49B	S1_all_tissues_zeros_kept	0.812808	29	8.48167e-08	0.98449
ENSG00000153317	ASAP1	S1_all_tissues_zeros_kept	0.747783	29	3.12502e-06	0.961568
ENSG00000153339	TRAPPC8	S1_all_tissues_zeros_kept	0.0310345	29	0.873029	0.121337
ENSG00000153347	FAM81B	S1_all_tissues_zeros_kept	0.442286	29	0.0162881	0.674507
ENSG00000153391	INO80C	S1_all_tissues_zeros_kept	0.267218	29	0.16111	0.400557
ENSG00000153395	LPCAT1	S1_all_tissues_zeros_kept	0.579803	29	0.000979042	0.840874
ENSG00000153404	PLEKHG4B	S1_all_tissues_zeros_kept	-0.0273108	29	0.888162	0.0846187
ENSG00000153406	NMRAL1	S1_all_tissues_zeros_kept	0.275369	29	0.148232	0.413496
ENSG00000153443	UBALD1	S1_all_tissues_zeros_kept	0.253334	29	0.184844	0.38042
ENSG00000153446	C16orf89	S1_all_tissues_zeros_kept	-0.0817515	29	0.673327	0.0541131
ENSG00000153487	ING1	S1_all_tissues_zeros_kept	0.0221729	29	0.909106	0.114439
ENSG00000153498	SPACA7	S1_all_tissues_zeros_kept	1	29	0	0.997943
ENSG00000153531	ADPRHL1	S1_all_tissues_zeros_kept	0.0404981	29	0.834775	0.129177
ENSG00000153560	UBP1	S1_all_tissues_zeros_kept	0.49803	29	0.00597143	0.750771
ENSG00000153561	RMND5A	S1_all_tissues_zeros_kept	-0.0325123	29	0.867034	0.0811911
ENSG00000153574	RPIA	S1_all_tissues_zeros_kept	0.576355	29	0.0010668	0.838046
ENSG00000153714	LURAP1L	S1_all_tissues_zeros_kept	0.213234	29	0.266732	0.322494
ENSG00000153721	CNKSR3	S1_all_tissues_zeros_kept	0.0120719	29	0.950442	0.107241
ENSG00000153767	GTF2E1	S1_all_tissues_zeros_kept	0.628649	29	0.000260004	0.884447
ENSG00000153774	CFDP1	S1_all_tissues_zeros_kept	0.203473	29	0.289753	0.306298
ENSG00000153779	TGIF2LX	S1_all_tissues_zeros_kept	0.187423	29	0.330268	0.285647
ENSG00000153789	FAM92B	S1_all_tissues_zeros_kept	0.245091	29	0.200037	0.366967
ENSG00000153802	TMPRSS11D	S1_all_tissues_zeros_kept	0.497014	29	0.00609071	0.749443
ENSG00000153815	CMIP	S1_all_tissues_zeros_kept	0.580788	29	0.000955155	0.842159
ENSG00000153820	SPHKAP	S1_all_tissues_zeros_kept	0.517429	29	0.00404572	0.77605
ENSG00000153822	KCNJ16	S1_all_tissues_zeros_kept	0.209894	29	0.27447	0.316581
ENSG00000153823	PID1	S1_all_tissues_zeros_kept	0.149957	29	0.437497	0.240617
ENSG00000153827	TRIP12	S1_all_tissues_zeros_kept	0.350246	29	0.0625097	0.534619
ENSG00000153879	CEBPG	S1_all_tissues_zeros_kept	0.464918	29	0.0110496	0.708698
ENSG00000153885	KCTD15	S1_all_tissues_zeros_kept	0.300542	29	0.11316	0.452142
ENSG00000153902	LGI4	S1_all_tissues_zeros_kept	0.373265	29	0.0461059	0.569709
ENSG00000153904	DDAH1	S1_all_tissues_zeros_kept	0.773892	29	8.4685e-07	0.971165
ENSG00000153914	SREK1	S1_all_tissues_zeros_kept	0.3	29	0.113843	0.451114
ENSG00000153922	CHD1	S1_all_tissues_zeros_kept	0.27734	29	0.145233	0.416538
ENSG00000153930	ANKFN1	S1_all_tissues_zeros_kept	0.284144	29	0.135216	0.427035
ENSG00000153933	DGKE	S1_all_tissues_zeros_kept	0.388499	29	0.0372773	0.592074
ENSG00000153936	HS2ST1	S1_all_tissues_zeros_kept	0.0694581	29	0.720326	0.15347
ENSG00000153944	MSI2	S1_all_tissues_zeros_kept	0.476355	29	0.00899342	0.722579
ENSG00000153975	ZUFSP	S1_all_tissues_zeros_kept	0.165701	29	0.39032	0.258912
ENSG00000153989	NUS1	S1_all_tissues_zeros_kept	-0.153039	29	0.428028	0.0283205
ENSG00000153993	SEMA3D	S1_all_tissues_zeros_kept	0.0051456	29	0.978866	0.102956
ENSG00000154001	PPP2R5E	S1_all_tissues_zeros_kept	0.56337	29	0.00146174	0.82665
ENSG00000154025	SLC5A10	S1_all_tissues_zeros_kept	0.446554	29	0.0151676	0.681534
ENSG00000154027	AK5	S1_all_tissues_zeros_kept	0.249632	29	0.191563	0.373993
ENSG00000154040	CABYR	S1_all_tissues_zeros_kept	0.38428	29	0.0395738	0.585219
ENSG00000154059	IMPACT	S1_all_tissues_zeros_kept	0.297537	29	0.116987	0.446058
ENSG00000154079	SDHAF4	S1_all_tissues_zeros_kept	0.169479	29	0.379451	0.263882
ENSG00000154096	THY1	S1_all_tissues_zeros_kept	0.647291	29	0.000147509	0.898886
ENSG00000154099	DNAAF1	S1_all_tissues_zeros_kept	0.467987	29	0.0104626	0.713753
ENSG00000154102	C16orf74	S1_all_tissues_zeros_kept	0.299875	29	0.114001	0.450686
ENSG00000154114	TBCEL	S1_all_tissues_zeros_kept	0.531527	29	0.00300496	0.79443
ENSG00000154122	ANKH	S1_all_tissues_zeros_kept	0.265334	29	0.164196	0.396787
ENSG00000154124	OTULIN	S1_all_tissues_zeros_kept	0.303239	29	0.109804	0.456298
ENSG00000154144	TBRG1	S1_all_tissues_zeros_kept	-0.0799974	29	0.679964	0.0548843
ENSG00000154146	NRGN	S1_all_tissues_zeros_kept	0.353326	29	0.0600837	0.539203
ENSG00000154153	FAM134B	S1_all_tissues_zeros_kept	0.59847	29	0.000604839	0.85874
ENSG00000154162	CDH12	S1_all_tissues_zeros_kept	0.165231	29	0.391686	0.258183
ENSG00000154174	TOMM70A	S1_all_tissues_zeros_kept	0.488976	29	0.00710775	0.739717
ENSG00000154175	ABI3BP	S1_all_tissues_zeros_kept	0.605224	29	0.000504379	0.864139
ENSG00000154188	ANGPT1	S1_all_tissues_zeros_kept	0.41537	29	0.0250402	0.63629
ENSG00000154217	PITPNC1	S1_all_tissues_zeros_kept	0.382759	29	0.0404293	0.582605
ENSG00000154222	CC2D1B	S1_all_tissues_zeros_kept	-0.0541872	29	0.78011	0.0667524
ENSG00000154227	CERS3	S1_all_tissues_zeros_kept	0.348361	29	0.0640327	0.532219
ENSG00000154229	PRKCA	S1_all_tissues_zeros_kept	0.722167	29	9.74624e-06	0.951243
ENSG00000154237	LRRK1	S1_all_tissues_zeros_kept	0.344502	29	0.0672388	0.52515
ENSG00000154252	GAL3ST2	S1_all_tissues_zeros_kept	0.328502	29	0.0818805	0.4997
ENSG00000154265	ABCA5	S1_all_tissues_zeros_kept	0.0440363	29	0.820563	0.131491
ENSG00000154274	C4orf19	S1_all_tissues_zeros_kept	0.293222	29	0.12265	0.439546
ENSG00000154305	MIA3	S1_all_tissues_zeros_kept	0.221182	29	0.248886	0.333548
ENSG00000154309	DISP1	S1_all_tissues_zeros_kept	0.40653	29	0.028638	0.622408
ENSG00000154310	TNIK	S1_all_tissues_zeros_kept	0.661313	29	9.38886e-05	0.91084
ENSG00000154319	FAM167A	S1_all_tissues_zeros_kept	-0.134436	29	0.48688	0.0335476
ENSG00000154358	OBSCN	S1_all_tissues_zeros_kept	0.208326	29	0.278154	0.31401
ENSG00000154370	TRIM11	S1_all_tissues_zeros_kept	0.228643	29	0.232869	0.344602
ENSG00000154380	ENAH	S1_all_tissues_zeros_kept	0.771921	29	9.40056e-07	0.97048
ENSG00000154415	PPP1R3A	S1_all_tissues_zeros_kept	0.372882	29	0.0463477	0.568723
ENSG00000154438	ASZ1	S1_all_tissues_zeros_kept	0.446554	29	0.0151676	0.681534
ENSG00000154447	SH3RF1	S1_all_tissues_zeros_kept	0.21932	29	0.252994	0.330805
ENSG00000154451	GBP5	S1_all_tissues_zeros_kept	0.507019	29	0.00499961	0.763453
ENSG00000154473	BUB3	S1_all_tissues_zeros_kept	0.26798	29	0.159873	0.402228
ENSG00000154479	CCDC173	S1_all_tissues_zeros_kept	0.0784877	29	0.685696	0.16114
ENSG00000154493	C10orf90	S1_all_tissues_zeros_kept	-0.0802064	29	0.679172	0.0547129
ENSG00000154511	FAM69A	S1_all_tissues_zeros_kept	-0.0134238	29	0.9449	0.0919023
ENSG00000154548	SRSF12	S1_all_tissues_zeros_kept	0.206633	29	0.282167	0.311097
ENSG00000154553	PDLIM3	S1_all_tissues_zeros_kept	0.658128	29	0.000104245	0.908055
ENSG00000154556	SORBS2	S1_all_tissues_zeros_kept	0.608867	29	0.000456542	0.867481
ENSG00000154582	TCEB1	S1_all_tissues_zeros_kept	0.370936	29	0.0475911	0.566024
ENSG00000154589	LY96	S1_all_tissues_zeros_kept	0.452517	29	0.01371	0.69156
ENSG00000154611	PSMA8	S1_all_tissues_zeros_kept	0.643587	29	0.000165582	0.89593
ENSG00000154639	CXADR	S1_all_tissues_zeros_kept	0.638967	29	0.000190862	0.892759
ENSG00000154642	C21orf91	S1_all_tissues_zeros_kept	0.486245	29	0.00748456	0.737232
ENSG00000154645	CHODL	S1_all_tissues_zeros_kept	0.409024	29	0.0275829	0.626007
ENSG00000154646	TMPRSS15	S1_all_tissues_zeros_kept	0.441342	29	0.016545	0.673051
ENSG00000154654	NCAM2	S1_all_tissues_zeros_kept	0.332295	29	0.0782072	0.506041
ENSG00000154678	PDE1C	S1_all_tissues_zeros_kept	0.325752	29	0.0846249	0.496358
ENSG00000154710	RABGEF1	S1_all_tissues_zeros_kept	0.154699	29	0.422972	0.245801
ENSG00000154719	MRPL39	S1_all_tissues_zeros_kept	0.5867	29	0.000822226	0.846572
ENSG00000154723	ATP5J	S1_all_tissues_zeros_kept	0.372414	29	0.0466445	0.567738
ENSG00000154727	GABPA	S1_all_tissues_zeros_kept	0.395567	29	0.033671	0.601714
ENSG00000154734	ADAMTS1	S1_all_tissues_zeros_kept	0.467273	29	0.0105968	0.712296
ENSG00000154736	ADAMTS5	S1_all_tissues_zeros_kept	0.383238	29	0.0401583	0.583505
ENSG00000154743	TSEN2	S1_all_tissues_zeros_kept	-0.0961682	29	0.619715	0.0472579
ENSG00000154767	XPC	S1_all_tissues_zeros_kept	0.481281	29	0.00821271	0.730977
ENSG00000154781	CCDC174	S1_all_tissues_zeros_kept	0.117081	29	0.545278	0.202442
ENSG00000154783	FGD5	S1_all_tissues_zeros_kept	0.537703	29	0.00262723	0.802014
ENSG00000154803	FLCN	S1_all_tissues_zeros_kept	0.0775958	29	0.689091	0.160283
ENSG00000154813	DPH3	S1_all_tissues_zeros_kept	-0.135664	29	0.48287	0.0329477
ENSG00000154814	OXNAD1	S1_all_tissues_zeros_kept	0.231634	29	0.226645	0.348372
ENSG00000154822	PLCL2	S1_all_tissues_zeros_kept	0.557635	29	0.00167312	0.821937
ENSG00000154832	CXXC1	S1_all_tissues_zeros_kept	0.144335	29	0.455062	0.233248
ENSG00000154845	PPP4R1	S1_all_tissues_zeros_kept	0.421675	29	0.022707	0.647601
ENSG00000154856	APCDD1	S1_all_tissues_zeros_kept	0.379752	29	0.0421631	0.578792
ENSG00000154889	MPPE1	S1_all_tissues_zeros_kept	0.238096	29	0.213585	0.357284
ENSG00000154930	ACSS1	S1_all_tissues_zeros_kept	0.663054	29	8.8622e-05	0.912125
ENSG00000154945	ANKRD40	S1_all_tissues_zeros_kept	0.283532	29	0.136097	0.426178
ENSG00000154957	ZNF18	S1_all_tissues_zeros_kept	0.293556	29	0.122204	0.439717
ENSG00000154975	CA10	S1_all_tissues_zeros_kept	0.679016	29	5.12878e-05	0.924722
ENSG00000154997	SEPT14	S1_all_tissues_zeros_kept	0.319551	29	0.0910719	0.486675
ENSG00000155008	APOOL	S1_all_tissues_zeros_kept	0.552709	29	0.00187537	0.816281
ENSG00000155011	DKK2	S1_all_tissues_zeros_kept	0.501286	29	0.00560234	0.755141
ENSG00000155016	CYP2U1	S1_all_tissues_zeros_kept	0.480601	29	0.00831691	0.730291
ENSG00000155034	FBXL18	S1_all_tissues_zeros_kept	0.0640745	29	0.741239	0.1494
ENSG00000155052	CNTNAP5	S1_all_tissues_zeros_kept	0.0682353	29	0.725059	0.152656
ENSG00000155097	ATP6V1C1	S1_all_tissues_zeros_kept	0.207389	29	0.28037	0.312468
ENSG00000155099	TMEM55A	S1_all_tissues_zeros_kept	0.624461	29	0.000293845	0.879692
ENSG00000155100	OTUD6B	S1_all_tissues_zeros_kept	0.375369	29	0.0447961	0.572579
ENSG00000155111	CDK19	S1_all_tissues_zeros_kept	0.236019	29	0.217726	0.354113
ENSG00000155115	GTF3C6	S1_all_tissues_zeros_kept	-0.148167	29	0.44305	0.0295201
ENSG00000155158	TTC39B	S1_all_tissues_zeros_kept	0.0843274	29	0.663622	0.167138
ENSG00000155189	AGPAT5	S1_all_tissues_zeros_kept	0.660591	29	9.61516e-05	0.910326
ENSG00000155229	MMS19	S1_all_tissues_zeros_kept	0.306688	29	0.105622	0.461568
ENSG00000155252	PI4K2A	S1_all_tissues_zeros_kept	0.116256	29	0.548132	0.201585
ENSG00000155256	ZFYVE27	S1_all_tissues_zeros_kept	0.214264	29	0.264373	0.32335
ENSG00000155265	GOLGA7B	S1_all_tissues_zeros_kept	0.524635	29	0.00348072	0.783676
ENSG00000155287	SLC25A28	S1_all_tissues_zeros_kept	-0.0209939	29	0.913921	0.0886461
ENSG00000155304	HSPA13	S1_all_tissues_zeros_kept	0.261084	29	0.171313	0.390831
ENSG00000155313	USP25	S1_all_tissues_zeros_kept	0.16798	29	0.383741	0.261482
ENSG00000155324	GRAMD3	S1_all_tissues_zeros_kept	0.756351	29	2.0725e-06	0.965081
ENSG00000155329	ZCCHC10	S1_all_tissues_zeros_kept	0.156834	29	0.416522	0.248629
ENSG00000155363	MOV10	S1_all_tissues_zeros_kept	0.485714	29	0.00755972	0.736461
ENSG00000155366	RHOC	S1_all_tissues_zeros_kept	0.0859262	29	0.657626	0.169195
ENSG00000155368	DBI	S1_all_tissues_zeros_kept	0.439901	29	0.0169433	0.67138
ENSG00000155380	SLC16A1	S1_all_tissues_zeros_kept	0.791723	29	3.13292e-07	0.978106
ENSG00000155393	HEATR3	S1_all_tissues_zeros_kept	-0.133498	29	0.489953	0.0338903
ENSG00000155438	NIFK	S1_all_tissues_zeros_kept	-0.152217	29	0.430542	0.0285775
ENSG00000155463	OXA1L	S1_all_tissues_zeros_kept	0.353202	29	0.0601796	0.539032
ENSG00000155495	MAGEC1	S1_all_tissues_zeros_kept	0.421153	29	0.0228931	0.645844
ENSG00000155506	LARP1	S1_all_tissues_zeros_kept	0.399507	29	0.0317857	0.60964
ENSG00000155508	CNOT8	S1_all_tissues_zeros_kept	0.203863	29	0.28881	0.306727
ENSG00000155511	GRIA1	S1_all_tissues_zeros_kept	0.158016	29	0.412971	0.250771
ENSG00000155530	LRGUK	S1_all_tissues_zeros_kept	0.240367	29	0.20912	0.360026
ENSG00000155542	SETD9	S1_all_tissues_zeros_kept	0.690351	29	3.40712e-05	0.931063
ENSG00000155545	MIER3	S1_all_tissues_zeros_kept	0.41273	29	0.0260737	0.632262
ENSG00000155561	NUP205	S1_all_tissues_zeros_kept	0.126124	29	0.514444	0.213453
ENSG00000155621	C9orf85	S1_all_tissues_zeros_kept	-0.244085	29	0.201948	0.00981148
ENSG00000155622	XAGE2	S1_all_tissues_zeros_kept	0.421153	29	0.0228931	0.645844
ENSG00000155629	PIK3AP1	S1_all_tissues_zeros_kept	0.799852	29	1.92787e-07	0.980848
ENSG00000155636	RBM45	S1_all_tissues_zeros_kept	0.457558	29	0.0125705	0.698672
ENSG00000155640	C10orf12	S1_all_tissues_zeros_kept	0.326385	29	0.0839875	0.496872
ENSG00000155657	TTN	S1_all_tissues_zeros_kept	0.316228	29	0.0946761	0.479306
ENSG00000155660	PDIA4	S1_all_tissues_zeros_kept	0.54532	29	0.00221832	0.80934
ENSG00000155666	KDM8	S1_all_tissues_zeros_kept	0.265349	29	0.164172	0.396872
ENSG00000155729	KCTD18	S1_all_tissues_zeros_kept	0.298003	29	0.116387	0.447258
ENSG00000155744	FAM126B	S1_all_tissues_zeros_kept	0.248182	29	0.194241	0.371851
ENSG00000155749	ALS2CR12	S1_all_tissues_zeros_kept	0.30837	29	0.103627	0.464396
ENSG00000155755	TMEM237	S1_all_tissues_zeros_kept	0.474108	29	0.00936971	0.720608
ENSG00000155761	SPAG17	S1_all_tissues_zeros_kept	-0.0796591	29	0.681247	0.0551414
ENSG00000155792	DEPTOR	S1_all_tissues_zeros_kept	0.705259	29	1.9339e-05	0.939117
ENSG00000155816	FMN2	S1_all_tissues_zeros_kept	0.32901	29	0.0813814	0.500643
ENSG00000155827	RNF20	S1_all_tissues_zeros_kept	0.053202	29	0.784013	0.139589
ENSG00000155849	ELMO1	S1_all_tissues_zeros_kept	0.844335	29	8.57612e-09	0.990531
ENSG00000155850	SLC26A2	S1_all_tissues_zeros_kept	0.541333	29	0.00242493	0.805441
ENSG00000155868	MED7	S1_all_tissues_zeros_kept	-0.201875	29	0.293639	0.0169237
ENSG00000155876	RRAGA	S1_all_tissues_zeros_kept	-0.217167	29	0.257799	0.014353
ENSG00000155886	SLC24A2	S1_all_tissues_zeros_kept	0.491606	29	0.00676021	0.743488
ENSG00000155893	PXYLP1	S1_all_tissues_zeros_kept	-0.234055	29	0.221691	0.011611
ENSG00000155897	ADCY8	S1_all_tissues_zeros_kept	0.206962	29	0.281383	0.312039
ENSG00000155903	RASA2	S1_all_tissues_zeros_kept	0.383791	29	0.0398472	0.584533
ENSG00000155906	RMND1	S1_all_tissues_zeros_kept	0.457938	29	0.0124879	0.698843
ENSG00000155959	VBP1	S1_all_tissues_zeros_kept	0.10197	29	0.598646	0.185733
ENSG00000155962	CLIC2	S1_all_tissues_zeros_kept	0.657963	29	0.000104809	0.907755
ENSG00000155966	AFF2	S1_all_tissues_zeros_kept	-0.339419	29	0.0716506	0.00321337
ENSG00000155970	MICU3	S1_all_tissues_zeros_kept	-0.0941324	29	0.627179	0.0479434
ENSG00000155975	VPS37A	S1_all_tissues_zeros_kept	0.381281	29	0.0412742	0.580548
ENSG00000155980	KIF5A	S1_all_tissues_zeros_kept	0.579886	29	0.000977018	0.841174
ENSG00000156006	NAT2	S1_all_tissues_zeros_kept	0.144133	29	0.455701	0.232948
ENSG00000156011	PSD3	S1_all_tissues_zeros_kept	0.348072	29	0.0642678	0.531662
ENSG00000156017	CARNMT1	S1_all_tissues_zeros_kept	0.431112	29	0.0195496	0.659169
ENSG00000156026	MCU	S1_all_tissues_zeros_kept	0.727094	29	7.90836e-06	0.95347
ENSG00000156030	ELMSAN1	S1_all_tissues_zeros_kept	0.369147	29	0.0487571	0.563967
ENSG00000156042	CFAP70	S1_all_tissues_zeros_kept	0.152076	29	0.430972	0.242802
ENSG00000156050	FAM161B	S1_all_tissues_zeros_kept	0.131469	29	0.496633	0.21898
ENSG00000156052	GNAQ	S1_all_tissues_zeros_kept	0.283744	29	0.135792	0.42665
ENSG00000156076	WIF1	S1_all_tissues_zeros_kept	0.208586	29	0.277541	0.314524
ENSG00000156096	UGT2B4	S1_all_tissues_zeros_kept	0.321007	29	0.0895253	0.489032
ENSG00000156110	ADK	S1_all_tissues_zeros_kept	0.475862	29	0.00907482	0.722108
ENSG00000156136	DCK	S1_all_tissues_zeros_kept	0.514778	29	0.00427248	0.772322
ENSG00000156162	DPY19L4	S1_all_tissues_zeros_kept	0.126201	29	0.514186	0.213582
ENSG00000156170	NDUFAF6	S1_all_tissues_zeros_kept	0.257143	29	0.178103	0.385304
ENSG00000156171	DRAM2	S1_all_tissues_zeros_kept	0.0867163	29	0.65467	0.170737
ENSG00000156172	C8orf37	S1_all_tissues_zeros_kept	0.400882	29	0.0311484	0.612211
ENSG00000156206	CFAP161	S1_all_tissues_zeros_kept	0.310464	29	0.101182	0.468166
ENSG00000156218	ADAMTSL3	S1_all_tissues_zeros_kept	0.294219	29	0.121324	0.441517
ENSG00000156219	ART3	S1_all_tissues_zeros_kept	0.466527	29	0.0107386	0.711097
ENSG00000156222	SLC28A1	S1_all_tissues_zeros_kept	0.472435	29	0.00965849	0.718466
ENSG00000156234	CXCL13	S1_all_tissues_zeros_kept	0.547733	29	0.00210083	0.811697
ENSG00000156239	N6AMT1	S1_all_tissues_zeros_kept	0.549914	29	0.00199929	0.813839
ENSG00000156253	RWDD2B	S1_all_tissues_zeros_kept	0.113078	29	0.559197	0.198329
ENSG00000156256	USP16	S1_all_tissues_zeros_kept	0.114778	29	0.553264	0.200386
ENSG00000156261	CCT8	S1_all_tissues_zeros_kept	0.0123153	29	0.949444	0.107584
ENSG00000156265	MAP3K7CL	S1_all_tissues_zeros_kept	0.0370509	29	0.848671	0.126521
ENSG00000156269	NAA11	S1_all_tissues_zeros_kept	0.997449	29	1.69954e-32	0.995758
ENSG00000156273	BACH1	S1_all_tissues_zeros_kept	0.336946	29	0.0738769	0.512339
ENSG00000156298	TSPAN7	S1_all_tissues_zeros_kept	0.575687	29	0.00108457	0.837318
ENSG00000156299	TIAM1	S1_all_tissues_zeros_kept	0.269918	29	0.156759	0.404156
ENSG00000156304	SCAF4	S1_all_tissues_zeros_kept	0.446305	29	0.0152311	0.680805
ENSG00000156374	PCGF6	S1_all_tissues_zeros_kept	0.190224	29	0.322962	0.289246
ENSG00000156384	SFR1	S1_all_tissues_zeros_kept	0.0502937	29	0.795566	0.136718
ENSG00000156395	SORCS3	S1_all_tissues_zeros_kept	0.265945	29	0.16319	0.398115
ENSG00000156411	C14orf2	S1_all_tissues_zeros_kept	0.215215	29	0.262206	0.324893
ENSG00000156414	TDRD9	S1_all_tissues_zeros_kept	0.236921	29	0.215921	0.355141
ENSG00000156453	PCDH1	S1_all_tissues_zeros_kept	0.70407	29	2.02584e-05	0.938603
ENSG00000156463	SH3RF2	S1_all_tissues_zeros_kept	0.484245	29	0.00777102	0.73449
ENSG00000156467	UQCRB	S1_all_tissues_zeros_kept	0.352217	29	0.0609486	0.537746
ENSG00000156469	MTERF3	S1_all_tissues_zeros_kept	0.0658041	29	0.7345	0.150771
ENSG00000156471	PTDSS1	S1_all_tissues_zeros_kept	0.126108	29	0.514496	0.213239
ENSG00000156475	PPP2R2B	S1_all_tissues_zeros_kept	0.119823	29	0.535838	0.204841
ENSG00000156482	RPL30	S1_all_tissues_zeros_kept	0.318719	29	0.0919639	0.486161
ENSG00000156502	SUPV3L1	S1_all_tissues_zeros_kept	0.515764	29	0.00418697	0.773608
ENSG00000156504	FAM122B	S1_all_tissues_zeros_kept	0.485311	29	0.0076172	0.736033
ENSG00000156508	EEF1A1	S1_all_tissues_zeros_kept	0.0128079	29	0.947425	0.108183
ENSG00000156515	HK1	S1_all_tissues_zeros_kept	0.614778	29	0.000387366	0.87168
ENSG00000156521	TYSND1	S1_all_tissues_zeros_kept	-0.125994	29	0.51488	0.0365467
ENSG00000156531	PHF6	S1_all_tissues_zeros_kept	0.461576	29	0.0117199	0.703856
ENSG00000156535	CD109	S1_all_tissues_zeros_kept	0.518927	29	0.00392227	0.777506
ENSG00000156564	LRFN2	S1_all_tissues_zeros_kept	0.480293	29	0.00836443	0.72892
ENSG00000156587	UBE2L6	S1_all_tissues_zeros_kept	0.386207	29	0.0385114	0.589075
ENSG00000156599	ZDHHC5	S1_all_tissues_zeros_kept	0.214558	29	0.263701	0.324122
ENSG00000156603	MED19	S1_all_tissues_zeros_kept	0.211752	29	0.270148	0.319323
ENSG00000156639	ZFAND3	S1_all_tissues_zeros_kept	-0.1285	29	0.506486	0.0356041
ENSG00000156642	NPTN	S1_all_tissues_zeros_kept	0.452709	29	0.013665	0.691645
ENSG00000156650	KAT6B	S1_all_tissues_zeros_kept	0.224391	29	0.24191	0.338346
ENSG00000156671	SAMD8	S1_all_tissues_zeros_kept	-0.0585813	29	0.762764	0.0655955
ENSG00000156675	RAB11FIP1	S1_all_tissues_zeros_kept	0.318719	29	0.0919639	0.486161
ENSG00000156689	GLYATL2	S1_all_tissues_zeros_kept	0.191766	29	0.31898	0.290874
ENSG00000156697	UTP14A	S1_all_tissues_zeros_kept	0.432566	29	0.0190973	0.661054
ENSG00000156709	AIFM1	S1_all_tissues_zeros_kept	0.569458	29	0.00126308	0.831791
ENSG00000156711	MAPK13	S1_all_tissues_zeros_kept	0.63036	29	0.000247199	0.885733
ENSG00000156735	BAG4	S1_all_tissues_zeros_kept	-0.0295785	29	0.878941	0.0832476
ENSG00000156738	MS4A1	S1_all_tissues_zeros_kept	0.224557	29	0.241553	0.338518
ENSG00000156787	TBC1D31	S1_all_tissues_zeros_kept	0.682101	29	4.5967e-05	0.92635
ENSG00000156795	WDYHV1	S1_all_tissues_zeros_kept	0.475112	29	0.00919995	0.721465
ENSG00000156802	ATAD2	S1_all_tissues_zeros_kept	0.319744	29	0.0908657	0.487489
ENSG00000156831	NSMCE2	S1_all_tissues_zeros_kept	0.162525	29	0.399595	0.254884
ENSG00000156858	PRR14	S1_all_tissues_zeros_kept	0.142136	29	0.462034	0.231234
ENSG00000156860	FBRS	S1_all_tissues_zeros_kept	0.31541	29	0.0955794	0.47665
ENSG00000156873	PHKG2	S1_all_tissues_zeros_kept	0.368272	29	0.049336	0.562082
ENSG00000156876	SASS6	S1_all_tissues_zeros_kept	0.39325	29	0.0348205	0.598415
ENSG00000156885	COX6A2	S1_all_tissues_zeros_kept	0.103409	29	0.59347	0.186761
ENSG00000156928	MALSU1	S1_all_tissues_zeros_kept	-0.188456	29	0.327563	0.0196658
ENSG00000156931	VPS8	S1_all_tissues_zeros_kept	0.0364532	29	0.851085	0.126007
ENSG00000156958	GALK2	S1_all_tissues_zeros_kept	0.535961	29	0.00272943	0.799957
ENSG00000156959	LHFPL4	S1_all_tissues_zeros_kept	0.240367	29	0.20912	0.360026
ENSG00000156973	PDE6D	S1_all_tissues_zeros_kept	0.580296	29	0.000967034	0.841602
ENSG00000156976	EIF4A2	S1_all_tissues_zeros_kept	0.299015	29	0.115093	0.449614
ENSG00000156983	BRPF1	S1_all_tissues_zeros_kept	0.319704	29	0.0909077	0.487318
ENSG00000156990	RPUSD3	S1_all_tissues_zeros_kept	0.133432	29	0.490168	0.221123
ENSG00000157005	SST	S1_all_tissues_zeros_kept	0.435858	29	0.0181042	0.665167
ENSG00000157014	TATDN2	S1_all_tissues_zeros_kept	0.0288052	29	0.882084	0.119923
ENSG00000157017	GHRL	S1_all_tissues_zeros_kept	0.52605	29	0.0033781	0.785133
ENSG00000157020	SEC13	S1_all_tissues_zeros_kept	0.358128	29	0.0564476	0.546101
ENSG00000157045	NTAN1	S1_all_tissues_zeros_kept	0.356202	29	0.0578849	0.543402
ENSG00000157060	SHCBP1L	S1_all_tissues_zeros_kept	0.719623	29	1.08386e-05	0.947644
ENSG00000157077	ZFYVE9	S1_all_tissues_zeros_kept	0.653718	29	0.000120257	0.904413
ENSG00000157087	ATP2B2	S1_all_tissues_zeros_kept	0.503404	29	0.00537281	0.758312
ENSG00000157103	SLC6A1	S1_all_tissues_zeros_kept	0.33304	29	0.0775006	0.507326
ENSG00000157106	SMG1	S1_all_tissues_zeros_kept	-0.0246305	29	0.89908	0.0860754
ENSG00000157107	FCHO2	S1_all_tissues_zeros_kept	0.74335	29	3.84081e-06	0.95994
ENSG00000157110	RBPMS	S1_all_tissues_zeros_kept	0.519704	29	0.00385941	0.778578
ENSG00000157131	C8A	S1_all_tissues_zeros_kept	-0.0381991	29	0.844038	0.077078
ENSG00000157152	SYN2	S1_all_tissues_zeros_kept	0.0938976	29	0.628042	0.177335
ENSG00000157168	NRG1	S1_all_tissues_zeros_kept	0.244468	29	0.201217	0.366281
ENSG00000157181	C1orf27	S1_all_tissues_zeros_kept	0.780884	29	5.79679e-07	0.973479
ENSG00000157184	CPT2	S1_all_tissues_zeros_kept	0.530542	29	0.00306933	0.793188
ENSG00000157191	NECAP2	S1_all_tissues_zeros_kept	0.619212	29	0.000341715	0.875364
ENSG00000157193	LRP8	S1_all_tissues_zeros_kept	-0.0249307	29	0.897856	0.0859897
ENSG00000157212	PAXIP1	S1_all_tissues_zeros_kept	0.106184	29	0.583542	0.190274
ENSG00000157214	STEAP2	S1_all_tissues_zeros_kept	0.42348	29	0.0220727	0.649572
ENSG00000157216	SSBP3	S1_all_tissues_zeros_kept	0.476891	29	0.00890558	0.724036
ENSG00000157224	CLDN12	S1_all_tissues_zeros_kept	0.547195	29	0.00212655	0.811268
ENSG00000157227	MMP14	S1_all_tissues_zeros_kept	0.399507	29	0.0317857	0.60964
ENSG00000157240	FZD1	S1_all_tissues_zeros_kept	0.57642	29	0.00106508	0.83826
ENSG00000157259	GATAD1	S1_all_tissues_zeros_kept	0.299507	29	0.114467	0.450257
ENSG00000157326	DHRS4	S1_all_tissues_zeros_kept	0.506713	29	0.00503037	0.763196
ENSG00000157330	C1orf158	S1_all_tissues_zeros_kept	0.5	29	0.00574571	0.753299
ENSG00000157343	ARMC12	S1_all_tissues_zeros_kept	0.719623	29	1.08386e-05	0.947644
ENSG00000157349	DDX19B	S1_all_tissues_zeros_kept	0.350033	29	0.0626804	0.534319
ENSG00000157350	ST3GAL2	S1_all_tissues_zeros_kept	-0.188917	29	0.326358	0.0194944
ENSG00000157353	FUK	S1_all_tissues_zeros_kept	0.259958	29	0.173233	0.389075
ENSG00000157368	IL34	S1_all_tissues_zeros_kept	0.190377	29	0.322566	0.289503
ENSG00000157379	DHRS1	S1_all_tissues_zeros_kept	0.465025	29	0.0110288	0.708955
ENSG00000157399	ARSE	S1_all_tissues_zeros_kept	0.573451	29	0.00114594	0.835261
ENSG00000157404	KIT	S1_all_tissues_zeros_kept	0.587917	29	0.000796961	0.847772
ENSG00000157423	HYDIN	S1_all_tissues_zeros_kept	0.439435	29	0.0170739	0.670009
ENSG00000157426	AASDH	S1_all_tissues_zeros_kept	0.178341	29	0.354654	0.274165
ENSG00000157483	MYO1E	S1_all_tissues_zeros_kept	0.659606	29	9.93193e-05	0.909554
ENSG00000157500	APPL1	S1_all_tissues_zeros_kept	0.680788	29	4.81676e-05	0.925621
ENSG00000157514	TSC22D3	S1_all_tissues_zeros_kept	0.216256	29	0.25985	0.326178
ENSG00000157538	DSCR3	S1_all_tissues_zeros_kept	0.0812808	29	0.675105	0.163582
ENSG00000157540	DYRK1A	S1_all_tissues_zeros_kept	0.218746	29	0.254269	0.329649
ENSG00000157554	ERG	S1_all_tissues_zeros_kept	0.324979	29	0.0854088	0.494644
ENSG00000157570	TSPAN18	S1_all_tissues_zeros_kept	0.271534	29	0.154196	0.408098
ENSG00000157578	LCA5L	S1_all_tissues_zeros_kept	-0.038025	29	0.84474	0.0772494
ENSG00000157593	SLC35B2	S1_all_tissues_zeros_kept	0.447783	29	0.0148571	0.683676
ENSG00000157600	TMEM164	S1_all_tissues_zeros_kept	0.603458	29	0.000529119	0.863196
ENSG00000157601	MX1	S1_all_tissues_zeros_kept	0.876355	29	4.66969e-10	0.993702
ENSG00000157617	C2CD2	S1_all_tissues_zeros_kept	0.50936	29	0.00476994	0.766538
ENSG00000157625	TAB3	S1_all_tissues_zeros_kept	0.499015	29	0.00585765	0.751885
ENSG00000157637	SLC38A10	S1_all_tissues_zeros_kept	0.332512	29	0.0780004	0.50647
ENSG00000157657	ZNF618	S1_all_tissues_zeros_kept	0.420737	29	0.0230423	0.644344
ENSG00000157680	DGKI	S1_all_tissues_zeros_kept	0.351382	29	0.0616061	0.536461
ENSG00000157741	UBN2	S1_all_tissues_zeros_kept	-0.0803154	29	0.678759	0.0546272
ENSG00000157764	BRAF	S1_all_tissues_zeros_kept	0.276423	29	0.146624	0.415039
ENSG00000157765	SLC34A2	S1_all_tissues_zeros_kept	0.389695	29	0.036646	0.593702
ENSG00000157778	PSMG3	S1_all_tissues_zeros_kept	-0.0396601	29	0.838149	0.0767352
ENSG00000157782	CABP1	S1_all_tissues_zeros_kept	0.278726	29	0.143151	0.418895
ENSG00000157796	WDR19	S1_all_tissues_zeros_kept	0.426706	29	0.0209756	0.653942
ENSG00000157823	AP3S2	S1_all_tissues_zeros_kept	0.0313033	29	0.871938	0.121465
ENSG00000157827	FMNL2	S1_all_tissues_zeros_kept	0.604433	29	0.000515328	0.86371
ENSG00000157833	GAREML	S1_all_tissues_zeros_kept	0.262386	29	0.16911	0.392931
ENSG00000157851	DPYSL5	S1_all_tissues_zeros_kept	0.466417	29	0.0107595	0.71084
ENSG00000157856	DRC1	S1_all_tissues_zeros_kept	0.421088	29	0.0229164	0.644944
ENSG00000157869	RAB28	S1_all_tissues_zeros_kept	0.339083	29	0.0719499	0.516324
ENSG00000157870	FAM213B	S1_all_tissues_zeros_kept	0.722319	29	9.68457e-06	0.951457
ENSG00000157873	TNFRSF14	S1_all_tissues_zeros_kept	0.421989	29	0.0225956	0.647858
ENSG00000157895	C12orf43	S1_all_tissues_zeros_kept	0.52193	29	0.00368431	0.780763
ENSG00000157911	PEX10	S1_all_tissues_zeros_kept	0.587858	29	0.000798154	0.847686
ENSG00000157916	RER1	S1_all_tissues_zeros_kept	0.0551724	29	0.776211	0.141817
ENSG00000157927	RADIL	S1_all_tissues_zeros_kept	0.135225	29	0.484303	0.222922
ENSG00000157933	SKI	S1_all_tissues_zeros_kept	0.23689	29	0.215983	0.355056
ENSG00000157954	WIPI2	S1_all_tissues_zeros_kept	0.393645	29	0.0346227	0.599272
ENSG00000157978	LDLRAP1	S1_all_tissues_zeros_kept	0.695567	29	2.80543e-05	0.934319
ENSG00000157985	AGAP1	S1_all_tissues_zeros_kept	0.298559	29	0.115675	0.449015
ENSG00000157992	KRTCAP3	S1_all_tissues_zeros_kept	0.711207	29	1.528e-05	0.942459
ENSG00000158006	PAFAH2	S1_all_tissues_zeros_kept	0.643183	29	0.000167671	0.895159
ENSG00000158014	SLC30A2	S1_all_tissues_zeros_kept	0.347416	29	0.0648065	0.530805
ENSG00000158019	BRE	S1_all_tissues_zeros_kept	-0.0581281	29	0.764548	0.0658526
ENSG00000158022	TRIM63	S1_all_tissues_zeros_kept	0.0752353	29	0.698103	0.157969
ENSG00000158023	WDR66	S1_all_tissues_zeros_kept	0.0975569	29	0.614645	0.182134
ENSG00000158042	MRPL17	S1_all_tissues_zeros_kept	0.0187192	29	0.923219	0.112211
ENSG00000158055	GRHL3	S1_all_tissues_zeros_kept	0.278398	29	0.143642	0.418423
ENSG00000158079	PTPDC1	S1_all_tissues_zeros_kept	-0.0303404	29	0.875846	0.0829049
ENSG00000158089	GALNT14	S1_all_tissues_zeros_kept	0.0350623	29	0.856708	0.125321
ENSG00000158092	NCK1	S1_all_tissues_zeros_kept	0.380788	29	0.041559	0.57982
ENSG00000158104	HPD	S1_all_tissues_zeros_kept	0.370674	29	0.0477603	0.56551
ENSG00000158106	RHPN1	S1_all_tissues_zeros_kept	0.305267	29	0.107331	0.458912
ENSG00000158109	TPRG1L	S1_all_tissues_zeros_kept	-0.0827586	29	0.669526	0.053599
ENSG00000158113	LRRC43	S1_all_tissues_zeros_kept	0.719623	29	1.08386e-05	0.949057
ENSG00000158122	AAED1	S1_all_tissues_zeros_kept	0.239465	29	0.210885	0.359083
ENSG00000158125	XDH	S1_all_tissues_zeros_kept	0.542594	29	0.00235788	0.806384
ENSG00000158158	CNNM4	S1_all_tissues_zeros_kept	0.398818	29	0.0321093	0.608226
ENSG00000158161	EYA3	S1_all_tissues_zeros_kept	-0.0771031	29	0.690968	0.0564267
ENSG00000158195	WASF2	S1_all_tissues_zeros_kept	0.405419	29	0.0291185	0.619923
ENSG00000158201	ABHD3	S1_all_tissues_zeros_kept	0.677674	29	5.37704e-05	0.924122
ENSG00000158270	COLEC12	S1_all_tissues_zeros_kept	0.654057	29	0.000118955	0.904499
ENSG00000158286	RNF207	S1_all_tissues_zeros_kept	0.0577251	29	0.766136	0.144087
ENSG00000158290	CUL4B	S1_all_tissues_zeros_kept	0.403498	29	0.0299644	0.617995
ENSG00000158296	SLC13A3	S1_all_tissues_zeros_kept	0.345484	29	0.0664116	0.526692
ENSG00000158301	GPRASP2	S1_all_tissues_zeros_kept	0.497408	29	0.00604416	0.750043
ENSG00000158402	CDC25C	S1_all_tissues_zeros_kept	0.267491	29	0.160666	0.4015
ENSG00000158406	HIST1H4H	S1_all_tissues_zeros_kept	-0.302786	29	0.110363	0.00518423
ENSG00000158411	MITD1	S1_all_tissues_zeros_kept	0.412315	29	0.0262393	0.631534
ENSG00000158417	EIF5B	S1_all_tissues_zeros_kept	-0.308374	29	0.103622	0.00484147
ENSG00000158423	RIBC1	S1_all_tissues_zeros_kept	-0.115585	29	0.550461	0.0394602
ENSG00000158428	CATIP	S1_all_tissues_zeros_kept	0.340226	29	0.0709363	0.517866
ENSG00000158435	CNOT11	S1_all_tissues_zeros_kept	0.462069	29	0.011619	0.704799
ENSG00000158457	TSPAN33	S1_all_tissues_zeros_kept	0.433997	29	0.0186603	0.663111
ENSG00000158467	AHCYL2	S1_all_tissues_zeros_kept	0.667488	29	7.638e-05	0.91611
ENSG00000158470	B4GALT5	S1_all_tissues_zeros_kept	-0.158543	29	0.411398	0.0268638
ENSG00000158473	CD1D	S1_all_tissues_zeros_kept	-0.0249683	29	0.897703	0.085904
ENSG00000158477	CD1A	S1_all_tissues_zeros_kept	-0.108424	29	0.575582	0.0427592
ENSG00000158480	SPATA2	S1_all_tissues_zeros_kept	0.330037	29	0.0803781	0.501842
ENSG00000158486	DNAH3	S1_all_tissues_zeros_kept	0.276108	29	0.147102	0.414439
ENSG00000158516	CPA2	S1_all_tissues_zeros_kept	0.424998	29	0.0215509	0.650943
ENSG00000158517	NCF1	S1_all_tissues_zeros_kept	0.793473	29	2.82713e-07	0.978363
ENSG00000158525	CPA5	S1_all_tissues_zeros_kept	-0.0922281	29	0.634193	0.0488003
ENSG00000158526	TSR2	S1_all_tissues_zeros_kept	0.0795664	29	0.681599	0.162082
ENSG00000158528	PPP1R9A	S1_all_tissues_zeros_kept	0.505826	29	0.00512026	0.762082
ENSG00000158545	ZC3H18	S1_all_tissues_zeros_kept	0.216775	29	0.25868	0.326949
ENSG00000158552	ZFAND2B	S1_all_tissues_zeros_kept	0.402463	29	0.0304284	0.615596
ENSG00000158571	PFKFB1	S1_all_tissues_zeros_kept	0.235994	29	0.217776	0.354027
ENSG00000158604	TMED4	S1_all_tissues_zeros_kept	0.580788	29	0.000955155	0.842159
ENSG00000158615	PPP1R15B	S1_all_tissues_zeros_kept	0.0705868	29	0.715966	0.154284
ENSG00000158623	COPG2	S1_all_tissues_zeros_kept	0.211823	29	0.269984	0.319666
ENSG00000158636	C11orf30	S1_all_tissues_zeros_kept	0.264597	29	0.165414	0.395501
ENSG00000158639	PAGE5	S1_all_tissues_zeros_kept	0.372716	29	0.0464528	0.568209
ENSG00000158669	GPAT4	S1_all_tissues_zeros_kept	0.053202	29	0.784013	0.139589
ENSG00000158691	ZSCAN12	S1_all_tissues_zeros_kept	-0.0738116	29	0.703557	0.0582262
ENSG00000158710	TAGLN2	S1_all_tissues_zeros_kept	0.762069	29	1.56097e-06	0.966967
ENSG00000158711	ELK4	S1_all_tissues_zeros_kept	-0.164314	29	0.394355	0.0248929
ENSG00000158715	SLC45A3	S1_all_tissues_zeros_kept	0.32516	29	0.085225	0.49533
ENSG00000158716	DUSP23	S1_all_tissues_zeros_kept	0.306404	29	0.105962	0.461054
ENSG00000158717	RNF166	S1_all_tissues_zeros_kept	0.140146	29	0.468391	0.229263
ENSG00000158764	ITLN2	S1_all_tissues_zeros_kept	0.173916	29	0.366913	0.269794
ENSG00000158769	F11R	S1_all_tissues_zeros_kept	0.690148	29	3.4328e-05	0.930934
ENSG00000158773	USF1	S1_all_tissues_zeros_kept	0.097585	29	0.614542	0.182219
ENSG00000158792	SPATA2L	S1_all_tissues_zeros_kept	0.11516	29	0.551936	0.200557
ENSG00000158793	NIT1	S1_all_tissues_zeros_kept	0.351028	29	0.0618863	0.535947
ENSG00000158805	ZNF276	S1_all_tissues_zeros_kept	0.449772	29	0.0143658	0.686418
ENSG00000158806	NPM2	S1_all_tissues_zeros_kept	0.395911	29	0.0335028	0.602356
ENSG00000158813	EDA	S1_all_tissues_zeros_kept	0.265315	29	0.164227	0.396701
ENSG00000158850	B4GALT3	S1_all_tissues_zeros_kept	0.314621	29	0.0964571	0.47515
ENSG00000158856	DMTN	S1_all_tissues_zeros_kept	0.344131	29	0.0675535	0.524722
ENSG00000158859	ADAMTS4	S1_all_tissues_zeros_kept	0.431719	29	0.0193597	0.659512
ENSG00000158863	FAM160B2	S1_all_tissues_zeros_kept	0.197531	29	0.304367	0.297386
ENSG00000158864	NDUFS2	S1_all_tissues_zeros_kept	0.553202	29	0.00185423	0.816838
ENSG00000158869	FCER1G	S1_all_tissues_zeros_kept	0.693445	29	3.03763e-05	0.932605
ENSG00000158874	APOA2	S1_all_tissues_zeros_kept	0.0889759	29	0.646244	0.173136
ENSG00000158882	TOMM40L	S1_all_tissues_zeros_kept	0.26568	29	0.163626	0.397558
ENSG00000158887	MPZ	S1_all_tissues_zeros_kept	0.404607	29	0.0294736	0.619152
ENSG00000158941	CCAR2	S1_all_tissues_zeros_kept	0.485714	29	0.00755972	0.736461
ENSG00000158955	WNT9B	S1_all_tissues_zeros_kept	0.170873	29	0.375484	0.265381
ENSG00000158966	CACHD1	S1_all_tissues_zeros_kept	0.0603523	29	0.755805	0.146401
ENSG00000158985	CDC42SE2	S1_all_tissues_zeros_kept	0.397827	29	0.0325788	0.606298
ENSG00000158987	RAPGEF6	S1_all_tissues_zeros_kept	0.389655	29	0.0366671	0.59353
ENSG00000159023	EPB41	S1_all_tissues_zeros_kept	0.268966	29	0.158284	0.403213
ENSG00000159055	MIS18A	S1_all_tissues_zeros_kept	-0.177745	29	0.356291	0.022922
ENSG00000159063	ALG8	S1_all_tissues_zeros_kept	0.216297	29	0.259758	0.326521
ENSG00000159069	FBXW5	S1_all_tissues_zeros_kept	0.129557	29	0.502968	0.217481
ENSG00000159079	C21orf59	S1_all_tissues_zeros_kept	0.401478	29	0.0308755	0.613882
ENSG00000159082	SYNJ1	S1_all_tissues_zeros_kept	0.526912	29	0.00331683	0.786033
ENSG00000159086	PAXBP1	S1_all_tissues_zeros_kept	0.512808	29	0.00444798	0.770308
ENSG00000159110	IFNAR2	S1_all_tissues_zeros_kept	0.404863	29	0.0293611	0.619323
ENSG00000159111	MRPL10	S1_all_tissues_zeros_kept	-0.297537	29	0.116987	0.00535561
ENSG00000159131	GART	S1_all_tissues_zeros_kept	0.269951	29	0.156707	0.404499
ENSG00000159140	SON	S1_all_tissues_zeros_kept	0.0916256	29	0.636419	0.175621
ENSG00000159147	DONSON	S1_all_tissues_zeros_kept	0.202928	29	0.291076	0.305527
ENSG00000159164	SV2A	S1_all_tissues_zeros_kept	0.1316	29	0.496197	0.219152
ENSG00000159167	STC1	S1_all_tissues_zeros_kept	0.378412	29	0.0429548	0.577078
ENSG00000159173	TNNI1	S1_all_tissues_zeros_kept	0.205722	29	0.28434	0.310069
ENSG00000159176	CSRP1	S1_all_tissues_zeros_kept	0.649261	29	0.000138625	0.900728
ENSG00000159189	C1QC	S1_all_tissues_zeros_kept	0.296059	29	0.118904	0.44443
ENSG00000159197	KCNE2	S1_all_tissues_zeros_kept	-0.114978	29	0.552569	0.0399314
ENSG00000159200	RCAN1	S1_all_tissues_zeros_kept	0.26553	29	0.163873	0.397301
ENSG00000159202	UBE2Z	S1_all_tissues_zeros_kept	0.174406	29	0.365543	0.27048
ENSG00000159210	SNF8	S1_all_tissues_zeros_kept	0.144828	29	0.453508	0.233933
ENSG00000159212	CLIC6	S1_all_tissues_zeros_kept	0.743156	29	3.87529e-06	0.959854
ENSG00000159216	RUNX1	S1_all_tissues_zeros_kept	0.419445	29	0.0235111	0.642117
ENSG00000159217	IGF2BP1	S1_all_tissues_zeros_kept	0.438568	29	0.0173192	0.66868
ENSG00000159224	GIP	S1_all_tissues_zeros_kept	0.451848	29	0.0138675	0.689803
ENSG00000159228	CBR1	S1_all_tissues_zeros_kept	0.745658	29	3.4515e-06	0.960711
ENSG00000159231	CBR3	S1_all_tissues_zeros_kept	0.412347	29	0.0262266	0.631834
ENSG00000159251	ACTC1	S1_all_tissues_zeros_kept	0.722597	29	9.57209e-06	0.951628
ENSG00000159256	MORC3	S1_all_tissues_zeros_kept	0.425123	29	0.0215082	0.651414
ENSG00000159259	CHAF1B	S1_all_tissues_zeros_kept	0.201317	29	0.295005	0.303642
ENSG00000159261	CLDN14	S1_all_tissues_zeros_kept	1	29	0	0.997943
ENSG00000159267	HLCS	S1_all_tissues_zeros_kept	0.542857	29	0.00234407	0.806641
ENSG00000159314	ARHGAP27	S1_all_tissues_zeros_kept	0.614418	29	0.000391304	0.871508
ENSG00000159322	ADPGK	S1_all_tissues_zeros_kept	0.418227	29	0.0239601	0.640146
ENSG00000159335	PTMS	S1_all_tissues_zeros_kept	0.429064	29	0.0202023	0.656641
ENSG00000159339	PADI4	S1_all_tissues_zeros_kept	0.52806	29	0.0032368	0.789931
ENSG00000159346	ADIPOR1	S1_all_tissues_zeros_kept	-0.0293785	29	0.879754	0.083419
ENSG00000159348	CYB5R1	S1_all_tissues_zeros_kept	0.617734	29	0.000356375	0.87365
ENSG00000159352	PSMD4	S1_all_tissues_zeros_kept	0.274384	29	0.149748	0.411568
ENSG00000159363	ATP13A2	S1_all_tissues_zeros_kept	0.417682	29	0.0241631	0.639374
ENSG00000159377	PSMB4	S1_all_tissues_zeros_kept	0.233498	29	0.222825	0.3512
ENSG00000159399	HK2	S1_all_tissues_zeros_kept	0.658767	29	0.000102088	0.908955
ENSG00000159403	C1R	S1_all_tissues_zeros_kept	0.75665	29	2.04235e-06	0.96521
ENSG00000159409	CELF3	S1_all_tissues_zeros_kept	0.218455	29	0.254917	0.329006
ENSG00000159445	THEM4	S1_all_tissues_zeros_kept	0.0532676	29	0.783753	0.139803
ENSG00000159459	UBR1	S1_all_tissues_zeros_kept	0.157655	29	0.414055	0.250086
ENSG00000159461	AMFR	S1_all_tissues_zeros_kept	0.444828	29	0.0156129	0.67832
ENSG00000159479	MED8	S1_all_tissues_zeros_kept	0.0766955	29	0.692523	0.159512
ENSG00000159516	SPRR2G	S1_all_tissues_zeros_kept	-0.0640809	29	0.741214	0.0633248
ENSG00000159579	RSPRY1	S1_all_tissues_zeros_kept	0.411381	29	0.0266153	0.629692
ENSG00000159588	CCDC17	S1_all_tissues_zeros_kept	0.135225	29	0.484303	0.222922
ENSG00000159592	GPBP1L1	S1_all_tissues_zeros_kept	0.459304	29	0.0121948	0.7009
ENSG00000159593	NAE1	S1_all_tissues_zeros_kept	0.267488	29	0.160671	0.401114
ENSG00000159618	ADGRG5	S1_all_tissues_zeros_kept	0.452882	29	0.0136248	0.691902
ENSG00000159625	DRC7	S1_all_tissues_zeros_kept	0.316033	29	0.0948909	0.478106
ENSG00000159640	ACE	S1_all_tissues_zeros_kept	0.601061	29	0.000564395	0.861054
ENSG00000159650	UROC1	S1_all_tissues_zeros_kept	0.316228	29	0.0946761	0.479306
ENSG00000159658	EFCAB14	S1_all_tissues_zeros_kept	0.0559182	29	0.773264	0.142545
ENSG00000159685	CHCHD6	S1_all_tissues_zeros_kept	0.364823	29	0.0516695	0.557712
ENSG00000159692	CTBP1	S1_all_tissues_zeros_kept	-0.0315271	29	0.87103	0.0817909
ENSG00000159708	LRRC36	S1_all_tissues_zeros_kept	-0.0730281	29	0.706566	0.0586547
ENSG00000159713	TPPP3	S1_all_tissues_zeros_kept	0.548276	29	0.00207514	0.812254
ENSG00000159720	ATP6V0D1	S1_all_tissues_zeros_kept	0.274384	29	0.149748	0.411568
ENSG00000159723	AGRP	S1_all_tissues_zeros_kept	-0.0739796	29	0.702913	0.0579692
ENSG00000159753	RLTPR	S1_all_tissues_zeros_kept	0.764199	29	1.40176e-06	0.967566
ENSG00000159763	PIP	S1_all_tissues_zeros_kept	0.422943	29	0.02226	0.649057
ENSG00000159784	FAM131B	S1_all_tissues_zeros_kept	0.191781	29	0.318943	0.291003
ENSG00000159788	RGS12	S1_all_tissues_zeros_kept	0.0517305	29	0.789853	0.138346
ENSG00000159840	ZYX	S1_all_tissues_zeros_kept	0.643842	29	0.000164277	0.896272
ENSG00000159842	ABR	S1_all_tissues_zeros_kept	0.510837	29	0.0046296	0.768123
ENSG00000159871	LYPD5	S1_all_tissues_zeros_kept	0.237952	29	0.21387	0.356941
ENSG00000159873	CCDC117	S1_all_tissues_zeros_kept	0.0390173	29	0.840739	0.127978
ENSG00000159884	CCDC107	S1_all_tissues_zeros_kept	0.124305	29	0.520576	0.211011
ENSG00000159921	GNE	S1_all_tissues_zeros_kept	0.309151	29	0.102709	0.465681
ENSG00000159958	TNFRSF13C	S1_all_tissues_zeros_kept	0.516841	29	0.00409511	0.775364
ENSG00000160007	ARHGAP35	S1_all_tissues_zeros_kept	0.476847	29	0.00891264	0.723693
ENSG00000160049	DFFA	S1_all_tissues_zeros_kept	0.345363	29	0.066513	0.526607
ENSG00000160050	CCDC28B	S1_all_tissues_zeros_kept	0.299607	29	0.11434	0.450428
ENSG00000160058	BSDC1	S1_all_tissues_zeros_kept	0.510837	29	0.0046296	0.768123
ENSG00000160072	ATAD3B	S1_all_tissues_zeros_kept	0.279266	29	0.142346	0.419666
ENSG00000160075	SSU72	S1_all_tissues_zeros_kept	0.144828	29	0.453508	0.233933
ENSG00000160087	UBE2J2	S1_all_tissues_zeros_kept	0.234016	29	0.221771	0.351885
ENSG00000160094	ZNF362	S1_all_tissues_zeros_kept	0.300037	29	0.113796	0.451371
ENSG00000160113	NR2F6	S1_all_tissues_zeros_kept	0.346076	29	0.065916	0.527721
ENSG00000160124	CCDC58	S1_all_tissues_zeros_kept	0.423205	29	0.0221686	0.649486
ENSG00000160131	VMA21	S1_all_tissues_zeros_kept	0.149199	29	0.439844	0.239974
ENSG00000160161	CILP2	S1_all_tissues_zeros_kept	0.153119	29	0.427783	0.244002
ENSG00000160179	ABCG1	S1_all_tissues_zeros_kept	-0.0510481	29	0.792565	0.0693659
ENSG00000160181	TFF2	S1_all_tissues_zeros_kept	0.534635	29	0.00280943	0.797558
ENSG00000160182	TFF1	S1_all_tissues_zeros_kept	0.372882	29	0.0463477	0.569023
ENSG00000160185	UBASH3A	S1_all_tissues_zeros_kept	0.190301	29	0.322762	0.289332
ENSG00000160188	RSPH1	S1_all_tissues_zeros_kept	0.372429	29	0.0466347	0.567909
ENSG00000160193	WDR4	S1_all_tissues_zeros_kept	0.316544	29	0.0943283	0.481234
ENSG00000160194	NDUFV3	S1_all_tissues_zeros_kept	0.246305	29	0.197745	0.368852
ENSG00000160199	PKNOX1	S1_all_tissues_zeros_kept	0.340656	29	0.0705573	0.519409
ENSG00000160200	CBS	S1_all_tissues_zeros_kept	0.487226	29	0.00734737	0.738089
ENSG00000160201	U2AF1	S1_all_tissues_zeros_kept	-0.158621	29	0.411164	0.0266495
ENSG00000160202	CRYAA	S1_all_tissues_zeros_kept	0.516752	29	0.00410263	0.775278
ENSG00000160207	HSF2BP	S1_all_tissues_zeros_kept	-0.149528	29	0.438824	0.0290917
ENSG00000160208	RRP1B	S1_all_tissues_zeros_kept	0.258621	29	0.175535	0.387532
ENSG00000160209	PDXK	S1_all_tissues_zeros_kept	0.479803	29	0.00844068	0.727592
ENSG00000160211	G6PD	S1_all_tissues_zeros_kept	0.789655	29	3.53285e-07	0.976949
ENSG00000160213	CSTB	S1_all_tissues_zeros_kept	0.173913	29	0.36692	0.269709
ENSG00000160214	RRP1	S1_all_tissues_zeros_kept	0.163054	29	0.39804	0.255784
ENSG00000160216	AGPAT3	S1_all_tissues_zeros_kept	0.64532	29	0.000156895	0.897729
ENSG00000160218	TRAPPC10	S1_all_tissues_zeros_kept	0.155665	29	0.420046	0.246915
ENSG00000160219	GAB3	S1_all_tissues_zeros_kept	0.391503	29	0.0357082	0.596101
ENSG00000160221	C21orf33	S1_all_tissues_zeros_kept	0.546126	29	0.00217845	0.81024
ENSG00000160226	C21orf2	S1_all_tissues_zeros_kept	0.148276	29	0.44271	0.238518
ENSG00000160255	ITGB2	S1_all_tissues_zeros_kept	0.823153	29	4.20314e-08	0.98659
ENSG00000160282	FTCD	S1_all_tissues_zeros_kept	0.253834	29	0.18395	0.381277
ENSG00000160285	LSS	S1_all_tissues_zeros_kept	0.328612	29	0.0817722	0.5
ENSG00000160293	VAV2	S1_all_tissues_zeros_kept	0.796059	29	2.4246e-07	0.97892
ENSG00000160294	MCM3AP	S1_all_tissues_zeros_kept	0.460591	29	0.0119239	0.702785
ENSG00000160298	C21orf58	S1_all_tissues_zeros_kept	0.610702	29	0.000433993	0.869195
ENSG00000160299	PCNT	S1_all_tissues_zeros_kept	0.265434	29	0.16403	0.397044
ENSG00000160305	DIP2A	S1_all_tissues_zeros_kept	0.00886809	29	0.963584	0.10467
ENSG00000160307	S100B	S1_all_tissues_zeros_kept	0.70111	29	2.27175e-05	0.937661
ENSG00000160310	PRMT2	S1_all_tissues_zeros_kept	-0.152554	29	0.429508	0.0284919
ENSG00000160325	CACFD1	S1_all_tissues_zeros_kept	0.473986	29	0.00939047	0.720351
ENSG00000160339	FCN2	S1_all_tissues_zeros_kept	0.382927	29	0.040334	0.583076
ENSG00000160345	C9orf116	S1_all_tissues_zeros_kept	-0.144839	29	0.453472	0.0304627
ENSG00000160349	LCN1	S1_all_tissues_zeros_kept	-0.0753336	29	0.697726	0.0571551
ENSG00000160360	GPSM1	S1_all_tissues_zeros_kept	0.384998	29	0.0391753	0.586247
ENSG00000160392	C19orf47	S1_all_tissues_zeros_kept	0.0304929	29	0.875227	0.12078
ENSG00000160401	CFAP157	S1_all_tissues_zeros_kept	0.466621	29	0.0107206	0.711354
ENSG00000160404	TOR2A	S1_all_tissues_zeros_kept	0.481399	29	0.00819464	0.731234
ENSG00000160408	ST6GALNAC6	S1_all_tissues_zeros_kept	0.144177	29	0.45556	0.233119
ENSG00000160410	SHKBP1	S1_all_tissues_zeros_kept	0.627573	29	0.000268355	0.882991
ENSG00000160439	RDH13	S1_all_tissues_zeros_kept	0.477575	29	0.00879439	0.724893
ENSG00000160445	ZER1	S1_all_tissues_zeros_kept	0.529064	29	0.00316811	0.791645
ENSG00000160447	PKN3	S1_all_tissues_zeros_kept	0.182292	29	0.343918	0.279306
ENSG00000160460	SPTBN4	S1_all_tissues_zeros_kept	0.317239	29	0.0935684	0.482819
ENSG00000160469	BRSK1	S1_all_tissues_zeros_kept	0.040954	29	0.832941	0.129692
ENSG00000160472	TMEM190	S1_all_tissues_zeros_kept	0.269864	29	0.156845	0.404027
ENSG00000160505	NLRP4	S1_all_tissues_zeros_kept	0.129873	29	0.501918	0.217695
ENSG00000160539	PLPP7	S1_all_tissues_zeros_kept	0.589416	29	0.000766778	0.849143
ENSG00000160551	TAOK1	S1_all_tissues_zeros_kept	0.336453	29	0.0743266	0.511611
ENSG00000160563	MED27	S1_all_tissues_zeros_kept	0.0110988	29	0.954433	0.10647
ENSG00000160584	SIK3	S1_all_tissues_zeros_kept	0.114286	29	0.554979	0.199957
ENSG00000160588	MPZL3	S1_all_tissues_zeros_kept	0.0388904	29	0.84125	0.127721
ENSG00000160602	NEK8	S1_all_tissues_zeros_kept	0.0828199	29	0.669295	0.165681
ENSG00000160633	SAFB	S1_all_tissues_zeros_kept	0.359606	29	0.0553642	0.549143
ENSG00000160678	S100A1	S1_all_tissues_zeros_kept	0.645232	29	0.000157329	0.897472
ENSG00000160679	CHTOP	S1_all_tissues_zeros_kept	0.0905056	29	0.640565	0.17425
ENSG00000160683	CXCR5	S1_all_tissues_zeros_kept	0.240367	29	0.20912	0.360026
ENSG00000160685	ZBTB7B	S1_all_tissues_zeros_kept	0.372793	29	0.0464043	0.568338
ENSG00000160688	FLAD1	S1_all_tissues_zeros_kept	-0.271429	29	0.154362	0.00724079
ENSG00000160691	SHC1	S1_all_tissues_zeros_kept	-0.188177	29	0.328292	0.0198372
ENSG00000160695	VPS11	S1_all_tissues_zeros_kept	0.182266	29	0.343987	0.279135
ENSG00000160703	NLRX1	S1_all_tissues_zeros_kept	0.0748861	29	0.699439	0.157669
ENSG00000160710	ADAR	S1_all_tissues_zeros_kept	0.36601	29	0.050857	0.558783
ENSG00000160712	IL6R	S1_all_tissues_zeros_kept	0.40901	29	0.0275889	0.625921
ENSG00000160714	UBE2Q1	S1_all_tissues_zeros_kept	0.296059	29	0.118904	0.44443
ENSG00000160741	CRTC2	S1_all_tissues_zeros_kept	0.0044335	29	0.98179	0.102314
ENSG00000160746	ANO10	S1_all_tissues_zeros_kept	0.42266	29	0.0223591	0.6485
ENSG00000160752	FDPS	S1_all_tissues_zeros_kept	0.213793	29	0.265449	0.322922
ENSG00000160753	RUSC1	S1_all_tissues_zeros_kept	0.647233	29	0.000147775	0.898757
ENSG00000160783	PMF1	S1_all_tissues_zeros_kept	0.106897	29	0.581003	0.191045
ENSG00000160785	SLC25A44	S1_all_tissues_zeros_kept	0.263701	29	0.166906	0.394216
ENSG00000160789	LMNA	S1_all_tissues_zeros_kept	0.210345	29	0.273418	0.317309
ENSG00000160796	NBEAL2	S1_all_tissues_zeros_kept	0.470748	29	0.00995716	0.716238
ENSG00000160799	CCDC12	S1_all_tissues_zeros_kept	0.203941	29	0.288622	0.307027
ENSG00000160803	UBQLN4	S1_all_tissues_zeros_kept	0.481773	29	0.00813788	0.731577
ENSG00000160808	MYL3	S1_all_tissues_zeros_kept	0.131478	29	0.496602	0.219066
ENSG00000160813	PPP1R35	S1_all_tissues_zeros_kept	0.0265998	29	0.891057	0.11838
ENSG00000160818	GPATCH4	S1_all_tissues_zeros_kept	-0.000246609	29	0.998987	0.0990146
ENSG00000160838	LRRC71	S1_all_tissues_zeros_kept	0.151602	29	0.432428	0.242288
ENSG00000160856	FCRL3	S1_all_tissues_zeros_kept	0.168311	29	0.382793	0.261911
ENSG00000160862	AZGP1	S1_all_tissues_zeros_kept	0.275531	29	0.147984	0.413925
ENSG00000160868	CYP3A4	S1_all_tissues_zeros_kept	0.30138	29	0.11211	0.453256
ENSG00000160877	NACC1	S1_all_tissues_zeros_kept	0.033748	29	0.862028	0.12395
ENSG00000160882	CYP11B1	S1_all_tissues_zeros_kept	0.316228	29	0.0946761	0.479306
ENSG00000160888	IER2	S1_all_tissues_zeros_kept	0.032609	29	0.866643	0.122922
ENSG00000160917	CPSF4	S1_all_tissues_zeros_kept	0.0394089	29	0.839161	0.128278
ENSG00000160932	LY6E	S1_all_tissues_zeros_kept	-0.14115	29	0.465176	0.0315767
ENSG00000160948	VPS28	S1_all_tissues_zeros_kept	0.127094	29	0.51119	0.214867
ENSG00000160953	MUM1	S1_all_tissues_zeros_kept	0.285538	29	0.133228	0.429349
ENSG00000160959	LRRC14	S1_all_tissues_zeros_kept	0.204977	29	0.286127	0.30904
ENSG00000160963	COL26A1	S1_all_tissues_zeros_kept	-0.180911	29	0.347647	0.0220651
ENSG00000160972	PPP1R16A	S1_all_tissues_zeros_kept	0.113486	29	0.55777	0.1991
ENSG00000160991	ORAI2	S1_all_tissues_zeros_kept	0.188713	29	0.326892	0.287104
ENSG00000160993	ALKBH4	S1_all_tissues_zeros_kept	0.313416	29	0.0978088	0.473136
ENSG00000160999	SH2B2	S1_all_tissues_zeros_kept	0.40074	29	0.0312139	0.612039
ENSG00000161010	C5orf45	S1_all_tissues_zeros_kept	0.389457	29	0.0367712	0.593102
ENSG00000161011	SQSTM1	S1_all_tissues_zeros_kept	0.106897	29	0.581003	0.191045
ENSG00000161013	MGAT4B	S1_all_tissues_zeros_kept	0.62099	29	0.000324786	0.876949
ENSG00000161016	RPL8	S1_all_tissues_zeros_kept	-0.115764	29	0.54984	0.0393745
ENSG00000161021	MAML1	S1_all_tissues_zeros_kept	0.403005	29	0.0301846	0.616967
ENSG00000161031	PGLYRP2	S1_all_tissues_zeros_kept	-0.218597	29	0.254602	0.0141817
ENSG00000161036	LRWD1	S1_all_tissues_zeros_kept	0.317241	29	0.0935655	0.482991
ENSG00000161048	NAPEPLD	S1_all_tissues_zeros_kept	0.781516	29	5.59795e-07	0.973736
ENSG00000161055	SCGB3A1	S1_all_tissues_zeros_kept	-0.0225933	29	0.90739	0.0874464
ENSG00000161057	PSMC2	S1_all_tissues_zeros_kept	0.437931	29	0.0175011	0.667566
ENSG00000161091	MFSD12	S1_all_tissues_zeros_kept	0.248465	29	0.193717	0.372836
ENSG00000161179	YDJC	S1_all_tissues_zeros_kept	0.410949	29	0.0267905	0.629092
ENSG00000161202	DVL3	S1_all_tissues_zeros_kept	0.463054	29	0.0114194	0.706727
ENSG00000161203	AP2M1	S1_all_tissues_zeros_kept	0.0788177	29	0.684442	0.161268
ENSG00000161204	ABCF3	S1_all_tissues_zeros_kept	0.634483	29	0.000218605	0.88856
ENSG00000161217	PCYT1A	S1_all_tissues_zeros_kept	0.462069	29	0.011619	0.704799
ENSG00000161243	FBXO27	S1_all_tissues_zeros_kept	0.358108	29	0.0564623	0.545801
ENSG00000161267	BDH1	S1_all_tissues_zeros_kept	0.70936	29	1.64499e-05	0.941688
ENSG00000161270	NPHS1	S1_all_tissues_zeros_kept	0.274924	29	0.148915	0.412639
ENSG00000161281	COX7A1	S1_all_tissues_zeros_kept	0.54335	29	0.00231844	0.807155
ENSG00000161381	PLXDC1	S1_all_tissues_zeros_kept	0.453189	29	0.0135533	0.692159
ENSG00000161405	IKZF3	S1_all_tissues_zeros_kept	0.589672	29	0.000761712	0.849486
ENSG00000161513	FDXR	S1_all_tissues_zeros_kept	0.406443	29	0.0286752	0.622237
ENSG00000161526	SAP30BP	S1_all_tissues_zeros_kept	0.11133	29	0.565324	0.196315
ENSG00000161533	ACOX1	S1_all_tissues_zeros_kept	0.551232	29	0.00194002	0.815081
ENSG00000161542	PRPSAP1	S1_all_tissues_zeros_kept	0.165025	29	0.392285	0.257798
ENSG00000161544	CYGB	S1_all_tissues_zeros_kept	0.63202	29	0.000235313	0.886889
ENSG00000161547	SRSF2	S1_all_tissues_zeros_kept	0.441379	29	0.0165347	0.67335
ENSG00000161558	TMEM143	S1_all_tissues_zeros_kept	0.246975	29	0.19649	0.370137
ENSG00000161594	KLHL10	S1_all_tissues_zeros_kept	0.330548	29	0.0798826	0.502699
ENSG00000161609	CCDC155	S1_all_tissues_zeros_kept	0.598088	29	0.000611003	0.857541
ENSG00000161618	ALDH16A1	S1_all_tissues_zeros_kept	0.214595	29	0.263617	0.324207
ENSG00000161638	ITGA5	S1_all_tissues_zeros_kept	0.608867	29	0.000456542	0.867481
ENSG00000161642	ZNF385A	S1_all_tissues_zeros_kept	0.336962	29	0.0738623	0.512639
ENSG00000161649	CD300LG	S1_all_tissues_zeros_kept	0.3061	29	0.106327	0.460368
ENSG00000161653	NAGS	S1_all_tissues_zeros_kept	0.406706	29	0.0285622	0.622494
ENSG00000161654	LSM12	S1_all_tissues_zeros_kept	0.0778325	29	0.688189	0.160497
ENSG00000161671	EMC10	S1_all_tissues_zeros_kept	0.373399	29	0.0460218	0.570094
ENSG00000161677	JOSD2	S1_all_tissues_zeros_kept	0.11677	29	0.546352	0.202185
ENSG00000161681	SHANK1	S1_all_tissues_zeros_kept	0.362421	29	0.0533456	0.554327
ENSG00000161682	FAM171A2	S1_all_tissues_zeros_kept	0.446599	29	0.0151561	0.682048
ENSG00000161714	PLCD3	S1_all_tissues_zeros_kept	0.794166	29	2.7137e-07	0.97862
ENSG00000161791	FMNL3	S1_all_tissues_zeros_kept	0.147135	29	0.446267	0.236889
ENSG00000161798	AQP5	S1_all_tissues_zeros_kept	0.594449	29	0.000672616	0.852828
ENSG00000161800	RACGAP1	S1_all_tissues_zeros_kept	0.184898	29	0.336944	0.282476
ENSG00000161813	LARP4	S1_all_tissues_zeros_kept	0.0758621	29	0.695706	0.158569
ENSG00000161847	RAVER1	S1_all_tissues_zeros_kept	0.34549	29	0.0664059	0.526778
ENSG00000161860	SYCE2	S1_all_tissues_zeros_kept	0.719623	29	1.08386e-05	0.949057
ENSG00000161904	LEMD2	S1_all_tissues_zeros_kept	0.467488	29	0.0105563	0.712982
ENSG00000161905	ALOX15	S1_all_tissues_zeros_kept	0.317164	29	0.0936502	0.482648
ENSG00000161911	TREML1	S1_all_tissues_zeros_kept	0.0545208	29	0.778789	0.141088
ENSG00000161920	MED11	S1_all_tissues_zeros_kept	0.0818137	29	0.673091	0.164225
ENSG00000161921	CXCL16	S1_all_tissues_zeros_kept	0.144691	29	0.453939	0.233548
ENSG00000161929	SCIMP	S1_all_tissues_zeros_kept	0.317584	29	0.0931924	0.483333
ENSG00000161944	ASGR2	S1_all_tissues_zeros_kept	0.5358	29	0.00273904	0.799529
ENSG00000161956	SENP3	S1_all_tissues_zeros_kept	0.14532	29	0.451957	0.23449
ENSG00000161960	EIF4A1	S1_all_tissues_zeros_kept	0.450739	29	0.0141319	0.688089
ENSG00000161970	RPL26	S1_all_tissues_zeros_kept	0.0679803	29	0.726048	0.152399
ENSG00000161980	POLR3K	S1_all_tissues_zeros_kept	0.0827817	29	0.669439	0.165596
ENSG00000161996	WDR90	S1_all_tissues_zeros_kept	-0.178713	29	0.353634	0.0224936
ENSG00000161999	JMJD8	S1_all_tissues_zeros_kept	0.198394	29	0.302217	0.299186
ENSG00000162004	CCDC78	S1_all_tissues_zeros_kept	0.0976843	29	0.61418	0.182391
ENSG00000162039	MEIOB	S1_all_tissues_zeros_kept	0.719623	29	1.08386e-05	0.947644
ENSG00000162066	AMDHD2	S1_all_tissues_zeros_kept	0.162018	29	0.401085	0.254456
ENSG00000162076	FLYWCH2	S1_all_tissues_zeros_kept	-0.0221675	29	0.909128	0.0877035
ENSG00000162078	ZG16B	S1_all_tissues_zeros_kept	0.59953	29	0.00058799	0.859769
ENSG00000162104	ADCY9	S1_all_tissues_zeros_kept	0.261084	29	0.171313	0.390831
ENSG00000162105	SHANK2	S1_all_tissues_zeros_kept	0.501908	29	0.0055341	0.756427
ENSG00000162139	NEU3	S1_all_tissues_zeros_kept	0.163457	29	0.396859	0.256427
ENSG00000162148	PPP1R32	S1_all_tissues_zeros_kept	0.0235221	29	0.9036	0.116238
ENSG00000162188	GNG3	S1_all_tissues_zeros_kept	0.207523	29	0.280052	0.312896
ENSG00000162191	UBXN1	S1_all_tissues_zeros_kept	0.421182	29	0.0228827	0.646872
ENSG00000162222	TTC9C	S1_all_tissues_zeros_kept	-0.0699507	29	0.718422	0.0597686
ENSG00000162227	TAF6L	S1_all_tissues_zeros_kept	0.00123168	29	0.994941	0.100043
ENSG00000162231	NXF1	S1_all_tissues_zeros_kept	0.0945813	29	0.62553	0.17862
ENSG00000162236	STX5	S1_all_tissues_zeros_kept	0.227094	29	0.236137	0.342159
ENSG00000162244	RPL29	S1_all_tissues_zeros_kept	-0.205426	29	0.28505	0.0162382
ENSG00000162267	ITIH3	S1_all_tissues_zeros_kept	-0.135236	29	0.484265	0.0332048
ENSG00000162298	SYVN1	S1_all_tissues_zeros_kept	0.366502	29	0.0505226	0.559426
ENSG00000162300	ZFPL1	S1_all_tissues_zeros_kept	-0.01133	29	0.953484	0.093102
ENSG00000162302	RPS6KA4	S1_all_tissues_zeros_kept	0.548768	29	0.00205207	0.812725
ENSG00000162337	LRP5	S1_all_tissues_zeros_kept	0.28119	29	0.139501	0.423008
ENSG00000162341	TPCN2	S1_all_tissues_zeros_kept	-0.380163	29	0.0419224	0.00158526
ENSG00000162365	CYP4A22	S1_all_tissues_zeros_kept	0.437462	29	0.017636	0.667138
ENSG00000162366	PDZK1IP1	S1_all_tissues_zeros_kept	0.593813	29	0.000683928	0.852399
ENSG00000162368	CMPK1	S1_all_tissues_zeros_kept	0.709852	29	1.61302e-05	0.941945
ENSG00000162374	ELAVL4	S1_all_tissues_zeros_kept	0.63453	29	0.000218297	0.888732
ENSG00000162377	COA7	S1_all_tissues_zeros_kept	0.402316	29	0.0304949	0.615081
ENSG00000162378	ZYG11B	S1_all_tissues_zeros_kept	0.414286	29	0.0254607	0.634362
ENSG00000162384	C1orf123	S1_all_tissues_zeros_kept	0.265025	29	0.164707	0.396144
ENSG00000162385	MAGOH	S1_all_tissues_zeros_kept	0.111823	29	0.563594	0.196572
ENSG00000162391	FAM151A	S1_all_tissues_zeros_kept	0.609725	29	0.000445868	0.868423
ENSG00000162396	PARS2	S1_all_tissues_zeros_kept	0.539542	29	0.00252302	0.80407
ENSG00000162399	BSND	S1_all_tissues_zeros_kept	0.503626	29	0.00534922	0.759083
ENSG00000162402	USP24	S1_all_tissues_zeros_kept	0.306442	29	0.105917	0.461268
ENSG00000162407	PLPP3	S1_all_tissues_zeros_kept	0.419212	29	0.0235964	0.641817
ENSG00000162408	NOL9	S1_all_tissues_zeros_kept	0.0845036	29	0.66296	0.167566
ENSG00000162409	PRKAA2	S1_all_tissues_zeros_kept	0.494292	29	0.00642025	0.746058
ENSG00000162413	KLHL21	S1_all_tissues_zeros_kept	0.248178	29	0.19425	0.371765
ENSG00000162419	GMEB1	S1_all_tissues_zeros_kept	0.24075	29	0.208373	0.361311
ENSG00000162430	SEPN1	S1_all_tissues_zeros_kept	-0.00638952	29	0.973758	0.095587
ENSG00000162434	JAK1	S1_all_tissues_zeros_kept	0.525616	29	0.00340928	0.78449
ENSG00000162437	RAVER2	S1_all_tissues_zeros_kept	0.715152	29	1.30273e-05	0.944173
ENSG00000162438	CTRC	S1_all_tissues_zeros_kept	0.408804	29	0.0276746	0.625664
ENSG00000162441	LZIC	S1_all_tissues_zeros_kept	-0.064532	29	0.739454	0.0631105
ENSG00000162458	FBLIM1	S1_all_tissues_zeros_kept	0.658948	29	0.000101485	0.909212
ENSG00000162460	TMEM82	S1_all_tissues_zeros_kept	0.342483	29	0.068965	0.522065
ENSG00000162482	AKR7A3	S1_all_tissues_zeros_kept	0.816172	29	6.78282e-08	0.984961
ENSG00000162494	LRRC38	S1_all_tissues_zeros_kept	1	29	0	0.997943
ENSG00000162496	DHRS3	S1_all_tissues_zeros_kept	0.778421	29	6.63511e-07	0.972751
ENSG00000162511	LAPTM5	S1_all_tissues_zeros_kept	0.393294	29	0.0347985	0.598543
ENSG00000162512	SDC3	S1_all_tissues_zeros_kept	0.566502	29	0.00135638	0.829392
ENSG00000162517	PEF1	S1_all_tissues_zeros_kept	0.320197	29	0.0903831	0.487961
ENSG00000162520	SYNC	S1_all_tissues_zeros_kept	0.612879	29	0.000408514	0.870651
ENSG00000162521	RBBP4	S1_all_tissues_zeros_kept	0.397044	29	0.0329537	0.605056
ENSG00000162522	KIAA1522	S1_all_tissues_zeros_kept	0.88741	29	1.41121e-10	0.994216
ENSG00000162542	TMCO4	S1_all_tissues_zeros_kept	0.220197	29	0.251054	0.332177
ENSG00000162543	UBXN10	S1_all_tissues_zeros_kept	0.50408	29	0.00530134	0.75994
ENSG00000162545	CAMK2N1	S1_all_tissues_zeros_kept	0.12322	29	0.524251	0.209897
ENSG00000162551	ALPL	S1_all_tissues_zeros_kept	0.614797	29	0.000387163	0.871765
ENSG00000162598	C1orf87	S1_all_tissues_zeros_kept	0.403436	29	0.0299921	0.617352
ENSG00000162599	NFIA	S1_all_tissues_zeros_kept	0.22069	29	0.249968	0.332948
ENSG00000162600	OMA1	S1_all_tissues_zeros_kept	0.63399	29	0.00022186	0.888046
ENSG00000162601	MYSM1	S1_all_tissues_zeros_kept	0.113098	29	0.559126	0.198415
ENSG00000162607	USP1	S1_all_tissues_zeros_kept	0.121792	29	0.529107	0.207669
ENSG00000162613	FUBP1	S1_all_tissues_zeros_kept	0.495074	29	0.0063241	0.747344
ENSG00000162614	NEXN	S1_all_tissues_zeros_kept	0.729423	29	7.15306e-06	0.954113
ENSG00000162616	DNAJB4	S1_all_tissues_zeros_kept	0.460591	29	0.0119239	0.702785
ENSG00000162618	ADGRL4	S1_all_tissues_zeros_kept	0.261529	29	0.170556	0.391217
ENSG00000162623	TYW3	S1_all_tissues_zeros_kept	0.319635	29	0.0909817	0.487104
ENSG00000162627	SNX7	S1_all_tissues_zeros_kept	0.697623	29	2.59563e-05	0.935518
ENSG00000162631	NTNG1	S1_all_tissues_zeros_kept	0.0723644	29	0.709117	0.155741
ENSG00000162636	FAM102B	S1_all_tissues_zeros_kept	0.285225	29	0.133673	0.42892
ENSG00000162639	HENMT1	S1_all_tissues_zeros_kept	0.341562	29	0.0697642	0.520351
ENSG00000162642	C1orf52	S1_all_tissues_zeros_kept	0.235019	29	0.219739	0.352999
ENSG00000162643	WDR63	S1_all_tissues_zeros_kept	0.341247	29	0.0700388	0.519837
ENSG00000162645	GBP2	S1_all_tissues_zeros_kept	0.791626	29	3.15081e-07	0.977978
ENSG00000162654	GBP4	S1_all_tissues_zeros_kept	0.309151	29	0.102709	0.465681
ENSG00000162664	ZNF326	S1_all_tissues_zeros_kept	0.204212	29	0.287967	0.307584
ENSG00000162669	HFM1	S1_all_tissues_zeros_kept	0.0687873	29	0.722922	0.152999
ENSG00000162670	BRINP3	S1_all_tissues_zeros_kept	0.202296	29	0.292612	0.304841
ENSG00000162688	AGL	S1_all_tissues_zeros_kept	0.515764	29	0.00418697	0.773608
ENSG00000162692	VCAM1	S1_all_tissues_zeros_kept	0.6867	29	3.89462e-05	0.929477
ENSG00000162694	EXTL2	S1_all_tissues_zeros_kept	0.412026	29	0.0263553	0.631234
ENSG00000162695	SLC30A7	S1_all_tissues_zeros_kept	0.363054	29	0.0528998	0.555356
ENSG00000162702	ZNF281	S1_all_tissues_zeros_kept	0.363794	29	0.0523828	0.55617
ENSG00000162704	ARPC5	S1_all_tissues_zeros_kept	0.515764	29	0.00418697	0.773608
ENSG00000162722	TRIM58	S1_all_tissues_zeros_kept	0.0832542	29	0.667659	0.166195
ENSG00000162728	KCNJ9	S1_all_tissues_zeros_kept	0.555367	29	0.00176376	0.819494
ENSG00000162729	IGSF8	S1_all_tissues_zeros_kept	0.162069	29	0.400936	0.254584
ENSG00000162733	DDR2	S1_all_tissues_zeros_kept	0.558621	29	0.00163502	0.822879
ENSG00000162734	PEA15	S1_all_tissues_zeros_kept	0.476847	29	0.00891264	0.723693
ENSG00000162735	PEX19	S1_all_tissues_zeros_kept	0.0334975	29	0.863042	0.123522
ENSG00000162736	NCSTN	S1_all_tissues_zeros_kept	0.341379	29	0.0699236	0.519966
ENSG00000162739	SLAMF6	S1_all_tissues_zeros_kept	0.30379	29	0.109128	0.456941
ENSG00000162745	OLFML2B	S1_all_tissues_zeros_kept	0.496273	29	0.00617892	0.748629
ENSG00000162747	FCGR3B	S1_all_tissues_zeros_kept	0.473261	29	0.00951501	0.71898
ENSG00000162753	SLC9C2	S1_all_tissues_zeros_kept	0.0486554	29	0.802092	0.135176
ENSG00000162755	KLHDC9	S1_all_tissues_zeros_kept	0.41168	29	0.0264944	0.630077
ENSG00000162772	ATF3	S1_all_tissues_zeros_kept	0.0577666	29	0.765972	0.144173
ENSG00000162775	RBM15	S1_all_tissues_zeros_kept	0.105679	29	0.585341	0.189417
ENSG00000162777	DENND2D	S1_all_tissues_zeros_kept	0.804533	29	1.44308e-07	0.982219
ENSG00000162782	TDRD5	S1_all_tissues_zeros_kept	0.527335	29	0.00328714	0.787832
ENSG00000162804	SNED1	S1_all_tissues_zeros_kept	-0.0536946	29	0.782061	0.0670951
ENSG00000162813	BPNT1	S1_all_tissues_zeros_kept	0.11133	29	0.565324	0.196315
ENSG00000162814	SPATA17	S1_all_tissues_zeros_kept	0.0888313	29	0.646782	0.172879
ENSG00000162819	BROX	S1_all_tissues_zeros_kept	0.247783	29	0.194982	0.371337
ENSG00000162836	ACP6	S1_all_tissues_zeros_kept	0.473691	29	0.00944101	0.719923
ENSG00000162849	KIF26B	S1_all_tissues_zeros_kept	0.124913	29	0.518522	0.211997
ENSG00000162851	TFB2M	S1_all_tissues_zeros_kept	0.448768	29	0.014612	0.68509
ENSG00000162852	CNST	S1_all_tissues_zeros_kept	0.244335	29	0.201471	0.366067
ENSG00000162869	PPP1R21	S1_all_tissues_zeros_kept	0.550246	29	0.00198419	0.814139
ENSG00000162877	PM20D1	S1_all_tissues_zeros_kept	0.219125	29	0.253426	0.330334
ENSG00000162882	HAAO	S1_all_tissues_zeros_kept	0.301761	29	0.111633	0.454156
ENSG00000162889	MAPKAPK2	S1_all_tissues_zeros_kept	0.203941	29	0.288622	0.307027
ENSG00000162894	FCMR	S1_all_tissues_zeros_kept	0.240419	29	0.209017	0.360626
ENSG00000162896	PIGR	S1_all_tissues_zeros_kept	0.806895	29	1.24312e-07	0.983076
ENSG00000162897	FCAMR	S1_all_tissues_zeros_kept	0.338557	29	0.0724211	0.515296
ENSG00000162909	CAPN2	S1_all_tissues_zeros_kept	0.458128	29	0.0124468	0.699143
ENSG00000162910	MRPL55	S1_all_tissues_zeros_kept	0.49064	29	0.00688616	0.741902
ENSG00000162923	WDR26	S1_all_tissues_zeros_kept	0.35665	29	0.0575476	0.543916
ENSG00000162924	REL	S1_all_tissues_zeros_kept	0.672252	29	6.49231e-05	0.920523
ENSG00000162927	PUS10	S1_all_tissues_zeros_kept	0.419029	29	0.0236636	0.641517
ENSG00000162928	PEX13	S1_all_tissues_zeros_kept	0.138272	29	0.474417	0.226692
ENSG00000162944	RFTN2	S1_all_tissues_zeros_kept	0.726265	29	8.19381e-06	0.953342
ENSG00000162949	CAPN13	S1_all_tissues_zeros_kept	0.502778	29	0.00543982	0.757626
ENSG00000162951	LRRTM1	S1_all_tissues_zeros_kept	0.686174	29	3.96967e-05	0.929006
ENSG00000162959	MEMO1	S1_all_tissues_zeros_kept	0.471822	29	0.00976609	0.717609
ENSG00000162961	DPY30	S1_all_tissues_zeros_kept	0.23599	29	0.217785	0.353942
ENSG00000162971	TYW5	S1_all_tissues_zeros_kept	0.199115	29	0.300428	0.300386
ENSG00000162972	C2orf47	S1_all_tissues_zeros_kept	0.577904	29	0.00102656	0.83916
ENSG00000162976	PQLC3	S1_all_tissues_zeros_kept	0.0708359	29	0.715005	0.154627
ENSG00000162980	ARL5A	S1_all_tissues_zeros_kept	0.0315838	29	0.8708	0.121894
ENSG00000162981	FAM84A	S1_all_tissues_zeros_kept	0.570471	29	0.00123243	0.832776
ENSG00000162989	KCNJ3	S1_all_tissues_zeros_kept	0.16217	29	0.400637	0.254799
ENSG00000162999	DUSP19	S1_all_tissues_zeros_kept	0.0439628	29	0.820857	0.131405
ENSG00000163001	CFAP36	S1_all_tissues_zeros_kept	0.661084	29	9.46018e-05	0.910711
ENSG00000163002	NUP35	S1_all_tissues_zeros_kept	0.262562	29	0.168814	0.393102
ENSG00000163017	ACTG2	S1_all_tissues_zeros_kept	0.771844	29	9.43888e-07	0.970394
ENSG00000163026	C2orf44	S1_all_tissues_zeros_kept	0.11354	29	0.557583	0.199272
ENSG00000163029	SMC6	S1_all_tissues_zeros_kept	0.508683	29	0.00483535	0.76551
ENSG00000163032	VSNL1	S1_all_tissues_zeros_kept	0.747829	29	3.11833e-06	0.96174
ENSG00000163050	ADCK3	S1_all_tissues_zeros_kept	0.334483	29	0.0761465	0.509512
ENSG00000163060	TEKT4	S1_all_tissues_zeros_kept	0.451848	29	0.0138675	0.689803
ENSG00000163069	SGCB	S1_all_tissues_zeros_kept	0.400493	29	0.0313279	0.611097
ENSG00000163071	SPATA18	S1_all_tissues_zeros_kept	-0.131948	29	0.495051	0.0344901
ENSG00000163072	NOSTRIN	S1_all_tissues_zeros_kept	0.347783	29	0.0645046	0.531534
ENSG00000163075	CFAP221	S1_all_tissues_zeros_kept	0.278498	29	0.143491	0.418552
ENSG00000163092	XIRP2	S1_all_tissues_zeros_kept	0.0784706	29	0.685761	0.161011
ENSG00000163093	BBS5	S1_all_tissues_zeros_kept	0.247682	29	0.19517	0.37108
ENSG00000163104	SMARCAD1	S1_all_tissues_zeros_kept	0.549261	29	0.00202923	0.813025
ENSG00000163110	PDLIM5	S1_all_tissues_zeros_kept	0.484236	29	0.00777232	0.73419
ENSG00000163114	PDHA2	S1_all_tissues_zeros_kept	0.421153	29	0.0228931	0.645844
ENSG00000163125	RPRD2	S1_all_tissues_zeros_kept	0.432319	29	0.0191733	0.66054
ENSG00000163131	CTSS	S1_all_tissues_zeros_kept	0.845917	29	7.54552e-09	0.990703
ENSG00000163141	BNIPL	S1_all_tissues_zeros_kept	0.285196	29	0.133714	0.428578
ENSG00000163154	TNFAIP8L2	S1_all_tissues_zeros_kept	0.82353	29	4.09343e-08	0.986675
ENSG00000163155	LYSMD1	S1_all_tissues_zeros_kept	0.399211	29	0.0319242	0.60904
ENSG00000163156	SCNM1	S1_all_tissues_zeros_kept	0.299158	29	0.114911	0.449829
ENSG00000163157	TMOD4	S1_all_tissues_zeros_kept	-0.0857667	29	0.658223	0.0517995
ENSG00000163159	VPS72	S1_all_tissues_zeros_kept	0.312469	29	0.0988815	0.471894
ENSG00000163161	ERCC3	S1_all_tissues_zeros_kept	0.20197	29	0.293406	0.304242
ENSG00000163162	RNF149	S1_all_tissues_zeros_kept	0.229102	29	0.231905	0.345373
ENSG00000163166	IWS1	S1_all_tissues_zeros_kept	0.248306	29	0.194011	0.372108
ENSG00000163170	BOLA3	S1_all_tissues_zeros_kept	0.315712	29	0.0952454	0.477164
ENSG00000163171	CDC42EP3	S1_all_tissues_zeros_kept	0.625939	29	0.000281482	0.881105
ENSG00000163191	S100A11	S1_all_tissues_zeros_kept	0.738916	29	4.70129e-06	0.958012
ENSG00000163206	SMCP	S1_all_tissues_zeros_kept	0.719623	29	1.08386e-05	0.949057
ENSG00000163207	IVL	S1_all_tissues_zeros_kept	0.48941	29	0.00704947	0.74006
ENSG00000163209	SPRR3	S1_all_tissues_zeros_kept	0.377217	29	0.0436705	0.575107
ENSG00000163214	DHX57	S1_all_tissues_zeros_kept	0.29803	29	0.116353	0.447558
ENSG00000163216	SPRR2D	S1_all_tissues_zeros_kept	0.555367	29	0.00176376	0.819494
ENSG00000163220	S100A9	S1_all_tissues_zeros_kept	0.768473	29	1.12577e-06	0.96868
ENSG00000163221	S100A12	S1_all_tissues_zeros_kept	0.65983	29	9.85918e-05	0.909811
ENSG00000163235	TGFA	S1_all_tissues_zeros_kept	-0.0905854	29	0.640269	0.0495716
ENSG00000163249	CCNYL1	S1_all_tissues_zeros_kept	0.0743934	29	0.701326	0.157198
ENSG00000163257	DCAF16	S1_all_tissues_zeros_kept	0.286595	29	0.131734	0.430891
ENSG00000163263	C1orf189	S1_all_tissues_zeros_kept	0.347088	29	0.0650764	0.530377
ENSG00000163281	GNPDA2	S1_all_tissues_zeros_kept	0.584236	29	0.000875506	0.844687
ENSG00000163283	ALPP	S1_all_tissues_zeros_kept	0.251106	29	0.188868	0.376264
ENSG00000163285	GABRG1	S1_all_tissues_zeros_kept	0.461735	29	0.0116874	0.704284
ENSG00000163286	ALPPL2	S1_all_tissues_zeros_kept	0.480293	29	0.00836443	0.72892
ENSG00000163288	GABRB1	S1_all_tissues_zeros_kept	0.595914	29	0.000647185	0.854199
ENSG00000163295	ALPI	S1_all_tissues_zeros_kept	0.330526	29	0.0799044	0.502271
ENSG00000163297	ANTXR2	S1_all_tissues_zeros_kept	0.661658	29	9.28236e-05	0.911397
ENSG00000163319	MRPS18C	S1_all_tissues_zeros_kept	0.0115906	29	0.952415	0.106727
ENSG00000163320	CGGBP1	S1_all_tissues_zeros_kept	0.349261	29	0.0633018	0.533162
ENSG00000163322	FAM175A	S1_all_tissues_zeros_kept	0.133909	29	0.488605	0.221637
ENSG00000163344	PMVK	S1_all_tissues_zeros_kept	0.553202	29	0.00185423	0.816838
ENSG00000163346	PBXIP1	S1_all_tissues_zeros_kept	0.467488	29	0.0105563	0.712982
ENSG00000163348	PYGO2	S1_all_tissues_zeros_kept	0.192753	29	0.316448	0.292245
ENSG00000163359	COL6A3	S1_all_tissues_zeros_kept	0.649261	29	0.000138625	0.900728
ENSG00000163374	YY1AP1	S1_all_tissues_zeros_kept	0.148729	29	0.441301	0.23946
ENSG00000163376	KBTBD8	S1_all_tissues_zeros_kept	0.246498	29	0.197384	0.36928
ENSG00000163378	EOGT	S1_all_tissues_zeros_kept	0.441926	29	0.0163855	0.674207
ENSG00000163380	LMOD3	S1_all_tissues_zeros_kept	-0.0335301	29	0.86291	0.0802485
ENSG00000163382	APOA1BP	S1_all_tissues_zeros_kept	0.532512	29	0.00294175	0.795373
ENSG00000163389	POGLUT1	S1_all_tissues_zeros_kept	0.324917	29	0.0854725	0.494559
ENSG00000163394	CCKAR	S1_all_tissues_zeros_kept	0.653304	29	0.000121869	0.90407
ENSG00000163399	ATP1A1	S1_all_tissues_zeros_kept	0.751724	29	2.59234e-06	0.963111
ENSG00000163406	SLC15A2	S1_all_tissues_zeros_kept	0.464688	29	0.0110947	0.708526
ENSG00000163412	EIF4E3	S1_all_tissues_zeros_kept	0.380296	29	0.0418453	0.57922
ENSG00000163428	LRRC58	S1_all_tissues_zeros_kept	0.298086	29	0.116281	0.447986
ENSG00000163430	FSTL1	S1_all_tissues_zeros_kept	0.797044	29	2.28549e-07	0.979392
ENSG00000163435	ELF3	S1_all_tissues_zeros_kept	0.563671	29	0.0014513	0.826864
ENSG00000163440	PDCL2	S1_all_tissues_zeros_kept	0.372716	29	0.0464528	0.568209
ENSG00000163453	IGFBP7	S1_all_tissues_zeros_kept	0.702463	29	2.1562e-05	0.938175
ENSG00000163462	TRIM46	S1_all_tissues_zeros_kept	0.444117	29	0.0157992	0.677378
ENSG00000163463	KRTCAP2	S1_all_tissues_zeros_kept	0.112938	29	0.559684	0.197986
ENSG00000163466	ARPC2	S1_all_tissues_zeros_kept	0.511823	29	0.00453802	0.769066
ENSG00000163468	CCT3	S1_all_tissues_zeros_kept	0.214778	29	0.2632	0.324507
ENSG00000163472	TMEM79	S1_all_tissues_zeros_kept	-0.0473047	29	0.807483	0.0711654
ENSG00000163481	RNF25	S1_all_tissues_zeros_kept	0.339901	29	0.0712227	0.517266
ENSG00000163482	STK36	S1_all_tissues_zeros_kept	0.000871342	29	0.996421	0.0997858
ENSG00000163491	NEK10	S1_all_tissues_zeros_kept	0.719623	29	1.08386e-05	0.949057
ENSG00000163492	CCDC141	S1_all_tissues_zeros_kept	0.346121	29	0.0658787	0.527978
ENSG00000163501	IHH	S1_all_tissues_zeros_kept	0.0127806	29	0.947536	0.108098
ENSG00000163508	EOMES	S1_all_tissues_zeros_kept	0.419178	29	0.0236088	0.641688
ENSG00000163510	CWC22	S1_all_tissues_zeros_kept	0.227586	29	0.235094	0.343145
ENSG00000163512	AZI2	S1_all_tissues_zeros_kept	-0.0615764	29	0.751005	0.064653
ENSG00000163513	TGFBR2	S1_all_tissues_zeros_kept	0.438916	29	0.0172203	0.669109
ENSG00000163516	ANKZF1	S1_all_tissues_zeros_kept	0.420352	29	0.0231811	0.643659
ENSG00000163517	HDAC11	S1_all_tissues_zeros_kept	0.608159	29	0.000465516	0.866795
ENSG00000163518	FCRL4	S1_all_tissues_zeros_kept	0.543781	29	0.00229623	0.807412
ENSG00000163519	TRAT1	S1_all_tissues_zeros_kept	0.602259	29	0.00054652	0.862254
ENSG00000163520	FBLN2	S1_all_tissues_zeros_kept	0.705883	29	1.88721e-05	0.93946
ENSG00000163527	STT3B	S1_all_tissues_zeros_kept	0.119212	29	0.537935	0.204242
ENSG00000163528	CHCHD4	S1_all_tissues_zeros_kept	0.191133	29	0.320611	0.290574
ENSG00000163531	NFASC	S1_all_tissues_zeros_kept	0.522895	29	0.0036105	0.781448
ENSG00000163534	FCRL1	S1_all_tissues_zeros_kept	0.161317	29	0.403153	0.25377
ENSG00000163539	CLASP2	S1_all_tissues_zeros_kept	0.285222	29	0.133678	0.428792
ENSG00000163541	SUCLG1	S1_all_tissues_zeros_kept	0.769458	29	1.06959e-06	0.969109
ENSG00000163545	NUAK2	S1_all_tissues_zeros_kept	0.373283	29	0.046095	0.569794
ENSG00000163558	PRKCI	S1_all_tissues_zeros_kept	0.260131	29	0.172938	0.389589
ENSG00000163564	PYHIN1	S1_all_tissues_zeros_kept	0.631333	29	0.000240164	0.88659
ENSG00000163565	IFI16	S1_all_tissues_zeros_kept	0.816749	29	6.52478e-08	0.985047
ENSG00000163568	AIM2	S1_all_tissues_zeros_kept	0.477186	29	0.00885745	0.724207
ENSG00000163576	EFHB	S1_all_tissues_zeros_kept	0.0553273	29	0.775599	0.142117
ENSG00000163577	EIF5A2	S1_all_tissues_zeros_kept	0.349944	29	0.0627515	0.534147
ENSG00000163581	SLC2A2	S1_all_tissues_zeros_kept	0.626765	29	0.000274773	0.882219
ENSG00000163584	RPL22L1	S1_all_tissues_zeros_kept	0.0679803	29	0.726048	0.152399
ENSG00000163586	FABP1	S1_all_tissues_zeros_kept	0.781861	29	5.49177e-07	0.973907
ENSG00000163590	PPM1L	S1_all_tissues_zeros_kept	0.568297	29	0.00129906	0.830891
ENSG00000163596	ICA1L	S1_all_tissues_zeros_kept	0.47422	29	0.00935061	0.72078
ENSG00000163602	RYBP	S1_all_tissues_zeros_kept	0.222013	29	0.247067	0.334919
ENSG00000163605	PPP4R2	S1_all_tissues_zeros_kept	0.259606	29	0.173837	0.38856
ENSG00000163607	GTPBP8	S1_all_tissues_zeros_kept	0.261931	29	0.169876	0.391988
ENSG00000163608	C3orf17	S1_all_tissues_zeros_kept	0.0510481	29	0.792565	0.137704
ENSG00000163611	SPICE1	S1_all_tissues_zeros_kept	-0.0103499	29	0.957504	0.0937018
ENSG00000163618	CADPS	S1_all_tissues_zeros_kept	0.732901	29	6.14599e-06	0.95617
ENSG00000163624	CDS1	S1_all_tissues_zeros_kept	0.723382	29	9.26067e-06	0.952228
ENSG00000163625	WDFY3	S1_all_tissues_zeros_kept	0.508374	29	0.00486549	0.764953
ENSG00000163626	COX18	S1_all_tissues_zeros_kept	-0.393693	29	0.0345984	0.000985433
ENSG00000163629	PTPN13	S1_all_tissues_zeros_kept	0.566564	29	0.00135439	0.829649
ENSG00000163631	ALB	S1_all_tissues_zeros_kept	-0.219219	29	0.253218	0.0140103
ENSG00000163634	THOC7	S1_all_tissues_zeros_kept	-0.0458128	29	0.813447	0.0720651
ENSG00000163635	ATXN7	S1_all_tissues_zeros_kept	0.0808591	29	0.676701	0.163025
ENSG00000163636	PSMD6	S1_all_tissues_zeros_kept	0.218227	29	0.255427	0.328492
ENSG00000163644	PPM1K	S1_all_tissues_zeros_kept	0.386008	29	0.0386199	0.588603
ENSG00000163655	GMPS	S1_all_tissues_zeros_kept	0.40936	29	0.0274434	0.626435
ENSG00000163660	CCNL1	S1_all_tissues_zeros_kept	0.0510481	29	0.792565	0.137704
ENSG00000163661	PTX3	S1_all_tissues_zeros_kept	0.66407	29	8.56738e-05	0.913153
ENSG00000163681	SLMAP	S1_all_tissues_zeros_kept	0.820197	29	5.16004e-08	0.985818
ENSG00000163682	RPL9	S1_all_tissues_zeros_kept	0.434044	29	0.0186461	0.663239
ENSG00000163683	SMIM14	S1_all_tissues_zeros_kept	0.522227	29	0.00366147	0.781105
ENSG00000163684	RPP14	S1_all_tissues_zeros_kept	0.21762	29	0.256783	0.327549
ENSG00000163686	ABHD6	S1_all_tissues_zeros_kept	0.806404	29	1.28249e-07	0.982905
ENSG00000163687	DNASE1L3	S1_all_tissues_zeros_kept	0.45211	29	0.0138056	0.69036
ENSG00000163694	RBM47	S1_all_tissues_zeros_kept	0.861015	29	2.05975e-09	0.992588
ENSG00000163697	APBB2	S1_all_tissues_zeros_kept	0.184729	29	0.337393	0.282091
ENSG00000163703	CRELD1	S1_all_tissues_zeros_kept	0.292118	29	0.12413	0.438132
ENSG00000163704	PRRT3	S1_all_tissues_zeros_kept	0.177916	29	0.355821	0.273822
ENSG00000163714	U2SURP	S1_all_tissues_zeros_kept	0.234483	29	0.220823	0.352099
ENSG00000163719	MTMR14	S1_all_tissues_zeros_kept	0.245813	29	0.198672	0.368252
ENSG00000163728	TTC14	S1_all_tissues_zeros_kept	0.00395798	29	0.983743	0.102185
ENSG00000163736	PPBP	S1_all_tissues_zeros_kept	0.426093	29	0.0211806	0.652999
ENSG00000163737	PF4	S1_all_tissues_zeros_kept	0.263667	29	0.166962	0.394045
ENSG00000163743	RCHY1	S1_all_tissues_zeros_kept	0.215764	29	0.260964	0.325793
ENSG00000163749	CCDC158	S1_all_tissues_zeros_kept	-0.271052	29	0.154956	0.00741217
ENSG00000163751	CPA3	S1_all_tissues_zeros_kept	0.49654	29	0.00614705	0.7488
ENSG00000163754	GYG1	S1_all_tissues_zeros_kept	0.722167	29	9.74624e-06	0.951243
ENSG00000163755	HPS3	S1_all_tissues_zeros_kept	0.0832512	29	0.66767	0.165981
ENSG00000163762	TM4SF18	S1_all_tissues_zeros_kept	0.213026	29	0.267209	0.322151
ENSG00000163781	TOPBP1	S1_all_tissues_zeros_kept	0.313581	29	0.0976229	0.473222
ENSG00000163785	RYK	S1_all_tissues_zeros_kept	0.318314	29	0.0924006	0.484876
ENSG00000163788	SNRK	S1_all_tissues_zeros_kept	0.530542	29	0.00306933	0.793188
ENSG00000163795	ZNF513	S1_all_tissues_zeros_kept	0.14324	29	0.458526	0.231919
ENSG00000163798	SLC4A1AP	S1_all_tissues_zeros_kept	0.264072	29	0.166287	0.394773
ENSG00000163807	KIAA1143	S1_all_tissues_zeros_kept	0.118241	29	0.541273	0.20377
ENSG00000163810	TGM4	S1_all_tissues_zeros_kept	0.316228	29	0.0946761	0.479306
ENSG00000163811	WDR43	S1_all_tissues_zeros_kept	0.246089	29	0.198151	0.368595
ENSG00000163812	ZDHHC3	S1_all_tissues_zeros_kept	0.452392	29	0.0137394	0.691131
ENSG00000163814	CDCP1	S1_all_tissues_zeros_kept	0.630433	29	0.000246662	0.885818
ENSG00000163815	CLEC3B	S1_all_tissues_zeros_kept	0.271921	29	0.153586	0.408783
ENSG00000163818	LZTFL1	S1_all_tissues_zeros_kept	0.64335	29	0.000166805	0.895458
ENSG00000163820	FYCO1	S1_all_tissues_zeros_kept	0.699015	29	2.46171e-05	0.93629
ENSG00000163825	RTP3	S1_all_tissues_zeros_kept	0.598088	29	0.000611003	0.857541
ENSG00000163827	LRRC2	S1_all_tissues_zeros_kept	-0.0415761	29	0.830439	0.0752785
ENSG00000163832	ELP6	S1_all_tissues_zeros_kept	0.133498	29	0.489953	0.221294
ENSG00000163833	FBXO40	S1_all_tissues_zeros_kept	0.340588	29	0.0706171	0.519066
ENSG00000163840	DTX3L	S1_all_tissues_zeros_kept	0.660099	29	9.7724e-05	0.90994
ENSG00000163848	ZNF148	S1_all_tissues_zeros_kept	0.0551724	29	0.776211	0.141817
ENSG00000163866	SMIM12	S1_all_tissues_zeros_kept	0.0152536	29	0.937403	0.109811
ENSG00000163867	ZMYM6	S1_all_tissues_zeros_kept	-0.164294	29	0.394414	0.0249786
ENSG00000163870	TPRA1	S1_all_tissues_zeros_kept	0.255	29	0.181874	0.382734
ENSG00000163872	YEATS2	S1_all_tissues_zeros_kept	0.178593	29	0.353962	0.274336
ENSG00000163873	GRIK3	S1_all_tissues_zeros_kept	0.541469	29	0.0024176	0.80587
ENSG00000163874	ZC3H12A	S1_all_tissues_zeros_kept	0.432633	29	0.0190764	0.661397
ENSG00000163875	MEAF6	S1_all_tissues_zeros_kept	0.109988	29	0.570051	0.194816
ENSG00000163877	SNIP1	S1_all_tissues_zeros_kept	0.239409	29	0.210996	0.35874
ENSG00000163882	POLR2H	S1_all_tissues_zeros_kept	-0.0349754	29	0.85706	0.079006
ENSG00000163885	CFAP100	S1_all_tissues_zeros_kept	0.158016	29	0.412971	0.250771
ENSG00000163900	TMEM41A	S1_all_tissues_zeros_kept	0.404337	29	0.0295926	0.61898
ENSG00000163902	RPN1	S1_all_tissues_zeros_kept	0.351724	29	0.061336	0.536889
ENSG00000163904	SENP2	S1_all_tissues_zeros_kept	0.368424	29	0.0492347	0.562254
ENSG00000163913	IFT122	S1_all_tissues_zeros_kept	0.540461	29	0.00247228	0.80467
ENSG00000163918	RFC4	S1_all_tissues_zeros_kept	0.539901	29	0.00250305	0.80437
ENSG00000163930	BAP1	S1_all_tissues_zeros_kept	-0.162562	29	0.399486	0.0256641
ENSG00000163931	TKT	S1_all_tissues_zeros_kept	0.444335	29	0.0157419	0.677678
ENSG00000163932	PRKCD	S1_all_tissues_zeros_kept	0.780788	29	5.82763e-07	0.97335
ENSG00000163933	RFT1	S1_all_tissues_zeros_kept	0.124138	29	0.521142	0.210711
ENSG00000163938	GNL3	S1_all_tissues_zeros_kept	0.173892	29	0.36698	0.269452
ENSG00000163939	PBRM1	S1_all_tissues_zeros_kept	0.379803	29	0.0421332	0.57892
ENSG00000163945	UVSSA	S1_all_tissues_zeros_kept	-0.364746	29	0.0517224	0.00218509
ENSG00000163946	FAM208A	S1_all_tissues_zeros_kept	-0.236946	29	0.215872	0.011054
ENSG00000163947	ARHGEF3	S1_all_tissues_zeros_kept	0.327733	29	0.0826414	0.498757
ENSG00000163950	SLBP	S1_all_tissues_zeros_kept	0.54624	29	0.0021729	0.810411
ENSG00000163956	LRPAP1	S1_all_tissues_zeros_kept	0.36798	29	0.04953	0.56174
ENSG00000163959	SLC51A	S1_all_tissues_zeros_kept	0.457038	29	0.0126844	0.697901
ENSG00000163960	UBXN7	S1_all_tissues_zeros_kept	0.510161	29	0.00469336	0.767395
ENSG00000163961	RNF168	S1_all_tissues_zeros_kept	0.378125	29	0.0431256	0.57665
ENSG00000163964	PIGX	S1_all_tissues_zeros_kept	0.198913	29	0.300928	0.299957
ENSG00000163975	MFI2	S1_all_tissues_zeros_kept	0.356238	29	0.0578574	0.543488
ENSG00000163993	S100P	S1_all_tissues_zeros_kept	0.825672	29	3.51849e-08	0.987275
ENSG00000163995	ABLIM2	S1_all_tissues_zeros_kept	0.621893	29	0.000316471	0.877678
ENSG00000164002	EXO5	S1_all_tissues_zeros_kept	-0.175492	29	0.362517	0.0232648
ENSG00000164008	C1orf50	S1_all_tissues_zeros_kept	0.378818	29	0.0427138	0.578021
ENSG00000164010	ERMAP	S1_all_tissues_zeros_kept	-0.0487675	29	0.801645	0.0706512
ENSG00000164011	ZNF691	S1_all_tissues_zeros_kept	0.0446549	29	0.818083	0.131748
ENSG00000164022	AIMP1	S1_all_tissues_zeros_kept	0.0137931	29	0.943387	0.108869
ENSG00000164023	SGMS2	S1_all_tissues_zeros_kept	-0.221319	29	0.248585	0.0134105
ENSG00000164024	METAP1	S1_all_tissues_zeros_kept	0.35468	29	0.0590403	0.541388
ENSG00000164031	DNAJB14	S1_all_tissues_zeros_kept	0.274205	29	0.150024	0.411354
ENSG00000164035	EMCN	S1_all_tissues_zeros_kept	0.134538	29	0.486547	0.222237
ENSG00000164039	BDH2	S1_all_tissues_zeros_kept	0.596872	29	0.000631025	0.85527
ENSG00000164040	PGRMC2	S1_all_tissues_zeros_kept	0.285222	29	0.133678	0.428792
ENSG00000164047	CAMP	S1_all_tissues_zeros_kept	0.147563	29	0.44493	0.237575
ENSG00000164050	PLXNB1	S1_all_tissues_zeros_kept	0.47931	29	0.00851784	0.726821
ENSG00000164051	CCDC51	S1_all_tissues_zeros_kept	0.287474	29	0.130503	0.432391
ENSG00000164054	SHISA5	S1_all_tissues_zeros_kept	0.0508768	29	0.793246	0.137318
ENSG00000164056	SPRY1	S1_all_tissues_zeros_kept	-0.235318	29	0.219136	0.0113539
ENSG00000164061	BSN	S1_all_tissues_zeros_kept	0.156989	29	0.416055	0.249057
ENSG00000164062	APEH	S1_all_tissues_zeros_kept	0.257914	29	0.176761	0.386504
ENSG00000164068	RNF123	S1_all_tissues_zeros_kept	0.0541872	29	0.78011	0.140831
ENSG00000164070	HSPA4L	S1_all_tissues_zeros_kept	0.75567	29	2.14249e-06	0.964739
ENSG00000164073	MFSD8	S1_all_tissues_zeros_kept	0.310073	29	0.101635	0.467395
ENSG00000164074	ABHD18	S1_all_tissues_zeros_kept	0.501287	29	0.00560225	0.755227
ENSG00000164076	CAMKV	S1_all_tissues_zeros_kept	0.318431	29	0.0922741	0.485219
ENSG00000164080	RAD54L2	S1_all_tissues_zeros_kept	0.174343	29	0.365718	0.270223
ENSG00000164081	TEX264	S1_all_tissues_zeros_kept	0.293596	29	0.122151	0.439889
ENSG00000164082	GRM2	S1_all_tissues_zeros_kept	0.401386	29	0.0309172	0.613368
ENSG00000164086	DUSP7	S1_all_tissues_zeros_kept	0.388018	29	0.0375336	0.591045
ENSG00000164087	POC1A	S1_all_tissues_zeros_kept	-0.0277133	29	0.886525	0.0844473
ENSG00000164088	PPM1M	S1_all_tissues_zeros_kept	0.667376	29	7.66684e-05	0.91581
ENSG00000164089	ETNPPL	S1_all_tissues_zeros_kept	0.471308	29	0.00985704	0.716838
ENSG00000164091	WDR82	S1_all_tissues_zeros_kept	0.170443	29	0.376705	0.26491
ENSG00000164104	HMGB2	S1_all_tissues_zeros_kept	0.369458	29	0.0485529	0.564439
ENSG00000164105	SAP30	S1_all_tissues_zeros_kept	0.300608	29	0.113077	0.452228
ENSG00000164106	SCRG1	S1_all_tissues_zeros_kept	0.436376	29	0.0179518	0.665767
ENSG00000164109	MAD2L1	S1_all_tissues_zeros_kept	0.469494	29	0.0101841	0.714953
ENSG00000164111	ANXA5	S1_all_tissues_zeros_kept	0.431034	29	0.0195742	0.658912
ENSG00000164113	ADAD1	S1_all_tissues_zeros_kept	1	29	0	0.997943
ENSG00000164114	MAP9	S1_all_tissues_zeros_kept	-0.031173	29	0.872467	0.082048
ENSG00000164116	GUCY1A3	S1_all_tissues_zeros_kept	0.246798	29	0.196821	0.369837
ENSG00000164118	CEP44	S1_all_tissues_zeros_kept	0.393447	29	0.0347219	0.598929
ENSG00000164120	HPGD	S1_all_tissues_zeros_kept	0.783556	29	4.99721e-07	0.974593
ENSG00000164122	ASB5	S1_all_tissues_zeros_kept	0.270741	29	0.155449	0.406127
ENSG00000164125	FAM198B	S1_all_tissues_zeros_kept	0.506668	29	0.00503484	0.763111
ENSG00000164134	NAA15	S1_all_tissues_zeros_kept	0.439709	29	0.016997	0.670994
ENSG00000164144	ARFIP1	S1_all_tissues_zeros_kept	0.499015	29	0.00585765	0.751885
ENSG00000164151	ICE1	S1_all_tissues_zeros_kept	0.309175	29	0.102682	0.465853
ENSG00000164162	ANAPC10	S1_all_tissues_zeros_kept	0.0651383	29	0.737091	0.150428
ENSG00000164163	ABCE1	S1_all_tissues_zeros_kept	-0.0635546	29	0.743268	0.0638817
ENSG00000164164	OTUD4	S1_all_tissues_zeros_kept	0.420988	29	0.0229523	0.644644
ENSG00000164167	LSM6	S1_all_tissues_zeros_kept	0.371921	29	0.0469584	0.567224
ENSG00000164168	TMEM184C	S1_all_tissues_zeros_kept	-0.157434	29	0.414718	0.0273779
ENSG00000164171	ITGA2	S1_all_tissues_zeros_kept	0.755558	29	2.15428e-06	0.964653
ENSG00000164172	MOCS2	S1_all_tissues_zeros_kept	0.626601	29	0.000276097	0.881834
ENSG00000164176	EDIL3	S1_all_tissues_zeros_kept	0.446972	29	0.0150615	0.682734
ENSG00000164180	TMEM161B	S1_all_tissues_zeros_kept	0.218227	29	0.255427	0.328492
ENSG00000164181	ELOVL7	S1_all_tissues_zeros_kept	0.442648	29	0.0161904	0.67485
ENSG00000164182	NDUFAF2	S1_all_tissues_zeros_kept	-0.0719212	29	0.710823	0.0591688
ENSG00000164185	ZNF474	S1_all_tissues_zeros_kept	0.217973	29	0.255994	0.328021
ENSG00000164187	LMBRD2	S1_all_tissues_zeros_kept	0.420547	29	0.0231109	0.644002
ENSG00000164190	NIPBL	S1_all_tissues_zeros_kept	0.25468	29	0.182442	0.381962
ENSG00000164197	RNF180	S1_all_tissues_zeros_kept	0.145626	29	0.450997	0.23509
ENSG00000164209	SLC25A46	S1_all_tissues_zeros_kept	0.54335	29	0.00231844	0.807155
ENSG00000164211	STARD4	S1_all_tissues_zeros_kept	0.384436	29	0.0394869	0.58539
ENSG00000164219	PGGT1B	S1_all_tissues_zeros_kept	0.338916	29	0.0720991	0.516024
ENSG00000164237	CMBL	S1_all_tissues_zeros_kept	0.842365	29	1.00391e-08	0.990017
ENSG00000164244	PRRC1	S1_all_tissues_zeros_kept	0.20197	29	0.293406	0.304242
ENSG00000164252	AGGF1	S1_all_tissues_zeros_kept	-0.10963	29	0.571314	0.0418595
ENSG00000164253	WDR41	S1_all_tissues_zeros_kept	0.00296297	29	0.987829	0.101414
ENSG00000164258	NDUFS4	S1_all_tissues_zeros_kept	0.19064	29	0.321883	0.289931
ENSG00000164266	SPINK1	S1_all_tissues_zeros_kept	0.83804	29	1.40807e-08	0.989503
ENSG00000164292	RHOBTB3	S1_all_tissues_zeros_kept	0.346818	29	0.0652995	0.53012
ENSG00000164294	GPX8	S1_all_tissues_zeros_kept	0.637624	29	0.000198826	0.891131
ENSG00000164303	ENPP6	S1_all_tissues_zeros_kept	0.412713	29	0.0260806	0.632177
ENSG00000164305	CASP3	S1_all_tissues_zeros_kept	0.770936	29	9.90058e-07	0.970051
ENSG00000164306	PRIMPOL	S1_all_tissues_zeros_kept	0.411168	29	0.0267016	0.629263
ENSG00000164307	ERAP1	S1_all_tissues_zeros_kept	0.810345	29	9.96189e-08	0.983933
ENSG00000164308	ERAP2	S1_all_tissues_zeros_kept	0.611631	29	0.000422947	0.870051
ENSG00000164309	CMYA5	S1_all_tissues_zeros_kept	0.235872	29	0.218021	0.353513
ENSG00000164318	EGFLAM	S1_all_tissues_zeros_kept	0.177636	29	0.356589	0.27365
ENSG00000164323	CFAP97	S1_all_tissues_zeros_kept	0.179793	29	0.350684	0.275707
ENSG00000164326	CARTPT	S1_all_tissues_zeros_kept	0.639638	29	0.000186993	0.893102
ENSG00000164327	RICTOR	S1_all_tissues_zeros_kept	-0.0347376	29	0.858022	0.0793059
ENSG00000164329	PAPD4	S1_all_tissues_zeros_kept	0.278818	29	0.143014	0.419152
ENSG00000164331	ANKRA2	S1_all_tissues_zeros_kept	0.298694	29	0.115503	0.449229
ENSG00000164332	UBLCP1	S1_all_tissues_zeros_kept	0.569528	29	0.00126094	0.831919
ENSG00000164334	FAM170A	S1_all_tissues_zeros_kept	0.421153	29	0.0228931	0.645844
ENSG00000164338	UTP15	S1_all_tissues_zeros_kept	0.207491	29	0.280127	0.312811
ENSG00000164342	TLR3	S1_all_tissues_zeros_kept	0.432779	29	0.0190316	0.661654
ENSG00000164344	KLKB1	S1_all_tissues_zeros_kept	0.153379	29	0.42699	0.244602
ENSG00000164346	NSA2	S1_all_tissues_zeros_kept	0.195074	29	0.310544	0.29503
ENSG00000164347	GFM2	S1_all_tissues_zeros_kept	0.43202	29	0.0192662	0.65994
ENSG00000164366	CCDC127	S1_all_tissues_zeros_kept	0.0591424	29	0.760557	0.145544
ENSG00000164398	ACSL6	S1_all_tissues_zeros_kept	0.55962	29	0.00159716	0.824122
ENSG00000164402	SEPT8	S1_all_tissues_zeros_kept	0.516566	29	0.00411841	0.77485
ENSG00000164405	UQCRQ	S1_all_tissues_zeros_kept	0.124138	29	0.521142	0.210711
ENSG00000164414	SLC35A1	S1_all_tissues_zeros_kept	0.322657	29	0.0877979	0.491474
ENSG00000164418	GRIK2	S1_all_tissues_zeros_kept	0.208052	29	0.278802	0.313839
ENSG00000164430	MB21D1	S1_all_tissues_zeros_kept	0.600936	29	0.000566289	0.860797
ENSG00000164434	FABP7	S1_all_tissues_zeros_kept	0.35541	29	0.0584837	0.542459
ENSG00000164440	TXLNB	S1_all_tissues_zeros_kept	-0.0160379	29	0.934191	0.0905313
ENSG00000164442	CITED2	S1_all_tissues_zeros_kept	0.245032	29	0.200149	0.366795
ENSG00000164463	CREBRF	S1_all_tissues_zeros_kept	0.210134	29	0.273911	0.316752
ENSG00000164465	DCBLD1	S1_all_tissues_zeros_kept	0.279555	29	0.141915	0.420266
ENSG00000164466	SFXN1	S1_all_tissues_zeros_kept	0.260099	29	0.172993	0.389417
ENSG00000164488	DACT2	S1_all_tissues_zeros_kept	0.467518	29	0.0105507	0.713325
ENSG00000164494	PDSS2	S1_all_tissues_zeros_kept	0.428571	29	0.0203618	0.656298
ENSG00000164506	STXBP5	S1_all_tissues_zeros_kept	0.227861	29	0.234515	0.343445
ENSG00000164530	PI16	S1_all_tissues_zeros_kept	0.659755	29	9.88337e-05	0.909726
ENSG00000164532	TBX20	S1_all_tissues_zeros_kept	0.464494	29	0.0111328	0.707926
ENSG00000164535	DAGLB	S1_all_tissues_zeros_kept	0.41833	29	0.0239218	0.640746
ENSG00000164543	STK17A	S1_all_tissues_zeros_kept	0.371167	29	0.047442	0.566367
ENSG00000164548	TRA2A	S1_all_tissues_zeros_kept	0.10197	29	0.598646	0.185733
ENSG00000164574	GALNT10	S1_all_tissues_zeros_kept	0.347704	29	0.0645693	0.531405
ENSG00000164576	SAP30L	S1_all_tissues_zeros_kept	-0.129208	29	0.504129	0.035347
ENSG00000164587	RPS14	S1_all_tissues_zeros_kept	0.451724	29	0.0138968	0.689374
ENSG00000164588	HCN1	S1_all_tissues_zeros_kept	0.480293	29	0.00836443	0.72892
ENSG00000164597	COG5	S1_all_tissues_zeros_kept	0.292611	29	0.123467	0.438475
ENSG00000164603	C7orf60	S1_all_tissues_zeros_kept	0.157127	29	0.415641	0.249314
ENSG00000164609	SLU7	S1_all_tissues_zeros_kept	0.0995074	29	0.607553	0.18389
ENSG00000164610	RP9	S1_all_tissues_zeros_kept	-0.164039	29	0.395159	0.02515
ENSG00000164615	CAMLG	S1_all_tissues_zeros_kept	0.279803	29	0.141547	0.420566
ENSG00000164619	BMPER	S1_all_tissues_zeros_kept	0.362008	29	0.0536383	0.553256
ENSG00000164626	KCNK5	S1_all_tissues_zeros_kept	0.45411	29	0.013341	0.693702
ENSG00000164627	KIF6	S1_all_tissues_zeros_kept	0.20414	29	0.288142	0.307412
ENSG00000164631	ZNF12	S1_all_tissues_zeros_kept	0.0209261	29	0.914198	0.113582
ENSG00000164649	CDCA7L	S1_all_tissues_zeros_kept	0.166148	29	0.389025	0.259426
ENSG00000164651	SP8	S1_all_tissues_zeros_kept	-0.0514016	29	0.791159	0.0688089
ENSG00000164654	MIOS	S1_all_tissues_zeros_kept	0.168473	29	0.382328	0.262296
ENSG00000164674	SYTL3	S1_all_tissues_zeros_kept	0.313719	29	0.097468	0.473393
ENSG00000164675	IQUB	S1_all_tissues_zeros_kept	-0.0151899	29	0.937664	0.0909597
ENSG00000164683	HEY1	S1_all_tissues_zeros_kept	0.466062	29	0.0108276	0.710583
ENSG00000164692	COL1A2	S1_all_tissues_zeros_kept	0.682266	29	4.5696e-05	0.926478
ENSG00000164695	CHMP4C	S1_all_tissues_zeros_kept	0.686139	29	3.97478e-05	0.92892
ENSG00000164708	PGAM2	S1_all_tissues_zeros_kept	0.446442	29	0.0151962	0.68102
ENSG00000164715	LMTK2	S1_all_tissues_zeros_kept	0.708867	29	1.67752e-05	0.941474
ENSG00000164733	CTSB	S1_all_tissues_zeros_kept	0.65665	29	0.000109386	0.906898
ENSG00000164742	ADCY1	S1_all_tissues_zeros_kept	-0.0428135	29	0.825469	0.0745073
ENSG00000164746	C7orf57	S1_all_tissues_zeros_kept	0.113059	29	0.559262	0.198243
ENSG00000164749	HNF4G	S1_all_tissues_zeros_kept	0.451524	29	0.0139443	0.688903
ENSG00000164751	PEX2	S1_all_tissues_zeros_kept	0.0699977	29	0.718241	0.153856
ENSG00000164754	RAD21	S1_all_tissues_zeros_kept	0.352709	29	0.0605632	0.538518
ENSG00000164758	MED30	S1_all_tissues_zeros_kept	0.314934	29	0.0961087	0.475921
ENSG00000164776	PHKG1	S1_all_tissues_zeros_kept	0.312412	29	0.0989463	0.47168
ENSG00000164796	CSMD3	S1_all_tissues_zeros_kept	0.30776	29	0.104347	0.463453
ENSG00000164815	ORC5	S1_all_tissues_zeros_kept	0.196822	29	0.306142	0.296872
ENSG00000164816	DEFA5	S1_all_tissues_zeros_kept	0.341899	29	0.069471	0.520865
ENSG00000164818	DNAAF5	S1_all_tissues_zeros_kept	0.203302	29	0.290168	0.305955
ENSG00000164821	DEFA4	S1_all_tissues_zeros_kept	0.168899	29	0.381109	0.263196
ENSG00000164822	DEFA6	S1_all_tissues_zeros_kept	0.398559	29	0.0322315	0.608012
ENSG00000164825	DEFB1	S1_all_tissues_zeros_kept	0.513276	29	0.00440571	0.770394
ENSG00000164828	SUN1	S1_all_tissues_zeros_kept	0.661576	29	9.30741e-05	0.911054
ENSG00000164830	OXR1	S1_all_tissues_zeros_kept	0.622167	29	0.000313981	0.878063
ENSG00000164867	NOS3	S1_all_tissues_zeros_kept	0.455075	29	0.0131215	0.695159
ENSG00000164877	MICALL2	S1_all_tissues_zeros_kept	0.380543	29	0.0417014	0.579477
ENSG00000164879	CA3	S1_all_tissues_zeros_kept	0.409591	29	0.0273476	0.626778
ENSG00000164880	INTS1	S1_all_tissues_zeros_kept	0.162069	29	0.400936	0.254584
ENSG00000164885	CDK5	S1_all_tissues_zeros_kept	0.311122	29	0.100423	0.469452
ENSG00000164889	SLC4A2	S1_all_tissues_zeros_kept	0.0738916	29	0.70325	0.156855
ENSG00000164896	FASTK	S1_all_tissues_zeros_kept	0.112938	29	0.559684	0.197986
ENSG00000164897	TMUB1	S1_all_tissues_zeros_kept	0.139901	29	0.469174	0.22892
ENSG00000164898	C7orf55	S1_all_tissues_zeros_kept	0.419934	29	0.0233326	0.642716
ENSG00000164902	PHAX	S1_all_tissues_zeros_kept	0.22069	29	0.249968	0.332948
ENSG00000164904	ALDH7A1	S1_all_tissues_zeros_kept	0.646798	29	0.000149808	0.898586
ENSG00000164916	FOXK1	S1_all_tissues_zeros_kept	0.119704	29	0.536244	0.20467
ENSG00000164919	COX6C	S1_all_tissues_zeros_kept	0.552709	29	0.00187537	0.816281
ENSG00000164924	YWHAZ	S1_all_tissues_zeros_kept	0.518227	29	0.00397958	0.776864
ENSG00000164929	BAALC	S1_all_tissues_zeros_kept	0.0375288	29	0.846742	0.126864
ENSG00000164930	FZD6	S1_all_tissues_zeros_kept	0.794232	29	2.7031e-07	0.978706
ENSG00000164932	CTHRC1	S1_all_tissues_zeros_kept	0.486421	29	0.00745976	0.737489
ENSG00000164933	SLC25A32	S1_all_tissues_zeros_kept	-0.0842468	29	0.663925	0.0526564
ENSG00000164934	DCAF13	S1_all_tissues_zeros_kept	0.183744	29	0.340021	0.280763
ENSG00000164941	INTS8	S1_all_tissues_zeros_kept	0.00147783	29	0.99393	0.1003
ENSG00000164944	KIAA1429	S1_all_tissues_zeros_kept	0.197808	29	0.303678	0.298072
ENSG00000164946	FREM1	S1_all_tissues_zeros_kept	0.130217	29	0.500775	0.217952
ENSG00000164961	KIAA0196	S1_all_tissues_zeros_kept	0.394384	29	0.0342542	0.600043
ENSG00000164967	RPP25L	S1_all_tissues_zeros_kept	0.0507091	29	0.793913	0.136889
ENSG00000164972	C9orf24	S1_all_tissues_zeros_kept	0.311678	29	0.0997839	0.470394
ENSG00000164975	SNAPC3	S1_all_tissues_zeros_kept	-0.0874075	29	0.652088	0.0508569
ENSG00000164976	KIAA1161	S1_all_tissues_zeros_kept	0.418973	29	0.0236841	0.641345
ENSG00000164978	NUDT2	S1_all_tissues_zeros_kept	0.304926	29	0.107744	0.45844
ENSG00000164983	TMEM65	S1_all_tissues_zeros_kept	0.116778	29	0.546326	0.202271
ENSG00000164985	PSIP1	S1_all_tissues_zeros_kept	0.599015	29	0.000596125	0.859383
ENSG00000165006	UBAP1	S1_all_tissues_zeros_kept	0.16798	29	0.383741	0.261482
ENSG00000165023	DIRAS2	S1_all_tissues_zeros_kept	0.233465	29	0.222891	0.351028
ENSG00000165025	SYK	S1_all_tissues_zeros_kept	0.921788	29	1.2711e-12	0.99533
ENSG00000165029	ABCA1	S1_all_tissues_zeros_kept	0.381281	29	0.0412742	0.580548
ENSG00000165055	METTL2B	S1_all_tissues_zeros_kept	0.369458	29	0.0485529	0.564439
ENSG00000165059	PRKACG	S1_all_tissues_zeros_kept	0.135526	29	0.48332	0.223522
ENSG00000165060	FXN	S1_all_tissues_zeros_kept	0.517734	29	0.00402034	0.776307
ENSG00000165061	ZMAT4	S1_all_tissues_zeros_kept	0.219125	29	0.253426	0.330334
ENSG00000165072	MAMDC2	S1_all_tissues_zeros_kept	0.0945081	29	0.625799	0.178535
ENSG00000165076	PRSS37	S1_all_tissues_zeros_kept	1	29	0	0.997943
ENSG00000165078	CPA6	S1_all_tissues_zeros_kept	0.602034	29	0.000549832	0.862082
ENSG00000165092	ALDH1A1	S1_all_tissues_zeros_kept	0.854187	29	3.7723e-09	0.991902
ENSG00000165097	KDM1B	S1_all_tissues_zeros_kept	0.312469	29	0.0988815	0.471894
ENSG00000165102	HGSNAT	S1_all_tissues_zeros_kept	0.148468	29	0.442113	0.238775
ENSG00000165105	RASEF	S1_all_tissues_zeros_kept	0.314174	29	0.0969566	0.474336
ENSG00000165113	GKAP1	S1_all_tissues_zeros_kept	0.403946	29	0.0297653	0.618638
ENSG00000165118	C9orf64	S1_all_tissues_zeros_kept	0.544828	29	0.00224299	0.808783
ENSG00000165119	HNRNPK	S1_all_tissues_zeros_kept	0.364039	29	0.0522118	0.556427
ENSG00000165125	TRPV6	S1_all_tissues_zeros_kept	0.286705	29	0.131581	0.431577
ENSG00000165138	ANKS6	S1_all_tissues_zeros_kept	0.378829	29	0.0427073	0.578278
ENSG00000165140	FBP1	S1_all_tissues_zeros_kept	0.901429	29	2.55321e-11	0.994901
ENSG00000165152	TMEM246	S1_all_tissues_zeros_kept	0.460633	29	0.011915	0.703042
ENSG00000165156	ZHX1	S1_all_tissues_zeros_kept	0.00124026	29	0.994905	0.100214
ENSG00000165164	CFAP47	S1_all_tissues_zeros_kept	0.331434	29	0.0790295	0.504456
ENSG00000165169	DYNLT3	S1_all_tissues_zeros_kept	0.300493	29	0.113222	0.451671
ENSG00000165175	MID1IP1	S1_all_tissues_zeros_kept	0.43852	29	0.0173328	0.668552
ENSG00000165192	ASB11	S1_all_tissues_zeros_kept	0.668221	29	7.45065e-05	0.917138
ENSG00000165194	PCDH19	S1_all_tissues_zeros_kept	0.378412	29	0.042955	0.576992
ENSG00000165195	PIGA	S1_all_tissues_zeros_kept	-0.105301	29	0.586692	0.043916
ENSG00000165209	STRBP	S1_all_tissues_zeros_kept	0.651312	29	0.000129887	0.902185
ENSG00000165215	CLDN3	S1_all_tissues_zeros_kept	0.588674	29	0.000781576	0.848629
ENSG00000165219	GAPVD1	S1_all_tissues_zeros_kept	0.399015	29	0.0320165	0.608569
ENSG00000165233	CARD19	S1_all_tissues_zeros_kept	0.259734	29	0.173618	0.388732
ENSG00000165240	ATP7A	S1_all_tissues_zeros_kept	0.391915	29	0.0354973	0.596872
ENSG00000165244	ZNF367	S1_all_tissues_zeros_kept	-0.138639	29	0.473232	0.0320051
ENSG00000165246	NLGN4Y	S1_all_tissues_zeros_kept	0.409592	29	0.027347	0.626864
ENSG00000165264	NDUFB6	S1_all_tissues_zeros_kept	0.305419	29	0.107147	0.459126
ENSG00000165269	AQP7	S1_all_tissues_zeros_kept	0.474217	29	0.00935108	0.720694
ENSG00000165271	NOL6	S1_all_tissues_zeros_kept	-0.0433498	29	0.823316	0.0739931
ENSG00000165280	VCP	S1_all_tissues_zeros_kept	-0.029064	29	0.881032	0.0836332
ENSG00000165282	PIGO	S1_all_tissues_zeros_kept	0.238207	29	0.213366	0.357369
ENSG00000165283	STOML2	S1_all_tissues_zeros_kept	0.39803	29	0.0324824	0.606727
ENSG00000165288	BRWD3	S1_all_tissues_zeros_kept	0.0537215	29	0.781954	0.140488
ENSG00000165300	SLITRK5	S1_all_tissues_zeros_kept	0.509922	29	0.00471615	0.767309
ENSG00000165309	ARMC3	S1_all_tissues_zeros_kept	0.309726	29	0.102039	0.466624
ENSG00000165312	OTUD1	S1_all_tissues_zeros_kept	0.134975	29	0.485117	0.222536
ENSG00000165322	ARHGAP12	S1_all_tissues_zeros_kept	0.690148	29	3.4328e-05	0.930934
ENSG00000165323	FAT3	S1_all_tissues_zeros_kept	0.318431	29	0.0922741	0.485219
ENSG00000165325	CCDC67	S1_all_tissues_zeros_kept	0.127834	29	0.508712	0.215467
ENSG00000165338	HECTD2	S1_all_tissues_zeros_kept	0.550787	29	0.00195984	0.814867
ENSG00000165359	DDX26B	S1_all_tissues_zeros_kept	0.316228	29	0.0946757	0.480077
ENSG00000165376	CLDN2	S1_all_tissues_zeros_kept	0.509873	29	0.00472076	0.767224
ENSG00000165383	LRRC18	S1_all_tissues_zeros_kept	0.340226	29	0.0709363	0.518123
ENSG00000165392	WRN	S1_all_tissues_zeros_kept	0.0423698	29	0.82725	0.130634
ENSG00000165409	TSHR	S1_all_tissues_zeros_kept	0.706622	29	1.83318e-05	0.940274
ENSG00000165410	CFL2	S1_all_tissues_zeros_kept	0.696638	29	2.69434e-05	0.934919
ENSG00000165416	SUGT1	S1_all_tissues_zeros_kept	0.152217	29	0.430542	0.243145
ENSG00000165417	GTF2A1	S1_all_tissues_zeros_kept	0.0145338	29	0.940352	0.109383
ENSG00000165424	ZCCHC24	S1_all_tissues_zeros_kept	0.549376	29	0.00202393	0.813325
ENSG00000165443	PHYHIPL	S1_all_tissues_zeros_kept	0.655884	29	0.00011214	0.906127
ENSG00000165457	FOLR2	S1_all_tissues_zeros_kept	0.738424	29	4.80689e-06	0.957798
ENSG00000165458	INPPL1	S1_all_tissues_zeros_kept	0.350246	29	0.0625097	0.534619
ENSG00000165471	MBL2	S1_all_tissues_zeros_kept	0.3176	29	0.0931752	0.483676
ENSG00000165474	GJB2	S1_all_tissues_zeros_kept	0.0725464	29	0.708417	0.155913
ENSG00000165475	CRYL1	S1_all_tissues_zeros_kept	0.875724	29	4.98253e-10	0.993616
ENSG00000165476	REEP3	S1_all_tissues_zeros_kept	0.456158	29	0.0128789	0.697129
ENSG00000165478	HEPACAM	S1_all_tissues_zeros_kept	0.448647	29	0.0146422	0.684833
ENSG00000165487	MICU2	S1_all_tissues_zeros_kept	0.152217	29	0.430542	0.243145
ENSG00000165494	PCF11	S1_all_tissues_zeros_kept	0.0980296	29	0.612923	0.182476
ENSG00000165501	LRR1	S1_all_tissues_zeros_kept	0.107722	29	0.578069	0.191817
ENSG00000165502	RPL36AL	S1_all_tissues_zeros_kept	0.253695	29	0.184198	0.380805
ENSG00000165506	DNAAF2	S1_all_tissues_zeros_kept	0.354477	29	0.0591955	0.541131
ENSG00000165512	ZNF22	S1_all_tissues_zeros_kept	0.0660099	29	0.733699	0.151157
ENSG00000165516	KLHDC2	S1_all_tissues_zeros_kept	0.127902	29	0.508485	0.215553
ENSG00000165525	NEMF	S1_all_tissues_zeros_kept	-0.0778325	29	0.688189	0.0558269
ENSG00000165526	RPUSD4	S1_all_tissues_zeros_kept	-0.0460453	29	0.812517	0.0719366
ENSG00000165527	ARF6	S1_all_tissues_zeros_kept	0.104433	29	0.589796	0.187875
ENSG00000165533	TTC8	S1_all_tissues_zeros_kept	0.631073	29	0.000242027	0.886418
ENSG00000165548	TMEM63C	S1_all_tissues_zeros_kept	0.449755	29	0.01437	0.686332
ENSG00000165553	NGB	S1_all_tissues_zeros_kept	0.240223	29	0.209402	0.359769
ENSG00000165556	CDX2	S1_all_tissues_zeros_kept	0.726243	29	8.20133e-06	0.953256
ENSG00000165566	AMER2	S1_all_tissues_zeros_kept	0.321007	29	0.0895253	0.489032
ENSG00000165572	KBTBD6	S1_all_tissues_zeros_kept	0.137948	29	0.475463	0.226264
ENSG00000165591	FAAH2	S1_all_tissues_zeros_kept	0.0059716	29	0.975474	0.103556
ENSG00000165609	NUDT5	S1_all_tissues_zeros_kept	0.435468	29	0.0182196	0.664867
ENSG00000165626	BEND7	S1_all_tissues_zeros_kept	0.171455	29	0.373837	0.266624
ENSG00000165629	ATP5C1	S1_all_tissues_zeros_kept	0.568473	29	0.00129354	0.831148
ENSG00000165630	PRPF18	S1_all_tissues_zeros_kept	0.0231527	29	0.905107	0.115724
ENSG00000165632	TAF3	S1_all_tissues_zeros_kept	0.260698	29	0.171969	0.390274
ENSG00000165633	VSTM4	S1_all_tissues_zeros_kept	0.235948	29	0.217867	0.353685
ENSG00000165637	VDAC2	S1_all_tissues_zeros_kept	0.368473	29	0.0492026	0.562596
ENSG00000165643	SOHLH1	S1_all_tissues_zeros_kept	0.5	29	0.00574571	0.753299
ENSG00000165644	COMTD1	S1_all_tissues_zeros_kept	0.358975	29	0.0558249	0.548029
ENSG00000165650	PDZD8	S1_all_tissues_zeros_kept	0.366502	29	0.0505226	0.559426
ENSG00000165655	ZNF503	S1_all_tissues_zeros_kept	0.415034	29	0.0251701	0.635347
ENSG00000165660	FAM175B	S1_all_tissues_zeros_kept	0.161104	29	0.403785	0.253599
ENSG00000165661	QSOX2	S1_all_tissues_zeros_kept	0.333826	29	0.0767605	0.508012
ENSG00000165671	NSD1	S1_all_tissues_zeros_kept	-0.102318	29	0.597393	0.04503
ENSG00000165672	PRDX3	S1_all_tissues_zeros_kept	0.448276	29	0.0147341	0.684105
ENSG00000165675	ENOX2	S1_all_tissues_zeros_kept	0.00987997	29	0.959432	0.105441
ENSG00000165678	GHITM	S1_all_tissues_zeros_kept	0.294089	29	0.121496	0.441217
ENSG00000165682	CLEC1B	S1_all_tissues_zeros_kept	0.319613	29	0.0910051	0.486932
ENSG00000165684	SNAPC4	S1_all_tissues_zeros_kept	0.0293721	29	0.87978	0.120266
ENSG00000165688	PMPCA	S1_all_tissues_zeros_kept	0.167262	29	0.385808	0.260968
ENSG00000165689	SDCCAG3	S1_all_tissues_zeros_kept	-0.00394137	29	0.983811	0.0965724
ENSG00000165695	AK8	S1_all_tissues_zeros_kept	0.0875047	29	0.651725	0.171251
ENSG00000165699	TSC1	S1_all_tissues_zeros_kept	0.452217	29	0.0137805	0.690746
ENSG00000165704	HPRT1	S1_all_tissues_zeros_kept	0.147783	29	0.444244	0.238003
ENSG00000165714	BORCS5	S1_all_tissues_zeros_kept	-0.457635	29	0.0125537	0.000214225
ENSG00000165732	DDX21	S1_all_tissues_zeros_kept	0.507698	29	0.00493204	0.763796
ENSG00000165733	BMS1	S1_all_tissues_zeros_kept	-0.200517	29	0.296967	0.0172665
ENSG00000165752	STK32C	S1_all_tissues_zeros_kept	0.571017	29	0.00121618	0.83329
ENSG00000165757	KIAA1462	S1_all_tissues_zeros_kept	0.703781	29	2.0487e-05	0.938432
ENSG00000165775	FUNDC2	S1_all_tissues_zeros_kept	0.0586207	29	0.762609	0.144944
ENSG00000165782	TMEM55B	S1_all_tissues_zeros_kept	0.0044335	29	0.98179	0.102314
ENSG00000165792	METTL17	S1_all_tissues_zeros_kept	0.233046	29	0.223747	0.350514
ENSG00000165795	NDRG2	S1_all_tissues_zeros_kept	0.56798	29	0.00130901	0.830677
ENSG00000165799	RNASE7	S1_all_tissues_zeros_kept	0.229956	29	0.230123	0.346572
ENSG00000165801	ARHGEF40	S1_all_tissues_zeros_kept	0.442857	29	0.0161343	0.675321
ENSG00000165802	NSMF	S1_all_tissues_zeros_kept	0.38677	29	0.0382052	0.589674
ENSG00000165804	ZNF219	S1_all_tissues_zeros_kept	0.419589	29	0.0234584	0.642288
ENSG00000165806	CASP7	S1_all_tissues_zeros_kept	0.831034	29	2.38678e-08	0.988689
ENSG00000165813	CCDC186	S1_all_tissues_zeros_kept	0.686207	29	3.96494e-05	0.929135
ENSG00000165816	VWA2	S1_all_tissues_zeros_kept	0.329149	29	0.0812448	0.501071
ENSG00000165819	METTL3	S1_all_tissues_zeros_kept	0.609188	29	0.00045252	0.867738
ENSG00000165828	PRAP1	S1_all_tissues_zeros_kept	0.667866	29	7.54079e-05	0.91641
ENSG00000165832	TRUB1	S1_all_tissues_zeros_kept	0.704767	29	1.97151e-05	0.938946
ENSG00000165841	CYP2C19	S1_all_tissues_zeros_kept	0.349143	29	0.063397	0.532776
ENSG00000165861	ZFYVE1	S1_all_tissues_zeros_kept	0.283744	29	0.135792	0.42665
ENSG00000165868	HSPA12A	S1_all_tissues_zeros_kept	0.697681	29	2.58988e-05	0.935604
ENSG00000165886	UBTD1	S1_all_tissues_zeros_kept	0.408865	29	0.0276491	0.62575
ENSG00000165887	ANKRD2	S1_all_tissues_zeros_kept	0.42558	29	0.0213535	0.652057
ENSG00000165895	ARHGAP42	S1_all_tissues_zeros_kept	0.326762	29	0.0836091	0.497558
ENSG00000165898	ISCA2	S1_all_tissues_zeros_kept	0.38453	29	0.0394347	0.585476
ENSG00000165914	TTC7B	S1_all_tissues_zeros_kept	0.574384	29	0.00111996	0.835775
ENSG00000165916	PSMC3	S1_all_tissues_zeros_kept	0.33202	29	0.0784693	0.505613
ENSG00000165934	CPSF2	S1_all_tissues_zeros_kept	0.181281	29	0.346646	0.277892
ENSG00000165943	MOAP1	S1_all_tissues_zeros_kept	0.307693	29	0.104427	0.463282
ENSG00000165959	CLMN	S1_all_tissues_zeros_kept	0.762516	29	1.52626e-06	0.967138
ENSG00000165973	NELL1	S1_all_tissues_zeros_kept	0.300535	29	0.113168	0.452057
ENSG00000165983	PTER	S1_all_tissues_zeros_kept	0.385515	29	0.03889	0.587404
ENSG00000165985	C1QL3	S1_all_tissues_zeros_kept	0.297957	29	0.116446	0.446744
ENSG00000165995	CACNB2	S1_all_tissues_zeros_kept	0.519172	29	0.00390238	0.777678
ENSG00000165997	ARL5B	S1_all_tissues_zeros_kept	0.384135	29	0.039655	0.584704
ENSG00000166016	ABTB2	S1_all_tissues_zeros_kept	0.173094	29	0.369217	0.268509
ENSG00000166024	R3HCC1L	S1_all_tissues_zeros_kept	0.396747	29	0.0330969	0.604199
ENSG00000166025	AMOTL1	S1_all_tissues_zeros_kept	0.358621	29	0.0560847	0.547258
ENSG00000166033	HTRA1	S1_all_tissues_zeros_kept	0.402463	29	0.0304284	0.615596
ENSG00000166035	LIPC	S1_all_tissues_zeros_kept	0.491606	29	0.00676021	0.743488
ENSG00000166037	CEP57	S1_all_tissues_zeros_kept	0.252346	29	0.18662	0.378877
ENSG00000166046	TCP11L2	S1_all_tissues_zeros_kept	0.261338	29	0.17088	0.391045
ENSG00000166049	PASD1	S1_all_tissues_zeros_kept	0.310647	29	0.100971	0.468338
ENSG00000166068	SPRED1	S1_all_tissues_zeros_kept	0.378482	29	0.042913	0.577335
ENSG00000166086	JAM3	S1_all_tissues_zeros_kept	0.376355	29	0.0441931	0.573907
ENSG00000166091	CMTM5	S1_all_tissues_zeros_kept	0.125856	29	0.515345	0.212896
ENSG00000166118	SPATA19	S1_all_tissues_zeros_kept	1	29	0	0.997943
ENSG00000166126	AMN	S1_all_tissues_zeros_kept	0.619202	29	0.000341807	0.875193
ENSG00000166128	RAB8B	S1_all_tissues_zeros_kept	0.60936	29	0.000450389	0.868038
ENSG00000166130	IKBIP	S1_all_tissues_zeros_kept	0.458431	29	0.0123815	0.699529
ENSG00000166133	RPUSD2	S1_all_tissues_zeros_kept	0.268966	29	0.158284	0.403213
ENSG00000166135	HIF1AN	S1_all_tissues_zeros_kept	0.402809	29	0.0302728	0.616153
ENSG00000166136	NDUFB8	S1_all_tissues_zeros_kept	0.253202	29	0.185081	0.379949
ENSG00000166140	ZFYVE19	S1_all_tissues_zeros_kept	0.337931	29	0.0729839	0.514225
ENSG00000166143	PPP1R14D	S1_all_tissues_zeros_kept	0.779926	29	6.11079e-07	0.973222
ENSG00000166145	SPINT1	S1_all_tissues_zeros_kept	0.745681	29	3.44781e-06	0.960797
ENSG00000166148	AVPR1A	S1_all_tissues_zeros_kept	0.472079	29	0.00972081	0.717952
ENSG00000166159	LRTM2	S1_all_tissues_zeros_kept	1	29	0	0.997943
ENSG00000166164	BRD7	S1_all_tissues_zeros_kept	0.349261	29	0.0633018	0.533162
ENSG00000166165	CKB	S1_all_tissues_zeros_kept	0.730542	29	6.81409e-06	0.95467
ENSG00000166166	TRMT61A	S1_all_tissues_zeros_kept	0.0118387	29	0.951398	0.107069
ENSG00000166167	BTRC	S1_all_tissues_zeros_kept	0.0810997	29	0.67579	0.163282
ENSG00000166169	POLL	S1_all_tissues_zeros_kept	-0.0320592	29	0.868871	0.0814482
ENSG00000166170	BAG5	S1_all_tissues_zeros_kept	0.270443	29	0.155922	0.405527
ENSG00000166171	DPCD	S1_all_tissues_zeros_kept	0.64416	29	0.000162666	0.896444
ENSG00000166181	API5	S1_all_tissues_zeros_kept	0.262562	29	0.168814	0.393102
ENSG00000166183	ASPG	S1_all_tissues_zeros_kept	0.163307	29	0.397299	0.256341
ENSG00000166189	HPS6	S1_all_tissues_zeros_kept	0.290184	29	0.126756	0.436033
ENSG00000166197	NOLC1	S1_all_tissues_zeros_kept	0.263547	29	0.167162	0.393916
ENSG00000166199	ALKBH3	S1_all_tissues_zeros_kept	0.537211	29	0.00265579	0.800814
ENSG00000166200	COPS2	S1_all_tissues_zeros_kept	0.106171	29	0.583589	0.190189
ENSG00000166224	SGPL1	S1_all_tissues_zeros_kept	0.0315271	29	0.87103	0.121594
ENSG00000166225	FRS2	S1_all_tissues_zeros_kept	0.137638	29	0.476464	0.225878
ENSG00000166226	CCT2	S1_all_tissues_zeros_kept	0.322167	29	0.0883077	0.490874
ENSG00000166228	PCBD1	S1_all_tissues_zeros_kept	0.445813	29	0.0153575	0.679649
ENSG00000166233	ARIH1	S1_all_tissues_zeros_kept	0.236729	29	0.216305	0.354884
ENSG00000166246	C16orf71	S1_all_tissues_zeros_kept	0.224768	29	0.241099	0.339032
ENSG00000166250	CLMP	S1_all_tissues_zeros_kept	0.630348	29	0.000247289	0.885647
ENSG00000166257	SCN3B	S1_all_tissues_zeros_kept	0.331702	29	0.0787728	0.50527
ENSG00000166260	COX11	S1_all_tissues_zeros_kept	0.753965	29	2.32743e-06	0.963796
ENSG00000166266	CUL5	S1_all_tissues_zeros_kept	0.51133	29	0.00458361	0.768638
ENSG00000166272	WBP1L	S1_all_tissues_zeros_kept	-0.0501558	29	0.796114	0.0699657
ENSG00000166275	BORCS7	S1_all_tissues_zeros_kept	-0.100505	29	0.603939	0.0454584
ENSG00000166289	PLEKHF1	S1_all_tissues_zeros_kept	0.501833	29	0.00554232	0.756341
ENSG00000166295	ANAPC16	S1_all_tissues_zeros_kept	0.0332553	29	0.864023	0.123179
ENSG00000166311	SMPD1	S1_all_tissues_zeros_kept	0.645972	29	0.000153734	0.898158
ENSG00000166313	APBB1	S1_all_tissues_zeros_kept	0.64532	29	0.000156895	0.897729
ENSG00000166317	SYNPO2L	S1_all_tissues_zeros_kept	0.361009	29	0.0543506	0.551457
ENSG00000166326	TRIM44	S1_all_tissues_zeros_kept	0.122563	29	0.526484	0.208612
ENSG00000166333	ILK	S1_all_tissues_zeros_kept	0.668966	29	7.26478e-05	0.917995
ENSG00000166337	TAF10	S1_all_tissues_zeros_kept	-0.0334975	29	0.863042	0.0804199
ENSG00000166340	TPP1	S1_all_tissues_zeros_kept	0.389163	29	0.0369262	0.592674
ENSG00000166341	DCHS1	S1_all_tissues_zeros_kept	0.55665	29	0.00171198	0.820908
ENSG00000166347	CYB5A	S1_all_tissues_zeros_kept	0.822167	29	4.50243e-08	0.98629
ENSG00000166348	USP54	S1_all_tissues_zeros_kept	0.638916	29	0.000191158	0.892588
ENSG00000166352	C11orf74	S1_all_tissues_zeros_kept	0.287121	29	0.130997	0.432005
ENSG00000166359	WDR88	S1_all_tissues_zeros_kept	1	29	0	0.997943
ENSG00000166377	ATP9B	S1_all_tissues_zeros_kept	-0.125201	29	0.517551	0.0369751
ENSG00000166387	PPFIBP2	S1_all_tissues_zeros_kept	0.695074	29	2.85788e-05	0.933676
ENSG00000166391	MOGAT2	S1_all_tissues_zeros_kept	0.439898	29	0.0169442	0.671165
ENSG00000166396	SERPINB7	S1_all_tissues_zeros_kept	0.136492	29	0.480179	0.224379
ENSG00000166398	KIAA0355	S1_all_tissues_zeros_kept	0.404237	29	0.0296366	0.618895
ENSG00000166401	SERPINB8	S1_all_tissues_zeros_kept	0.645305	29	0.000156971	0.897558
ENSG00000166411	IDH3A	S1_all_tissues_zeros_kept	0.371721	29	0.0470866	0.567052
ENSG00000166415	WDR72	S1_all_tissues_zeros_kept	0.288369	29	0.129256	0.433633
ENSG00000166426	CRABP1	S1_all_tissues_zeros_kept	0.394634	29	0.03413	0.600386
ENSG00000166432	ZMAT1	S1_all_tissues_zeros_kept	-0.186896	29	0.331656	0.0202656
ENSG00000166439	RNF169	S1_all_tissues_zeros_kept	0.654102	29	0.000118782	0.904584
ENSG00000166441	RPL27A	S1_all_tissues_zeros_kept	0.330049	29	0.0803663	0.501971
ENSG00000166444	ST5	S1_all_tissues_zeros_kept	0.615764	29	0.000376782	0.872322
ENSG00000166448	TMEM130	S1_all_tissues_zeros_kept	0.630653	29	0.000245066	0.886161
ENSG00000166451	CENPN	S1_all_tissues_zeros_kept	0.151971	29	0.431294	0.242631
ENSG00000166452	AKIP1	S1_all_tissues_zeros_kept	0.0557178	29	0.774056	0.142288
ENSG00000166454	ATMIN	S1_all_tissues_zeros_kept	-0.29364	29	0.122092	0.00561268
ENSG00000166471	TMEM41B	S1_all_tissues_zeros_kept	0.236236	29	0.217291	0.354284
ENSG00000166477	LEO1	S1_all_tissues_zeros_kept	0.133268	29	0.490708	0.220951
ENSG00000166478	ZNF143	S1_all_tissues_zeros_kept	0.342407	29	0.0690313	0.521894
ENSG00000166479	TMX3	S1_all_tissues_zeros_kept	0.229064	29	0.231985	0.345244
ENSG00000166482	MFAP4	S1_all_tissues_zeros_kept	0.459113	29	0.0122354	0.700643
ENSG00000166483	WEE1	S1_all_tissues_zeros_kept	0.0630542	29	0.745223	0.148629
ENSG00000166484	MAPK7	S1_all_tissues_zeros_kept	0.13185	29	0.495372	0.219323
ENSG00000166503	RP11-382A20.3	S1_all_tissues_zeros_kept	0.390148	29	0.0364095	0.594259
ENSG00000166507	NDST2	S1_all_tissues_zeros_kept	0.440444	29	0.0167923	0.672022
ENSG00000166508	MCM7	S1_all_tissues_zeros_kept	0.60936	29	0.000450389	0.868038
ENSG00000166510	CCDC68	S1_all_tissues_zeros_kept	0.0264169	29	0.891801	0.117952
ENSG00000166526	ZNF3	S1_all_tissues_zeros_kept	0.697881	29	2.57033e-05	0.93569
ENSG00000166529	ZSCAN21	S1_all_tissues_zeros_kept	0.0755843	29	0.696767	0.158398
ENSG00000166532	RIMKLB	S1_all_tissues_zeros_kept	0.386074	29	0.0385837	0.588732
ENSG00000166535	A2ML1	S1_all_tissues_zeros_kept	0.113363	29	0.558201	0.198929
ENSG00000166548	TK2	S1_all_tissues_zeros_kept	0.567311	29	0.00133028	0.830206
ENSG00000166557	TMED3	S1_all_tissues_zeros_kept	0.666502	29	7.8962e-05	0.915338
ENSG00000166562	SEC11C	S1_all_tissues_zeros_kept	0.556158	29	0.00173171	0.820308
ENSG00000166575	TMEM135	S1_all_tissues_zeros_kept	0.458462	29	0.0123748	0.699614
ENSG00000166578	IQCD	S1_all_tissues_zeros_kept	0.30708	29	0.105155	0.462425
ENSG00000166579	NDEL1	S1_all_tissues_zeros_kept	0.105185	29	0.587106	0.188817
ENSG00000166582	CENPV	S1_all_tissues_zeros_kept	0.655734	29	0.000112685	0.905955
ENSG00000166589	CDH16	S1_all_tissues_zeros_kept	0.264786	29	0.165102	0.395844
ENSG00000166595	FAM96B	S1_all_tissues_zeros_kept	0.144828	29	0.453508	0.233933
ENSG00000166596	CFAP52	S1_all_tissues_zeros_kept	0.376864	29	0.0438838	0.574593
ENSG00000166598	HSP90B1	S1_all_tissues_zeros_kept	0.199015	29	0.300676	0.300214
ENSG00000166634	SERPINB12	S1_all_tissues_zeros_kept	0.0535343	29	0.782696	0.140146
ENSG00000166670	MMP10	S1_all_tissues_zeros_kept	-0.226162	29	0.238116	0.0128106
ENSG00000166685	COG1	S1_all_tissues_zeros_kept	0.0120705	29	0.950448	0.107155
ENSG00000166689	PLEKHA7	S1_all_tissues_zeros_kept	0.410641	29	0.0269161	0.62832
ENSG00000166710	B2M	S1_all_tissues_zeros_kept	0.566502	29	0.00135638	0.829392
ENSG00000166716	ZNF592	S1_all_tissues_zeros_kept	0.406454	29	0.0286706	0.622322
ENSG00000166734	CASC4	S1_all_tissues_zeros_kept	0.436946	29	0.0177856	0.666624
ENSG00000166747	AP1G1	S1_all_tissues_zeros_kept	0.308374	29	0.103622	0.464653
ENSG00000166750	SLFN5	S1_all_tissues_zeros_kept	0.827586	29	3.06792e-08	0.987618
ENSG00000166780	C16orf45	S1_all_tissues_zeros_kept	0.348203	29	0.0641616	0.531748
ENSG00000166783	KIAA0430	S1_all_tissues_zeros_kept	-0.237468	29	0.214832	0.0106684
ENSG00000166788	SAAL1	S1_all_tissues_zeros_kept	0.307389	29	0.104787	0.462896
ENSG00000166793	YPEL4	S1_all_tissues_zeros_kept	0.284144	29	0.135216	0.427035
ENSG00000166794	PPIB	S1_all_tissues_zeros_kept	0.480296	29	0.0083641	0.729906
ENSG00000166796	LDHC	S1_all_tissues_zeros_kept	0.32484	29	0.0855512	0.494473
ENSG00000166797	FAM96A	S1_all_tissues_zeros_kept	0.699507	29	2.41582e-05	0.936632
ENSG00000166801	FAM111A	S1_all_tissues_zeros_kept	-0.0015489	29	0.993638	0.0984147
ENSG00000166813	KIF7	S1_all_tissues_zeros_kept	0.197067	29	0.305527	0.297129
ENSG00000166819	PLIN1	S1_all_tissues_zeros_kept	0.680706	29	4.83083e-05	0.925407
ENSG00000166821	PEX11A	S1_all_tissues_zeros_kept	0.32877	29	0.0816168	0.500386
ENSG00000166825	ANPEP	S1_all_tissues_zeros_kept	0.727991	29	7.60943e-06	0.953599
ENSG00000166828	SCNN1G	S1_all_tissues_zeros_kept	0.446554	29	0.0151676	0.681534
ENSG00000166833	NAV2	S1_all_tissues_zeros_kept	0.451963	29	0.0138402	0.690017
ENSG00000166840	GLYATL1	S1_all_tissues_zeros_kept	0.518381	29	0.00396687	0.777078
ENSG00000166847	DCTN5	S1_all_tissues_zeros_kept	0.0990148	29	0.60934	0.183076
ENSG00000166848	TERF2IP	S1_all_tissues_zeros_kept	0.282266	29	0.13793	0.424422
ENSG00000166855	CLPX	S1_all_tissues_zeros_kept	0.317734	29	0.0930293	0.484105
ENSG00000166856	GPR182	S1_all_tissues_zeros_kept	0.505531	29	0.00515046	0.76174
ENSG00000166862	CACNG2	S1_all_tissues_zeros_kept	0.421153	29	0.0228931	0.645844
ENSG00000166863	TAC3	S1_all_tissues_zeros_kept	-0.0370843	29	0.848537	0.0778492
ENSG00000166866	MYO1A	S1_all_tissues_zeros_kept	0.381469	29	0.0411658	0.580934
ENSG00000166869	CHP2	S1_all_tissues_zeros_kept	0.450374	29	0.0142199	0.687532
ENSG00000166881	NEMP1	S1_all_tissues_zeros_kept	0.463052	29	0.0114198	0.706555
ENSG00000166886	NAB2	S1_all_tissues_zeros_kept	0.396059	29	0.0334305	0.602699
ENSG00000166887	VPS39	S1_all_tissues_zeros_kept	0.247291	29	0.1959	0.370523
ENSG00000166888	STAT6	S1_all_tissues_zeros_kept	0.397537	29	0.0327174	0.605784
ENSG00000166889	PATL1	S1_all_tissues_zeros_kept	0.287967	29	0.129815	0.432776
ENSG00000166896	XRCC6BP1	S1_all_tissues_zeros_kept	0.313407	29	0.0978196	0.473051
ENSG00000166897	ELFN2	S1_all_tissues_zeros_kept	0.358094	29	0.0564728	0.545673
ENSG00000166900	STX3	S1_all_tissues_zeros_kept	0.636946	29	0.000202955	0.89036
ENSG00000166902	MRPL16	S1_all_tissues_zeros_kept	0.579135	29	0.000995523	0.840146
ENSG00000166908	PIP4K2C	S1_all_tissues_zeros_kept	0.459606	29	0.0121308	0.701414
ENSG00000166912	MTMR10	S1_all_tissues_zeros_kept	0.54532	29	0.00221832	0.80934
ENSG00000166913	YWHAB	S1_all_tissues_zeros_kept	0.641872	29	0.000174598	0.894387
ENSG00000166920	C15orf48	S1_all_tissues_zeros_kept	0.718599	29	1.13086e-05	0.946401
ENSG00000166922	SCG5	S1_all_tissues_zeros_kept	0.656507	29	0.000109896	0.906641
ENSG00000166924	NYAP1	S1_all_tissues_zeros_kept	0.241696	29	0.206537	0.362254
ENSG00000166925	TSC22D4	S1_all_tissues_zeros_kept	0.122429	29	0.526939	0.208526
ENSG00000166938	DIS3L	S1_all_tissues_zeros_kept	0.0315426	29	0.870967	0.121808
ENSG00000166946	CCNDBP1	S1_all_tissues_zeros_kept	0.585187	29	0.000854598	0.845544
ENSG00000166947	EPB42	S1_all_tissues_zeros_kept	0.271052	29	0.154956	0.406684
ENSG00000166949	SMAD3	S1_all_tissues_zeros_kept	0.537012	29	0.00266738	0.800643
ENSG00000166965	RCCD1	S1_all_tissues_zeros_kept	0.223044	29	0.244823	0.336547
ENSG00000166971	AKTIP	S1_all_tissues_zeros_kept	0.440503	29	0.0167761	0.672108
ENSG00000166974	MAPRE2	S1_all_tissues_zeros_kept	0.273925	29	0.150457	0.410968
ENSG00000166979	EVA1C	S1_all_tissues_zeros_kept	0.264692	29	0.165257	0.395673
ENSG00000166986	MARS	S1_all_tissues_zeros_kept	0.405911	29	0.0289047	0.621208
ENSG00000166987	MBD6	S1_all_tissues_zeros_kept	0.161609	29	0.402293	0.254199
ENSG00000166997	CNPY4	S1_all_tissues_zeros_kept	0.676355	29	5.63138e-05	0.922879
ENSG00000167004	PDIA3	S1_all_tissues_zeros_kept	0.234975	29	0.219827	0.352699
ENSG00000167005	NUDT21	S1_all_tissues_zeros_kept	0.488177	29	0.00721629	0.739117
ENSG00000167034	NKX3-1	S1_all_tissues_zeros_kept	0.414943	29	0.0252054	0.635261
ENSG00000167037	SGSM1	S1_all_tissues_zeros_kept	0.394451	29	0.034221	0.600129
ENSG00000167074	TEF	S1_all_tissues_zeros_kept	0.0224202	29	0.908097	0.114867
ENSG00000167080	B4GALNT2	S1_all_tissues_zeros_kept	0.240742	29	0.208389	0.361225
ENSG00000167081	PBX3	S1_all_tissues_zeros_kept	0.142118	29	0.462089	0.231148
ENSG00000167085	PHB	S1_all_tissues_zeros_kept	0.434483	29	0.0185137	0.663796
ENSG00000167088	SNRPD1	S1_all_tissues_zeros_kept	0.0881773	29	0.649217	0.172022
ENSG00000167100	SAMD14	S1_all_tissues_zeros_kept	0.382761	29	0.0404281	0.582905
ENSG00000167106	FAM102A	S1_all_tissues_zeros_kept	0.648768	29	0.000140801	0.899957
ENSG00000167110	GOLGA2	S1_all_tissues_zeros_kept	0.123414	29	0.523593	0.210197
ENSG00000167112	TRUB2	S1_all_tissues_zeros_kept	0.275774	29	0.147612	0.414267
ENSG00000167113	COQ4	S1_all_tissues_zeros_kept	0.286477	29	0.131902	0.43072
ENSG00000167114	SLC27A4	S1_all_tissues_zeros_kept	0.495567	29	0.00626413	0.747986
ENSG00000167118	URM1	S1_all_tissues_zeros_kept	-0.264532	29	0.165523	0.00809769
ENSG00000167123	CERCAM	S1_all_tissues_zeros_kept	0.0770014	29	0.691356	0.15994
ENSG00000167130	DOLPP1	S1_all_tissues_zeros_kept	0.158767	29	0.410728	0.251971
ENSG00000167131	CCDC103	S1_all_tissues_zeros_kept	0.400715	29	0.0312252	0.611611
ENSG00000167136	ENDOG	S1_all_tissues_zeros_kept	0.464532	29	0.0111254	0.708183
ENSG00000167165	UGT1A6	S1_all_tissues_zeros_kept	0.634042	29	0.000221517	0.888218
ENSG00000167173	C15orf39	S1_all_tissues_zeros_kept	-0.160569	29	0.405368	0.0262639
ENSG00000167178	ISLR2	S1_all_tissues_zeros_kept	0.185058	29	0.336518	0.282776
ENSG00000167182	SP2	S1_all_tissues_zeros_kept	0.165866	29	0.389843	0.259254
ENSG00000167186	COQ7	S1_all_tissues_zeros_kept	0.0133005	29	0.945405	0.108483
ENSG00000167193	CRK	S1_all_tissues_zeros_kept	0.413105	29	0.0259249	0.632862
ENSG00000167196	FBXO22	S1_all_tissues_zeros_kept	0.296552	29	0.118262	0.444944
ENSG00000167202	TBC1D2B	S1_all_tissues_zeros_kept	0.82237	29	4.43935e-08	0.986504
ENSG00000167216	KATNAL2	S1_all_tissues_zeros_kept	0.271991	29	0.153476	0.40904
ENSG00000167220	HDHD2	S1_all_tissues_zeros_kept	0.388177	29	0.0374486	0.591388
ENSG00000167232	ZNF91	S1_all_tissues_zeros_kept	-0.0707646	29	0.71528	0.0594259
ENSG00000167244	IGF2	S1_all_tissues_zeros_kept	0.523952	29	0.00353115	0.783076
ENSG00000167257	RNF214	S1_all_tissues_zeros_kept	0.346798	29	0.0653163	0.529906
ENSG00000167258	CDK12	S1_all_tissues_zeros_kept	0.24335	29	0.203352	0.364696
ENSG00000167261	DPEP2	S1_all_tissues_zeros_kept	0.437008	29	0.0177674	0.667052
ENSG00000167264	DUS2	S1_all_tissues_zeros_kept	-0.00813008	29	0.966613	0.0951585
ENSG00000167272	POP5	S1_all_tissues_zeros_kept	0.128341	29	0.507017	0.216153
ENSG00000167280	ENGASE	S1_all_tissues_zeros_kept	0.0935961	29	0.629151	0.177164
ENSG00000167283	ATP5L	S1_all_tissues_zeros_kept	0.255665	29	0.180698	0.383376
ENSG00000167302	ENTHD2	S1_all_tissues_zeros_kept	0.131934	29	0.495098	0.219494
ENSG00000167306	MYO5B	S1_all_tissues_zeros_kept	0.307486	29	0.104672	0.463111
ENSG00000167315	ACAA2	S1_all_tissues_zeros_kept	0.775369	29	7.8253e-07	0.971851
ENSG00000167323	STIM1	S1_all_tissues_zeros_kept	0.159113	29	0.409694	0.252142
ENSG00000167325	RRM1	S1_all_tissues_zeros_kept	0.475862	29	0.00907482	0.722108
ENSG00000167333	TRIM68	S1_all_tissues_zeros_kept	0.132609	29	0.492871	0.220865
ENSG00000167363	FN3K	S1_all_tissues_zeros_kept	0.670936	29	6.79244e-05	0.919409
ENSG00000167371	PRRT2	S1_all_tissues_zeros_kept	-0.14677	29	0.447408	0.0299057
ENSG00000167378	IRGQ	S1_all_tissues_zeros_kept	0.331079	29	0.0793703	0.503813
ENSG00000167393	PPP2R3B	S1_all_tissues_zeros_kept	0.0973492	29	0.615402	0.181877
ENSG00000167394	ZNF668	S1_all_tissues_zeros_kept	0.0549572	29	0.777062	0.141602
ENSG00000167395	ZNF646	S1_all_tissues_zeros_kept	0.105705	29	0.585248	0.189503
ENSG00000167414	GNG8	S1_all_tissues_zeros_kept	0.227935	29	0.234357	0.343659
ENSG00000167419	LPO	S1_all_tissues_zeros_kept	0.3176	29	0.0931752	0.483676
ENSG00000167447	SMG8	S1_all_tissues_zeros_kept	0.350043	29	0.0626724	0.534404
ENSG00000167460	TPM4	S1_all_tissues_zeros_kept	0.617241	29	0.000361384	0.873093
ENSG00000167461	RAB8A	S1_all_tissues_zeros_kept	0.50936	29	0.00476994	0.766538
ENSG00000167468	GPX4	S1_all_tissues_zeros_kept	0.0985222	29	0.611131	0.182819
ENSG00000167476	JSRP1	S1_all_tissues_zeros_kept	-0.0857667	29	0.658223	0.0517995
ENSG00000167483	FAM129C	S1_all_tissues_zeros_kept	0.371656	29	0.0471283	0.566881
ENSG00000167487	KLHL26	S1_all_tissues_zeros_kept	0.206876	29	0.281588	0.311611
ENSG00000167491	GATAD2A	S1_all_tissues_zeros_kept	0.0615764	29	0.751005	0.147087
ENSG00000167508	MVD	S1_all_tissues_zeros_kept	0.278852	29	0.142962	0.419409
ENSG00000167515	TRAPPC2L	S1_all_tissues_zeros_kept	-0.0512315	29	0.791836	0.0692374
ENSG00000167522	ANKRD11	S1_all_tissues_zeros_kept	-0.0123472	29	0.949313	0.0923308
ENSG00000167523	SPATA33	S1_all_tissues_zeros_kept	0.402108	29	0.0305887	0.61461
ENSG00000167526	RPL13	S1_all_tissues_zeros_kept	0.276847	29	0.145979	0.415638
ENSG00000167535	CACNB3	S1_all_tissues_zeros_kept	0.469802	29	0.0101279	0.71521
ENSG00000167536	DHRS13	S1_all_tissues_zeros_kept	0.222999	29	0.24492	0.336461
ENSG00000167543	TP53I13	S1_all_tissues_zeros_kept	-0.00336303	29	0.986186	0.0971294
ENSG00000167548	KMT2D	S1_all_tissues_zeros_kept	0.364532	29	0.0518704	0.557284
ENSG00000167552	TUBA1A	S1_all_tissues_zeros_kept	0.368473	29	0.0492026	0.562596
ENSG00000167553	TUBA1C	S1_all_tissues_zeros_kept	0.0187192	29	0.923219	0.112211
ENSG00000167566	NCKAP5L	S1_all_tissues_zeros_kept	-0.190641	29	0.321881	0.019066
ENSG00000167578	RAB4B	S1_all_tissues_zeros_kept	0.587018	29	0.000815546	0.846658
ENSG00000167580	AQP2	S1_all_tissues_zeros_kept	0.480293	29	0.00836443	0.72892
ENSG00000167588	GPD1	S1_all_tissues_zeros_kept	0.697356	29	2.62207e-05	0.935261
ENSG00000167595	PROSER3	S1_all_tissues_zeros_kept	-0.213338	29	0.266491	0.0148672
ENSG00000167600	CYP2S1	S1_all_tissues_zeros_kept	0.755508	29	2.15954e-06	0.964482
ENSG00000167601	AXL	S1_all_tissues_zeros_kept	0.487006	29	0.00737796	0.737746
ENSG00000167604	NFKBID	S1_all_tissues_zeros_kept	0.142052	29	0.462302	0.231063
ENSG00000167608	TMC4	S1_all_tissues_zeros_kept	0.903742	29	1.87925e-11	0.994987
ENSG00000167614	TTYH1	S1_all_tissues_zeros_kept	0.352975	29	0.0603562	0.538689
ENSG00000167615	LENG8	S1_all_tissues_zeros_kept	0.127586	29	0.50954	0.215338
ENSG00000167618	LAIR2	S1_all_tissues_zeros_kept	0.458904	29	0.01228	0.7003
ENSG00000167619	TMEM145	S1_all_tissues_zeros_kept	0.598088	29	0.000611003	0.857541
ENSG00000167632	TRAPPC9	S1_all_tissues_zeros_kept	-0.0541872	29	0.78011	0.0667524
ENSG00000167635	ZNF146	S1_all_tissues_zeros_kept	0.427797	29	0.0206148	0.655398
ENSG00000167641	PPP1R14A	S1_all_tissues_zeros_kept	0.607409	29	0.000475184	0.866367
ENSG00000167642	SPINT2	S1_all_tissues_zeros_kept	0.798521	29	2.09054e-07	0.980506
ENSG00000167645	YIF1B	S1_all_tissues_zeros_kept	0.336181	29	0.0745758	0.511354
ENSG00000167646	DNAAF3	S1_all_tissues_zeros_kept	0.532658	29	0.00293248	0.795758
ENSG00000167653	PSCA	S1_all_tissues_zeros_kept	0.338868	29	0.0721418	0.515724
ENSG00000167654	ATCAY	S1_all_tissues_zeros_kept	0.667424	29	7.65451e-05	0.915938
ENSG00000167656	LY6D	S1_all_tissues_zeros_kept	0.414657	29	0.025316	0.634747
ENSG00000167657	DAPK3	S1_all_tissues_zeros_kept	0.615271	29	0.000382042	0.872022
ENSG00000167658	EEF2	S1_all_tissues_zeros_kept	0.278818	29	0.143014	0.419152
ENSG00000167670	CHAF1A	S1_all_tissues_zeros_kept	0.247068	29	0.196317	0.370223
ENSG00000167671	UBXN6	S1_all_tissues_zeros_kept	0.189679	29	0.324377	0.288389
ENSG00000167674	CTB-50L17.10	S1_all_tissues_zeros_kept	0.181549	29	0.34592	0.278363
ENSG00000167676	PLIN4	S1_all_tissues_zeros_kept	0.798284	29	2.12074e-07	0.98042
ENSG00000167693	NXN	S1_all_tissues_zeros_kept	0.648768	29	0.000140801	0.899957
ENSG00000167695	FAM57A	S1_all_tissues_zeros_kept	0.481833	29	0.00812891	0.731834
ENSG00000167699	GLOD4	S1_all_tissues_zeros_kept	0.44532	29	0.0154848	0.678877
ENSG00000167700	MFSD3	S1_all_tissues_zeros_kept	0.302666	29	0.110511	0.455313
ENSG00000167711	SERPINF2	S1_all_tissues_zeros_kept	0.0727446	29	0.707655	0.155998
ENSG00000167716	WDR81	S1_all_tissues_zeros_kept	0.0384236	29	0.843132	0.127549
ENSG00000167720	SRR	S1_all_tissues_zeros_kept	0.513793	29	0.00435948	0.771508
ENSG00000167721	TSR1	S1_all_tissues_zeros_kept	-0.110345	29	0.568792	0.0415167
ENSG00000167733	HSD11B1L	S1_all_tissues_zeros_kept	0.421153	29	0.0228931	0.645844
ENSG00000167740	CYB5D2	S1_all_tissues_zeros_kept	0.555307	29	0.00176621	0.819237
ENSG00000167741	GGT6	S1_all_tissues_zeros_kept	0.784665	29	4.69561e-07	0.975278
ENSG00000167748	KLK1	S1_all_tissues_zeros_kept	0.403438	29	0.0299911	0.617438
ENSG00000167751	KLK2	S1_all_tissues_zeros_kept	0.353771	29	0.0597387	0.539974
ENSG00000167754	KLK5	S1_all_tissues_zeros_kept	-0.108424	29	0.575582	0.0427592
ENSG00000167755	KLK6	S1_all_tissues_zeros_kept	0.0919326	29	0.635285	0.175878
ENSG00000167759	KLK13	S1_all_tissues_zeros_kept	0.538343	29	0.00259058	0.802871
ENSG00000167767	KRT80	S1_all_tissues_zeros_kept	0.128371	29	0.506917	0.216238
ENSG00000167768	KRT1	S1_all_tissues_zeros_kept	-0.112938	29	0.559684	0.040617
ENSG00000167770	OTUB1	S1_all_tissues_zeros_kept	0.580788	29	0.000955155	0.842159
ENSG00000167774	CTD-2550O8.5	S1_all_tissues_zeros_kept	-0.176554	29	0.359574	0.0231791
ENSG00000167775	CD320	S1_all_tissues_zeros_kept	-0.0938976	29	0.628042	0.0480291
ENSG00000167778	SPRYD3	S1_all_tissues_zeros_kept	-0.0630542	29	0.745223	0.0640531
ENSG00000167780	SOAT2	S1_all_tissues_zeros_kept	0.831113	29	2.37301e-08	0.988903
ENSG00000167792	NDUFV1	S1_all_tissues_zeros_kept	0.621259	29	0.000322288	0.877335
ENSG00000167815	PRDX2	S1_all_tissues_zeros_kept	0.134483	29	0.486726	0.222065
ENSG00000167842	MIS12	S1_all_tissues_zeros_kept	0.396835	29	0.0330546	0.604327
ENSG00000167858	TEKT1	S1_all_tissues_zeros_kept	0.452799	29	0.0136441	0.691817
ENSG00000167861	HID1	S1_all_tissues_zeros_kept	0.885714	29	1.70896e-10	0.994045
ENSG00000167862	ICT1	S1_all_tissues_zeros_kept	0.286735	29	0.131538	0.431662
ENSG00000167863	ATP5H	S1_all_tissues_zeros_kept	0.724138	29	8.96945e-06	0.952614
ENSG00000167881	SRP68	S1_all_tissues_zeros_kept	0.269951	29	0.156707	0.404499
ENSG00000167895	TMC8	S1_all_tissues_zeros_kept	0.377103	29	0.0437395	0.574936
ENSG00000167900	TK1	S1_all_tissues_zeros_kept	0.561739	29	0.00151937	0.825921
ENSG00000167904	TMEM68	S1_all_tissues_zeros_kept	0.197561	29	0.304293	0.297986
ENSG00000167910	CYP7A1	S1_all_tissues_zeros_kept	0.226435	29	0.237534	0.34126
ENSG00000167914	GSDMA	S1_all_tissues_zeros_kept	0.452404	29	0.0137364	0.691217
ENSG00000167916	KRT24	S1_all_tissues_zeros_kept	0.246885	29	0.196658	0.370051
ENSG00000167925	GHDC	S1_all_tissues_zeros_kept	0.19803	29	0.303125	0.298329
ENSG00000167930	FAM234A	S1_all_tissues_zeros_kept	0.553202	29	0.00185423	0.816838
ENSG00000167941	SOST	S1_all_tissues_zeros_kept	0.391071	29	0.0359308	0.595373
ENSG00000167962	ZNF598	S1_all_tissues_zeros_kept	0.34855	29	0.0638784	0.532348
ENSG00000167965	MLST8	S1_all_tissues_zeros_kept	-0.217241	29	0.257632	0.0142674
ENSG00000167967	E4F1	S1_all_tissues_zeros_kept	0.0130774	29	0.94632	0.108355
ENSG00000167969	ECI1	S1_all_tissues_zeros_kept	0.596059	29	0.000644714	0.854327
ENSG00000167971	CASKIN1	S1_all_tissues_zeros_kept	0.316618	29	0.0942474	0.481491
ENSG00000167972	ABCA3	S1_all_tissues_zeros_kept	0.521011	29	0.0037558	0.779991
ENSG00000167977	KCTD5	S1_all_tissues_zeros_kept	0.248891	29	0.192929	0.373479
ENSG00000167978	SRRM2	S1_all_tissues_zeros_kept	0.150739	29	0.435083	0.241345
ENSG00000167984	NLRC3	S1_all_tissues_zeros_kept	0.184058	29	0.339182	0.28102
ENSG00000167986	DDB1	S1_all_tissues_zeros_kept	0.421182	29	0.0228827	0.646872
ENSG00000167987	VPS37C	S1_all_tissues_zeros_kept	0.430542	29	0.0197297	0.658483
ENSG00000167994	RAB3IL1	S1_all_tissues_zeros_kept	0.352014	29	0.061108	0.537318
ENSG00000167996	FTH1	S1_all_tissues_zeros_kept	0.263547	29	0.167162	0.393916
ENSG00000168000	BSCL2	S1_all_tissues_zeros_kept	0.646636	29	0.000150573	0.8985
ENSG00000168002	POLR2G	S1_all_tissues_zeros_kept	-0.0206897	29	0.915164	0.0888175
ENSG00000168003	SLC3A2	S1_all_tissues_zeros_kept	0.550246	29	0.00198419	0.814139
ENSG00000168005	C11orf84	S1_all_tissues_zeros_kept	0.222991	29	0.244937	0.336375
ENSG00000168014	C2CD3	S1_all_tissues_zeros_kept	0.0830765	29	0.668328	0.165767
ENSG00000168016	TRANK1	S1_all_tissues_zeros_kept	0.542185	29	0.00237944	0.806127
ENSG00000168026	TTC21A	S1_all_tissues_zeros_kept	0.212114	29	0.269311	0.320266
ENSG00000168028	RPSA	S1_all_tissues_zeros_kept	0.313793	29	0.0973845	0.47365
ENSG00000168032	ENTPD3	S1_all_tissues_zeros_kept	0.547948	29	0.00209063	0.812039
ENSG00000168036	CTNNB1	S1_all_tissues_zeros_kept	0.0305419	29	0.875028	0.120865
ENSG00000168040	FADD	S1_all_tissues_zeros_kept	0.240729	29	0.208413	0.36114
ENSG00000168056	LTBP3	S1_all_tissues_zeros_kept	0.315764	29	0.0951881	0.477549
ENSG00000168061	SAC3D1	S1_all_tissues_zeros_kept	0.270371	29	0.156037	0.405184
ENSG00000168065	SLC22A11	S1_all_tissues_zeros_kept	0.455782	29	0.0129627	0.696615
ENSG00000168066	SF1	S1_all_tissues_zeros_kept	0.170936	29	0.375306	0.265596
ENSG00000168067	MAP4K2	S1_all_tissues_zeros_kept	0.0793494	29	0.682422	0.161997
ENSG00000168077	SCARA3	S1_all_tissues_zeros_kept	0.393872	29	0.0345089	0.599443
ENSG00000168090	COPS6	S1_all_tissues_zeros_kept	0.352709	29	0.0605632	0.538518
ENSG00000168092	PAFAH1B2	S1_all_tissues_zeros_kept	0.56337	29	0.00146174	0.82665
ENSG00000168096	ANKS3	S1_all_tissues_zeros_kept	0.376888	29	0.0438694	0.574679
ENSG00000168101	NUDT16L1	S1_all_tissues_zeros_kept	0.270936	29	0.155141	0.406298
ENSG00000168118	RAB4A	S1_all_tissues_zeros_kept	0.430841	29	0.019635	0.658698
ENSG00000168137	SETD5	S1_all_tissues_zeros_kept	0.0752344	29	0.698106	0.157883
ENSG00000168143	FAM83B	S1_all_tissues_zeros_kept	0.524407	29	0.00349744	0.783419
ENSG00000168159	RNF187	S1_all_tissues_zeros_kept	-0.18945	29	0.32497	0.0193231
ENSG00000168172	HOOK3	S1_all_tissues_zeros_kept	0.29803	29	0.116353	0.447558
ENSG00000168175	MAPK1IP1L	S1_all_tissues_zeros_kept	0.323153	29	0.0872836	0.492588
ENSG00000168214	RBPJ	S1_all_tissues_zeros_kept	0.0507389	29	0.793794	0.137104
ENSG00000168216	LMBRD1	S1_all_tissues_zeros_kept	0.151004	29	0.434267	0.241517
ENSG00000168228	ZCCHC4	S1_all_tissues_zeros_kept	0.137444	29	0.477092	0.225664
ENSG00000168234	TTC39C	S1_all_tissues_zeros_kept	0.707363	29	1.78046e-05	0.940831
ENSG00000168237	GLYCTK	S1_all_tissues_zeros_kept	0.540365	29	0.0024775	0.804584
ENSG00000168246	UBTD2	S1_all_tissues_zeros_kept	0.0940887	29	0.62734	0.177892
ENSG00000168255	POLR2J3	S1_all_tissues_zeros_kept	-0.0875841	29	0.651429	0.0507712
ENSG00000168256	NKIRAS2	S1_all_tissues_zeros_kept	-0.131527	29	0.496439	0.0347044
ENSG00000168259	DNAJC7	S1_all_tissues_zeros_kept	0.625123	29	0.00028825	0.880506
ENSG00000168264	IRF2BP2	S1_all_tissues_zeros_kept	0.683251	29	4.41119e-05	0.927464
ENSG00000168268	NT5DC2	S1_all_tissues_zeros_kept	0.523153	29	0.00359104	0.781791
ENSG00000168275	COA6	S1_all_tissues_zeros_kept	0.551724	29	0.00191826	0.815467
ENSG00000168280	KIF5C	S1_all_tissues_zeros_kept	0.53346	29	0.00288202	0.796272
ENSG00000168282	MGAT2	S1_all_tissues_zeros_kept	0.200031	29	0.298165	0.301671
ENSG00000168286	THAP11	S1_all_tissues_zeros_kept	0.17004	29	0.377851	0.264482
ENSG00000168288	MMADHC	S1_all_tissues_zeros_kept	-0.13294	29	0.491785	0.0342331
ENSG00000168291	PDHB	S1_all_tissues_zeros_kept	0.269951	29	0.156707	0.404499
ENSG00000168297	PXK	S1_all_tissues_zeros_kept	0.488177	29	0.00721629	0.739117
ENSG00000168298	HIST1H1E	S1_all_tissues_zeros_kept	0.0261866	29	0.892739	0.117866
ENSG00000168300	PCMTD1	S1_all_tissues_zeros_kept	0.553202	29	0.00185423	0.816838
ENSG00000168301	KCTD6	S1_all_tissues_zeros_kept	0.200926	29	0.295964	0.302528
ENSG00000168303	MPLKIP	S1_all_tissues_zeros_kept	-0.0308486	29	0.873783	0.0823907
ENSG00000168306	ACOX2	S1_all_tissues_zeros_kept	0.694089	29	2.96544e-05	0.933205
ENSG00000168309	FAM107A	S1_all_tissues_zeros_kept	0.719142	29	1.10572e-05	0.946487
ENSG00000168310	IRF2	S1_all_tissues_zeros_kept	0.617286	29	0.000360929	0.873308
ENSG00000168314	MOBP	S1_all_tissues_zeros_kept	0.5	29	0.00574571	0.753299
ENSG00000168334	XIRP1	S1_all_tissues_zeros_kept	0.188329	29	0.327894	0.286718
ENSG00000168374	ARF4	S1_all_tissues_zeros_kept	0.524631	29	0.00348101	0.783548
ENSG00000168385	SEPT2	S1_all_tissues_zeros_kept	0.493596	29	0.00650697	0.74563
ENSG00000168386	FILIP1L	S1_all_tissues_zeros_kept	0.552709	29	0.00187537	0.816281
ENSG00000168389	MFSD2A	S1_all_tissues_zeros_kept	0.530861	29	0.00304835	0.793873
ENSG00000168393	DTYMK	S1_all_tissues_zeros_kept	0.184305	29	0.338524	0.28162
ENSG00000168394	TAP1	S1_all_tissues_zeros_kept	0.66601	29	8.0282e-05	0.914953
ENSG00000168395	ING5	S1_all_tissues_zeros_kept	-0.0507216	29	0.793863	0.069623
ENSG00000168397	ATG4B	S1_all_tissues_zeros_kept	-0.131034	29	0.498068	0.0349186
ENSG00000168404	MLKL	S1_all_tissues_zeros_kept	0.384426	29	0.0394927	0.585304
ENSG00000168421	RHOH	S1_all_tissues_zeros_kept	0.61221	29	0.000416192	0.870394
ENSG00000168434	COG7	S1_all_tissues_zeros_kept	-0.0625616	29	0.747149	0.0641388
ENSG00000168438	CDC40	S1_all_tissues_zeros_kept	0.467488	29	0.0105563	0.712982
ENSG00000168439	STIP1	S1_all_tissues_zeros_kept	0.571921	29	0.00118965	0.833933
ENSG00000168454	TXNDC2	S1_all_tissues_zeros_kept	0.358094	29	0.0564728	0.545673
ENSG00000168461	RAB31	S1_all_tissues_zeros_kept	0.843842	29	8.92236e-09	0.990446
ENSG00000168476	REEP4	S1_all_tissues_zeros_kept	0.496797	29	0.00611647	0.749143
ENSG00000168481	LGI3	S1_all_tissues_zeros_kept	0.301034	29	0.112542	0.452913
ENSG00000168484	SFTPC	S1_all_tissues_zeros_kept	0.0174377	29	0.928461	0.111268
ENSG00000168487	BMP1	S1_all_tissues_zeros_kept	0.272963	29	0.151954	0.410069
ENSG00000168488	ATXN2L	S1_all_tissues_zeros_kept	0.207389	29	0.28037	0.312468
ENSG00000168495	POLR3D	S1_all_tissues_zeros_kept	-0.131297	29	0.4972	0.0348329
ENSG00000168496	FEN1	S1_all_tissues_zeros_kept	0.491626	29	0.00675774	0.743787
ENSG00000168497	SDPR	S1_all_tissues_zeros_kept	0.4867	29	0.00742073	0.737575
ENSG00000168522	FNTA	S1_all_tissues_zeros_kept	0.281843	29	0.138546	0.424036
ENSG00000168530	MYL1	S1_all_tissues_zeros_kept	0.279948	29	0.141333	0.421123
ENSG00000168538	TRAPPC11	S1_all_tissues_zeros_kept	-0.139919	29	0.469118	0.0317481
ENSG00000168539	CHRM1	S1_all_tissues_zeros_kept	0.194011	29	0.313239	0.293873
ENSG00000168556	ING2	S1_all_tissues_zeros_kept	0.484555	29	0.00772607	0.734919
ENSG00000168564	CDKN2AIP	S1_all_tissues_zeros_kept	0.373199	29	0.0461479	0.569494
ENSG00000168569	TMEM223	S1_all_tissues_zeros_kept	0.420988	29	0.0229523	0.644644
ENSG00000168575	SLC20A2	S1_all_tissues_zeros_kept	0.312808	29	0.0984969	0.472536
ENSG00000168589	DYNLRB2	S1_all_tissues_zeros_kept	0.406975	29	0.0284473	0.622922
ENSG00000168591	TMUB2	S1_all_tissues_zeros_kept	0.413317	29	0.025841	0.633333
ENSG00000168610	STAT3	S1_all_tissues_zeros_kept	0.693928	29	2.98334e-05	0.932991
ENSG00000168615	ADAM9	S1_all_tissues_zeros_kept	0.480296	29	0.0083641	0.729906
ENSG00000168631	DPCR1	S1_all_tissues_zeros_kept	0.309328	29	0.102503	0.465938
ENSG00000168653	NDUFS5	S1_all_tissues_zeros_kept	0.322167	29	0.0883077	0.490874
ENSG00000168658	VWA3B	S1_all_tissues_zeros_kept	0.0213916	29	0.912297	0.113925
ENSG00000168661	ZNF30	S1_all_tissues_zeros_kept	-0.258828	29	0.175176	0.0087832
ENSG00000168671	UGT3A2	S1_all_tissues_zeros_kept	-0.123439	29	0.523507	0.037575
ENSG00000168672	FAM84B	S1_all_tissues_zeros_kept	0.634483	29	0.000218605	0.88856
ENSG00000168675	LDLRAD4	S1_all_tissues_zeros_kept	0.317049	29	0.0937757	0.482476
ENSG00000168679	SLC16A4	S1_all_tissues_zeros_kept	0.376857	29	0.0438883	0.574507
ENSG00000168701	TMEM208	S1_all_tissues_zeros_kept	0.316267	29	0.0946332	0.480506
ENSG00000168702	LRP1B	S1_all_tissues_zeros_kept	0.271052	29	0.154956	0.406684
ENSG00000168703	WFDC12	S1_all_tissues_zeros_kept	-0.0357143	29	0.854072	0.0785775
ENSG00000168710	AHCYL1	S1_all_tissues_zeros_kept	0.740887	29	4.29945e-06	0.958997
ENSG00000168724	DNAJC21	S1_all_tissues_zeros_kept	0.516256	29	0.00414477	0.774207
ENSG00000168734	PKIG	S1_all_tissues_zeros_kept	0.25225	29	0.186795	0.37862
ENSG00000168748	CA7	S1_all_tissues_zeros_kept	0.807102	29	1.22686e-07	0.983248
ENSG00000168754	FAM178B	S1_all_tissues_zeros_kept	0.310316	29	0.101354	0.467566
ENSG00000168757	TSPY2	S1_all_tissues_zeros_kept	0.38564	29	0.0388218	0.587918
ENSG00000168758	SEMA4C	S1_all_tissues_zeros_kept	0.304471	29	0.108297	0.457969
ENSG00000168763	CNNM3	S1_all_tissues_zeros_kept	0.51133	29	0.00458361	0.768638
ENSG00000168765	GSTM4	S1_all_tissues_zeros_kept	0.414829	29	0.0252492	0.635133
ENSG00000168769	TET2	S1_all_tissues_zeros_kept	-0.00765287	29	0.968572	0.0953299
ENSG00000168781	PPIP5K1	S1_all_tissues_zeros_kept	0.398077	29	0.03246	0.607069
ENSG00000168785	TSPAN5	S1_all_tissues_zeros_kept	0.198308	29	0.302432	0.299015
ENSG00000168792	ABHD15	S1_all_tissues_zeros_kept	0.229229	29	0.231639	0.345458
ENSG00000168795	ZBTB5	S1_all_tissues_zeros_kept	0.179857	29	0.350512	0.275964
ENSG00000168802	CHTF8	S1_all_tissues_zeros_kept	0.0158025	29	0.935155	0.110411
ENSG00000168803	ADAL	S1_all_tissues_zeros_kept	0.44513	29	0.0155342	0.678706
ENSG00000168806	LCMT2	S1_all_tissues_zeros_kept	-0.31037	29	0.10129	0.0045844
ENSG00000168807	SNTB2	S1_all_tissues_zeros_kept	0.649754	29	0.00013648	0.901243
ENSG00000168813	ZNF507	S1_all_tissues_zeros_kept	0.302949	29	0.110162	0.455527
ENSG00000168818	STX18	S1_all_tissues_zeros_kept	0.425123	29	0.0215082	0.651414
ENSG00000168827	GFM1	S1_all_tissues_zeros_kept	0.680788	29	4.81676e-05	0.925621
ENSG00000168843	FSTL5	S1_all_tissues_zeros_kept	0.161617	29	0.402269	0.254284
ENSG00000168872	DDX19A	S1_all_tissues_zeros_kept	0.0231641	29	0.90506	0.115981
ENSG00000168876	ANKRD49	S1_all_tissues_zeros_kept	-0.0610134	29	0.753212	0.0647386
ENSG00000168878	SFTPB	S1_all_tissues_zeros_kept	-0.0202932	29	0.916784	0.0889032
ENSG00000168883	USP39	S1_all_tissues_zeros_kept	0.236236	29	0.217291	0.354199
ENSG00000168884	TNIP2	S1_all_tissues_zeros_kept	0.0704781	29	0.716386	0.154199
ENSG00000168887	C2orf68	S1_all_tissues_zeros_kept	-0.109234	29	0.572713	0.0422879
ENSG00000168894	RNF181	S1_all_tissues_zeros_kept	0.107882	29	0.577503	0.191945
ENSG00000168899	VAMP5	S1_all_tissues_zeros_kept	0.582091	29	0.00092434	0.843059
ENSG00000168903	BTNL3	S1_all_tissues_zeros_kept	0.289715	29	0.127398	0.435433
ENSG00000168904	LRRC28	S1_all_tissues_zeros_kept	0.417213	29	0.0243389	0.638346
ENSG00000168906	MAT2A	S1_all_tissues_zeros_kept	0.272906	29	0.152042	0.409769
ENSG00000168916	ZNF608	S1_all_tissues_zeros_kept	-0.0652667	29	0.736591	0.0625964
ENSG00000168917	SLC35G2	S1_all_tissues_zeros_kept	0.347595	29	0.0646593	0.531148
ENSG00000168918	INPP5D	S1_all_tissues_zeros_kept	0.873337	29	6.34755e-10	0.993359
ENSG00000168924	LETM1	S1_all_tissues_zeros_kept	0.496552	29	0.00614562	0.748929
ENSG00000168928	CTRB2	S1_all_tissues_zeros_kept	0.421901	29	0.0226269	0.647772
ENSG00000168936	TMEM129	S1_all_tissues_zeros_kept	-0.0493962	29	0.799139	0.0703942
ENSG00000168938	PPIC	S1_all_tissues_zeros_kept	0.467792	29	0.0104992	0.713496
ENSG00000168944	CEP120	S1_all_tissues_zeros_kept	0.32069	29	0.0898608	0.488518
ENSG00000168952	STXBP6	S1_all_tissues_zeros_kept	0.733971	29	5.86312e-06	0.956512
ENSG00000168958	MFF	S1_all_tissues_zeros_kept	0.527094	29	0.00330406	0.786418
ENSG00000168959	GRM5	S1_all_tissues_zeros_kept	0.335591	29	0.0751187	0.510711
ENSG00000168961	LGALS9	S1_all_tissues_zeros_kept	0.804926	29	1.40786e-07	0.982434
ENSG00000168970	JMJD7-PLA2G4B	S1_all_tissues_zeros_kept	0.365205	29	0.051407	0.558141
ENSG00000168993	CPLX1	S1_all_tissues_zeros_kept	0.415678	29	0.024922	0.636504
ENSG00000168994	PXDC1	S1_all_tissues_zeros_kept	0.282532	29	0.137543	0.424807
ENSG00000169006	NTSR2	S1_all_tissues_zeros_kept	1	29	0	0.997943
ENSG00000169018	FEM1B	S1_all_tissues_zeros_kept	-0.0490208	29	0.800635	0.0705656
ENSG00000169019	COMMD8	S1_all_tissues_zeros_kept	0.215764	29	0.260964	0.325793
ENSG00000169020	ATP5I	S1_all_tissues_zeros_kept	0.496059	29	0.00620463	0.748286
ENSG00000169021	UQCRFS1	S1_all_tissues_zeros_kept	0.660099	29	9.7724e-05	0.90994
ENSG00000169032	MAP2K1	S1_all_tissues_zeros_kept	0.305911	29	0.106554	0.460026
ENSG00000169035	KLK7	S1_all_tissues_zeros_kept	0.375672	29	0.0446101	0.572793
ENSG00000169045	HNRNPH1	S1_all_tissues_zeros_kept	0.571921	29	0.00118965	0.833933
ENSG00000169047	IRS1	S1_all_tissues_zeros_kept	0.672004	29	6.54804e-05	0.920351
ENSG00000169057	MECP2	S1_all_tissues_zeros_kept	0.226383	29	0.237647	0.341174
ENSG00000169064	ZBBX	S1_all_tissues_zeros_kept	0.266482	29	0.162311	0.3991
ENSG00000169071	ROR2	S1_all_tissues_zeros_kept	0.650937	29	0.000131446	0.901842
ENSG00000169084	DHRSX	S1_all_tissues_zeros_kept	0.0887903	29	0.646935	0.172793
ENSG00000169085	C8orf46	S1_all_tissues_zeros_kept	0.148472	29	0.442101	0.238989
ENSG00000169087	HSPBAP1	S1_all_tissues_zeros_kept	0.317102	29	0.0937181	0.482562
ENSG00000169093	ASMTL	S1_all_tissues_zeros_kept	0.268473	29	0.159077	0.402656
ENSG00000169100	SLC25A6	S1_all_tissues_zeros_kept	0.0206897	29	0.915164	0.113368
ENSG00000169105	CHST14	S1_all_tissues_zeros_kept	0.418227	29	0.0239601	0.640146
ENSG00000169116	PARM1	S1_all_tissues_zeros_kept	0.277204	29	0.145439	0.416153
ENSG00000169122	FAM110B	S1_all_tissues_zeros_kept	0.358476	29	0.0561909	0.546829
ENSG00000169126	ARMC4	S1_all_tissues_zeros_kept	0.405261	29	0.0291872	0.619666
ENSG00000169139	UBE2V2	S1_all_tissues_zeros_kept	0.200985	29	0.295817	0.303428
ENSG00000169155	ZBTB43	S1_all_tissues_zeros_kept	0.295387	29	0.119784	0.443145
ENSG00000169174	PCSK9	S1_all_tissues_zeros_kept	0.169957	29	0.378089	0.264396
ENSG00000169180	XPO6	S1_all_tissues_zeros_kept	-0.0142857	29	0.941368	0.0913453
ENSG00000169188	APEX2	S1_all_tissues_zeros_kept	0.234581	29	0.220625	0.352228
ENSG00000169189	NSMCE1	S1_all_tissues_zeros_kept	-0.000985222	29	0.995953	0.0986718
ENSG00000169193	CCDC126	S1_all_tissues_zeros_kept	0.245561	29	0.199147	0.367909
ENSG00000169217	CD2BP2	S1_all_tissues_zeros_kept	0.142857	29	0.459741	0.23162
ENSG00000169218	RSPO1	S1_all_tissues_zeros_kept	0.417915	29	0.0240761	0.639803
ENSG00000169220	RGS14	S1_all_tissues_zeros_kept	0.547048	29	0.00213364	0.81114
ENSG00000169221	TBC1D10B	S1_all_tissues_zeros_kept	0.519768	29	0.00385428	0.778706
ENSG00000169223	LMAN2	S1_all_tissues_zeros_kept	0.5109	29	0.00462371	0.768338
ENSG00000169228	RAB24	S1_all_tissues_zeros_kept	0.305911	29	0.106554	0.460026
ENSG00000169231	THBS3	S1_all_tissues_zeros_kept	0.680217	29	4.91547e-05	0.92515
ENSG00000169239	CA5B	S1_all_tissues_zeros_kept	0.316191	29	0.0947162	0.478449
ENSG00000169241	SLC50A1	S1_all_tissues_zeros_kept	-0.158114	29	0.41268	0.0271208
ENSG00000169242	EFNA1	S1_all_tissues_zeros_kept	0.128678	29	0.505894	0.216752
ENSG00000169247	SH3TC2	S1_all_tissues_zeros_kept	0.226064	29	0.238325	0.340746
ENSG00000169249	ZRSR2	S1_all_tissues_zeros_kept	-0.0269071	29	0.889806	0.0849614
ENSG00000169251	NMD3	S1_all_tissues_zeros_kept	0.210345	29	0.273418	0.317309
ENSG00000169252	ADRB2	S1_all_tissues_zeros_kept	0.0580241	29	0.764958	0.144259
ENSG00000169255	B3GALNT1	S1_all_tissues_zeros_kept	0.201647	29	0.294197	0.303899
ENSG00000169258	GPRIN1	S1_all_tissues_zeros_kept	0.139031	29	0.471971	0.228149
ENSG00000169271	HSPB3	S1_all_tissues_zeros_kept	0.263793	29	0.166752	0.394302
ENSG00000169288	MRPL1	S1_all_tissues_zeros_kept	0.35965	29	0.055332	0.549314
ENSG00000169291	SHE	S1_all_tissues_zeros_kept	0.356183	29	0.0578989	0.543316
ENSG00000169297	NR0B1	S1_all_tissues_zeros_kept	0.447402	29	0.0149528	0.683333
ENSG00000169299	PGM2	S1_all_tissues_zeros_kept	0.652709	29	0.000124214	0.903642
ENSG00000169302	STK32A	S1_all_tissues_zeros_kept	0.436869	29	0.0178079	0.666281
ENSG00000169306	IL1RAPL1	S1_all_tissues_zeros_kept	0.362421	29	0.0533456	0.554327
ENSG00000169313	P2RY12	S1_all_tissues_zeros_kept	-0.252551	29	0.186252	0.00921165
ENSG00000169314	C22orf15	S1_all_tissues_zeros_kept	0.340226	29	0.0709363	0.518123
ENSG00000169340	PDILT	S1_all_tissues_zeros_kept	-0.0963429	29	0.619076	0.0470865
ENSG00000169344	UMOD	S1_all_tissues_zeros_kept	0.322856	29	0.0875907	0.492245
ENSG00000169347	GP2	S1_all_tissues_zeros_kept	0.466417	29	0.0107596	0.710754
ENSG00000169359	SLC33A1	S1_all_tissues_zeros_kept	0.205911	29	0.283888	0.310368
ENSG00000169371	SNUPN	S1_all_tissues_zeros_kept	0.146305	29	0.448863	0.236375
ENSG00000169372	CRADD	S1_all_tissues_zeros_kept	0.499507	29	0.00580145	0.752356
ENSG00000169375	SIN3A	S1_all_tissues_zeros_kept	0.426601	29	0.0210106	0.653599
ENSG00000169379	ARL13B	S1_all_tissues_zeros_kept	0.209242	29	0.275998	0.315553
ENSG00000169397	RNASE3	S1_all_tissues_zeros_kept	-0.0605419	29	0.755061	0.0648243
ENSG00000169398	PTK2	S1_all_tissues_zeros_kept	0.414778	29	0.025269	0.635004
ENSG00000169402	RSPH10B2	S1_all_tissues_zeros_kept	0.643587	29	0.000165582	0.89593
ENSG00000169410	PTPN9	S1_all_tissues_zeros_kept	0.308374	29	0.103622	0.464653
ENSG00000169413	RNASE6	S1_all_tissues_zeros_kept	0.00657174	29	0.97301	0.103813
ENSG00000169439	SDC2	S1_all_tissues_zeros_kept	0.493103	29	0.00656891	0.744987
ENSG00000169446	MMGT1	S1_all_tissues_zeros_kept	-0.0866995	29	0.654732	0.0512853
ENSG00000169469	SPRR1B	S1_all_tissues_zeros_kept	0.526814	29	0.00332373	0.785818
ENSG00000169474	SPRR1A	S1_all_tissues_zeros_kept	0.54969	29	0.0020095	0.813496
ENSG00000169490	TM2D2	S1_all_tissues_zeros_kept	0.228848	29	0.232437	0.344944
ENSG00000169495	HTRA4	S1_all_tissues_zeros_kept	0.341747	29	0.0696036	0.520437
ENSG00000169499	PLEKHA2	S1_all_tissues_zeros_kept	0.537438	29	0.00264255	0.801628
ENSG00000169504	CLIC4	S1_all_tissues_zeros_kept	0.636946	29	0.000202955	0.89036
ENSG00000169519	METTL15	S1_all_tissues_zeros_kept	0.214778	29	0.2632	0.324507
ENSG00000169550	MUC15	S1_all_tissues_zeros_kept	0.582169	29	0.000922538	0.843231
ENSG00000169554	ZEB2	S1_all_tissues_zeros_kept	0.355172	29	0.0586643	0.542117
ENSG00000169564	PCBP1	S1_all_tissues_zeros_kept	0.0847291	29	0.662114	0.167909
ENSG00000169567	HINT1	S1_all_tissues_zeros_kept	0.217241	29	0.257632	0.327249
ENSG00000169570	DTWD2	S1_all_tissues_zeros_kept	0.133385	29	0.490322	0.221037
ENSG00000169583	CLIC3	S1_all_tissues_zeros_kept	0.72519	29	8.57805e-06	0.952999
ENSG00000169592	INO80E	S1_all_tissues_zeros_kept	0.0128237	29	0.94736	0.108269
ENSG00000169598	DFFB	S1_all_tissues_zeros_kept	0.575482	29	0.00109008	0.837147
ENSG00000169599	NFU1	S1_all_tissues_zeros_kept	0.482759	29	0.00798995	0.732948
ENSG00000169604	ANTXR1	S1_all_tissues_zeros_kept	0.585714	29	0.000843188	0.846058
ENSG00000169605	GKN1	S1_all_tissues_zeros_kept	0.212424	29	0.268594	0.321123
ENSG00000169609	C15orf40	S1_all_tissues_zeros_kept	-0.0576355	29	0.766489	0.0659383
ENSG00000169612	FAM103A1	S1_all_tissues_zeros_kept	0.203448	29	0.289814	0.306084
ENSG00000169621	APLF	S1_all_tissues_zeros_kept	0.190362	29	0.322604	0.289417
ENSG00000169627	BOLA2B	S1_all_tissues_zeros_kept	0.535961	29	0.00272943	0.799957
ENSG00000169629	RGPD8	S1_all_tissues_zeros_kept	0.270213	29	0.156289	0.405099
ENSG00000169641	LUZP1	S1_all_tissues_zeros_kept	0.326395	29	0.0839774	0.497001
ENSG00000169660	HEXDC	S1_all_tissues_zeros_kept	0.0411716	29	0.832066	0.130034
ENSG00000169682	SPNS1	S1_all_tissues_zeros_kept	0.280296	29	0.140818	0.421808
ENSG00000169683	LRRC45	S1_all_tissues_zeros_kept	0.0843813	29	0.66342	0.167224
ENSG00000169692	AGPAT2	S1_all_tissues_zeros_kept	0.397044	29	0.0329537	0.605056
ENSG00000169696	ASPSCR1	S1_all_tissues_zeros_kept	0.168473	29	0.382328	0.262296
ENSG00000169704	GP9	S1_all_tissues_zeros_kept	0.346581	29	0.0654962	0.52922
ENSG00000169714	CNBP	S1_all_tissues_zeros_kept	0.253202	29	0.185081	0.379949
ENSG00000169717	ACTRT2	S1_all_tissues_zeros_kept	0.598088	29	0.000611003	0.857541
ENSG00000169718	DUS1L	S1_all_tissues_zeros_kept	0.339581	29	0.0715069	0.516924
ENSG00000169727	GPS1	S1_all_tissues_zeros_kept	0.323645	29	0.086775	0.493188
ENSG00000169733	RFNG	S1_all_tissues_zeros_kept	0.0317507	29	0.870123	0.121979
ENSG00000169738	DCXR	S1_all_tissues_zeros_kept	0.618227	29	0.000351428	0.874122
ENSG00000169756	LIMS1	S1_all_tissues_zeros_kept	0.291626	29	0.124794	0.437446
ENSG00000169760	NLGN1	S1_all_tissues_zeros_kept	0.298923	29	0.11521	0.4494
ENSG00000169762	TAPT1	S1_all_tissues_zeros_kept	0.187192	29	0.330877	0.285219
ENSG00000169764	UGP2	S1_all_tissues_zeros_kept	0.553202	29	0.00185423	0.816838
ENSG00000169783	LINGO1	S1_all_tissues_zeros_kept	0.0476316	29	0.806178	0.134576
ENSG00000169800	RBMY1F	S1_all_tissues_zeros_kept	1	29	0	0.997943
ENSG00000169813	HNRNPF	S1_all_tissues_zeros_kept	0.765517	29	1.31073e-06	0.967909
ENSG00000169814	BTD	S1_all_tissues_zeros_kept	0.536027	29	0.00272549	0.800214
ENSG00000169826	CSGALNACT2	S1_all_tissues_zeros_kept	0.406111	29	0.0288182	0.621637
ENSG00000169851	PCDH7	S1_all_tissues_zeros_kept	0.670853	29	6.81183e-05	0.919237
ENSG00000169856	ONECUT1	S1_all_tissues_zeros_kept	0.502764	29	0.00544136	0.757455
ENSG00000169857	AVEN	S1_all_tissues_zeros_kept	0.127094	29	0.51119	0.214867
ENSG00000169862	CTNND2	S1_all_tissues_zeros_kept	0.471637	29	0.00979876	0.717266
ENSG00000169871	TRIM56	S1_all_tissues_zeros_kept	0.106417	29	0.582711	0.190617
ENSG00000169876	MUC17	S1_all_tissues_zeros_kept	0.444524	29	0.0156923	0.677935
ENSG00000169877	AHSP	S1_all_tissues_zeros_kept	0.235761	29	0.218243	0.353428
ENSG00000169884	WNT10B	S1_all_tissues_zeros_kept	-0.104609	29	0.589169	0.0441731
ENSG00000169891	REPS2	S1_all_tissues_zeros_kept	0.822199	29	4.49254e-08	0.986418
ENSG00000169894	MUC3A	S1_all_tissues_zeros_kept	0.572158	29	0.0011828	0.834147
ENSG00000169895	SYAP1	S1_all_tissues_zeros_kept	0.681773	29	4.6507e-05	0.926135
ENSG00000169902	TPST1	S1_all_tissues_zeros_kept	0.416277	29	0.0246933	0.637147
ENSG00000169903	TM4SF4	S1_all_tissues_zeros_kept	0.666941	29	7.78024e-05	0.915638
ENSG00000169905	TOR1AIP2	S1_all_tissues_zeros_kept	0.510654	29	0.00464683	0.767909
ENSG00000169906	S100G	S1_all_tissues_zeros_kept	1	29	0	0.997943
ENSG00000169914	OTUD3	S1_all_tissues_zeros_kept	-0.0456585	29	0.814065	0.0722793
ENSG00000169918	OTUD7A	S1_all_tissues_zeros_kept	0.30837	29	0.103627	0.464396
ENSG00000169919	GUSB	S1_all_tissues_zeros_kept	0.522167	29	0.00366603	0.780977
ENSG00000169925	BRD3	S1_all_tissues_zeros_kept	-0.0334975	29	0.863042	0.0804199
ENSG00000169926	KLF13	S1_all_tissues_zeros_kept	0.290533	29	0.126279	0.436461
ENSG00000169957	ZNF768	S1_all_tissues_zeros_kept	0.090615	29	0.64016	0.174507
ENSG00000169964	TMEM42	S1_all_tissues_zeros_kept	0.271086	29	0.154903	0.406984
ENSG00000169967	MAP3K2	S1_all_tissues_zeros_kept	-0.00147783	29	0.99393	0.0985004
ENSG00000169972	PUSL1	S1_all_tissues_zeros_kept	-0.0565014	29	0.770961	0.0661954
ENSG00000169976	SF3B5	S1_all_tissues_zeros_kept	0.197537	29	0.304353	0.297686
ENSG00000169994	MYO7B	S1_all_tissues_zeros_kept	0.577837	29	0.00102827	0.838946
ENSG00000170004	CHD3	S1_all_tissues_zeros_kept	0.330049	29	0.0803663	0.501971
ENSG00000170011	MYRIP	S1_all_tissues_zeros_kept	0.628854	29	0.000258441	0.884533
ENSG00000170017	ALCAM	S1_all_tissues_zeros_kept	0.826601	29	3.29275e-08	0.987489
ENSG00000170027	YWHAG	S1_all_tissues_zeros_kept	0.486207	29	0.00748995	0.736975
ENSG00000170035	UBE2E3	S1_all_tissues_zeros_kept	0.258008	29	0.176596	0.38659
ENSG00000170037	CNTROB	S1_all_tissues_zeros_kept	0.447647	29	0.0148912	0.683505
ENSG00000170043	TRAPPC1	S1_all_tissues_zeros_kept	0.287685	29	0.130208	0.432605
ENSG00000170075	GPR37L1	S1_all_tissues_zeros_kept	0.527335	29	0.00328714	0.787832
ENSG00000170085	SIMC1	S1_all_tissues_zeros_kept	0.385308	29	0.0390044	0.586932
ENSG00000170088	TMEM192	S1_all_tissues_zeros_kept	0.521739	29	0.00369905	0.780677
ENSG00000170091	HMP19	S1_all_tissues_zeros_kept	0.38564	29	0.0388218	0.587918
ENSG00000170099	SERPINA6	S1_all_tissues_zeros_kept	0.0334591	29	0.863198	0.12335
ENSG00000170113	NIPA1	S1_all_tissues_zeros_kept	0.43004	29	0.0198891	0.657969
ENSG00000170142	UBE2E1	S1_all_tissues_zeros_kept	-0.170218	29	0.377345	0.0243787
ENSG00000170144	HNRNPA3	S1_all_tissues_zeros_kept	0.535468	29	0.00275893	0.799015
ENSG00000170145	SIK2	S1_all_tissues_zeros_kept	0.3932	29	0.0348457	0.598329
ENSG00000170180	GYPA	S1_all_tissues_zeros_kept	0.230612	29	0.22876	0.347772
ENSG00000170185	USP38	S1_all_tissues_zeros_kept	0.353087	29	0.0602686	0.53886
ENSG00000170191	NANP	S1_all_tissues_zeros_kept	0.0337646	29	0.86196	0.124122
ENSG00000170222	ADPRM	S1_all_tissues_zeros_kept	0.00270366	29	0.988894	0.101243
ENSG00000170231	FABP6	S1_all_tissues_zeros_kept	0.464737	29	0.0110851	0.708612
ENSG00000170234	PWWP2A	S1_all_tissues_zeros_kept	0.234656	29	0.220472	0.352314
ENSG00000170242	USP47	S1_all_tissues_zeros_kept	0.0955665	29	0.621917	0.179434
ENSG00000170248	PDCD6IP	S1_all_tissues_zeros_kept	0.566995	29	0.00134043	0.830034
ENSG00000170265	ZNF282	S1_all_tissues_zeros_kept	0.221961	29	0.247182	0.334833
ENSG00000170266	GLB1	S1_all_tissues_zeros_kept	0.559113	29	0.00161626	0.823565
ENSG00000170270	C14orf142	S1_all_tissues_zeros_kept	0.0413793	29	0.831231	0.13012
ENSG00000170275	CRTAP	S1_all_tissues_zeros_kept	0.310345	29	0.10132	0.467823
ENSG00000170291	ELP5	S1_all_tissues_zeros_kept	-0.062069	29	0.749076	0.0643959
ENSG00000170293	CMTM8	S1_all_tissues_zeros_kept	0.177437	29	0.357138	0.273565
ENSG00000170296	GABARAP	S1_all_tissues_zeros_kept	0.0655172	29	0.735616	0.150643
ENSG00000170298	LGALS9B	S1_all_tissues_zeros_kept	0.346489	29	0.0655723	0.528835
ENSG00000170310	STX8	S1_all_tissues_zeros_kept	0.420197	29	0.0232373	0.643231
ENSG00000170312	CDK1	S1_all_tissues_zeros_kept	0.682615	29	4.51299e-05	0.926778
ENSG00000170322	NFRKB	S1_all_tissues_zeros_kept	0.0650246	29	0.737534	0.150043
ENSG00000170323	FABP4	S1_all_tissues_zeros_kept	0.722031	29	9.80237e-06	0.951028
ENSG00000170325	PRDM10	S1_all_tissues_zeros_kept	0.499938	29	0.00575265	0.752828
ENSG00000170340	B3GNT2	S1_all_tissues_zeros_kept	0.358077	29	0.0564856	0.545458
ENSG00000170345	FOS	S1_all_tissues_zeros_kept	0.395545	29	0.0336818	0.601414
ENSG00000170348	TMED10	S1_all_tissues_zeros_kept	0.415271	29	0.0250786	0.63599
ENSG00000170364	SETMAR	S1_all_tissues_zeros_kept	0.269951	29	0.156707	0.404499
ENSG00000170365	SMAD1	S1_all_tissues_zeros_kept	0.305911	29	0.106554	0.460026
ENSG00000170367	CST5	S1_all_tissues_zeros_kept	0.327425	29	0.0829473	0.498158
ENSG00000170369	CST2	S1_all_tissues_zeros_kept	0.473348	29	0.00949997	0.719237
ENSG00000170370	EMX2	S1_all_tissues_zeros_kept	0.259929	29	0.173283	0.388989
ENSG00000170373	CST1	S1_all_tissues_zeros_kept	0.48771	29	0.00728047	0.738603
ENSG00000170379	TCAF2	S1_all_tissues_zeros_kept	0.350889	29	0.0619971	0.535775
ENSG00000170385	SLC30A1	S1_all_tissues_zeros_kept	0.740887	29	4.29945e-06	0.958997
ENSG00000170390	DCLK2	S1_all_tissues_zeros_kept	0.367874	29	0.0496012	0.561482
ENSG00000170417	TMEM182	S1_all_tissues_zeros_kept	0.425634	29	0.0213351	0.652314
ENSG00000170419	VSTM2A	S1_all_tissues_zeros_kept	0.451866	29	0.0138632	0.689931
ENSG00000170423	KRT78	S1_all_tissues_zeros_kept	0.424437	29	0.0217427	0.650171
ENSG00000170426	SDR9C7	S1_all_tissues_zeros_kept	0.474762	29	0.00925878	0.721208
ENSG00000170430	MGMT	S1_all_tissues_zeros_kept	0.310837	29	0.10075	0.46868
ENSG00000170439	METTL7B	S1_all_tissues_zeros_kept	0.746112	29	3.3793e-06	0.961054
ENSG00000170445	HARS	S1_all_tissues_zeros_kept	0.224631	29	0.241395	0.338732
ENSG00000170448	NFXL1	S1_all_tissues_zeros_kept	0.256777	29	0.178743	0.384919
ENSG00000170456	DENND5B	S1_all_tissues_zeros_kept	0.366602	29	0.0504556	0.559854
ENSG00000170458	CD14	S1_all_tissues_zeros_kept	0.565025	29	0.00140524	0.828192
ENSG00000170465	KRT6C	S1_all_tissues_zeros_kept	0.465842	29	0.01087	0.710069
ENSG00000170468	C14orf169	S1_all_tissues_zeros_kept	0.515581	29	0.00420273	0.773265
ENSG00000170471	RALGAPB	S1_all_tissues_zeros_kept	0.257635	29	0.177244	0.385904
ENSG00000170473	PYM1	S1_all_tissues_zeros_kept	0.29803	29	0.116353	0.447558
ENSG00000170477	KRT4	S1_all_tissues_zeros_kept	0.205211	29	0.285565	0.309212
ENSG00000170482	SLC23A1	S1_all_tissues_zeros_kept	0.66468	29	8.39428e-05	0.91401
ENSG00000170486	KRT72	S1_all_tissues_zeros_kept	-0.0542196	29	0.779981	0.0666238
ENSG00000170498	KISS1	S1_all_tissues_zeros_kept	0.400892	29	0.0311439	0.612296
ENSG00000170502	NUDT9	S1_all_tissues_zeros_kept	0.447592	29	0.014905	0.683419
ENSG00000170509	HSD17B13	S1_all_tissues_zeros_kept	0.298193	29	0.116144	0.448372
ENSG00000170515	PA2G4	S1_all_tissues_zeros_kept	0.166995	29	0.386577	0.260497
ENSG00000170522	ELOVL6	S1_all_tissues_zeros_kept	0.210026	29	0.274163	0.316667
ENSG00000170525	PFKFB3	S1_all_tissues_zeros_kept	0.168247	29	0.382975	0.261782
ENSG00000170542	SERPINB9	S1_all_tissues_zeros_kept	0.663136	29	8.83816e-05	0.912296
ENSG00000170558	CDH2	S1_all_tissues_zeros_kept	0.885968	29	1.66094e-10	0.99413
ENSG00000170571	EMB	S1_all_tissues_zeros_kept	0.773336	29	8.7226e-07	0.970908
ENSG00000170579	DLGAP1	S1_all_tissues_zeros_kept	0.310677	29	0.100935	0.468423
ENSG00000170581	STAT2	S1_all_tissues_zeros_kept	0.318719	29	0.0919639	0.486161
ENSG00000170584	NUDCD2	S1_all_tissues_zeros_kept	-0.176847	29	0.358764	0.0230934
ENSG00000170604	IRF2BP1	S1_all_tissues_zeros_kept	-0.0285714	29	0.883034	0.083976
ENSG00000170606	HSPA4	S1_all_tissues_zeros_kept	0.516749	29	0.00410293	0.775064
ENSG00000170608	FOXA3	S1_all_tissues_zeros_kept	0.319613	29	0.0910051	0.486932
ENSG00000170619	COMMD5	S1_all_tissues_zeros_kept	-0.0704433	29	0.71652	0.0595973
ENSG00000170627	GTSF1	S1_all_tissues_zeros_kept	0.295609	29	0.119492	0.443745
ENSG00000170632	ARMC10	S1_all_tissues_zeros_kept	0.317734	29	0.0930293	0.484105
ENSG00000170633	RNF34	S1_all_tissues_zeros_kept	0.368388	29	0.0492588	0.562168
ENSG00000170634	ACYP2	S1_all_tissues_zeros_kept	0.616256	29	0.000371586	0.872579
ENSG00000170638	TRABD	S1_all_tissues_zeros_kept	-0.0936191	29	0.629066	0.0482434
ENSG00000170653	ATF7	S1_all_tissues_zeros_kept	-0.0463054	29	0.811477	0.0717652
ENSG00000170677	SOCS6	S1_all_tissues_zeros_kept	0.373383	29	0.0460321	0.56988
ENSG00000170681	MURC	S1_all_tissues_zeros_kept	0.297957	29	0.116446	0.446744
ENSG00000170703	TTLL6	S1_all_tissues_zeros_kept	0.315871	29	0.0950692	0.478021
ENSG00000170748	RBMXL2	S1_all_tissues_zeros_kept	0.401386	29	0.0309172	0.613368
ENSG00000170759	KIF5B	S1_all_tissues_zeros_kept	0.62266	29	0.000309556	0.87862
ENSG00000170776	AKAP13	S1_all_tissues_zeros_kept	0.383744	29	0.0398737	0.584319
ENSG00000170786	SDR16C5	S1_all_tissues_zeros_kept	0.324489	29	0.0859093	0.494045
ENSG00000170788	DYDC1	S1_all_tissues_zeros_kept	0.461735	29	0.0116874	0.704284
ENSG00000170791	CHCHD7	S1_all_tissues_zeros_kept	0.438916	29	0.0172203	0.669109
ENSG00000170807	LMOD2	S1_all_tissues_zeros_kept	0.36141	29	0.0540638	0.552442
ENSG00000170832	USP32	S1_all_tissues_zeros_kept	0.501786	29	0.00554744	0.756255
ENSG00000170835	CEL	S1_all_tissues_zeros_kept	0.409313	29	0.0274628	0.626178
ENSG00000170848	PSG6	S1_all_tissues_zeros_kept	0.362421	29	0.0533456	0.554327
ENSG00000170852	KBTBD2	S1_all_tissues_zeros_kept	0.221784	29	0.247567	0.334747
ENSG00000170854	MINA	S1_all_tissues_zeros_kept	0.407882	29	0.0280621	0.62455
ENSG00000170855	TRIAP1	S1_all_tissues_zeros_kept	0.108867	29	0.574011	0.19353
ENSG00000170860	LSM3	S1_all_tissues_zeros_kept	0.156423	29	0.417758	0.248115
ENSG00000170871	KIAA0232	S1_all_tissues_zeros_kept	0.332129	29	0.0783647	0.50587
ENSG00000170873	MTSS1	S1_all_tissues_zeros_kept	0.547291	29	0.00212196	0.81144
ENSG00000170876	TMEM43	S1_all_tissues_zeros_kept	0.595567	29	0.000653141	0.853942
ENSG00000170881	RNF139	S1_all_tissues_zeros_kept	-0.0139859	29	0.942596	0.0915596
ENSG00000170889	RPS9	S1_all_tissues_zeros_kept	0.312808	29	0.0984969	0.472536
ENSG00000170890	PLA2G1B	S1_all_tissues_zeros_kept	0.252101	29	0.187063	0.378021
ENSG00000170892	TSEN34	S1_all_tissues_zeros_kept	0.224138	29	0.242455	0.338089
ENSG00000170899	GSTA4	S1_all_tissues_zeros_kept	0.554131	29	0.00181493	0.817952
ENSG00000170903	MSANTD4	S1_all_tissues_zeros_kept	-0.131862	29	0.495333	0.0345758
ENSG00000170906	NDUFA3	S1_all_tissues_zeros_kept	0.425915	29	0.0212406	0.652699
ENSG00000170909	OSCAR	S1_all_tissues_zeros_kept	0.413037	29	0.0259521	0.632605
ENSG00000170917	NUDT6	S1_all_tissues_zeros_kept	0.720833	29	1.03062e-05	0.950171
ENSG00000170921	TANC2	S1_all_tissues_zeros_kept	0.364331	29	0.0520098	0.556941
ENSG00000170950	PGK2	S1_all_tissues_zeros_kept	0.316618	29	0.0942474	0.481491
ENSG00000170955	PRKCDBP	S1_all_tissues_zeros_kept	0.241027	29	0.207834	0.36174
ENSG00000170956	CEACAM3	S1_all_tissues_zeros_kept	-0.0640809	29	0.741214	0.0633248
ENSG00000170959	DCDC1	S1_all_tissues_zeros_kept	0.281242	29	0.139425	0.423093
ENSG00000170989	S1PR1	S1_all_tissues_zeros_kept	0.422682	29	0.0223515	0.648757
ENSG00000171017	LRRC8E	S1_all_tissues_zeros_kept	0.578421	29	0.00101342	0.839803
ENSG00000171033	PKIA	S1_all_tissues_zeros_kept	0.358976	29	0.0558244	0.548115
ENSG00000171051	FPR1	S1_all_tissues_zeros_kept	0.426225	29	0.0211363	0.653085
ENSG00000171055	FEZ2	S1_all_tissues_zeros_kept	0.393588	29	0.0346507	0.599015
ENSG00000171094	ALK	S1_all_tissues_zeros_kept	-0.0236739	29	0.902981	0.0865039
ENSG00000171097	CCBL1	S1_all_tissues_zeros_kept	0.377033	29	0.0437817	0.574764
ENSG00000171100	MTM1	S1_all_tissues_zeros_kept	0.063062	29	0.745193	0.1488
ENSG00000171102	OBP2B	S1_all_tissues_zeros_kept	0.528725	29	0.00319118	0.791302
ENSG00000171103	TRMT61B	S1_all_tissues_zeros_kept	0.408374	29	0.0278547	0.625321
ENSG00000171105	INSR	S1_all_tissues_zeros_kept	0.471429	29	0.00983568	0.716967
ENSG00000171109	MFN1	S1_all_tissues_zeros_kept	0.0586207	29	0.762609	0.144944
ENSG00000171115	GIMAP8	S1_all_tissues_zeros_kept	0.75665	29	2.04235e-06	0.96521
ENSG00000171132	PRKCE	S1_all_tissues_zeros_kept	0.0763547	29	0.693824	0.15904
ENSG00000171135	JAGN1	S1_all_tissues_zeros_kept	0.238916	29	0.211965	0.358055
ENSG00000171148	TADA3	S1_all_tissues_zeros_kept	0.0881773	29	0.649217	0.172022
ENSG00000171155	C1GALT1C1	S1_all_tissues_zeros_kept	0.217269	29	0.257571	0.327378
ENSG00000171159	C9orf16	S1_all_tissues_zeros_kept	0.230432	29	0.229133	0.347258
ENSG00000171160	MORN4	S1_all_tissues_zeros_kept	0.294366	29	0.121129	0.441731
ENSG00000171161	ZNF672	S1_all_tissues_zeros_kept	0.264823	29	0.165041	0.39593
ENSG00000171195	MUC7	S1_all_tissues_zeros_kept	0.148472	29	0.442101	0.238989
ENSG00000171201	SMR3B	S1_all_tissues_zeros_kept	0.3344	29	0.0762236	0.509126
ENSG00000171202	TMEM126A	S1_all_tissues_zeros_kept	0.619704	29	0.000336948	0.875793
ENSG00000171204	TMEM126B	S1_all_tissues_zeros_kept	0.204192	29	0.288015	0.307498
ENSG00000171206	TRIM8	S1_all_tissues_zeros_kept	0.19619	29	0.30773	0.296358
ENSG00000171219	CDC42BPG	S1_all_tissues_zeros_kept	0.547832	29	0.00209614	0.811954
ENSG00000171222	SCAND1	S1_all_tissues_zeros_kept	-0.180947	29	0.34755	0.0219794
ENSG00000171223	JUNB	S1_all_tissues_zeros_kept	0.40759	29	0.0281856	0.624207
ENSG00000171224	C10orf35	S1_all_tissues_zeros_kept	0.239376	29	0.211061	0.358569
ENSG00000171234	UGT2B7	S1_all_tissues_zeros_kept	0.307126	29	0.1051	0.462511
ENSG00000171236	LRG1	S1_all_tissues_zeros_kept	0.106776	29	0.581434	0.190874
ENSG00000171246	NPTX1	S1_all_tissues_zeros_kept	0.377573	29	0.0434563	0.575878
ENSG00000171262	FAM98B	S1_all_tissues_zeros_kept	0.203966	29	0.288561	0.307241
ENSG00000171298	GAA	S1_all_tissues_zeros_kept	0.473892	29	0.00940663	0.72018
ENSG00000171302	CANT1	S1_all_tissues_zeros_kept	0.622167	29	0.000313981	0.878063
ENSG00000171303	KCNK3	S1_all_tissues_zeros_kept	0.124913	29	0.518522	0.211782
ENSG00000171310	CHST11	S1_all_tissues_zeros_kept	0.245069	29	0.200078	0.366881
ENSG00000171311	EXOSC1	S1_all_tissues_zeros_kept	0.125123	29	0.517814	0.212339
ENSG00000171314	PGAM1	S1_all_tissues_zeros_kept	0.610837	29	0.000432365	0.869409
ENSG00000171316	CHD7	S1_all_tissues_zeros_kept	0.0647234	29	0.738708	0.149829
ENSG00000171345	KRT19	S1_all_tissues_zeros_kept	0.427101	29	0.0208443	0.654542
ENSG00000171346	KRT15	S1_all_tissues_zeros_kept	0.277996	29	0.144245	0.417781
ENSG00000171357	LURAP1	S1_all_tissues_zeros_kept	0.22329	29	0.244289	0.337575
ENSG00000171365	CLCN5	S1_all_tissues_zeros_kept	0.276465	29	0.146559	0.415124
ENSG00000171385	KCND3	S1_all_tissues_zeros_kept	0.615002	29	0.000384942	0.871851
ENSG00000171401	KRT13	S1_all_tissues_zeros_kept	0.347649	29	0.0646144	0.53132
ENSG00000171425	ZNF581	S1_all_tissues_zeros_kept	0.0824541	29	0.670674	0.165167
ENSG00000171428	NAT1	S1_all_tissues_zeros_kept	0.398026	29	0.0324841	0.606384
ENSG00000171431	KRT20	S1_all_tissues_zeros_kept	0.731564	29	6.51691e-06	0.955227
ENSG00000171435	KSR2	S1_all_tissues_zeros_kept	0.38564	29	0.0388218	0.587918
ENSG00000171453	POLR1C	S1_all_tissues_zeros_kept	0.457143	29	0.0126613	0.698115
ENSG00000171467	ZNF318	S1_all_tissues_zeros_kept	0.184236	29	0.338706	0.281234
ENSG00000171475	WIPF2	S1_all_tissues_zeros_kept	0.376355	29	0.0441931	0.573907
ENSG00000171476	HOPX	S1_all_tissues_zeros_kept	0.27406	29	0.150248	0.411097
ENSG00000171478	SPACA5B	S1_all_tissues_zeros_kept	0.598088	29	0.000611003	0.857541
ENSG00000171488	LRRC8C	S1_all_tissues_zeros_kept	0.577904	29	0.00102656	0.83916
ENSG00000171490	RSL1D1	S1_all_tissues_zeros_kept	0.357635	29	0.0568125	0.54503
ENSG00000171492	LRRC8D	S1_all_tissues_zeros_kept	0.453695	29	0.0134364	0.693359
ENSG00000171497	PPID	S1_all_tissues_zeros_kept	0.294089	29	0.121496	0.441217
ENSG00000171503	ETFDH	S1_all_tissues_zeros_kept	0.724631	29	8.78416e-06	0.952785
ENSG00000171530	TBCA	S1_all_tissues_zeros_kept	0.249261	29	0.192246	0.373736
ENSG00000171532	NEUROD2	S1_all_tissues_zeros_kept	1	29	0	0.997943
ENSG00000171552	BCL2L1	S1_all_tissues_zeros_kept	0.28867	29	0.128839	0.434147
ENSG00000171557	FGG	S1_all_tissues_zeros_kept	0.164169	29	0.394779	0.257112
ENSG00000171560	FGA	S1_all_tissues_zeros_kept	-0.0403465	29	0.835385	0.0763068
ENSG00000171564	FGB	S1_all_tissues_zeros_kept	0.0885101	29	0.647978	0.172622
ENSG00000171566	PLRG1	S1_all_tissues_zeros_kept	0.427094	29	0.0208468	0.654242
ENSG00000171595	DNAI2	S1_all_tissues_zeros_kept	0.384554	29	0.0394213	0.585561
ENSG00000171603	CLSTN1	S1_all_tissues_zeros_kept	0.725616	29	8.42389e-06	0.953128
ENSG00000171604	CXXC5	S1_all_tissues_zeros_kept	0.104708	29	0.588813	0.188218
ENSG00000171621	SPSB1	S1_all_tissues_zeros_kept	-0.163667	29	0.396244	0.0253213
ENSG00000171634	BPTF	S1_all_tissues_zeros_kept	0.134483	29	0.486726	0.222065
ENSG00000171681	ATF7IP	S1_all_tissues_zeros_kept	0.298313	29	0.11599	0.448543
ENSG00000171700	RGS19	S1_all_tissues_zeros_kept	0.538215	29	0.00259784	0.802614
ENSG00000171703	TCEA2	S1_all_tissues_zeros_kept	0.027634	29	0.886847	0.119152
ENSG00000171720	HDAC3	S1_all_tissues_zeros_kept	0.0527094	29	0.785967	0.138989
ENSG00000171723	GPHN	S1_all_tissues_zeros_kept	0.594408	29	0.000673337	0.852742
ENSG00000171729	TMEM51	S1_all_tissues_zeros_kept	0.156993	29	0.416042	0.249143
ENSG00000171747	LGALS4	S1_all_tissues_zeros_kept	0.715192	29	1.30059e-05	0.944259
ENSG00000171757	LRRC34	S1_all_tissues_zeros_kept	0.706622	29	1.83318e-05	0.940274
ENSG00000171759	PAH	S1_all_tissues_zeros_kept	0.45602	29	0.0129094	0.696872
ENSG00000171763	SPATA5L1	S1_all_tissues_zeros_kept	0.177115	29	0.358024	0.273008
ENSG00000171766	GATM	S1_all_tissues_zeros_kept	0.859113	29	2.44562e-09	0.992331
ENSG00000171772	SYCE1	S1_all_tissues_zeros_kept	0.261863	29	0.169992	0.391902
ENSG00000171777	RASGRP4	S1_all_tissues_zeros_kept	0.235948	29	0.217869	0.353599
ENSG00000171791	BCL2	S1_all_tissues_zeros_kept	0.623583	29	0.000301416	0.879049
ENSG00000171793	CTPS1	S1_all_tissues_zeros_kept	0.589163	29	0.000771802	0.848886
ENSG00000171798	KNDC1	S1_all_tissues_zeros_kept	0.242793	29	0.20442	0.363882
ENSG00000171806	METTL18	S1_all_tissues_zeros_kept	0.281085	29	0.139656	0.422922
ENSG00000171811	CFAP46	S1_all_tissues_zeros_kept	0.234181	29	0.221434	0.351971
ENSG00000171812	COL8A2	S1_all_tissues_zeros_kept	0.262255	29	0.16933	0.392759
ENSG00000171813	PWWP2B	S1_all_tissues_zeros_kept	0.15008	29	0.437116	0.240831
ENSG00000171819	ANGPTL7	S1_all_tissues_zeros_kept	-0.0446037	29	0.818289	0.0730506
ENSG00000171824	EXOSC10	S1_all_tissues_zeros_kept	0.424631	29	0.0216762	0.650386
ENSG00000171843	MLLT3	S1_all_tissues_zeros_kept	0.0242754	29	0.900528	0.116752
ENSG00000171853	TRAPPC12	S1_all_tissues_zeros_kept	0.00492611	29	0.979767	0.102571
ENSG00000171858	RPS21	S1_all_tissues_zeros_kept	0.396552	29	0.0331914	0.603642
ENSG00000171860	C3AR1	S1_all_tissues_zeros_kept	0.467289	29	0.0105937	0.712382
ENSG00000171861	RNMTL1	S1_all_tissues_zeros_kept	0.432972	29	0.0189723	0.661997
ENSG00000171863	RPS7	S1_all_tissues_zeros_kept	0.351232	29	0.0617253	0.53629
ENSG00000171864	PRND	S1_all_tissues_zeros_kept	0.573009	29	0.00115842	0.834833
ENSG00000171865	RNASEH1	S1_all_tissues_zeros_kept	0.398079	29	0.0324591	0.607198
ENSG00000171867	PRNP	S1_all_tissues_zeros_kept	0.314778	29	0.0962815	0.475493
ENSG00000171877	FRMD5	S1_all_tissues_zeros_kept	0.398124	29	0.0324375	0.607326
ENSG00000171885	AQP4	S1_all_tissues_zeros_kept	0.324716	29	0.0856771	0.494387
ENSG00000171903	CYP4F11	S1_all_tissues_zeros_kept	0.371493	29	0.0472326	0.56671
ENSG00000171928	TVP23B	S1_all_tissues_zeros_kept	0.203056	29	0.290765	0.30587
ENSG00000171940	ZNF217	S1_all_tissues_zeros_kept	0.500987	29	0.00563545	0.75497
ENSG00000171951	SCG2	S1_all_tissues_zeros_kept	0.773706	29	8.55251e-07	0.970994
ENSG00000171953	ATPAF2	S1_all_tissues_zeros_kept	0.165538	29	0.390794	0.258698
ENSG00000171960	PPIH	S1_all_tissues_zeros_kept	0.430841	29	0.019635	0.658698
ENSG00000171962	DRC3	S1_all_tissues_zeros_kept	0.173549	29	0.367939	0.269109
ENSG00000171984	C20orf196	S1_all_tissues_zeros_kept	-0.10167	29	0.599731	0.0451157
ENSG00000171988	JMJD1C	S1_all_tissues_zeros_kept	0.380296	29	0.0418453	0.57922
ENSG00000171989	LDHAL6B	S1_all_tissues_zeros_kept	0.527335	29	0.00328714	0.787832
ENSG00000171992	SYNPO	S1_all_tissues_zeros_kept	0.451724	29	0.0138968	0.689374
ENSG00000172007	RAB33B	S1_all_tissues_zeros_kept	-0.238651	29	0.212488	0.010497
ENSG00000172009	THOP1	S1_all_tissues_zeros_kept	0.468473	29	0.0103721	0.714139
ENSG00000172016	REG3A	S1_all_tissues_zeros_kept	0.59784	29	0.000615032	0.855913
ENSG00000172020	GAP43	S1_all_tissues_zeros_kept	0.621526	29	0.000319825	0.877421
ENSG00000172023	REG1B	S1_all_tissues_zeros_kept	0.256886	29	0.178552	0.385047
ENSG00000172031	EPHX4	S1_all_tissues_zeros_kept	0.407869	29	0.0280676	0.624379
ENSG00000172037	LAMB2	S1_all_tissues_zeros_kept	0.570443	29	0.00123325	0.832605
ENSG00000172046	USP19	S1_all_tissues_zeros_kept	0.23399	29	0.221823	0.351757
ENSG00000172053	QARS	S1_all_tissues_zeros_kept	0.130542	29	0.499698	0.218338
ENSG00000172057	ORMDL3	S1_all_tissues_zeros_kept	0.195567	29	0.3093	0.295587
ENSG00000172061	LRRC15	S1_all_tissues_zeros_kept	0.28153	29	0.139003	0.42335
ENSG00000172062	SMN1	S1_all_tissues_zeros_kept	0.193103	29	0.315553	0.292588
ENSG00000172071	EIF2AK3	S1_all_tissues_zeros_kept	0.495685	29	0.00624981	0.748115
ENSG00000172081	MOB3A	S1_all_tissues_zeros_kept	0.626678	29	0.000275475	0.882134
ENSG00000172113	NME6	S1_all_tissues_zeros_kept	-0.000985222	29	0.995953	0.0986718
ENSG00000172115	CYCS	S1_all_tissues_zeros_kept	0.525123	29	0.00344499	0.784062
ENSG00000172159	FRMD3	S1_all_tissues_zeros_kept	0.481423	29	0.00819103	0.73132
ENSG00000172164	SNTB1	S1_all_tissues_zeros_kept	0.679803	29	4.98809e-05	0.925064
ENSG00000172167	MTBP	S1_all_tissues_zeros_kept	0.070769	29	0.715263	0.154542
ENSG00000172171	TEFM	S1_all_tissues_zeros_kept	-0.143722	29	0.457	0.0308912
ENSG00000172172	MRPL13	S1_all_tissues_zeros_kept	0.447291	29	0.0149809	0.682991
ENSG00000172175	MALT1	S1_all_tissues_zeros_kept	0.0783251	29	0.686315	0.160668
ENSG00000172179	PRL	S1_all_tissues_zeros_kept	0.250139	29	0.190633	0.374764
ENSG00000172183	ISG20	S1_all_tissues_zeros_kept	0.764583	29	1.37464e-06	0.967738
ENSG00000172197	MBOAT1	S1_all_tissues_zeros_kept	0.352004	29	0.0611153	0.537232
ENSG00000172216	CEBPB	S1_all_tissues_zeros_kept	0.384236	29	0.0395982	0.585047
ENSG00000172232	AZU1	S1_all_tissues_zeros_kept	0.0451977	29	0.81591	0.132348
ENSG00000172239	PAIP1	S1_all_tissues_zeros_kept	0.315764	29	0.0951881	0.477549
ENSG00000172247	C1QTNF4	S1_all_tissues_zeros_kept	0.719623	29	1.08386e-05	0.947644
ENSG00000172260	NEGR1	S1_all_tissues_zeros_kept	0.666426	29	7.91669e-05	0.91521
ENSG00000172262	ZNF131	S1_all_tissues_zeros_kept	0.108155	29	0.576534	0.192245
ENSG00000172269	DPAGT1	S1_all_tissues_zeros_kept	0.292611	29	0.123467	0.438475
ENSG00000172270	BSG	S1_all_tissues_zeros_kept	0.462562	29	0.0115188	0.705656
ENSG00000172273	HINFP	S1_all_tissues_zeros_kept	0.0705925	29	0.715944	0.15437
ENSG00000172292	CERS6	S1_all_tissues_zeros_kept	0.701564	29	2.23237e-05	0.937918
ENSG00000172296	SPTLC3	S1_all_tissues_zeros_kept	0.225464	29	0.239607	0.340231
ENSG00000172301	COPRS	S1_all_tissues_zeros_kept	0.337285	29	0.0735685	0.513368
ENSG00000172315	TP53RK	S1_all_tissues_zeros_kept	0.0802956	29	0.678834	0.162425
ENSG00000172331	BPGM	S1_all_tissues_zeros_kept	0.116763	29	0.546376	0.202099
ENSG00000172336	POP7	S1_all_tissues_zeros_kept	0.345779	29	0.0661638	0.527121
ENSG00000172339	ALG14	S1_all_tissues_zeros_kept	-0.0181478	29	0.925556	0.089503
ENSG00000172340	SUCLG2	S1_all_tissues_zeros_kept	0.553202	29	0.00185423	0.816838
ENSG00000172345	STARD5	S1_all_tissues_zeros_kept	0.587555	29	0.000804388	0.847172
ENSG00000172354	GNB2	S1_all_tissues_zeros_kept	0.236946	29	0.215872	0.355441
ENSG00000172361	CFAP53	S1_all_tissues_zeros_kept	0.271785	29	0.1538	0.40844
ENSG00000172367	PDZD3	S1_all_tissues_zeros_kept	0.761098	29	1.63884e-06	0.96671
ENSG00000172375	C2CD2L	S1_all_tissues_zeros_kept	0.664532	29	8.43603e-05	0.913668
ENSG00000172380	GNG12	S1_all_tissues_zeros_kept	0.34335	29	0.06822	0.523308
ENSG00000172382	PRSS27	S1_all_tissues_zeros_kept	0.535007	29	0.00278677	0.798072
ENSG00000172399	MYOZ2	S1_all_tissues_zeros_kept	0.125615	29	0.516157	0.212725
ENSG00000172409	CLP1	S1_all_tissues_zeros_kept	0.308755	29	0.103174	0.464996
ENSG00000172410	INSL5	S1_all_tissues_zeros_kept	0.185058	29	0.336518	0.282776
ENSG00000172425	TTC36	S1_all_tissues_zeros_kept	0.259016	29	0.174853	0.388132
ENSG00000172426	RSPH9	S1_all_tissues_zeros_kept	0.446077	29	0.0152896	0.680506
ENSG00000172428	MYEOV2	S1_all_tissues_zeros_kept	-0.128107	29	0.5078	0.0357755
ENSG00000172432	GTPBP2	S1_all_tissues_zeros_kept	0.287979	29	0.129798	0.432862
ENSG00000172456	FGGY	S1_all_tissues_zeros_kept	0.482266	29	0.00806363	0.732434
ENSG00000172458	IL17D	S1_all_tissues_zeros_kept	0.547549	29	0.00210958	0.811611
ENSG00000172461	FUT9	S1_all_tissues_zeros_kept	0.491606	29	0.00676021	0.743488
ENSG00000172465	TCEAL1	S1_all_tissues_zeros_kept	0.503448	29	0.00536814	0.758612
ENSG00000172466	ZNF24	S1_all_tissues_zeros_kept	0.273925	29	0.150457	0.410968
ENSG00000172469	MANEA	S1_all_tissues_zeros_kept	0.496163	29	0.00619215	0.748458
ENSG00000172478	C2orf54	S1_all_tissues_zeros_kept	0.457953	29	0.0124847	0.698929
ENSG00000172482	AGXT	S1_all_tissues_zeros_kept	0.439435	29	0.0170739	0.670009
ENSG00000172493	AFF1	S1_all_tissues_zeros_kept	-0.126124	29	0.514444	0.036461
ENSG00000172497	ACOT12	S1_all_tissues_zeros_kept	0.221249	29	0.248739	0.333976
ENSG00000172500	FIBP	S1_all_tissues_zeros_kept	0.173399	29	0.36836	0.268895
ENSG00000172508	CARNS1	S1_all_tissues_zeros_kept	0.37759	29	0.0434461	0.575964
ENSG00000172530	BANP	S1_all_tissues_zeros_kept	0.0867102	29	0.654692	0.170651
ENSG00000172531	PPP1CA	S1_all_tissues_zeros_kept	0.221182	29	0.248886	0.333548
ENSG00000172534	HCFC1	S1_all_tissues_zeros_kept	0.465025	29	0.0110288	0.708955
ENSG00000172548	NIPAL4	S1_all_tissues_zeros_kept	0.41168	29	0.0264944	0.630377
ENSG00000172572	PDE3A	S1_all_tissues_zeros_kept	0.613432	29	0.000402252	0.870994
ENSG00000172586	CHCHD1	S1_all_tissues_zeros_kept	0.321182	29	0.0893408	0.489632
ENSG00000172590	MRPL52	S1_all_tissues_zeros_kept	0.124962	29	0.518358	0.212211
ENSG00000172594	SMPDL3A	S1_all_tissues_zeros_kept	0.588177	29	0.000791637	0.848243
ENSG00000172613	RAD9A	S1_all_tissues_zeros_kept	0.054815	29	0.777625	0.141345
ENSG00000172638	EFEMP2	S1_all_tissues_zeros_kept	0.573399	29	0.0011474	0.835133
ENSG00000172661	FAM21C	S1_all_tissues_zeros_kept	0.205419	29	0.285067	0.309383
ENSG00000172663	TMEM134	S1_all_tissues_zeros_kept	-0.183932	29	0.339517	0.0207798
ENSG00000172667	ZMAT3	S1_all_tissues_zeros_kept	0.0904834	29	0.640647	0.174079
ENSG00000172689	MS4A10	S1_all_tissues_zeros_kept	0.585242	29	0.000853411	0.845758
ENSG00000172716	SLFN11	S1_all_tissues_zeros_kept	0.457635	29	0.0125537	0.698757
ENSG00000172724	CCL19	S1_all_tissues_zeros_kept	0.616713	29	0.000366826	0.872708
ENSG00000172725	CORO1B	S1_all_tissues_zeros_kept	0.451724	29	0.0138968	0.689374
ENSG00000172732	MUS81	S1_all_tissues_zeros_kept	0.256711	29	0.178859	0.38479
ENSG00000172733	PURG	S1_all_tissues_zeros_kept	0.537853	29	0.00261862	0.802099
ENSG00000172752	COL6A5	S1_all_tissues_zeros_kept	0	29	1	0.0994002
ENSG00000172757	CFL1	S1_all_tissues_zeros_kept	0.66798	29	7.51174e-05	0.916667
ENSG00000172765	TMCC1	S1_all_tissues_zeros_kept	0.473892	29	0.00940663	0.72018
ENSG00000172766	NAA16	S1_all_tissues_zeros_kept	0.0593669	29	0.759675	0.14563
ENSG00000172775	FAM192A	S1_all_tissues_zeros_kept	0.294089	29	0.121496	0.441217
ENSG00000172785	CBWD1	S1_all_tissues_zeros_kept	0.145584	29	0.451126	0.234919
ENSG00000172789	HOXC5	S1_all_tissues_zeros_kept	0.668221	29	7.45065e-05	0.917138
ENSG00000172795	DCP2	S1_all_tissues_zeros_kept	0.396906	29	0.0330202	0.604499
ENSG00000172803	SNX32	S1_all_tissues_zeros_kept	0.244784	29	0.200619	0.366452
ENSG00000172809	RPL38	S1_all_tissues_zeros_kept	-0.0906404	29	0.640065	0.049443
ENSG00000172817	CYP7B1	S1_all_tissues_zeros_kept	0.675463	29	5.80935e-05	0.922579
ENSG00000172824	CES4A	S1_all_tissues_zeros_kept	0.401124	29	0.0310375	0.612896
ENSG00000172828	CES3	S1_all_tissues_zeros_kept	0.523588	29	0.00355829	0.782305
ENSG00000172830	SSH3	S1_all_tissues_zeros_kept	0.67734	29	5.44043e-05	0.923779
ENSG00000172831	CES2	S1_all_tissues_zeros_kept	0.770936	29	9.90058e-07	0.970051
ENSG00000172840	PDP2	S1_all_tissues_zeros_kept	0.479814	29	0.00843893	0.727721
ENSG00000172845	SP3	S1_all_tissues_zeros_kept	0.489655	29	0.00701665	0.740317
ENSG00000172867	KRT2	S1_all_tissues_zeros_kept	-0.272405	29	0.152826	0.00706941
ENSG00000172869	DMXL1	S1_all_tissues_zeros_kept	0.395074	29	0.0339129	0.601028
ENSG00000172878	METAP1D	S1_all_tissues_zeros_kept	0.233062	29	0.223713	0.3506
ENSG00000172890	NADSYN1	S1_all_tissues_zeros_kept	0.396601	29	0.0331678	0.603942
ENSG00000172893	DHCR7	S1_all_tissues_zeros_kept	0.478325	29	0.00867396	0.725921
ENSG00000172901	LVRN	S1_all_tissues_zeros_kept	0.435711	29	0.0181477	0.665081
ENSG00000172915	NBEA	S1_all_tissues_zeros_kept	0.621239	29	0.000322476	0.877249
ENSG00000172922	RNASEH2C	S1_all_tissues_zeros_kept	0.0571429	29	0.768431	0.143616
ENSG00000172932	ANKRD13D	S1_all_tissues_zeros_kept	0.361618	29	0.0539153	0.552913
ENSG00000172936	MYD88	S1_all_tissues_zeros_kept	0.442365	29	0.0162668	0.674636
ENSG00000172939	OXSR1	S1_all_tissues_zeros_kept	-0.0231527	29	0.905107	0.0868466
ENSG00000172940	SLC22A13	S1_all_tissues_zeros_kept	0.527335	29	0.00328714	0.787832
ENSG00000172943	PHF8	S1_all_tissues_zeros_kept	0.322167	29	0.0883077	0.490874
ENSG00000172954	LCLAT1	S1_all_tissues_zeros_kept	0.695567	29	2.80543e-05	0.934319
ENSG00000172955	ADH6	S1_all_tissues_zeros_kept	0.619061	29	0.000343184	0.874936
ENSG00000172977	KAT5	S1_all_tissues_zeros_kept	0.271429	29	0.154362	0.407755
ENSG00000172985	SH3RF3	S1_all_tissues_zeros_kept	0.240599	29	0.208666	0.360968
ENSG00000172986	GXYLT2	S1_all_tissues_zeros_kept	0.427962	29	0.0205606	0.655484
ENSG00000172987	HPSE2	S1_all_tissues_zeros_kept	0.461066	29	0.0118252	0.703299
ENSG00000172992	DCAKD	S1_all_tissues_zeros_kept	0.513793	29	0.00435948	0.771508
ENSG00000172995	ARPP21	S1_all_tissues_zeros_kept	0.213076	29	0.267095	0.322279
ENSG00000173011	TADA2B	S1_all_tissues_zeros_kept	0.124352	29	0.520416	0.211097
ENSG00000173013	CCDC96	S1_all_tissues_zeros_kept	0.117245	29	0.544711	0.202699
ENSG00000173020	ADRBK1	S1_all_tissues_zeros_kept	0.784579	29	4.71832e-07	0.975193
ENSG00000173039	RELA	S1_all_tissues_zeros_kept	0.378818	29	0.0427138	0.578021
ENSG00000173064	HECTD4	S1_all_tissues_zeros_kept	0.0665107	29	0.731752	0.151542
ENSG00000173065	FAM222B	S1_all_tissues_zeros_kept	0.312361	29	0.099005	0.471594
ENSG00000173085	COQ2	S1_all_tissues_zeros_kept	0.596549	29	0.000636432	0.854627
ENSG00000173113	TRMT112	S1_all_tissues_zeros_kept	0.328571	29	0.081812	0.499829
ENSG00000173120	KDM2A	S1_all_tissues_zeros_kept	0.184729	29	0.337393	0.282091
ENSG00000173141	MRPL57	S1_all_tissues_zeros_kept	0.102981	29	0.595008	0.186332
ENSG00000173145	NOC3L	S1_all_tissues_zeros_kept	0.343885	29	0.0677631	0.524207
ENSG00000173153	ESRRA	S1_all_tissues_zeros_kept	0.638738	29	0.000192197	0.892331
ENSG00000173156	RHOD	S1_all_tissues_zeros_kept	0.561525	29	0.00152706	0.825578
ENSG00000173163	COMMD1	S1_all_tissues_zeros_kept	-0.0280788	29	0.885038	0.0842331
ENSG00000173166	RAPH1	S1_all_tissues_zeros_kept	0.508867	29	0.00481751	0.765724
ENSG00000173171	MTX1	S1_all_tissues_zeros_kept	0.190148	29	0.323159	0.28916
ENSG00000173193	PARP14	S1_all_tissues_zeros_kept	0.620197	29	0.00033224	0.876135
ENSG00000173207	CKS1B	S1_all_tissues_zeros_kept	0.18152	29	0.345998	0.278278
ENSG00000173208	ABCD2	S1_all_tissues_zeros_kept	0.498805	29	0.00588173	0.751628
ENSG00000173210	ABLIM3	S1_all_tissues_zeros_kept	0.488051	29	0.00723355	0.73886
ENSG00000173214	KIAA1919	S1_all_tissues_zeros_kept	0.234787	29	0.220208	0.352399
ENSG00000173218	VANGL1	S1_all_tissues_zeros_kept	0.627171	29	0.000271533	0.882905
ENSG00000173221	GLRX	S1_all_tissues_zeros_kept	0.825616	29	3.53251e-08	0.987147
ENSG00000173226	IQCB1	S1_all_tissues_zeros_kept	0.361541	29	0.0539706	0.552656
ENSG00000173227	SYT12	S1_all_tissues_zeros_kept	0.256078	29	0.179969	0.384019
ENSG00000173230	GOLGB1	S1_all_tissues_zeros_kept	0.412859	29	0.0260226	0.632519
ENSG00000173253	DMRT2	S1_all_tissues_zeros_kept	-0.178403	29	0.354485	0.022665
ENSG00000173258	ZNF483	S1_all_tissues_zeros_kept	0.121827	29	0.528987	0.207841
ENSG00000173269	MMRN2	S1_all_tissues_zeros_kept	0.602956	29	0.000536348	0.862768
ENSG00000173272	MZT2A	S1_all_tissues_zeros_kept	-0.0746733	29	0.700254	0.0577121
ENSG00000173273	TNKS	S1_all_tissues_zeros_kept	0.361296	29	0.0541454	0.552314
ENSG00000173281	PPP1R3B	S1_all_tissues_zeros_kept	0.186337	29	0.33313	0.284276
ENSG00000173320	STOX2	S1_all_tissues_zeros_kept	0.257789	29	0.176978	0.386332
ENSG00000173327	MAP3K11	S1_all_tissues_zeros_kept	0.0711113	29	0.713943	0.154799
ENSG00000173366	RP11-330H6.5	S1_all_tissues_zeros_kept	0.452479	29	0.0137189	0.691388
ENSG00000173369	C1QB	S1_all_tissues_zeros_kept	0.574877	29	0.00110646	0.836418
ENSG00000173372	C1QA	S1_all_tissues_zeros_kept	0.444828	29	0.0156129	0.67832
ENSG00000173391	OLR1	S1_all_tissues_zeros_kept	0.581789	29	0.000931412	0.842973
ENSG00000173402	DAG1	S1_all_tissues_zeros_kept	0.435522	29	0.0182037	0.664996
ENSG00000173406	DAB1	S1_all_tissues_zeros_kept	0.232824	29	0.2242	0.349914
ENSG00000173409	ARV1	S1_all_tissues_zeros_kept	0.0821468	29	0.671834	0.164567
ENSG00000173418	NAA20	S1_all_tissues_zeros_kept	0.0876847	29	0.651054	0.171422
ENSG00000173432	SAA1	S1_all_tissues_zeros_kept	0.52141	29	0.00372463	0.78042
ENSG00000173442	EHBP1L1	S1_all_tissues_zeros_kept	0.504682	29	0.00523826	0.760968
ENSG00000173457	PPP1R14B	S1_all_tissues_zeros_kept	0.0490208	29	0.800635	0.135775
ENSG00000173465	SSSCA1	S1_all_tissues_zeros_kept	0.062069	29	0.749076	0.147943
ENSG00000173473	SMARCC1	S1_all_tissues_zeros_kept	0.460591	29	0.0119239	0.702785
ENSG00000173482	PTPRM	S1_all_tissues_zeros_kept	0.493103	29	0.00656891	0.744987
ENSG00000173486	FKBP2	S1_all_tissues_zeros_kept	0.429557	29	0.0200437	0.657541
ENSG00000173511	VEGFB	S1_all_tissues_zeros_kept	0.302949	29	0.110162	0.455527
ENSG00000173517	PEAK1	S1_all_tissues_zeros_kept	0.592757	29	0.000703074	0.851714
ENSG00000173531	MST1	S1_all_tissues_zeros_kept	0.101729	29	0.599518	0.18539
ENSG00000173540	GMPPB	S1_all_tissues_zeros_kept	0.610837	29	0.000432365	0.869409
ENSG00000173545	ZNF622	S1_all_tissues_zeros_kept	0.490454	29	0.00691062	0.741602
ENSG00000173548	SNX33	S1_all_tissues_zeros_kept	0.502463	29	0.0054738	0.757112
ENSG00000173557	C2orf70	S1_all_tissues_zeros_kept	0.555367	29	0.00176376	0.819494
ENSG00000173575	CHD2	S1_all_tissues_zeros_kept	0.146305	29	0.448863	0.236375
ENSG00000173581	CCDC106	S1_all_tissues_zeros_kept	0.0310035	29	0.873154	0.121208
ENSG00000173588	CEP83	S1_all_tissues_zeros_kept	0.0970109	29	0.616636	0.181448
ENSG00000173597	SULT1B1	S1_all_tissues_zeros_kept	0.731557	29	6.51914e-06	0.955141
ENSG00000173598	NUDT4	S1_all_tissues_zeros_kept	0.517734	29	0.00402034	0.776307
ENSG00000173610	UGT2A1	S1_all_tissues_zeros_kept	0.32516	29	0.085225	0.495159
ENSG00000173611	SCAI	S1_all_tissues_zeros_kept	0.402349	29	0.0304798	0.61521
ENSG00000173614	NMNAT1	S1_all_tissues_zeros_kept	-0.122922	29	0.525264	0.0376607
ENSG00000173621	LRFN4	S1_all_tissues_zeros_kept	0.277059	29	0.145658	0.415981
ENSG00000173641	HSPB7	S1_all_tissues_zeros_kept	0.685532	29	4.06306e-05	0.928749
ENSG00000173653	RCE1	S1_all_tissues_zeros_kept	0.218455	29	0.254918	0.32892
ENSG00000173660	UQCRH	S1_all_tissues_zeros_kept	0.262069	29	0.169644	0.392416
ENSG00000173674	EIF1AX	S1_all_tissues_zeros_kept	0.108374	29	0.575756	0.192545
ENSG00000173681	CXorf23	S1_all_tissues_zeros_kept	0.131255	29	0.497339	0.218895
ENSG00000173692	PSMD1	S1_all_tissues_zeros_kept	0.228107	29	0.233996	0.34383
ENSG00000173702	MUC13	S1_all_tissues_zeros_kept	0.722128	29	9.76261e-06	0.951114
ENSG00000173706	HEG1	S1_all_tissues_zeros_kept	0.459113	29	0.0122354	0.700643
ENSG00000173726	TOMM20	S1_all_tissues_zeros_kept	0.013938	29	0.942793	0.108955
ENSG00000173744	AGFG1	S1_all_tissues_zeros_kept	0.410345	29	0.0270372	0.627892
ENSG00000173757	STAT5B	S1_all_tissues_zeros_kept	0.626108	29	0.000280096	0.881534
ENSG00000173786	CNP	S1_all_tissues_zeros_kept	0.22318	29	0.244527	0.337232
ENSG00000173801	JUP	S1_all_tissues_zeros_kept	0.789655	29	3.53285e-07	0.976949
ENSG00000173809	TDRD12	S1_all_tissues_zeros_kept	0.357164	29	0.0571636	0.544516
ENSG00000173812	EIF1	S1_all_tissues_zeros_kept	0.452217	29	0.0137805	0.690746
ENSG00000173818	ENDOV	S1_all_tissues_zeros_kept	-0.0403514	29	0.835366	0.0762211
ENSG00000173821	RNF213	S1_all_tissues_zeros_kept	0.611823	29	0.000420705	0.870137
ENSG00000173846	PLK3	S1_all_tissues_zeros_kept	-0.07615	29	0.694606	0.0565981
ENSG00000173852	DPY19L1	S1_all_tissues_zeros_kept	0.374384	29	0.0454057	0.571551
ENSG00000173889	PHC3	S1_all_tissues_zeros_kept	0.425123	29	0.0215082	0.651414
ENSG00000173894	CBX2	S1_all_tissues_zeros_kept	0.551759	29	0.00191672	0.815553
ENSG00000173905	GOLIM4	S1_all_tissues_zeros_kept	0.668555	29	7.36673e-05	0.917609
ENSG00000173914	RBM4B	S1_all_tissues_zeros_kept	0.422466	29	0.0224273	0.648286
ENSG00000173915	USMG5	S1_all_tissues_zeros_kept	0.273892	29	0.15051	0.410797
ENSG00000173918	C1QTNF1	S1_all_tissues_zeros_kept	0.326123	29	0.0842512	0.496615
ENSG00000173928	SWSAP1	S1_all_tissues_zeros_kept	0.28904	29	0.128327	0.434833
ENSG00000173930	SLCO4C1	S1_all_tissues_zeros_kept	0.192237	29	0.317772	0.291474
ENSG00000173933	RBM4	S1_all_tissues_zeros_kept	0.655665	29	0.000112938	0.905784
ENSG00000173947	PIFO	S1_all_tissues_zeros_kept	0.30619	29	0.106219	0.460626
ENSG00000173950	XXYLT1	S1_all_tissues_zeros_kept	0.303479	29	0.109509	0.456598
ENSG00000173960	UBXN2A	S1_all_tissues_zeros_kept	-0.00468038	29	0.980776	0.0963582
ENSG00000173991	TCAP	S1_all_tissues_zeros_kept	0.15821	29	0.412391	0.251542
ENSG00000173992	CCS	S1_all_tissues_zeros_kept	0.229557	29	0.230955	0.34593
ENSG00000174010	KLHL15	S1_all_tissues_zeros_kept	0.436737	29	0.0178464	0.666195
ENSG00000174013	FBXO45	S1_all_tissues_zeros_kept	0.215544	29	0.261461	0.325578
ENSG00000174015	SPERT	S1_all_tissues_zeros_kept	0.401386	29	0.0309172	0.613368
ENSG00000174021	GNG5	S1_all_tissues_zeros_kept	0.207661	29	0.279726	0.312982
ENSG00000174032	SLC25A30	S1_all_tissues_zeros_kept	0.0975419	29	0.614699	0.182048
ENSG00000174059	CD34	S1_all_tissues_zeros_kept	0.476847	29	0.00891264	0.723693
ENSG00000174080	CTSF	S1_all_tissues_zeros_kept	0.64335	29	0.000166805	0.895458
ENSG00000174099	MSRB3	S1_all_tissues_zeros_kept	0.505419	29	0.00516202	0.761525
ENSG00000174106	LEMD3	S1_all_tissues_zeros_kept	0.294864	29	0.120471	0.442716
ENSG00000174109	C16orf91	S1_all_tissues_zeros_kept	0.341955	29	0.0694224	0.521037
ENSG00000174125	TLR1	S1_all_tissues_zeros_kept	0.396981	29	0.032984	0.604756
ENSG00000174132	FAM174A	S1_all_tissues_zeros_kept	0.293694	29	0.12202	0.440488
ENSG00000174136	RGMB	S1_all_tissues_zeros_kept	0.126335	29	0.513734	0.213753
ENSG00000174145	NWD2	S1_all_tissues_zeros_kept	-0.199137	29	0.300372	0.0177806
ENSG00000174156	GSTA3	S1_all_tissues_zeros_kept	0.384829	29	0.0392686	0.586161
ENSG00000174165	ZDHHC24	S1_all_tissues_zeros_kept	0.163161	29	0.397728	0.25617
ENSG00000174173	TRMT10C	S1_all_tissues_zeros_kept	0.0561576	29	0.772318	0.143102
ENSG00000174177	CTU2	S1_all_tissues_zeros_kept	-0.11399	29	0.556012	0.0402314
ENSG00000174197	MGA	S1_all_tissues_zeros_kept	0.1474	29	0.445441	0.237404
ENSG00000174206	C12orf66	S1_all_tissues_zeros_kept	-0.0347545	29	0.857954	0.0792202
ENSG00000174227	PIGG	S1_all_tissues_zeros_kept	0.304926	29	0.107744	0.45844
ENSG00000174231	PRPF8	S1_all_tissues_zeros_kept	0.198522	29	0.301899	0.299357
ENSG00000174233	ADCY6	S1_all_tissues_zeros_kept	0.120256	29	0.534353	0.205484
ENSG00000174236	REP15	S1_all_tissues_zeros_kept	0.75717	29	1.99101e-06	0.965424
ENSG00000174238	PITPNA	S1_all_tissues_zeros_kept	0.146305	29	0.448863	0.236375
ENSG00000174243	DDX23	S1_all_tissues_zeros_kept	0.323725	29	0.0866929	0.493273
ENSG00000174276	ZNHIT2	S1_all_tissues_zeros_kept	0.276193	29	0.146974	0.414524
ENSG00000174282	ZBTB4	S1_all_tissues_zeros_kept	-0.0695121	29	0.720117	0.0601114
ENSG00000174292	TNK1	S1_all_tissues_zeros_kept	0.515588	29	0.00420212	0.773393
ENSG00000174306	ZHX3	S1_all_tissues_zeros_kept	0.357635	29	0.0568125	0.54503
ENSG00000174307	PHLDA3	S1_all_tissues_zeros_kept	0.557859	29	0.00166443	0.822151
ENSG00000174358	SLC6A19	S1_all_tissues_zeros_kept	0.69836	29	2.52388e-05	0.935947
ENSG00000174371	EXO1	S1_all_tissues_zeros_kept	-0.229797	29	0.230454	0.0123822
ENSG00000174373	RALGAPA1	S1_all_tissues_zeros_kept	0.454982	29	0.0131425	0.695073
ENSG00000174405	LIG4	S1_all_tissues_zeros_kept	0.219978	29	0.251538	0.331791
ENSG00000174428	GTF2IRD2B	S1_all_tissues_zeros_kept	0.204552	29	0.28715	0.308183
ENSG00000174429	ABRA	S1_all_tissues_zeros_kept	0.312185	29	0.0992052	0.471251
ENSG00000174437	ATP2A2	S1_all_tissues_zeros_kept	0.148768	29	0.441179	0.239589
ENSG00000174444	RPL4	S1_all_tissues_zeros_kept	0.224631	29	0.241395	0.338732
ENSG00000174460	ZCCHC12	S1_all_tissues_zeros_kept	0.711122	29	1.53319e-05	0.942374
ENSG00000174483	BBS1	S1_all_tissues_zeros_kept	0.52642	29	0.0033517	0.785304
ENSG00000174485	DENND4A	S1_all_tissues_zeros_kept	0.336987	29	0.0738391	0.512768
ENSG00000174498	IGDCC3	S1_all_tissues_zeros_kept	0.027595	29	0.887006	0.119066
ENSG00000174500	GCSAM	S1_all_tissues_zeros_kept	0.265945	29	0.16319	0.398115
ENSG00000174502	SLC26A9	S1_all_tissues_zeros_kept	0.277869	29	0.144435	0.417695
ENSG00000174521	TTC9B	S1_all_tissues_zeros_kept	0.38564	29	0.0388218	0.587918
ENSG00000174547	MRPL11	S1_all_tissues_zeros_kept	0.442857	29	0.0161343	0.675321
ENSG00000174579	MSL2	S1_all_tissues_zeros_kept	0.125432	29	0.516771	0.212554
ENSG00000174600	CMKLR1	S1_all_tissues_zeros_kept	0.399775	29	0.0316606	0.61024
ENSG00000174606	ANGEL2	S1_all_tissues_zeros_kept	0.242671	29	0.204655	0.36371
ENSG00000174640	SLCO2A1	S1_all_tissues_zeros_kept	0.311519	29	0.0999661	0.470137
ENSG00000174669	SLC29A2	S1_all_tissues_zeros_kept	0.203826	29	0.288901	0.306641
ENSG00000174672	BRSK2	S1_all_tissues_zeros_kept	0.677294	29	5.44916e-05	0.923522
ENSG00000174684	B4GAT1	S1_all_tissues_zeros_kept	0.613793	29	0.000398211	0.871251
ENSG00000174695	TMEM167A	S1_all_tissues_zeros_kept	-0.110234	29	0.569181	0.0416024
ENSG00000174697	LEP	S1_all_tissues_zeros_kept	0.273076	29	0.151777	0.410154
ENSG00000174705	SH3PXD2B	S1_all_tissues_zeros_kept	0.755512	29	2.15912e-06	0.964567
ENSG00000174718	KIAA1551	S1_all_tissues_zeros_kept	0.444017	29	0.0158257	0.677249
ENSG00000174720	LARP7	S1_all_tissues_zeros_kept	-0.0497537	29	0.797715	0.0702656
ENSG00000174721	FGFBP3	S1_all_tissues_zeros_kept	0.0681714	29	0.725307	0.152571
ENSG00000174744	BRMS1	S1_all_tissues_zeros_kept	0.385186	29	0.0390712	0.586418
ENSG00000174748	RPL15	S1_all_tissues_zeros_kept	0.384236	29	0.0395982	0.585047
ENSG00000174749	C4orf32	S1_all_tissues_zeros_kept	0.482214	29	0.00807139	0.732262
ENSG00000174775	HRAS	S1_all_tissues_zeros_kept	0.231148	29	0.227648	0.348115
ENSG00000174776	WDR49	S1_all_tissues_zeros_kept	0.15459	29	0.423303	0.24563
ENSG00000174780	SRP72	S1_all_tissues_zeros_kept	0.0169972	29	0.930264	0.110883
ENSG00000174799	CEP135	S1_all_tissues_zeros_kept	0.391849	29	0.0355313	0.596787
ENSG00000174804	FZD4	S1_all_tissues_zeros_kept	0.280138	29	0.141051	0.421465
ENSG00000174808	BTC	S1_all_tissues_zeros_kept	0.36895	29	0.0488873	0.563282
ENSG00000174827	PDZK1	S1_all_tissues_zeros_kept	0.555536	29	0.00175686	0.819837
ENSG00000174839	DENND6A	S1_all_tissues_zeros_kept	-0.170464	29	0.376645	0.0242074
ENSG00000174840	PDE12	S1_all_tissues_zeros_kept	0.350782	29	0.0620821	0.535518
ENSG00000174842	GLMN	S1_all_tissues_zeros_kept	0.454243	29	0.0133106	0.694045
ENSG00000174844	DNAH12	S1_all_tissues_zeros_kept	0.154699	29	0.422971	0.24593
ENSG00000174851	YIF1A	S1_all_tissues_zeros_kept	0.373199	29	0.0461479	0.569623
ENSG00000174876	AMY1B	S1_all_tissues_zeros_kept	0.10157	29	0.600092	0.185133
ENSG00000174885	NLRP6	S1_all_tissues_zeros_kept	0.243333	29	0.203385	0.364482
ENSG00000174886	NDUFA11	S1_all_tissues_zeros_kept	0.153202	29	0.427528	0.244216
ENSG00000174891	RSRC1	S1_all_tissues_zeros_kept	0.0941351	29	0.627169	0.178192
ENSG00000174903	RAB1B	S1_all_tissues_zeros_kept	-0.172906	29	0.369743	0.0237789
ENSG00000174915	PTDSS2	S1_all_tissues_zeros_kept	0.405911	29	0.0289047	0.621208
ENSG00000174917	C19orf70	S1_all_tissues_zeros_kept	0.297537	29	0.116987	0.446058
ENSG00000174928	C3orf33	S1_all_tissues_zeros_kept	0.677373	29	5.43415e-05	0.924036
ENSG00000174938	SEZ6L2	S1_all_tissues_zeros_kept	0.682376	29	4.55159e-05	0.926692
ENSG00000174953	DHX36	S1_all_tissues_zeros_kept	0.151232	29	0.433567	0.241945
ENSG00000174989	FBXW8	S1_all_tissues_zeros_kept	0.374646	29	0.0452432	0.572108
ENSG00000174992	ZG16	S1_all_tissues_zeros_kept	0.691007	29	3.32562e-05	0.931234
ENSG00000174996	KLC2	S1_all_tissues_zeros_kept	0.554255	29	0.00180973	0.818295
ENSG00000175003	SLC22A1	S1_all_tissues_zeros_kept	0.346248	29	0.0657732	0.52832
ENSG00000175029	CTBP2	S1_all_tissues_zeros_kept	0.637931	29	0.000196979	0.891345
ENSG00000175054	ATR	S1_all_tissues_zeros_kept	-0.052476	29	0.786893	0.0678235
ENSG00000175066	GK5	S1_all_tissues_zeros_kept	0.369561	29	0.0484852	0.564653
ENSG00000175073	VCPIP1	S1_all_tissues_zeros_kept	0.383744	29	0.0398737	0.584319
ENSG00000175104	TRAF6	S1_all_tissues_zeros_kept	0.00320236	29	0.986846	0.101585
ENSG00000175105	ZNF654	S1_all_tissues_zeros_kept	-0.106986	29	0.580685	0.0434019
ENSG00000175110	MRPS22	S1_all_tissues_zeros_kept	0.766502	29	1.24623e-06	0.968423
ENSG00000175115	PACS1	S1_all_tissues_zeros_kept	0.566326	29	0.00136214	0.829135
ENSG00000175130	MARCKSL1	S1_all_tissues_zeros_kept	0.49803	29	0.00597143	0.750771
ENSG00000175137	SH3BP5L	S1_all_tissues_zeros_kept	0.619288	29	0.000340973	0.875536
ENSG00000175161	CADM2	S1_all_tissues_zeros_kept	0.489375	29	0.00705412	0.739974
ENSG00000175164	ABO	S1_all_tissues_zeros_kept	-0.0103141	29	0.957651	0.0938732
ENSG00000175166	PSMD2	S1_all_tissues_zeros_kept	0.222167	29	0.24673	0.335133
ENSG00000175175	PPM1E	S1_all_tissues_zeros_kept	0.546476	29	0.00216133	0.810583
ENSG00000175182	FAM131A	S1_all_tissues_zeros_kept	0.0183798	29	0.924607	0.111868
ENSG00000175183	CSRP2	S1_all_tissues_zeros_kept	0.397537	29	0.0327174	0.605784
ENSG00000175189	INHBC	S1_all_tissues_zeros_kept	-0.135543	29	0.483266	0.0330334
ENSG00000175193	PARL	S1_all_tissues_zeros_kept	-0.210345	29	0.273418	0.0152956
ENSG00000175198	PCCA	S1_all_tissues_zeros_kept	0.59064	29	0.000742863	0.850129
ENSG00000175203	DCTN2	S1_all_tissues_zeros_kept	0.303978	29	0.108898	0.457284
ENSG00000175206	NPPA	S1_all_tissues_zeros_kept	0.424774	29	0.0216273	0.650514
ENSG00000175216	CKAP5	S1_all_tissues_zeros_kept	0.346305	29	0.0657251	0.528663
ENSG00000175220	ARHGAP1	S1_all_tissues_zeros_kept	0.704433	29	1.99731e-05	0.938732
ENSG00000175221	MED16	S1_all_tissues_zeros_kept	0.128587	29	0.506196	0.216538
ENSG00000175224	ATG13	S1_all_tissues_zeros_kept	0.199015	29	0.300676	0.300214
ENSG00000175264	CHST1	S1_all_tissues_zeros_kept	0.303189	29	0.109866	0.455913
ENSG00000175267	VWA3A	S1_all_tissues_zeros_kept	0.497613	29	0.00602006	0.750343
ENSG00000175274	TP53I11	S1_all_tissues_zeros_kept	0.378818	29	0.0427138	0.578021
ENSG00000175283	DOLK	S1_all_tissues_zeros_kept	0.138101	29	0.474969	0.226521
ENSG00000175287	PHYHD1	S1_all_tissues_zeros_kept	0.719212	29	1.10251e-05	0.946572
ENSG00000175309	PHYKPL	S1_all_tissues_zeros_kept	0.44532	29	0.0154848	0.678877
ENSG00000175315	CST6	S1_all_tissues_zeros_kept	0.0185339	29	0.923977	0.111954
ENSG00000175318	GRAMD2	S1_all_tissues_zeros_kept	0.574209	29	0.00112481	0.835433
ENSG00000175324	LSM1	S1_all_tissues_zeros_kept	0.0630542	29	0.745223	0.148629
ENSG00000175334	BANF1	S1_all_tissues_zeros_kept	0.33748	29	0.0733917	0.513839
ENSG00000175336	APOF	S1_all_tissues_zeros_kept	0.206776	29	0.281827	0.311354
ENSG00000175348	TMEM9B	S1_all_tissues_zeros_kept	0.55486	29	0.00178461	0.818552
ENSG00000175354	PTPN2	S1_all_tissues_zeros_kept	0.521182	29	0.00374236	0.78012
ENSG00000175376	EIF1AD	S1_all_tissues_zeros_kept	0.307958	29	0.104113	0.463882
ENSG00000175387	SMAD2	S1_all_tissues_zeros_kept	0.0448276	29	0.817392	0.131919
ENSG00000175390	EIF3F	S1_all_tissues_zeros_kept	0.370936	29	0.0475911	0.566024
ENSG00000175395	ZNF25	S1_all_tissues_zeros_kept	0.229807	29	0.230434	0.346487
ENSG00000175414	ARL10	S1_all_tissues_zeros_kept	0.521314	29	0.00373211	0.780334
ENSG00000175416	CLTB	S1_all_tissues_zeros_kept	0.252709	29	0.185966	0.379434
ENSG00000175445	LPL	S1_all_tissues_zeros_kept	0.451708	29	0.0139006	0.688989
ENSG00000175449	RFESD	S1_all_tissues_zeros_kept	-0.338118	29	0.0728156	0.00329906
ENSG00000175455	CCDC14	S1_all_tissues_zeros_kept	-0.0353631	29	0.855492	0.0788775
ENSG00000175467	SART1	S1_all_tissues_zeros_kept	0.284236	29	0.135084	0.427464
ENSG00000175470	PPP2R2D	S1_all_tissues_zeros_kept	0.342857	29	0.0686428	0.522536
ENSG00000175482	POLD4	S1_all_tissues_zeros_kept	0.345334	29	0.0665371	0.526521
ENSG00000175497	DPP10	S1_all_tissues_zeros_kept	0.406777	29	0.0285321	0.622579
ENSG00000175535	PNLIP	S1_all_tissues_zeros_kept	0.434935	29	0.0183782	0.66431
ENSG00000175536	LIPT2	S1_all_tissues_zeros_kept	0.421074	29	0.0229215	0.644859
ENSG00000175548	ALG10B	S1_all_tissues_zeros_kept	0.122012	29	0.528359	0.208098
ENSG00000175550	DRAP1	S1_all_tissues_zeros_kept	-0.183251	29	0.34134	0.0212082
ENSG00000175573	C11orf68	S1_all_tissues_zeros_kept	0.453695	29	0.0134364	0.693359
ENSG00000175575	PAAF1	S1_all_tissues_zeros_kept	-0.0674877	29	0.727958	0.0617395
ENSG00000175581	MRPL48	S1_all_tissues_zeros_kept	0.564532	29	0.00142186	0.827849
ENSG00000175582	RAB6A	S1_all_tissues_zeros_kept	-0.236946	29	0.215872	0.011054
ENSG00000175592	FOSL1	S1_all_tissues_zeros_kept	0.267333	29	0.160923	0.400643
ENSG00000175595	ERCC4	S1_all_tissues_zeros_kept	0.427744	29	0.0206321	0.655313
ENSG00000175600	SUGCT	S1_all_tissues_zeros_kept	0.729877	29	7.01394e-06	0.954456
ENSG00000175606	TMEM70	S1_all_tissues_zeros_kept	0.104693	29	0.588868	0.188132
ENSG00000175634	RPS6KB2	S1_all_tissues_zeros_kept	0.452765	29	0.013652	0.691731
ENSG00000175662	TOM1L2	S1_all_tissues_zeros_kept	0.665517	29	8.16215e-05	0.914567
ENSG00000175707	KDF1	S1_all_tissues_zeros_kept	0.648788	29	0.000140713	0.900129
ENSG00000175711	B3GNTL1	S1_all_tissues_zeros_kept	0.376381	29	0.0441773	0.574165
ENSG00000175718	RBMXL3	S1_all_tissues_zeros_kept	0.719623	29	1.08386e-05	0.947644
ENSG00000175727	MLXIP	S1_all_tissues_zeros_kept	0.423182	29	0.0221767	0.6494
ENSG00000175756	AURKAIP1	S1_all_tissues_zeros_kept	-0.113269	29	0.558529	0.0404884
ENSG00000175768	TOMM5	S1_all_tissues_zeros_kept	0.301626	29	0.111801	0.454027
ENSG00000175792	RUVBL1	S1_all_tissues_zeros_kept	0.335468	29	0.0752323	0.510368
ENSG00000175793	SFN	S1_all_tissues_zeros_kept	0.778062	29	6.76602e-07	0.972622
ENSG00000175806	MSRA	S1_all_tissues_zeros_kept	0.500985	29	0.0056356	0.754841
ENSG00000175826	CTDNEP1	S1_all_tissues_zeros_kept	0.0931494	29	0.630796	0.176735
ENSG00000175857	GAPT	S1_all_tissues_zeros_kept	0.514518	29	0.00429533	0.772108
ENSG00000175866	BAIAP2	S1_all_tissues_zeros_kept	0.380342	29	0.041818	0.579392
ENSG00000175868	CALCB	S1_all_tissues_zeros_kept	0.598088	29	0.000611003	0.857541
ENSG00000175893	ZDHHC21	S1_all_tissues_zeros_kept	0.394013	29	0.0344385	0.599614
ENSG00000175895	PLEKHF2	S1_all_tissues_zeros_kept	0.378325	29	0.0430065	0.576821
ENSG00000175899	A2M	S1_all_tissues_zeros_kept	0.414286	29	0.0254607	0.634362
ENSG00000175906	ARL4D	S1_all_tissues_zeros_kept	0.130219	29	0.50077	0.218038
ENSG00000175920	DOK7	S1_all_tissues_zeros_kept	0.326867	29	0.0835045	0.497644
ENSG00000175928	LRRN1	S1_all_tissues_zeros_kept	0.0840872	29	0.664525	0.16671
ENSG00000175931	UBE2O	S1_all_tissues_zeros_kept	0.388177	29	0.0374486	0.591388
ENSG00000175938	ORAI3	S1_all_tissues_zeros_kept	0.174247	29	0.365988	0.270051
ENSG00000175970	UNC119B	S1_all_tissues_zeros_kept	0.626108	29	0.000280096	0.881534
ENSG00000176014	TUBB6	S1_all_tissues_zeros_kept	0.531527	29	0.00300496	0.79443
ENSG00000176018	LYSMD3	S1_all_tissues_zeros_kept	0.0560149	29	0.772882	0.142802
ENSG00000176022	B3GALT6	S1_all_tissues_zeros_kept	0.333621	29	0.0769532	0.507755
ENSG00000176029	C11orf16	S1_all_tissues_zeros_kept	0.527335	29	0.00328714	0.787832
ENSG00000176046	NUPR1	S1_all_tissues_zeros_kept	-0.0467883	29	0.809546	0.0715081
ENSG00000176049	JAKMIP2	S1_all_tissues_zeros_kept	0.294508	29	0.120941	0.442031
ENSG00000176055	MBLAC2	S1_all_tissues_zeros_kept	0.283779	29	0.135741	0.426864
ENSG00000176087	SLC35A4	S1_all_tissues_zeros_kept	0.0344828	29	0.859053	0.124464
ENSG00000176092	AIM1L	S1_all_tissues_zeros_kept	0.609399	29	0.0004499	0.868252
ENSG00000176095	IP6K1	S1_all_tissues_zeros_kept	0.255697	29	0.180642	0.383505
ENSG00000176101	SSNA1	S1_all_tissues_zeros_kept	0.0335141	29	0.862975	0.123779
ENSG00000176102	CSTF3	S1_all_tissues_zeros_kept	0.180788	29	0.34798	0.277207
ENSG00000176105	YES1	S1_all_tissues_zeros_kept	0.343842	29	0.0677991	0.52395
ENSG00000176108	CHMP6	S1_all_tissues_zeros_kept	0.0788177	29	0.684442	0.161268
ENSG00000176125	UFSP1	S1_all_tissues_zeros_kept	-0.14238	29	0.461257	0.0313625
ENSG00000176142	TMEM39A	S1_all_tissues_zeros_kept	0.187505	29	0.330056	0.285947
ENSG00000176148	TCP11L1	S1_all_tissues_zeros_kept	0.477891	29	0.00874345	0.725493
ENSG00000176153	GPX2	S1_all_tissues_zeros_kept	0.692994	29	3.08915e-05	0.932348
ENSG00000176155	CCDC57	S1_all_tissues_zeros_kept	0.236556	29	0.21665	0.354799
ENSG00000176160	HSF5	S1_all_tissues_zeros_kept	0.719623	29	1.08386e-05	0.947644
ENSG00000176170	SPHK1	S1_all_tissues_zeros_kept	0.206021	29	0.283626	0.310583
ENSG00000176171	BNIP3	S1_all_tissues_zeros_kept	0.383543	29	0.0399864	0.583933
ENSG00000176177	ENTHD1	S1_all_tissues_zeros_kept	0.446554	29	0.0151676	0.681534
ENSG00000176204	LRRTM4	S1_all_tissues_zeros_kept	0.331434	29	0.0790295	0.504456
ENSG00000176208	ATAD5	S1_all_tissues_zeros_kept	-0.059853	29	0.757765	0.0651671
ENSG00000176209	SMIM19	S1_all_tissues_zeros_kept	0.468483	29	0.0103703	0.714267
ENSG00000176225	RTTN	S1_all_tissues_zeros_kept	-0.0927391	29	0.632308	0.0484576
ENSG00000176244	ACBD7	S1_all_tissues_zeros_kept	0.708872	29	1.67715e-05	0.941602
ENSG00000176248	ANAPC2	S1_all_tissues_zeros_kept	0.367488	29	0.0498592	0.560883
ENSG00000176261	ZBTB8OS	S1_all_tissues_zeros_kept	-0.0428783	29	0.825209	0.0743359
ENSG00000176381	PRR18	S1_all_tissues_zeros_kept	0.598377	29	0.000606329	0.858655
ENSG00000176386	CDC26	S1_all_tissues_zeros_kept	-0.437492	29	0.0176273	0.000385604
ENSG00000176387	HSD11B2	S1_all_tissues_zeros_kept	0.796248	29	2.39732e-07	0.979049
ENSG00000176390	CRLF3	S1_all_tissues_zeros_kept	0.700333	29	2.34066e-05	0.937404
ENSG00000176393	RNPEP	S1_all_tissues_zeros_kept	0.227094	29	0.236137	0.342159
ENSG00000176406	RIMS2	S1_all_tissues_zeros_kept	0.493388	29	0.00653303	0.745287
ENSG00000176407	KCMF1	S1_all_tissues_zeros_kept	-0.365316	29	0.0513309	0.0020994
ENSG00000176410	DNAJC30	S1_all_tissues_zeros_kept	0.316544	29	0.0943283	0.481234
ENSG00000176422	SPRYD4	S1_all_tissues_zeros_kept	0.47931	29	0.00851784	0.726821
ENSG00000176435	CLEC14A	S1_all_tissues_zeros_kept	0.605419	29	0.000501719	0.864353
ENSG00000176444	CLK2	S1_all_tissues_zeros_kept	0.132263	29	0.494012	0.220266
ENSG00000176454	LPCAT4	S1_all_tissues_zeros_kept	0.660673	29	9.58941e-05	0.910583
ENSG00000176473	WDR25	S1_all_tissues_zeros_kept	0.219056	29	0.25358	0.33012
ENSG00000176476	SGF29	S1_all_tissues_zeros_kept	0.178347	29	0.354637	0.27425
ENSG00000176485	PLA2G16	S1_all_tissues_zeros_kept	0.218249	29	0.255377	0.328749
ENSG00000176490	DIRAS1	S1_all_tissues_zeros_kept	0.551394	29	0.0019328	0.81521
ENSG00000176531	PHLDB3	S1_all_tissues_zeros_kept	0.396923	29	0.0330121	0.604584
ENSG00000176532	PRR15	S1_all_tissues_zeros_kept	0.819546	29	5.39575e-08	0.985733
ENSG00000176533	GNG7	S1_all_tissues_zeros_kept	0.340929	29	0.0703178	0.519666
ENSG00000176566	DCAF4L2	S1_all_tissues_zeros_kept	0.719623	29	1.08386e-05	0.947644
ENSG00000176595	KBTBD11	S1_all_tissues_zeros_kept	0.579603	29	0.000983942	0.840488
ENSG00000176597	B3GNT5	S1_all_tissues_zeros_kept	0.168507	29	0.382229	0.262596
ENSG00000176619	LMNB2	S1_all_tissues_zeros_kept	0.277162	29	0.145503	0.416067
ENSG00000176623	RMDN1	S1_all_tissues_zeros_kept	0.465025	29	0.0110288	0.708955
ENSG00000176624	MEX3C	S1_all_tissues_zeros_kept	0.465488	29	0.0109386	0.709383
ENSG00000176635	HORMAD2	S1_all_tissues_zeros_kept	0.344046	29	0.0676262	0.524464
ENSG00000176658	MYO1D	S1_all_tissues_zeros_kept	0.77734	29	7.03656e-07	0.972536
ENSG00000176715	ACSF3	S1_all_tissues_zeros_kept	0.257143	29	0.178103	0.385304
ENSG00000176720	BOK	S1_all_tissues_zeros_kept	0.50173	29	0.00555356	0.75617
ENSG00000176731	C8orf59	S1_all_tissues_zeros_kept	-0.142476	29	0.460953	0.0312339
ENSG00000176732	PFN4	S1_all_tissues_zeros_kept	0.421153	29	0.0228931	0.645844
ENSG00000176771	NCKAP5	S1_all_tissues_zeros_kept	-0.0618051	29	0.75011	0.0645673
ENSG00000176783	RUFY1	S1_all_tissues_zeros_kept	0.727094	29	7.90836e-06	0.95347
ENSG00000176788	BASP1	S1_all_tissues_zeros_kept	0.709852	29	1.61302e-05	0.941945
ENSG00000176834	VSIG10	S1_all_tissues_zeros_kept	0.380962	29	0.0414586	0.580163
ENSG00000176845	METRNL	S1_all_tissues_zeros_kept	0.168681	29	0.381732	0.262811
ENSG00000176853	FAM91A1	S1_all_tissues_zeros_kept	0.0960591	29	0.620114	0.179777
ENSG00000176871	WSB2	S1_all_tissues_zeros_kept	0.419015	29	0.0236686	0.641431
ENSG00000176884	GRIN1	S1_all_tissues_zeros_kept	0.340588	29	0.0706171	0.519066
ENSG00000176890	TYMS	S1_all_tissues_zeros_kept	0.662683	29	8.97235e-05	0.911782
ENSG00000176894	PXMP2	S1_all_tissues_zeros_kept	0.493067	29	0.00657345	0.744773
ENSG00000176903	PNMA1	S1_all_tissues_zeros_kept	0.15634	29	0.418007	0.247943
ENSG00000176907	C8orf4	S1_all_tissues_zeros_kept	0.546765	29	0.00214731	0.81084
ENSG00000176915	ANKLE2	S1_all_tissues_zeros_kept	0.460099	29	0.012027	0.702099
ENSG00000176919	C8G	S1_all_tissues_zeros_kept	-0.108487	29	0.575356	0.042545
ENSG00000176946	THAP4	S1_all_tissues_zeros_kept	0.30365	29	0.109299	0.456769
ENSG00000176953	NFATC2IP	S1_all_tissues_zeros_kept	0.199778	29	0.298788	0.301157
ENSG00000176956	LY6H	S1_all_tissues_zeros_kept	0.460274	29	0.0119902	0.702356
ENSG00000176971	FIBIN	S1_all_tissues_zeros_kept	0.087007	29	0.653583	0.170908
ENSG00000176973	FAM89B	S1_all_tissues_zeros_kept	-0.118247	29	0.541253	0.0384319
ENSG00000176974	SHMT1	S1_all_tissues_zeros_kept	0.756158	29	2.09216e-06	0.964953
ENSG00000176978	DPP7	S1_all_tissues_zeros_kept	0.37734	29	0.0435966	0.575493
ENSG00000176986	SEC24C	S1_all_tissues_zeros_kept	-0.0413793	29	0.831231	0.0757069
ENSG00000176988	FMR1NB	S1_all_tissues_zeros_kept	0.512647	29	0.00446259	0.769794
ENSG00000176994	SMCR8	S1_all_tissues_zeros_kept	0.155665	29	0.420046	0.246915
ENSG00000177000	MTHFR	S1_all_tissues_zeros_kept	0.217788	29	0.256408	0.327892
ENSG00000177030	DEAF1	S1_all_tissues_zeros_kept	-0.0017426	29	0.992842	0.098329
ENSG00000177034	MTX3	S1_all_tissues_zeros_kept	-0.0162562	29	0.933298	0.0903171
ENSG00000177045	SIX5	S1_all_tissues_zeros_kept	-0.0348494	29	0.85757	0.0791345
ENSG00000177051	FBXO46	S1_all_tissues_zeros_kept	0.52533	29	0.00342997	0.784276
ENSG00000177054	ZDHHC13	S1_all_tissues_zeros_kept	0.497598	29	0.00602183	0.750257
ENSG00000177058	SLC38A9	S1_all_tissues_zeros_kept	0.252002	29	0.187242	0.377763
ENSG00000177082	WDR73	S1_all_tissues_zeros_kept	0.21244	29	0.268558	0.321208
ENSG00000177084	POLE	S1_all_tissues_zeros_kept	-0.000496044	29	0.997962	0.0988432
ENSG00000177098	SCN4B	S1_all_tissues_zeros_kept	0.0939741	29	0.627761	0.177506
ENSG00000177103	DSCAML1	S1_all_tissues_zeros_kept	-0.0680952	29	0.725602	0.0611397
ENSG00000177105	RHOG	S1_all_tissues_zeros_kept	0.436946	29	0.0177856	0.666624
ENSG00000177106	EPS8L2	S1_all_tissues_zeros_kept	0.637039	29	0.000202383	0.890617
ENSG00000177119	ANO6	S1_all_tissues_zeros_kept	0.371967	29	0.0469291	0.567309
ENSG00000177125	ZBTB34	S1_all_tissues_zeros_kept	0.140912	29	0.465937	0.229949
ENSG00000177143	CETN1	S1_all_tissues_zeros_kept	0.372882	29	0.0463477	0.568723
ENSG00000177150	FAM210A	S1_all_tissues_zeros_kept	0.445813	29	0.0153575	0.679649
ENSG00000177156	TALDO1	S1_all_tissues_zeros_kept	0.416256	29	0.0247011	0.637061
ENSG00000177169	ULK1	S1_all_tissues_zeros_kept	0.308015	29	0.104046	0.464053
ENSG00000177182	CLVS1	S1_all_tissues_zeros_kept	0.527335	29	0.00328714	0.787832
ENSG00000177189	RPS6KA3	S1_all_tissues_zeros_kept	0.204433	29	0.287434	0.307841
ENSG00000177192	PUS1	S1_all_tissues_zeros_kept	0.200493	29	0.297027	0.302228
ENSG00000177200	CHD9	S1_all_tissues_zeros_kept	0.185222	29	0.336084	0.283162
ENSG00000177225	PDDC1	S1_all_tissues_zeros_kept	0.346305	29	0.0657251	0.528663
ENSG00000177239	MAN1B1	S1_all_tissues_zeros_kept	0.407882	29	0.0280621	0.62455
ENSG00000177301	KCNA2	S1_all_tissues_zeros_kept	0.26072	29	0.171932	0.39036
ENSG00000177302	TOP3A	S1_all_tissues_zeros_kept	0.0500062	29	0.79671	0.136461
ENSG00000177303	CASKIN2	S1_all_tissues_zeros_kept	0.338424	29	0.0725405	0.515124
ENSG00000177311	ZBTB38	S1_all_tissues_zeros_kept	0.308412	29	0.103577	0.464824
ENSG00000177352	CCDC71	S1_all_tissues_zeros_kept	0.0991215	29	0.608953	0.183333
ENSG00000177354	C10orf71	S1_all_tissues_zeros_kept	0.353771	29	0.0597387	0.539974
ENSG00000177370	TIMM22	S1_all_tissues_zeros_kept	0.0914131	29	0.637205	0.175536
ENSG00000177374	HIC1	S1_all_tissues_zeros_kept	0.370802	29	0.047678	0.565596
ENSG00000177380	PPFIA3	S1_all_tissues_zeros_kept	0.141948	29	0.46263	0.230977
ENSG00000177409	SAMD9L	S1_all_tissues_zeros_kept	0.433305	29	0.0188706	0.662339
ENSG00000177425	PAWR	S1_all_tissues_zeros_kept	0.849754	29	5.49841e-09	0.991045
ENSG00000177426	TGIF1	S1_all_tissues_zeros_kept	0.0659341	29	0.733994	0.150943
ENSG00000177427	MIEF2	S1_all_tissues_zeros_kept	0.105076	29	0.587495	0.188732
ENSG00000177455	CD19	S1_all_tissues_zeros_kept	0.376184	29	0.0442971	0.573479
ENSG00000177463	NR2C2	S1_all_tissues_zeros_kept	0.411381	29	0.0266153	0.629692
ENSG00000177469	PTRF	S1_all_tissues_zeros_kept	0.614286	29	0.000392756	0.871422
ENSG00000177479	ARIH2	S1_all_tissues_zeros_kept	0.368966	29	0.0488769	0.563582
ENSG00000177483	RBM44	S1_all_tissues_zeros_kept	0.303233	29	0.109812	0.456084
ENSG00000177485	ZBTB33	S1_all_tissues_zeros_kept	0.347292	29	0.0649082	0.530634
ENSG00000177494	ZBED2	S1_all_tissues_zeros_kept	0.269921	29	0.156754	0.404242
ENSG00000177511	ST8SIA3	S1_all_tissues_zeros_kept	0.58806	29	0.000794032	0.848029
ENSG00000177548	RABEP2	S1_all_tissues_zeros_kept	0.31605	29	0.0948715	0.478278
ENSG00000177556	ATOX1	S1_all_tissues_zeros_kept	0.17734	29	0.357405	0.273265
ENSG00000177565	TBL1XR1	S1_all_tissues_zeros_kept	0.361084	29	0.0542972	0.551714
ENSG00000177570	SAMD12	S1_all_tissues_zeros_kept	0.315226	29	0.0957839	0.476135
ENSG00000177576	C18orf32	S1_all_tissues_zeros_kept	0.298086	29	0.116281	0.447986
ENSG00000177600	RPLP2	S1_all_tissues_zeros_kept	0.244335	29	0.201471	0.366067
ENSG00000177602	GSG2	S1_all_tissues_zeros_kept	0.171294	29	0.374291	0.266452
ENSG00000177606	JUN	S1_all_tissues_zeros_kept	0.100434	29	0.604196	0.184447
ENSG00000177613	CSTF2T	S1_all_tissues_zeros_kept	0.208154	29	0.278561	0.313925
ENSG00000177628	GBA	S1_all_tissues_zeros_kept	0.539901	29	0.00250305	0.80437
ENSG00000177646	ACAD9	S1_all_tissues_zeros_kept	0.209385	29	0.275662	0.315895
ENSG00000177663	IL17RA	S1_all_tissues_zeros_kept	0.321654	29	0.0888449	0.489931
ENSG00000177666	PNPLA2	S1_all_tissues_zeros_kept	0.256284	29	0.179608	0.384447
ENSG00000177674	AGTRAP	S1_all_tissues_zeros_kept	0.0832512	29	0.66767	0.165981
ENSG00000177675	CD163L1	S1_all_tissues_zeros_kept	0.720923	29	1.02676e-05	0.950257
ENSG00000177685	CRACR2B	S1_all_tissues_zeros_kept	0.318626	29	0.0920648	0.485818
ENSG00000177694	NAALADL2	S1_all_tissues_zeros_kept	0.551004	29	0.00195014	0.814953
ENSG00000177697	CD151	S1_all_tissues_zeros_kept	0.344199	29	0.0674961	0.524807
ENSG00000177700	POLR2L	S1_all_tissues_zeros_kept	-0.394581	29	0.0341562	0.000899743
ENSG00000177706	FAM20C	S1_all_tissues_zeros_kept	0.322326	29	0.088142	0.491131
ENSG00000177707	PVRL3	S1_all_tissues_zeros_kept	0.759113	29	1.80901e-06	0.96611
ENSG00000177728	TMEM94	S1_all_tissues_zeros_kept	0.478325	29	0.00867396	0.725921
ENSG00000177731	FLII	S1_all_tissues_zeros_kept	0.0812808	29	0.675105	0.163582
ENSG00000177733	HNRNPA0	S1_all_tissues_zeros_kept	0.469516	29	0.0101801	0.715039
ENSG00000177807	KCNJ10	S1_all_tissues_zeros_kept	0.238096	29	0.213586	0.357198
ENSG00000177830	CHID1	S1_all_tissues_zeros_kept	0.54335	29	0.00231844	0.807155
ENSG00000177868	SVBP	S1_all_tissues_zeros_kept	0.191973	29	0.318448	0.291131
ENSG00000177879	AP3S1	S1_all_tissues_zeros_kept	-0.369996	29	0.0482009	0.00192802
ENSG00000177885	GRB2	S1_all_tissues_zeros_kept	0.73202	29	6.38839e-06	0.95557
ENSG00000177888	ZBTB41	S1_all_tissues_zeros_kept	-0.182255	29	0.344017	0.0216367
ENSG00000177889	UBE2N	S1_all_tissues_zeros_kept	0.185714	29	0.334777	0.283676
ENSG00000177917	ARL6IP6	S1_all_tissues_zeros_kept	0.311259	29	0.100265	0.469709
ENSG00000177951	BET1L	S1_all_tissues_zeros_kept	0.345855	29	0.0661003	0.527464
ENSG00000177954	RPS27	S1_all_tissues_zeros_kept	0.359404	29	0.0555114	0.548715
ENSG00000177963	RIC8A	S1_all_tissues_zeros_kept	0.232512	29	0.224839	0.349614
ENSG00000177971	IMP3	S1_all_tissues_zeros_kept	0.15665	29	0.417074	0.248415
ENSG00000177990	DPY19L2	S1_all_tissues_zeros_kept	0.230876	29	0.228212	0.347943
ENSG00000178021	TSPYL6	S1_all_tissues_zeros_kept	0.598088	29	0.000611003	0.857541
ENSG00000178028	DMAP1	S1_all_tissues_zeros_kept	-0.0600985	29	0.756801	0.0649529
ENSG00000178035	IMPDH2	S1_all_tissues_zeros_kept	0.378818	29	0.0427138	0.578021
ENSG00000178038	ALS2CL	S1_all_tissues_zeros_kept	-0.174676	29	0.364789	0.0234362
ENSG00000178053	MLF1	S1_all_tissues_zeros_kept	0.574297	29	0.00112238	0.835518
ENSG00000178057	NDUFAF3	S1_all_tissues_zeros_kept	0.266502	29	0.162277	0.399314
ENSG00000178074	C2orf69	S1_all_tissues_zeros_kept	0.0288213	29	0.882019	0.120009
ENSG00000178075	GRAMD1C	S1_all_tissues_zeros_kept	0.121936	29	0.528618	0.208012
ENSG00000178078	STAP2	S1_all_tissues_zeros_kept	0.682803	29	4.4827e-05	0.927121
ENSG00000178096	BOLA1	S1_all_tissues_zeros_kept	0.301302	29	0.112207	0.453171
ENSG00000178104	PDE4DIP	S1_all_tissues_zeros_kept	0.437492	29	0.0176273	0.667224
ENSG00000178105	DDX10	S1_all_tissues_zeros_kept	-0.0980416	29	0.612879	0.0462725
ENSG00000178127	NDUFV2	S1_all_tissues_zeros_kept	0.488177	29	0.00721629	0.739117
ENSG00000178149	DALRD3	S1_all_tissues_zeros_kept	0.174898	29	0.364169	0.27108
ENSG00000178177	LCORL	S1_all_tissues_zeros_kept	-0.117721	29	0.543067	0.0386033
ENSG00000178184	PARD6G	S1_all_tissues_zeros_kept	0.473075	29	0.00954715	0.718895
ENSG00000178188	SH2B1	S1_all_tissues_zeros_kept	0.158128	29	0.412637	0.251285
ENSG00000178199	ZC3H12D	S1_all_tissues_zeros_kept	0.594559	29	0.000670676	0.852999
ENSG00000178202	KDELC2	S1_all_tissues_zeros_kept	0.19803	29	0.303125	0.298329
ENSG00000178209	PLEC	S1_all_tissues_zeros_kept	0.502771	29	0.00544055	0.757541
ENSG00000178233	TMEM151B	S1_all_tissues_zeros_kept	0.2422	29	0.205562	0.363196
ENSG00000178234	GALNT11	S1_all_tissues_zeros_kept	0.164712	29	0.393195	0.257541
ENSG00000178235	SLITRK1	S1_all_tissues_zeros_kept	0.527335	29	0.00328714	0.787832
ENSG00000178252	WDR6	S1_all_tissues_zeros_kept	0.185714	29	0.334777	0.283676
ENSG00000178295	GEN1	S1_all_tissues_zeros_kept	0.0904861	29	0.640637	0.174165
ENSG00000178307	TMEM11	S1_all_tissues_zeros_kept	0.101905	29	0.598883	0.185561
ENSG00000178338	ZNF354B	S1_all_tissues_zeros_kept	0.158114	29	0.41268	0.251028
ENSG00000178363	CALML3	S1_all_tissues_zeros_kept	0.433735	29	0.0187395	0.662596
ENSG00000178372	CALML5	S1_all_tissues_zeros_kept	0.460252	29	0.0119947	0.702271
ENSG00000178385	PLEKHM3	S1_all_tissues_zeros_kept	0.402592	29	0.0303701	0.615981
ENSG00000178409	BEND3	S1_all_tissues_zeros_kept	-0.174417	29	0.365511	0.0235219
ENSG00000178425	NT5DC1	S1_all_tissues_zeros_kept	0.397537	29	0.0327174	0.605784
ENSG00000178445	GLDC	S1_all_tissues_zeros_kept	0.6296	29	0.000252815	0.885133
ENSG00000178462	TUBAL3	S1_all_tissues_zeros_kept	0.182932	29	0.342197	0.280163
ENSG00000178467	P4HTM	S1_all_tissues_zeros_kept	0.606232	29	0.000490721	0.864996
ENSG00000178498	DTX3	S1_all_tissues_zeros_kept	0.709709	29	1.62224e-05	0.941774
ENSG00000178502	KLHL11	S1_all_tissues_zeros_kept	0.545569	29	0.00220596	0.80964
ENSG00000178537	SLC25A20	S1_all_tissues_zeros_kept	0.580296	29	0.000967034	0.841602
ENSG00000178538	CA8	S1_all_tissues_zeros_kept	0.771743	29	9.48926e-07	0.970308
ENSG00000178567	EPM2AIP1	S1_all_tissues_zeros_kept	0.412808	29	0.0260429	0.632434
ENSG00000178568	ERBB4	S1_all_tissues_zeros_kept	0.317026	29	0.093801	0.482391
ENSG00000178585	CTNNBIP1	S1_all_tissues_zeros_kept	0.16135	29	0.403057	0.253899
ENSG00000178597	PSAPL1	S1_all_tissues_zeros_kept	0.401017	29	0.0310866	0.612811
ENSG00000178605	GTPBP6	S1_all_tissues_zeros_kept	-0.138424	29	0.473928	0.0321765
ENSG00000178607	ERN1	S1_all_tissues_zeros_kept	0.354569	29	0.0591252	0.54126
ENSG00000178685	PARP10	S1_all_tissues_zeros_kept	0.465025	29	0.0110288	0.708955
ENSG00000178691	SUZ12	S1_all_tissues_zeros_kept	0.307389	29	0.104787	0.462896
ENSG00000178694	NSUN3	S1_all_tissues_zeros_kept	0.0204686	29	0.916067	0.113153
ENSG00000178695	KCTD12	S1_all_tissues_zeros_kept	0.738916	29	4.70129e-06	0.958012
ENSG00000178718	RPP25	S1_all_tissues_zeros_kept	0.175741	29	0.361828	0.272194
ENSG00000178732	GP5	S1_all_tissues_zeros_kept	-0.136471	29	0.480248	0.0326478
ENSG00000178741	COX5A	S1_all_tissues_zeros_kept	0.603448	29	0.000529259	0.863025
ENSG00000178752	FAM132B	S1_all_tissues_zeros_kept	0.522806	29	0.00361726	0.781362
ENSG00000178761	FAM219B	S1_all_tissues_zeros_kept	0.258953	29	0.174961	0.387875
ENSG00000178764	ZHX2	S1_all_tissues_zeros_kept	0.364084	29	0.0521806	0.556684
ENSG00000178772	CPN2	S1_all_tissues_zeros_kept	0.141247	29	0.464867	0.230206
ENSG00000178773	CPNE7	S1_all_tissues_zeros_kept	0.0236462	29	0.903094	0.116495
ENSG00000178796	RIIAD1	S1_all_tissues_zeros_kept	0.167223	29	0.385921	0.260797
ENSG00000178802	MPI	S1_all_tissues_zeros_kept	0.476847	29	0.00891264	0.723693
ENSG00000178882	FAM101A	S1_all_tissues_zeros_kept	0.311753	29	0.0996988	0.47048
ENSG00000178896	EXOSC4	S1_all_tissues_zeros_kept	-0.193103	29	0.315553	0.0185518
ENSG00000178904	DPY19L3	S1_all_tissues_zeros_kept	0.543842	29	0.00229305	0.807584
ENSG00000178913	TAF7	S1_all_tissues_zeros_kept	0.257143	29	0.178103	0.385304
ENSG00000178917	ZNF852	S1_all_tissues_zeros_kept	-0.044454	29	0.818888	0.0731362
ENSG00000178919	FOXE1	S1_all_tissues_zeros_kept	0.289033	29	0.128337	0.434747
ENSG00000178921	PFAS	S1_all_tissues_zeros_kept	0.0285714	29	0.883034	0.119751
ENSG00000178922	HYI	S1_all_tissues_zeros_kept	0.223153	29	0.244586	0.336932
ENSG00000178927	C17orf62	S1_all_tissues_zeros_kept	0.310345	29	0.10132	0.467823
ENSG00000178934	LGALS7B	S1_all_tissues_zeros_kept	0.437892	29	0.0175123	0.667395
ENSG00000178950	GAK	S1_all_tissues_zeros_kept	0.440887	29	0.01667	0.672708
ENSG00000178951	ZBTB7A	S1_all_tissues_zeros_kept	0.365025	29	0.0515309	0.557969
ENSG00000178952	TUFM	S1_all_tissues_zeros_kept	0.528079	29	0.00323547	0.790103
ENSG00000178965	ERICH3	S1_all_tissues_zeros_kept	0.44592	29	0.0153299	0.679906
ENSG00000178966	RMI1	S1_all_tissues_zeros_kept	0.0340901	29	0.860643	0.124207
ENSG00000178971	CTC1	S1_all_tissues_zeros_kept	0.145645	29	0.450934	0.235176
ENSG00000178980	SEPW1	S1_all_tissues_zeros_kept	0.371612	29	0.0471564	0.566795
ENSG00000178982	EIF3K	S1_all_tissues_zeros_kept	0.259606	29	0.173837	0.38856
ENSG00000178996	SNX18	S1_all_tissues_zeros_kept	0.462069	29	0.011619	0.704799
ENSG00000179010	MRFAP1	S1_all_tissues_zeros_kept	0.0901922	29	0.641727	0.173822
ENSG00000179021	C3orf38	S1_all_tissues_zeros_kept	0.304433	29	0.108342	0.457755
ENSG00000179023	KLHDC7A	S1_all_tissues_zeros_kept	0.332857	29	0.0776739	0.506984
ENSG00000179041	RRS1	S1_all_tissues_zeros_kept	0.279591	29	0.141862	0.420351
ENSG00000179044	EXOC3L1	S1_all_tissues_zeros_kept	-0.158904	29	0.410318	0.0264781
ENSG00000179051	RCC2	S1_all_tissues_zeros_kept	0.629064	29	0.000256844	0.884704
ENSG00000179071	CCDC89	S1_all_tissues_zeros_kept	0.241625	29	0.206674	0.362168
ENSG00000179085	DPM3	S1_all_tissues_zeros_kept	-0.0108374	29	0.955505	0.0934019
ENSG00000179091	CYC1	S1_all_tissues_zeros_kept	0.562562	29	0.00149006	0.826307
ENSG00000179094	PER1	S1_all_tissues_zeros_kept	0.361487	29	0.054009	0.552571
ENSG00000179104	TMTC2	S1_all_tissues_zeros_kept	0.185127	29	0.336335	0.282991
ENSG00000179115	FARSA	S1_all_tissues_zeros_kept	0.389163	29	0.0369262	0.592674
ENSG00000179119	SPTY2D1	S1_all_tissues_zeros_kept	0.0135793	29	0.944263	0.108783
ENSG00000179134	SAMD4B	S1_all_tissues_zeros_kept	0.215271	29	0.26208	0.325107
ENSG00000179142	CYP11B2	S1_all_tissues_zeros_kept	0.331434	29	0.0790295	0.504456
ENSG00000179144	GIMAP7	S1_all_tissues_zeros_kept	0.663547	29	8.71806e-05	0.912639
ENSG00000179151	EDC3	S1_all_tissues_zeros_kept	0.589163	29	0.000771802	0.848886
ENSG00000179152	TCAIM	S1_all_tissues_zeros_kept	0.509772	29	0.00473039	0.766881
ENSG00000179163	FUCA1	S1_all_tissues_zeros_kept	0.582266	29	0.000920277	0.843659
ENSG00000179168	GGN	S1_all_tissues_zeros_kept	0.719623	29	1.08386e-05	0.949057
ENSG00000179195	ZNF664	S1_all_tissues_zeros_kept	0.50166	29	0.00556123	0.756084
ENSG00000179218	CALR	S1_all_tissues_zeros_kept	0.270443	29	0.155922	0.405527
ENSG00000179222	MAGED1	S1_all_tissues_zeros_kept	0.318519	29	0.0921791	0.485561
ENSG00000179241	LDLRAD3	S1_all_tissues_zeros_kept	0.232504	29	0.224856	0.3494
ENSG00000179242	CDH4	S1_all_tissues_zeros_kept	0.205646	29	0.284522	0.309897
ENSG00000179262	RAD23A	S1_all_tissues_zeros_kept	0.327586	29	0.0827868	0.498372
ENSG00000179271	GADD45GIP1	S1_all_tissues_zeros_kept	0.0438424	29	0.82134	0.131277
ENSG00000179292	TMEM151A	S1_all_tissues_zeros_kept	0.200959	29	0.295881	0.302999
ENSG00000179295	PTPN11	S1_all_tissues_zeros_kept	0.668966	29	7.26478e-05	0.917995
ENSG00000179335	CLK3	S1_all_tissues_zeros_kept	0.285749	29	0.132929	0.42982
ENSG00000179363	TMEM31	S1_all_tissues_zeros_kept	1	29	0	0.997943
ENSG00000179364	PACS2	S1_all_tissues_zeros_kept	0.255665	29	0.180698	0.383376
ENSG00000179387	ELMOD2	S1_all_tissues_zeros_kept	0.541446	29	0.00241886	0.805741
ENSG00000179399	GPC5	S1_all_tissues_zeros_kept	0.139893	29	0.469202	0.228749
ENSG00000179403	VWA1	S1_all_tissues_zeros_kept	0.195687	29	0.308996	0.295844
ENSG00000179409	GEMIN4	S1_all_tissues_zeros_kept	0.30989	29	0.101847	0.467138
ENSG00000179477	ALOX12B	S1_all_tissues_zeros_kept	0.534524	29	0.00281621	0.797301
ENSG00000179526	SHARPIN	S1_all_tissues_zeros_kept	-0.0849858	29	0.66115	0.052485
ENSG00000179562	GCC1	S1_all_tissues_zeros_kept	0.394876	29	0.0340103	0.600686
ENSG00000179593	ALOX15B	S1_all_tissues_zeros_kept	0.389618	29	0.0366864	0.593359
ENSG00000179604	CDC42EP4	S1_all_tissues_zeros_kept	0.552217	29	0.00189671	0.815767
ENSG00000179630	LACC1	S1_all_tissues_zeros_kept	0.38398	29	0.0397412	0.584619
ENSG00000179632	MAF1	S1_all_tissues_zeros_kept	0.178604	29	0.353933	0.274422
ENSG00000179636	TPPP2	S1_all_tissues_zeros_kept	0.391071	29	0.0359308	0.595373
ENSG00000179751	SYCN	S1_all_tissues_zeros_kept	0.36605	29	0.0508295	0.558912
ENSG00000179761	PIPOX	S1_all_tissues_zeros_kept	0.440363	29	0.0168147	0.671765
ENSG00000179776	CDH5	S1_all_tissues_zeros_kept	0.529557	29	0.00313489	0.792288
ENSG00000179796	LRRC3B	S1_all_tissues_zeros_kept	0.312185	29	0.0992052	0.471165
ENSG00000179813	FAM216B	S1_all_tissues_zeros_kept	0.191781	29	0.318943	0.291003
ENSG00000179820	MYADM	S1_all_tissues_zeros_kept	0.365025	29	0.0515309	0.557969
ENSG00000179832	MROH1	S1_all_tissues_zeros_kept	0.418748	29	0.0237669	0.641088
ENSG00000179855	GIPC3	S1_all_tissues_zeros_kept	0.53085	29	0.0030491	0.793702
ENSG00000179889	PDXDC1	S1_all_tissues_zeros_kept	0.817734	29	6.10471e-08	0.985347
ENSG00000179902	C1orf194	S1_all_tissues_zeros_kept	0.488204	29	0.00721259	0.739289
ENSG00000179909	ZNF154	S1_all_tissues_zeros_kept	-0.0972499	29	0.615764	0.0468295
ENSG00000179912	R3HDM2	S1_all_tissues_zeros_kept	0.491375	29	0.0067902	0.743145
ENSG00000179913	B3GNT3	S1_all_tissues_zeros_kept	0.679314	29	5.07509e-05	0.924893
ENSG00000179914	ITLN1	S1_all_tissues_zeros_kept	0.347558	29	0.0646892	0.531063
ENSG00000179915	NRXN1	S1_all_tissues_zeros_kept	0.309528	29	0.102269	0.466538
ENSG00000179918	SEPHS2	S1_all_tissues_zeros_kept	0.708867	29	1.67752e-05	0.941474
ENSG00000179922	ZNF784	S1_all_tissues_zeros_kept	-0.0236555	29	0.903056	0.0865895
ENSG00000179933	C14orf119	S1_all_tissues_zeros_kept	0.204695	29	0.286804	0.308355
ENSG00000179950	PUF60	S1_all_tissues_zeros_kept	-0.0216749	29	0.91114	0.0881748
ENSG00000179954	SSC5D	S1_all_tissues_zeros_kept	0.749878	29	2.83065e-06	0.962596
ENSG00000179958	DCTPP1	S1_all_tissues_zeros_kept	0.537438	29	0.00264255	0.801628
ENSG00000179965	ZNF771	S1_all_tissues_zeros_kept	0.0529152	29	0.78515	0.139374
ENSG00000180011	ZADH2	S1_all_tissues_zeros_kept	0.298522	29	0.115722	0.448843
ENSG00000180035	ZNF48	S1_all_tissues_zeros_kept	0.361789	29	0.0537939	0.553085
ENSG00000180096	SEPT1	S1_all_tissues_zeros_kept	0.505456	29	0.00515815	0.761654
ENSG00000180098	TRNAU1AP	S1_all_tissues_zeros_kept	0.220273	29	0.250886	0.332605
ENSG00000180104	EXOC3	S1_all_tissues_zeros_kept	0.30053	29	0.113175	0.451971
ENSG00000180113	TDRD6	S1_all_tissues_zeros_kept	0.30891	29	0.102992	0.465338
ENSG00000180155	LYNX1	S1_all_tissues_zeros_kept	0.428191	29	0.0204857	0.655913
ENSG00000180176	TH	S1_all_tissues_zeros_kept	0.316228	29	0.0946761	0.479306
ENSG00000180182	MED14	S1_all_tissues_zeros_kept	-0.0349754	29	0.85706	0.079006
ENSG00000180185	FAHD1	S1_all_tissues_zeros_kept	0.339409	29	0.0716599	0.516624
ENSG00000180190	TDRP	S1_all_tissues_zeros_kept	0.585192	29	0.000854498	0.84563
ENSG00000180198	RCC1	S1_all_tissues_zeros_kept	0.374877	29	0.0451001	0.572365
ENSG00000180209	MYLPF	S1_all_tissues_zeros_kept	0.0146091	29	0.940043	0.109554
ENSG00000180210	F2	S1_all_tissues_zeros_kept	-0.0677631	29	0.72689	0.0615681
ENSG00000180228	PRKRA	S1_all_tissues_zeros_kept	0.495074	29	0.0063241	0.747344
ENSG00000180233	ZNRF2	S1_all_tissues_zeros_kept	0.0854785	29	0.659303	0.168723
ENSG00000180251	SLC9A4	S1_all_tissues_zeros_kept	0.30651	29	0.105835	0.461397
ENSG00000180263	FGD6	S1_all_tissues_zeros_kept	0.0861266	29	0.656875	0.169537
ENSG00000180329	CCDC43	S1_all_tissues_zeros_kept	0.344335	29	0.0673803	0.524979
ENSG00000180332	KCTD4	S1_all_tissues_zeros_kept	0.265945	29	0.16319	0.398115
ENSG00000180336	C17orf104	S1_all_tissues_zeros_kept	0.446554	29	0.0151676	0.681534
ENSG00000180340	FZD2	S1_all_tissues_zeros_kept	0.336325	29	0.0744438	0.51144
ENSG00000180346	TIGD2	S1_all_tissues_zeros_kept	-0.0358256	29	0.853622	0.0783633
ENSG00000180353	HCLS1	S1_all_tissues_zeros_kept	0.918719	29	2.09806e-12	0.995244
ENSG00000180357	ZNF609	S1_all_tissues_zeros_kept	0.469951	29	0.0101009	0.715467
ENSG00000180370	PAK2	S1_all_tissues_zeros_kept	0.464532	29	0.0111254	0.708183
ENSG00000180376	CCDC66	S1_all_tissues_zeros_kept	0.0737589	29	0.70376	0.156769
ENSG00000180398	MCFD2	S1_all_tissues_zeros_kept	0.36798	29	0.04953	0.56174
ENSG00000180424	DEFB123	S1_all_tissues_zeros_kept	0.719623	29	1.08386e-05	0.947644
ENSG00000180432	CYP8B1	S1_all_tissues_zeros_kept	0.377124	29	0.043727	0.575021
ENSG00000180481	GLIPR1L2	S1_all_tissues_zeros_kept	0.208014	29	0.27889	0.313668
ENSG00000180483	DEFB119	S1_all_tissues_zeros_kept	1	29	0	0.997943
ENSG00000180488	FAM73A	S1_all_tissues_zeros_kept	0.495117	29	0.00631888	0.747686
ENSG00000180530	NRIP1	S1_all_tissues_zeros_kept	0.126987	29	0.511546	0.21461
ENSG00000180535	BHLHA15	S1_all_tissues_zeros_kept	0.381959	29	0.0408847	0.581534
ENSG00000180543	TSPYL5	S1_all_tissues_zeros_kept	0.338916	29	0.0720991	0.516024
ENSG00000180549	FUT7	S1_all_tissues_zeros_kept	0.0264369	29	0.89172	0.118038
ENSG00000180573	HIST1H2AC	S1_all_tissues_zeros_kept	-0.126601	29	0.512842	0.0362896
ENSG00000180611	MB21D2	S1_all_tissues_zeros_kept	0.482997	29	0.00795456	0.73329
ENSG00000180628	PCGF5	S1_all_tissues_zeros_kept	0.137032	29	0.478426	0.22515
ENSG00000180638	SLC47A2	S1_all_tissues_zeros_kept	0.297957	29	0.116446	0.446744
ENSG00000180720	CHRM4	S1_all_tissues_zeros_kept	0.195988	29	0.308238	0.296187
ENSG00000180730	SHISA2	S1_all_tissues_zeros_kept	0.0348754	29	0.857464	0.12485
ENSG00000180739	S1PR5	S1_all_tissues_zeros_kept	0.446554	29	0.0151676	0.681534
ENSG00000180745	CLRN3	S1_all_tissues_zeros_kept	0.657395	29	0.000106769	0.907412
ENSG00000180767	CHST13	S1_all_tissues_zeros_kept	0.445534	29	0.0154294	0.679049
ENSG00000180773	SLC36A4	S1_all_tissues_zeros_kept	-0.0308484	29	0.873784	0.0824764
ENSG00000180776	ZDHHC20	S1_all_tissues_zeros_kept	0.122429	29	0.526939	0.208398
ENSG00000180787	ZFP3	S1_all_tissues_zeros_kept	0.39591	29	0.033503	0.602271
ENSG00000180815	MAP3K15	S1_all_tissues_zeros_kept	0.382935	29	0.0403293	0.583162
ENSG00000180817	PPA1	S1_all_tissues_zeros_kept	0.197537	29	0.304353	0.297686
ENSG00000180822	PSMG4	S1_all_tissues_zeros_kept	0.152158	29	0.430722	0.242888
ENSG00000180834	MAP6D1	S1_all_tissues_zeros_kept	0.276209	29	0.146949	0.41461
ENSG00000180879	SSR4	S1_all_tissues_zeros_kept	0.4133	29	0.0258476	0.633119
ENSG00000180881	CAPS2	S1_all_tissues_zeros_kept	-0.00561384	29	0.976943	0.0961011
ENSG00000180891	CUEDC1	S1_all_tissues_zeros_kept	0.454187	29	0.0133234	0.693873
ENSG00000180900	SCRIB	S1_all_tissues_zeros_kept	0.26284	29	0.168346	0.393359
ENSG00000180901	KCTD2	S1_all_tissues_zeros_kept	0.26836	29	0.159259	0.402442
ENSG00000180902	D2HGDH	S1_all_tissues_zeros_kept	0.163074	29	0.397981	0.255998
ENSG00000180917	CMTR2	S1_all_tissues_zeros_kept	0.473632	29	0.00945103	0.719794
ENSG00000180921	FAM83H	S1_all_tissues_zeros_kept	0.617569	29	0.000358041	0.873393
ENSG00000180929	GPR62	S1_all_tissues_zeros_kept	1	29	0	0.997943
ENSG00000180957	PITPNB	S1_all_tissues_zeros_kept	0.458621	29	0.0123407	0.7
ENSG00000180964	TCEAL8	S1_all_tissues_zeros_kept	0.237905	29	0.213963	0.356684
ENSG00000180979	LRRC57	S1_all_tissues_zeros_kept	0.110112	29	0.569613	0.194901
ENSG00000180992	MRPL14	S1_all_tissues_zeros_kept	0.198054	29	0.303064	0.298672
ENSG00000181016	LSMEM1	S1_all_tissues_zeros_kept	0.274226	29	0.149992	0.41144
ENSG00000181027	FKRP	S1_all_tissues_zeros_kept	-0.00258213	29	0.989394	0.0976435
ENSG00000181029	TRAPPC5	S1_all_tissues_zeros_kept	-0.0812808	29	0.675105	0.054413
ENSG00000181035	SLC25A42	S1_all_tissues_zeros_kept	0.530049	29	0.00310196	0.792845
ENSG00000181038	METTL23	S1_all_tissues_zeros_kept	-0.0288822	29	0.881771	0.0837618
ENSG00000181045	SLC26A11	S1_all_tissues_zeros_kept	0.0452273	29	0.815791	0.132434
ENSG00000181061	HIGD1A	S1_all_tissues_zeros_kept	0.490947	29	0.00684595	0.742288
ENSG00000181072	CHRM2	S1_all_tissues_zeros_kept	0.528269	29	0.00322241	0.790446
ENSG00000181085	MAPK15	S1_all_tissues_zeros_kept	0.0254655	29	0.895677	0.117266
ENSG00000181090	EHMT1	S1_all_tissues_zeros_kept	0.319744	29	0.0908657	0.487489
ENSG00000181092	ADIPOQ	S1_all_tissues_zeros_kept	0.32777	29	0.0826047	0.498843
ENSG00000181143	MUC16	S1_all_tissues_zeros_kept	0.314037	29	0.0971104	0.473993
ENSG00000181163	NPM1	S1_all_tissues_zeros_kept	0.402956	29	0.0302068	0.616538
ENSG00000181191	PJA1	S1_all_tissues_zeros_kept	0.28349	29	0.136157	0.426093
ENSG00000181192	DHTKD1	S1_all_tissues_zeros_kept	0.44335	29	0.0160026	0.676007
ENSG00000181195	PENK	S1_all_tissues_zeros_kept	0.148573	29	0.441787	0.239203
ENSG00000181220	ZNF746	S1_all_tissues_zeros_kept	-0.0447377	29	0.817752	0.0728792
ENSG00000181222	POLR2A	S1_all_tissues_zeros_kept	0.236946	29	0.215872	0.355441
ENSG00000181284	TMEM102	S1_all_tissues_zeros_kept	0.261836	29	0.170038	0.391817
ENSG00000181291	TMEM132E	S1_all_tissues_zeros_kept	0.352136	29	0.0610117	0.537489
ENSG00000181322	NME9	S1_all_tissues_zeros_kept	0.135225	29	0.484303	0.222922
ENSG00000181333	HEPHL1	S1_all_tissues_zeros_kept	0.418323	29	0.0239242	0.640617
ENSG00000181350	LRRC75A	S1_all_tissues_zeros_kept	0.57321	29	0.00115274	0.834919
ENSG00000181378	CCDC108	S1_all_tissues_zeros_kept	0.450695	29	0.0141424	0.687832
ENSG00000181381	DDX60L	S1_all_tissues_zeros_kept	0.292118	29	0.12413	0.438132
ENSG00000181396	OGFOD3	S1_all_tissues_zeros_kept	0.289163	29	0.128158	0.435004
ENSG00000181409	AATK	S1_all_tissues_zeros_kept	0.313014	29	0.0982637	0.472879
ENSG00000181418	DDN	S1_all_tissues_zeros_kept	0.997449	29	1.69954e-32	0.995758
ENSG00000181433	SAGE1	S1_all_tissues_zeros_kept	0.292979	29	0.122974	0.438903
ENSG00000181449	SOX2	S1_all_tissues_zeros_kept	0.26511	29	0.164565	0.39653
ENSG00000181458	TMEM45A	S1_all_tissues_zeros_kept	0.243727	29	0.202631	0.365424
ENSG00000181467	RAP2B	S1_all_tissues_zeros_kept	0.26555	29	0.16384	0.397429
ENSG00000181472	ZBTB2	S1_all_tissues_zeros_kept	0.332861	29	0.0776694	0.507069
ENSG00000181481	RNF135	S1_all_tissues_zeros_kept	0.515764	29	0.00418697	0.773608
ENSG00000181513	ACBD4	S1_all_tissues_zeros_kept	0.298273	29	0.116041	0.448458
ENSG00000181523	SGSH	S1_all_tissues_zeros_kept	0.312808	29	0.0984969	0.472536
ENSG00000181541	MAB21L2	S1_all_tissues_zeros_kept	0.527358	29	0.0032855	0.789075
ENSG00000181555	SETD2	S1_all_tissues_zeros_kept	0.242857	29	0.204297	0.363967
ENSG00000181588	MEX3D	S1_all_tissues_zeros_kept	0.0436865	29	0.821966	0.131063
ENSG00000181610	MRPS23	S1_all_tissues_zeros_kept	0.436946	29	0.0177856	0.666624
ENSG00000181617	FDCSP	S1_all_tissues_zeros_kept	0.480386	29	0.0083501	0.73012
ENSG00000181649	PHLDA2	S1_all_tissues_zeros_kept	0.213907	29	0.265189	0.323093
ENSG00000181704	YIPF6	S1_all_tissues_zeros_kept	0.0216749	29	0.91114	0.11401
ENSG00000181722	ZBTB20	S1_all_tissues_zeros_kept	0.138355	29	0.474148	0.226907
ENSG00000181744	C3orf58	S1_all_tissues_zeros_kept	0.179332	29	0.351941	0.27545
ENSG00000181751	C5orf30	S1_all_tissues_zeros_kept	0.29834	29	0.115955	0.448629
ENSG00000181754	AMIGO1	S1_all_tissues_zeros_kept	0.186593	29	0.332455	0.284619
ENSG00000181789	COPG1	S1_all_tissues_zeros_kept	0.385222	29	0.0390518	0.586718
ENSG00000181790	ADGRB1	S1_all_tissues_zeros_kept	0.246732	29	0.196945	0.36958
ENSG00000181804	SLC9A9	S1_all_tissues_zeros_kept	0.67726	29	5.45562e-05	0.923436
ENSG00000181817	LSM10	S1_all_tissues_zeros_kept	-0.0303293	29	0.875892	0.0829906
ENSG00000181826	RELL1	S1_all_tissues_zeros_kept	0.475792	29	0.00908652	0.721979
ENSG00000181827	RFX7	S1_all_tissues_zeros_kept	0.236323	29	0.217116	0.35437
ENSG00000181847	TIGIT	S1_all_tissues_zeros_kept	0.496768	29	0.00611982	0.749057
ENSG00000181852	RNF41	S1_all_tissues_zeros_kept	0.347451	29	0.0647772	0.530891
ENSG00000181873	IBA57	S1_all_tissues_zeros_kept	0.040756	29	0.833738	0.12952
ENSG00000181885	CLDN7	S1_all_tissues_zeros_kept	0.692502	29	3.14625e-05	0.932177
ENSG00000181904	C5orf24	S1_all_tissues_zeros_kept	0.145885	29	0.450183	0.235775
ENSG00000181915	ADO	S1_all_tissues_zeros_kept	0.296835	29	0.117895	0.445201
ENSG00000181924	COA4	S1_all_tissues_zeros_kept	0.412315	29	0.0262393	0.631534
ENSG00000181929	PRKAG1	S1_all_tissues_zeros_kept	0.258653	29	0.17548	0.387618
ENSG00000181938	GINS3	S1_all_tissues_zeros_kept	0.00575774	29	0.976352	0.103299
ENSG00000181982	CCDC149	S1_all_tissues_zeros_kept	0.190504	29	0.322236	0.28976
ENSG00000181991	MRPS11	S1_all_tissues_zeros_kept	0.162089	29	0.400877	0.254713
ENSG00000182004	SNRPE	S1_all_tissues_zeros_kept	-0.115271	29	0.551551	0.0397172
ENSG00000182022	CHST15	S1_all_tissues_zeros_kept	-0.229155	29	0.231796	0.0124679
ENSG00000182054	IDH2	S1_all_tissues_zeros_kept	0.721675	29	9.94965e-06	0.950728
ENSG00000182087	TMEM259	S1_all_tissues_zeros_kept	-0.205027	29	0.286006	0.0163239
ENSG00000182093	WRB	S1_all_tissues_zeros_kept	0.421499	29	0.0227695	0.647386
ENSG00000182095	TNRC18	S1_all_tissues_zeros_kept	0.420469	29	0.023139	0.643745
ENSG00000182107	TMEM30B	S1_all_tissues_zeros_kept	0.772644	29	9.04847e-07	0.970651
ENSG00000182117	NOP10	S1_all_tissues_zeros_kept	0.233498	29	0.222825	0.3512
ENSG00000182132	KCNIP1	S1_all_tissues_zeros_kept	0.401386	29	0.0309172	0.613368
ENSG00000182149	IST1	S1_all_tissues_zeros_kept	0.65468	29	0.000116591	0.904927
ENSG00000182154	MRPL41	S1_all_tissues_zeros_kept	0.0665025	29	0.731784	0.151457
ENSG00000182156	ENPP7	S1_all_tissues_zeros_kept	0.374686	29	0.0452184	0.572194
ENSG00000182158	CREB3L2	S1_all_tissues_zeros_kept	-0.1882	29	0.328231	0.0197515
ENSG00000182162	P2RY8	S1_all_tissues_zeros_kept	0.496911	29	0.00610291	0.749314
ENSG00000182173	TSEN54	S1_all_tissues_zeros_kept	0.268558	29	0.158941	0.402956
ENSG00000182179	UBA7	S1_all_tissues_zeros_kept	0.748276	29	3.05343e-06	0.961825
ENSG00000182180	MRPS16	S1_all_tissues_zeros_kept	0.469458	29	0.0101906	0.714739
ENSG00000182196	ARL6IP4	S1_all_tissues_zeros_kept	0.184236	29	0.338706	0.281234
ENSG00000182197	EXT1	S1_all_tissues_zeros_kept	0.4873	29	0.00733708	0.738175
ENSG00000182199	SHMT2	S1_all_tissues_zeros_kept	0.416749	29	0.0245141	0.637875
ENSG00000182208	MOB2	S1_all_tissues_zeros_kept	0.39803	29	0.0324824	0.606727
ENSG00000182218	HHIPL1	S1_all_tissues_zeros_kept	0.290275	29	0.126631	0.436118
ENSG00000182220	ATP6AP2	S1_all_tissues_zeros_kept	0.0866995	29	0.654732	0.170523
ENSG00000182224	CYB5D1	S1_all_tissues_zeros_kept	0.22483	29	0.240965	0.339203
ENSG00000182240	BACE2	S1_all_tissues_zeros_kept	0.181332	29	0.346507	0.278106
ENSG00000182247	UBE2E2	S1_all_tissues_zeros_kept	0.224138	29	0.242455	0.338089
ENSG00000182253	SYNM	S1_all_tissues_zeros_kept	0.744427	29	3.65453e-06	0.960411
ENSG00000182255	KCNA4	S1_all_tissues_zeros_kept	0.402939	29	0.0302142	0.616238
ENSG00000182271	TMIGD1	S1_all_tissues_zeros_kept	0.386471	29	0.0383674	0.589332
ENSG00000182308	DCAF4L1	S1_all_tissues_zeros_kept	0.271387	29	0.154428	0.407584
ENSG00000182325	FBXL6	S1_all_tissues_zeros_kept	0.132178	29	0.494293	0.220094
ENSG00000182326	C1S	S1_all_tissues_zeros_kept	0.6133	29	0.000403733	0.87078
ENSG00000182327	GLTPD2	S1_all_tissues_zeros_kept	0.797388	29	2.23871e-07	0.979734
ENSG00000182329	KIAA2012	S1_all_tissues_zeros_kept	0.43825	29	0.0174096	0.667995
ENSG00000182333	LIPF	S1_all_tissues_zeros_kept	0.324459	29	0.0859402	0.493787
ENSG00000182359	KBTBD3	S1_all_tissues_zeros_kept	0.0101542	29	0.958307	0.105613
ENSG00000182362	YBEY	S1_all_tissues_zeros_kept	0.306165	29	0.106249	0.46054
ENSG00000182372	CLN8	S1_all_tissues_zeros_kept	0.159384	29	0.408886	0.252399
ENSG00000182389	CACNB4	S1_all_tissues_zeros_kept	0.0854434	29	0.659434	0.168595
ENSG00000182400	TRAPPC6B	S1_all_tissues_zeros_kept	-0.0862175	29	0.656535	0.0515424
ENSG00000182446	NPLOC4	S1_all_tissues_zeros_kept	0.442857	29	0.0161343	0.675321
ENSG00000182473	EXOC7	S1_all_tissues_zeros_kept	0.269458	29	0.157494	0.403685
ENSG00000182481	KPNA2	S1_all_tissues_zeros_kept	0.400985	29	0.031101	0.612554
ENSG00000182492	BGN	S1_all_tissues_zeros_kept	0.382266	29	0.0407094	0.582091
ENSG00000182504	CEP97	S1_all_tissues_zeros_kept	0.620986	29	0.000324821	0.876821
ENSG00000182512	GLRX5	S1_all_tissues_zeros_kept	0.562207	29	0.00150261	0.826093
ENSG00000182533	CAV3	S1_all_tissues_zeros_kept	0.489668	29	0.00701491	0.740788
ENSG00000182534	MXRA7	S1_all_tissues_zeros_kept	0.394089	29	0.0344009	0.599871
ENSG00000182541	LIMK2	S1_all_tissues_zeros_kept	-0.0423645	29	0.827271	0.07485
ENSG00000182551	ADI1	S1_all_tissues_zeros_kept	0.550314	29	0.00198113	0.814396
ENSG00000182552	RWDD4	S1_all_tissues_zeros_kept	0.35665	29	0.0575476	0.543916
ENSG00000182566	CLEC4G	S1_all_tissues_zeros_kept	0.540938	29	0.00244625	0.805356
ENSG00000182568	SATB1	S1_all_tissues_zeros_kept	0.391466	29	0.0357272	0.59593
ENSG00000182578	CSF1R	S1_all_tissues_zeros_kept	0.537931	29	0.00261413	0.802314
ENSG00000182606	TRAK1	S1_all_tissues_zeros_kept	-0.101603	29	0.599971	0.0452014
ENSG00000182628	SKA2	S1_all_tissues_zeros_kept	-0.0426989	29	0.825929	0.074593
ENSG00000182636	NDN	S1_all_tissues_zeros_kept	0.467422	29	0.0105687	0.712554
ENSG00000182667	NTM	S1_all_tissues_zeros_kept	0.390763	29	0.0360901	0.594987
ENSG00000182670	TTC3	S1_all_tissues_zeros_kept	0.409928	29	0.0272085	0.627378
ENSG00000182685	BRICD5	S1_all_tissues_zeros_kept	0.321048	29	0.0894823	0.489417
ENSG00000182704	TSKU	S1_all_tissues_zeros_kept	0.504189	29	0.00528981	0.760026
ENSG00000182712	CMC4	S1_all_tissues_zeros_kept	0.198522	29	0.301899	0.299357
ENSG00000182718	ANXA2	S1_all_tissues_zeros_kept	0.442857	29	0.0161343	0.675321
ENSG00000182732	RGS6	S1_all_tissues_zeros_kept	0.264089	29	0.166259	0.394901
ENSG00000182749	PAQR7	S1_all_tissues_zeros_kept	0.430617	29	0.0197057	0.658569
ENSG00000182752	PAPPA	S1_all_tissues_zeros_kept	0.539532	29	0.00252356	0.803985
ENSG00000182768	NGRN	S1_all_tissues_zeros_kept	0.172499	29	0.37089	0.267995
ENSG00000182774	RPS17	S1_all_tissues_zeros_kept	-0.125123	29	0.517814	0.0370608
ENSG00000182782	HCAR2	S1_all_tissues_zeros_kept	0.585591	29	0.000845842	0.845973
ENSG00000182809	CRIP2	S1_all_tissues_zeros_kept	0.463111	29	0.0114079	0.706898
ENSG00000182810	DDX28	S1_all_tissues_zeros_kept	0.0884563	29	0.648178	0.172451
ENSG00000182827	ACBD3	S1_all_tissues_zeros_kept	0.0600985	29	0.756801	0.146187
ENSG00000182836	PLCXD3	S1_all_tissues_zeros_kept	0.647572	29	0.000146209	0.899015
ENSG00000182858	ALG12	S1_all_tissues_zeros_kept	0.0561853	29	0.772209	0.143316
ENSG00000182866	LCK	S1_all_tissues_zeros_kept	0.557522	29	0.00167757	0.821808
ENSG00000182871	COL18A1	S1_all_tissues_zeros_kept	0.104939	29	0.587987	0.18856
ENSG00000182872	RBM10	S1_all_tissues_zeros_kept	0.500801	29	0.0056561	0.754542
ENSG00000182885	ADGRG3	S1_all_tissues_zeros_kept	0.545205	29	0.00222406	0.80904
ENSG00000182890	GLUD2	S1_all_tissues_zeros_kept	0.398027	29	0.0324834	0.60647
ENSG00000182899	RPL35A	S1_all_tissues_zeros_kept	-0.293103	29	0.122808	0.00569837
ENSG00000182901	RGS7	S1_all_tissues_zeros_kept	0.309495	29	0.102308	0.466452
ENSG00000182902	SLC25A18	S1_all_tissues_zeros_kept	0.247473	29	0.19556	0.370737
ENSG00000182919	C11orf54	S1_all_tissues_zeros_kept	0.595074	29	0.000661664	0.853728
ENSG00000182923	CEP63	S1_all_tissues_zeros_kept	-0.208893	29	0.276819	0.0157241
ENSG00000182934	SRPR	S1_all_tissues_zeros_kept	0.515271	29	0.00422954	0.772879
ENSG00000182944	EWSR1	S1_all_tissues_zeros_kept	0.197537	29	0.304353	0.297686
ENSG00000182952	HMGN4	S1_all_tissues_zeros_kept	0.558077	29	0.00165596	0.822322
ENSG00000182957	SPATA13	S1_all_tissues_zeros_kept	0.486759	29	0.00741234	0.737661
ENSG00000182973	CNOT10	S1_all_tissues_zeros_kept	0.367488	29	0.0498592	0.560883
ENSG00000182979	MTA1	S1_all_tissues_zeros_kept	0.138424	29	0.473928	0.227078
ENSG00000182985	CADM1	S1_all_tissues_zeros_kept	0.617734	29	0.000356375	0.87365
ENSG00000183011	NAA38	S1_all_tissues_zeros_kept	0.0221784	29	0.909084	0.114524
ENSG00000183019	MCEMP1	S1_all_tissues_zeros_kept	0.0892139	29	0.64536	0.173308
ENSG00000183020	AP2A2	S1_all_tissues_zeros_kept	0.643842	29	0.000164277	0.896272
ENSG00000183032	SLC25A21	S1_all_tissues_zeros_kept	0.391715	29	0.0355999	0.596701
ENSG00000183036	PCP4	S1_all_tissues_zeros_kept	0.683777	29	4.32873e-05	0.927978
ENSG00000183044	ABAT	S1_all_tissues_zeros_kept	0.842961	29	9.57389e-09	0.990189
ENSG00000183048	SLC25A10	S1_all_tissues_zeros_kept	0.416083	29	0.0247671	0.636975
ENSG00000183049	CAMK1D	S1_all_tissues_zeros_kept	0.314324	29	0.0967885	0.47485
ENSG00000183077	AFMID	S1_all_tissues_zeros_kept	0.465575	29	0.0109218	0.709554
ENSG00000183087	GAS6	S1_all_tissues_zeros_kept	0.284764	29	0.13433	0.428235
ENSG00000183091	NEB	S1_all_tissues_zeros_kept	-0.105375	29	0.586429	0.0438303
ENSG00000183092	BEGAIN	S1_all_tissues_zeros_kept	0.274809	29	0.149092	0.412125
ENSG00000183098	GPC6	S1_all_tissues_zeros_kept	0.560549	29	0.00156261	0.824979
ENSG00000183111	ARHGEF37	S1_all_tissues_zeros_kept	0.737529	29	5.00411e-06	0.957369
ENSG00000183117	CSMD1	S1_all_tissues_zeros_kept	0.198046	29	0.303083	0.298586
ENSG00000183155	RABIF	S1_all_tissues_zeros_kept	0.427106	29	0.0208426	0.654627
ENSG00000183160	TMEM119	S1_all_tissues_zeros_kept	0.411823	29	0.0264369	0.630763
ENSG00000183161	FANCF	S1_all_tissues_zeros_kept	-0.0999099	29	0.606093	0.0460583
ENSG00000183172	SMDT1	S1_all_tissues_zeros_kept	0.10497	29	0.587877	0.188646
ENSG00000183186	C2CD4C	S1_all_tissues_zeros_kept	0.272942	29	0.151987	0.409983
ENSG00000183196	CHST6	S1_all_tissues_zeros_kept	0.454534	29	0.0132443	0.694216
ENSG00000183207	RUVBL2	S1_all_tissues_zeros_kept	-0.0270936	29	0.889046	0.0847044
ENSG00000183208	GDPGP1	S1_all_tissues_zeros_kept	0.0374097	29	0.847223	0.126778
ENSG00000183230	CTNNA3	S1_all_tissues_zeros_kept	0.338772	29	0.0722285	0.515596
ENSG00000183246	RIMBP3C	S1_all_tissues_zeros_kept	0.512647	29	0.00446259	0.769794
ENSG00000183248	PRR36	S1_all_tissues_zeros_kept	0.438934	29	0.0172152	0.669366
ENSG00000183255	PTTG1IP	S1_all_tissues_zeros_kept	0.263399	29	0.167409	0.393787
ENSG00000183258	DDX41	S1_all_tissues_zeros_kept	0.28867	29	0.128839	0.434147
ENSG00000183283	DAZAP2	S1_all_tissues_zeros_kept	0.522942	29	0.00360693	0.781534
ENSG00000183291	SEP15	S1_all_tissues_zeros_kept	0.316749	29	0.094104	0.481919
ENSG00000183307	CECR6	S1_all_tissues_zeros_kept	0.79719	29	2.26554e-07	0.979649
ENSG00000183323	CCDC125	S1_all_tissues_zeros_kept	0.232499	29	0.224867	0.349314
ENSG00000183337	BCOR	S1_all_tissues_zeros_kept	0.282036	29	0.138265	0.424207
ENSG00000183340	JRKL	S1_all_tissues_zeros_kept	0.311221	29	0.100309	0.469623
ENSG00000183347	GBP6	S1_all_tissues_zeros_kept	0.438314	29	0.0173914	0.668166
ENSG00000183354	KIAA2026	S1_all_tissues_zeros_kept	0.051378	29	0.791253	0.138089
ENSG00000183386	FHL3	S1_all_tissues_zeros_kept	0.535961	29	0.00272943	0.799957
ENSG00000183421	RIPK4	S1_all_tissues_zeros_kept	0.0596049	29	0.75874	0.145801
ENSG00000183431	SF3A3	S1_all_tissues_zeros_kept	0.0559182	29	0.773264	0.142631
ENSG00000183434	TFDP3	S1_all_tissues_zeros_kept	0.512647	29	0.00446259	0.769794
ENSG00000183454	GRIN2A	S1_all_tissues_zeros_kept	0.297957	29	0.116446	0.446744
ENSG00000183474	GTF2H2C	S1_all_tissues_zeros_kept	0.510345	29	0.00467598	0.767652
ENSG00000183475	ASB7	S1_all_tissues_zeros_kept	-0.039959	29	0.836945	0.0763925
ENSG00000183486	MX2	S1_all_tissues_zeros_kept	0.711681	29	1.49919e-05	0.942802
ENSG00000183495	EP400	S1_all_tissues_zeros_kept	0.50351	29	0.00536155	0.758912
ENSG00000183508	FAM46C	S1_all_tissues_zeros_kept	0.605735	29	0.000497412	0.864567
ENSG00000183513	COA5	S1_all_tissues_zeros_kept	0.0600985	29	0.756801	0.146187
ENSG00000183520	UTP11L	S1_all_tissues_zeros_kept	0.0788566	29	0.684294	0.161482
ENSG00000183527	PSMG1	S1_all_tissues_zeros_kept	0.300776	29	0.112865	0.452485
ENSG00000183530	PRR14L	S1_all_tissues_zeros_kept	0.0842365	29	0.663964	0.166881
ENSG00000183549	ACSM5	S1_all_tissues_zeros_kept	0.518927	29	0.00392219	0.777592
ENSG00000183570	PCBP3	S1_all_tissues_zeros_kept	0.311299	29	0.100219	0.469794
ENSG00000183576	SETD3	S1_all_tissues_zeros_kept	0.263054	29	0.167987	0.39353
ENSG00000183580	FBXL7	S1_all_tissues_zeros_kept	0.26056	29	0.172205	0.389931
ENSG00000183598	HIST2H3D	S1_all_tissues_zeros_kept	-0.022759	29	0.906713	0.0871894
ENSG00000183605	SFXN4	S1_all_tissues_zeros_kept	0.638916	29	0.000191158	0.892588
ENSG00000183607	GKN2	S1_all_tissues_zeros_kept	0.0470203	29	0.808619	0.134105
ENSG00000183617	MRPL54	S1_all_tissues_zeros_kept	0.473399	29	0.00949116	0.719452
ENSG00000183624	HMCES	S1_all_tissues_zeros_kept	0.380788	29	0.041559	0.57982
ENSG00000183628	DGCR6	S1_all_tissues_zeros_kept	-0.023917	29	0.901989	0.0863325
ENSG00000183644	C11orf88	S1_all_tissues_zeros_kept	0.420202	29	0.0232354	0.643573
ENSG00000183648	NDUFB1	S1_all_tissues_zeros_kept	0.2867	29	0.131588	0.431277
ENSG00000183662	FAM19A1	S1_all_tissues_zeros_kept	0.367852	29	0.0496154	0.561268
ENSG00000183684	ALYREF	S1_all_tissues_zeros_kept	-0.0374384	29	0.847107	0.077635
ENSG00000183688	FAM101B	S1_all_tissues_zeros_kept	0.364784	29	0.0516969	0.557626
ENSG00000183691	NOG	S1_all_tissues_zeros_kept	0.678855	29	5.15811e-05	0.92455
ENSG00000183696	UPP1	S1_all_tissues_zeros_kept	0.715741	29	1.27179e-05	0.94443
ENSG00000183715	OPCML	S1_all_tissues_zeros_kept	0.088127	29	0.649405	0.171637
ENSG00000183722	LHFP	S1_all_tissues_zeros_kept	0.265279	29	0.164287	0.396615
ENSG00000183735	TBK1	S1_all_tissues_zeros_kept	0.544828	29	0.00224299	0.808783
ENSG00000183741	CBX6	S1_all_tissues_zeros_kept	0.412325	29	0.0262354	0.631748
ENSG00000183747	ACSM2A	S1_all_tissues_zeros_kept	0.440522	29	0.0167708	0.672194
ENSG00000183751	TBL3	S1_all_tissues_zeros_kept	-0.0891626	29	0.64555	0.0500857
ENSG00000183760	PAPL	S1_all_tissues_zeros_kept	0.480293	29	0.00836443	0.72892
ENSG00000183762	KREMEN1	S1_all_tissues_zeros_kept	-0.0210259	29	0.91379	0.0885604
ENSG00000183765	CHEK2	S1_all_tissues_zeros_kept	0.482539	29	0.00802273	0.732691
ENSG00000183770	FOXL2	S1_all_tissues_zeros_kept	0.270733	29	0.155463	0.406041
ENSG00000183773	AIFM3	S1_all_tissues_zeros_kept	0.257611	29	0.177286	0.385647
ENSG00000183775	KCTD16	S1_all_tissues_zeros_kept	0.346581	29	0.0654962	0.52922
ENSG00000183778	B3GALT5	S1_all_tissues_zeros_kept	0.533167	29	0.0029004	0.796187
ENSG00000183779	ZNF703	S1_all_tissues_zeros_kept	0.74279	29	3.94096e-06	0.959769
ENSG00000183783	KCTD8	S1_all_tissues_zeros_kept	0.429356	29	0.0201082	0.657198
ENSG00000183784	C9orf66	S1_all_tissues_zeros_kept	0.598088	29	0.000611003	0.857541
ENSG00000183785	TUBA8	S1_all_tissues_zeros_kept	0.409787	29	0.0272666	0.626949
ENSG00000183798	EMILIN3	S1_all_tissues_zeros_kept	0.458586	29	0.0123481	0.6997
ENSG00000183801	OLFML1	S1_all_tissues_zeros_kept	0.569282	29	0.00126849	0.831577
ENSG00000183808	RBM12B	S1_all_tissues_zeros_kept	0.531839	29	0.00298483	0.79473
ENSG00000183826	BTBD9	S1_all_tissues_zeros_kept	0.151054	29	0.434113	0.241688
ENSG00000183828	NUDT14	S1_all_tissues_zeros_kept	0.399064	29	0.0319934	0.608826
ENSG00000183831	ANKRD45	S1_all_tissues_zeros_kept	0.342301	29	0.0691231	0.521551
ENSG00000183837	PNMA3	S1_all_tissues_zeros_kept	0.186081	29	0.333807	0.283976
ENSG00000183840	GPR39	S1_all_tissues_zeros_kept	0.359536	29	0.055415	0.548972
ENSG00000183844	FAM3B	S1_all_tissues_zeros_kept	0.390724	29	0.0361102	0.594901
ENSG00000183853	KIRREL	S1_all_tissues_zeros_kept	0.685799	29	4.02406e-05	0.928835
ENSG00000183873	SCN5A	S1_all_tissues_zeros_kept	0.0560781	29	0.772632	0.142888
ENSG00000183878	UTY	S1_all_tissues_zeros_kept	0.373905	29	0.0457043	0.570994
ENSG00000183891	TTC32	S1_all_tissues_zeros_kept	-0.258873	29	0.175099	0.00869751
ENSG00000183914	DNAH2	S1_all_tissues_zeros_kept	0.288356	29	0.129273	0.433548
ENSG00000183918	SH2D1A	S1_all_tissues_zeros_kept	0.721731	29	9.92625e-06	0.950943
ENSG00000183955	SETD8	S1_all_tissues_zeros_kept	0.466869	29	0.0106733	0.711954
ENSG00000183963	SMTN	S1_all_tissues_zeros_kept	0.800099	29	1.89907e-07	0.980934
ENSG00000183978	COA3	S1_all_tissues_zeros_kept	0.340887	29	0.0703546	0.519537
ENSG00000184007	PTP4A2	S1_all_tissues_zeros_kept	0.204926	29	0.286249	0.308612
ENSG00000184009	ACTG1	S1_all_tissues_zeros_kept	0.112315	29	0.561866	0.197215
ENSG00000184014	DENND5A	S1_all_tissues_zeros_kept	0.159113	29	0.409694	0.252142
ENSG00000184047	DIABLO	S1_all_tissues_zeros_kept	0.342857	29	0.0686428	0.522536
ENSG00000184056	VPS33B	S1_all_tissues_zeros_kept	0.339901	29	0.0712227	0.517266
ENSG00000184058	TBX1	S1_all_tissues_zeros_kept	0.0548972	29	0.7773	0.141517
ENSG00000184060	ADAP2	S1_all_tissues_zeros_kept	0.55668	29	0.00171081	0.821208
ENSG00000184076	UQCR10	S1_all_tissues_zeros_kept	0.247783	29	0.194982	0.371337
ENSG00000184110	EIF3C	S1_all_tissues_zeros_kept	0.217241	29	0.257632	0.327249
ENSG00000184113	CLDN5	S1_all_tissues_zeros_kept	0.187418	29	0.330284	0.285561
ENSG00000184117	NIPSNAP1	S1_all_tissues_zeros_kept	0.413793	29	0.0256536	0.633719
ENSG00000184144	CNTN2	S1_all_tissues_zeros_kept	0.306611	29	0.105714	0.461482
ENSG00000184154	LRTOMT	S1_all_tissues_zeros_kept	-0.127881	29	0.508553	0.0359469
ENSG00000184156	KCNQ3	S1_all_tissues_zeros_kept	0.719623	29	1.08386e-05	0.949057
ENSG00000184162	NR2C2AP	S1_all_tissues_zeros_kept	0.56608	29	0.00137021	0.82892
ENSG00000184163	FAM132A	S1_all_tissues_zeros_kept	0.112489	29	0.561258	0.197472
ENSG00000184164	CRELD2	S1_all_tissues_zeros_kept	0.594581	29	0.000670285	0.853213
ENSG00000184178	SCFD2	S1_all_tissues_zeros_kept	-0.0748768	29	0.699474	0.0576264
ENSG00000184182	UBE2F	S1_all_tissues_zeros_kept	0.237931	29	0.213912	0.356812
ENSG00000184203	PPP1R2	S1_all_tissues_zeros_kept	0.586207	29	0.00083265	0.846272
ENSG00000184205	TSPYL2	S1_all_tissues_zeros_kept	0.115272	29	0.551548	0.2009
ENSG00000184207	PGP	S1_all_tissues_zeros_kept	0.499384	29	0.00581547	0.752142
ENSG00000184209	SNRNP35	S1_all_tissues_zeros_kept	0.0513582	29	0.791332	0.138003
ENSG00000184216	IRAK1	S1_all_tissues_zeros_kept	0.1133	29	0.558418	0.198672
ENSG00000184220	CMSS1	S1_all_tissues_zeros_kept	-0.123645	29	0.522809	0.0374893
ENSG00000184221	OLIG1	S1_all_tissues_zeros_kept	1	29	0	0.997943
ENSG00000184226	PCDH9	S1_all_tissues_zeros_kept	0.63362	29	0.000224332	0.887618
ENSG00000184227	ACOT1	S1_all_tissues_zeros_kept	0.523217	29	0.00358618	0.782005
ENSG00000184232	OAF	S1_all_tissues_zeros_kept	0.316788	29	0.0940613	0.482134
ENSG00000184254	ALDH1A3	S1_all_tissues_zeros_kept	0.8043	29	1.46431e-07	0.982048
ENSG00000184281	TSSC4	S1_all_tissues_zeros_kept	0.195591	29	0.309239	0.295673
ENSG00000184304	PRKD1	S1_all_tissues_zeros_kept	0.75998	29	1.73279e-06	0.966367
ENSG00000184305	CCSER1	S1_all_tissues_zeros_kept	0.13253	29	0.493133	0.22078
ENSG00000184343	SRPK3	S1_all_tissues_zeros_kept	0.184666	29	0.337562	0.281834
ENSG00000184349	EFNA5	S1_all_tissues_zeros_kept	0.0537541	29	0.781825	0.140574
ENSG00000184368	MAP7D2	S1_all_tissues_zeros_kept	0.631346	29	0.000240076	0.886675
ENSG00000184371	CSF1	S1_all_tissues_zeros_kept	-0.103177	29	0.594303	0.0447729
ENSG00000184374	COLEC10	S1_all_tissues_zeros_kept	0.497014	29	0.00609071	0.749443
ENSG00000184378	ACTRT3	S1_all_tissues_zeros_kept	0.322763	29	0.0876871	0.491817
ENSG00000184381	PLA2G6	S1_all_tissues_zeros_kept	0.221235	29	0.248769	0.33389
ENSG00000184384	MAML2	S1_all_tissues_zeros_kept	0.625108	29	0.000288374	0.880334
ENSG00000184388	PABPC1L2B	S1_all_tissues_zeros_kept	0.614643	29	0.000388842	0.871594
ENSG00000184402	SS18L1	S1_all_tissues_zeros_kept	0.147707	29	0.444483	0.237832
ENSG00000184408	KCND2	S1_all_tissues_zeros_kept	0.0583904	29	0.763516	0.144559
ENSG00000184428	TOP1MT	S1_all_tissues_zeros_kept	-0.23979	29	0.210248	0.0101542
ENSG00000184432	COPB2	S1_all_tissues_zeros_kept	0.304433	29	0.108342	0.457755
ENSG00000184434	LRRC19	S1_all_tissues_zeros_kept	0.740242	29	4.42744e-06	0.958569
ENSG00000184445	KNTC1	S1_all_tissues_zeros_kept	0.152565	29	0.429474	0.243488
ENSG00000184451	CCR10	S1_all_tissues_zeros_kept	0.372882	29	0.0463477	0.568723
ENSG00000184454	NCMAP	S1_all_tissues_zeros_kept	0.31227	29	0.0991077	0.471337
ENSG00000184470	TXNRD2	S1_all_tissues_zeros_kept	0.503448	29	0.00536814	0.758612
ENSG00000184481	FOXO4	S1_all_tissues_zeros_kept	0.417644	29	0.0241774	0.639289
ENSG00000184486	POU3F2	S1_all_tissues_zeros_kept	0.719623	29	1.08386e-05	0.947644
ENSG00000184502	GAST	S1_all_tissues_zeros_kept	0.153791	29	0.425734	0.245116
ENSG00000184508	HDDC3	S1_all_tissues_zeros_kept	0.406208	29	0.0287767	0.621808
ENSG00000184524	CEND1	S1_all_tissues_zeros_kept	0.444117	29	0.0157992	0.677378
ENSG00000184530	C6orf58	S1_all_tissues_zeros_kept	0.407428	29	0.0282543	0.624036
ENSG00000184575	XPOT	S1_all_tissues_zeros_kept	0.495442	29	0.00627921	0.747858
ENSG00000184584	TMEM173	S1_all_tissues_zeros_kept	0.683251	29	4.41119e-05	0.927464
ENSG00000184588	PDE4B	S1_all_tissues_zeros_kept	0.0638952	29	0.741938	0.149229
ENSG00000184601	C14orf180	S1_all_tissues_zeros_kept	0.583749	29	0.000886411	0.844516
ENSG00000184613	NELL2	S1_all_tissues_zeros_kept	0.183946	29	0.339482	0.280934
ENSG00000184634	MED12	S1_all_tissues_zeros_kept	0.529557	29	0.00313489	0.792288
ENSG00000184640	SEPT9	S1_all_tissues_zeros_kept	0.610345	29	0.000438301	0.869066
ENSG00000184661	CDCA2	S1_all_tissues_zeros_kept	0.119262	29	0.537763	0.204413
ENSG00000184675	AMER1	S1_all_tissues_zeros_kept	0.329495	29	0.0809059	0.501414
ENSG00000184677	ZBTB40	S1_all_tissues_zeros_kept	0.527665	29	0.00326414	0.789417
ENSG00000184678	HIST2H2BE	S1_all_tissues_zeros_kept	0.316049	29	0.0948733	0.478192
ENSG00000184682	PRR33	S1_all_tissues_zeros_kept	0.184666	29	0.337562	0.281834
ENSG00000184708	EIF4ENIF1	S1_all_tissues_zeros_kept	0.365517	29	0.051193	0.558526
ENSG00000184709	LRRC26	S1_all_tissues_zeros_kept	0.620539	29	0.000329005	0.87665
ENSG00000184719	RNLS	S1_all_tissues_zeros_kept	0.471791	29	0.00977152	0.717524
ENSG00000184731	FAM110C	S1_all_tissues_zeros_kept	0.342401	29	0.0690364	0.521808
ENSG00000184735	DDX53	S1_all_tissues_zeros_kept	0.340588	29	0.0706171	0.519066
ENSG00000184743	ATL3	S1_all_tissues_zeros_kept	0.624631	29	0.000292405	0.879949
ENSG00000184752	NDUFA12	S1_all_tissues_zeros_kept	0.380788	29	0.041559	0.57982
ENSG00000184787	UBE2G2	S1_all_tissues_zeros_kept	-0.251724	29	0.187746	0.00929734
ENSG00000184811	TUSC5	S1_all_tissues_zeros_kept	0.686561	29	3.91426e-05	0.929349
ENSG00000184831	APOO	S1_all_tissues_zeros_kept	0.476847	29	0.00891264	0.723693
ENSG00000184840	TMED9	S1_all_tissues_zeros_kept	0.685222	29	4.10899e-05	0.928492
ENSG00000184857	TMEM186	S1_all_tissues_zeros_kept	0.23908	29	0.211642	0.358312
ENSG00000184863	RBM33	S1_all_tissues_zeros_kept	-0.0364532	29	0.851085	0.0781063
ENSG00000184867	ARMCX2	S1_all_tissues_zeros_kept	0.673399	29	6.2406e-05	0.921208
ENSG00000184897	H1FX	S1_all_tissues_zeros_kept	-0.183251	29	0.34134	0.0212082
ENSG00000184898	RBM43	S1_all_tissues_zeros_kept	0.0916924	29	0.636172	0.175707
ENSG00000184900	SUMO3	S1_all_tissues_zeros_kept	-0.31846	29	0.0922432	0.00415596
ENSG00000184903	IMMP2L	S1_all_tissues_zeros_kept	-0.116832	29	0.546137	0.038946
ENSG00000184908	CLCNKB	S1_all_tissues_zeros_kept	0.643587	29	0.000165582	0.89593
ENSG00000184924	PTRHD1	S1_all_tissues_zeros_kept	0.325123	29	0.0852626	0.494901
ENSG00000184937	WT1	S1_all_tissues_zeros_kept	0.722769	29	9.50303e-06	0.951885
ENSG00000184956	MUC6	S1_all_tissues_zeros_kept	0.527335	29	0.00328714	0.787832
ENSG00000184967	NOC4L	S1_all_tissues_zeros_kept	0.140904	29	0.465963	0.229863
ENSG00000184983	NDUFA6	S1_all_tissues_zeros_kept	0.327586	29	0.0827868	0.498372
ENSG00000184985	SORCS2	S1_all_tissues_zeros_kept	0.425392	29	0.0214171	0.651885
ENSG00000184992	BRI3BP	S1_all_tissues_zeros_kept	0.364309	29	0.052025	0.556769
ENSG00000185000	DGAT1	S1_all_tissues_zeros_kept	0.663792	29	8.64707e-05	0.912896
ENSG00000185008	ROBO2	S1_all_tissues_zeros_kept	0.317972	29	0.0927708	0.484533
ENSG00000185009	AP3M1	S1_all_tissues_zeros_kept	-0.00197044	29	0.991906	0.0982434
ENSG00000185010	F8	S1_all_tissues_zeros_kept	0.244738	29	0.200705	0.366367
ENSG00000185019	UBOX5	S1_all_tissues_zeros_kept	-0.0397917	29	0.837619	0.0766495
ENSG00000185022	MAFF	S1_all_tissues_zeros_kept	0.35094	29	0.0619566	0.535861
ENSG00000185024	BRF1	S1_all_tissues_zeros_kept	-0.201505	29	0.294545	0.0170094
ENSG00000185028	LRRC14B	S1_all_tissues_zeros_kept	0.297069	29	0.117591	0.445501
ENSG00000185033	SEMA4B	S1_all_tissues_zeros_kept	0.460591	29	0.0119239	0.702785
ENSG00000185043	CIB1	S1_all_tissues_zeros_kept	0.438916	29	0.0172203	0.669109
ENSG00000185046	ANKS1B	S1_all_tissues_zeros_kept	0.024259	29	0.900594	0.116667
ENSG00000185049	NELFA	S1_all_tissues_zeros_kept	0.0605911	29	0.754868	0.146572
ENSG00000185055	EFCAB10	S1_all_tissues_zeros_kept	0.103393	29	0.593527	0.186547
ENSG00000185056	C5orf47	S1_all_tissues_zeros_kept	1	29	0	0.997943
ENSG00000185069	KRT76	S1_all_tissues_zeros_kept	0.346248	29	0.0657732	0.52832
ENSG00000185085	INTS5	S1_all_tissues_zeros_kept	-0.0433551	29	0.823295	0.0738218
ENSG00000185088	RPS27L	S1_all_tissues_zeros_kept	0.294581	29	0.120844	0.442288
ENSG00000185100	ADSSL1	S1_all_tissues_zeros_kept	0.664777	29	8.36732e-05	0.914096
ENSG00000185104	FAF1	S1_all_tissues_zeros_kept	0.426601	29	0.0210106	0.653599
ENSG00000185112	FAM43A	S1_all_tissues_zeros_kept	0.0807063	29	0.677279	0.162768
ENSG00000185115	NDNL2	S1_all_tissues_zeros_kept	0.218677	29	0.254423	0.329349
ENSG00000185122	HSF1	S1_all_tissues_zeros_kept	-0.0561576	29	0.772318	0.0663668
ENSG00000185127	C6orf120	S1_all_tissues_zeros_kept	0.283251	29	0.136502	0.425793
ENSG00000185129	PURA	S1_all_tissues_zeros_kept	0.405911	29	0.0289047	0.621208
ENSG00000185133	INPP5J	S1_all_tissues_zeros_kept	0.420944	29	0.0229681	0.644516
ENSG00000185158	LRRC37B	S1_all_tissues_zeros_kept	0.468619	29	0.0103451	0.714439
ENSG00000185163	DDX51	S1_all_tissues_zeros_kept	-0.0970682	29	0.616427	0.0469152
ENSG00000185164	NOMO2	S1_all_tissues_zeros_kept	0.26798	29	0.159873	0.402228
ENSG00000185187	SIGIRR	S1_all_tissues_zeros_kept	0.222195	29	0.24667	0.335304
ENSG00000185189	NRBP2	S1_all_tissues_zeros_kept	0.440394	29	0.0168062	0.671894
ENSG00000185201	IFITM2	S1_all_tissues_zeros_kept	0.0477806	29	0.805583	0.134662
ENSG00000185215	TNFAIP2	S1_all_tissues_zeros_kept	0.850739	29	5.06208e-09	0.991174
ENSG00000185222	WBP5	S1_all_tissues_zeros_kept	0.224813	29	0.241003	0.339117
ENSG00000185236	RAB11B	S1_all_tissues_zeros_kept	0.189655	29	0.324437	0.288175
ENSG00000185238	PRMT3	S1_all_tissues_zeros_kept	0.0509915	29	0.79279	0.137489
ENSG00000185245	GP1BA	S1_all_tissues_zeros_kept	0.188938	29	0.326305	0.287232
ENSG00000185246	PRPF39	S1_all_tissues_zeros_kept	0.376155	29	0.044315	0.573393
ENSG00000185250	PPIL6	S1_all_tissues_zeros_kept	0.256066	29	0.179991	0.38389
ENSG00000185262	UBALD2	S1_all_tissues_zeros_kept	0.341463	29	0.069851	0.520094
ENSG00000185269	NOTUM	S1_all_tissues_zeros_kept	0.0234832	29	0.903759	0.116153
ENSG00000185278	ZBTB37	S1_all_tissues_zeros_kept	-0.0785584	29	0.685427	0.0554841
ENSG00000185291	IL3RA	S1_all_tissues_zeros_kept	0.405569	29	0.0290532	0.620351
ENSG00000185298	CCDC137	S1_all_tissues_zeros_kept	-0.0107281	29	0.955953	0.0935304
ENSG00000185305	ARL15	S1_all_tissues_zeros_kept	0.20197	29	0.293406	0.304242
ENSG00000185324	CDK10	S1_all_tissues_zeros_kept	0.0403465	29	0.835385	0.129006
ENSG00000185339	TCN2	S1_all_tissues_zeros_kept	0.259927	29	0.173287	0.388903
ENSG00000185344	ATP6V0A2	S1_all_tissues_zeros_kept	0.34532	29	0.0665487	0.526264
ENSG00000185359	HGS	S1_all_tissues_zeros_kept	-0.00394089	29	0.983813	0.0968723
ENSG00000185379	RAD51D	S1_all_tissues_zeros_kept	-0.328164	29	0.0822144	0.00398458
ENSG00000185386	MAPK11	S1_all_tissues_zeros_kept	0.312512	29	0.0988332	0.472022
ENSG00000185404	SP140L	S1_all_tissues_zeros_kept	0.45063	29	0.0141582	0.687704
ENSG00000185418	TARSL2	S1_all_tissues_zeros_kept	0.398818	29	0.0321093	0.608226
ENSG00000185420	SMYD3	S1_all_tissues_zeros_kept	0.317969	29	0.0927743	0.484447
ENSG00000185432	METTL7A	S1_all_tissues_zeros_kept	0.672414	29	6.45635e-05	0.920651
ENSG00000185437	SH3BGR	S1_all_tissues_zeros_kept	0.1809	29	0.347678	0.277592
ENSG00000185442	FAM174B	S1_all_tissues_zeros_kept	0.68771	29	3.75388e-05	0.930206
ENSG00000185453	C19orf68	S1_all_tissues_zeros_kept	0.152988	29	0.428182	0.243916
ENSG00000185475	TMEM179B	S1_all_tissues_zeros_kept	0.230191	29	0.229633	0.347172
ENSG00000185477	GPRIN3	S1_all_tissues_zeros_kept	0.637572	29	0.00019914	0.891045
ENSG00000185479	KRT6B	S1_all_tissues_zeros_kept	0.358723	29	0.0560097	0.547686
ENSG00000185483	ROR1	S1_all_tissues_zeros_kept	0.508953	29	0.00480914	0.766024
ENSG00000185504	FAAP100	S1_all_tissues_zeros_kept	-0.344345	29	0.0673722	0.00304199
ENSG00000185515	BRCC3	S1_all_tissues_zeros_kept	0.141872	29	0.462874	0.230805
ENSG00000185518	SV2B	S1_all_tissues_zeros_kept	0.0102532	29	0.957901	0.105698
ENSG00000185532	PRKG1	S1_all_tissues_zeros_kept	0.630302	29	0.000247621	0.885561
ENSG00000185551	NR2F2	S1_all_tissues_zeros_kept	0.550739	29	0.001962	0.814696
ENSG00000185559	DLK1	S1_all_tissues_zeros_kept	0.500509	29	0.00568861	0.754113
ENSG00000185561	TLCD2	S1_all_tissues_zeros_kept	0.631056	29	0.000242148	0.886332
ENSG00000185585	OLFML2A	S1_all_tissues_zeros_kept	0.678914	29	5.14735e-05	0.924636
ENSG00000185591	SP1	S1_all_tissues_zeros_kept	0.373892	29	0.0457129	0.570823
ENSG00000185608	MRPL40	S1_all_tissues_zeros_kept	0.145831	29	0.450352	0.235561
ENSG00000185615	PDIA2	S1_all_tissues_zeros_kept	0.676576	29	5.58791e-05	0.923093
ENSG00000185619	PCGF3	S1_all_tissues_zeros_kept	-0.107127	29	0.580184	0.0432305
ENSG00000185624	P4HB	S1_all_tissues_zeros_kept	0.872906	29	6.62734e-10	0.993273
ENSG00000185627	PSMD13	S1_all_tissues_zeros_kept	-0.0906404	29	0.640065	0.049443
ENSG00000185634	SHC4	S1_all_tissues_zeros_kept	0.30837	29	0.103627	0.464396
ENSG00000185650	ZFP36L1	S1_all_tissues_zeros_kept	0.331198	29	0.0792565	0.503899
ENSG00000185651	UBE2L3	S1_all_tissues_zeros_kept	0.0995074	29	0.607553	0.18389
ENSG00000185658	BRWD1	S1_all_tissues_zeros_kept	0.150246	29	0.436603	0.241045
ENSG00000185666	SYN3	S1_all_tissues_zeros_kept	0.11174	29	0.563883	0.196444
ENSG00000185670	ZBTB3	S1_all_tissues_zeros_kept	0.0714657	29	0.712577	0.155227
ENSG00000185681	MORN5	S1_all_tissues_zeros_kept	0.0759409	29	0.695404	0.158826
ENSG00000185686	PRAME	S1_all_tissues_zeros_kept	0.341141	29	0.0701319	0.519751
ENSG00000185721	DRG1	S1_all_tissues_zeros_kept	0.0963173	29	0.61917	0.18042
ENSG00000185722	ANKFY1	S1_all_tissues_zeros_kept	0.302254	29	0.111021	0.45497
ENSG00000185728	YTHDF3	S1_all_tissues_zeros_kept	0.118227	29	0.541324	0.203599
ENSG00000185730	ZNF696	S1_all_tissues_zeros_kept	-0.267194	29	0.161149	0.00766924
ENSG00000185739	SRL	S1_all_tissues_zeros_kept	-0.236629	29	0.216504	0.0112682
ENSG00000185745	IFIT1	S1_all_tissues_zeros_kept	0.55468	29	0.00179206	0.818466
ENSG00000185753	CXorf38	S1_all_tissues_zeros_kept	0.0615839	29	0.750976	0.147258
ENSG00000185760	KCNQ5	S1_all_tissues_zeros_kept	0.530682	29	0.00306011	0.793445
ENSG00000185787	MORF4L1	S1_all_tissues_zeros_kept	0.290148	29	0.126805	0.435818
ENSG00000185798	WDR53	S1_all_tissues_zeros_kept	0.136364	29	0.480596	0.224122
ENSG00000185800	DMWD	S1_all_tissues_zeros_kept	-0.328484	29	0.0818986	0.00389889
ENSG00000185813	PCYT2	S1_all_tissues_zeros_kept	0.646305	29	0.000152138	0.898286
ENSG00000185818	NAT8L	S1_all_tissues_zeros_kept	0.636637	29	0.000204859	0.890103
ENSG00000185825	BCAP31	S1_all_tissues_zeros_kept	0.381773	29	0.040991	0.581234
ENSG00000185838	GNB1L	S1_all_tissues_zeros_kept	0.349206	29	0.0633462	0.532862
ENSG00000185873	TMPRSS11B	S1_all_tissues_zeros_kept	0.28712	29	0.130998	0.431919
ENSG00000185883	ATP6V0C	S1_all_tissues_zeros_kept	0.29364	29	0.122092	0.440231
ENSG00000185885	IFITM1	S1_all_tissues_zeros_kept	-0.0121241	29	0.950228	0.0925021
ENSG00000185896	LAMP1	S1_all_tissues_zeros_kept	0.407882	29	0.0280621	0.62455
ENSG00000185900	POMK	S1_all_tissues_zeros_kept	0.120683	29	0.532893	0.206213
ENSG00000185909	KLHDC8B	S1_all_tissues_zeros_kept	0.618361	29	0.000350094	0.874336
ENSG00000185924	RTN4RL1	S1_all_tissues_zeros_kept	-0.137232	29	0.477779	0.0325193
ENSG00000185946	RNPC3	S1_all_tissues_zeros_kept	0.0167488	29	0.931281	0.110583
ENSG00000185947	ZNF267	S1_all_tissues_zeros_kept	0.241696	29	0.206536	0.362339
ENSG00000185950	IRS2	S1_all_tissues_zeros_kept	0.277833	29	0.144491	0.417438
ENSG00000185955	C7orf61	S1_all_tissues_zeros_kept	0.461735	29	0.0116874	0.704284
ENSG00000185963	BICD2	S1_all_tissues_zeros_kept	0.487685	29	0.0072839	0.738432
ENSG00000185972	CCIN	S1_all_tissues_zeros_kept	0.527335	29	0.00328714	0.787832
ENSG00000185973	TMLHE	S1_all_tissues_zeros_kept	0.747783	29	3.12502e-06	0.961568
ENSG00000185985	SLITRK2	S1_all_tissues_zeros_kept	0.174983	29	0.363935	0.271165
ENSG00000185989	RASA3	S1_all_tissues_zeros_kept	0.350536	29	0.0622784	0.53509
ENSG00000186001	LRCH3	S1_all_tissues_zeros_kept	0.621012	29	0.000324573	0.877078
ENSG00000186010	NDUFA13	S1_all_tissues_zeros_kept	0.361084	29	0.0542972	0.551714
ENSG00000186049	KRT73	S1_all_tissues_zeros_kept	-0.0722445	29	0.709578	0.0589974
ENSG00000186063	AIDA	S1_all_tissues_zeros_kept	0.242365	29	0.205245	0.363496
ENSG00000186075	ZPBP2	S1_all_tissues_zeros_kept	0.527335	29	0.00328714	0.787832
ENSG00000186081	KRT5	S1_all_tissues_zeros_kept	0.564094	29	0.00143679	0.827464
ENSG00000186106	ANKRD46	S1_all_tissues_zeros_kept	0.403402	29	0.0300074	0.617266
ENSG00000186111	PIP5K1C	S1_all_tissues_zeros_kept	0.388177	29	0.0374486	0.591388
ENSG00000186115	CYP4F2	S1_all_tissues_zeros_kept	0.555112	29	0.00177421	0.818809
ENSG00000186132	C2orf76	S1_all_tissues_zeros_kept	0.21284	29	0.267636	0.321979
ENSG00000186141	POLR3C	S1_all_tissues_zeros_kept	0.265025	29	0.164707	0.396144
ENSG00000186153	WWOX	S1_all_tissues_zeros_kept	0.39803	29	0.0324824	0.606727
ENSG00000186166	CCDC84	S1_all_tissues_zeros_kept	-0.068305	29	0.724789	0.0608826
ENSG00000186174	BCL9L	S1_all_tissues_zeros_kept	0.162562	29	0.399486	0.255013
ENSG00000186184	POLR1D	S1_all_tissues_zeros_kept	-0.148768	29	0.441179	0.0293488
ENSG00000186185	KIF18B	S1_all_tissues_zeros_kept	0.172344	29	0.371327	0.267309
ENSG00000186187	ZNRF1	S1_all_tissues_zeros_kept	0.649153	29	0.0001391	0.900386
ENSG00000186198	SLC51B	S1_all_tissues_zeros_kept	0.740254	29	4.42504e-06	0.958655
ENSG00000186205	MARC1	S1_all_tissues_zeros_kept	0.602463	29	0.00054352	0.862511
ENSG00000186212	SOWAHB	S1_all_tissues_zeros_kept	0.229748	29	0.230556	0.346401
ENSG00000186222	BLOC1S4	S1_all_tissues_zeros_kept	0.205911	29	0.283888	0.310368
ENSG00000186260	MKL2	S1_all_tissues_zeros_kept	0.082266	29	0.671384	0.164781
ENSG00000186265	BTLA	S1_all_tissues_zeros_kept	0.258816	29	0.175198	0.387789
ENSG00000186281	GPAT2	S1_all_tissues_zeros_kept	0.306329	29	0.106052	0.460883
ENSG00000186283	TOR3A	S1_all_tissues_zeros_kept	0.146798	29	0.447321	0.236632
ENSG00000186298	PPP1CC	S1_all_tissues_zeros_kept	0.449261	29	0.0144907	0.685604
ENSG00000186318	BACE1	S1_all_tissues_zeros_kept	0.24372	29	0.202644	0.365338
ENSG00000186335	SLC36A2	S1_all_tissues_zeros_kept	0.346581	29	0.0654962	0.52922
ENSG00000186340	THBS2	S1_all_tissues_zeros_kept	0.635961	29	0.000209092	0.889374
ENSG00000186350	RXRA	S1_all_tissues_zeros_kept	0.0261406	29	0.892927	0.117781
ENSG00000186352	ANKRD37	S1_all_tissues_zeros_kept	-0.193985	29	0.313305	0.0183805
ENSG00000186377	CYP4X1	S1_all_tissues_zeros_kept	0.374441	29	0.0453706	0.571765
ENSG00000186395	KRT10	S1_all_tissues_zeros_kept	-0.0453202	29	0.815419	0.0724507
ENSG00000186407	CD300E	S1_all_tissues_zeros_kept	0.421153	29	0.0228931	0.645844
ENSG00000186416	NKRF	S1_all_tissues_zeros_kept	0.434258	29	0.0185815	0.663368
ENSG00000186431	FCAR	S1_all_tissues_zeros_kept	0.603462	29	0.000529058	0.863282
ENSG00000186432	KPNA4	S1_all_tissues_zeros_kept	0.163547	29	0.396597	0.256555
ENSG00000186446	ZNF501	S1_all_tissues_zeros_kept	-0.0224303	29	0.908055	0.0876178
ENSG00000186468	RPS23	S1_all_tissues_zeros_kept	0.12266	29	0.526153	0.208869
ENSG00000186469	GNG2	S1_all_tissues_zeros_kept	0.643429	29	0.000166396	0.895673
ENSG00000186470	BTN3A2	S1_all_tissues_zeros_kept	0.222228	29	0.246599	0.335433
ENSG00000186471	AKAP14	S1_all_tissues_zeros_kept	0.400715	29	0.0312252	0.611611
ENSG00000186472	PCLO	S1_all_tissues_zeros_kept	0.0616101	29	0.750873	0.147429
ENSG00000186501	TMEM222	S1_all_tissues_zeros_kept	0.181303	29	0.346586	0.278021
ENSG00000186510	CLCNKA	S1_all_tissues_zeros_kept	0.0684152	29	0.724362	0.152742
ENSG00000186522	SEPT10	S1_all_tissues_zeros_kept	0.283744	29	0.135792	0.42665
ENSG00000186529	CYP4F3	S1_all_tissues_zeros_kept	0.449901	29	0.0143344	0.68659
ENSG00000186532	SMYD4	S1_all_tissues_zeros_kept	0.0953789	29	0.622604	0.17922
ENSG00000186566	GPATCH8	S1_all_tissues_zeros_kept	0.120316	29	0.53415	0.205613
ENSG00000186575	NF2	S1_all_tissues_zeros_kept	-0.00197069	29	0.991905	0.0981577
ENSG00000186591	UBE2H	S1_all_tissues_zeros_kept	0.556158	29	0.00173171	0.820308
ENSG00000186603	HPDL	S1_all_tissues_zeros_kept	0.323232	29	0.0872011	0.492759
ENSG00000186625	KATNA1	S1_all_tissues_zeros_kept	0.15032	29	0.436374	0.241217
ENSG00000186628	FSD2	S1_all_tissues_zeros_kept	0.297069	29	0.117591	0.445501
ENSG00000186635	ARAP1	S1_all_tissues_zeros_kept	0.730542	29	6.81409e-06	0.95467
ENSG00000186638	KIF24	S1_all_tissues_zeros_kept	0.66886	29	7.29094e-05	0.917781
ENSG00000186648	LRRC16B	S1_all_tissues_zeros_kept	-0.100211	29	0.605002	0.0456298
ENSG00000186652	PRG2	S1_all_tissues_zeros_kept	0.316228	29	0.0946761	0.479306
ENSG00000186665	C17orf58	S1_all_tissues_zeros_kept	0.109852	29	0.570529	0.194687
ENSG00000186666	BCDIN3D	S1_all_tissues_zeros_kept	0.0552952	29	0.775726	0.142031
ENSG00000186687	LYRM7	S1_all_tissues_zeros_kept	0.535288	29	0.0027698	0.798629
ENSG00000186710	CFAP73	S1_all_tissues_zeros_kept	0.719623	29	1.08386e-05	0.947644
ENSG00000186716	BCR	S1_all_tissues_zeros_kept	0.405911	29	0.0289047	0.621208
ENSG00000186767	SPIN4	S1_all_tissues_zeros_kept	0.131225	29	0.497438	0.218809
ENSG00000186806	VSIG10L	S1_all_tissues_zeros_kept	0.14153	29	0.463964	0.23072
ENSG00000186812	ZNF397	S1_all_tissues_zeros_kept	0.393596	29	0.0346469	0.599143
ENSG00000186814	ZSCAN30	S1_all_tissues_zeros_kept	0.35907	29	0.0557553	0.548286
ENSG00000186815	TPCN1	S1_all_tissues_zeros_kept	0.322167	29	0.0883077	0.490874
ENSG00000186832	KRT16	S1_all_tissues_zeros_kept	0.404162	29	0.0296697	0.618809
ENSG00000186834	HEXIM1	S1_all_tissues_zeros_kept	0.380788	29	0.041559	0.57982
ENSG00000186847	KRT14	S1_all_tissues_zeros_kept	0.502408	29	0.00547974	0.756941
ENSG00000186862	PDZD7	S1_all_tissues_zeros_kept	0.769628	29	1.06018e-06	0.969195
ENSG00000186866	POFUT2	S1_all_tissues_zeros_kept	0.156158	29	0.418558	0.247601
ENSG00000186868	MAPT	S1_all_tissues_zeros_kept	0.503116	29	0.00540362	0.758055
ENSG00000186871	ERCC6L	S1_all_tissues_zeros_kept	0.325559	29	0.0848203	0.496101
ENSG00000186897	C1QL4	S1_all_tissues_zeros_kept	0.527335	29	0.00328714	0.787832
ENSG00000186908	ZDHHC17	S1_all_tissues_zeros_kept	0.263333	29	0.16752	0.393702
ENSG00000186910	SERPINA11	S1_all_tissues_zeros_kept	0.200959	29	0.295881	0.302999
ENSG00000186918	ZNF395	S1_all_tissues_zeros_kept	0.253257	29	0.184981	0.380334
ENSG00000186973	FAM183A	S1_all_tissues_zeros_kept	0.246074	29	0.198181	0.368509
ENSG00000186976	EFCAB6	S1_all_tissues_zeros_kept	0.167171	29	0.386069	0.260711
ENSG00000187003	ACTL7A	S1_all_tissues_zeros_kept	0.421153	29	0.0228931	0.645844
ENSG00000187017	ESPN	S1_all_tissues_zeros_kept	0.259967	29	0.173218	0.38916
ENSG00000187021	PNLIPRP1	S1_all_tissues_zeros_kept	0.45332	29	0.0135229	0.692674
ENSG00000187024	PTRH1	S1_all_tissues_zeros_kept	0.0992093	29	0.608634	0.183419
ENSG00000187045	TMPRSS6	S1_all_tissues_zeros_kept	0.415678	29	0.024922	0.636504
ENSG00000187048	CYP4A11	S1_all_tissues_zeros_kept	0.343543	29	0.0680548	0.523608
ENSG00000187051	RPS19BP1	S1_all_tissues_zeros_kept	-0.187655	29	0.329661	0.0199229
ENSG00000187054	TMPRSS11A	S1_all_tissues_zeros_kept	0.308487	29	0.103489	0.46491
ENSG00000187079	TEAD1	S1_all_tissues_zeros_kept	0.193407	29	0.314779	0.293102
ENSG00000187091	PLCD1	S1_all_tissues_zeros_kept	0.606971	29	0.000480914	0.865596
ENSG00000187094	CCK	S1_all_tissues_zeros_kept	0.559995	29	0.00158315	0.824464
ENSG00000187109	NAP1L1	S1_all_tissues_zeros_kept	0.42266	29	0.0223591	0.6485
ENSG00000187116	LILRA5	S1_all_tissues_zeros_kept	0.254839	29	0.182159	0.382562
ENSG00000187118	CMC1	S1_all_tissues_zeros_kept	0.128587	29	0.506196	0.216538
ENSG00000187122	SLIT1	S1_all_tissues_zeros_kept	0.373623	29	0.0458814	0.57048
ENSG00000187135	VSTM2B	S1_all_tissues_zeros_kept	0.512647	29	0.00446259	0.769794
ENSG00000187147	RNF220	S1_all_tissues_zeros_kept	0.000759882	29	0.996879	0.0997001
ENSG00000187164	SHTN1	S1_all_tissues_zeros_kept	0.5164	29	0.00413253	0.774507
ENSG00000187189	TSPYL4	S1_all_tissues_zeros_kept	0.135497	29	0.483416	0.223436
ENSG00000187191	DAZ3	S1_all_tissues_zeros_kept	0.561354	29	0.00153324	0.825493
ENSG00000187193	MT1X	S1_all_tissues_zeros_kept	0.271052	29	0.154956	0.406684
ENSG00000187231	SESTD1	S1_all_tissues_zeros_kept	0.544346	29	0.00226735	0.808183
ENSG00000187239	FNBP1	S1_all_tissues_zeros_kept	0.756158	29	2.09216e-06	0.964953
ENSG00000187244	BCAM	S1_all_tissues_zeros_kept	0.503941	29	0.00531596	0.759512
ENSG00000187257	RSBN1L	S1_all_tissues_zeros_kept	0.395567	29	0.033671	0.601714
ENSG00000187268	FAM9C	S1_all_tissues_zeros_kept	1	29	0	0.997943
ENSG00000187323	DCC	S1_all_tissues_zeros_kept	0.160454	29	0.405708	0.253171
ENSG00000187325	TAF9B	S1_all_tissues_zeros_kept	0.187292	29	0.330615	0.28539
ENSG00000187398	LUZP2	S1_all_tissues_zeros_kept	0.527335	29	0.00328714	0.787832
ENSG00000187446	CHP1	S1_all_tissues_zeros_kept	0.659113	29	0.000100938	0.909297
ENSG00000187479	C11orf96	S1_all_tissues_zeros_kept	0.231641	29	0.22663	0.348458
ENSG00000187486	KCNJ11	S1_all_tissues_zeros_kept	0.453242	29	0.013541	0.692416
ENSG00000187492	CDHR4	S1_all_tissues_zeros_kept	0.340226	29	0.0709363	0.518123
ENSG00000187498	COL4A1	S1_all_tissues_zeros_kept	0.398522	29	0.0322488	0.607755
ENSG00000187510	PLEKHG7	S1_all_tissues_zeros_kept	0.137033	29	0.478423	0.225236
ENSG00000187514	PTMA	S1_all_tissues_zeros_kept	0.466502	29	0.0107432	0.710968
ENSG00000187516	HYPM	S1_all_tissues_zeros_kept	1	29	0	0.997943
ENSG00000187522	HSPA14	S1_all_tissues_zeros_kept	0.25468	29	0.182442	0.381962
ENSG00000187531	SIRT7	S1_all_tissues_zeros_kept	0.238643	29	0.212503	0.357712
ENSG00000187533	PRR27	S1_all_tissues_zeros_kept	0.421153	29	0.0228931	0.645844
ENSG00000187535	IFT140	S1_all_tissues_zeros_kept	0.578855	29	0.00100251	0.84006
ENSG00000187546	AGMO	S1_all_tissues_zeros_kept	0.123288	29	0.524022	0.209983
ENSG00000187554	TLR5	S1_all_tissues_zeros_kept	0.395121	29	0.0338895	0.601243
ENSG00000187555	USP7	S1_all_tissues_zeros_kept	0.301478	29	0.111987	0.453728
ENSG00000187583	PLEKHN1	S1_all_tissues_zeros_kept	0.410565	29	0.0269471	0.628235
ENSG00000187605	TET3	S1_all_tissues_zeros_kept	0.250324	29	0.190294	0.375364
ENSG00000187608	ISG15	S1_all_tissues_zeros_kept	0.434975	29	0.0183661	0.664439
ENSG00000187609	EXD3	S1_all_tissues_zeros_kept	-0.121827	29	0.528988	0.037832
ENSG00000187626	ZKSCAN4	S1_all_tissues_zeros_kept	0.113962	29	0.55611	0.1997
ENSG00000187642	PERM1	S1_all_tissues_zeros_kept	0.401386	29	0.0309172	0.613368
ENSG00000187650	VMAC	S1_all_tissues_zeros_kept	0.114603	29	0.553876	0.200214
ENSG00000187664	HAPLN4	S1_all_tissues_zeros_kept	-0.0275405	29	0.887228	0.084533
ENSG00000187672	ERC2	S1_all_tissues_zeros_kept	0.318431	29	0.0922741	0.485219
ENSG00000187676	B3GLCT	S1_all_tissues_zeros_kept	0.577729	29	0.00103105	0.838603
ENSG00000187678	SPRY4	S1_all_tissues_zeros_kept	0.39509	29	0.033905	0.601157
ENSG00000187688	TRPV2	S1_all_tissues_zeros_kept	0.64761	29	0.000146037	0.8991
ENSG00000187690	CXorf67	S1_all_tissues_zeros_kept	-0.0640809	29	0.741214	0.063539
ENSG00000187699	C2orf88	S1_all_tissues_zeros_kept	0.5164	29	0.00413253	0.774507
ENSG00000187715	KBTBD12	S1_all_tissues_zeros_kept	0.217973	29	0.255994	0.328021
ENSG00000187726	DNAJB13	S1_all_tissues_zeros_kept	0.561292	29	0.00153549	0.825407
ENSG00000187735	TCEA1	S1_all_tissues_zeros_kept	0.344828	29	0.0669635	0.525621
ENSG00000187736	NHEJ1	S1_all_tissues_zeros_kept	0.279837	29	0.141496	0.420908
ENSG00000187741	FANCA	S1_all_tissues_zeros_kept	0.173028	29	0.369401	0.268423
ENSG00000187742	SECISBP2	S1_all_tissues_zeros_kept	0.627973	29	0.000265221	0.88359
ENSG00000187758	ADH1A	S1_all_tissues_zeros_kept	0.494613	29	0.00638065	0.746658
ENSG00000187764	SEMA4D	S1_all_tissues_zeros_kept	0.592611	29	0.000705758	0.851414
ENSG00000187772	LIN28B	S1_all_tissues_zeros_kept	0.341836	29	0.0695255	0.520608
ENSG00000187775	DNAH17	S1_all_tissues_zeros_kept	-0.279131	29	0.142546	0.00655527
ENSG00000187778	MCRS1	S1_all_tissues_zeros_kept	0.567971	29	0.00130931	0.830548
ENSG00000187783	TMEM72	S1_all_tissues_zeros_kept	0.604493	29	0.000514502	0.863796
ENSG00000187796	CARD9	S1_all_tissues_zeros_kept	0.422234	29	0.0225089	0.648115
ENSG00000187800	PEAR1	S1_all_tissues_zeros_kept	0.211989	29	0.269599	0.32018
ENSG00000187808	SOWAHD	S1_all_tissues_zeros_kept	0.168792	29	0.381415	0.263111
ENSG00000187837	HIST1H1C	S1_all_tissues_zeros_kept	-0.306404	29	0.105962	0.00492716
ENSG00000187838	TMEM256-PLSCR3	S1_all_tissues_zeros_kept	0.188316	29	0.327927	0.28659
ENSG00000187840	EIF4EBP1	S1_all_tissues_zeros_kept	0.502463	29	0.0054738	0.757112
ENSG00000187848	P2RX2	S1_all_tissues_zeros_kept	-0.0922281	29	0.634193	0.0488003
ENSG00000187860	CCDC157	S1_all_tissues_zeros_kept	0.358699	29	0.0560274	0.547601
ENSG00000187866	FAM122A	S1_all_tissues_zeros_kept	0.314324	29	0.0967885	0.47485
ENSG00000187889	C1orf168	S1_all_tissues_zeros_kept	0.312692	29	0.0986284	0.472108
ENSG00000187902	SHISA7	S1_all_tissues_zeros_kept	0.421153	29	0.0228931	0.645844
ENSG00000187905	LRRC74B	S1_all_tissues_zeros_kept	0.362421	29	0.0533456	0.554327
ENSG00000187908	DMBT1	S1_all_tissues_zeros_kept	0.652607	29	0.000124624	0.90347
ENSG00000187954	CYHR1	S1_all_tissues_zeros_kept	0.151496	29	0.432752	0.242202
ENSG00000187955	COL14A1	S1_all_tissues_zeros_kept	0.787685	29	3.95647e-07	0.976221
ENSG00000187957	DNER	S1_all_tissues_zeros_kept	0.271851	29	0.153696	0.408526
ENSG00000187994	RINL	S1_all_tissues_zeros_kept	0.546764	29	0.00214736	0.810754
ENSG00000188001	TPRG1	S1_all_tissues_zeros_kept	0.311611	29	0.0998615	0.470223
ENSG00000188010	MORN2	S1_all_tissues_zeros_kept	0.138024	29	0.475219	0.22635
ENSG00000188015	S100A3	S1_all_tissues_zeros_kept	0.234831	29	0.220118	0.352485
ENSG00000188021	UBQLN2	S1_all_tissues_zeros_kept	0.358419	29	0.0562334	0.546744
ENSG00000188042	ARL4C	S1_all_tissues_zeros_kept	0.12449	29	0.519952	0.211268
ENSG00000188089	PLA2G4E	S1_all_tissues_zeros_kept	-0.105288	29	0.586738	0.0440446
ENSG00000188100	FAM25A	S1_all_tissues_zeros_kept	0.51651	29	0.00412321	0.774679
ENSG00000188130	MAPK12	S1_all_tissues_zeros_kept	0.257886	29	0.176809	0.386418
ENSG00000188157	AGRN	S1_all_tissues_zeros_kept	0.320989	29	0.089545	0.488646
ENSG00000188163	FAM166A	S1_all_tissues_zeros_kept	0.247911	29	0.194744	0.37168
ENSG00000188167	TMPPE	S1_all_tissues_zeros_kept	0.219718	29	0.252113	0.33132
ENSG00000188176	SMTNL2	S1_all_tissues_zeros_kept	0.193258	29	0.315158	0.292931
ENSG00000188177	ZC3H6	S1_all_tissues_zeros_kept	0.285221	29	0.133678	0.428663
ENSG00000188186	LAMTOR4	S1_all_tissues_zeros_kept	0.126601	29	0.512842	0.214182
ENSG00000188191	PRKAR1B	S1_all_tissues_zeros_kept	0.369458	29	0.0485529	0.564439
ENSG00000188219	POTEE	S1_all_tissues_zeros_kept	-0.0244291	29	0.899901	0.0861611
ENSG00000188229	TUBB4B	S1_all_tissues_zeros_kept	-0.0655172	29	0.735616	0.062425
ENSG00000188243	COMMD6	S1_all_tissues_zeros_kept	0.338261	29	0.0726869	0.514781
ENSG00000188263	IL17REL	S1_all_tissues_zeros_kept	0.200959	29	0.295881	0.302999
ENSG00000188266	HYKK	S1_all_tissues_zeros_kept	0.537024	29	0.00266666	0.800728
ENSG00000188313	PLSCR1	S1_all_tissues_zeros_kept	0.317585	29	0.0931907	0.483419
ENSG00000188315	C3orf62	S1_all_tissues_zeros_kept	0.316657	29	0.0942045	0.481705
ENSG00000188316	ENO4	S1_all_tissues_zeros_kept	0.576215	29	0.0010705	0.837746
ENSG00000188338	SLC38A3	S1_all_tissues_zeros_kept	0.392326	29	0.0352881	0.597301
ENSG00000188342	GTF2F2	S1_all_tissues_zeros_kept	0.213793	29	0.265449	0.322922
ENSG00000188352	FOCAD	S1_all_tissues_zeros_kept	0.0433498	29	0.823316	0.130934
ENSG00000188385	JAKMIP3	S1_all_tissues_zeros_kept	0.251487	29	0.188175	0.376907
ENSG00000188404	SELL	S1_all_tissues_zeros_kept	0.563749	29	0.00144863	0.827035
ENSG00000188419	CHM	S1_all_tissues_zeros_kept	0.194876	29	0.311046	0.29473
ENSG00000188425	NANOS2	S1_all_tissues_zeros_kept	1	29	0	0.997943
ENSG00000188428	BLOC1S5	S1_all_tissues_zeros_kept	0.120212	29	0.534505	0.205356
ENSG00000188488	SERPINA5	S1_all_tissues_zeros_kept	0.328735	29	0.081651	0.500214
ENSG00000188493	C19orf54	S1_all_tissues_zeros_kept	0.119372	29	0.537384	0.204499
ENSG00000188505	NCCRP1	S1_all_tissues_zeros_kept	0.417264	29	0.0243196	0.638432
ENSG00000188508	KRTDAP	S1_all_tissues_zeros_kept	0.48307	29	0.00794364	0.733376
ENSG00000188517	COL25A1	S1_all_tissues_zeros_kept	0.386083	29	0.038579	0.588817
ENSG00000188522	FAM83G	S1_all_tissues_zeros_kept	0.420024	29	0.0233	0.642888
ENSG00000188523	CFAP77	S1_all_tissues_zeros_kept	0.304256	29	0.108559	0.457455
ENSG00000188529	SRSF10	S1_all_tissues_zeros_kept	0.350739	29	0.0621165	0.535347
ENSG00000188536	HBA2	S1_all_tissues_zeros_kept	0.471921	29	0.00974858	0.717738
ENSG00000188542	DUSP28	S1_all_tissues_zeros_kept	0.527786	29	0.0032557	0.789546
ENSG00000188549	C15orf52	S1_all_tissues_zeros_kept	0.520261	29	0.00381496	0.779349
ENSG00000188554	NBR1	S1_all_tissues_zeros_kept	0.145499	29	0.451393	0.234833
ENSG00000188559	RALGAPA2	S1_all_tissues_zeros_kept	0.525927	29	0.0033869	0.784961
ENSG00000188566	NDOR1	S1_all_tissues_zeros_kept	0.38701	29	0.0380752	0.590017
ENSG00000188573	FBLL1	S1_all_tissues_zeros_kept	0.323295	29	0.0871368	0.492845
ENSG00000188580	NKAIN2	S1_all_tissues_zeros_kept	0.527335	29	0.00328714	0.787832
ENSG00000188596	CFAP54	S1_all_tissues_zeros_kept	0.106967	29	0.580751	0.191388
ENSG00000188603	CLN3	S1_all_tissues_zeros_kept	0.428079	29	0.0205225	0.655827
ENSG00000188611	ASAH2	S1_all_tissues_zeros_kept	0.230483	29	0.229027	0.347344
ENSG00000188612	SUMO2	S1_all_tissues_zeros_kept	0.37734	29	0.0435966	0.575493
ENSG00000188641	DPYD	S1_all_tissues_zeros_kept	0.706491	29	1.84267e-05	0.94006
ENSG00000188643	S100A16	S1_all_tissues_zeros_kept	0.490148	29	0.00695114	0.741174
ENSG00000188647	PTAR1	S1_all_tissues_zeros_kept	0.204926	29	0.286249	0.308612
ENSG00000188659	SAXO2	S1_all_tissues_zeros_kept	0.027705	29	0.886558	0.119237
ENSG00000188672	RHCE	S1_all_tissues_zeros_kept	-0.158114	29	0.41268	0.0271208
ENSG00000188677	PARVB	S1_all_tissues_zeros_kept	0.543842	29	0.00229305	0.807584
ENSG00000188687	SLC4A5	S1_all_tissues_zeros_kept	0.396188	29	0.0333679	0.603128
ENSG00000188690	UROS	S1_all_tissues_zeros_kept	0.206183	29	0.283239	0.310668
ENSG00000188706	ZDHHC9	S1_all_tissues_zeros_kept	0.108738	29	0.574468	0.193273
ENSG00000188730	VWC2	S1_all_tissues_zeros_kept	0.414335	29	0.0254416	0.634576
ENSG00000188732	FAM221A	S1_all_tissues_zeros_kept	0.372709	29	0.0464573	0.568081
ENSG00000188735	TMEM120B	S1_all_tissues_zeros_kept	0.452451	29	0.0137254	0.691302
ENSG00000188739	RBM34	S1_all_tissues_zeros_kept	0.165538	29	0.390794	0.258698
ENSG00000188747	NOXA1	S1_all_tissues_zeros_kept	0.299434	29	0.114559	0.450086
ENSG00000188761	BCL2L15	S1_all_tissues_zeros_kept	0.410688	29	0.0268969	0.628492
ENSG00000188783	PRELP	S1_all_tissues_zeros_kept	0.723645	29	9.15824e-06	0.952399
ENSG00000188786	MTF1	S1_all_tissues_zeros_kept	0.168422	29	0.382475	0.261997
ENSG00000188803	SHISA6	S1_all_tissues_zeros_kept	0.134197	29	0.48766	0.221808
ENSG00000188807	TMEM201	S1_all_tissues_zeros_kept	-0.0694548	29	0.720339	0.0602828
ENSG00000188811	NHLRC3	S1_all_tissues_zeros_kept	0.266174	29	0.162814	0.398757
ENSG00000188817	SNTN	S1_all_tissues_zeros_kept	0.250139	29	0.190633	0.374764
ENSG00000188833	ENTPD8	S1_all_tissues_zeros_kept	0.360165	29	0.0549583	0.550428
ENSG00000188846	RPL14	S1_all_tissues_zeros_kept	0.382266	29	0.0407094	0.582091
ENSG00000188848	BEND4	S1_all_tissues_zeros_kept	0.108547	29	0.575145	0.193059
ENSG00000188883	KLRG2	S1_all_tissues_zeros_kept	0.450317	29	0.0142336	0.687361
ENSG00000188895	MSL1	S1_all_tissues_zeros_kept	0.227206	29	0.235899	0.342374
ENSG00000188917	TRMT2B	S1_all_tissues_zeros_kept	0.169383	29	0.379724	0.263625
ENSG00000188931	CFAP126	S1_all_tissues_zeros_kept	0.488068	29	0.00723123	0.738946
ENSG00000188976	NOC2L	S1_all_tissues_zeros_kept	-0.1	29	0.605767	0.0459297
ENSG00000188986	NELFB	S1_all_tissues_zeros_kept	0.228079	29	0.234055	0.343745
ENSG00000188993	LRRC66	S1_all_tissues_zeros_kept	0.432643	29	0.0190733	0.661482
ENSG00000188994	ZNF292	S1_all_tissues_zeros_kept	0.0110851	29	0.954489	0.106384
ENSG00000188997	KCTD21	S1_all_tissues_zeros_kept	0.535468	29	0.00275893	0.799015
ENSG00000189001	SBSN	S1_all_tissues_zeros_kept	0.405855	29	0.028929	0.620865
ENSG00000189007	ADAT2	S1_all_tissues_zeros_kept	0.372382	29	0.0466649	0.567566
ENSG00000189042	ZNF567	S1_all_tissues_zeros_kept	0.509327	29	0.0047731	0.766367
ENSG00000189043	NDUFA4	S1_all_tissues_zeros_kept	0.327627	29	0.0827467	0.498672
ENSG00000189046	ALKBH2	S1_all_tissues_zeros_kept	0.0198394	29	0.918639	0.112811
ENSG00000189050	RNFT1	S1_all_tissues_zeros_kept	0.31519	29	0.0958231	0.47605
ENSG00000189056	RELN	S1_all_tissues_zeros_kept	0.201272	29	0.295114	0.303556
ENSG00000189058	APOD	S1_all_tissues_zeros_kept	0.169007	29	0.380798	0.263368
ENSG00000189060	H1F0	S1_all_tissues_zeros_kept	0.417734	29	0.0241436	0.639546
ENSG00000189077	TMEM120A	S1_all_tissues_zeros_kept	0.536946	29	0.00267124	0.800514
ENSG00000189079	ARID2	S1_all_tissues_zeros_kept	0.411873	29	0.0264165	0.631063
ENSG00000189091	SF3B3	S1_all_tissues_zeros_kept	0.459113	29	0.0122354	0.700643
ENSG00000189114	BLOC1S3	S1_all_tissues_zeros_kept	0.120705	29	0.532819	0.206384
ENSG00000189129	PLAC9	S1_all_tissues_zeros_kept	0.115432	29	0.550991	0.201071
ENSG00000189159	HN1	S1_all_tissues_zeros_kept	0.658128	29	0.000104245	0.908055
ENSG00000189171	S100A13	S1_all_tissues_zeros_kept	0.463054	29	0.0114194	0.706727
ENSG00000189180	ZNF33A	S1_all_tissues_zeros_kept	0.333896	29	0.0766947	0.508141
ENSG00000189184	PCDH18	S1_all_tissues_zeros_kept	0.373629	29	0.0458773	0.570566
ENSG00000189186	DCAF8L2	S1_all_tissues_zeros_kept	0.421153	29	0.0228931	0.645844
ENSG00000189221	MAOA	S1_all_tissues_zeros_kept	0.789655	29	3.53285e-07	0.976949
ENSG00000189227	C15orf61	S1_all_tissues_zeros_kept	0.125943	29	0.515051	0.213068
ENSG00000189241	TSPYL1	S1_all_tissues_zeros_kept	0.23328	29	0.223269	0.350686
ENSG00000189283	FHIT	S1_all_tissues_zeros_kept	0.250739	29	0.189537	0.375707
ENSG00000189292	FAM150B	S1_all_tissues_zeros_kept	0.556816	29	0.00170538	0.82138
ENSG00000189298	ZKSCAN3	S1_all_tissues_zeros_kept	-0.127995	29	0.508172	0.0358612
ENSG00000189306	RRP7A	S1_all_tissues_zeros_kept	0.214339	29	0.264202	0.323779
ENSG00000189308	LIN54	S1_all_tissues_zeros_kept	0.122765	29	0.525796	0.209212
ENSG00000189319	FAM53B	S1_all_tissues_zeros_kept	0.584878	29	0.000861342	0.845287
ENSG00000189325	C6orf222	S1_all_tissues_zeros_kept	0.0509375	29	0.793005	0.137404
ENSG00000189339	SLC35E2B	S1_all_tissues_zeros_kept	-0.210584	29	0.272859	0.0152099
ENSG00000189350	FAM179A	S1_all_tissues_zeros_kept	0.372882	29	0.0463477	0.568723
ENSG00000189362	NEMP2	S1_all_tissues_zeros_kept	0.0306008	29	0.874789	0.120951
ENSG00000189369	GSPT2	S1_all_tissues_zeros_kept	0.211356	29	0.271065	0.318852
ENSG00000189377	CXCL17	S1_all_tissues_zeros_kept	0.418315	29	0.0239272	0.640488
ENSG00000189401	OTUD6A	S1_all_tissues_zeros_kept	0.446554	29	0.0151676	0.681534
ENSG00000189403	HMGB1	S1_all_tissues_zeros_kept	0.642857	29	0.000169368	0.894901
ENSG00000189409	MMP23B	S1_all_tissues_zeros_kept	0.425023	29	0.0215423	0.651028
ENSG00000189410	SH2D5	S1_all_tissues_zeros_kept	0.494879	29	0.00634794	0.746958
ENSG00000189420	ZFP92	S1_all_tissues_zeros_kept	0.226939	29	0.236464	0.341945
ENSG00000196072	BLOC1S2	S1_all_tissues_zeros_kept	0.00295567	29	0.987859	0.101328
ENSG00000196074	SYCP2	S1_all_tissues_zeros_kept	0.0530849	29	0.784477	0.13946
ENSG00000196090	PTPRT	S1_all_tissues_zeros_kept	0.0993358	29	0.608175	0.183633
ENSG00000196091	MYBPC1	S1_all_tissues_zeros_kept	0.491799	29	0.0067354	0.743916
ENSG00000196092	PAX5	S1_all_tissues_zeros_kept	0.640985	29	0.00017943	0.894045
ENSG00000196104	SPOCK3	S1_all_tissues_zeros_kept	0.211114	29	0.271626	0.318209
ENSG00000196116	TDRD7	S1_all_tissues_zeros_kept	0.24532	29	0.199602	0.367224
ENSG00000196126	HLA-DRB1	S1_all_tissues_zeros_kept	0.661576	29	9.30741e-05	0.911054
ENSG00000196132	MYT1	S1_all_tissues_zeros_kept	0.297957	29	0.116446	0.446744
ENSG00000196136	SERPINA3	S1_all_tissues_zeros_kept	0.215463	29	0.261645	0.325407
ENSG00000196139	AKR1C3	S1_all_tissues_zeros_kept	0.797143	29	2.27204e-07	0.979563
ENSG00000196141	SPATS2L	S1_all_tissues_zeros_kept	0.610837	29	0.000432365	0.869409
ENSG00000196150	ZNF250	S1_all_tissues_zeros_kept	0.218628	29	0.254533	0.329263
ENSG00000196151	WDSUB1	S1_all_tissues_zeros_kept	0.565025	29	0.00140524	0.828192
ENSG00000196154	S100A4	S1_all_tissues_zeros_kept	0.595567	29	0.000653141	0.853942
ENSG00000196159	FAT4	S1_all_tissues_zeros_kept	0.337016	29	0.0738127	0.512896
ENSG00000196169	KIF19	S1_all_tissues_zeros_kept	0.303811	29	0.109102	0.457112
ENSG00000196177	ACADSB	S1_all_tissues_zeros_kept	0.665599	29	8.13972e-05	0.914739
ENSG00000196187	TMEM63A	S1_all_tissues_zeros_kept	0.109619	29	0.571351	0.194344
ENSG00000196188	CTSE	S1_all_tissues_zeros_kept	0.485127	29	0.00764363	0.73569
ENSG00000196189	SEMA4A	S1_all_tissues_zeros_kept	0.586403	29	0.000828478	0.846487
ENSG00000196199	MPHOSPH8	S1_all_tissues_zeros_kept	0.268473	29	0.159077	0.402656
ENSG00000196208	GREB1	S1_all_tissues_zeros_kept	0.414107	29	0.0255306	0.634062
ENSG00000196230	TUBB	S1_all_tissues_zeros_kept	0.276847	29	0.145979	0.415638
ENSG00000196233	LCOR	S1_all_tissues_zeros_kept	0.193427	29	0.314728	0.293188
ENSG00000196235	SUPT5H	S1_all_tissues_zeros_kept	0.391626	29	0.0356455	0.596358
ENSG00000196236	XPNPEP3	S1_all_tissues_zeros_kept	0.152649	29	0.429219	0.243573
ENSG00000196262	PPIA	S1_all_tissues_zeros_kept	-0.0793103	29	0.682571	0.0552699
ENSG00000196277	GRM7	S1_all_tissues_zeros_kept	0.239196	29	0.211415	0.358483
ENSG00000196284	SUPT3H	S1_all_tissues_zeros_kept	-0.0265279	29	0.891349	0.0850471
ENSG00000196290	NIF3L1	S1_all_tissues_zeros_kept	0.143842	29	0.456619	0.232691
ENSG00000196296	ATP2A1	S1_all_tissues_zeros_kept	-0.0175776	29	0.927889	0.0895887
ENSG00000196305	IARS	S1_all_tissues_zeros_kept	0.192611	29	0.316813	0.292159
ENSG00000196313	POM121	S1_all_tissues_zeros_kept	-0.109248	29	0.572664	0.0422022
ENSG00000196335	STK31	S1_all_tissues_zeros_kept	0.31701	29	0.0938186	0.482262
ENSG00000196338	NLGN3	S1_all_tissues_zeros_kept	0.450016	29	0.0143065	0.686675
ENSG00000196344	ADH7	S1_all_tissues_zeros_kept	0.484476	29	0.0077375	0.734833
ENSG00000196345	ZKSCAN7	S1_all_tissues_zeros_kept	-0.254431	29	0.182884	0.00912596
ENSG00000196352	CD55	S1_all_tissues_zeros_kept	0.519212	29	0.00389912	0.777935
ENSG00000196353	CPNE4	S1_all_tissues_zeros_kept	0.412659	29	0.026102	0.632091
ENSG00000196358	NTNG2	S1_all_tissues_zeros_kept	0.297957	29	0.116446	0.446744
ENSG00000196361	ELAVL3	S1_all_tissues_zeros_kept	0.480293	29	0.00836443	0.72892
ENSG00000196363	WDR5	S1_all_tissues_zeros_kept	0.13895	29	0.47223	0.227978
ENSG00000196365	LONP1	S1_all_tissues_zeros_kept	0.549261	29	0.00202923	0.813025
ENSG00000196367	TRRAP	S1_all_tissues_zeros_kept	0.597931	29	0.000613563	0.85617
ENSG00000196368	NUDT11	S1_all_tissues_zeros_kept	0.420733	29	0.023044	0.644259
ENSG00000196371	FUT4	S1_all_tissues_zeros_kept	0.687097	29	3.83866e-05	0.929863
ENSG00000196376	SLC35F1	S1_all_tissues_zeros_kept	0.113682	29	0.557086	0.199443
ENSG00000196378	ZNF34	S1_all_tissues_zeros_kept	-0.21473	29	0.26331	0.0146101
ENSG00000196396	PTPN1	S1_all_tissues_zeros_kept	0.564039	29	0.00143865	0.827292
ENSG00000196405	EVL	S1_all_tissues_zeros_kept	0.663054	29	8.8622e-05	0.912125
ENSG00000196406	SPANXD	S1_all_tissues_zeros_kept	0.719623	29	1.08386e-05	0.947644
ENSG00000196408	NOXO1	S1_all_tissues_zeros_kept	0.629515	29	0.000253447	0.884876
ENSG00000196411	EPHB4	S1_all_tissues_zeros_kept	0.523645	29	0.00355404	0.782562
ENSG00000196415	PRTN3	S1_all_tissues_zeros_kept	-0.304971	29	0.107689	0.00501285
ENSG00000196419	XRCC6	S1_all_tissues_zeros_kept	0.26601	29	0.163084	0.398543
ENSG00000196428	TSC22D2	S1_all_tissues_zeros_kept	0.303239	29	0.109804	0.45617
ENSG00000196440	ARMCX4	S1_all_tissues_zeros_kept	0.25094	29	0.18917	0.376135
ENSG00000196449	YRDC	S1_all_tissues_zeros_kept	0.0487685	29	0.801641	0.13539
ENSG00000196455	PIK3R4	S1_all_tissues_zeros_kept	0.434483	29	0.0185137	0.663796
ENSG00000196459	TRAPPC2	S1_all_tissues_zeros_kept	0.11627	29	0.548082	0.201757
ENSG00000196465	MYL6B	S1_all_tissues_zeros_kept	-0.393596	29	0.0346469	0.00107112
ENSG00000196475	GK2	S1_all_tissues_zeros_kept	0.340588	29	0.0706171	0.519066
ENSG00000196497	IPO4	S1_all_tissues_zeros_kept	0.172906	29	0.369743	0.268209
ENSG00000196498	NCOR2	S1_all_tissues_zeros_kept	0.361084	29	0.0542972	0.551714
ENSG00000196502	SULT1A1	S1_all_tissues_zeros_kept	0.587685	29	0.000801721	0.847344
ENSG00000196504	PRPF40A	S1_all_tissues_zeros_kept	0.293596	29	0.122151	0.439889
ENSG00000196505	GDAP2	S1_all_tissues_zeros_kept	-0.0295931	29	0.878882	0.083162
ENSG00000196507	TCEAL3	S1_all_tissues_zeros_kept	0.282547	29	0.137521	0.424936
ENSG00000196510	ANAPC7	S1_all_tissues_zeros_kept	0.117734	29	0.543022	0.203171
ENSG00000196511	TPK1	S1_all_tissues_zeros_kept	0.685067	29	4.13208e-05	0.928406
ENSG00000196517	SLC6A9	S1_all_tissues_zeros_kept	0.160069	29	0.40685	0.252999
ENSG00000196526	AFAP1	S1_all_tissues_zeros_kept	0.309398	29	0.102421	0.466367
ENSG00000196531	NACA	S1_all_tissues_zeros_kept	0.213793	29	0.265449	0.322922
ENSG00000196535	MYO18A	S1_all_tissues_zeros_kept	0.741471	29	4.18646e-06	0.95934
ENSG00000196544	BORCS6	S1_all_tissues_zeros_kept	0.0931264	29	0.630881	0.176607
ENSG00000196547	MAN2A2	S1_all_tissues_zeros_kept	0.473399	29	0.00949116	0.719452
ENSG00000196549	MME	S1_all_tissues_zeros_kept	0.695561	29	2.80597e-05	0.934147
ENSG00000196562	SULF2	S1_all_tissues_zeros_kept	0.719389	29	1.09444e-05	0.946744
ENSG00000196565	HBG2	S1_all_tissues_zeros_kept	0.223633	29	0.243546	0.337832
ENSG00000196576	PLXNB2	S1_all_tissues_zeros_kept	0.394581	29	0.0341562	0.600214
ENSG00000196586	MYO6	S1_all_tissues_zeros_kept	0.773892	29	8.4685e-07	0.971165
ENSG00000196588	MKL1	S1_all_tissues_zeros_kept	0.276847	29	0.145979	0.415638
ENSG00000196591	HDAC2	S1_all_tissues_zeros_kept	0.411823	29	0.0264369	0.630763
ENSG00000196604	POTEF	S1_all_tissues_zeros_kept	-0.271052	29	0.154956	0.00741217
ENSG00000196611	MMP1	S1_all_tissues_zeros_kept	-0.201884	29	0.293617	0.016838
ENSG00000196616	ADH1B	S1_all_tissues_zeros_kept	0.770823	29	9.95934e-07	0.969794
ENSG00000196620	UGT2B15	S1_all_tissues_zeros_kept	0.381164	29	0.0413415	0.580249
ENSG00000196628	TCF4	S1_all_tissues_zeros_kept	0.303389	29	0.10962	0.456512
ENSG00000196632	WNK3	S1_all_tissues_zeros_kept	0.422442	29	0.0224357	0.648201
ENSG00000196636	SDHAF3	S1_all_tissues_zeros_kept	0.0366114	29	0.850447	0.126178
ENSG00000196642	RABL6	S1_all_tissues_zeros_kept	0.380788	29	0.041559	0.57982
ENSG00000196646	ZNF136	S1_all_tissues_zeros_kept	-0.0914931	29	0.636909	0.0491431
ENSG00000196655	TRAPPC4	S1_all_tissues_zeros_kept	0.170936	29	0.375306	0.265596
ENSG00000196659	TTC30B	S1_all_tissues_zeros_kept	0.193731	29	0.313951	0.293616
ENSG00000196660	SLC30A10	S1_all_tissues_zeros_kept	0.454963	29	0.013147	0.694987
ENSG00000196663	TECPR2	S1_all_tissues_zeros_kept	0.562238	29	0.00150152	0.826178
ENSG00000196664	TLR7	S1_all_tissues_zeros_kept	0.483533	29	0.00787535	0.733719
ENSG00000196666	FAM180B	S1_all_tissues_zeros_kept	0.177082	29	0.358115	0.272879
ENSG00000196670	ZFP62	S1_all_tissues_zeros_kept	0.211356	29	0.271065	0.318852
ENSG00000196683	TOMM7	S1_all_tissues_zeros_kept	-0.136309	29	0.480775	0.032862
ENSG00000196684	HSH2D	S1_all_tissues_zeros_kept	0.203934	29	0.288639	0.306812
ENSG00000196700	ZNF512B	S1_all_tissues_zeros_kept	0.175093	29	0.363629	0.271508
ENSG00000196704	AMZ2	S1_all_tissues_zeros_kept	0.302747	29	0.110411	0.455398
ENSG00000196712	NF1	S1_all_tissues_zeros_kept	0.225616	29	0.239282	0.34036
ENSG00000196715	VKORC1L1	S1_all_tissues_zeros_kept	-0.0433498	29	0.823316	0.0739931
ENSG00000196730	DAPK1	S1_all_tissues_zeros_kept	0.513364	29	0.00439786	0.770608
ENSG00000196743	GM2A	S1_all_tissues_zeros_kept	0.127094	29	0.51119	0.214867
ENSG00000196754	S100A2	S1_all_tissues_zeros_kept	0.559345	29	0.00160751	0.823779
ENSG00000196776	CD47	S1_all_tissues_zeros_kept	0.455665	29	0.0129888	0.696144
ENSG00000196781	TLE1	S1_all_tissues_zeros_kept	0.331855	29	0.0786264	0.505356
ENSG00000196792	STRN3	S1_all_tissues_zeros_kept	0.304433	29	0.108342	0.457755
ENSG00000196805	SPRR2B	S1_all_tissues_zeros_kept	0.828993	29	2.77113e-08	0.988046
ENSG00000196814	MVB12B	S1_all_tissues_zeros_kept	0.505911	29	0.00511156	0.762382
ENSG00000196821	C6orf106	S1_all_tissues_zeros_kept	0.373806	29	0.0457666	0.570651
ENSG00000196834	POTEI	S1_all_tissues_zeros_kept	-0.239663	29	0.210497	0.0102828
ENSG00000196839	ADA	S1_all_tissues_zeros_kept	0.664614	29	8.41297e-05	0.913925
ENSG00000196850	PPTC7	S1_all_tissues_zeros_kept	0.0231527	29	0.905107	0.115724
ENSG00000196865	NHLRC2	S1_all_tissues_zeros_kept	0.429662	29	0.0200098	0.657798
ENSG00000196876	SCN8A	S1_all_tissues_zeros_kept	0.407128	29	0.0283819	0.623093
ENSG00000196911	KPNA5	S1_all_tissues_zeros_kept	0.263956	29	0.16648	0.394387
ENSG00000196914	ARHGEF12	S1_all_tissues_zeros_kept	0.366995	29	0.05019	0.560326
ENSG00000196923	PDLIM7	S1_all_tissues_zeros_kept	0.769951	29	1.04246e-06	0.969366
ENSG00000196924	FLNA	S1_all_tissues_zeros_kept	0.761576	29	1.60004e-06	0.966795
ENSG00000196932	TMEM26	S1_all_tissues_zeros_kept	0.654268	29	0.00011815	0.90467
ENSG00000196935	SRGAP1	S1_all_tissues_zeros_kept	0.345246	29	0.0666107	0.526007
ENSG00000196937	FAM3C	S1_all_tissues_zeros_kept	0.366502	29	0.0505226	0.559426
ENSG00000196943	NOP9	S1_all_tissues_zeros_kept	0.367287	29	0.049994	0.56054
ENSG00000196954	CASP4	S1_all_tissues_zeros_kept	0.807882	29	1.16736e-07	0.983462
ENSG00000196961	AP2A1	S1_all_tissues_zeros_kept	0.332512	29	0.0780004	0.50647
ENSG00000196968	FUT11	S1_all_tissues_zeros_kept	0.434783	29	0.0184238	0.664182
ENSG00000196975	ANXA4	S1_all_tissues_zeros_kept	0.82069	29	4.98791e-08	0.985904
ENSG00000196976	LAGE3	S1_all_tissues_zeros_kept	0.0694581	29	0.720326	0.15347
ENSG00000196990	FAM163B	S1_all_tissues_zeros_kept	0.719623	29	1.08386e-05	0.949057
ENSG00000196998	WDR45	S1_all_tissues_zeros_kept	-0.236975	29	0.215813	0.0109254
ENSG00000197006	METTL9	S1_all_tissues_zeros_kept	0.248336	29	0.193957	0.372279
ENSG00000197021	CXorf40B	S1_all_tissues_zeros_kept	0.123192	29	0.524346	0.209811
ENSG00000197024	ZNF398	S1_all_tissues_zeros_kept	-0.231702	29	0.226506	0.011868
ENSG00000197037	ZSCAN25	S1_all_tissues_zeros_kept	0.430182	29	0.0198439	0.658398
ENSG00000197043	ANXA6	S1_all_tissues_zeros_kept	0.720039	29	1.06526e-05	0.949657
ENSG00000197045	GMFB	S1_all_tissues_zeros_kept	0.323153	29	0.0872836	0.492588
ENSG00000197056	ZMYM1	S1_all_tissues_zeros_kept	-0.396456	29	0.0332378	0.000642674
ENSG00000197057	DTHD1	S1_all_tissues_zeros_kept	0.359733	29	0.0552717	0.549443
ENSG00000197062	ZSCAN26	S1_all_tissues_zeros_kept	0.246435	29	0.197503	0.369109
ENSG00000197063	MAFG	S1_all_tissues_zeros_kept	-0.164189	29	0.39472	0.0250643
ENSG00000197070	ARRDC1	S1_all_tissues_zeros_kept	0.309151	29	0.102709	0.465681
ENSG00000197077	KIAA1671	S1_all_tissues_zeros_kept	0.117734	29	0.543022	0.203171
ENSG00000197081	IGF2R	S1_all_tissues_zeros_kept	0.736946	29	5.13667e-06	0.957198
ENSG00000197093	GAL3ST4	S1_all_tissues_zeros_kept	0.380123	29	0.0419458	0.579049
ENSG00000197102	DYNC1H1	S1_all_tissues_zeros_kept	0.446798	29	0.0151056	0.682305
ENSG00000197106	SLC6A17	S1_all_tissues_zeros_kept	0.435899	29	0.0180921	0.665253
ENSG00000197111	PCBP2	S1_all_tissues_zeros_kept	0.0221675	29	0.909128	0.114353
ENSG00000197122	SRC	S1_all_tissues_zeros_kept	0.596872	29	0.000631025	0.85527
ENSG00000197136	PCNXL3	S1_all_tissues_zeros_kept	0.0751417	29	0.698461	0.157798
ENSG00000197142	ACSL5	S1_all_tissues_zeros_kept	0.666338	29	7.94001e-05	0.915124
ENSG00000197147	LRRC8B	S1_all_tissues_zeros_kept	0.256147	29	0.179848	0.384276
ENSG00000197150	ABCB8	S1_all_tissues_zeros_kept	0.00123229	29	0.994938	0.100129
ENSG00000197157	SND1	S1_all_tissues_zeros_kept	0.491133	29	0.00682169	0.742759
ENSG00000197165	SULT1A2	S1_all_tissues_zeros_kept	0.266392	29	0.162458	0.398929
ENSG00000197168	NEK5	S1_all_tissues_zeros_kept	0.200959	29	0.295881	0.302999
ENSG00000197170	PSMD12	S1_all_tissues_zeros_kept	0.245813	29	0.198672	0.368252
ENSG00000197177	ADGRA1	S1_all_tissues_zeros_kept	0.763426	29	1.45772e-06	0.967352
ENSG00000197181	PIWIL2	S1_all_tissues_zeros_kept	0.145451	29	0.451546	0.234747
ENSG00000197183	NOL4L	S1_all_tissues_zeros_kept	0.411303	29	0.0266467	0.629434
ENSG00000197191	CYSRT1	S1_all_tissues_zeros_kept	0.169863	29	0.378356	0.264225
ENSG00000197217	ENTPD4	S1_all_tissues_zeros_kept	0.220222	29	0.250998	0.332519
ENSG00000197223	C1D	S1_all_tissues_zeros_kept	0.219799	29	0.251933	0.331577
ENSG00000197226	TBC1D9B	S1_all_tissues_zeros_kept	0.484729	29	0.0077009	0.735176
ENSG00000197249	SERPINA1	S1_all_tissues_zeros_kept	0.172401	29	0.371165	0.267395
ENSG00000197256	KANK2	S1_all_tissues_zeros_kept	0.617241	29	0.000361384	0.873093
ENSG00000197265	GTF2E2	S1_all_tissues_zeros_kept	0.214286	29	0.264323	0.323565
ENSG00000197273	GUCA2A	S1_all_tissues_zeros_kept	0.52563	29	0.00340824	0.784619
ENSG00000197283	SYNGAP1	S1_all_tissues_zeros_kept	0.209304	29	0.275853	0.315638
ENSG00000197296	FITM2	S1_all_tissues_zeros_kept	0.326534	29	0.083838	0.497215
ENSG00000197299	BLM	S1_all_tissues_zeros_kept	0.157532	29	0.414423	0.249657
ENSG00000197312	DDI2	S1_all_tissues_zeros_kept	0.437985	29	0.0174856	0.667738
ENSG00000197321	SVIL	S1_all_tissues_zeros_kept	0.790148	29	3.43359e-07	0.977292
ENSG00000197323	TRIM33	S1_all_tissues_zeros_kept	0.403498	29	0.0299644	0.617995
ENSG00000197324	LRP10	S1_all_tissues_zeros_kept	-0.068442	29	0.724259	0.0607112
ENSG00000197343	ZNF655	S1_all_tissues_zeros_kept	0.370865	29	0.0476368	0.565767
ENSG00000197345	MRPL21	S1_all_tissues_zeros_kept	0.315271	29	0.0957336	0.476307
ENSG00000197355	UAP1L1	S1_all_tissues_zeros_kept	0.537258	29	0.00265301	0.801028
ENSG00000197375	SLC22A5	S1_all_tissues_zeros_kept	0.667545	29	7.62332e-05	0.916238
ENSG00000197380	DACT3	S1_all_tissues_zeros_kept	0.359018	29	0.0557931	0.548201
ENSG00000197381	ADARB1	S1_all_tissues_zeros_kept	0.503823	29	0.00532843	0.75934
ENSG00000197386	HTT	S1_all_tissues_zeros_kept	0.375708	29	0.044588	0.572965
ENSG00000197405	C5AR1	S1_all_tissues_zeros_kept	0.416683	29	0.024539	0.637489
ENSG00000197408	CYP2B6	S1_all_tissues_zeros_kept	0.0495572	29	0.798498	0.13629
ENSG00000197415	VEPH1	S1_all_tissues_zeros_kept	0.507139	29	0.00498758	0.76371
ENSG00000197417	SHPK	S1_all_tissues_zeros_kept	0.703941	29	2.03601e-05	0.938518
ENSG00000197430	OPALIN	S1_all_tissues_zeros_kept	0.321825	29	0.0886656	0.490317
ENSG00000197442	MAP3K5	S1_all_tissues_zeros_kept	0.423645	29	0.0220155	0.649829
ENSG00000197444	OGDHL	S1_all_tissues_zeros_kept	0.775391	29	7.81633e-07	0.972022
ENSG00000197448	GSTK1	S1_all_tissues_zeros_kept	0.680296	29	4.90175e-05	0.925236
ENSG00000197451	HNRNPAB	S1_all_tissues_zeros_kept	0.0778325	29	0.688189	0.160497
ENSG00000197461	PDGFA	S1_all_tissues_zeros_kept	-0.19868	29	0.301506	0.0178663
ENSG00000197496	SLC2A10	S1_all_tissues_zeros_kept	-0.0679613	29	0.726122	0.0613111
ENSG00000197498	RPF2	S1_all_tissues_zeros_kept	0.122675	29	0.526101	0.20904
ENSG00000197506	SLC28A3	S1_all_tissues_zeros_kept	0.143629	29	0.457294	0.232434
ENSG00000197530	MIB2	S1_all_tissues_zeros_kept	0.246679	29	0.197045	0.369452
ENSG00000197535	MYO5A	S1_all_tissues_zeros_kept	0.228684	29	0.232782	0.34473
ENSG00000197548	ATG7	S1_all_tissues_zeros_kept	0.0689655	29	0.722232	0.153085
ENSG00000197555	SIPA1L1	S1_all_tissues_zeros_kept	0.573892	29	0.00113361	0.835347
ENSG00000197557	TTC30A	S1_all_tissues_zeros_kept	0.309342	29	0.102487	0.466024
ENSG00000197561	ELANE	S1_all_tissues_zeros_kept	-0.0451754	29	0.815999	0.0725793
ENSG00000197563	PIGN	S1_all_tissues_zeros_kept	0.108374	29	0.575756	0.192545
ENSG00000197565	COL4A6	S1_all_tissues_zeros_kept	0.545844	29	0.00219236	0.810069
ENSG00000197576	HOXA4	S1_all_tissues_zeros_kept	0.316052	29	0.0948702	0.478363
ENSG00000197579	TOPORS	S1_all_tissues_zeros_kept	-0.0481915	29	0.803943	0.0709083
ENSG00000197580	BCO2	S1_all_tissues_zeros_kept	0.34933	29	0.0632464	0.533462
ENSG00000197586	ENTPD6	S1_all_tissues_zeros_kept	0.492854	29	0.0066005	0.744559
ENSG00000197601	FAR1	S1_all_tissues_zeros_kept	0.298176	29	0.116164	0.448201
ENSG00000197603	C5orf42	S1_all_tissues_zeros_kept	0.0344028	29	0.859377	0.124293
ENSG00000197616	MYH6	S1_all_tissues_zeros_kept	0.173384	29	0.368402	0.268766
ENSG00000197632	SERPINB2	S1_all_tissues_zeros_kept	0.569371	29	0.00126575	0.831662
ENSG00000197641	SERPINB13	S1_all_tissues_zeros_kept	0.490976	29	0.00684218	0.742374
ENSG00000197653	DNAH10	S1_all_tissues_zeros_kept	0.0784706	29	0.685761	0.161011
ENSG00000197694	SPTAN1	S1_all_tissues_zeros_kept	0.142365	29	0.461306	0.231362
ENSG00000197696	NMB	S1_all_tissues_zeros_kept	0.389861	29	0.0365594	0.594045
ENSG00000197702	PARVA	S1_all_tissues_zeros_kept	0.46601	29	0.0108377	0.710326
ENSG00000197712	FAM114A1	S1_all_tissues_zeros_kept	0.737438	29	5.02454e-06	0.957284
ENSG00000197713	RPE	S1_all_tissues_zeros_kept	-0.330542	29	0.0798888	0.00372751
ENSG00000197714	ZNF460	S1_all_tissues_zeros_kept	0.0881362	29	0.649371	0.171765
ENSG00000197724	PHF2	S1_all_tissues_zeros_kept	0.385515	29	0.03889	0.587404
ENSG00000197746	PSAP	S1_all_tissues_zeros_kept	0.189163	29	0.325719	0.287618
ENSG00000197747	S100A10	S1_all_tissues_zeros_kept	0.429557	29	0.0200437	0.657541
ENSG00000197748	CFAP43	S1_all_tissues_zeros_kept	0.208634	29	0.277428	0.31461
ENSG00000197756	RPL37A	S1_all_tissues_zeros_kept	0.0192118	29	0.921204	0.112468
ENSG00000197771	MCMBP	S1_all_tissues_zeros_kept	0.412366	29	0.026219	0.631919
ENSG00000197782	ZNF780A	S1_all_tissues_zeros_kept	0.156371	29	0.417914	0.248029
ENSG00000197785	ATAD3A	S1_all_tissues_zeros_kept	0.0783637	29	0.686168	0.160797
ENSG00000197798	FAM118B	S1_all_tissues_zeros_kept	0.381281	29	0.0412742	0.580548
ENSG00000197816	CCDC180	S1_all_tissues_zeros_kept	-0.0100591	29	0.958698	0.0941302
ENSG00000197818	SLC9A8	S1_all_tissues_zeros_kept	-0.201268	29	0.295124	0.0170951
ENSG00000197822	OCLN	S1_all_tissues_zeros_kept	0.81751	29	6.19804e-08	0.985219
ENSG00000197826	C4orf22	S1_all_tissues_zeros_kept	0.297957	29	0.116446	0.446744
ENSG00000197857	ZNF44	S1_all_tissues_zeros_kept	0.00687965	29	0.971746	0.103899
ENSG00000197858	GPAA1	S1_all_tissues_zeros_kept	0.138687	29	0.473079	0.227464
ENSG00000197870	PRB3	S1_all_tissues_zeros_kept	1	29	0	0.997943
ENSG00000197879	MYO1C	S1_all_tissues_zeros_kept	0.627586	29	0.000268248	0.883205
ENSG00000197885	NKIRAS1	S1_all_tissues_zeros_kept	0.411395	29	0.0266095	0.629863
ENSG00000197888	UGT2B17	S1_all_tissues_zeros_kept	0.594005	29	0.000680489	0.852485
ENSG00000197889	MEIG1	S1_all_tissues_zeros_kept	0.719623	29	1.08386e-05	0.949057
ENSG00000197891	SLC22A12	S1_all_tissues_zeros_kept	0.446554	29	0.0151676	0.681534
ENSG00000197892	KIF13B	S1_all_tissues_zeros_kept	0.741872	29	4.11038e-06	0.959554
ENSG00000197893	NRAP	S1_all_tissues_zeros_kept	0.316228	29	0.0946761	0.479306
ENSG00000197894	ADH5	S1_all_tissues_zeros_kept	0.650246	29	0.000134364	0.9015
ENSG00000197901	SLC22A6	S1_all_tissues_zeros_kept	0.265945	29	0.16319	0.398115
ENSG00000197903	HIST1H2BK	S1_all_tissues_zeros_kept	-0.180702	29	0.348215	0.0221508
ENSG00000197905	TEAD4	S1_all_tissues_zeros_kept	0.226354	29	0.237708	0.341088
ENSG00000197912	SPG7	S1_all_tissues_zeros_kept	0.0753695	29	0.697589	0.158141
ENSG00000197930	ERO1A	S1_all_tissues_zeros_kept	0.636039	29	0.000208598	0.889589
ENSG00000197943	PLCG2	S1_all_tissues_zeros_kept	0.774353	29	8.26263e-07	0.971337
ENSG00000197948	FCHSD1	S1_all_tissues_zeros_kept	0.658602	29	0.000102642	0.908526
ENSG00000197956	S100A6	S1_all_tissues_zeros_kept	0.569951	29	0.00124809	0.832177
ENSG00000197958	RPL12	S1_all_tissues_zeros_kept	0.029064	29	0.881032	0.120137
ENSG00000197961	ZNF121	S1_all_tissues_zeros_kept	0.143136	29	0.458856	0.231834
ENSG00000197965	MPZL1	S1_all_tissues_zeros_kept	0.389163	29	0.0369262	0.592674
ENSG00000197969	VPS13A	S1_all_tissues_zeros_kept	0.208374	29	0.27804	0.31431
ENSG00000197971	MBP	S1_all_tissues_zeros_kept	0.515271	29	0.00422954	0.772879
ENSG00000197976	AKAP17A	S1_all_tissues_zeros_kept	0.104446	29	0.58975	0.188046
ENSG00000197977	ELOVL2	S1_all_tissues_zeros_kept	0.643081	29	0.000168199	0.895073
ENSG00000197982	C1orf122	S1_all_tissues_zeros_kept	0.302587	29	0.110609	0.455227
ENSG00000197993	KEL	S1_all_tissues_zeros_kept	0.38128	29	0.0412748	0.580334
ENSG00000198000	NOL8	S1_all_tissues_zeros_kept	0.207907	29	0.279143	0.313153
ENSG00000198001	IRAK4	S1_all_tissues_zeros_kept	0.378618	29	0.0428322	0.577635
ENSG00000198003	CCDC151	S1_all_tissues_zeros_kept	0.149254	29	0.439674	0.24006
ENSG00000198010	DLGAP2	S1_all_tissues_zeros_kept	0.263679	29	0.166942	0.39413
ENSG00000198015	MRPL42	S1_all_tissues_zeros_kept	0.368966	29	0.0488769	0.563582
ENSG00000198018	ENTPD7	S1_all_tissues_zeros_kept	0.249762	29	0.191325	0.374165
ENSG00000198019	FCGR1B	S1_all_tissues_zeros_kept	0.33267	29	0.0778509	0.506898
ENSG00000198026	ZNF335	S1_all_tissues_zeros_kept	0.0554141	29	0.775256	0.142202
ENSG00000198034	RPS4X	S1_all_tissues_zeros_kept	0.382759	29	0.0404293	0.582605
ENSG00000198042	MAK16	S1_all_tissues_zeros_kept	-0.0312846	29	0.872014	0.0818766
ENSG00000198053	SIRPA	S1_all_tissues_zeros_kept	0.484236	29	0.00777232	0.73419
ENSG00000198055	GRK6	S1_all_tissues_zeros_kept	0.580296	29	0.000967034	0.841602
ENSG00000198056	PRIM1	S1_all_tissues_zeros_kept	0.181773	29	0.345315	0.278663
ENSG00000198060	MARCH5	S1_all_tissues_zeros_kept	0.105911	29	0.584514	0.189846
ENSG00000198074	AKR1B10	S1_all_tissues_zeros_kept	0.597933	29	0.000613526	0.856255
ENSG00000198077	CYP2A7	S1_all_tissues_zeros_kept	0.446554	29	0.0151676	0.681534
ENSG00000198081	ZBTB14	S1_all_tissues_zeros_kept	0.32406	29	0.0863491	0.493445
ENSG00000198087	CD2AP	S1_all_tissues_zeros_kept	0.769648	29	1.05907e-06	0.96928
ENSG00000198089	SFI1	S1_all_tissues_zeros_kept	0.554568	29	0.0017967	0.81838
ENSG00000198099	ADH4	S1_all_tissues_zeros_kept	0.599672	29	0.000585776	0.859854
ENSG00000198113	TOR4A	S1_all_tissues_zeros_kept	0.6179	29	0.000354705	0.873907
ENSG00000198121	LPAR1	S1_all_tissues_zeros_kept	0.286472	29	0.131908	0.430634
ENSG00000198125	MB	S1_all_tissues_zeros_kept	0.0907014	29	0.63984	0.174936
ENSG00000198130	HIBCH	S1_all_tissues_zeros_kept	0.710837	29	1.55076e-05	0.942288
ENSG00000198142	SOWAHC	S1_all_tissues_zeros_kept	0.417293	29	0.0243089	0.638689
ENSG00000198146	ZNF770	S1_all_tissues_zeros_kept	0.155017	29	0.422006	0.24623
ENSG00000198157	HMGN5	S1_all_tissues_zeros_kept	0.720286	29	1.0544e-05	0.949914
ENSG00000198160	MIER1	S1_all_tissues_zeros_kept	0.464039	29	0.0112227	0.707626
ENSG00000198162	MAN1A2	S1_all_tissues_zeros_kept	-0.000985222	29	0.995953	0.0986718
ENSG00000198168	SVIP	S1_all_tissues_zeros_kept	0.233005	29	0.223831	0.350171
ENSG00000198171	DDRGK1	S1_all_tissues_zeros_kept	0.47931	29	0.00851784	0.726821
ENSG00000198176	TFDP1	S1_all_tissues_zeros_kept	0.209125	29	0.276274	0.315467
ENSG00000198183	BPIFA1	S1_all_tissues_zeros_kept	0.252694	29	0.185994	0.37922
ENSG00000198189	HSD17B11	S1_all_tissues_zeros_kept	0.878325	29	3.80508e-10	0.993787
ENSG00000198198	SZT2	S1_all_tissues_zeros_kept	-0.0384284	29	0.843113	0.0769923
ENSG00000198203	SULT1C2	S1_all_tissues_zeros_kept	0.657327	29	0.000107003	0.907326
ENSG00000198216	CACNA1E	S1_all_tissues_zeros_kept	0.205425	29	0.28505	0.309554
ENSG00000198218	QRICH1	S1_all_tissues_zeros_kept	0.26798	29	0.159873	0.402228
ENSG00000198231	DDX42	S1_all_tissues_zeros_kept	0.449261	29	0.0144907	0.685604
ENSG00000198242	RPL23A	S1_all_tissues_zeros_kept	0.2	29	0.298241	0.301414
ENSG00000198246	SLC29A3	S1_all_tissues_zeros_kept	0.271567	29	0.154143	0.408183
ENSG00000198252	STYX	S1_all_tissues_zeros_kept	0.605814	29	0.000496346	0.864739
ENSG00000198258	UBL5	S1_all_tissues_zeros_kept	0.283251	29	0.136502	0.425793
ENSG00000198265	HELZ	S1_all_tissues_zeros_kept	0.145813	29	0.450409	0.235347
ENSG00000198276	UCKL1	S1_all_tissues_zeros_kept	0.0940887	29	0.62734	0.177892
ENSG00000198286	CARD11	S1_all_tissues_zeros_kept	0.650854	29	0.000131793	0.901757
ENSG00000198300	PEG3	S1_all_tissues_zeros_kept	0.293715	29	0.121992	0.440574
ENSG00000198301	SDAD1	S1_all_tissues_zeros_kept	0.396059	29	0.0334305	0.602699
ENSG00000198315	ZKSCAN8	S1_all_tissues_zeros_kept	0.232048	29	0.225792	0.3491
ENSG00000198324	FAM109A	S1_all_tissues_zeros_kept	0.24977	29	0.191311	0.37425
ENSG00000198336	MYL4	S1_all_tissues_zeros_kept	0.477489	29	0.00880841	0.724764
ENSG00000198356	ASNA1	S1_all_tissues_zeros_kept	0.489163	29	0.00708267	0.739846
ENSG00000198363	ASPH	S1_all_tissues_zeros_kept	0.535961	29	0.00272943	0.799957
ENSG00000198369	SPRED2	S1_all_tissues_zeros_kept	0.23769	29	0.21439	0.356512
ENSG00000198373	WWP2	S1_all_tissues_zeros_kept	0.341379	29	0.0699236	0.519966
ENSG00000198380	GFPT1	S1_all_tissues_zeros_kept	0.718227	29	1.14837e-05	0.946101
ENSG00000198382	UVRAG	S1_all_tissues_zeros_kept	0.220197	29	0.251054	0.332177
ENSG00000198393	ZNF26	S1_all_tissues_zeros_kept	0.1112	29	0.565783	0.196187
ENSG00000198399	ITSN2	S1_all_tissues_zeros_kept	0.608867	29	0.000456542	0.867481
ENSG00000198400	NTRK1	S1_all_tissues_zeros_kept	0.719623	29	1.08386e-05	0.947644
ENSG00000198408	MGEA5	S1_all_tissues_zeros_kept	0.204433	29	0.287434	0.307841
ENSG00000198420	TCAF1	S1_all_tissues_zeros_kept	0.639901	29	0.00018549	0.893316
ENSG00000198431	TXNRD1	S1_all_tissues_zeros_kept	0.267488	29	0.160671	0.401114
ENSG00000198455	ZXDB	S1_all_tissues_zeros_kept	-0.133047	29	0.491432	0.0340617
ENSG00000198467	TPM2	S1_all_tissues_zeros_kept	0.731034	29	6.66944e-06	0.955013
ENSG00000198478	SH3BGRL2	S1_all_tissues_zeros_kept	0.537438	29	0.00264255	0.801628
ENSG00000198488	B3GNT6	S1_all_tissues_zeros_kept	0.839695	29	1.23856e-08	0.989674
ENSG00000198492	YTHDF2	S1_all_tissues_zeros_kept	-0.0403941	29	0.835194	0.0760925
ENSG00000198498	TMA16	S1_all_tissues_zeros_kept	0.0729064	29	0.707033	0.156127
ENSG00000198517	MAFK	S1_all_tissues_zeros_kept	0.0163725	29	0.932821	0.110497
ENSG00000198520	C1orf228	S1_all_tissues_zeros_kept	0.55247	29	0.00188572	0.815895
ENSG00000198522	GPN1	S1_all_tissues_zeros_kept	0.172189	29	0.371764	0.267095
ENSG00000198523	PLN	S1_all_tissues_zeros_kept	0.0884469	29	0.648213	0.172365
ENSG00000198546	ZNF511	S1_all_tissues_zeros_kept	-0.0883125	29	0.648714	0.0505141
ENSG00000198551	ZNF627	S1_all_tissues_zeros_kept	-0.0369454	29	0.849097	0.0780206
ENSG00000198553	KCNRG	S1_all_tissues_zeros_kept	0.113682	29	0.557086	0.199357
ENSG00000198561	CTNND1	S1_all_tissues_zeros_kept	0.539409	29	0.00253043	0.803728
ENSG00000198563	DDX39B	S1_all_tissues_zeros_kept	0.0660099	29	0.733699	0.151157
ENSG00000198569	SLC34A3	S1_all_tissues_zeros_kept	0.719623	29	1.08386e-05	0.947644
ENSG00000198585	NUDT16	S1_all_tissues_zeros_kept	0.281773	29	0.138648	0.423822
ENSG00000198586	TLK1	S1_all_tissues_zeros_kept	0.484296	29	0.00776364	0.734662
ENSG00000198589	LRBA	S1_all_tissues_zeros_kept	0.480296	29	0.0083641	0.729906
ENSG00000198604	BAZ1A	S1_all_tissues_zeros_kept	0.559675	29	0.0015951	0.824293
ENSG00000198610	AKR1C4	S1_all_tissues_zeros_kept	0.480847	29	0.00827903	0.73072
ENSG00000198612	COPS8	S1_all_tissues_zeros_kept	0.189655	29	0.324437	0.288175
ENSG00000198624	CCDC69	S1_all_tissues_zeros_kept	0.267127	29	0.161258	0.400386
ENSG00000198625	MDM4	S1_all_tissues_zeros_kept	-0.0172237	29	0.929337	0.0898458
ENSG00000198626	RYR2	S1_all_tissues_zeros_kept	0.169734	29	0.378724	0.264053
ENSG00000198642	KLHL9	S1_all_tissues_zeros_kept	0.129064	29	0.504607	0.217009
ENSG00000198646	NCOA6	S1_all_tissues_zeros_kept	0.0933613	29	0.630016	0.176907
ENSG00000198648	STK39	S1_all_tissues_zeros_kept	0.636946	29	0.000202955	0.89036
ENSG00000198650	TAT	S1_all_tissues_zeros_kept	0.321007	29	0.0895253	0.489032
ENSG00000198663	C6orf89	S1_all_tissues_zeros_kept	0.197537	29	0.304353	0.297686
ENSG00000198668	CALM1	S1_all_tissues_zeros_kept	0.147973	29	0.443653	0.238175
ENSG00000198670	LPA	S1_all_tissues_zeros_kept	0.316384	29	0.0945046	0.480848
ENSG00000198677	TTC37	S1_all_tissues_zeros_kept	0.167755	29	0.38439	0.26114
ENSG00000198680	TUSC1	S1_all_tissues_zeros_kept	-0.115005	29	0.552473	0.0398029
ENSG00000198681	MAGEA1	S1_all_tissues_zeros_kept	0.489668	29	0.00701491	0.740788
ENSG00000198682	PAPSS2	S1_all_tissues_zeros_kept	0.828571	29	2.85718e-08	0.987918
ENSG00000198689	SLC9A6	S1_all_tissues_zeros_kept	0.352217	29	0.0609486	0.537746
ENSG00000198692	EIF1AY	S1_all_tissues_zeros_kept	0.417839	29	0.0241043	0.639717
ENSG00000198695	MT-ND6	S1_all_tissues_zeros_kept	0.529818	29	0.0031174	0.792588
ENSG00000198700	IPO9	S1_all_tissues_zeros_kept	0.0748861	29	0.699439	0.157669
ENSG00000198707	CEP290	S1_all_tissues_zeros_kept	0.113138	29	0.558987	0.1985
ENSG00000198712	MT-CO2	S1_all_tissues_zeros_kept	0.627094	29	0.000272147	0.882605
ENSG00000198715	GLMP	S1_all_tissues_zeros_kept	0.56805	29	0.0013068	0.830805
ENSG00000198718	FAM179B	S1_all_tissues_zeros_kept	-0.0270332	29	0.889292	0.0847901
ENSG00000198719	DLL1	S1_all_tissues_zeros_kept	0.27461	29	0.1494	0.411868
ENSG00000198721	ECI2	S1_all_tissues_zeros_kept	0.640394	29	0.000182712	0.893573
ENSG00000198722	UNC13B	S1_all_tissues_zeros_kept	0.370936	29	0.0475911	0.566024
ENSG00000198728	LDB1	S1_all_tissues_zeros_kept	0.399557	29	0.0317627	0.60994
ENSG00000198730	CTR9	S1_all_tissues_zeros_kept	0.456158	29	0.0128789	0.697129
ENSG00000198732	SMOC1	S1_all_tissues_zeros_kept	0.646413	29	0.000151627	0.898415
ENSG00000198734	F5	S1_all_tissues_zeros_kept	0.444608	29	0.0156704	0.678192
ENSG00000198739	LRRTM3	S1_all_tissues_zeros_kept	0.2422	29	0.205562	0.363196
ENSG00000198740	ZNF652	S1_all_tissues_zeros_kept	0.329084	29	0.0813084	0.500985
ENSG00000198752	CDC42BPB	S1_all_tissues_zeros_kept	0.45665	29	0.0127697	0.697429
ENSG00000198754	OXCT2	S1_all_tissues_zeros_kept	0.165231	29	0.391686	0.258183
ENSG00000198755	RPL10A	S1_all_tissues_zeros_kept	-0.112315	29	0.561866	0.0407455
ENSG00000198756	COLGALT2	S1_all_tissues_zeros_kept	0.499467	29	0.00580604	0.752228
ENSG00000198758	EPS8L3	S1_all_tissues_zeros_kept	0.696635	29	2.69458e-05	0.934833
ENSG00000198759	EGFL6	S1_all_tissues_zeros_kept	0.0350623	29	0.856708	0.125321
ENSG00000198765	SYCP1	S1_all_tissues_zeros_kept	0.1826	29	0.343087	0.279563
ENSG00000198768	APCDD1L	S1_all_tissues_zeros_kept	0.0496685	29	0.798055	0.136375
ENSG00000198771	RCSD1	S1_all_tissues_zeros_kept	0.789655	29	3.53285e-07	0.976949
ENSG00000198774	RASSF9	S1_all_tissues_zeros_kept	0.290643	29	0.126129	0.436804
ENSG00000198783	ZNF830	S1_all_tissues_zeros_kept	0.393398	29	0.0347462	0.5988
ENSG00000198786	MT-ND5	S1_all_tissues_zeros_kept	0.527586	29	0.00326961	0.789289
ENSG00000198791	CNOT7	S1_all_tissues_zeros_kept	0.208374	29	0.27804	0.31431
ENSG00000198792	TMEM184B	S1_all_tissues_zeros_kept	-0.175196	29	0.363342	0.0233505
ENSG00000198793	MTOR	S1_all_tissues_zeros_kept	0.22318	29	0.244527	0.337232
ENSG00000198794	SCAMP5	S1_all_tissues_zeros_kept	0.494813	29	0.00635607	0.746744
ENSG00000198795	ZNF521	S1_all_tissues_zeros_kept	0.117759	29	0.542935	0.203385
ENSG00000198796	ALPK2	S1_all_tissues_zeros_kept	-0.0306213	29	0.874706	0.0826478
ENSG00000198797	BRINP2	S1_all_tissues_zeros_kept	0.291771	29	0.124597	0.437661
ENSG00000198799	LRIG2	S1_all_tissues_zeros_kept	0.300698	29	0.112964	0.452314
ENSG00000198804	MT-CO1	S1_all_tissues_zeros_kept	0.436014	29	0.0180581	0.66551
ENSG00000198805	PNP	S1_all_tissues_zeros_kept	0.668966	29	7.26478e-05	0.917995
ENSG00000198807	PAX9	S1_all_tissues_zeros_kept	0.373526	29	0.0459422	0.570394
ENSG00000198812	LRRC10	S1_all_tissues_zeros_kept	0.598088	29	0.000611003	0.857541
ENSG00000198815	FOXJ3	S1_all_tissues_zeros_kept	0.377326	29	0.043605	0.575193
ENSG00000198816	ZNF358	S1_all_tissues_zeros_kept	0.217036	29	0.258093	0.327121
ENSG00000198822	GRM3	S1_all_tissues_zeros_kept	0.331434	29	0.0790295	0.504456
ENSG00000198824	CHAMP1	S1_all_tissues_zeros_kept	0.446798	29	0.0151056	0.682305
ENSG00000198825	INPP5F	S1_all_tissues_zeros_kept	0.632409	29	0.000232598	0.887018
ENSG00000198830	HMGN2	S1_all_tissues_zeros_kept	0.270936	29	0.155141	0.406298
ENSG00000198832	SELM	S1_all_tissues_zeros_kept	0.280823	29	0.140041	0.422408
ENSG00000198833	UBE2J1	S1_all_tissues_zeros_kept	0.712315	29	1.46141e-05	0.943059
ENSG00000198835	GJC2	S1_all_tissues_zeros_kept	0.147658	29	0.444636	0.237746
ENSG00000198836	OPA1	S1_all_tissues_zeros_kept	0.489163	29	0.00708267	0.739846
ENSG00000198837	DENND4B	S1_all_tissues_zeros_kept	0.257667	29	0.177189	0.386161
ENSG00000198839	ZNF277	S1_all_tissues_zeros_kept	-0.238257	29	0.213267	0.0105827
ENSG00000198840	MT-ND3	S1_all_tissues_zeros_kept	0.503527	29	0.00535978	0.758997
ENSG00000198841	KTI12	S1_all_tissues_zeros_kept	0.267554	29	0.160564	0.401585
ENSG00000198842	DUSP27	S1_all_tissues_zeros_kept	0.316384	29	0.0945046	0.480848
ENSG00000198843	SELT	S1_all_tissues_zeros_kept	0.0679803	29	0.726048	0.152399
ENSG00000198844	ARHGEF15	S1_all_tissues_zeros_kept	0.413392	29	0.0258115	0.633462
ENSG00000198846	TOX	S1_all_tissues_zeros_kept	0.396926	29	0.0330106	0.60467
ENSG00000198848	CES1	S1_all_tissues_zeros_kept	0.84623	29	7.35568e-09	0.990788
ENSG00000198853	RUSC2	S1_all_tissues_zeros_kept	-0.0732619	29	0.705667	0.058569
ENSG00000198855	FICD	S1_all_tissues_zeros_kept	0.59033	29	0.000748857	0.849914
ENSG00000198856	OSTC	S1_all_tissues_zeros_kept	-0.00960709	29	0.960552	0.0943016
ENSG00000198858	R3HDM4	S1_all_tissues_zeros_kept	0.024309	29	0.900391	0.116838
ENSG00000198860	TSEN15	S1_all_tissues_zeros_kept	-0.209865	29	0.27454	0.0153813
ENSG00000198862	LTN1	S1_all_tissues_zeros_kept	0.0620766	29	0.749047	0.148201
ENSG00000198863	RUNDC1	S1_all_tissues_zeros_kept	0.121531	29	0.529998	0.207241
ENSG00000198873	GRK5	S1_all_tissues_zeros_kept	0.495567	29	0.00626413	0.747986
ENSG00000198874	TYW1	S1_all_tissues_zeros_kept	0.0123153	29	0.949444	0.107584
ENSG00000198876	DCAF12	S1_all_tissues_zeros_kept	-0.0466004	29	0.810298	0.0715938
ENSG00000198883	PNMA5	S1_all_tissues_zeros_kept	0.480293	29	0.00836443	0.72892
ENSG00000198886	MT-ND4	S1_all_tissues_zeros_kept	0.470936	29	0.00992343	0.716495
ENSG00000198887	SMC5	S1_all_tissues_zeros_kept	0.572731	29	0.00116634	0.83449
ENSG00000198888	MT-ND1	S1_all_tissues_zeros_kept	0.286067	29	0.13248	0.43012
ENSG00000198889	DCAF12L1	S1_all_tissues_zeros_kept	0.307609	29	0.104526	0.463196
ENSG00000198890	PRMT6	S1_all_tissues_zeros_kept	0.0198442	29	0.918619	0.112896
ENSG00000198898	CAPZA2	S1_all_tissues_zeros_kept	0.127586	29	0.50954	0.215338
ENSG00000198899	MT-ATP6	S1_all_tissues_zeros_kept	0.439508	29	0.0170536	0.670394
ENSG00000198900	TOP1	S1_all_tissues_zeros_kept	0.30936	29	0.102466	0.466195
ENSG00000198909	MAP3K3	S1_all_tissues_zeros_kept	0.210604	29	0.272813	0.317781
ENSG00000198911	SREBF2	S1_all_tissues_zeros_kept	0.275709	29	0.147712	0.414182
ENSG00000198912	C1orf174	S1_all_tissues_zeros_kept	0.361729	29	0.0538364	0.552999
ENSG00000198914	POU3F3	S1_all_tissues_zeros_kept	0.535891	29	0.00273356	0.799614
ENSG00000198917	C9orf114	S1_all_tissues_zeros_kept	0.111823	29	0.563594	0.196572
ENSG00000198918	RPL39	S1_all_tissues_zeros_kept	0.0676545	29	0.727311	0.152142
ENSG00000198919	DZIP3	S1_all_tissues_zeros_kept	-0.125385	29	0.516931	0.0368895
ENSG00000198920	KIAA0753	S1_all_tissues_zeros_kept	-0.236686	29	0.216389	0.0111825
ENSG00000198925	ATG9A	S1_all_tissues_zeros_kept	0.427094	29	0.0208468	0.654242
ENSG00000198931	APRT	S1_all_tissues_zeros_kept	0.396059	29	0.0334305	0.602699
ENSG00000198932	GPRASP1	S1_all_tissues_zeros_kept	0.200447	29	0.297141	0.302099
ENSG00000198933	TBKBP1	S1_all_tissues_zeros_kept	-0.0588301	29	0.761786	0.0655099
ENSG00000198937	CCDC167	S1_all_tissues_zeros_kept	0.0888962	29	0.646541	0.172965
ENSG00000198938	MT-CO3	S1_all_tissues_zeros_kept	0.282301	29	0.137879	0.424636
ENSG00000198939	ZFP2	S1_all_tissues_zeros_kept	0.258978	29	0.174918	0.387961
ENSG00000198944	SOWAHA	S1_all_tissues_zeros_kept	0.405752	29	0.0289735	0.620608
ENSG00000198945	L3MBTL3	S1_all_tissues_zeros_kept	0.346102	29	0.0658947	0.527849
ENSG00000198947	DMD	S1_all_tissues_zeros_kept	0.517734	29	0.00402034	0.776307
ENSG00000198951	NAGA	S1_all_tissues_zeros_kept	0.158128	29	0.412637	0.251285
ENSG00000198952	SMG5	S1_all_tissues_zeros_kept	0.177115	29	0.358024	0.273008
ENSG00000198954	KIF1BP	S1_all_tissues_zeros_kept	0.509852	29	0.00472276	0.767052
ENSG00000198959	TGM2	S1_all_tissues_zeros_kept	0.850739	29	5.06208e-09	0.991174
ENSG00000198960	ARMCX6	S1_all_tissues_zeros_kept	0.12818	29	0.507555	0.216067
ENSG00000198961	PJA2	S1_all_tissues_zeros_kept	0.0152709	29	0.937332	0.10994
ENSG00000203485	INF2	S1_all_tissues_zeros_kept	0.555939	29	0.00174053	0.820094
ENSG00000203668	CHML	S1_all_tissues_zeros_kept	0.226831	29	0.236693	0.341774
ENSG00000203697	CAPN8	S1_all_tissues_zeros_kept	0.365683	29	0.0510798	0.558655
ENSG00000203705	TATDN3	S1_all_tissues_zeros_kept	0.242365	29	0.205245	0.363496
ENSG00000203710	CR1	S1_all_tissues_zeros_kept	0.647711	29	0.000145573	0.899186
ENSG00000203734	ECT2L	S1_all_tissues_zeros_kept	0.322856	29	0.0875907	0.492245
ENSG00000203747	FCGR3A	S1_all_tissues_zeros_kept	0.748768	29	2.98332e-06	0.962168
ENSG00000203780	FANK1	S1_all_tissues_zeros_kept	0.233666	29	0.222481	0.351628
ENSG00000203782	LOR	S1_all_tissues_zeros_kept	1	29	0	0.997943
ENSG00000203785	SPRR2E	S1_all_tissues_zeros_kept	0.677093	29	5.48783e-05	0.923265
ENSG00000203786	KPRP	S1_all_tissues_zeros_kept	-0.110994	29	0.566508	0.0412596
ENSG00000203791	METTL10	S1_all_tissues_zeros_kept	0.168494	29	0.382268	0.262511
ENSG00000203857	HSD3B1	S1_all_tissues_zeros_kept	0.252191	29	0.186901	0.378192
ENSG00000203859	HSD3B2	S1_all_tissues_zeros_kept	0.40257	29	0.0303803	0.615895
ENSG00000203867	RBM20	S1_all_tissues_zeros_kept	0.235714	29	0.218338	0.353342
ENSG00000203879	GDI1	S1_all_tissues_zeros_kept	0.471921	29	0.00974858	0.717738
ENSG00000203880	PCMTD2	S1_all_tissues_zeros_kept	0.303033	29	0.110058	0.455827
ENSG00000203896	LIME1	S1_all_tissues_zeros_kept	0.185291	29	0.335899	0.283333
ENSG00000203965	EFCAB7	S1_all_tissues_zeros_kept	0.515461	29	0.00421305	0.773136
ENSG00000203985	LDLRAD1	S1_all_tissues_zeros_kept	0.339885	29	0.0712371	0.517009
ENSG00000204019	CT83	S1_all_tissues_zeros_kept	0.719623	29	1.08386e-05	0.947644
ENSG00000204052	LRRC73	S1_all_tissues_zeros_kept	0.281057	29	0.139697	0.422665
ENSG00000204060	FOXO6	S1_all_tissues_zeros_kept	-0.0130231	29	0.946542	0.0920737
ENSG00000204065	TCEAL5	S1_all_tissues_zeros_kept	0.406425	29	0.0286832	0.622065
ENSG00000204071	TCEAL6	S1_all_tissues_zeros_kept	0.328066	29	0.0823108	0.499186
ENSG00000204084	INPP5B	S1_all_tissues_zeros_kept	0.290148	29	0.126805	0.435818
ENSG00000204099	NEU4	S1_all_tissues_zeros_kept	0.233576	29	0.222665	0.351542
ENSG00000204104	TRAF3IP1	S1_all_tissues_zeros_kept	0.421494	29	0.0227715	0.647258
ENSG00000204120	GIGYF2	S1_all_tissues_zeros_kept	0.0472906	29	0.807539	0.134319
ENSG00000204128	C2orf72	S1_all_tissues_zeros_kept	0.180724	29	0.348155	0.27665
ENSG00000204130	RUFY2	S1_all_tissues_zeros_kept	0.517305	29	0.00405612	0.775964
ENSG00000204131	NHSL2	S1_all_tissues_zeros_kept	0.379546	29	0.0422843	0.578706
ENSG00000204138	PHACTR4	S1_all_tissues_zeros_kept	0.120458	29	0.533662	0.206127
ENSG00000204160	ZDHHC18	S1_all_tissues_zeros_kept	0.301469	29	0.111998	0.453428
ENSG00000204175	GPRIN2	S1_all_tissues_zeros_kept	0.34371	29	0.0679121	0.523779
ENSG00000204176	SYT15	S1_all_tissues_zeros_kept	0.187018	29	0.331333	0.285133
ENSG00000204178	TMEM57	S1_all_tissues_zeros_kept	0.643842	29	0.000164277	0.896272
ENSG00000204209	DAXX	S1_all_tissues_zeros_kept	0.267488	29	0.160671	0.401114
ENSG00000204217	BMPR2	S1_all_tissues_zeros_kept	0.364532	29	0.0518704	0.557284
ENSG00000204219	TCEA3	S1_all_tissues_zeros_kept	0.628079	29	0.000264398	0.883847
ENSG00000204220	PFDN6	S1_all_tissues_zeros_kept	0.234975	29	0.219827	0.352699
ENSG00000204227	RING1	S1_all_tissues_zeros_kept	0.361576	29	0.0539452	0.552785
ENSG00000204228	HSD17B8	S1_all_tissues_zeros_kept	0.561576	29	0.00152521	0.825707
ENSG00000204231	RXRB	S1_all_tissues_zeros_kept	0.0301235	29	0.876727	0.120566
ENSG00000204252	HLA-DOA	S1_all_tissues_zeros_kept	0.310881	29	0.1007	0.469023
ENSG00000204256	BRD2	S1_all_tissues_zeros_kept	0.476355	29	0.00899342	0.722579
ENSG00000204257	HLA-DMA	S1_all_tissues_zeros_kept	0.526575	29	0.00334069	0.78539
ENSG00000204264	PSMB8	S1_all_tissues_zeros_kept	0.616749	29	0.000366454	0.872836
ENSG00000204271	SPIN3	S1_all_tissues_zeros_kept	0.372095	29	0.0468475	0.567395
ENSG00000204278	TMEM235	S1_all_tissues_zeros_kept	0.668221	29	7.45065e-05	0.917138
ENSG00000204287	HLA-DRA	S1_all_tissues_zeros_kept	0.874877	29	5.43249e-10	0.99353
ENSG00000204301	NOTCH4	S1_all_tissues_zeros_kept	0.432071	29	0.0192503	0.660197
ENSG00000204304	PBX2	S1_all_tissues_zeros_kept	0.284161	29	0.135193	0.427207
ENSG00000204305	AGER	S1_all_tissues_zeros_kept	0.293194	29	0.122687	0.43946
ENSG00000204308	RNF5	S1_all_tissues_zeros_kept	0.100011	29	0.605726	0.18419
ENSG00000204310	AGPAT1	S1_all_tissues_zeros_kept	0.225123	29	0.240337	0.339546
ENSG00000204314	PRRT1	S1_all_tissues_zeros_kept	0.281057	29	0.139697	0.422665
ENSG00000204315	FKBPL	S1_all_tissues_zeros_kept	0.410358	29	0.0270318	0.627978
ENSG00000204316	MRPL38	S1_all_tissues_zeros_kept	0.134975	29	0.485117	0.222536
ENSG00000204344	STK19	S1_all_tissues_zeros_kept	0.0493893	29	0.799167	0.136118
ENSG00000204347	BTBD17	S1_all_tissues_zeros_kept	0.321007	29	0.0895253	0.489032
ENSG00000204348	DXO	S1_all_tissues_zeros_kept	0.132172	29	0.49431	0.220009
ENSG00000204351	SKIV2L	S1_all_tissues_zeros_kept	-0.0871921	29	0.652892	0.0509854
ENSG00000204356	NELFE	S1_all_tissues_zeros_kept	0.431527	29	0.0194197	0.659426
ENSG00000204370	SDHD	S1_all_tissues_zeros_kept	0.245642	29	0.198994	0.368081
ENSG00000204371	EHMT2	S1_all_tissues_zeros_kept	0.182781	29	0.342602	0.279906
ENSG00000204379	XAGE1A	S1_all_tissues_zeros_kept	0.5	29	0.00574571	0.753299
ENSG00000204385	SLC44A4	S1_all_tissues_zeros_kept	0.765548	29	1.30865e-06	0.967995
ENSG00000204386	NEU1	S1_all_tissues_zeros_kept	0.53399	29	0.00284907	0.796658
ENSG00000204388	HSPA1B	S1_all_tissues_zeros_kept	0.549754	29	0.0020066	0.813625
ENSG00000204390	HSPA1L	S1_all_tissues_zeros_kept	-0.0526956	29	0.786022	0.0677378
ENSG00000204392	LSM2	S1_all_tissues_zeros_kept	0.0827586	29	0.669526	0.165424
ENSG00000204394	VARS	S1_all_tissues_zeros_kept	-0.182288	29	0.343926	0.021551
ENSG00000204396	VWA7	S1_all_tissues_zeros_kept	-0.0213504	29	0.912465	0.0883033
ENSG00000204397	CARD16	S1_all_tissues_zeros_kept	0.868645	29	1.00763e-09	0.993016
ENSG00000204414	CSHL1	S1_all_tissues_zeros_kept	1	29	0	0.997943
ENSG00000204420	C6orf25	S1_all_tissues_zeros_kept	0.405674	29	0.0290075	0.620437
ENSG00000204427	ABHD16A	S1_all_tissues_zeros_kept	0.240394	29	0.209067	0.360368
ENSG00000204435	CSNK2B	S1_all_tissues_zeros_kept	-0.295849	29	0.119178	0.00552699
ENSG00000204438	GPANK1	S1_all_tissues_zeros_kept	0.312781	29	0.0985273	0.472194
ENSG00000204439	C6orf47	S1_all_tissues_zeros_kept	0.261969	29	0.169813	0.392074
ENSG00000204444	APOM	S1_all_tissues_zeros_kept	-0.451048	29	0.0140577	0.000299914
ENSG00000204463	BAG6	S1_all_tissues_zeros_kept	-0.296059	29	0.118904	0.0054413
ENSG00000204472	AIF1	S1_all_tissues_zeros_kept	0.779803	29	6.1522e-07	0.973051
ENSG00000204498	NFKBIL1	S1_all_tissues_zeros_kept	0.00495986	29	0.979628	0.102699
ENSG00000204519	ZNF551	S1_all_tissues_zeros_kept	-0.0120087	29	0.950701	0.0925878
ENSG00000204524	ZNF805	S1_all_tissues_zeros_kept	0.216267	29	0.259825	0.32635
ENSG00000204525	HLA-C	S1_all_tissues_zeros_kept	0.333498	29	0.0770692	0.507541
ENSG00000204560	DHX16	S1_all_tissues_zeros_kept	0.0815371	29	0.674136	0.163967
ENSG00000204564	C6orf136	S1_all_tissues_zeros_kept	0.152888	29	0.428487	0.24383
ENSG00000204568	MRPS18B	S1_all_tissues_zeros_kept	0.601798	29	0.000553333	0.861782
ENSG00000204569	PPP1R10	S1_all_tissues_zeros_kept	0.0714286	29	0.71272	0.155013
ENSG00000204574	ABCF1	S1_all_tissues_zeros_kept	0.317734	29	0.0930293	0.484105
ENSG00000204576	PRR3	S1_all_tissues_zeros_kept	0.425809	29	0.0212759	0.652485
ENSG00000204590	GNL1	S1_all_tissues_zeros_kept	0.528571	29	0.00320164	0.791088
ENSG00000204592	HLA-E	S1_all_tissues_zeros_kept	0.790148	29	3.43359e-07	0.977292
ENSG00000204611	ZNF616	S1_all_tissues_zeros_kept	-0.188512	29	0.327416	0.0195801
ENSG00000204616	TRIM31	S1_all_tissues_zeros_kept	0.399233	29	0.0319141	0.609212
ENSG00000204618	RNF39	S1_all_tissues_zeros_kept	0.0853622	29	0.659739	0.168423
ENSG00000204619	PPP1R11	S1_all_tissues_zeros_kept	0.336453	29	0.0743266	0.511611
ENSG00000204628	GNB2L1	S1_all_tissues_zeros_kept	0.358621	29	0.0560847	0.547258
ENSG00000204632	HLA-G	S1_all_tissues_zeros_kept	0.412547	29	0.0261468	0.632005
ENSG00000204634	TBC1D8	S1_all_tissues_zeros_kept	0.720592	29	1.04101e-05	0.95
ENSG00000204653	ASPDH	S1_all_tissues_zeros_kept	0.504026	29	0.00530702	0.759854
ENSG00000204655	MOG	S1_all_tissues_zeros_kept	0.316267	29	0.0946332	0.480334
ENSG00000204673	AKT1S1	S1_all_tissues_zeros_kept	-0.0945813	29	0.62553	0.0477721
ENSG00000204711	C9orf135	S1_all_tissues_zeros_kept	0.399876	29	0.0316138	0.610326
ENSG00000204713	TRIM27	S1_all_tissues_zeros_kept	0.0650326	29	0.737503	0.150171
ENSG00000204740	MALRD1	S1_all_tissues_zeros_kept	0.0169223	29	0.930571	0.110754
ENSG00000204815	TTC25	S1_all_tissues_zeros_kept	0.395986	29	0.0334662	0.602442
ENSG00000204822	MRPL53	S1_all_tissues_zeros_kept	-0.070936	29	0.714619	0.0593402
ENSG00000204839	MROH6	S1_all_tissues_zeros_kept	0.0633504	29	0.744066	0.149143
ENSG00000204842	ATXN2	S1_all_tissues_zeros_kept	0.325616	29	0.084763	0.496187
ENSG00000204843	DCTN1	S1_all_tissues_zeros_kept	0.706897	29	1.81349e-05	0.940531
ENSG00000204851	PNMAL2	S1_all_tissues_zeros_kept	0.535718	29	0.00274389	0.799272
ENSG00000204852	TCTN1	S1_all_tissues_zeros_kept	0.0223604	29	0.90834	0.114696
ENSG00000204859	ZBTB48	S1_all_tissues_zeros_kept	0.429581	29	0.0200358	0.657712
ENSG00000204899	MZT1	S1_all_tissues_zeros_kept	0.253365	29	0.184788	0.380506
ENSG00000204922	UQCC3	S1_all_tissues_zeros_kept	0.212276	29	0.268936	0.320523
ENSG00000204936	CD177	S1_all_tissues_zeros_kept	0.203622	29	0.289394	0.306384
ENSG00000204941	PSG5	S1_all_tissues_zeros_kept	0.400715	29	0.0312252	0.611611
ENSG00000204954	C12orf73	S1_all_tissues_zeros_kept	0.2145	29	0.263835	0.324036
ENSG00000204967	PCDHA4	S1_all_tissues_zeros_kept	-0.231593	29	0.22673	0.0119966
ENSG00000204977	TRIM13	S1_all_tissues_zeros_kept	0.547048	29	0.00213364	0.81114
ENSG00000204978	ERICH4	S1_all_tissues_zeros_kept	0.58806	29	0.000794032	0.847943
ENSG00000204983	PRSS1	S1_all_tissues_zeros_kept	0.559362	29	0.00160688	0.823865
ENSG00000205002	AARD	S1_all_tissues_zeros_kept	0.0659091	29	0.734091	0.150857
ENSG00000205038	PKHD1L1	S1_all_tissues_zeros_kept	0.285096	29	0.133857	0.428492
ENSG00000205084	TMEM231	S1_all_tissues_zeros_kept	0.445943	29	0.0153239	0.680163
ENSG00000205108	FAM205A	S1_all_tissues_zeros_kept	0.445987	29	0.0153128	0.680291
ENSG00000205129	C4orf47	S1_all_tissues_zeros_kept	0.400715	29	0.0312252	0.611611
ENSG00000205133	TRIQK	S1_all_tissues_zeros_kept	0.137755	29	0.476087	0.226007
ENSG00000205138	SDHAF1	S1_all_tissues_zeros_kept	-0.145373	29	0.451791	0.030377
ENSG00000205189	ZBTB10	S1_all_tissues_zeros_kept	0.375825	29	0.0445168	0.573051
ENSG00000205213	LGR4	S1_all_tissues_zeros_kept	0.344626	29	0.0671339	0.525321
ENSG00000205220	PSMB10	S1_all_tissues_zeros_kept	0.71133	29	1.52045e-05	0.942631
ENSG00000205221	VIT	S1_all_tissues_zeros_kept	0.477891	29	0.00874353	0.725407
ENSG00000205250	E2F4	S1_all_tissues_zeros_kept	0.341914	29	0.069458	0.520951
ENSG00000205268	PDE7A	S1_all_tissues_zeros_kept	0.415047	29	0.0251651	0.635433
ENSG00000205277	MUC12	S1_all_tissues_zeros_kept	0.670664	29	6.85601e-05	0.919152
ENSG00000205302	SNX2	S1_all_tissues_zeros_kept	0.588177	29	0.000791637	0.848243
ENSG00000205309	NT5M	S1_all_tissues_zeros_kept	0.211471	29	0.270799	0.319066
ENSG00000205323	SARNP	S1_all_tissues_zeros_kept	0.2185	29	0.254818	0.329135
ENSG00000205339	IPO7	S1_all_tissues_zeros_kept	0.141379	29	0.464445	0.23042
ENSG00000205358	MT1H	S1_all_tissues_zeros_kept	0.560118	29	0.00157858	0.824636
ENSG00000205403	CFI	S1_all_tissues_zeros_kept	0.302463	29	0.110762	0.455056
ENSG00000205420	KRT6A	S1_all_tissues_zeros_kept	0.363471	29	0.0526079	0.555913
ENSG00000205423	CNEP1R1	S1_all_tissues_zeros_kept	0.185296	29	0.335886	0.283419
ENSG00000205426	KRT81	S1_all_tissues_zeros_kept	0.213076	29	0.267095	0.322279
ENSG00000205476	CCDC85C	S1_all_tissues_zeros_kept	0.418227	29	0.0239601	0.640146
ENSG00000205531	NAP1L4	S1_all_tissues_zeros_kept	0.527094	29	0.00330406	0.786418
ENSG00000205542	TMSB4X	S1_all_tissues_zeros_kept	0.637931	29	0.000196979	0.891345
ENSG00000205560	CPT1B	S1_all_tissues_zeros_kept	-0.213564	29	0.265974	0.0147815
ENSG00000205581	HMGN1	S1_all_tissues_zeros_kept	0.659606	29	9.93193e-05	0.909554
ENSG00000205629	LCMT1	S1_all_tissues_zeros_kept	0.300985	29	0.112603	0.452699
ENSG00000205649	HTN3	S1_all_tissues_zeros_kept	0.340226	29	0.0709363	0.517866
ENSG00000205659	LIN52	S1_all_tissues_zeros_kept	0.218421	29	0.254993	0.328835
ENSG00000205678	TECRL	S1_all_tissues_zeros_kept	0.5	29	0.00574571	0.753299
ENSG00000205683	DPF3	S1_all_tissues_zeros_kept	0.0736737	29	0.704086	0.156598
ENSG00000205707	LYRM5	S1_all_tissues_zeros_kept	0.677189	29	5.46927e-05	0.92335
ENSG00000205726	ITSN1	S1_all_tissues_zeros_kept	0.386008	29	0.0386199	0.588603
ENSG00000205730	ITPRIPL2	S1_all_tissues_zeros_kept	0.535918	29	0.00273197	0.7997
ENSG00000205758	CRYZL1	S1_all_tissues_zeros_kept	0.484729	29	0.0077009	0.735176
ENSG00000205765	C5orf51	S1_all_tissues_zeros_kept	0.214778	29	0.2632	0.324507
ENSG00000205808	PLPP6	S1_all_tissues_zeros_kept	0.136908	29	0.478828	0.22455
ENSG00000205903	ZNF316	S1_all_tissues_zeros_kept	-0.0556925	29	0.774156	0.0664524
ENSG00000205927	OLIG2	S1_all_tissues_zeros_kept	0.346248	29	0.0657732	0.52832
ENSG00000205937	RNPS1	S1_all_tissues_zeros_kept	0.358128	29	0.0564476	0.546101
ENSG00000205981	DNAJC19	S1_all_tissues_zeros_kept	0.571921	29	0.00118965	0.833933
ENSG00000206047	DEFA1	S1_all_tissues_zeros_kept	0.194155	29	0.312874	0.294045
ENSG00000206053	HN1L	S1_all_tissues_zeros_kept	0.655172	29	0.000114751	0.905356
ENSG00000206073	SERPINB4	S1_all_tissues_zeros_kept	0.391492	29	0.0357141	0.596015
ENSG00000206075	SERPINB5	S1_all_tissues_zeros_kept	0.643679	29	0.000165111	0.896101
ENSG00000206177	HBM	S1_all_tissues_zeros_kept	0.316384	29	0.0945046	0.480848
ENSG00000206384	COL6A6	S1_all_tissues_zeros_kept	0.448521	29	0.0146731	0.684447
ENSG00000206418	RAB12	S1_all_tissues_zeros_kept	0.510345	29	0.00467598	0.767652
ENSG00000206503	HLA-A	S1_all_tissues_zeros_kept	0.514286	29	0.00431579	0.772022
ENSG00000206527	HACD2	S1_all_tissues_zeros_kept	0.349541	29	0.063076	0.533548
ENSG00000206549	PRSS50	S1_all_tissues_zeros_kept	0.719623	29	1.08386e-05	0.947644
ENSG00000206557	TRIM71	S1_all_tissues_zeros_kept	0.38564	29	0.0388218	0.587918
ENSG00000206560	ANKRD28	S1_all_tissues_zeros_kept	0.43399	29	0.0186622	0.662939
ENSG00000211445	GPX3	S1_all_tissues_zeros_kept	0.33399	29	0.0766068	0.508526
ENSG00000211450	C11orf31	S1_all_tissues_zeros_kept	-0.181281	29	0.346646	0.0218937
ENSG00000211452	DIO1	S1_all_tissues_zeros_kept	0.633439	29	0.000225552	0.887361
ENSG00000211455	STK38L	S1_all_tissues_zeros_kept	0.486267	29	0.0074815	0.737318
ENSG00000211456	SACM1L	S1_all_tissues_zeros_kept	0.144335	29	0.455062	0.233248
ENSG00000211460	TSN	S1_all_tissues_zeros_kept	0.455665	29	0.0129888	0.696144
ENSG00000211638	IGLV8-61	S1_all_tissues_zeros_kept	0.202512	29	0.292086	0.305099
ENSG00000211639	IGLV4-60	S1_all_tissues_zeros_kept	0.109646	29	0.571259	0.194559
ENSG00000211654	IGLV5-37	S1_all_tissues_zeros_kept	0.318627	29	0.0920629	0.485904
ENSG00000211655	IGLV1-36	S1_all_tissues_zeros_kept	0.116457	29	0.547435	0.201928
ENSG00000211659	IGLV3-25	S1_all_tissues_zeros_kept	0.556104	29	0.00173387	0.82018
ENSG00000211665	IGLV3-16	S1_all_tissues_zeros_kept	-0.0772926	29	0.690246	0.0562554
ENSG00000211679	IGLC3	S1_all_tissues_zeros_kept	0.388292	29	0.0373876	0.59156
ENSG00000211721	TRBV6-5	S1_all_tissues_zeros_kept	0.331434	29	0.0790295	0.504456
ENSG00000211751	TRBC1	S1_all_tissues_zeros_kept	0.532968	29	0.0029129	0.79593
ENSG00000211803	TRAV23DV6	S1_all_tissues_zeros_kept	0.38564	29	0.0388218	0.587918
ENSG00000211891	IGHE	S1_all_tissues_zeros_kept	-0.322574	29	0.0878836	0.00407027
ENSG00000211893	IGHG2	S1_all_tissues_zeros_kept	0.120256	29	0.534353	0.205484
ENSG00000211898	IGHD	S1_all_tissues_zeros_kept	0.505585	29	0.00514492	0.761825
ENSG00000211945	IGHV1-18	S1_all_tissues_zeros_kept	-0.163599	29	0.396444	0.025407
ENSG00000211946	IGHV3-20	S1_all_tissues_zeros_kept	-0.116719	29	0.546529	0.0390317
ENSG00000211950	IGHV1-24	S1_all_tissues_zeros_kept	0.0769172	29	0.691677	0.159769
ENSG00000211952	IGHV4-28	S1_all_tissues_zeros_kept	-0.161933	29	0.401335	0.0257498
ENSG00000211956	IGHV4-34	S1_all_tissues_zeros_kept	0.356393	29	0.0577407	0.543659
ENSG00000211957	IGHV3-35	S1_all_tissues_zeros_kept	-0.246108	29	0.198117	0.0096401
ENSG00000211961	IGHV1-45	S1_all_tissues_zeros_kept	-0.101338	29	0.600929	0.0453728
ENSG00000211968	IGHV1-58	S1_all_tissues_zeros_kept	0.124097	29	0.521281	0.210497
ENSG00000213022	KLK9	S1_all_tissues_zeros_kept	-0.0514016	29	0.791159	0.0688089
ENSG00000213023	SYT3	S1_all_tissues_zeros_kept	0.527335	29	0.00328714	0.787832
ENSG00000213024	NUP62	S1_all_tissues_zeros_kept	0.82508	29	3.66944e-08	0.986932
ENSG00000213047	DENND1B	S1_all_tissues_zeros_kept	0.293423	29	0.122381	0.439632
ENSG00000213064	SFT2D2	S1_all_tissues_zeros_kept	-0.189533	29	0.324755	0.0192374
ENSG00000213066	FGFR1OP	S1_all_tissues_zeros_kept	0.525123	29	0.00344499	0.784062
ENSG00000213079	SCAF8	S1_all_tissues_zeros_kept	0.312808	29	0.0984969	0.472536
ENSG00000213085	CFAP45	S1_all_tissues_zeros_kept	0.0457893	29	0.813542	0.133033
ENSG00000213088	ACKR1	S1_all_tissues_zeros_kept	0.579149	29	0.000995186	0.840231
ENSG00000213139	CRYGS	S1_all_tissues_zeros_kept	-0.0514016	29	0.791159	0.0688089
ENSG00000213145	CRIP1	S1_all_tissues_zeros_kept	0.505419	29	0.00516202	0.761525
ENSG00000213214	ARHGEF35	S1_all_tissues_zeros_kept	0.589548	29	0.000764158	0.849229
ENSG00000213221	DNLZ	S1_all_tissues_zeros_kept	-0.118836	29	0.539225	0.0381748
ENSG00000213231	TCL1B	S1_all_tissues_zeros_kept	0.598088	29	0.000611003	0.857541
ENSG00000213246	SUPT4H1	S1_all_tissues_zeros_kept	0.285467	29	0.133329	0.429177
ENSG00000213281	NRAS	S1_all_tissues_zeros_kept	-0.0896994	29	0.643556	0.0498286
ENSG00000213337	ANKRD39	S1_all_tissues_zeros_kept	0.258022	29	0.176572	0.386675
ENSG00000213339	QTRT1	S1_all_tissues_zeros_kept	-0.161104	29	0.403785	0.0260925
ENSG00000213341	CHUK	S1_all_tissues_zeros_kept	0.402316	29	0.0304949	0.615081
ENSG00000213366	GSTM2	S1_all_tissues_zeros_kept	0.527094	29	0.00330406	0.786418
ENSG00000213380	COG8	S1_all_tissues_zeros_kept	0.0519832	29	0.788849	0.138432
ENSG00000213390	ARHGAP19	S1_all_tissues_zeros_kept	0.354984	29	0.0588083	0.541859
ENSG00000213397	HAUS7	S1_all_tissues_zeros_kept	0.345542	29	0.0663625	0.526949
ENSG00000213398	LCAT	S1_all_tissues_zeros_kept	0.367488	29	0.0498592	0.560883
ENSG00000213402	PTPRCAP	S1_all_tissues_zeros_kept	0.611074	29	0.000429542	0.869623
ENSG00000213424	KRT222	S1_all_tissues_zeros_kept	0.46578	29	0.0108821	0.709811
ENSG00000213465	ARL2	S1_all_tissues_zeros_kept	0.395567	29	0.033671	0.601714
ENSG00000213512	GBP7	S1_all_tissues_zeros_kept	0.301934	29	0.111418	0.454456
ENSG00000213516	RBMXL1	S1_all_tissues_zeros_kept	0.223153	29	0.244586	0.336932
ENSG00000213523	SRA1	S1_all_tissues_zeros_kept	0.096341	29	0.619083	0.180506
ENSG00000213551	DNAJC9	S1_all_tissues_zeros_kept	0.268966	29	0.158284	0.403213
ENSG00000213578	CPLX3	S1_all_tissues_zeros_kept	0.538343	29	0.00259058	0.802785
ENSG00000213585	VDAC1	S1_all_tissues_zeros_kept	0.454187	29	0.0133234	0.693873
ENSG00000213588	ZBTB9	S1_all_tissues_zeros_kept	0.202127	29	0.293026	0.304756
ENSG00000213593	TMX2	S1_all_tissues_zeros_kept	0.165291	29	0.391509	0.258398
ENSG00000213614	HEXA	S1_all_tissues_zeros_kept	0.440887	29	0.01667	0.672708
ENSG00000213619	NDUFS3	S1_all_tissues_zeros_kept	0.570936	29	0.00121857	0.832991
ENSG00000213625	LEPROT	S1_all_tissues_zeros_kept	0.0404864	29	0.834822	0.129092
ENSG00000213626	LBH	S1_all_tissues_zeros_kept	0.46601	29	0.0108377	0.710326
ENSG00000213638	ADAT3	S1_all_tissues_zeros_kept	0.255573	29	0.18086	0.383248
ENSG00000213639	PPP1CB	S1_all_tissues_zeros_kept	0.528079	29	0.00323547	0.790103
ENSG00000213654	GPSM3	S1_all_tissues_zeros_kept	0.905395	29	1.50237e-11	0.995073
ENSG00000213672	NCKIPSD	S1_all_tissues_zeros_kept	0.460099	29	0.012027	0.702099
ENSG00000213676	ATF6B	S1_all_tissues_zeros_kept	-0.0665075	29	0.731764	0.0619109
ENSG00000213689	TREX1	S1_all_tissues_zeros_kept	0.472154	29	0.00970767	0.718123
ENSG00000213694	S1PR3	S1_all_tissues_zeros_kept	0.200947	29	0.295911	0.302614
ENSG00000213699	SLC35F6	S1_all_tissues_zeros_kept	0.457143	29	0.0126613	0.698115
ENSG00000213714	FAM209B	S1_all_tissues_zeros_kept	1	29	0	0.997943
ENSG00000213719	CLIC1	S1_all_tissues_zeros_kept	0.504433	29	0.00526422	0.76054
ENSG00000213722	DDAH2	S1_all_tissues_zeros_kept	0.294581	29	0.120844	0.442288
ENSG00000213741	RPS29	S1_all_tissues_zeros_kept	-0.223673	29	0.24346	0.0130677
ENSG00000213760	ATP6V1G2	S1_all_tissues_zeros_kept	0.212223	29	0.269058	0.320437
ENSG00000213780	GTF2H4	S1_all_tissues_zeros_kept	0.0369458	29	0.849096	0.126392
ENSG00000213782	DDX47	S1_all_tissues_zeros_kept	0.228571	29	0.233019	0.344387
ENSG00000213799	ZNF845	S1_all_tissues_zeros_kept	0.0982352	29	0.612174	0.182648
ENSG00000213886	UBD	S1_all_tissues_zeros_kept	0.120396	29	0.533875	0.205784
ENSG00000213903	LTB4R	S1_all_tissues_zeros_kept	0.22741	29	0.235467	0.342631
ENSG00000213918	DNASE1	S1_all_tissues_zeros_kept	0.221511	29	0.248166	0.334147
ENSG00000213920	MDP1	S1_all_tissues_zeros_kept	0.275361	29	0.148245	0.413239
ENSG00000213923	CSNK1E	S1_all_tissues_zeros_kept	0.0542139	29	0.780004	0.140917
ENSG00000213928	IRF9	S1_all_tissues_zeros_kept	0.180788	29	0.34798	0.277207
ENSG00000213930	GALT	S1_all_tissues_zeros_kept	0.519212	29	0.00389912	0.777935
ENSG00000213949	ITGA1	S1_all_tissues_zeros_kept	0.753541	29	2.37559e-06	0.963625
ENSG00000213965	NUDT19	S1_all_tissues_zeros_kept	0.508007	29	0.00490155	0.764482
ENSG00000213977	TAX1BP3	S1_all_tissues_zeros_kept	0.486207	29	0.00748995	0.736975
ENSG00000213983	AP1G2	S1_all_tissues_zeros_kept	0.523645	29	0.00355404	0.782562
ENSG00000213995	CARKD	S1_all_tissues_zeros_kept	0.473023	29	0.00955612	0.718809
ENSG00000213996	TM6SF2	S1_all_tissues_zeros_kept	0.420531	29	0.0231165	0.64383
ENSG00000213999	MEF2B	S1_all_tissues_zeros_kept	0.555495	29	0.00175854	0.819751
ENSG00000214013	GANC	S1_all_tissues_zeros_kept	0.255697	29	0.180642	0.38359
ENSG00000214022	REPIN1	S1_all_tissues_zeros_kept	0.0783749	29	0.686125	0.160883
ENSG00000214026	MRPL23	S1_all_tissues_zeros_kept	0.387192	29	0.037977	0.590146
ENSG00000214046	SMIM7	S1_all_tissues_zeros_kept	-0.257751	29	0.177044	0.00886889
ENSG00000214050	FBXO16	S1_all_tissues_zeros_kept	0.294645	29	0.120761	0.442631
ENSG00000214063	TSPAN4	S1_all_tissues_zeros_kept	0.39053	29	0.0362105	0.594473
ENSG00000214078	CPNE1	S1_all_tissues_zeros_kept	0.678818	29	5.16483e-05	0.924464
ENSG00000214107	MAGEB1	S1_all_tissues_zeros_kept	0.321007	29	0.0895253	0.489032
ENSG00000214113	LYRM4	S1_all_tissues_zeros_kept	-0.0234019	29	0.90409	0.0867609
ENSG00000214114	MYCBP	S1_all_tissues_zeros_kept	0.630542	29	0.00024587	0.885947
ENSG00000214160	ALG3	S1_all_tissues_zeros_kept	0.0393252	29	0.839498	0.128063
ENSG00000214253	FIS1	S1_all_tissues_zeros_kept	0.34487	29	0.0669277	0.525835
ENSG00000214274	ANG	S1_all_tissues_zeros_kept	0.440695	29	0.016723	0.672408
ENSG00000214309	MBLAC1	S1_all_tissues_zeros_kept	0.0224478	29	0.907984	0.114953
ENSG00000214336	FOXI3	S1_all_tissues_zeros_kept	-0.0640809	29	0.741214	0.063539
ENSG00000214338	SOGA3	S1_all_tissues_zeros_kept	0.374533	29	0.0453132	0.571937
ENSG00000214357	NEURL1B	S1_all_tissues_zeros_kept	0.621059	29	0.00032414	0.877164
ENSG00000214367	HAUS3	S1_all_tissues_zeros_kept	-0.0502463	29	0.795754	0.0698372
ENSG00000214413	BBIP1	S1_all_tissues_zeros_kept	0.179251	29	0.352164	0.275021
ENSG00000214435	AS3MT	S1_all_tissues_zeros_kept	0.829138	29	2.74198e-08	0.988218
ENSG00000214517	PPME1	S1_all_tissues_zeros_kept	0.650739	29	0.000132277	0.901671
ENSG00000214530	STARD10	S1_all_tissues_zeros_kept	0.701478	29	2.23982e-05	0.937789
ENSG00000214655	ZSWIM8	S1_all_tissues_zeros_kept	0.0320197	29	0.869032	0.122365
ENSG00000214688	C10orf105	S1_all_tissues_zeros_kept	-0.0682353	29	0.725059	0.0610111
ENSG00000214706	IFRD2	S1_all_tissues_zeros_kept	0.483538	29	0.00787452	0.733805
ENSG00000214717	ZBED1	S1_all_tissues_zeros_kept	-0.267028	29	0.161419	0.00775493
ENSG00000214736	TOMM6	S1_all_tissues_zeros_kept	0.192579	29	0.316893	0.292074
ENSG00000214753	HNRNPUL2	S1_all_tissues_zeros_kept	0.339901	29	0.0712227	0.517266
ENSG00000214814	FER1L6	S1_all_tissues_zeros_kept	0.389542	29	0.0367263	0.593188
ENSG00000214827	MTCP1	S1_all_tissues_zeros_kept	-0.0843176	29	0.663659	0.0525707
ENSG00000214897	U82695.5	S1_all_tissues_zeros_kept	0.429464	29	0.0200735	0.657369
ENSG00000214960	ISPD	S1_all_tissues_zeros_kept	0.409145	29	0.0275324	0.626093
ENSG00000215021	PHB2	S1_all_tissues_zeros_kept	0.135468	29	0.48351	0.223308
ENSG00000215041	NEURL4	S1_all_tissues_zeros_kept	0.0103704	29	0.95742	0.10587
ENSG00000215113	CXorf49B	S1_all_tissues_zeros_kept	0.480293	29	0.00836443	0.72892
ENSG00000215114	UBXN2B	S1_all_tissues_zeros_kept	0.314117	29	0.0970211	0.47425
ENSG00000215182	MUC5AC	S1_all_tissues_zeros_kept	0.439435	29	0.0170739	0.670009
ENSG00000215187	FAM166B	S1_all_tissues_zeros_kept	0.305252	29	0.107349	0.458826
ENSG00000215193	PEX26	S1_all_tissues_zeros_kept	0.100691	29	0.603267	0.184619
ENSG00000215217	C5orf49	S1_all_tissues_zeros_kept	0.0348754	29	0.857464	0.12485
ENSG00000215251	FASTKD5	S1_all_tissues_zeros_kept	0.224631	29	0.241395	0.338732
ENSG00000215271	HOMEZ	S1_all_tissues_zeros_kept	-0.0804908	29	0.678095	0.0545416
ENSG00000215301	DDX3X	S1_all_tissues_zeros_kept	0.303239	29	0.109804	0.456298
ENSG00000215305	VPS16	S1_all_tissues_zeros_kept	0.363054	29	0.0528998	0.555356
ENSG00000215375	MYL5	S1_all_tissues_zeros_kept	-0.135467	29	0.483515	0.0331191
ENSG00000215421	ZNF407	S1_all_tissues_zeros_kept	0.0525828	29	0.786469	0.138775
ENSG00000215440	NPEPL1	S1_all_tissues_zeros_kept	0.443842	29	0.0158718	0.676949
ENSG00000215644	GCGR	S1_all_tissues_zeros_kept	0.0899595	29	0.64259	0.17365
ENSG00000215695	RSC1A1	S1_all_tissues_zeros_kept	0.328744	29	0.0816422	0.5003
ENSG00000215704	CELA2B	S1_all_tissues_zeros_kept	0.140079	29	0.468604	0.229177
ENSG00000215712	TMEM242	S1_all_tissues_zeros_kept	0.377083	29	0.0437512	0.57485
ENSG00000215845	TSTD1	S1_all_tissues_zeros_kept	0.728079	29	7.58063e-06	0.953728
ENSG00000215853	RPTN	S1_all_tissues_zeros_kept	0.340588	29	0.0706171	0.519066
ENSG00000215912	TTC34	S1_all_tissues_zeros_kept	0.41168	29	0.0264944	0.630077
ENSG00000216490	IFI30	S1_all_tissues_zeros_kept	0.52839	29	0.00321405	0.79066
ENSG00000217128	FNIP1	S1_all_tissues_zeros_kept	0.0393373	29	0.839449	0.128149
ENSG00000218891	ZNF579	S1_all_tissues_zeros_kept	0.274944	29	0.148886	0.412725
ENSG00000219073	CELA3B	S1_all_tissues_zeros_kept	0.251417	29	0.188303	0.376821
ENSG00000219607	PPP1R3G	S1_all_tissues_zeros_kept	0.468151	29	0.0104321	0.713925
ENSG00000220205	VAMP2	S1_all_tissues_zeros_kept	0.537438	29	0.00264255	0.801628
ENSG00000221818	EBF2	S1_all_tissues_zeros_kept	0.0157313	29	0.935447	0.11024
ENSG00000221823	PPP3R1	S1_all_tissues_zeros_kept	0.107389	29	0.579252	0.191645
ENSG00000221826	PSG3	S1_all_tissues_zeros_kept	0.124913	29	0.518522	0.211997
ENSG00000221829	FANCG	S1_all_tissues_zeros_kept	0.0167777	29	0.931163	0.110668
ENSG00000221838	AP4M1	S1_all_tissues_zeros_kept	0.0618608	29	0.749892	0.147686
ENSG00000221869	CEBPD	S1_all_tissues_zeros_kept	-0.0652501	29	0.736656	0.0626821
ENSG00000221886	ZBED8	S1_all_tissues_zeros_kept	0.136936	29	0.478739	0.224636
ENSG00000221914	PPP2R2A	S1_all_tissues_zeros_kept	0.229557	29	0.230955	0.34593
ENSG00000221946	FXYD7	S1_all_tissues_zeros_kept	1	29	0	0.997943
ENSG00000221955	SLC12A8	S1_all_tissues_zeros_kept	0.252223	29	0.186844	0.378535
ENSG00000221963	APOL6	S1_all_tissues_zeros_kept	0.00542139	29	0.977733	0.103213
ENSG00000221968	FADS3	S1_all_tissues_zeros_kept	0.391558	29	0.0356802	0.596187
ENSG00000221978	CCNL2	S1_all_tissues_zeros_kept	0.0310345	29	0.873029	0.121337
ENSG00000222011	FAM185A	S1_all_tissues_zeros_kept	0.446816	29	0.0151009	0.682562
ENSG00000222014	RAB6C	S1_all_tissues_zeros_kept	-0.23485	29	0.22008	0.0114396
ENSG00000222038	POTEJ	S1_all_tissues_zeros_kept	-0.364102	29	0.0521687	0.00227078
ENSG00000222046	DCDC2B	S1_all_tissues_zeros_kept	0.353771	29	0.0597387	0.539974
ENSG00000223496	EXOSC6	S1_all_tissues_zeros_kept	0.0487685	29	0.801641	0.13539
ENSG00000223501	VPS52	S1_all_tissues_zeros_kept	0	29	1	0.0994002
ENSG00000223510	CDRT15	S1_all_tissues_zeros_kept	0.719623	29	1.08386e-05	0.947644
ENSG00000223648	IGHV3-64	S1_all_tissues_zeros_kept	0.190676	29	0.321791	0.290103
ENSG00000223802	CERS1	S1_all_tissues_zeros_kept	0.256066	29	0.179991	0.38389
ENSG00000223865	HLA-DPB1	S1_all_tissues_zeros_kept	0.525066	29	0.00344916	0.783847
ENSG00000223953	C1QTNF5	S1_all_tissues_zeros_kept	0.417377	29	0.0242773	0.63886
ENSG00000224051	CPTP	S1_all_tissues_zeros_kept	0.453391	29	0.0135066	0.692845
ENSG00000224089	CT47A10	S1_all_tissues_zeros_kept	0.719623	29	1.08386e-05	0.947644
ENSG00000224389	C4B	S1_all_tissues_zeros_kept	-0.129459	29	0.503292	0.0352614
ENSG00000224470	ATXN1L	S1_all_tissues_zeros_kept	0.403443	29	0.029989	0.617524
ENSG00000224531	SMIM13	S1_all_tissues_zeros_kept	0.34227	29	0.0691493	0.52138
ENSG00000224877	C17orf89	S1_all_tissues_zeros_kept	0.0862325	29	0.656479	0.169794
ENSG00000224916	APOC4-APOC2	S1_all_tissues_zeros_kept	0.154923	29	0.422293	0.246144
ENSG00000224982	TMEM233	S1_all_tissues_zeros_kept	0.598088	29	0.000611003	0.857541
ENSG00000225190	PLEKHM1	S1_all_tissues_zeros_kept	0.291908	29	0.124413	0.437746
ENSG00000225523	IGKV6D-21	S1_all_tissues_zeros_kept	0.233001	29	0.22384	0.35
ENSG00000225663	FAM195B	S1_all_tissues_zeros_kept	0.378818	29	0.0427138	0.578021
ENSG00000225697	SLC26A6	S1_all_tissues_zeros_kept	0.619578	29	0.000338166	0.875621
ENSG00000225830	ERCC6	S1_all_tissues_zeros_kept	-0.0242036	29	0.90082	0.0862468
ENSG00000225921	NOL7	S1_all_tissues_zeros_kept	0.257252	29	0.177912	0.385476
ENSG00000225968	ELFN1	S1_all_tissues_zeros_kept	0.507078	29	0.00499375	0.763539
ENSG00000225973	PIGBOS1	S1_all_tissues_zeros_kept	0.127497	29	0.509839	0.21521
ENSG00000226321	CROCC2	S1_all_tissues_zeros_kept	0.316228	29	0.0946761	0.479306
ENSG00000227057	WDR46	S1_all_tissues_zeros_kept	0.303793	29	0.109124	0.457027
ENSG00000227234	SPANXB1	S1_all_tissues_zeros_kept	1	29	0	0.997943
ENSG00000227345	PARG	S1_all_tissues_zeros_kept	0.342899	29	0.0686065	0.522879
ENSG00000227500	SCAMP4	S1_all_tissues_zeros_kept	0.607882	29	0.000469069	0.866538
ENSG00000227507	LTB	S1_all_tissues_zeros_kept	0.397343	29	0.0328102	0.605441
ENSG00000228253	MT-ATP8	S1_all_tissues_zeros_kept	0.302956	29	0.110153	0.455698
ENSG00000228278	ORM2	S1_all_tissues_zeros_kept	0.268985	29	0.158253	0.403385
ENSG00000228672	PROB1	S1_all_tissues_zeros_kept	0.00168934	29	0.993061	0.100557
ENSG00000228716	DHFR	S1_all_tissues_zeros_kept	0.471738	29	0.00978097	0.717438
ENSG00000228836	CT45A5	S1_all_tissues_zeros_kept	0.38564	29	0.0388218	0.587918
ENSG00000229314	ORM1	S1_all_tissues_zeros_kept	-0.0375462	29	0.846672	0.0774207
ENSG00000229809	ZNF688	S1_all_tissues_zeros_kept	0.345937	29	0.066032	0.527549
ENSG00000229859	PGA3	S1_all_tissues_zeros_kept	0.148472	29	0.442101	0.238989
ENSG00000229937	PRPS1L1	S1_all_tissues_zeros_kept	0.297069	29	0.117591	0.445501
ENSG00000230062	ANKRD66	S1_all_tissues_zeros_kept	0.719623	29	1.08386e-05	0.949057
ENSG00000230124	ACBD6	S1_all_tissues_zeros_kept	0.278359	29	0.143699	0.418295
ENSG00000230797	YY2	S1_all_tissues_zeros_kept	0.0572646	29	0.767951	0.14383
ENSG00000230873	STMND1	S1_all_tissues_zeros_kept	0.0348754	29	0.857464	0.12485
ENSG00000230989	HSBP1	S1_all_tissues_zeros_kept	0.225151	29	0.240277	0.339803
ENSG00000231389	HLA-DPA1	S1_all_tissues_zeros_kept	0.475369	29	0.00915683	0.721722
ENSG00000231475	IGHV4-31	S1_all_tissues_zeros_kept	-0.0392473	29	0.839812	0.0768209
ENSG00000231500	RPS18	S1_all_tissues_zeros_kept	0.393103	29	0.0348944	0.598115
ENSG00000231824	C18orf42	S1_all_tissues_zeros_kept	1	29	0	0.997943
ENSG00000231852	CYP21A2	S1_all_tissues_zeros_kept	0.318431	29	0.0922741	0.485219
ENSG00000231887	PRH1	S1_all_tissues_zeros_kept	0.0121102	29	0.950285	0.107326
ENSG00000231924	PSG1	S1_all_tissues_zeros_kept	0.170873	29	0.375484	0.265381
ENSG00000231925	TAPBP	S1_all_tissues_zeros_kept	0.578818	29	0.00100345	0.839931
ENSG00000232112	TMA7	S1_all_tissues_zeros_kept	0.174384	29	0.365603	0.270308
ENSG00000232119	MCTS1	S1_all_tissues_zeros_kept	0.0926108	29	0.632781	0.176307
ENSG00000232216	IGHV3-43	S1_all_tissues_zeros_kept	0.0186154	29	0.923643	0.112039
ENSG00000232388	LINC00493	S1_all_tissues_zeros_kept	0.278303	29	0.143784	0.417952
ENSG00000232434	C9orf172	S1_all_tissues_zeros_kept	-0.0814367	29	0.674516	0.0541988
ENSG00000232838	PET117	S1_all_tissues_zeros_kept	0.295956	29	0.119038	0.444259
ENSG00000232859	LYRM9	S1_all_tissues_zeros_kept	0.705681	29	1.90221e-05	0.939374
ENSG00000233232	NPIPB7	S1_all_tissues_zeros_kept	0.336534	29	0.0742528	0.511825
ENSG00000233276	GPX1	S1_all_tissues_zeros_kept	0.14115	29	0.465175	0.23012
ENSG00000233493	TMEM238	S1_all_tissues_zeros_kept	0.30142	29	0.112058	0.453342
ENSG00000233670	PIRT	S1_all_tissues_zeros_kept	0.4485	29	0.0146785	0.684362
ENSG00000233927	RPS28	S1_all_tissues_zeros_kept	0.0226601	29	0.907117	0.115424
ENSG00000234068	PAGE2	S1_all_tissues_zeros_kept	0.353771	29	0.0597387	0.539974
ENSG00000234127	TRIM26	S1_all_tissues_zeros_kept	0.524138	29	0.00351736	0.783248
ENSG00000234414	RBMY1A1	S1_all_tissues_zeros_kept	0.346581	29	0.0654962	0.52922
ENSG00000234545	FAM133B	S1_all_tissues_zeros_kept	0.0181328	29	0.925617	0.111525
ENSG00000234616	JRK	S1_all_tissues_zeros_kept	0.310941	29	0.100631	0.469195
ENSG00000234745	HLA-B	S1_all_tissues_zeros_kept	0.635468	29	0.000212222	0.888989
ENSG00000235109	ZSCAN31	S1_all_tissues_zeros_kept	0.349589	29	0.0630375	0.533719
ENSG00000235162	C12orf75	S1_all_tissues_zeros_kept	0.670367	29	6.92601e-05	0.918895
ENSG00000235173	HGH1	S1_all_tissues_zeros_kept	0.126108	29	0.514496	0.213239
ENSG00000235194	PPP1R3E	S1_all_tissues_zeros_kept	0.0543389	29	0.779509	0.141003
ENSG00000235750	KIAA0040	S1_all_tissues_zeros_kept	0.314621	29	0.0964571	0.47515
ENSG00000236279	CLEC2L	S1_all_tissues_zeros_kept	0.190415	29	0.322467	0.289674
ENSG00000236287	ZBED5	S1_all_tissues_zeros_kept	0.186491	29	0.332722	0.284533
ENSG00000236446	CT47B1	S1_all_tissues_zeros_kept	0.598088	29	0.000611003	0.857541
ENSG00000236609	ZNF853	S1_all_tissues_zeros_kept	0.508646	29	0.00483895	0.765424
ENSG00000237172	B3GNT9	S1_all_tissues_zeros_kept	0.212124	29	0.269287	0.320351
ENSG00000237190	CDKN2AIPNL	S1_all_tissues_zeros_kept	-0.0826243	29	0.670033	0.0536847
ENSG00000237440	ZNF737	S1_all_tissues_zeros_kept	-0.0316929	29	0.870357	0.0817052
ENSG00000237441	RGL2	S1_all_tissues_zeros_kept	0.335509	29	0.0751948	0.510497
ENSG00000237515	SHISA9	S1_all_tissues_zeros_kept	0.208014	29	0.27889	0.313668
ENSG00000239264	TXNDC5	S1_all_tissues_zeros_kept	0.658128	29	0.000104245	0.908055
ENSG00000239282	GATSL3	S1_all_tissues_zeros_kept	0.253831	29	0.183955	0.381191
ENSG00000239306	RBM14	S1_all_tissues_zeros_kept	0.112808	29	0.560141	0.197686
ENSG00000239382	ALKBH6	S1_all_tissues_zeros_kept	-0.123829	29	0.522186	0.0374036
ENSG00000239474	KLHL41	S1_all_tissues_zeros_kept	0.0421557	29	0.82811	0.130377
ENSG00000239672	NME1	S1_all_tissues_zeros_kept	0.0768473	29	0.691944	0.159597
ENSG00000239697	TNFSF12	S1_all_tissues_zeros_kept	0.270116	29	0.156443	0.404841
ENSG00000239713	APOBEC3G	S1_all_tissues_zeros_kept	0.618608	29	0.000347644	0.874422
ENSG00000239819	IGKV1D-8	S1_all_tissues_zeros_kept	-0.133172	29	0.491021	0.033976
ENSG00000239857	GET4	S1_all_tissues_zeros_kept	0.425915	29	0.0212406	0.652699
ENSG00000239862	IGKV1-37	S1_all_tissues_zeros_kept	-0.227551	29	0.235169	0.0126392
ENSG00000239887	C1orf226	S1_all_tissues_zeros_kept	0.461578	29	0.0117195	0.703985
ENSG00000239900	ADSL	S1_all_tissues_zeros_kept	0.165025	29	0.392285	0.257798
ENSG00000239975	IGKV1D-33	S1_all_tissues_zeros_kept	0.212346	29	0.268774	0.320865
ENSG00000240038	AMY2B	S1_all_tissues_zeros_kept	0.238699	29	0.212393	0.357798
ENSG00000240065	PSMB9	S1_all_tissues_zeros_kept	0.847783	29	6.47585e-09	0.99096
ENSG00000240184	PCDHGC3	S1_all_tissues_zeros_kept	0.067496	29	0.727926	0.151928
ENSG00000240230	COX19	S1_all_tissues_zeros_kept	0.218992	29	0.253721	0.329949
ENSG00000240344	PPIL3	S1_all_tissues_zeros_kept	0.31133	29	0.100183	0.469923
ENSG00000240563	L1TD1	S1_all_tissues_zeros_kept	0.37486	29	0.0451104	0.572279
ENSG00000240671	IGKV1-8	S1_all_tissues_zeros_kept	-0.158036	29	0.412913	0.0272922
ENSG00000240682	ISY1	S1_all_tissues_zeros_kept	0.487685	29	0.0072839	0.738432
ENSG00000240694	PNMA2	S1_all_tissues_zeros_kept	0.338269	29	0.0726793	0.514867
ENSG00000240764	PCDHGC5	S1_all_tissues_zeros_kept	1	29	0	0.997943
ENSG00000240771	ARHGEF25	S1_all_tissues_zeros_kept	0.374122	29	0.045569	0.571251
ENSG00000240849	TMEM189	S1_all_tissues_zeros_kept	0.419754	29	0.0233981	0.642631
ENSG00000240857	RDH14	S1_all_tissues_zeros_kept	0.28135	29	0.139267	0.423179
ENSG00000240972	MIF	S1_all_tissues_zeros_kept	-0.189655	29	0.324437	0.0191517
ENSG00000241058	NSUN6	S1_all_tissues_zeros_kept	-0.025407	29	0.895915	0.0854756
ENSG00000241106	HLA-DOB	S1_all_tissues_zeros_kept	0.530045	29	0.00310223	0.792759
ENSG00000241119	UGT1A9	S1_all_tissues_zeros_kept	0.439652	29	0.0170131	0.670694
ENSG00000241127	YAE1D1	S1_all_tissues_zeros_kept	0.749136	29	2.932e-06	0.962254
ENSG00000241258	CRCP	S1_all_tissues_zeros_kept	-0.116187	29	0.54837	0.0392031
ENSG00000241360	PDXP	S1_all_tissues_zeros_kept	0.611622	29	0.000423059	0.86988
ENSG00000241370	RPP21	S1_all_tissues_zeros_kept	0.148865	29	0.44088	0.239717
ENSG00000241468	ATP5J2	S1_all_tissues_zeros_kept	0.396108	29	0.0334068	0.602956
ENSG00000241476	SSX2	S1_all_tissues_zeros_kept	0.527335	29	0.00328714	0.787832
ENSG00000241553	ARPC4	S1_all_tissues_zeros_kept	0.47931	29	0.00851784	0.726821
ENSG00000241635	UGT1A1	S1_all_tissues_zeros_kept	0.541544	29	0.00241362	0.805955
ENSG00000241685	ARPC1A	S1_all_tissues_zeros_kept	0.117734	29	0.543022	0.203171
ENSG00000241794	SPRR2A	S1_all_tissues_zeros_kept	0.35392	29	0.059624	0.540317
ENSG00000241837	ATP5O	S1_all_tissues_zeros_kept	0.374384	29	0.0454057	0.571551
ENSG00000241839	PLEKHO2	S1_all_tissues_zeros_kept	0.593596	29	0.000687821	0.852228
ENSG00000241878	PISD	S1_all_tissues_zeros_kept	0.00788274	29	0.967628	0.104242
ENSG00000241935	HOGA1	S1_all_tissues_zeros_kept	0.502857	29	0.00543134	0.757798
ENSG00000241945	PWP2	S1_all_tissues_zeros_kept	0.296378	29	0.118488	0.444773
ENSG00000241973	PI4KA	S1_all_tissues_zeros_kept	0.00221702	29	0.990893	0.1009
ENSG00000242028	HYPK	S1_all_tissues_zeros_kept	0.246274	29	0.197804	0.36868
ENSG00000242110	AMACR	S1_all_tissues_zeros_kept	0.732356	29	6.29487e-06	0.955741
ENSG00000242114	MTFP1	S1_all_tissues_zeros_kept	0.335398	29	0.0752969	0.510154
ENSG00000242221	PSG2	S1_all_tissues_zeros_kept	0.265945	29	0.16319	0.398115
ENSG00000242247	ARFGAP3	S1_all_tissues_zeros_kept	0.664532	29	8.43603e-05	0.913668
ENSG00000242259	C22orf39	S1_all_tissues_zeros_kept	0.196333	29	0.307371	0.29653
ENSG00000242265	PEG10	S1_all_tissues_zeros_kept	0.375686	29	0.0446015	0.572879
ENSG00000242366	UGT1A8	S1_all_tissues_zeros_kept	0.410895	29	0.0268123	0.629006
ENSG00000242372	EIF6	S1_all_tissues_zeros_kept	0.612808	29	0.000409322	0.870566
ENSG00000242389	RBMY1E	S1_all_tissues_zeros_kept	1	29	0	0.997943
ENSG00000242485	MRPL20	S1_all_tissues_zeros_kept	0.328571	29	0.081812	0.499829
ENSG00000242515	UGT1A10	S1_all_tissues_zeros_kept	0.671155	29	6.74167e-05	0.919666
ENSG00000242574	HLA-DMB	S1_all_tissues_zeros_kept	0.575862	29	0.00107988	0.837446
ENSG00000242580	IGKV1D-43	S1_all_tissues_zeros_kept	-0.114978	29	0.552569	0.0399314
ENSG00000242612	DECR2	S1_all_tissues_zeros_kept	0.800936	29	1.80401e-07	0.981277
ENSG00000242616	GNG10	S1_all_tissues_zeros_kept	0.211849	29	0.269923	0.319923
ENSG00000242802	AP5Z1	S1_all_tissues_zeros_kept	-0.108155	29	0.576534	0.0429734
ENSG00000243056	EIF4EBP3	S1_all_tissues_zeros_kept	0.245433	29	0.199389	0.367652
ENSG00000243063	IGKV3-7	S1_all_tissues_zeros_kept	-0.261465	29	0.170666	0.00844045
ENSG00000243130	PSG11	S1_all_tissues_zeros_kept	0.400715	29	0.0312252	0.611611
ENSG00000243135	UGT1A3	S1_all_tissues_zeros_kept	0.527818	29	0.00325355	0.789674
ENSG00000243137	PSG4	S1_all_tissues_zeros_kept	0.185058	29	0.336518	0.282776
ENSG00000243147	MRPL33	S1_all_tissues_zeros_kept	0.399648	29	0.03172	0.610154
ENSG00000243156	MICAL3	S1_all_tissues_zeros_kept	0.676355	29	5.63138e-05	0.922879
ENSG00000243207	PPAN-P2RY11	S1_all_tissues_zeros_kept	0.0225905	29	0.907401	0.11521
ENSG00000243244	STON1	S1_all_tissues_zeros_kept	-0.194873	29	0.311054	0.0182948
ENSG00000243279	PRAF2	S1_all_tissues_zeros_kept	0.434483	29	0.0185137	0.663796
ENSG00000243284	VSIG8	S1_all_tissues_zeros_kept	0.45834	29	0.0124012	0.699357
ENSG00000243335	KCTD7	S1_all_tissues_zeros_kept	0.163117	29	0.397855	0.256084
ENSG00000243364	EFNA4	S1_all_tissues_zeros_kept	-0.225905	29	0.238665	0.0128963
ENSG00000243477	NAT6	S1_all_tissues_zeros_kept	0.429821	29	0.0199589	0.657883
ENSG00000243480	AMY2A	S1_all_tissues_zeros_kept	0.124547	29	0.519757	0.211482
ENSG00000243509	TNFRSF6B	S1_all_tissues_zeros_kept	-0.0228251	29	0.906444	0.087018
ENSG00000243646	IL10RB	S1_all_tissues_zeros_kept	0.280282	29	0.140838	0.421637
ENSG00000243667	WDR92	S1_all_tissues_zeros_kept	0.433797	29	0.0187206	0.662682
ENSG00000243710	CFAP57	S1_all_tissues_zeros_kept	0.360288	29	0.0548699	0.550514
ENSG00000243725	TTC4	S1_all_tissues_zeros_kept	0.0280823	29	0.885024	0.119494
ENSG00000243749	ZMYM6NB	S1_all_tissues_zeros_kept	0.109248	29	0.572665	0.193959
ENSG00000243789	JMJD7	S1_all_tissues_zeros_kept	0.346735	29	0.0653689	0.529692
ENSG00000243811	APOBEC3D	S1_all_tissues_zeros_kept	0.120381	29	0.533927	0.205698
ENSG00000243927	MRPS6	S1_all_tissues_zeros_kept	-0.111836	29	0.563546	0.0410026
ENSG00000243943	ZNF512	S1_all_tissues_zeros_kept	0.636946	29	0.000202955	0.89036
ENSG00000243955	GSTA1	S1_all_tissues_zeros_kept	0.775277	29	7.86429e-07	0.97168
ENSG00000243989	ACY1	S1_all_tissues_zeros_kept	0.74532	29	3.5062e-06	0.960626
ENSG00000244005	NFS1	S1_all_tissues_zeros_kept	0.615764	29	0.000376782	0.872322
ENSG00000244038	DDOST	S1_all_tissues_zeros_kept	0.384729	29	0.0393242	0.585904
ENSG00000244045	TMEM199	S1_all_tissues_zeros_kept	-0.0665025	29	0.731784	0.0619966
ENSG00000244094	SPRR2F	S1_all_tissues_zeros_kept	0.41168	29	0.0264944	0.630377
ENSG00000244122	UGT1A7	S1_all_tissues_zeros_kept	-0.191668	29	0.319234	0.0188518
ENSG00000244187	TMEM141	S1_all_tissues_zeros_kept	0.249482	29	0.191839	0.373907
ENSG00000244255	XXbac-BPG116M5.17	S1_all_tissues_zeros_kept	-0.079682	29	0.68116	0.0550557
ENSG00000244414	CFHR1	S1_all_tissues_zeros_kept	0.165203	29	0.391765	0.258055
ENSG00000244462	RBM12	S1_all_tissues_zeros_kept	0.478325	29	0.00867396	0.725921
ENSG00000244474	UGT1A4	S1_all_tissues_zeros_kept	0.48376	29	0.00784199	0.733976
ENSG00000244486	SCARF2	S1_all_tissues_zeros_kept	0.469978	29	0.010096	0.715638
ENSG00000244509	APOBEC3C	S1_all_tissues_zeros_kept	0.602956	29	0.000536348	0.862768
ENSG00000244607	CCDC13	S1_all_tissues_zeros_kept	0.394771	29	0.0340623	0.600471
ENSG00000244617	ASPRV1	S1_all_tissues_zeros_kept	0.21166	29	0.27036	0.319152
ENSG00000244687	UBE2V1	S1_all_tissues_zeros_kept	0.252402	29	0.186521	0.378963
ENSG00000244734	HBB	S1_all_tissues_zeros_kept	0.628079	29	0.000264398	0.883847
ENSG00000244754	N4BP2L2	S1_all_tissues_zeros_kept	0.294089	29	0.121496	0.441217
ENSG00000247077	PGAM5	S1_all_tissues_zeros_kept	0.21133	29	0.271125	0.318552
ENSG00000247315	ZCCHC3	S1_all_tissues_zeros_kept	0.450302	29	0.0142373	0.687275
ENSG00000247596	TWF2	S1_all_tissues_zeros_kept	0.626016	29	0.00028085	0.881277
ENSG00000247626	MARS2	S1_all_tissues_zeros_kept	0.223153	29	0.244586	0.336932
ENSG00000248098	BCKDHA	S1_all_tissues_zeros_kept	0.553695	29	0.00183331	0.817609
ENSG00000248099	INSL3	S1_all_tissues_zeros_kept	0.454724	29	0.013201	0.69473
ENSG00000248144	ADH1C	S1_all_tissues_zeros_kept	0.695078	29	2.85742e-05	0.93389
ENSG00000248333	CDK11B	S1_all_tissues_zeros_kept	0.174877	29	0.364229	0.270951
ENSG00000248405	PRR5-ARHGAP8	S1_all_tissues_zeros_kept	0.214113	29	0.264718	0.323265
ENSG00000248487	ABHD14A	S1_all_tissues_zeros_kept	0.419966	29	0.0233212	0.642802
ENSG00000248712	CCDC153	S1_all_tissues_zeros_kept	0.186081	29	0.333807	0.283976
ENSG00000248751	RP1-130H16.18	S1_all_tissues_zeros_kept	0.395611	29	0.033649	0.602014
ENSG00000248871	TNFSF12-TNFSF13	S1_all_tissues_zeros_kept	0.271186	29	0.154745	0.407498
ENSG00000248919	ATP5J2-PTCD1	S1_all_tissues_zeros_kept	-0.299335	29	0.114686	0.00526992
ENSG00000249115	HAUS5	S1_all_tissues_zeros_kept	0.494501	29	0.00639452	0.746315
ENSG00000249139	EPPIN-WFDC6	S1_all_tissues_zeros_kept	0.527335	29	0.00328714	0.787832
ENSG00000249428	CFAP99	S1_all_tissues_zeros_kept	0.0993358	29	0.608175	0.183633
ENSG00000249590	RP4-539M6.19	S1_all_tissues_zeros_kept	0.11632	29	0.547912	0.201842
ENSG00000249751	ECSCR	S1_all_tissues_zeros_kept	0.503314	29	0.00538246	0.758226
ENSG00000249915	PDCD6	S1_all_tissues_zeros_kept	0.0325123	29	0.867034	0.122708
ENSG00000250021	C15orf38-AP3S2	S1_all_tissues_zeros_kept	-0.029064	29	0.881032	0.0836332
ENSG00000250120	PCDHA10	S1_all_tissues_zeros_kept	0.1958	29	0.30871	0.296101
ENSG00000250317	SMIM20	S1_all_tissues_zeros_kept	0.461084	29	0.0118215	0.70347
ENSG00000250423	KIAA1210	S1_all_tissues_zeros_kept	0.63596	29	0.000209098	0.88916
ENSG00000250479	CHCHD10	S1_all_tissues_zeros_kept	0.417447	29	0.024251	0.639075
ENSG00000250506	CDK3	S1_all_tissues_zeros_kept	-0.151906	29	0.431496	0.0286632
ENSG00000250565	ATP6V1E2	S1_all_tissues_zeros_kept	0.185058	29	0.336518	0.282776
ENSG00000250722	SEPP1	S1_all_tissues_zeros_kept	0.0852217	29	0.660265	0.168209
ENSG00000250799	PRODH2	S1_all_tissues_zeros_kept	0.439398	29	0.0170844	0.669452
ENSG00000251039	IGKV2D-40	S1_all_tissues_zeros_kept	-0.0855627	29	0.658987	0.0523136
ENSG00000251201	TMED7-TICAM2	S1_all_tissues_zeros_kept	0.200223	29	0.297692	0.301842
ENSG00000251503	APITD1-CORT	S1_all_tissues_zeros_kept	-0.0478478	29	0.805314	0.0710797
ENSG00000251569	RP11-724O16.1	S1_all_tissues_zeros_kept	0.195602	29	0.309211	0.295758
ENSG00000251664	PCDHA12	S1_all_tissues_zeros_kept	0.146204	29	0.44918	0.23599
ENSG00000253305	PCDHGB6	S1_all_tissues_zeros_kept	0.0370987	29	0.848478	0.126692
ENSG00000253313	C1orf210	S1_all_tissues_zeros_kept	0.088127	29	0.649405	0.171637
ENSG00000253710	ALG11	S1_all_tissues_zeros_kept	0.309852	29	0.101892	0.466967
ENSG00000253719	ATXN7L3B	S1_all_tissues_zeros_kept	0.352057	29	0.0610739	0.537404
ENSG00000253729	PRKDC	S1_all_tissues_zeros_kept	0.465821	29	0.0108741	0.709983
ENSG00000253846	PCDHGA10	S1_all_tissues_zeros_kept	0.389579	29	0.0367072	0.593273
ENSG00000254004	ZNF260	S1_all_tissues_zeros_kept	0.363622	29	0.0525026	0.556084
ENSG00000254087	LYN	S1_all_tissues_zeros_kept	0.695074	29	2.85788e-05	0.933676
ENSG00000254093	PINX1	S1_all_tissues_zeros_kept	0.0951912	29	0.623292	0.179135
ENSG00000254122	PCDHGB7	S1_all_tissues_zeros_kept	0.104383	29	0.589976	0.187704
ENSG00000254221	PCDHGB1	S1_all_tissues_zeros_kept	0.730924	29	6.7016e-06	0.954884
ENSG00000254415	SIGLEC14	S1_all_tissues_zeros_kept	0.671166	29	6.73921e-05	0.919751
ENSG00000254470	AP5B1	S1_all_tissues_zeros_kept	-0.030303	29	0.875998	0.0830763
ENSG00000254505	CHMP4A	S1_all_tissues_zeros_kept	-0.0980416	29	0.612879	0.046401
ENSG00000254521	SIGLEC12	S1_all_tissues_zeros_kept	0.174983	29	0.363935	0.271251
ENSG00000254656	RTL1	S1_all_tissues_zeros_kept	0.513664	29	0.00437101	0.770908
ENSG00000254685	FPGT	S1_all_tissues_zeros_kept	0.327586	29	0.0827868	0.498372
ENSG00000254692	RP11-468E2.1	S1_all_tissues_zeros_kept	0.405419	29	0.0291185	0.619923
ENSG00000254726	MEX3A	S1_all_tissues_zeros_kept	0.578283	29	0.00101691	0.83946
ENSG00000254772	EEF1G	S1_all_tissues_zeros_kept	-0.0699507	29	0.718422	0.0597686
ENSG00000254858	MPV17L2	S1_all_tissues_zeros_kept	0.199187	29	0.300249	0.300471
ENSG00000254986	DPP3	S1_all_tissues_zeros_kept	0.0694581	29	0.720326	0.15347
ENSG00000254996	ANKHD1-EIF4EBP3	S1_all_tissues_zeros_kept	0.236946	29	0.215872	0.355441
ENSG00000254999	BRK1	S1_all_tissues_zeros_kept	-0.0724138	29	0.708927	0.0589117
ENSG00000255071	SAA2-SAA4	S1_all_tissues_zeros_kept	0.239794	29	0.21024	0.359254
ENSG00000255073	ZFP91-CNTF	S1_all_tissues_zeros_kept	0.236533	29	0.216696	0.354713
ENSG00000255154	RP11-80H18.3	S1_all_tissues_zeros_kept	0.120154	29	0.534705	0.204927
ENSG00000255408	PCDHA3	S1_all_tissues_zeros_kept	0.200959	29	0.295881	0.302999
ENSG00000255439	RP11-196G11.1	S1_all_tissues_zeros_kept	-0.0695025	29	0.720154	0.0601971
ENSG00000255501	CARD18	S1_all_tissues_zeros_kept	-0.0956902	29	0.621464	0.0476007
ENSG00000255526	NEDD8-MDP1	S1_all_tissues_zeros_kept	0.249985	29	0.190916	0.374422
ENSG00000255529	POLR2M	S1_all_tissues_zeros_kept	0.428074	29	0.0205239	0.655741
ENSG00000255833	TIFAB	S1_all_tissues_zeros_kept	0.568672	29	0.00128733	0.83132
ENSG00000255974	CYP2A6	S1_all_tissues_zeros_kept	0.316228	29	0.0946761	0.479306
ENSG00000256043	CTSO	S1_all_tissues_zeros_kept	0.590932	29	0.000737275	0.850428
ENSG00000256087	ZNF432	S1_all_tissues_zeros_kept	0.100035	29	0.605639	0.184276
ENSG00000256269	HMBS	S1_all_tissues_zeros_kept	0.169458	29	0.37951	0.263753
ENSG00000256453	DND1	S1_all_tissues_zeros_kept	0.527335	29	0.00328714	0.787832
ENSG00000256525	POLG2	S1_all_tissues_zeros_kept	0.0440941	29	0.820331	0.131662
ENSG00000256591	RP11-286N22.8	S1_all_tissues_zeros_kept	-0.329145	29	0.0812485	0.0038132
ENSG00000256671	LIMS3L	S1_all_tissues_zeros_kept	-0.23198	29	0.225933	0.0117823
ENSG00000256812	CAPNS2	S1_all_tissues_zeros_kept	0.492637	29	0.00662799	0.744259
ENSG00000256870	SLC5A8	S1_all_tissues_zeros_kept	0.267458	29	0.16072	0.400728
ENSG00000257017	HP	S1_all_tissues_zeros_kept	0.211966	29	0.269652	0.320094
ENSG00000257093	KIAA1147	S1_all_tissues_zeros_kept	0.367488	29	0.0498592	0.560883
ENSG00000257103	LSM14A	S1_all_tissues_zeros_kept	0.111097	29	0.566142	0.195973
ENSG00000257315	ZBED6	S1_all_tissues_zeros_kept	-0.199761	29	0.298831	0.0175236
ENSG00000257335	MGAM	S1_all_tissues_zeros_kept	0.626866	29	0.000273965	0.882305
ENSG00000257365	FNTB	S1_all_tissues_zeros_kept	0.239931	29	0.209972	0.359683
ENSG00000257390	RP11-762I7.5	S1_all_tissues_zeros_kept	0	29	1	0.0994002
ENSG00000257704	INAFM1	S1_all_tissues_zeros_kept	0.214393	29	0.264078	0.32395
ENSG00000257727	CNPY2	S1_all_tissues_zeros_kept	0.389655	29	0.0366671	0.59353
ENSG00000257743	MGAM2	S1_all_tissues_zeros_kept	0.652774	29	0.000123957	0.903813
ENSG00000257923	CUX1	S1_all_tissues_zeros_kept	0.461576	29	0.0117199	0.703856
ENSG00000257949	TEN1	S1_all_tissues_zeros_kept	-0.226548	29	0.237294	0.0127249
ENSG00000258289	CHURC1	S1_all_tissues_zeros_kept	0.296183	29	0.118742	0.444687
ENSG00000258315	C17orf49	S1_all_tissues_zeros_kept	0.634975	29	0.000215393	0.888817
ENSG00000258366	RTEL1	S1_all_tissues_zeros_kept	-0.0733596	29	0.705292	0.0584833
ENSG00000258429	PDF	S1_all_tissues_zeros_kept	0.384225	29	0.0396045	0.584876
ENSG00000258465	RP11-574F21.3	S1_all_tissues_zeros_kept	0.103615	29	0.59273	0.187189
ENSG00000258484	SPESP1	S1_all_tissues_zeros_kept	0.0210726	29	0.9136	0.113753
ENSG00000258643	BCL2L2-PABPN1	S1_all_tissues_zeros_kept	-0.374542	29	0.0453075	0.00167095
ENSG00000258644	SYNJ2BP-COX16	S1_all_tissues_zeros_kept	0.181443	29	0.346206	0.278192
ENSG00000258674	CTC-260F20.3	S1_all_tissues_zeros_kept	-0.0357143	29	0.854072	0.0785775
ENSG00000258838	ERCC6-PGBD3	S1_all_tissues_zeros_kept	0.226458	29	0.237485	0.341345
ENSG00000258890	CEP95	S1_all_tissues_zeros_kept	0.113013	29	0.559424	0.198158
ENSG00000258941	RP11-407N17.3	S1_all_tissues_zeros_kept	0.172216	29	0.371687	0.267224
ENSG00000259030	FPGT-TNNI3K	S1_all_tissues_zeros_kept	0.301934	29	0.111418	0.454456
ENSG00000259075	POC1B-GALNT4	S1_all_tissues_zeros_kept	0.406215	29	0.0287737	0.621894
ENSG00000259332	ST20-MTHFS	S1_all_tissues_zeros_kept	0.0972644	29	0.615711	0.181791
ENSG00000259431	THTPA	S1_all_tissues_zeros_kept	0.523645	29	0.00355404	0.782562
ENSG00000259494	MRPL46	S1_all_tissues_zeros_kept	0.230542	29	0.228904	0.347515
ENSG00000259956	RBM15B	S1_all_tissues_zeros_kept	0.0270969	29	0.889033	0.118809
ENSG00000260220	CCDC187	S1_all_tissues_zeros_kept	0.200959	29	0.295881	0.302999
ENSG00000260230	FRRS1L	S1_all_tissues_zeros_kept	0.151705	29	0.432111	0.242374
ENSG00000260342	RP11-1035H13.3	S1_all_tissues_zeros_kept	-0.316511	29	0.0943642	0.00432734
ENSG00000260537	RP11-529K1.3	S1_all_tissues_zeros_kept	-0.0201995	29	0.917167	0.0889889
ENSG00000260903	XKR7	S1_all_tissues_zeros_kept	0.668221	29	7.45065e-05	0.917138
ENSG00000260916	CCPG1	S1_all_tissues_zeros_kept	0.142365	29	0.461306	0.231362
ENSG00000261150	EPPK1	S1_all_tissues_zeros_kept	0.457457	29	0.0125925	0.698415
ENSG00000261221	ZNF865	S1_all_tissues_zeros_kept	0.144521	29	0.454473	0.233462
ENSG00000261236	BOP1	S1_all_tissues_zeros_kept	-0.186969	29	0.331464	0.0200943
ENSG00000261371	PECAM1	S1_all_tissues_zeros_kept	0.729557	29	7.11191e-06	0.954284
ENSG00000261594	TPBGL	S1_all_tissues_zeros_kept	0.678582	29	5.20799e-05	0.924379
ENSG00000261609	GAN	S1_all_tissues_zeros_kept	0.240774	29	0.208326	0.361397
ENSG00000261701	HPR	S1_all_tissues_zeros_kept	-0.196399	29	0.307203	0.0180377
ENSG00000262246	CORO7	S1_all_tissues_zeros_kept	0.0348471	29	0.857579	0.124636
ENSG00000262655	SPON1	S1_all_tissues_zeros_kept	0.707738	29	1.75427e-05	0.941088
ENSG00000262660	RP13-1032I1.10	S1_all_tissues_zeros_kept	0.139753	29	0.469651	0.228663
ENSG00000262664	OVCA2	S1_all_tissues_zeros_kept	-0.0216775	29	0.911129	0.0880463
ENSG00000262874	C19orf84	S1_all_tissues_zeros_kept	0.480293	29	0.00836443	0.72892
ENSG00000263001	GTF2I	S1_all_tissues_zeros_kept	0.744828	29	3.58729e-06	0.96054
ENSG00000263201	CTC-479C5.6	S1_all_tissues_zeros_kept	-0.0640809	29	0.741214	0.063539
ENSG00000263465	SRSF8	S1_all_tissues_zeros_kept	0.472295	29	0.0096829	0.718295
ENSG00000263528	IKBKE	S1_all_tissues_zeros_kept	0.472311	29	0.00968006	0.71838
ENSG00000264230	ANXA8L1	S1_all_tissues_zeros_kept	0.637197	29	0.000201418	0.890788
ENSG00000264343	NOTCH2NL	S1_all_tissues_zeros_kept	0.403152	29	0.0301187	0.617095
ENSG00000264364	DYNLL2	S1_all_tissues_zeros_kept	0.382266	29	0.0407094	0.582091
ENSG00000264522	OTUD7B	S1_all_tissues_zeros_kept	0.19803	29	0.303125	0.298329
ENSG00000265118	CTD-2370N5.3	S1_all_tissues_zeros_kept	0.490674	29	0.00688174	0.742117
ENSG00000265190	ANXA8	S1_all_tissues_zeros_kept	0.294944	29	0.120366	0.442802
ENSG00000265241	RBM8A	S1_all_tissues_zeros_kept	0.579803	29	0.000979042	0.840874
ENSG00000265354	TIMM23	S1_all_tissues_zeros_kept	0.431034	29	0.0195742	0.658912
ENSG00000265491	RNF115	S1_all_tissues_zeros_kept	-0.169624	29	0.379038	0.0244644
ENSG00000265681	RPL17	S1_all_tissues_zeros_kept	0.3	29	0.113843	0.451114
ENSG00000265808	SEC22B	S1_all_tissues_zeros_kept	0.0359606	29	0.853076	0.125793
ENSG00000265817	FSBP	S1_all_tissues_zeros_kept	0.159338	29	0.409024	0.252314
ENSG00000265972	TXNIP	S1_all_tissues_zeros_kept	0.317241	29	0.0935655	0.482991
ENSG00000266028	SRGAP2	S1_all_tissues_zeros_kept	0.787535	29	3.99038e-07	0.976135
ENSG00000266094	RASSF5	S1_all_tissues_zeros_kept	0.47734	29	0.00883247	0.724507
ENSG00000266173	STRADA	S1_all_tissues_zeros_kept	0.220798	29	0.249729	0.33329
ENSG00000266412	NCOA4	S1_all_tissues_zeros_kept	0.0962591	29	0.619383	0.180249
ENSG00000266472	MRPS21	S1_all_tissues_zeros_kept	-0.111111	29	0.566093	0.041174
ENSG00000266714	MYO15B	S1_all_tissues_zeros_kept	0.136946	29	0.478706	0.224807
ENSG00000266967	AARSD1	S1_all_tissues_zeros_kept	0.582224	29	0.000921253	0.843316
ENSG00000267368	UPK3BL	S1_all_tissues_zeros_kept	0.206368	29	0.282797	0.31084
ENSG00000267534	S1PR2	S1_all_tissues_zeros_kept	0.533616	29	0.00287228	0.79653
ENSG00000267673	FDX1L	S1_all_tissues_zeros_kept	0.461141	29	0.0118098	0.703642
ENSG00000267748	CTB-102L5.4	S1_all_tissues_zeros_kept	0.03199	29	0.869152	0.122065
ENSG00000267795	SMIM22	S1_all_tissues_zeros_kept	0.587733	29	0.000800728	0.847601
ENSG00000267796	LIN37	S1_all_tissues_zeros_kept	0.138165	29	0.474762	0.226607
ENSG00000268104	SLC6A14	S1_all_tissues_zeros_kept	0.479785	29	0.00844341	0.727464
ENSG00000269058	CALR3	S1_all_tissues_zeros_kept	0.297069	29	0.117591	0.445501
ENSG00000269113	TRABD2B	S1_all_tissues_zeros_kept	0.049129	29	0.800204	0.135861
ENSG00000269190	FBXO17	S1_all_tissues_zeros_kept	0.309819	29	0.10193	0.46671
ENSG00000269313	MAGIX	S1_all_tissues_zeros_kept	0.486412	29	0.00746105	0.737404
ENSG00000269335	IKBKG	S1_all_tissues_zeros_kept	0.541446	29	0.00241886	0.805741
ENSG00000269343	ZNF587B	S1_all_tissues_zeros_kept	0.167239	29	0.385874	0.260883
ENSG00000269405	NXF2	S1_all_tissues_zeros_kept	0.135225	29	0.484303	0.222922
ENSG00000269547	CTC-360G5.8	S1_all_tissues_zeros_kept	-0.0516343	29	0.790235	0.0682519
ENSG00000269713	NBPF9	S1_all_tissues_zeros_kept	-0.343537	29	0.0680594	0.00312768
ENSG00000269897	COMMD3-BMI1	S1_all_tissues_zeros_kept	0.188938	29	0.326305	0.287232
ENSG00000269955	C7orf55-LUC7L2	S1_all_tissues_zeros_kept	-0.139409	29	0.470755	0.0319195
ENSG00000270170	NCBP2-AS2	S1_all_tissues_zeros_kept	0.335011	29	0.0756554	0.509897
ENSG00000270249	RP11-514P8.7	S1_all_tissues_zeros_kept	-0.114293	29	0.554955	0.0401457
ENSG00000270467	IGHV3OR16-12	S1_all_tissues_zeros_kept	-0.316228	29	0.0946761	0.00441302
ENSG00000270505	IGHV1OR15-1	S1_all_tissues_zeros_kept	0.0594225	29	0.759456	0.145716
ENSG00000270647	TAF15	S1_all_tissues_zeros_kept	0.145813	29	0.450409	0.235347
ENSG00000270765	GAS2L2	S1_all_tissues_zeros_kept	0.294366	29	0.121129	0.441731
ENSG00000270800	RPS10-NUDT3	S1_all_tissues_zeros_kept	-0.069136	29	0.721572	0.0604542
ENSG00000271092	TMEM56-RWDD3	S1_all_tissues_zeros_kept	0.289953	29	0.127072	0.435518
ENSG00000271303	SRXN1	S1_all_tissues_zeros_kept	0.170464	29	0.376645	0.265081
ENSG00000271425	NBPF10	S1_all_tissues_zeros_kept	0.0694025	29	0.720541	0.153256
ENSG00000271503	CCL5	S1_all_tissues_zeros_kept	0.384609	29	0.039391	0.585647
ENSG00000271601	LIX1L	S1_all_tissues_zeros_kept	0.355364	29	0.0585186	0.542288
ENSG00000271810	RP11-426L16.10	S1_all_tissues_zeros_kept	-0.0514016	29	0.791159	0.0688089
ENSG00000272031	ANKRD34A	S1_all_tissues_zeros_kept	0.391071	29	0.0359308	0.595373
ENSG00000272047	GTF2H5	S1_all_tissues_zeros_kept	0.173846	29	0.367108	0.269195
ENSG00000272104	XXcos-LUCA11.5	S1_all_tissues_zeros_kept	-0.183329	29	0.341133	0.0210368
ENSG00000272325	NUDT3	S1_all_tissues_zeros_kept	0.320389	29	0.0901796	0.488218
ENSG00000272333	KMT2B	S1_all_tissues_zeros_kept	0.0478127	29	0.805455	0.134833
ENSG00000272391	POM121C	S1_all_tissues_zeros_kept	0.0527094	29	0.785967	0.138989
ENSG00000272414	FAM47E-STBD1	S1_all_tissues_zeros_kept	0.138449	29	0.473846	0.227378
ENSG00000272573	MUSTN1	S1_all_tissues_zeros_kept	-0.336541	29	0.0742464	0.00338475
ENSG00000272602	ZNF595	S1_all_tissues_zeros_kept	0.111085	29	0.566187	0.195844
ENSG00000272886	DCP1A	S1_all_tissues_zeros_kept	0.503941	29	0.00531596	0.759512
ENSG00000273154	RP4-583P15.15	S1_all_tissues_zeros_kept	-0.00591295	29	0.975715	0.0957584
ENSG00000273559	CWC25	S1_all_tissues_zeros_kept	0.237109	29	0.215546	0.355827
ENSG00000273703	HIST1H2BM	S1_all_tissues_zeros_kept	0.668221	29	7.45065e-05	0.917138
ENSG00000273749	CYFIP1	S1_all_tissues_zeros_kept	0.517241	29	0.00406146	0.775793
ENSG00000273777	CEACAM20	S1_all_tissues_zeros_kept	0.831113	29	2.37301e-08	0.988903
ENSG00000273841	TAF9	S1_all_tissues_zeros_kept	0.0270936	29	0.889046	0.118723
ENSG00000273976	GOLGA6L1	S1_all_tissues_zeros_kept	0.331434	29	0.0790295	0.504456
ENSG00000274070	GATSL2	S1_all_tissues_zeros_kept	0.335424	29	0.0752726	0.51024
ENSG00000274180	NATD1	S1_all_tissues_zeros_kept	0.438478	29	0.0173449	0.668423
ENSG00000274286	ADRA2B	S1_all_tissues_zeros_kept	-0.158904	29	0.410318	0.0264781
ENSG00000274349	ZNF658	S1_all_tissues_zeros_kept	-0.0694176	29	0.720483	0.0603685
ENSG00000274391	TPTE	S1_all_tissues_zeros_kept	0.327991	29	0.0823851	0.499057
ENSG00000274523	WBSCR16	S1_all_tissues_zeros_kept	0.00837542	29	0.965606	0.104499
ENSG00000274588	DGKK	S1_all_tissues_zeros_kept	0.129436	29	0.503369	0.217352
ENSG00000274791	F8A2	S1_all_tissues_zeros_kept	0.318036	29	0.0927012	0.484619
ENSG00000275023	MLLT6	S1_all_tissues_zeros_kept	0.305539	29	0.107002	0.459426
ENSG00000275052	PPP4R3B	S1_all_tissues_zeros_kept	0.42484	29	0.0216047	0.6506
ENSG00000275063	AC233755.1	S1_all_tissues_zeros_kept	0.121347	29	0.530624	0.207155
ENSG00000275066	SYNRG	S1_all_tissues_zeros_kept	0.307882	29	0.104203	0.463625
ENSG00000275074	NUDT18	S1_all_tissues_zeros_kept	0.580931	29	0.000951728	0.842374
ENSG00000275152	CCL16	S1_all_tissues_zeros_kept	-0.0753336	29	0.697726	0.0571551
ENSG00000275342	SGK223	S1_all_tissues_zeros_kept	0.630062	29	0.000249391	0.885476
ENSG00000275385	CCL18	S1_all_tissues_zeros_kept	0.159391	29	0.408867	0.252485
ENSG00000275700	AATF	S1_all_tissues_zeros_kept	0.062577	29	0.747089	0.148458
ENSG00000275722	LYZL6	S1_all_tissues_zeros_kept	1	29	0	0.997943
ENSG00000275832	ARHGAP23	S1_all_tissues_zeros_kept	0.252001	29	0.187243	0.377678
ENSG00000275835	TUBGCP5	S1_all_tissues_zeros_kept	0.173977	29	0.36674	0.26988
ENSG00000275896	PRSS2	S1_all_tissues_zeros_kept	0.605401	29	0.000501965	0.864225
ENSG00000276023	DUSP14	S1_all_tissues_zeros_kept	0.0940237	29	0.627578	0.177678
ENSG00000276045	ORAI1	S1_all_tissues_zeros_kept	0.462392	29	0.0115531	0.70527
ENSG00000276234	TADA2A	S1_all_tissues_zeros_kept	-0.178576	29	0.35401	0.0225793
ENSG00000276293	PIP4K2B	S1_all_tissues_zeros_kept	0.439901	29	0.0169433	0.67138
ENSG00000276547	PCDHGB5	S1_all_tissues_zeros_kept	0.0321007	29	0.868703	0.122494
ENSG00000276566	IGKV1D-13	S1_all_tissues_zeros_kept	0.0659679	29	0.733862	0.151028
ENSG00000276600	RAB7B	S1_all_tissues_zeros_kept	0.241848	29	0.206242	0.362425
ENSG00000276644	DACH1	S1_all_tissues_zeros_kept	0.649577	29	0.000137245	0.901157
ENSG00000277161	PIGW	S1_all_tissues_zeros_kept	0.0146136	29	0.940025	0.10964
ENSG00000277258	PCGF2	S1_all_tissues_zeros_kept	0.189413	29	0.325067	0.287875
ENSG00000277363	SRCIN1	S1_all_tissues_zeros_kept	0.451401	29	0.0139735	0.688732
ENSG00000277443	MARCKS	S1_all_tissues_zeros_kept	0.750092	29	2.80205e-06	0.962682
ENSG00000277535	RP13-347D8.7	S1_all_tissues_zeros_kept	0.527335	29	0.00328714	0.787832
ENSG00000277586	NEFL	S1_all_tissues_zeros_kept	0.357139	29	0.0571819	0.544173
ENSG00000277791	PSMB3	S1_all_tissues_zeros_kept	-0.348768	29	0.0637008	0.00269923
ENSG00000277856	AC233755.2	S1_all_tissues_zeros_kept	-0.00254056	29	0.989564	0.0977292
ENSG00000277972	CISD3	S1_all_tissues_zeros_kept	0.262003	29	0.169756	0.392245
ENSG00000278053	DDX52	S1_all_tissues_zeros_kept	0.220197	29	0.251054	0.332177
ENSG00000278129	ZNF8	S1_all_tissues_zeros_kept	-0.0865997	29	0.655106	0.051371
ENSG00000278259	MYO19	S1_all_tissues_zeros_kept	0.337973	29	0.0729463	0.514439
ENSG00000278311	GGNBP2	S1_all_tissues_zeros_kept	0.135437	29	0.483612	0.223179
ENSG00000278535	DHRS11	S1_all_tissues_zeros_kept	0.797044	29	2.28549e-07	0.979392
ENSG00000278540	ACACA	S1_all_tissues_zeros_kept	0.537997	29	0.00261033	0.802528
ENSG00000278615	C11orf98	S1_all_tissues_zeros_kept	0.229064	29	0.231985	0.345244
ENSG00000278619	MRM1	S1_all_tissues_zeros_kept	0.193909	29	0.3135	0.293702
ENSG00000278845	MRPL45	S1_all_tissues_zeros_kept	0.266502	29	0.162277	0.399314
ENSG00000279457	FO538757.2	S1_all_tissues_zeros_kept	0.105419	29	0.586272	0.189203
ENSG00000280789	PAGR1	S1_all_tissues_zeros_kept	0.0390025	29	0.840799	0.127892
ENSG00000280987	MATR3	S1_all_tissues_zeros_kept	0.276355	29	0.146727	0.414781
ENSG00000282122	CH17-262H11.1	S1_all_tissues_zeros_kept	-0.00834148	29	0.965745	0.0950728
ENSG00000282278	RP11-231C18.3	S1_all_tissues_zeros_kept	-0.219718	29	0.252113	0.0139246
ENSG00000282639	CH17-224D4.1	S1_all_tissues_zeros_kept	-0.221097	29	0.249072	0.0136675
ENSG00000282651	CH17-224D4.2	S1_all_tissues_zeros_kept	0.277813	29	0.14452	0.417266
