ensembl_gene_id	gene_name	rule	rho	n_tissues	p	percentile_in_genome
ENSG00000000003	TSPAN6	S2_mrna_detected_only	0.528886	29	0.00318022	0.776161
ENSG00000000419	DPM1	S2_mrna_detected_only	0.0192118	29	0.921204	0.123083
ENSG00000000457	SCYL3	S2_mrna_detected_only	0.0643307	28	0.745012	0.161431
ENSG00000000938	FGR	S2_mrna_detected_only	0.514783	24	0.0100541	0.761557
ENSG00000000971	CFH	S2_mrna_detected_only	0.64335	29	0.000166805	0.886321
ENSG00000001036	FUCA2	S2_mrna_detected_only	0.43202	29	0.0192662	0.65229
ENSG00000001084	GCLC	S2_mrna_detected_only	0.448276	29	0.0147341	0.674511
ENSG00000001167	NFYA	S2_mrna_detected_only	0.598725	29	0.000600746	0.845924
ENSG00000001497	LAS1L	S2_mrna_detected_only	0.252709	29	0.185966	0.390418
ENSG00000001561	ENPP4	S2_mrna_detected_only	0.354477	29	0.0591955	0.541921
ENSG00000001617	SEMA3F	S2_mrna_detected_only	0.273831	24	0.195392	0.42178
ENSG00000001626	CFTR	S2_mrna_detected_only	0.162232	14	0.579499	0.268281
ENSG00000001629	ANKIB1	S2_mrna_detected_only	0.165025	29	0.392285	0.271013
ENSG00000001630	CYP51A1	S2_mrna_detected_only	0.460591	29	0.0119239	0.690954
ENSG00000001631	KRIT1	S2_mrna_detected_only	0.387192	29	0.037977	0.587518
ENSG00000002330	BAD	S2_mrna_detected_only	0.0527094	29	0.785967	0.149611
ENSG00000002549	LAP3	S2_mrna_detected_only	0.591626	29	0.000724103	0.838779
ENSG00000002586	CD99	S2_mrna_detected_only	0.226108	29	0.23823	0.353541
ENSG00000002726	AOC1	S2_mrna_detected_only	0.906593	13	1.92962e-05	0.997531
ENSG00000002746	HECW1	S2_mrna_detected_only		2		
ENSG00000002822	MAD1L1	S2_mrna_detected_only	0.399507	29	0.0317857	0.606325
ENSG00000002834	LASP1	S2_mrna_detected_only	0.608374	29	0.000462768	0.854013
ENSG00000002919	SNX11	S2_mrna_detected_only	0.53202	29	0.00297321	0.77905
ENSG00000003056	M6PR	S2_mrna_detected_only	0.300985	29	0.112603	0.461231
ENSG00000003147	ICA1	S2_mrna_detected_only	0.526892	28	0.00396774	0.774375
ENSG00000003249	DBNDD1	S2_mrna_detected_only	0.0189207	18	0.940599	0.122872
ENSG00000003393	ALS2	S2_mrna_detected_only	0.493706	28	0.00758587	0.734345
ENSG00000003400	CASP10	S2_mrna_detected_only	0.743648	22	7.29103e-05	0.954665
ENSG00000003402	CFLAR	S2_mrna_detected_only	0.0559065	29	0.77331	0.152816
ENSG00000003509	NDUFAF7	S2_mrna_detected_only	0.366174	28	0.0553099	0.558993
ENSG00000003756	RBM5	S2_mrna_detected_only	0.279803	29	0.141547	0.431183
ENSG00000003987	MTMR7	S2_mrna_detected_only	0.2	4	0.8	0.313354
ENSG00000004059	ARF5	S2_mrna_detected_only	-0.138424	29	0.473928	0.0402921
ENSG00000004142	POLDIP2	S2_mrna_detected_only	0.670936	29	6.79244e-05	0.910223
ENSG00000004399	PLXND1	S2_mrna_detected_only	0.0837438	29	0.665816	0.179502
ENSG00000004455	AK2	S2_mrna_detected_only	0.423645	29	0.0220155	0.642519
ENSG00000004478	FKBP4	S2_mrna_detected_only	0.594581	29	0.000670285	0.841668
ENSG00000004487	KDM1A	S2_mrna_detected_only	0.146305	29	0.448863	0.248634
ENSG00000004534	RBM6	S2_mrna_detected_only	0.316256	29	0.0946449	0.486237
ENSG00000004660	CAMKK1	S2_mrna_detected_only	0.639988	27	0.000324403	0.883431
ENSG00000004700	RECQL	S2_mrna_detected_only	0.669951	29	7.02508e-05	0.909697
ENSG00000004766	VPS50	S2_mrna_detected_only	0.236511	29	0.216739	0.367357
ENSG00000004779	NDUFAB1	S2_mrna_detected_only	0.574877	29	0.00110646	0.822021
ENSG00000004799	PDK4	S2_mrna_detected_only	0.608867	29	0.000456542	0.854696
ENSG00000004838	ZMYND10	S2_mrna_detected_only	0.8	4	0.2	0.979513
ENSG00000004848	ARX	S2_mrna_detected_only	-0.105409	4	0.894591	0.0515865
ENSG00000004864	SLC25A13	S2_mrna_detected_only	0.383744	29	0.0398737	0.583368
ENSG00000004866	ST7	S2_mrna_detected_only	0.20552	29	0.284824	0.320918
ENSG00000004897	CDC27	S2_mrna_detected_only	0.382266	29	0.0407094	0.581372
ENSG00000004939	SLC4A1	S2_mrna_detected_only		2		
ENSG00000004961	HCCS	S2_mrna_detected_only	0.358128	29	0.0564476	0.547069
ENSG00000004975	DVL2	S2_mrna_detected_only	0.392118	29	0.0353937	0.594242
ENSG00000005007	UPF1	S2_mrna_detected_only	0.217734	29	0.256528	0.33941
ENSG00000005020	SKAP2	S2_mrna_detected_only	0.611898	29	0.000419825	0.857901
ENSG00000005022	SLC25A5	S2_mrna_detected_only	0.554187	29	0.00181258	0.8029
ENSG00000005059	CCDC109B	S2_mrna_detected_only	0.459183	25	0.0209422	0.689378
ENSG00000005073	HOXA11	S2_mrna_detected_only	0.913223	8	0.00152914	0.997689
ENSG00000005075	POLR2J	S2_mrna_detected_only	0.0296297	29	0.878733	0.129491
ENSG00000005100	DHX33	S2_mrna_detected_only	-0.250955	29	0.189143	0.0145514
ENSG00000005156	LIG3	S2_mrna_detected_only	0.0931264	29	0.630881	0.189168
ENSG00000005175	RPAP3	S2_mrna_detected_only	0.334483	29	0.0761465	0.511977
ENSG00000005189	AC004381.6	S2_mrna_detected_only	0.63901	9	0.0639241	0.882538
ENSG00000005194	CIAPIN1	S2_mrna_detected_only	0.526601	29	0.00333882	0.774217
ENSG00000005206	SPPL2B	S2_mrna_detected_only	0.309997	27	0.115575	0.475047
ENSG00000005243	COPZ2	S2_mrna_detected_only	0.549821	29	0.00200351	0.797804
ENSG00000005302	MSL3	S2_mrna_detected_only	0.319235	28	0.097748	0.490912
ENSG00000005339	CREBBP	S2_mrna_detected_only	0.507882	29	0.00491388	0.751996
ENSG00000005381	MPO	S2_mrna_detected_only		3		
ENSG00000005421	PON1	S2_mrna_detected_only		2		
ENSG00000005436	GCFC2	S2_mrna_detected_only	0.164751	28	0.402154	0.270487
ENSG00000005448	WDR54	S2_mrna_detected_only	0.332786	28	0.0835653	0.509141
ENSG00000005469	CROT	S2_mrna_detected_only	0.779967	28	9.91728e-07	0.971685
ENSG00000005471	ABCB4	S2_mrna_detected_only	0.5766	7	0.175382	0.823808
ENSG00000005483	KMT2E	S2_mrna_detected_only	0.233508	29	0.222803	0.363995
ENSG00000005486	RHBDD2	S2_mrna_detected_only	0.455665	29	0.0129888	0.684282
ENSG00000005513	SOX8	S2_mrna_detected_only	0.27323	6	0.600355	0.420992
ENSG00000005700	IBTK	S2_mrna_detected_only	0.494457	29	0.00639993	0.734976
ENSG00000005801	ZNF195	S2_mrna_detected_only	0.322549	27	0.100817	0.494904
ENSG00000005810	MYCBP2	S2_mrna_detected_only	0.400493	29	0.0313279	0.608163
ENSG00000005812	FBXL3	S2_mrna_detected_only	0.147145	29	0.446236	0.24937
ENSG00000005882	PDK2	S2_mrna_detected_only	0.430049	29	0.0198862	0.650452
ENSG00000005884	ITGA3	S2_mrna_detected_only	0.580186	28	0.00121051	0.827065
ENSG00000005889	ZFX	S2_mrna_detected_only	0.132351	28	0.501986	0.23424
ENSG00000005893	LAMP2	S2_mrna_detected_only	0.239901	29	0.21003	0.371769
ENSG00000005961	ITGA2B	S2_mrna_detected_only	-1	4	0	0
ENSG00000006007	GDE1	S2_mrna_detected_only	0.156177	29	0.4185	0.261242
ENSG00000006042	TMEM98	S2_mrna_detected_only	0.527949	29	0.00324443	0.775215
ENSG00000006047	YBX2	S2_mrna_detected_only	0.4	4	0.6	0.607165
ENSG00000006071	ABCC8	S2_mrna_detected_only	0.758971	6	0.0801412	0.961967
ENSG00000006116	CACNG3	S2_mrna_detected_only		2		
ENSG00000006125	AP2B1	S2_mrna_detected_only	0.38867	29	0.0371867	0.590198
ENSG00000006194	ZNF263	S2_mrna_detected_only	0.265377	29	0.164126	0.408857
ENSG00000006282	SPATA20	S2_mrna_detected_only	0.364532	29	0.0518704	0.55726
ENSG00000006451	RALA	S2_mrna_detected_only	0.035468	29	0.855068	0.134587
ENSG00000006453	BAIAP2L1	S2_mrna_detected_only	0.884348	24	9.90194e-09	0.99585
ENSG00000006459	KDM7A	S2_mrna_detected_only	0.186384	29	0.333007	0.296333
ENSG00000006530	AGK	S2_mrna_detected_only	0.0793651	28	0.68809	0.175089
ENSG00000006607	FARP2	S2_mrna_detected_only	-0.0458128	29	0.813447	0.0794285
ENSG00000006625	GGCT	S2_mrna_detected_only	0.0133005	29	0.945405	0.117777
ENSG00000006652	IFRD1	S2_mrna_detected_only	0.323597	29	0.0868244	0.49606
ENSG00000006659	LGALS14	S2_mrna_detected_only		1		
ENSG00000006704	GTF2IRD1	S2_mrna_detected_only	0.213437	27	0.285093	0.333316
ENSG00000006712	PAF1	S2_mrna_detected_only	0.308867	29	0.103042	0.473681
ENSG00000006715	VPS41	S2_mrna_detected_only	-0.0344828	29	0.859053	0.0873083
ENSG00000006740	ARHGAP44	S2_mrna_detected_only	0.449605	23	0.0313634	0.67656
ENSG00000006744	ELAC2	S2_mrna_detected_only	0.399507	29	0.0317857	0.606325
ENSG00000006756	ARSD	S2_mrna_detected_only	0.398079	29	0.0324591	0.604013
ENSG00000006757	PNPLA4	S2_mrna_detected_only	0.574384	29	0.00111996	0.821286
ENSG00000006831	ADIPOR2	S2_mrna_detected_only	-0.0423159	29	0.827467	0.0818975
ENSG00000007001	UPP2	S2_mrna_detected_only		2		
ENSG00000007038	PRSS21	S2_mrna_detected_only	0.57138	7	0.180248	0.818449
ENSG00000007047	MARK4	S2_mrna_detected_only	0.103415	29	0.593448	0.199779
ENSG00000007080	CCDC124	S2_mrna_detected_only	0.299507	29	0.114467	0.458657
ENSG00000007168	PAFAH1B1	S2_mrna_detected_only	0.252217	29	0.186854	0.389315
ENSG00000007171	NOS2	S2_mrna_detected_only	0.869657	6	0.0243769	0.994221
ENSG00000007174	DNAH9	S2_mrna_detected_only		2		
ENSG00000007202	KIAA0100	S2_mrna_detected_only	-0.223153	29	0.244586	0.0182286
ENSG00000007216	SLC13A2	S2_mrna_detected_only	0.535714	7	0.215217	0.783358
ENSG00000007237	GAS7	S2_mrna_detected_only	0.436622	25	0.0290944	0.658069
ENSG00000007255	TRAPPC6A	S2_mrna_detected_only	0.376398	29	0.0441668	0.573913
ENSG00000007306	CEACAM7	S2_mrna_detected_only	0.711967	9	0.0314253	0.937592
ENSG00000007312	CD79B	S2_mrna_detected_only	0.551106	20	0.0117843	0.799485
ENSG00000007350	TKTL1	S2_mrna_detected_only		2		
ENSG00000007376	RPUSD1	S2_mrna_detected_only	0.150591	25	0.472435	0.254413
ENSG00000007384	RHBDF1	S2_mrna_detected_only	0.229885	28	0.239267	0.358531
ENSG00000007392	LUC7L	S2_mrna_detected_only	0.129064	29	0.504607	0.230668
ENSG00000007402	CACNA2D2	S2_mrna_detected_only	-0.0714286	7	0.879048	0.0657701
ENSG00000007520	TSR3	S2_mrna_detected_only	-0.271792	29	0.153789	0.0118197
ENSG00000007541	PIGQ	S2_mrna_detected_only	0.417734	29	0.0241436	0.634535
ENSG00000007545	CRAMP1	S2_mrna_detected_only	0.218894	28	0.263094	0.340986
ENSG00000007866	TEAD3	S2_mrna_detected_only	0.404557	28	0.0327315	0.616148
ENSG00000007923	DNAJC11	S2_mrna_detected_only	0.254958	29	0.181949	0.394358
ENSG00000007933	FMO3	S2_mrna_detected_only	0.729825	19	0.000389772	0.94731
ENSG00000008018	PSMB1	S2_mrna_detected_only	0.301478	29	0.111987	0.461967
ENSG00000008056	SYN1	S2_mrna_detected_only	1	4	0	1
ENSG00000008083	JARID2	S2_mrna_detected_only	0.117994	27	0.557769	0.216485
ENSG00000008086	CDKL5	S2_mrna_detected_only	0.34073	20	0.141539	0.521065
ENSG00000008118	CAMK1G	S2_mrna_detected_only	-0.180187	7	0.699046	0.0276319
ENSG00000008128	CDK11A	S2_mrna_detected_only	-0.299268	28	0.121844	0.00814247
ENSG00000008130	NADK	S2_mrna_detected_only	0.70723	29	1.78981e-05	0.935175
ENSG00000008196	TFAP2B	S2_mrna_detected_only		3		
ENSG00000008226	DLEC1	S2_mrna_detected_only		2		
ENSG00000008256	CYTH3	S2_mrna_detected_only	0.232622	28	0.233565	0.362629
ENSG00000008282	SYPL1	S2_mrna_detected_only	0.407389	29	0.0282709	0.620246
ENSG00000008283	CYB561	S2_mrna_detected_only	0.195277	29	0.310031	0.306209
ENSG00000008294	SPAG9	S2_mrna_detected_only	0.652217	29	0.000126188	0.89357
ENSG00000008311	AASS	S2_mrna_detected_only	0.60208	28	0.000699432	0.848445
ENSG00000008324	SS18L2	S2_mrna_detected_only	0.284257	29	0.135054	0.43817
ENSG00000008382	MPND	S2_mrna_detected_only	0.539495	29	0.00252564	0.787403
ENSG00000008394	MGST1	S2_mrna_detected_only	0.845813	29	7.60974e-09	0.990807
ENSG00000008405	CRY1	S2_mrna_detected_only	-0.0337871	29	0.861869	0.087781
ENSG00000008438	PGLYRP1	S2_mrna_detected_only	0.6	4	0.4	0.846922
ENSG00000008441	NFIX	S2_mrna_detected_only	0.699507	29	2.41582e-05	0.930185
ENSG00000008513	ST3GAL1	S2_mrna_detected_only	0.508374	29	0.00486549	0.752889
ENSG00000008516	MMP25	S2_mrna_detected_only	0.219089	9	0.571145	0.341143
ENSG00000008838	MED24	S2_mrna_detected_only	0.470936	29	0.00992343	0.705033
ENSG00000008869	HEATR5B	S2_mrna_detected_only	0.479803	29	0.00844068	0.716222
ENSG00000008952	SEC62	S2_mrna_detected_only	0.452217	29	0.0137805	0.680185
ENSG00000008988	RPS20	S2_mrna_detected_only	0.292611	29	0.123467	0.449254
ENSG00000009307	CSDE1	S2_mrna_detected_only	0.124138	29	0.521142	0.224417
ENSG00000009335	UBE3C	S2_mrna_detected_only	0.125123	29	0.517814	0.225783
ENSG00000009694	TENM1	S2_mrna_detected_only	0.774597	4	0.225403	0.968901
ENSG00000009724	MASP2	S2_mrna_detected_only	-0.345055	14	0.226949	0.00467535
ENSG00000009765	IYD	S2_mrna_detected_only	0.9	9	0.000943062	0.997163
ENSG00000009780	FAM76A	S2_mrna_detected_only	0.00519147	28	0.979083	0.111631
ENSG00000009790	TRAF3IP3	S2_mrna_detected_only	0.707792	21	0.000331436	0.935753
ENSG00000009830	POMT2	S2_mrna_detected_only	0.378665	28	0.0469167	0.57717
ENSG00000009844	VTA1	S2_mrna_detected_only	0.300985	29	0.112603	0.461231
ENSG00000009954	BAZ1B	S2_mrna_detected_only	0.350739	29	0.0621165	0.53609
ENSG00000010017	RANBP9	S2_mrna_detected_only	0.284729	29	0.13438	0.438643
ENSG00000010072	SPRTN	S2_mrna_detected_only	-0.132663	28	0.500969	0.041868
ENSG00000010165	METTL13	S2_mrna_detected_only	0.189925	29	0.323737	0.300693
ENSG00000010244	ZNF207	S2_mrna_detected_only	0.0517241	29	0.789878	0.148666
ENSG00000010256	UQCRC1	S2_mrna_detected_only	0.596552	29	0.000636383	0.843717
ENSG00000010270	STARD3NL	S2_mrna_detected_only	0.169534	29	0.379293	0.277212
ENSG00000010278	CD9	S2_mrna_detected_only	0.603448	29	0.000529259	0.849391
ENSG00000010282	HHATL	S2_mrna_detected_only	0.9	5	0.0373861	0.997163
ENSG00000010292	NCAPD2	S2_mrna_detected_only	0.603941	29	0.000522253	0.850074
ENSG00000010295	IFFO1	S2_mrna_detected_only	-0.0368398	18	0.884612	0.0857848
ENSG00000010322	NISCH	S2_mrna_detected_only	0.202956	29	0.291008	0.316295
ENSG00000010327	STAB1	S2_mrna_detected_only	0.851232	29	4.856e-09	0.99149
ENSG00000010379	SLC6A13	S2_mrna_detected_only	0.632456	4	0.367544	0.87634
ENSG00000010404	IDS	S2_mrna_detected_only	-0.0653892	29	0.736114	0.0686594
ENSG00000010438	PRSS3	S2_mrna_detected_only	0.209494	18	0.404102	0.325856
ENSG00000010610	CD4	S2_mrna_detected_only	0.648891	29	0.000140257	0.891101
ENSG00000010626	LRRC23	S2_mrna_detected_only	0.639084	22	0.00136555	0.882696
ENSG00000010704	HFE	S2_mrna_detected_only	0.278011	23	0.198987	0.428609
ENSG00000010803	SCMH1	S2_mrna_detected_only	0.109633	29	0.571304	0.208079
ENSG00000010810	FYN	S2_mrna_detected_only	0.564109	29	0.00143627	0.812093
ENSG00000010818	HIVEP2	S2_mrna_detected_only	0.377638	28	0.0475663	0.575489
ENSG00000010932	FMO1	S2_mrna_detected_only	0.578022	14	0.030383	0.824701
ENSG00000011007	TCEB3	S2_mrna_detected_only	0.548276	29	0.00207514	0.79565
ENSG00000011009	LYPLA2	S2_mrna_detected_only	0.110345	29	0.568792	0.208762
ENSG00000011021	CLCN6	S2_mrna_detected_only	0.237497	29	0.214774	0.369353
ENSG00000011028	MRC2	S2_mrna_detected_only	0.403215	26	0.0410995	0.613942
ENSG00000011052	NME1-NME2	S2_mrna_detected_only	0.296059	29	0.118904	0.453824
ENSG00000011083	SLC6A7	S2_mrna_detected_only	0.105409	4	0.894591	0.202458
ENSG00000011105	TSPAN9	S2_mrna_detected_only	0.747783	29	3.12502e-06	0.957239
ENSG00000011114	BTBD7	S2_mrna_detected_only	0.121206	29	0.531105	0.220372
ENSG00000011132	APBA3	S2_mrna_detected_only	0.0732714	18	0.772631	0.169048
ENSG00000011143	MKS1	S2_mrna_detected_only	0.457352	29	0.0126155	0.686751
ENSG00000011198	ABHD5	S2_mrna_detected_only	0.310421	29	0.101231	0.475678
ENSG00000011201	ANOS1	S2_mrna_detected_only	0.667519	13	0.0126701	0.907491
ENSG00000011243	AKAP8L	S2_mrna_detected_only	0.221675	29	0.247806	0.345924
ENSG00000011258	MBTD1	S2_mrna_detected_only	0.354271	28	0.0643621	0.541238
ENSG00000011260	UTP18	S2_mrna_detected_only	0.608374	29	0.000462768	0.854013
ENSG00000011275	RNF216	S2_mrna_detected_only	-0.0658447	29	0.734342	0.0684493
ENSG00000011295	TTC19	S2_mrna_detected_only	0.497044	29	0.00608708	0.738285
ENSG00000011304	PTBP1	S2_mrna_detected_only	0.438916	29	0.0172203	0.661326
ENSG00000011347	SYT7	S2_mrna_detected_only	0.710838	19	0.000646094	0.937119
ENSG00000011376	LARS2	S2_mrna_detected_only	0.207472	28	0.289432	0.32302
ENSG00000011405	PIK3C2A	S2_mrna_detected_only	0.341872	29	0.0694946	0.522379
ENSG00000011426	ANLN	S2_mrna_detected_only	0.406593	14	0.149102	0.6193
ENSG00000011451	WIZ	S2_mrna_detected_only	-0.138424	29	0.473928	0.0402921
ENSG00000011454	RABGAP1	S2_mrna_detected_only	0.578325	29	0.00101585	0.825121
ENSG00000011465	DCN	S2_mrna_detected_only	0.638424	29	0.000194049	0.881698
ENSG00000011478	QPCTL	S2_mrna_detected_only	0.097695	27	0.627833	0.194631
ENSG00000011485	PPP5C	S2_mrna_detected_only	0.0941003	29	0.627297	0.190429
ENSG00000011523	CEP68	S2_mrna_detected_only	0.226601	29	0.237182	0.354224
ENSG00000011566	MAP4K3	S2_mrna_detected_only	0.591626	29	0.000724103	0.838779
ENSG00000011600	TYROBP	S2_mrna_detected_only	0.418718	29	0.023778	0.635585
ENSG00000011638	TMEM159	S2_mrna_detected_only	0.168638	28	0.390985	0.275951
ENSG00000011677	GABRA3	S2_mrna_detected_only		3		
ENSG00000012061	ERCC1	S2_mrna_detected_only	0.582759	29	0.000908901	0.830532
ENSG00000012124	CD22	S2_mrna_detected_only	0.381002	18	0.118778	0.580006
ENSG00000012171	SEMA3B	S2_mrna_detected_only	0.313913	24	0.135224	0.480931
ENSG00000012174	MBTPS2	S2_mrna_detected_only	-0.0851998	29	0.660348	0.0599391
ENSG00000012211	PRICKLE3	S2_mrna_detected_only	-0.0369017	24	0.864076	0.0856798
ENSG00000012223	LTF	S2_mrna_detected_only	0.406015	20	0.0756894	0.61846
ENSG00000012232	EXTL3	S2_mrna_detected_only	0.43255	29	0.0191021	0.653131
ENSG00000012660	ELOVL5	S2_mrna_detected_only	0.717081	29	1.20387e-05	0.939956
ENSG00000012779	ALOX5	S2_mrna_detected_only	0.761368	26	6.2698e-06	0.96328
ENSG00000012822	CALCOCO1	S2_mrna_detected_only	0.424138	29	0.0218453	0.64294
ENSG00000012963	UBR7	S2_mrna_detected_only	0.187977	29	0.328815	0.298119
ENSG00000012983	MAP4K5	S2_mrna_detected_only	0.0876847	29	0.651054	0.184125
ENSG00000013016	EHD3	S2_mrna_detected_only	0.480342	26	0.013004	0.717115
ENSG00000013275	PSMC4	S2_mrna_detected_only	0.172414	29	0.37113	0.280469
ENSG00000013288	MAN2B2	S2_mrna_detected_only	0.26601	29	0.163084	0.40996
ENSG00000013293	SLC7A14	S2_mrna_detected_only		2		
ENSG00000013297	CLDN11	S2_mrna_detected_only	0.554426	13	0.0492612	0.803162
ENSG00000013364	MVP	S2_mrna_detected_only	0.704926	29	1.95926e-05	0.933337
ENSG00000013374	NUB1	S2_mrna_detected_only	0.347783	29	0.0645046	0.531729
ENSG00000013375	PGM3	S2_mrna_detected_only	0.651724	29	0.00012819	0.893202
ENSG00000013392	RWDD2A	S2_mrna_detected_only	0.608927	28	0.00058435	0.854959
ENSG00000013441	CLK1	S2_mrna_detected_only	0.116013	29	0.548974	0.214278
ENSG00000013503	POLR3B	S2_mrna_detected_only	0.0459833	28	0.816266	0.14273
ENSG00000013523	ANGEL1	S2_mrna_detected_only	0.045636	29	0.814155	0.142414
ENSG00000013561	RNF14	S2_mrna_detected_only	0.368966	29	0.0488769	0.564667
ENSG00000013563	DNASE1L1	S2_mrna_detected_only	0.504396	29	0.00526819	0.748004
ENSG00000013573	DDX11	S2_mrna_detected_only	-0.190942	20	0.420016	0.0246375
ENSG00000013583	HEBP1	S2_mrna_detected_only	0.467488	29	0.0105563	0.701776
ENSG00000014123	UFL1	S2_mrna_detected_only	-0.00443459	29	0.981785	0.104066
ENSG00000014138	POLA2	S2_mrna_detected_only	0.0807692	25	0.701128	0.17593
ENSG00000014164	ZC3H3	S2_mrna_detected_only	-0.201027	28	0.305006	0.0225362
ENSG00000014216	CAPN1	S2_mrna_detected_only	0.452217	29	0.0137805	0.680185
ENSG00000014257	ACPP	S2_mrna_detected_only	0.646229	17	0.00506601	0.88921
ENSG00000014641	MDH1	S2_mrna_detected_only	0.503448	29	0.00536814	0.74648
ENSG00000014824	SLC30A9	S2_mrna_detected_only	0.626601	29	0.000276097	0.871191
ENSG00000014914	MTMR11	S2_mrna_detected_only	0.583946	22	0.00432563	0.83132
ENSG00000014919	COX15	S2_mrna_detected_only	0.424929	29	0.0215743	0.644095
ENSG00000015133	CCDC88C	S2_mrna_detected_only	0.594783	24	0.00217314	0.842036
ENSG00000015153	YAF2	S2_mrna_detected_only	-0.142804	29	0.459908	0.0387161
ENSG00000015171	ZMYND11	S2_mrna_detected_only	0.260099	29	0.172993	0.400872
ENSG00000015413	DPEP1	S2_mrna_detected_only	0.633333	9	0.0670858	0.876865
ENSG00000015475	BID	S2_mrna_detected_only	0.771429	29	9.64764e-07	0.968113
ENSG00000015479	MATR3	S2_mrna_detected_only	0.327251	29	0.0831209	0.501103
ENSG00000015520	NPC1L1	S2_mrna_detected_only	0.8	4	0.2	0.979513
ENSG00000015532	XYLT2	S2_mrna_detected_only	-0.0763651	28	0.699328	0.0642467
ENSG00000015568	RGPD5	S2_mrna_detected_only	0.0862647	29	0.656358	0.182654
ENSG00000015592	STMN4	S2_mrna_detected_only		3		
ENSG00000015676	NUDCD3	S2_mrna_detected_only	0.316798	26	0.114832	0.48734
ENSG00000016490	CLCA1	S2_mrna_detected_only	0.9	9	0.000943062	0.997163
ENSG00000016602	CLCA4	S2_mrna_detected_only	0.561143	8	0.14786	0.808993
ENSG00000016864	GLT8D1	S2_mrna_detected_only	0.416749	29	0.0245141	0.633011
ENSG00000017260	ATP2C1	S2_mrna_detected_only	0.482759	29	0.00798995	0.72053
ENSG00000017797	RALBP1	S2_mrna_detected_only	0.120197	29	0.534556	0.218586
ENSG00000018189	RUFY3	S2_mrna_detected_only	0.511221	28	0.00543131	0.756934
ENSG00000018408	WWTR1	S2_mrna_detected_only	0.0379894	29	0.844884	0.136005
ENSG00000018510	AGPS	S2_mrna_detected_only	0.247075	29	0.196304	0.380752
ENSG00000018610	CXorf56	S2_mrna_detected_only	0.136963	29	0.478652	0.239283
ENSG00000018625	ATP1A2	S2_mrna_detected_only	0.0559006	22	0.804842	0.152711
ENSG00000018699	TTC27	S2_mrna_detected_only	0.117241	29	0.544723	0.215854
ENSG00000019102	VSIG2	S2_mrna_detected_only	0.565617	19	0.0116023	0.813459
ENSG00000019144	PHLDB1	S2_mrna_detected_only	0.554461	28	0.00220011	0.803267
ENSG00000019169	MARCO	S2_mrna_detected_only	0.59718	17	0.0113689	0.844348
ENSG00000019186	CYP24A1	S2_mrna_detected_only		3		
ENSG00000019485	PRDM11	S2_mrna_detected_only	0.257981	21	0.258868	0.39793
ENSG00000019549	SNAI2	S2_mrna_detected_only	0.169941	28	0.387281	0.277527
ENSG00000019582	CD74	S2_mrna_detected_only	0.804926	29	1.40786e-07	0.980563
ENSG00000019991	HGF	S2_mrna_detected_only	0.459649	19	0.0477077	0.690113
ENSG00000020181	ADGRA2	S2_mrna_detected_only	0.434066	27	0.0236844	0.65581
ENSG00000020256	ZFP64	S2_mrna_detected_only	-0.00615786	27	0.975682	0.103331
ENSG00000020426	MNAT1	S2_mrna_detected_only	-0.280296	29	0.140818	0.0108741
ENSG00000020577	SAMD4A	S2_mrna_detected_only	0.503359	27	0.00743983	0.746008
ENSG00000020922	MRE11A	S2_mrna_detected_only	0.142935	28	0.468085	0.244327
ENSG00000021300	PLEKHB1	S2_mrna_detected_only	0.315682	27	0.108706	0.484608
ENSG00000021355	SERPINB1	S2_mrna_detected_only	0.804926	29	1.40786e-07	0.980563
ENSG00000021574	SPAST	S2_mrna_detected_only	0.40104	28	0.0344252	0.609319
ENSG00000021645	NRXN3	S2_mrna_detected_only	0.260947	15	0.347533	0.402343
ENSG00000021762	OSBPL5	S2_mrna_detected_only	0.113636	23	0.605668	0.212492
ENSG00000021776	AQR	S2_mrna_detected_only	0.452717	28	0.015561	0.680763
ENSG00000021826	CPS1	S2_mrna_detected_only	0.663636	11	0.0259841	0.903499
ENSG00000021852	C8B	S2_mrna_detected_only		2		
ENSG00000022267	FHL1	S2_mrna_detected_only	0.644335	29	0.000161783	0.887371
ENSG00000022277	RTFDC1	S2_mrna_detected_only	0.0477833	29	0.805572	0.144516
ENSG00000022355	GABRA1	S2_mrna_detected_only		2		
ENSG00000023041	ZDHHC6	S2_mrna_detected_only	0.379545	28	0.0463659	0.578325
ENSG00000023191	RNH1	S2_mrna_detected_only	0.293596	29	0.122151	0.450357
ENSG00000023228	NDUFS1	S2_mrna_detected_only	0.663054	29	8.8622e-05	0.902973
ENSG00000023287	RB1CC1	S2_mrna_detected_only	0.443459	29	0.0159735	0.667525
ENSG00000023318	ERP44	S2_mrna_detected_only	0.47931	29	0.00851784	0.715276
ENSG00000023330	ALAS1	S2_mrna_detected_only	0.3599	29	0.0551505	0.550063
ENSG00000023516	AKAP11	S2_mrna_detected_only	0.516073	29	0.00416038	0.762923
ENSG00000023572	GLRX2	S2_mrna_detected_only	0.397408	29	0.0327793	0.60228
ENSG00000023608	SNAPC1	S2_mrna_detected_only	0.0141171	28	0.94316	0.11867
ENSG00000023697	DERA	S2_mrna_detected_only	0.0591133	29	0.760672	0.155968
ENSG00000023734	STRAP	S2_mrna_detected_only	0.0472906	29	0.807539	0.1442
ENSG00000023839	ABCC2	S2_mrna_detected_only	0.892857	7	0.00680719	0.996743
ENSG00000023892	DEF6	S2_mrna_detected_only	0.568986	26	0.00241844	0.816295
ENSG00000023902	PLEKHO1	S2_mrna_detected_only	0.133089	27	0.508111	0.235186
ENSG00000023909	GCLM	S2_mrna_detected_only	0.584645	28	0.00108595	0.831635
ENSG00000024048	UBR2	S2_mrna_detected_only	0.06454	29	0.739423	0.161746
ENSG00000024422	EHD2	S2_mrna_detected_only	0.506404	29	0.00506151	0.750263
ENSG00000024862	CCDC28A	S2_mrna_detected_only	0.149261	29	0.439651	0.252837
ENSG00000025293	PHF20	S2_mrna_detected_only	0.29388	29	0.121773	0.450883
ENSG00000025423	HSD17B6	S2_mrna_detected_only	0.360902	20	0.11798	0.552059
ENSG00000025770	NCAPH2	S2_mrna_detected_only	-0.020698	29	0.91513	0.0961862
ENSG00000025772	TOMM34	S2_mrna_detected_only	0.712403	29	1.45625e-05	0.93796
ENSG00000025796	SEC63	S2_mrna_detected_only	0.476355	29	0.00899342	0.710811
ENSG00000025800	KPNA6	S2_mrna_detected_only	0.481094	29	0.00824127	0.718061
ENSG00000026025	VIM	S2_mrna_detected_only	0.728079	29	7.58063e-06	0.946417
ENSG00000026103	FAS	S2_mrna_detected_only	0.699603	28	3.42776e-05	0.9305
ENSG00000026297	RNASET2	S2_mrna_detected_only	0.442857	29	0.0161343	0.666369
ENSG00000026508	CD44	S2_mrna_detected_only	0.697537	29	2.60411e-05	0.928451
ENSG00000026751	SLAMF7	S2_mrna_detected_only	0.520192	22	0.0130742	0.767231
ENSG00000026950	BTN3A1	S2_mrna_detected_only	0.343201	29	0.0683471	0.524638
ENSG00000027001	MIPEP	S2_mrna_detected_only	0.627586	29	0.000268248	0.872767
ENSG00000027075	PRKCH	S2_mrna_detected_only	0.635784	28	0.000277017	0.878809
ENSG00000027697	IFNGR1	S2_mrna_detected_only	0.101671	29	0.599727	0.198203
ENSG00000027847	B4GALT7	S2_mrna_detected_only	0.204926	29	0.286249	0.319657
ENSG00000028116	VRK2	S2_mrna_detected_only	0.447729	28	0.0168875	0.673934
ENSG00000028137	TNFRSF1B	S2_mrna_detected_only	0.409719	27	0.0338037	0.623188
ENSG00000028203	VEZT	S2_mrna_detected_only	0.0172499	29	0.92923	0.121612
ENSG00000028277	POU2F2	S2_mrna_detected_only	0.656746	15	0.00782039	0.89793
ENSG00000028310	BRD9	S2_mrna_detected_only	0.193103	29	0.315553	0.304003
ENSG00000028528	SNX1	S2_mrna_detected_only	0.037931	29	0.845119	0.135848
ENSG00000029363	BCLAF1	S2_mrna_detected_only	0.353695	29	0.0597979	0.540712
ENSG00000029534	ANK1	S2_mrna_detected_only	-0.6	6	0.208	0.000105064
ENSG00000029639	TFB1M	S2_mrna_detected_only	0.306442	29	0.105917	0.470477
ENSG00000029725	RABEP1	S2_mrna_detected_only	0.347291	29	0.0649095	0.530574
ENSG00000030066	NUP160	S2_mrna_detected_only	0.0256189	29	0.895052	0.126865
ENSG00000030110	BAK1	S2_mrna_detected_only	0.306897	29	0.105373	0.471212
ENSG00000030582	GRN	S2_mrna_detected_only	0.458621	29	0.0123407	0.68838
ENSG00000031081	ARHGAP31	S2_mrna_detected_only	0.570818	27	0.00187477	0.817871
ENSG00000031691	CENPQ	S2_mrna_detected_only	0.193543	28	0.323735	0.304528
ENSG00000031698	SARS	S2_mrna_detected_only	0.27734	29	0.145233	0.42698
ENSG00000031823	RANBP3	S2_mrna_detected_only	0.27734	29	0.145233	0.42698
ENSG00000032219	ARID4A	S2_mrna_detected_only	0.129096	29	0.504501	0.230878
ENSG00000032389	TSSC1	S2_mrna_detected_only	0.264072	29	0.166287	0.406808
ENSG00000032444	PNPLA6	S2_mrna_detected_only	0.0857143	29	0.658419	0.181813
ENSG00000033011	ALG1	S2_mrna_detected_only	0.407389	29	0.0282709	0.620246
ENSG00000033030	ZCCHC8	S2_mrna_detected_only	0.351767	29	0.0613018	0.538033
ENSG00000033050	ABCF2	S2_mrna_detected_only	0.272694	29	0.152374	0.420519
ENSG00000033100	CHPF2	S2_mrna_detected_only	-0.1795	29	0.351484	0.0276844
ENSG00000033122	LRRC7	S2_mrna_detected_only		2		
ENSG00000033170	FUT8	S2_mrna_detected_only	0.460865	28	0.0135801	0.691322
ENSG00000033178	UBA6	S2_mrna_detected_only	0.563295	28	0.0018017	0.811252
ENSG00000033327	GAB2	S2_mrna_detected_only	0.473632	29	0.00945103	0.707817
ENSG00000033627	ATP6V0A1	S2_mrna_detected_only	0.60936	29	0.000450389	0.855432
ENSG00000033800	PIAS1	S2_mrna_detected_only	0.0926337	29	0.632697	0.189063
ENSG00000034053	APBA2	S2_mrna_detected_only	0.185312	7	0.690778	0.29523
ENSG00000034152	MAP2K3	S2_mrna_detected_only	0.652217	29	0.000126188	0.89357
ENSG00000034239	EFCAB1	S2_mrna_detected_only	0.157622	7	0.735724	0.26287
ENSG00000034510	TMSB10	S2_mrna_detected_only	0.746798	29	3.27275e-06	0.956451
ENSG00000034693	PEX3	S2_mrna_detected_only	0.21133	29	0.271125	0.329113
ENSG00000034713	GABARAPL2	S2_mrna_detected_only	0.216749	29	0.25874	0.337991
ENSG00000034971	MYOC	S2_mrna_detected_only	0.620227	18	0.006032	0.865728
ENSG00000035115	SH3YL1	S2_mrna_detected_only	0.728192	29	7.54372e-06	0.946575
ENSG00000035141	FAM136A	S2_mrna_detected_only	0.260377	29	0.172517	0.401187
ENSG00000035403	VCL	S2_mrna_detected_only	0.757635	29	1.94594e-06	0.961547
ENSG00000035681	NSMAF	S2_mrna_detected_only	0.227861	29	0.234515	0.35601
ENSG00000035687	ADSS	S2_mrna_detected_only	0.40202	29	0.0306288	0.611053
ENSG00000035720	STAP1	S2_mrna_detected_only	0.809524	8	0.0149027	0.982139
ENSG00000035862	TIMP2	S2_mrna_detected_only	0.699507	29	2.41582e-05	0.930185
ENSG00000035928	RFC1	S2_mrna_detected_only	0.664367	29	8.48277e-05	0.904129
ENSG00000036054	TBC1D23	S2_mrna_detected_only	0.0906404	29	0.640065	0.187277
ENSG00000036257	CUL3	S2_mrna_detected_only	0.411823	29	0.0264369	0.62697
ENSG00000036448	MYOM2	S2_mrna_detected_only		3		
ENSG00000036473	OTC	S2_mrna_detected_only	0.928571	7	0.00251947	0.999159
ENSG00000036530	CYP46A1	S2_mrna_detected_only		1		
ENSG00000036549	ZZZ3	S2_mrna_detected_only	0.392099	29	0.0354035	0.594085
ENSG00000036565	SLC18A1	S2_mrna_detected_only		2		
ENSG00000036828	CASR	S2_mrna_detected_only	0.8	4	0.2	0.979513
ENSG00000037042	TUBG2	S2_mrna_detected_only	0.403469	29	0.0299772	0.614467
ENSG00000037241	RPL26L1	S2_mrna_detected_only	0.133514	29	0.489899	0.235659
ENSG00000037280	FLT4	S2_mrna_detected_only	0.318318	22	0.148806	0.490071
ENSG00000037474	NSUN2	S2_mrna_detected_only	0.32069	29	0.0898608	0.493013
ENSG00000037637	FBXO42	S2_mrna_detected_only	0.287685	29	0.130208	0.443423
ENSG00000037757	MRI1	S2_mrna_detected_only	0.24338	29	0.203295	0.375341
ENSG00000037897	METTL1	S2_mrna_detected_only	-0.151382	28	0.441913	0.0357218
ENSG00000037965	HOXC8	S2_mrna_detected_only	0.447214	5	0.450185	0.67262
ENSG00000038002	AGA	S2_mrna_detected_only	0.376297	29	0.044228	0.573177
ENSG00000038210	PI4K2B	S2_mrna_detected_only	0.506897	29	0.00501189	0.751208
ENSG00000038219	BOD1L1	S2_mrna_detected_only	0.259606	29	0.173837	0.399926
ENSG00000038274	MAT2B	S2_mrna_detected_only	-0.206404	29	0.282712	0.0215907
ENSG00000038358	EDC4	S2_mrna_detected_only	0.476167	29	0.00902436	0.710286
ENSG00000038382	TRIO	S2_mrna_detected_only	0.0502564	26	0.807379	0.146827
ENSG00000038532	CLEC16A	S2_mrna_detected_only	0.35445	27	0.0696721	0.541605
ENSG00000039068	CDH1	S2_mrna_detected_only	0.736154	25	2.73211e-05	0.951093
ENSG00000039123	SKIV2L2	S2_mrna_detected_only	0.0522167	29	0.787922	0.148928
ENSG00000039139	DNAH5	S2_mrna_detected_only		3		
ENSG00000039319	ZFYVE16	S2_mrna_detected_only	0.386426	28	0.0422323	0.586468
ENSG00000039523	FAM65A	S2_mrna_detected_only	0.254187	29	0.183319	0.393045
ENSG00000039537	C6	S2_mrna_detected_only	0.129299	13	0.67376	0.230983
ENSG00000039560	RAI14	S2_mrna_detected_only	0.558621	29	0.00163502	0.807102
ENSG00000039600	SOX30	S2_mrna_detected_only		1		
ENSG00000039650	PNKP	S2_mrna_detected_only	0.465517	29	0.0109329	0.698203
ENSG00000040199	PHLPP2	S2_mrna_detected_only	0.66674	24	0.000373776	0.906861
ENSG00000040341	STAU2	S2_mrna_detected_only	0.181773	29	0.345315	0.29066
ENSG00000040608	RTN4R	S2_mrna_detected_only	0.774597	4	0.225403	0.968901
ENSG00000040633	PHF23	S2_mrna_detected_only	0.258512	29	0.175723	0.398771
ENSG00000040731	CDH10	S2_mrna_detected_only		2		
ENSG00000040933	INPP4A	S2_mrna_detected_only	0.356869	28	0.062294	0.54502
ENSG00000041357	PSMA4	S2_mrna_detected_only	0.210345	29	0.273418	0.32759
ENSG00000041802	LSG1	S2_mrna_detected_only	0.26798	29	0.159873	0.413637
ENSG00000041982	TNC	S2_mrna_detected_only	0.651404	27	0.000232941	0.893097
ENSG00000042062	FAM65C	S2_mrna_detected_only	-0.168239	19	0.491148	0.0307312
ENSG00000042088	TDP1	S2_mrna_detected_only	0.226634	27	0.255634	0.354329
ENSG00000042286	AIFM2	S2_mrna_detected_only	0.657716	29	0.000105655	0.898561
ENSG00000042317	SPATA7	S2_mrna_detected_only	-0.117031	29	0.545449	0.0465959
ENSG00000042429	MED17	S2_mrna_detected_only	0.148878	28	0.449589	0.252469
ENSG00000042445	RETSAT	S2_mrna_detected_only	0.793103	29	2.88934e-07	0.977254
ENSG00000042493	CAPG	S2_mrna_detected_only	0.701697	28	3.17204e-05	0.931761
ENSG00000042753	AP2S1	S2_mrna_detected_only	-0.0921182	29	0.634599	0.0569973
ENSG00000042813	ZPBP	S2_mrna_detected_only		1		
ENSG00000042832	TG	S2_mrna_detected_only	0.535714	7	0.215217	0.783358
ENSG00000043039	BARX2	S2_mrna_detected_only	0.00193688	15	0.994534	0.108794
ENSG00000043093	DCUN1D1	S2_mrna_detected_only	0.236946	29	0.215872	0.36804
ENSG00000043143	JADE2	S2_mrna_detected_only	0.301909	28	0.118429	0.46286
ENSG00000043462	LCP2	S2_mrna_detected_only	0.780788	29	5.82763e-07	0.972158
ENSG00000043514	TRIT1	S2_mrna_detected_only	0.317229	29	0.0935784	0.487865
ENSG00000044012	GUCA2B	S2_mrna_detected_only	0.695725	6	0.124789	0.92698
ENSG00000044090	CUL7	S2_mrna_detected_only	0.396601	29	0.0331678	0.601177
ENSG00000044115	CTNNA1	S2_mrna_detected_only	0.52069	29	0.00378104	0.768124
ENSG00000044446	PHKA2	S2_mrna_detected_only	0.269738	29	0.157047	0.415949
ENSG00000044459	CNTLN	S2_mrna_detected_only	-0.294272	21	0.195373	0.00898298
ENSG00000044524	EPHA3	S2_mrna_detected_only	0.235761	23	0.27882	0.366201
ENSG00000044574	HSPA5	S2_mrna_detected_only	0.258128	29	0.176388	0.398403
ENSG00000046604	DSG2	S2_mrna_detected_only	0.736752	26	1.77041e-05	0.951618
ENSG00000046647	GEMIN8	S2_mrna_detected_only	0.290542	29	0.126267	0.4471
ENSG00000046651	OFD1	S2_mrna_detected_only	0.00344828	29	0.985836	0.11016
ENSG00000046653	GPM6B	S2_mrna_detected_only	0.437518	26	0.0254024	0.65954
ENSG00000046774	MAGEC2	S2_mrna_detected_only		1		
ENSG00000046889	PREX2	S2_mrna_detected_only	0.0677212	23	0.758828	0.164478
ENSG00000047056	WDR37	S2_mrna_detected_only	0.391133	29	0.0358987	0.593087
ENSG00000047188	YTHDC2	S2_mrna_detected_only	0.286207	29	0.132282	0.441217
ENSG00000047230	CTPS2	S2_mrna_detected_only	0.501478	29	0.00558122	0.743433
ENSG00000047249	ATP6V1H	S2_mrna_detected_only	0.15665	29	0.417074	0.261925
ENSG00000047315	POLR2B	S2_mrna_detected_only	0.40197	29	0.0306513	0.610843
ENSG00000047365	ARAP2	S2_mrna_detected_only	0.326618	27	0.0963504	0.500368
ENSG00000047410	TPR	S2_mrna_detected_only	0.506404	29	0.00506151	0.750263
ENSG00000047457	CP	S2_mrna_detected_only	-0.306087	24	0.145767	0.00740702
ENSG00000047579	DTNBP1	S2_mrna_detected_only	0.21133	29	0.271125	0.329113
ENSG00000047621	C12orf4	S2_mrna_detected_only	0.0684182	28	0.729392	0.165213
ENSG00000047644	WWC3	S2_mrna_detected_only	-0.0591133	28	0.765094	0.0714961
ENSG00000047662	FAM184B	S2_mrna_detected_only		1		
ENSG00000047849	MAP4	S2_mrna_detected_only	0.628079	29	0.000264398	0.873398
ENSG00000047932	GOPC	S2_mrna_detected_only	0.249076	29	0.192587	0.383957
ENSG00000048052	HDAC9	S2_mrna_detected_only	0.0986613	25	0.638928	0.195367
ENSG00000048162	NOP16	S2_mrna_detected_only	0.299791	29	0.114108	0.458972
ENSG00000048392	RRM2B	S2_mrna_detected_only	0.316749	29	0.094104	0.486972
ENSG00000048405	ZNF800	S2_mrna_detected_only	0.0923759	29	0.633648	0.188748
ENSG00000048471	SNX29	S2_mrna_detected_only	0.531472	28	0.00360965	0.778788
ENSG00000048544	MRPS10	S2_mrna_detected_only	0.433005	29	0.0189622	0.654234
ENSG00000048649	RSF1	S2_mrna_detected_only	0.488232	28	0.00839157	0.727779
ENSG00000048707	VPS13D	S2_mrna_detected_only	0.159321	28	0.418053	0.265444
ENSG00000048740	CELF2	S2_mrna_detected_only	0.698413	27	5.09485e-05	0.929029
ENSG00000048828	FAM120A	S2_mrna_detected_only	0.496552	29	0.00614562	0.73776
ENSG00000048991	R3HDM1	S2_mrna_detected_only	0.269738	29	0.157047	0.415949
ENSG00000049089	COL9A2	S2_mrna_detected_only	0.0359994	21	0.876886	0.134955
ENSG00000049167	ERCC8	S2_mrna_detected_only	0.0513932	28	0.79508	0.148403
ENSG00000049239	H6PD	S2_mrna_detected_only	0.603941	29	0.000522253	0.850074
ENSG00000049245	VAMP3	S2_mrna_detected_only	-0.187192	29	0.330877	0.0255831
ENSG00000049246	PER3	S2_mrna_detected_only	0.439645	29	0.0170151	0.662587
ENSG00000049323	LTBP1	S2_mrna_detected_only	0.65572	28	0.000151903	0.896459
ENSG00000049449	RCN1	S2_mrna_detected_only	0.749754	29	2.84745e-06	0.958027
ENSG00000049540	ELN	S2_mrna_detected_only	0.299145	26	0.137658	0.458132
ENSG00000049541	RFC2	S2_mrna_detected_only	0.4	29	0.0315561	0.607113
ENSG00000049618	ARID1B	S2_mrna_detected_only	0.410837	29	0.0268359	0.625447
ENSG00000049656	CLPTM1L	S2_mrna_detected_only	0.518227	29	0.00397958	0.765812
ENSG00000049759	NEDD4L	S2_mrna_detected_only	0.548768	29	0.00205207	0.796386
ENSG00000049768	FOXP3	S2_mrna_detected_only	0.5161	6	0.294584	0.76308
ENSG00000049860	HEXB	S2_mrna_detected_only	0.52069	29	0.00378104	0.768124
ENSG00000050327	ARHGEF5	S2_mrna_detected_only	0.42739	25	0.0330899	0.647352
ENSG00000050393	MCUR1	S2_mrna_detected_only	0.491626	29	0.00675774	0.732244
ENSG00000050405	LIMA1	S2_mrna_detected_only	0.739007	29	4.682e-06	0.952984
ENSG00000050426	LETMD1	S2_mrna_detected_only	0.0384331	29	0.843094	0.136321
ENSG00000050438	SLC4A8	S2_mrna_detected_only	0.5	5	0.391002	0.741437
ENSG00000050730	TNIP3	S2_mrna_detected_only		2		
ENSG00000050748	MAPK9	S2_mrna_detected_only	0.17931	29	0.352001	0.287771
ENSG00000050820	BCAR1	S2_mrna_detected_only	0.662379	28	0.000123076	0.902553
ENSG00000051009	FAM160A2	S2_mrna_detected_only	0.106404	29	0.582757	0.203457
ENSG00000051108	HERPUD1	S2_mrna_detected_only	0.228571	29	0.233019	0.356955
ENSG00000051382	PIK3CB	S2_mrna_detected_only	0.584729	29	0.000864616	0.831792
ENSG00000051523	CYBA	S2_mrna_detected_only	0.504563	29	0.00525073	0.748529
ENSG00000051596	THOC3	S2_mrna_detected_only	0.307882	29	0.104203	0.472263
ENSG00000051620	HEBP2	S2_mrna_detected_only	0.668555	29	7.36673e-05	0.908437
ENSG00000052126	PLEKHA5	S2_mrna_detected_only	0.363054	29	0.0528998	0.555369
ENSG00000052344	PRSS8	S2_mrna_detected_only	0.312705	21	0.16754	0.47925
ENSG00000052723	SIKE1	S2_mrna_detected_only	0.369303	29	0.0486549	0.565087
ENSG00000052749	RRP12	S2_mrna_detected_only	0.220641	28	0.259208	0.343717
ENSG00000052795	FNIP2	S2_mrna_detected_only	0.26008	29	0.173024	0.400662
ENSG00000052802	MSMO1	S2_mrna_detected_only	0.556925	29	0.00170108	0.805999
ENSG00000052841	TTC17	S2_mrna_detected_only	0.215271	29	0.26208	0.336205
ENSG00000053108	FSTL4	S2_mrna_detected_only		2		
ENSG00000053254	FOXN3	S2_mrna_detected_only	0.0965517	29	0.618313	0.193213
ENSG00000053371	AKR7A2	S2_mrna_detected_only	0.0581424	29	0.764492	0.154917
ENSG00000053372	MRTO4	S2_mrna_detected_only	0.297081	29	0.117576	0.454875
ENSG00000053501	USE1	S2_mrna_detected_only	0.105924	29	0.584467	0.202931
ENSG00000053524	MCF2L2	S2_mrna_detected_only		3		
ENSG00000053702	NRIP2	S2_mrna_detected_only	0.555556	27	0.00262633	0.804476
ENSG00000053770	AP5M1	S2_mrna_detected_only	0.283251	29	0.136502	0.436121
ENSG00000053900	ANAPC4	S2_mrna_detected_only	0.362562	29	0.0532465	0.554843
ENSG00000054116	TRAPPC3	S2_mrna_detected_only	0.216749	29	0.25874	0.337991
ENSG00000054118	THRAP3	S2_mrna_detected_only	0.596059	29	0.000644714	0.843244
ENSG00000054148	PHPT1	S2_mrna_detected_only	0.233005	29	0.223831	0.362944
ENSG00000054219	LY75	S2_mrna_detected_only	0.814219	22	4.00513e-06	0.983873
ENSG00000054267	ARID4B	S2_mrna_detected_only	0.287192	29	0.130897	0.442635
ENSG00000054282	SDCCAG8	S2_mrna_detected_only	-0.102514	29	0.59669	0.0525846
ENSG00000054356	PTPRN	S2_mrna_detected_only	0.3	5	0.623838	0.45934
ENSG00000054392	HHAT	S2_mrna_detected_only	-0.121703	19	0.619663	0.0455453
ENSG00000054523	KIF1B	S2_mrna_detected_only	-0.0172414	29	0.929265	0.0976571
ENSG00000054598	FOXC1	S2_mrna_detected_only	0.645901	21	0.00156226	0.889
ENSG00000054611	TBC1D22A	S2_mrna_detected_only	0.637931	29	0.000196979	0.881067
ENSG00000054654	SYNE2	S2_mrna_detected_only	0.448577	29	0.0146593	0.674932
ENSG00000054793	ATP9A	S2_mrna_detected_only	0.480788	29	0.00828811	0.717903
ENSG00000054938	CHRDL2	S2_mrna_detected_only	0.688669	14	0.00645731	0.92199
ENSG00000054965	FAM168A	S2_mrna_detected_only	0.245446	29	0.199365	0.378598
ENSG00000054983	GALC	S2_mrna_detected_only	0.582266	29	0.000920277	0.830006
ENSG00000055044	NOP58	S2_mrna_detected_only	0.333498	29	0.0770692	0.509981
ENSG00000055070	SZRD1	S2_mrna_detected_only	-0.121182	29	0.531187	0.0456503
ENSG00000055130	CUL1	S2_mrna_detected_only	-0.22069	29	0.249968	0.0189641
ENSG00000055147	FAM114A2	S2_mrna_detected_only	0.434164	28	0.0209736	0.655968
ENSG00000055208	TAB2	S2_mrna_detected_only	0.655992	29	0.000111747	0.896669
ENSG00000055332	EIF2AK2	S2_mrna_detected_only	0.275157	29	0.148558	0.423356
ENSG00000055483	USP36	S2_mrna_detected_only	0.0172414	29	0.929265	0.121507
ENSG00000055609	KMT2C	S2_mrna_detected_only	0.311304	24	0.138676	0.477043
ENSG00000055917	PUM2	S2_mrna_detected_only	0.504433	29	0.00526422	0.748214
ENSG00000055950	MRPL43	S2_mrna_detected_only	0.0125889	28	0.949305	0.117199
ENSG00000055955	ITIH4	S2_mrna_detected_only	-0.404762	8	0.319889	0.00210128
ENSG00000055957	ITIH1	S2_mrna_detected_only		1		
ENSG00000056050	C4orf27	S2_mrna_detected_only	0.416749	29	0.0245141	0.633011
ENSG00000056097	ZFR	S2_mrna_detected_only	0.27734	29	0.145233	0.42698
ENSG00000056586	RC3H2	S2_mrna_detected_only	-0.370002	28	0.0526214	0.00351965
ENSG00000056972	TRAF3IP2	S2_mrna_detected_only	0.679005	28	7.1107e-05	0.915686
ENSG00000056998	GYG2	S2_mrna_detected_only	0.566856	18	0.0141658	0.814719
ENSG00000057019	DCBLD2	S2_mrna_detected_only	0.374087	29	0.0455908	0.571286
ENSG00000057149	SERPINB3	S2_mrna_detected_only		3		
ENSG00000057252	SOAT1	S2_mrna_detected_only	0.632083	28	0.000308289	0.876287
ENSG00000057593	F7	S2_mrna_detected_only		2		
ENSG00000057608	GDI2	S2_mrna_detected_only	0.0743842	29	0.701361	0.170361
ENSG00000057657	PRDM1	S2_mrna_detected_only	0.451682	22	0.0348382	0.678767
ENSG00000057663	ATG5	S2_mrna_detected_only	0.262562	29	0.168814	0.404549
ENSG00000057704	TMCC3	S2_mrna_detected_only	0.505385	25	0.00996526	0.749265
ENSG00000057757	PITHD1	S2_mrna_detected_only	0.138933	29	0.472285	0.241017
ENSG00000057935	MTA3	S2_mrna_detected_only	0.305911	29	0.106554	0.469111
ENSG00000058063	ATP11B	S2_mrna_detected_only	0.0487685	29	0.801641	0.145514
ENSG00000058091	CDK14	S2_mrna_detected_only	0.204041	29	0.288379	0.318292
ENSG00000058262	SEC61A1	S2_mrna_detected_only	0.579803	29	0.000979042	0.826329
ENSG00000058272	PPP1R12A	S2_mrna_detected_only	0.628571	29	0.000260597	0.873818
ENSG00000058335	RASGRF1	S2_mrna_detected_only		2		
ENSG00000058404	CAMK2B	S2_mrna_detected_only	0.392857	7	0.383317	0.594768
ENSG00000058600	POLR3E	S2_mrna_detected_only	0.179803	29	0.350658	0.288506
ENSG00000058668	ATP2B4	S2_mrna_detected_only	0.764532	29	1.37823e-06	0.964856
ENSG00000058673	ZC3H11A	S2_mrna_detected_only	0.416749	29	0.0245141	0.633011
ENSG00000058729	RIOK2	S2_mrna_detected_only	0.0123153	29	0.949444	0.116884
ENSG00000058799	YIPF1	S2_mrna_detected_only	0.326293	29	0.0840795	0.499632
ENSG00000058804	NDC1	S2_mrna_detected_only	0.261631	28	0.178668	0.403499
ENSG00000059122	FLYWCH1	S2_mrna_detected_only	0.116915	22	0.604352	0.215434
ENSG00000059145	UNKL	S2_mrna_detected_only	-0.139398	20	0.557782	0.0400819
ENSG00000059377	TBXAS1	S2_mrna_detected_only	0.849206	27	2.14138e-08	0.991122
ENSG00000059378	PARP12	S2_mrna_detected_only	0.275664	28	0.15565	0.424301
ENSG00000059573	ALDH18A1	S2_mrna_detected_only	0.72266	29	9.54658e-06	0.943318
ENSG00000059588	TARBP1	S2_mrna_detected_only	-0.000246336	29	0.998988	0.107481
ENSG00000059691	GATB	S2_mrna_detected_only	0.220033	28	0.260556	0.342456
ENSG00000059758	CDK17	S2_mrna_detected_only	0.446305	29	0.0152311	0.671254
ENSG00000060069	CTDP1	S2_mrna_detected_only	0.195845	25	0.348132	0.30705
ENSG00000060138	YBX3	S2_mrna_detected_only	0.445813	29	0.0153575	0.670624
ENSG00000060140	STYK1	S2_mrna_detected_only	0.60678	11	0.0477661	0.851807
ENSG00000060237	WNK1	S2_mrna_detected_only	0.417734	29	0.0241436	0.634535
ENSG00000060339	CCAR1	S2_mrna_detected_only	0.342899	29	0.0686065	0.524217
ENSG00000060491	OGFR	S2_mrna_detected_only	0.377833	29	0.0433007	0.575751
ENSG00000060566	CREB3L3	S2_mrna_detected_only	0.9	5	0.0373861	0.997163
ENSG00000060642	PIGV	S2_mrna_detected_only	0.395813	29	0.0335504	0.599233
ENSG00000060656	PTPRU	S2_mrna_detected_only	0.200455	21	0.383622	0.313774
ENSG00000060688	SNRNP40	S2_mrna_detected_only	0.277833	29	0.144491	0.428084
ENSG00000060718	COL11A1	S2_mrna_detected_only		3		
ENSG00000060749	QSER1	S2_mrna_detected_only	0.132289	29	0.493927	0.234135
ENSG00000060762	MPC1	S2_mrna_detected_only	0.466092	29	0.010822	0.699254
ENSG00000060971	ACAA1	S2_mrna_detected_only	0.696059	29	2.75383e-05	0.927191
ENSG00000061273	HDAC7	S2_mrna_detected_only	0.0571429	29	0.768431	0.154234
ENSG00000061676	NCKAP1	S2_mrna_detected_only	0.450246	29	0.0142507	0.677348
ENSG00000061794	MRPS35	S2_mrna_detected_only	0.628571	29	0.000260597	0.873818
ENSG00000061918	GUCY1B3	S2_mrna_detected_only	0.543937	28	0.00277177	0.79171
ENSG00000061936	SFSWAP	S2_mrna_detected_only	0.346798	29	0.0653163	0.530048
ENSG00000061987	MON2	S2_mrna_detected_only	-0.316409	28	0.100922	0.00646144
ENSG00000062096	ARSF	S2_mrna_detected_only		3		
ENSG00000062194	GPBP1	S2_mrna_detected_only	0.443568	29	0.0159445	0.66763
ENSG00000062282	DGAT2	S2_mrna_detected_only	0.05547	26	0.787823	0.152395
ENSG00000062485	CS	S2_mrna_detected_only	0.523645	29	0.00355404	0.771223
ENSG00000062582	MRPS24	S2_mrna_detected_only	0.638749	29	0.000192137	0.882276
ENSG00000062598	ELMO2	S2_mrna_detected_only	0.607389	29	0.000475446	0.852805
ENSG00000062650	WAPL	S2_mrna_detected_only	0.397586	29	0.032694	0.602858
ENSG00000062716	VMP1	S2_mrna_detected_only	0.554187	29	0.00181258	0.8029
ENSG00000062725	APPBP2	S2_mrna_detected_only	0.182738	29	0.342719	0.291816
ENSG00000062822	POLD1	S2_mrna_detected_only	0.374783	24	0.0711592	0.571916
ENSG00000063015	SEZ6	S2_mrna_detected_only		1		
ENSG00000063046	EIF4B	S2_mrna_detected_only	0.0389163	29	0.841146	0.136636
ENSG00000063169	GLTSCR1	S2_mrna_detected_only	0.276581	26	0.171378	0.425352
ENSG00000063177	RPL18	S2_mrna_detected_only	0.102463	29	0.596872	0.198834
ENSG00000063241	ISOC2	S2_mrna_detected_only	0.403005	29	0.0301846	0.613469
ENSG00000063244	U2AF2	S2_mrna_detected_only	0.476355	29	0.00899342	0.710811
ENSG00000063245	EPN1	S2_mrna_detected_only	0.372906	29	0.0463323	0.569447
ENSG00000063322	MED29	S2_mrna_detected_only	0.109619	29	0.571351	0.207922
ENSG00000063587	ZNF275	S2_mrna_detected_only	-0.0938182	29	0.628334	0.0561568
ENSG00000063601	MTMR1	S2_mrna_detected_only	0.45375	29	0.0134236	0.682234
ENSG00000063761	ADCK1	S2_mrna_detected_only	0.377446	28	0.0476883	0.575278
ENSG00000063854	HAGH	S2_mrna_detected_only	0.44335	29	0.0160026	0.667262
ENSG00000063978	RNF4	S2_mrna_detected_only	-0.0973882	29	0.61526	0.0545808
ENSG00000064012	CASP8	S2_mrna_detected_only	0.514652	27	0.00602023	0.761242
ENSG00000064042	LIMCH1	S2_mrna_detected_only	0.824978	29	3.69596e-08	0.986079
ENSG00000064102	ASUN	S2_mrna_detected_only	0.1244	29	0.520257	0.224995
ENSG00000064115	TM7SF3	S2_mrna_detected_only	0.455243	29	0.0130835	0.683915
ENSG00000064199	SPA17	S2_mrna_detected_only	0.1916	26	0.348424	0.302637
ENSG00000064218	DMRT3	S2_mrna_detected_only	0.774597	4	0.225403	0.968901
ENSG00000064270	ATP2C2	S2_mrna_detected_only	0.75155	14	0.00193982	0.958657
ENSG00000064313	TAF2	S2_mrna_detected_only	0.19362	29	0.314235	0.304686
ENSG00000064419	TNPO3	S2_mrna_detected_only	0.310837	29	0.10075	0.476203
ENSG00000064489	BORCS8-MEF2B	S2_mrna_detected_only	0.225398	21	0.325916	0.352543
ENSG00000064490	RFXANK	S2_mrna_detected_only	-0.0857565	29	0.658261	0.0596239
ENSG00000064545	TMEM161A	S2_mrna_detected_only	-0.142857	27	0.477183	0.0386111
ENSG00000064547	LPAR2	S2_mrna_detected_only	-0.0360759	27	0.858218	0.085995
ENSG00000064601	CTSA	S2_mrna_detected_only	0.574384	29	0.00111996	0.821286
ENSG00000064607	SUGP2	S2_mrna_detected_only	0.337726	29	0.0731687	0.516653
ENSG00000064651	SLC12A2	S2_mrna_detected_only	0.783744	29	4.94485e-07	0.973734
ENSG00000064652	SNX24	S2_mrna_detected_only	0.350289	29	0.0624751	0.535564
ENSG00000064666	CNN2	S2_mrna_detected_only	0.853202	29	4.10608e-09	0.991752
ENSG00000064703	DDX20	S2_mrna_detected_only	0.4456	28	0.0174812	0.670151
ENSG00000064726	BTBD1	S2_mrna_detected_only	0.447379	29	0.0149586	0.673303
ENSG00000064886	CHI3L2	S2_mrna_detected_only	0.717182	15	0.00261682	0.940061
ENSG00000064932	SBNO2	S2_mrna_detected_only	-0.269579	27	0.173887	0.01224
ENSG00000064961	HMG20B	S2_mrna_detected_only	0.399142	29	0.0319567	0.605957
ENSG00000064989	CALCRL	S2_mrna_detected_only	0.736727	28	7.80739e-06	0.951513
ENSG00000064995	TAF11	S2_mrna_detected_only	0.0866	29	0.655104	0.182864
ENSG00000064999	ANKS1A	S2_mrna_detected_only	0.691626	29	3.25034e-05	0.923671
ENSG00000065000	AP3D1	S2_mrna_detected_only	0.554994	29	0.00177906	0.803793
ENSG00000065029	ZNF76	S2_mrna_detected_only	0.182856	29	0.342401	0.292236
ENSG00000065054	SLC9A3R2	S2_mrna_detected_only	0.447291	29	0.0149809	0.672988
ENSG00000065057	NTHL1	S2_mrna_detected_only	0.233526	29	0.222767	0.3641
ENSG00000065060	UHRF1BP1	S2_mrna_detected_only	0.257635	29	0.177244	0.397195
ENSG00000065135	GNAI3	S2_mrna_detected_only	0.265303	27	0.18108	0.408647
ENSG00000065150	IPO5	S2_mrna_detected_only	0.123414	29	0.523593	0.223576
ENSG00000065154	OAT	S2_mrna_detected_only	0.717734	29	1.17194e-05	0.940534
ENSG00000065183	WDR3	S2_mrna_detected_only	-0.0060208	28	0.975743	0.103436
ENSG00000065243	PKN2	S2_mrna_detected_only	0.646305	29	0.000152138	0.889368
ENSG00000065268	WDR18	S2_mrna_detected_only	0.335961	29	0.0747784	0.513291
ENSG00000065308	TRAM2	S2_mrna_detected_only	0.298493	29	0.115759	0.457081
ENSG00000065357	DGKA	S2_mrna_detected_only	0.615726	26	0.000812509	0.861158
ENSG00000065361	ERBB3	S2_mrna_detected_only	0.722511	23	9.87784e-05	0.943213
ENSG00000065427	KARS	S2_mrna_detected_only	0.0226601	29	0.907117	0.125394
ENSG00000065457	ADAT1	S2_mrna_detected_only	0.237054	29	0.215656	0.368407
ENSG00000065485	PDIA5	S2_mrna_detected_only	0.668309	28	0.000101597	0.908121
ENSG00000065491	TBC1D22B	S2_mrna_detected_only	0.498151	29	0.00595733	0.739704
ENSG00000065518	NDUFB4	S2_mrna_detected_only	0.351724	29	0.061336	0.537771
ENSG00000065526	SPEN	S2_mrna_detected_only	0.140394	29	0.467594	0.242278
ENSG00000065534	MYLK	S2_mrna_detected_only	0.738424	29	4.80689e-06	0.952564
ENSG00000065548	ZC3H15	S2_mrna_detected_only	0.0334975	29	0.863042	0.133379
ENSG00000065559	MAP2K4	S2_mrna_detected_only	0.245843	29	0.198615	0.379439
ENSG00000065609	SNAP91	S2_mrna_detected_only	0.771429	6	0.0723965	0.968166
ENSG00000065613	SLK	S2_mrna_detected_only	0.404926	29	0.0293335	0.616516
ENSG00000065615	CYB5R4	S2_mrna_detected_only	0.383393	29	0.0400709	0.582843
ENSG00000065675	PRKCQ	S2_mrna_detected_only	0.664286	15	0.00691068	0.904024
ENSG00000065802	ASB1	S2_mrna_detected_only	0.481483	28	0.00948294	0.718586
ENSG00000065809	FAM107B	S2_mrna_detected_only	0.443842	29	0.0158718	0.668103
ENSG00000065833	ME1	S2_mrna_detected_only	0.697318	28	3.7277e-05	0.928294
ENSG00000065882	TBC1D1	S2_mrna_detected_only	0.459606	29	0.0121308	0.689956
ENSG00000065883	CDK13	S2_mrna_detected_only	0.136946	29	0.478706	0.239073
ENSG00000065911	MTHFD2	S2_mrna_detected_only	0.383545	29	0.0399854	0.583053
ENSG00000065923	SLC9A7	S2_mrna_detected_only	0.326471	16	0.217159	0.499947
ENSG00000065970	FOXJ2	S2_mrna_detected_only	-0.0234296	29	0.903977	0.0944001
ENSG00000065978	YBX1	S2_mrna_detected_only	0.453695	29	0.0134364	0.681918
ENSG00000065989	PDE4A	S2_mrna_detected_only	0.0312315	26	0.879617	0.130752
ENSG00000066027	PPP2R5A	S2_mrna_detected_only	0.43202	29	0.0192662	0.65229
ENSG00000066032	CTNNA2	S2_mrna_detected_only	1	5	1.40427e-24	1
ENSG00000066044	ELAVL1	S2_mrna_detected_only	0.306897	29	0.105373	0.471212
ENSG00000066084	DIP2B	S2_mrna_detected_only	0.180564	29	0.348588	0.289084
ENSG00000066117	SMARCD1	S2_mrna_detected_only	0.139901	29	0.469174	0.241752
ENSG00000066135	KDM4A	S2_mrna_detected_only	0.265845	29	0.163355	0.409802
ENSG00000066136	NFYC	S2_mrna_detected_only	-0.0502463	29	0.795754	0.0757512
ENSG00000066230	SLC9A3	S2_mrna_detected_only	0.887542	10	0.000609666	0.99606
ENSG00000066322	ELOVL1	S2_mrna_detected_only	0.224416	29	0.241855	0.350546
ENSG00000066379	ZNRD1	S2_mrna_detected_only	0.223297	29	0.244273	0.349181
ENSG00000066405	CLDN18	S2_mrna_detected_only	1	4	0	1
ENSG00000066422	ZBTB11	S2_mrna_detected_only	0.0349754	29	0.85706	0.13443
ENSG00000066427	ATXN3	S2_mrna_detected_only	0.411934	28	0.029397	0.627285
ENSG00000066455	GOLGA5	S2_mrna_detected_only	0.58867	29	0.000781664	0.8361
ENSG00000066468	FGFR2	S2_mrna_detected_only	0.335072	25	0.101564	0.512555
ENSG00000066557	LRRC40	S2_mrna_detected_only	0.397586	29	0.032694	0.602858
ENSG00000066583	ISOC1	S2_mrna_detected_only	0.790148	29	3.43359e-07	0.975993
ENSG00000066629	EML1	S2_mrna_detected_only	0.477833	28	0.0101213	0.713228
ENSG00000066651	TRMT11	S2_mrna_detected_only	0.143367	29	0.458122	0.244747
ENSG00000066654	THUMPD1	S2_mrna_detected_only	0.699015	29	2.46171e-05	0.929607
ENSG00000066739	ATG2B	S2_mrna_detected_only	0.1867	29	0.332174	0.296806
ENSG00000066777	ARFGEF1	S2_mrna_detected_only	0.45665	29	0.0127697	0.685648
ENSG00000066813	ACSM2B	S2_mrna_detected_only		2		
ENSG00000066855	MTFR1	S2_mrna_detected_only	0.00914855	29	0.962433	0.114572
ENSG00000066923	STAG3	S2_mrna_detected_only	-0.019618	18	0.938414	0.0968166
ENSG00000066926	FECH	S2_mrna_detected_only	0.516147	28	0.00492862	0.763133
ENSG00000066933	MYO9A	S2_mrna_detected_only	0.211823	28	0.27921	0.330952
ENSG00000067057	PFKP	S2_mrna_detected_only	0.566502	28	0.00167337	0.814614
ENSG00000067064	IDI1	S2_mrna_detected_only	0.425123	29	0.0215082	0.644516
ENSG00000067066	SP100	S2_mrna_detected_only	0.564039	29	0.00143865	0.811935
ENSG00000067113	PLPP1	S2_mrna_detected_only	0.478384	29	0.00866455	0.714226
ENSG00000067141	NEO1	S2_mrna_detected_only	0.430761	28	0.0221166	0.65103
ENSG00000067167	TRAM1	S2_mrna_detected_only	0.635468	29	0.000212222	0.878493
ENSG00000067177	PHKA1	S2_mrna_detected_only	0.579898	22	0.004671	0.826697
ENSG00000067182	TNFRSF1A	S2_mrna_detected_only	0.613363	29	0.000403031	0.858951
ENSG00000067208	EVI5	S2_mrna_detected_only	0.535851	28	0.00329352	0.783568
ENSG00000067221	STOML1	S2_mrna_detected_only	0.311657	25	0.129375	0.477674
ENSG00000067225	PKM	S2_mrna_detected_only	0.670443	29	6.90789e-05	0.90996
ENSG00000067248	DHX29	S2_mrna_detected_only	0.156158	29	0.418558	0.260927
ENSG00000067334	DNTTIP2	S2_mrna_detected_only	0.276847	29	0.145979	0.425877
ENSG00000067369	TP53BP1	S2_mrna_detected_only	0.761294	27	4.00166e-06	0.963175
ENSG00000067533	RRP15	S2_mrna_detected_only	0.103736	28	0.599365	0.200515
ENSG00000067560	RHOA	S2_mrna_detected_only	-0.0162562	29	0.933298	0.0982875
ENSG00000067596	DHX8	S2_mrna_detected_only	-0.0428571	29	0.825293	0.0815823
ENSG00000067606	PRKCZ	S2_mrna_detected_only	0.385412	29	0.0389471	0.585575
ENSG00000067704	IARS2	S2_mrna_detected_only	0.247783	29	0.194982	0.381855
ENSG00000067715	SYT1	S2_mrna_detected_only	0.150134	15	0.593296	0.253782
ENSG00000067829	IDH3G	S2_mrna_detected_only	0.00591133	29	0.975721	0.112314
ENSG00000067836	ROGDI	S2_mrna_detected_only	0.285714	29	0.132978	0.440061
ENSG00000067840	PDZD4	S2_mrna_detected_only	0.402247	14	0.153919	0.61142
ENSG00000067842	ATP2B3	S2_mrna_detected_only		3		
ENSG00000067900	ROCK1	S2_mrna_detected_only	0.290148	29	0.126805	0.446365
ENSG00000067955	CBFB	S2_mrna_detected_only	0.730542	29	6.81409e-06	0.947993
ENSG00000067992	PDK3	S2_mrna_detected_only	0.617734	29	0.000356375	0.863364
ENSG00000068001	HYAL2	S2_mrna_detected_only	0.558517	29	0.00163899	0.806945
ENSG00000068024	HDAC4	S2_mrna_detected_only	0.0775336	27	0.700688	0.173198
ENSG00000068028	RASSF1	S2_mrna_detected_only	-0.0535627	29	0.782583	0.0734923
ENSG00000068078	FGFR3	S2_mrna_detected_only	0.130845	19	0.593392	0.232559
ENSG00000068079	IFI35	S2_mrna_detected_only	0.441379	29	0.0165347	0.664635
ENSG00000068097	HEATR6	S2_mrna_detected_only	0.457917	28	0.014271	0.687382
ENSG00000068120	COASY	S2_mrna_detected_only	0.495074	29	0.0063241	0.735974
ENSG00000068305	MEF2A	S2_mrna_detected_only	-0.0329203	29	0.865381	0.0888317
ENSG00000068308	OTUD5	S2_mrna_detected_only	0.352594	29	0.0606535	0.539241
ENSG00000068323	TFE3	S2_mrna_detected_only	0.40197	29	0.0306513	0.610843
ENSG00000068354	TBC1D25	S2_mrna_detected_only	0.0418719	29	0.82925	0.139368
ENSG00000068366	ACSL4	S2_mrna_detected_only	0.635961	29	0.000209092	0.879019
ENSG00000068383	INPP5A	S2_mrna_detected_only	0.446798	29	0.0151056	0.671937
ENSG00000068394	GPKOW	S2_mrna_detected_only	0.110358	29	0.568744	0.209025
ENSG00000068400	GRIPAP1	S2_mrna_detected_only	0.574948	29	0.00110453	0.822389
ENSG00000068438	FTSJ1	S2_mrna_detected_only	0.395269	29	0.0338171	0.598393
ENSG00000068650	ATP11A	S2_mrna_detected_only	0.581281	29	0.000943403	0.828851
ENSG00000068654	POLR1A	S2_mrna_detected_only	0.0500611	27	0.804157	0.146722
ENSG00000068724	TTC7A	S2_mrna_detected_only	0.269878	28	0.164869	0.416211
ENSG00000068784	SRBD1	S2_mrna_detected_only	0.142628	29	0.460467	0.243906
ENSG00000068796	KIF2A	S2_mrna_detected_only	0.716344	29	1.24079e-05	0.939746
ENSG00000068878	PSME4	S2_mrna_detected_only	0.160591	29	0.405302	0.2666
ENSG00000068885	IFT80	S2_mrna_detected_only	0.0325437	28	0.869418	0.132643
ENSG00000068903	SIRT2	S2_mrna_detected_only	0.544828	29	0.00224299	0.792603
ENSG00000068912	ERLEC1	S2_mrna_detected_only	0.368966	29	0.0488769	0.564667
ENSG00000068971	PPP2R5B	S2_mrna_detected_only	0.343146	29	0.0683949	0.524427
ENSG00000068985	PAGE1	S2_mrna_detected_only		1		
ENSG00000069011	PITX1	S2_mrna_detected_only	0.518182	11	0.102492	0.765602
ENSG00000069020	MAST4	S2_mrna_detected_only	-0.175698	28	0.371159	0.0283148
ENSG00000069188	SDK2	S2_mrna_detected_only	0.771429	6	0.0723965	0.968166
ENSG00000069248	NUP133	S2_mrna_detected_only	0.0103448	29	0.957525	0.115203
ENSG00000069275	NUCKS1	S2_mrna_detected_only	0.315764	29	0.0951881	0.485133
ENSG00000069329	VPS35	S2_mrna_detected_only	-0.101478	29	0.600423	0.0530048
ENSG00000069345	DNAJA2	S2_mrna_detected_only	0.225397	29	0.23975	0.352437
ENSG00000069399	BCL3	S2_mrna_detected_only	0.302705	25	0.141345	0.464331
ENSG00000069482	GAL	S2_mrna_detected_only	0.392857	7	0.383317	0.594768
ENSG00000069509	FUNDC1	S2_mrna_detected_only	0.245324	29	0.199595	0.378073
ENSG00000069535	MAOB	S2_mrna_detected_only	0.624631	29	0.000292405	0.8693
ENSG00000069702	TGFBR3	S2_mrna_detected_only	0.441872	29	0.0164003	0.664951
ENSG00000069764	PLA2G10	S2_mrna_detected_only	0.52381	8	0.182721	0.771591
ENSG00000069849	ATP1B3	S2_mrna_detected_only	0.253695	29	0.184198	0.392204
ENSG00000069869	NEDD4	S2_mrna_detected_only	0.517784	27	0.0056698	0.765234
ENSG00000069943	PIGB	S2_mrna_detected_only	-0.0420445	27	0.835054	0.0826329
ENSG00000069956	MAPK6	S2_mrna_detected_only	-0.0185868	29	0.92376	0.0973419
ENSG00000069966	GNB5	S2_mrna_detected_only	0.100712	28	0.610109	0.197783
ENSG00000069998	CECR5	S2_mrna_detected_only	0.400985	29	0.031101	0.609004
ENSG00000070010	UFD1L	S2_mrna_detected_only	0.195074	29	0.310544	0.305842
ENSG00000070018	LRP6	S2_mrna_detected_only	0.109436	29	0.572001	0.207659
ENSG00000070019	GUCY2C	S2_mrna_detected_only	0.928571	7	0.00251947	0.999159
ENSG00000070031	SCT	S2_mrna_detected_only		2		
ENSG00000070047	PHRF1	S2_mrna_detected_only	0.278388	27	0.159702	0.429239
ENSG00000070061	IKBKAP	S2_mrna_detected_only	0.232048	29	0.225792	0.361631
ENSG00000070081	NUCB2	S2_mrna_detected_only	0.738424	29	4.80689e-06	0.952564
ENSG00000070087	PFN2	S2_mrna_detected_only	0.78867	29	3.73922e-07	0.975152
ENSG00000070159	PTPN3	S2_mrna_detected_only	0.338769	24	0.105377	0.518018
ENSG00000070182	SPTB	S2_mrna_detected_only	0.2	4	0.8	0.313354
ENSG00000070190	DAPP1	S2_mrna_detected_only	0.593456	20	0.00580878	0.84046
ENSG00000070214	SLC44A1	S2_mrna_detected_only	0.664532	29	8.43603e-05	0.904654
ENSG00000070269	TMEM260	S2_mrna_detected_only	0.374041	28	0.0498972	0.571181
ENSG00000070366	SMG6	S2_mrna_detected_only	0.244335	29	0.201471	0.37676
ENSG00000070367	EXOC5	S2_mrna_detected_only	-0.111111	28	0.573512	0.0491175
ENSG00000070371	CLTCL1	S2_mrna_detected_only	0.321429	7	0.482072	0.493696
ENSG00000070413	DGCR2	S2_mrna_detected_only	0.00444446	29	0.981745	0.11121
ENSG00000070423	RNF126	S2_mrna_detected_only	0.232074	28	0.234698	0.361841
ENSG00000070444	MNT	S2_mrna_detected_only	-0.20364	28	0.29863	0.0220109
ENSG00000070476	ZXDC	S2_mrna_detected_only	-0.00279505	29	0.988519	0.105537
ENSG00000070495	JMJD6	S2_mrna_detected_only	0.210345	29	0.273418	0.32759
ENSG00000070501	POLB	S2_mrna_detected_only	0.421675	29	0.022707	0.640418
ENSG00000070540	WIPI1	S2_mrna_detected_only	0.607218	29	0.000477684	0.852648
ENSG00000070601	FRMPD1	S2_mrna_detected_only		2		
ENSG00000070610	GBA2	S2_mrna_detected_only	0.396059	29	0.0334305	0.599653
ENSG00000070614	NDST1	S2_mrna_detected_only	0.179568	29	0.351299	0.288243
ENSG00000070669	ASNS	S2_mrna_detected_only	0.484729	29	0.0077009	0.723209
ENSG00000070718	AP3M2	S2_mrna_detected_only	0.626163	28	0.000364799	0.870929
ENSG00000070756	PABPC1	S2_mrna_detected_only	0.221675	29	0.247806	0.345924
ENSG00000070759	TESK2	S2_mrna_detected_only	0.185639	27	0.353897	0.295283
ENSG00000070761	CFAP20	S2_mrna_detected_only	0.315556	29	0.0954175	0.484503
ENSG00000070770	CSNK2A2	S2_mrna_detected_only	-0.00591133	29	0.975721	0.103698
ENSG00000070778	PTPN21	S2_mrna_detected_only	0.363104	29	0.0528648	0.555631
ENSG00000070785	EIF2B3	S2_mrna_detected_only	0.368473	29	0.0492026	0.563616
ENSG00000070808	CAMK2A	S2_mrna_detected_only	0.8	4	0.2	0.979513
ENSG00000070814	TCOF1	S2_mrna_detected_only	0.359655	28	0.0601346	0.549748
ENSG00000070831	CDC42	S2_mrna_detected_only	0.305419	29	0.107147	0.46785
ENSG00000070882	OSBPL3	S2_mrna_detected_only	0.223478	24	0.293847	0.349391
ENSG00000070915	SLC12A3	S2_mrna_detected_only		1		
ENSG00000070950	RAD18	S2_mrna_detected_only	0.226087	24	0.2881	0.353383
ENSG00000070961	ATP2B1	S2_mrna_detected_only	0.441379	29	0.0165347	0.664635
ENSG00000071051	NCK2	S2_mrna_detected_only	0.49699	28	0.00713452	0.73797
ENSG00000071054	MAP4K4	S2_mrna_detected_only	0.740394	29	4.39689e-06	0.953352
ENSG00000071073	MGAT4A	S2_mrna_detected_only	0.445742	29	0.0153756	0.670361
ENSG00000071082	RPL31	S2_mrna_detected_only	0.0852217	29	0.660265	0.18092
ENSG00000071127	WDR1	S2_mrna_detected_only	0.359606	29	0.0553642	0.549433
ENSG00000071189	SNX13	S2_mrna_detected_only	0.60574	29	0.000497355	0.851072
ENSG00000071205	ARHGAP10	S2_mrna_detected_only	0.608867	29	0.000456542	0.854696
ENSG00000071242	RPS6KA2	S2_mrna_detected_only	-0.144692	29	0.453936	0.0378756
ENSG00000071243	ING3	S2_mrna_detected_only	0.240818	29	0.20824	0.372715
ENSG00000071246	VASH1	S2_mrna_detected_only	0.362021	28	0.0583473	0.553845
ENSG00000071462	WBSCR22	S2_mrna_detected_only	0.182356	29	0.343745	0.29171
ENSG00000071537	SEL1L	S2_mrna_detected_only	0.224631	29	0.241395	0.350809
ENSG00000071553	ATP6AP1	S2_mrna_detected_only	0.495074	29	0.0063241	0.735974
ENSG00000071564	TCF3	S2_mrna_detected_only	0.642417	29	0.000171686	0.885428
ENSG00000071626	DAZAP1	S2_mrna_detected_only	0.266502	29	0.162277	0.410696
ENSG00000071655	MBD3	S2_mrna_detected_only	-0.103448	29	0.593329	0.0519017
ENSG00000071794	HLTF	S2_mrna_detected_only	0.173399	29	0.36836	0.281677
ENSG00000071859	FAM50A	S2_mrna_detected_only	0.306897	29	0.105373	0.471212
ENSG00000071889	FAM3A	S2_mrna_detected_only	0.1612	29	0.403499	0.26702
ENSG00000071894	CPSF1	S2_mrna_detected_only	0.166995	29	0.386577	0.274112
ENSG00000071967	CYBRD1	S2_mrna_detected_only	0.453695	29	0.0134364	0.681918
ENSG00000071994	PDCD2	S2_mrna_detected_only	0.250833	29	0.189366	0.387424
ENSG00000072042	RDH11	S2_mrna_detected_only	0.656158	29	0.000111149	0.896985
ENSG00000072062	PRKACA	S2_mrna_detected_only	0.237931	29	0.213912	0.369826
ENSG00000072071	ADGRL1	S2_mrna_detected_only	0.266781	26	0.187688	0.411063
ENSG00000072080	SPP2	S2_mrna_detected_only		1		
ENSG00000072110	ACTN1	S2_mrna_detected_only	0.754187	29	2.30255e-06	0.960076
ENSG00000072121	ZFYVE26	S2_mrna_detected_only	0.110501	27	0.583216	0.209235
ENSG00000072134	EPN2	S2_mrna_detected_only	0.511886	29	0.00453221	0.757985
ENSG00000072135	PTPN18	S2_mrna_detected_only	0.448755	29	0.0146153	0.675194
ENSG00000072163	LIMS2	S2_mrna_detected_only	0.454212	27	0.0173127	0.682654
ENSG00000072182	ASIC4	S2_mrna_detected_only		1		
ENSG00000072195	SPEG	S2_mrna_detected_only	0.277922	21	0.222532	0.428399
ENSG00000072210	ALDH3A2	S2_mrna_detected_only	0.762562	29	1.52276e-06	0.96391
ENSG00000072274	TFRC	S2_mrna_detected_only	0.513793	29	0.00435948	0.760191
ENSG00000072310	SREBF1	S2_mrna_detected_only	0.0460116	29	0.812652	0.142835
ENSG00000072364	AFF4	S2_mrna_detected_only	-0.044335	29	0.819365	0.080374
ENSG00000072415	MPP5	S2_mrna_detected_only	0.627586	29	0.000268248	0.872767
ENSG00000072422	RHOBTB1	S2_mrna_detected_only	0.260821	27	0.18884	0.401923
ENSG00000072501	SMC1A	S2_mrna_detected_only	0.799015	29	2.0288e-07	0.979407
ENSG00000072506	HSD17B10	S2_mrna_detected_only	0.335468	29	0.0752323	0.513028
ENSG00000072518	MARK2	S2_mrna_detected_only	0.172189	29	0.371764	0.279891
ENSG00000072609	CHFR	S2_mrna_detected_only	0.18908	27	0.344886	0.29896
ENSG00000072694	FCGR2B	S2_mrna_detected_only	0.574038	24	0.0033546	0.820813
ENSG00000072736	NFATC3	S2_mrna_detected_only	0.473519	28	0.0109217	0.707554
ENSG00000072756	TRNT1	S2_mrna_detected_only	0.364039	29	0.0522118	0.556472
ENSG00000072778	ACADVL	S2_mrna_detected_only	0.717241	29	1.19594e-05	0.940219
ENSG00000072786	STK10	S2_mrna_detected_only	0.865944	29	1.3043e-09	0.993539
ENSG00000072803	FBXW11	S2_mrna_detected_only	0.314286	29	0.0968318	0.481719
ENSG00000072849	DERL2	S2_mrna_detected_only	0.393103	29	0.0348944	0.595188
ENSG00000072858	SIDT1	S2_mrna_detected_only	0.0652275	19	0.790778	0.162692
ENSG00000072864	NDE1	S2_mrna_detected_only	0.442802	28	0.0182877	0.665896
ENSG00000072958	AP1M1	S2_mrna_detected_only	0.36798	29	0.04953	0.562408
ENSG00000073008	PVR	S2_mrna_detected_only	0.439409	29	0.0170814	0.661904
ENSG00000073050	XRCC1	S2_mrna_detected_only	0.362562	29	0.0532465	0.554843
ENSG00000073060	SCARB1	S2_mrna_detected_only	0.576355	29	0.0010668	0.82365
ENSG00000073067	CYP2W1	S2_mrna_detected_only		2		
ENSG00000073111	MCM2	S2_mrna_detected_only	0.788767	27	1.02052e-06	0.975257
ENSG00000073146	MOV10L1	S2_mrna_detected_only		2		
ENSG00000073150	PANX2	S2_mrna_detected_only		3		
ENSG00000073169	SELO	S2_mrna_detected_only	0.418182	10	0.229113	0.634745
ENSG00000073282	TP63	S2_mrna_detected_only	0.642857	8	0.0855589	0.8859
ENSG00000073331	ALPK1	S2_mrna_detected_only	-0.0459827	23	0.834966	0.0790607
ENSG00000073350	LLGL2	S2_mrna_detected_only	0.317692	25	0.121732	0.488601
ENSG00000073417	PDE8A	S2_mrna_detected_only	0.438424	29	0.0173602	0.660328
ENSG00000073536	NLE1	S2_mrna_detected_only	0.20058	27	0.315779	0.313984
ENSG00000073578	SDHA	S2_mrna_detected_only	0.524138	29	0.00351736	0.771748
ENSG00000073584	SMARCE1	S2_mrna_detected_only	0.582266	29	0.000920277	0.830006
ENSG00000073605	GSDMB	S2_mrna_detected_only	0.593395	18	0.00943262	0.840355
ENSG00000073614	KDM5A	S2_mrna_detected_only	0.345813	29	0.0661359	0.52884
ENSG00000073670	ADAM11	S2_mrna_detected_only		3		
ENSG00000073712	FERMT2	S2_mrna_detected_only	0.545813	29	0.00219388	0.793707
ENSG00000073734	ABCB11	S2_mrna_detected_only		3		
ENSG00000073754	CD5L	S2_mrna_detected_only	0.8	4	0.2	0.979513
ENSG00000073792	IGF2BP2	S2_mrna_detected_only	0.643478	24	0.000693094	0.886688
ENSG00000073849	ST6GAL1	S2_mrna_detected_only	0.429064	29	0.0202023	0.648981
ENSG00000073861	TBX21	S2_mrna_detected_only	0.8	5	0.104088	0.979513
ENSG00000073921	PICALM	S2_mrna_detected_only	0.406404	29	0.0286921	0.618985
ENSG00000073969	NSF	S2_mrna_detected_only	0.357635	29	0.0568125	0.546071
ENSG00000074054	CLASP1	S2_mrna_detected_only	0.407982	29	0.0280197	0.621086
ENSG00000074071	MRPS34	S2_mrna_detected_only	0.172174	24	0.421118	0.279733
ENSG00000074181	NOTCH3	S2_mrna_detected_only	0.59387	28	0.000863112	0.840986
ENSG00000074201	CLNS1A	S2_mrna_detected_only	0.110345	29	0.568792	0.208762
ENSG00000074211	PPP2R2C	S2_mrna_detected_only	0.042948	10	0.906224	0.140208
ENSG00000074266	EED	S2_mrna_detected_only	0.209633	28	0.284325	0.326066
ENSG00000074276	CDHR2	S2_mrna_detected_only	0.583333	9	0.0991858	0.831162
ENSG00000074317	SNCB	S2_mrna_detected_only		2		
ENSG00000074319	TSG101	S2_mrna_detected_only	0.297537	29	0.116987	0.455505
ENSG00000074356	NCBP3	S2_mrna_detected_only	0.265025	29	0.164707	0.408069
ENSG00000074416	MGLL	S2_mrna_detected_only	0.476355	29	0.00899342	0.710811
ENSG00000074527	NTN4	S2_mrna_detected_only	0.342365	29	0.0690677	0.523272
ENSG00000074582	BCS1L	S2_mrna_detected_only	0.329064	29	0.0813279	0.504045
ENSG00000074590	NUAK1	S2_mrna_detected_only	0.281209	26	0.164031	0.433232
ENSG00000074603	DPP8	S2_mrna_detected_only	0.361248	28	0.0589265	0.552847
ENSG00000074657	ZNF532	S2_mrna_detected_only	0.505807	28	0.00603334	0.749475
ENSG00000074695	LMAN1	S2_mrna_detected_only	0.520197	29	0.00382005	0.767546
ENSG00000074696	HACD3	S2_mrna_detected_only	0.572414	29	0.00117542	0.819605
ENSG00000074755	ZZEF1	S2_mrna_detected_only	0.301478	29	0.111987	0.461967
ENSG00000074800	ENO1	S2_mrna_detected_only	0.327094	29	0.0832775	0.500841
ENSG00000074803	SLC12A1	S2_mrna_detected_only		1		
ENSG00000074842	MYDGF	S2_mrna_detected_only	0.519212	29	0.00389912	0.766495
ENSG00000074935	TUBE1	S2_mrna_detected_only	0.260919	29	0.171593	0.402238
ENSG00000074964	ARHGEF10L	S2_mrna_detected_only	0.601533	28	0.000709431	0.847815
ENSG00000075043	KCNQ2	S2_mrna_detected_only		3		
ENSG00000075089	ACTR6	S2_mrna_detected_only	0.105185	29	0.587106	0.202406
ENSG00000075131	TIPIN	S2_mrna_detected_only	0.253317	25	0.221788	0.391837
ENSG00000075142	SRI	S2_mrna_detected_only	0.355172	29	0.0586643	0.542656
ENSG00000075151	EIF4G3	S2_mrna_detected_only	0.292611	29	0.123467	0.449254
ENSG00000075188	NUP37	S2_mrna_detected_only	0.335058	29	0.0756118	0.51245
ENSG00000075223	SEMA3C	S2_mrna_detected_only	0.46087	24	0.0234181	0.691479
ENSG00000075234	TTC38	S2_mrna_detected_only	0.822167	29	4.50243e-08	0.985396
ENSG00000075239	ACAT1	S2_mrna_detected_only	0.807882	29	1.16736e-07	0.981561
ENSG00000075240	GRAMD4	S2_mrna_detected_only	0.533498	29	0.00287968	0.780521
ENSG00000075292	ZNF638	S2_mrna_detected_only	0.188177	29	0.328292	0.298382
ENSG00000075303	SLC25A40	S2_mrna_detected_only	0.131143	28	0.505931	0.232769
ENSG00000075336	TIMM21	S2_mrna_detected_only	0.337931	29	0.0729839	0.516915
ENSG00000075340	ADD2	S2_mrna_detected_only	0.7	5	0.18812	0.93071
ENSG00000075391	RASAL2	S2_mrna_detected_only	0.441239	25	0.0272472	0.664373
ENSG00000075399	VPS9D1	S2_mrna_detected_only	-0.145762	29	0.450567	0.0375604
ENSG00000075413	MARK3	S2_mrna_detected_only	0.335017	29	0.0756501	0.512345
ENSG00000075415	SLC25A3	S2_mrna_detected_only	0.458128	29	0.0124468	0.68775
ENSG00000075420	FNDC3B	S2_mrna_detected_only	0.49064	29	0.00688616	0.730616
ENSG00000075426	FOSL2	S2_mrna_detected_only	0.683588	29	4.35817e-05	0.919468
ENSG00000075461	CACNG4	S2_mrna_detected_only	0.67082	5	0.21517	0.910065
ENSG00000075539	FRYL	S2_mrna_detected_only	0.426382	28	0.0236619	0.645671
ENSG00000075568	TMEM131	S2_mrna_detected_only	-0.178325	29	0.354697	0.0278945
ENSG00000075618	FSCN1	S2_mrna_detected_only	0.574452	25	0.00267121	0.821549
ENSG00000075624	ACTB	S2_mrna_detected_only	0.487192	29	0.00735204	0.726045
ENSG00000075651	PLD1	S2_mrna_detected_only	0.521675	29	0.00370403	0.769069
ENSG00000075673	ATP12A	S2_mrna_detected_only		3		
ENSG00000075702	WDR62	S2_mrna_detected_only		3		
ENSG00000075711	DLG1	S2_mrna_detected_only	0.400493	29	0.0313279	0.608163
ENSG00000075785	RAB7A	S2_mrna_detected_only	0.386207	29	0.0385114	0.586205
ENSG00000075790	BCAP29	S2_mrna_detected_only	0.578325	29	0.00101585	0.825121
ENSG00000075856	SART3	S2_mrna_detected_only	0.717734	29	1.17194e-05	0.940534
ENSG00000075886	TUBA3D	S2_mrna_detected_only	0.4	4	0.6	0.607165
ENSG00000075891	PAX2	S2_mrna_detected_only		2		
ENSG00000075914	EXOSC7	S2_mrna_detected_only	0.00246305	29	0.989883	0.109372
ENSG00000075945	KIFAP3	S2_mrna_detected_only	0.230049	29	0.229928	0.358846
ENSG00000075975	MKRN2	S2_mrna_detected_only	0.395567	29	0.033671	0.598813
ENSG00000076003	MCM6	S2_mrna_detected_only	0.734091	28	8.74093e-06	0.950252
ENSG00000076043	REXO2	S2_mrna_detected_only	0.792611	29	2.97422e-07	0.976938
ENSG00000076053	RBM7	S2_mrna_detected_only	0.0359606	29	0.853076	0.134797
ENSG00000076067	RBMS2	S2_mrna_detected_only	0.617018	27	0.000607788	0.862314
ENSG00000076108	BAZ2A	S2_mrna_detected_only	0.253972	29	0.183702	0.392887
ENSG00000076201	PTPN23	S2_mrna_detected_only	0.261576	29	0.170477	0.403236
ENSG00000076242	MLH1	S2_mrna_detected_only	0.2867	29	0.131588	0.441952
ENSG00000076248	UNG	S2_mrna_detected_only	0.443651	29	0.0159226	0.667735
ENSG00000076258	FMO4	S2_mrna_detected_only	0.397997	24	0.0540884	0.603331
ENSG00000076321	KLHL20	S2_mrna_detected_only	0.0264526	29	0.891656	0.127495
ENSG00000076351	SLC46A1	S2_mrna_detected_only	0.524889	29	0.00346206	0.772484
ENSG00000076356	PLXNA2	S2_mrna_detected_only	0.439316	26	0.0247376	0.661641
ENSG00000076513	ANKRD13A	S2_mrna_detected_only	0.442365	29	0.0162668	0.665476
ENSG00000076554	TPD52	S2_mrna_detected_only	0.805145	28	2.38365e-07	0.980931
ENSG00000076555	ACACB	S2_mrna_detected_only	0.644335	29	0.000161783	0.887371
ENSG00000076604	TRAF4	S2_mrna_detected_only	0.0678801	28	0.731442	0.164688
ENSG00000076641	PAG1	S2_mrna_detected_only	0.700055	28	3.37109e-05	0.93092
ENSG00000076650	GPATCH1	S2_mrna_detected_only	-0.0161489	28	0.934996	0.0984976
ENSG00000076662	ICAM3	S2_mrna_detected_only	0.347752	26	0.0817207	0.531467
ENSG00000076685	NT5C2	S2_mrna_detected_only	0.17734	29	0.357405	0.285879
ENSG00000076706	MCAM	S2_mrna_detected_only	0.580296	29	0.000967034	0.827485
ENSG00000076716	GPC4	S2_mrna_detected_only	0.447181	28	0.0170385	0.672568
ENSG00000076924	XAB2	S2_mrna_detected_only	-0.0522167	29	0.787922	0.0741752
ENSG00000076928	ARHGEF1	S2_mrna_detected_only	0.656158	29	0.000111149	0.896985
ENSG00000076944	STXBP2	S2_mrna_detected_only	0.629995	28	0.000327279	0.874921
ENSG00000076984	MAP2K7	S2_mrna_detected_only	-0.0157635	29	0.935315	0.0988128
ENSG00000077044	DGKD	S2_mrna_detected_only	-0.106642	29	0.581909	0.0512187
ENSG00000077080	ACTL6B	S2_mrna_detected_only		3		
ENSG00000077097	TOP2B	S2_mrna_detected_only	0.35665	29	0.0575476	0.5446
ENSG00000077147	TM9SF3	S2_mrna_detected_only	0.297537	29	0.116987	0.455505
ENSG00000077150	NFKB2	S2_mrna_detected_only	0.720197	29	1.0583e-05	0.941479
ENSG00000077152	UBE2T	S2_mrna_detected_only	0.175839	23	0.422235	0.284461
ENSG00000077157	PPP1R12B	S2_mrna_detected_only	0.619595	28	0.000437962	0.864835
ENSG00000077232	DNAJC10	S2_mrna_detected_only	0.296552	29	0.118262	0.454455
ENSG00000077235	GTF3C1	S2_mrna_detected_only	0.189925	29	0.323737	0.300693
ENSG00000077254	USP33	S2_mrna_detected_only	0.0423698	29	0.82725	0.139788
ENSG00000077264	PAK3	S2_mrna_detected_only	0.0714286	7	0.879048	0.167892
ENSG00000077279	DCX	S2_mrna_detected_only		2		
ENSG00000077312	SNRPA	S2_mrna_detected_only	0.029064	29	0.881032	0.129229
ENSG00000077327	SPAG6	S2_mrna_detected_only		3		
ENSG00000077348	EXOSC5	S2_mrna_detected_only	0.175862	29	0.361491	0.284619
ENSG00000077380	DYNC1I2	S2_mrna_detected_only	0.457581	28	0.0143516	0.687067
ENSG00000077420	APBB1IP	S2_mrna_detected_only	0.698462	26	7.24116e-05	0.929134
ENSG00000077454	LRCH4	S2_mrna_detected_only	0.3133	29	0.0979395	0.48009
ENSG00000077458	FAM76B	S2_mrna_detected_only	0.411282	28	0.0296803	0.626129
ENSG00000077463	SIRT6	S2_mrna_detected_only	0.0470157	27	0.815863	0.143885
ENSG00000077514	POLD3	S2_mrna_detected_only	0.619212	29	0.000341715	0.864572
ENSG00000077522	ACTN2	S2_mrna_detected_only	0.6	5	0.284757	0.846817
ENSG00000077549	CAPZB	S2_mrna_detected_only	0.791133	29	3.24263e-07	0.976413
ENSG00000077585	GPR137B	S2_mrna_detected_only	0.123995	27	0.537767	0.223944
ENSG00000077721	UBE2A	S2_mrna_detected_only	-0.228571	29	0.233019	0.0173881
ENSG00000077782	FGFR1	S2_mrna_detected_only	-0.110579	28	0.575361	0.0494327
ENSG00000077800	FKBP6	S2_mrna_detected_only		1		
ENSG00000077935	SMC1B	S2_mrna_detected_only		1		
ENSG00000077942	FBLN1	S2_mrna_detected_only	0.810837	29	9.64829e-08	0.982612
ENSG00000077943	ITGA8	S2_mrna_detected_only	0.597571	22	0.00331561	0.844978
ENSG00000078018	MAP2	S2_mrna_detected_only	0.789474	19	5.83869e-05	0.975362
ENSG00000078061	ARAF	S2_mrna_detected_only	0.349261	29	0.0633018	0.533463
ENSG00000078070	MCCC1	S2_mrna_detected_only	0.579803	29	0.000979042	0.826329
ENSG00000078081	LAMP3	S2_mrna_detected_only	0.455888	18	0.0572474	0.684755
ENSG00000078140	UBE2K	S2_mrna_detected_only	0.107882	29	0.577503	0.20519
ENSG00000078142	PIK3C3	S2_mrna_detected_only	-0.143698	28	0.46569	0.0384009
ENSG00000078177	N4BP2	S2_mrna_detected_only	0.231051	24	0.27736	0.360317
ENSG00000078237	TIGAR	S2_mrna_detected_only	0.403077	26	0.0411753	0.613732
ENSG00000078246	TULP3	S2_mrna_detected_only	0.195776	29	0.308772	0.306945
ENSG00000078269	SYNJ2	S2_mrna_detected_only	0.422219	29	0.0225142	0.640733
ENSG00000078304	PPP2R5C	S2_mrna_detected_only	0.0862069	29	0.656575	0.182391
ENSG00000078369	GNB1	S2_mrna_detected_only	-0.0128079	29	0.947425	0.100179
ENSG00000078403	MLLT10	S2_mrna_detected_only	0.281727	29	0.138715	0.433757
ENSG00000078487	ZCWPW1	S2_mrna_detected_only	0.386494	18	0.11312	0.586625
ENSG00000078549	ADCYAP1R1	S2_mrna_detected_only	0.398803	10	0.253627	0.605012
ENSG00000078618	NRD1	S2_mrna_detected_only	0.162562	29	0.399486	0.268754
ENSG00000078668	VDAC3	S2_mrna_detected_only	0.249754	29	0.19134	0.385428
ENSG00000078674	PCM1	S2_mrna_detected_only	0.110345	29	0.568792	0.208762
ENSG00000078687	TNRC6C	S2_mrna_detected_only	0.216899	24	0.308657	0.338359
ENSG00000078699	CBFA2T2	S2_mrna_detected_only	0.228244	28	0.24273	0.35643
ENSG00000078725	BRINP1	S2_mrna_detected_only	0.6	5	0.284757	0.846817
ENSG00000078747	ITCH	S2_mrna_detected_only	-0.215271	29	0.26208	0.0193843
ENSG00000078804	TP53INP2	S2_mrna_detected_only	-0.0677631	29	0.72689	0.0675562
ENSG00000078808	SDF4	S2_mrna_detected_only	0.391133	29	0.0358987	0.593087
ENSG00000078814	MYH7B	S2_mrna_detected_only		3		
ENSG00000078898	BPIFB2	S2_mrna_detected_only		2		
ENSG00000078900	TP73	S2_mrna_detected_only		1		
ENSG00000078902	TOLLIP	S2_mrna_detected_only	0.487192	29	0.00735204	0.726045
ENSG00000078967	UBE2D4	S2_mrna_detected_only	0.00970685	29	0.960143	0.114888
ENSG00000079101	CLUL1	S2_mrna_detected_only	0.101419	6	0.848394	0.198151
ENSG00000079112	CDH17	S2_mrna_detected_only	0.883333	9	0.0015905	0.995692
ENSG00000079134	THOC1	S2_mrna_detected_only	0.507389	28	0.00585178	0.751523
ENSG00000079156	OSBPL6	S2_mrna_detected_only		3		
ENSG00000079215	SLC1A3	S2_mrna_detected_only	0.725904	20	0.00029096	0.945629
ENSG00000079246	XRCC5	S2_mrna_detected_only	0.405911	29	0.0289047	0.61804
ENSG00000079257	LXN	S2_mrna_detected_only	0.684729	29	4.18275e-05	0.919889
ENSG00000079263	SP140	S2_mrna_detected_only	0.6	11	0.0510033	0.846922
ENSG00000079277	MKNK1	S2_mrna_detected_only	0.46601	29	0.0108377	0.698939
ENSG00000079308	TNS1	S2_mrna_detected_only	0.514778	29	0.00427248	0.761399
ENSG00000079313	REXO1	S2_mrna_detected_only	-0.0449229	27	0.82393	0.0801114
ENSG00000079332	SAR1A	S2_mrna_detected_only	0.32266	29	0.0877945	0.495115
ENSG00000079335	CDC14A	S2_mrna_detected_only	0.347078	27	0.076106	0.530416
ENSG00000079337	RAPGEF3	S2_mrna_detected_only	0.159269	24	0.457259	0.265339
ENSG00000079432	CIC	S2_mrna_detected_only	0.303777	28	0.116055	0.466117
ENSG00000079435	LIPE	S2_mrna_detected_only	0.480702	19	0.037218	0.717745
ENSG00000079459	FDFT1	S2_mrna_detected_only	0.271429	29	0.154362	0.419206
ENSG00000079462	PAFAH1B3	S2_mrna_detected_only	0.358113	27	0.0666346	0.546701
ENSG00000079557	AFM	S2_mrna_detected_only		2		
ENSG00000079616	KIF22	S2_mrna_detected_only	-0.0963242	29	0.619145	0.0552112
ENSG00000079689	SCGN	S2_mrna_detected_only	0.762637	14	0.00151423	0.964016
ENSG00000079691	LRRC16A	S2_mrna_detected_only	0.608648	28	0.000588697	0.854329
ENSG00000079739	PGM1	S2_mrna_detected_only	0.681773	29	4.6507e-05	0.91742
ENSG00000079785	DDX1	S2_mrna_detected_only	0.331527	29	0.0789403	0.506882
ENSG00000079805	DNM2	S2_mrna_detected_only	0.539409	29	0.00253043	0.787245
ENSG00000079819	EPB41L2	S2_mrna_detected_only	0.661783	27	0.000170329	0.902028
ENSG00000079841	RIMS1	S2_mrna_detected_only	0.8	5	0.104088	0.979513
ENSG00000079931	MOXD1	S2_mrna_detected_only	0.730096	22	0.000114673	0.94752
ENSG00000079950	STX7	S2_mrna_detected_only	0.581599	29	0.000935885	0.829113
ENSG00000079974	RABL2B	S2_mrna_detected_only	0.345375	28	0.0718474	0.528315
ENSG00000079999	KEAP1	S2_mrna_detected_only	0.305949	29	0.106508	0.469374
ENSG00000080007	DDX43	S2_mrna_detected_only	0.142857	6	0.787172	0.244169
ENSG00000080189	SLC35C2	S2_mrna_detected_only	0.474419	29	0.00931677	0.709025
ENSG00000080200	CRYBG3	S2_mrna_detected_only	0.559113	29	0.00161626	0.807838
ENSG00000080345	RIF1	S2_mrna_detected_only	0.301587	28	0.11884	0.462387
ENSG00000080371	RAB21	S2_mrna_detected_only	0.59168	28	0.00091203	0.838989
ENSG00000080503	SMARCA2	S2_mrna_detected_only	0.172414	29	0.37113	0.280469
ENSG00000080546	SESN1	S2_mrna_detected_only	0.382759	29	0.0404293	0.582055
ENSG00000080561	MID2	S2_mrna_detected_only	0.357167	28	0.0620603	0.54544
ENSG00000080572	PIH1D3	S2_mrna_detected_only		2		
ENSG00000080603	SRCAP	S2_mrna_detected_only	0.336987	29	0.0738391	0.515129
ENSG00000080608	PUM3	S2_mrna_detected_only	0.282793	29	0.137164	0.435543
ENSG00000080618	CPB2	S2_mrna_detected_only		3		
ENSG00000080709	KCNN2	S2_mrna_detected_only	0.473543	10	0.166828	0.707659
ENSG00000080802	CNOT4	S2_mrna_detected_only	0.36289	28	0.057701	0.555211
ENSG00000080815	PSEN1	S2_mrna_detected_only	0.415341	29	0.0250516	0.631278
ENSG00000080819	CPOX	S2_mrna_detected_only	0.368473	29	0.0492026	0.563616
ENSG00000080822	CLDND1	S2_mrna_detected_only	-0.0256791	29	0.894806	0.0932444
ENSG00000080824	HSP90AA1	S2_mrna_detected_only	0.199507	29	0.299457	0.312461
ENSG00000080845	DLGAP4	S2_mrna_detected_only	0.215271	29	0.26208	0.336205
ENSG00000080854	IGSF9B	S2_mrna_detected_only	-0.428571	7	0.337368	0.00178609
ENSG00000080910	CFHR2	S2_mrna_detected_only		1		
ENSG00000080986	NDC80	S2_mrna_detected_only	0.131743	18	0.602304	0.232875
ENSG00000081014	AP4E1	S2_mrna_detected_only	0.232026	27	0.244193	0.361473
ENSG00000081019	RSBN1	S2_mrna_detected_only	0.39463	29	0.0341321	0.597447
ENSG00000081026	MAGI3	S2_mrna_detected_only	0.125889	28	0.523265	0.226045
ENSG00000081059	TCF7	S2_mrna_detected_only	0.0337641	23	0.878446	0.133904
ENSG00000081087	OSTM1	S2_mrna_detected_only	0.276357	29	0.146724	0.425037
ENSG00000081154	PCNP	S2_mrna_detected_only	0.255172	29	0.181568	0.394883
ENSG00000081177	EXD2	S2_mrna_detected_only	0.729064	29	7.26516e-06	0.94689
ENSG00000081181	ARG2	S2_mrna_detected_only	0.290568	20	0.213935	0.447205
ENSG00000081189	MEF2C	S2_mrna_detected_only	0.479972	28	0.0097429	0.716485
ENSG00000081237	PTPRC	S2_mrna_detected_only	0.794745	28	4.39791e-07	0.977989
ENSG00000081277	PKP1	S2_mrna_detected_only	-0.285714	7	0.534509	0.00987602
ENSG00000081307	UBA5	S2_mrna_detected_only	0.503264	29	0.00538777	0.745797
ENSG00000081320	STK17B	S2_mrna_detected_only	0.427094	29	0.0208468	0.647247
ENSG00000081479	LRP2	S2_mrna_detected_only	1	6	0	1
ENSG00000081692	JMJD4	S2_mrna_detected_only	0.0584245	28	0.767757	0.155022
ENSG00000081721	DUSP12	S2_mrna_detected_only	0.103941	29	0.591562	0.200725
ENSG00000081760	AACS	S2_mrna_detected_only	0.373399	29	0.0460218	0.570288
ENSG00000081803	CADPS2	S2_mrna_detected_only	0.561576	29	0.00152521	0.809519
ENSG00000081818	PCDHB4	S2_mrna_detected_only	0.709566	14	0.00447719	0.936594
ENSG00000081853	PCDHGA2	S2_mrna_detected_only	-0.486506	7	0.268249	0.00052532
ENSG00000081870	HSPB11	S2_mrna_detected_only	0.413793	29	0.0256536	0.629597
ENSG00000081913	PHLPP1	S2_mrna_detected_only	0.321694	29	0.0888034	0.494064
ENSG00000081923	ATP8B1	S2_mrna_detected_only	0.591133	28	0.000924631	0.838149
ENSG00000082014	SMARCD3	S2_mrna_detected_only	0.698079	29	2.55109e-05	0.928924
ENSG00000082068	WDR70	S2_mrna_detected_only	0.287192	29	0.130897	0.442635
ENSG00000082146	STRADB	S2_mrna_detected_only	0.409447	28	0.030489	0.622978
ENSG00000082153	BZW1	S2_mrna_detected_only	0.16798	29	0.383741	0.274795
ENSG00000082175	PGR	S2_mrna_detected_only	0.642229	11	0.033116	0.885112
ENSG00000082196	C1QTNF3	S2_mrna_detected_only	-0.0482566	17	0.854078	0.0771696
ENSG00000082212	ME2	S2_mrna_detected_only	0.418227	29	0.0239601	0.63506
ENSG00000082213	C5orf22	S2_mrna_detected_only	0.0845036	29	0.66296	0.180343
ENSG00000082258	CCNT2	S2_mrna_detected_only	0.0702923	29	0.717103	0.166369
ENSG00000082269	FAM135A	S2_mrna_detected_only	0.168843	24	0.430295	0.276266
ENSG00000082397	EPB41L3	S2_mrna_detected_only	0.762735	26	5.89739e-06	0.964121
ENSG00000082438	COBLL1	S2_mrna_detected_only	0.766104	29	1.27195e-06	0.965697
ENSG00000082458	DLG3	S2_mrna_detected_only	0.727106	27	1.73803e-05	0.94605
ENSG00000082512	TRAF5	S2_mrna_detected_only	0.497436	26	0.00972057	0.738758
ENSG00000082515	MRPL22	S2_mrna_detected_only	0.364039	29	0.0522118	0.556472
ENSG00000082516	GEMIN5	S2_mrna_detected_only	-0.130558	29	0.499645	0.0428661
ENSG00000082701	GSK3B	S2_mrna_detected_only	0.499815	29	0.00576656	0.741175
ENSG00000082781	ITGB5	S2_mrna_detected_only	0.664532	29	8.43603e-05	0.904654
ENSG00000082805	ERC1	S2_mrna_detected_only	0.386426	28	0.0422323	0.586468
ENSG00000082898	XPO1	S2_mrna_detected_only	0.252709	29	0.185966	0.390418
ENSG00000082996	RNF13	S2_mrna_detected_only	0.270577	29	0.15571	0.418208
ENSG00000083067	TRPM3	S2_mrna_detected_only		3		
ENSG00000083093	PALB2	S2_mrna_detected_only	0.129299	28	0.511984	0.231088
ENSG00000083097	DOPEY1	S2_mrna_detected_only	0.0761296	28	0.700213	0.171412
ENSG00000083099	LYRM2	S2_mrna_detected_only	0.226338	28	0.246795	0.353698
ENSG00000083123	BCKDHB	S2_mrna_detected_only	0.578818	29	0.00100345	0.825383
ENSG00000083168	KAT6A	S2_mrna_detected_only	-0.0399015	29	0.837177	0.0841038
ENSG00000083223	ZCCHC6	S2_mrna_detected_only	0.452217	29	0.0137805	0.680185
ENSG00000083290	ULK2	S2_mrna_detected_only	0.328622	28	0.0877455	0.503415
ENSG00000083312	TNPO1	S2_mrna_detected_only	0.0591206	29	0.760643	0.156073
ENSG00000083444	PLOD1	S2_mrna_detected_only	0.631527	29	0.000238787	0.875972
ENSG00000083457	ITGAE	S2_mrna_detected_only	0.666886	5	0.218894	0.906913
ENSG00000083520	DIS3	S2_mrna_detected_only	0.369458	29	0.0485529	0.56535
ENSG00000083535	PIBF1	S2_mrna_detected_only	0.390689	29	0.0361285	0.592299
ENSG00000083544	TDRD3	S2_mrna_detected_only	0.176376	29	0.360066	0.285091
ENSG00000083642	PDS5B	S2_mrna_detected_only	0.300493	29	0.113222	0.460286
ENSG00000083750	RRAGB	S2_mrna_detected_only	0.353492	29	0.0599548	0.540397
ENSG00000083799	CYLD	S2_mrna_detected_only	0.144845	29	0.453452	0.246638
ENSG00000083807	SLC27A5	S2_mrna_detected_only	0.118241	29	0.541273	0.216957
ENSG00000083838	ZNF446	S2_mrna_detected_only	0.472953	19	0.040848	0.706819
ENSG00000083844	ZNF264	S2_mrna_detected_only	-0.0974288	26	0.635865	0.0544757
ENSG00000083845	RPS5	S2_mrna_detected_only	-0.118719	29	0.539628	0.0460181
ENSG00000083857	FAT1	S2_mrna_detected_only	0.350896	28	0.0671265	0.536615
ENSG00000083896	YTHDC1	S2_mrna_detected_only	0.255204	29	0.181513	0.395094
ENSG00000083937	CHMP2B	S2_mrna_detected_only	0.227586	29	0.235094	0.3558
ENSG00000084070	SMAP2	S2_mrna_detected_only	0.55665	29	0.00171198	0.805736
ENSG00000084072	PPIE	S2_mrna_detected_only	-0.195344	29	0.309861	0.023797
ENSG00000084073	ZMPSTE24	S2_mrna_detected_only	-0.0738916	29	0.70325	0.0652448
ENSG00000084090	STARD7	S2_mrna_detected_only	0.353695	29	0.0597979	0.540712
ENSG00000084092	NOA1	S2_mrna_detected_only	0.248768	29	0.193155	0.383379
ENSG00000084093	REST	S2_mrna_detected_only	0.123076	29	0.524739	0.222683
ENSG00000084110	HAL	S2_mrna_detected_only	0.8	4	0.2	0.979513
ENSG00000084112	SSH1	S2_mrna_detected_only	-0.0751145	27	0.709622	0.0646669
ENSG00000084207	GSTP1	S2_mrna_detected_only	0.394089	29	0.0344009	0.596764
ENSG00000084234	APLP2	S2_mrna_detected_only	0.54532	29	0.00221832	0.793024
ENSG00000084444	FAM234B	S2_mrna_detected_only	0.212597	25	0.307593	0.331845
ENSG00000084463	WBP11	S2_mrna_detected_only	0.349754	29	0.0629047	0.534198
ENSG00000084623	EIF3I	S2_mrna_detected_only	0.275369	29	0.148232	0.423881
ENSG00000084652	TXLNA	S2_mrna_detected_only	0.247567	29	0.195384	0.381435
ENSG00000084674	APOB	S2_mrna_detected_only	-0.2	4	0.8	0.022904
ENSG00000084676	NCOA1	S2_mrna_detected_only	0.417447	29	0.024251	0.634167
ENSG00000084733	RAB10	S2_mrna_detected_only	0.248276	29	0.194067	0.382591
ENSG00000084734	GCKR	S2_mrna_detected_only	0.8	4	0.2	0.979513
ENSG00000084754	HADHA	S2_mrna_detected_only	0.555172	29	0.00177175	0.804108
ENSG00000084764	MAPRE3	S2_mrna_detected_only	0.491194	29	0.00681381	0.731561
ENSG00000084774	CAD	S2_mrna_detected_only	0.608413	26	0.000974512	0.854224
ENSG00000085063	CD59	S2_mrna_detected_only	0.384729	29	0.0393242	0.584524
ENSG00000085117	CD82	S2_mrna_detected_only	0.66601	29	8.0282e-05	0.906335
ENSG00000085224	ATRX	S2_mrna_detected_only	0.339409	29	0.0716599	0.519174
ENSG00000085231	AK6	S2_mrna_detected_only	0.233005	29	0.223831	0.362944
ENSG00000085265	FCN1	S2_mrna_detected_only	0.917293	20	1.27006e-08	0.998161
ENSG00000085274	MYNN	S2_mrna_detected_only	0.179153	28	0.361674	0.287403
ENSG00000085365	SCAMP1	S2_mrna_detected_only	0.485714	29	0.00755972	0.724259
ENSG00000085377	PREP	S2_mrna_detected_only	0.535041	29	0.0027847	0.782202
ENSG00000085415	SEH1L	S2_mrna_detected_only	0.312808	29	0.0984969	0.47967
ENSG00000085433	WDR47	S2_mrna_detected_only	0.401709	27	0.0378034	0.610212
ENSG00000085449	WDFY1	S2_mrna_detected_only	0.642365	29	0.000171966	0.88527
ENSG00000085465	OVGP1	S2_mrna_detected_only	0.561531	17	0.0189969	0.809361
ENSG00000085491	SLC25A24	S2_mrna_detected_only	0.381773	29	0.040991	0.580637
ENSG00000085511	MAP3K4	S2_mrna_detected_only	0.639387	28	0.000249283	0.882906
ENSG00000085644	ZNF213	S2_mrna_detected_only	-0.0216161	22	0.923933	0.0956609
ENSG00000085662	AKR1B1	S2_mrna_detected_only	0.636453	29	0.000206004	0.879859
ENSG00000085719	CPNE3	S2_mrna_detected_only	0.339409	29	0.0716599	0.519174
ENSG00000085721	RRN3	S2_mrna_detected_only	0.158323	29	0.412053	0.264289
ENSG00000085733	CTTN	S2_mrna_detected_only	0.349754	29	0.0629047	0.534198
ENSG00000085760	MTIF2	S2_mrna_detected_only	0.524631	29	0.00348101	0.772221
ENSG00000085788	DDHD2	S2_mrna_detected_only	0.342942	29	0.0685702	0.524322
ENSG00000085831	TTC39A	S2_mrna_detected_only	0.655639	20	0.00169837	0.896144
ENSG00000085832	EPS15	S2_mrna_detected_only	0.447291	29	0.0149809	0.672988
ENSG00000085871	MGST2	S2_mrna_detected_only	0.470443	29	0.0100118	0.704455
ENSG00000085872	CHERP	S2_mrna_detected_only	-0.020197	29	0.917177	0.0967115
ENSG00000085978	ATG16L1	S2_mrna_detected_only	0.558621	29	0.00163502	0.807102
ENSG00000085982	USP40	S2_mrna_detected_only	0.45468	29	0.0132111	0.683074
ENSG00000085998	POMGNT1	S2_mrna_detected_only	0.610174	29	0.000440381	0.856272
ENSG00000086015	MAST2	S2_mrna_detected_only	0.608225	29	0.000464672	0.853698
ENSG00000086061	DNAJA1	S2_mrna_detected_only	0.580296	29	0.000967034	0.827485
ENSG00000086062	B4GALT1	S2_mrna_detected_only	0.156158	29	0.418558	0.260927
ENSG00000086065	CHMP5	S2_mrna_detected_only	0.340394	29	0.0707876	0.520382
ENSG00000086102	NFX1	S2_mrna_detected_only	-0.331527	29	0.0789403	0.00530574
ENSG00000086189	DIMT1	S2_mrna_detected_only	0.204926	29	0.286249	0.319657
ENSG00000086200	IPO11	S2_mrna_detected_only	0.272906	29	0.152042	0.420782
ENSG00000086205	FOLH1	S2_mrna_detected_only	0.665934	14	0.009323	0.905915
ENSG00000086232	EIF2AK1	S2_mrna_detected_only	-0.0564694	29	0.771087	0.0724417
ENSG00000086288	NME8	S2_mrna_detected_only		1		
ENSG00000086289	EPDR1	S2_mrna_detected_only	0.689879	29	3.46699e-05	0.922515
ENSG00000086300	SNX10	S2_mrna_detected_only	0.0868068	25	0.679905	0.183179
ENSG00000086475	SEPHS1	S2_mrna_detected_only	0.312315	29	0.0990567	0.478672
ENSG00000086504	MRPL28	S2_mrna_detected_only	0.0805518	29	0.677864	0.17572
ENSG00000086506	HBQ1	S2_mrna_detected_only		1		
ENSG00000086544	ITPKC	S2_mrna_detected_only	0.482138	29	0.0080828	0.719426
ENSG00000086570	FAT2	S2_mrna_detected_only	-0.8	4	0.2	0
ENSG00000086589	RBM22	S2_mrna_detected_only	0.360099	29	0.0550068	0.550483
ENSG00000086598	TMED2	S2_mrna_detected_only	0.405419	29	0.0291185	0.617199
ENSG00000086619	ERO1B	S2_mrna_detected_only	0.457143	29	0.0126613	0.686384
ENSG00000086666	ZFAND6	S2_mrna_detected_only	0.0788372	29	0.684368	0.174459
ENSG00000086696	HSD17B2	S2_mrna_detected_only	0.870098	17	5.62745e-06	0.994274
ENSG00000086712	TXLNG	S2_mrna_detected_only	0.33399	29	0.0766068	0.511137
ENSG00000086717	PPEF1	S2_mrna_detected_only		1		
ENSG00000086730	LAT2	S2_mrna_detected_only	0.411597	23	0.051014	0.62655
ENSG00000086758	HUWE1	S2_mrna_detected_only	0.284072	28	0.142917	0.437487
ENSG00000086827	ZW10	S2_mrna_detected_only	-0.00935961	29	0.961567	0.102227
ENSG00000086848	ALG9	S2_mrna_detected_only	0.138933	29	0.472285	0.241017
ENSG00000086967	MYBPC2	S2_mrna_detected_only		1		
ENSG00000087008	ACOX3	S2_mrna_detected_only	0.402463	29	0.0304284	0.611998
ENSG00000087053	MTMR2	S2_mrna_detected_only	0.411056	28	0.0297786	0.625972
ENSG00000087076	HSD17B14	S2_mrna_detected_only	0.0618241	24	0.774127	0.158279
ENSG00000087077	TRIP6	S2_mrna_detected_only	0.386207	29	0.0385114	0.586205
ENSG00000087086	FTL	S2_mrna_detected_only	0.466995	29	0.0106494	0.700567
ENSG00000087087	SRRT	S2_mrna_detected_only	0.247291	29	0.1959	0.381067
ENSG00000087088	BAX	S2_mrna_detected_only	0.501478	29	0.00558122	0.743433
ENSG00000087111	PIGS	S2_mrna_detected_only	0.222195	29	0.24667	0.346922
ENSG00000087116	ADAMTS2	S2_mrna_detected_only	0.243702	22	0.274427	0.375762
ENSG00000087128	TMPRSS11E	S2_mrna_detected_only	0.8	4	0.2	0.979513
ENSG00000087152	ATXN7L3	S2_mrna_detected_only	-0.0470882	29	0.808348	0.0778
ENSG00000087157	PGS1	S2_mrna_detected_only	0.115271	29	0.551551	0.213805
ENSG00000087191	PSMC5	S2_mrna_detected_only	0.00197044	29	0.991906	0.108951
ENSG00000087206	UIMC1	S2_mrna_detected_only	0.673236	29	6.27593e-05	0.911589
ENSG00000087237	CETP	S2_mrna_detected_only	0.56044	13	0.0463459	0.808731
ENSG00000087245	MMP2	S2_mrna_detected_only	0.922167	29	1.19312e-12	0.998792
ENSG00000087250	MT3	S2_mrna_detected_only	0.409159	8	0.314149	0.62219
ENSG00000087263	OGFOD1	S2_mrna_detected_only	0.240887	29	0.208107	0.372872
ENSG00000087266	SH3BP2	S2_mrna_detected_only	-0.08738	28	0.658389	0.0584682
ENSG00000087269	NOP14	S2_mrna_detected_only	0.273892	29	0.15051	0.421937
ENSG00000087274	ADD1	S2_mrna_detected_only	0.0866995	29	0.654732	0.183022
ENSG00000087301	TXNDC16	S2_mrna_detected_only	0.339334	29	0.0717268	0.518859
ENSG00000087302	C14orf166	S2_mrna_detected_only	0.169915	26	0.406626	0.277422
ENSG00000087303	NID2	S2_mrna_detected_only	0.656126	23	0.00067456	0.896775
ENSG00000087338	GMCL1	S2_mrna_detected_only	0.316267	29	0.0946332	0.486499
ENSG00000087365	SF3B2	S2_mrna_detected_only	0.574877	29	0.00110646	0.822021
ENSG00000087448	KLHL42	S2_mrna_detected_only	0.118227	29	0.541324	0.216642
ENSG00000087460	GNAS	S2_mrna_detected_only	0.437739	29	0.0175564	0.659645
ENSG00000087470	DNM1L	S2_mrna_detected_only	0.505911	29	0.00511156	0.74979
ENSG00000087495	PHACTR3	S2_mrna_detected_only	0.231908	6	0.658374	0.361105
ENSG00000087502	ERGIC2	S2_mrna_detected_only	0.508374	29	0.00486549	0.752889
ENSG00000087589	CASS4	S2_mrna_detected_only	0.380952	8	0.351813	0.579849
ENSG00000087842	PIR	S2_mrna_detected_only	0.613027	28	0.000523691	0.858531
ENSG00000087884	AAMDC	S2_mrna_detected_only	0.494581	29	0.00638457	0.735238
ENSG00000087995	METTL2A	S2_mrna_detected_only	-0.246671	28	0.205723	0.0148666
ENSG00000088002	SULT2B1	S2_mrna_detected_only	0.690909	11	0.018565	0.923251
ENSG00000088035	ALG6	S2_mrna_detected_only	0.203115	28	0.299906	0.316716
ENSG00000088038	CNOT3	S2_mrna_detected_only	0.308374	29	0.103622	0.473156
ENSG00000088179	PTPN4	S2_mrna_detected_only	0.321651	28	0.0950951	0.493854
ENSG00000088205	DDX18	S2_mrna_detected_only	0.463547	29	0.0113207	0.695419
ENSG00000088247	KHSRP	S2_mrna_detected_only	0.299507	29	0.114467	0.458657
ENSG00000088256	GNA11	S2_mrna_detected_only	0.627094	29	0.000272147	0.872137
ENSG00000088280	ASAP3	S2_mrna_detected_only	0.624461	29	0.000293845	0.869038
ENSG00000088298	EDEM2	S2_mrna_detected_only	0.190406	29	0.32249	0.301481
ENSG00000088320	REM1	S2_mrna_detected_only	0.473637	15	0.0745175	0.707974
ENSG00000088356	PDRG1	S2_mrna_detected_only	-0.0226629	29	0.907106	0.0949254
ENSG00000088367	EPB41L1	S2_mrna_detected_only	0.691845	28	4.54335e-05	0.923986
ENSG00000088386	SLC15A1	S2_mrna_detected_only	0.728918	9	0.0258836	0.946733
ENSG00000088387	DOCK9	S2_mrna_detected_only	0.393398	29	0.0347462	0.595713
ENSG00000088448	ANKRD10	S2_mrna_detected_only	0.189983	29	0.323586	0.300956
ENSG00000088451	TGDS	S2_mrna_detected_only	0.316267	29	0.0946332	0.486499
ENSG00000088538	DOCK3	S2_mrna_detected_only	0.7	5	0.18812	0.93071
ENSG00000088543	C3orf18	S2_mrna_detected_only	0.277011	27	0.161863	0.426403
ENSG00000088682	COQ9	S2_mrna_detected_only	0.717241	29	1.19594e-05	0.940219
ENSG00000088726	TMEM40	S2_mrna_detected_only	0.2	5	0.74706	0.313354
ENSG00000088808	PPP1R13B	S2_mrna_detected_only	0.195098	29	0.310483	0.306104
ENSG00000088812	ATRN	S2_mrna_detected_only	0.204433	29	0.287434	0.318922
ENSG00000088832	FKBP1A	S2_mrna_detected_only	0.334483	29	0.0761465	0.511977
ENSG00000088833	NSFL1C	S2_mrna_detected_only	0.279803	29	0.141547	0.431183
ENSG00000088854	C20orf194	S2_mrna_detected_only	0.276346	28	0.154588	0.424827
ENSG00000088888	MAVS	S2_mrna_detected_only	0.234975	29	0.219827	0.365413
ENSG00000088926	F11	S2_mrna_detected_only	0.428571	7	0.337368	0.648771
ENSG00000088930	XRN2	S2_mrna_detected_only	0.312808	29	0.0984969	0.47967
ENSG00000088970	KIZ	S2_mrna_detected_only	0.0970045	29	0.616659	0.193686
ENSG00000088986	DYNLL1	S2_mrna_detected_only	0.572414	29	0.00117542	0.819605
ENSG00000088992	TESC	S2_mrna_detected_only	0.660099	28	0.000132348	0.900294
ENSG00000089006	SNX5	S2_mrna_detected_only	0.295567	29	0.119548	0.453089
ENSG00000089009	RPL6	S2_mrna_detected_only	0.180788	29	0.34798	0.289504
ENSG00000089022	MAPKAPK5	S2_mrna_detected_only	0.116544	29	0.547136	0.214909
ENSG00000089048	ESF1	S2_mrna_detected_only	-0.0871921	29	0.652892	0.0586258
ENSG00000089050	RBBP9	S2_mrna_detected_only	0.666995	29	7.76615e-05	0.906966
ENSG00000089053	ANAPC5	S2_mrna_detected_only	-0.158167	29	0.41252	0.0337781
ENSG00000089057	SLC23A2	S2_mrna_detected_only	0.307714	29	0.104402	0.472
ENSG00000089063	TMEM230	S2_mrna_detected_only	0.100799	29	0.602877	0.197888
ENSG00000089094	KDM2B	S2_mrna_detected_only	0.408893	28	0.0307367	0.622137
ENSG00000089101	CFAP61	S2_mrna_detected_only		3		
ENSG00000089123	TASP1	S2_mrna_detected_only	0.282759	29	0.137214	0.435333
ENSG00000089154	GCN1	S2_mrna_detected_only	0.176847	29	0.358764	0.285407
ENSG00000089157	RPLP0	S2_mrna_detected_only	0.166502	29	0.387999	0.273009
ENSG00000089159	PXN	S2_mrna_detected_only	0.342857	29	0.0686428	0.52385
ENSG00000089169	RPH3A	S2_mrna_detected_only		2		
ENSG00000089177	KIF16B	S2_mrna_detected_only	0.391626	29	0.0356455	0.593612
ENSG00000089195	TRMT6	S2_mrna_detected_only	0.165517	29	0.390853	0.271801
ENSG00000089199	CHGB	S2_mrna_detected_only	0.620227	18	0.006032	0.865728
ENSG00000089220	PEBP1	S2_mrna_detected_only	0.675369	29	5.82829e-05	0.913112
ENSG00000089234	BRAP	S2_mrna_detected_only	0.0852217	29	0.660265	0.18092
ENSG00000089248	ERP29	S2_mrna_detected_only	0.535468	29	0.00275893	0.783148
ENSG00000089250	NOS1	S2_mrna_detected_only		3		
ENSG00000089280	FUS	S2_mrna_detected_only	0.421182	29	0.0228827	0.63942
ENSG00000089289	IGBP1	S2_mrna_detected_only	0.372906	29	0.0463323	0.569447
ENSG00000089351	GRAMD1A	S2_mrna_detected_only	0.402463	29	0.0304284	0.611998
ENSG00000089356	FXYD3	S2_mrna_detected_only	0.64774	19	0.00271154	0.890155
ENSG00000089472	HEPH	S2_mrna_detected_only	0.858696	23	1.57993e-07	0.992593
ENSG00000089597	GANAB	S2_mrna_detected_only	0.0729064	29	0.707033	0.168733
ENSG00000089639	GMIP	S2_mrna_detected_only	0.841538	25	1.35856e-07	0.989966
ENSG00000089682	RBM41	S2_mrna_detected_only	-0.141816	27	0.480433	0.0391364
ENSG00000089685	BIRC5	S2_mrna_detected_only	0.224747	16	0.402678	0.351072
ENSG00000089693	MLF2	S2_mrna_detected_only	0.280296	29	0.140818	0.432549
ENSG00000089737	DDX24	S2_mrna_detected_only	0.208374	29	0.27804	0.323965
ENSG00000089775	ZBTB25	S2_mrna_detected_only	0.275209	21	0.227266	0.423566
ENSG00000089818	NECAP1	S2_mrna_detected_only	0.351232	29	0.0617253	0.537035
ENSG00000089847	ANKRD24	S2_mrna_detected_only		3		
ENSG00000089876	DHX32	S2_mrna_detected_only	0.418227	29	0.0239601	0.63506
ENSG00000089902	RCOR1	S2_mrna_detected_only	0.102476	29	0.596826	0.198939
ENSG00000089916	GPATCH2L	S2_mrna_detected_only	0.403515	27	0.03687	0.614888
ENSG00000090006	LTBP4	S2_mrna_detected_only	0.481281	29	0.00821271	0.718271
ENSG00000090013	BLVRB	S2_mrna_detected_only	0.445813	29	0.0153575	0.670624
ENSG00000090020	SLC9A1	S2_mrna_detected_only	0.535851	28	0.00329352	0.783568
ENSG00000090054	SPTLC1	S2_mrna_detected_only	0.273399	29	0.151275	0.421254
ENSG00000090060	PAPOLA	S2_mrna_detected_only	0.31133	29	0.100183	0.477201
ENSG00000090061	CCNK	S2_mrna_detected_only	0.492611	29	0.00663135	0.732717
ENSG00000090097	PCBP4	S2_mrna_detected_only	0.508921	29	0.00481229	0.754097
ENSG00000090263	MRPS33	S2_mrna_detected_only	0.360624	29	0.0546276	0.551429
ENSG00000090266	NDUFB2	S2_mrna_detected_only	0.413046	29	0.0259481	0.628756
ENSG00000090273	NUDC	S2_mrna_detected_only	0.381773	29	0.040991	0.580637
ENSG00000090316	MAEA	S2_mrna_detected_only	-0.158621	29	0.411164	0.0334104
ENSG00000090339	ICAM1	S2_mrna_detected_only	0.639901	29	0.00018549	0.883274
ENSG00000090372	STRN4	S2_mrna_detected_only	0.0571429	29	0.768431	0.154234
ENSG00000090382	LYZ	S2_mrna_detected_only	0.615271	29	0.000382042	0.860843
ENSG00000090402	SI	S2_mrna_detected_only	0.392857	7	0.383317	0.594768
ENSG00000090432	MUL1	S2_mrna_detected_only	0.243163	29	0.203709	0.375026
ENSG00000090447	TFAP4	S2_mrna_detected_only	-0.0326613	25	0.876832	0.0889368
ENSG00000090470	PDCD7	S2_mrna_detected_only	0.208867	29	0.27688	0.324596
ENSG00000090487	SPG21	S2_mrna_detected_only	0.286207	29	0.132282	0.441217
ENSG00000090512	FETUB	S2_mrna_detected_only		3		
ENSG00000090520	DNAJB11	S2_mrna_detected_only	0.340394	29	0.0707876	0.520382
ENSG00000090530	P3H2	S2_mrna_detected_only	-0.00376068	26	0.985453	0.105117
ENSG00000090539	CHRD	S2_mrna_detected_only	0.122149	16	0.652238	0.221423
ENSG00000090565	RAB11FIP3	S2_mrna_detected_only	0.214057	29	0.264846	0.334156
ENSG00000090581	GNPTG	S2_mrna_detected_only	0.114286	29	0.554979	0.213017
ENSG00000090612	ZNF268	S2_mrna_detected_only	0.0446946	26	0.828366	0.141679
ENSG00000090615	GOLGA3	S2_mrna_detected_only	0.0534549	29	0.783011	0.150504
ENSG00000090621	PABPC4	S2_mrna_detected_only	-0.156158	29	0.418558	0.0346711
ENSG00000090661	CERS4	S2_mrna_detected_only	0.535782	29	0.0027401	0.78341
ENSG00000090674	MCOLN1	S2_mrna_detected_only	0.300721	29	0.112934	0.460759
ENSG00000090686	USP48	S2_mrna_detected_only	0.3	29	0.113843	0.459183
ENSG00000090776	EFNB1	S2_mrna_detected_only	0.630354	28	0.000323935	0.875236
ENSG00000090857	PDPR	S2_mrna_detected_only	0.202463	29	0.292206	0.31598
ENSG00000090861	AARS	S2_mrna_detected_only	0.493103	29	0.00656891	0.733663
ENSG00000090863	GLG1	S2_mrna_detected_only	0.228571	29	0.233019	0.356955
ENSG00000090889	KIF4A	S2_mrna_detected_only	0.470427	13	0.104734	0.704192
ENSG00000090905	TNRC6A	S2_mrna_detected_only	0.0295033	29	0.879247	0.129386
ENSG00000090924	PLEKHG2	S2_mrna_detected_only	0.501464	25	0.0106551	0.743171
ENSG00000090932	DLL3	S2_mrna_detected_only		1		
ENSG00000090989	EXOC1	S2_mrna_detected_only	0.157428	29	0.414736	0.262713
ENSG00000091009	RBM27	S2_mrna_detected_only	0.574455	29	0.00111802	0.821706
ENSG00000091039	OSBPL8	S2_mrna_detected_only	0.750246	29	2.78164e-06	0.958342
ENSG00000091073	DTX2	S2_mrna_detected_only	-0.0554502	23	0.801588	0.0727569
ENSG00000091127	PUS7	S2_mrna_detected_only	0.385437	28	0.0428078	0.58568
ENSG00000091129	NRCAM	S2_mrna_detected_only	0.775	15	0.000689645	0.969164
ENSG00000091136	LAMB1	S2_mrna_detected_only	0.826108	29	3.41071e-08	0.986709
ENSG00000091138	SLC26A3	S2_mrna_detected_only	0.251502	8	0.547943	0.388212
ENSG00000091140	DLD	S2_mrna_detected_only	0.661576	29	9.30741e-05	0.90166
ENSG00000091157	WDR7	S2_mrna_detected_only	0.147803	28	0.452904	0.25063
ENSG00000091164	TXNL1	S2_mrna_detected_only	0.211823	29	0.269984	0.330584
ENSG00000091317	CMTM6	S2_mrna_detected_only	0.0769309	29	0.691625	0.172568
ENSG00000091409	ITGA6	S2_mrna_detected_only	0.801478	29	1.74487e-07	0.98009
ENSG00000091428	RAPGEF4	S2_mrna_detected_only	0.357254	18	0.145551	0.54565
ENSG00000091436	AC013461.1	S2_mrna_detected_only	0.62069	29	0.000327589	0.866516
ENSG00000091482	SMPX	S2_mrna_detected_only	0.6	5	0.284757	0.846817
ENSG00000091483	FH	S2_mrna_detected_only	0.655172	29	0.000114751	0.895724
ENSG00000091490	SEL1L3	S2_mrna_detected_only	0.590751	28	0.00093351	0.837729
ENSG00000091513	TF	S2_mrna_detected_only	-0.3	15	0.277317	0.0080374
ENSG00000091527	CDV3	S2_mrna_detected_only	0.406897	29	0.0284809	0.619405
ENSG00000091542	ALKBH5	S2_mrna_detected_only	0.248768	29	0.193155	0.383379
ENSG00000091583	APOH	S2_mrna_detected_only	0.107143	7	0.819151	0.20456
ENSG00000091622	PITPNM3	S2_mrna_detected_only	0.603787	18	0.00796906	0.849706
ENSG00000091640	SPAG7	S2_mrna_detected_only	0.0140411	29	0.94237	0.118565
ENSG00000091704	CPA1	S2_mrna_detected_only	0.515152	10	0.127553	0.761872
ENSG00000091732	ZC3HC1	S2_mrna_detected_only	0.289655	29	0.12748	0.445629
ENSG00000091831	ESR1	S2_mrna_detected_only	0.636176	16	0.0080663	0.879334
ENSG00000091844	RGS17	S2_mrna_detected_only	0.707107	5	0.18169	0.93507
ENSG00000091879	ANGPT2	S2_mrna_detected_only	0.00729967	18	0.977067	0.113522
ENSG00000091972	CD200	S2_mrna_detected_only	0.316923	26	0.114681	0.487655
ENSG00000091986	CCDC80	S2_mrna_detected_only	0.808324	28	1.96228e-07	0.981666
ENSG00000092010	PSME1	S2_mrna_detected_only	0.787192	29	4.06934e-07	0.974627
ENSG00000092020	PPP2R3C	S2_mrna_detected_only	-0.239568	28	0.219501	0.015602
ENSG00000092036	HAUS4	S2_mrna_detected_only	-0.00591206	29	0.975718	0.103541
ENSG00000092051	JPH4	S2_mrna_detected_only	0.57735	8	0.133975	0.824123
ENSG00000092054	MYH7	S2_mrna_detected_only		3		
ENSG00000092067	CEBPE	S2_mrna_detected_only		1		
ENSG00000092068	SLC7A8	S2_mrna_detected_only	0.245542	29	0.199184	0.378704
ENSG00000092094	OSGEP	S2_mrna_detected_only	0.329502	28	0.086849	0.504518
ENSG00000092098	RNF31	S2_mrna_detected_only	0.250739	29	0.189537	0.387004
ENSG00000092108	SCFD1	S2_mrna_detected_only	0.508191	29	0.00488349	0.752522
ENSG00000092148	HECTD1	S2_mrna_detected_only	0.244828	29	0.200535	0.377443
ENSG00000092199	HNRNPC	S2_mrna_detected_only	0.332512	29	0.0780004	0.508563
ENSG00000092201	SUPT16H	S2_mrna_detected_only	0.447291	29	0.0149809	0.672988
ENSG00000092203	TOX4	S2_mrna_detected_only	-0.0251262	29	0.897059	0.0938748
ENSG00000092208	GEMIN2	S2_mrna_detected_only	0.271893	28	0.161616	0.419679
ENSG00000092295	TGM1	S2_mrna_detected_only	0.428571	6	0.396501	0.648771
ENSG00000092330	TINF2	S2_mrna_detected_only	0.0792125	29	0.682942	0.174774
ENSG00000092345	DAZL	S2_mrna_detected_only		1		
ENSG00000092421	SEMA6A	S2_mrna_detected_only	0.613854	28	0.000512139	0.859687
ENSG00000092439	TRPM7	S2_mrna_detected_only	0.0913696	29	0.637366	0.188117
ENSG00000092531	SNAP23	S2_mrna_detected_only	0.613793	29	0.000398211	0.859477
ENSG00000092621	PHGDH	S2_mrna_detected_only	0.870443	29	8.45827e-10	0.994379
ENSG00000092758	COL9A3	S2_mrna_detected_only		3		
ENSG00000092820	EZR	S2_mrna_detected_only	0.624631	29	0.000292405	0.8693
ENSG00000092841	MYL6	S2_mrna_detected_only	0.451724	29	0.0138968	0.679239
ENSG00000092847	AGO1	S2_mrna_detected_only	0.257252	28	0.186315	0.39688
ENSG00000092850	TEKT2	S2_mrna_detected_only	0.8	4	0.2	0.979513
ENSG00000092853	CLSPN	S2_mrna_detected_only		6		
ENSG00000092871	RFFL	S2_mrna_detected_only	0.432904	29	0.018993	0.653656
ENSG00000092929	UNC13D	S2_mrna_detected_only	0.757391	24	1.82553e-05	0.961389
ENSG00000092964	DPYSL2	S2_mrna_detected_only	0.707882	29	1.74431e-05	0.935963
ENSG00000092978	GPATCH2	S2_mrna_detected_only	-0.0537093	26	0.794414	0.0732822
ENSG00000093000	NUP50	S2_mrna_detected_only	0.37734	29	0.0435966	0.574911
ENSG00000093010	COMT	S2_mrna_detected_only	0.50197	29	0.00552729	0.744432
ENSG00000093072	CECR1	S2_mrna_detected_only	0.431308	28	0.0219294	0.651975
ENSG00000093144	ECHDC1	S2_mrna_detected_only	0.310876	29	0.100706	0.476518
ENSG00000093167	LRRFIP2	S2_mrna_detected_only	0.596552	29	0.000636383	0.843717
ENSG00000094631	HDAC6	S2_mrna_detected_only	0.432512	29	0.0191137	0.652973
ENSG00000094796	KRT31	S2_mrna_detected_only		1		
ENSG00000094841	UPRT	S2_mrna_detected_only	0.166142	28	0.398136	0.272589
ENSG00000094880	CDC23	S2_mrna_detected_only	-0.0842365	29	0.663964	0.0602543
ENSG00000094914	AAAS	S2_mrna_detected_only	0.1867	29	0.332174	0.296806
ENSG00000094916	CBX5	S2_mrna_detected_only	0.473399	29	0.00949116	0.707186
ENSG00000094975	SUCO	S2_mrna_detected_only	0.580478	29	0.000962613	0.827852
ENSG00000095002	MSH2	S2_mrna_detected_only	0.0394089	28	0.842183	0.137266
ENSG00000095015	MAP3K1	S2_mrna_detected_only	0.230026	29	0.229977	0.358636
ENSG00000095059	DHPS	S2_mrna_detected_only	0.0704433	29	0.71652	0.166474
ENSG00000095066	HOOK2	S2_mrna_detected_only	0.652217	29	0.000126188	0.89357
ENSG00000095110	NXPE1	S2_mrna_detected_only	0.6	5	0.284757	0.846817
ENSG00000095139	ARCN1	S2_mrna_detected_only	0.348319	29	0.0640667	0.532202
ENSG00000095209	TMEM38B	S2_mrna_detected_only	0.549017	28	0.00248162	0.796543
ENSG00000095261	PSMD5	S2_mrna_detected_only	0.489655	29	0.00701665	0.729407
ENSG00000095319	NUP188	S2_mrna_detected_only	0.0940887	29	0.62734	0.190166
ENSG00000095321	CRAT	S2_mrna_detected_only	0.709852	29	1.61302e-05	0.936751
ENSG00000095370	SH2D3C	S2_mrna_detected_only	0.213944	24	0.315456	0.334051
ENSG00000095380	NANS	S2_mrna_detected_only	0.696552	29	2.70309e-05	0.927506
ENSG00000095485	CWF19L1	S2_mrna_detected_only	0.318512	29	0.092187	0.490177
ENSG00000095564	BTAF1	S2_mrna_detected_only	-0.221182	29	0.248886	0.018859
ENSG00000095585	BLNK	S2_mrna_detected_only	0.694489	26	8.27854e-05	0.926298
ENSG00000095587	TLL2	S2_mrna_detected_only		1		
ENSG00000095627	TDRD1	S2_mrna_detected_only		2		
ENSG00000095637	SORBS1	S2_mrna_detected_only	0.748768	28	4.58102e-06	0.957607
ENSG00000095713	CRTAC1	S2_mrna_detected_only	0.314286	6	0.544093	0.481929
ENSG00000095777	MYO3A	S2_mrna_detected_only		1		
ENSG00000095787	WAC	S2_mrna_detected_only	0.165025	29	0.392285	0.271013
ENSG00000095794	CREM	S2_mrna_detected_only	-0.0749863	28	0.704514	0.064772
ENSG00000095906	NUBP2	S2_mrna_detected_only	0.342091	28	0.0747743	0.522904
ENSG00000095932	SMIM24	S2_mrna_detected_only	0.881818	11	0.000330169	0.99564
ENSG00000096006	CRISP3	S2_mrna_detected_only	0.642857	7	0.119392	0.8859
ENSG00000096060	FKBP5	S2_mrna_detected_only	0.283744	29	0.135792	0.436962
ENSG00000096063	SRPK1	S2_mrna_detected_only	0.275862	29	0.147478	0.424617
ENSG00000096070	BRPF3	S2_mrna_detected_only	0.412752	29	0.0260653	0.628441
ENSG00000096080	MRPS18A	S2_mrna_detected_only	0.284658	29	0.134481	0.438275
ENSG00000096088	PGC	S2_mrna_detected_only	0.5	8	0.207031	0.741542
ENSG00000096384	HSP90AB1	S2_mrna_detected_only	0.340887	29	0.0703546	0.521223
ENSG00000096395	MLN	S2_mrna_detected_only		2		
ENSG00000096401	CDC5L	S2_mrna_detected_only	0.338753	29	0.0722448	0.517913
ENSG00000096433	ITPR3	S2_mrna_detected_only	0.576313	27	0.0016539	0.82344
ENSG00000096654	ZNF184	S2_mrna_detected_only	0.249745	25	0.228594	0.385323
ENSG00000096717	SIRT1	S2_mrna_detected_only	0.138916	29	0.47234	0.240859
ENSG00000096746	HNRNPH3	S2_mrna_detected_only	0.484236	29	0.00777232	0.722105
ENSG00000096872	IFT74	S2_mrna_detected_only	0.483744	29	0.0078443	0.721738
ENSG00000096968	JAK2	S2_mrna_detected_only	0.419814	28	0.026144	0.636688
ENSG00000097007	ABL1	S2_mrna_detected_only	0.629557	29	0.000253139	0.874659
ENSG00000097021	ACOT7	S2_mrna_detected_only	0.724631	29	8.78416e-06	0.944841
ENSG00000097033	SH3GLB1	S2_mrna_detected_only	0.49064	29	0.00688616	0.730616
ENSG00000097096	SYDE2	S2_mrna_detected_only	0.226545	18	0.366006	0.354119
ENSG00000099139	PCSK5	S2_mrna_detected_only	0.669301	26	0.000184756	0.909277
ENSG00000099194	SCD	S2_mrna_detected_only	0.700124	29	2.35947e-05	0.931025
ENSG00000099203	TMED1	S2_mrna_detected_only	0.267488	29	0.160671	0.412692
ENSG00000099204	ABLIM1	S2_mrna_detected_only	0.516749	29	0.00410293	0.763921
ENSG00000099219	ERMP1	S2_mrna_detected_only	0.879037	28	7.54174e-10	0.995535
ENSG00000099246	RAB18	S2_mrna_detected_only	0.332512	29	0.0780004	0.508563
ENSG00000099250	NRP1	S2_mrna_detected_only	0.727179	26	2.57267e-05	0.946155
ENSG00000099256	PRTFDC1	S2_mrna_detected_only	0.562748	27	0.00224504	0.810727
ENSG00000099260	PALMD	S2_mrna_detected_only	0.592186	27	0.00113706	0.839094
ENSG00000099282	TSPAN15	S2_mrna_detected_only	0.638502	29	0.000193585	0.882013
ENSG00000099284	H2AFY2	S2_mrna_detected_only	0.797044	29	2.28549e-07	0.97883
ENSG00000099290	FAM21A	S2_mrna_detected_only	-0.0583816	29	0.76355	0.0718113
ENSG00000099308	MAST3	S2_mrna_detected_only	0.26632	28	0.170727	0.410328
ENSG00000099331	MYO9B	S2_mrna_detected_only	0.682266	29	4.5696e-05	0.917735
ENSG00000099341	PSMD8	S2_mrna_detected_only	0.08867	29	0.647383	0.185386
ENSG00000099365	STX1B	S2_mrna_detected_only	0.8	4	0.2	0.979513
ENSG00000099377	HSD3B7	S2_mrna_detected_only	0.451287	29	0.0140007	0.678451
ENSG00000099381	SETD1A	S2_mrna_detected_only	0.155931	29	0.419244	0.260401
ENSG00000099385	BCL7C	S2_mrna_detected_only	0.304375	29	0.108414	0.466642
ENSG00000099399	MAGEB2	S2_mrna_detected_only		2		
ENSG00000099617	EFNA2	S2_mrna_detected_only		2		
ENSG00000099622	CIRBP	S2_mrna_detected_only	0.545813	29	0.00219388	0.793707
ENSG00000099624	ATP5D	S2_mrna_detected_only	-0.00394137	29	0.983811	0.104329
ENSG00000099625	CBARP	S2_mrna_detected_only		1		
ENSG00000099769	IGFALS	S2_mrna_detected_only		3		
ENSG00000099783	HNRNPM	S2_mrna_detected_only	0.377833	29	0.0433007	0.575751
ENSG00000099795	NDUFB7	S2_mrna_detected_only	0.182759	29	0.342662	0.291973
ENSG00000099797	TECR	S2_mrna_detected_only	0.515271	29	0.00422954	0.762082
ENSG00000099800	TIMM13	S2_mrna_detected_only	-0.0591133	29	0.760672	0.0716012
ENSG00000099804	CDC34	S2_mrna_detected_only	0.17931	29	0.352001	0.287771
ENSG00000099810	MTAP	S2_mrna_detected_only	-0.0598596	29	0.757739	0.071286
ENSG00000099812	MISP	S2_mrna_detected_only	0.767033	14	0.00136768	0.966012
ENSG00000099814	CEP170B	S2_mrna_detected_only	0.208462	25	0.317317	0.324175
ENSG00000099817	POLR2E	S2_mrna_detected_only	-0.285222	29	0.133678	0.00992856
ENSG00000099822	HCN2	S2_mrna_detected_only	0.6	4	0.4	0.846922
ENSG00000099834	CDHR5	S2_mrna_detected_only	0.587787	10	0.0739339	0.834892
ENSG00000099840	IZUMO4	S2_mrna_detected_only	-0.175008	16	0.516804	0.028735
ENSG00000099849	RASSF7	S2_mrna_detected_only	0.586461	24	0.00259549	0.833421
ENSG00000099864	PALM	S2_mrna_detected_only	0.286561	23	0.184951	0.441532
ENSG00000099866	MADCAM1	S2_mrna_detected_only	0	4	1	0.107638
ENSG00000099875	MKNK2	S2_mrna_detected_only	0.0505965	29	0.794361	0.147142
ENSG00000099899	TRMT2A	S2_mrna_detected_only	0.353634	28	0.0648772	0.540502
ENSG00000099901	RANBP1	S2_mrna_detected_only	0.540887	29	0.00244906	0.788611
ENSG00000099904	ZDHHC8	S2_mrna_detected_only	0.0560063	29	0.772916	0.153236
ENSG00000099910	KLHL22	S2_mrna_detected_only	-0.0778325	29	0.688189	0.0633536
ENSG00000099917	MED15	S2_mrna_detected_only	0.120197	29	0.534556	0.218586
ENSG00000099937	SERPIND1	S2_mrna_detected_only		2		
ENSG00000099940	SNAP29	S2_mrna_detected_only	0.0655172	29	0.735616	0.162849
ENSG00000099942	CRKL	S2_mrna_detected_only	0.398522	29	0.0322488	0.604486
ENSG00000099949	LZTR1	S2_mrna_detected_only	-0.0600985	29	0.756801	0.0709183
ENSG00000099953	MMP11	S2_mrna_detected_only	0.110061	20	0.644138	0.208395
ENSG00000099954	CECR2	S2_mrna_detected_only	0.758971	6	0.0801412	0.961967
ENSG00000099956	SMARCB1	S2_mrna_detected_only	0.509852	29	0.00472276	0.754623
ENSG00000099958	DERL3	S2_mrna_detected_only	0.362199	24	0.0819823	0.554476
ENSG00000099968	BCL2L13	S2_mrna_detected_only	0.564532	29	0.00142186	0.812356
ENSG00000099977	DDT	S2_mrna_detected_only	0.452217	29	0.0137805	0.680185
ENSG00000099991	CABIN1	S2_mrna_detected_only	0.134975	29	0.485117	0.237025
ENSG00000099992	TBC1D10A	S2_mrna_detected_only	0.27931	29	0.142279	0.430658
ENSG00000099994	SUSD2	S2_mrna_detected_only	0.120766	16	0.655947	0.219426
ENSG00000099995	SF3A1	S2_mrna_detected_only	0.428571	29	0.0203618	0.648561
ENSG00000099998	GGT5	S2_mrna_detected_only	0.442802	28	0.0182877	0.665896
ENSG00000100003	SEC14L2	S2_mrna_detected_only	0.828571	15	0.000135245	0.987392
ENSG00000100014	SPECC1L	S2_mrna_detected_only	0.0812808	29	0.675105	0.176403
ENSG00000100023	PPIL2	S2_mrna_detected_only	0.239409	29	0.210996	0.371402
ENSG00000100024	UPB1	S2_mrna_detected_only	0.9	5	0.0373861	0.997163
ENSG00000100028	SNRPD3	S2_mrna_detected_only	0.0871921	29	0.652892	0.183652
ENSG00000100029	PES1	S2_mrna_detected_only	0.121675	29	0.529506	0.220687
ENSG00000100030	MAPK1	S2_mrna_detected_only	0.505911	29	0.00511156	0.74979
ENSG00000100033	PRODH	S2_mrna_detected_only	0.612121	10	0.0599721	0.858111
ENSG00000100034	PPM1F	S2_mrna_detected_only	0.318719	29	0.0919639	0.490597
ENSG00000100038	TOP3B	S2_mrna_detected_only	0.1341	28	0.496302	0.236237
ENSG00000100056	DGCR14	S2_mrna_detected_only	0.0677967	20	0.77641	0.164583
ENSG00000100060	MFNG	S2_mrna_detected_only	0.448162	27	0.0190572	0.674249
ENSG00000100065	CARD10	S2_mrna_detected_only	0.172974	25	0.40832	0.281204
ENSG00000100075	SLC25A1	S2_mrna_detected_only	0.500616	29	0.00567666	0.74233
ENSG00000100077	ADRBK2	S2_mrna_detected_only	0.11923	27	0.553621	0.21785
ENSG00000100083	GGA1	S2_mrna_detected_only	0.292118	29	0.12413	0.448676
ENSG00000100084	HIRA	S2_mrna_detected_only	0.112863	29	0.559946	0.211231
ENSG00000100092	SH3BP1	S2_mrna_detected_only	0.826087	24	6.62341e-07	0.986604
ENSG00000100095	SEZ6L	S2_mrna_detected_only	0.948683	4	0.0513167	0.99958
ENSG00000100097	LGALS1	S2_mrna_detected_only	0.553695	29	0.00183331	0.802112
ENSG00000100099	HPS4	S2_mrna_detected_only	-0.0868076	29	0.654328	0.0588884
ENSG00000100100	PIK3IP1	S2_mrna_detected_only	0.189163	29	0.325719	0.299275
ENSG00000100105	PATZ1	S2_mrna_detected_only	0.270397	29	0.155996	0.417262
ENSG00000100106	TRIOBP	S2_mrna_detected_only	0.471429	29	0.00983568	0.705505
ENSG00000100109	TFIP11	S2_mrna_detected_only	0.253202	29	0.185081	0.391259
ENSG00000100122	CRYBB1	S2_mrna_detected_only		2		
ENSG00000100124	ANKRD54	S2_mrna_detected_only	0.0802956	29	0.678834	0.175562
ENSG00000100129	EIF3L	S2_mrna_detected_only	0.203941	29	0.288622	0.317924
ENSG00000100138	SNU13	S2_mrna_detected_only	0.141379	29	0.464445	0.242908
ENSG00000100139	MICALL1	S2_mrna_detected_only	0.299398	28	0.121674	0.458447
ENSG00000100142	POLR2F	S2_mrna_detected_only	-0.0821468	29	0.671834	0.0616201
ENSG00000100146	SOX10	S2_mrna_detected_only	0.866921	7	0.0115355	0.994116
ENSG00000100147	CCDC134	S2_mrna_detected_only	0.598576	28	0.000765627	0.845818
ENSG00000100150	DEPDC5	S2_mrna_detected_only	0.0299145	27	0.88225	0.129702
ENSG00000100151	PICK1	S2_mrna_detected_only	0.252217	29	0.186854	0.389315
ENSG00000100154	TTC28	S2_mrna_detected_only	0.238095	27	0.231724	0.369983
ENSG00000100162	CENPM	S2_mrna_detected_only	-0.348228	17	0.170766	0.00436016
ENSG00000100167	SEPT3	S2_mrna_detected_only	1	5	1.40427e-24	1
ENSG00000100170	SLC5A1	S2_mrna_detected_only	0.548163	16	0.0279197	0.795388
ENSG00000100191	SLC5A4	S2_mrna_detected_only		3		
ENSG00000100201	DDX17	S2_mrna_detected_only	0.368473	29	0.0492026	0.563616
ENSG00000100207	TCF20	S2_mrna_detected_only	0.533005	29	0.00291057	0.780206
ENSG00000100209	HSCB	S2_mrna_detected_only	-0.199286	29	0.300006	0.0230616
ENSG00000100211	CBY1	S2_mrna_detected_only	0.053797	29	0.781655	0.150819
ENSG00000100216	TOMM22	S2_mrna_detected_only	0.216749	29	0.25874	0.337991
ENSG00000100220	RTCB	S2_mrna_detected_only	-0.366995	29	0.05019	0.00372978
ENSG00000100221	JOSD1	S2_mrna_detected_only	0.250932	29	0.189185	0.387529
ENSG00000100225	FBXO7	S2_mrna_detected_only	0.0453202	29	0.815419	0.142257
ENSG00000100226	GTPBP1	S2_mrna_detected_only	0.130542	29	0.499698	0.232192
ENSG00000100227	POLDIP3	S2_mrna_detected_only	0.535468	29	0.00275893	0.783148
ENSG00000100234	TIMP3	S2_mrna_detected_only	0.553695	29	0.00183331	0.802112
ENSG00000100239	PPP6R2	S2_mrna_detected_only	0.40936	29	0.0274434	0.622557
ENSG00000100241	SBF1	S2_mrna_detected_only	-0.00985222	28	0.960316	0.101755
ENSG00000100242	SUN2	S2_mrna_detected_only	0.229557	29	0.230955	0.358163
ENSG00000100243	CYB5R3	S2_mrna_detected_only	0.644828	29	0.000159322	0.887897
ENSG00000100246	DNAL4	S2_mrna_detected_only	0.116866	29	0.546021	0.215329
ENSG00000100253	MIOX	S2_mrna_detected_only		2		
ENSG00000100258	LMF2	S2_mrna_detected_only	0.223153	29	0.244586	0.348498
ENSG00000100263	RHBDD3	S2_mrna_detected_only	0.279056	24	0.18666	0.430395
ENSG00000100266	PACSIN2	S2_mrna_detected_only	0.510345	29	0.00467598	0.755306
ENSG00000100271	TTLL1	S2_mrna_detected_only	0.228516	26	0.261506	0.356745
ENSG00000100280	AP1B1	S2_mrna_detected_only	0.214778	29	0.2632	0.335365
ENSG00000100281	HMGXB4	S2_mrna_detected_only	0.439901	29	0.0169433	0.662954
ENSG00000100284	TOM1	S2_mrna_detected_only	0.617241	29	0.000361384	0.862576
ENSG00000100285	NEFH	S2_mrna_detected_only	0.547619	8	0.160026	0.794915
ENSG00000100288	CHKB	S2_mrna_detected_only	-0.0523077	26	0.79967	0.0740177
ENSG00000100292	HMOX1	S2_mrna_detected_only	0.645813	29	0.0001545	0.888685
ENSG00000100294	MCAT	S2_mrna_detected_only	0.460894	29	0.0118608	0.691584
ENSG00000100296	THOC5	S2_mrna_detected_only	-0.00394089	29	0.983813	0.104696
ENSG00000100297	MCM5	S2_mrna_detected_only	0.672161	27	0.000123048	0.910853
ENSG00000100299	ARSA	S2_mrna_detected_only	0.638424	29	0.000194049	0.881698
ENSG00000100300	TSPO	S2_mrna_detected_only	0.151232	29	0.433567	0.255358
ENSG00000100302	RASD2	S2_mrna_detected_only	0.147859	14	0.613948	0.250735
ENSG00000100304	TTLL12	S2_mrna_detected_only	0.5	29	0.00574571	0.741385
ENSG00000100307	CBX7	S2_mrna_detected_only	0.245813	29	0.198672	0.379229
ENSG00000100311	PDGFB	S2_mrna_detected_only	0.316198	29	0.094709	0.485764
ENSG00000100312	ACR	S2_mrna_detected_only		1		
ENSG00000100316	RPL3	S2_mrna_detected_only	0.271921	29	0.153586	0.419994
ENSG00000100319	ZMAT5	S2_mrna_detected_only	-0.0490475	29	0.800529	0.0765392
ENSG00000100320	RBFOX2	S2_mrna_detected_only	0.360882	29	0.054442	0.551954
ENSG00000100321	SYNGR1	S2_mrna_detected_only	0.492816	27	0.00900939	0.732875
ENSG00000100324	TAB1	S2_mrna_detected_only	0.0152747	29	0.937317	0.120141
ENSG00000100325	ASCC2	S2_mrna_detected_only	0.521675	29	0.00370403	0.769069
ENSG00000100330	MTMR3	S2_mrna_detected_only	0.234483	29	0.220823	0.364888
ENSG00000100335	MIEF1	S2_mrna_detected_only	0.221182	29	0.248886	0.344873
ENSG00000100345	MYH9	S2_mrna_detected_only	0.71133	29	1.52045e-05	0.937382
ENSG00000100347	SAMM50	S2_mrna_detected_only	0.166995	29	0.386577	0.274112
ENSG00000100348	TXN2	S2_mrna_detected_only	0.344828	29	0.0669635	0.527369
ENSG00000100350	FOXRED2	S2_mrna_detected_only	0.348307	28	0.0693096	0.532097
ENSG00000100353	EIF3D	S2_mrna_detected_only	0.168473	29	0.382328	0.275478
ENSG00000100354	TNRC6B	S2_mrna_detected_only	0.0889041	26	0.665825	0.185911
ENSG00000100359	SGSM3	S2_mrna_detected_only	0.304926	29	0.107744	0.467483
ENSG00000100360	IFT27	S2_mrna_detected_only	0.171429	29	0.373911	0.279523
ENSG00000100362	PVALB	S2_mrna_detected_only	0.864531	9	0.00263237	0.993486
ENSG00000100364	KIAA0930	S2_mrna_detected_only	0.211752	29	0.270147	0.330164
ENSG00000100365	NCF4	S2_mrna_detected_only	0.613675	26	0.0008554	0.859267
ENSG00000100372	SLC25A17	S2_mrna_detected_only	0.0946279	29	0.625359	0.191059
ENSG00000100373	UPK3A	S2_mrna_detected_only		3		
ENSG00000100379	KCTD17	S2_mrna_detected_only	0.217632	24	0.306985	0.339094
ENSG00000100380	ST13	S2_mrna_detected_only	0.668473	29	7.38734e-05	0.908227
ENSG00000100387	RBX1	S2_mrna_detected_only	0.254187	29	0.183319	0.393045
ENSG00000100393	EP300	S2_mrna_detected_only	0.280576	29	0.140404	0.432917
ENSG00000100395	L3MBTL2	S2_mrna_detected_only	0.120396	29	0.533873	0.218796
ENSG00000100401	RANGAP1	S2_mrna_detected_only	0.493596	29	0.00650697	0.734188
ENSG00000100403	ZC3H7B	S2_mrna_detected_only	0.00541872	29	0.977744	0.111788
ENSG00000100410	PHF5A	S2_mrna_detected_only	0.373892	29	0.0457129	0.570866
ENSG00000100412	ACO2	S2_mrna_detected_only	0.825616	29	3.53251e-08	0.986447
ENSG00000100413	POLR3H	S2_mrna_detected_only	-0.0336968	29	0.862235	0.0879912
ENSG00000100416	TRMU	S2_mrna_detected_only	0.305456	29	0.107102	0.468218
ENSG00000100417	PMM1	S2_mrna_detected_only	0.273399	29	0.151275	0.421254
ENSG00000100418	DESI1	S2_mrna_detected_only	0.417388	29	0.0242732	0.633904
ENSG00000100422	CERK	S2_mrna_detected_only	0.288339	29	0.129298	0.444158
ENSG00000100425	BRD1	S2_mrna_detected_only	0.281773	29	0.138648	0.43402
ENSG00000100427	MLC1	S2_mrna_detected_only		3		
ENSG00000100429	HDAC10	S2_mrna_detected_only	0.373994	24	0.0718034	0.571076
ENSG00000100433	KCNK10	S2_mrna_detected_only	0.948683	4	0.0513167	0.99958
ENSG00000100439	ABHD4	S2_mrna_detected_only	0.566326	29	0.00136214	0.814037
ENSG00000100441	KHNYN	S2_mrna_detected_only	0.62052	29	0.000329187	0.866201
ENSG00000100442	FKBP3	S2_mrna_detected_only	0.0625616	29	0.747149	0.15975
ENSG00000100445	SDR39U1	S2_mrna_detected_only	0.257667	29	0.177189	0.397615
ENSG00000100461	RBM23	S2_mrna_detected_only	0.182074	29	0.344505	0.29087
ENSG00000100462	PRMT5	S2_mrna_detected_only	0.070936	29	0.714619	0.167104
ENSG00000100473	COCH	S2_mrna_detected_only	0.482517	12	0.112109	0.720162
ENSG00000100478	AP4S1	S2_mrna_detected_only	0.453202	28	0.0154366	0.681288
ENSG00000100479	POLE2	S2_mrna_detected_only	0.464372	14	0.0943647	0.696102
ENSG00000100483	VCPKMT	S2_mrna_detected_only	0.104214	27	0.604946	0.20104
ENSG00000100485	SOS2	S2_mrna_detected_only	0.147291	29	0.445781	0.249737
ENSG00000100503	NIN	S2_mrna_detected_only	0.235906	28	0.226843	0.366306
ENSG00000100505	TRIM9	S2_mrna_detected_only	0.885714	6	0.0188455	0.996008
ENSG00000100519	PSMC6	S2_mrna_detected_only	0.219212	29	0.253234	0.341196
ENSG00000100522	GNPNAT1	S2_mrna_detected_only	0.673399	29	6.2406e-05	0.911746
ENSG00000100528	CNIH1	S2_mrna_detected_only	0.316228	29	0.0946761	0.485974
ENSG00000100554	ATP6V1D	S2_mrna_detected_only	0.31531	29	0.0956905	0.484188
ENSG00000100558	PLEK2	S2_mrna_detected_only	0.800724	22	7.60429e-06	0.97967
ENSG00000100567	PSMA3	S2_mrna_detected_only	0.358128	29	0.0564476	0.547069
ENSG00000100568	VTI1B	S2_mrna_detected_only	-0.0738916	29	0.70325	0.0652448
ENSG00000100575	TIMM9	S2_mrna_detected_only	-0.128571	29	0.506249	0.0435491
ENSG00000100577	GSTZ1	S2_mrna_detected_only	0.399015	29	0.0320165	0.605379
ENSG00000100578	KIAA0586	S2_mrna_detected_only	0.00725755	24	0.973151	0.113417
ENSG00000100580	TMED8	S2_mrna_detected_only	0.544335	29	0.00226791	0.792078
ENSG00000100583	SAMD15	S2_mrna_detected_only	0.666886	5	0.218894	0.906913
ENSG00000100591	AHSA1	S2_mrna_detected_only	0.27931	29	0.142279	0.430658
ENSG00000100592	DAAM1	S2_mrna_detected_only	0.415271	29	0.0250786	0.63112
ENSG00000100593	ISM2	S2_mrna_detected_only		3		
ENSG00000100596	SPTLC2	S2_mrna_detected_only	0.147783	29	0.444244	0.25042
ENSG00000100599	RIN3	S2_mrna_detected_only	0.3779	27	0.0519596	0.576119
ENSG00000100600	LGMN	S2_mrna_detected_only	0.812808	29	8.48167e-08	0.9834
ENSG00000100601	ALKBH1	S2_mrna_detected_only	-0.259868	28	0.18172	0.0133957
ENSG00000100603	SNW1	S2_mrna_detected_only	0.330542	29	0.0798888	0.505621
ENSG00000100604	CHGA	S2_mrna_detected_only	0.736364	11	0.00975954	0.951303
ENSG00000100605	ITPK1	S2_mrna_detected_only	0.455172	29	0.0130995	0.683652
ENSG00000100612	DHRS7	S2_mrna_detected_only	0.761084	29	1.64e-06	0.962965
ENSG00000100614	PPM1A	S2_mrna_detected_only	0.490454	29	0.00691062	0.730248
ENSG00000100625	SIX4	S2_mrna_detected_only	0.758971	6	0.0801412	0.961967
ENSG00000100632	ERH	S2_mrna_detected_only	0.182266	29	0.343987	0.291343
ENSG00000100644	HIF1A	S2_mrna_detected_only	0.225722	29	0.239055	0.353068
ENSG00000100650	SRSF5	S2_mrna_detected_only	-0.243842	29	0.20241	0.0149716
ENSG00000100652	SLC10A1	S2_mrna_detected_only		1		
ENSG00000100664	EIF5	S2_mrna_detected_only	0.212808	29	0.26771	0.332265
ENSG00000100665	SERPINA4	S2_mrna_detected_only	-0.257143	6	0.622787	0.0137634
ENSG00000100678	SLC8A3	S2_mrna_detected_only		1		
ENSG00000100697	DICER1	S2_mrna_detected_only	0.100493	29	0.603983	0.197468
ENSG00000100711	ZFYVE21	S2_mrna_detected_only	0.483251	29	0.00791685	0.721055
ENSG00000100714	MTHFD1	S2_mrna_detected_only	0.6	29	0.000580658	0.846659
ENSG00000100721	TCL1A	S2_mrna_detected_only	0.80241	8	0.0165407	0.980143
ENSG00000100722	ZC3H14	S2_mrna_detected_only	0.433005	29	0.0189622	0.654234
ENSG00000100726	TELO2	S2_mrna_detected_only	-0.0423077	25	0.840857	0.0820025
ENSG00000100744	GSKIP	S2_mrna_detected_only	0.549575	29	0.00201478	0.797279
ENSG00000100749	VRK1	S2_mrna_detected_only	0.69896	28	3.50991e-05	0.929449
ENSG00000100764	PSMC1	S2_mrna_detected_only	0.0852217	29	0.660265	0.18092
ENSG00000100767	PAPLN	S2_mrna_detected_only	-0.0444664	23	0.840339	0.0802164
ENSG00000100784	RPS6KA5	S2_mrna_detected_only	0.569073	27	0.00195002	0.816506
ENSG00000100796	PPP4R3A	S2_mrna_detected_only	0.121675	29	0.529506	0.220687
ENSG00000100804	PSMB5	S2_mrna_detected_only	0.502032	29	0.00552055	0.744537
ENSG00000100811	YY1	S2_mrna_detected_only	0.255172	29	0.181568	0.394883
ENSG00000100813	ACIN1	S2_mrna_detected_only	0.240887	29	0.208107	0.372872
ENSG00000100814	CCNB1IP1	S2_mrna_detected_only	0.0493244	29	0.799426	0.146302
ENSG00000100815	TRIP11	S2_mrna_detected_only	0.157143	29	0.415592	0.26245
ENSG00000100823	APEX1	S2_mrna_detected_only	0.537438	29	0.00264255	0.785774
ENSG00000100836	PABPN1	S2_mrna_detected_only	0.277482	29	0.145019	0.427453
ENSG00000100852	ARHGAP5	S2_mrna_detected_only	0.357143	29	0.0571791	0.545178
ENSG00000100865	CINP	S2_mrna_detected_only	0.130542	29	0.499698	0.232192
ENSG00000100867	DHRS2	S2_mrna_detected_only	0.633333	9	0.0670858	0.876865
ENSG00000100883	SRP54	S2_mrna_detected_only	0.333785	29	0.0767991	0.510349
ENSG00000100884	CPNE6	S2_mrna_detected_only	0.571429	7	0.180202	0.818975
ENSG00000100888	CHD8	S2_mrna_detected_only	0.239409	29	0.210996	0.371402
ENSG00000100889	PCK2	S2_mrna_detected_only	0.856596	28	6.03496e-09	0.992173
ENSG00000100890	KIAA0391	S2_mrna_detected_only	0.428571	29	0.0203618	0.648561
ENSG00000100897	DCAF11	S2_mrna_detected_only	0.410837	29	0.0268359	0.625447
ENSG00000100902	PSMA6	S2_mrna_detected_only	0.214286	29	0.264323	0.334629
ENSG00000100906	NFKBIA	S2_mrna_detected_only	0.129557	29	0.502968	0.231351
ENSG00000100908	EMC9	S2_mrna_detected_only	0.325071	29	0.0853156	0.497951
ENSG00000100911	PSME2	S2_mrna_detected_only	0.687192	29	3.82542e-05	0.921202
ENSG00000100916	BRMS1L	S2_mrna_detected_only	0.15873	28	0.419804	0.264604
ENSG00000100934	SEC23A	S2_mrna_detected_only	0.697537	29	2.60411e-05	0.928451
ENSG00000100938	GMPR2	S2_mrna_detected_only	-0.0418719	29	0.82925	0.082738
ENSG00000100941	PNN	S2_mrna_detected_only	0.264532	29	0.165523	0.407228
ENSG00000100949	RABGGTA	S2_mrna_detected_only	-0.132036	29	0.49476	0.0422883
ENSG00000100968	NFATC4	S2_mrna_detected_only	0.596213	27	0.00103077	0.843402
ENSG00000100979	PLTP	S2_mrna_detected_only	0.652217	29	0.000126188	0.89357
ENSG00000100982	PCIF1	S2_mrna_detected_only	0.415764	29	0.0248892	0.631488
ENSG00000100983	GSS	S2_mrna_detected_only	0.503448	29	0.00536814	0.74648
ENSG00000100985	MMP9	S2_mrna_detected_only	0.512088	14	0.0611985	0.758353
ENSG00000100991	TRPC4AP	S2_mrna_detected_only	-0.0426598	29	0.826086	0.0816873
ENSG00000100994	PYGB	S2_mrna_detected_only	0.637438	29	0.000199947	0.880752
ENSG00000100997	ABHD12	S2_mrna_detected_only	0.449261	29	0.0144907	0.675982
ENSG00000101000	PROCR	S2_mrna_detected_only	0.64335	29	0.000166805	0.886321
ENSG00000101003	GINS1	S2_mrna_detected_only	0.382869	18	0.116832	0.582318
ENSG00000101004	NINL	S2_mrna_detected_only	-0.128755	17	0.62237	0.0433389
ENSG00000101017	CD40	S2_mrna_detected_only	0.48493	29	0.00767191	0.723629
ENSG00000101019	UQCC1	S2_mrna_detected_only	0.228243	28	0.242733	0.356325
ENSG00000101040	ZMYND8	S2_mrna_detected_only	0.389163	29	0.0369262	0.590775
ENSG00000101049	SGK2	S2_mrna_detected_only	0.447552	12	0.144586	0.673408
ENSG00000101052	IFT52	S2_mrna_detected_only	0.607056	29	0.000479804	0.852332
ENSG00000101079	NDRG3	S2_mrna_detected_only	0.679148	29	5.10503e-05	0.915791
ENSG00000101084	C20orf24	S2_mrna_detected_only	0.0590735	29	0.760828	0.155863
ENSG00000101096	NFATC2	S2_mrna_detected_only	0.276923	25	0.180209	0.426298
ENSG00000101109	STK4	S2_mrna_detected_only	0.798522	29	2.09039e-07	0.97925
ENSG00000101126	ADNP	S2_mrna_detected_only	0.592611	29	0.000705758	0.839777
ENSG00000101132	PFDN4	S2_mrna_detected_only	0.030104	28	0.879134	0.129912
ENSG00000101138	CSTF1	S2_mrna_detected_only	0.247783	29	0.194982	0.381855
ENSG00000101144	BMP7	S2_mrna_detected_only	0.517935	15	0.0479648	0.765339
ENSG00000101146	RAE1	S2_mrna_detected_only	0.246305	28	0.206418	0.380069
ENSG00000101150	TPD52L2	S2_mrna_detected_only	0.411823	29	0.0264369	0.62697
ENSG00000101152	DNAJC5	S2_mrna_detected_only	0.28501	29	0.133978	0.43901
ENSG00000101158	NELFCD	S2_mrna_detected_only	0.310345	29	0.10132	0.475362
ENSG00000101160	CTSZ	S2_mrna_detected_only	0.59803	29	0.000611952	0.845398
ENSG00000101161	PRPF6	S2_mrna_detected_only	0.381328	29	0.0412472	0.580321
ENSG00000101162	TUBB1	S2_mrna_detected_only		1		
ENSG00000101181	MTG2	S2_mrna_detected_only	0.210217	29	0.273717	0.327117
ENSG00000101182	PSMA7	S2_mrna_detected_only	0.110345	29	0.568792	0.208762
ENSG00000101189	MRGBP	S2_mrna_detected_only	0.525589	29	0.0034112	0.773219
ENSG00000101191	DIDO1	S2_mrna_detected_only	0.33399	29	0.0766068	0.511137
ENSG00000101193	GID8	S2_mrna_detected_only	0.0694581	29	0.720326	0.165791
ENSG00000101199	ARFGAP1	S2_mrna_detected_only	0.12266	29	0.526153	0.222368
ENSG00000101203	COL20A1	S2_mrna_detected_only		1		
ENSG00000101210	EEF1A2	S2_mrna_detected_only	0.918182	11	6.66145e-05	0.998319
ENSG00000101216	GMEB2	S2_mrna_detected_only	-0.184754	28	0.346606	0.0263186
ENSG00000101220	C20orf27	S2_mrna_detected_only	0.348596	27	0.0747455	0.532622
ENSG00000101222	SPEF1	S2_mrna_detected_only		2		
ENSG00000101246	ARFRP1	S2_mrna_detected_only	0.271495	29	0.154256	0.419363
ENSG00000101247	NDUFAF5	S2_mrna_detected_only	0.331686	23	0.122069	0.507092
ENSG00000101266	CSNK2A1	S2_mrna_detected_only	0.403941	29	0.0297676	0.615308
ENSG00000101290	CDS2	S2_mrna_detected_only	0.333005	29	0.0775337	0.509403
ENSG00000101294	HM13	S2_mrna_detected_only	0.402956	29	0.0302068	0.613049
ENSG00000101306	MYLK2	S2_mrna_detected_only		1		
ENSG00000101310	SEC23B	S2_mrna_detected_only	0.482266	29	0.00806363	0.719847
ENSG00000101311	FERMT1	S2_mrna_detected_only	0.596992	20	0.00545199	0.844032
ENSG00000101323	HAO1	S2_mrna_detected_only		1		
ENSG00000101331	CCM2L	S2_mrna_detected_only	0.319983	18	0.195505	0.491963
ENSG00000101335	MYL9	S2_mrna_detected_only	0.658621	29	0.000102579	0.899138
ENSG00000101337	TM9SF4	S2_mrna_detected_only	0.170711	29	0.375945	0.27842
ENSG00000101343	CRNKL1	S2_mrna_detected_only	-0.0118227	29	0.951464	0.100756
ENSG00000101346	POFUT1	S2_mrna_detected_only	0.285714	29	0.132978	0.440061
ENSG00000101347	SAMHD1	S2_mrna_detected_only	0.760099	29	1.72263e-06	0.962335
ENSG00000101349	PAK7	S2_mrna_detected_only		2		
ENSG00000101350	KIF3B	S2_mrna_detected_only	0.179803	29	0.350658	0.288506
ENSG00000101361	NOP56	S2_mrna_detected_only	0.380296	29	0.0418453	0.579061
ENSG00000101363	MANBAL	S2_mrna_detected_only	0.0036996	29	0.984804	0.110475
ENSG00000101365	IDH3B	S2_mrna_detected_only	0.152217	29	0.430542	0.256514
ENSG00000101367	MAPRE1	S2_mrna_detected_only	0.421182	29	0.0228827	0.63942
ENSG00000101384	JAG1	S2_mrna_detected_only	0.358128	29	0.0564476	0.547069
ENSG00000101391	CDK5RAP1	S2_mrna_detected_only	0.0768868	29	0.691793	0.172463
ENSG00000101400	SNTA1	S2_mrna_detected_only	0.508374	29	0.00486549	0.752889
ENSG00000101407	TTI1	S2_mrna_detected_only	-0.431334	29	0.0194801	0.00162849
ENSG00000101413	RPRD1B	S2_mrna_detected_only	0.170936	29	0.375306	0.278893
ENSG00000101417	PXMP4	S2_mrna_detected_only	0.46184	27	0.015303	0.69232
ENSG00000101421	CHMP4B	S2_mrna_detected_only	0.0901478	29	0.641892	0.186436
ENSG00000101425	BPI	S2_mrna_detected_only	-0.485714	6	0.328723	0.00052532
ENSG00000101435	CST9L	S2_mrna_detected_only		1		
ENSG00000101438	SLC32A1	S2_mrna_detected_only		1		
ENSG00000101439	CST3	S2_mrna_detected_only	0.473399	29	0.00949116	0.707186
ENSG00000101441	CST4	S2_mrna_detected_only	-0.142857	7	0.759945	0.0385585
ENSG00000101442	ACTR5	S2_mrna_detected_only	0.612637	29	0.000411276	0.858321
ENSG00000101443	WFDC2	S2_mrna_detected_only	0.656223	21	0.00123545	0.897195
ENSG00000101444	AHCY	S2_mrna_detected_only	0.266995	29	0.161473	0.411536
ENSG00000101445	PPP1R16B	S2_mrna_detected_only	0.375175	25	0.0646025	0.572442
ENSG00000101452	DHX35	S2_mrna_detected_only	0.357739	28	0.0616133	0.546386
ENSG00000101457	DNTTIP1	S2_mrna_detected_only	0.17734	29	0.357405	0.285879
ENSG00000101460	MAP1LC3A	S2_mrna_detected_only	0.463775	29	0.0112751	0.695577
ENSG00000101464	PIGU	S2_mrna_detected_only	0.288177	29	0.129522	0.443896
ENSG00000101473	ACOT8	S2_mrna_detected_only	0.329351	29	0.081047	0.504255
ENSG00000101474	APMAP	S2_mrna_detected_only	0.641379	29	0.000177267	0.884535
ENSG00000101489	CELF4	S2_mrna_detected_only	0.258199	4	0.741801	0.398613
ENSG00000101542	CDH20	S2_mrna_detected_only		1		
ENSG00000101546	RBFA	S2_mrna_detected_only	0.0777363	29	0.688555	0.173408
ENSG00000101557	USP14	S2_mrna_detected_only	0.155665	29	0.420046	0.259981
ENSG00000101558	VAPA	S2_mrna_detected_only	0.358621	29	0.0560847	0.547962
ENSG00000101577	LPIN2	S2_mrna_detected_only	0.252217	29	0.186854	0.389315
ENSG00000101596	SMCHD1	S2_mrna_detected_only	0.483311	29	0.00790805	0.721212
ENSG00000101605	MYOM1	S2_mrna_detected_only	0.696703	14	0.00562868	0.927768
ENSG00000101608	MYL12A	S2_mrna_detected_only	0.0935961	29	0.629151	0.189588
ENSG00000101639	CEP192	S2_mrna_detected_only	-0.16944	27	0.398162	0.0305211
ENSG00000101654	RNMT	S2_mrna_detected_only	0.478927	28	0.00992623	0.714593
ENSG00000101670	LIPG	S2_mrna_detected_only	0.639857	15	0.0101991	0.883116
ENSG00000101680	LAMA1	S2_mrna_detected_only	0.142857	6	0.787172	0.244169
ENSG00000101745	ANKRD12	S2_mrna_detected_only	-0.110837	29	0.567057	0.0492751
ENSG00000101751	POLI	S2_mrna_detected_only	-0.0403941	29	0.835194	0.0838411
ENSG00000101752	MIB1	S2_mrna_detected_only	0.256682	29	0.17891	0.396039
ENSG00000101773	RBBP8	S2_mrna_detected_only	0.315388	29	0.0956039	0.484293
ENSG00000101782	RIOK3	S2_mrna_detected_only	0.285964	29	0.132624	0.440691
ENSG00000101811	CSTF2	S2_mrna_detected_only	0.394636	28	0.0376898	0.597552
ENSG00000101825	MXRA5	S2_mrna_detected_only	0.189231	25	0.364969	0.299485
ENSG00000101842	VSIG1	S2_mrna_detected_only	0.7	5	0.18812	0.93071
ENSG00000101843	PSMD10	S2_mrna_detected_only	0.470443	29	0.0100118	0.704455
ENSG00000101844	ATG4A	S2_mrna_detected_only	0.367176	29	0.0500683	0.560569
ENSG00000101846	STS	S2_mrna_detected_only	-0.0649349	28	0.742697	0.0687644
ENSG00000101849	TBL1X	S2_mrna_detected_only	0.345148	28	0.0720464	0.527684
ENSG00000101856	PGRMC1	S2_mrna_detected_only	0.75468	29	2.24824e-06	0.960338
ENSG00000101868	POLA1	S2_mrna_detected_only	0.0156036	28	0.937186	0.120456
ENSG00000101871	MID1	S2_mrna_detected_only	0.677692	25	0.000197709	0.914635
ENSG00000101882	NKAP	S2_mrna_detected_only	-0.0627791	26	0.760618	0.06971
ENSG00000101883	RHOXF1	S2_mrna_detected_only		1		
ENSG00000101888	NXT2	S2_mrna_detected_only	0.302416	28	0.11778	0.4637
ENSG00000101901	ALG13	S2_mrna_detected_only	0.329557	29	0.080846	0.504675
ENSG00000101911	PRPS2	S2_mrna_detected_only	-0.0162562	29	0.933298	0.0982875
ENSG00000101935	AMMECR1	S2_mrna_detected_only	0.0426854	26	0.835976	0.139893
ENSG00000101938	CHRDL1	S2_mrna_detected_only	0.729049	27	1.60826e-05	0.946785
ENSG00000101940	WDR13	S2_mrna_detected_only	0.450246	29	0.0142507	0.677348
ENSG00000101951	PAGE4	S2_mrna_detected_only	0.809524	8	0.0149027	0.982139
ENSG00000101966	XIAP	S2_mrna_detected_only	0.144106	29	0.455784	0.245272
ENSG00000101972	STAG2	S2_mrna_detected_only	0.238916	29	0.211965	0.371034
ENSG00000101981	F9	S2_mrna_detected_only		1		
ENSG00000101986	ABCD1	S2_mrna_detected_only	0.717046	26	3.75927e-05	0.939851
ENSG00000101997	CCDC22	S2_mrna_detected_only	-0.345813	29	0.0661359	0.00457029
ENSG00000102003	SYP	S2_mrna_detected_only	0.653846	13	0.0153485	0.894778
ENSG00000102007	PLP2	S2_mrna_detected_only	0.603941	29	0.000522253	0.850074
ENSG00000102010	BMX	S2_mrna_detected_only	-0.103219	12	0.749558	0.0521643
ENSG00000102021	LUZP4	S2_mrna_detected_only		1		
ENSG00000102024	PLS3	S2_mrna_detected_only	0.593596	29	0.000687821	0.84067
ENSG00000102030	NAA10	S2_mrna_detected_only	0.0325123	29	0.867034	0.132486
ENSG00000102034	ELF4	S2_mrna_detected_only	0.452095	25	0.0232736	0.679712
ENSG00000102038	SMARCA1	S2_mrna_detected_only	0.630542	29	0.00024587	0.875394
ENSG00000102043	MTMR8	S2_mrna_detected_only	0.316228	4	0.683772	0.486132
ENSG00000102048	ASB9	S2_mrna_detected_only	0.745455	10	0.0133301	0.9554
ENSG00000102054	RBBP7	S2_mrna_detected_only	0.509852	29	0.00472276	0.754623
ENSG00000102078	SLC25A14	S2_mrna_detected_only	0.144286	25	0.491383	0.245587
ENSG00000102081	FMR1	S2_mrna_detected_only	0.575807	28	0.00134472	0.82302
ENSG00000102100	SLC35A2	S2_mrna_detected_only	0.511989	29	0.00452275	0.758195
ENSG00000102103	PQBP1	S2_mrna_detected_only	0.0596059	29	0.758736	0.156545
ENSG00000102119	EMD	S2_mrna_detected_only	0.0881773	29	0.649217	0.184703
ENSG00000102125	TAZ	S2_mrna_detected_only	0.112315	29	0.561866	0.210391
ENSG00000102144	PGK1	S2_mrna_detected_only	0.315764	29	0.0951881	0.485133
ENSG00000102158	MAGT1	S2_mrna_detected_only	0.322167	29	0.0883077	0.494484
ENSG00000102172	SMS	S2_mrna_detected_only	0.607389	29	0.000475446	0.852805
ENSG00000102178	UBL4A	S2_mrna_detected_only	0.500493	29	0.00569043	0.741805
ENSG00000102181	CD99L2	S2_mrna_detected_only	0.500493	29	0.00569043	0.741805
ENSG00000102189	EEA1	S2_mrna_detected_only	0.427639	29	0.0206668	0.647773
ENSG00000102218	RP2	S2_mrna_detected_only	0.373837	28	0.0500324	0.570656
ENSG00000102221	JADE3	S2_mrna_detected_only	0.285951	28	0.140179	0.440586
ENSG00000102225	CDK16	S2_mrna_detected_only	0.349107	29	0.0634262	0.533148
ENSG00000102226	USP11	S2_mrna_detected_only	0.2867	29	0.131588	0.441952
ENSG00000102230	PCYT1B	S2_mrna_detected_only	0.637748	6	0.173071	0.880857
ENSG00000102241	HTATSF1	S2_mrna_detected_only	0.0906404	29	0.640065	0.187277
ENSG00000102243	VGLL1	S2_mrna_detected_only	0.67082	5	0.21517	0.910065
ENSG00000102265	TIMP1	S2_mrna_detected_only	0.680788	29	4.81676e-05	0.916999
ENSG00000102302	FGD1	S2_mrna_detected_only	0.360818	26	0.0701578	0.551744
ENSG00000102309	PIN4	S2_mrna_detected_only	0.272103	27	0.169735	0.420414
ENSG00000102316	MAGED2	S2_mrna_detected_only	0.582266	29	0.000920277	0.830006
ENSG00000102317	RBM3	S2_mrna_detected_only	0.138424	29	0.473928	0.240544
ENSG00000102384	CENPI	S2_mrna_detected_only		4		
ENSG00000102387	TAF7L	S2_mrna_detected_only		2		
ENSG00000102390	PBDC1	S2_mrna_detected_only	0.410642	29	0.0269157	0.624974
ENSG00000102393	GLA	S2_mrna_detected_only	0.407389	29	0.0282709	0.620246
ENSG00000102401	ARMCX3	S2_mrna_detected_only	0.311823	29	0.0996189	0.477884
ENSG00000102531	FNDC3A	S2_mrna_detected_only	0.497044	29	0.00608708	0.738285
ENSG00000102539	MLNR	S2_mrna_detected_only		1		
ENSG00000102543	CDADC1	S2_mrna_detected_only	0.124565	28	0.52768	0.225205
ENSG00000102547	CAB39L	S2_mrna_detected_only	0.28867	29	0.128839	0.444631
ENSG00000102554	KLF5	S2_mrna_detected_only	0.736313	26	1.80163e-05	0.951198
ENSG00000102572	STK24	S2_mrna_detected_only	0.474877	29	0.00923947	0.70913
ENSG00000102580	DNAJC3	S2_mrna_detected_only	0.475369	29	0.00915683	0.70955
ENSG00000102595	UGGT2	S2_mrna_detected_only	0.520197	29	0.00382005	0.767546
ENSG00000102606	ARHGEF7	S2_mrna_detected_only	0.358128	29	0.0564476	0.547069
ENSG00000102683	SGCG	S2_mrna_detected_only	0.309524	8	0.455645	0.474574
ENSG00000102699	PARP4	S2_mrna_detected_only	0.576355	29	0.0010668	0.82365
ENSG00000102710	SUPT20H	S2_mrna_detected_only	0.0973506	29	0.615397	0.194211
ENSG00000102738	MRPS31	S2_mrna_detected_only	0.221675	29	0.247806	0.345924
ENSG00000102743	SLC25A15	S2_mrna_detected_only	0.607553	28	0.000606011	0.852963
ENSG00000102753	KPNA3	S2_mrna_detected_only	0.529557	29	0.00313489	0.776634
ENSG00000102755	FLT1	S2_mrna_detected_only	0.571429	29	0.00120403	0.818607
ENSG00000102763	VWA8	S2_mrna_detected_only	0.574384	29	0.00111996	0.821286
ENSG00000102780	DGKH	S2_mrna_detected_only	0.607843	18	0.00745005	0.853068
ENSG00000102781	KATNAL1	S2_mrna_detected_only	0.567334	25	0.00309992	0.81514
ENSG00000102786	INTS6	S2_mrna_detected_only	0.0197069	29	0.91918	0.123503
ENSG00000102804	TSC22D1	S2_mrna_detected_only	0.429064	29	0.0202023	0.648981
ENSG00000102805	CLN5	S2_mrna_detected_only	0.25665	29	0.178965	0.395934
ENSG00000102837	OLFM4	S2_mrna_detected_only	0.608216	17	0.00958395	0.853593
ENSG00000102854	MSLN	S2_mrna_detected_only	0.514286	15	0.0498392	0.760979
ENSG00000102858	MGRN1	S2_mrna_detected_only	-0.0507389	29	0.793794	0.075436
ENSG00000102870	ZNF629	S2_mrna_detected_only	0.441903	29	0.0163918	0.665108
ENSG00000102871	TRADD	S2_mrna_detected_only	0.113483	25	0.589116	0.212387
ENSG00000102882	MAPK3	S2_mrna_detected_only	0.575862	29	0.00107988	0.823177
ENSG00000102886	GDPD3	S2_mrna_detected_only	0.588933	23	0.00310995	0.836363
ENSG00000102890	ELMO3	S2_mrna_detected_only	0.512846	23	0.0123357	0.758878
ENSG00000102893	PHKB	S2_mrna_detected_only	-0.163321	29	0.397259	0.031887
ENSG00000102897	LYRM1	S2_mrna_detected_only	0.498767	29	0.00588609	0.740071
ENSG00000102898	NUTF2	S2_mrna_detected_only	0.333498	29	0.0770692	0.509981
ENSG00000102900	NUP93	S2_mrna_detected_only	0.238916	29	0.211965	0.371034
ENSG00000102901	CENPT	S2_mrna_detected_only	-0.314992	28	0.102541	0.00656651
ENSG00000102904	TSNAXIP1	S2_mrna_detected_only		2		
ENSG00000102908	NFAT5	S2_mrna_detected_only	0.439365	28	0.0193204	0.661746
ENSG00000102910	LONP2	S2_mrna_detected_only	0.0763547	29	0.693824	0.171622
ENSG00000102921	N4BP1	S2_mrna_detected_only	-0.00837542	29	0.965606	0.102595
ENSG00000102931	ARL2BP	S2_mrna_detected_only	0.390935	29	0.036001	0.592929
ENSG00000102934	PLLP	S2_mrna_detected_only	0.453151	26	0.0200808	0.681078
ENSG00000102967	DHODH	S2_mrna_detected_only	0.00307692	26	0.988098	0.10995
ENSG00000102974	CTCF	S2_mrna_detected_only	0.696059	29	2.75383e-05	0.927191
ENSG00000102977	ACD	S2_mrna_detected_only	0.11879	28	0.547135	0.21743
ENSG00000102978	POLR2C	S2_mrna_detected_only	0.0408867	29	0.833212	0.138527
ENSG00000102996	MMP15	S2_mrna_detected_only	0.640423	27	0.000320415	0.883747
ENSG00000103005	USB1	S2_mrna_detected_only	0.166846	29	0.387007	0.273639
ENSG00000103018	CYB5B	S2_mrna_detected_only	-0.156158	29	0.418558	0.0346711
ENSG00000103021	CCDC113	S2_mrna_detected_only	-0.0694584	18	0.784191	0.0667682
ENSG00000103024	NME3	S2_mrna_detected_only	0.0157292	26	0.93921	0.120561
ENSG00000103034	NDRG4	S2_mrna_detected_only	0.401766	16	0.12294	0.61058
ENSG00000103035	PSMD7	S2_mrna_detected_only	0.235961	29	0.217843	0.366516
ENSG00000103037	SETD6	S2_mrna_detected_only	0.0612558	29	0.752261	0.157754
ENSG00000103042	SLC38A7	S2_mrna_detected_only	0.355688	28	0.0632277	0.543759
ENSG00000103043	VAC14	S2_mrna_detected_only	0.0450794	29	0.816383	0.142099
ENSG00000103047	TANGO6	S2_mrna_detected_only	0.511224	28	0.00543099	0.757039
ENSG00000103051	COG4	S2_mrna_detected_only	-0.0115778	29	0.952468	0.101019
ENSG00000103056	SMPD3	S2_mrna_detected_only	0.71281	18	0.000899692	0.93838
ENSG00000103061	SLC7A6OS	S2_mrna_detected_only	0.113382	28	0.565651	0.212177
ENSG00000103064	SLC7A6	S2_mrna_detected_only	0.462112	26	0.0174662	0.69295
ENSG00000103066	PLA2G15	S2_mrna_detected_only	0.15032	29	0.436374	0.25415
ENSG00000103067	ESRP2	S2_mrna_detected_only	0.430075	20	0.058396	0.650714
ENSG00000103091	WDR59	S2_mrna_detected_only	0.355665	29	0.0582902	0.543602
ENSG00000103111	MON1B	S2_mrna_detected_only	0.152217	29	0.430542	0.256514
ENSG00000103121	CMC2	S2_mrna_detected_only	-0.0288213	29	0.882019	0.0916684
ENSG00000103126	AXIN1	S2_mrna_detected_only	-0.046885	28	0.812726	0.0781152
ENSG00000103148	NPRL3	S2_mrna_detected_only	0.313946	28	0.10375	0.481036
ENSG00000103152	MPG	S2_mrna_detected_only	-0.323481	28	0.0931225	0.00583106
ENSG00000103154	NECAB2	S2_mrna_detected_only	0.46169	5	0.433766	0.692267
ENSG00000103160	HSDL1	S2_mrna_detected_only	0.563863	29	0.00144472	0.811673
ENSG00000103168	TAF1C	S2_mrna_detected_only	0.225098	28	0.249462	0.351492
ENSG00000103174	NAGPA	S2_mrna_detected_only	0.00380273	26	0.985291	0.11058
ENSG00000103187	COTL1	S2_mrna_detected_only	0.783744	29	4.94485e-07	0.973734
ENSG00000103194	USP10	S2_mrna_detected_only	0.147783	29	0.444244	0.25042
ENSG00000103196	CRISPLD2	S2_mrna_detected_only	0.825401	29	3.58674e-08	0.986289
ENSG00000103197	TSC2	S2_mrna_detected_only	0.0364577	29	0.851067	0.135165
ENSG00000103202	NME4	S2_mrna_detected_only	0.270485	29	0.155857	0.417997
ENSG00000103222	ABCC1	S2_mrna_detected_only	0.410509	28	0.0300186	0.624711
ENSG00000103227	LMF1	S2_mrna_detected_only	0.278736	27	0.159159	0.429555
ENSG00000103245	NARFL	S2_mrna_detected_only	0.484401	28	0.00899739	0.722788
ENSG00000103248	MTHFSD	S2_mrna_detected_only	0.00467488	28	0.981164	0.111315
ENSG00000103249	CLCN7	S2_mrna_detected_only	0.046798	29	0.809507	0.143518
ENSG00000103254	FAM173A	S2_mrna_detected_only	-0.451481	14	0.105124	0.000998109
ENSG00000103260	METRN	S2_mrna_detected_only	0.616011	23	0.00175027	0.861683
ENSG00000103264	FBXO31	S2_mrna_detected_only	0.534694	29	0.00280583	0.781624
ENSG00000103266	STUB1	S2_mrna_detected_only	0.2	29	0.298241	0.313144
ENSG00000103274	NUBP1	S2_mrna_detected_only	0.45665	29	0.0127697	0.685648
ENSG00000103275	UBE2I	S2_mrna_detected_only	0.481773	29	0.00813788	0.719111
ENSG00000103313	MEFV	S2_mrna_detected_only	0.7	5	0.18812	0.93071
ENSG00000103316	CRYM	S2_mrna_detected_only	0.720588	17	0.00110174	0.942162
ENSG00000103319	EEF2K	S2_mrna_detected_only	0.328079	29	0.0822983	0.502049
ENSG00000103335	PIEZO1	S2_mrna_detected_only	0.250277	29	0.190381	0.386478
ENSG00000103342	GSPT1	S2_mrna_detected_only	0.155665	29	0.420046	0.259981
ENSG00000103343	ZNF174	S2_mrna_detected_only	-0.213071	28	0.276319	0.0198046
ENSG00000103351	CLUAP1	S2_mrna_detected_only	0.43295	28	0.0213755	0.653919
ENSG00000103353	UBFD1	S2_mrna_detected_only	0.57931	29	0.00099118	0.825856
ENSG00000103356	EARS2	S2_mrna_detected_only	0.251724	29	0.187746	0.38858
ENSG00000103363	TCEB2	S2_mrna_detected_only	0.115271	29	0.551551	0.213805
ENSG00000103365	GGA2	S2_mrna_detected_only	0.350246	29	0.0625097	0.535302
ENSG00000103381	CPPED1	S2_mrna_detected_only	0.466886	28	0.012255	0.700357
ENSG00000103415	HMOX2	S2_mrna_detected_only	0.56798	29	0.00130901	0.815613
ENSG00000103423	DNAJA3	S2_mrna_detected_only	0.707389	29	1.7786e-05	0.935386
ENSG00000103449	SALL1	S2_mrna_detected_only	0.74606	13	0.00340541	0.956136
ENSG00000103479	RBL2	S2_mrna_detected_only	0.267488	29	0.160671	0.412692
ENSG00000103485	QPRT	S2_mrna_detected_only	0.495895	28	0.00728238	0.73692
ENSG00000103489	XYLT1	S2_mrna_detected_only	-0.0801117	24	0.709808	0.0622505
ENSG00000103495	MAZ	S2_mrna_detected_only	-0.0171737	29	0.929542	0.0978672
ENSG00000103496	STX4	S2_mrna_detected_only	0.108867	29	0.574011	0.206819
ENSG00000103502	CDIPT	S2_mrna_detected_only	0.128079	29	0.507893	0.228882
ENSG00000103507	BCKDK	S2_mrna_detected_only	0.274877	29	0.148988	0.423041
ENSG00000103510	KAT8	S2_mrna_detected_only	-0.0310345	29	0.873029	0.0903026
ENSG00000103512	NOMO1	S2_mrna_detected_only	0.429363	29	0.0201058	0.649454
ENSG00000103540	CCP110	S2_mrna_detected_only	0.43341	25	0.0304379	0.654602
ENSG00000103544	C16orf62	S2_mrna_detected_only	0.0805617	29	0.677826	0.175825
ENSG00000103546	SLC6A2	S2_mrna_detected_only		3		
ENSG00000103549	RNF40	S2_mrna_detected_only	0.203941	29	0.288622	0.317924
ENSG00000103550	KNOP1	S2_mrna_detected_only	-0.0578768	26	0.778836	0.0720214
ENSG00000103569	AQP9	S2_mrna_detected_only	0.547723	9	0.12687	0.79502
ENSG00000103591	AAGAB	S2_mrna_detected_only	0.0182266	29	0.925234	0.122137
ENSG00000103642	LACTB	S2_mrna_detected_only	0.674877	29	5.92902e-05	0.912797
ENSG00000103653	CSK	S2_mrna_detected_only	0.73202	29	6.38839e-06	0.948676
ENSG00000103657	HERC1	S2_mrna_detected_only	0.0615764	29	0.751005	0.158121
ENSG00000103671	TRIP4	S2_mrna_detected_only	0.16798	29	0.383741	0.274795
ENSG00000103707	MTFMT	S2_mrna_detected_only	0.45156	28	0.0158606	0.678661
ENSG00000103710	RASL12	S2_mrna_detected_only	0.676233	27	0.000107937	0.913375
ENSG00000103723	AP3B2	S2_mrna_detected_only	0.8	4	0.2	0.979513
ENSG00000103740	ACSBG1	S2_mrna_detected_only		3		
ENSG00000103769	RAB11A	S2_mrna_detected_only	-0.196162	29	0.307799	0.0234818
ENSG00000103811	CTSH	S2_mrna_detected_only	0.774384	29	8.24897e-07	0.968848
ENSG00000103855	CD276	S2_mrna_detected_only	0.466422	27	0.0141911	0.699464
ENSG00000103876	FAH	S2_mrna_detected_only	0.668966	29	7.26478e-05	0.908804
ENSG00000103932	RPAP1	S2_mrna_detected_only	0.389655	29	0.0366671	0.591511
ENSG00000103966	EHD4	S2_mrna_detected_only	0.212315	29	0.268845	0.33153
ENSG00000103978	TMEM87A	S2_mrna_detected_only	0.458621	29	0.0123407	0.68838
ENSG00000103994	ZNF106	S2_mrna_detected_only	-0.122579	29	0.526428	0.0454402
ENSG00000104047	DTWD1	S2_mrna_detected_only	0.123355	29	0.523795	0.223419
ENSG00000104055	TGM5	S2_mrna_detected_only		1		
ENSG00000104064	GABPB1	S2_mrna_detected_only	0.488232	28	0.00839157	0.727779
ENSG00000104067	TJP1	S2_mrna_detected_only	0.741379	29	4.20395e-06	0.953824
ENSG00000104081	BMF	S2_mrna_detected_only	0.35088	29	0.0620043	0.53651
ENSG00000104093	DMXL2	S2_mrna_detected_only	0.487863	26	0.0114613	0.727096
ENSG00000104112	SCG3	S2_mrna_detected_only	0.7	5	0.18812	0.93071
ENSG00000104129	DNAJC17	S2_mrna_detected_only	0.425123	29	0.0215082	0.644516
ENSG00000104131	EIF3J	S2_mrna_detected_only	0.144828	29	0.453508	0.24627
ENSG00000104133	SPG11	S2_mrna_detected_only	0.304433	29	0.108342	0.466852
ENSG00000104142	VPS18	S2_mrna_detected_only	0.330542	29	0.0798888	0.505621
ENSG00000104154	SLC30A4	S2_mrna_detected_only	0.325787	25	0.112005	0.499002
ENSG00000104164	BLOC1S6	S2_mrna_detected_only	0.20197	29	0.293406	0.315245
ENSG00000104205	SGK3	S2_mrna_detected_only	0.163054	29	0.39804	0.269227
ENSG00000104218	CSPP1	S2_mrna_detected_only	0.194888	29	0.311015	0.305579
ENSG00000104219	ZDHHC2	S2_mrna_detected_only	0.261803	29	0.170092	0.403709
ENSG00000104231	ZFAND1	S2_mrna_detected_only	0.123168	29	0.524428	0.222946
ENSG00000104237	RP1	S2_mrna_detected_only		1		
ENSG00000104267	CA2	S2_mrna_detected_only	0.371795	27	0.0561869	0.567924
ENSG00000104290	FZD3	S2_mrna_detected_only	-0.0387279	13	0.90004	0.0845241
ENSG00000104299	INTS9	S2_mrna_detected_only	0.0470717	28	0.811993	0.14399
ENSG00000104312	RIPK2	S2_mrna_detected_only	0.245278	28	0.208378	0.377758
ENSG00000104313	EYA1	S2_mrna_detected_only	0.872082	5	0.0538542	0.994432
ENSG00000104320	NBN	S2_mrna_detected_only	0.246305	29	0.197745	0.379859
ENSG00000104321	TRPA1	S2_mrna_detected_only	0.571429	7	0.180202	0.818975
ENSG00000104324	CPQ	S2_mrna_detected_only	0.325123	29	0.0852626	0.498161
ENSG00000104325	DECR1	S2_mrna_detected_only	0.739901	29	4.49632e-06	0.953194
ENSG00000104327	CALB1	S2_mrna_detected_only		3		
ENSG00000104331	IMPAD1	S2_mrna_detected_only	0.566502	29	0.00135638	0.814352
ENSG00000104343	UBE2W	S2_mrna_detected_only	0.134433	29	0.48689	0.236342
ENSG00000104356	POP1	S2_mrna_detected_only	0.29902	17	0.243655	0.458027
ENSG00000104361	NIPAL2	S2_mrna_detected_only	0.463507	29	0.0113286	0.695262
ENSG00000104365	IKBKB	S2_mrna_detected_only	0.482211	28	0.00935976	0.719584
ENSG00000104368	PLAT	S2_mrna_detected_only	0.343712	27	0.079191	0.525373
ENSG00000104375	STK3	S2_mrna_detected_only	0.676355	29	5.63138e-05	0.913585
ENSG00000104388	RAB2A	S2_mrna_detected_only	0.0857143	29	0.658419	0.181813
ENSG00000104408	EIF3E	S2_mrna_detected_only	0.0714286	29	0.71272	0.167682
ENSG00000104412	EMC2	S2_mrna_detected_only	0.172414	29	0.37113	0.280469
ENSG00000104413	ESRP1	S2_mrna_detected_only	0.26015	20	0.26798	0.401082
ENSG00000104419	NDRG1	S2_mrna_detected_only	0.659606	29	9.93193e-05	0.899769
ENSG00000104427	ZC2HC1A	S2_mrna_detected_only	0.452116	27	0.0179017	0.679817
ENSG00000104435	STMN2	S2_mrna_detected_only	0.132867	12	0.680598	0.235081
ENSG00000104442	ARMC1	S2_mrna_detected_only	0.393103	29	0.0348944	0.595188
ENSG00000104447	TRPS1	S2_mrna_detected_only	0.232468	21	0.31056	0.362103
ENSG00000104472	CHRAC1	S2_mrna_detected_only	0.000625269	29	0.997432	0.107743
ENSG00000104490	NCALD	S2_mrna_detected_only	0.455172	29	0.0130995	0.683652
ENSG00000104497	SNX16	S2_mrna_detected_only	0.526154	26	0.00576301	0.77385
ENSG00000104517	UBR5	S2_mrna_detected_only	0.429064	29	0.0202023	0.648981
ENSG00000104518	GSDMD	S2_mrna_detected_only	0.641379	29	0.000177267	0.884535
ENSG00000104522	TSTA3	S2_mrna_detected_only	0.59803	29	0.000611952	0.845398
ENSG00000104524	PYCRL	S2_mrna_detected_only	0.196817	21	0.39249	0.3081
ENSG00000104529	EEF1D	S2_mrna_detected_only	0.272906	29	0.152042	0.420782
ENSG00000104537	ANXA13	S2_mrna_detected_only	0.890909	10	0.000542144	0.996638
ENSG00000104549	SQLE	S2_mrna_detected_only	0.591206	29	0.000732045	0.838254
ENSG00000104611	SH2D4A	S2_mrna_detected_only	0.626923	25	0.000797554	0.871664
ENSG00000104613	INTS10	S2_mrna_detected_only	0.357635	29	0.0568125	0.546071
ENSG00000104626	ERI1	S2_mrna_detected_only	0.176793	28	0.368139	0.285302
ENSG00000104635	SLC39A14	S2_mrna_detected_only	0.8133	29	8.21084e-08	0.98361
ENSG00000104643	MTMR9	S2_mrna_detected_only	0.465201	27	0.0144806	0.697783
ENSG00000104671	DCTN6	S2_mrna_detected_only	0.372213	29	0.046772	0.568554
ENSG00000104679	R3HCC1	S2_mrna_detected_only	-0.0421637	29	0.828078	0.0824228
ENSG00000104687	GSR	S2_mrna_detected_only	0.230049	29	0.229928	0.358846
ENSG00000104691	UBXN8	S2_mrna_detected_only	0.31202	29	0.0993937	0.478304
ENSG00000104695	PPP2CB	S2_mrna_detected_only	0.421675	29	0.022707	0.640418
ENSG00000104714	ERICH1	S2_mrna_detected_only	0.235951	29	0.217862	0.366411
ENSG00000104722	NEFM	S2_mrna_detected_only	0.75	7	0.0521814	0.958184
ENSG00000104723	TUSC3	S2_mrna_detected_only	0.398129	29	0.0324351	0.604171
ENSG00000104728	ARHGEF10	S2_mrna_detected_only	0.450256	26	0.0209907	0.677611
ENSG00000104731	KLHDC4	S2_mrna_detected_only	0.10914	29	0.573045	0.207344
ENSG00000104738	MCM4	S2_mrna_detected_only	0.419814	28	0.026144	0.636688
ENSG00000104755	ADAM2	S2_mrna_detected_only		1		
ENSG00000104756	KCTD9	S2_mrna_detected_only	0.450031	29	0.0143029	0.677086
ENSG00000104760	FGL1	S2_mrna_detected_only		3		
ENSG00000104763	ASAH1	S2_mrna_detected_only	0.594581	29	0.000670285	0.841668
ENSG00000104765	BNIP3L	S2_mrna_detected_only	0.606725	29	0.000484164	0.851702
ENSG00000104774	MAN2B1	S2_mrna_detected_only	0.446798	29	0.0151056	0.671937
ENSG00000104805	NUCB1	S2_mrna_detected_only	0.572906	29	0.00116134	0.820235
ENSG00000104812	GYS1	S2_mrna_detected_only	0.155665	29	0.420046	0.259981
ENSG00000104814	MAP4K1	S2_mrna_detected_only	0.760971	18	0.000245003	0.96286
ENSG00000104818	CGB2	S2_mrna_detected_only		1		
ENSG00000104823	ECH1	S2_mrna_detected_only	0.360099	29	0.0550068	0.550483
ENSG00000104824	HNRNPL	S2_mrna_detected_only	0.359897	29	0.0551531	0.549958
ENSG00000104825	NFKBIB	S2_mrna_detected_only	-0.151382	28	0.441913	0.0357218
ENSG00000104833	TUBB4A	S2_mrna_detected_only	0.885714	6	0.0188455	0.996008
ENSG00000104835	SARS2	S2_mrna_detected_only	-0.00886809	29	0.963584	0.102385
ENSG00000104852	SNRNP70	S2_mrna_detected_only	0.0152709	29	0.937332	0.119983
ENSG00000104853	CLPTM1	S2_mrna_detected_only	0.34532	29	0.0665487	0.527895
ENSG00000104856	RELB	S2_mrna_detected_only	0.176154	25	0.399624	0.284881
ENSG00000104859	CLASRP	S2_mrna_detected_only	0.334402	29	0.0762216	0.511715
ENSG00000104866	PPP1R37	S2_mrna_detected_only	0.254824	28	0.190651	0.394148
ENSG00000104870	FCGRT	S2_mrna_detected_only	0.623645	29	0.000300873	0.868355
ENSG00000104872	PIH1D1	S2_mrna_detected_only	-0.11133	29	0.565324	0.0489073
ENSG00000104879	CKM	S2_mrna_detected_only	0.5	5	0.391002	0.741437
ENSG00000104880	ARHGEF18	S2_mrna_detected_only	0.0963328	28	0.625804	0.193055
ENSG00000104881	PPP1R13L	S2_mrna_detected_only	0.518462	25	0.00792688	0.766075
ENSG00000104883	PEX11G	S2_mrna_detected_only	0.423179	14	0.13164	0.642204
ENSG00000104884	ERCC2	S2_mrna_detected_only	0.313793	29	0.0973845	0.480511
ENSG00000104886	PLEKHJ1	S2_mrna_detected_only	-0.0440363	29	0.820563	0.0807418
ENSG00000104888	SLC17A7	S2_mrna_detected_only	0.492833	6	0.320601	0.732927
ENSG00000104889	RNASEH2A	S2_mrna_detected_only	0.361128	29	0.0542654	0.552585
ENSG00000104892	KLC3	S2_mrna_detected_only	-0.4	4	0.6	0.00220635
ENSG00000104894	CD37	S2_mrna_detected_only	0.557524	25	0.00378555	0.806419
ENSG00000104897	SF3A2	S2_mrna_detected_only	-0.000246336	29	0.998988	0.107481
ENSG00000104907	TRMT1	S2_mrna_detected_only	0.221729	29	0.247687	0.346239
ENSG00000104915	STX10	S2_mrna_detected_only	0.146305	29	0.448863	0.248634
ENSG00000104918	RETN	S2_mrna_detected_only	-0.3	5	0.623838	0.0080374
ENSG00000104921	FCER2	S2_mrna_detected_only	0.47001	9	0.201719	0.704034
ENSG00000104938	CLEC4M	S2_mrna_detected_only		3		
ENSG00000104941	RSPH6A	S2_mrna_detected_only		1		
ENSG00000104946	TBC1D17	S2_mrna_detected_only	0.147291	29	0.445781	0.249737
ENSG00000104957	CCDC130	S2_mrna_detected_only	0.0219565	29	0.909989	0.124764
ENSG00000104960	PTOV1	S2_mrna_detected_only	-0.0499544	29	0.796916	0.0760139
ENSG00000104964	AES	S2_mrna_detected_only	0.264039	29	0.166341	0.406493
ENSG00000104967	NOVA2	S2_mrna_detected_only	0.450469	7	0.310429	0.677874
ENSG00000104969	SGTA	S2_mrna_detected_only	0.184236	29	0.338706	0.293654
ENSG00000104973	MED25	S2_mrna_detected_only	-0.125052	29	0.518053	0.04502
ENSG00000104976	SNAPC2	S2_mrna_detected_only	-0.0667707	28	0.735675	0.0679239
ENSG00000104980	TIMM44	S2_mrna_detected_only	0.40202	29	0.0306288	0.611053
ENSG00000104983	CCDC61	S2_mrna_detected_only	0.30925	28	0.109305	0.474207
ENSG00000105011	ASF1B	S2_mrna_detected_only	0.783591	20	4.37035e-05	0.973576
ENSG00000105048	TNNT1	S2_mrna_detected_only	0.383406	9	0.308396	0.582896
ENSG00000105053	VRK3	S2_mrna_detected_only	0.550739	29	0.001962	0.799065
ENSG00000105058	FAM32A	S2_mrna_detected_only	0.427515	29	0.0207076	0.647457
ENSG00000105063	PPP6R1	S2_mrna_detected_only	0.505911	29	0.00511156	0.74979
ENSG00000105072	C19orf44	S2_mrna_detected_only	0.301364	19	0.209902	0.461494
ENSG00000105127	AKAP8	S2_mrna_detected_only	0.181773	29	0.345315	0.29066
ENSG00000105131	EPHX3	S2_mrna_detected_only	-0.0890871	7	0.849361	0.0578903
ENSG00000105135	ILVBL	S2_mrna_detected_only	0.548276	29	0.00207514	0.79565
ENSG00000105137	SYDE1	S2_mrna_detected_only	0.53284	24	0.00734438	0.780048
ENSG00000105171	POP4	S2_mrna_detected_only	0.298316	28	0.123092	0.456976
ENSG00000105176	URI1	S2_mrna_detected_only	0.351232	29	0.0617253	0.537035
ENSG00000105185	PDCD5	S2_mrna_detected_only	0.15665	29	0.417074	0.261925
ENSG00000105186	ANKRD27	S2_mrna_detected_only	0.350579	29	0.0622439	0.535879
ENSG00000105193	RPS16	S2_mrna_detected_only	0.148276	29	0.44271	0.251471
ENSG00000105197	TIMM50	S2_mrna_detected_only	0.229557	29	0.230955	0.358163
ENSG00000105198	LGALS13	S2_mrna_detected_only		1		
ENSG00000105202	FBL	S2_mrna_detected_only	0.338916	29	0.0720991	0.518439
ENSG00000105204	DYRK1B	S2_mrna_detected_only	0.550506	28	0.00240169	0.79875
ENSG00000105220	GPI	S2_mrna_detected_only	0.642365	29	0.000171966	0.88527
ENSG00000105221	AKT2	S2_mrna_detected_only	0.754187	29	2.30255e-06	0.960076
ENSG00000105223	PLD3	S2_mrna_detected_only	0.242365	29	0.205245	0.374186
ENSG00000105229	PIAS4	S2_mrna_detected_only	0.271734	29	0.15388	0.419468
ENSG00000105245	NUMBL	S2_mrna_detected_only	0.389231	25	0.0544625	0.591143
ENSG00000105246	EBI3	S2_mrna_detected_only	0.180336	18	0.473943	0.288979
ENSG00000105248	CCDC94	S2_mrna_detected_only	0.426407	29	0.0210753	0.645776
ENSG00000105251	SHD	S2_mrna_detected_only	0.400892	7	0.372769	0.608636
ENSG00000105254	TBCB	S2_mrna_detected_only	0.403744	29	0.0298548	0.614993
ENSG00000105255	FSD1	S2_mrna_detected_only		2		
ENSG00000105258	POLR2I	S2_mrna_detected_only	-0.103707	29	0.592399	0.0517441
ENSG00000105278	ZFR2	S2_mrna_detected_only		2		
ENSG00000105281	SLC1A5	S2_mrna_detected_only	0.812662	29	8.56361e-08	0.983137
ENSG00000105287	PRKD2	S2_mrna_detected_only	0.44335	29	0.0160026	0.667262
ENSG00000105290	APLP1	S2_mrna_detected_only	0.572727	11	0.0655431	0.819815
ENSG00000105298	CACTIN	S2_mrna_detected_only	0.250769	25	0.226628	0.387319
ENSG00000105321	CCDC9	S2_mrna_detected_only	0.127094	29	0.51119	0.227674
ENSG00000105323	HNRNPUL1	S2_mrna_detected_only	0.700985	29	2.28271e-05	0.931341
ENSG00000105325	FZR1	S2_mrna_detected_only	-0.137403	29	0.477225	0.0405022
ENSG00000105329	TGFB1	S2_mrna_detected_only	0.436453	29	0.0179293	0.657859
ENSG00000105339	DENND3	S2_mrna_detected_only	0.619829	26	0.000732289	0.865255
ENSG00000105341	ATP5SL	S2_mrna_detected_only	0.00296849	29	0.987807	0.109845
ENSG00000105352	CEACAM4	S2_mrna_detected_only	0.8	4	0.2	0.979513
ENSG00000105355	PLIN3	S2_mrna_detected_only	0.73202	29	6.38839e-06	0.948676
ENSG00000105364	MRPL4	S2_mrna_detected_only	0.159606	29	0.408227	0.265655
ENSG00000105369	CD79A	S2_mrna_detected_only	0.479607	20	0.0323641	0.715854
ENSG00000105372	RPS19	S2_mrna_detected_only	0.355665	29	0.0582902	0.543602
ENSG00000105373	GLTSCR2	S2_mrna_detected_only	0.295438	29	0.119717	0.452879
ENSG00000105376	ICAM5	S2_mrna_detected_only		1		
ENSG00000105379	ETFB	S2_mrna_detected_only	0.408374	29	0.0278547	0.621717
ENSG00000105388	CEACAM5	S2_mrna_detected_only	0.659499	14	0.0102894	0.899611
ENSG00000105393	BABAM1	S2_mrna_detected_only	0.0142857	29	0.941368	0.118827
ENSG00000105397	TYK2	S2_mrna_detected_only	0.128571	29	0.506249	0.229775
ENSG00000105398	SULT2A1	S2_mrna_detected_only	1	5	1.40427e-24	1
ENSG00000105401	CDC37	S2_mrna_detected_only	0.0773399	29	0.690066	0.172883
ENSG00000105402	NAPA	S2_mrna_detected_only	0.455172	29	0.0130995	0.683652
ENSG00000105404	RABAC1	S2_mrna_detected_only	-0.292632	29	0.12344	0.0095083
ENSG00000105409	ATP1A3	S2_mrna_detected_only	0.9	5	0.0373861	0.997163
ENSG00000105426	PTPRS	S2_mrna_detected_only	0.600122	27	0.000935936	0.847079
ENSG00000105438	KDELR1	S2_mrna_detected_only	0.0192118	29	0.921204	0.123083
ENSG00000105443	CYTH2	S2_mrna_detected_only	0.219275	29	0.253093	0.341406
ENSG00000105447	GRWD1	S2_mrna_detected_only	-0.0118227	29	0.951464	0.100756
ENSG00000105472	CLEC11A	S2_mrna_detected_only	0.462571	18	0.0532464	0.694316
ENSG00000105479	CCDC114	S2_mrna_detected_only		2		
ENSG00000105483	CARD8	S2_mrna_detected_only	0.635468	28	0.00027957	0.878704
ENSG00000105486	LIG1	S2_mrna_detected_only	0.508014	27	0.00682385	0.752311
ENSG00000105492	SIGLEC6	S2_mrna_detected_only	0.067182	12	0.83566	0.163953
ENSG00000105499	PLA2G4C	S2_mrna_detected_only	0.374316	26	0.0595758	0.571496
ENSG00000105501	SIGLEC5	S2_mrna_detected_only	0.9	5	0.0373861	0.997163
ENSG00000105514	RAB3D	S2_mrna_detected_only	0.423098	28	0.0248778	0.641784
ENSG00000105516	DBP	S2_mrna_detected_only	0.360052	25	0.0770714	0.550168
ENSG00000105518	TMEM205	S2_mrna_detected_only	0.648276	29	0.000143006	0.890418
ENSG00000105519	CAPS	S2_mrna_detected_only	0.553724	27	0.00273185	0.802322
ENSG00000105520	PLPPR2	S2_mrna_detected_only	0.316228	29	0.0946761	0.485974
ENSG00000105523	FAM83E	S2_mrna_detected_only	0.807373	11	0.00265676	0.981456
ENSG00000105552	BCAT2	S2_mrna_detected_only	0.557635	29	0.00167312	0.806524
ENSG00000105556	MIER2	S2_mrna_detected_only	0.0106731	22	0.962401	0.115308
ENSG00000105559	PLEKHA4	S2_mrna_detected_only	-0.256641	27	0.196282	0.013921
ENSG00000105568	PPP2R1A	S2_mrna_detected_only	0.464039	29	0.0112227	0.695787
ENSG00000105576	TNPO2	S2_mrna_detected_only	0.396552	29	0.0331914	0.600704
ENSG00000105605	CACNG7	S2_mrna_detected_only		1		
ENSG00000105607	GCDH	S2_mrna_detected_only	0.437931	29	0.0175011	0.659802
ENSG00000105612	DNASE2	S2_mrna_detected_only	0.122167	29	0.527828	0.221528
ENSG00000105613	MAST1	S2_mrna_detected_only		2		
ENSG00000105617	LENG1	S2_mrna_detected_only	-0.037443	29	0.847088	0.0849443
ENSG00000105618	PRPF31	S2_mrna_detected_only	0.362069	29	0.0535949	0.554161
ENSG00000105619	TFPT	S2_mrna_detected_only	0.0231584	29	0.905084	0.126024
ENSG00000105640	RPL18A	S2_mrna_detected_only	0.0320197	29	0.869032	0.131855
ENSG00000105641	SLC5A5	S2_mrna_detected_only		2		
ENSG00000105647	PIK3R2	S2_mrna_detected_only	0.250739	29	0.189537	0.387004
ENSG00000105649	RAB3A	S2_mrna_detected_only	0.413689	20	0.069805	0.629386
ENSG00000105656	ELL	S2_mrna_detected_only	-0.221456	29	0.248286	0.0187539
ENSG00000105662	CRTC1	S2_mrna_detected_only	0.0736348	23	0.738455	0.169468
ENSG00000105664	COMP	S2_mrna_detected_only	0.8	9	0.00962792	0.979513
ENSG00000105668	UPK1A	S2_mrna_detected_only	0.258199	4	0.741801	0.398613
ENSG00000105669	COPE	S2_mrna_detected_only	0.151232	29	0.433567	0.255358
ENSG00000105671	DDX49	S2_mrna_detected_only	0.352217	29	0.0609486	0.538769
ENSG00000105676	ARMC6	S2_mrna_detected_only	0.413793	28	0.0286014	0.629807
ENSG00000105677	TMEM147	S2_mrna_detected_only	-0.0152728	29	0.937324	0.0990229
ENSG00000105679	GAPDHS	S2_mrna_detected_only		1		
ENSG00000105695	MAG	S2_mrna_detected_only	1	4	0	1
ENSG00000105697	HAMP	S2_mrna_detected_only	0.57735	8	0.133975	0.824123
ENSG00000105698	USF2	S2_mrna_detected_only	0.304926	29	0.107744	0.467483
ENSG00000105699	LSR	S2_mrna_detected_only	0.468473	29	0.0103721	0.702774
ENSG00000105700	KXD1	S2_mrna_detected_only	-0.00394089	29	0.983813	0.104696
ENSG00000105701	FKBP8	S2_mrna_detected_only	-0.191133	29	0.320611	0.0245325
ENSG00000105705	SUGP1	S2_mrna_detected_only	0.306513	28	0.112642	0.470635
ENSG00000105707	HPN	S2_mrna_detected_only	0.209998	12	0.512415	0.326802
ENSG00000105708	ZNF14	S2_mrna_detected_only	0.147743	27	0.462086	0.25021
ENSG00000105722	ERF	S2_mrna_detected_only	0.544402	29	0.0022645	0.792236
ENSG00000105723	GSK3A	S2_mrna_detected_only	0.368473	29	0.0492026	0.563616
ENSG00000105726	ATP13A1	S2_mrna_detected_only	0.0546798	29	0.77816	0.151555
ENSG00000105732	ZNF574	S2_mrna_detected_only	0.0152785	29	0.937301	0.120246
ENSG00000105738	SIPA1L3	S2_mrna_detected_only	0.458675	28	0.0140905	0.688748
ENSG00000105755	ETHE1	S2_mrna_detected_only	0.570443	29	0.00123325	0.817451
ENSG00000105771	SMG9	S2_mrna_detected_only	0.593103	29	0.000696739	0.840198
ENSG00000105778	AVL9	S2_mrna_detected_only	0.399064	29	0.0319934	0.605747
ENSG00000105792	CFAP69	S2_mrna_detected_only	0.543557	13	0.0548596	0.79108
ENSG00000105793	GTPBP10	S2_mrna_detected_only	0.277167	27	0.161617	0.426508
ENSG00000105808	RASA4	S2_mrna_detected_only	0.52381	28	0.00422543	0.771538
ENSG00000105810	CDK6	S2_mrna_detected_only	0.220197	29	0.251054	0.342877
ENSG00000105819	PMPCB	S2_mrna_detected_only	0.572906	29	0.00116134	0.820235
ENSG00000105821	DNAJC2	S2_mrna_detected_only	0.317527	29	0.0932545	0.48839
ENSG00000105825	TFPI2	S2_mrna_detected_only	0.277484	20	0.236224	0.427558
ENSG00000105829	BET1	S2_mrna_detected_only	0.448276	29	0.0147341	0.674511
ENSG00000105835	NAMPT	S2_mrna_detected_only	0.661084	29	9.46018e-05	0.90124
ENSG00000105849	TWISTNB	S2_mrna_detected_only	-0.19339	29	0.31482	0.0241122
ENSG00000105851	PIK3CG	S2_mrna_detected_only	0.747549	17	0.000561238	0.956766
ENSG00000105852	PON3	S2_mrna_detected_only	0.620588	16	0.0103135	0.866358
ENSG00000105854	PON2	S2_mrna_detected_only	0.656158	29	0.000111149	0.896985
ENSG00000105855	ITGB8	S2_mrna_detected_only	0.346429	23	0.105368	0.529576
ENSG00000105856	HBP1	S2_mrna_detected_only	0.145392	29	0.451732	0.246953
ENSG00000105866	SP4	S2_mrna_detected_only	0.358905	27	0.0659917	0.548382
ENSG00000105875	WDR91	S2_mrna_detected_only	0.445923	29	0.0153292	0.670939
ENSG00000105877	DNAH11	S2_mrna_detected_only		1		
ENSG00000105879	CBLL1	S2_mrna_detected_only	0.295567	29	0.119548	0.453089
ENSG00000105887	MTPN	S2_mrna_detected_only	0.590148	29	0.000752402	0.837256
ENSG00000105894	PTN	S2_mrna_detected_only	0.525857	29	0.00339192	0.773534
ENSG00000105928	DFNA5	S2_mrna_detected_only	0.700904	25	9.5237e-05	0.931236
ENSG00000105929	ATP6V0A4	S2_mrna_detected_only	0.6	4	0.4	0.846922
ENSG00000105939	ZC3HAV1	S2_mrna_detected_only	0.284072	28	0.142917	0.437487
ENSG00000105953	OGDH	S2_mrna_detected_only	0.457143	29	0.0126613	0.686384
ENSG00000105963	ADAP1	S2_mrna_detected_only	0.511011	22	0.0150796	0.756672
ENSG00000105968	H2AFV	S2_mrna_detected_only	0.129064	29	0.504607	0.230668
ENSG00000105971	CAV2	S2_mrna_detected_only	0.251848	29	0.187521	0.38879
ENSG00000105974	CAV1	S2_mrna_detected_only	0.618719	29	0.000346542	0.864205
ENSG00000105976	MET	S2_mrna_detected_only	0.328547	26	0.101269	0.502889
ENSG00000105983	LMBR1	S2_mrna_detected_only	0.229256	29	0.231585	0.357691
ENSG00000105989	WNT2	S2_mrna_detected_only	0.622766	8	0.0991008	0.867934
ENSG00000105993	DNAJB6	S2_mrna_detected_only	0.516256	29	0.00414477	0.763291
ENSG00000106003	LFNG	S2_mrna_detected_only	0.348376	26	0.0811373	0.532307
ENSG00000106004	HOXA5	S2_mrna_detected_only	0.0410112	19	0.867608	0.138737
ENSG00000106009	BRAT1	S2_mrna_detected_only	0.249316	26	0.219352	0.384587
ENSG00000106012	IQCE	S2_mrna_detected_only	0.0107275	28	0.956793	0.115518
ENSG00000106013	ANKRD7	S2_mrna_detected_only		1		
ENSG00000106028	SSBP1	S2_mrna_detected_only	-0.237438	29	0.21489	0.0161273
ENSG00000106034	CPED1	S2_mrna_detected_only	0.0997459	26	0.627815	0.196522
ENSG00000106049	HIBADH	S2_mrna_detected_only	0.733498	29	5.98678e-06	0.949937
ENSG00000106052	TAX1BP1	S2_mrna_detected_only	0.139409	29	0.470755	0.241437
ENSG00000106066	CPVL	S2_mrna_detected_only	0.669403	28	9.80179e-05	0.909382
ENSG00000106070	GRB10	S2_mrna_detected_only	0.464532	29	0.0111254	0.696522
ENSG00000106077	ABHD11	S2_mrna_detected_only	0.689655	29	3.49562e-05	0.92241
ENSG00000106080	FKBP14	S2_mrna_detected_only	0.29519	28	0.12726	0.452669
ENSG00000106105	GARS	S2_mrna_detected_only	0.483251	29	0.00791685	0.721055
ENSG00000106123	EPHB6	S2_mrna_detected_only	0.0995987	19	0.684979	0.196207
ENSG00000106125	FAM188B	S2_mrna_detected_only	-0.0239601	22	0.915711	0.0940849
ENSG00000106144	CASP2	S2_mrna_detected_only	0.63399	29	0.00022186	0.877548
ENSG00000106153	CHCHD2	S2_mrna_detected_only	0.113793	29	0.556698	0.212597
ENSG00000106211	HSPB1	S2_mrna_detected_only	0.527094	29	0.00330406	0.77469
ENSG00000106236	NPTX2	S2_mrna_detected_only	0.320355	12	0.310017	0.492593
ENSG00000106244	PDAP1	S2_mrna_detected_only	-0.0339901	29	0.861047	0.087676
ENSG00000106245	BUD31	S2_mrna_detected_only	0.175145	29	0.363483	0.283726
ENSG00000106258	CYP3A5	S2_mrna_detected_only	0.662003	16	0.00521176	0.902238
ENSG00000106261	ZKSCAN1	S2_mrna_detected_only	0.548276	29	0.00207514	0.79565
ENSG00000106263	EIF3B	S2_mrna_detected_only	0.117734	29	0.543022	0.216222
ENSG00000106266	SNX8	S2_mrna_detected_only	0.467643	27	0.0139063	0.702196
ENSG00000106268	NUDT1	S2_mrna_detected_only	0.549754	29	0.0020066	0.797647
ENSG00000106278	PTPRZ1	S2_mrna_detected_only	0.9	5	0.0373861	0.997163
ENSG00000106290	TAF6	S2_mrna_detected_only	0.145849	29	0.450296	0.248004
ENSG00000106299	WASL	S2_mrna_detected_only	0.462562	29	0.0115188	0.693738
ENSG00000106305	AIMP2	S2_mrna_detected_only	0.345813	29	0.0661359	0.52884
ENSG00000106327	TFR2	S2_mrna_detected_only		2		
ENSG00000106330	MOSPD3	S2_mrna_detected_only	0.140658	28	0.475277	0.242435
ENSG00000106344	RBM28	S2_mrna_detected_only	-0.396354	29	0.0332871	0.00225888
ENSG00000106346	USP42	S2_mrna_detected_only	-0.0416739	27	0.836489	0.082843
ENSG00000106348	IMPDH1	S2_mrna_detected_only	0.758451	28	2.91938e-06	0.961809
ENSG00000106351	AGFG2	S2_mrna_detected_only	0.343885	29	0.0677631	0.526108
ENSG00000106355	LSM5	S2_mrna_detected_only	0.109852	29	0.570529	0.208184
ENSG00000106366	SERPINE1	S2_mrna_detected_only	0.161098	27	0.422124	0.26681
ENSG00000106367	AP1S1	S2_mrna_detected_only	0.455172	29	0.0130995	0.683652
ENSG00000106384	MOGAT3	S2_mrna_detected_only	0.737865	4	0.262135	0.952196
ENSG00000106392	C1GALT1	S2_mrna_detected_only	0.426601	29	0.0210106	0.646197
ENSG00000106397	PLOD3	S2_mrna_detected_only	0.40936	29	0.0274434	0.622557
ENSG00000106399	RPA3	S2_mrna_detected_only	0.216283	29	0.25979	0.337518
ENSG00000106400	ZNHIT1	S2_mrna_detected_only	0.037564	29	0.8466	0.135585
ENSG00000106404	CLDN15	S2_mrna_detected_only	0.200618	25	0.33627	0.314089
ENSG00000106415	GLCCI1	S2_mrna_detected_only	0.530256	26	0.00532857	0.777527
ENSG00000106443	PHF14	S2_mrna_detected_only	0.267488	29	0.160671	0.412692
ENSG00000106459	NRF1	S2_mrna_detected_only	0.424557	27	0.0272936	0.643465
ENSG00000106460	TMEM106B	S2_mrna_detected_only	0.0640394	29	0.741376	0.161116
ENSG00000106477	CEP41	S2_mrna_detected_only	-0.0225564	20	0.924798	0.0951355
ENSG00000106483	SFRP4	S2_mrna_detected_only	0.761698	24	1.53241e-05	0.9637
ENSG00000106484	MEST	S2_mrna_detected_only	0.7	29	2.3707e-05	0.93071
ENSG00000106524	ANKMY2	S2_mrna_detected_only	0.493103	29	0.00656891	0.733663
ENSG00000106537	TSPAN13	S2_mrna_detected_only	0.758551	29	1.86002e-06	0.961914
ENSG00000106546	AHR	S2_mrna_detected_only	0.753202	29	2.41476e-06	0.95934
ENSG00000106554	CHCHD3	S2_mrna_detected_only	0.271921	29	0.153586	0.419994
ENSG00000106560	GIMAP2	S2_mrna_detected_only	0.535411	28	0.00332418	0.782885
ENSG00000106565	TMEM176B	S2_mrna_detected_only	0.778421	29	6.63511e-07	0.970897
ENSG00000106588	PSMA2	S2_mrna_detected_only	0.231527	29	0.226866	0.360738
ENSG00000106591	MRPL32	S2_mrna_detected_only	0.132085	29	0.494599	0.23361
ENSG00000106603	COA1	S2_mrna_detected_only	0.159726	29	0.407869	0.265917
ENSG00000106605	BLVRA	S2_mrna_detected_only	0.500493	29	0.00569043	0.741805
ENSG00000106608	URGCP	S2_mrna_detected_only	0.0741471	29	0.702271	0.170046
ENSG00000106609	TMEM248	S2_mrna_detected_only	0.0649255	29	0.737921	0.162061
ENSG00000106615	RHEB	S2_mrna_detected_only	0.550314	29	0.00198113	0.798592
ENSG00000106617	PRKAG2	S2_mrna_detected_only	0.284729	29	0.13438	0.438643
ENSG00000106624	AEBP1	S2_mrna_detected_only	0.627586	29	0.000268248	0.872767
ENSG00000106628	POLD2	S2_mrna_detected_only	0.152217	29	0.430542	0.256514
ENSG00000106631	MYL7	S2_mrna_detected_only	0.3	5	0.623838	0.45934
ENSG00000106633	GCK	S2_mrna_detected_only		3		
ENSG00000106635	BCL7B	S2_mrna_detected_only	0.30589	29	0.106579	0.468743
ENSG00000106636	YKT6	S2_mrna_detected_only	0.209852	29	0.274569	0.326487
ENSG00000106638	TBL2	S2_mrna_detected_only	0.549329	29	0.00202611	0.797069
ENSG00000106682	EIF4H	S2_mrna_detected_only	0.45917	29	0.0122234	0.689273
ENSG00000106683	LIMK1	S2_mrna_detected_only	0.679256	28	7.05036e-05	0.915896
ENSG00000106686	SPATA6L	S2_mrna_detected_only		3		
ENSG00000106689	LHX2	S2_mrna_detected_only		1		
ENSG00000106723	SPIN1	S2_mrna_detected_only	0.478325	29	0.00867396	0.713858
ENSG00000106733	NMRK1	S2_mrna_detected_only	0.393103	29	0.0348944	0.595188
ENSG00000106771	TMEM245	S2_mrna_detected_only	0.279803	29	0.141547	0.431183
ENSG00000106772	PRUNE2	S2_mrna_detected_only	0.783077	25	3.69946e-06	0.973261
ENSG00000106780	MEGF9	S2_mrna_detected_only	0.503705	29	0.00534087	0.747058
ENSG00000106785	TRIM14	S2_mrna_detected_only	0.264319	26	0.19195	0.407071
ENSG00000106799	TGFBR1	S2_mrna_detected_only	0.180741	29	0.348107	0.289189
ENSG00000106803	SEC61B	S2_mrna_detected_only	0.403448	29	0.0299866	0.614362
ENSG00000106804	C5	S2_mrna_detected_only	-0.326893	26	0.103102	0.00551586
ENSG00000106823	ECM2	S2_mrna_detected_only	0.481679	27	0.0109595	0.718796
ENSG00000106853	PTGR1	S2_mrna_detected_only	0.851232	29	4.856e-09	0.99149
ENSG00000106927	AMBP	S2_mrna_detected_only	-0.5	5	0.391002	0.000420256
ENSG00000106948	AKNA	S2_mrna_detected_only	0.814017	26	4.2257e-07	0.983768
ENSG00000106976	DNM1	S2_mrna_detected_only	0.410706	19	0.080686	0.625289
ENSG00000106991	ENG	S2_mrna_detected_only	0.647291	29	0.000147509	0.889998
ENSG00000106992	AK1	S2_mrna_detected_only	0.537438	29	0.00264255	0.785774
ENSG00000106993	CDC37L1	S2_mrna_detected_only	0.510345	29	0.00467598	0.755306
ENSG00000107020	PLGRKT	S2_mrna_detected_only	0.496059	29	0.00620463	0.73734
ENSG00000107021	TBC1D13	S2_mrna_detected_only	0.16135	29	0.403057	0.267283
ENSG00000107036	RIC1	S2_mrna_detected_only	0.0123213	29	0.949419	0.117094
ENSG00000107077	KDM4C	S2_mrna_detected_only	-0.0514831	29	0.790836	0.0747531
ENSG00000107099	DOCK8	S2_mrna_detected_only	0.718291	26	3.59124e-05	0.940901
ENSG00000107104	KANK1	S2_mrna_detected_only	0.683744	29	4.33383e-05	0.919573
ENSG00000107105	ELAVL2	S2_mrna_detected_only		3		
ENSG00000107130	NCS1	S2_mrna_detected_only	0.706957	24	0.000112321	0.935018
ENSG00000107140	TESK1	S2_mrna_detected_only	0.031999	29	0.869116	0.131698
ENSG00000107147	KCNT1	S2_mrna_detected_only		2		
ENSG00000107159	CA9	S2_mrna_detected_only	0.4	4	0.6	0.607165
ENSG00000107164	FUBP3	S2_mrna_detected_only	0.521	29	0.00375662	0.768491
ENSG00000107185	RGP1	S2_mrna_detected_only	0.0975925	29	0.614515	0.194526
ENSG00000107201	DDX58	S2_mrna_detected_only	0.417408	28	0.0271046	0.634009
ENSG00000107223	EDF1	S2_mrna_detected_only	-0.0344828	29	0.859053	0.0873083
ENSG00000107242	PIP5K1B	S2_mrna_detected_only	0.467136	27	0.0140241	0.700935
ENSG00000107262	BAG1	S2_mrna_detected_only	0.352709	29	0.0605632	0.539452
ENSG00000107263	RAPGEF1	S2_mrna_detected_only	0.172681	29	0.370376	0.280784
ENSG00000107282	APBA1	S2_mrna_detected_only	-0.0195489	20	0.934803	0.0969216
ENSG00000107290	SETX	S2_mrna_detected_only	0.290712	29	0.126034	0.44752
ENSG00000107295	SH3GL2	S2_mrna_detected_only	0.763636	11	0.00623306	0.964436
ENSG00000107338	SHB	S2_mrna_detected_only	0.660644	29	9.59835e-05	0.901082
ENSG00000107341	UBE2R2	S2_mrna_detected_only	0.191133	29	0.320611	0.302164
ENSG00000107362	ABHD17B	S2_mrna_detected_only	0.394776	29	0.0340599	0.597657
ENSG00000107371	EXOSC3	S2_mrna_detected_only	0.0536472	28	0.786293	0.150714
ENSG00000107372	ZFAND5	S2_mrna_detected_only	0.237221	29	0.215322	0.368827
ENSG00000107404	DVL1	S2_mrna_detected_only	0.0862069	29	0.656575	0.182391
ENSG00000107438	PDLIM1	S2_mrna_detected_only	0.642857	29	0.000169368	0.885638
ENSG00000107521	HPS1	S2_mrna_detected_only	0.250138	29	0.190635	0.385743
ENSG00000107537	PHYH	S2_mrna_detected_only	0.793596	29	2.80666e-07	0.977411
ENSG00000107551	RASSF4	S2_mrna_detected_only	0.108767	29	0.574367	0.206503
ENSG00000107554	DNMBP	S2_mrna_detected_only	0.420197	29	0.0232373	0.637844
ENSG00000107560	RAB11FIP2	S2_mrna_detected_only	0.586528	28	0.00103678	0.833526
ENSG00000107562	CXCL12	S2_mrna_detected_only	0.230163	29	0.229692	0.359162
ENSG00000107566	ERLIN1	S2_mrna_detected_only	0.767488	29	1.18462e-06	0.966222
ENSG00000107581	EIF3A	S2_mrna_detected_only	0.209852	29	0.274569	0.326487
ENSG00000107611	CUBN	S2_mrna_detected_only	0.2	6	0.704	0.313406
ENSG00000107625	DDX50	S2_mrna_detected_only	0.508867	29	0.00481751	0.753835
ENSG00000107643	MAPK8	S2_mrna_detected_only	0.449261	29	0.0144907	0.675982
ENSG00000107651	SEC23IP	S2_mrna_detected_only	0.124138	29	0.521142	0.224417
ENSG00000107669	ATE1	S2_mrna_detected_only	0.221128	28	0.258132	0.344558
ENSG00000107672	NSMCE4A	S2_mrna_detected_only	0.153202	29	0.427528	0.257302
ENSG00000107679	PLEKHA1	S2_mrna_detected_only	0.580788	29	0.000955155	0.828535
ENSG00000107719	PALD1	S2_mrna_detected_only	-0.022906	26	0.911562	0.0948203
ENSG00000107731	UNC5B	S2_mrna_detected_only	0.395762	25	0.0501946	0.599128
ENSG00000107738	C10orf54	S2_mrna_detected_only	0.565072	29	0.00140365	0.812828
ENSG00000107745	MICU1	S2_mrna_detected_only	0.382266	29	0.0407094	0.581372
ENSG00000107758	PPP3CB	S2_mrna_detected_only	0.445129	29	0.0155345	0.669311
ENSG00000107771	CCSER2	S2_mrna_detected_only	0.408138	29	0.0279539	0.621296
ENSG00000107789	MINPP1	S2_mrna_detected_only	0.478384	29	0.00866455	0.714226
ENSG00000107796	ACTA2	S2_mrna_detected_only	0.230049	29	0.229928	0.358846
ENSG00000107798	LIPA	S2_mrna_detected_only	0.502463	29	0.0054738	0.744957
ENSG00000107807	TLX1	S2_mrna_detected_only		2		
ENSG00000107815	C10orf2	S2_mrna_detected_only	0.281646	27	0.15467	0.433547
ENSG00000107816	LZTS2	S2_mrna_detected_only	0.0956136	29	0.621745	0.1919
ENSG00000107819	SFXN3	S2_mrna_detected_only	0.484236	29	0.00777232	0.722105
ENSG00000107829	FBXW4	S2_mrna_detected_only	0.101862	29	0.599037	0.198308
ENSG00000107833	NPM3	S2_mrna_detected_only	0.239438	29	0.210938	0.371559
ENSG00000107862	GBF1	S2_mrna_detected_only	-0.174384	29	0.365603	0.0288401
ENSG00000107863	ARHGAP21	S2_mrna_detected_only	0.319212	29	0.0914347	0.490807
ENSG00000107864	CPEB3	S2_mrna_detected_only	0.606703	26	0.00101619	0.851597
ENSG00000107872	FBXL15	S2_mrna_detected_only	0.311983	12	0.323537	0.478094
ENSG00000107874	CUEDC2	S2_mrna_detected_only	0.171019	29	0.37507	0.279208
ENSG00000107882	SUFU	S2_mrna_detected_only	0.488779	28	0.00830789	0.728199
ENSG00000107897	ACBD5	S2_mrna_detected_only	0.904762	28	3.91594e-11	0.997321
ENSG00000107902	LHPP	S2_mrna_detected_only	0.597537	29	0.000620003	0.844768
ENSG00000107929	LARP4B	S2_mrna_detected_only	0.231034	29	0.227884	0.360212
ENSG00000107937	GTPBP4	S2_mrna_detected_only	0.175369	29	0.362858	0.283988
ENSG00000107938	EDRF1	S2_mrna_detected_only	-0.109669	27	0.586072	0.049958
ENSG00000107949	BCCIP	S2_mrna_detected_only	0.161576	29	0.402388	0.267598
ENSG00000107951	MTPAP	S2_mrna_detected_only	0.104433	29	0.589796	0.20125
ENSG00000107957	SH3PXD2A	S2_mrna_detected_only	0.696771	28	3.80293e-05	0.927874
ENSG00000107959	PITRM1	S2_mrna_detected_only	0.513793	29	0.00435948	0.760191
ENSG00000107960	OBFC1	S2_mrna_detected_only	0.109127	29	0.573092	0.207239
ENSG00000107984	DKK1	S2_mrna_detected_only	0.774597	4	0.225403	0.968901
ENSG00000108010	GLRX3	S2_mrna_detected_only	0.180788	29	0.34798	0.289504
ENSG00000108018	SORCS1	S2_mrna_detected_only	0.932673	8	0.000724953	0.99937
ENSG00000108021	FAM208B	S2_mrna_detected_only	-0.044335	29	0.819365	0.080374
ENSG00000108039	XPNPEP1	S2_mrna_detected_only	0.544828	29	0.00224299	0.792603
ENSG00000108055	SMC3	S2_mrna_detected_only	0.40936	29	0.0274434	0.622557
ENSG00000108061	SHOC2	S2_mrna_detected_only	0.307389	29	0.104787	0.471685
ENSG00000108064	TFAM	S2_mrna_detected_only	-0.0684729	29	0.724139	0.0670834
ENSG00000108091	CCDC6	S2_mrna_detected_only	0.412315	29	0.0262393	0.627863
ENSG00000108094	CUL2	S2_mrna_detected_only	0.33202	29	0.0784693	0.507407
ENSG00000108100	CCNY	S2_mrna_detected_only	0.633498	29	0.000225158	0.87697
ENSG00000108107	RPL28	S2_mrna_detected_only	-0.145813	29	0.450409	0.0374553
ENSG00000108175	ZMIZ1	S2_mrna_detected_only	0.387685	29	0.0377121	0.588359
ENSG00000108179	PPIF	S2_mrna_detected_only	0.541872	29	0.00239607	0.789399
ENSG00000108187	PBLD	S2_mrna_detected_only	0.935385	25	7.23773e-12	0.999527
ENSG00000108219	TSPAN14	S2_mrna_detected_only	0.1867	29	0.332174	0.296806
ENSG00000108231	LGI1	S2_mrna_detected_only	-0.107143	7	0.819151	0.0509561
ENSG00000108239	TBC1D12	S2_mrna_detected_only	0.121806	29	0.529058	0.221002
ENSG00000108242	CYP2C18	S2_mrna_detected_only	0.85	9	0.00370478	0.99128
ENSG00000108244	KRT23	S2_mrna_detected_only	0.516484	13	0.070749	0.763448
ENSG00000108256	NUFIP2	S2_mrna_detected_only	0.116256	29	0.548132	0.214593
ENSG00000108262	GIT1	S2_mrna_detected_only	0.396552	29	0.0331914	0.600704
ENSG00000108298	RPL19	S2_mrna_detected_only	0.16601	29	0.389425	0.272379
ENSG00000108306	FBXL20	S2_mrna_detected_only	0.102712	25	0.625151	0.199044
ENSG00000108309	RUNDC3A	S2_mrna_detected_only	0.974679	5	0.00481823	0.99979
ENSG00000108312	UBTF	S2_mrna_detected_only	0.426601	29	0.0210106	0.646197
ENSG00000108344	PSMD3	S2_mrna_detected_only	0.253202	29	0.185081	0.391259
ENSG00000108349	CASC3	S2_mrna_detected_only	0.0650246	29	0.737534	0.162219
ENSG00000108352	RAPGEFL1	S2_mrna_detected_only	0.476938	21	0.0288079	0.712177
ENSG00000108379	WNT3	S2_mrna_detected_only	-0.392792	6	0.441113	0.00273167
ENSG00000108384	RAD51C	S2_mrna_detected_only	0.150828	28	0.443606	0.254623
ENSG00000108406	DHX40	S2_mrna_detected_only	0.542857	29	0.00234407	0.790134
ENSG00000108424	KPNB1	S2_mrna_detected_only	0.166502	29	0.387999	0.273009
ENSG00000108433	GOSR2	S2_mrna_detected_only	0.416749	29	0.0245141	0.633011
ENSG00000108439	PNPO	S2_mrna_detected_only	0.611159	29	0.000428529	0.857375
ENSG00000108443	RPS6KB1	S2_mrna_detected_only	-0.259113	29	0.174685	0.0135007
ENSG00000108465	CDK5RAP3	S2_mrna_detected_only	-0.0147783	29	0.93935	0.0991805
ENSG00000108468	CBX1	S2_mrna_detected_only	0.681281	29	4.73308e-05	0.917262
ENSG00000108469	RECQL5	S2_mrna_detected_only	0.171551	27	0.392223	0.279628
ENSG00000108474	PIGL	S2_mrna_detected_only	-0.0105849	27	0.95821	0.101439
ENSG00000108479	GALK1	S2_mrna_detected_only	0.400657	28	0.0346141	0.608374
ENSG00000108506	INTS2	S2_mrna_detected_only	0.12853	27	0.522876	0.229513
ENSG00000108510	MED13	S2_mrna_detected_only	0.00863239	29	0.964552	0.114362
ENSG00000108515	ENO3	S2_mrna_detected_only	0.371082	22	0.0890833	0.566978
ENSG00000108518	PFN1	S2_mrna_detected_only	0.720197	29	1.0583e-05	0.941479
ENSG00000108523	RNF167	S2_mrna_detected_only	0.211724	29	0.270213	0.329954
ENSG00000108528	SLC25A11	S2_mrna_detected_only	0.541379	29	0.00242244	0.789084
ENSG00000108557	RAI1	S2_mrna_detected_only	0.453043	24	0.0262021	0.680973
ENSG00000108559	NUP88	S2_mrna_detected_only	0.153202	29	0.427528	0.257302
ENSG00000108561	C1QBP	S2_mrna_detected_only	0.216256	29	0.25985	0.337308
ENSG00000108576	SLC6A4	S2_mrna_detected_only	0.35465	7	0.435066	0.542026
ENSG00000108578	BLMH	S2_mrna_detected_only	0.128571	29	0.506249	0.229775
ENSG00000108582	CPD	S2_mrna_detected_only	0.59803	29	0.000611952	0.845398
ENSG00000108587	GOSR1	S2_mrna_detected_only	-0.30989	29	0.101847	0.0068817
ENSG00000108588	CCDC47	S2_mrna_detected_only	0.494581	29	0.00638457	0.735238
ENSG00000108590	MED31	S2_mrna_detected_only	0.392897	29	0.0349986	0.59482
ENSG00000108591	DRG2	S2_mrna_detected_only	0.0492732	29	0.799629	0.146092
ENSG00000108592	FTSJ3	S2_mrna_detected_only	0.193103	29	0.315553	0.304003
ENSG00000108599	AKAP10	S2_mrna_detected_only	0.166543	29	0.387881	0.273219
ENSG00000108602	ALDH3A1	S2_mrna_detected_only	0.445455	11	0.169733	0.669836
ENSG00000108604	SMARCD2	S2_mrna_detected_only	0.383744	29	0.0398737	0.583368
ENSG00000108622	ICAM2	S2_mrna_detected_only	0.674877	29	5.92902e-05	0.912797
ENSG00000108639	SYNGR2	S2_mrna_detected_only	0.0734081	29	0.705106	0.169311
ENSG00000108651	UTP6	S2_mrna_detected_only	0.0325715	28	0.869308	0.132748
ENSG00000108654	DDX5	S2_mrna_detected_only	0.30197	29	0.111373	0.46307
ENSG00000108666	C17orf75	S2_mrna_detected_only	-0.0857143	29	0.658419	0.0597815
ENSG00000108669	CYTH1	S2_mrna_detected_only	0.112808	29	0.560141	0.211074
ENSG00000108671	PSMD11	S2_mrna_detected_only	0.0349754	29	0.85706	0.134324
ENSG00000108679	LGALS3BP	S2_mrna_detected_only	0.503018	29	0.00541411	0.745377
ENSG00000108733	PEX12	S2_mrna_detected_only	0.360418	28	0.0595534	0.551009
ENSG00000108759	KRT32	S2_mrna_detected_only		1		
ENSG00000108771	DHX58	S2_mrna_detected_only	0.391904	27	0.0432047	0.59398
ENSG00000108773	KAT2A	S2_mrna_detected_only	-0.135038	29	0.484911	0.0410275
ENSG00000108774	RAB5C	S2_mrna_detected_only	0.270443	29	0.155922	0.417682
ENSG00000108784	NAGLU	S2_mrna_detected_only	0.466995	29	0.0106494	0.700567
ENSG00000108786	HSD17B1	S2_mrna_detected_only	0.25	7	0.588724	0.385585
ENSG00000108788	MLX	S2_mrna_detected_only	0.39379	29	0.0345498	0.596396
ENSG00000108797	CNTNAP1	S2_mrna_detected_only	0.43	25	0.0319184	0.650084
ENSG00000108799	EZH1	S2_mrna_detected_only	0.0486265	29	0.802208	0.145146
ENSG00000108819	PPP1R9B	S2_mrna_detected_only	0.740887	29	4.29945e-06	0.953614
ENSG00000108825	PTGES3L-AARSD1	S2_mrna_detected_only	0.8	4	0.2	0.979513
ENSG00000108826	MRPL27	S2_mrna_detected_only	0.511823	29	0.00453802	0.757775
ENSG00000108828	VAT1	S2_mrna_detected_only	0.486207	29	0.00748995	0.72489
ENSG00000108829	LRRC59	S2_mrna_detected_only	0.486207	29	0.00748995	0.72489
ENSG00000108830	RND2	S2_mrna_detected_only	0.547723	9	0.12687	0.79502
ENSG00000108839	ALOX12	S2_mrna_detected_only		2		
ENSG00000108840	HDAC5	S2_mrna_detected_only	0.210345	29	0.273418	0.32759
ENSG00000108848	LUC7L3	S2_mrna_detected_only	0.128079	29	0.507893	0.228882
ENSG00000108854	SMURF2	S2_mrna_detected_only	0.411056	28	0.0297786	0.625972
ENSG00000108861	DUSP3	S2_mrna_detected_only	0.645813	29	0.0001545	0.888685
ENSG00000108883	EFTUD2	S2_mrna_detected_only	0.411823	29	0.0264369	0.62697
ENSG00000108946	PRKAR1A	S2_mrna_detected_only	0.255172	29	0.181568	0.394883
ENSG00000108947	EFNB3	S2_mrna_detected_only	0.187879	10	0.603218	0.297909
ENSG00000108953	YWHAE	S2_mrna_detected_only	0.402463	29	0.0304284	0.611998
ENSG00000108961	RANGRF	S2_mrna_detected_only	0.381962	29	0.0408832	0.580952
ENSG00000108963	DPH1	S2_mrna_detected_only	-0.204439	29	0.28742	0.0219059
ENSG00000109016	DHRS7B	S2_mrna_detected_only	0.447291	29	0.0149809	0.672988
ENSG00000109046	WSB1	S2_mrna_detected_only	0.27683	29	0.146006	0.425562
ENSG00000109062	SLC9A3R1	S2_mrna_detected_only	0.49064	29	0.00688616	0.730616
ENSG00000109065	NAT9	S2_mrna_detected_only	0.252255	29	0.186784	0.38963
ENSG00000109072	VTN	S2_mrna_detected_only	0.329825	19	0.167887	0.504885
ENSG00000109079	TNFAIP1	S2_mrna_detected_only	0.146224	29	0.44912	0.248319
ENSG00000109083	IFT20	S2_mrna_detected_only	0.300493	29	0.113222	0.460286
ENSG00000109089	CDR2L	S2_mrna_detected_only	0.70322	24	0.000126617	0.932286
ENSG00000109103	UNC119	S2_mrna_detected_only	0.581773	29	0.000931778	0.829218
ENSG00000109107	ALDOC	S2_mrna_detected_only	0.735385	26	1.8693e-05	0.950515
ENSG00000109111	SUPT6H	S2_mrna_detected_only	-0.163547	29	0.396597	0.0317819
ENSG00000109113	RAB34	S2_mrna_detected_only	0.725885	27	1.82429e-05	0.945524
ENSG00000109118	PHF12	S2_mrna_detected_only	0.494825	29	0.00635458	0.735501
ENSG00000109133	TMEM33	S2_mrna_detected_only	0.258128	29	0.176388	0.398403
ENSG00000109171	SLAIN2	S2_mrna_detected_only	0.0876847	29	0.651054	0.184125
ENSG00000109180	OCIAD1	S2_mrna_detected_only	0.698522	29	2.50838e-05	0.929239
ENSG00000109181	UGT2B10	S2_mrna_detected_only		2		
ENSG00000109184	DCUN1D4	S2_mrna_detected_only	0.017123	29	0.929749	0.121402
ENSG00000109189	USP46	S2_mrna_detected_only	0.383389	28	0.0440191	0.582738
ENSG00000109193	SULT1E1	S2_mrna_detected_only	0.7	5	0.18812	0.93071
ENSG00000109220	CHIC2	S2_mrna_detected_only	-0.0699005	29	0.718616	0.066453
ENSG00000109265	KIAA1211	S2_mrna_detected_only	0.621429	15	0.013402	0.866936
ENSG00000109270	LAMTOR3	S2_mrna_detected_only	0.409852	29	0.0272397	0.623503
ENSG00000109272	PF4V1	S2_mrna_detected_only		2		
ENSG00000109320	NFKB1	S2_mrna_detected_only	0.699507	29	2.41582e-05	0.930185
ENSG00000109323	MANBA	S2_mrna_detected_only	0.206676	29	0.282065	0.321864
ENSG00000109332	UBE2D3	S2_mrna_detected_only	0.0573908	29	0.767453	0.154497
ENSG00000109381	ELF2	S2_mrna_detected_only	0.389396	29	0.0368032	0.591248
ENSG00000109436	TBC1D9	S2_mrna_detected_only	0.166995	29	0.386577	0.274112
ENSG00000109445	ZNF330	S2_mrna_detected_only	0.205198	29	0.285597	0.320288
ENSG00000109452	INPP4B	S2_mrna_detected_only	0.0639316	26	0.756353	0.161011
ENSG00000109458	GAB1	S2_mrna_detected_only	0.723043	28	1.38388e-05	0.943528
ENSG00000109472	CPE	S2_mrna_detected_only	0.525123	29	0.00344499	0.772851
ENSG00000109475	RPL34	S2_mrna_detected_only	0.130049	29	0.501332	0.231824
ENSG00000109501	WFS1	S2_mrna_detected_only	0.338916	29	0.0720991	0.518439
ENSG00000109511	ANXA10	S2_mrna_detected_only		3		
ENSG00000109519	GRPEL1	S2_mrna_detected_only	0.402956	29	0.0302068	0.613049
ENSG00000109534	GAR1	S2_mrna_detected_only	0.046798	29	0.809507	0.143518
ENSG00000109536	FRG1	S2_mrna_detected_only	0.398522	29	0.0322488	0.604486
ENSG00000109572	CLCN3	S2_mrna_detected_only	0.517734	29	0.00402034	0.764814
ENSG00000109586	GALNT7	S2_mrna_detected_only	0.663383	28	0.000119178	0.903289
ENSG00000109606	DHX15	S2_mrna_detected_only	0.208374	29	0.27804	0.323965
ENSG00000109610	SOD3	S2_mrna_detected_only	0.235043	27	0.237941	0.365781
ENSG00000109618	SEPSECS	S2_mrna_detected_only	0.662288	28	0.000123433	0.902448
ENSG00000109654	TRIM2	S2_mrna_detected_only	0.7867	29	4.18512e-07	0.974522
ENSG00000109667	SLC2A9	S2_mrna_detected_only	0.400888	24	0.0522076	0.608584
ENSG00000109670	FBXW7	S2_mrna_detected_only	-0.00208689	29	0.991428	0.106167
ENSG00000109685	WHSC1	S2_mrna_detected_only	0.331144	28	0.0851951	0.506461
ENSG00000109686	SH3D19	S2_mrna_detected_only	0.400985	29	0.031101	0.609004
ENSG00000109689	STIM2	S2_mrna_detected_only	0.121675	29	0.529506	0.220687
ENSG00000109705	NKX3-2	S2_mrna_detected_only		3		
ENSG00000109736	MFSD10	S2_mrna_detected_only	0.0821018	28	0.677895	0.177611
ENSG00000109743	BST1	S2_mrna_detected_only	0.318261	24	0.129609	0.489861
ENSG00000109756	RAPGEF2	S2_mrna_detected_only	0.031531	29	0.871014	0.131278
ENSG00000109758	HGFAC	S2_mrna_detected_only		1		
ENSG00000109762	SNX25	S2_mrna_detected_only	0.419261	29	0.0235786	0.636321
ENSG00000109771	LRP2BP	S2_mrna_detected_only	0.948683	4	0.0513167	0.99958
ENSG00000109775	UFSP2	S2_mrna_detected_only	0.240424	29	0.209009	0.372295
ENSG00000109787	KLF3	S2_mrna_detected_only	0.308062	29	0.10399	0.472946
ENSG00000109790	KLHL5	S2_mrna_detected_only	0.212723	29	0.267906	0.33195
ENSG00000109794	FAM149A	S2_mrna_detected_only	0.0720786	25	0.732059	0.16805
ENSG00000109814	UGDH	S2_mrna_detected_only	0.768966	29	1.09735e-06	0.966695
ENSG00000109832	DDX25	S2_mrna_detected_only		3		
ENSG00000109846	CRYAB	S2_mrna_detected_only	0.8133	29	8.21084e-08	0.98361
ENSG00000109854	HTATIP2	S2_mrna_detected_only	0.794581	29	2.64772e-07	0.977884
ENSG00000109861	CTSC	S2_mrna_detected_only	0.7	29	2.3707e-05	0.93071
ENSG00000109906	ZBTB16	S2_mrna_detected_only	0.0956496	25	0.649247	0.192005
ENSG00000109911	ELP4	S2_mrna_detected_only	0.378325	29	0.0430065	0.576487
ENSG00000109917	ZPR1	S2_mrna_detected_only	0.0842365	29	0.663964	0.17987
ENSG00000109919	MTCH2	S2_mrna_detected_only	0.326601	29	0.0837705	0.500158
ENSG00000109920	FNBP4	S2_mrna_detected_only	0.206897	29	0.281539	0.322074
ENSG00000109971	HSPA8	S2_mrna_detected_only	0.353695	29	0.0597979	0.540712
ENSG00000110002	VWA5A	S2_mrna_detected_only	0.639847	28	0.000245926	0.883011
ENSG00000110011	DNAJC4	S2_mrna_detected_only	0.145232	29	0.452236	0.246743
ENSG00000110013	SIAE	S2_mrna_detected_only	0.607882	29	0.000469069	0.853225
ENSG00000110025	SNX15	S2_mrna_detected_only	0.43399	29	0.0186622	0.655337
ENSG00000110046	ATG2A	S2_mrna_detected_only	0.34	24	0.104038	0.520015
ENSG00000110047	EHD1	S2_mrna_detected_only	0.361084	29	0.0542972	0.552322
ENSG00000110048	OSBP	S2_mrna_detected_only	0.559606	29	0.00159768	0.808311
ENSG00000110057	UNC93B1	S2_mrna_detected_only	0.69075	28	4.72435e-05	0.923041
ENSG00000110060	PUS3	S2_mrna_detected_only	0.225323	29	0.23991	0.352227
ENSG00000110063	DCPS	S2_mrna_detected_only	0.387732	29	0.0376865	0.588622
ENSG00000110066	SUV420H1	S2_mrna_detected_only	0.0722892	29	0.709406	0.16826
ENSG00000110074	FOXRED1	S2_mrna_detected_only	0.349261	29	0.0633018	0.533463
ENSG00000110075	PPP6R3	S2_mrna_detected_only	0.0586207	29	0.762609	0.155442
ENSG00000110076	NRXN2	S2_mrna_detected_only	0.107786	8	0.79946	0.20498
ENSG00000110077	MS4A6A	S2_mrna_detected_only	0.597216	28	0.000792752	0.844453
ENSG00000110080	ST3GAL4	S2_mrna_detected_only	0.388942	28	0.0407961	0.590303
ENSG00000110090	CPT1A	S2_mrna_detected_only	0.520197	29	0.00382005	0.767546
ENSG00000110092	CCND1	S2_mrna_detected_only	0.366339	29	0.0506332	0.559099
ENSG00000110104	CCDC86	S2_mrna_detected_only	0.0840005	29	0.664851	0.179607
ENSG00000110107	PRPF19	S2_mrna_detected_only	0.468966	29	0.010281	0.703246
ENSG00000110108	TMEM109	S2_mrna_detected_only	0.427094	29	0.0208468	0.646985
ENSG00000110169	HPX	S2_mrna_detected_only		1		
ENSG00000110171	TRIM3	S2_mrna_detected_only	0.456923	25	0.0216639	0.686016
ENSG00000110172	CHORDC1	S2_mrna_detected_only	0.403941	28	0.0330234	0.615518
ENSG00000110195	FOLR1	S2_mrna_detected_only	0.809524	8	0.0149027	0.982139
ENSG00000110203	FOLR3	S2_mrna_detected_only	-0.105409	4	0.894591	0.0515865
ENSG00000110218	PANX1	S2_mrna_detected_only	0.40712	29	0.0283855	0.619615
ENSG00000110237	ARHGEF17	S2_mrna_detected_only	0.342638	28	0.0742802	0.523482
ENSG00000110243	APOA5	S2_mrna_detected_only		1		
ENSG00000110244	APOA4	S2_mrna_detected_only	0.5	5	0.391002	0.741437
ENSG00000110245	APOC3	S2_mrna_detected_only	0.4	4	0.6	0.607165
ENSG00000110274	CEP164	S2_mrna_detected_only	0.238249	27	0.231413	0.370193
ENSG00000110315	RNF141	S2_mrna_detected_only	0.535402	29	0.00276292	0.78278
ENSG00000110321	EIF4G2	S2_mrna_detected_only	0.0369458	29	0.849096	0.135428
ENSG00000110328	GALNT18	S2_mrna_detected_only	0.0895101	29	0.644259	0.186121
ENSG00000110330	BIRC2	S2_mrna_detected_only	0.165291	29	0.391509	0.271328
ENSG00000110344	UBE4A	S2_mrna_detected_only	0.155192	29	0.421479	0.259456
ENSG00000110367	DDX6	S2_mrna_detected_only	0.310837	29	0.10075	0.476203
ENSG00000110375	UPK2	S2_mrna_detected_only		1		
ENSG00000110395	CBL	S2_mrna_detected_only	0.80624	28	2.23011e-07	0.981351
ENSG00000110422	HIPK3	S2_mrna_detected_only	0.354918	29	0.0588584	0.542288
ENSG00000110427	KIAA1549L	S2_mrna_detected_only		1		
ENSG00000110429	FBXO3	S2_mrna_detected_only	0.0721764	29	0.70984	0.168155
ENSG00000110435	PDHX	S2_mrna_detected_only	0.391674	29	0.0356208	0.59377
ENSG00000110436	SLC1A2	S2_mrna_detected_only	0.4	4	0.6	0.607165
ENSG00000110442	COMMD9	S2_mrna_detected_only	0.374184	29	0.0455303	0.571391
ENSG00000110446	SLC15A3	S2_mrna_detected_only	0.617566	26	0.000775646	0.863049
ENSG00000110455	ACCS	S2_mrna_detected_only	0.0187193	28	0.924676	0.122767
ENSG00000110497	AMBRA1	S2_mrna_detected_only	0.355753	29	0.0582239	0.543864
ENSG00000110514	MADD	S2_mrna_detected_only	0.435468	29	0.0182196	0.657386
ENSG00000110536	PTPMT1	S2_mrna_detected_only	0.448577	29	0.0146593	0.674932
ENSG00000110583	NAA40	S2_mrna_detected_only	-0.125365	28	0.52501	0.0448098
ENSG00000110619	CARS	S2_mrna_detected_only	0.588177	29	0.000791637	0.835785
ENSG00000110651	CD81	S2_mrna_detected_only	0.259113	29	0.174685	0.399401
ENSG00000110660	SLC35F2	S2_mrna_detected_only	0.618172	27	0.000589598	0.863784
ENSG00000110675	ELMOD1	S2_mrna_detected_only	0.774597	4	0.225403	0.968901
ENSG00000110696	C11orf58	S2_mrna_detected_only	0.200493	29	0.297027	0.313879
ENSG00000110697	PITPNM1	S2_mrna_detected_only	0.232074	28	0.234698	0.361841
ENSG00000110700	RPS13	S2_mrna_detected_only	0.020197	29	0.917177	0.123923
ENSG00000110711	AIP	S2_mrna_detected_only	0.339901	29	0.0712227	0.519805
ENSG00000110713	NUP98	S2_mrna_detected_only	0.151004	29	0.434267	0.254938
ENSG00000110717	NDUFS8	S2_mrna_detected_only	0.46601	29	0.0108377	0.698939
ENSG00000110721	CHKA	S2_mrna_detected_only	0.363256	29	0.0527586	0.555736
ENSG00000110723	EXPH5	S2_mrna_detected_only	-0.3	11	0.370083	0.00793234
ENSG00000110756	HPS5	S2_mrna_detected_only	0.197044	29	0.305585	0.308311
ENSG00000110768	GTF2H1	S2_mrna_detected_only	0.196576	29	0.30676	0.307785
ENSG00000110786	PTPN5	S2_mrna_detected_only		2		
ENSG00000110799	VWF	S2_mrna_detected_only	0.614669	28	0.000500986	0.860422
ENSG00000110801	PSMD9	S2_mrna_detected_only	0.0142857	29	0.941368	0.118827
ENSG00000110811	P3H3	S2_mrna_detected_only	0.261905	8	0.530923	0.403761
ENSG00000110841	PPFIBP1	S2_mrna_detected_only	0.616256	29	0.000371586	0.861841
ENSG00000110844	PRPF40B	S2_mrna_detected_only	0.514301	28	0.00511209	0.761137
ENSG00000110851	PRDM4	S2_mrna_detected_only	-0.0677631	29	0.72689	0.0675562
ENSG00000110852	CLEC2B	S2_mrna_detected_only	-0.115648	27	0.565681	0.0473314
ENSG00000110871	COQ5	S2_mrna_detected_only	0.678325	29	5.25528e-05	0.915056
ENSG00000110876	SELPLG	S2_mrna_detected_only	0.570099	28	0.00153894	0.817241
ENSG00000110880	CORO1C	S2_mrna_detected_only	0.559113	29	0.00161626	0.807838
ENSG00000110881	ASIC1	S2_mrna_detected_only	0.608244	12	0.0358633	0.853803
ENSG00000110887	DAO	S2_mrna_detected_only	0.8	4	0.2	0.979513
ENSG00000110906	KCTD10	S2_mrna_detected_only	0.195074	29	0.310544	0.305842
ENSG00000110911	SLC11A2	S2_mrna_detected_only	0.341774	29	0.0695796	0.522221
ENSG00000110917	MLEC	S2_mrna_detected_only	0.282266	29	0.13793	0.434545
ENSG00000110921	MVK	S2_mrna_detected_only	0.674384	29	6.0313e-05	0.912482
ENSG00000110931	CAMKK2	S2_mrna_detected_only	0.473454	28	0.0109341	0.707449
ENSG00000110934	BIN2	S2_mrna_detected_only	0.501538	25	0.0106415	0.743696
ENSG00000110955	ATP5B	S2_mrna_detected_only	0.602463	29	0.00054352	0.84876
ENSG00000110958	PTGES3	S2_mrna_detected_only	0.091133	29	0.638241	0.187855
ENSG00000110987	BCL7A	S2_mrna_detected_only	0.0870179	26	0.672523	0.183389
ENSG00000111011	RSRC2	S2_mrna_detected_only	-0.0374384	29	0.847107	0.0851019
ENSG00000111012	CYP27B1	S2_mrna_detected_only		1		
ENSG00000111052	LIN7A	S2_mrna_detected_only	0.347781	18	0.157308	0.531572
ENSG00000111057	KRT18	S2_mrna_detected_only	0.748768	28	4.58102e-06	0.957607
ENSG00000111058	ACSS3	S2_mrna_detected_only	0.663158	19	0.00196842	0.903183
ENSG00000111077	TNS2	S2_mrna_detected_only	0.225123	29	0.240337	0.351807
ENSG00000111142	METAP2	S2_mrna_detected_only	0.0965517	29	0.618313	0.193213
ENSG00000111144	LTA4H	S2_mrna_detected_only	0.453504	29	0.0134804	0.681498
ENSG00000111181	SLC6A12	S2_mrna_detected_only	0.643596	9	0.0614394	0.886741
ENSG00000111196	MAGOHB	S2_mrna_detected_only	-0.0254047	28	0.897895	0.0937697
ENSG00000111203	ITFG2	S2_mrna_detected_only	0.259884	29	0.17336	0.400347
ENSG00000111215	PRR4	S2_mrna_detected_only	0.0815979	25	0.698201	0.176875
ENSG00000111218	PRMT8	S2_mrna_detected_only		3		
ENSG00000111229	ARPC3	S2_mrna_detected_only	0.593103	29	0.000696739	0.840198
ENSG00000111231	GPN3	S2_mrna_detected_only	-0.029429	29	0.879549	0.091038
ENSG00000111237	VPS29	S2_mrna_detected_only	-0.231527	29	0.226866	0.0169679
ENSG00000111245	MYL2	S2_mrna_detected_only	0.309524	8	0.455645	0.474574
ENSG00000111247	RAD51AP1	S2_mrna_detected_only	-0.408063	19	0.0828514	0.00194369
ENSG00000111252	SH2B3	S2_mrna_detected_only	0.0826643	29	0.669882	0.178346
ENSG00000111254	AKAP3	S2_mrna_detected_only		2		
ENSG00000111261	MANSC1	S2_mrna_detected_only	0.396747	29	0.0330969	0.601334
ENSG00000111262	KCNA1	S2_mrna_detected_only		1		
ENSG00000111266	DUSP16	S2_mrna_detected_only	0.165655	29	0.390452	0.272169
ENSG00000111271	ACAD10	S2_mrna_detected_only	0.34532	29	0.0665487	0.527895
ENSG00000111275	ALDH2	S2_mrna_detected_only	0.707389	29	1.7786e-05	0.935386
ENSG00000111276	CDKN1B	S2_mrna_detected_only	0.636285	29	0.000207052	0.879439
ENSG00000111300	NAA25	S2_mrna_detected_only	-0.0320355	29	0.868968	0.0895671
ENSG00000111321	LTBR	S2_mrna_detected_only	0.35768	29	0.0567798	0.546281
ENSG00000111325	OGFOD2	S2_mrna_detected_only	0.249624	20	0.288513	0.385112
ENSG00000111328	CDK2AP1	S2_mrna_detected_only	0.459374	29	0.0121801	0.689693
ENSG00000111339	ART4	S2_mrna_detected_only	0.285714	7	0.534509	0.440324
ENSG00000111341	MGP	S2_mrna_detected_only	0.343355	29	0.0682154	0.525058
ENSG00000111344	RASAL1	S2_mrna_detected_only	0.771429	6	0.0723965	0.968166
ENSG00000111348	ARHGDIB	S2_mrna_detected_only	0.665025	29	8.29809e-05	0.905022
ENSG00000111358	GTF2H3	S2_mrna_detected_only	0.0133021	29	0.945399	0.117934
ENSG00000111361	EIF2B1	S2_mrna_detected_only	-0.200271	29	0.297573	0.0228514
ENSG00000111364	DDX55	S2_mrna_detected_only	0.208867	29	0.27688	0.324596
ENSG00000111371	SLC38A1	S2_mrna_detected_only	0.215015	28	0.271857	0.335627
ENSG00000111405	ENDOU	S2_mrna_detected_only	0.2	4	0.8	0.313354
ENSG00000111445	RFC5	S2_mrna_detected_only	0.249076	28	0.201195	0.384062
ENSG00000111450	STX2	S2_mrna_detected_only	0.328955	28	0.0874057	0.503782
ENSG00000111481	COPZ1	S2_mrna_detected_only	0.225123	29	0.240337	0.351807
ENSG00000111530	CAND1	S2_mrna_detected_only	0.217734	29	0.256528	0.33941
ENSG00000111540	RAB5B	S2_mrna_detected_only	0.156158	29	0.418558	0.260927
ENSG00000111554	MDM1	S2_mrna_detected_only	0.550769	26	0.00354788	0.799328
ENSG00000111581	NUP107	S2_mrna_detected_only	0.471812	28	0.0112526	0.705873
ENSG00000111596	CNOT2	S2_mrna_detected_only	0.253695	29	0.184198	0.392204
ENSG00000111602	TIMELESS	S2_mrna_detected_only	0.513062	26	0.00735424	0.759141
ENSG00000111605	CPSF6	S2_mrna_detected_only	0.501478	29	0.00558122	0.743433
ENSG00000111615	KRR1	S2_mrna_detected_only	0.27734	29	0.145233	0.42698
ENSG00000111639	MRPL51	S2_mrna_detected_only	0.219651	29	0.25226	0.341721
ENSG00000111640	GAPDH	S2_mrna_detected_only	0.320197	29	0.0903831	0.492278
ENSG00000111641	NOP2	S2_mrna_detected_only	0.156158	29	0.418558	0.260927
ENSG00000111642	CHD4	S2_mrna_detected_only	0.425616	29	0.0213413	0.645199
ENSG00000111644	ACRBP	S2_mrna_detected_only	0.420108	14	0.134765	0.637476
ENSG00000111647	UHRF1BP1L	S2_mrna_detected_only	0.361248	28	0.0589265	0.552847
ENSG00000111652	COPS7A	S2_mrna_detected_only	0.523153	29	0.00359104	0.770698
ENSG00000111653	ING4	S2_mrna_detected_only	0.286769	29	0.13149	0.442372
ENSG00000111664	GNB3	S2_mrna_detected_only	-1	4	0	0
ENSG00000111666	CHPT1	S2_mrna_detected_only	0.323422	29	0.0870051	0.495955
ENSG00000111667	USP5	S2_mrna_detected_only	0.636453	29	0.000206004	0.879859
ENSG00000111669	TPI1	S2_mrna_detected_only	-0.1133	29	0.558418	0.0481719
ENSG00000111670	GNPTAB	S2_mrna_detected_only	0.274418	29	0.149695	0.42262
ENSG00000111676	ATN1	S2_mrna_detected_only	0.195738	29	0.308868	0.30684
ENSG00000111678	C12orf57	S2_mrna_detected_only	0.44335	29	0.0160026	0.667262
ENSG00000111679	PTPN6	S2_mrna_detected_only	0.873999	29	5.93786e-10	0.994694
ENSG00000111684	LPCAT3	S2_mrna_detected_only	0.649261	29	0.000138625	0.891679
ENSG00000111700	SLCO1B3	S2_mrna_detected_only		1		
ENSG00000111707	SUDS3	S2_mrna_detected_only	0.359113	29	0.0557235	0.548855
ENSG00000111711	GOLT1B	S2_mrna_detected_only	0.314817	29	0.0962383	0.483137
ENSG00000111713	GYS2	S2_mrna_detected_only		2		
ENSG00000111716	LDHB	S2_mrna_detected_only	0.714286	29	1.34946e-05	0.938748
ENSG00000111725	PRKAB1	S2_mrna_detected_only	0.0832512	29	0.66767	0.178977
ENSG00000111726	CMAS	S2_mrna_detected_only	0.520197	29	0.00382005	0.767546
ENSG00000111727	HCFC2	S2_mrna_detected_only	0.242365	29	0.205245	0.374186
ENSG00000111731	C2CD5	S2_mrna_detected_only	0.443158	29	0.0160537	0.666999
ENSG00000111737	RAB35	S2_mrna_detected_only	0.388471	29	0.037292	0.589987
ENSG00000111752	PHC1	S2_mrna_detected_only	0.678625	28	7.20322e-05	0.915161
ENSG00000111775	COX6A1	S2_mrna_detected_only	0.303598	29	0.109364	0.465592
ENSG00000111785	RIC8B	S2_mrna_detected_only	0.129505	27	0.519701	0.231194
ENSG00000111786	SRSF9	S2_mrna_detected_only	0.225123	29	0.240337	0.351807
ENSG00000111790	FGFR1OP2	S2_mrna_detected_only	0.538424	29	0.00258597	0.786457
ENSG00000111801	BTN3A3	S2_mrna_detected_only	0.580733	28	0.00119458	0.828115
ENSG00000111802	TDP2	S2_mrna_detected_only	0.625616	29	0.000284147	0.869983
ENSG00000111817	DSE	S2_mrna_detected_only	0.354466	28	0.0642049	0.541763
ENSG00000111832	RWDD1	S2_mrna_detected_only	0.342857	29	0.0686428	0.52385
ENSG00000111834	RSPH4A	S2_mrna_detected_only		3		
ENSG00000111837	MAK	S2_mrna_detected_only		2		
ENSG00000111843	TMEM14C	S2_mrna_detected_only	0.310889	29	0.100691	0.476623
ENSG00000111845	PAK1IP1	S2_mrna_detected_only	-0.161843	29	0.401603	0.0323072
ENSG00000111850	SMIM8	S2_mrna_detected_only	0.175698	28	0.371159	0.284356
ENSG00000111859	NEDD9	S2_mrna_detected_only	0.221456	29	0.248286	0.345608
ENSG00000111860	CEP85L	S2_mrna_detected_only	0.364544	26	0.0671022	0.557628
ENSG00000111875	ASF1A	S2_mrna_detected_only	0.210837	29	0.27227	0.32864
ENSG00000111877	MCM9	S2_mrna_detected_only	-0.265262	27	0.18115	0.0125552
ENSG00000111880	RNGTT	S2_mrna_detected_only	0.211823	28	0.27921	0.330952
ENSG00000111885	MAN1A1	S2_mrna_detected_only	0.732512	29	6.2519e-06	0.949149
ENSG00000111897	SERINC1	S2_mrna_detected_only	0.104433	29	0.589796	0.20125
ENSG00000111906	HDDC2	S2_mrna_detected_only	0.717734	29	1.17194e-05	0.940534
ENSG00000111911	HINT3	S2_mrna_detected_only	0.638502	29	0.000193585	0.882013
ENSG00000111912	NCOA7	S2_mrna_detected_only	0.246798	29	0.196821	0.380542
ENSG00000111961	SASH1	S2_mrna_detected_only	0.474384	29	0.00932273	0.70892
ENSG00000111962	UST	S2_mrna_detected_only	0.158938	28	0.419187	0.264814
ENSG00000112031	MTRF1L	S2_mrna_detected_only	0.0222222	26	0.914193	0.125079
ENSG00000112033	PPARD	S2_mrna_detected_only	0.14707	29	0.446469	0.249265
ENSG00000112053	SLC26A8	S2_mrna_detected_only		1		
ENSG00000112062	MAPK14	S2_mrna_detected_only	0.480788	29	0.00828811	0.717903
ENSG00000112078	KCTD20	S2_mrna_detected_only	-0.0871406	29	0.653085	0.0587834
ENSG00000112079	STK38	S2_mrna_detected_only	0.497044	29	0.00608708	0.738285
ENSG00000112081	SRSF3	S2_mrna_detected_only	0.33202	29	0.0784693	0.507407
ENSG00000112096	SOD2	S2_mrna_detected_only	0.512315	29	0.00449281	0.758563
ENSG00000112110	MRPL18	S2_mrna_detected_only	0.192118	29	0.318076	0.3029
ENSG00000112118	MCM3	S2_mrna_detected_only	0.503448	29	0.00536814	0.74648
ENSG00000112130	RNF8	S2_mrna_detected_only	-0.132957	28	0.500012	0.0416579
ENSG00000112137	PHACTR1	S2_mrna_detected_only	0.348569	15	0.20292	0.532517
ENSG00000112139	MDGA1	S2_mrna_detected_only	-0.0520177	13	0.86598	0.0743328
ENSG00000112144	ICK	S2_mrna_detected_only	0.354413	29	0.0592449	0.541448
ENSG00000112146	FBXO9	S2_mrna_detected_only	0.194831	29	0.311159	0.305369
ENSG00000112159	MDN1	S2_mrna_detected_only	0.170224	28	0.386478	0.277842
ENSG00000112167	SAYSD1	S2_mrna_detected_only	-0.211162	29	0.271515	0.0203299
ENSG00000112175	BMP5	S2_mrna_detected_only	0.0737046	11	0.829483	0.169626
ENSG00000112195	TREML2	S2_mrna_detected_only	-0.654654	6	0.158302	0.000105064
ENSG00000112200	ZNF451	S2_mrna_detected_only	0.119704	29	0.536244	0.218113
ENSG00000112208	BAG2	S2_mrna_detected_only	0.747692	26	1.13233e-05	0.957029
ENSG00000112210	RAB23	S2_mrna_detected_only	0.501916	28	0.00650009	0.744327
ENSG00000112232	KHDRBS2	S2_mrna_detected_only	-0.14825	7	0.75108	0.0366674
ENSG00000112234	FBXL4	S2_mrna_detected_only	0.391378	29	0.0357724	0.593244
ENSG00000112237	CCNC	S2_mrna_detected_only	-0.0159995	29	0.934349	0.0986026
ENSG00000112242	E2F3	S2_mrna_detected_only	0.166121	26	0.417335	0.272484
ENSG00000112245	PTP4A1	S2_mrna_detected_only	0.468017	29	0.010457	0.702616
ENSG00000112249	ASCC3	S2_mrna_detected_only	0.132282	29	0.493948	0.23403
ENSG00000112273	HDGFL1	S2_mrna_detected_only		1		
ENSG00000112282	MED23	S2_mrna_detected_only	0.162828	29	0.398704	0.268912
ENSG00000112293	GPLD1	S2_mrna_detected_only	-0.107143	7	0.819151	0.0509561
ENSG00000112294	ALDH5A1	S2_mrna_detected_only	0.722256	29	9.70991e-06	0.943108
ENSG00000112297	AIM1	S2_mrna_detected_only	0.644615	25	0.000504617	0.887529
ENSG00000112299	VNN1	S2_mrna_detected_only	0.745875	14	0.00219161	0.956031
ENSG00000112304	ACOT13	S2_mrna_detected_only	0.530854	29	0.00304884	0.778367
ENSG00000112305	SMAP1	S2_mrna_detected_only	0.499015	29	0.00585765	0.740544
ENSG00000112306	RPS12	S2_mrna_detected_only	0.194089	29	0.313042	0.304843
ENSG00000112319	EYA4	S2_mrna_detected_only	0.926562	7	0.00269748	0.999159
ENSG00000112320	SOBP	S2_mrna_detected_only	0.359893	23	0.0916424	0.549853
ENSG00000112335	SNX3	S2_mrna_detected_only	0.451724	29	0.0138968	0.679239
ENSG00000112337	SLC17A2	S2_mrna_detected_only		1		
ENSG00000112339	HBS1L	S2_mrna_detected_only	0.32541	29	0.0849719	0.498792
ENSG00000112343	TRIM38	S2_mrna_detected_only	0.189434	26	0.354003	0.29959
ENSG00000112357	PEX7	S2_mrna_detected_only	0.420547	29	0.0231107	0.638632
ENSG00000112367	FIG4	S2_mrna_detected_only	-0.0216749	29	0.91114	0.0955033
ENSG00000112379	ARFGEF3	S2_mrna_detected_only	0.720588	16	0.00163819	0.942057
ENSG00000112394	SLC16A10	S2_mrna_detected_only	0.159071	15	0.571219	0.264919
ENSG00000112406	HECA	S2_mrna_detected_only	0.328079	29	0.0822983	0.502049
ENSG00000112425	EPM2A	S2_mrna_detected_only	0.385385	25	0.0571048	0.58547
ENSG00000112473	SLC39A7	S2_mrna_detected_only	0.0561576	29	0.772318	0.153499
ENSG00000112486	CCR6	S2_mrna_detected_only	0.756323	8	0.0298844	0.960706
ENSG00000112499	SLC22A2	S2_mrna_detected_only		1		
ENSG00000112511	PHF1	S2_mrna_detected_only	0.227586	29	0.235094	0.3558
ENSG00000112514	CUTA	S2_mrna_detected_only	-0.170936	29	0.375306	0.0295755
ENSG00000112530	PACRG	S2_mrna_detected_only	0.0622118	18	0.806278	0.15954
ENSG00000112531	QKI	S2_mrna_detected_only	0.757143	29	1.99362e-06	0.961179
ENSG00000112539	C6orf118	S2_mrna_detected_only		3		
ENSG00000112541	PDE10A	S2_mrna_detected_only	-0.0956797	15	0.734461	0.0555264
ENSG00000112561	TFEB	S2_mrna_detected_only	0.440613	28	0.01894	0.66369
ENSG00000112576	CCND3	S2_mrna_detected_only	0.422682	29	0.0223515	0.641311
ENSG00000112578	BYSL	S2_mrna_detected_only	0.264532	29	0.165523	0.407228
ENSG00000112584	FAM120B	S2_mrna_detected_only	0.222715	29	0.245537	0.347815
ENSG00000112592	TBP	S2_mrna_detected_only	0.337438	29	0.0734294	0.516127
ENSG00000112624	GLTSCR1L	S2_mrna_detected_only	0.337205	29	0.0736408	0.515497
ENSG00000112640	PPP2R5D	S2_mrna_detected_only	0.301478	29	0.111987	0.461967
ENSG00000112651	MRPL2	S2_mrna_detected_only	0.719266	29	1.10004e-05	0.941112
ENSG00000112655	PTK7	S2_mrna_detected_only	0.917265	26	4.4277e-11	0.998056
ENSG00000112658	SRF	S2_mrna_detected_only	0.05102	29	0.792677	0.147983
ENSG00000112659	CUL9	S2_mrna_detected_only	-0.0970696	27	0.630046	0.0546859
ENSG00000112667	DNPH1	S2_mrna_detected_only	0.344335	29	0.0673803	0.526634
ENSG00000112679	DUSP22	S2_mrna_detected_only	-0.0325123	29	0.867034	0.0892519
ENSG00000112685	EXOC2	S2_mrna_detected_only	0.169458	29	0.37951	0.276949
ENSG00000112695	COX7A2	S2_mrna_detected_only	0.516749	29	0.00410293	0.763921
ENSG00000112697	TMEM30A	S2_mrna_detected_only	0.0842365	29	0.663964	0.17987
ENSG00000112699	GMDS	S2_mrna_detected_only	0.896059	29	5.05722e-11	0.996796
ENSG00000112701	SENP6	S2_mrna_detected_only	0.077378	29	0.68992	0.172988
ENSG00000112715	VEGFA	S2_mrna_detected_only	0.251516	29	0.188123	0.388369
ENSG00000112739	PRPF4B	S2_mrna_detected_only	0.191133	29	0.320611	0.302164
ENSG00000112759	SLC29A1	S2_mrna_detected_only	0.406208	29	0.0287767	0.61888
ENSG00000112763	BTN2A1	S2_mrna_detected_only	-0.208374	29	0.27804	0.0213805
ENSG00000112769	LAMA4	S2_mrna_detected_only	0.737436	26	1.72274e-05	0.951933
ENSG00000112773	FAM46A	S2_mrna_detected_only	0.0731773	29	0.705992	0.168891
ENSG00000112787	FBRSL1	S2_mrna_detected_only	0.433584	28	0.0211648	0.655022
ENSG00000112818	MEP1A	S2_mrna_detected_only	0.942857	6	0.00480466	0.99958
ENSG00000112851	ERBB2IP	S2_mrna_detected_only	0.56601	29	0.0013725	0.813564
ENSG00000112855	HARS2	S2_mrna_detected_only	0.251232	29	0.18864	0.387897
ENSG00000112874	NUDT12	S2_mrna_detected_only	0.66018	29	9.74629e-05	0.900452
ENSG00000112893	MAN2A1	S2_mrna_detected_only	0.404926	29	0.0293335	0.616516
ENSG00000112902	SEMA5A	S2_mrna_detected_only	0.00120473	25	0.99544	0.108163
ENSG00000112964	GHR	S2_mrna_detected_only	0.208174	26	0.307485	0.323755
ENSG00000112972	HMGCS1	S2_mrna_detected_only	0.667488	29	7.638e-05	0.907333
ENSG00000112977	DAP	S2_mrna_detected_only	0.241872	29	0.206196	0.373765
ENSG00000112983	BRD8	S2_mrna_detected_only	0.271921	29	0.153586	0.419994
ENSG00000112992	NNT	S2_mrna_detected_only	0.753695	29	2.35805e-06	0.959603
ENSG00000112996	MRPS30	S2_mrna_detected_only	-0.0305456	29	0.875013	0.0905127
ENSG00000113013	HSPA9	S2_mrna_detected_only	0.7133	29	1.40443e-05	0.938485
ENSG00000113048	MRPS27	S2_mrna_detected_only	0.112315	29	0.561866	0.210391
ENSG00000113068	PFDN1	S2_mrna_detected_only	0.445813	29	0.0153575	0.670624
ENSG00000113100	CDH9	S2_mrna_detected_only		2		
ENSG00000113119	TMCO6	S2_mrna_detected_only	0.36028	28	0.0596587	0.550798
ENSG00000113140	SPARC	S2_mrna_detected_only	0.830542	29	2.47478e-08	0.987602
ENSG00000113141	IK	S2_mrna_detected_only	-0.0137931	29	0.943387	0.100021
ENSG00000113161	HMGCR	S2_mrna_detected_only	0.350029	29	0.0626833	0.534829
ENSG00000113163	COL4A3BP	S2_mrna_detected_only	0.4133	29	0.0258476	0.629071
ENSG00000113194	FAF2	S2_mrna_detected_only	0.197069	29	0.305525	0.308573
ENSG00000113240	CLK4	S2_mrna_detected_only	0.0285032	29	0.883312	0.128651
ENSG00000113263	ITK	S2_mrna_detected_only	0.209548	14	0.472141	0.325961
ENSG00000113269	RNF130	S2_mrna_detected_only	0.264219	29	0.166043	0.406966
ENSG00000113272	THG1L	S2_mrna_detected_only	0.22069	29	0.249968	0.343875
ENSG00000113273	ARSB	S2_mrna_detected_only	0.495895	28	0.00728238	0.73692
ENSG00000113282	CLINT1	S2_mrna_detected_only	0.449261	29	0.0144907	0.675982
ENSG00000113296	THBS4	S2_mrna_detected_only	0.592321	22	0.00367842	0.839304
ENSG00000113303	BTNL8	S2_mrna_detected_only	0.922612	9	0.000393338	0.998844
ENSG00000113312	TTC1	S2_mrna_detected_only	0.258128	29	0.176388	0.398403
ENSG00000113318	MSH3	S2_mrna_detected_only	0.20372	29	0.289157	0.317451
ENSG00000113327	GABRG2	S2_mrna_detected_only		2		
ENSG00000113360	DROSHA	S2_mrna_detected_only	-0.149754	29	0.438125	0.0360895
ENSG00000113368	LMNB1	S2_mrna_detected_only	0.613077	25	0.00111991	0.858636
ENSG00000113369	ARRDC3	S2_mrna_detected_only	-0.033456	29	0.86321	0.0884114
ENSG00000113384	GOLPH3	S2_mrna_detected_only	0.267488	29	0.160671	0.412692
ENSG00000113387	SUB1	S2_mrna_detected_only	0.148276	29	0.44271	0.251471
ENSG00000113389	NPR3	S2_mrna_detected_only	0.541953	17	0.0246239	0.789609
ENSG00000113391	FAM172A	S2_mrna_detected_only	0.290148	29	0.126805	0.446365
ENSG00000113396	SLC27A6	S2_mrna_detected_only	0.69697	10	0.0250967	0.927979
ENSG00000113407	TARS	S2_mrna_detected_only	0.550246	29	0.00198419	0.798329
ENSG00000113441	LNPEP	S2_mrna_detected_only	0.401752	28	0.0340772	0.610422
ENSG00000113448	PDE4D	S2_mrna_detected_only	0.326986	25	0.110613	0.500683
ENSG00000113456	RAD1	S2_mrna_detected_only	0.127319	28	0.51852	0.228042
ENSG00000113460	BRIX1	S2_mrna_detected_only	0.180071	29	0.349927	0.288769
ENSG00000113492	AGXT2	S2_mrna_detected_only		3		
ENSG00000113504	SLC12A7	S2_mrna_detected_only	0.573223	29	0.00115235	0.820393
ENSG00000113522	RAD50	S2_mrna_detected_only	0.164039	29	0.395156	0.269962
ENSG00000113552	GNPDA1	S2_mrna_detected_only	0.717734	29	1.17194e-05	0.940534
ENSG00000113558	SKP1	S2_mrna_detected_only	0.126601	29	0.512842	0.227149
ENSG00000113575	PPP2CA	S2_mrna_detected_only	0.325163	29	0.0852219	0.498424
ENSG00000113578	FGF1	S2_mrna_detected_only	0.925275	14	2.13657e-06	0.999107
ENSG00000113580	NR3C1	S2_mrna_detected_only	0.148276	29	0.44271	0.251471
ENSG00000113583	C5orf15	S2_mrna_detected_only	0.183515	29	0.340635	0.292341
ENSG00000113593	PPWD1	S2_mrna_detected_only	0.594089	29	0.000679003	0.841196
ENSG00000113594	LIFR	S2_mrna_detected_only	0.317734	29	0.0930293	0.488916
ENSG00000113595	TRIM23	S2_mrna_detected_only	-0.0837438	29	0.665816	0.0604644
ENSG00000113597	TRAPPC13	S2_mrna_detected_only	-0.0782704	28	0.692184	0.063196
ENSG00000113600	C9	S2_mrna_detected_only		1		
ENSG00000113615	SEC24A	S2_mrna_detected_only	0.36601	29	0.050857	0.558836
ENSG00000113621	TXNDC15	S2_mrna_detected_only	0.105678	29	0.585346	0.202721
ENSG00000113638	TTC33	S2_mrna_detected_only	0.200271	29	0.297573	0.313616
ENSG00000113643	RARS	S2_mrna_detected_only	0.352506	29	0.0607217	0.539136
ENSG00000113648	H2AFY	S2_mrna_detected_only	-0.0413793	29	0.831231	0.0832633
ENSG00000113649	TCERG1	S2_mrna_detected_only	0.42148	29	0.0227762	0.639893
ENSG00000113657	DPYSL3	S2_mrna_detected_only	0.744937	28	5.44509e-06	0.95519
ENSG00000113658	SMAD5	S2_mrna_detected_only	0.500985	29	0.0056356	0.742593
ENSG00000113712	CSNK1A1	S2_mrna_detected_only	-0.103448	29	0.593329	0.0519017
ENSG00000113719	ERGIC1	S2_mrna_detected_only	0.741872	29	4.11038e-06	0.954297
ENSG00000113721	PDGFRB	S2_mrna_detected_only	0.430049	29	0.0198862	0.650452
ENSG00000113734	BNIP1	S2_mrna_detected_only	0.451232	29	0.014014	0.678241
ENSG00000113742	CPEB4	S2_mrna_detected_only	0.418227	29	0.0239601	0.63506
ENSG00000113758	DBN1	S2_mrna_detected_only	0.587849	28	0.00100346	0.834997
ENSG00000113761	ZNF346	S2_mrna_detected_only	0.173259	29	0.368752	0.281414
ENSG00000113763	UNC5A	S2_mrna_detected_only		2		
ENSG00000113790	EHHADH	S2_mrna_detected_only	0.81133	29	9.34369e-08	0.982927
ENSG00000113810	SMC4	S2_mrna_detected_only	0.391679	28	0.0392784	0.593875
ENSG00000113811	SELK	S2_mrna_detected_only	0.114835	29	0.553067	0.213438
ENSG00000113812	ACTR8	S2_mrna_detected_only	0.332594	29	0.0779226	0.508878
ENSG00000113845	TIMMDC1	S2_mrna_detected_only	0.352217	29	0.0609486	0.538769
ENSG00000113851	CRBN	S2_mrna_detected_only	0.170957	29	0.375247	0.279103
ENSG00000113889	KNG1	S2_mrna_detected_only		2		
ENSG00000113905	HRG	S2_mrna_detected_only		2		
ENSG00000113916	BCL6	S2_mrna_detected_only	0.097106	29	0.616289	0.193896
ENSG00000113924	HGD	S2_mrna_detected_only	0.95	15	6.08626e-08	0.999632
ENSG00000113966	ARL6	S2_mrna_detected_only	0.856522	24	9.26929e-08	0.992068
ENSG00000113971	NPHP3	S2_mrna_detected_only	0.282304	27	0.153669	0.434808
ENSG00000114019	AMOTL2	S2_mrna_detected_only	0.485131	29	0.00764307	0.723839
ENSG00000114021	NIT2	S2_mrna_detected_only	0.330583	29	0.0798494	0.505884
ENSG00000114023	FAM162A	S2_mrna_detected_only	0.594581	29	0.000670285	0.841668
ENSG00000114026	OGG1	S2_mrna_detected_only	0.0880262	26	0.668939	0.184335
ENSG00000114030	KPNA1	S2_mrna_detected_only	0.17931	29	0.352001	0.287771
ENSG00000114054	PCCB	S2_mrna_detected_only	0.826601	29	3.29275e-08	0.986972
ENSG00000114062	UBE3A	S2_mrna_detected_only	0.363547	29	0.0525549	0.555947
ENSG00000114098	ARMC8	S2_mrna_detected_only	0.116256	29	0.548132	0.214593
ENSG00000114107	CEP70	S2_mrna_detected_only	-0.0264788	27	0.895696	0.0929292
ENSG00000114113	RBP2	S2_mrna_detected_only	0.321429	7	0.482072	0.493696
ENSG00000114115	RBP1	S2_mrna_detected_only	0.828571	29	2.85718e-08	0.987392
ENSG00000114120	SLC25A36	S2_mrna_detected_only	0.517754	29	0.0040187	0.765129
ENSG00000114125	RNF7	S2_mrna_detected_only	0.062069	29	0.749076	0.159014
ENSG00000114126	TFDP2	S2_mrna_detected_only	0.0981453	28	0.619287	0.195051
ENSG00000114127	XRN1	S2_mrna_detected_only	0.211823	29	0.269984	0.330584
ENSG00000114166	KAT2B	S2_mrna_detected_only	0.232284	29	0.225307	0.361998
ENSG00000114204	SERPINI2	S2_mrna_detected_only		2		
ENSG00000114209	PDCD10	S2_mrna_detected_only	0.348276	29	0.0641017	0.531939
ENSG00000114248	LRRC31	S2_mrna_detected_only	0.942857	6	0.00480466	0.99958
ENSG00000114251	WNT5A	S2_mrna_detected_only	0.548479	22	0.00821556	0.796228
ENSG00000114279	FGF12	S2_mrna_detected_only	0.393042	12	0.206256	0.594925
ENSG00000114302	PRKAR2A	S2_mrna_detected_only	0.441872	29	0.0164003	0.664951
ENSG00000114316	USP4	S2_mrna_detected_only	0.266502	29	0.162277	0.410696
ENSG00000114331	ACAP2	S2_mrna_detected_only	0.594901	29	0.000664681	0.842141
ENSG00000114346	ECT2	S2_mrna_detected_only	0.534399	23	0.00861652	0.781309
ENSG00000114353	GNAI2	S2_mrna_detected_only	0.686207	29	3.96494e-05	0.920361
ENSG00000114354	TFG	S2_mrna_detected_only	0.270936	29	0.155141	0.418418
ENSG00000114374	USP9Y	S2_mrna_detected_only	-0.25	7	0.588724	0.0146039
ENSG00000114383	TUSC2	S2_mrna_detected_only	0.293162	29	0.12273	0.450147
ENSG00000114388	NPRL2	S2_mrna_detected_only	0.048889	29	0.801161	0.145776
ENSG00000114391	RPL24	S2_mrna_detected_only	-0.0472906	29	0.807539	0.0776949
ENSG00000114416	FXR1	S2_mrna_detected_only	0.334278	29	0.0763379	0.51161
ENSG00000114423	CBLB	S2_mrna_detected_only	0.3023	28	0.117928	0.46349
ENSG00000114439	BBX	S2_mrna_detected_only	0.137277	29	0.477634	0.239599
ENSG00000114446	IFT57	S2_mrna_detected_only	0.367488	29	0.0498592	0.561305
ENSG00000114450	GNB4	S2_mrna_detected_only	0.474001	28	0.0108296	0.708762
ENSG00000114455	HHLA2	S2_mrna_detected_only	0.669133	10	0.0343483	0.909172
ENSG00000114473	IQCG	S2_mrna_detected_only	0.322819	25	0.115503	0.495325
ENSG00000114480	GBE1	S2_mrna_detected_only	0.830542	29	2.47478e-08	0.987602
ENSG00000114487	MORC1	S2_mrna_detected_only		1		
ENSG00000114491	UMPS	S2_mrna_detected_only	0.248553	29	0.193554	0.383221
ENSG00000114503	NCBP2	S2_mrna_detected_only	0.12266	29	0.526153	0.222368
ENSG00000114520	SNX4	S2_mrna_detected_only	0.189655	29	0.324437	0.299958
ENSG00000114541	FRMD4B	S2_mrna_detected_only	0.539307	28	0.00306104	0.786983
ENSG00000114544	SLC41A3	S2_mrna_detected_only	0.376355	29	0.0441931	0.57365
ENSG00000114547	ROPN1B	S2_mrna_detected_only		3		
ENSG00000114554	PLXNA1	S2_mrna_detected_only	0.25455	28	0.191145	0.393518
ENSG00000114573	ATP6V1A	S2_mrna_detected_only	0.431247	29	0.0195074	0.65187
ENSG00000114626	ABTB1	S2_mrna_detected_only	0.0725371	28	0.713757	0.168575
ENSG00000114631	PODXL2	S2_mrna_detected_only	0.470368	27	0.0132881	0.704087
ENSG00000114646	CSPG5	S2_mrna_detected_only		1		
ENSG00000114648	KLHL18	S2_mrna_detected_only	0.332318	29	0.0781849	0.508248
ENSG00000114650	SCAP	S2_mrna_detected_only	0.347473	29	0.0647598	0.531046
ENSG00000114654	EFCC1	S2_mrna_detected_only	0.210819	4	0.789181	0.328535
ENSG00000114686	MRPL3	S2_mrna_detected_only	0.440887	29	0.01667	0.663953
ENSG00000114698	PLSCR4	S2_mrna_detected_only	0.288459	29	0.129131	0.444264
ENSG00000114735	HEMK1	S2_mrna_detected_only	0.198548	29	0.301835	0.311147
ENSG00000114738	MAPKAPK3	S2_mrna_detected_only	0.563054	29	0.00147275	0.81099
ENSG00000114742	WDR48	S2_mrna_detected_only	0.207389	29	0.28037	0.322599
ENSG00000114744	COMMD2	S2_mrna_detected_only	0.102968	29	0.595054	0.199254
ENSG00000114745	GORASP1	S2_mrna_detected_only	0.0261212	29	0.893005	0.127285
ENSG00000114757	PEX5L	S2_mrna_detected_only		2		
ENSG00000114767	RRP9	S2_mrna_detected_only	0.110865	29	0.566961	0.209445
ENSG00000114770	ABCC5	S2_mrna_detected_only	-0.148179	27	0.46075	0.0367199
ENSG00000114771	AADAC	S2_mrna_detected_only	0.951515	10	2.27985e-05	0.999737
ENSG00000114779	ABHD14B	S2_mrna_detected_only	0.713793	29	1.3767e-05	0.93859
ENSG00000114784	EIF1B	S2_mrna_detected_only	0.154348	29	0.424037	0.2583
ENSG00000114790	ARHGEF26	S2_mrna_detected_only	0.577237	21	0.00614587	0.82407
ENSG00000114796	KLHL24	S2_mrna_detected_only	-0.1569	29	0.416321	0.0343034
ENSG00000114812	VIPR1	S2_mrna_detected_only	0.454339	22	0.0336537	0.682864
ENSG00000114850	SSR3	S2_mrna_detected_only	-0.0512315	29	0.791836	0.0749107
ENSG00000114854	TNNC1	S2_mrna_detected_only	0.0441176	16	0.871122	0.141574
ENSG00000114857	NKTR	S2_mrna_detected_only	0.108374	29	0.575756	0.205821
ENSG00000114859	CLCN2	S2_mrna_detected_only	0.0525486	21	0.821032	0.149244
ENSG00000114861	FOXP1	S2_mrna_detected_only	0.655003	29	0.000115383	0.895514
ENSG00000114867	EIF4G1	S2_mrna_detected_only	0.463054	29	0.0114194	0.694526
ENSG00000114902	SPCS1	S2_mrna_detected_only	0.27931	29	0.142279	0.430658
ENSG00000114904	NEK4	S2_mrna_detected_only	0.146141	28	0.458058	0.248214
ENSG00000114923	SLC4A3	S2_mrna_detected_only	0.464835	15	0.080844	0.696943
ENSG00000114933	INO80D	S2_mrna_detected_only	-0.129931	26	0.526978	0.0430237
ENSG00000114942	EEF1B2	S2_mrna_detected_only	-0.0433498	29	0.823316	0.081162
ENSG00000114956	DGUOK	S2_mrna_detected_only	-0.110837	29	0.567057	0.0492751
ENSG00000114978	MOB1A	S2_mrna_detected_only	0.475369	29	0.00915683	0.70955
ENSG00000114982	KANSL3	S2_mrna_detected_only	0.0618379	29	0.749981	0.158384
ENSG00000114988	LMAN2L	S2_mrna_detected_only	0.298559	29	0.115675	0.457397
ENSG00000114993	RTKN	S2_mrna_detected_only	0.777167	27	1.8597e-06	0.970109
ENSG00000114999	TTL	S2_mrna_detected_only	0.7	5	0.18812	0.93071
ENSG00000115020	PIKFYVE	S2_mrna_detected_only	-0.00221702	29	0.990893	0.106062
ENSG00000115042	FAHD2A	S2_mrna_detected_only	0.782266	29	5.36981e-07	0.972893
ENSG00000115053	NCL	S2_mrna_detected_only	0.119212	29	0.537935	0.217693
ENSG00000115073	ACTR1B	S2_mrna_detected_only	0.153202	29	0.427528	0.257302
ENSG00000115084	SLC35F5	S2_mrna_detected_only	0.478134	29	0.00870453	0.713438
ENSG00000115091	ACTR3	S2_mrna_detected_only	0.508374	29	0.00486549	0.752889
ENSG00000115109	EPB41L5	S2_mrna_detected_only	0.735468	29	5.48669e-06	0.950777
ENSG00000115128	SF3B6	S2_mrna_detected_only	0.0827586	29	0.669526	0.178556
ENSG00000115129	TP53I3	S2_mrna_detected_only	0.755172	29	2.19508e-06	0.960443
ENSG00000115138	POMC	S2_mrna_detected_only	-0.316228	4	0.683772	0.00651397
ENSG00000115145	STAM2	S2_mrna_detected_only	0.513673	29	0.00437016	0.759666
ENSG00000115159	GPD2	S2_mrna_detected_only	0.562671	28	0.00182765	0.810622
ENSG00000115170	ACVR1	S2_mrna_detected_only	0.329376	29	0.0810225	0.50436
ENSG00000115183	TANC1	S2_mrna_detected_only	0.788028	29	3.87949e-07	0.974942
ENSG00000115194	SLC30A3	S2_mrna_detected_only		3		
ENSG00000115204	MPV17	S2_mrna_detected_only	0.147291	29	0.445781	0.249737
ENSG00000115207	GTF3C2	S2_mrna_detected_only	0.324631	29	0.0857645	0.497426
ENSG00000115211	EIF2B4	S2_mrna_detected_only	0.216256	29	0.25985	0.337308
ENSG00000115216	NRBP1	S2_mrna_detected_only	0.297537	29	0.116987	0.455505
ENSG00000115232	ITGA4	S2_mrna_detected_only	0.681887	24	0.000242842	0.917577
ENSG00000115233	PSMD14	S2_mrna_detected_only	-0.0857143	29	0.658419	0.0597815
ENSG00000115234	SNX17	S2_mrna_detected_only	0.163547	29	0.396597	0.269489
ENSG00000115239	ASB3	S2_mrna_detected_only	0.244354	28	0.210152	0.377022
ENSG00000115241	PPM1G	S2_mrna_detected_only	0.597857	29	0.000614763	0.845136
ENSG00000115255	REEP6	S2_mrna_detected_only	0.753839	19	0.000193327	0.959813
ENSG00000115263	GCG	S2_mrna_detected_only	0.615385	12	0.0331699	0.861053
ENSG00000115266	APC2	S2_mrna_detected_only		3		
ENSG00000115267	IFIH1	S2_mrna_detected_only	0.593596	29	0.000687821	0.84067
ENSG00000115268	RPS15	S2_mrna_detected_only	-0.0758714	29	0.69567	0.0643518
ENSG00000115271	GCA	S2_mrna_detected_only	0.530542	29	0.00306933	0.777947
ENSG00000115274	INO80B	S2_mrna_detected_only	0.0820843	29	0.67207	0.177506
ENSG00000115275	MOGS	S2_mrna_detected_only	0.601478	29	0.000558118	0.847499
ENSG00000115282	TTC31	S2_mrna_detected_only	0.276897	28	0.153733	0.426192
ENSG00000115286	NDUFS7	S2_mrna_detected_only	0.420197	29	0.0232373	0.637844
ENSG00000115289	PCGF1	S2_mrna_detected_only	0.141936	29	0.46267	0.243276
ENSG00000115290	GRB14	S2_mrna_detected_only	0.942857	6	0.00480466	0.99958
ENSG00000115295	CLIP4	S2_mrna_detected_only	0.397263	28	0.036322	0.60207
ENSG00000115306	SPTBN1	S2_mrna_detected_only	0.450246	29	0.0142507	0.677348
ENSG00000115307	AUP1	S2_mrna_detected_only	0.516749	29	0.00410293	0.763921
ENSG00000115310	RTN4	S2_mrna_detected_only	0.584729	29	0.000864616	0.831792
ENSG00000115317	HTRA2	S2_mrna_detected_only	-0.428702	27	0.0256691	0.00173356
ENSG00000115325	DOK1	S2_mrna_detected_only	0.415038	20	0.0688077	0.630647
ENSG00000115339	GALNT3	S2_mrna_detected_only	0.811304	24	1.50982e-06	0.982822
ENSG00000115350	POLE4	S2_mrna_detected_only	0.246608	29	0.197178	0.380279
ENSG00000115353	TACR1	S2_mrna_detected_only	-0.0180187	7	0.969415	0.0973944
ENSG00000115363	EVA1A	S2_mrna_detected_only	0.5	11	0.117307	0.74149
ENSG00000115364	MRPL19	S2_mrna_detected_only	0.359606	29	0.0553642	0.549433
ENSG00000115365	LANCL1	S2_mrna_detected_only	0.561084	29	0.00154306	0.808888
ENSG00000115368	WDR75	S2_mrna_detected_only	0.206897	29	0.281539	0.322074
ENSG00000115380	EFEMP1	S2_mrna_detected_only	0.530378	28	0.00369262	0.777632
ENSG00000115386	REG1A	S2_mrna_detected_only	0.791209	13	0.00127502	0.976518
ENSG00000115414	FN1	S2_mrna_detected_only	0.648276	29	0.000143006	0.890418
ENSG00000115415	STAT1	S2_mrna_detected_only	0.621675	29	0.00031846	0.867146
ENSG00000115419	GLS	S2_mrna_detected_only	0.580121	29	0.000971282	0.826802
ENSG00000115421	PAPOLG	S2_mrna_detected_only	-0.12562	27	0.532406	0.0447048
ENSG00000115423	DNAH6	S2_mrna_detected_only		2		
ENSG00000115446	UNC50	S2_mrna_detected_only	0.151987	29	0.431246	0.255989
ENSG00000115457	IGFBP2	S2_mrna_detected_only	0.314778	29	0.0962815	0.482875
ENSG00000115461	IGFBP5	S2_mrna_detected_only	0.775369	29	7.8253e-07	0.969426
ENSG00000115464	USP34	S2_mrna_detected_only	-0.391133	29	0.0358987	0.0027842
ENSG00000115474	KCNJ13	S2_mrna_detected_only		3		
ENSG00000115484	CCT4	S2_mrna_detected_only	0.062069	29	0.749076	0.159014
ENSG00000115486	GGCX	S2_mrna_detected_only	0.648768	29	0.000140801	0.890943
ENSG00000115504	EHBP1	S2_mrna_detected_only	0.212315	29	0.268845	0.33153
ENSG00000115514	TXNDC9	S2_mrna_detected_only	0.358621	29	0.0560847	0.547962
ENSG00000115520	COQ10B	S2_mrna_detected_only	0.0330049	29	0.865038	0.132959
ENSG00000115524	SF3B1	S2_mrna_detected_only	0.205419	29	0.285067	0.320603
ENSG00000115526	CHST10	S2_mrna_detected_only	-0.189415	26	0.354053	0.0249527
ENSG00000115539	PDCL3	S2_mrna_detected_only	0.392774	28	0.0386841	0.594715
ENSG00000115540	MOB4	S2_mrna_detected_only	-0.595933	29	0.000646865	0.000157596
ENSG00000115541	HSPE1	S2_mrna_detected_only	0.247814	29	0.194926	0.382171
ENSG00000115548	KDM3A	S2_mrna_detected_only	0.270443	29	0.155922	0.417682
ENSG00000115561	CHMP3	S2_mrna_detected_only	0.6867	29	3.89462e-05	0.920572
ENSG00000115568	ZNF142	S2_mrna_detected_only	-0.273675	27	0.167185	0.0117146
ENSG00000115593	SMYD1	S2_mrna_detected_only	0.8	4	0.2	0.979513
ENSG00000115594	IL1R1	S2_mrna_detected_only	0.388177	28	0.0412287	0.589147
ENSG00000115596	WNT6	S2_mrna_detected_only		1		
ENSG00000115602	IL1RL1	S2_mrna_detected_only	0.109109	8	0.797039	0.207186
ENSG00000115604	IL18R1	S2_mrna_detected_only	0.549122	18	0.0182632	0.796648
ENSG00000115648	MLPH	S2_mrna_detected_only	0.562436	18	0.015111	0.810097
ENSG00000115652	UXS1	S2_mrna_detected_only	0.626001	29	0.000280973	0.870403
ENSG00000115657	ABCB6	S2_mrna_detected_only	0.396552	29	0.0331914	0.600704
ENSG00000115661	STK16	S2_mrna_detected_only	0.336946	29	0.0738769	0.514762
ENSG00000115677	HDLBP	S2_mrna_detected_only	0.530542	29	0.00306933	0.777947
ENSG00000115685	PPP1R7	S2_mrna_detected_only	0.436946	29	0.0177856	0.658752
ENSG00000115694	STK25	S2_mrna_detected_only	-0.183744	29	0.340021	0.0265287
ENSG00000115705	TPO	S2_mrna_detected_only	0.4	5	0.504632	0.607165
ENSG00000115718	PROC	S2_mrna_detected_only		3		
ENSG00000115750	TAF1B	S2_mrna_detected_only	0.344737	28	0.0724088	0.527054
ENSG00000115756	HPCAL1	S2_mrna_detected_only	0.587685	29	0.000801721	0.834682
ENSG00000115758	ODC1	S2_mrna_detected_only	0.0793018	29	0.682603	0.174879
ENSG00000115760	BIRC6	S2_mrna_detected_only	0.0871921	29	0.652892	0.183652
ENSG00000115761	NOL10	S2_mrna_detected_only	0.187954	29	0.328876	0.298014
ENSG00000115762	PLEKHB2	S2_mrna_detected_only	-0.248465	29	0.193717	0.0146564
ENSG00000115806	GORASP2	S2_mrna_detected_only	0.530542	29	0.00306933	0.777947
ENSG00000115808	STRN	S2_mrna_detected_only	0.0700602	28	0.723146	0.166264
ENSG00000115816	CEBPZ	S2_mrna_detected_only	0.037931	29	0.845119	0.135848
ENSG00000115825	PRKD3	S2_mrna_detected_only	0.367921	28	0.0540699	0.562145
ENSG00000115827	DCAF17	S2_mrna_detected_only	0.34841	27	0.0749107	0.532412
ENSG00000115839	RAB3GAP1	S2_mrna_detected_only	-0.0896552	29	0.64372	0.0576277
ENSG00000115840	SLC25A12	S2_mrna_detected_only	0.218227	29	0.255427	0.339882
ENSG00000115841	RMDN2	S2_mrna_detected_only	0.434676	27	0.0234667	0.657071
ENSG00000115850	LCT	S2_mrna_detected_only		2		
ENSG00000115866	DARS	S2_mrna_detected_only	0.217734	29	0.256528	0.33941
ENSG00000115875	SRSF7	S2_mrna_detected_only	0.291133	29	0.125462	0.447836
ENSG00000115884	SDC1	S2_mrna_detected_only	0.569231	26	0.00240567	0.816611
ENSG00000115902	SLC1A4	S2_mrna_detected_only	0.654268	29	0.00011815	0.894988
ENSG00000115904	SOS1	S2_mrna_detected_only	0.0157635	29	0.935315	0.120666
ENSG00000115935	WIPF1	S2_mrna_detected_only	0.649152	28	0.000186031	0.891259
ENSG00000115942	ORC2	S2_mrna_detected_only	0.32786	28	0.0885272	0.501839
ENSG00000115944	COX7A2L	S2_mrna_detected_only	-0.0325123	29	0.867034	0.0892519
ENSG00000115946	PNO1	S2_mrna_detected_only	0.484789	29	0.00769228	0.723419
ENSG00000115947	ORC4	S2_mrna_detected_only	0.249966	28	0.199537	0.385533
ENSG00000115956	PLEK	S2_mrna_detected_only	0.715507	27	2.72629e-05	0.939325
ENSG00000115963	RND3	S2_mrna_detected_only	-0.00296942	29	0.987803	0.105327
ENSG00000115966	ATF2	S2_mrna_detected_only	0.0458128	29	0.813447	0.142519
ENSG00000115970	THADA	S2_mrna_detected_only	0.0783251	29	0.686315	0.173934
ENSG00000115977	AAK1	S2_mrna_detected_only	0.430049	29	0.0198862	0.650452
ENSG00000115993	TRAK2	S2_mrna_detected_only	0.279872	29	0.141445	0.431656
ENSG00000116001	TIA1	S2_mrna_detected_only	0.514778	29	0.00427248	0.761399
ENSG00000116005	PCYOX1	S2_mrna_detected_only	0.402956	29	0.0302068	0.613049
ENSG00000116016	EPAS1	S2_mrna_detected_only	0.255132	29	0.18164	0.394673
ENSG00000116030	SUMO1	S2_mrna_detected_only	-0.192611	29	0.316813	0.0243223
ENSG00000116039	ATP6V1B1	S2_mrna_detected_only	0.8	5	0.104088	0.979513
ENSG00000116044	NFE2L2	S2_mrna_detected_only	0.0946056	29	0.625441	0.190954
ENSG00000116062	MSH6	S2_mrna_detected_only	0.30197	29	0.111373	0.46307
ENSG00000116095	PLEKHA3	S2_mrna_detected_only	0.132462	27	0.510128	0.234766
ENSG00000116096	SPR	S2_mrna_detected_only	0.85665	29	3.04346e-09	0.992278
ENSG00000116106	EPHA4	S2_mrna_detected_only	0.410675	23	0.0515882	0.625079
ENSG00000116117	PARD3B	S2_mrna_detected_only	0.41508	25	0.0390854	0.630752
ENSG00000116120	FARSB	S2_mrna_detected_only	0.13082	29	0.498776	0.232454
ENSG00000116128	BCL9	S2_mrna_detected_only	0.0886868	27	0.660015	0.185596
ENSG00000116132	PRRX1	S2_mrna_detected_only	0.52767	24	0.00804919	0.77511
ENSG00000116133	DHCR24	S2_mrna_detected_only	0.488484	29	0.0071745	0.727937
ENSG00000116138	DNAJC16	S2_mrna_detected_only	0.0460648	29	0.812439	0.143045
ENSG00000116141	MARK1	S2_mrna_detected_only	0.519608	17	0.0325372	0.76681
ENSG00000116147	TNR	S2_mrna_detected_only		2		
ENSG00000116157	GPX7	S2_mrna_detected_only	0.359381	28	0.0603441	0.549012
ENSG00000116161	CACYBP	S2_mrna_detected_only	0.341872	29	0.0694946	0.522379
ENSG00000116171	SCP2	S2_mrna_detected_only	0.651232	29	0.000130219	0.892782
ENSG00000116183	PAPPA2	S2_mrna_detected_only	0.4	4	0.6	0.607165
ENSG00000116191	RALGPS2	S2_mrna_detected_only	0.55907	26	0.0029874	0.807575
ENSG00000116194	ANGPTL1	S2_mrna_detected_only	0.230232	27	0.247962	0.359372
ENSG00000116198	CEP104	S2_mrna_detected_only	0.535041	29	0.0027847	0.782202
ENSG00000116199	FAM20B	S2_mrna_detected_only	0.181281	29	0.346646	0.290082
ENSG00000116209	TMEM59	S2_mrna_detected_only	0.449316	29	0.0144772	0.676455
ENSG00000116212	LRRC42	S2_mrna_detected_only	0.479655	29	0.00846377	0.715959
ENSG00000116213	WRAP73	S2_mrna_detected_only	0.310974	29	0.100593	0.476728
ENSG00000116218	NPHS2	S2_mrna_detected_only		1		
ENSG00000116221	MRPL37	S2_mrna_detected_only	0.434975	29	0.0183661	0.657228
ENSG00000116237	ICMT	S2_mrna_detected_only	0.290401	29	0.126458	0.44689
ENSG00000116251	RPL22	S2_mrna_detected_only	0.30936	29	0.102466	0.474364
ENSG00000116260	QSOX1	S2_mrna_detected_only	0.587685	29	0.000801721	0.834682
ENSG00000116266	STXBP3	S2_mrna_detected_only	0.470936	29	0.00992343	0.705033
ENSG00000116273	PHF13	S2_mrna_detected_only	-0.0269381	29	0.889679	0.092614
ENSG00000116285	ERRFI1	S2_mrna_detected_only	0.0925187	29	0.633121	0.188853
ENSG00000116288	PARK7	S2_mrna_detected_only	0.236946	29	0.215872	0.36804
ENSG00000116337	AMPD2	S2_mrna_detected_only	0.429557	29	0.0200437	0.649664
ENSG00000116350	SRSF4	S2_mrna_detected_only	-0.0522167	29	0.787922	0.0741752
ENSG00000116353	MECR	S2_mrna_detected_only	0.366794	29	0.0503256	0.559992
ENSG00000116406	EDEM3	S2_mrna_detected_only	0.189163	29	0.325719	0.299275
ENSG00000116455	WDR77	S2_mrna_detected_only	0.19803	29	0.303125	0.310149
ENSG00000116459	ATP5F1	S2_mrna_detected_only	0.532512	29	0.00294175	0.779681
ENSG00000116473	RAP1A	S2_mrna_detected_only	0.27734	29	0.145233	0.42698
ENSG00000116478	HDAC1	S2_mrna_detected_only	0.312808	29	0.0984969	0.47967
ENSG00000116489	CAPZA1	S2_mrna_detected_only	0.380788	29	0.041559	0.579534
ENSG00000116497	S100PBP	S2_mrna_detected_only	0.427669	28	0.023199	0.647878
ENSG00000116521	SCAMP3	S2_mrna_detected_only	0.34019	29	0.0709679	0.52012
ENSG00000116539	ASH1L	S2_mrna_detected_only	0.178615	29	0.353901	0.287193
ENSG00000116544	DLGAP3	S2_mrna_detected_only		2		
ENSG00000116560	SFPQ	S2_mrna_detected_only	0.350246	29	0.0625097	0.535302
ENSG00000116580	GON4L	S2_mrna_detected_only	0.115299	29	0.551452	0.214068
ENSG00000116584	ARHGEF2	S2_mrna_detected_only	0.770662	28	1.60434e-06	0.967693
ENSG00000116586	LAMTOR2	S2_mrna_detected_only	-0.185714	29	0.334777	0.0260034
ENSG00000116604	MEF2D	S2_mrna_detected_only	0.251724	29	0.187746	0.38858
ENSG00000116641	DOCK7	S2_mrna_detected_only	0.699237	27	4.94842e-05	0.929765
ENSG00000116649	SRM	S2_mrna_detected_only	0.470443	29	0.0100118	0.704455
ENSG00000116663	FBXO6	S2_mrna_detected_only	0.723645	29	9.15824e-06	0.944158
ENSG00000116667	C1orf21	S2_mrna_detected_only	0.649152	28	0.000186031	0.891259
ENSG00000116675	DNAJC6	S2_mrna_detected_only	0.890909	10	0.000542144	0.996638
ENSG00000116679	IVNS1ABP	S2_mrna_detected_only	0.383251	29	0.0401507	0.582528
ENSG00000116685	KIAA2013	S2_mrna_detected_only	0.313793	29	0.0973845	0.480511
ENSG00000116688	MFN2	S2_mrna_detected_only	0.627094	29	0.000272147	0.872137
ENSG00000116690	PRG4	S2_mrna_detected_only	-0.5	5	0.391002	0.000420256
ENSG00000116691	MIIP	S2_mrna_detected_only	0.074311	28	0.707058	0.170151
ENSG00000116698	SMG7	S2_mrna_detected_only	0.361262	29	0.0541698	0.553005
ENSG00000116704	SLC35D1	S2_mrna_detected_only	0.025645	29	0.894945	0.12697
ENSG00000116729	WLS	S2_mrna_detected_only	0.305419	29	0.107147	0.46785
ENSG00000116731	PRDM2	S2_mrna_detected_only	-0.0319365	29	0.869369	0.0896722
ENSG00000116741	RGS2	S2_mrna_detected_only	0.505842	29	0.00511859	0.74958
ENSG00000116747	TROVE2	S2_mrna_detected_only	0.249042	28	0.201259	0.383852
ENSG00000116748	AMPD1	S2_mrna_detected_only	0.38906	10	0.266478	0.590408
ENSG00000116750	UCHL5	S2_mrna_detected_only	0.172414	29	0.37113	0.280469
ENSG00000116752	BCAS2	S2_mrna_detected_only	0.0487685	29	0.801641	0.145514
ENSG00000116754	SRSF11	S2_mrna_detected_only	0.124631	29	0.519476	0.225362
ENSG00000116761	CTH	S2_mrna_detected_only	0.631169	21	0.00215295	0.875867
ENSG00000116771	AGMAT	S2_mrna_detected_only	0.934066	14	1.02798e-06	0.999422
ENSG00000116774	OLFML3	S2_mrna_detected_only	0.551232	29	0.00194002	0.799643
ENSG00000116785	CFHR3	S2_mrna_detected_only		1		
ENSG00000116786	PLEKHM2	S2_mrna_detected_only	0.360099	29	0.0550068	0.550483
ENSG00000116791	CRYZ	S2_mrna_detected_only	0.683251	29	4.41119e-05	0.918838
ENSG00000116809	ZBTB17	S2_mrna_detected_only	-0.317736	27	0.106299	0.00635638
ENSG00000116815	CD58	S2_mrna_detected_only	0.544609	28	0.00273179	0.792341
ENSG00000116830	TTF2	S2_mrna_detected_only	0.0626223	24	0.771286	0.160065
ENSG00000116852	KIF21B	S2_mrna_detected_only	0.226681	14	0.435796	0.354434
ENSG00000116857	TMEM9	S2_mrna_detected_only	0.279031	29	0.142695	0.43029
ENSG00000116863	ADPRHL2	S2_mrna_detected_only	0.416749	29	0.0245141	0.633011
ENSG00000116871	MAP7D1	S2_mrna_detected_only	0.469622	28	0.0116893	0.703772
ENSG00000116874	WARS2	S2_mrna_detected_only	0.39251	29	0.0351947	0.594505
ENSG00000116882	HAO2	S2_mrna_detected_only		2		
ENSG00000116898	MRPS15	S2_mrna_detected_only	0.239901	29	0.21003	0.371769
ENSG00000116903	EXOC8	S2_mrna_detected_only	-0.148787	29	0.441122	0.0362996
ENSG00000116906	GNPAT	S2_mrna_detected_only	0.347291	29	0.0649095	0.530574
ENSG00000116918	TSNAX	S2_mrna_detected_only	0.20569	29	0.284416	0.321128
ENSG00000116922	C1orf109	S2_mrna_detected_only	-0.290033	29	0.126962	0.00961336
ENSG00000116954	RRAGC	S2_mrna_detected_only	0.346798	29	0.0653163	0.530048
ENSG00000116957	TBCE	S2_mrna_detected_only	0.253695	29	0.184198	0.392204
ENSG00000116962	NID1	S2_mrna_detected_only	0.481773	29	0.00813788	0.719111
ENSG00000116977	LGALS8	S2_mrna_detected_only	0.567488	29	0.00132464	0.815245
ENSG00000116981	NT5C1A	S2_mrna_detected_only	0.4	4	0.6	0.607165
ENSG00000116983	HPCAL4	S2_mrna_detected_only	0.828571	6	0.0415627	0.987497
ENSG00000116984	MTR	S2_mrna_detected_only	0.485714	29	0.00755972	0.724259
ENSG00000116991	SIPA1L2	S2_mrna_detected_only	0.347692	26	0.0817765	0.531257
ENSG00000117000	RLF	S2_mrna_detected_only	0.120981	29	0.531875	0.219742
ENSG00000117009	KMO	S2_mrna_detected_only	0.709091	10	0.0216659	0.936384
ENSG00000117020	AKT3	S2_mrna_detected_only	-0.0831965	28	0.673832	0.0609897
ENSG00000117036	ETV3	S2_mrna_detected_only	0.355663	29	0.0582915	0.543444
ENSG00000117054	ACADM	S2_mrna_detected_only	0.7	29	2.3707e-05	0.93071
ENSG00000117091	CD48	S2_mrna_detected_only	0.719522	26	3.43167e-05	0.941217
ENSG00000117114	ADGRL2	S2_mrna_detected_only	0.183744	29	0.340021	0.292866
ENSG00000117115	PADI2	S2_mrna_detected_only	0.669528	17	0.0032836	0.909592
ENSG00000117118	SDHB	S2_mrna_detected_only	0.518719	29	0.00393917	0.76618
ENSG00000117133	RPF1	S2_mrna_detected_only	0.105964	29	0.584327	0.203036
ENSG00000117139	KDM5B	S2_mrna_detected_only	0.650099	29	0.000134994	0.892152
ENSG00000117143	UAP1	S2_mrna_detected_only	0.796059	29	2.4246e-07	0.978147
ENSG00000117148	ACTL8	S2_mrna_detected_only		1		
ENSG00000117151	CTBS	S2_mrna_detected_only	0.260846	28	0.180023	0.402028
ENSG00000117153	KLHL12	S2_mrna_detected_only	0.338372	29	0.0725865	0.517493
ENSG00000117174	ZNHIT6	S2_mrna_detected_only	-0.359113	29	0.0557235	0.00404497
ENSG00000117215	PLA2G2D	S2_mrna_detected_only		7		
ENSG00000117222	RBBP5	S2_mrna_detected_only	0.23202	29	0.225851	0.361263
ENSG00000117226	GBP3	S2_mrna_detected_only	0.644634	29	0.000160287	0.887634
ENSG00000117262	GPR89A	S2_mrna_detected_only	0.25468	29	0.182442	0.393728
ENSG00000117266	CDK18	S2_mrna_detected_only	0.492918	29	0.00659237	0.73319
ENSG00000117280	RAB29	S2_mrna_detected_only	0.610837	29	0.000432365	0.857113
ENSG00000117298	ECE1	S2_mrna_detected_only	0.602956	29	0.000536348	0.849023
ENSG00000117305	HMGCL	S2_mrna_detected_only	0.796404	29	2.37513e-07	0.978304
ENSG00000117308	GALE	S2_mrna_detected_only	0.67734	29	5.44043e-05	0.914163
ENSG00000117322	CR2	S2_mrna_detected_only	0.964286	7	0.000454149	0.99979
ENSG00000117335	CD46	S2_mrna_detected_only	0.674384	29	6.0313e-05	0.912482
ENSG00000117360	PRPF3	S2_mrna_detected_only	0.17734	29	0.357405	0.285879
ENSG00000117362	APH1A	S2_mrna_detected_only	0.148983	29	0.440513	0.252627
ENSG00000117385	P3H1	S2_mrna_detected_only	0.769231	27	2.74847e-06	0.966957
ENSG00000117394	SLC2A1	S2_mrna_detected_only	0.268747	28	0.166716	0.414898
ENSG00000117395	EBNA1BP2	S2_mrna_detected_only	0.183744	29	0.340021	0.292866
ENSG00000117408	IPO13	S2_mrna_detected_only	0.597118	29	0.000626924	0.844242
ENSG00000117419	ERI3	S2_mrna_detected_only	0.278818	29	0.143014	0.429975
ENSG00000117448	AKR1A1	S2_mrna_detected_only	0.478818	29	0.0085956	0.714436
ENSG00000117450	PRDX1	S2_mrna_detected_only	0.00246305	29	0.989883	0.109372
ENSG00000117461	PIK3R3	S2_mrna_detected_only	0.0972499	28	0.622503	0.194106
ENSG00000117472	TSPAN1	S2_mrna_detected_only	0.259474	18	0.298448	0.399716
ENSG00000117475	BLZF1	S2_mrna_detected_only	0.0540061	29	0.780827	0.150925
ENSG00000117477	CCDC181	S2_mrna_detected_only	0.698253	6	0.122839	0.928977
ENSG00000117481	NSUN4	S2_mrna_detected_only	0.126108	29	0.514496	0.226308
ENSG00000117500	TMED5	S2_mrna_detected_only	0.35468	29	0.0590403	0.542131
ENSG00000117505	DR1	S2_mrna_detected_only	0.481773	29	0.00813788	0.719111
ENSG00000117519	CNN3	S2_mrna_detected_only	0.640394	29	0.000182712	0.883589
ENSG00000117523	PRRC2C	S2_mrna_detected_only	0.278818	29	0.143014	0.429975
ENSG00000117525	F3	S2_mrna_detected_only	0.524399	28	0.00417511	0.771958
ENSG00000117528	ABCD3	S2_mrna_detected_only	0.706897	29	1.81349e-05	0.93486
ENSG00000117533	VAMP4	S2_mrna_detected_only	0.306195	29	0.106212	0.469952
ENSG00000117543	DPH5	S2_mrna_detected_only	0.22318	29	0.244527	0.348865
ENSG00000117569	PTBP2	S2_mrna_detected_only	0.561441	27	0.00231056	0.809151
ENSG00000117586	TNFSF4	S2_mrna_detected_only		7		
ENSG00000117592	PRDX6	S2_mrna_detected_only	0.6133	29	0.000403733	0.858794
ENSG00000117593	DARS2	S2_mrna_detected_only	0.423645	29	0.0220155	0.642519
ENSG00000117594	HSD11B1	S2_mrna_detected_only	0.654427	23	0.000704306	0.895094
ENSG00000117595	IRF6	S2_mrna_detected_only	0.352308	25	0.0841264	0.539031
ENSG00000117597	DIEXF	S2_mrna_detected_only	-0.0892173	28	0.651649	0.0578378
ENSG00000117600	PLPPR4	S2_mrna_detected_only	0.801784	7	0.0300992	0.980143
ENSG00000117601	SERPINC1	S2_mrna_detected_only		2		
ENSG00000117614	SYF2	S2_mrna_detected_only	0.221675	29	0.247806	0.345924
ENSG00000117620	SLC35A3	S2_mrna_detected_only	0.555084	28	0.00216971	0.803898
ENSG00000117625	RCOR3	S2_mrna_detected_only	0.610345	29	0.000438301	0.856693
ENSG00000117632	STMN1	S2_mrna_detected_only	0.814778	29	7.44489e-08	0.983978
ENSG00000117640	MTFR1L	S2_mrna_detected_only	0.555172	29	0.00177175	0.804108
ENSG00000117643	MAN1C1	S2_mrna_detected_only	0.400244	27	0.0385743	0.607743
ENSG00000117676	RPS6KA1	S2_mrna_detected_only	0.770443	29	1.01595e-06	0.967588
ENSG00000117691	NENF	S2_mrna_detected_only	0.361084	29	0.0542972	0.552322
ENSG00000117697	NSL1	S2_mrna_detected_only	0.2	29	0.298241	0.313144
ENSG00000117713	ARID1A	S2_mrna_detected_only	0.655499	29	0.000113544	0.896039
ENSG00000117724	CENPF	S2_mrna_detected_only	-0.148352	13	0.628609	0.0366148
ENSG00000117748	RPA2	S2_mrna_detected_only	0.481773	29	0.00813788	0.719111
ENSG00000117751	PPP1R8	S2_mrna_detected_only	0.402956	29	0.0302068	0.613049
ENSG00000117758	STX12	S2_mrna_detected_only	0.408374	29	0.0278547	0.621717
ENSG00000117791	MARC2	S2_mrna_detected_only	0.69803	29	2.55584e-05	0.928819
ENSG00000117859	OSBPL9	S2_mrna_detected_only	0.0482759	29	0.803606	0.144988
ENSG00000117862	TXNDC12	S2_mrna_detected_only	-0.082266	29	0.671384	0.0614625
ENSG00000117868	ESYT2	S2_mrna_detected_only	0.485714	29	0.00755972	0.724259
ENSG00000117877	CD3EAP	S2_mrna_detected_only	0.159973	20	0.500491	0.266285
ENSG00000117899	MESDC2	S2_mrna_detected_only	0.299015	29	0.115093	0.457869
ENSG00000117906	RCN2	S2_mrna_detected_only	0.399015	29	0.0320165	0.605379
ENSG00000117983	MUC5B	S2_mrna_detected_only		3		
ENSG00000117984	CTSD	S2_mrna_detected_only	0.324631	29	0.0857645	0.497426
ENSG00000118004	COLEC11	S2_mrna_detected_only	0.297596	17	0.246016	0.455821
ENSG00000118007	STAG1	S2_mrna_detected_only	0.427586	29	0.0206841	0.647615
ENSG00000118017	A4GNT	S2_mrna_detected_only		1		
ENSG00000118046	STK11	S2_mrna_detected_only	-0.20889	29	0.276827	0.0211704
ENSG00000118058	KMT2A	S2_mrna_detected_only	-0.008867	29	0.963589	0.10249
ENSG00000118094	TREH	S2_mrna_detected_only	0.753702	6	0.0835233	0.959655
ENSG00000118096	IFT46	S2_mrna_detected_only	0.513554	29	0.00438086	0.759561
ENSG00000118137	APOA1	S2_mrna_detected_only	-0.300699	12	0.34226	0.00772221
ENSG00000118160	SLC8A2	S2_mrna_detected_only	0.7	5	0.18812	0.93071
ENSG00000118162	KPTN	S2_mrna_detected_only	0.233389	27	0.241354	0.363574
ENSG00000118181	RPS25	S2_mrna_detected_only	0.294089	29	0.121496	0.451303
ENSG00000118193	KIF14	S2_mrna_detected_only		3		
ENSG00000118194	TNNT2	S2_mrna_detected_only	-0.027972	12	0.931234	0.0921937
ENSG00000118197	DDX59	S2_mrna_detected_only	0.28867	29	0.128839	0.444631
ENSG00000118200	CAMSAP2	S2_mrna_detected_only	0.466338	28	0.0123708	0.699359
ENSG00000118217	ATF6	S2_mrna_detected_only	0.0113184	29	0.953532	0.115833
ENSG00000118246	FASTKD2	S2_mrna_detected_only	0.42069	29	0.0230594	0.638737
ENSG00000118257	NRP2	S2_mrna_detected_only	0.478974	26	0.0133021	0.714698
ENSG00000118260	CREB1	S2_mrna_detected_only	0.385222	29	0.0390518	0.585154
ENSG00000118271	TTR	S2_mrna_detected_only	-0.284848	10	0.425038	0.0101912
ENSG00000118298	CA14	S2_mrna_detected_only	0.718185	5	0.171795	0.940744
ENSG00000118307	CASC1	S2_mrna_detected_only	0.7	5	0.18812	0.93071
ENSG00000118308	LRMP	S2_mrna_detected_only	0.715415	22	0.000181968	0.93922
ENSG00000118322	ATP10B	S2_mrna_detected_only	0.733976	11	0.0101252	0.950147
ENSG00000118363	SPCS2	S2_mrna_detected_only	0.147291	29	0.445781	0.249737
ENSG00000118418	HMGN3	S2_mrna_detected_only	0.321182	29	0.0893408	0.493276
ENSG00000118434	SPACA1	S2_mrna_detected_only		1		
ENSG00000118482	PHF3	S2_mrna_detected_only	0.142875	29	0.459685	0.244221
ENSG00000118492	ADGB	S2_mrna_detected_only		3		
ENSG00000118496	FBXO30	S2_mrna_detected_only	0.0957854	28	0.627777	0.192215
ENSG00000118503	TNFAIP3	S2_mrna_detected_only	0.215654	28	0.270401	0.33673
ENSG00000118507	AKAP7	S2_mrna_detected_only	0.2474	28	0.204343	0.38133
ENSG00000118508	RAB32	S2_mrna_detected_only	0.672414	29	6.45635e-05	0.911011
ENSG00000118514	ALDH8A1	S2_mrna_detected_only		2		
ENSG00000118515	SGK1	S2_mrna_detected_only	0.222723	29	0.24552	0.34792
ENSG00000118518	RNF146	S2_mrna_detected_only	0.289655	29	0.12748	0.445629
ENSG00000118520	ARG1	S2_mrna_detected_only	1	4	0	1
ENSG00000118523	CTGF	S2_mrna_detected_only	0.336126	29	0.0746263	0.513501
ENSG00000118557	PMFBP1	S2_mrna_detected_only		1		
ENSG00000118579	MED28	S2_mrna_detected_only	0.254747	29	0.182322	0.394043
ENSG00000118596	SLC16A7	S2_mrna_detected_only	0.327175	25	0.110395	0.500998
ENSG00000118640	VAMP8	S2_mrna_detected_only	0.419704	29	0.0234163	0.636426
ENSG00000118689	FOXO3	S2_mrna_detected_only	0.0687277	29	0.723152	0.165423
ENSG00000118705	RPN2	S2_mrna_detected_only	0.106404	29	0.582757	0.203457
ENSG00000118707	TGIF2	S2_mrna_detected_only	0.520945	29	0.00376092	0.768386
ENSG00000118729	CASQ2	S2_mrna_detected_only	0.254386	19	0.293268	0.393307
ENSG00000118733	OLFM3	S2_mrna_detected_only		2		
ENSG00000118762	PKD2	S2_mrna_detected_only	0.633498	29	0.000225158	0.87697
ENSG00000118785	SPP1	S2_mrna_detected_only	0.405317	28	0.0323747	0.616884
ENSG00000118804	STBD1	S2_mrna_detected_only	0.720356	23	0.000106008	0.941847
ENSG00000118855	MFSD1	S2_mrna_detected_only	0.574944	29	0.00110462	0.822284
ENSG00000118873	RAB3GAP2	S2_mrna_detected_only	0.1133	29	0.558418	0.211862
ENSG00000118898	PPL	S2_mrna_detected_only	0.706446	26	5.49695e-05	0.934493
ENSG00000118900	UBN1	S2_mrna_detected_only	0.154206	29	0.424469	0.258195
ENSG00000118922	KLF12	S2_mrna_detected_only	0.487406	26	0.0115506	0.726571
ENSG00000118939	UCHL3	S2_mrna_detected_only	0.298522	29	0.115722	0.457239
ENSG00000118960	HS1BP3	S2_mrna_detected_only	0.548343	29	0.00207197	0.795913
ENSG00000118961	LDAH	S2_mrna_detected_only	-0.132308	26	0.51938	0.0421832
ENSG00000118965	WDR35	S2_mrna_detected_only	0.271111	26	0.180355	0.418943
ENSG00000118971	CCND2	S2_mrna_detected_only	0.046613	28	0.813793	0.143255
ENSG00000118985	ELL2	S2_mrna_detected_only	0.499834	29	0.00576445	0.74128
ENSG00000118997	DNAH7	S2_mrna_detected_only		3		
ENSG00000119004	CYP20A1	S2_mrna_detected_only	0.202076	27	0.312108	0.31577
ENSG00000119013	NDUFB3	S2_mrna_detected_only	0.45665	29	0.0127697	0.685648
ENSG00000119041	GTF3C3	S2_mrna_detected_only	0.407389	29	0.0282709	0.620246
ENSG00000119042	SATB2	S2_mrna_detected_only	0.695015	9	0.0376883	0.926455
ENSG00000119048	UBE2B	S2_mrna_detected_only	-0.236981	29	0.215801	0.0162324
ENSG00000119139	TJP2	S2_mrna_detected_only	0.683251	29	4.41119e-05	0.918838
ENSG00000119147	C2orf40	S2_mrna_detected_only	-0.0186501	24	0.931072	0.0972368
ENSG00000119185	ITGB1BP1	S2_mrna_detected_only	0.0822081	28	0.6775	0.177821
ENSG00000119203	CPSF3	S2_mrna_detected_only	0.19064	29	0.321883	0.301639
ENSG00000119231	SENP5	S2_mrna_detected_only	0.328196	29	0.082182	0.502259
ENSG00000119242	CCDC92	S2_mrna_detected_only	0.210449	29	0.273176	0.328063
ENSG00000119280	C1orf198	S2_mrna_detected_only	0.48867	29	0.00714922	0.728042
ENSG00000119283	TRIM67	S2_mrna_detected_only		1		
ENSG00000119285	HEATR1	S2_mrna_detected_only	0.27762	29	0.14481	0.427874
ENSG00000119314	PTBP3	S2_mrna_detected_only	0.620197	29	0.00033224	0.865465
ENSG00000119318	RAD23B	S2_mrna_detected_only	0.128079	29	0.507893	0.228882
ENSG00000119321	FKBP15	S2_mrna_detected_only	0.249261	29	0.192246	0.384377
ENSG00000119326	CTNNAL1	S2_mrna_detected_only	0.439901	29	0.0169433	0.662954
ENSG00000119328	FAM206A	S2_mrna_detected_only	0.266092	29	0.162949	0.410118
ENSG00000119333	WDR34	S2_mrna_detected_only	0.31804	29	0.0926974	0.489441
ENSG00000119335	SET	S2_mrna_detected_only	0.43399	29	0.0186622	0.655337
ENSG00000119383	PPP2R4	S2_mrna_detected_only	0.431034	29	0.0195742	0.65145
ENSG00000119392	GLE1	S2_mrna_detected_only	0.360389	29	0.0547967	0.550904
ENSG00000119396	RAB14	S2_mrna_detected_only	0.0832512	29	0.66767	0.178977
ENSG00000119397	CNTRL	S2_mrna_detected_only	0.820158	23	1.66142e-06	0.985028
ENSG00000119401	TRIM32	S2_mrna_detected_only	0.266995	29	0.161473	0.411536
ENSG00000119402	FBXW2	S2_mrna_detected_only	0.170711	29	0.375945	0.27842
ENSG00000119408	NEK6	S2_mrna_detected_only	0.199359	27	0.318796	0.31225
ENSG00000119414	PPP6C	S2_mrna_detected_only	0.338916	29	0.0720991	0.518439
ENSG00000119421	NDUFA8	S2_mrna_detected_only	0.349754	29	0.0629047	0.534198
ENSG00000119431	HDHD3	S2_mrna_detected_only	0.619704	29	0.000336948	0.865045
ENSG00000119471	HSDL2	S2_mrna_detected_only	0.584236	29	0.000875506	0.831477
ENSG00000119487	MAPKAP1	S2_mrna_detected_only	-0.0926108	29	0.632781	0.0567871
ENSG00000119522	DENND1A	S2_mrna_detected_only	0.385331	28	0.0428696	0.585365
ENSG00000119523	ALG2	S2_mrna_detected_only	0.494089	29	0.00644552	0.734713
ENSG00000119535	CSF3R	S2_mrna_detected_only	0.333043	18	0.176863	0.509508
ENSG00000119537	KDSR	S2_mrna_detected_only	0.260099	29	0.172993	0.400872
ENSG00000119541	VPS4B	S2_mrna_detected_only	0.668555	29	7.36673e-05	0.908437
ENSG00000119547	ONECUT2	S2_mrna_detected_only	0.316228	4	0.683772	0.486132
ENSG00000119559	C19orf25	S2_mrna_detected_only	0.553114	27	0.00276781	0.800956
ENSG00000119574	ZBTB45	S2_mrna_detected_only	-0.124283	19	0.612203	0.045125
ENSG00000119596	YLPM1	S2_mrna_detected_only	0.55665	29	0.00171198	0.805736
ENSG00000119616	FCF1	S2_mrna_detected_only	0.204928	29	0.286245	0.319973
ENSG00000119632	IFI27L2	S2_mrna_detected_only	0.260864	29	0.171686	0.402133
ENSG00000119638	NEK9	S2_mrna_detected_only	0.49883	29	0.00587886	0.740229
ENSG00000119640	ACYP1	S2_mrna_detected_only	0.417077	28	0.0272388	0.633484
ENSG00000119650	IFT43	S2_mrna_detected_only	0.0835094	29	0.666698	0.179187
ENSG00000119655	NPC2	S2_mrna_detected_only	0.426601	29	0.0210106	0.646197
ENSG00000119669	IRF2BPL	S2_mrna_detected_only	0.355462	29	0.0584438	0.543129
ENSG00000119673	ACOT2	S2_mrna_detected_only	0.614122	28	0.000508456	0.859897
ENSG00000119681	LTBP2	S2_mrna_detected_only	0.735653	27	1.22928e-05	0.950883
ENSG00000119682	AREL1	S2_mrna_detected_only	0.011409	29	0.95316	0.115938
ENSG00000119685	TTLL5	S2_mrna_detected_only	-0.185877	29	0.334347	0.0258983
ENSG00000119686	FLVCR2	S2_mrna_detected_only	0.493894	22	0.0194824	0.734451
ENSG00000119688	ABCD4	S2_mrna_detected_only	0.260623	29	0.172097	0.401502
ENSG00000119689	DLST	S2_mrna_detected_only	0.337438	29	0.0734294	0.516127
ENSG00000119698	PPP4R4	S2_mrna_detected_only	0.321429	7	0.482072	0.493696
ENSG00000119699	TGFB3	S2_mrna_detected_only	0.464288	29	0.0111735	0.695997
ENSG00000119703	ZC2HC1C	S2_mrna_detected_only	0.0146036	14	0.960482	0.1193
ENSG00000119705	SLIRP	S2_mrna_detected_only	0.570443	29	0.00123325	0.817451
ENSG00000119707	RBM25	S2_mrna_detected_only	-0.333498	29	0.0770692	0.00509561
ENSG00000119711	ALDH6A1	S2_mrna_detected_only	0.840394	29	1.17268e-08	0.989651
ENSG00000119714	GPR68	S2_mrna_detected_only	0.127644	15	0.650306	0.228462
ENSG00000119715	ESRRB	S2_mrna_detected_only		1		
ENSG00000119718	EIF2B2	S2_mrna_detected_only	-0.170772	28	0.38493	0.0296806
ENSG00000119720	NRDE2	S2_mrna_detected_only	0.317273	28	0.0999427	0.488285
ENSG00000119723	COQ6	S2_mrna_detected_only	0.276389	29	0.146675	0.425142
ENSG00000119729	RHOQ	S2_mrna_detected_only	0.389861	29	0.0365591	0.591668
ENSG00000119760	SUPT7L	S2_mrna_detected_only	0.300283	29	0.113485	0.459813
ENSG00000119771	KLHL29	S2_mrna_detected_only	0.158464	18	0.529985	0.264394
ENSG00000119772	DNMT3A	S2_mrna_detected_only	0.409708	27	0.0338086	0.623083
ENSG00000119777	TMEM214	S2_mrna_detected_only	0.282759	29	0.137214	0.435333
ENSG00000119778	ATAD2B	S2_mrna_detected_only	0.217671	27	0.275416	0.339199
ENSG00000119787	ATL2	S2_mrna_detected_only	0.760591	29	1.68086e-06	0.96265
ENSG00000119801	YPEL5	S2_mrna_detected_only	0.220717	29	0.249908	0.344032
ENSG00000119812	FAM98A	S2_mrna_detected_only	0.362069	29	0.0535949	0.554161
ENSG00000119820	YIPF4	S2_mrna_detected_only	0.405433	29	0.0291121	0.617514
ENSG00000119844	AFTPH	S2_mrna_detected_only	0.537931	29	0.00261413	0.786195
ENSG00000119862	LGALSL	S2_mrna_detected_only	0.0810071	28	0.681967	0.17614
ENSG00000119865	CNRIP1	S2_mrna_detected_only	0.282891	22	0.202071	0.435858
ENSG00000119878	CRIPT	S2_mrna_detected_only	-0.181552	29	0.345913	0.0271591
ENSG00000119899	SLC17A5	S2_mrna_detected_only	0.633088	29	0.00022793	0.876602
ENSG00000119900	OGFRL1	S2_mrna_detected_only	0.790223	29	3.41862e-07	0.976308
ENSG00000119912	IDE	S2_mrna_detected_only	0.00541872	29	0.977744	0.111788
ENSG00000119917	IFIT3	S2_mrna_detected_only	0.362343	28	0.0581073	0.554581
ENSG00000119922	IFIT2	S2_mrna_detected_only	0.336617	28	0.0798548	0.514236
ENSG00000119927	GPAM	S2_mrna_detected_only	0.463358	29	0.0113585	0.694841
ENSG00000119929	CUTC	S2_mrna_detected_only	0.407389	29	0.0282709	0.620246
ENSG00000119943	PYROXD2	S2_mrna_detected_only	0.316096	26	0.115682	0.485659
ENSG00000119946	CNNM1	S2_mrna_detected_only	0.637536	6	0.17326	0.880857
ENSG00000119953	SMNDC1	S2_mrna_detected_only	0.390442	29	0.0362563	0.591984
ENSG00000119965	C10orf88	S2_mrna_detected_only	0.483499	26	0.0123368	0.721318
ENSG00000119977	TCTN3	S2_mrna_detected_only	0.304172	29	0.108661	0.466537
ENSG00000119979	FAM45A	S2_mrna_detected_only	0.314408	27	0.110218	0.482192
ENSG00000120008	WDR11	S2_mrna_detected_only	0.250246	29	0.190437	0.386216
ENSG00000120029	C10orf76	S2_mrna_detected_only	-0.1	29	0.605767	0.0534776
ENSG00000120049	KCNIP2	S2_mrna_detected_only	0.357217	17	0.159246	0.545545
ENSG00000120051	CFAP58	S2_mrna_detected_only	0.4	4	0.6	0.607165
ENSG00000120053	GOT1	S2_mrna_detected_only	0.923153	29	1.01059e-12	0.999002
ENSG00000120054	CPN1	S2_mrna_detected_only		1		
ENSG00000120063	GNA13	S2_mrna_detected_only	0.58867	29	0.000781664	0.8361
ENSG00000120071	KANSL1	S2_mrna_detected_only	-0.115546	29	0.550596	0.0474364
ENSG00000120088	CRHR1	S2_mrna_detected_only		2		
ENSG00000120129	DUSP1	S2_mrna_detected_only	0.370592	29	0.0478135	0.566348
ENSG00000120137	PANK3	S2_mrna_detected_only	0.537948	29	0.00261318	0.786352
ENSG00000120149	MSX2	S2_mrna_detected_only	0.463553	8	0.247323	0.695524
ENSG00000120156	TEK	S2_mrna_detected_only	0.620501	28	0.000427162	0.866096
ENSG00000120158	RCL1	S2_mrna_detected_only	-0.0741471	29	0.702271	0.0650872
ENSG00000120159	CAAP1	S2_mrna_detected_only	0.175636	29	0.362119	0.284251
ENSG00000120162	MOB3B	S2_mrna_detected_only	0.203763	25	0.328591	0.317556
ENSG00000120217	CD274	S2_mrna_detected_only	0.324506	24	0.12184	0.497111
ENSG00000120251	GRIA2	S2_mrna_detected_only	0.4	4	0.6	0.607165
ENSG00000120253	NUP43	S2_mrna_detected_only	0.0246305	29	0.89908	0.126445
ENSG00000120254	MTHFD1L	S2_mrna_detected_only	0.436575	27	0.0228	0.657964
ENSG00000120256	LRP11	S2_mrna_detected_only	0.19109	29	0.320722	0.301902
ENSG00000120262	CCDC170	S2_mrna_detected_only	0.298863	18	0.228313	0.457712
ENSG00000120265	PCMT1	S2_mrna_detected_only	0.39064	29	0.0361534	0.592194
ENSG00000120278	PLEKHG1	S2_mrna_detected_only	0.423687	27	0.0276448	0.642835
ENSG00000120289	MAGEB4	S2_mrna_detected_only		1		
ENSG00000120306	CYSTM1	S2_mrna_detected_only	0.515033	29	0.00425027	0.761767
ENSG00000120314	WDR55	S2_mrna_detected_only	0.344505	29	0.0672365	0.526844
ENSG00000120318	ARAP3	S2_mrna_detected_only	0.323114	24	0.123542	0.49543
ENSG00000120332	TNN	S2_mrna_detected_only		2		
ENSG00000120333	MRPS14	S2_mrna_detected_only	-0.0936191	29	0.629066	0.0563669
ENSG00000120341	SEC16B	S2_mrna_detected_only	0.58494	12	0.0457391	0.83195
ENSG00000120370	GORAB	S2_mrna_detected_only	0.192118	29	0.318076	0.3029
ENSG00000120437	ACAT2	S2_mrna_detected_only	0.66798	29	7.51174e-05	0.907911
ENSG00000120438	TCP1	S2_mrna_detected_only	0.274877	29	0.148988	0.423041
ENSG00000120451	SNX19	S2_mrna_detected_only	0.40414	29	0.0296794	0.615833
ENSG00000120457	KCNJ5	S2_mrna_detected_only	0.184999	11	0.586046	0.294862
ENSG00000120458	MSANTD2	S2_mrna_detected_only	0.0365875	26	0.85916	0.13527
ENSG00000120498	TEX11	S2_mrna_detected_only		2		
ENSG00000120509	PDZD11	S2_mrna_detected_only	0.46601	29	0.0108377	0.698939
ENSG00000120519	SLC10A7	S2_mrna_detected_only	0.200197	26	0.3268	0.313459
ENSG00000120526	NUDCD1	S2_mrna_detected_only	0.337712	28	0.0788182	0.516495
ENSG00000120533	ENY2	S2_mrna_detected_only	-0.287192	29	0.130897	0.00982349
ENSG00000120539	MASTL	S2_mrna_detected_only	0.508513	26	0.00798692	0.753467
ENSG00000120549	KIAA1217	S2_mrna_detected_only	0.654625	28	0.000157174	0.895199
ENSG00000120594	PLXDC2	S2_mrna_detected_only	0.608059	27	0.000766447	0.853383
ENSG00000120616	EPC1	S2_mrna_detected_only	0.102223	29	0.597738	0.198729
ENSG00000120645	IQSEC3	S2_mrna_detected_only	-0.714286	7	0.0713436	0
ENSG00000120647	CCDC77	S2_mrna_detected_only	0.112508	24	0.600682	0.210811
ENSG00000120656	TAF12	S2_mrna_detected_only	0.00226321	29	0.990704	0.109214
ENSG00000120659	TNFSF11	S2_mrna_detected_only	0.707107	5	0.18169	0.93507
ENSG00000120662	MTRF1	S2_mrna_detected_only	0.128635	29	0.506038	0.230353
ENSG00000120685	PROSER1	S2_mrna_detected_only	0.424894	29	0.0215861	0.643885
ENSG00000120686	UFM1	S2_mrna_detected_only	0.211823	29	0.269984	0.330584
ENSG00000120688	WBP4	S2_mrna_detected_only	0.113356	29	0.558223	0.212072
ENSG00000120690	ELF1	S2_mrna_detected_only	0.590148	29	0.000752402	0.837256
ENSG00000120694	HSPH1	S2_mrna_detected_only	0.63062	29	0.000245305	0.875657
ENSG00000120696	KBTBD7	S2_mrna_detected_only	0.487266	28	0.00854095	0.726361
ENSG00000120697	ALG5	S2_mrna_detected_only	0.399015	29	0.0320165	0.605379
ENSG00000120699	EXOSC8	S2_mrna_detected_only	0.343842	29	0.0677991	0.525688
ENSG00000120705	ETF1	S2_mrna_detected_only	0.208867	29	0.27688	0.324596
ENSG00000120708	TGFBI	S2_mrna_detected_only	0.408374	29	0.0278547	0.621717
ENSG00000120709	FAM53C	S2_mrna_detected_only	0.242704	29	0.204591	0.374606
ENSG00000120725	SIL1	S2_mrna_detected_only	0.430049	29	0.0198862	0.650452
ENSG00000120727	PAIP2	S2_mrna_detected_only	0.0883953	29	0.648405	0.184965
ENSG00000120729	MYOT	S2_mrna_detected_only	0.704187	7	0.0773502	0.932864
ENSG00000120733	KDM3B	S2_mrna_detected_only	0.280084	29	0.141132	0.431918
ENSG00000120756	PLS1	S2_mrna_detected_only	0.767363	22	3.07704e-05	0.966117
ENSG00000120798	NR2C1	S2_mrna_detected_only	0.164208	28	0.403729	0.270067
ENSG00000120800	UTP20	S2_mrna_detected_only	0.06185	28	0.754541	0.158489
ENSG00000120802	TMPO	S2_mrna_detected_only	0.712808	29	1.43267e-05	0.938222
ENSG00000120805	ARL1	S2_mrna_detected_only	0.00591133	29	0.975721	0.112314
ENSG00000120820	GLT8D2	S2_mrna_detected_only	0.582698	27	0.00142572	0.830374
ENSG00000120832	MTERF2	S2_mrna_detected_only	0.192223	29	0.317806	0.303267
ENSG00000120833	SOCS2	S2_mrna_detected_only	0.199761	29	0.298831	0.312618
ENSG00000120837	NFYB	S2_mrna_detected_only	0.359507	29	0.055436	0.549117
ENSG00000120860	CCDC53	S2_mrna_detected_only	0.155172	29	0.421537	0.259298
ENSG00000120868	APAF1	S2_mrna_detected_only	0.328449	27	0.0943888	0.502784
ENSG00000120885	CLU	S2_mrna_detected_only	0.0960591	29	0.620114	0.192477
ENSG00000120889	TNFRSF10B	S2_mrna_detected_only	0.186369	29	0.333045	0.296228
ENSG00000120896	SORBS3	S2_mrna_detected_only	0.173892	29	0.36698	0.282045
ENSG00000120899	PTK2B	S2_mrna_detected_only	0.597044	29	0.000628146	0.844137
ENSG00000120910	PPP3CC	S2_mrna_detected_only	0.0256158	29	0.895064	0.12676
ENSG00000120913	PDLIM2	S2_mrna_detected_only	0.332512	29	0.0780004	0.508563
ENSG00000120915	EPHX2	S2_mrna_detected_only	0.837438	29	1.47477e-08	0.989021
ENSG00000120925	RNF170	S2_mrna_detected_only	0.236212	28	0.226223	0.366726
ENSG00000120937	NPPB	S2_mrna_detected_only		3		
ENSG00000120942	UBIAD1	S2_mrna_detected_only	0.178777	29	0.35346	0.287298
ENSG00000120948	TARDBP	S2_mrna_detected_only	0.24532	29	0.199602	0.377916
ENSG00000120963	ZNF706	S2_mrna_detected_only	0.222673	29	0.245629	0.34771
ENSG00000120992	LYPLA1	S2_mrna_detected_only	0.288177	29	0.129522	0.443896
ENSG00000121022	COPS5	S2_mrna_detected_only	0.20936	29	0.275723	0.325489
ENSG00000121039	RDH10	S2_mrna_detected_only	0.50154	29	0.00557443	0.743801
ENSG00000121057	AKAP1	S2_mrna_detected_only	0.589655	29	0.000762048	0.836888
ENSG00000121058	COIL	S2_mrna_detected_only	0.369257	29	0.0486848	0.564982
ENSG00000121060	TRIM25	S2_mrna_detected_only	0.238424	29	0.212937	0.370351
ENSG00000121064	SCPEP1	S2_mrna_detected_only	0.680788	29	4.81676e-05	0.916999
ENSG00000121067	SPOP	S2_mrna_detected_only	0.110656	29	0.567697	0.20934
ENSG00000121073	SLC35B1	S2_mrna_detected_only	0.442964	29	0.0161055	0.666789
ENSG00000121075	TBX4	S2_mrna_detected_only	0.774597	4	0.225403	0.968901
ENSG00000121101	TEX14	S2_mrna_detected_only		1		
ENSG00000121104	FAM117A	S2_mrna_detected_only	0.223052	29	0.244804	0.34813
ENSG00000121207	LRAT	S2_mrna_detected_only		2		
ENSG00000121210	KIAA0922	S2_mrna_detected_only	0.385792	28	0.0426003	0.58589
ENSG00000121274	PAPD5	S2_mrna_detected_only	0.281596	29	0.138906	0.433442
ENSG00000121281	ADCY7	S2_mrna_detected_only	0.47181	23	0.0230305	0.705768
ENSG00000121289	CEP89	S2_mrna_detected_only	0.33394	27	0.0886876	0.510769
ENSG00000121297	TSHZ3	S2_mrna_detected_only	0.253228	25	0.221954	0.391626
ENSG00000121310	ECHDC2	S2_mrna_detected_only	0.462562	29	0.0115188	0.693738
ENSG00000121316	PLBD1	S2_mrna_detected_only	0.424908	27	0.0271528	0.64399
ENSG00000121350	PYROXD1	S2_mrna_detected_only	0.35497	29	0.0588187	0.542393
ENSG00000121361	KCNJ8	S2_mrna_detected_only	0.221262	27	0.267376	0.345503
ENSG00000121380	BCL2L14	S2_mrna_detected_only	0.914179	10	0.000213749	0.997741
ENSG00000121390	PSPC1	S2_mrna_detected_only	0.524138	29	0.00351736	0.771748
ENSG00000121410	A1BG	S2_mrna_detected_only		1		
ENSG00000121413	ZSCAN18	S2_mrna_detected_only	0.721675	29	9.94965e-06	0.942845
ENSG00000121440	PDZRN3	S2_mrna_detected_only	0.261097	24	0.217823	0.402658
ENSG00000121481	RNF2	S2_mrna_detected_only	0.231011	28	0.236909	0.360107
ENSG00000121486	TRMT1L	S2_mrna_detected_only	0.601533	28	0.000709431	0.847815
ENSG00000121542	SEC22A	S2_mrna_detected_only	-0.365441	28	0.0558365	0.00383484
ENSG00000121552	CSTA	S2_mrna_detected_only	0.352733	21	0.1168	0.539662
ENSG00000121577	POPDC2	S2_mrna_detected_only	0.637945	13	0.0189743	0.88133
ENSG00000121578	B4GALT4	S2_mrna_detected_only	0.438007	29	0.0174794	0.660065
ENSG00000121579	NAA50	S2_mrna_detected_only	0.107389	29	0.579252	0.204717
ENSG00000121594	CD80	S2_mrna_detected_only	0.774597	4	0.225403	0.968901
ENSG00000121644	DESI2	S2_mrna_detected_only	-0.0354568	29	0.855113	0.0863101
ENSG00000121671	CRY2	S2_mrna_detected_only	0.305601	29	0.106927	0.468428
ENSG00000121680	PEX16	S2_mrna_detected_only	0.345813	29	0.0661359	0.52884
ENSG00000121690	DEPDC7	S2_mrna_detected_only	0.561321	15	0.0294623	0.809046
ENSG00000121691	CAT	S2_mrna_detected_only	0.397537	29	0.0327174	0.602543
ENSG00000121741	ZMYM2	S2_mrna_detected_only	0.265517	29	0.163894	0.40912
ENSG00000121742	GJB6	S2_mrna_detected_only	0	5	1	0.107638
ENSG00000121749	TBC1D15	S2_mrna_detected_only	0.476472	29	0.00897412	0.711126
ENSG00000121753	ADGRB2	S2_mrna_detected_only	0.3	5	0.623838	0.45934
ENSG00000121766	ZCCHC17	S2_mrna_detected_only	0.0990148	29	0.60934	0.195682
ENSG00000121769	FABP3	S2_mrna_detected_only	0.641026	27	0.000314954	0.884377
ENSG00000121774	KHDRBS1	S2_mrna_detected_only	0.292118	29	0.12413	0.448676
ENSG00000121775	TMEM39B	S2_mrna_detected_only	-0.143015	29	0.459241	0.038506
ENSG00000121851	POLR3GL	S2_mrna_detected_only	0.180864	29	0.347775	0.289819
ENSG00000121858	TNFSF10	S2_mrna_detected_only	0.564858	29	0.00141085	0.812618
ENSG00000121864	ZNF639	S2_mrna_detected_only	0.264748	29	0.165164	0.407596
ENSG00000121871	SLITRK3	S2_mrna_detected_only	-0.25	7	0.588724	0.0146039
ENSG00000121879	PIK3CA	S2_mrna_detected_only	0.292282	28	0.131227	0.448886
ENSG00000121892	PDS5A	S2_mrna_detected_only	0.386501	29	0.0383514	0.58673
ENSG00000121897	LIAS	S2_mrna_detected_only	0.477575	29	0.00879439	0.713017
ENSG00000121898	CPXM2	S2_mrna_detected_only	0.550769	26	0.00354788	0.799328
ENSG00000121904	CSMD2	S2_mrna_detected_only		1		
ENSG00000121905	HPCA	S2_mrna_detected_only		2		
ENSG00000121931	LRIF1	S2_mrna_detected_only	0.453538	28	0.0153511	0.681603
ENSG00000121940	CLCC1	S2_mrna_detected_only	0.24532	29	0.199602	0.377916
ENSG00000121964	GTDC1	S2_mrna_detected_only	0.196794	29	0.306212	0.307995
ENSG00000121966	CXCR4	S2_mrna_detected_only	-0.281122	29	0.139602	0.0105589
ENSG00000121988	ZRANB3	S2_mrna_detected_only	0.0778653	13	0.800391	0.173723
ENSG00000121989	ACVR2A	S2_mrna_detected_only	0.134566	28	0.494792	0.236657
ENSG00000122008	POLK	S2_mrna_detected_only	-0.0812919	28	0.680907	0.0619353
ENSG00000122026	RPL21	S2_mrna_detected_only	-0.156541	28	0.426327	0.0345136
ENSG00000122033	MTIF3	S2_mrna_detected_only	0.482211	28	0.00935976	0.719584
ENSG00000122034	GTF3A	S2_mrna_detected_only	-0.113989	28	0.563562	0.0477516
ENSG00000122042	UBL3	S2_mrna_detected_only	0.250246	29	0.190437	0.386216
ENSG00000122068	FYTTD1	S2_mrna_detected_only	0.22121	29	0.248826	0.345188
ENSG00000122085	MTERF4	S2_mrna_detected_only	0.123934	29	0.52183	0.223839
ENSG00000122121	XPNPEP2	S2_mrna_detected_only	0.752747	13	0.00298223	0.959078
ENSG00000122126	OCRL	S2_mrna_detected_only	0.618719	29	0.000346542	0.864205
ENSG00000122133	PAEP	S2_mrna_detected_only	0.8	4	0.2	0.979513
ENSG00000122136	OBP2A	S2_mrna_detected_only		2		
ENSG00000122140	MRPS2	S2_mrna_detected_only	-0.0835078	29	0.666704	0.0606745
ENSG00000122194	PLG	S2_mrna_detected_only		3		
ENSG00000122203	KIAA1191	S2_mrna_detected_only	0.268473	29	0.159077	0.414373
ENSG00000122218	COPA	S2_mrna_detected_only	0.00640394	29	0.973699	0.112996
ENSG00000122224	LY9	S2_mrna_detected_only	0.190909	11	0.573913	0.301797
ENSG00000122257	RBBP6	S2_mrna_detected_only	0.113821	29	0.5566	0.212702
ENSG00000122299	ZC3H7A	S2_mrna_detected_only	0.0468038	29	0.809484	0.143675
ENSG00000122335	SERAC1	S2_mrna_detected_only	0.219731	29	0.252082	0.342036
ENSG00000122359	ANXA11	S2_mrna_detected_only	0.772906	29	8.92351e-07	0.968533
ENSG00000122367	LDB3	S2_mrna_detected_only	0.792713	11	0.00361294	0.977043
ENSG00000122378	FAM213A	S2_mrna_detected_only	0.60936	29	0.000450389	0.855432
ENSG00000122406	RPL5	S2_mrna_detected_only	0.330542	29	0.0798888	0.505621
ENSG00000122417	ODF2L	S2_mrna_detected_only	0.231477	27	0.245342	0.360632
ENSG00000122435	TRMT13	S2_mrna_detected_only	0.177827	28	0.365297	0.286247
ENSG00000122477	LRRC39	S2_mrna_detected_only	0.612372	7	0.143811	0.858269
ENSG00000122482	ZNF644	S2_mrna_detected_only	0.277554	29	0.144911	0.427768
ENSG00000122484	RPAP2	S2_mrna_detected_only	-0.187848	13	0.538844	0.025373
ENSG00000122490	PQLC1	S2_mrna_detected_only	-0.0143246	29	0.941209	0.0993381
ENSG00000122507	BBS9	S2_mrna_detected_only	0.553077	25	0.00413626	0.800851
ENSG00000122512	PMS2	S2_mrna_detected_only	0.408671	29	0.0277303	0.622032
ENSG00000122515	ZMIZ2	S2_mrna_detected_only	0.484517	28	0.0089785	0.722893
ENSG00000122545	SEPT7	S2_mrna_detected_only	0.603941	29	0.000522253	0.850074
ENSG00000122550	KLHL7	S2_mrna_detected_only	0.0686169	28	0.728635	0.165318
ENSG00000122557	HERPUD2	S2_mrna_detected_only	0.103263	29	0.593996	0.199674
ENSG00000122565	CBX3	S2_mrna_detected_only	0.693103	29	3.0766e-05	0.924984
ENSG00000122566	HNRNPA2B1	S2_mrna_detected_only	0.36798	29	0.04953	0.562408
ENSG00000122585	NPY	S2_mrna_detected_only	0.551515	10	0.0984012	0.800011
ENSG00000122591	FAM126A	S2_mrna_detected_only	0.336946	29	0.0738769	0.514762
ENSG00000122642	FKBP9	S2_mrna_detected_only	0.477833	29	0.00875291	0.713123
ENSG00000122643	NT5C3A	S2_mrna_detected_only	0.354274	29	0.0593511	0.541343
ENSG00000122644	ARL4A	S2_mrna_detected_only	0.399886	28	0.0349964	0.607008
ENSG00000122674	CCZ1	S2_mrna_detected_only	-0.23399	29	0.221823	0.0167577
ENSG00000122678	POLM	S2_mrna_detected_only	0.242577	28	0.213591	0.374501
ENSG00000122687	FTSJ2	S2_mrna_detected_only	-0.143861	29	0.456561	0.0382959
ENSG00000122692	SMU1	S2_mrna_detected_only	0.360656	29	0.0546045	0.551534
ENSG00000122694	GLIPR2	S2_mrna_detected_only	0.684236	29	4.25769e-05	0.919784
ENSG00000122696	SLC25A51	S2_mrna_detected_only	0.153609	26	0.453737	0.25788
ENSG00000122705	CLTA	S2_mrna_detected_only	0.0990148	29	0.60934	0.195682
ENSG00000122707	RECK	S2_mrna_detected_only	0.363487	28	0.0572604	0.555842
ENSG00000122729	ACO1	S2_mrna_detected_only	0.897044	29	4.47385e-11	0.996901
ENSG00000122733	PHF24	S2_mrna_detected_only		2		
ENSG00000122735	DNAI1	S2_mrna_detected_only		3		
ENSG00000122741	DCAF10	S2_mrna_detected_only	0.200863	29	0.296118	0.314299
ENSG00000122779	TRIM24	S2_mrna_detected_only	0.535961	29	0.00272943	0.783988
ENSG00000122786	CALD1	S2_mrna_detected_only	0.513793	29	0.00435948	0.760191
ENSG00000122787	AKR1D1	S2_mrna_detected_only		1		
ENSG00000122824	NUDT10	S2_mrna_detected_only	0.136558	10	0.706788	0.238653
ENSG00000122852	SFTPA1	S2_mrna_detected_only	0.178571	7	0.701658	0.287035
ENSG00000122862	SRGN	S2_mrna_detected_only	0.607157	29	0.000478471	0.852437
ENSG00000122863	CHST3	S2_mrna_detected_only	0.725014	26	2.79368e-05	0.945104
ENSG00000122873	CISD1	S2_mrna_detected_only	0.623645	29	0.000300873	0.868355
ENSG00000122877	EGR2	S2_mrna_detected_only	0.128566	24	0.549365	0.229618
ENSG00000122882	ECD	S2_mrna_detected_only	0.082266	29	0.671384	0.177979
ENSG00000122884	P4HA1	S2_mrna_detected_only	0.60197	29	0.000550777	0.848182
ENSG00000122912	SLC25A16	S2_mrna_detected_only	0.570451	28	0.0015263	0.817661
ENSG00000122952	ZWINT	S2_mrna_detected_only	0.215282	25	0.301378	0.336468
ENSG00000122958	VPS26A	S2_mrna_detected_only	0.331527	29	0.0789403	0.506882
ENSG00000122965	RBM19	S2_mrna_detected_only	0.0169972	29	0.930264	0.121244
ENSG00000122966	CIT	S2_mrna_detected_only	-0.0964286	15	0.732453	0.0550011
ENSG00000122970	IFT81	S2_mrna_detected_only	0.657319	26	0.000263785	0.898245
ENSG00000122971	ACADS	S2_mrna_detected_only	0.49803	29	0.00597143	0.739441
ENSG00000123064	DDX54	S2_mrna_detected_only	-0.0142857	29	0.941368	0.0994957
ENSG00000123066	MED13L	S2_mrna_detected_only	-0.132345	29	0.493741	0.0420782
ENSG00000123080	CDKN2C	S2_mrna_detected_only	0.287685	29	0.130208	0.443423
ENSG00000123094	RASSF8	S2_mrna_detected_only	0.438484	28	0.0195927	0.660696
ENSG00000123096	SSPN	S2_mrna_detected_only	0.607208	27	0.000783223	0.852543
ENSG00000123104	ITPR2	S2_mrna_detected_only	0.407193	29	0.0283543	0.619826
ENSG00000123106	CCDC91	S2_mrna_detected_only	0.290923	29	0.125748	0.447731
ENSG00000123124	WWP1	S2_mrna_detected_only	0.212742	29	0.267863	0.332055
ENSG00000123130	ACOT9	S2_mrna_detected_only	0.210837	29	0.27227	0.32864
ENSG00000123131	PRDX4	S2_mrna_detected_only	0.344828	29	0.0669635	0.527369
ENSG00000123136	DDX39A	S2_mrna_detected_only	0.449261	29	0.0144907	0.675982
ENSG00000123143	PKN1	S2_mrna_detected_only	0.502279	29	0.00549377	0.744642
ENSG00000123144	C19orf43	S2_mrna_detected_only	0.172414	29	0.37113	0.280469
ENSG00000123146	ADGRE5	S2_mrna_detected_only	0.724138	29	8.96945e-06	0.944526
ENSG00000123154	WDR83	S2_mrna_detected_only	-0.304379	28	0.115298	0.00751208
ENSG00000123159	GIPC1	S2_mrna_detected_only	0.251232	29	0.18864	0.387897
ENSG00000123178	SPRYD7	S2_mrna_detected_only	0.414964	28	0.0281093	0.630542
ENSG00000123191	ATP7B	S2_mrna_detected_only	0.779191	16	0.000374051	0.97116
ENSG00000123200	ZC3H13	S2_mrna_detected_only	0.00788177	29	0.967632	0.113627
ENSG00000123213	NLN	S2_mrna_detected_only	0.577075	23	0.00393939	0.82386
ENSG00000123219	CENPK	S2_mrna_detected_only	0.0417957	16	0.877856	0.139262
ENSG00000123240	OPTN	S2_mrna_detected_only	0.409852	29	0.0272397	0.623503
ENSG00000123243	ITIH5	S2_mrna_detected_only	0.565408	28	0.00171626	0.813091
ENSG00000123297	TSFM	S2_mrna_detected_only	0.330829	29	0.0796115	0.506146
ENSG00000123338	NCKAP1L	S2_mrna_detected_only	0.75661	23	2.94359e-05	0.960759
ENSG00000123342	MMP19	S2_mrna_detected_only	0.355167	22	0.104797	0.542498
ENSG00000123349	PFDN5	S2_mrna_detected_only	-0.133005	29	0.491571	0.0415528
ENSG00000123352	SPATS2	S2_mrna_detected_only	0.321292	28	0.0954866	0.493539
ENSG00000123353	ORMDL2	S2_mrna_detected_only	-0.116866	29	0.546021	0.046701
ENSG00000123358	NR4A1	S2_mrna_detected_only	0.158114	29	0.41268	0.263816
ENSG00000123374	CDK2	S2_mrna_detected_only	0.635961	29	0.000209092	0.879019
ENSG00000123384	LRP1	S2_mrna_detected_only	0.757635	29	1.94594e-06	0.961547
ENSG00000123395	ATG101	S2_mrna_detected_only	-0.0312508	29	0.872151	0.0900925
ENSG00000123415	SMUG1	S2_mrna_detected_only	0.0822761	29	0.671346	0.178136
ENSG00000123416	TUBA1B	S2_mrna_detected_only	-0.116256	29	0.548132	0.0470162
ENSG00000123444	KBTBD4	S2_mrna_detected_only	0.44455	29	0.0156855	0.668785
ENSG00000123453	SARDH	S2_mrna_detected_only	0.785714	8	0.0208151	0.974364
ENSG00000123454	DBH	S2_mrna_detected_only		3		
ENSG00000123472	ATPAF1	S2_mrna_detected_only	0.640887	29	0.000179971	0.884062
ENSG00000123500	COL10A1	S2_mrna_detected_only	0.771429	6	0.0723965	0.968166
ENSG00000123505	AMD1	S2_mrna_detected_only	0.0869537	29	0.653782	0.183284
ENSG00000123545	NDUFAF4	S2_mrna_detected_only	0.331034	29	0.0794135	0.506304
ENSG00000123552	USP45	S2_mrna_detected_only	0.0381024	26	0.853389	0.136216
ENSG00000123560	PLP1	S2_mrna_detected_only	0.6	19	0.00661232	0.846922
ENSG00000123561	SERPINA7	S2_mrna_detected_only		1		
ENSG00000123562	MORF4L2	S2_mrna_detected_only	0.189655	29	0.324437	0.299958
ENSG00000123576	ESX1	S2_mrna_detected_only		1		
ENSG00000123595	RAB9A	S2_mrna_detected_only	0.14335	29	0.458178	0.244589
ENSG00000123600	METTL8	S2_mrna_detected_only	-0.0073791	18	0.976817	0.10312
ENSG00000123607	TTC21B	S2_mrna_detected_only	0.513364	29	0.00439786	0.759351
ENSG00000123609	NMI	S2_mrna_detected_only	0.624707	29	0.000291752	0.869563
ENSG00000123610	TNFAIP6	S2_mrna_detected_only	0.295804	15	0.284419	0.453299
ENSG00000123612	ACVR1C	S2_mrna_detected_only	0.612372	7	0.143811	0.858269
ENSG00000123636	BAZ2B	S2_mrna_detected_only	0.349058	29	0.0634662	0.532938
ENSG00000123684	LPGAT1	S2_mrna_detected_only	0.410149	29	0.0271175	0.624238
ENSG00000123689	G0S2	S2_mrna_detected_only	0.306667	26	0.127563	0.47074
ENSG00000123728	RAP2C	S2_mrna_detected_only	0.362562	29	0.0532465	0.554843
ENSG00000123737	EXOSC9	S2_mrna_detected_only	0.382759	29	0.0404293	0.582055
ENSG00000123739	PLA2G12A	S2_mrna_detected_only	0.443789	29	0.0158859	0.66784
ENSG00000123810	B9D2	S2_mrna_detected_only	0.252302	23	0.245467	0.389735
ENSG00000123815	ADCK4	S2_mrna_detected_only	0.200665	29	0.296603	0.314194
ENSG00000123838	C4BPA	S2_mrna_detected_only	-0.485714	6	0.328723	0.00052532
ENSG00000123843	C4BPB	S2_mrna_detected_only	0.333333	8	0.419753	0.509666
ENSG00000123908	AGO2	S2_mrna_detected_only	0.0711549	28	0.718992	0.16742
ENSG00000123977	DAW1	S2_mrna_detected_only		3		
ENSG00000123983	ACSL3	S2_mrna_detected_only	0.302956	29	0.110153	0.464698
ENSG00000123989	CHPF	S2_mrna_detected_only	0.625924	29	0.000281605	0.870193
ENSG00000123992	DNPEP	S2_mrna_detected_only	0.235251	29	0.219271	0.365886
ENSG00000123999	INHA	S2_mrna_detected_only	0.828571	6	0.0415627	0.987497
ENSG00000124006	OBSL1	S2_mrna_detected_only	0.533005	29	0.00291057	0.780206
ENSG00000124067	SLC12A4	S2_mrna_detected_only	0.578325	29	0.00101585	0.825121
ENSG00000124098	FAM210B	S2_mrna_detected_only	0.317241	29	0.0935655	0.488075
ENSG00000124102	PI3	S2_mrna_detected_only	0.414714	14	0.140371	0.630227
ENSG00000124104	SNX21	S2_mrna_detected_only	0.137211	22	0.542591	0.239494
ENSG00000124107	SLPI	S2_mrna_detected_only	0.328407	28	0.0879651	0.502522
ENSG00000124120	TTPAL	S2_mrna_detected_only	0.297145	27	0.132277	0.45498
ENSG00000124126	PREX1	S2_mrna_detected_only	0.750831	29	2.70525e-06	0.958552
ENSG00000124140	SLC12A5	S2_mrna_detected_only	0	5	1	0.107638
ENSG00000124145	SDC4	S2_mrna_detected_only	0.355172	29	0.0586643	0.542656
ENSG00000124151	NCOA3	S2_mrna_detected_only	0.366502	29	0.0505226	0.559414
ENSG00000124155	PIGT	S2_mrna_detected_only	0.236453	29	0.216856	0.367199
ENSG00000124157	SEMG2	S2_mrna_detected_only		1		
ENSG00000124160	NCOA5	S2_mrna_detected_only	0.574455	29	0.00111802	0.821706
ENSG00000124164	VAPB	S2_mrna_detected_only	0.432512	29	0.0191137	0.652973
ENSG00000124172	ATP5E	S2_mrna_detected_only	0.379357	29	0.0423952	0.57822
ENSG00000124177	CHD6	S2_mrna_detected_only	-0.0157655	29	0.935307	0.0987077
ENSG00000124181	PLCG1	S2_mrna_detected_only	0.54532	29	0.00221832	0.793024
ENSG00000124191	TOX2	S2_mrna_detected_only	0.434285	16	0.0927939	0.656073
ENSG00000124193	SRSF6	S2_mrna_detected_only	-0.0261084	29	0.893058	0.0930343
ENSG00000124194	GDAP1L1	S2_mrna_detected_only		2		
ENSG00000124196	GTSF1L	S2_mrna_detected_only		1		
ENSG00000124198	ARFGEF2	S2_mrna_detected_only	0.184729	29	0.337393	0.294652
ENSG00000124201	ZNFX1	S2_mrna_detected_only	0.163054	29	0.39804	0.269227
ENSG00000124207	CSE1L	S2_mrna_detected_only	0.511823	29	0.00453802	0.757775
ENSG00000124208	TMEM189-UBE2V1	S2_mrna_detected_only	0.357143	7	0.431611	0.545388
ENSG00000124209	RAB22A	S2_mrna_detected_only	0.252709	29	0.185966	0.390418
ENSG00000124214	STAU1	S2_mrna_detected_only	0.697044	29	2.65318e-05	0.928084
ENSG00000124217	MOCS3	S2_mrna_detected_only	-0.127603	25	0.543292	0.0439693
ENSG00000124222	STX16	S2_mrna_detected_only	-0.118227	29	0.541324	0.0463858
ENSG00000124226	RNF114	S2_mrna_detected_only	0.13202	29	0.494814	0.233347
ENSG00000124228	DDX27	S2_mrna_detected_only	0.10936	29	0.572269	0.207554
ENSG00000124233	SEMG1	S2_mrna_detected_only		1		
ENSG00000124243	BCAS4	S2_mrna_detected_only	0.471114	27	0.0131228	0.705243
ENSG00000124253	PCK1	S2_mrna_detected_only	0.781818	10	0.00754701	0.972631
ENSG00000124260	MAGEA10	S2_mrna_detected_only		2		
ENSG00000124275	MTRR	S2_mrna_detected_only	0.139919	29	0.469118	0.24191
ENSG00000124279	FASTKD3	S2_mrna_detected_only	0.0534371	28	0.787111	0.150399
ENSG00000124299	PEPD	S2_mrna_detected_only	0.45468	29	0.0132111	0.683074
ENSG00000124313	IQSEC2	S2_mrna_detected_only	0.424348	24	0.0387601	0.64336
ENSG00000124333	VAMP7	S2_mrna_detected_only	0.206429	29	0.282651	0.321654
ENSG00000124343	XG	S2_mrna_detected_only		7		
ENSG00000124356	STAMBP	S2_mrna_detected_only	0.181773	29	0.345315	0.29066
ENSG00000124357	NAGK	S2_mrna_detected_only	0.776355	29	7.42144e-07	0.969689
ENSG00000124370	MCEE	S2_mrna_detected_only	0.690071	29	3.44246e-05	0.92262
ENSG00000124374	PAIP2B	S2_mrna_detected_only	0.106317	27	0.597638	0.203246
ENSG00000124380	SNRNP27	S2_mrna_detected_only	-0.0945085	29	0.625797	0.0559466
ENSG00000124383	MPHOSPH10	S2_mrna_detected_only	0.0182288	29	0.925224	0.122242
ENSG00000124406	ATP8A1	S2_mrna_detected_only	0.552587	27	0.00279914	0.800536
ENSG00000124422	USP22	S2_mrna_detected_only	-0.0926222	29	0.632739	0.0566821
ENSG00000124429	POF1B	S2_mrna_detected_only	0.733746	18	0.000528393	0.950042
ENSG00000124449	IRGC	S2_mrna_detected_only		1		
ENSG00000124466	LYPD3	S2_mrna_detected_only	0.570849	13	0.0415958	0.817976
ENSG00000124469	CEACAM8	S2_mrna_detected_only		1		
ENSG00000124479	NDP	S2_mrna_detected_only	-0.0952381	8	0.822505	0.055789
ENSG00000124486	USP9X	S2_mrna_detected_only	0.207389	29	0.28037	0.322599
ENSG00000124496	TRERF1	S2_mrna_detected_only	0.622337	24	0.0011648	0.867462
ENSG00000124507	PACSIN1	S2_mrna_detected_only		3		
ENSG00000124523	SIRT5	S2_mrna_detected_only	0.665937	28	0.000109753	0.90602
ENSG00000124532	MRS2	S2_mrna_detected_only	-0.04574	29	0.813739	0.079586
ENSG00000124535	WRNIP1	S2_mrna_detected_only	0.184259	29	0.338645	0.293969
ENSG00000124541	RRP36	S2_mrna_detected_only	0.101244	29	0.601267	0.197993
ENSG00000124562	SNRPC	S2_mrna_detected_only	0.27931	29	0.142279	0.430658
ENSG00000124564	SLC17A3	S2_mrna_detected_only		2		
ENSG00000124568	SLC17A1	S2_mrna_detected_only		3		
ENSG00000124570	SERPINB6	S2_mrna_detected_only	0.238424	29	0.212937	0.370351
ENSG00000124571	XPO5	S2_mrna_detected_only	0.0564248	29	0.771264	0.153866
ENSG00000124574	ABCC10	S2_mrna_detected_only	0.187169	26	0.359894	0.297069
ENSG00000124575	HIST1H1D	S2_mrna_detected_only		1		
ENSG00000124587	PEX6	S2_mrna_detected_only	0.273399	29	0.151275	0.421254
ENSG00000124588	NQO2	S2_mrna_detected_only	0.706404	29	1.84899e-05	0.934387
ENSG00000124596	OARD1	S2_mrna_detected_only	0.241872	29	0.206196	0.373765
ENSG00000124602	UNC5CL	S2_mrna_detected_only	0.435194	9	0.241704	0.657281
ENSG00000124608	AARS2	S2_mrna_detected_only	0.177833	29	0.35605	0.286352
ENSG00000124614	RPS10	S2_mrna_detected_only	0.120197	29	0.534556	0.218586
ENSG00000124615	MOCS1	S2_mrna_detected_only	0.513793	29	0.00435948	0.760191
ENSG00000124641	MED20	S2_mrna_detected_only	0.178123	29	0.355253	0.286562
ENSG00000124659	TBCC	S2_mrna_detected_only	-0.183251	29	0.34134	0.0267388
ENSG00000124664	SPDEF	S2_mrna_detected_only	0.480384	12	0.113937	0.717325
ENSG00000124678	TCP11	S2_mrna_detected_only		1		
ENSG00000124688	MAD2L1BP	S2_mrna_detected_only	0.278116	29	0.144065	0.428819
ENSG00000124701	APOBEC2	S2_mrna_detected_only	0.666886	5	0.218894	0.906913
ENSG00000124702	KLHDC3	S2_mrna_detected_only	0.0229921	29	0.905762	0.125604
ENSG00000124713	GNMT	S2_mrna_detected_only	0.904762	8	0.00200828	0.997321
ENSG00000124731	TREM1	S2_mrna_detected_only	0.0900937	7	0.847672	0.186384
ENSG00000124733	MEA1	S2_mrna_detected_only	0.442665	29	0.0161858	0.665686
ENSG00000124743	KLHL31	S2_mrna_detected_only		3		
ENSG00000124749	COL21A1	S2_mrna_detected_only	0.333333	17	0.191058	0.509613
ENSG00000124762	CDKN1A	S2_mrna_detected_only	0.241467	28	0.215758	0.373345
ENSG00000124767	GLO1	S2_mrna_detected_only	0.314778	29	0.0962815	0.482875
ENSG00000124782	RREB1	S2_mrna_detected_only	0.406186	28	0.0319703	0.618775
ENSG00000124783	SSR1	S2_mrna_detected_only	0.324138	29	0.0862686	0.496638
ENSG00000124784	RIOK1	S2_mrna_detected_only	0.147555	29	0.444956	0.25
ENSG00000124786	SLC35B3	S2_mrna_detected_only	0.030774	29	0.874086	0.130437
ENSG00000124787	RPP40	S2_mrna_detected_only	0.343846	25	0.0923801	0.525898
ENSG00000124788	ATXN1	S2_mrna_detected_only	0.491194	29	0.00681381	0.731561
ENSG00000124789	NUP153	S2_mrna_detected_only	0.464532	29	0.0111254	0.696522
ENSG00000124795	DEK	S2_mrna_detected_only	0.464532	29	0.0111254	0.696522
ENSG00000124802	EEF1E1	S2_mrna_detected_only	0.0231527	29	0.905107	0.125814
ENSG00000124831	LRRFIP1	S2_mrna_detected_only	0.34532	29	0.0665487	0.527895
ENSG00000124942	AHNAK	S2_mrna_detected_only	0.705419	29	1.92187e-05	0.933705
ENSG00000125037	EMC3	S2_mrna_detected_only	-0.0147783	29	0.93935	0.0991805
ENSG00000125107	CNOT1	S2_mrna_detected_only	0.303941	29	0.108943	0.466327
ENSG00000125124	BBS2	S2_mrna_detected_only	0.738386	29	4.8151e-06	0.952353
ENSG00000125149	C16orf70	S2_mrna_detected_only	0.266995	29	0.161473	0.411536
ENSG00000125166	GOT2	S2_mrna_detected_only	0.664039	29	8.57602e-05	0.903866
ENSG00000125207	PIWIL1	S2_mrna_detected_only		1		
ENSG00000125246	CLYBL	S2_mrna_detected_only	0.635961	29	0.000209092	0.879019
ENSG00000125247	TMTC4	S2_mrna_detected_only	0.407459	29	0.0282413	0.620561
ENSG00000125249	RAP2A	S2_mrna_detected_only	0.20897	29	0.276638	0.324806
ENSG00000125266	EFNB2	S2_mrna_detected_only	0.511017	28	0.00545301	0.756829
ENSG00000125304	TM9SF2	S2_mrna_detected_only	0.563547	29	0.00145561	0.811462
ENSG00000125319	C17orf53	S2_mrna_detected_only		1		
ENSG00000125347	IRF1	S2_mrna_detected_only	0.331311	29	0.0791479	0.506672
ENSG00000125351	UPF3B	S2_mrna_detected_only	0.0724138	29	0.708927	0.16847
ENSG00000125352	RNF113A	S2_mrna_detected_only	0.513364	29	0.00439786	0.759456
ENSG00000125354	SEPT6	S2_mrna_detected_only	0.518315	27	0.00561208	0.76597
ENSG00000125356	NDUFA1	S2_mrna_detected_only	0.290291	29	0.126609	0.44668
ENSG00000125375	ATP5S	S2_mrna_detected_only	0.128227	26	0.532456	0.229197
ENSG00000125386	FAM193A	S2_mrna_detected_only	-0.0326051	29	0.866658	0.0890418
ENSG00000125388	GRK4	S2_mrna_detected_only	-0.307204	14	0.285343	0.00719689
ENSG00000125409	TEKT3	S2_mrna_detected_only		2		
ENSG00000125434	SLC25A35	S2_mrna_detected_only	0.303478	24	0.149409	0.465434
ENSG00000125445	MRPS7	S2_mrna_detected_only	0.451724	29	0.0138968	0.679239
ENSG00000125447	GGA3	S2_mrna_detected_only	-0.240887	29	0.208107	0.0151818
ENSG00000125449	ARMC7	S2_mrna_detected_only	0.354075	29	0.0595041	0.540922
ENSG00000125450	NUP85	S2_mrna_detected_only	0.546798	29	0.0021457	0.794337
ENSG00000125454	SLC25A19	S2_mrna_detected_only	0.291559	27	0.140058	0.448151
ENSG00000125457	MIF4GD	S2_mrna_detected_only	0.134007	29	0.488284	0.236026
ENSG00000125458	NT5C	S2_mrna_detected_only	0.289163	29	0.128158	0.445209
ENSG00000125459	MSTO1	S2_mrna_detected_only	-0.0531136	27	0.792464	0.0737025
ENSG00000125482	TTF1	S2_mrna_detected_only	0.281676	29	0.138791	0.433652
ENSG00000125484	GTF3C4	S2_mrna_detected_only	0.511765	29	0.00454329	0.757565
ENSG00000125485	DDX31	S2_mrna_detected_only	0.342864	29	0.0686367	0.524112
ENSG00000125503	PPP1R12C	S2_mrna_detected_only	0.284729	29	0.13438	0.438643
ENSG00000125505	MBOAT7	S2_mrna_detected_only	0.373892	29	0.0457129	0.570866
ENSG00000125534	PPDPF	S2_mrna_detected_only	0.0630853	29	0.745102	0.160801
ENSG00000125551	PLGLB2	S2_mrna_detected_only	0.774597	4	0.225403	0.968901
ENSG00000125611	CHCHD5	S2_mrna_detected_only	0.20197	29	0.293406	0.315245
ENSG00000125618	PAX8	S2_mrna_detected_only	0.779773	9	0.0132052	0.971318
ENSG00000125630	POLR1B	S2_mrna_detected_only	-0.0463111	29	0.811454	0.0786405
ENSG00000125633	CCDC93	S2_mrna_detected_only	0.19633	29	0.307378	0.30747
ENSG00000125637	PSD4	S2_mrna_detected_only	0.673235	28	8.63548e-05	0.911484
ENSG00000125648	SLC25A23	S2_mrna_detected_only	0.476698	29	0.00893706	0.711231
ENSG00000125651	GTF2F1	S2_mrna_detected_only	0.24335	29	0.203352	0.375184
ENSG00000125652	ALKBH7	S2_mrna_detected_only	0.348276	29	0.0641017	0.531939
ENSG00000125656	CLPP	S2_mrna_detected_only	-0.0507389	29	0.793794	0.075436
ENSG00000125675	GRIA3	S2_mrna_detected_only	0.948683	4	0.0513167	0.99958
ENSG00000125676	THOC2	S2_mrna_detected_only	0.103448	29	0.593329	0.199989
ENSG00000125686	MED1	S2_mrna_detected_only	0.175369	29	0.362858	0.283988
ENSG00000125691	RPL23	S2_mrna_detected_only	-0.0413793	29	0.831231	0.0832633
ENSG00000125703	ATG4C	S2_mrna_detected_only	0.0139592	28	0.943795	0.11846
ENSG00000125726	CD70	S2_mrna_detected_only		2		
ENSG00000125730	C3	S2_mrna_detected_only	0.2867	29	0.131588	0.441952
ENSG00000125731	SH2D3A	S2_mrna_detected_only	0.478318	20	0.0328993	0.713543
ENSG00000125733	TRIP10	S2_mrna_detected_only	0.562562	29	0.00149006	0.810359
ENSG00000125734	GPR108	S2_mrna_detected_only	0.0800263	29	0.679855	0.175404
ENSG00000125735	TNFSF14	S2_mrna_detected_only	0.676123	6	0.140357	0.913217
ENSG00000125741	OPA3	S2_mrna_detected_only	0.477411	27	0.0117945	0.71286
ENSG00000125743	SNRPD2	S2_mrna_detected_only	0.184236	29	0.338706	0.293654
ENSG00000125746	EML2	S2_mrna_detected_only	0.628079	29	0.000264398	0.873398
ENSG00000125753	VASP	S2_mrna_detected_only	0.746305	29	3.34896e-06	0.956241
ENSG00000125755	SYMPK	S2_mrna_detected_only	0.387685	29	0.0377121	0.588359
ENSG00000125772	GPCPD1	S2_mrna_detected_only	0.227094	29	0.236137	0.354906
ENSG00000125775	SDCBP2	S2_mrna_detected_only	0.415415	21	0.0611014	0.631383
ENSG00000125779	PANK2	S2_mrna_detected_only	-0.118719	29	0.539628	0.0460181
ENSG00000125780	TGM3	S2_mrna_detected_only	0.428571	6	0.396501	0.648771
ENSG00000125812	GZF1	S2_mrna_detected_only	-0.126936	29	0.511719	0.0441794
ENSG00000125817	CENPB	S2_mrna_detected_only	0.121182	29	0.531187	0.220162
ENSG00000125818	PSMF1	S2_mrna_detected_only	-0.064532	29	0.739454	0.0689746
ENSG00000125821	DTD1	S2_mrna_detected_only	0.347623	29	0.0646364	0.531152
ENSG00000125826	RBCK1	S2_mrna_detected_only	0.126601	29	0.512842	0.227149
ENSG00000125827	TMX4	S2_mrna_detected_only	0.545813	29	0.00219388	0.793707
ENSG00000125834	STK35	S2_mrna_detected_only	0.270574	29	0.155715	0.418103
ENSG00000125843	AP5S1	S2_mrna_detected_only	0.158817	28	0.419546	0.264709
ENSG00000125844	RRBP1	S2_mrna_detected_only	0.67734	29	5.44043e-05	0.914163
ENSG00000125845	BMP2	S2_mrna_detected_only	0.305898	23	0.155749	0.468848
ENSG00000125851	PCSK2	S2_mrna_detected_only	0.587413	12	0.0446093	0.834366
ENSG00000125863	MKKS	S2_mrna_detected_only	0.295849	29	0.119178	0.453404
ENSG00000125868	DSTN	S2_mrna_detected_only	0.618719	29	0.000346542	0.864205
ENSG00000125870	SNRPB2	S2_mrna_detected_only	0.0950739	29	0.623723	0.191269
ENSG00000125871	MGME1	S2_mrna_detected_only	0.0586207	29	0.762609	0.155442
ENSG00000125872	LRRN4	S2_mrna_detected_only		2		
ENSG00000125875	TBC1D20	S2_mrna_detected_only	0.498028	29	0.00597163	0.739178
ENSG00000125877	ITPA	S2_mrna_detected_only	-0.159606	29	0.408227	0.0331477
ENSG00000125898	FAM110A	S2_mrna_detected_only	0.410127	18	0.0909486	0.624133
ENSG00000125901	MRPS26	S2_mrna_detected_only	0.446798	29	0.0151056	0.671937
ENSG00000125912	NCLN	S2_mrna_detected_only	0.42266	29	0.0223591	0.641049
ENSG00000125931	CITED1	S2_mrna_detected_only	0.223607	5	0.717686	0.349443
ENSG00000125944	HNRNPR	S2_mrna_detected_only	0.429117	29	0.0201852	0.649244
ENSG00000125945	ZNF436	S2_mrna_detected_only	0.0621484	28	0.753393	0.159435
ENSG00000125952	MAX	S2_mrna_detected_only	0.137855	29	0.475765	0.239809
ENSG00000125954	CHURC1-FNTB	S2_mrna_detected_only	0.4	4	0.6	0.607165
ENSG00000125962	ARMCX5	S2_mrna_detected_only	0.257177	27	0.195317	0.396564
ENSG00000125967	NECAB3	S2_mrna_detected_only	0.00838713	28	0.966214	0.114152
ENSG00000125968	ID1	S2_mrna_detected_only	0.506659	28	0.00593494	0.750735
ENSG00000125970	RALY	S2_mrna_detected_only	0.467488	29	0.0105563	0.701776
ENSG00000125971	DYNLRB1	S2_mrna_detected_only	0.145831	29	0.450352	0.247846
ENSG00000125977	EIF2S2	S2_mrna_detected_only	0.301478	29	0.111987	0.461967
ENSG00000125991	ERGIC3	S2_mrna_detected_only	0.329064	29	0.0813279	0.504045
ENSG00000125995	ROMO1	S2_mrna_detected_only	0.182266	29	0.343987	0.291343
ENSG00000125998	FAM83C	S2_mrna_detected_only		2		
ENSG00000125999	BPIFB1	S2_mrna_detected_only	0.6	6	0.208	0.846817
ENSG00000126001	CEP250	S2_mrna_detected_only	0.244183	28	0.210481	0.376497
ENSG00000126003	PLAGL2	S2_mrna_detected_only	0.202903	29	0.291137	0.31619
ENSG00000126005	MMP24-AS1	S2_mrna_detected_only	-0.103417	29	0.593442	0.0520593
ENSG00000126012	KDM5C	S2_mrna_detected_only	0.035468	29	0.855068	0.134587
ENSG00000126016	AMOT	S2_mrna_detected_only	0.491069	21	0.0237872	0.731299
ENSG00000126062	TMEM115	S2_mrna_detected_only	0.0528397	29	0.78545	0.149874
ENSG00000126067	PSMB2	S2_mrna_detected_only	-0.406897	29	0.0284809	0.00204875
ENSG00000126070	AGO3	S2_mrna_detected_only	-0.279947	19	0.245717	0.0109792
ENSG00000126088	UROD	S2_mrna_detected_only	0.510837	29	0.0046296	0.756146
ENSG00000126106	TMEM53	S2_mrna_detected_only	0.00431268	26	0.983318	0.11079
ENSG00000126107	HECTD3	S2_mrna_detected_only	0.300985	29	0.112603	0.461231
ENSG00000126214	KLC1	S2_mrna_detected_only	0.66601	29	8.0282e-05	0.906335
ENSG00000126216	TUBGCP3	S2_mrna_detected_only	0.30197	29	0.111373	0.46307
ENSG00000126217	MCF2L	S2_mrna_detected_only	0.269624	24	0.20262	0.415791
ENSG00000126218	F10	S2_mrna_detected_only	0.132411	23	0.546995	0.234451
ENSG00000126226	PCID2	S2_mrna_detected_only	-0.00394089	29	0.983813	0.104696
ENSG00000126231	PROZ	S2_mrna_detected_only		2		
ENSG00000126233	SLURP1	S2_mrna_detected_only		2		
ENSG00000126243	LRFN3	S2_mrna_detected_only	0.132421	23	0.546963	0.234556
ENSG00000126247	CAPNS1	S2_mrna_detected_only	0.135468	29	0.48351	0.237655
ENSG00000126249	PDCD2L	S2_mrna_detected_only	-0.00274767	27	0.989148	0.105642
ENSG00000126254	RBM42	S2_mrna_detected_only	0.144828	29	0.453508	0.24627
ENSG00000126261	UBA2	S2_mrna_detected_only	0.385023	29	0.0391616	0.584839
ENSG00000126267	COX6B1	S2_mrna_detected_only	0.343842	29	0.0677991	0.525688
ENSG00000126351	THRA	S2_mrna_detected_only	0.648497	29	0.00014201	0.890681
ENSG00000126391	FRMD8	S2_mrna_detected_only	0.0507389	29	0.793794	0.14751
ENSG00000126432	PRDX5	S2_mrna_detected_only	0.495074	29	0.0063241	0.735974
ENSG00000126453	BCL2L12	S2_mrna_detected_only	0.151074	27	0.451936	0.255043
ENSG00000126456	IRF3	S2_mrna_detected_only	0.258406	29	0.175906	0.398666
ENSG00000126457	PRMT1	S2_mrna_detected_only	0.452217	29	0.0137805	0.680185
ENSG00000126458	RRAS	S2_mrna_detected_only	0.3867	29	0.0382435	0.586835
ENSG00000126461	SCAF1	S2_mrna_detected_only	0.183908	28	0.348858	0.293076
ENSG00000126464	PRR12	S2_mrna_detected_only	0.108255	23	0.622953	0.205558
ENSG00000126467	TSKS	S2_mrna_detected_only		1		
ENSG00000126522	ASL	S2_mrna_detected_only	0.86601	29	1.2962e-09	0.993696
ENSG00000126524	SBDS	S2_mrna_detected_only	0.638424	29	0.000194049	0.881698
ENSG00000126550	HTN1	S2_mrna_detected_only	0.774597	4	0.225403	0.968901
ENSG00000126561	STAT5A	S2_mrna_detected_only	0.71538	28	1.87971e-05	0.939115
ENSG00000126581	BECN1	S2_mrna_detected_only	0.191133	29	0.320611	0.302164
ENSG00000126583	PRKCG	S2_mrna_detected_only		2		
ENSG00000126602	TRAP1	S2_mrna_detected_only	0.395567	29	0.033671	0.598813
ENSG00000126603	GLIS2	S2_mrna_detected_only	0.0412047	26	0.841594	0.138947
ENSG00000126653	NSRP1	S2_mrna_detected_only	-0.20197	29	0.293406	0.022116
ENSG00000126698	DNAJC8	S2_mrna_detected_only	0.331527	29	0.0789403	0.506882
ENSG00000126705	AHDC1	S2_mrna_detected_only	0.650435	24	0.000579312	0.892467
ENSG00000126746	ZNF384	S2_mrna_detected_only	0.629557	29	0.000253139	0.874659
ENSG00000126749	EMG1	S2_mrna_detected_only	0.410888	29	0.0268153	0.625762
ENSG00000126756	UXT	S2_mrna_detected_only	-0.00935961	29	0.961567	0.102227
ENSG00000126767	ELK1	S2_mrna_detected_only	0.30801	29	0.104052	0.472736
ENSG00000126768	TIMM17B	S2_mrna_detected_only	0.121182	29	0.531187	0.220162
ENSG00000126775	ATG14	S2_mrna_detected_only	0.126201	29	0.514185	0.226676
ENSG00000126777	KTN1	S2_mrna_detected_only	0.583251	29	0.000897648	0.830952
ENSG00000126785	RHOJ	S2_mrna_detected_only	0.00441897	28	0.982195	0.110895
ENSG00000126790	L3HYPDH	S2_mrna_detected_only	0.221035	27	0.26788	0.344453
ENSG00000126804	ZBTB1	S2_mrna_detected_only	0.38767	29	0.0377201	0.588096
ENSG00000126814	TRMT5	S2_mrna_detected_only	0.281773	29	0.138648	0.43402
ENSG00000126821	SGPP1	S2_mrna_detected_only	0.518108	29	0.00398937	0.765444
ENSG00000126822	PLEKHG3	S2_mrna_detected_only	0.513793	29	0.00435948	0.760191
ENSG00000126838	PZP	S2_mrna_detected_only		3		
ENSG00000126858	RHOT1	S2_mrna_detected_only	0.501478	29	0.00558122	0.743433
ENSG00000126861	OMG	S2_mrna_detected_only		1		
ENSG00000126870	WDR60	S2_mrna_detected_only	0.531031	27	0.00437183	0.778682
ENSG00000126883	NUP214	S2_mrna_detected_only	0.237438	29	0.21489	0.36909
ENSG00000126934	MAP2K2	S2_mrna_detected_only	0.446853	29	0.0150916	0.672253
ENSG00000126945	HNRNPH2	S2_mrna_detected_only	0.182849	29	0.34242	0.292131
ENSG00000126947	ARMCX1	S2_mrna_detected_only	0.405036	28	0.0325065	0.616674
ENSG00000126953	TIMM8A	S2_mrna_detected_only	0.357612	28	0.0617122	0.54586
ENSG00000127022	CANX	S2_mrna_detected_only	0.250246	29	0.190437	0.386216
ENSG00000127054	CPSF3L	S2_mrna_detected_only	-0.062069	29	0.749076	0.0701303
ENSG00000127074	RGS13	S2_mrna_detected_only	0.467099	10	0.173486	0.70083
ENSG00000127080	IPPK	S2_mrna_detected_only	0.342822	28	0.0741145	0.523587
ENSG00000127083	OMD	S2_mrna_detected_only	0.479221	21	0.0279444	0.714909
ENSG00000127125	PPCS	S2_mrna_detected_only	0.449261	29	0.0144907	0.675982
ENSG00000127184	COX7C	S2_mrna_detected_only	0.357143	29	0.0571791	0.545178
ENSG00000127191	TRAF2	S2_mrna_detected_only	0.19362	29	0.314235	0.304686
ENSG00000127241	MASP1	S2_mrna_detected_only	0.574979	22	0.00512141	0.822494
ENSG00000127249	ATP13A4	S2_mrna_detected_only	0.516667	9	0.15439	0.763711
ENSG00000127311	HELB	S2_mrna_detected_only	-0.782624	5	0.117614	0
ENSG00000127314	RAP1B	S2_mrna_detected_only	0.204926	29	0.286249	0.319657
ENSG00000127324	TSPAN8	S2_mrna_detected_only	0.648611	25	0.000453253	0.890786
ENSG00000127329	PTPRB	S2_mrna_detected_only	0.112394	25	0.592719	0.210706
ENSG00000127334	DYRK2	S2_mrna_detected_only	0.147156	28	0.454908	0.249475
ENSG00000127337	YEATS4	S2_mrna_detected_only	0.363099	29	0.0528684	0.555526
ENSG00000127399	LRRC61	S2_mrna_detected_only	0.0813699	26	0.692727	0.176665
ENSG00000127415	IDUA	S2_mrna_detected_only	0.170835	21	0.45906	0.278577
ENSG00000127418	FGFRL1	S2_mrna_detected_only	0.0999355	29	0.606	0.196627
ENSG00000127419	TMEM175	S2_mrna_detected_only	0.209128	27	0.295157	0.325121
ENSG00000127445	PIN1	S2_mrna_detected_only	0.366995	29	0.05019	0.560307
ENSG00000127452	FBXL12	S2_mrna_detected_only	-0.0696082	28	0.724864	0.0665581
ENSG00000127463	EMC1	S2_mrna_detected_only	-0.147291	29	0.445781	0.0371402
ENSG00000127481	UBR4	S2_mrna_detected_only	-0.346798	29	0.0653163	0.00446522
ENSG00000127483	HP1BP3	S2_mrna_detected_only	0.381281	29	0.0412742	0.580164
ENSG00000127511	SIN3B	S2_mrna_detected_only	0.368473	29	0.0492026	0.563616
ENSG00000127526	SLC35E1	S2_mrna_detected_only	0.215933	29	0.26058	0.336993
ENSG00000127527	EPS15L1	S2_mrna_detected_only	0.456275	28	0.0146684	0.685281
ENSG00000127528	KLF2	S2_mrna_detected_only	0.151849	28	0.440491	0.255779
ENSG00000127540	UQCR11	S2_mrna_detected_only	0.329719	29	0.0806876	0.50478
ENSG00000127554	GFER	S2_mrna_detected_only	0.23202	29	0.225851	0.361263
ENSG00000127561	SYNGR3	S2_mrna_detected_only	0.7	5	0.18812	0.93071
ENSG00000127580	WDR24	S2_mrna_detected_only	0.0553953	25	0.792552	0.152185
ENSG00000127585	FBXL16	S2_mrna_detected_only	0.223607	5	0.717686	0.349443
ENSG00000127586	CHTF18	S2_mrna_detected_only		3		
ENSG00000127588	GNG13	S2_mrna_detected_only		2		
ENSG00000127603	MACF1	S2_mrna_detected_only	0.615764	29	0.000376782	0.86142
ENSG00000127616	SMARCA4	S2_mrna_detected_only	0.2867	29	0.131588	0.441952
ENSG00000127663	KDM4B	S2_mrna_detected_only	0.326186	28	0.0902629	0.499527
ENSG00000127666	TICAM1	S2_mrna_detected_only	-0.0963306	28	0.625812	0.0551061
ENSG00000127720	METTL25	S2_mrna_detected_only	-0.159008	27	0.428249	0.0332528
ENSG00000127774	EMC6	S2_mrna_detected_only	0.271122	29	0.154846	0.419048
ENSG00000127804	METTL16	S2_mrna_detected_only	0.589163	29	0.000771802	0.836625
ENSG00000127824	TUBA4A	S2_mrna_detected_only	0.568543	29	0.00129136	0.816085
ENSG00000127831	VIL1	S2_mrna_detected_only	0.854545	11	0.000806674	0.991963
ENSG00000127837	AAMP	S2_mrna_detected_only	-0.0837438	29	0.665816	0.0604644
ENSG00000127838	PNKD	S2_mrna_detected_only	0.346305	29	0.0657251	0.529365
ENSG00000127870	RNF6	S2_mrna_detected_only	0.116089	29	0.548713	0.214383
ENSG00000127884	ECHS1	S2_mrna_detected_only	0.536453	29	0.0027002	0.784566
ENSG00000127914	AKAP9	S2_mrna_detected_only	0.317734	29	0.0930293	0.488916
ENSG00000127920	GNG11	S2_mrna_detected_only	0.49803	29	0.00597143	0.739441
ENSG00000127946	HIP1	S2_mrna_detected_only	0.685592	27	7.92478e-05	0.920204
ENSG00000127947	PTPN12	S2_mrna_detected_only	0.534975	29	0.0027887	0.781992
ENSG00000127948	POR	S2_mrna_detected_only	0.703448	29	2.07539e-05	0.932654
ENSG00000127951	FGL2	S2_mrna_detected_only	0.464039	29	0.0112227	0.695787
ENSG00000127952	STYXL1	S2_mrna_detected_only	0.108434	29	0.575545	0.206188
ENSG00000127955	GNAI1	S2_mrna_detected_only	0.587192	29	0.000811917	0.833946
ENSG00000127980	PEX1	S2_mrna_detected_only	0.310629	29	0.100991	0.475783
ENSG00000127989	MTERF1	S2_mrna_detected_only	0.0559602	28	0.777304	0.153131
ENSG00000127990	SGCE	S2_mrna_detected_only	0.286207	29	0.132282	0.441217
ENSG00000127993	RBM48	S2_mrna_detected_only	-0.335989	29	0.0747522	0.00499054
ENSG00000127995	CASD1	S2_mrna_detected_only	0.248309	29	0.194007	0.382801
ENSG00000128016	ZFP36	S2_mrna_detected_only	0.266964	29	0.161524	0.411168
ENSG00000128040	SPINK2	S2_mrna_detected_only	0.654654	6	0.158302	0.895251
ENSG00000128050	PAICS	S2_mrna_detected_only	0.568987	27	0.00195383	0.816401
ENSG00000128052	KDR	S2_mrna_detected_only	0.205558	29	0.284732	0.321023
ENSG00000128059	PPAT	S2_mrna_detected_only	0.215654	28	0.270401	0.33673
ENSG00000128159	TUBGCP6	S2_mrna_detected_only	0.0262726	28	0.894426	0.12739
ENSG00000128191	DGCR8	S2_mrna_detected_only	0.034487	29	0.859036	0.134219
ENSG00000128203	ASPHD2	S2_mrna_detected_only	0.249464	17	0.334242	0.384692
ENSG00000128218	VPREB3	S2_mrna_detected_only	0.77822	11	0.0047879	0.970635
ENSG00000128228	SDF2L1	S2_mrna_detected_only	0.320197	29	0.0903831	0.492278
ENSG00000128242	GAL3ST1	S2_mrna_detected_only	-0.0285714	6	0.957155	0.0917209
ENSG00000128245	YWHAH	S2_mrna_detected_only	0.519212	29	0.00389912	0.766495
ENSG00000128266	GNAZ	S2_mrna_detected_only	0.30096	22	0.173504	0.460969
ENSG00000128268	MGAT3	S2_mrna_detected_only	0.269037	19	0.265372	0.415371
ENSG00000128274	A4GALT	S2_mrna_detected_only	-0.171802	21	0.456483	0.0293654
ENSG00000128283	CDC42EP1	S2_mrna_detected_only	0.21308	29	0.267083	0.333001
ENSG00000128284	APOL3	S2_mrna_detected_only	0.756979	28	3.13052e-06	0.961074
ENSG00000128294	TPST2	S2_mrna_detected_only	0.587511	29	0.000805309	0.834472
ENSG00000128298	BAIAP2L2	S2_mrna_detected_only	0.220193	11	0.515307	0.342561
ENSG00000128309	MPST	S2_mrna_detected_only	0.315271	29	0.0957336	0.483978
ENSG00000128311	TST	S2_mrna_detected_only	0.642857	29	0.000169368	0.885638
ENSG00000128322	IGLL1	S2_mrna_detected_only		1		
ENSG00000128335	APOL2	S2_mrna_detected_only	0.617241	29	0.000361384	0.862576
ENSG00000128394	APOBEC3F	S2_mrna_detected_only	0.303759	20	0.192914	0.466012
ENSG00000128408	RIBC2	S2_mrna_detected_only		3		
ENSG00000128422	KRT17	S2_mrna_detected_only	0.575758	10	0.0815528	0.822914
ENSG00000128463	EMC4	S2_mrna_detected_only	0.540887	29	0.00244906	0.788611
ENSG00000128487	SPECC1	S2_mrna_detected_only	0.680769	25	0.00018013	0.916737
ENSG00000128510	CPA4	S2_mrna_detected_only		3		
ENSG00000128512	DOCK4	S2_mrna_detected_only	0.398646	20	0.08168	0.604801
ENSG00000128513	POT1	S2_mrna_detected_only	0.324786	27	0.0983425	0.497741
ENSG00000128524	ATP6V1F	S2_mrna_detected_only	0.140394	29	0.467594	0.242278
ENSG00000128534	LSM8	S2_mrna_detected_only	0.364039	29	0.0522118	0.556472
ENSG00000128536	CDHR3	S2_mrna_detected_only	0.774597	4	0.225403	0.968901
ENSG00000128563	PRKRIP1	S2_mrna_detected_only	0.095444	29	0.622366	0.191584
ENSG00000128564	VGF	S2_mrna_detected_only		2		
ENSG00000128567	PODXL	S2_mrna_detected_only	0.636946	29	0.000202955	0.880437
ENSG00000128578	STRIP2	S2_mrna_detected_only	0.0857143	6	0.871743	0.182076
ENSG00000128581	IFT22	S2_mrna_detected_only	0.692611	29	3.13356e-05	0.924827
ENSG00000128585	MKLN1	S2_mrna_detected_only	0.137438	29	0.477111	0.239704
ENSG00000128590	DNAJB9	S2_mrna_detected_only	0.526008	29	0.00338108	0.773744
ENSG00000128595	CALU	S2_mrna_detected_only	0.658621	29	0.000102579	0.899138
ENSG00000128596	CCDC136	S2_mrna_detected_only	-0.29697	10	0.404702	0.00845766
ENSG00000128604	IRF5	S2_mrna_detected_only	0.7793	24	7.20451e-06	0.971265
ENSG00000128607	KLHDC10	S2_mrna_detected_only	0.136044	29	0.481634	0.238233
ENSG00000128609	NDUFA5	S2_mrna_detected_only	0.416749	29	0.0245141	0.633011
ENSG00000128626	MRPS12	S2_mrna_detected_only	-0.171852	29	0.372713	0.0292603
ENSG00000128654	MTX2	S2_mrna_detected_only	0.325123	29	0.0852626	0.498161
ENSG00000128655	PDE11A	S2_mrna_detected_only	0.447214	5	0.450185	0.67262
ENSG00000128656	CHN1	S2_mrna_detected_only	0.213723	26	0.294474	0.333631
ENSG00000128683	GAD1	S2_mrna_detected_only		2		
ENSG00000128694	OSGEPL1	S2_mrna_detected_only	0.682308	25	0.000171865	0.917892
ENSG00000128699	ORMDL1	S2_mrna_detected_only	-0.144198	29	0.455495	0.0380857
ENSG00000128708	HAT1	S2_mrna_detected_only	0.263054	29	0.167987	0.404864
ENSG00000128710	HOXD10	S2_mrna_detected_only	0.214286	7	0.644512	0.334839
ENSG00000128713	HOXD11	S2_mrna_detected_only		3		
ENSG00000128731	HERC2	S2_mrna_detected_only	-0.0662643	29	0.73271	0.0682391
ENSG00000128739	SNRPN	S2_mrna_detected_only	0.0812808	29	0.675105	0.176403
ENSG00000128789	PSMG2	S2_mrna_detected_only	-0.169458	29	0.37951	0.0304161
ENSG00000128791	TWSG1	S2_mrna_detected_only	0.591616	29	0.000724289	0.838569
ENSG00000128805	ARHGAP22	S2_mrna_detected_only	0.632456	4	0.367544	0.87634
ENSG00000128815	WDFY4	S2_mrna_detected_only	0.636364	10	0.0479117	0.879544
ENSG00000128829	EIF2AK4	S2_mrna_detected_only	0.336946	29	0.0738769	0.514762
ENSG00000128833	MYO5C	S2_mrna_detected_only	0.550085	26	0.00359779	0.798014
ENSG00000128872	TMOD2	S2_mrna_detected_only	0.401709	27	0.0378034	0.610212
ENSG00000128881	TTBK2	S2_mrna_detected_only	0.0149827	26	0.94209	0.119615
ENSG00000128886	ELL3	S2_mrna_detected_only	0.223607	5	0.717686	0.349443
ENSG00000128891	C15orf57	S2_mrna_detected_only	0.459564	29	0.0121396	0.689798
ENSG00000128908	INO80	S2_mrna_detected_only	0.225123	29	0.240337	0.351807
ENSG00000128915	ICE2	S2_mrna_detected_only	0.048187	28	0.80762	0.144831
ENSG00000128923	FAM63B	S2_mrna_detected_only	0.516085	28	0.00493468	0.763028
ENSG00000128928	IVD	S2_mrna_detected_only	0.693596	29	3.02056e-05	0.925457
ENSG00000128951	DUT	S2_mrna_detected_only	0.478325	29	0.00867396	0.713858
ENSG00000128973	CLN6	S2_mrna_detected_only	0.211849	29	0.269923	0.331215
ENSG00000128989	ARPP19	S2_mrna_detected_only	0.529868	29	0.00311403	0.777107
ENSG00000129003	VPS13C	S2_mrna_detected_only	0.16798	29	0.383741	0.274795
ENSG00000129038	LOXL1	S2_mrna_detected_only	0.352091	18	0.151881	0.538506
ENSG00000129055	ANAPC13	S2_mrna_detected_only	-0.0751324	29	0.698496	0.0645619
ENSG00000129071	MBD4	S2_mrna_detected_only	0.386914	29	0.0381272	0.587151
ENSG00000129083	COPB1	S2_mrna_detected_only	0.23202	29	0.225851	0.361263
ENSG00000129084	PSMA1	S2_mrna_detected_only	0.153695	29	0.426026	0.258037
ENSG00000129103	SUMF2	S2_mrna_detected_only	0.542857	29	0.00234407	0.790134
ENSG00000129116	PALLD	S2_mrna_detected_only	0.723645	29	9.15824e-06	0.944158
ENSG00000129128	SPCS3	S2_mrna_detected_only	0.370936	29	0.0475911	0.566716
ENSG00000129151	BBOX1	S2_mrna_detected_only	0.928571	7	0.00251947	0.999159
ENSG00000129158	SERGEF	S2_mrna_detected_only	0.0817734	29	0.673244	0.177033
ENSG00000129167	TPH1	S2_mrna_detected_only	-0.333947	6	0.5177	0.00504308
ENSG00000129170	CSRP3	S2_mrna_detected_only		1		
ENSG00000129187	DCTD	S2_mrna_detected_only	0.606404	29	0.000488427	0.851387
ENSG00000129197	RPAIN	S2_mrna_detected_only	0.17502	29	0.363832	0.283515
ENSG00000129214	SHBG	S2_mrna_detected_only	0	4	1	0.107638
ENSG00000129219	PLD2	S2_mrna_detected_only	0.482759	28	0.00926804	0.72053
ENSG00000129226	CD68	S2_mrna_detected_only	0.706862	29	1.81594e-05	0.934703
ENSG00000129235	TXNDC17	S2_mrna_detected_only	-0.106404	29	0.582757	0.0513238
ENSG00000129244	ATP1B2	S2_mrna_detected_only	0.10452	22	0.643439	0.201565
ENSG00000129245	FXR2	S2_mrna_detected_only	0.314324	29	0.0967885	0.482034
ENSG00000129250	KIF1C	S2_mrna_detected_only	0.492179	29	0.00668652	0.732454
ENSG00000129255	MPDU1	S2_mrna_detected_only	0.301761	29	0.111633	0.462755
ENSG00000129292	PHF20L1	S2_mrna_detected_only	0.048173	28	0.807675	0.144726
ENSG00000129295	LRRC6	S2_mrna_detected_only	-0.0783042	12	0.808865	0.063091
ENSG00000129315	CCNT1	S2_mrna_detected_only	0.185222	29	0.336084	0.29502
ENSG00000129317	PUS7L	S2_mrna_detected_only	0.181201	22	0.41966	0.289924
ENSG00000129347	KRI1	S2_mrna_detected_only	0.206948	29	0.281418	0.322284
ENSG00000129351	ILF3	S2_mrna_detected_only	0.623645	29	0.000300873	0.868355
ENSG00000129353	SLC44A2	S2_mrna_detected_only	0.366548	29	0.0504921	0.559729
ENSG00000129354	AP1M2	S2_mrna_detected_only	0.711688	21	0.000296766	0.937539
ENSG00000129355	CDKN2D	S2_mrna_detected_only	0.465916	26	0.016444	0.698519
ENSG00000129422	MTUS1	S2_mrna_detected_only	0.219729	29	0.252088	0.341931
ENSG00000129451	KLK10	S2_mrna_detected_only	0.872786	10	0.000980007	0.994484
ENSG00000129455	KLK8	S2_mrna_detected_only	0	5	1	0.107638
ENSG00000129460	NGDN	S2_mrna_detected_only	0.257635	29	0.177244	0.397195
ENSG00000129465	RIPK3	S2_mrna_detected_only	0.866742	22	1.81785e-07	0.994064
ENSG00000129472	RAB2B	S2_mrna_detected_only	0.262348	29	0.169174	0.404234
ENSG00000129474	AJUBA	S2_mrna_detected_only	0.556025	21	0.00886196	0.804949
ENSG00000129480	DTD2	S2_mrna_detected_only	-0.0310345	29	0.873029	0.0903026
ENSG00000129484	PARP2	S2_mrna_detected_only	0.372393	29	0.0466579	0.568764
ENSG00000129493	HEATR5A	S2_mrna_detected_only	0.285714	28	0.140521	0.440271
ENSG00000129514	FOXA1	S2_mrna_detected_only	0.692308	13	0.00873032	0.924564
ENSG00000129515	SNX6	S2_mrna_detected_only	0.490208	29	0.00694315	0.729933
ENSG00000129518	EAPP	S2_mrna_detected_only	0.175084	29	0.363652	0.283621
ENSG00000129534	MIS18BP1	S2_mrna_detected_only	0.502699	28	0.0064038	0.745167
ENSG00000129538	RNASE1	S2_mrna_detected_only	0.317891	29	0.0928593	0.489231
ENSG00000129559	NEDD8	S2_mrna_detected_only	0.415804	29	0.0248738	0.631593
ENSG00000129562	DAD1	S2_mrna_detected_only	-0.10936	29	0.572269	0.0501681
ENSG00000129566	TEP1	S2_mrna_detected_only	0.261294	27	0.18801	0.402763
ENSG00000129595	EPB41L4A	S2_mrna_detected_only	0.629059	22	0.00171121	0.874081
ENSG00000129596	CDO1	S2_mrna_detected_only	-0.156608	26	0.444863	0.0344085
ENSG00000129625	REEP5	S2_mrna_detected_only	0.617734	29	0.000356375	0.863364
ENSG00000129636	ITFG1	S2_mrna_detected_only	0.213573	29	0.265953	0.333526
ENSG00000129654	FOXJ1	S2_mrna_detected_only	0.948683	4	0.0513167	0.99958
ENSG00000129657	SEC14L1	S2_mrna_detected_only	-0.0931493	29	0.630796	0.056577
ENSG00000129667	RHBDF2	S2_mrna_detected_only	0.485739	22	0.0219165	0.724574
ENSG00000129675	ARHGEF6	S2_mrna_detected_only	0.837438	28	2.74749e-08	0.989178
ENSG00000129680	MAP7D3	S2_mrna_detected_only	0.154783	24	0.470192	0.258615
ENSG00000129691	ASH2L	S2_mrna_detected_only	0.223645	29	0.243519	0.349496
ENSG00000129696	TTI2	S2_mrna_detected_only	0.310661	28	0.107613	0.475888
ENSG00000129824	RPS4Y1	S2_mrna_detected_only	-0.0629371	12	0.845931	0.069605
ENSG00000129911	KLF16	S2_mrna_detected_only	0.305793	23	0.155898	0.468638
ENSG00000129925	TMEM8A	S2_mrna_detected_only	0.120713	29	0.532789	0.219216
ENSG00000129933	MAU2	S2_mrna_detected_only	0.154624	29	0.4232	0.258405
ENSG00000129946	SHC2	S2_mrna_detected_only	0.290778	24	0.168058	0.447626
ENSG00000129951	PLPPR3	S2_mrna_detected_only		3		
ENSG00000129965	INS-IGF2	S2_mrna_detected_only		2		
ENSG00000129968	ABHD17A	S2_mrna_detected_only	-0.184418	17	0.47859	0.0264236
ENSG00000129988	LBP	S2_mrna_detected_only	-0.2	4	0.8	0.022904
ENSG00000129990	SYT5	S2_mrna_detected_only	0.669894	7	0.099684	0.909645
ENSG00000129991	TNNI3	S2_mrna_detected_only		3		
ENSG00000130021	PUDP	S2_mrna_detected_only	0.418719	29	0.0237777	0.63569
ENSG00000130024	PHF10	S2_mrna_detected_only	0.200271	29	0.297573	0.313616
ENSG00000130055	GDPD2	S2_mrna_detected_only	0.702731	7	0.0782375	0.932129
ENSG00000130119	GNL3L	S2_mrna_detected_only	-0.0470781	28	0.811968	0.077905
ENSG00000130147	SH3BP4	S2_mrna_detected_only	0.534549	29	0.00281472	0.781519
ENSG00000130150	MOSPD2	S2_mrna_detected_only	0.440613	28	0.01894	0.66369
ENSG00000130158	DOCK6	S2_mrna_detected_only	0.202518	28	0.301358	0.316085
ENSG00000130159	ECSIT	S2_mrna_detected_only	0.37931	29	0.0424227	0.57801
ENSG00000130165	ELOF1	S2_mrna_detected_only	-0.0175542	29	0.927985	0.0974469
ENSG00000130175	PRKCSH	S2_mrna_detected_only	0.428571	29	0.0203618	0.648561
ENSG00000130177	CDC16	S2_mrna_detected_only	0.0891626	29	0.64555	0.186016
ENSG00000130193	THEM6	S2_mrna_detected_only	0.580296	29	0.000967034	0.827485
ENSG00000130201	EXOC3L2	S2_mrna_detected_only	-0.262735	15	0.34412	0.0129754
ENSG00000130202	PVRL2	S2_mrna_detected_only	0.295567	29	0.119548	0.453089
ENSG00000130203	APOE	S2_mrna_detected_only	0.458621	29	0.0123407	0.68838
ENSG00000130204	TOMM40	S2_mrna_detected_only	-0.0399064	29	0.837157	0.0839987
ENSG00000130208	APOC1	S2_mrna_detected_only	0.153695	29	0.426026	0.258037
ENSG00000130224	LRCH2	S2_mrna_detected_only	0.540103	16	0.0307957	0.788033
ENSG00000130226	DPP6	S2_mrna_detected_only	0.818182	11	0.00208314	0.984661
ENSG00000130227	XPO7	S2_mrna_detected_only	0.0334975	29	0.863042	0.133379
ENSG00000130234	ACE2	S2_mrna_detected_only	0.703297	13	0.00731857	0.932444
ENSG00000130244	FAM98C	S2_mrna_detected_only	0.423153	29	0.0221867	0.641994
ENSG00000130254	SAFB2	S2_mrna_detected_only	0.199286	29	0.300006	0.312093
ENSG00000130255	RPL36	S2_mrna_detected_only	-0.139901	29	0.469174	0.0398718
ENSG00000130287	NCAN	S2_mrna_detected_only		2		
ENSG00000130294	KIF1A	S2_mrna_detected_only	0.571429	7	0.180202	0.818975
ENSG00000130299	GTPBP3	S2_mrna_detected_only	0.328945	26	0.100831	0.503625
ENSG00000130300	PLVAP	S2_mrna_detected_only	0.386973	28	0.0419165	0.587256
ENSG00000130303	BST2	S2_mrna_detected_only	0.538916	29	0.00255807	0.786667
ENSG00000130304	SLC27A1	S2_mrna_detected_only	0.580186	28	0.00121051	0.827065
ENSG00000130305	NSUN5	S2_mrna_detected_only	-0.0817835	29	0.673206	0.0617252
ENSG00000130309	COLGALT1	S2_mrna_detected_only	0.627094	29	0.000272147	0.872137
ENSG00000130311	DDA1	S2_mrna_detected_only	-0.08867	29	0.647383	0.0580479
ENSG00000130312	MRPL34	S2_mrna_detected_only	0.0402713	29	0.835688	0.138002
ENSG00000130313	PGLS	S2_mrna_detected_only	-0.182759	29	0.342662	0.0269489
ENSG00000130332	LSM7	S2_mrna_detected_only	0.322068	29	0.0884112	0.494169
ENSG00000130340	SNX9	S2_mrna_detected_only	0.664532	29	8.43603e-05	0.904654
ENSG00000130347	RTN4IP1	S2_mrna_detected_only	0.715205	28	1.89275e-05	0.938905
ENSG00000130348	QRSL1	S2_mrna_detected_only	0.216063	29	0.260286	0.337098
ENSG00000130349	C6orf203	S2_mrna_detected_only	0.655665	29	0.000112938	0.896302
ENSG00000130363	RSPH3	S2_mrna_detected_only	0.198118	27	0.321878	0.310517
ENSG00000130382	MLLT1	S2_mrna_detected_only	0.133514	29	0.489899	0.235659
ENSG00000130396	MLLT4	S2_mrna_detected_only	0.520261	29	0.00381496	0.767861
ENSG00000130402	ACTN4	S2_mrna_detected_only	0.3	29	0.113843	0.459183
ENSG00000130414	NDUFA10	S2_mrna_detected_only	0.314286	29	0.0968318	0.481719
ENSG00000130429	ARPC1B	S2_mrna_detected_only	0.716256	29	1.24528e-05	0.939641
ENSG00000130475	FCHO1	S2_mrna_detected_only	0.79021	12	0.00222314	0.976203
ENSG00000130477	UNC13A	S2_mrna_detected_only		3		
ENSG00000130479	MAP1S	S2_mrna_detected_only	-0.0592186	27	0.769212	0.071391
ENSG00000130487	KLHDC7B	S2_mrna_detected_only	0.774597	4	0.225403	0.968901
ENSG00000130489	SCO2	S2_mrna_detected_only	-0.0139197	29	0.942868	0.0998634
ENSG00000130508	PXDN	S2_mrna_detected_only	0.642036	28	0.000230483	0.885007
ENSG00000130513	GDF15	S2_mrna_detected_only	0.573529	17	0.0160815	0.820603
ENSG00000130517	PGPEP1	S2_mrna_detected_only	0.337438	29	0.0734294	0.516127
ENSG00000130518	KIAA1683	S2_mrna_detected_only	0.948683	4	0.0513167	0.99958
ENSG00000130520	LSM4	S2_mrna_detected_only	0.108374	29	0.575756	0.205821
ENSG00000130522	JUND	S2_mrna_detected_only	0.165517	29	0.390853	0.271801
ENSG00000130528	HRC	S2_mrna_detected_only	0.490909	10	0.149656	0.731036
ENSG00000130540	SULT4A1	S2_mrna_detected_only	0.205196	5	0.740582	0.320235
ENSG00000130545	CRB3	S2_mrna_detected_only	0.0498947	19	0.839255	0.146617
ENSG00000130559	CAMSAP1	S2_mrna_detected_only	0.62149	27	0.000539926	0.867041
ENSG00000130560	UBAC1	S2_mrna_detected_only	0.375862	29	0.0444938	0.572967
ENSG00000130590	SAMD10	S2_mrna_detected_only	0.0738789	21	0.750288	0.169731
ENSG00000130595	TNNT3	S2_mrna_detected_only	-0.0101587	17	0.969133	0.10165
ENSG00000130638	ATXN10	S2_mrna_detected_only	0.662069	29	9.15685e-05	0.902343
ENSG00000130640	TUBGCP2	S2_mrna_detected_only	0.326395	29	0.0839774	0.49979
ENSG00000130643	CALY	S2_mrna_detected_only		3		
ENSG00000130649	CYP2E1	S2_mrna_detected_only	0.229412	16	0.39272	0.357796
ENSG00000130669	PAK4	S2_mrna_detected_only	0.658128	29	0.000104245	0.898823
ENSG00000130675	MNX1	S2_mrna_detected_only	0.632456	4	0.367544	0.87634
ENSG00000130699	TAF4	S2_mrna_detected_only	0.135531	27	0.500288	0.237918
ENSG00000130701	RBBP8NL	S2_mrna_detected_only	-0.7	5	0.18812	0
ENSG00000130702	LAMA5	S2_mrna_detected_only	0.010942	26	0.957691	0.115728
ENSG00000130703	OSBPL2	S2_mrna_detected_only	0.118719	29	0.539628	0.217325
ENSG00000130706	ADRM1	S2_mrna_detected_only	0.173892	29	0.36698	0.282045
ENSG00000130707	ASS1	S2_mrna_detected_only	0.86601	29	1.2962e-09	0.993696
ENSG00000130713	EXOSC2	S2_mrna_detected_only	0.00369549	29	0.984821	0.11037
ENSG00000130714	POMT1	S2_mrna_detected_only	0.252131	29	0.18701	0.389105
ENSG00000130717	UCK1	S2_mrna_detected_only	0.34335	29	0.06822	0.5249
ENSG00000130723	PRRC2B	S2_mrna_detected_only	-0.100493	29	0.603983	0.053215
ENSG00000130724	CHMP2A	S2_mrna_detected_only	0.157635	29	0.414113	0.263028
ENSG00000130725	UBE2M	S2_mrna_detected_only	0.0714286	29	0.71272	0.167682
ENSG00000130726	TRIM28	S2_mrna_detected_only	0.492611	29	0.00663135	0.732717
ENSG00000130731	C16orf13	S2_mrna_detected_only	0.27734	29	0.145233	0.42698
ENSG00000130733	YIPF2	S2_mrna_detected_only	0.532395	29	0.00294923	0.779418
ENSG00000130741	EIF2S3	S2_mrna_detected_only	0.0472906	29	0.807539	0.1442
ENSG00000130749	ZC3H4	S2_mrna_detected_only	0.326888	29	0.0834834	0.500578
ENSG00000130755	GMFG	S2_mrna_detected_only	0.595074	29	0.000661664	0.842404
ENSG00000130758	MAP3K10	S2_mrna_detected_only	0.3845	21	0.0852531	0.584209
ENSG00000130764	LRRC47	S2_mrna_detected_only	0.388471	29	0.037292	0.589987
ENSG00000130766	SESN2	S2_mrna_detected_only	0.302035	29	0.111293	0.46328
ENSG00000130768	SMPDL3B	S2_mrna_detected_only	0.47549	17	0.0537227	0.70976
ENSG00000130770	ATPIF1	S2_mrna_detected_only	0.337285	29	0.0735685	0.51576
ENSG00000130772	MED18	S2_mrna_detected_only	0.0944817	28	0.632487	0.190744
ENSG00000130779	CLIP1	S2_mrna_detected_only	0.649261	29	0.000138625	0.891679
ENSG00000130787	HIP1R	S2_mrna_detected_only	0.664039	29	8.57602e-05	0.903866
ENSG00000130811	EIF3G	S2_mrna_detected_only	0.0763547	29	0.693824	0.171622
ENSG00000130812	ANGPTL6	S2_mrna_detected_only	0.428571	6	0.396501	0.648771
ENSG00000130813	C19orf66	S2_mrna_detected_only	0.343186	28	0.0737887	0.524532
ENSG00000130816	DNMT1	S2_mrna_detected_only	0.712096	28	2.13697e-05	0.937644
ENSG00000130818	ZNF426	S2_mrna_detected_only	0.203262	25	0.329806	0.316821
ENSG00000130821	SLC6A8	S2_mrna_detected_only	0.157353	28	0.423901	0.262608
ENSG00000130826	DKC1	S2_mrna_detected_only	0.150018	29	0.437307	0.253467
ENSG00000130827	PLXNA3	S2_mrna_detected_only	-0.188258	25	0.367485	0.0250578
ENSG00000130829	DUSP9	S2_mrna_detected_only		2		
ENSG00000130830	MPP1	S2_mrna_detected_only	0.657143	29	0.000107648	0.898088
ENSG00000130844	ZNF331	S2_mrna_detected_only	0.124015	28	0.529518	0.224049
ENSG00000130876	SLC7A10	S2_mrna_detected_only		1		
ENSG00000130921	C12orf65	S2_mrna_detected_only	-0.222086	28	0.256021	0.0186489
ENSG00000130935	NOL11	S2_mrna_detected_only	0.278606	29	0.143331	0.429449
ENSG00000130939	UBE4B	S2_mrna_detected_only	0.303732	29	0.109199	0.465907
ENSG00000130948	HSD17B3	S2_mrna_detected_only	0.664211	6	0.1502	0.903971
ENSG00000130956	HABP4	S2_mrna_detected_only	0.623645	29	0.000300873	0.868355
ENSG00000130957	FBP2	S2_mrna_detected_only		3		
ENSG00000130958	SLC35D2	S2_mrna_detected_only	0.661865	29	9.21886e-05	0.902133
ENSG00000130985	UBA1	S2_mrna_detected_only	0.633822	29	0.000222982	0.877233
ENSG00000130988	RGN	S2_mrna_detected_only	0.735385	25	2.81333e-05	0.950515
ENSG00000131013	PPIL4	S2_mrna_detected_only	0.0406454	29	0.834183	0.138422
ENSG00000131016	AKAP12	S2_mrna_detected_only	0.571921	29	0.00118965	0.819185
ENSG00000131018	SYNE1	S2_mrna_detected_only	-0.0153846	26	0.940539	0.0989178
ENSG00000131023	LATS1	S2_mrna_detected_only	0.0910213	29	0.638655	0.187697
ENSG00000131037	EPS8L1	S2_mrna_detected_only	0.727273	11	0.011205	0.94626
ENSG00000131043	AAR2	S2_mrna_detected_only	-0.105419	29	0.586272	0.0515339
ENSG00000131050	BPIFA2	S2_mrna_detected_only		1		
ENSG00000131051	RBM39	S2_mrna_detected_only	0.209852	29	0.274569	0.326487
ENSG00000131067	GGT7	S2_mrna_detected_only	0.135731	29	0.482653	0.238023
ENSG00000131069	ACSS2	S2_mrna_detected_only	0.76601	29	1.27811e-06	0.965486
ENSG00000131089	ARHGEF9	S2_mrna_detected_only	0.373218	28	0.0504436	0.570025
ENSG00000131094	C1QL1	S2_mrna_detected_only		1		
ENSG00000131095	GFAP	S2_mrna_detected_only		1		
ENSG00000131096	PYY	S2_mrna_detected_only	1	4	0	1
ENSG00000131100	ATP6V1E1	S2_mrna_detected_only	0.13202	29	0.494814	0.233347
ENSG00000131116	ZNF428	S2_mrna_detected_only	0.392118	29	0.0353937	0.594242
ENSG00000131126	TEX101	S2_mrna_detected_only		1		
ENSG00000131142	CCL25	S2_mrna_detected_only		2		
ENSG00000131143	COX4I1	S2_mrna_detected_only	0.629064	29	0.000256844	0.874238
ENSG00000131148	EMC8	S2_mrna_detected_only	0.07193	29	0.710788	0.167945
ENSG00000131149	GSE1	S2_mrna_detected_only	0.551503	29	0.00192799	0.799905
ENSG00000131165	CHMP1A	S2_mrna_detected_only	-0.0334975	29	0.863042	0.0882013
ENSG00000131171	SH3BGRL	S2_mrna_detected_only	0.705419	29	1.92187e-05	0.933705
ENSG00000131183	SLC34A1	S2_mrna_detected_only		1		
ENSG00000131187	F12	S2_mrna_detected_only		1		
ENSG00000131196	NFATC1	S2_mrna_detected_only	0.534314	17	0.0271398	0.781204
ENSG00000131203	IDO1	S2_mrna_detected_only	0.603628	15	0.0171869	0.849601
ENSG00000131236	CAP1	S2_mrna_detected_only	0.637438	29	0.000199947	0.880752
ENSG00000131238	PPT1	S2_mrna_detected_only	0.0118227	29	0.951464	0.116148
ENSG00000131242	RAB11FIP4	S2_mrna_detected_only	0.136849	24	0.523706	0.238758
ENSG00000131263	RLIM	S2_mrna_detected_only	0.238603	29	0.212583	0.370614
ENSG00000131269	ABCB7	S2_mrna_detected_only	0.37734	29	0.0435966	0.574911
ENSG00000131323	TRAF3	S2_mrna_detected_only	0.101379	27	0.614857	0.198098
ENSG00000131351	HAUS8	S2_mrna_detected_only	0.300231	25	0.144788	0.459708
ENSG00000131355	ADGRE3	S2_mrna_detected_only	0.8	5	0.104088	0.979513
ENSG00000131368	MRPS25	S2_mrna_detected_only	0.338424	29	0.0725405	0.517756
ENSG00000131370	SH3BP5	S2_mrna_detected_only	0.432073	29	0.0192496	0.652606
ENSG00000131373	HACL1	S2_mrna_detected_only	0.508374	29	0.00486549	0.752889
ENSG00000131374	TBC1D5	S2_mrna_detected_only	0.170443	29	0.376705	0.278052
ENSG00000131375	CAPN7	S2_mrna_detected_only	-0.00394089	29	0.983813	0.104696
ENSG00000131378	RFTN1	S2_mrna_detected_only	0.887685	29	1.36774e-10	0.996165
ENSG00000131381	RBSN	S2_mrna_detected_only	0.319704	29	0.0909077	0.491332
ENSG00000131400	NAPSA	S2_mrna_detected_only	0.782624	5	0.117614	0.973104
ENSG00000131408	NR1H2	S2_mrna_detected_only	-0.102956	29	0.595099	0.0523744
ENSG00000131409	LRRC4B	S2_mrna_detected_only	0.719672	9	0.0288192	0.941269
ENSG00000131435	PDLIM4	S2_mrna_detected_only	0.746325	26	1.19884e-05	0.956346
ENSG00000131446	MGAT1	S2_mrna_detected_only	0.497044	29	0.00608708	0.738285
ENSG00000131459	GFPT2	S2_mrna_detected_only	0.411756	27	0.0328426	0.626655
ENSG00000131462	TUBG1	S2_mrna_detected_only	0.244335	29	0.201471	0.37676
ENSG00000131467	PSME3	S2_mrna_detected_only	0.281773	29	0.138648	0.43402
ENSG00000131469	RPL27	S2_mrna_detected_only	0.0423645	29	0.827271	0.139683
ENSG00000131471	AOC3	S2_mrna_detected_only	0.580733	28	0.00119458	0.828115
ENSG00000131473	ACLY	S2_mrna_detected_only	0.151724	29	0.432053	0.255673
ENSG00000131475	VPS25	S2_mrna_detected_only	0.307389	29	0.104787	0.471685
ENSG00000131477	RAMP2	S2_mrna_detected_only	0.141311	29	0.464663	0.242751
ENSG00000131482	G6PC	S2_mrna_detected_only	0.8	5	0.104088	0.979513
ENSG00000131495	NDUFA2	S2_mrna_detected_only	0.157635	29	0.414113	0.263028
ENSG00000131503	ANKHD1	S2_mrna_detected_only	0.274996	29	0.148804	0.423251
ENSG00000131504	DIAPH1	S2_mrna_detected_only	0.627094	29	0.000272147	0.872137
ENSG00000131507	NDFIP1	S2_mrna_detected_only	-0.0381414	29	0.84427	0.0847342
ENSG00000131508	UBE2D2	S2_mrna_detected_only	0.175862	29	0.361491	0.284619
ENSG00000131558	EXOC4	S2_mrna_detected_only	0.136946	29	0.478706	0.239073
ENSG00000131584	ACAP3	S2_mrna_detected_only	0.268356	21	0.239519	0.414005
ENSG00000131626	PPFIA1	S2_mrna_detected_only	0.481281	29	0.00821271	0.718271
ENSG00000131634	TMEM204	S2_mrna_detected_only	-0.0976227	29	0.614405	0.0543707
ENSG00000131652	THOC6	S2_mrna_detected_only	0.462562	29	0.0115188	0.693738
ENSG00000131653	TRAF7	S2_mrna_detected_only	0.204433	29	0.287434	0.318922
ENSG00000131668	BARX1	S2_mrna_detected_only		2		
ENSG00000131669	NINJ1	S2_mrna_detected_only	0.46344	29	0.011342	0.695157
ENSG00000131686	CA6	S2_mrna_detected_only	1	4	0	1
ENSG00000131725	WDR44	S2_mrna_detected_only	0.608374	29	0.000462768	0.854013
ENSG00000131730	CKMT2	S2_mrna_detected_only	0.319298	19	0.182696	0.491122
ENSG00000131748	STARD3	S2_mrna_detected_only	0.222167	29	0.24673	0.346711
ENSG00000131759	RARA	S2_mrna_detected_only	0.330538	29	0.0798928	0.505411
ENSG00000131773	KHDRBS3	S2_mrna_detected_only	0.59022	29	0.000750988	0.837413
ENSG00000131778	CHD1L	S2_mrna_detected_only	0.482759	29	0.00798995	0.72053
ENSG00000131779	PEX11B	S2_mrna_detected_only	-0.0743842	29	0.701361	0.0649821
ENSG00000131788	PIAS3	S2_mrna_detected_only	0.0210259	29	0.91379	0.124343
ENSG00000131791	PRKAB2	S2_mrna_detected_only	0.72069	29	1.0368e-05	0.942372
ENSG00000131828	PDHA1	S2_mrna_detected_only	0.577657	29	0.00103287	0.824175
ENSG00000131831	RAI2	S2_mrna_detected_only	0.355464	28	0.0634054	0.543234
ENSG00000131844	MCCC2	S2_mrna_detected_only	0.665517	29	8.16215e-05	0.905232
ENSG00000131871	VIMP	S2_mrna_detected_only	0.306897	29	0.105373	0.471212
ENSG00000131873	CHSY1	S2_mrna_detected_only	0.466734	29	0.010699	0.699989
ENSG00000131876	SNRPA1	S2_mrna_detected_only	0.2	5	0.74706	0.313354
ENSG00000131899	LLGL1	S2_mrna_detected_only	0.230085	26	0.258154	0.359057
ENSG00000131914	LIN28A	S2_mrna_detected_only		1		
ENSG00000131941	RHPN2	S2_mrna_detected_only	0.836798	25	1.86048e-07	0.988916
ENSG00000131943	C19orf12	S2_mrna_detected_only	0.00615839	29	0.974707	0.112891
ENSG00000131966	ACTR10	S2_mrna_detected_only	0.315764	29	0.0951881	0.485133
ENSG00000131979	GCH1	S2_mrna_detected_only	0.664466	14	0.0095371	0.904287
ENSG00000131981	LGALS3	S2_mrna_detected_only	0.759606	29	1.76535e-06	0.962124
ENSG00000132000	PODNL1	S2_mrna_detected_only		3		
ENSG00000132002	DNAJB1	S2_mrna_detected_only	0.370443	29	0.04791	0.566138
ENSG00000132005	RFX1	S2_mrna_detected_only	0.13913	24	0.516742	0.24128
ENSG00000132016	C19orf57	S2_mrna_detected_only	0.133631	7	0.775162	0.235764
ENSG00000132017	DCAF15	S2_mrna_detected_only	0.345517	29	0.0663839	0.52842
ENSG00000132024	CC2D1A	S2_mrna_detected_only	0.644828	29	0.000159322	0.887897
ENSG00000132026	RTBDN	S2_mrna_detected_only		2		
ENSG00000132109	TRIM21	S2_mrna_detected_only	0.485495	28	0.00882066	0.723944
ENSG00000132128	LRRC41	S2_mrna_detected_only	-0.130558	29	0.499645	0.0428661
ENSG00000132141	CCT6B	S2_mrna_detected_only	0.46059	11	0.153961	0.690639
ENSG00000132153	DHX30	S2_mrna_detected_only	0.338916	29	0.0720991	0.518439
ENSG00000132155	RAF1	S2_mrna_detected_only	0.224166	29	0.242396	0.350336
ENSG00000132164	SLC6A11	S2_mrna_detected_only		3		
ENSG00000132185	FCRLA	S2_mrna_detected_only	0.926562	7	0.00269748	0.999159
ENSG00000132196	HSD17B7	S2_mrna_detected_only	0.226875	29	0.2366	0.354644
ENSG00000132199	ENOSF1	S2_mrna_detected_only	0.669458	29	7.14403e-05	0.909487
ENSG00000132207	SLX1A	S2_mrna_detected_only	0.0640917	26	0.755761	0.161221
ENSG00000132254	ARFIP2	S2_mrna_detected_only	0.714286	29	1.34946e-05	0.938748
ENSG00000132256	TRIM5	S2_mrna_detected_only	0.266995	29	0.161473	0.411536
ENSG00000132274	TRIM22	S2_mrna_detected_only	0.739409	29	4.59777e-06	0.953089
ENSG00000132275	RRP8	S2_mrna_detected_only	-0.0256158	29	0.895064	0.0934545
ENSG00000132286	TIMM10B	S2_mrna_detected_only	0.340478	29	0.0707138	0.52075
ENSG00000132294	EFR3A	S2_mrna_detected_only	-0.0305419	29	0.875028	0.0906178
ENSG00000132300	PTCD3	S2_mrna_detected_only	0.324631	29	0.0857645	0.497426
ENSG00000132305	IMMT	S2_mrna_detected_only	0.528079	29	0.00323547	0.775426
ENSG00000132313	MRPL35	S2_mrna_detected_only	0.00147966	29	0.993922	0.108584
ENSG00000132321	IQCA1	S2_mrna_detected_only	0.114153	8	0.787815	0.212755
ENSG00000132323	ILKAP	S2_mrna_detected_only	0.33399	29	0.0766068	0.511137
ENSG00000132326	PER2	S2_mrna_detected_only	-0.314542	29	0.0965451	0.00667157
ENSG00000132329	RAMP1	S2_mrna_detected_only	0.0841435	25	0.689238	0.179712
ENSG00000132334	PTPRE	S2_mrna_detected_only	0.476923	26	0.0137599	0.712072
ENSG00000132341	RAN	S2_mrna_detected_only	0.212808	29	0.26771	0.332265
ENSG00000132356	PRKAA1	S2_mrna_detected_only	0.311823	29	0.0996189	0.477884
ENSG00000132357	CARD6	S2_mrna_detected_only	0.502398	26	0.00890874	0.744747
ENSG00000132359	RAP1GAP2	S2_mrna_detected_only	0.632672	27	0.000398363	0.876392
ENSG00000132361	CLUH	S2_mrna_detected_only	0.405419	29	0.0291185	0.617199
ENSG00000132376	INPP5K	S2_mrna_detected_only	0.0748768	29	0.699474	0.170677
ENSG00000132382	MYBBP1A	S2_mrna_detected_only	-0.0435199	28	0.825957	0.0808468
ENSG00000132383	RPA1	S2_mrna_detected_only	0.463547	29	0.0113207	0.695419
ENSG00000132386	SERPINF1	S2_mrna_detected_only	0.499507	29	0.00580145	0.740807
ENSG00000132388	UBE2G1	S2_mrna_detected_only	0.140887	29	0.466018	0.24254
ENSG00000132394	EEFSEC	S2_mrna_detected_only	0.358621	29	0.0560847	0.547962
ENSG00000132405	TBC1D14	S2_mrna_detected_only	0.442665	29	0.0161858	0.665686
ENSG00000132406	TMEM128	S2_mrna_detected_only	0.498767	29	0.00588609	0.740071
ENSG00000132423	COQ3	S2_mrna_detected_only	0.536339	29	0.00270695	0.784356
ENSG00000132424	PNISR	S2_mrna_detected_only	0.159726	29	0.407869	0.265917
ENSG00000132432	SEC61G	S2_mrna_detected_only	-0.15468	29	0.42303	0.0348287
ENSG00000132434	LANCL2	S2_mrna_detected_only	0.328366	29	0.082015	0.502364
ENSG00000132436	FIGNL1	S2_mrna_detected_only	0.307956	25	0.134232	0.472421
ENSG00000132437	DDC	S2_mrna_detected_only	0.918182	11	6.66145e-05	0.998319
ENSG00000132463	GRSF1	S2_mrna_detected_only	0.638424	29	0.000194049	0.881698
ENSG00000132466	ANKRD17	S2_mrna_detected_only	0.0940887	29	0.62734	0.190166
ENSG00000132467	UTP3	S2_mrna_detected_only	0.200985	29	0.295817	0.314667
ENSG00000132470	ITGB4	S2_mrna_detected_only	0.64087	24	0.000740475	0.883852
ENSG00000132471	WBP2	S2_mrna_detected_only	0.288952	29	0.128449	0.444999
ENSG00000132475	H3F3B	S2_mrna_detected_only	-0.161576	29	0.402388	0.0324123
ENSG00000132478	UNK	S2_mrna_detected_only	0.543909	29	0.00228962	0.791395
ENSG00000132481	TRIM47	S2_mrna_detected_only	0.388471	29	0.037292	0.589987
ENSG00000132485	ZRANB2	S2_mrna_detected_only	0.335961	29	0.0747784	0.513291
ENSG00000132507	EIF5A	S2_mrna_detected_only	-0.230542	29	0.228904	0.0170729
ENSG00000132510	KDM6B	S2_mrna_detected_only	-0.0520025	29	0.788773	0.0744379
ENSG00000132522	GPS2	S2_mrna_detected_only	-0.0415402	29	0.830584	0.0829481
ENSG00000132530	XAF1	S2_mrna_detected_only	0.294317	28	0.128442	0.451723
ENSG00000132541	HRSP12	S2_mrna_detected_only	0.627094	29	0.000272147	0.872137
ENSG00000132549	VPS13B	S2_mrna_detected_only	-0.401099	27	0.0381231	0.00215381
ENSG00000132554	RGS22	S2_mrna_detected_only	0.6	5	0.284757	0.846817
ENSG00000132561	MATN2	S2_mrna_detected_only	0.703448	29	2.07539e-05	0.932654
ENSG00000132570	PCBD2	S2_mrna_detected_only	0.449261	29	0.0144907	0.675982
ENSG00000132581	SDF2	S2_mrna_detected_only	0.351767	29	0.0613018	0.538033
ENSG00000132589	FLOT2	S2_mrna_detected_only	0.389163	29	0.0369262	0.590775
ENSG00000132591	ERAL1	S2_mrna_detected_only	0.14476	29	0.453722	0.245903
ENSG00000132600	PRMT7	S2_mrna_detected_only	0.413793	29	0.0256536	0.629597
ENSG00000132603	NIP7	S2_mrna_detected_only	-0.00541939	29	0.977741	0.103856
ENSG00000132604	TERF2	S2_mrna_detected_only	0.197537	29	0.304353	0.309204
ENSG00000132612	VPS4A	S2_mrna_detected_only	0.368765	29	0.0490095	0.564247
ENSG00000132613	MTSS1L	S2_mrna_detected_only	0.325163	29	0.0852219	0.498424
ENSG00000132622	HSPA12B	S2_mrna_detected_only	0.412281	19	0.0794167	0.6276
ENSG00000132639	SNAP25	S2_mrna_detected_only	0.535294	16	0.0326159	0.782465
ENSG00000132640	BTBD3	S2_mrna_detected_only	0.316228	29	0.0946761	0.485974
ENSG00000132646	PCNA	S2_mrna_detected_only	0.859606	29	2.33981e-09	0.992803
ENSG00000132661	NXT1	S2_mrna_detected_only	0.351652	29	0.0613925	0.53756
ENSG00000132664	POLR3F	S2_mrna_detected_only	0.397733	29	0.0326237	0.603015
ENSG00000132669	RIN2	S2_mrna_detected_only	0.0250305	27	0.901373	0.12655
ENSG00000132670	PTPRA	S2_mrna_detected_only	0.451724	29	0.0138968	0.679239
ENSG00000132676	DAP3	S2_mrna_detected_only	0.21133	29	0.271125	0.329113
ENSG00000132680	KIAA0907	S2_mrna_detected_only	0.168681	29	0.381732	0.276056
ENSG00000132692	BCAN	S2_mrna_detected_only	0.8	4	0.2	0.979513
ENSG00000132693	CRP	S2_mrna_detected_only		2		
ENSG00000132694	ARHGEF11	S2_mrna_detected_only	0.647783	29	0.000145242	0.890261
ENSG00000132702	HAPLN2	S2_mrna_detected_only		1		
ENSG00000132703	APCS	S2_mrna_detected_only		3		
ENSG00000132704	FCRL2	S2_mrna_detected_only	0.730297	9	0.0254636	0.947678
ENSG00000132718	SYT11	S2_mrna_detected_only	0.132454	26	0.518914	0.234661
ENSG00000132740	IGHMBP2	S2_mrna_detected_only	0.384784	28	0.043191	0.584734
ENSG00000132744	ACY3	S2_mrna_detected_only	0.659341	13	0.0142256	0.899454
ENSG00000132749	MTL5	S2_mrna_detected_only	0.894427	5	0.0405193	0.996743
ENSG00000132768	DPH2	S2_mrna_detected_only	-0.0332553	29	0.864023	0.0886216
ENSG00000132773	TOE1	S2_mrna_detected_only	0.579444	28	0.00123239	0.825961
ENSG00000132780	NASP	S2_mrna_detected_only	0.637931	29	0.000196979	0.881067
ENSG00000132781	MUTYH	S2_mrna_detected_only	-0.15996	24	0.455284	0.0329376
ENSG00000132792	CTNNBL1	S2_mrna_detected_only	0.0854785	29	0.659303	0.181551
ENSG00000132801	ZSWIM3	S2_mrna_detected_only	0.197293	24	0.355453	0.308836
ENSG00000132819	RBM38	S2_mrna_detected_only	0.52547	26	0.00583824	0.773114
ENSG00000132825	PPP1R3D	S2_mrna_detected_only	0.424298	27	0.027398	0.643255
ENSG00000132837	DMGDH	S2_mrna_detected_only	0.50303	10	0.138334	0.745482
ENSG00000132840	BHMT2	S2_mrna_detected_only	0.506494	21	0.019129	0.75063
ENSG00000132842	AP3B1	S2_mrna_detected_only	0.221182	29	0.248886	0.344873
ENSG00000132849	INADL	S2_mrna_detected_only	0.571429	28	0.00149165	0.81887
ENSG00000132854	KANK4	S2_mrna_detected_only	0.75	7	0.0521814	0.958184
ENSG00000132855	ANGPTL3	S2_mrna_detected_only		2		
ENSG00000132872	SYT4	S2_mrna_detected_only	0.540899	6	0.267778	0.788821
ENSG00000132874	SLC14A2	S2_mrna_detected_only		3		
ENSG00000132879	FBXO44	S2_mrna_detected_only	0.307103	28	0.111917	0.471475
ENSG00000132881	RSG1	S2_mrna_detected_only	0.116625	23	0.596154	0.215014
ENSG00000132906	CASP9	S2_mrna_detected_only	-0.08582	29	0.658023	0.0593087
ENSG00000132912	DCTN4	S2_mrna_detected_only	0.383251	29	0.0401507	0.582528
ENSG00000132932	ATP8A2	S2_mrna_detected_only		3		
ENSG00000132938	MTUS2	S2_mrna_detected_only	-0.4	4	0.6	0.00220635
ENSG00000132953	XPO4	S2_mrna_detected_only	0.182266	28	0.353253	0.291343
ENSG00000132963	POMP	S2_mrna_detected_only	0.266995	29	0.161473	0.411536
ENSG00000132964	CDK8	S2_mrna_detected_only	0.298657	29	0.115549	0.457502
ENSG00000132965	ALOX5AP	S2_mrna_detected_only	0.487615	29	0.00729353	0.726676
ENSG00000132972	RNF17	S2_mrna_detected_only		2		
ENSG00000133026	MYH10	S2_mrna_detected_only	0.782266	29	5.36981e-07	0.972893
ENSG00000133028	SCO1	S2_mrna_detected_only	0.506404	29	0.00506151	0.750263
ENSG00000133030	MPRIP	S2_mrna_detected_only	0.026601	29	0.891052	0.1276
ENSG00000133056	PIK3C2B	S2_mrna_detected_only	0.2421	27	0.223732	0.373976
ENSG00000133059	DSTYK	S2_mrna_detected_only	0.141683	28	0.472032	0.243171
ENSG00000133063	CHIT1	S2_mrna_detected_only		3		
ENSG00000133101	CCNA1	S2_mrna_detected_only	0.707107	5	0.18169	0.93507
ENSG00000133103	COG6	S2_mrna_detected_only	0.296625	29	0.118167	0.454665
ENSG00000133104	SPG20	S2_mrna_detected_only	0.691626	29	3.25034e-05	0.923671
ENSG00000133106	EPSTI1	S2_mrna_detected_only	0.592637	26	0.00142158	0.839935
ENSG00000133110	POSTN	S2_mrna_detected_only	0.575652	24	0.00324644	0.822704
ENSG00000133111	RFXAP	S2_mrna_detected_only	0.477065	27	0.0118645	0.712387
ENSG00000133112	TPT1	S2_mrna_detected_only	-0.062069	29	0.749076	0.0701303
ENSG00000133114	GPALPP1	S2_mrna_detected_only	0.319967	28	0.0969386	0.491858
ENSG00000133115	STOML3	S2_mrna_detected_only		3		
ENSG00000133116	KL	S2_mrna_detected_only	0.115129	16	0.671144	0.213648
ENSG00000133119	RFC3	S2_mrna_detected_only	0.474001	28	0.0108296	0.708762
ENSG00000133121	STARD13	S2_mrna_detected_only	0.671593	28	9.11932e-05	0.91059
ENSG00000133124	IRS4	S2_mrna_detected_only		1		
ENSG00000133142	TCEAL4	S2_mrna_detected_only	0.62266	29	0.000309556	0.867777
ENSG00000133193	FAM104A	S2_mrna_detected_only	0.193325	29	0.314988	0.304213
ENSG00000133195	SLC39A11	S2_mrna_detected_only	0.563054	29	0.00147275	0.81099
ENSG00000133216	EPHB2	S2_mrna_detected_only	0.359534	20	0.119483	0.549223
ENSG00000133226	SRRM1	S2_mrna_detected_only	0.440202	29	0.0168595	0.663217
ENSG00000133243	BTBD2	S2_mrna_detected_only	0.345609	29	0.0663064	0.528525
ENSG00000133246	PRAM1	S2_mrna_detected_only	0.8	5	0.104088	0.979513
ENSG00000133247	SUV420H2	S2_mrna_detected_only	-0.151411	14	0.605362	0.0354591
ENSG00000133250	ZNF414	S2_mrna_detected_only	-0.0898519	24	0.676291	0.0574175
ENSG00000133265	HSPBP1	S2_mrna_detected_only	0.144828	29	0.453508	0.24627
ENSG00000133275	CSNK1G2	S2_mrna_detected_only	0.267959	29	0.159907	0.413375
ENSG00000133313	CNDP2	S2_mrna_detected_only	0.782759	29	5.22461e-07	0.973156
ENSG00000133316	WDR74	S2_mrna_detected_only	0.316749	29	0.094104	0.486972
ENSG00000133317	LGALS12	S2_mrna_detected_only	0.632456	4	0.367544	0.87634
ENSG00000133318	RTN3	S2_mrna_detected_only	0.395074	29	0.0339129	0.59813
ENSG00000133321	RARRES3	S2_mrna_detected_only	-0.239869	29	0.210094	0.0152868
ENSG00000133393	FOPNL	S2_mrna_detected_only	0.0423159	29	0.827467	0.139578
ENSG00000133398	MED10	S2_mrna_detected_only	0.427586	29	0.0206841	0.647615
ENSG00000133401	PDZD2	S2_mrna_detected_only	0.693157	16	0.00290868	0.925142
ENSG00000133422	MORC2	S2_mrna_detected_only	0.362666	28	0.0578671	0.555106
ENSG00000133424	LARGE	S2_mrna_detected_only	-0.0813412	29	0.674877	0.0618302
ENSG00000133433	GSTT2B	S2_mrna_detected_only	0.861039	21	5.43285e-07	0.992908
ENSG00000133454	MYO18B	S2_mrna_detected_only		2		
ENSG00000133460	SLC2A11	S2_mrna_detected_only	-0.285121	27	0.149429	0.0100336
ENSG00000133477	FAM83F	S2_mrna_detected_only	0.241458	11	0.474435	0.37324
ENSG00000133488	SEC14L4	S2_mrna_detected_only		3		
ENSG00000133561	GIMAP6	S2_mrna_detected_only	0.378447	29	0.042934	0.576749
ENSG00000133574	GIMAP4	S2_mrna_detected_only	0.801314	28	2.99946e-07	0.97988
ENSG00000133597	ADCK2	S2_mrna_detected_only	0.0632318	29	0.744529	0.160906
ENSG00000133606	MKRN1	S2_mrna_detected_only	-0.0892726	29	0.645141	0.0577327
ENSG00000133612	AGAP3	S2_mrna_detected_only	0.486207	29	0.00748995	0.72489
ENSG00000133627	ACTR3B	S2_mrna_detected_only	0.42552	28	0.0239761	0.645041
ENSG00000133636	NTS	S2_mrna_detected_only	0.45781	13	0.115691	0.687277
ENSG00000133639	BTG1	S2_mrna_detected_only	0.371205	29	0.047418	0.567188
ENSG00000133640	LRRIQ1	S2_mrna_detected_only	0.6	5	0.284757	0.846817
ENSG00000133641	C12orf29	S2_mrna_detected_only	0.17931	29	0.352001	0.287771
ENSG00000133657	ATP13A3	S2_mrna_detected_only	0.182759	29	0.342662	0.291973
ENSG00000133661	SFTPD	S2_mrna_detected_only	0.414758	8	0.306912	0.630279
ENSG00000133665	DYDC2	S2_mrna_detected_only		3		
ENSG00000133678	TMEM254	S2_mrna_detected_only	0.045967	29	0.81283	0.142625
ENSG00000133703	KRAS	S2_mrna_detected_only	0.458621	29	0.0123407	0.68838
ENSG00000133704	IPO8	S2_mrna_detected_only	0.451232	29	0.014014	0.678241
ENSG00000133706	LARS	S2_mrna_detected_only	0.21133	29	0.271125	0.329113
ENSG00000133710	SPINK5	S2_mrna_detected_only	0.540562	7	0.210289	0.788401
ENSG00000133731	IMPA1	S2_mrna_detected_only	0.652709	29	0.000124214	0.893885
ENSG00000133739	LRRCC1	S2_mrna_detected_only	-0.0827864	28	0.675353	0.0610948
ENSG00000133740	E2F5	S2_mrna_detected_only	0.188395	23	0.389309	0.29875
ENSG00000133742	CA1	S2_mrna_detected_only	0.270281	7	0.557731	0.417209
ENSG00000133773	CCDC59	S2_mrna_detected_only	-0.0799047	29	0.680316	0.0624606
ENSG00000133789	SWAP70	S2_mrna_detected_only	0.723153	29	9.35059e-06	0.943686
ENSG00000133794	ARNTL	S2_mrna_detected_only	0.393959	25	0.0513457	0.596606
ENSG00000133805	AMPD3	S2_mrna_detected_only	0.532308	25	0.00616038	0.779208
ENSG00000133812	SBF2	S2_mrna_detected_only	-0.185327	28	0.345087	0.0261084
ENSG00000133816	MICAL2	S2_mrna_detected_only	0.641489	28	0.000234262	0.884797
ENSG00000133818	RRAS2	S2_mrna_detected_only	0.260591	29	0.172151	0.401292
ENSG00000133835	HSD17B4	S2_mrna_detected_only	0.691133	29	3.31017e-05	0.923356
ENSG00000133858	ZFC3H1	S2_mrna_detected_only	0.0957986	28	0.62773	0.19232
ENSG00000133863	TEX15	S2_mrna_detected_only		3		
ENSG00000133872	SARAF	S2_mrna_detected_only	0.168473	29	0.382328	0.275478
ENSG00000133878	DUSP26	S2_mrna_detected_only	0.643596	9	0.0614394	0.886741
ENSG00000133884	DPF2	S2_mrna_detected_only	0.276847	29	0.145979	0.425877
ENSG00000133895	MEN1	S2_mrna_detected_only	0.0280788	29	0.885038	0.128441
ENSG00000133935	C14orf1	S2_mrna_detected_only	0.319862	29	0.0907397	0.491647
ENSG00000133943	C14orf159	S2_mrna_detected_only	0.458621	29	0.0123407	0.68838
ENSG00000133961	NUMB	S2_mrna_detected_only	0.314778	29	0.0962815	0.482875
ENSG00000133997	MED6	S2_mrna_detected_only	0.0574591	28	0.771493	0.154602
ENSG00000134001	EIF2S1	S2_mrna_detected_only	0.103448	29	0.593329	0.199989
ENSG00000134014	ELP3	S2_mrna_detected_only	0.198522	29	0.301899	0.310937
ENSG00000134020	PEBP4	S2_mrna_detected_only	0.377487	14	0.183315	0.575383
ENSG00000134030	CTIF	S2_mrna_detected_only	0.331034	29	0.0794135	0.506304
ENSG00000134046	MBD2	S2_mrna_detected_only	0.148276	29	0.44271	0.251471
ENSG00000134049	IER3IP1	S2_mrna_detected_only	-0.318019	29	0.0927196	0.00625131
ENSG00000134056	MRPS36	S2_mrna_detected_only	0.410888	29	0.0268153	0.625762
ENSG00000134058	CDK7	S2_mrna_detected_only	0.0613027	28	0.756648	0.157911
ENSG00000134061	CD180	S2_mrna_detected_only	0.371429	14	0.191021	0.567504
ENSG00000134070	IRAK2	S2_mrna_detected_only	0.0278847	23	0.899497	0.128336
ENSG00000134072	CAMK1	S2_mrna_detected_only	0.542494	28	0.00285931	0.789924
ENSG00000134077	THUMPD3	S2_mrna_detected_only	0.304717	29	0.107997	0.467167
ENSG00000134086	VHL	S2_mrna_detected_only	0.416298	29	0.0246853	0.632223
ENSG00000134107	BHLHE40	S2_mrna_detected_only	0.112639	29	0.560734	0.210916
ENSG00000134108	ARL8B	S2_mrna_detected_only	0.265517	29	0.163894	0.40912
ENSG00000134109	EDEM1	S2_mrna_detected_only	0.149449	29	0.43907	0.252942
ENSG00000134115	CNTN6	S2_mrna_detected_only		3		
ENSG00000134138	MEIS2	S2_mrna_detected_only	0.755337	28	3.38217e-06	0.960548
ENSG00000134146	DPH6	S2_mrna_detected_only	0.120951	29	0.531977	0.219636
ENSG00000134152	KATNBL1	S2_mrna_detected_only	0.339753	28	0.0769132	0.519594
ENSG00000134153	EMC7	S2_mrna_detected_only	0.0906404	29	0.640065	0.187277
ENSG00000134184	GSTM1	S2_mrna_detected_only	0.808547	26	5.80555e-07	0.981876
ENSG00000134186	PRPF38B	S2_mrna_detected_only	0.46798	29	0.0104639	0.702458
ENSG00000134193	REG4	S2_mrna_detected_only	0.672727	10	0.0330412	0.911168
ENSG00000134202	GSTM3	S2_mrna_detected_only	0.817734	29	6.10471e-08	0.984451
ENSG00000134207	SYT6	S2_mrna_detected_only		2		
ENSG00000134240	HMGCS2	S2_mrna_detected_only	0.810989	14	0.00043221	0.982717
ENSG00000134243	SORT1	S2_mrna_detected_only	0.665572	28	0.000111057	0.905442
ENSG00000134245	WNT2B	S2_mrna_detected_only	0.332143	15	0.226472	0.507827
ENSG00000134247	PTGFRN	S2_mrna_detected_only	0.736453	29	5.25104e-06	0.951408
ENSG00000134248	LAMTOR5	S2_mrna_detected_only	0.278325	29	0.143751	0.429029
ENSG00000134249	ADAM30	S2_mrna_detected_only		1		
ENSG00000134250	NOTCH2	S2_mrna_detected_only	0.371429	29	0.0472739	0.567399
ENSG00000134255	CEPT1	S2_mrna_detected_only	0.337115	29	0.073723	0.515392
ENSG00000134256	CD101	S2_mrna_detected_only	-0.428571	6	0.396501	0.00178609
ENSG00000134258	VTCN1	S2_mrna_detected_only	0.57735	8	0.133975	0.824123
ENSG00000134262	AP4B1	S2_mrna_detected_only	0.165344	28	0.40044	0.271643
ENSG00000134265	NAPG	S2_mrna_detected_only	0.629881	29	0.000250729	0.874816
ENSG00000134278	SPIRE1	S2_mrna_detected_only	0.448276	29	0.0147341	0.674511
ENSG00000134283	PPHLN1	S2_mrna_detected_only	0.323153	29	0.0872836	0.49564
ENSG00000134285	FKBP11	S2_mrna_detected_only	0.595567	29	0.000653141	0.842982
ENSG00000134287	ARF3	S2_mrna_detected_only	-0.165127	29	0.391986	0.0308363
ENSG00000134291	TMEM106C	S2_mrna_detected_only	0.153578	29	0.426381	0.257775
ENSG00000134294	SLC38A2	S2_mrna_detected_only	0.0763923	29	0.69368	0.171832
ENSG00000134308	YWHAQ	S2_mrna_detected_only	0.232512	29	0.224839	0.362366
ENSG00000134313	KIDINS220	S2_mrna_detected_only	0.212808	29	0.26771	0.332265
ENSG00000134317	GRHL1	S2_mrna_detected_only	0.29312	17	0.253532	0.450042
ENSG00000134318	ROCK2	S2_mrna_detected_only	0.535288	29	0.0027698	0.78236
ENSG00000134324	LPIN1	S2_mrna_detected_only	0.173892	29	0.36698	0.282045
ENSG00000134326	CMPK2	S2_mrna_detected_only	0.485714	6	0.328723	0.724522
ENSG00000134330	IAH1	S2_mrna_detected_only	0.453695	29	0.0134364	0.681918
ENSG00000134333	LDHA	S2_mrna_detected_only	0.449754	29	0.0143703	0.676665
ENSG00000134339	SAA2	S2_mrna_detected_only	0.555882	16	0.0253622	0.804738
ENSG00000134352	IL6ST	S2_mrna_detected_only	0.507882	29	0.00491388	0.751996
ENSG00000134365	CFHR4	S2_mrna_detected_only		1		
ENSG00000134371	CDC73	S2_mrna_detected_only	-0.262562	29	0.168814	0.013133
ENSG00000134375	TIMM17A	S2_mrna_detected_only	0.349058	29	0.0634662	0.532833
ENSG00000134389	CFHR5	S2_mrna_detected_only		1		
ENSG00000134398	ERN2	S2_mrna_detected_only	0.833333	8	0.0101755	0.988128
ENSG00000134419	RPS15A	S2_mrna_detected_only	0.456158	29	0.0128789	0.68507
ENSG00000134440	NARS	S2_mrna_detected_only	0.13202	29	0.494814	0.233347
ENSG00000134444	KIAA1468	S2_mrna_detected_only	0.0164204	28	0.933905	0.120876
ENSG00000134452	FBXO18	S2_mrna_detected_only	0.0512315	29	0.791836	0.148298
ENSG00000134453	RBM17	S2_mrna_detected_only	0.250739	29	0.189537	0.387004
ENSG00000134461	ANKRD16	S2_mrna_detected_only	0.0430013	19	0.861242	0.140313
ENSG00000134470	IL15RA	S2_mrna_detected_only	0.354256	21	0.115119	0.541133
ENSG00000134480	CCNH	S2_mrna_detected_only	-0.131527	29	0.496439	0.0424459
ENSG00000134508	CABLES1	S2_mrna_detected_only	0.592422	25	0.00180679	0.83941
ENSG00000134538	SLCO1B1	S2_mrna_detected_only		1		
ENSG00000134551	PRH2	S2_mrna_detected_only	0.707107	5	0.18169	0.93507
ENSG00000134571	MYBPC3	S2_mrna_detected_only		1		
ENSG00000134574	DDB2	S2_mrna_detected_only	0.304913	28	0.114629	0.467273
ENSG00000134575	ACP2	S2_mrna_detected_only	0.649261	29	0.000138625	0.891679
ENSG00000134590	FAM127A	S2_mrna_detected_only	0.104887	29	0.588174	0.201881
ENSG00000134595	SOX3	S2_mrna_detected_only		3		
ENSG00000134597	RBMX2	S2_mrna_detected_only	-0.011698	29	0.951975	0.100914
ENSG00000134602	STK26	S2_mrna_detected_only	0.826124	26	2.01385e-07	0.986814
ENSG00000134644	PUM1	S2_mrna_detected_only	0.326108	29	0.0842656	0.499265
ENSG00000134668	SPOCD1	S2_mrna_detected_only	0.6	4	0.4	0.846922
ENSG00000134684	YARS	S2_mrna_detected_only	0.776847	29	7.22667e-07	0.970004
ENSG00000134686	PHC2	S2_mrna_detected_only	-0.0413793	29	0.831231	0.0832633
ENSG00000134697	GNL2	S2_mrna_detected_only	0.173892	29	0.36698	0.282045
ENSG00000134698	AGO4	S2_mrna_detected_only	0.187505	29	0.330056	0.297542
ENSG00000134709	HOOK1	S2_mrna_detected_only	0.848008	26	4.51738e-08	0.991017
ENSG00000134716	CYP2J2	S2_mrna_detected_only	0.69042	17	0.00215507	0.922935
ENSG00000134717	BTF3L4	S2_mrna_detected_only	0.243842	29	0.20241	0.376182
ENSG00000134744	ZCCHC11	S2_mrna_detected_only	0.399015	28	0.0354322	0.605642
ENSG00000134748	PRPF38A	S2_mrna_detected_only	0.328612	29	0.0817722	0.503257
ENSG00000134757	DSG3	S2_mrna_detected_only	0.6	4	0.4	0.846922
ENSG00000134758	RNF138	S2_mrna_detected_only	0.225931	29	0.238608	0.353173
ENSG00000134759	ELP2	S2_mrna_detected_only	0.218992	29	0.253721	0.341091
ENSG00000134760	DSG1	S2_mrna_detected_only	0.8	4	0.2	0.979513
ENSG00000134762	DSC3	S2_mrna_detected_only	0.6	6	0.208	0.846817
ENSG00000134769	DTNA	S2_mrna_detected_only	0.376522	24	0.0697534	0.574018
ENSG00000134775	FHOD3	S2_mrna_detected_only	0.419093	18	0.0834253	0.636111
ENSG00000134779	TPGS2	S2_mrna_detected_only	0.0846112	29	0.662556	0.180448
ENSG00000134802	SLC43A3	S2_mrna_detected_only	0.373513	29	0.0459502	0.570445
ENSG00000134809	TIMM10	S2_mrna_detected_only	0.268785	29	0.158574	0.415056
ENSG00000134812	GIF	S2_mrna_detected_only		1		
ENSG00000134815	DHX34	S2_mrna_detected_only	-0.00122175	27	0.995174	0.106798
ENSG00000134824	FADS2	S2_mrna_detected_only	0.704433	29	1.99731e-05	0.932969
ENSG00000134827	TCN1	S2_mrna_detected_only	1	6	0	1
ENSG00000134851	TMEM165	S2_mrna_detected_only	0.226108	29	0.23823	0.353541
ENSG00000134852	CLOCK	S2_mrna_detected_only	0.263855	28	0.17487	0.406125
ENSG00000134853	PDGFRA	S2_mrna_detected_only	0.332239	28	0.0841059	0.508037
ENSG00000134871	COL4A2	S2_mrna_detected_only	0.555172	29	0.00177175	0.804108
ENSG00000134873	CLDN10	S2_mrna_detected_only	0.704833	13	0.00713609	0.933232
ENSG00000134874	DZIP1	S2_mrna_detected_only	0.17086	25	0.414162	0.278682
ENSG00000134882	UBAC2	S2_mrna_detected_only	0.199015	29	0.300676	0.311673
ENSG00000134884	ARGLU1	S2_mrna_detected_only	0.170443	29	0.376705	0.278052
ENSG00000134899	ERCC5	S2_mrna_detected_only	0.599015	29	0.000596125	0.846239
ENSG00000134900	TPP2	S2_mrna_detected_only	0.482266	29	0.00806363	0.719847
ENSG00000134901	KDELC1	S2_mrna_detected_only	0.533949	25	0.00597486	0.780994
ENSG00000134905	CARS2	S2_mrna_detected_only	-0.257143	29	0.178103	0.0138159
ENSG00000134909	ARHGAP32	S2_mrna_detected_only	0.165298	28	0.40057	0.271538
ENSG00000134910	STT3A	S2_mrna_detected_only	0.152709	29	0.429034	0.256829
ENSG00000134940	ACRV1	S2_mrna_detected_only		1		
ENSG00000134954	ETS1	S2_mrna_detected_only	0.325268	29	0.0851153	0.498687
ENSG00000134962	KLB	S2_mrna_detected_only	0.707107	5	0.18169	0.93507
ENSG00000134987	WDR36	S2_mrna_detected_only	0.199507	29	0.299457	0.312461
ENSG00000134996	OSTF1	S2_mrna_detected_only	0.676355	29	5.63138e-05	0.913585
ENSG00000135002	RFK	S2_mrna_detected_only	0.461084	29	0.0118215	0.691847
ENSG00000135018	UBQLN1	S2_mrna_detected_only	0.0817734	29	0.673244	0.177033
ENSG00000135040	NAA35	S2_mrna_detected_only	0.277833	29	0.144491	0.428084
ENSG00000135045	C9orf40	S2_mrna_detected_only	0.361425	26	0.0696524	0.553215
ENSG00000135046	ANXA1	S2_mrna_detected_only	0.883744	29	2.12673e-10	0.995745
ENSG00000135047	CTSL	S2_mrna_detected_only	0.599507	29	0.000588347	0.846449
ENSG00000135048	TMEM2	S2_mrna_detected_only	0.543514	28	0.00279717	0.790975
ENSG00000135049	AGTPBP1	S2_mrna_detected_only	0.316749	29	0.094104	0.486972
ENSG00000135052	GOLM1	S2_mrna_detected_only	0.76601	29	1.27811e-06	0.965486
ENSG00000135063	FAM189A2	S2_mrna_detected_only	0.424681	20	0.0619835	0.643675
ENSG00000135070	ISCA1	S2_mrna_detected_only	0.548428	29	0.00206799	0.796018
ENSG00000135077	HAVCR2	S2_mrna_detected_only	0.177294	24	0.407223	0.285617
ENSG00000135090	TAOK3	S2_mrna_detected_only	0.738022	29	4.89459e-06	0.952248
ENSG00000135093	USP30	S2_mrna_detected_only	0.537362	29	0.00264701	0.785407
ENSG00000135094	SDS	S2_mrna_detected_only	0.622378	12	0.0306759	0.867567
ENSG00000135100	HNF1A	S2_mrna_detected_only	0.6	6	0.208	0.846817
ENSG00000135108	FBXO21	S2_mrna_detected_only	0.467488	29	0.0105563	0.701776
ENSG00000135124	P2RX4	S2_mrna_detected_only	0.682759	29	4.48977e-05	0.918155
ENSG00000135148	TRAFD1	S2_mrna_detected_only	0.783348	29	5.05566e-07	0.973471
ENSG00000135185	TMEM243	S2_mrna_detected_only	0.158114	29	0.41268	0.263816
ENSG00000135205	CCDC146	S2_mrna_detected_only	0.198267	25	0.342083	0.310622
ENSG00000135226	UGT2B28	S2_mrna_detected_only		1		
ENSG00000135241	PNPLA8	S2_mrna_detected_only	0.326108	29	0.0842656	0.499265
ENSG00000135249	RINT1	S2_mrna_detected_only	0.236758	29	0.216247	0.367567
ENSG00000135250	SRPK2	S2_mrna_detected_only	0.168966	29	0.380917	0.276371
ENSG00000135253	KCP	S2_mrna_detected_only		2		
ENSG00000135269	TES	S2_mrna_detected_only	0.88451	28	4.26586e-10	0.995955
ENSG00000135272	MDFIC	S2_mrna_detected_only	0.653315	29	0.000121827	0.894358
ENSG00000135297	MTO1	S2_mrna_detected_only	0.562124	28	0.00185067	0.809676
ENSG00000135298	ADGRB3	S2_mrna_detected_only	0.370625	7	0.413116	0.566401
ENSG00000135312	HTR1B	S2_mrna_detected_only		4		
ENSG00000135315	CEP162	S2_mrna_detected_only	0.0380529	23	0.863139	0.136111
ENSG00000135316	SYNCRIP	S2_mrna_detected_only	0.0571429	29	0.768431	0.154234
ENSG00000135317	SNX14	S2_mrna_detected_only	0.0495135	29	0.798672	0.146407
ENSG00000135318	NT5E	S2_mrna_detected_only	0.390805	28	0.0397584	0.592667
ENSG00000135336	ORC3	S2_mrna_detected_only	0.221182	29	0.248886	0.344873
ENSG00000135341	MAP3K7	S2_mrna_detected_only	0.0145338	29	0.940352	0.119143
ENSG00000135346	CGA	S2_mrna_detected_only		3		
ENSG00000135362	PRR5L	S2_mrna_detected_only	-0.0295151	19	0.904527	0.090933
ENSG00000135363	LMO2	S2_mrna_detected_only	0.245385	28	0.208173	0.378283
ENSG00000135365	PHF21A	S2_mrna_detected_only	0.0823534	29	0.671054	0.178241
ENSG00000135372	NAT10	S2_mrna_detected_only	0.37734	29	0.0435966	0.574911
ENSG00000135378	PRRG4	S2_mrna_detected_only	0.00846305	22	0.970183	0.114257
ENSG00000135387	CAPRIN1	S2_mrna_detected_only	0.265025	29	0.164707	0.408069
ENSG00000135392	DNAJC14	S2_mrna_detected_only	-0.304277	29	0.108533	0.00761715
ENSG00000135404	CD63	S2_mrna_detected_only	0.436946	29	0.0177856	0.658752
ENSG00000135406	PRPH	S2_mrna_detected_only	0.7	5	0.18812	0.93071
ENSG00000135414	GDF11	S2_mrna_detected_only	-0.118231	23	0.591071	0.0462807
ENSG00000135423	GLS2	S2_mrna_detected_only	0.2	9	0.605901	0.313354
ENSG00000135437	RDH5	S2_mrna_detected_only	0.131977	17	0.61361	0.233085
ENSG00000135441	BLOC1S1	S2_mrna_detected_only	0.0630542	29	0.745223	0.160433
ENSG00000135446	CDK4	S2_mrna_detected_only	0.443842	29	0.0158718	0.668103
ENSG00000135447	PPP1R1A	S2_mrna_detected_only	0.898427	16	2.2781e-06	0.997006
ENSG00000135452	TSPAN31	S2_mrna_detected_only	0.356007	29	0.0580313	0.543969
ENSG00000135454	B4GALNT1	S2_mrna_detected_only		3		
ENSG00000135457	TFCP2	S2_mrna_detected_only	0.504433	29	0.00526422	0.748214
ENSG00000135469	COQ10A	S2_mrna_detected_only	0.266759	29	0.161858	0.410958
ENSG00000135472	FAIM2	S2_mrna_detected_only	0.344146	17	0.176176	0.526319
ENSG00000135473	PAN2	S2_mrna_detected_only	0.180296	29	0.349317	0.288874
ENSG00000135480	KRT7	S2_mrna_detected_only	0.78022	13	0.0016525	0.971895
ENSG00000135482	ZC3H10	S2_mrna_detected_only	0.282848	22	0.202142	0.435753
ENSG00000135486	HNRNPA1	S2_mrna_detected_only	0.411381	29	0.0266153	0.62634
ENSG00000135503	ACVR1B	S2_mrna_detected_only	0.253859	29	0.183904	0.392519
ENSG00000135506	OS9	S2_mrna_detected_only	0.402463	29	0.0304284	0.611998
ENSG00000135521	LTV1	S2_mrna_detected_only	0.554009	29	0.00182005	0.802532
ENSG00000135525	MAP7	S2_mrna_detected_only	0.782564	26	2.31351e-06	0.973051
ENSG00000135537	LACE1	S2_mrna_detected_only	0.533815	18	0.0225052	0.780784
ENSG00000135540	NHSL1	S2_mrna_detected_only	0.455882	16	0.0759455	0.68465
ENSG00000135541	AHI1	S2_mrna_detected_only	0.459096	26	0.018313	0.688853
ENSG00000135587	SMPD2	S2_mrna_detected_only	0.367269	28	0.0545303	0.56078
ENSG00000135596	MICAL1	S2_mrna_detected_only	0.592479	26	0.00142685	0.839515
ENSG00000135597	REPS1	S2_mrna_detected_only	0.358172	29	0.0564151	0.547436
ENSG00000135605	TEC	S2_mrna_detected_only	0.121012	14	0.680272	0.219952
ENSG00000135617	PRADC1	S2_mrna_detected_only	0.585149	29	0.000855426	0.83216
ENSG00000135622	SEMA4F	S2_mrna_detected_only	0.115432	22	0.608975	0.214173
ENSG00000135624	CCT7	S2_mrna_detected_only	0.155172	29	0.421537	0.259298
ENSG00000135632	SMYD5	S2_mrna_detected_only	0.324178	29	0.0862277	0.496796
ENSG00000135655	USP15	S2_mrna_detected_only	0.649261	29	0.000138625	0.891679
ENSG00000135677	GNS	S2_mrna_detected_only	0.601478	29	0.000558118	0.847499
ENSG00000135686	KLHL36	S2_mrna_detected_only	0.287356	28	0.138154	0.442845
ENSG00000135697	BCO1	S2_mrna_detected_only	0.768408	7	0.0435653	0.966274
ENSG00000135698	MPHOSPH6	S2_mrna_detected_only	0.0844932	29	0.662999	0.180185
ENSG00000135702	CHST5	S2_mrna_detected_only	0.9	5	0.0373861	0.997163
ENSG00000135720	DYNC1LI2	S2_mrna_detected_only	0.700493	29	2.32633e-05	0.93113
ENSG00000135722	FBXL8	S2_mrna_detected_only	0.314757	18	0.203314	0.482612
ENSG00000135736	CCDC102A	S2_mrna_detected_only	0.55482	16	0.0257031	0.803583
ENSG00000135744	AGT	S2_mrna_detected_only	0.118842	20	0.617759	0.217535
ENSG00000135750	KCNK1	S2_mrna_detected_only	0.356798	27	0.0677131	0.54481
ENSG00000135763	URB2	S2_mrna_detected_only	0.122308	25	0.560281	0.221633
ENSG00000135766	EGLN1	S2_mrna_detected_only	0.0980416	29	0.612879	0.194946
ENSG00000135773	CAPN9	S2_mrna_detected_only	0.392857	7	0.383317	0.594768
ENSG00000135775	COG2	S2_mrna_detected_only	-0.00246305	29	0.989883	0.105852
ENSG00000135776	ABCB10	S2_mrna_detected_only	0.392413	29	0.0352438	0.5944
ENSG00000135778	NTPCR	S2_mrna_detected_only	0.263948	25	0.202335	0.40623
ENSG00000135801	TAF5L	S2_mrna_detected_only	0.218679	29	0.254419	0.340565
ENSG00000135821	GLUL	S2_mrna_detected_only	0.655172	29	0.000114751	0.895724
ENSG00000135823	STX6	S2_mrna_detected_only	0.277867	29	0.144439	0.428294
ENSG00000135828	RNASEL	S2_mrna_detected_only	0.308655	27	0.117242	0.473471
ENSG00000135829	DHX9	S2_mrna_detected_only	0.65665	29	0.000109386	0.89772
ENSG00000135837	CEP350	S2_mrna_detected_only	0.225616	29	0.239282	0.35291
ENSG00000135838	NPL	S2_mrna_detected_only	0.81913	24	9.8508e-07	0.984923
ENSG00000135862	LAMC1	S2_mrna_detected_only	0.765025	29	1.3441e-06	0.965066
ENSG00000135870	RC3H1	S2_mrna_detected_only	-0.0442748	27	0.826432	0.0805316
ENSG00000135899	SP110	S2_mrna_detected_only	0.54007	27	0.00363919	0.787928
ENSG00000135900	MRPL44	S2_mrna_detected_only	0.360591	29	0.0546511	0.551271
ENSG00000135905	DOCK10	S2_mrna_detected_only	0.760146	25	1.03925e-05	0.96244
ENSG00000135916	ITM2C	S2_mrna_detected_only	0.461387	29	0.0117589	0.69211
ENSG00000135919	SERPINE2	S2_mrna_detected_only	0.552709	29	0.00187537	0.800693
ENSG00000135924	DNAJB2	S2_mrna_detected_only	0.515827	29	0.00418151	0.762713
ENSG00000135925	WNT10A	S2_mrna_detected_only	0.75724	7	0.0486907	0.961336
ENSG00000135926	TMBIM1	S2_mrna_detected_only	0.106404	29	0.582757	0.203457
ENSG00000135929	CYP27A1	S2_mrna_detected_only	0.712808	29	1.43267e-05	0.938222
ENSG00000135930	EIF4E2	S2_mrna_detected_only	-0.20936	29	0.275723	0.0208552
ENSG00000135931	ARMC9	S2_mrna_detected_only	0.659649	19	0.00212053	0.899926
ENSG00000135932	CAB39	S2_mrna_detected_only	0.22266	29	0.245657	0.347605
ENSG00000135940	COX5B	S2_mrna_detected_only	0.584236	29	0.000875506	0.831477
ENSG00000135951	TSGA10	S2_mrna_detected_only		2		
ENSG00000135953	MFSD9	S2_mrna_detected_only	-0.00428894	28	0.982719	0.104171
ENSG00000135956	TMEM127	S2_mrna_detected_only	0.0332944	29	0.863865	0.133169
ENSG00000135966	TGFBRAP1	S2_mrna_detected_only	0.537258	29	0.00265301	0.785302
ENSG00000135968	GCC2	S2_mrna_detected_only	0.356158	29	0.057918	0.544074
ENSG00000135972	MRPS9	S2_mrna_detected_only	0.375862	29	0.0444938	0.572967
ENSG00000135974	C2orf49	S2_mrna_detected_only	0.29803	29	0.116353	0.456241
ENSG00000135999	EPC2	S2_mrna_detected_only	0.338219	29	0.0727244	0.517283
ENSG00000136003	ISCU	S2_mrna_detected_only	0.247783	29	0.194982	0.381855
ENSG00000136011	STAB2	S2_mrna_detected_only	1	5	1.40427e-24	1
ENSG00000136021	SCYL2	S2_mrna_detected_only	0.358911	29	0.0558715	0.548487
ENSG00000136026	CKAP4	S2_mrna_detected_only	0.699507	29	2.41582e-05	0.930185
ENSG00000136040	PLXNC1	S2_mrna_detected_only	0.360839	25	0.0763812	0.551849
ENSG00000136044	APPL2	S2_mrna_detected_only	0.427094	29	0.0208468	0.646985
ENSG00000136045	PWP1	S2_mrna_detected_only	0.329064	29	0.0813279	0.504045
ENSG00000136051	KIAA1033	S2_mrna_detected_only	0.553763	29	0.00183042	0.802427
ENSG00000136068	FLNB	S2_mrna_detected_only	0.552217	29	0.00189671	0.800273
ENSG00000136098	NEK3	S2_mrna_detected_only	0.585185	28	0.00107165	0.832265
ENSG00000136100	VPS36	S2_mrna_detected_only	0.513856	29	0.00435384	0.760717
ENSG00000136104	RNASEH2B	S2_mrna_detected_only	0.553516	29	0.00184085	0.801902
ENSG00000136108	CKAP2	S2_mrna_detected_only	0.079918	26	0.697954	0.175299
ENSG00000136111	TBC1D4	S2_mrna_detected_only	0.511393	29	0.00457776	0.757354
ENSG00000136141	LRCH1	S2_mrna_detected_only	0.574165	28	0.00139828	0.821023
ENSG00000136143	SUCLA2	S2_mrna_detected_only	0.673892	29	6.13516e-05	0.912061
ENSG00000136144	RCBTB1	S2_mrna_detected_only	0.546061	29	0.00218164	0.793917
ENSG00000136146	MED4	S2_mrna_detected_only	0.405419	29	0.0291185	0.617199
ENSG00000136147	PHF11	S2_mrna_detected_only	0.223052	29	0.244804	0.348235
ENSG00000136152	COG3	S2_mrna_detected_only	0.425668	29	0.0213236	0.645356
ENSG00000136155	SCEL	S2_mrna_detected_only	0.6	5	0.284757	0.846817
ENSG00000136156	ITM2B	S2_mrna_detected_only	0.0517241	29	0.789878	0.148666
ENSG00000136158	SPRY2	S2_mrna_detected_only	0.356858	29	0.057392	0.544915
ENSG00000136159	NUDT15	S2_mrna_detected_only	0.307882	29	0.104203	0.472263
ENSG00000136160	EDNRB	S2_mrna_detected_only	0.377837	29	0.0432982	0.575909
ENSG00000136161	RCBTB2	S2_mrna_detected_only	0.457009	29	0.0126907	0.686121
ENSG00000136167	LCP1	S2_mrna_detected_only	0.808474	29	1.12393e-07	0.981771
ENSG00000136193	SCRN1	S2_mrna_detected_only	0.684729	28	5.83951e-05	0.919994
ENSG00000136197	C7orf25	S2_mrna_detected_only	0.8	4	0.2	0.979513
ENSG00000136205	TNS3	S2_mrna_detected_only	0.691957	29	3.21062e-05	0.924301
ENSG00000136213	CHST12	S2_mrna_detected_only	0.0385471	23	0.861378	0.136426
ENSG00000136231	IGF2BP3	S2_mrna_detected_only		3		
ENSG00000136235	GPNMB	S2_mrna_detected_only	0.57815	29	0.00102029	0.824911
ENSG00000136238	RAC1	S2_mrna_detected_only	0.196059	29	0.308059	0.30726
ENSG00000136243	NUPL2	S2_mrna_detected_only	0.292052	29	0.124219	0.448466
ENSG00000136247	ZDHHC4	S2_mrna_detected_only	0.124507	29	0.519894	0.2251
ENSG00000136261	BZW2	S2_mrna_detected_only	0.367533	29	0.0498288	0.561725
ENSG00000136267	DGKB	S2_mrna_detected_only		3		
ENSG00000136270	TBRG4	S2_mrna_detected_only	-0.0344828	29	0.859053	0.0873083
ENSG00000136271	DDX56	S2_mrna_detected_only	-0.144335	29	0.455062	0.0379807
ENSG00000136273	HUS1	S2_mrna_detected_only	-0.275626	28	0.155709	0.0113995
ENSG00000136279	DBNL	S2_mrna_detected_only	0.506404	29	0.00506151	0.750263
ENSG00000136280	CCM2	S2_mrna_detected_only	0.229557	29	0.230955	0.358163
ENSG00000136295	TTYH3	S2_mrna_detected_only	0.68936	27	6.97572e-05	0.922305
ENSG00000136305	CIDEB	S2_mrna_detected_only	0.150088	26	0.464275	0.253677
ENSG00000136319	TTC5	S2_mrna_detected_only	0.313797	27	0.110948	0.480826
ENSG00000136352	NKX2-1	S2_mrna_detected_only		2		
ENSG00000136378	ADAMTS7	S2_mrna_detected_only	0.656491	10	0.0392233	0.897352
ENSG00000136379	ABHD17C	S2_mrna_detected_only	0.0844932	29	0.662999	0.180185
ENSG00000136381	IREB2	S2_mrna_detected_only	0.00492611	29	0.979767	0.111473
ENSG00000136383	ALPK3	S2_mrna_detected_only	-0.452029	12	0.140126	0.000893045
ENSG00000136404	TM6SF1	S2_mrna_detected_only	0.367909	23	0.0841297	0.56204
ENSG00000136436	CALCOCO2	S2_mrna_detected_only	0.284729	29	0.13438	0.438643
ENSG00000136444	RSAD1	S2_mrna_detected_only	-0.0680077	29	0.725942	0.0673986
ENSG00000136448	NMT1	S2_mrna_detected_only	0.439409	29	0.0170814	0.661904
ENSG00000136449	MYCBPAP	S2_mrna_detected_only		3		
ENSG00000136450	SRSF1	S2_mrna_detected_only	0.390148	29	0.0364095	0.591879
ENSG00000136451	VEZF1	S2_mrna_detected_only	0.346798	29	0.0653163	0.530048
ENSG00000136463	TACO1	S2_mrna_detected_only	0.774877	29	8.0346e-07	0.969059
ENSG00000136478	TEX2	S2_mrna_detected_only	0.148768	29	0.441179	0.252154
ENSG00000136485	DCAF7	S2_mrna_detected_only	0.0428571	29	0.825293	0.140103
ENSG00000136487	GH2	S2_mrna_detected_only		1		
ENSG00000136488	CSH1	S2_mrna_detected_only	0.0285714	6	0.957155	0.128704
ENSG00000136490	LIMD2	S2_mrna_detected_only	0.773124	27	2.27357e-06	0.968638
ENSG00000136504	KAT7	S2_mrna_detected_only	0.37734	29	0.0435966	0.574911
ENSG00000136514	RTP4	S2_mrna_detected_only	0.278066	26	0.168995	0.428714
ENSG00000136518	ACTL6A	S2_mrna_detected_only	0.450246	29	0.0142507	0.677348
ENSG00000136521	NDUFB5	S2_mrna_detected_only	0.547783	29	0.00209844	0.795125
ENSG00000136522	MRPL47	S2_mrna_detected_only	0.112315	29	0.561866	0.210391
ENSG00000136527	TRA2B	S2_mrna_detected_only	0.257635	29	0.177244	0.397195
ENSG00000136531	SCN2A	S2_mrna_detected_only		3		
ENSG00000136535	TBR1	S2_mrna_detected_only		1		
ENSG00000136536	MARCH7	S2_mrna_detected_only	-0.153318	29	0.427173	0.0349338
ENSG00000136541	ERMN	S2_mrna_detected_only		3		
ENSG00000136560	TANK	S2_mrna_detected_only	0.420197	29	0.0232373	0.637844
ENSG00000136573	BLK	S2_mrna_detected_only	0.704187	7	0.0773502	0.932864
ENSG00000136574	GATA4	S2_mrna_detected_only	0.10303	10	0.776998	0.199464
ENSG00000136603	SKIL	S2_mrna_detected_only	-0.00970685	29	0.960143	0.101965
ENSG00000136628	EPRS	S2_mrna_detected_only	0.315764	29	0.0951881	0.485133
ENSG00000136631	VPS45	S2_mrna_detected_only	-0.0773399	29	0.690066	0.0638264
ENSG00000136636	KCTD3	S2_mrna_detected_only	0.401488	29	0.0308709	0.60995
ENSG00000136643	RPS6KC1	S2_mrna_detected_only	0.134975	29	0.485117	0.237025
ENSG00000136688	IL36G	S2_mrna_detected_only		2		
ENSG00000136689	IL1RN	S2_mrna_detected_only	0.59414	21	0.00451052	0.841301
ENSG00000136694	IL36A	S2_mrna_detected_only		2		
ENSG00000136695	IL36RN	S2_mrna_detected_only		3		
ENSG00000136697	IL1F10	S2_mrna_detected_only		1		
ENSG00000136699	SMPD4	S2_mrna_detected_only	0.469951	29	0.0101009	0.703929
ENSG00000136709	WDR33	S2_mrna_detected_only	0.0507389	29	0.793794	0.14751
ENSG00000136710	CCDC115	S2_mrna_detected_only	-0.265025	29	0.164707	0.0127653
ENSG00000136715	SAP130	S2_mrna_detected_only	0.311615	29	0.0998569	0.477569
ENSG00000136717	BIN1	S2_mrna_detected_only	0.570936	29	0.00121857	0.818239
ENSG00000136718	IMP4	S2_mrna_detected_only	-0.382464	25	0.0591771	0.00320445
ENSG00000136720	HS6ST1	S2_mrna_detected_only	0.143763	29	0.45687	0.244852
ENSG00000136731	UGGT1	S2_mrna_detected_only	0.1867	29	0.332174	0.296806
ENSG00000136732	GYPC	S2_mrna_detected_only	0.443019	29	0.0160909	0.666894
ENSG00000136738	STAM	S2_mrna_detected_only	0.559113	29	0.00161626	0.807838
ENSG00000136750	GAD2	S2_mrna_detected_only		2		
ENSG00000136754	ABI1	S2_mrna_detected_only	0.349261	29	0.0633018	0.533463
ENSG00000136758	YME1L1	S2_mrna_detected_only	0.263054	29	0.167987	0.404864
ENSG00000136770	DNAJC1	S2_mrna_detected_only	0.733005	29	6.11805e-06	0.949727
ENSG00000136783	NIPSNAP3A	S2_mrna_detected_only	-0.104433	29	0.589796	0.051639
ENSG00000136802	LRRC8A	S2_mrna_detected_only	0.364532	29	0.0518704	0.55726
ENSG00000136807	CDK9	S2_mrna_detected_only	-0.0837438	29	0.665816	0.0604644
ENSG00000136810	TXN	S2_mrna_detected_only	0.478818	29	0.0085956	0.714436
ENSG00000136811	ODF2	S2_mrna_detected_only	0.385222	29	0.0390518	0.585154
ENSG00000136813	KIAA0368	S2_mrna_detected_only	0.441926	29	0.0163855	0.665213
ENSG00000136816	TOR1B	S2_mrna_detected_only	0.244828	29	0.200535	0.377443
ENSG00000136819	C9orf78	S2_mrna_detected_only	0.281069	29	0.139679	0.433127
ENSG00000136824	SMC2	S2_mrna_detected_only	0.300366	27	0.127935	0.459971
ENSG00000136826	KLF4	S2_mrna_detected_only	0.44555	29	0.0154252	0.670046
ENSG00000136827	TOR1A	S2_mrna_detected_only	-0.064532	29	0.739454	0.0689746
ENSG00000136828	RALGPS1	S2_mrna_detected_only	0.134074	25	0.52286	0.236132
ENSG00000136830	FAM129B	S2_mrna_detected_only	0.674384	29	6.0313e-05	0.912482
ENSG00000136848	DAB2IP	S2_mrna_detected_only	0.448823	28	0.0165886	0.67551
ENSG00000136856	SLC2A8	S2_mrna_detected_only	-0.15783	28	0.422478	0.0339882
ENSG00000136859	ANGPTL2	S2_mrna_detected_only	0.768473	29	1.12577e-06	0.966432
ENSG00000136861	CDK5RAP2	S2_mrna_detected_only	0.177912	28	0.365066	0.286457
ENSG00000136866	ZFP37	S2_mrna_detected_only	0.436688	12	0.155788	0.658174
ENSG00000136868	SLC31A1	S2_mrna_detected_only	0.425236	29	0.0214699	0.644936
ENSG00000136870	ZNF189	S2_mrna_detected_only	-0.108126	29	0.576635	0.0506934
ENSG00000136872	ALDOB	S2_mrna_detected_only	0.818182	10	0.00381492	0.984661
ENSG00000136874	STX17	S2_mrna_detected_only	0.219704	29	0.252142	0.341826
ENSG00000136875	PRPF4	S2_mrna_detected_only	0.197069	29	0.305525	0.308573
ENSG00000136877	FPGS	S2_mrna_detected_only	0.261576	29	0.170477	0.403236
ENSG00000136878	USP20	S2_mrna_detected_only	0.251516	29	0.188124	0.388264
ENSG00000136881	BAAT	S2_mrna_detected_only		2		
ENSG00000136888	ATP6V1G1	S2_mrna_detected_only	0.249261	29	0.192246	0.384377
ENSG00000136891	TEX10	S2_mrna_detected_only	0.543842	29	0.00229305	0.791238
ENSG00000136895	GARNL3	S2_mrna_detected_only	0.271802	21	0.233305	0.419573
ENSG00000136897	MRPL50	S2_mrna_detected_only	0.236946	29	0.215872	0.36804
ENSG00000136918	WDR38	S2_mrna_detected_only	0.316228	4	0.683772	0.486132
ENSG00000136925	TSTD2	S2_mrna_detected_only	-0.00774639	29	0.968188	0.102805
ENSG00000136928	GABBR2	S2_mrna_detected_only	0.9	5	0.0373861	0.997163
ENSG00000136929	HEMGN	S2_mrna_detected_only	-0.737865	4	0.262135	0
ENSG00000136930	PSMB7	S2_mrna_detected_only	0.362069	29	0.0535949	0.554161
ENSG00000136931	NR5A1	S2_mrna_detected_only	0.4	4	0.6	0.607165
ENSG00000136932	TRMO	S2_mrna_detected_only	0.338772	29	0.0722285	0.518124
ENSG00000136933	RABEPK	S2_mrna_detected_only	0.315764	29	0.0951881	0.485133
ENSG00000136935	GOLGA1	S2_mrna_detected_only	-0.0734081	29	0.705106	0.0654024
ENSG00000136936	XPA	S2_mrna_detected_only	0.0601281	29	0.756685	0.157123
ENSG00000136937	NCBP1	S2_mrna_detected_only	0.285749	29	0.132929	0.440429
ENSG00000136938	ANP32B	S2_mrna_detected_only	0.508867	29	0.00481751	0.753835
ENSG00000136940	PDCL	S2_mrna_detected_only	0.149957	29	0.437497	0.253257
ENSG00000136942	RPL35	S2_mrna_detected_only	-0.0980296	29	0.612923	0.0541605
ENSG00000136943	CTSV	S2_mrna_detected_only	0.0396545	11	0.907845	0.137686
ENSG00000136950	ARPC5L	S2_mrna_detected_only	0.19803	29	0.303125	0.310149
ENSG00000136960	ENPP2	S2_mrna_detected_only	0.460865	28	0.0135801	0.691322
ENSG00000136982	DSCC1	S2_mrna_detected_only	0.291278	21	0.20017	0.447941
ENSG00000136986	DERL1	S2_mrna_detected_only	0.350739	29	0.0621165	0.53609
ENSG00000136999	NOV	S2_mrna_detected_only	0.492575	28	0.00774675	0.732559
ENSG00000137033	IL33	S2_mrna_detected_only	0.305419	28	0.113999	0.468113
ENSG00000137038	TMEM261	S2_mrna_detected_only	0.426968	29	0.0208887	0.646722
ENSG00000137040	RANBP6	S2_mrna_detected_only	0.313793	29	0.0973845	0.480511
ENSG00000137054	POLR1E	S2_mrna_detected_only	0.220496	29	0.250395	0.343507
ENSG00000137055	PLAA	S2_mrna_detected_only	0.523217	29	0.00358618	0.771013
ENSG00000137073	UBAP2	S2_mrna_detected_only	0.142857	29	0.459741	0.244064
ENSG00000137074	APTX	S2_mrna_detected_only	-0.00295567	29	0.987859	0.105432
ENSG00000137076	TLN1	S2_mrna_detected_only	0.741872	29	4.11038e-06	0.954297
ENSG00000137077	CCL21	S2_mrna_detected_only	0.506716	27	0.00699119	0.751051
ENSG00000137078	SIT1	S2_mrna_detected_only	0.861346	12	0.000318283	0.993013
ENSG00000137090	DMRT1	S2_mrna_detected_only		1		
ENSG00000137094	DNAJB5	S2_mrna_detected_only	0.530803	29	0.00305213	0.778262
ENSG00000137098	SPAG8	S2_mrna_detected_only	0.894427	5	0.0405193	0.996743
ENSG00000137100	DCTN3	S2_mrna_detected_only	0.158621	29	0.411164	0.264499
ENSG00000137101	CD72	S2_mrna_detected_only	0.660578	11	0.0269293	0.900557
ENSG00000137106	GRHPR	S2_mrna_detected_only	0.626601	29	0.000276097	0.871191
ENSG00000137124	ALDH1B1	S2_mrna_detected_only	0.805419	29	1.36489e-07	0.981036
ENSG00000137133	HINT2	S2_mrna_detected_only	0.472906	29	0.00957632	0.706714
ENSG00000137142	IGFBPL1	S2_mrna_detected_only	0.948683	4	0.0513167	0.99958
ENSG00000137145	DENND4C	S2_mrna_detected_only	0.752709	29	2.47269e-06	0.958972
ENSG00000137154	RPS6	S2_mrna_detected_only	0.416749	29	0.0245141	0.633011
ENSG00000137161	CNPY3	S2_mrna_detected_only	0.296552	29	0.118262	0.454455
ENSG00000137166	FOXP4	S2_mrna_detected_only	0.504249	29	0.00528352	0.747794
ENSG00000137168	PPIL1	S2_mrna_detected_only	0.0793103	29	0.682571	0.174984
ENSG00000137171	KLC4	S2_mrna_detected_only	0.644828	29	0.000159322	0.887897
ENSG00000137177	KIF13A	S2_mrna_detected_only	0.687192	29	3.82542e-05	0.921202
ENSG00000137198	GMPR	S2_mrna_detected_only	0.534483	29	0.00281875	0.781414
ENSG00000137200	CMTR1	S2_mrna_detected_only	0.312315	29	0.0990567	0.478672
ENSG00000137203	TFAP2A	S2_mrna_detected_only	0.809524	8	0.0149027	0.982139
ENSG00000137204	SLC22A7	S2_mrna_detected_only		2		
ENSG00000137207	YIPF3	S2_mrna_detected_only	0.165025	29	0.392285	0.271013
ENSG00000137210	TMEM14B	S2_mrna_detected_only	0.248465	29	0.193717	0.383064
ENSG00000137216	TMEM63B	S2_mrna_detected_only	-0.262562	29	0.168814	0.013133
ENSG00000137221	TJAP1	S2_mrna_detected_only	0.261576	29	0.170477	0.403236
ENSG00000137225	CAPN11	S2_mrna_detected_only		1		
ENSG00000137251	TINAG	S2_mrna_detected_only	0.666737	6	0.14809	0.906808
ENSG00000137266	SLC22A23	S2_mrna_detected_only	0.405436	27	0.0358979	0.617619
ENSG00000137269	LRRC1	S2_mrna_detected_only	0.691845	28	4.54335e-05	0.923986
ENSG00000137270	GCM1	S2_mrna_detected_only		2		
ENSG00000137274	BPHL	S2_mrna_detected_only	0.605419	29	0.000501719	0.850914
ENSG00000137275	RIPK1	S2_mrna_detected_only	0.579803	29	0.000979042	0.826329
ENSG00000137285	TUBB2B	S2_mrna_detected_only	0.0207792	21	0.928763	0.124238
ENSG00000137288	UQCC2	S2_mrna_detected_only	0.451724	29	0.0138968	0.679239
ENSG00000137309	HMGA1	S2_mrna_detected_only	0.274664	29	0.149315	0.422725
ENSG00000137312	FLOT1	S2_mrna_detected_only	0.730542	29	6.81409e-06	0.947993
ENSG00000137337	MDC1	S2_mrna_detected_only	0.370243	29	0.0480405	0.566033
ENSG00000137364	TPMT	S2_mrna_detected_only	0.588177	29	0.000791637	0.835785
ENSG00000137392	CLPS	S2_mrna_detected_only	0.452602	9	0.221217	0.680605
ENSG00000137404	NRM	S2_mrna_detected_only	0.128613	21	0.57848	0.230143
ENSG00000137409	MTCH1	S2_mrna_detected_only	0.462069	29	0.011619	0.692688
ENSG00000137413	TAF8	S2_mrna_detected_only	0.106712	28	0.588874	0.204087
ENSG00000137414	FAM8A1	S2_mrna_detected_only	0.582759	29	0.000908901	0.830532
ENSG00000137440	FGFBP1	S2_mrna_detected_only	0.0890871	7	0.849361	0.185963
ENSG00000137441	FGFBP2	S2_mrna_detected_only	0.497811	10	0.143142	0.738968
ENSG00000137463	MGARP	S2_mrna_detected_only	0.392857	7	0.383317	0.594768
ENSG00000137473	TTC29	S2_mrna_detected_only		2		
ENSG00000137474	MYO7A	S2_mrna_detected_only	0.041958	12	0.896986	0.139473
ENSG00000137478	FCHSD2	S2_mrna_detected_only	0.532644	29	0.00293341	0.779943
ENSG00000137486	ARRB1	S2_mrna_detected_only	0.591133	29	0.00073343	0.837991
ENSG00000137492	PRKRIR	S2_mrna_detected_only	0.480296	29	0.0083641	0.716852
ENSG00000137497	NUMA1	S2_mrna_detected_only	0.638916	29	0.000191158	0.882433
ENSG00000137500	CCDC90B	S2_mrna_detected_only	0.233498	29	0.222825	0.363784
ENSG00000137502	RAB30	S2_mrna_detected_only	0.225983	26	0.266975	0.353278
ENSG00000137507	LRRC32	S2_mrna_detected_only	0.560285	28	0.00192983	0.808626
ENSG00000137509	PRCP	S2_mrna_detected_only	0.360099	29	0.0550068	0.550483
ENSG00000137513	NARS2	S2_mrna_detected_only	0.209852	29	0.274569	0.326487
ENSG00000137522	RNF121	S2_mrna_detected_only	0.465054	29	0.011023	0.697678
ENSG00000137547	MRPL15	S2_mrna_detected_only	0.440394	29	0.0168062	0.663375
ENSG00000137558	PI15	S2_mrna_detected_only	0.632729	11	0.036681	0.876497
ENSG00000137561	TTPA	S2_mrna_detected_only	0.1	5	0.872889	0.19689
ENSG00000137573	SULF1	S2_mrna_detected_only	0.256484	26	0.205949	0.395829
ENSG00000137574	TGS1	S2_mrna_detected_only	0.174738	29	0.364616	0.283095
ENSG00000137575	SDCBP	S2_mrna_detected_only	0.18867	29	0.327004	0.298855
ENSG00000137601	NEK1	S2_mrna_detected_only	0.29304	27	0.137963	0.449674
ENSG00000137628	DDX60	S2_mrna_detected_only	0.510673	28	0.00548976	0.755779
ENSG00000137634	NXPE4	S2_mrna_detected_only	0.5	5	0.391002	0.741437
ENSG00000137642	SORL1	S2_mrna_detected_only	0.625068	28	0.000376191	0.869668
ENSG00000137656	BUD13	S2_mrna_detected_only	0.341548	29	0.0697768	0.522116
ENSG00000137673	MMP7	S2_mrna_detected_only	0.617795	16	0.0107638	0.863679
ENSG00000137691	C11orf70	S2_mrna_detected_only	0.350463	10	0.320787	0.535669
ENSG00000137692	DCUN1D5	S2_mrna_detected_only	0.16427	29	0.394484	0.270172
ENSG00000137693	YAP1	S2_mrna_detected_only	0.729557	29	7.11191e-06	0.9471
ENSG00000137699	TRIM29	S2_mrna_detected_only	0.393939	10	0.259998	0.596501
ENSG00000137700	SLC37A4	S2_mrna_detected_only	0.54052	25	0.00527834	0.788348
ENSG00000137710	RDX	S2_mrna_detected_only	0.569951	29	0.00124809	0.817083
ENSG00000137713	PPP2R1B	S2_mrna_detected_only	0.567558	29	0.00132241	0.81535
ENSG00000137714	FDX1	S2_mrna_detected_only	0.597857	29	0.000614763	0.845136
ENSG00000137720	C11orf1	S2_mrna_detected_only	0.0961236	29	0.619878	0.19274
ENSG00000137726	FXYD6	S2_mrna_detected_only	0.374561	29	0.0452961	0.571811
ENSG00000137731	FXYD2	S2_mrna_detected_only	0.921886	12	2.00681e-05	0.998687
ENSG00000137752	CASP1	S2_mrna_detected_only	0.831965	28	4.08915e-08	0.98797
ENSG00000137760	ALKBH8	S2_mrna_detected_only	0.23059	28	0.237789	0.360002
ENSG00000137764	MAP2K5	S2_mrna_detected_only	-0.0226601	29	0.907117	0.0950305
ENSG00000137767	SQRDL	S2_mrna_detected_only	0.723153	29	9.35059e-06	0.943686
ENSG00000137770	CTDSPL2	S2_mrna_detected_only	0.613574	28	0.000516024	0.859057
ENSG00000137776	SLTM	S2_mrna_detected_only	0.250246	29	0.190437	0.386216
ENSG00000137801	THBS1	S2_mrna_detected_only	0.60197	29	0.000550777	0.848182
ENSG00000137802	MAPKBP1	S2_mrna_detected_only	0.237521	27	0.232885	0.369458
ENSG00000137806	NDUFAF1	S2_mrna_detected_only	0.528571	29	0.00320164	0.775898
ENSG00000137807	KIF23	S2_mrna_detected_only	0.487863	14	0.076771	0.727201
ENSG00000137809	ITGA11	S2_mrna_detected_only	0.284211	19	0.238296	0.437802
ENSG00000137814	HAUS2	S2_mrna_detected_only	0.237474	29	0.21482	0.369248
ENSG00000137815	RTF1	S2_mrna_detected_only	0.0433498	29	0.823316	0.140681
ENSG00000137818	RPLP1	S2_mrna_detected_only	0.207389	29	0.28037	0.322599
ENSG00000137821	LRRC49	S2_mrna_detected_only	0.345873	22	0.114863	0.529155
ENSG00000137822	TUBGCP4	S2_mrna_detected_only	0.22277	28	0.254523	0.348025
ENSG00000137824	RMDN3	S2_mrna_detected_only	0.729557	29	7.11191e-06	0.9471
ENSG00000137825	ITPKA	S2_mrna_detected_only	0.785714	7	0.0362385	0.974364
ENSG00000137831	UACA	S2_mrna_detected_only	0.525123	29	0.00344499	0.772851
ENSG00000137842	TMEM62	S2_mrna_detected_only	0.650358	28	0.000179296	0.892362
ENSG00000137845	ADAM10	S2_mrna_detected_only	0.579803	29	0.000979042	0.826329
ENSG00000137857	DUOX1	S2_mrna_detected_only	0.1	11	0.769875	0.196943
ENSG00000137860	SLC28A2	S2_mrna_detected_only	0.447214	5	0.450185	0.67262
ENSG00000137868	STRA6	S2_mrna_detected_only	0.535714	7	0.215217	0.783358
ENSG00000137869	CYP19A1	S2_mrna_detected_only	0.8	4	0.2	0.979513
ENSG00000137871	ZNF280D	S2_mrna_detected_only	0.157742	29	0.413794	0.263448
ENSG00000137876	RSL24D1	S2_mrna_detected_only	0.227525	29	0.235223	0.355589
ENSG00000137936	BCAR3	S2_mrna_detected_only	0.374983	28	0.0492785	0.572284
ENSG00000137942	FNBP1L	S2_mrna_detected_only	-0.239192	29	0.211422	0.0157071
ENSG00000137944	CCBL2	S2_mrna_detected_only	0.112315	29	0.561866	0.210391
ENSG00000137947	GTF2B	S2_mrna_detected_only	0.229557	29	0.230955	0.358163
ENSG00000137948	BRDT	S2_mrna_detected_only		1		
ENSG00000137955	RABGGTB	S2_mrna_detected_only	0.362069	29	0.0535949	0.554161
ENSG00000137960	GIPC2	S2_mrna_detected_only	0.752895	22	5.2674e-05	0.959183
ENSG00000137962	ARHGAP29	S2_mrna_detected_only	0.397044	29	0.0329537	0.601755
ENSG00000137975	CLCA2	S2_mrna_detected_only		3		
ENSG00000137992	DBT	S2_mrna_detected_only	0.574877	29	0.00110646	0.822021
ENSG00000137996	RTCA	S2_mrna_detected_only	0.29803	29	0.116353	0.456241
ENSG00000138002	IFT172	S2_mrna_detected_only	0.107021	28	0.587789	0.204507
ENSG00000138018	EPT1	S2_mrna_detected_only	0.40941	29	0.0274225	0.622872
ENSG00000138029	HADHB	S2_mrna_detected_only	0.790148	29	3.43359e-07	0.975993
ENSG00000138030	KHK	S2_mrna_detected_only	0.583306	21	0.0055101	0.831109
ENSG00000138031	ADCY3	S2_mrna_detected_only	0.324694	27	0.0984437	0.497636
ENSG00000138032	PPM1B	S2_mrna_detected_only	0.00985222	29	0.959546	0.115098
ENSG00000138035	PNPT1	S2_mrna_detected_only	0.546933	29	0.00213918	0.794442
ENSG00000138036	DYNC2LI1	S2_mrna_detected_only	0.550679	29	0.00196471	0.798855
ENSG00000138050	THUMPD2	S2_mrna_detected_only	0.0672938	28	0.733678	0.164058
ENSG00000138061	CYP1B1	S2_mrna_detected_only	0.589528	27	0.00121229	0.836783
ENSG00000138069	RAB1A	S2_mrna_detected_only	0.364532	29	0.0518704	0.55726
ENSG00000138071	ACTR2	S2_mrna_detected_only	0.362069	29	0.0535949	0.554161
ENSG00000138073	PREB	S2_mrna_detected_only	0.13647	29	0.48025	0.238548
ENSG00000138074	SLC5A6	S2_mrna_detected_only	0.378421	29	0.0429493	0.576644
ENSG00000138075	ABCG5	S2_mrna_detected_only	0.2	4	0.8	0.313354
ENSG00000138078	PREPL	S2_mrna_detected_only	0.796552	29	2.35411e-07	0.978514
ENSG00000138079	SLC3A1	S2_mrna_detected_only	0.857143	7	0.0136973	0.99233
ENSG00000138080	EMILIN1	S2_mrna_detected_only	0.501832	27	0.00765183	0.744221
ENSG00000138081	FBXO11	S2_mrna_detected_only	-0.0429631	29	0.824868	0.0813721
ENSG00000138095	LRPPRC	S2_mrna_detected_only	0.510837	29	0.0046296	0.756146
ENSG00000138100	TRIM54	S2_mrna_detected_only	0.9	5	0.0373861	0.997163
ENSG00000138107	ACTR1A	S2_mrna_detected_only	0.533498	29	0.00287968	0.780521
ENSG00000138109	CYP2C9	S2_mrna_detected_only	0.690476	8	0.0579903	0.922988
ENSG00000138115	CYP2C8	S2_mrna_detected_only	1	4	0	1
ENSG00000138119	MYOF	S2_mrna_detected_only	0.837438	28	2.74749e-08	0.989178
ENSG00000138131	LOXL4	S2_mrna_detected_only	0.133766	21	0.563219	0.235816
ENSG00000138134	STAMBPL1	S2_mrna_detected_only	0.349745	20	0.130634	0.533988
ENSG00000138138	ATAD1	S2_mrna_detected_only	0.625123	29	0.00028825	0.869826
ENSG00000138161	CUZD1	S2_mrna_detected_only		1		
ENSG00000138162	TACC2	S2_mrna_detected_only	0.521368	27	0.00529007	0.768859
ENSG00000138172	CALHM2	S2_mrna_detected_only	0.500525	26	0.00920833	0.742015
ENSG00000138175	ARL3	S2_mrna_detected_only	0.650573	29	0.000132978	0.892572
ENSG00000138180	CEP55	S2_mrna_detected_only	0.476069	17	0.053391	0.710181
ENSG00000138182	KIF20B	S2_mrna_detected_only	-0.170185	21	0.460795	0.0301009
ENSG00000138185	ENTPD1	S2_mrna_detected_only	0.513957	28	0.00514693	0.760822
ENSG00000138190	EXOC6	S2_mrna_detected_only	0.15324	29	0.427413	0.257565
ENSG00000138193	PLCE1	S2_mrna_detected_only	0.64383	22	0.00122382	0.886793
ENSG00000138207	RBP4	S2_mrna_detected_only	0.284211	20	0.224585	0.437802
ENSG00000138231	DBR1	S2_mrna_detected_only	0.102722	29	0.59594	0.199149
ENSG00000138246	DNAJC13	S2_mrna_detected_only	0.214286	29	0.264323	0.334629
ENSG00000138279	ANXA7	S2_mrna_detected_only	0.436946	29	0.0177856	0.658752
ENSG00000138303	ASCC1	S2_mrna_detected_only	0.230542	29	0.228904	0.359687
ENSG00000138308	PLA2G12B	S2_mrna_detected_only	0.974679	5	0.00481823	0.99979
ENSG00000138311	ZNF365	S2_mrna_detected_only		2		
ENSG00000138315	OIT3	S2_mrna_detected_only	1	5	1.40427e-24	1
ENSG00000138326	RPS24	S2_mrna_detected_only	-0.275369	29	0.148232	0.0115045
ENSG00000138346	DNA2	S2_mrna_detected_only	0.122518	14	0.676489	0.222053
ENSG00000138347	MYPN	S2_mrna_detected_only		1		
ENSG00000138356	AOX1	S2_mrna_detected_only	0.731225	23	7.37382e-05	0.948414
ENSG00000138363	ATIC	S2_mrna_detected_only	0.46798	29	0.0104639	0.702458
ENSG00000138375	SMARCAL1	S2_mrna_detected_only	0.398719	29	0.032156	0.604906
ENSG00000138376	BARD1	S2_mrna_detected_only	-0.00378132	18	0.988119	0.105012
ENSG00000138378	STAT4	S2_mrna_detected_only	0.248133	21	0.278129	0.382381
ENSG00000138381	ASNSD1	S2_mrna_detected_only	-0.082266	29	0.671384	0.0614625
ENSG00000138382	METTL5	S2_mrna_detected_only	-0.0537211	29	0.781956	0.0731771
ENSG00000138385	SSB	S2_mrna_detected_only	0.462562	29	0.0115188	0.693738
ENSG00000138386	NAB1	S2_mrna_detected_only	0.479674	29	0.00846078	0.716064
ENSG00000138398	PPIG	S2_mrna_detected_only	0.27734	29	0.145233	0.42698
ENSG00000138399	FASTKD1	S2_mrna_detected_only	0.00875992	28	0.964713	0.114467
ENSG00000138400	MDH1B	S2_mrna_detected_only	0.654654	6	0.158302	0.895251
ENSG00000138413	IDH1	S2_mrna_detected_only	0.768966	29	1.09735e-06	0.966695
ENSG00000138430	OLA1	S2_mrna_detected_only	0.243842	29	0.20241	0.376182
ENSG00000138433	CIR1	S2_mrna_detected_only	0.0912241	29	0.637904	0.188012
ENSG00000138434	SSFA2	S2_mrna_detected_only	0.616749	29	0.000366454	0.862156
ENSG00000138439	FAM117B	S2_mrna_detected_only	0.316999	27	0.107158	0.48776
ENSG00000138442	WDR12	S2_mrna_detected_only	0.0430469	27	0.831177	0.140418
ENSG00000138443	ABI2	S2_mrna_detected_only	0.694089	29	2.96544e-05	0.925825
ENSG00000138448	ITGAV	S2_mrna_detected_only	0.548768	29	0.00205207	0.796386
ENSG00000138449	SLC40A1	S2_mrna_detected_only	0.620414	29	0.000330185	0.865991
ENSG00000138463	DIRC2	S2_mrna_detected_only	0.432162	29	0.0192219	0.652711
ENSG00000138468	SENP7	S2_mrna_detected_only	-0.0280927	29	0.884981	0.0919836
ENSG00000138495	COX17	S2_mrna_detected_only	0.465025	29	0.0110288	0.697363
ENSG00000138496	PARP9	S2_mrna_detected_only	0.470443	29	0.0100118	0.704455
ENSG00000138587	MNS1	S2_mrna_detected_only	0.633989	24	0.000879066	0.877338
ENSG00000138592	USP8	S2_mrna_detected_only	0.293103	29	0.122808	0.449884
ENSG00000138593	SECISBP2L	S2_mrna_detected_only	0.396544	29	0.033195	0.600389
ENSG00000138594	TMOD3	S2_mrna_detected_only	0.467488	29	0.0105563	0.701776
ENSG00000138600	SPPL2A	S2_mrna_detected_only	0.0697427	29	0.719226	0.166054
ENSG00000138604	GLCE	S2_mrna_detected_only	0.322812	29	0.0876371	0.49522
ENSG00000138614	VWA9	S2_mrna_detected_only	0.246305	29	0.197745	0.379859
ENSG00000138617	PARP16	S2_mrna_detected_only	0.246613	28	0.205834	0.380385
ENSG00000138621	PPCDC	S2_mrna_detected_only	0.401752	28	0.0340772	0.610422
ENSG00000138622	HCN4	S2_mrna_detected_only		1		
ENSG00000138629	UBL7	S2_mrna_detected_only	-0.0310345	29	0.873029	0.0903026
ENSG00000138640	FAM13A	S2_mrna_detected_only	0.772795	29	8.97654e-07	0.968428
ENSG00000138641	HERC3	S2_mrna_detected_only	0.0335803	29	0.862707	0.133694
ENSG00000138650	PCDH10	S2_mrna_detected_only	0.6	6	0.208	0.846817
ENSG00000138660	AP1AR	S2_mrna_detected_only	0.376348	29	0.0441969	0.573282
ENSG00000138663	COPS4	S2_mrna_detected_only	0.184729	29	0.337393	0.294652
ENSG00000138668	HNRNPD	S2_mrna_detected_only	0.321675	29	0.0888231	0.493959
ENSG00000138669	PRKG2	S2_mrna_detected_only	0.857143	7	0.0136973	0.99233
ENSG00000138674	SEC31A	S2_mrna_detected_only	0.478022	27	0.0116719	0.713333
ENSG00000138685	FGF2	S2_mrna_detected_only	0.28609	19	0.23507	0.440901
ENSG00000138686	BBS7	S2_mrna_detected_only	0.245764	27	0.216585	0.379019
ENSG00000138688	KIAA1109	S2_mrna_detected_only	0.297209	28	0.124557	0.45519
ENSG00000138698	RAP1GDS1	S2_mrna_detected_only	0.501047	29	0.00562876	0.742856
ENSG00000138709	LARP1B	S2_mrna_detected_only	0.400296	29	0.031419	0.607848
ENSG00000138722	MMRN1	S2_mrna_detected_only	0.556522	24	0.00473781	0.805474
ENSG00000138744	NAAA	S2_mrna_detected_only	0.603448	29	0.000529259	0.849391
ENSG00000138750	NUP54	S2_mrna_detected_only	0.455665	29	0.0129888	0.684282
ENSG00000138756	BMP2K	S2_mrna_detected_only	0.191571	28	0.328784	0.302532
ENSG00000138757	G3BP2	S2_mrna_detected_only	0.503448	29	0.00536814	0.74648
ENSG00000138758	SEPT11	S2_mrna_detected_only	0.443842	29	0.0158718	0.668103
ENSG00000138759	FRAS1	S2_mrna_detected_only	0.928571	7	0.00251947	0.999159
ENSG00000138760	SCARB2	S2_mrna_detected_only	0.403941	29	0.0297676	0.615308
ENSG00000138767	CNOT6L	S2_mrna_detected_only	0.188177	29	0.328292	0.298382
ENSG00000138768	USO1	S2_mrna_detected_only	0.423153	29	0.0221867	0.641994
ENSG00000138771	SHROOM3	S2_mrna_detected_only	0.789526	23	7.49615e-06	0.975468
ENSG00000138777	PPA2	S2_mrna_detected_only	0.77645	29	7.38326e-07	0.969794
ENSG00000138780	GSTCD	S2_mrna_detected_only	0.191538	25	0.359041	0.302427
ENSG00000138785	INTS12	S2_mrna_detected_only	-0.114546	29	0.554072	0.0475415
ENSG00000138792	ENPEP	S2_mrna_detected_only	0.843137	18	1.1129e-05	0.990387
ENSG00000138794	CASP6	S2_mrna_detected_only	0.79803	28	3.63829e-07	0.97904
ENSG00000138796	HADH	S2_mrna_detected_only	0.749754	29	2.84745e-06	0.958027
ENSG00000138798	EGF	S2_mrna_detected_only	0.428571	7	0.337368	0.648771
ENSG00000138801	PAPSS1	S2_mrna_detected_only	0.691626	29	3.25034e-05	0.923671
ENSG00000138802	SEC24B	S2_mrna_detected_only	0.0955665	29	0.621917	0.191742
ENSG00000138814	PPP3CA	S2_mrna_detected_only	0.214286	29	0.264323	0.334629
ENSG00000138821	SLC39A8	S2_mrna_detected_only	0.333896	29	0.0766947	0.510506
ENSG00000138823	MTTP	S2_mrna_detected_only	0.904762	8	0.00200828	0.997321
ENSG00000138829	FBN2	S2_mrna_detected_only	0.6	5	0.284757	0.846817
ENSG00000138834	MAPK8IP3	S2_mrna_detected_only	-0.0476919	27	0.81326	0.0774848
ENSG00000138835	RGS3	S2_mrna_detected_only	0.218746	29	0.254269	0.340723
ENSG00000138867	GUCD1	S2_mrna_detected_only	0.0440677	29	0.820437	0.141364
ENSG00000139055	ERP27	S2_mrna_detected_only	0.549913	12	0.0639767	0.797909
ENSG00000139083	ETV6	S2_mrna_detected_only	0.560099	29	0.00157929	0.808521
ENSG00000139112	GABARAPL1	S2_mrna_detected_only	0.586207	29	0.00083265	0.833158
ENSG00000139116	KIF21A	S2_mrna_detected_only	0.460317	28	0.0137062	0.690534
ENSG00000139117	CPNE8	S2_mrna_detected_only	0.489621	27	0.00953646	0.729197
ENSG00000139131	YARS2	S2_mrna_detected_only	-0.035965	29	0.853058	0.0862051
ENSG00000139132	FGD4	S2_mrna_detected_only	0.597537	29	0.000620003	0.844768
ENSG00000139144	PIK3C2G	S2_mrna_detected_only	0.579771	6	0.227784	0.826014
ENSG00000139146	FAM60A	S2_mrna_detected_only	0.18627	29	0.333307	0.296018
ENSG00000139154	AEBP2	S2_mrna_detected_only	0.401947	28	0.0339818	0.610685
ENSG00000139163	ETNK1	S2_mrna_detected_only	0.213334	29	0.266501	0.333211
ENSG00000139168	ZCRB1	S2_mrna_detected_only	-0.126514	29	0.513133	0.0444946
ENSG00000139173	TMEM117	S2_mrna_detected_only	0.0394168	27	0.845237	0.137476
ENSG00000139180	NDUFA9	S2_mrna_detected_only	0.476906	29	0.00890305	0.711967
ENSG00000139182	CLSTN3	S2_mrna_detected_only	0.25484	28	0.190623	0.394253
ENSG00000139190	VAMP1	S2_mrna_detected_only	0.0914974	27	0.649907	0.188538
ENSG00000139192	TAPBPL	S2_mrna_detected_only	0.657143	29	0.000107648	0.898088
ENSG00000139194	RBP5	S2_mrna_detected_only	0.634105	22	0.00152897	0.877758
ENSG00000139197	PEX5	S2_mrna_detected_only	0.517734	29	0.00402034	0.764814
ENSG00000139200	PIANP	S2_mrna_detected_only	0.57735	8	0.133975	0.824123
ENSG00000139209	SLC38A4	S2_mrna_detected_only	0.63901	9	0.0639241	0.882538
ENSG00000139211	AMIGO2	S2_mrna_detected_only	0.376846	27	0.0526709	0.574228
ENSG00000139218	SCAF11	S2_mrna_detected_only	0.310837	29	0.10075	0.476203
ENSG00000139219	COL2A1	S2_mrna_detected_only		1		
ENSG00000139220	PPFIA2	S2_mrna_detected_only	0.8	4	0.2	0.979513
ENSG00000139233	LLPH	S2_mrna_detected_only	-0.186908	29	0.331624	0.0257932
ENSG00000139263	LRIG3	S2_mrna_detected_only	0.22836	29	0.233463	0.35664
ENSG00000139269	INHBE	S2_mrna_detected_only		2		
ENSG00000139278	GLIPR1	S2_mrna_detected_only	0.516	28	0.00494302	0.762818
ENSG00000139289	PHLDA1	S2_mrna_detected_only	0.0314405	28	0.873809	0.130962
ENSG00000139291	TMEM19	S2_mrna_detected_only	0.211363	29	0.271049	0.329639
ENSG00000139318	DUSP6	S2_mrna_detected_only	0.0376398	29	0.846294	0.13569
ENSG00000139323	POC1B	S2_mrna_detected_only	0.263309	28	0.175797	0.405285
ENSG00000139324	TMTC3	S2_mrna_detected_only	0.325989	28	0.0904693	0.499107
ENSG00000139329	LUM	S2_mrna_detected_only	0.661741	28	0.00012561	0.901923
ENSG00000139330	KERA	S2_mrna_detected_only		1		
ENSG00000139343	SNRPF	S2_mrna_detected_only	0.251724	29	0.187746	0.38858
ENSG00000139344	AMDHD1	S2_mrna_detected_only	0.8	4	0.2	0.979513
ENSG00000139350	NEDD1	S2_mrna_detected_only	0.335165	27	0.0874525	0.51287
ENSG00000139351	SYCP3	S2_mrna_detected_only		1		
ENSG00000139364	TMEM132B	S2_mrna_detected_only		2		
ENSG00000139370	SLC15A4	S2_mrna_detected_only	0.337217	29	0.0736299	0.515602
ENSG00000139372	TDG	S2_mrna_detected_only	0.226725	29	0.236918	0.354539
ENSG00000139405	RITA1	S2_mrna_detected_only	0.0763982	29	0.693658	0.171937
ENSG00000139410	SDSL	S2_mrna_detected_only	0.606838	26	0.00101286	0.851965
ENSG00000139428	MMAB	S2_mrna_detected_only	0.460099	29	0.012027	0.690324
ENSG00000139433	GLTP	S2_mrna_detected_only	0.330583	29	0.0798494	0.505884
ENSG00000139436	GIT2	S2_mrna_detected_only	0.599015	29	0.000596125	0.846239
ENSG00000139437	TCHP	S2_mrna_detected_only	-0.11018	29	0.569373	0.0498529
ENSG00000139445	FOXN4	S2_mrna_detected_only		1		
ENSG00000139496	NUP58	S2_mrna_detected_only	0.0596059	29	0.758736	0.156545
ENSG00000139505	MTMR6	S2_mrna_detected_only	0.20936	29	0.275723	0.325489
ENSG00000139508	SLC46A3	S2_mrna_detected_only	-0.0514933	29	0.790795	0.074648
ENSG00000139514	SLC7A1	S2_mrna_detected_only	0.399124	28	0.0353772	0.605852
ENSG00000139515	PDX1	S2_mrna_detected_only	0.9	5	0.0373861	0.997163
ENSG00000139517	LNX2	S2_mrna_detected_only	0.283714	29	0.135834	0.436699
ENSG00000139531	SUOX	S2_mrna_detected_only	0.426601	29	0.0210106	0.646197
ENSG00000139537	CCDC65	S2_mrna_detected_only	0.67082	5	0.21517	0.910065
ENSG00000139540	SLC39A5	S2_mrna_detected_only	0.593306	9	0.092162	0.840303
ENSG00000139546	TARBP2	S2_mrna_detected_only	0.248858	29	0.19299	0.383642
ENSG00000139547	RDH16	S2_mrna_detected_only		2		
ENSG00000139549	DHH	S2_mrna_detected_only		1		
ENSG00000139567	ACVRL1	S2_mrna_detected_only	0.260666	29	0.172024	0.401607
ENSG00000139579	NABP2	S2_mrna_detected_only	0.20795	29	0.279042	0.323545
ENSG00000139597	N4BP2L1	S2_mrna_detected_only	0.175299	29	0.363055	0.283831
ENSG00000139613	SMARCC2	S2_mrna_detected_only	0.47734	29	0.00883247	0.71265
ENSG00000139620	KANSL2	S2_mrna_detected_only	0.183572	29	0.340481	0.292551
ENSG00000139624	CERS5	S2_mrna_detected_only	0.438313	29	0.0173917	0.66017
ENSG00000139626	ITGB7	S2_mrna_detected_only	0.613862	21	0.00307626	0.859792
ENSG00000139631	CSAD	S2_mrna_detected_only	0.314673	29	0.0963985	0.482402
ENSG00000139637	C12orf10	S2_mrna_detected_only	0.24535	29	0.199545	0.378178
ENSG00000139641	ESYT1	S2_mrna_detected_only	0.547291	29	0.00212196	0.79481
ENSG00000139644	TMBIM6	S2_mrna_detected_only	0.194414	28	0.321519	0.305054
ENSG00000139645	ANKRD52	S2_mrna_detected_only	-0.195463	28	0.318865	0.023692
ENSG00000139651	ZNF740	S2_mrna_detected_only	0.501251	28	0.00658276	0.742961
ENSG00000139668	WDFY2	S2_mrna_detected_only	0.67406	29	6.09939e-05	0.912219
ENSG00000139684	ESD	S2_mrna_detected_only	0.270443	29	0.155922	0.417682
ENSG00000139687	RB1	S2_mrna_detected_only	0.493411	29	0.00653024	0.73403
ENSG00000139697	SBNO1	S2_mrna_detected_only	0.0656814	28	0.739839	0.163007
ENSG00000139714	MORN3	S2_mrna_detected_only		2		
ENSG00000139718	SETD1B	S2_mrna_detected_only	0.432736	28	0.0214472	0.653341
ENSG00000139719	VPS33A	S2_mrna_detected_only	0.207444	28	0.289499	0.322914
ENSG00000139722	VPS37B	S2_mrna_detected_only	0.306195	29	0.106212	0.469952
ENSG00000139725	RHOF	S2_mrna_detected_only	0.513834	23	0.0121404	0.760611
ENSG00000139726	DENR	S2_mrna_detected_only	-0.140394	29	0.467594	0.0396617
ENSG00000139737	SLAIN1	S2_mrna_detected_only	0.606434	27	0.000798785	0.851492
ENSG00000139746	RBM26	S2_mrna_detected_only	0.185714	29	0.334777	0.295493
ENSG00000139793	MBNL2	S2_mrna_detected_only	0.172906	29	0.369743	0.281046
ENSG00000139797	RNF113B	S2_mrna_detected_only		1		
ENSG00000139826	ABHD13	S2_mrna_detected_only	-0.223514	29	0.243804	0.0181236
ENSG00000139832	RAB20	S2_mrna_detected_only	0.670136	29	6.98076e-05	0.909802
ENSG00000139842	CUL4A	S2_mrna_detected_only	0.130542	29	0.499698	0.232192
ENSG00000139890	REM2	S2_mrna_detected_only		1		
ENSG00000139910	NOVA1	S2_mrna_detected_only	0.614305	19	0.0051368	0.860212
ENSG00000139914	FITM1	S2_mrna_detected_only	0.564288	5	0.321723	0.812145
ENSG00000139915	MDGA2	S2_mrna_detected_only		1		
ENSG00000139921	TMX1	S2_mrna_detected_only	0.222441	29	0.246133	0.347289
ENSG00000139926	FRMD6	S2_mrna_detected_only	0.434676	27	0.0234667	0.657071
ENSG00000139970	RTN1	S2_mrna_detected_only	0.784719	18	0.000115068	0.974207
ENSG00000139974	SLC38A6	S2_mrna_detected_only	0.0201329	27	0.920604	0.123818
ENSG00000139977	NAA30	S2_mrna_detected_only	0.305703	29	0.106805	0.468533
ENSG00000139988	RDH12	S2_mrna_detected_only	0.840668	6	0.0360576	0.989704
ENSG00000139990	DCAF5	S2_mrna_detected_only	0.108867	29	0.574011	0.206819
ENSG00000139998	RAB15	S2_mrna_detected_only	0.564471	25	0.00328811	0.812198
ENSG00000140006	WDR89	S2_mrna_detected_only	0.267488	29	0.160671	0.412692
ENSG00000140022	STON2	S2_mrna_detected_only	0.3	19	0.212074	0.459393
ENSG00000140043	PTGR2	S2_mrna_detected_only	0.743944	28	5.69167e-06	0.954875
ENSG00000140057	AK7	S2_mrna_detected_only	0.539394	10	0.107593	0.787088
ENSG00000140090	SLC24A4	S2_mrna_detected_only	-0.316228	4	0.683772	0.00651397
ENSG00000140092	FBLN5	S2_mrna_detected_only	0.362562	29	0.0532465	0.554843
ENSG00000140093	SERPINA10	S2_mrna_detected_only		1		
ENSG00000140105	WARS	S2_mrna_detected_only	0.561084	29	0.00154306	0.808888
ENSG00000140153	WDR20	S2_mrna_detected_only	0.0859712	29	0.657457	0.182234
ENSG00000140199	SLC12A6	S2_mrna_detected_only	0.16694	28	0.395841	0.273744
ENSG00000140254	DUOXA1	S2_mrna_detected_only	0.415199	10	0.232794	0.630857
ENSG00000140259	MFAP1	S2_mrna_detected_only	0.274877	29	0.148988	0.423041
ENSG00000140262	TCF12	S2_mrna_detected_only	0.401478	29	0.0308755	0.609792
ENSG00000140263	SORD	S2_mrna_detected_only	0.803941	29	1.49753e-07	0.9803
ENSG00000140274	DUOXA2	S2_mrna_detected_only	0.880406	6	0.0205987	0.995587
ENSG00000140279	DUOX2	S2_mrna_detected_only	0.85	9	0.00370478	0.99128
ENSG00000140280	LYSMD2	S2_mrna_detected_only	0.610174	29	0.000440381	0.856272
ENSG00000140284	SLC27A2	S2_mrna_detected_only	0.636739	18	0.00448985	0.880174
ENSG00000140285	FGF7	S2_mrna_detected_only	-0.253783	22	0.254435	0.0142362
ENSG00000140297	GCNT3	S2_mrna_detected_only	0.746931	17	0.000570499	0.956556
ENSG00000140299	BNIP2	S2_mrna_detected_only	0.54335	29	0.00231844	0.790607
ENSG00000140307	GTF2A2	S2_mrna_detected_only	0.15605	29	0.418884	0.260611
ENSG00000140319	SRP14	S2_mrna_detected_only	0.062069	29	0.749076	0.159014
ENSG00000140320	BAHD1	S2_mrna_detected_only	-0.148618	29	0.441647	0.0365098
ENSG00000140323	DISP2	S2_mrna_detected_only		3		
ENSG00000140326	CDAN1	S2_mrna_detected_only	0.0405039	29	0.834752	0.138317
ENSG00000140332	TLE3	S2_mrna_detected_only	0.382594	28	0.0444961	0.581792
ENSG00000140350	ANP32A	S2_mrna_detected_only	0.321182	29	0.0893408	0.493276
ENSG00000140365	COMMD4	S2_mrna_detected_only	-0.0162562	29	0.933298	0.0982875
ENSG00000140367	UBE2Q2	S2_mrna_detected_only	0.192266	29	0.317695	0.303373
ENSG00000140368	PSTPIP1	S2_mrna_detected_only	0.472727	11	0.141999	0.706556
ENSG00000140374	ETFA	S2_mrna_detected_only	0.673399	29	6.2406e-05	0.911746
ENSG00000140382	HMG20A	S2_mrna_detected_only	0.123168	29	0.524428	0.222946
ENSG00000140386	SCAPER	S2_mrna_detected_only	0.30904	29	0.10284	0.473892
ENSG00000140391	TSPAN3	S2_mrna_detected_only	0.365206	29	0.0514066	0.558468
ENSG00000140395	WDR61	S2_mrna_detected_only	0.204433	29	0.287434	0.318922
ENSG00000140396	NCOA2	S2_mrna_detected_only	0.0943582	29	0.626349	0.190639
ENSG00000140400	MAN2C1	S2_mrna_detected_only	0.409903	29	0.0272189	0.623713
ENSG00000140406	MESDC1	S2_mrna_detected_only	0.0563833	27	0.779988	0.153761
ENSG00000140416	TPM1	S2_mrna_detected_only	0.793596	29	2.80666e-07	0.977411
ENSG00000140443	IGF1R	S2_mrna_detected_only	0.376351	28	0.04839	0.573387
ENSG00000140455	USP3	S2_mrna_detected_only	0.236453	29	0.216856	0.367199
ENSG00000140459	CYP11A1	S2_mrna_detected_only	0.660606	10	0.0375884	0.900977
ENSG00000140463	BBS4	S2_mrna_detected_only	0.43852	29	0.0173328	0.660853
ENSG00000140464	PML	S2_mrna_detected_only	0.695129	28	4.03681e-05	0.926613
ENSG00000140465	CYP1A1	S2_mrna_detected_only		2		
ENSG00000140474	ULK3	S2_mrna_detected_only	0.239901	29	0.21003	0.371769
ENSG00000140481	CCDC33	S2_mrna_detected_only		2		
ENSG00000140497	SCAMP2	S2_mrna_detected_only	0.550739	29	0.001962	0.799065
ENSG00000140505	CYP1A2	S2_mrna_detected_only		1		
ENSG00000140519	RHCG	S2_mrna_detected_only	0.428571	6	0.396501	0.648771
ENSG00000140521	POLG	S2_mrna_detected_only	0.214778	29	0.2632	0.335365
ENSG00000140522	RLBP1	S2_mrna_detected_only		1		
ENSG00000140526	ABHD2	S2_mrna_detected_only	0.347313	29	0.064891	0.530836
ENSG00000140527	WDR93	S2_mrna_detected_only		2		
ENSG00000140534	TICRR	S2_mrna_detected_only	0.344124	5	0.570656	0.526266
ENSG00000140543	DET1	S2_mrna_detected_only	0.371438	27	0.0564418	0.567609
ENSG00000140545	MFGE8	S2_mrna_detected_only	0.37931	29	0.0424227	0.57801
ENSG00000140553	UNC45A	S2_mrna_detected_only	0.545387	29	0.00221497	0.793286
ENSG00000140563	MCTP2	S2_mrna_detected_only	0.507033	22	0.0160226	0.751366
ENSG00000140564	FURIN	S2_mrna_detected_only	0.366608	29	0.050451	0.559834
ENSG00000140575	IQGAP1	S2_mrna_detected_only	0.70723	29	1.78981e-05	0.935175
ENSG00000140577	CRTC3	S2_mrna_detected_only	0.314934	29	0.0961087	0.4834
ENSG00000140598	EFTUD1	S2_mrna_detected_only	0.273399	29	0.151275	0.421254
ENSG00000140600	SH3GL3	S2_mrna_detected_only	0.564288	5	0.321723	0.812145
ENSG00000140612	SEC11A	S2_mrna_detected_only	0.0285749	29	0.88302	0.128756
ENSG00000140623	SEPT12	S2_mrna_detected_only		1		
ENSG00000140632	GLYR1	S2_mrna_detected_only	0.451232	29	0.014014	0.678241
ENSG00000140650	PMM2	S2_mrna_detected_only	0.66798	29	7.51174e-05	0.907911
ENSG00000140675	SLC5A2	S2_mrna_detected_only		1		
ENSG00000140682	TGFB1I1	S2_mrna_detected_only	0.554335	27	0.00269628	0.803057
ENSG00000140688	C16orf58	S2_mrna_detected_only	0.318227	29	0.0924954	0.489756
ENSG00000140691	ARMC5	S2_mrna_detected_only	-0.292982	19	0.223484	0.00940324
ENSG00000140694	PARN	S2_mrna_detected_only	0.205469	29	0.284945	0.320813
ENSG00000140718	FTO	S2_mrna_detected_only	0.161576	29	0.402388	0.267598
ENSG00000140740	UQCRC2	S2_mrna_detected_only	0.540887	29	0.00244906	0.788611
ENSG00000140743	CDR2	S2_mrna_detected_only	0.243403	29	0.203249	0.375447
ENSG00000140750	ARHGAP17	S2_mrna_detected_only	0.450739	29	0.0141319	0.677979
ENSG00000140795	MYLK3	S2_mrna_detected_only		3		
ENSG00000140829	DHX38	S2_mrna_detected_only	0.519212	29	0.00389912	0.766495
ENSG00000140830	TXNL4B	S2_mrna_detected_only	0.0558026	29	0.77372	0.152606
ENSG00000140832	MARVELD3	S2_mrna_detected_only	0.0987955	17	0.705994	0.195472
ENSG00000140835	CHST4	S2_mrna_detected_only	0.8	4	0.2	0.979513
ENSG00000140836	ZFHX3	S2_mrna_detected_only	-0.00150376	20	0.99498	0.106588
ENSG00000140839	CLEC18B	S2_mrna_detected_only		1		
ENSG00000140848	CPNE2	S2_mrna_detected_only	0.810071	28	1.76068e-07	0.982192
ENSG00000140854	KATNB1	S2_mrna_detected_only	0.0394137	29	0.839142	0.137371
ENSG00000140859	KIFC3	S2_mrna_detected_only	0.399324	25	0.0479795	0.606062
ENSG00000140876	NUDT7	S2_mrna_detected_only	0.324476	29	0.085922	0.497006
ENSG00000140905	GCSH	S2_mrna_detected_only	0.652799	28	0.000166329	0.894043
ENSG00000140939	NOL3	S2_mrna_detected_only	0.753202	29	2.41476e-06	0.95934
ENSG00000140941	MAP1LC3B	S2_mrna_detected_only	0.408374	29	0.0278547	0.621717
ENSG00000140943	MBTPS1	S2_mrna_detected_only	0.241498	29	0.206919	0.37345
ENSG00000140950	TLDC1	S2_mrna_detected_only	0.367206	25	0.0709634	0.560675
ENSG00000140955	ADAD2	S2_mrna_detected_only		1		
ENSG00000140983	RHOT2	S2_mrna_detected_only	-0.0280788	29	0.885038	0.0920887
ENSG00000140986	RPL3L	S2_mrna_detected_only		2		
ENSG00000140988	RPS2	S2_mrna_detected_only	-0.0123153	29	0.949444	0.100389
ENSG00000140990	NDUFB10	S2_mrna_detected_only	0.661576	29	9.30741e-05	0.90166
ENSG00000140992	PDPK1	S2_mrna_detected_only	0.438424	29	0.0173602	0.660328
ENSG00000140995	DEF8	S2_mrna_detected_only	0.283391	29	0.1363	0.436384
ENSG00000141002	TCF25	S2_mrna_detected_only	0.425123	29	0.0215082	0.644516
ENSG00000141012	GALNS	S2_mrna_detected_only	0.287356	28	0.138154	0.442845
ENSG00000141013	GAS8	S2_mrna_detected_only	0.371354	25	0.0675948	0.567294
ENSG00000141026	MED9	S2_mrna_detected_only	0.310383	29	0.101276	0.475573
ENSG00000141027	NCOR1	S2_mrna_detected_only	0.198793	29	0.301227	0.311357
ENSG00000141030	COPS3	S2_mrna_detected_only	0.091133	29	0.638241	0.187855
ENSG00000141034	GID4	S2_mrna_detected_only	0.067571	29	0.727635	0.164268
ENSG00000141068	KSR1	S2_mrna_detected_only	0.628352	28	0.000342922	0.87366
ENSG00000141076	CIRH1A	S2_mrna_detected_only	-0.0485341	29	0.802576	0.0770645
ENSG00000141084	RANBP10	S2_mrna_detected_only	0.219239	29	0.253174	0.341301
ENSG00000141086	CTRL	S2_mrna_detected_only		3		
ENSG00000141096	DPEP3	S2_mrna_detected_only		2		
ENSG00000141098	GFOD2	S2_mrna_detected_only	0.150243	29	0.436613	0.253887
ENSG00000141101	NOB1	S2_mrna_detected_only	0.241379	29	0.20715	0.373135
ENSG00000141127	PRPSAP2	S2_mrna_detected_only	0.220197	29	0.251054	0.342877
ENSG00000141161	UNC45B	S2_mrna_detected_only		1		
ENSG00000141179	PCTP	S2_mrna_detected_only	0.602045	29	0.000549679	0.84834
ENSG00000141198	TOM1L1	S2_mrna_detected_only	0.677433	28	7.50051e-05	0.914425
ENSG00000141200	KIF2B	S2_mrna_detected_only		1		
ENSG00000141219	C17orf80	S2_mrna_detected_only	0.0986437	29	0.610689	0.195262
ENSG00000141252	VPS53	S2_mrna_detected_only	0.352869	27	0.0710148	0.539872
ENSG00000141258	SGSM2	S2_mrna_detected_only	-0.172102	28	0.381183	0.0291553
ENSG00000141279	NPEPPS	S2_mrna_detected_only	0.194581	29	0.311792	0.305211
ENSG00000141294	LRRC46	S2_mrna_detected_only	0.8	4	0.2	0.979513
ENSG00000141295	SCRN2	S2_mrna_detected_only	0.532512	29	0.00294175	0.779681
ENSG00000141298	SSH2	S2_mrna_detected_only	0.24284	28	0.21308	0.374711
ENSG00000141316	SPACA3	S2_mrna_detected_only		2		
ENSG00000141338	ABCA8	S2_mrna_detected_only	0.529915	27	0.00447045	0.777264
ENSG00000141349	G6PC3	S2_mrna_detected_only	0.073399	29	0.705141	0.169206
ENSG00000141367	CLTC	S2_mrna_detected_only	0.405911	29	0.0289047	0.61804
ENSG00000141376	BCAS3	S2_mrna_detected_only	0.577833	29	0.00102838	0.824385
ENSG00000141378	PTRH2	S2_mrna_detected_only	0.271921	29	0.153586	0.419994
ENSG00000141380	SS18	S2_mrna_detected_only	0.346969	29	0.0651749	0.530311
ENSG00000141384	TAF4B	S2_mrna_detected_only	-0.208388	19	0.391924	0.0212755
ENSG00000141385	AFG3L2	S2_mrna_detected_only	0.758128	29	1.89929e-06	0.961704
ENSG00000141404	GNAL	S2_mrna_detected_only	0.0874889	22	0.698646	0.18381
ENSG00000141424	SLC39A6	S2_mrna_detected_only	0.29292	29	0.123052	0.449517
ENSG00000141425	RPRD1A	S2_mrna_detected_only	0.314286	29	0.0968318	0.481719
ENSG00000141428	C18orf21	S2_mrna_detected_only	0.293676	29	0.122044	0.450672
ENSG00000141429	GALNT1	S2_mrna_detected_only	0.306404	29	0.105962	0.470214
ENSG00000141434	MEP1B	S2_mrna_detected_only		3		
ENSG00000141437	SLC25A52	S2_mrna_detected_only		1		
ENSG00000141447	OSBPL1A	S2_mrna_detected_only	0.577833	29	0.00102838	0.824385
ENSG00000141448	GATA6	S2_mrna_detected_only	0.62698	24	0.00104263	0.871769
ENSG00000141452	C18orf8	S2_mrna_detected_only	0.0438424	29	0.82134	0.140996
ENSG00000141456	PELP1	S2_mrna_detected_only	0.361576	29	0.0539452	0.553583
ENSG00000141458	NPC1	S2_mrna_detected_only	0.224138	29	0.242455	0.350126
ENSG00000141480	ARRB2	S2_mrna_detected_only	0.660591	29	9.61516e-05	0.900714
ENSG00000141485	SLC13A5	S2_mrna_detected_only		2		
ENSG00000141503	MINK1	S2_mrna_detected_only	0.473892	29	0.00940663	0.708447
ENSG00000141504	SAT2	S2_mrna_detected_only	0.674384	29	6.0313e-05	0.912482
ENSG00000141505	ASGR1	S2_mrna_detected_only	0.801784	7	0.0300992	0.980143
ENSG00000141506	PIK3R5	S2_mrna_detected_only	0.265224	19	0.272465	0.408437
ENSG00000141510	TP53	S2_mrna_detected_only	0.199237	29	0.300126	0.311988
ENSG00000141519	CCDC40	S2_mrna_detected_only	0.1	5	0.872889	0.19689
ENSG00000141522	ARHGDIA	S2_mrna_detected_only	0.00197044	29	0.991906	0.108951
ENSG00000141524	TMC6	S2_mrna_detected_only	-0.0476669	23	0.829006	0.0775898
ENSG00000141526	SLC16A3	S2_mrna_detected_only	0.609565	24	0.00156621	0.8558
ENSG00000141540	TTYH2	S2_mrna_detected_only	0.30796	25	0.134226	0.472631
ENSG00000141542	RAB40B	S2_mrna_detected_only	0.314102	27	0.110583	0.481351
ENSG00000141543	EIF4A3	S2_mrna_detected_only	-0.0285714	29	0.883034	0.091826
ENSG00000141551	CSNK1D	S2_mrna_detected_only	0.389163	29	0.0369262	0.590775
ENSG00000141556	TBCD	S2_mrna_detected_only	-0.171429	29	0.373911	0.0294705
ENSG00000141560	FN3KRP	S2_mrna_detected_only	0.5133	29	0.00440354	0.759246
ENSG00000141562	NARF	S2_mrna_detected_only	0.0939836	29	0.627726	0.189798
ENSG00000141564	RPTOR	S2_mrna_detected_only	0.0543428	27	0.787767	0.15124
ENSG00000141568	FOXK2	S2_mrna_detected_only	0.218766	29	0.254225	0.34088
ENSG00000141569	TRIM65	S2_mrna_detected_only	0.28867	29	0.128839	0.444631
ENSG00000141570	CBX8	S2_mrna_detected_only	0.265734	12	0.403833	0.409592
ENSG00000141579	ZNF750	S2_mrna_detected_only	-0.185312	7	0.690778	0.026161
ENSG00000141580	WDR45B	S2_mrna_detected_only	0.510345	29	0.00467598	0.755306
ENSG00000141582	CBX4	S2_mrna_detected_only	0.251359	29	0.188408	0.388159
ENSG00000141627	DYM	S2_mrna_detected_only	0.00689995	29	0.971663	0.113101
ENSG00000141642	ELAC1	S2_mrna_detected_only	-0.159755	28	0.416771	0.0330427
ENSG00000141644	MBD1	S2_mrna_detected_only	0.137931	29	0.475518	0.239914
ENSG00000141646	SMAD4	S2_mrna_detected_only	0.398522	29	0.0322488	0.604486
ENSG00000141664	ZCCHC2	S2_mrna_detected_only	0.510953	29	0.00461878	0.756514
ENSG00000141665	FBXO15	S2_mrna_detected_only	-0.210819	4	0.789181	0.0203824
ENSG00000141696	P3H4	S2_mrna_detected_only	0.420394	27	0.0290081	0.638317
ENSG00000141698	NT5C3B	S2_mrna_detected_only	0.596552	29	0.000636383	0.843717
ENSG00000141699	FAM134C	S2_mrna_detected_only	0.0935961	29	0.629151	0.189588
ENSG00000141736	ERBB2	S2_mrna_detected_only	0.749754	29	2.84745e-06	0.958027
ENSG00000141738	GRB7	S2_mrna_detected_only	0.403509	19	0.0866808	0.614783
ENSG00000141741	MIEN1	S2_mrna_detected_only	0.157635	29	0.414113	0.263028
ENSG00000141744	PNMT	S2_mrna_detected_only	0.4	4	0.6	0.607165
ENSG00000141750	STAC2	S2_mrna_detected_only	0.258199	4	0.741801	0.398613
ENSG00000141753	IGFBP4	S2_mrna_detected_only	0.494089	29	0.00644552	0.734713
ENSG00000141756	FKBP10	S2_mrna_detected_only	0.791626	29	3.15081e-07	0.976781
ENSG00000141759	TXNL4A	S2_mrna_detected_only	-0.170443	29	0.376705	0.0298907
ENSG00000141837	CACNA1A	S2_mrna_detected_only		3		
ENSG00000141854	CTB-55O6.8	S2_mrna_detected_only	0.39011	13	0.187574	0.591773
ENSG00000141858	SAMD1	S2_mrna_detected_only	0.403284	29	0.0300601	0.614047
ENSG00000141867	BRD4	S2_mrna_detected_only	-0.0192118	29	0.921204	0.0971318
ENSG00000141873	SLC39A3	S2_mrna_detected_only	0.198786	29	0.301243	0.311252
ENSG00000141905	NFIC	S2_mrna_detected_only	0.615271	29	0.000382042	0.860843
ENSG00000141933	TPGS1	S2_mrna_detected_only		3		
ENSG00000141959	PFKL	S2_mrna_detected_only	0.33399	29	0.0766068	0.511137
ENSG00000141971	MVB12A	S2_mrna_detected_only	0.0527094	29	0.785967	0.149611
ENSG00000141985	SH3GL1	S2_mrna_detected_only	0.525616	29	0.00340928	0.773377
ENSG00000141994	DUS3L	S2_mrna_detected_only	0.368132	27	0.0588493	0.562671
ENSG00000142002	DPP9	S2_mrna_detected_only	0.360591	29	0.0546511	0.551271
ENSG00000142025	DMRTC2	S2_mrna_detected_only		1		
ENSG00000142039	CCDC97	S2_mrna_detected_only	0.540887	29	0.00244906	0.788611
ENSG00000142082	SIRT3	S2_mrna_detected_only	0.384729	29	0.0393242	0.584524
ENSG00000142089	IFITM3	S2_mrna_detected_only	0.458354	29	0.0123981	0.687907
ENSG00000142156	COL6A1	S2_mrna_detected_only	0.527094	29	0.00330406	0.77469
ENSG00000142166	IFNAR1	S2_mrna_detected_only	0.25321	29	0.185065	0.391521
ENSG00000142168	SOD1	S2_mrna_detected_only	0.119704	29	0.536244	0.218113
ENSG00000142173	COL6A2	S2_mrna_detected_only	0.556103	28	0.00212079	0.805106
ENSG00000142185	TRPM2	S2_mrna_detected_only	0.488981	13	0.089936	0.728567
ENSG00000142186	SCYL1	S2_mrna_detected_only	0.212315	29	0.268845	0.33153
ENSG00000142192	APP	S2_mrna_detected_only	0.40832	28	0.0309946	0.621402
ENSG00000142197	DOPEY2	S2_mrna_detected_only	0.470717	28	0.0114692	0.70477
ENSG00000142207	URB1	S2_mrna_detected_only	-0.0470501	29	0.8085	0.0780101
ENSG00000142208	AKT1	S2_mrna_detected_only	0.14335	29	0.458178	0.244589
ENSG00000142227	EMP3	S2_mrna_detected_only	0.106431	29	0.58266	0.203772
ENSG00000142230	SAE1	S2_mrna_detected_only	0.409852	29	0.0272397	0.623503
ENSG00000142235	LMTK3	S2_mrna_detected_only		2		
ENSG00000142252	GEMIN7	S2_mrna_detected_only	-0.161443	29	0.402783	0.0325173
ENSG00000142279	WTIP	S2_mrna_detected_only	0.600229	27	0.000933456	0.847184
ENSG00000142396	ERVK3-1	S2_mrna_detected_only	0.0211823	29	0.913151	0.124448
ENSG00000142408	CACNG8	S2_mrna_detected_only		1		
ENSG00000142409	ZNF787	S2_mrna_detected_only	-0.0832512	29	0.66767	0.0608846
ENSG00000142444	C19orf52	S2_mrna_detected_only	-0.0980416	29	0.612879	0.0538979
ENSG00000142449	FBN3	S2_mrna_detected_only		1		
ENSG00000142453	CARM1	S2_mrna_detected_only	0.147062	29	0.446494	0.249159
ENSG00000142459	EVI5L	S2_mrna_detected_only	0.462564	26	0.017342	0.694158
ENSG00000142494	SLC47A1	S2_mrna_detected_only	0.735447	13	0.00417092	0.950672
ENSG00000142507	PSMB6	S2_mrna_detected_only	0.295074	29	0.120195	0.452564
ENSG00000142515	KLK3	S2_mrna_detected_only	0.133333	9	0.732368	0.235344
ENSG00000142534	RPS11	S2_mrna_detected_only	0.294581	29	0.120844	0.452038
ENSG00000142539	CTD-2545M3.6	S2_mrna_detected_only		1		
ENSG00000142541	RPL13A	S2_mrna_detected_only	0.062069	29	0.749076	0.159014
ENSG00000142544	CTU1	S2_mrna_detected_only		1		
ENSG00000142546	NOSIP	S2_mrna_detected_only	0.23399	29	0.221823	0.364467
ENSG00000142549	IGLON5	S2_mrna_detected_only		2		
ENSG00000142552	RCN3	S2_mrna_detected_only	0.32	24	0.127411	0.492068
ENSG00000142583	SLC2A5	S2_mrna_detected_only	0.750258	18	0.000335298	0.958447
ENSG00000142599	RERE	S2_mrna_detected_only	0.259113	29	0.174685	0.399401
ENSG00000142609	CFAP74	S2_mrna_detected_only		2		
ENSG00000142615	CELA2A	S2_mrna_detected_only	0.857143	8	0.00653002	0.99233
ENSG00000142619	PADI3	S2_mrna_detected_only		2		
ENSG00000142621	FHAD1	S2_mrna_detected_only		2		
ENSG00000142623	PADI1	S2_mrna_detected_only	0.4	4	0.6	0.607165
ENSG00000142627	EPHA2	S2_mrna_detected_only	0.349754	28	0.0680833	0.534461
ENSG00000142634	EFHD2	S2_mrna_detected_only	0.732512	29	6.2519e-06	0.949149
ENSG00000142655	PEX14	S2_mrna_detected_only	0.0827586	29	0.669526	0.178556
ENSG00000142657	PGD	S2_mrna_detected_only	0.626601	29	0.000276097	0.871191
ENSG00000142661	MYOM3	S2_mrna_detected_only	0.2	5	0.74706	0.313354
ENSG00000142669	SH3BGRL3	S2_mrna_detected_only	0.539901	29	0.00250305	0.787665
ENSG00000142675	CNKSR1	S2_mrna_detected_only	0.31505	19	0.188913	0.483557
ENSG00000142676	RPL11	S2_mrna_detected_only	0.403941	29	0.0297676	0.615308
ENSG00000142677	IL22RA1	S2_mrna_detected_only	0.400912	11	0.221716	0.608689
ENSG00000142684	ZNF593	S2_mrna_detected_only	-0.197875	27	0.322484	0.0233768
ENSG00000142687	KIAA0319L	S2_mrna_detected_only	0.606971	29	0.000480914	0.852227
ENSG00000142694	EVA1B	S2_mrna_detected_only	0.494324	18	0.037044	0.734871
ENSG00000142733	MAP3K6	S2_mrna_detected_only	0.471407	24	0.0200515	0.705348
ENSG00000142748	FCN3	S2_mrna_detected_only	0.571429	13	0.0413423	0.81887
ENSG00000142751	GPN2	S2_mrna_detected_only	0.0460316	29	0.812572	0.14294
ENSG00000142784	WDTC1	S2_mrna_detected_only	0.0802956	29	0.678834	0.175562
ENSG00000142789	CELA3A	S2_mrna_detected_only	0.190476	8	0.651401	0.301534
ENSG00000142798	HSPG2	S2_mrna_detected_only	0.399878	27	0.038769	0.606903
ENSG00000142864	SERBP1	S2_mrna_detected_only	0.526601	29	0.00333882	0.774217
ENSG00000142867	BCL10	S2_mrna_detected_only	0.412315	29	0.0262393	0.627863
ENSG00000142871	CYR61	S2_mrna_detected_only	0.459331	29	0.0121891	0.689588
ENSG00000142875	PRKACB	S2_mrna_detected_only	0.455665	29	0.0129888	0.684282
ENSG00000142892	PIGK	S2_mrna_detected_only	-0.0137931	29	0.943387	0.100021
ENSG00000142910	TINAGL1	S2_mrna_detected_only	0.591626	29	0.000724103	0.838779
ENSG00000142937	RPS8	S2_mrna_detected_only	0.438916	29	0.0172203	0.661326
ENSG00000142949	PTPRF	S2_mrna_detected_only	0.557387	27	0.00252433	0.806314
ENSG00000142959	BEST4	S2_mrna_detected_only	0.927634	6	0.00766584	0.999159
ENSG00000142961	MOB3C	S2_mrna_detected_only	0.256112	29	0.179911	0.395409
ENSG00000142973	CYP4B1	S2_mrna_detected_only	0.29968	14	0.297908	0.458867
ENSG00000143006	DMRTB1	S2_mrna_detected_only		1		
ENSG00000143013	LMO4	S2_mrna_detected_only	0.254713	29	0.182383	0.393938
ENSG00000143033	MTF2	S2_mrna_detected_only	0.68278	29	4.48629e-05	0.918313
ENSG00000143036	SLC44A3	S2_mrna_detected_only	0.56457	24	0.00405224	0.812513
ENSG00000143061	IGSF3	S2_mrna_detected_only	0.838509	22	1.09805e-06	0.989441
ENSG00000143079	CTTNBP2NL	S2_mrna_detected_only	0.745484	28	5.31331e-06	0.95561
ENSG00000143093	STRIP1	S2_mrna_detected_only	0.338424	29	0.0725405	0.517756
ENSG00000143106	PSMA5	S2_mrna_detected_only	-0.284493	27	0.150367	0.0103488
ENSG00000143119	CD53	S2_mrna_detected_only	0.626059	29	0.000280504	0.870614
ENSG00000143149	ALDH9A1	S2_mrna_detected_only	0.652709	29	0.000124214	0.893885
ENSG00000143153	ATP1B1	S2_mrna_detected_only	0.828079	29	2.96084e-08	0.98713
ENSG00000143155	TIPRL	S2_mrna_detected_only	0.282547	29	0.137521	0.435123
ENSG00000143156	NME7	S2_mrna_detected_only	0.434483	29	0.0185137	0.656493
ENSG00000143157	POGK	S2_mrna_detected_only	0.0864639	29	0.655614	0.182759
ENSG00000143158	MPC2	S2_mrna_detected_only	0.672906	29	6.34766e-05	0.911378
ENSG00000143162	CREG1	S2_mrna_detected_only	0.6	29	0.000580658	0.846659
ENSG00000143164	DCAF6	S2_mrna_detected_only	0.521182	29	0.00374236	0.768649
ENSG00000143167	GPA33	S2_mrna_detected_only	0.616667	9	0.0769288	0.862051
ENSG00000143179	UCK2	S2_mrna_detected_only	0.168735	29	0.381576	0.276161
ENSG00000143183	TMCO1	S2_mrna_detected_only	0.243626	29	0.202823	0.375552
ENSG00000143190	POU2F1	S2_mrna_detected_only	0.183597	20	0.438444	0.292656
ENSG00000143194	MAEL	S2_mrna_detected_only		3		
ENSG00000143195	ILDR2	S2_mrna_detected_only		3		
ENSG00000143196	DPT	S2_mrna_detected_only	0.399658	26	0.0430906	0.606798
ENSG00000143198	MGST3	S2_mrna_detected_only	0.497537	29	0.00602902	0.738863
ENSG00000143207	RFWD2	S2_mrna_detected_only	0.122073	29	0.528151	0.221212
ENSG00000143222	UFC1	S2_mrna_detected_only	-0.0812808	29	0.675105	0.0620403
ENSG00000143224	PPOX	S2_mrna_detected_only	0.303277	29	0.109758	0.465171
ENSG00000143226	FCGR2A	S2_mrna_detected_only	0.735723	29	5.42469e-06	0.950988
ENSG00000143248	RGS5	S2_mrna_detected_only	0.0448403	29	0.817341	0.141994
ENSG00000143252	SDHC	S2_mrna_detected_only	0.155103	29	0.421746	0.259141
ENSG00000143256	PFDN2	S2_mrna_detected_only	0.210345	29	0.273418	0.32759
ENSG00000143258	USP21	S2_mrna_detected_only	0.320427	29	0.0901388	0.492803
ENSG00000143278	F13B	S2_mrna_detected_only		3		
ENSG00000143294	PRCC	S2_mrna_detected_only	0.185983	29	0.334065	0.295913
ENSG00000143314	MRPL24	S2_mrna_detected_only	0.114286	29	0.554979	0.213017
ENSG00000143315	PIGM	S2_mrna_detected_only	0.490246	29	0.00693818	0.730038
ENSG00000143318	CASQ1	S2_mrna_detected_only	0.157622	7	0.735724	0.26287
ENSG00000143319	ISG20L2	S2_mrna_detected_only	0.247321	29	0.195844	0.381225
ENSG00000143320	CRABP2	S2_mrna_detected_only	0.824675	21	4.25658e-06	0.985869
ENSG00000143321	HDGF	S2_mrna_detected_only	0.243842	29	0.20241	0.376182
ENSG00000143324	XPR1	S2_mrna_detected_only	0.512744	29	0.00445379	0.75872
ENSG00000143337	TOR1AIP1	S2_mrna_detected_only	0.39803	29	0.0324824	0.603698
ENSG00000143341	HMCN1	S2_mrna_detected_only	0.447059	16	0.0825369	0.672358
ENSG00000143344	RGL1	S2_mrna_detected_only	0.131821	29	0.495468	0.23298
ENSG00000143353	LYPLAL1	S2_mrna_detected_only	0.743842	29	3.75456e-06	0.95477
ENSG00000143363	PRUNE	S2_mrna_detected_only	0.467299	29	0.0105919	0.701355
ENSG00000143367	TUFT1	S2_mrna_detected_only	0.307721	26	0.126193	0.472105
ENSG00000143368	SF3B4	S2_mrna_detected_only	0.0275862	29	0.887042	0.128126
ENSG00000143373	ZNF687	S2_mrna_detected_only	0.219978	29	0.251538	0.342351
ENSG00000143374	TARS2	S2_mrna_detected_only	0.534975	29	0.0027887	0.781992
ENSG00000143375	CGN	S2_mrna_detected_only	0.764191	22	3.47299e-05	0.964751
ENSG00000143376	SNX27	S2_mrna_detected_only	0.446756	28	0.0171566	0.671622
ENSG00000143379	SETDB1	S2_mrna_detected_only	0.0187192	29	0.923219	0.122557
ENSG00000143384	MCL1	S2_mrna_detected_only	-0.100012	29	0.605722	0.05332
ENSG00000143387	CTSK	S2_mrna_detected_only	0.0217359	29	0.91089	0.124659
ENSG00000143390	RFX5	S2_mrna_detected_only	0.778325	28	1.08137e-06	0.97074
ENSG00000143393	PI4KB	S2_mrna_detected_only	0.250739	29	0.189537	0.387004
ENSG00000143398	PIP5K1A	S2_mrna_detected_only	0.425616	29	0.0213413	0.645199
ENSG00000143401	ANP32E	S2_mrna_detected_only	0.65665	29	0.000109386	0.89772
ENSG00000143409	FAM63A	S2_mrna_detected_only	0.582266	29	0.000920277	0.830006
ENSG00000143416	SELENBP1	S2_mrna_detected_only	0.708374	29	1.71062e-05	0.936069
ENSG00000143418	CERS2	S2_mrna_detected_only	0.396552	29	0.0331914	0.600704
ENSG00000143420	ENSA	S2_mrna_detected_only	0.227094	29	0.236137	0.354906
ENSG00000143436	MRPL9	S2_mrna_detected_only	0.28867	29	0.128839	0.444631
ENSG00000143437	ARNT	S2_mrna_detected_only	0.333498	29	0.0770692	0.509981
ENSG00000143442	POGZ	S2_mrna_detected_only	0.284236	29	0.135084	0.438012
ENSG00000143452	HORMAD1	S2_mrna_detected_only		1		
ENSG00000143457	GOLPH3L	S2_mrna_detected_only	0.283251	29	0.136502	0.436121
ENSG00000143458	GABPB2	S2_mrna_detected_only	0.215077	26	0.291354	0.335732
ENSG00000143473	KCNH1	S2_mrna_detected_only		1		
ENSG00000143486	EIF2D	S2_mrna_detected_only	0.47931	29	0.00851784	0.715276
ENSG00000143493	INTS7	S2_mrna_detected_only	-0.0517312	28	0.793761	0.074543
ENSG00000143499	SMYD2	S2_mrna_detected_only	0.520453	29	0.0037997	0.767966
ENSG00000143502	SUSD4	S2_mrna_detected_only	0.103203	14	0.725522	0.199569
ENSG00000143514	TP53BP2	S2_mrna_detected_only	0.327094	29	0.0832775	0.500841
ENSG00000143515	ATP8B2	S2_mrna_detected_only	0.418735	27	0.029715	0.635795
ENSG00000143536	CRNN	S2_mrna_detected_only		3		
ENSG00000143537	ADAM15	S2_mrna_detected_only	0.337931	29	0.0729839	0.516915
ENSG00000143543	JTB	S2_mrna_detected_only	0.429194	29	0.0201604	0.649349
ENSG00000143545	RAB13	S2_mrna_detected_only	0.157143	29	0.415592	0.26245
ENSG00000143546	S100A8	S2_mrna_detected_only	0.623846	25	0.000861227	0.868617
ENSG00000143549	TPM3	S2_mrna_detected_only	0.272906	29	0.152042	0.420782
ENSG00000143552	NUP210L	S2_mrna_detected_only		1		
ENSG00000143553	SNAPIN	S2_mrna_detected_only	-0.0413793	29	0.831231	0.0832633
ENSG00000143554	SLC27A3	S2_mrna_detected_only	0.59387	28	0.000863112	0.840986
ENSG00000143556	S100A7	S2_mrna_detected_only	1	4	0	1
ENSG00000143569	UBAP2L	S2_mrna_detected_only	0.402956	29	0.0302068	0.613049
ENSG00000143570	SLC39A1	S2_mrna_detected_only	0.192284	29	0.31765	0.303478
ENSG00000143575	HAX1	S2_mrna_detected_only	0.380788	29	0.041559	0.579534
ENSG00000143578	CREB3L4	S2_mrna_detected_only	0.0149727	29	0.938554	0.11951
ENSG00000143595	AQP10	S2_mrna_detected_only		3		
ENSG00000143612	C1orf43	S2_mrna_detected_only	0.265802	29	0.163426	0.409697
ENSG00000143614	GATAD2B	S2_mrna_detected_only	0.56541	29	0.00139234	0.813249
ENSG00000143621	ILF2	S2_mrna_detected_only	0.400985	29	0.031101	0.609004
ENSG00000143622	RIT1	S2_mrna_detected_only	0.360557	29	0.0546758	0.551114
ENSG00000143624	INTS3	S2_mrna_detected_only	0.104926	29	0.588033	0.201986
ENSG00000143627	PKLR	S2_mrna_detected_only	0.8	4	0.2	0.979513
ENSG00000143631	FLG	S2_mrna_detected_only		2		
ENSG00000143632	ACTA1	S2_mrna_detected_only	0.227549	8	0.587845	0.355642
ENSG00000143633	C1orf131	S2_mrna_detected_only	0.402195	29	0.0305497	0.611315
ENSG00000143641	GALNT2	S2_mrna_detected_only	0.571429	29	0.00120403	0.818607
ENSG00000143643	TTC13	S2_mrna_detected_only	0.228353	29	0.233477	0.356535
ENSG00000143653	SCCPDH	S2_mrna_detected_only	0.818227	29	5.90405e-08	0.984818
ENSG00000143669	LYST	S2_mrna_detected_only	0.548008	27	0.00308483	0.795283
ENSG00000143674	RP5-862P8.2	S2_mrna_detected_only	0.734835	16	0.00118432	0.950357
ENSG00000143702	CEP170	S2_mrna_detected_only	0.404615	25	0.0448315	0.616253
ENSG00000143727	ACP1	S2_mrna_detected_only	0.232512	29	0.224839	0.362366
ENSG00000143740	SNAP47	S2_mrna_detected_only	0.270124	29	0.15643	0.416947
ENSG00000143742	SRP9	S2_mrna_detected_only	0.103448	29	0.593329	0.199989
ENSG00000143748	NVL	S2_mrna_detected_only	0.159825	28	0.416564	0.266075
ENSG00000143751	SDE2	S2_mrna_detected_only	0.149526	29	0.438831	0.253047
ENSG00000143753	DEGS1	S2_mrna_detected_only	0.359113	29	0.0557235	0.548855
ENSG00000143756	FBXO28	S2_mrna_detected_only	-0.111961	29	0.56311	0.0486972
ENSG00000143761	ARF1	S2_mrna_detected_only	-0.00591133	29	0.975721	0.103698
ENSG00000143768	LEFTY2	S2_mrna_detected_only	0.481812	7	0.273587	0.719374
ENSG00000143771	CNIH4	S2_mrna_detected_only	0.0881773	29	0.649217	0.184703
ENSG00000143772	ITPKB	S2_mrna_detected_only	0.477411	27	0.0117945	0.71286
ENSG00000143774	GUK1	S2_mrna_detected_only	-0.00738916	29	0.969654	0.103015
ENSG00000143776	CDC42BPA	S2_mrna_detected_only	0.21035	27	0.292282	0.327958
ENSG00000143793	C1orf35	S2_mrna_detected_only	-0.133356	26	0.516045	0.0413427
ENSG00000143797	MBOAT2	S2_mrna_detected_only	0.249231	26	0.219514	0.384167
ENSG00000143799	PARP1	S2_mrna_detected_only	0.383251	29	0.0401507	0.582528
ENSG00000143801	PSEN2	S2_mrna_detected_only	0.541367	29	0.00242312	0.788979
ENSG00000143811	PYCR2	S2_mrna_detected_only	-0.0344828	29	0.859053	0.0873083
ENSG00000143815	LBR	S2_mrna_detected_only	0.635468	29	0.000212222	0.878493
ENSG00000143819	EPHX1	S2_mrna_detected_only	0.665025	29	8.29809e-05	0.905022
ENSG00000143842	SOX13	S2_mrna_detected_only	0.488034	29	0.00723586	0.727306
ENSG00000143845	ETNK2	S2_mrna_detected_only	0.23447	23	0.281538	0.36473
ENSG00000143847	PPFIA4	S2_mrna_detected_only		3		
ENSG00000143850	PLEKHA6	S2_mrna_detected_only	0.610435	24	0.00153556	0.85685
ENSG00000143858	SYT2	S2_mrna_detected_only		1		
ENSG00000143862	ARL8A	S2_mrna_detected_only	0.315271	29	0.0957336	0.483978
ENSG00000143870	PDIA6	S2_mrna_detected_only	0.195074	29	0.310544	0.305842
ENSG00000143878	RHOB	S2_mrna_detected_only	0.567275	29	0.00133145	0.81493
ENSG00000143882	ATP6V1C2	S2_mrna_detected_only	0.557855	16	0.0247385	0.806735
ENSG00000143889	HNRNPLL	S2_mrna_detected_only	0.55665	29	0.00171198	0.805736
ENSG00000143891	GALM	S2_mrna_detected_only	0.705911	29	1.88511e-05	0.934177
ENSG00000143919	CAMKMT	S2_mrna_detected_only	-0.0371735	29	0.848176	0.0853646
ENSG00000143921	ABCG8	S2_mrna_detected_only	0.2	4	0.8	0.313354
ENSG00000143924	EML4	S2_mrna_detected_only	0.653202	29	0.000122268	0.894253
ENSG00000143933	CALM2	S2_mrna_detected_only	0.336453	29	0.0743266	0.514026
ENSG00000143942	CHAC2	S2_mrna_detected_only	0.296045	22	0.180981	0.453614
ENSG00000143947	RPS27A	S2_mrna_detected_only	0.105419	29	0.586272	0.202564
ENSG00000143952	VPS54	S2_mrna_detected_only	0.132512	29	0.493191	0.234871
ENSG00000143954	REG3G	S2_mrna_detected_only		3		
ENSG00000143970	ASXL2	S2_mrna_detected_only	0.00837438	29	0.96561	0.113942
ENSG00000143971	ETAA1	S2_mrna_detected_only	0.265088	29	0.164602	0.408332
ENSG00000143977	SNRPG	S2_mrna_detected_only	0.215107	28	0.271648	0.335837
ENSG00000143995	MEIS1	S2_mrna_detected_only	0.629148	26	0.000575141	0.874396
ENSG00000144021	CIAO1	S2_mrna_detected_only	0.275369	29	0.148232	0.423881
ENSG00000144028	SNRNP200	S2_mrna_detected_only	0.344335	29	0.0673803	0.526634
ENSG00000144029	MRPS5	S2_mrna_detected_only	0.495074	29	0.0063241	0.735974
ENSG00000144034	TPRKB	S2_mrna_detected_only	0.278818	29	0.143014	0.429975
ENSG00000144035	NAT8	S2_mrna_detected_only	0.695725	6	0.124789	0.92698
ENSG00000144040	SFXN5	S2_mrna_detected_only	0.410405	25	0.0415755	0.624448
ENSG00000144045	DQX1	S2_mrna_detected_only	0.964286	7	0.000454149	0.99979
ENSG00000144048	DUSP11	S2_mrna_detected_only	0.0615764	29	0.751005	0.158121
ENSG00000144057	ST6GAL2	S2_mrna_detected_only	0.452381	8	0.260405	0.6805
ENSG00000144115	THNSL2	S2_mrna_detected_only	0.508671	25	0.00941597	0.753572
ENSG00000144118	RALB	S2_mrna_detected_only	0.279837	29	0.141496	0.431498
ENSG00000144120	TMEM177	S2_mrna_detected_only	0.438733	28	0.0195155	0.661011
ENSG00000144136	SLC20A1	S2_mrna_detected_only	0.0397919	29	0.837618	0.137792
ENSG00000144152	FBLN7	S2_mrna_detected_only	0.321429	15	0.242719	0.493644
ENSG00000144161	ZC3H8	S2_mrna_detected_only	-0.108249	28	0.583486	0.0505884
ENSG00000144182	LIPT1	S2_mrna_detected_only	0.251134	29	0.188818	0.387739
ENSG00000144199	FAHD2B	S2_mrna_detected_only	0.190043	29	0.323431	0.301061
ENSG00000144224	UBXN4	S2_mrna_detected_only	0.159113	29	0.409694	0.265129
ENSG00000144231	POLR2D	S2_mrna_detected_only	0.180788	29	0.34798	0.289504
ENSG00000144233	AMMECR1L	S2_mrna_detected_only	0.253859	29	0.183904	0.392519
ENSG00000144278	GALNT13	S2_mrna_detected_only	-0.774597	4	0.225403	0
ENSG00000144283	PKP4	S2_mrna_detected_only	0.67734	29	5.44043e-05	0.914163
ENSG00000144285	SCN1A	S2_mrna_detected_only		3		
ENSG00000144290	SLC4A10	S2_mrna_detected_only		3		
ENSG00000144306	SCRN3	S2_mrna_detected_only	0.126601	29	0.512842	0.227149
ENSG00000144320	KIAA1715	S2_mrna_detected_only	0.103996	28	0.598447	0.200883
ENSG00000144339	TMEFF2	S2_mrna_detected_only	0.894427	5	0.0405193	0.996743
ENSG00000144354	CDCA7	S2_mrna_detected_only	0.545464	19	0.0157115	0.793497
ENSG00000144357	UBR3	S2_mrna_detected_only	0.392611	29	0.0351434	0.59461
ENSG00000144366	GULP1	S2_mrna_detected_only	0.2578	28	0.185347	0.39772
ENSG00000144381	HSPD1	S2_mrna_detected_only	0.583251	29	0.000897648	0.830952
ENSG00000144395	CCDC150	S2_mrna_detected_only		1		
ENSG00000144401	METTL21A	S2_mrna_detected_only	0.364606	28	0.0564414	0.557733
ENSG00000144406	UNC80	S2_mrna_detected_only		3		
ENSG00000144426	NBEAL1	S2_mrna_detected_only	0.364427	24	0.0799809	0.556892
ENSG00000144451	SPAG16	S2_mrna_detected_only	0.0183306	29	0.924808	0.122347
ENSG00000144452	ABCA12	S2_mrna_detected_only		1		
ENSG00000144455	SUMF1	S2_mrna_detected_only	0.220197	29	0.251054	0.342877
ENSG00000144468	RHBDD1	S2_mrna_detected_only	0.0453202	29	0.815419	0.142257
ENSG00000144524	COPS7B	S2_mrna_detected_only	0.289655	29	0.12748	0.445629
ENSG00000144535	DIS3L2	S2_mrna_detected_only	0.124631	29	0.519476	0.225362
ENSG00000144550	CPNE9	S2_mrna_detected_only		1		
ENSG00000144554	FANCD2	S2_mrna_detected_only	-0.140598	19	0.565894	0.0395566
ENSG00000144559	TAMM41	S2_mrna_detected_only	0.168605	28	0.391078	0.275846
ENSG00000144560	VGLL4	S2_mrna_detected_only	0.612144	29	0.000416958	0.858216
ENSG00000144566	RAB5A	S2_mrna_detected_only	0.216749	29	0.25874	0.337991
ENSG00000144567	FAM134A	S2_mrna_detected_only	0.291626	29	0.124794	0.448308
ENSG00000144579	CTDSP1	S2_mrna_detected_only	-0.216036	29	0.260346	0.0192793
ENSG00000144580	RQCD1	S2_mrna_detected_only	0.264039	29	0.166341	0.406493
ENSG00000144589	STK11IP	S2_mrna_detected_only	0.338259	28	0.0783037	0.517388
ENSG00000144591	GMPPA	S2_mrna_detected_only	0.366794	29	0.0503256	0.559992
ENSG00000144596	GRIP2	S2_mrna_detected_only	1	4	0	1
ENSG00000144597	EAF1	S2_mrna_detected_only	0.0522774	29	0.787681	0.149033
ENSG00000144619	CNTN4	S2_mrna_detected_only	0.432065	19	0.0646948	0.652501
ENSG00000144635	DYNC1LI1	S2_mrna_detected_only	0.351724	29	0.061336	0.537771
ENSG00000144645	OSBPL10	S2_mrna_detected_only	0.633271	26	0.000515576	0.876707
ENSG00000144647	POMGNT2	S2_mrna_detected_only	0.591133	29	0.00073343	0.837991
ENSG00000144648	ACKR2	S2_mrna_detected_only	0.707107	5	0.18169	0.93507
ENSG00000144659	SLC25A38	S2_mrna_detected_only	0.402151	29	0.0305695	0.61121
ENSG00000144668	ITGA9	S2_mrna_detected_only	0.434045	28	0.0210127	0.655652
ENSG00000144674	GOLGA4	S2_mrna_detected_only	0.523153	29	0.00359104	0.770698
ENSG00000144677	CTDSPL	S2_mrna_detected_only	0.444554	29	0.0156844	0.668891
ENSG00000144711	IQSEC1	S2_mrna_detected_only	0.301478	29	0.111987	0.461967
ENSG00000144713	RPL32	S2_mrna_detected_only	-0.0167488	29	0.931281	0.0980773
ENSG00000144724	PTPRG	S2_mrna_detected_only	0.479475	28	0.00982987	0.715697
ENSG00000144736	SHQ1	S2_mrna_detected_only	0.440908	29	0.0166641	0.664163
ENSG00000144741	SLC25A26	S2_mrna_detected_only	-0.163668	29	0.396243	0.0315718
ENSG00000144744	UBA3	S2_mrna_detected_only	0.324138	29	0.0862686	0.496638
ENSG00000144746	ARL6IP5	S2_mrna_detected_only	0.360099	29	0.0550068	0.550483
ENSG00000144747	TMF1	S2_mrna_detected_only	0.106897	29	0.581003	0.204297
ENSG00000144749	LRIG1	S2_mrna_detected_only	0.781281	29	5.67123e-07	0.972421
ENSG00000144791	LIMD1	S2_mrna_detected_only	0.721517	29	1.00155e-05	0.942688
ENSG00000144810	COL8A1	S2_mrna_detected_only	0.0257998	18	0.91906	0.127075
ENSG00000144815	NXPE3	S2_mrna_detected_only	-0.152575	25	0.466553	0.0351439
ENSG00000144820	ADGRG7	S2_mrna_detected_only	0.637748	6	0.173071	0.880857
ENSG00000144824	PHLDB2	S2_mrna_detected_only	0.801404	27	5.08123e-07	0.979985
ENSG00000144827	ABHD10	S2_mrna_detected_only	0.715271	29	1.29643e-05	0.93901
ENSG00000144834	TAGLN3	S2_mrna_detected_only	0.892857	7	0.00680719	0.996743
ENSG00000144840	RABL3	S2_mrna_detected_only	0.273399	29	0.151275	0.421254
ENSG00000144843	ADPRH	S2_mrna_detected_only	0.472014	25	0.0172059	0.706188
ENSG00000144847	IGSF11	S2_mrna_detected_only	0.239525	8	0.567772	0.371612
ENSG00000144848	ATG3	S2_mrna_detected_only	0.293103	29	0.122808	0.449884
ENSG00000144857	BOC	S2_mrna_detected_only	0.280974	26	0.164399	0.433022
ENSG00000144867	SRPRB	S2_mrna_detected_only	0.529557	29	0.00313489	0.776634
ENSG00000144895	EIF2A	S2_mrna_detected_only	0.366502	29	0.0505226	0.559414
ENSG00000144908	ALDH1L1	S2_mrna_detected_only	0.810114	18	4.59455e-05	0.982297
ENSG00000144909	OSBPL11	S2_mrna_detected_only	0.480361	28	0.00967543	0.71722
ENSG00000144959	NCEH1	S2_mrna_detected_only	0.581538	26	0.00183326	0.829008
ENSG00000144962	SPATA16	S2_mrna_detected_only		1		
ENSG00000145016	RUBCN	S2_mrna_detected_only	0.367772	28	0.0541746	0.56183
ENSG00000145020	AMT	S2_mrna_detected_only	0.396157	29	0.0333831	0.600074
ENSG00000145029	NICN1	S2_mrna_detected_only	0.114731	28	0.561008	0.213228
ENSG00000145041	VPRBP	S2_mrna_detected_only	0.215271	29	0.26208	0.336205
ENSG00000145050	MANF	S2_mrna_detected_only	0.201478	29	0.29461	0.314825
ENSG00000145075	CCDC39	S2_mrna_detected_only	0.127273	10	0.726057	0.227937
ENSG00000145087	STXBP5L	S2_mrna_detected_only	0.4	4	0.6	0.607165
ENSG00000145103	ILDR1	S2_mrna_detected_only	0.588925	14	0.0266982	0.836258
ENSG00000145113	MUC4	S2_mrna_detected_only	1	5	1.40427e-24	1
ENSG00000145147	SLIT2	S2_mrna_detected_only	0.484185	26	0.0121955	0.721843
ENSG00000145191	EIF2B5	S2_mrna_detected_only	0.0108388	29	0.955499	0.115623
ENSG00000145192	AHSG	S2_mrna_detected_only		1		
ENSG00000145194	ECE2	S2_mrna_detected_only	-0.164032	23	0.454529	0.0313616
ENSG00000145198	VWA5B2	S2_mrna_detected_only	0.6	5	0.284757	0.846817
ENSG00000145214	DGKQ	S2_mrna_detected_only	-0.0140195	26	0.945807	0.0996533
ENSG00000145216	FIP1L1	S2_mrna_detected_only	0.490454	29	0.00691062	0.730248
ENSG00000145217	SLC26A1	S2_mrna_detected_only	0	4	1	0.107638
ENSG00000145220	LYAR	S2_mrna_detected_only	0.59064	29	0.000742863	0.837571
ENSG00000145241	CENPC	S2_mrna_detected_only	0.211578	28	0.279779	0.329744
ENSG00000145242	EPHA5	S2_mrna_detected_only	-0.4	4	0.6	0.00220635
ENSG00000145246	ATP10D	S2_mrna_detected_only	0.36493	28	0.0562063	0.558048
ENSG00000145247	OCIAD2	S2_mrna_detected_only	0.857635	29	2.7899e-09	0.992488
ENSG00000145248	SLC10A4	S2_mrna_detected_only		2		
ENSG00000145284	SCD5	S2_mrna_detected_only	0.694403	28	4.14423e-05	0.926192
ENSG00000145293	ENOPH1	S2_mrna_detected_only	0.107389	29	0.579252	0.204717
ENSG00000145309	CABS1	S2_mrna_detected_only		1		
ENSG00000145321	GC	S2_mrna_detected_only	0.607143	7	0.148231	0.852385
ENSG00000145331	TRMT10A	S2_mrna_detected_only	0.403846	25	0.0452788	0.615098
ENSG00000145332	KLHL8	S2_mrna_detected_only	0.172189	28	0.380939	0.280048
ENSG00000145337	PYURF	S2_mrna_detected_only	-0.099766	29	0.606615	0.0536352
ENSG00000145348	TBCK	S2_mrna_detected_only	0.166393	28	0.397414	0.272799
ENSG00000145349	CAMK2D	S2_mrna_detected_only	0.549261	29	0.00202923	0.796859
ENSG00000145354	CISD2	S2_mrna_detected_only	0.336946	29	0.0738769	0.514762
ENSG00000145365	TIFA	S2_mrna_detected_only	0.280542	29	0.140455	0.432812
ENSG00000145384	FABP2	S2_mrna_detected_only	1	5	1.40427e-24	1
ENSG00000145388	METTL14	S2_mrna_detected_only	0.339354	28	0.0772826	0.518964
ENSG00000145390	USP53	S2_mrna_detected_only	0.314046	29	0.0971006	0.481246
ENSG00000145391	SETD7	S2_mrna_detected_only	0.62266	29	0.000309556	0.867777
ENSG00000145414	NAF1	S2_mrna_detected_only	0.0997224	28	0.61364	0.196417
ENSG00000145423	SFRP2	S2_mrna_detected_only	0.688428	23	0.000281646	0.921885
ENSG00000145425	RPS3A	S2_mrna_detected_only	0.462562	29	0.0115188	0.693738
ENSG00000145431	PDGFC	S2_mrna_detected_only	0.450357	29	0.014224	0.677821
ENSG00000145439	CBR4	S2_mrna_detected_only	0.553202	29	0.00185423	0.801376
ENSG00000145476	CYP4V2	S2_mrna_detected_only	0.502835	29	0.00543374	0.745272
ENSG00000145491	ROPN1L	S2_mrna_detected_only		3		
ENSG00000145494	NDUFS6	S2_mrna_detected_only	0.289163	29	0.128158	0.445209
ENSG00000145495	MARCH6	S2_mrna_detected_only	0.053506	29	0.782808	0.150609
ENSG00000145526	CDH18	S2_mrna_detected_only		3		
ENSG00000145555	MYO10	S2_mrna_detected_only	0.646777	28	0.00019994	0.88963
ENSG00000145569	FAM105A	S2_mrna_detected_only	0.48969	27	0.0095249	0.729618
ENSG00000145623	OSMR	S2_mrna_detected_only	0.000992087	29	0.995925	0.107848
ENSG00000145626	UGT3A1	S2_mrna_detected_only	0.9	5	0.0373861	0.997163
ENSG00000145649	GZMA	S2_mrna_detected_only	0.551304	24	0.00523239	0.7998
ENSG00000145675	PIK3R1	S2_mrna_detected_only	0.44532	29	0.0154848	0.669626
ENSG00000145681	HAPLN1	S2_mrna_detected_only	0.878788	10	0.000813862	0.99543
ENSG00000145685	LHFPL2	S2_mrna_detected_only	0.0644857	29	0.739635	0.161589
ENSG00000145687	SSBP2	S2_mrna_detected_only	0.0409928	29	0.832785	0.138632
ENSG00000145692	BHMT	S2_mrna_detected_only		3		
ENSG00000145703	IQGAP2	S2_mrna_detected_only	0.760263	28	2.67716e-06	0.962545
ENSG00000145708	CRHBP	S2_mrna_detected_only	0.410556	12	0.184943	0.624869
ENSG00000145715	RASA1	S2_mrna_detected_only	0.221675	29	0.247806	0.345924
ENSG00000145725	PPIP5K2	S2_mrna_detected_only	0.420197	29	0.0232373	0.637844
ENSG00000145730	PAM	S2_mrna_detected_only	0.268473	29	0.159077	0.414373
ENSG00000145736	GTF2H2	S2_mrna_detected_only	-0.0968358	27	0.630875	0.054896
ENSG00000145740	SLC30A5	S2_mrna_detected_only	0.130312	29	0.500462	0.231929
ENSG00000145741	BTF3	S2_mrna_detected_only	0.328079	29	0.0822983	0.502049
ENSG00000145743	FBXL17	S2_mrna_detected_only	0.490866	29	0.00685661	0.730878
ENSG00000145779	TNFAIP8	S2_mrna_detected_only	0.909688	28	2.02027e-11	0.997636
ENSG00000145781	COMMD10	S2_mrna_detected_only	-0.0536946	29	0.782061	0.0733873
ENSG00000145782	ATG12	S2_mrna_detected_only	-0.0532676	29	0.783753	0.0735974
ENSG00000145794	MEGF10	S2_mrna_detected_only		2		
ENSG00000145817	YIPF5	S2_mrna_detected_only	0.334483	29	0.0761465	0.511977
ENSG00000145819	ARHGAP26	S2_mrna_detected_only	0.541325	28	0.00293195	0.788874
ENSG00000145826	LECT2	S2_mrna_detected_only		2		
ENSG00000145832	SLC25A48	S2_mrna_detected_only		3		
ENSG00000145833	DDX46	S2_mrna_detected_only	0.46188	29	0.0116577	0.692425
ENSG00000145850	TIMD4	S2_mrna_detected_only	0.705411	12	0.010383	0.933547
ENSG00000145861	C1QTNF2	S2_mrna_detected_only	-0.300147	10	0.39945	0.00782727
ENSG00000145864	GABRB2	S2_mrna_detected_only	1	4	0	1
ENSG00000145868	FBXO38	S2_mrna_detected_only	-0.00766388	28	0.969126	0.10291
ENSG00000145882	PCYOX1L	S2_mrna_detected_only	0.671043	27	0.000127514	0.910433
ENSG00000145901	TNIP1	S2_mrna_detected_only	0.220744	29	0.249848	0.344137
ENSG00000145907	G3BP1	S2_mrna_detected_only	0.121182	29	0.531187	0.220162
ENSG00000145911	N4BP3	S2_mrna_detected_only	-0.214286	7	0.644512	0.0195419
ENSG00000145912	NHP2	S2_mrna_detected_only	0.139409	29	0.470755	0.241437
ENSG00000145919	BOD1	S2_mrna_detected_only	0.340436	29	0.0707507	0.52054
ENSG00000145920	CPLX2	S2_mrna_detected_only	0.714286	6	0.110787	0.938853
ENSG00000145934	TENM2	S2_mrna_detected_only		3		
ENSG00000145945	FAM50B	S2_mrna_detected_only	0.224834	27	0.25953	0.351387
ENSG00000145979	TBC1D7	S2_mrna_detected_only	0.368215	28	0.0538631	0.562776
ENSG00000145982	FARS2	S2_mrna_detected_only	0.535468	29	0.00275893	0.783148
ENSG00000145990	GFOD1	S2_mrna_detected_only	0.421053	19	0.072612	0.639157
ENSG00000145996	CDKAL1	S2_mrna_detected_only	-0.0455777	29	0.814388	0.0796911
ENSG00000146005	PSD2	S2_mrna_detected_only		1		
ENSG00000146006	LRRTM2	S2_mrna_detected_only		3		
ENSG00000146007	ZMAT2	S2_mrna_detected_only	0.0857143	29	0.658419	0.181813
ENSG00000146038	DCDC2	S2_mrna_detected_only	0.828283	10	0.00307477	0.987235
ENSG00000146047	HIST1H2BA	S2_mrna_detected_only		1		
ENSG00000146063	TRIM41	S2_mrna_detected_only	0.0967015	29	0.617766	0.193476
ENSG00000146066	HIGD2A	S2_mrna_detected_only	-0.0635468	29	0.743299	0.0693948
ENSG00000146067	FAM193B	S2_mrna_detected_only	0.272089	29	0.153323	0.420309
ENSG00000146072	TNFRSF21	S2_mrna_detected_only	0.400092	29	0.0315134	0.607428
ENSG00000146085	MUT	S2_mrna_detected_only	0.772414	29	9.15922e-07	0.968323
ENSG00000146109	ABT1	S2_mrna_detected_only	0.163608	29	0.396418	0.269647
ENSG00000146112	PPP1R18	S2_mrna_detected_only	0.745484	28	5.31331e-06	0.95561
ENSG00000146122	DAAM2	S2_mrna_detected_only	0.588003	29	0.000795184	0.835312
ENSG00000146147	MLIP	S2_mrna_detected_only	0.65	9	0.0580731	0.892099
ENSG00000146151	HMGCLL1	S2_mrna_detected_only	0.612372	7	0.143811	0.858269
ENSG00000146197	SCUBE3	S2_mrna_detected_only	0.468487	7	0.288997	0.702984
ENSG00000146205	ANO7	S2_mrna_detected_only	0.6	5	0.284757	0.846817
ENSG00000146215	CRIP3	S2_mrna_detected_only	0.456435	9	0.216838	0.685438
ENSG00000146216	TTBK1	S2_mrna_detected_only		3		
ENSG00000146221	TCTE1	S2_mrna_detected_only		2		
ENSG00000146223	RPL7L1	S2_mrna_detected_only	0.268539	29	0.15897	0.414635
ENSG00000146232	NFKBIE	S2_mrna_detected_only	0.46476	28	0.01271	0.696838
ENSG00000146243	IRAK1BP1	S2_mrna_detected_only	0.416388	19	0.0761741	0.632328
ENSG00000146247	PHIP	S2_mrna_detected_only	0.602463	29	0.00054352	0.84876
ENSG00000146281	PM20D2	S2_mrna_detected_only	0.449809	29	0.0143568	0.67677
ENSG00000146282	RARS2	S2_mrna_detected_only	0.15665	29	0.417074	0.261925
ENSG00000146352	CLVS2	S2_mrna_detected_only		3		
ENSG00000146376	ARHGAP18	S2_mrna_detected_only	0.779803	29	6.1522e-07	0.971423
ENSG00000146386	ABRACL	S2_mrna_detected_only	0.508867	29	0.00481751	0.753835
ENSG00000146409	SLC18B1	S2_mrna_detected_only	-0.0574977	29	0.767032	0.0721265
ENSG00000146414	SHPRH	S2_mrna_detected_only	0.0775112	27	0.70077	0.173093
ENSG00000146416	AIG1	S2_mrna_detected_only	0.188329	29	0.327894	0.298645
ENSG00000146425	DYNLT1	S2_mrna_detected_only	0.0482759	29	0.803606	0.144988
ENSG00000146433	TMEM181	S2_mrna_detected_only	0.309847	29	0.101898	0.474732
ENSG00000146453	PNLDC1	S2_mrna_detected_only		2		
ENSG00000146457	WTAP	S2_mrna_detected_only	0.234975	29	0.219827	0.365413
ENSG00000146463	ZMYM4	S2_mrna_detected_only	0.465328	29	0.0109696	0.697888
ENSG00000146469	VIP	S2_mrna_detected_only	0.204423	13	0.502908	0.318607
ENSG00000146476	ARMT1	S2_mrna_detected_only	0.682759	29	4.48977e-05	0.918155
ENSG00000146535	GNA12	S2_mrna_detected_only	0.267061	29	0.161366	0.411904
ENSG00000146540	C7orf50	S2_mrna_detected_only	-0.033748	29	0.862028	0.0878861
ENSG00000146576	C7orf26	S2_mrna_detected_only	0.231813	29	0.226277	0.361053
ENSG00000146587	RBAK	S2_mrna_detected_only	-0.270936	29	0.155141	0.0121349
ENSG00000146674	IGFBP3	S2_mrna_detected_only	0.387685	29	0.0377121	0.588359
ENSG00000146676	PURB	S2_mrna_detected_only	0.149772	29	0.438068	0.253152
ENSG00000146678	IGFBP1	S2_mrna_detected_only		3		
ENSG00000146701	MDH2	S2_mrna_detected_only	0.487192	29	0.00735204	0.726045
ENSG00000146729	GBAS	S2_mrna_detected_only	0.831034	29	2.38678e-08	0.987813
ENSG00000146731	CCT6A	S2_mrna_detected_only	0.189948	29	0.323676	0.300851
ENSG00000146733	PSPH	S2_mrna_detected_only	0.510126	28	0.00554875	0.754885
ENSG00000146802	TMEM168	S2_mrna_detected_only	0.285327	29	0.133528	0.439431
ENSG00000146826	C7orf43	S2_mrna_detected_only	0.268199	28	0.167615	0.4139
ENSG00000146828	SLC12A9	S2_mrna_detected_only	0.178492	26	0.382985	0.286983
ENSG00000146830	GIGYF1	S2_mrna_detected_only	0.26555	29	0.16384	0.409382
ENSG00000146833	TRIM4	S2_mrna_detected_only	0.0394089	29	0.839161	0.137109
ENSG00000146834	MEPCE	S2_mrna_detected_only	0.321182	29	0.0893408	0.493276
ENSG00000146842	TMEM209	S2_mrna_detected_only	0.544828	29	0.00224299	0.792603
ENSG00000146858	ZC3HAV1L	S2_mrna_detected_only	0.349802	23	0.101796	0.534619
ENSG00000146872	TLK2	S2_mrna_detected_only	0.0853859	28	0.665734	0.181288
ENSG00000146904	EPHA1	S2_mrna_detected_only	0.437406	21	0.0473779	0.65933
ENSG00000146909	NOM1	S2_mrna_detected_only	-0.255298	29	0.181346	0.0141311
ENSG00000146918	NCAPG2	S2_mrna_detected_only	0.189772	28	0.333431	0.300536
ENSG00000146926	ASB10	S2_mrna_detected_only		1		
ENSG00000146955	RAB19	S2_mrna_detected_only	1	4	0	1
ENSG00000146963	LUC7L2	S2_mrna_detected_only	0.145813	29	0.450409	0.247584
ENSG00000146966	DENND2A	S2_mrna_detected_only	0.303478	24	0.149409	0.465434
ENSG00000147003	TMEM27	S2_mrna_detected_only	0.544581	9	0.12951	0.792288
ENSG00000147010	SH3KBP1	S2_mrna_detected_only	0.76081	28	2.60763e-06	0.962755
ENSG00000147036	LANCL3	S2_mrna_detected_only		1		
ENSG00000147044	CASK	S2_mrna_detected_only	0.383689	28	0.0438397	0.583158
ENSG00000147050	KDM6A	S2_mrna_detected_only	-0.117502	29	0.543822	0.0464909
ENSG00000147059	SPIN2A	S2_mrna_detected_only	-0.25534	9	0.507265	0.0140786
ENSG00000147065	MSN	S2_mrna_detected_only	0.840887	29	1.12822e-08	0.989861
ENSG00000147081	AKAP4	S2_mrna_detected_only		1		
ENSG00000147099	HDAC8	S2_mrna_detected_only	-0.150541	28	0.444485	0.0358794
ENSG00000147100	SLC16A2	S2_mrna_detected_only	0.585868	29	0.000839896	0.832791
ENSG00000147123	NDUFB11	S2_mrna_detected_only	0.352217	29	0.0609486	0.538769
ENSG00000147130	ZMYM3	S2_mrna_detected_only	0.54335	29	0.00231844	0.790607
ENSG00000147133	TAF1	S2_mrna_detected_only	0.197222	27	0.324117	0.308731
ENSG00000147140	NONO	S2_mrna_detected_only	0.694089	29	2.96544e-05	0.925825
ENSG00000147144	CCDC120	S2_mrna_detected_only	0.0836846	24	0.697449	0.179397
ENSG00000147155	EBP	S2_mrna_detected_only	0.247075	29	0.196304	0.380752
ENSG00000147162	OGT	S2_mrna_detected_only	0.0763547	29	0.693824	0.171622
ENSG00000147164	SNX12	S2_mrna_detected_only	0.266995	29	0.161473	0.411536
ENSG00000147166	ITGB1BP2	S2_mrna_detected_only	0.504562	10	0.136942	0.748424
ENSG00000147202	DIAPH2	S2_mrna_detected_only	0.563218	28	0.00180489	0.811147
ENSG00000147206	NXF3	S2_mrna_detected_only	0.6	4	0.4	0.846922
ENSG00000147224	PRPS1	S2_mrna_detected_only	0.544335	29	0.00226791	0.792078
ENSG00000147234	FRMPD3	S2_mrna_detected_only		2		
ENSG00000147251	DOCK11	S2_mrna_detected_only	0.666008	23	0.00052209	0.906125
ENSG00000147255	IGSF1	S2_mrna_detected_only	0.6	5	0.284757	0.846817
ENSG00000147256	ARHGAP36	S2_mrna_detected_only		3		
ENSG00000147257	GPC3	S2_mrna_detected_only	0.473844	27	0.0125324	0.708184
ENSG00000147274	RBMX	S2_mrna_detected_only	0.517241	29	0.00406146	0.764289
ENSG00000147324	MFHAS1	S2_mrna_detected_only	0.0644857	29	0.739635	0.161589
ENSG00000147378	FATE1	S2_mrna_detected_only		2		
ENSG00000147381	MAGEA4	S2_mrna_detected_only		1		
ENSG00000147383	NSDHL	S2_mrna_detected_only	0.507882	29	0.00491388	0.751996
ENSG00000147394	ZNF185	S2_mrna_detected_only	0.72407	24	6.33439e-05	0.944369
ENSG00000147400	CETN2	S2_mrna_detected_only	0.400985	29	0.031101	0.609004
ENSG00000147403	RPL10	S2_mrna_detected_only	0.166502	29	0.387999	0.273009
ENSG00000147416	ATP6V1B2	S2_mrna_detected_only	0.644828	29	0.000159322	0.887897
ENSG00000147419	CCDC25	S2_mrna_detected_only	0.123153	29	0.52448	0.222788
ENSG00000147421	HMBOX1	S2_mrna_detected_only	0.513723	28	0.00517076	0.759771
ENSG00000147439	BIN3	S2_mrna_detected_only	0.103996	28	0.598447	0.200883
ENSG00000147454	SLC25A37	S2_mrna_detected_only	0.0394186	29	0.839122	0.137581
ENSG00000147457	CHMP7	S2_mrna_detected_only	0.257635	29	0.177244	0.397195
ENSG00000147459	DOCK5	S2_mrna_detected_only	0.562882	27	0.00223844	0.810832
ENSG00000147465	STAR	S2_mrna_detected_only	0.380952	8	0.351813	0.579849
ENSG00000147471	PROSC	S2_mrna_detected_only	0.206897	29	0.281539	0.322074
ENSG00000147475	ERLIN2	S2_mrna_detected_only	0.577833	29	0.00102838	0.824385
ENSG00000147485	PXDNL	S2_mrna_detected_only	0.316228	4	0.683772	0.486132
ENSG00000147509	RGS20	S2_mrna_detected_only		2		
ENSG00000147526	TACC1	S2_mrna_detected_only	0.13202	29	0.494814	0.233347
ENSG00000147533	GOLGA7	S2_mrna_detected_only	0.335961	29	0.0747784	0.513291
ENSG00000147535	PLPP5	S2_mrna_detected_only	0.271052	29	0.154956	0.41868
ENSG00000147548	WHSC1L1	S2_mrna_detected_only	0.405911	29	0.0289047	0.61804
ENSG00000147571	CRH	S2_mrna_detected_only		1		
ENSG00000147573	TRIM55	S2_mrna_detected_only	0.974679	5	0.00481823	0.99979
ENSG00000147576	ADHFE1	S2_mrna_detected_only	0.61029	28	0.000563537	0.856482
ENSG00000147586	MRPS28	S2_mrna_detected_only	-0.27734	29	0.145233	0.0111893
ENSG00000147588	PMP2	S2_mrna_detected_only	0.657143	6	0.156175	0.898193
ENSG00000147592	LACTB2	S2_mrna_detected_only	0.808867	29	1.09592e-07	0.981982
ENSG00000147601	TERF1	S2_mrna_detected_only	0.0905389	29	0.640442	0.186962
ENSG00000147604	RPL7	S2_mrna_detected_only	0.375862	29	0.0444938	0.572967
ENSG00000147606	SLC26A7	S2_mrna_detected_only	0.666886	5	0.218894	0.906913
ENSG00000147614	ATP6V0D2	S2_mrna_detected_only	0.8	4	0.2	0.979513
ENSG00000147647	DPYS	S2_mrna_detected_only	0.9	5	0.0373861	0.997163
ENSG00000147649	MTDH	S2_mrna_detected_only	0.306404	29	0.105962	0.470214
ENSG00000147650	LRP12	S2_mrna_detected_only	0.114836	27	0.568432	0.213543
ENSG00000147654	EBAG9	S2_mrna_detected_only	0.358198	29	0.0563964	0.547542
ENSG00000147669	POLR2K	S2_mrna_detected_only	-0.0212346	29	0.912938	0.095871
ENSG00000147676	MAL2	S2_mrna_detected_only	0.400846	25	0.0470567	0.608479
ENSG00000147677	EIF3H	S2_mrna_detected_only	0.174877	29	0.364229	0.283253
ENSG00000147679	UTP23	S2_mrna_detected_only	0.240527	29	0.208807	0.372505
ENSG00000147684	NDUFB9	S2_mrna_detected_only	0.520197	29	0.00382005	0.767546
ENSG00000147687	TATDN1	S2_mrna_detected_only	-0.0219239	29	0.910123	0.0952406
ENSG00000147689	FAM83A	S2_mrna_detected_only	-0.774597	4	0.225403	0
ENSG00000147697	GSDMC	S2_mrna_detected_only	0.774597	4	0.225403	0.968901
ENSG00000147804	SLC39A4	S2_mrna_detected_only	0.894427	5	0.0405193	0.996743
ENSG00000147853	AK3	S2_mrna_detected_only	0.601478	29	0.000558118	0.847499
ENSG00000147854	UHRF2	S2_mrna_detected_only	0.445923	29	0.0153292	0.670939
ENSG00000147862	NFIB	S2_mrna_detected_only	0.426601	29	0.0210106	0.646197
ENSG00000147872	PLIN2	S2_mrna_detected_only	0.368966	29	0.0488769	0.564667
ENSG00000147874	HAUS6	S2_mrna_detected_only	0.454334	28	0.0151498	0.682759
ENSG00000147889	CDKN2A	S2_mrna_detected_only		2		
ENSG00000147894	C9orf72	S2_mrna_detected_only	0.210268	29	0.273597	0.327222
ENSG00000147905	ZCCHC7	S2_mrna_detected_only	-0.0440876	29	0.820357	0.0806367
ENSG00000147955	SIGMAR1	S2_mrna_detected_only	0.466795	29	0.0106875	0.700095
ENSG00000148019	CEP78	S2_mrna_detected_only	-0.266864	23	0.218346	0.0124501
ENSG00000148053	NTRK2	S2_mrna_detected_only	0.18784	23	0.390733	0.297804
ENSG00000148057	IDNK	S2_mrna_detected_only	0.305419	29	0.107147	0.46785
ENSG00000148082	SHC3	S2_mrna_detected_only	0.7	5	0.18812	0.93071
ENSG00000148090	AUH	S2_mrna_detected_only	0.775862	29	7.62094e-07	0.969584
ENSG00000148123	PLPPR1	S2_mrna_detected_only	0.394665	6	0.438739	0.597605
ENSG00000148143	ZNF462	S2_mrna_detected_only	-0.17013	21	0.460943	0.0302059
ENSG00000148153	INIP	S2_mrna_detected_only	-0.0778296	28	0.693834	0.0635112
ENSG00000148154	UGCG	S2_mrna_detected_only	0.173019	29	0.369426	0.281309
ENSG00000148156	ACTL7B	S2_mrna_detected_only		1		
ENSG00000148158	SNX30	S2_mrna_detected_only	0.54844	28	0.00251321	0.796123
ENSG00000148175	STOM	S2_mrna_detected_only	0.466502	29	0.0107432	0.699622
ENSG00000148180	GSN	S2_mrna_detected_only	0.613793	29	0.000398211	0.859477
ENSG00000148187	MRRF	S2_mrna_detected_only	0.45468	29	0.0132111	0.683074
ENSG00000148204	CRB2	S2_mrna_detected_only		1		
ENSG00000148218	ALAD	S2_mrna_detected_only	0.517241	29	0.00406146	0.764289
ENSG00000148219	ASTN2	S2_mrna_detected_only	0.0493228	17	0.850887	0.146197
ENSG00000148229	POLE3	S2_mrna_detected_only	0.57516	29	0.00109876	0.822599
ENSG00000148248	SURF4	S2_mrna_detected_only	0.506897	29	0.00501189	0.751208
ENSG00000148290	SURF1	S2_mrna_detected_only	0.6	29	0.000580658	0.846659
ENSG00000148291	SURF2	S2_mrna_detected_only	-0.0887137	29	0.64722	0.0579428
ENSG00000148296	SURF6	S2_mrna_detected_only	-0.0769041	29	0.691727	0.0641416
ENSG00000148297	MED22	S2_mrna_detected_only	0.420197	29	0.0232373	0.637844
ENSG00000148300	REXO4	S2_mrna_detected_only	0.189136	29	0.325787	0.299065
ENSG00000148303	RPL7A	S2_mrna_detected_only	0.0315271	29	0.87103	0.13112
ENSG00000148308	GTF3C5	S2_mrna_detected_only	0.398522	29	0.0322488	0.604486
ENSG00000148331	ASB6	S2_mrna_detected_only	0.528306	29	0.00321982	0.775636
ENSG00000148334	PTGES2	S2_mrna_detected_only	0.209852	29	0.274569	0.326487
ENSG00000148335	NTMT1	S2_mrna_detected_only	0.280084	29	0.141132	0.431918
ENSG00000148337	CIZ1	S2_mrna_detected_only	0.0586207	29	0.762609	0.155442
ENSG00000148339	SLC25A25	S2_mrna_detected_only	0.0970443	29	0.616514	0.193791
ENSG00000148341	SH3GLB2	S2_mrna_detected_only	0.43202	29	0.0192662	0.65229
ENSG00000148343	FAM73B	S2_mrna_detected_only	0.464463	28	0.0127746	0.696207
ENSG00000148346	LCN2	S2_mrna_detected_only	0.287408	22	0.19465	0.443003
ENSG00000148356	LRSAM1	S2_mrna_detected_only	0.267105	28	0.169423	0.412009
ENSG00000148358	GPR107	S2_mrna_detected_only	0.340562	29	0.0706399	0.520855
ENSG00000148362	C9orf142	S2_mrna_detected_only	0.06	24	0.78063	0.156808
ENSG00000148384	INPP5E	S2_mrna_detected_only	0.00112921	28	0.99545	0.107953
ENSG00000148396	SEC16A	S2_mrna_detected_only	0.557704	29	0.00167044	0.80663
ENSG00000148399	DPH7	S2_mrna_detected_only	0.174599	29	0.365003	0.28299
ENSG00000148400	NOTCH1	S2_mrna_detected_only	0.379121	27	0.0511449	0.5778
ENSG00000148408	CACNA1B	S2_mrna_detected_only	-0.2	4	0.8	0.022904
ENSG00000148411	NACC2	S2_mrna_detected_only	0.544177	29	0.00227592	0.791921
ENSG00000148426	PROSER2	S2_mrna_detected_only	0.0447811	16	0.869199	0.141784
ENSG00000148429	USP6NL	S2_mrna_detected_only	0.184259	29	0.338645	0.293969
ENSG00000148444	COMMD3	S2_mrna_detected_only	-0.385222	29	0.0390518	0.00299433
ENSG00000148450	MSRB2	S2_mrna_detected_only	0.539901	29	0.00250305	0.787665
ENSG00000148468	FAM171A1	S2_mrna_detected_only	0.693103	29	3.0766e-05	0.924984
ENSG00000148481	FAM188A	S2_mrna_detected_only	0.504926	29	0.00521291	0.748949
ENSG00000148482	SLC39A12	S2_mrna_detected_only		1		
ENSG00000148483	TMEM236	S2_mrna_detected_only	0.75724	7	0.0486907	0.961336
ENSG00000148484	RSU1	S2_mrna_detected_only	0.246798	29	0.196821	0.380542
ENSG00000148498	PARD3	S2_mrna_detected_only	0.633279	28	0.000297864	0.876812
ENSG00000148516	ZEB1	S2_mrna_detected_only	0.330069	27	0.0926793	0.505306
ENSG00000148541	FAM13C	S2_mrna_detected_only	-0.0506082	25	0.810144	0.0755936
ENSG00000148572	NRBF2	S2_mrna_detected_only	0.712649	29	1.44186e-05	0.938065
ENSG00000148584	A1CF	S2_mrna_detected_only	0.785714	8	0.0208151	0.974364
ENSG00000148604	RGR	S2_mrna_detected_only		1		
ENSG00000148606	POLR3A	S2_mrna_detected_only	-0.0638088	29	0.742276	0.0691847
ENSG00000148634	HERC4	S2_mrna_detected_only	-0.0497537	29	0.797715	0.0761715
ENSG00000148655	C10orf11	S2_mrna_detected_only	0.342407	29	0.0690313	0.523377
ENSG00000148660	CAMK2G	S2_mrna_detected_only	0.783251	28	8.32276e-07	0.973366
ENSG00000148671	ADIRF	S2_mrna_detected_only	0.455665	29	0.0129888	0.684282
ENSG00000148672	GLUD1	S2_mrna_detected_only	0.433498	29	0.0188117	0.654812
ENSG00000148677	ANKRD1	S2_mrna_detected_only	0.4	4	0.6	0.607165
ENSG00000148688	RPP30	S2_mrna_detected_only	0.131034	29	0.498068	0.232664
ENSG00000148690	FRA10AC1	S2_mrna_detected_only	0.2185	29	0.254818	0.340303
ENSG00000148700	ADD3	S2_mrna_detected_only	0.64532	29	0.000156895	0.888264
ENSG00000148702	HABP2	S2_mrna_detected_only	-0.3	5	0.623838	0.0080374
ENSG00000148719	DNAJB12	S2_mrna_detected_only	0.1133	29	0.558418	0.211862
ENSG00000148730	EIF4EBP2	S2_mrna_detected_only	0.197537	29	0.304353	0.309204
ENSG00000148735	PLEKHS1	S2_mrna_detected_only	0.45	9	0.224216	0.677033
ENSG00000148737	TCF7L2	S2_mrna_detected_only	0.212892	29	0.267517	0.332685
ENSG00000148795	CYP17A1	S2_mrna_detected_only	0.833333	8	0.0101755	0.988128
ENSG00000148798	INA	S2_mrna_detected_only	0.892857	7	0.00680719	0.996743
ENSG00000148803	FUOM	S2_mrna_detected_only	0.587389	29	0.000807829	0.834261
ENSG00000148824	MTG1	S2_mrna_detected_only	0.261576	29	0.170477	0.403236
ENSG00000148832	PAOX	S2_mrna_detected_only		3		
ENSG00000148834	GSTO1	S2_mrna_detected_only	0.434483	29	0.0185137	0.656493
ENSG00000148841	ITPRIP	S2_mrna_detected_only	0.41653	28	0.0274622	0.632486
ENSG00000148842	CNNM2	S2_mrna_detected_only	0.611519	22	0.00249453	0.857586
ENSG00000148843	PDCD11	S2_mrna_detected_only	0.24335	29	0.203352	0.375184
ENSG00000148848	ADAM12	S2_mrna_detected_only	0.0550482	11	0.872288	0.15166
ENSG00000148908	RGS10	S2_mrna_detected_only	0.547783	29	0.00209844	0.795125
ENSG00000148925	BTBD10	S2_mrna_detected_only	0.0791932	29	0.683015	0.174669
ENSG00000148942	SLC5A12	S2_mrna_detected_only		3		
ENSG00000148943	LIN7C	S2_mrna_detected_only	0.369951	29	0.0482306	0.56577
ENSG00000148950	IMMP1L	S2_mrna_detected_only	-0.0351866	28	0.858915	0.0865203
ENSG00000149016	TUT1	S2_mrna_detected_only	-0.0775958	29	0.689091	0.0637214
ENSG00000149021	SCGB1A1	S2_mrna_detected_only	0.267261	7	0.562312	0.412166
ENSG00000149084	HSD17B12	S2_mrna_detected_only	0.258128	29	0.176388	0.398403
ENSG00000149089	APIP	S2_mrna_detected_only	0.620197	29	0.00033224	0.865465
ENSG00000149100	EIF3M	S2_mrna_detected_only	-0.0793103	29	0.682571	0.0627233
ENSG00000149115	TNKS1BP1	S2_mrna_detected_only	0.673892	29	6.13516e-05	0.912061
ENSG00000149124	GLYAT	S2_mrna_detected_only		3		
ENSG00000149131	SERPING1	S2_mrna_detected_only	0.314286	29	0.0968318	0.481719
ENSG00000149136	SSRP1	S2_mrna_detected_only	0.615764	29	0.000376782	0.86142
ENSG00000149177	PTPRJ	S2_mrna_detected_only	0.312534	28	0.105397	0.47904
ENSG00000149179	C11orf49	S2_mrna_detected_only	0.553278	29	0.00185098	0.801797
ENSG00000149182	ARFGAP2	S2_mrna_detected_only	0.25274	29	0.18591	0.390681
ENSG00000149187	CELF1	S2_mrna_detected_only	0.203448	29	0.289814	0.317083
ENSG00000149196	C11orf73	S2_mrna_detected_only	0.619704	29	0.000336948	0.865045
ENSG00000149201	CCDC81	S2_mrna_detected_only		3		
ENSG00000149212	SESN3	S2_mrna_detected_only	0.00711646	28	0.97133	0.113312
ENSG00000149218	ENDOD1	S2_mrna_detected_only	0.741872	29	4.11038e-06	0.954297
ENSG00000149231	CCDC82	S2_mrna_detected_only	0.203453	29	0.289803	0.317241
ENSG00000149256	TENM4	S2_mrna_detected_only	0.738095	8	0.0365528	0.952301
ENSG00000149257	SERPINH1	S2_mrna_detected_only	0.842857	29	9.65342e-09	0.990177
ENSG00000149260	CAPN5	S2_mrna_detected_only	0.79157	28	5.26611e-07	0.976623
ENSG00000149262	INTS4	S2_mrna_detected_only	0.194581	29	0.311792	0.305211
ENSG00000149269	PAK1	S2_mrna_detected_only	0.657635	29	0.000105934	0.898456
ENSG00000149273	RPS3	S2_mrna_detected_only	0.232512	29	0.224839	0.362366
ENSG00000149289	ZC3H12C	S2_mrna_detected_only	-0.0394683	27	0.845037	0.084419
ENSG00000149294	NCAM1	S2_mrna_detected_only	0.745865	20	0.000159702	0.955926
ENSG00000149300	C11orf52	S2_mrna_detected_only	0.333909	22	0.128831	0.510664
ENSG00000149308	NPAT	S2_mrna_detected_only	0.481609	28	0.00946156	0.718691
ENSG00000149313	AASDHPPT	S2_mrna_detected_only	0.532512	29	0.00294175	0.779681
ENSG00000149346	SLX4IP	S2_mrna_detected_only	-0.0312884	24	0.884605	0.0898823
ENSG00000149357	LAMTOR1	S2_mrna_detected_only	0.462126	29	0.0116074	0.693055
ENSG00000149380	P4HA3	S2_mrna_detected_only	0.178571	7	0.701658	0.287035
ENSG00000149418	ST14	S2_mrna_detected_only	0.835385	25	2.03938e-07	0.988601
ENSG00000149428	HYOU1	S2_mrna_detected_only	0.33399	29	0.0766068	0.511137
ENSG00000149452	SLC22A8	S2_mrna_detected_only		1		
ENSG00000149474	CSRP2BP	S2_mrna_detected_only	0.639024	28	0.000251958	0.882591
ENSG00000149476	TKFC	S2_mrna_detected_only	0.63399	29	0.00022186	0.877548
ENSG00000149480	MTA2	S2_mrna_detected_only	0.504926	29	0.00521291	0.748949
ENSG00000149483	TMEM138	S2_mrna_detected_only	0.359046	28	0.060602	0.548592
ENSG00000149485	FADS1	S2_mrna_detected_only	0.497408	29	0.00604416	0.738601
ENSG00000149499	EML3	S2_mrna_detected_only	0.5085	29	0.00485325	0.753362
ENSG00000149503	INCENP	S2_mrna_detected_only	0.0196638	24	0.927335	0.123398
ENSG00000149532	CPSF7	S2_mrna_detected_only	0.387685	29	0.0377121	0.588359
ENSG00000149541	B3GAT3	S2_mrna_detected_only	0.157921	29	0.413258	0.263658
ENSG00000149547	EI24	S2_mrna_detected_only	0.534816	29	0.00279836	0.781729
ENSG00000149548	CCDC15	S2_mrna_detected_only	-0.8	4	0.2	0
ENSG00000149554	CHEK1	S2_mrna_detected_only	0.0605727	14	0.837026	0.157228
ENSG00000149557	FEZ1	S2_mrna_detected_only	-0.0524407	26	0.799171	0.0739126
ENSG00000149564	ESAM	S2_mrna_detected_only	0.696552	29	2.70309e-05	0.927506
ENSG00000149571	KIRREL3	S2_mrna_detected_only		1		
ENSG00000149575	SCN2B	S2_mrna_detected_only	0.341565	8	0.407634	0.522169
ENSG00000149577	SIDT2	S2_mrna_detected_only	0.597537	29	0.000620003	0.844768
ENSG00000149582	TMEM25	S2_mrna_detected_only	0.0119124	28	0.952026	0.116358
ENSG00000149591	TAGLN	S2_mrna_detected_only	0.76601	29	1.27811e-06	0.965486
ENSG00000149599	DUSP15	S2_mrna_detected_only	0.707107	5	0.18169	0.93507
ENSG00000149600	COMMD7	S2_mrna_detected_only	0.0819756	29	0.67248	0.177296
ENSG00000149636	DSN1	S2_mrna_detected_only	0.509031	28	0.00566832	0.754203
ENSG00000149639	SOGA1	S2_mrna_detected_only	0.249695	27	0.209091	0.385217
ENSG00000149657	LSM14B	S2_mrna_detected_only	0.423153	29	0.0221867	0.641994
ENSG00000149658	YTHDF1	S2_mrna_detected_only	0.316256	29	0.0946449	0.486237
ENSG00000149679	CABLES2	S2_mrna_detected_only	0.110396	26	0.591354	0.20913
ENSG00000149716	ORAOV1	S2_mrna_detected_only	-0.0121352	28	0.95113	0.100494
ENSG00000149735	GPHA2	S2_mrna_detected_only	0.258199	4	0.741801	0.398613
ENSG00000149742	SLC22A9	S2_mrna_detected_only		1		
ENSG00000149743	TRPT1	S2_mrna_detected_only	0.240394	29	0.209067	0.372137
ENSG00000149781	FERMT3	S2_mrna_detected_only	0.863932	26	1.30486e-08	0.993433
ENSG00000149782	PLCB3	S2_mrna_detected_only	0.601341	28	0.000712957	0.847289
ENSG00000149792	MRPL49	S2_mrna_detected_only	0.205419	29	0.285067	0.320603
ENSG00000149806	FAU	S2_mrna_detected_only	-0.371598	29	0.0471651	0.00341458
ENSG00000149809	TM7SF2	S2_mrna_detected_only	0.402725	29	0.0303105	0.612471
ENSG00000149823	VPS51	S2_mrna_detected_only	0.00935961	29	0.961567	0.114677
ENSG00000149923	PPP4C	S2_mrna_detected_only	0.230542	29	0.228904	0.359687
ENSG00000149925	ALDOA	S2_mrna_detected_only	0.489655	29	0.00701665	0.729407
ENSG00000149927	DOC2A	S2_mrna_detected_only	0.894427	5	0.0405193	0.996743
ENSG00000149929	HIRIP3	S2_mrna_detected_only	0.261479	29	0.170641	0.402868
ENSG00000149930	TAOK2	S2_mrna_detected_only	0.218227	29	0.255427	0.339882
ENSG00000149948	HMGA2	S2_mrna_detected_only	0.258199	4	0.741801	0.398613
ENSG00000149968	MMP3	S2_mrna_detected_only	-0.6	5	0.284757	0.000105064
ENSG00000149970	CNKSR2	S2_mrna_detected_only		3		
ENSG00000149972	CNTN5	S2_mrna_detected_only		2		
ENSG00000150054	MPP7	S2_mrna_detected_only	0.582266	29	0.000920277	0.830006
ENSG00000150093	ITGB1	S2_mrna_detected_only	0.670443	29	6.90789e-05	0.90996
ENSG00000150275	PCDH15	S2_mrna_detected_only		3		
ENSG00000150281	CTF1	S2_mrna_detected_only	0.61203	20	0.00412988	0.858006
ENSG00000150316	CWC15	S2_mrna_detected_only	-0.127586	29	0.50954	0.0440744
ENSG00000150394	CDH8	S2_mrna_detected_only		1		
ENSG00000150401	DCUN1D2	S2_mrna_detected_only	0.189658	28	0.333727	0.300221
ENSG00000150403	TMCO3	S2_mrna_detected_only	0.378543	29	0.0428771	0.576959
ENSG00000150455	TIRAP	S2_mrna_detected_only	0.407059	28	0.0315679	0.61951
ENSG00000150456	N6AMT2	S2_mrna_detected_only	0.519778	29	0.00385349	0.767125
ENSG00000150457	LATS2	S2_mrna_detected_only	0.042827	28	0.828687	0.139998
ENSG00000150459	SAP18	S2_mrna_detected_only	-0.20101	29	0.295757	0.0226413
ENSG00000150471	ADGRL3	S2_mrna_detected_only	0.634742	8	0.0908904	0.878126
ENSG00000150477	KIAA1328	S2_mrna_detected_only	0.256433	22	0.249338	0.395619
ENSG00000150510	FAM124A	S2_mrna_detected_only	0.0229175	15	0.935387	0.125499
ENSG00000150526	MIA2	S2_mrna_detected_only	0.927634	6	0.00766584	0.999159
ENSG00000150540	HNMT	S2_mrna_detected_only	0.536946	29	0.00267124	0.784724
ENSG00000150551	LYPD1	S2_mrna_detected_only	0.164646	8	0.696822	0.27033
ENSG00000150556	LYPD6B	S2_mrna_detected_only	-0.211786	13	0.487301	0.0202248
ENSG00000150593	PDCD4	S2_mrna_detected_only	0.70197	29	2.19765e-05	0.931971
ENSG00000150594	ADRA2A	S2_mrna_detected_only	0.655245	24	0.000510419	0.895934
ENSG00000150625	GPM6A	S2_mrna_detected_only	0.225564	20	0.338971	0.352753
ENSG00000150627	WDR17	S2_mrna_detected_only	0.479051	8	0.229741	0.714751
ENSG00000150630	VEGFC	S2_mrna_detected_only	0.14792	26	0.470827	0.250946
ENSG00000150637	CD226	S2_mrna_detected_only	0.548193	8	0.159499	0.79544
ENSG00000150656	CNDP1	S2_mrna_detected_only	0.8	4	0.2	0.979513
ENSG00000150667	FSIP1	S2_mrna_detected_only		2		
ENSG00000150687	PRSS23	S2_mrna_detected_only	0.482504	29	0.008028	0.720057
ENSG00000150712	MTMR12	S2_mrna_detected_only	0.204951	29	0.286188	0.320078
ENSG00000150722	PPP1R1C	S2_mrna_detected_only		1		
ENSG00000150753	CCT5	S2_mrna_detected_only	0.4133	29	0.0258476	0.629071
ENSG00000150756	FAM173B	S2_mrna_detected_only	0.0647483	28	0.743412	0.161851
ENSG00000150760	DOCK1	S2_mrna_detected_only	0.53202	29	0.00297321	0.77905
ENSG00000150764	DIXDC1	S2_mrna_detected_only	0.454966	28	0.0149917	0.683389
ENSG00000150768	DLAT	S2_mrna_detected_only	0.570881	28	0.00151096	0.818082
ENSG00000150773	PIH1D2	S2_mrna_detected_only	0.259437	7	0.574237	0.399664
ENSG00000150776	C11orf57	S2_mrna_detected_only	0.190272	28	0.332136	0.301271
ENSG00000150779	TIMM8B	S2_mrna_detected_only	0.357433	29	0.0569628	0.545755
ENSG00000150782	IL18	S2_mrna_detected_only	0.686918	27	7.57857e-05	0.920729
ENSG00000150783	TEX12	S2_mrna_detected_only		1		
ENSG00000150787	PTS	S2_mrna_detected_only	0.484831	29	0.0076862	0.723524
ENSG00000150867	PIP4K2A	S2_mrna_detected_only	0.609852	29	0.000444309	0.856115
ENSG00000150873	C2orf50	S2_mrna_detected_only		1		
ENSG00000150893	FREM2	S2_mrna_detected_only	0.5	5	0.391002	0.741437
ENSG00000150907	FOXO1	S2_mrna_detected_only	0.566304	29	0.00136287	0.813879
ENSG00000150938	CRIM1	S2_mrna_detected_only	0.576189	29	0.00107119	0.823335
ENSG00000150961	SEC24D	S2_mrna_detected_only	0.568789	29	0.00128369	0.81619
ENSG00000150967	ABCB9	S2_mrna_detected_only		2		
ENSG00000150977	RILPL2	S2_mrna_detected_only	0.351297	27	0.0723701	0.537245
ENSG00000150990	DHX37	S2_mrna_detected_only	0.0766189	23	0.728237	0.172042
ENSG00000150995	ITPR1	S2_mrna_detected_only	0.482906	27	0.0107288	0.720792
ENSG00000151005	TKTL2	S2_mrna_detected_only		1		
ENSG00000151012	SLC7A11	S2_mrna_detected_only	0.327327	8	0.428692	0.501156
ENSG00000151023	ENKUR	S2_mrna_detected_only	0.507093	6	0.304559	0.751418
ENSG00000151025	GPR158	S2_mrna_detected_only		1		
ENSG00000151033	LYZL2	S2_mrna_detected_only		1		
ENSG00000151065	DCP1B	S2_mrna_detected_only	0.475674	29	0.009106	0.709866
ENSG00000151090	THRB	S2_mrna_detected_only	-0.0215033	27	0.915218	0.0957659
ENSG00000151092	NGLY1	S2_mrna_detected_only	0.218227	29	0.255427	0.339882
ENSG00000151093	OXSM	S2_mrna_detected_only	0.627617	28	0.000350135	0.87303
ENSG00000151116	UEVLD	S2_mrna_detected_only	0.185222	29	0.336084	0.29502
ENSG00000151131	C12orf45	S2_mrna_detected_only	-0.0257943	29	0.894337	0.0931393
ENSG00000151135	TMEM263	S2_mrna_detected_only	0.0714286	29	0.71272	0.167682
ENSG00000151148	UBE3B	S2_mrna_detected_only	0.337931	29	0.0729839	0.516915
ENSG00000151151	IPMK	S2_mrna_detected_only	0.220532	27	0.268997	0.343612
ENSG00000151176	PLBD2	S2_mrna_detected_only	0.364039	29	0.0522118	0.556472
ENSG00000151208	DLG5	S2_mrna_detected_only	0.424193	28	0.024467	0.643045
ENSG00000151224	MAT1A	S2_mrna_detected_only	0.857143	7	0.0136973	0.99233
ENSG00000151229	SLC2A13	S2_mrna_detected_only	0.707592	28	2.54093e-05	0.935648
ENSG00000151233	GXYLT1	S2_mrna_detected_only	0.203065	28	0.300026	0.316611
ENSG00000151239	TWF1	S2_mrna_detected_only	0.29064	29	0.126132	0.447415
ENSG00000151240	DIP2C	S2_mrna_detected_only	0.373199	29	0.0461479	0.569763
ENSG00000151247	EIF4E	S2_mrna_detected_only	0.263246	27	0.184613	0.40518
ENSG00000151276	MAGI1	S2_mrna_detected_only	0.252747	27	0.203394	0.390786
ENSG00000151287	TEX30	S2_mrna_detected_only	0.401155	28	0.0343689	0.609424
ENSG00000151292	CSNK1G3	S2_mrna_detected_only	0.293924	28	0.128976	0.450988
ENSG00000151304	SRFBP1	S2_mrna_detected_only	0.330705	29	0.0797313	0.506041
ENSG00000151320	AKAP6	S2_mrna_detected_only	0.169018	12	0.599498	0.276529
ENSG00000151322	NPAS3	S2_mrna_detected_only	0.3	5	0.623838	0.45934
ENSG00000151327	FAM177A1	S2_mrna_detected_only	0.453202	29	0.0135503	0.681183
ENSG00000151332	MBIP	S2_mrna_detected_only	0.365381	29	0.0512862	0.558573
ENSG00000151348	EXT2	S2_mrna_detected_only	0.40936	29	0.0274434	0.622557
ENSG00000151364	KCTD14	S2_mrna_detected_only	0.776657	19	9.20423e-05	0.969899
ENSG00000151365	THRSP	S2_mrna_detected_only	0.0547723	9	0.888697	0.151607
ENSG00000151366	NDUFC2	S2_mrna_detected_only	0.300493	29	0.113222	0.460286
ENSG00000151376	ME3	S2_mrna_detected_only	0.31144	28	0.106688	0.477464
ENSG00000151413	NUBPL	S2_mrna_detected_only	0.437	29	0.01777	0.65912
ENSG00000151414	NEK7	S2_mrna_detected_only	0.343885	29	0.0677631	0.526108
ENSG00000151418	ATP6V1G3	S2_mrna_detected_only		1		
ENSG00000151422	FER	S2_mrna_detected_only	0.270435	24	0.201213	0.417367
ENSG00000151445	VIPAS39	S2_mrna_detected_only	0.241872	29	0.206196	0.373765
ENSG00000151458	ANKRD50	S2_mrna_detected_only	0.665572	28	0.000111057	0.905442
ENSG00000151461	UPF2	S2_mrna_detected_only	0.372952	29	0.0463033	0.569605
ENSG00000151465	CDC123	S2_mrna_detected_only	0.441379	29	0.0165347	0.664635
ENSG00000151466	SCLT1	S2_mrna_detected_only	0.188018	27	0.347651	0.298224
ENSG00000151470	C4orf33	S2_mrna_detected_only	-0.0451017	29	0.816294	0.0800063
ENSG00000151474	FRMD4A	S2_mrna_detected_only	0.313793	29	0.0973845	0.480511
ENSG00000151491	EPS8	S2_mrna_detected_only	0.675369	29	5.82829e-05	0.913112
ENSG00000151498	ACAD8	S2_mrna_detected_only	0.411823	29	0.0264369	0.62697
ENSG00000151500	THYN1	S2_mrna_detected_only	0.259113	29	0.174685	0.399401
ENSG00000151502	VPS26B	S2_mrna_detected_only	0.220197	29	0.251054	0.342877
ENSG00000151503	NCAPD3	S2_mrna_detected_only	0.306067	28	0.113194	0.469689
ENSG00000151532	VTI1A	S2_mrna_detected_only	0.284659	28	0.142058	0.43838
ENSG00000151552	QDPR	S2_mrna_detected_only	0.649261	29	0.000138625	0.891679
ENSG00000151553	FAM160B1	S2_mrna_detected_only	0.504926	29	0.00521291	0.748949
ENSG00000151576	QTRTD1	S2_mrna_detected_only	0.210044	27	0.292999	0.326907
ENSG00000151611	MMAA	S2_mrna_detected_only	0.462507	28	0.0132074	0.693318
ENSG00000151612	ZNF827	S2_mrna_detected_only	0.496042	25	0.0116736	0.737182
ENSG00000151623	NR3C2	S2_mrna_detected_only	0.442182	26	0.0237074	0.665318
ENSG00000151640	DPYSL4	S2_mrna_detected_only	0.642857	7	0.119392	0.8859
ENSG00000151655	ITIH2	S2_mrna_detected_only		1		
ENSG00000151657	KIN	S2_mrna_detected_only	0.170102	27	0.396293	0.277737
ENSG00000151689	INPP1	S2_mrna_detected_only	0.503941	29	0.00531596	0.747268
ENSG00000151690	MFSD6	S2_mrna_detected_only	0.535304	28	0.00333169	0.78257
ENSG00000151693	ASAP2	S2_mrna_detected_only	0.388442	26	0.0498729	0.589567
ENSG00000151694	ADAM17	S2_mrna_detected_only	0.262101	29	0.169589	0.404129
ENSG00000151704	KCNJ1	S2_mrna_detected_only		1		
ENSG00000151718	WWC2	S2_mrna_detected_only	0.244081	25	0.23967	0.376392
ENSG00000151726	ACSL1	S2_mrna_detected_only	0.768473	29	1.12577e-06	0.966432
ENSG00000151729	SLC25A4	S2_mrna_detected_only	0.799015	29	2.0288e-07	0.979407
ENSG00000151743	AMN1	S2_mrna_detected_only	0.432914	29	0.0189903	0.653761
ENSG00000151746	BICD1	S2_mrna_detected_only	-0.17402	17	0.50415	0.0289452
ENSG00000151748	SAV1	S2_mrna_detected_only	0.311823	29	0.0996189	0.477884
ENSG00000151773	CCDC122	S2_mrna_detected_only	-0.163163	22	0.468137	0.031992
ENSG00000151779	NBAS	S2_mrna_detected_only	0.282759	29	0.137214	0.435333
ENSG00000151790	TDO2	S2_mrna_detected_only	0.335161	13	0.262948	0.512765
ENSG00000151806	GUF1	S2_mrna_detected_only	-0.105926	28	0.591637	0.0514289
ENSG00000151812	SLC35F4	S2_mrna_detected_only		1		
ENSG00000151835	SACS	S2_mrna_detected_only	0.235294	17	0.363295	0.365991
ENSG00000151846	PABPC3	S2_mrna_detected_only	0.099992	28	0.612676	0.196838
ENSG00000151849	CENPJ	S2_mrna_detected_only	-0.0511327	26	0.804083	0.0750683
ENSG00000151876	FBXO4	S2_mrna_detected_only	0.369951	29	0.0482306	0.56577
ENSG00000151881	C5orf28	S2_mrna_detected_only	-0.158543	29	0.411395	0.033568
ENSG00000151882	CCL28	S2_mrna_detected_only	0.667594	20	0.00129904	0.907596
ENSG00000151892	GFRA1	S2_mrna_detected_only	0.712325	22	0.00019983	0.937855
ENSG00000151893	CACUL1	S2_mrna_detected_only	-0.068991	29	0.722133	0.0668733
ENSG00000151914	DST	S2_mrna_detected_only	0.636453	29	0.000206004	0.879859
ENSG00000151923	TIAL1	S2_mrna_detected_only	0.285714	29	0.132978	0.440061
ENSG00000151929	BAG3	S2_mrna_detected_only	0.670936	29	6.79244e-05	0.910223
ENSG00000151952	TMEM132D	S2_mrna_detected_only		1		
ENSG00000151962	RBM46	S2_mrna_detected_only		1		
ENSG00000152061	RABGAP1L	S2_mrna_detected_only	0.336741	29	0.0740637	0.514341
ENSG00000152082	MZT2B	S2_mrna_detected_only	0.364532	28	0.0564955	0.55726
ENSG00000152086	TUBA3E	S2_mrna_detected_only		2		
ENSG00000152092	ASTN1	S2_mrna_detected_only	1	4	0	1
ENSG00000152102	FAM168B	S2_mrna_detected_only	-0.0229811	29	0.905807	0.0947153
ENSG00000152104	PTPN14	S2_mrna_detected_only	0.495724	26	0.0100146	0.736762
ENSG00000152127	MGAT5	S2_mrna_detected_only	0.211968	28	0.278873	0.33132
ENSG00000152128	TMEM163	S2_mrna_detected_only	0.616306	18	0.00645505	0.861998
ENSG00000152133	GPATCH11	S2_mrna_detected_only	0.0853578	28	0.665837	0.181183
ENSG00000152137	HSPB8	S2_mrna_detected_only	0.677833	29	5.34714e-05	0.91474
ENSG00000152147	GEMIN6	S2_mrna_detected_only	0.250718	28	0.198142	0.386688
ENSG00000152193	RNF219	S2_mrna_detected_only	0.351634	28	0.0665142	0.537455
ENSG00000152208	GRID2	S2_mrna_detected_only		2		
ENSG00000152214	RIT2	S2_mrna_detected_only		2		
ENSG00000152219	ARL14EP	S2_mrna_detected_only	0.222469	29	0.246073	0.347394
ENSG00000152223	EPG5	S2_mrna_detected_only	0.154809	27	0.440699	0.25872
ENSG00000152234	ATP5A1	S2_mrna_detected_only	0.624631	29	0.000292405	0.8693
ENSG00000152240	HAUS1	S2_mrna_detected_only	0.397043	29	0.0329546	0.601544
ENSG00000152242	C18orf25	S2_mrna_detected_only	0.111111	28	0.573512	0.209655
ENSG00000152256	PDK1	S2_mrna_detected_only	0.372742	28	0.050761	0.569132
ENSG00000152291	TGOLN2	S2_mrna_detected_only	0.12069	29	0.53287	0.219111
ENSG00000152348	ATG10	S2_mrna_detected_only	-0.0459749	27	0.819873	0.0792709
ENSG00000152359	POC5	S2_mrna_detected_only	0.416297	27	0.0307789	0.632118
ENSG00000152380	FAM151B	S2_mrna_detected_only		3		
ENSG00000152382	TADA1	S2_mrna_detected_only	0.122429	29	0.526939	0.22179
ENSG00000152404	CWF19L2	S2_mrna_detected_only	0.211823	29	0.269984	0.330584
ENSG00000152409	JMY	S2_mrna_detected_only	0.166779	29	0.3872	0.273534
ENSG00000152413	HOMER1	S2_mrna_detected_only	0.571429	15	0.0260632	0.818607
ENSG00000152422	XRCC4	S2_mrna_detected_only	0.390805	28	0.0397584	0.592667
ENSG00000152439	ZNF773	S2_mrna_detected_only	0.288231	24	0.171985	0.444053
ENSG00000152455	SUV39H2	S2_mrna_detected_only	-0.212778	25	0.30717	0.0200147
ENSG00000152457	DCLRE1C	S2_mrna_detected_only	0.0835143	24	0.698036	0.179292
ENSG00000152463	OLAH	S2_mrna_detected_only		2		
ENSG00000152464	RPP38	S2_mrna_detected_only	0.287474	29	0.130503	0.443108
ENSG00000152465	NMT2	S2_mrna_detected_only	0.687685	29	3.75732e-05	0.92157
ENSG00000152484	USP12	S2_mrna_detected_only	0.0507389	29	0.793794	0.14751
ENSG00000152492	CCDC50	S2_mrna_detected_only	0.377879	29	0.0432728	0.576014
ENSG00000152503	TRIM36	S2_mrna_detected_only	0.915152	10	0.000204472	0.997846
ENSG00000152518	ZFP36L2	S2_mrna_detected_only	0.340286	29	0.0708829	0.520225
ENSG00000152520	PAN3	S2_mrna_detected_only	0.0960848	29	0.62002	0.192635
ENSG00000152527	PLEKHH2	S2_mrna_detected_only	0.164513	26	0.42192	0.270277
ENSG00000152556	PFKM	S2_mrna_detected_only	0.740394	29	4.39689e-06	0.953352
ENSG00000152558	TMEM123	S2_mrna_detected_only	0.237438	29	0.21489	0.36909
ENSG00000152578	GRIA4	S2_mrna_detected_only		2		
ENSG00000152583	SPARCL1	S2_mrna_detected_only	0.804926	29	1.40786e-07	0.980563
ENSG00000152601	MBNL1	S2_mrna_detected_only	0.310837	29	0.10075	0.476203
ENSG00000152611	CAPSL	S2_mrna_detected_only	0.2	4	0.8	0.313354
ENSG00000152620	NADK2	S2_mrna_detected_only	0.645813	29	0.0001545	0.888685
ENSG00000152642	GPD1L	S2_mrna_detected_only	0.686918	28	5.4095e-05	0.920834
ENSG00000152661	GJA1	S2_mrna_detected_only	0.770936	29	9.90058e-07	0.967903
ENSG00000152670	DDX4	S2_mrna_detected_only		1		
ENSG00000152683	SLC30A6	S2_mrna_detected_only	-0.191676	28	0.328514	0.0244274
ENSG00000152684	PELO	S2_mrna_detected_only	0.168247	29	0.382975	0.275163
ENSG00000152700	SAR1B	S2_mrna_detected_only	0.376355	29	0.0441931	0.57365
ENSG00000152749	GPR180	S2_mrna_detected_only	0.445055	27	0.0200073	0.669206
ENSG00000152760	TCTEX1D1	S2_mrna_detected_only		3		
ENSG00000152763	WDR78	S2_mrna_detected_only	0.627209	9	0.0706052	0.872452
ENSG00000152767	FARP1	S2_mrna_detected_only	0.683251	29	4.41119e-05	0.918838
ENSG00000152778	IFIT5	S2_mrna_detected_only	0.212399	28	0.277873	0.33174
ENSG00000152779	SLC16A12	S2_mrna_detected_only	0.522233	10	0.121503	0.770067
ENSG00000152795	HNRNPDL	S2_mrna_detected_only	0.244828	29	0.200535	0.377443
ENSG00000152804	HHEX	S2_mrna_detected_only	0.503044	27	0.00748314	0.745587
ENSG00000152818	UTRN	S2_mrna_detected_only	0.269951	29	0.156707	0.416527
ENSG00000152822	GRM1	S2_mrna_detected_only		1		
ENSG00000152894	PTPRK	S2_mrna_detected_only	0.609681	29	0.000446414	0.855905
ENSG00000152904	GGPS1	S2_mrna_detected_only	0.396059	29	0.0334305	0.599653
ENSG00000152910	CNTNAP4	S2_mrna_detected_only		1		
ENSG00000152932	RAB3C	S2_mrna_detected_only	0.678571	7	0.0937503	0.915108
ENSG00000152944	MED21	S2_mrna_detected_only	0.0899126	29	0.642765	0.186331
ENSG00000152952	PLOD2	S2_mrna_detected_only	0.617734	29	0.000356375	0.863364
ENSG00000152969	JAKMIP1	S2_mrna_detected_only	0.5	5	0.391002	0.741437
ENSG00000152990	ADGRA3	S2_mrna_detected_only	0.215564	28	0.270606	0.336573
ENSG00000153002	CPB1	S2_mrna_detected_only	0.636364	11	0.035287	0.879649
ENSG00000153006	SREK1IP1	S2_mrna_detected_only	0.250194	28	0.199114	0.385848
ENSG00000153012	LGI2	S2_mrna_detected_only	0.19706	16	0.464462	0.308416
ENSG00000153015	CWC27	S2_mrna_detected_only	0.400049	29	0.0315332	0.60727
ENSG00000153029	MR1	S2_mrna_detected_only	-0.223082	27	0.263359	0.0183337
ENSG00000153037	SRP19	S2_mrna_detected_only	-0.0169972	29	0.930264	0.0979723
ENSG00000153046	CDYL	S2_mrna_detected_only	0.401533	28	0.0341839	0.610055
ENSG00000153048	CARHSP1	S2_mrna_detected_only	0.549261	29	0.00202923	0.796859
ENSG00000153064	BANK1	S2_mrna_detected_only	0.648425	18	0.00360622	0.890576
ENSG00000153066	TXNDC11	S2_mrna_detected_only	0.484296	29	0.00776364	0.722473
ENSG00000153071	DAB2	S2_mrna_detected_only	0.838916	29	1.31583e-08	0.989546
ENSG00000153086	ACMSD	S2_mrna_detected_only		3		
ENSG00000153094	BCL2L11	S2_mrna_detected_only	0.222273	29	0.246499	0.347079
ENSG00000153107	ANAPC1	S2_mrna_detected_only	-0.0202518	28	0.918529	0.0965014
ENSG00000153113	CAST	S2_mrna_detected_only	0.581281	29	0.000943403	0.828851
ENSG00000153130	SCOC	S2_mrna_detected_only	0.400049	29	0.0315332	0.60727
ENSG00000153132	CLGN	S2_mrna_detected_only	0.975758	10	1.46755e-06	0.999895
ENSG00000153140	CETN3	S2_mrna_detected_only	0.294234	29	0.121304	0.451618
ENSG00000153147	SMARCA5	S2_mrna_detected_only	0.566502	29	0.00135638	0.814352
ENSG00000153165	RGPD3	S2_mrna_detected_only	0.243637	23	0.262599	0.375657
ENSG00000153179	RASSF3	S2_mrna_detected_only	0.264062	29	0.166303	0.406651
ENSG00000153187	HNRNPU	S2_mrna_detected_only	0.580296	29	0.000967034	0.827485
ENSG00000153201	RANBP2	S2_mrna_detected_only	-0.113807	29	0.556649	0.0478567
ENSG00000153207	AHCTF1	S2_mrna_detected_only	0.387668	27	0.0457194	0.587991
ENSG00000153208	MERTK	S2_mrna_detected_only	0.20197	28	0.302695	0.315613
ENSG00000153214	TMEM87B	S2_mrna_detected_only	0.55665	29	0.00171198	0.805736
ENSG00000153250	RBMS1	S2_mrna_detected_only	0.53095	29	0.00304253	0.778577
ENSG00000153253	SCN3A	S2_mrna_detected_only		2		
ENSG00000153291	SLC25A27	S2_mrna_detected_only	0.210505	26	0.301976	0.328273
ENSG00000153294	ADGRF4	S2_mrna_detected_only	-0.258199	4	0.741801	0.0136583
ENSG00000153310	FAM49B	S2_mrna_detected_only	0.812808	29	8.48167e-08	0.9834
ENSG00000153317	ASAP1	S2_mrna_detected_only	0.737822	28	7.44679e-06	0.952143
ENSG00000153339	TRAPPC8	S2_mrna_detected_only	0.0310345	29	0.873029	0.130595
ENSG00000153347	FAM81B	S2_mrna_detected_only	0.4	4	0.6	0.607165
ENSG00000153391	INO80C	S2_mrna_detected_only	0.267218	29	0.16111	0.412114
ENSG00000153395	LPCAT1	S2_mrna_detected_only	0.579803	29	0.000979042	0.826329
ENSG00000153404	PLEKHG4B	S2_mrna_detected_only		2		
ENSG00000153406	NMRAL1	S2_mrna_detected_only	0.275369	29	0.148232	0.423881
ENSG00000153443	UBALD1	S2_mrna_detected_only	0.410883	26	0.0370548	0.625604
ENSG00000153446	C16orf89	S2_mrna_detected_only	0.107753	23	0.624577	0.204928
ENSG00000153487	ING1	S2_mrna_detected_only	0.0588557	28	0.766089	0.155758
ENSG00000153498	SPACA7	S2_mrna_detected_only		1		
ENSG00000153531	ADPRHL1	S2_mrna_detected_only	-0.10729	13	0.727186	0.0509036
ENSG00000153560	UBP1	S2_mrna_detected_only	0.49803	29	0.00597143	0.739441
ENSG00000153561	RMND5A	S2_mrna_detected_only	-0.0325123	29	0.867034	0.0892519
ENSG00000153574	RPIA	S2_mrna_detected_only	0.576355	29	0.0010668	0.82365
ENSG00000153714	LURAP1L	S2_mrna_detected_only	0.196681	28	0.315797	0.30789
ENSG00000153721	CNKSR3	S2_mrna_detected_only	0.0120719	29	0.950442	0.116569
ENSG00000153767	GTF2E1	S2_mrna_detected_only	0.692213	28	4.48384e-05	0.924406
ENSG00000153774	CFDP1	S2_mrna_detected_only	0.203473	29	0.289753	0.317346
ENSG00000153779	TGIF2LX	S2_mrna_detected_only		1		
ENSG00000153789	FAM92B	S2_mrna_detected_only	0.257143	6	0.622787	0.396512
ENSG00000153802	TMPRSS11D	S2_mrna_detected_only		2		
ENSG00000153815	CMIP	S2_mrna_detected_only	0.580788	29	0.000955155	0.828535
ENSG00000153820	SPHKAP	S2_mrna_detected_only		3		
ENSG00000153822	KCNJ16	S2_mrna_detected_only	0.614183	10	0.0588762	0.860002
ENSG00000153823	PID1	S2_mrna_detected_only	0.211251	27	0.290172	0.328798
ENSG00000153827	TRIP12	S2_mrna_detected_only	0.350246	29	0.0625097	0.535302
ENSG00000153879	CEBPG	S2_mrna_detected_only	0.464918	29	0.0110496	0.697048
ENSG00000153885	KCTD15	S2_mrna_detected_only	0.247703	28	0.203771	0.38154
ENSG00000153902	LGI4	S2_mrna_detected_only	0.319896	21	0.157464	0.491752
ENSG00000153904	DDAH1	S2_mrna_detected_only	0.76902	28	1.74246e-06	0.966852
ENSG00000153914	SREK1	S2_mrna_detected_only	0.223317	28	0.253327	0.349286
ENSG00000153922	CHD1	S2_mrna_detected_only	0.27734	29	0.145233	0.42698
ENSG00000153930	ANKFN1	S2_mrna_detected_only		2		
ENSG00000153933	DGKE	S2_mrna_detected_only	0.421469	22	0.0507501	0.639788
ENSG00000153936	HS2ST1	S2_mrna_detected_only	0.0694581	29	0.720326	0.165791
ENSG00000153944	MSI2	S2_mrna_detected_only	0.476355	29	0.00899342	0.710811
ENSG00000153975	ZUFSP	S2_mrna_detected_only	0.129803	28	0.510324	0.231719
ENSG00000153989	NUS1	S2_mrna_detected_only	-0.153039	29	0.428028	0.0350389
ENSG00000153993	SEMA3D	S2_mrna_detected_only	0.2897	22	0.190957	0.445839
ENSG00000154001	PPP2R5E	S2_mrna_detected_only	0.522513	28	0.00433804	0.770277
ENSG00000154025	SLC5A10	S2_mrna_detected_only		1		
ENSG00000154027	AK5	S2_mrna_detected_only	0.771429	6	0.0723965	0.968166
ENSG00000154040	CABYR	S2_mrna_detected_only	0.632456	4	0.367544	0.87634
ENSG00000154059	IMPACT	S2_mrna_detected_only	0.297537	29	0.116987	0.455505
ENSG00000154079	SDHAF4	S2_mrna_detected_only	0.169479	29	0.379451	0.277107
ENSG00000154096	THY1	S2_mrna_detected_only	0.647291	29	0.000147509	0.889998
ENSG00000154099	DNAAF1	S2_mrna_detected_only	0.4	4	0.6	0.607165
ENSG00000154102	C16orf74	S2_mrna_detected_only	0.586095	15	0.0216703	0.833001
ENSG00000154114	TBCEL	S2_mrna_detected_only	0.557198	28	0.00206929	0.806209
ENSG00000154122	ANKH	S2_mrna_detected_only	0.265334	29	0.164196	0.408752
ENSG00000154124	OTULIN	S2_mrna_detected_only	0.246065	28	0.206874	0.379544
ENSG00000154144	TBRG1	S2_mrna_detected_only	-0.116276	28	0.555708	0.0469111
ENSG00000154146	NRGN	S2_mrna_detected_only	0.233293	25	0.261726	0.363469
ENSG00000154153	FAM134B	S2_mrna_detected_only	0.59847	29	0.000604839	0.845713
ENSG00000154162	CDH12	S2_mrna_detected_only		2		
ENSG00000154174	TOMM70A	S2_mrna_detected_only	0.488976	29	0.00710775	0.728462
ENSG00000154175	ABI3BP	S2_mrna_detected_only	0.504274	26	0.00861703	0.747899
ENSG00000154188	ANGPT1	S2_mrna_detected_only	0.397859	23	0.0600904	0.603225
ENSG00000154217	PITPNC1	S2_mrna_detected_only	0.382759	29	0.0404293	0.582055
ENSG00000154222	CC2D1B	S2_mrna_detected_only	-0.0541872	29	0.78011	0.0730195
ENSG00000154227	CERS3	S2_mrna_detected_only		3		
ENSG00000154229	PRKCA	S2_mrna_detected_only	0.691845	28	4.54335e-05	0.923986
ENSG00000154237	LRRK1	S2_mrna_detected_only	0.237194	26	0.243326	0.368722
ENSG00000154252	GAL3ST2	S2_mrna_detected_only		1		
ENSG00000154265	ABCA5	S2_mrna_detected_only	0.0440363	29	0.820563	0.141259
ENSG00000154274	C4orf19	S2_mrna_detected_only	0.209431	22	0.349576	0.325751
ENSG00000154305	MIA3	S2_mrna_detected_only	0.221182	29	0.248886	0.344873
ENSG00000154309	DISP1	S2_mrna_detected_only	0.380272	27	0.0503862	0.578798
ENSG00000154310	TNIK	S2_mrna_detected_only	0.603904	23	0.00227745	0.849811
ENSG00000154319	FAM167A	S2_mrna_detected_only	0.412514	9	0.269865	0.628283
ENSG00000154358	OBSCN	S2_mrna_detected_only	0.0909091	11	0.790373	0.187539
ENSG00000154370	TRIM11	S2_mrna_detected_only	0.14826	28	0.451494	0.251156
ENSG00000154380	ENAH	S2_mrna_detected_only	0.747674	28	4.81435e-06	0.956871
ENSG00000154415	PPP1R3A	S2_mrna_detected_only		1		
ENSG00000154438	ASZ1	S2_mrna_detected_only		1		
ENSG00000154447	SH3RF1	S2_mrna_detected_only	0.21932	29	0.252994	0.341511
ENSG00000154451	GBP5	S2_mrna_detected_only	0.511011	22	0.0150796	0.756672
ENSG00000154473	BUB3	S2_mrna_detected_only	0.26798	29	0.159873	0.413637
ENSG00000154479	CCDC173	S2_mrna_detected_only	0.3	5	0.623838	0.45934
ENSG00000154493	C10orf90	S2_mrna_detected_only		3		
ENSG00000154511	FAM69A	S2_mrna_detected_only	-0.0789604	28	0.689602	0.0629859
ENSG00000154548	SRSF12	S2_mrna_detected_only	0	4	1	0.107638
ENSG00000154553	PDLIM3	S2_mrna_detected_only	0.658128	29	0.000104245	0.898823
ENSG00000154556	SORBS2	S2_mrna_detected_only	0.608867	29	0.000456542	0.854696
ENSG00000154582	TCEB1	S2_mrna_detected_only	0.370936	29	0.0475911	0.566716
ENSG00000154589	LY96	S2_mrna_detected_only	0.40259	27	0.037346	0.612366
ENSG00000154611	PSMA8	S2_mrna_detected_only		2		
ENSG00000154639	CXADR	S2_mrna_detected_only	0.571146	23	0.00441927	0.818397
ENSG00000154642	C21orf91	S2_mrna_detected_only	0.483022	28	0.00922412	0.720897
ENSG00000154645	CHODL	S2_mrna_detected_only	0.492569	7	0.261425	0.732507
ENSG00000154646	TMPRSS15	S2_mrna_detected_only		2		
ENSG00000154654	NCAM2	S2_mrna_detected_only	0.75	7	0.0521814	0.958184
ENSG00000154678	PDE1C	S2_mrna_detected_only	0.542143	11	0.0849115	0.789819
ENSG00000154710	RABGEF1	S2_mrna_detected_only	0.154699	29	0.422972	0.25851
ENSG00000154719	MRPL39	S2_mrna_detected_only	0.5867	29	0.000822226	0.833631
ENSG00000154723	ATP5J	S2_mrna_detected_only	0.372414	29	0.0466445	0.56887
ENSG00000154727	GABPA	S2_mrna_detected_only	0.395567	29	0.033671	0.598813
ENSG00000154734	ADAMTS1	S2_mrna_detected_only	0.467273	29	0.0105968	0.70104
ENSG00000154736	ADAMTS5	S2_mrna_detected_only	0.568421	19	0.0111068	0.815875
ENSG00000154743	TSEN2	S2_mrna_detected_only	0.089576	25	0.670248	0.186226
ENSG00000154767	XPC	S2_mrna_detected_only	0.481281	29	0.00821271	0.718271
ENSG00000154781	CCDC174	S2_mrna_detected_only	0.117081	29	0.545278	0.215749
ENSG00000154783	FGD5	S2_mrna_detected_only	0.377778	26	0.0570725	0.575594
ENSG00000154803	FLCN	S2_mrna_detected_only	0.0775958	29	0.689091	0.173303
ENSG00000154813	DPH3	S2_mrna_detected_only	-0.0422103	28	0.831118	0.0822126
ENSG00000154814	OXNAD1	S2_mrna_detected_only	0.457442	27	0.0164367	0.686856
ENSG00000154822	PLCL2	S2_mrna_detected_only	0.512315	28	0.005316	0.758563
ENSG00000154832	CXXC1	S2_mrna_detected_only	0.249589	28	0.200237	0.384955
ENSG00000154845	PPP4R1	S2_mrna_detected_only	0.421675	29	0.022707	0.640418
ENSG00000154856	APCDD1	S2_mrna_detected_only	0.367462	26	0.0647821	0.56099
ENSG00000154889	MPPE1	S2_mrna_detected_only	0.30267	28	0.117457	0.464121
ENSG00000154930	ACSS1	S2_mrna_detected_only	0.663054	29	8.8622e-05	0.902973
ENSG00000154945	ANKRD40	S2_mrna_detected_only	0.283532	29	0.136097	0.436594
ENSG00000154957	ZNF18	S2_mrna_detected_only	0.280206	28	0.148674	0.432181
ENSG00000154975	CA10	S2_mrna_detected_only	0.8	4	0.2	0.979513
ENSG00000154997	SEPT14	S2_mrna_detected_only		1		
ENSG00000155008	APOOL	S2_mrna_detected_only	0.651341	28	0.00017397	0.892992
ENSG00000155011	DKK2	S2_mrna_detected_only	0.782624	5	0.117614	0.973104
ENSG00000155016	CYP2U1	S2_mrna_detected_only	0.422882	28	0.0249594	0.641574
ENSG00000155034	FBXL18	S2_mrna_detected_only	0.2	4	0.8	0.313354
ENSG00000155052	CNTNAP5	S2_mrna_detected_only		1		
ENSG00000155097	ATP6V1C1	S2_mrna_detected_only	0.207389	29	0.28037	0.322599
ENSG00000155099	TMEM55A	S2_mrna_detected_only	0.589133	27	0.00122384	0.836468
ENSG00000155100	OTUD6B	S2_mrna_detected_only	0.409962	28	0.0302603	0.623923
ENSG00000155111	CDK19	S2_mrna_detected_only	0.132804	27	0.509028	0.234976
ENSG00000155115	GTF3C6	S2_mrna_detected_only	-0.148167	29	0.44305	0.036825
ENSG00000155158	TTC39B	S2_mrna_detected_only	0.195935	22	0.382181	0.307155
ENSG00000155189	AGPAT5	S2_mrna_detected_only	0.660591	29	9.61516e-05	0.900714
ENSG00000155229	MMS19	S2_mrna_detected_only	0.306688	29	0.105622	0.470845
ENSG00000155252	PI4K2A	S2_mrna_detected_only	0.116256	29	0.548132	0.214593
ENSG00000155256	ZFYVE27	S2_mrna_detected_only	0.214264	29	0.264373	0.334366
ENSG00000155265	GOLGA7B	S2_mrna_detected_only	0.782624	5	0.117614	0.973104
ENSG00000155287	SLC25A28	S2_mrna_detected_only	-0.0209939	29	0.913921	0.095976
ENSG00000155304	HSPA13	S2_mrna_detected_only	0.261084	29	0.171313	0.402501
ENSG00000155313	USP25	S2_mrna_detected_only	0.16798	29	0.383741	0.274795
ENSG00000155324	GRAMD3	S2_mrna_detected_only	0.732749	28	9.25332e-06	0.949307
ENSG00000155329	ZCCHC10	S2_mrna_detected_only	0.156834	29	0.416522	0.262292
ENSG00000155363	MOV10	S2_mrna_detected_only	0.485714	29	0.00755972	0.724259
ENSG00000155366	RHOC	S2_mrna_detected_only	0.0859262	29	0.657626	0.182129
ENSG00000155368	DBI	S2_mrna_detected_only	0.439901	29	0.0169433	0.662954
ENSG00000155380	SLC16A1	S2_mrna_detected_only	0.747253	27	7.52021e-06	0.956661
ENSG00000155393	HEATR3	S2_mrna_detected_only	-0.133498	29	0.489953	0.0412377
ENSG00000155438	NIFK	S2_mrna_detected_only	-0.152217	29	0.430542	0.0353541
ENSG00000155463	OXA1L	S2_mrna_detected_only	0.353202	29	0.0601796	0.540292
ENSG00000155495	MAGEC1	S2_mrna_detected_only		1		
ENSG00000155506	LARP1	S2_mrna_detected_only	0.399507	29	0.0317857	0.606325
ENSG00000155508	CNOT8	S2_mrna_detected_only	0.203863	29	0.28881	0.317661
ENSG00000155511	GRIA1	S2_mrna_detected_only		2		
ENSG00000155530	LRGUK	S2_mrna_detected_only		2		
ENSG00000155542	SETD9	S2_mrna_detected_only	0.649426	25	0.00044336	0.892047
ENSG00000155545	MIER3	S2_mrna_detected_only	0.41273	29	0.0260737	0.628336
ENSG00000155561	NUP205	S2_mrna_detected_only	0.126124	29	0.514444	0.226466
ENSG00000155621	C9orf85	S2_mrna_detected_only	-0.293638	28	0.129366	0.00919311
ENSG00000155622	XAGE2	S2_mrna_detected_only		1		
ENSG00000155629	PIK3AP1	S2_mrna_detected_only	0.794581	28	4.43959e-07	0.977779
ENSG00000155636	RBM45	S2_mrna_detected_only	0.457558	29	0.0125705	0.686962
ENSG00000155640	C10orf12	S2_mrna_detected_only	0.241553	16	0.367436	0.373555
ENSG00000155657	TTN	S2_mrna_detected_only		1		
ENSG00000155660	PDIA4	S2_mrna_detected_only	0.54532	29	0.00221832	0.793024
ENSG00000155666	KDM8	S2_mrna_detected_only	0.420064	23	0.0459743	0.637266
ENSG00000155729	KCTD18	S2_mrna_detected_only	0.298003	29	0.116387	0.456031
ENSG00000155744	FAM126B	S2_mrna_detected_only	0.282835	27	0.152864	0.435648
ENSG00000155749	ALS2CR12	S2_mrna_detected_only		3		
ENSG00000155755	TMEM237	S2_mrna_detected_only	0.44531	28	0.0175635	0.669416
ENSG00000155761	SPAG17	S2_mrna_detected_only		3		
ENSG00000155792	DEPTOR	S2_mrna_detected_only	0.705259	29	1.9339e-05	0.933442
ENSG00000155816	FMN2	S2_mrna_detected_only	0.6	9	0.0876228	0.846817
ENSG00000155827	RNF20	S2_mrna_detected_only	0.053202	29	0.784013	0.150137
ENSG00000155849	ELMO1	S2_mrna_detected_only	0.844335	29	8.57612e-09	0.990702
ENSG00000155850	SLC26A2	S2_mrna_detected_only	0.490076	27	0.00945988	0.729723
ENSG00000155868	MED7	S2_mrna_detected_only	-0.136371	28	0.488968	0.0406073
ENSG00000155876	RRAGA	S2_mrna_detected_only	-0.217167	29	0.257799	0.0191742
ENSG00000155886	SLC24A2	S2_mrna_detected_only		2		
ENSG00000155893	PXYLP1	S2_mrna_detected_only	-0.453835	27	0.0174177	0.000787981
ENSG00000155897	ADCY8	S2_mrna_detected_only		2		
ENSG00000155903	RASA2	S2_mrna_detected_only	0.383791	29	0.0398472	0.583578
ENSG00000155906	RMND1	S2_mrna_detected_only	0.457938	29	0.0124879	0.687487
ENSG00000155959	VBP1	S2_mrna_detected_only	0.10197	29	0.598646	0.198466
ENSG00000155962	CLIC2	S2_mrna_detected_only	0.6337	27	0.000387155	0.877128
ENSG00000155966	AFF2	S2_mrna_detected_only		4		
ENSG00000155970	MICU3	S2_mrna_detected_only	-0.0383025	24	0.858966	0.0846291
ENSG00000155975	VPS37A	S2_mrna_detected_only	0.381281	29	0.0412742	0.580164
ENSG00000155980	KIF5A	S2_mrna_detected_only	0.404762	8	0.319889	0.616306
ENSG00000156006	NAT2	S2_mrna_detected_only	0.376572	9	0.317823	0.57407
ENSG00000156011	PSD3	S2_mrna_detected_only	0.29304	27	0.137963	0.449674
ENSG00000156017	CARNMT1	S2_mrna_detected_only	0.431112	29	0.0195496	0.651765
ENSG00000156026	MCU	S2_mrna_detected_only	0.727094	29	7.90836e-06	0.945892
ENSG00000156030	ELMSAN1	S2_mrna_detected_only	0.217778	26	0.28519	0.33962
ENSG00000156042	CFAP70	S2_mrna_detected_only	0.316228	4	0.683772	0.486132
ENSG00000156050	FAM161B	S2_mrna_detected_only	0.226524	27	0.255871	0.353908
ENSG00000156052	GNAQ	S2_mrna_detected_only	0.283744	29	0.135792	0.436962
ENSG00000156076	WIF1	S2_mrna_detected_only	-0.449182	9	0.225163	0.00105064
ENSG00000156096	UGT2B4	S2_mrna_detected_only		1		
ENSG00000156110	ADK	S2_mrna_detected_only	0.475862	29	0.00907482	0.710023
ENSG00000156136	DCK	S2_mrna_detected_only	0.639299	28	0.000249926	0.882801
ENSG00000156162	DPY19L4	S2_mrna_detected_only	0.126201	29	0.514186	0.226571
ENSG00000156170	NDUFAF6	S2_mrna_detected_only	0.257143	29	0.178103	0.396354
ENSG00000156171	DRAM2	S2_mrna_detected_only	0.386034	21	0.0839096	0.585995
ENSG00000156172	C8orf37	S2_mrna_detected_only	0.445472	21	0.042991	0.669941
ENSG00000156206	CFAP161	S2_mrna_detected_only		3		
ENSG00000156218	ADAMTSL3	S2_mrna_detected_only	0.101981	21	0.660031	0.198624
ENSG00000156219	ART3	S2_mrna_detected_only	0.942857	6	0.00480466	0.99958
ENSG00000156222	SLC28A1	S2_mrna_detected_only	0.3	5	0.623838	0.45934
ENSG00000156234	CXCL13	S2_mrna_detected_only	0.609461	14	0.0206781	0.855694
ENSG00000156239	N6AMT1	S2_mrna_detected_only	0.49145	26	0.010781	0.731824
ENSG00000156253	RWDD2B	S2_mrna_detected_only		1		
ENSG00000156256	USP16	S2_mrna_detected_only	0.114778	29	0.553264	0.213333
ENSG00000156261	CCT8	S2_mrna_detected_only	0.0123153	29	0.949444	0.116884
ENSG00000156265	MAP3K7CL	S2_mrna_detected_only	0.116395	23	0.596887	0.214804
ENSG00000156269	NAA11	S2_mrna_detected_only		2		
ENSG00000156273	BACH1	S2_mrna_detected_only	0.336946	29	0.0738769	0.514762
ENSG00000156298	TSPAN7	S2_mrna_detected_only	0.575687	29	0.00108457	0.822809
ENSG00000156299	TIAM1	S2_mrna_detected_only	0.233259	23	0.284101	0.363259
ENSG00000156304	SCAF4	S2_mrna_detected_only	0.446305	29	0.0152311	0.671254
ENSG00000156374	PCGF6	S2_mrna_detected_only	0.162885	27	0.416924	0.269017
ENSG00000156384	SFR1	S2_mrna_detected_only	0.0414502	28	0.834117	0.139157
ENSG00000156395	SORCS3	S2_mrna_detected_only		2		
ENSG00000156411	C14orf2	S2_mrna_detected_only	0.215215	29	0.262206	0.335942
ENSG00000156414	TDRD9	S2_mrna_detected_only	0.316228	4	0.683772	0.486132
ENSG00000156453	PCDH1	S2_mrna_detected_only	0.594615	25	0.0017199	0.841931
ENSG00000156463	SH3RF2	S2_mrna_detected_only	0.796483	19	4.4923e-05	0.978409
ENSG00000156467	UQCRB	S2_mrna_detected_only	0.352217	29	0.0609486	0.538769
ENSG00000156469	MTERF3	S2_mrna_detected_only	0.0658041	29	0.7345	0.163112
ENSG00000156471	PTDSS1	S2_mrna_detected_only	0.126108	29	0.514496	0.226308
ENSG00000156475	PPP2R2B	S2_mrna_detected_only	0.535336	11	0.0896851	0.782675
ENSG00000156482	RPL30	S2_mrna_detected_only	0.318719	29	0.0919639	0.490597
ENSG00000156502	SUPV3L1	S2_mrna_detected_only	0.515764	29	0.00418697	0.762555
ENSG00000156504	FAM122B	S2_mrna_detected_only	0.505956	28	0.00601596	0.75
ENSG00000156508	EEF1A1	S2_mrna_detected_only	0.0128079	29	0.947425	0.117409
ENSG00000156515	HK1	S2_mrna_detected_only	0.614778	29	0.000387366	0.860527
ENSG00000156521	TYSND1	S2_mrna_detected_only	-0.172997	9	0.656244	0.0289977
ENSG00000156531	PHF6	S2_mrna_detected_only	0.40613	28	0.0319961	0.61867
ENSG00000156535	CD109	S2_mrna_detected_only	0.394804	22	0.0690051	0.597762
ENSG00000156564	LRFN2	S2_mrna_detected_only		1		
ENSG00000156587	UBE2L6	S2_mrna_detected_only	0.386207	29	0.0385114	0.586205
ENSG00000156599	ZDHHC5	S2_mrna_detected_only	0.214558	29	0.263701	0.334997
ENSG00000156603	MED19	S2_mrna_detected_only	0.211752	29	0.270148	0.330059
ENSG00000156639	ZFAND3	S2_mrna_detected_only	-0.1285	29	0.506486	0.0436541
ENSG00000156642	NPTN	S2_mrna_detected_only	0.452709	29	0.013665	0.680658
ENSG00000156650	KAT6B	S2_mrna_detected_only	0.294724	28	0.127889	0.452248
ENSG00000156671	SAMD8	S2_mrna_detected_only	-0.0585813	29	0.762764	0.0717062
ENSG00000156675	RAB11FIP1	S2_mrna_detected_only	0.251232	28	0.197196	0.388054
ENSG00000156689	GLYATL2	S2_mrna_detected_only		1		
ENSG00000156697	UTP14A	S2_mrna_detected_only	0.432566	29	0.0190973	0.653236
ENSG00000156709	AIFM1	S2_mrna_detected_only	0.569458	29	0.00126308	0.816821
ENSG00000156711	MAPK13	S2_mrna_detected_only	0.611624	26	0.00090024	0.857691
ENSG00000156735	BAG4	S2_mrna_detected_only	-0.0295785	29	0.878941	0.0908279
ENSG00000156738	MS4A1	S2_mrna_detected_only	0.837702	11	0.00128744	0.989336
ENSG00000156787	TBC1D31	S2_mrna_detected_only	0.515336	15	0.0492942	0.762292
ENSG00000156795	WDYHV1	S2_mrna_detected_only	0.475112	29	0.00919995	0.70934
ENSG00000156802	ATAD2	S2_mrna_detected_only	0.336386	27	0.086234	0.513816
ENSG00000156831	NSMCE2	S2_mrna_detected_only	0.162525	29	0.399595	0.268596
ENSG00000156858	PRR14	S2_mrna_detected_only	0.0966197	28	0.62477	0.19337
ENSG00000156860	FBRS	S2_mrna_detected_only	0.31541	29	0.0955794	0.484398
ENSG00000156873	PHKG2	S2_mrna_detected_only	0.368272	29	0.049336	0.562881
ENSG00000156876	SASS6	S2_mrna_detected_only	0.32329	25	0.114942	0.49585
ENSG00000156885	COX6A2	S2_mrna_detected_only	0.707107	5	0.18169	0.93507
ENSG00000156928	MALSU1	S2_mrna_detected_only	0.166987	25	0.424977	0.27385
ENSG00000156931	VPS8	S2_mrna_detected_only	0.0364532	29	0.851085	0.13506
ENSG00000156958	GALK2	S2_mrna_detected_only	0.535961	29	0.00272943	0.783988
ENSG00000156959	LHFPL4	S2_mrna_detected_only		2		
ENSG00000156973	PDE6D	S2_mrna_detected_only	0.580296	29	0.000967034	0.827485
ENSG00000156976	EIF4A2	S2_mrna_detected_only	0.299015	29	0.115093	0.457869
ENSG00000156983	BRPF1	S2_mrna_detected_only	0.269294	28	0.165821	0.415476
ENSG00000156990	RPUSD3	S2_mrna_detected_only	0.133432	29	0.490168	0.235396
ENSG00000157005	SST	S2_mrna_detected_only	0.494051	14	0.0725531	0.734556
ENSG00000157014	TATDN2	S2_mrna_detected_only	0.0288052	29	0.882084	0.128861
ENSG00000157017	GHRL	S2_mrna_detected_only	0.894427	5	0.0405193	0.996743
ENSG00000157020	SEC13	S2_mrna_detected_only	0.358128	29	0.0564476	0.547069
ENSG00000157045	NTAN1	S2_mrna_detected_only	0.356202	29	0.0578849	0.544179
ENSG00000157060	SHCBP1L	S2_mrna_detected_only		1		
ENSG00000157077	ZFYVE9	S2_mrna_detected_only	0.653718	29	0.000120257	0.894568
ENSG00000157087	ATP2B2	S2_mrna_detected_only	0.7	5	0.18812	0.93071
ENSG00000157103	SLC6A1	S2_mrna_detected_only	0.6	5	0.284757	0.846817
ENSG00000157106	SMG1	S2_mrna_detected_only	-0.0246305	29	0.89908	0.0939798
ENSG00000157107	FCHO2	S2_mrna_detected_only	0.74335	29	3.84081e-06	0.95456
ENSG00000157110	RBPMS	S2_mrna_detected_only	0.519704	29	0.00385941	0.766915
ENSG00000157131	C8A	S2_mrna_detected_only		3		
ENSG00000157152	SYN2	S2_mrna_detected_only	0.9	5	0.0373861	0.997163
ENSG00000157168	NRG1	S2_mrna_detected_only	-0.147111	12	0.648215	0.0373503
ENSG00000157181	C1orf27	S2_mrna_detected_only	0.780884	29	5.79679e-07	0.972316
ENSG00000157184	CPT2	S2_mrna_detected_only	0.530542	29	0.00306933	0.777947
ENSG00000157191	NECAP2	S2_mrna_detected_only	0.619212	29	0.000341715	0.864572
ENSG00000157193	LRP8	S2_mrna_detected_only	0.433333	9	0.243952	0.654549
ENSG00000157212	PAXIP1	S2_mrna_detected_only	0.10375	28	0.599314	0.20062
ENSG00000157214	STEAP2	S2_mrna_detected_only	0.401231	25	0.0468257	0.609634
ENSG00000157216	SSBP3	S2_mrna_detected_only	0.476891	29	0.00890558	0.711862
ENSG00000157224	CLDN12	S2_mrna_detected_only	0.547195	29	0.00212655	0.794652
ENSG00000157227	MMP14	S2_mrna_detected_only	0.399507	29	0.0317857	0.606325
ENSG00000157240	FZD1	S2_mrna_detected_only	0.549654	25	0.00442462	0.797489
ENSG00000157259	GATAD1	S2_mrna_detected_only	0.299507	29	0.114467	0.458657
ENSG00000157326	DHRS4	S2_mrna_detected_only	0.506713	29	0.00503037	0.750946
ENSG00000157330	C1orf158	S2_mrna_detected_only		2		
ENSG00000157343	ARMC12	S2_mrna_detected_only		1		
ENSG00000157349	DDX19B	S2_mrna_detected_only	0.350033	29	0.0626804	0.534934
ENSG00000157350	ST3GAL2	S2_mrna_detected_only	-0.228642	28	0.241887	0.017283
ENSG00000157353	FUK	S2_mrna_detected_only	0.159646	25	0.445897	0.26576
ENSG00000157368	IL34	S2_mrna_detected_only	0.0971093	23	0.659363	0.194001
ENSG00000157379	DHRS1	S2_mrna_detected_only	0.465025	29	0.0110288	0.697363
ENSG00000157399	ARSE	S2_mrna_detected_only	0.9317	12	1.04294e-05	0.999317
ENSG00000157404	KIT	S2_mrna_detected_only	0.388462	25	0.0549832	0.589777
ENSG00000157423	HYDIN	S2_mrna_detected_only		2		
ENSG00000157426	AASDH	S2_mrna_detected_only	0.0550553	27	0.785049	0.151765
ENSG00000157483	MYO1E	S2_mrna_detected_only	0.683087	28	6.18169e-05	0.91847
ENSG00000157500	APPL1	S2_mrna_detected_only	0.680788	29	4.81676e-05	0.916999
ENSG00000157514	TSC22D3	S2_mrna_detected_only	0.216256	29	0.25985	0.337308
ENSG00000157538	DSCR3	S2_mrna_detected_only	0.0812808	29	0.675105	0.176403
ENSG00000157540	DYRK1A	S2_mrna_detected_only	0.218746	29	0.254269	0.340723
ENSG00000157554	ERG	S2_mrna_detected_only	0.219613	24	0.302493	0.341616
ENSG00000157570	TSPAN18	S2_mrna_detected_only	0.248774	28	0.201761	0.383536
ENSG00000157578	LCA5L	S2_mrna_detected_only	0.205196	5	0.740582	0.320235
ENSG00000157593	SLC35B2	S2_mrna_detected_only	0.447783	29	0.0148571	0.674039
ENSG00000157600	TMEM164	S2_mrna_detected_only	0.592891	28	0.000884689	0.84004
ENSG00000157601	MX1	S2_mrna_detected_only	0.876355	29	4.66969e-10	0.995009
ENSG00000157617	C2CD2	S2_mrna_detected_only	0.50936	29	0.00476994	0.75436
ENSG00000157625	TAB3	S2_mrna_detected_only	0.499015	29	0.00585765	0.740544
ENSG00000157637	SLC38A10	S2_mrna_detected_only	0.332512	29	0.0780004	0.508563
ENSG00000157657	ZNF618	S2_mrna_detected_only	0.477219	19	0.0388172	0.712492
ENSG00000157680	DGKI	S2_mrna_detected_only		2		
ENSG00000157741	UBN2	S2_mrna_detected_only	-0.0796825	27	0.692784	0.0625657
ENSG00000157764	BRAF	S2_mrna_detected_only	0.276423	29	0.146624	0.425247
ENSG00000157765	SLC34A2	S2_mrna_detected_only	0.372194	11	0.259662	0.568344
ENSG00000157778	PSMG3	S2_mrna_detected_only	-0.0396601	29	0.838149	0.0843139
ENSG00000157782	CABP1	S2_mrna_detected_only	0.820783	5	0.088587	0.985291
ENSG00000157796	WDR19	S2_mrna_detected_only	0.720501	27	2.252e-05	0.941952
ENSG00000157823	AP3S2	S2_mrna_detected_only	0.0313033	29	0.871938	0.130857
ENSG00000157827	FMNL2	S2_mrna_detected_only	0.604433	29	0.000515328	0.850546
ENSG00000157833	GAREML	S2_mrna_detected_only	0.448765	14	0.107494	0.675299
ENSG00000157851	DPYSL5	S2_mrna_detected_only		3		
ENSG00000157856	DRC1	S2_mrna_detected_only		3		
ENSG00000157869	RAB28	S2_mrna_detected_only	0.339083	29	0.0719499	0.518754
ENSG00000157870	FAM213B	S2_mrna_detected_only	0.605385	25	0.00134335	0.850756
ENSG00000157873	TNFRSF14	S2_mrna_detected_only	0.315114	27	0.109378	0.483663
ENSG00000157895	C12orf43	S2_mrna_detected_only	0.52193	29	0.00368431	0.769542
ENSG00000157911	PEX10	S2_mrna_detected_only	0.587858	29	0.000798154	0.835207
ENSG00000157916	RER1	S2_mrna_detected_only	0.0551724	29	0.776211	0.152028
ENSG00000157927	RADIL	S2_mrna_detected_only		2		
ENSG00000157933	SKI	S2_mrna_detected_only	0.23689	29	0.215983	0.367672
ENSG00000157954	WIPI2	S2_mrna_detected_only	0.393645	29	0.0346227	0.596291
ENSG00000157978	LDLRAP1	S2_mrna_detected_only	0.695567	29	2.80543e-05	0.92677
ENSG00000157985	AGAP1	S2_mrna_detected_only	0.300366	27	0.127935	0.459971
ENSG00000157992	KRTCAP3	S2_mrna_detected_only	0.695681	20	0.000659263	0.926928
ENSG00000158006	PAFAH2	S2_mrna_detected_only	0.643183	29	0.000167671	0.886058
ENSG00000158014	SLC30A2	S2_mrna_detected_only	0.576818	6	0.230732	0.823808
ENSG00000158019	BRE	S2_mrna_detected_only	-0.0581281	29	0.764548	0.0719164
ENSG00000158022	TRIM63	S2_mrna_detected_only	0.894427	5	0.0405193	0.996743
ENSG00000158023	WDR66	S2_mrna_detected_only	0.948683	4	0.0513167	0.99958
ENSG00000158042	MRPL17	S2_mrna_detected_only	0.0187192	29	0.923219	0.122557
ENSG00000158055	GRHL3	S2_mrna_detected_only	0.33541	5	0.581091	0.512923
ENSG00000158079	PTPDC1	S2_mrna_detected_only	-0.265102	25	0.200295	0.0126602
ENSG00000158089	GALNT14	S2_mrna_detected_only	0.547723	9	0.12687	0.79502
ENSG00000158092	NCK1	S2_mrna_detected_only	0.380788	29	0.041559	0.579534
ENSG00000158104	HPD	S2_mrna_detected_only	0.392857	7	0.383317	0.594768
ENSG00000158106	RHPN1	S2_mrna_detected_only	0.321429	7	0.482072	0.493696
ENSG00000158109	TPRG1L	S2_mrna_detected_only	-0.0827586	29	0.669526	0.0611998
ENSG00000158113	LRRC43	S2_mrna_detected_only		2		
ENSG00000158122	AAED1	S2_mrna_detected_only	0.106492	27	0.597032	0.203877
ENSG00000158125	XDH	S2_mrna_detected_only	0.796703	13	0.00111365	0.978619
ENSG00000158158	CNNM4	S2_mrna_detected_only	0.398818	29	0.0321093	0.605117
ENSG00000158161	EYA3	S2_mrna_detected_only	-0.0771031	29	0.690968	0.0640366
ENSG00000158195	WASF2	S2_mrna_detected_only	0.405419	29	0.0291185	0.617199
ENSG00000158201	ABHD3	S2_mrna_detected_only	0.677674	29	5.37704e-05	0.91453
ENSG00000158270	COLEC12	S2_mrna_detected_only	0.512846	23	0.0123357	0.758878
ENSG00000158286	RNF207	S2_mrna_detected_only	-0.00973021	16	0.97147	0.10186
ENSG00000158290	CUL4B	S2_mrna_detected_only	0.403498	29	0.0299644	0.614625
ENSG00000158296	SLC13A3	S2_mrna_detected_only	0.582244	12	0.0469936	0.829639
ENSG00000158301	GPRASP2	S2_mrna_detected_only	0.497408	29	0.00604416	0.738601
ENSG00000158402	CDC25C	S2_mrna_detected_only	0.222718	7	0.63121	0.347867
ENSG00000158406	HIST1H4H	S2_mrna_detected_only	-0.222332	23	0.307899	0.0185438
ENSG00000158411	MITD1	S2_mrna_detected_only	0.412315	29	0.0262393	0.627863
ENSG00000158417	EIF5B	S2_mrna_detected_only	-0.308374	29	0.103622	0.00698676
ENSG00000158423	RIBC1	S2_mrna_detected_only	0.801784	7	0.0300992	0.980143
ENSG00000158428	CATIP	S2_mrna_detected_only	0.774597	4	0.225403	0.968901
ENSG00000158435	CNOT11	S2_mrna_detected_only	0.462069	29	0.011619	0.692688
ENSG00000158457	TSPAN33	S2_mrna_detected_only	0.433997	29	0.0186603	0.655547
ENSG00000158467	AHCYL2	S2_mrna_detected_only	0.667488	29	7.638e-05	0.907333
ENSG00000158470	B4GALT5	S2_mrna_detected_only	-0.158543	29	0.411398	0.033673
ENSG00000158473	CD1D	S2_mrna_detected_only	0.296386	17	0.248033	0.454245
ENSG00000158477	CD1A	S2_mrna_detected_only		4		
ENSG00000158480	SPATA2	S2_mrna_detected_only	0.279642	28	0.149528	0.43092
ENSG00000158486	DNAH3	S2_mrna_detected_only		2		
ENSG00000158516	CPA2	S2_mrna_detected_only	0.619048	8	0.101733	0.864467
ENSG00000158517	NCF1	S2_mrna_detected_only	0.723377	21	0.000210751	0.943843
ENSG00000158525	CPA5	S2_mrna_detected_only		2		
ENSG00000158526	TSR2	S2_mrna_detected_only	0.0795664	29	0.681599	0.175194
ENSG00000158528	PPP1R9A	S2_mrna_detected_only	0.772059	17	0.000282013	0.968218
ENSG00000158545	ZC3H18	S2_mrna_detected_only	0.216775	29	0.25868	0.338254
ENSG00000158552	ZFAND2B	S2_mrna_detected_only	0.402463	29	0.0304284	0.611998
ENSG00000158571	PFKFB1	S2_mrna_detected_only		2		
ENSG00000158604	TMED4	S2_mrna_detected_only	0.580788	29	0.000955155	0.828535
ENSG00000158615	PPP1R15B	S2_mrna_detected_only	0.0705868	29	0.715966	0.166684
ENSG00000158623	COPG2	S2_mrna_detected_only	0.211823	29	0.269984	0.330584
ENSG00000158636	C11orf30	S2_mrna_detected_only	0.116929	27	0.561356	0.215539
ENSG00000158639	PAGE5	S2_mrna_detected_only		1		
ENSG00000158669	GPAT4	S2_mrna_detected_only	0.053202	29	0.784013	0.150137
ENSG00000158691	ZSCAN12	S2_mrna_detected_only	-0.175137	25	0.402395	0.02863
ENSG00000158710	TAGLN2	S2_mrna_detected_only	0.762069	29	1.56097e-06	0.963805
ENSG00000158711	ELK4	S2_mrna_detected_only	-0.164314	29	0.394355	0.0309414
ENSG00000158715	SLC45A3	S2_mrna_detected_only	0.39736	18	0.102495	0.602175
ENSG00000158716	DUSP23	S2_mrna_detected_only	0.306404	29	0.105962	0.470214
ENSG00000158717	RNF166	S2_mrna_detected_only	0.201564	25	0.333949	0.31493
ENSG00000158764	ITLN2	S2_mrna_detected_only	0.737865	4	0.262135	0.952196
ENSG00000158769	F11R	S2_mrna_detected_only	0.690148	29	3.4328e-05	0.922778
ENSG00000158773	USF1	S2_mrna_detected_only	0.097585	29	0.614542	0.194421
ENSG00000158792	SPATA2L	S2_mrna_detected_only	-0.14236	18	0.573092	0.0389262
ENSG00000158793	NIT1	S2_mrna_detected_only	0.351028	29	0.0618863	0.536825
ENSG00000158805	ZNF276	S2_mrna_detected_only	0.421432	28	0.0255138	0.639683
ENSG00000158806	NPM2	S2_mrna_detected_only	0.753803	10	0.0117948	0.959708
ENSG00000158813	EDA	S2_mrna_detected_only	0.416079	13	0.157322	0.631698
ENSG00000158850	B4GALT3	S2_mrna_detected_only	0.314621	29	0.0964571	0.482297
ENSG00000158856	DMTN	S2_mrna_detected_only	0.318599	28	0.0984562	0.490387
ENSG00000158859	ADAMTS4	S2_mrna_detected_only	0.469353	12	0.123706	0.703457
ENSG00000158863	FAM160B2	S2_mrna_detected_only	0.194293	28	0.321827	0.304949
ENSG00000158864	NDUFS2	S2_mrna_detected_only	0.553202	29	0.00185423	0.801376
ENSG00000158869	FCER1G	S2_mrna_detected_only	0.693445	29	3.03763e-05	0.925247
ENSG00000158874	APOA2	S2_mrna_detected_only		3		
ENSG00000158882	TOMM40L	S2_mrna_detected_only	0.19567	28	0.318341	0.30663
ENSG00000158887	MPZ	S2_mrna_detected_only	0.480651	16	0.0594847	0.71764
ENSG00000158941	CCAR2	S2_mrna_detected_only	0.485714	29	0.00755972	0.724259
ENSG00000158955	WNT9B	S2_mrna_detected_only		2		
ENSG00000158966	CACHD1	S2_mrna_detected_only	-0.0482295	27	0.811192	0.0772746
ENSG00000158985	CDC42SE2	S2_mrna_detected_only	0.397827	29	0.0325788	0.60312
ENSG00000158987	RAPGEF6	S2_mrna_detected_only	0.528736	28	0.00382012	0.776056
ENSG00000159023	EPB41	S2_mrna_detected_only	0.268966	29	0.158284	0.415213
ENSG00000159055	MIS18A	S2_mrna_detected_only	-0.177745	29	0.356291	0.0281046
ENSG00000159063	ALG8	S2_mrna_detected_only	0.216297	29	0.259758	0.337623
ENSG00000159069	FBXW5	S2_mrna_detected_only	0.129557	29	0.502968	0.231351
ENSG00000159079	C21orf59	S2_mrna_detected_only	0.401478	29	0.0308755	0.609792
ENSG00000159082	SYNJ1	S2_mrna_detected_only	0.533187	28	0.00348288	0.780364
ENSG00000159086	PAXBP1	S2_mrna_detected_only	0.491516	28	0.00789995	0.731982
ENSG00000159110	IFNAR2	S2_mrna_detected_only	0.404863	29	0.0293611	0.616358
ENSG00000159111	MRPL10	S2_mrna_detected_only	-0.297537	29	0.116987	0.0083526
ENSG00000159131	GART	S2_mrna_detected_only	0.269951	29	0.156707	0.416527
ENSG00000159140	SON	S2_mrna_detected_only	0.0916256	29	0.636419	0.188643
ENSG00000159147	DONSON	S2_mrna_detected_only	0.189498	27	0.343801	0.299695
ENSG00000159164	SV2A	S2_mrna_detected_only	0.179362	17	0.490939	0.288033
ENSG00000159167	STC1	S2_mrna_detected_only	0.118626	22	0.599035	0.21722
ENSG00000159173	TNNI1	S2_mrna_detected_only	0.948683	4	0.0513167	0.99958
ENSG00000159176	CSRP1	S2_mrna_detected_only	0.649261	29	0.000138625	0.891679
ENSG00000159189	C1QC	S2_mrna_detected_only	0.296059	29	0.118904	0.453824
ENSG00000159197	KCNE2	S2_mrna_detected_only		3		
ENSG00000159200	RCAN1	S2_mrna_detected_only	0.26553	29	0.163873	0.409277
ENSG00000159202	UBE2Z	S2_mrna_detected_only	0.174406	29	0.365543	0.282885
ENSG00000159210	SNF8	S2_mrna_detected_only	0.144828	29	0.453508	0.24627
ENSG00000159212	CLIC6	S2_mrna_detected_only	0.732843	17	0.000818701	0.949412
ENSG00000159216	RUNX1	S2_mrna_detected_only	0.314858	25	0.12528	0.483242
ENSG00000159217	IGF2BP1	S2_mrna_detected_only		3		
ENSG00000159224	GIP	S2_mrna_detected_only		2		
ENSG00000159228	CBR1	S2_mrna_detected_only	0.745658	29	3.4515e-06	0.955821
ENSG00000159231	CBR3	S2_mrna_detected_only	0.2	24	0.348756	0.313354
ENSG00000159251	ACTC1	S2_mrna_detected_only	0.0787879	10	0.828717	0.174144
ENSG00000159256	MORC3	S2_mrna_detected_only	0.425123	29	0.0215082	0.644516
ENSG00000159259	CHAF1B	S2_mrna_detected_only	0.212891	15	0.446185	0.33258
ENSG00000159261	CLDN14	S2_mrna_detected_only		1		
ENSG00000159267	HLCS	S2_mrna_detected_only	0.542857	29	0.00234407	0.790134
ENSG00000159314	ARHGAP27	S2_mrna_detected_only	0.744059	26	1.31674e-05	0.95498
ENSG00000159322	ADPGK	S2_mrna_detected_only	0.418227	29	0.0239601	0.63506
ENSG00000159335	PTMS	S2_mrna_detected_only	0.429064	29	0.0202023	0.648981
ENSG00000159339	PADI4	S2_mrna_detected_only		3		
ENSG00000159346	ADIPOR1	S2_mrna_detected_only	-0.0293785	29	0.879754	0.0911431
ENSG00000159348	CYB5R1	S2_mrna_detected_only	0.617734	29	0.000356375	0.863364
ENSG00000159352	PSMD4	S2_mrna_detected_only	0.274384	29	0.149748	0.422463
ENSG00000159363	ATP13A2	S2_mrna_detected_only	0.403141	27	0.0370622	0.613837
ENSG00000159377	PSMB4	S2_mrna_detected_only	0.233498	29	0.222825	0.363784
ENSG00000159399	HK2	S2_mrna_detected_only	0.730435	24	5.0646e-05	0.947731
ENSG00000159403	C1R	S2_mrna_detected_only	0.75665	29	2.04235e-06	0.960864
ENSG00000159409	CELF3	S2_mrna_detected_only	0.130931	6	0.804726	0.232612
ENSG00000159445	THEM4	S2_mrna_detected_only	0.0532676	29	0.783753	0.150294
ENSG00000159459	UBR1	S2_mrna_detected_only	0.157655	29	0.414055	0.263238
ENSG00000159461	AMFR	S2_mrna_detected_only	0.444828	29	0.0156129	0.669048
ENSG00000159479	MED8	S2_mrna_detected_only	0.0766955	29	0.692523	0.172253
ENSG00000159516	SPRR2G	S2_mrna_detected_only		3		
ENSG00000159579	RSPRY1	S2_mrna_detected_only	0.411381	29	0.0266153	0.62634
ENSG00000159588	CCDC17	S2_mrna_detected_only		2		
ENSG00000159592	GPBP1L1	S2_mrna_detected_only	0.459304	29	0.0121948	0.689483
ENSG00000159593	NAE1	S2_mrna_detected_only	0.267488	29	0.160671	0.412692
ENSG00000159618	ADGRG5	S2_mrna_detected_only	0.591083	7	0.162225	0.837886
ENSG00000159625	DRC7	S2_mrna_detected_only		2		
ENSG00000159640	ACE	S2_mrna_detected_only	0.668975	25	0.000255915	0.909067
ENSG00000159650	UROC1	S2_mrna_detected_only		1		
ENSG00000159658	EFCAB14	S2_mrna_detected_only	0.0559182	29	0.773264	0.152921
ENSG00000159685	CHCHD6	S2_mrna_detected_only	0.364823	29	0.0516695	0.557838
ENSG00000159692	CTBP1	S2_mrna_detected_only	-0.0315271	29	0.87103	0.0897773
ENSG00000159708	LRRC36	S2_mrna_detected_only	0.78811	7	0.0352827	0.974995
ENSG00000159713	TPPP3	S2_mrna_detected_only	0.548276	29	0.00207514	0.79565
ENSG00000159720	ATP6V0D1	S2_mrna_detected_only	0.274384	29	0.149748	0.422463
ENSG00000159723	AGRP	S2_mrna_detected_only		2		
ENSG00000159753	RLTPR	S2_mrna_detected_only	0.975758	10	1.46755e-06	0.999895
ENSG00000159763	PIP	S2_mrna_detected_only	0.428571	6	0.396501	0.648771
ENSG00000159784	FAM131B	S2_mrna_detected_only	0.774597	4	0.225403	0.968901
ENSG00000159788	RGS12	S2_mrna_detected_only	0.142247	27	0.479087	0.243486
ENSG00000159840	ZYX	S2_mrna_detected_only	0.643842	29	0.000164277	0.887004
ENSG00000159842	ABR	S2_mrna_detected_only	0.510837	29	0.0046296	0.756146
ENSG00000159871	LYPD5	S2_mrna_detected_only	0.400892	7	0.372769	0.608636
ENSG00000159873	CCDC117	S2_mrna_detected_only	0.0390173	29	0.840739	0.136846
ENSG00000159884	CCDC107	S2_mrna_detected_only	0.124305	29	0.520576	0.224785
ENSG00000159921	GNE	S2_mrna_detected_only	0.309151	29	0.102709	0.473997
ENSG00000159958	TNFRSF13C	S2_mrna_detected_only	0.683349	10	0.0293767	0.919153
ENSG00000160007	ARHGAP35	S2_mrna_detected_only	0.476847	29	0.00891264	0.711547
ENSG00000160049	DFFA	S2_mrna_detected_only	0.345363	29	0.066513	0.52821
ENSG00000160050	CCDC28B	S2_mrna_detected_only	0.355474	20	0.124022	0.543339
ENSG00000160058	BSDC1	S2_mrna_detected_only	0.510837	29	0.0046296	0.756146
ENSG00000160072	ATAD3B	S2_mrna_detected_only	0.363901	16	0.165873	0.556052
ENSG00000160075	SSU72	S2_mrna_detected_only	0.144828	29	0.453508	0.24627
ENSG00000160087	UBE2J2	S2_mrna_detected_only	0.234016	29	0.221771	0.364625
ENSG00000160094	ZNF362	S2_mrna_detected_only	0.300037	29	0.113796	0.459498
ENSG00000160113	NR2F6	S2_mrna_detected_only	0.319817	28	0.0971046	0.491542
ENSG00000160124	CCDC58	S2_mrna_detected_only	0.359108	28	0.0605542	0.548697
ENSG00000160131	VMA21	S2_mrna_detected_only	0.149199	29	0.439844	0.252732
ENSG00000160161	CILP2	S2_mrna_detected_only		2		
ENSG00000160179	ABCG1	S2_mrna_detected_only	-0.0510481	29	0.792565	0.0751734
ENSG00000160181	TFF2	S2_mrna_detected_only	0.942857	6	0.00480466	0.99958
ENSG00000160182	TFF1	S2_mrna_detected_only	0.522233	10	0.121503	0.770067
ENSG00000160185	UBASH3A	S2_mrna_detected_only	0.289886	6	0.577352	0.445997
ENSG00000160188	RSPH1	S2_mrna_detected_only	0.480176	14	0.0822494	0.71659
ENSG00000160193	WDR4	S2_mrna_detected_only	0.484348	24	0.0164653	0.722683
ENSG00000160194	NDUFV3	S2_mrna_detected_only	0.246305	29	0.197745	0.379859
ENSG00000160199	PKNOX1	S2_mrna_detected_only	0.340656	29	0.0705573	0.52096
ENSG00000160200	CBS	S2_mrna_detected_only	0.778571	15	0.00062735	0.971055
ENSG00000160201	U2AF1	S2_mrna_detected_only	-0.158621	29	0.411164	0.0334104
ENSG00000160202	CRYAA	S2_mrna_detected_only		2		
ENSG00000160207	HSF2BP	S2_mrna_detected_only		2		
ENSG00000160208	RRP1B	S2_mrna_detected_only	0.258621	29	0.175535	0.398876
ENSG00000160209	PDXK	S2_mrna_detected_only	0.479803	29	0.00844068	0.716222
ENSG00000160211	G6PD	S2_mrna_detected_only	0.789655	29	3.53285e-07	0.975678
ENSG00000160213	CSTB	S2_mrna_detected_only	0.173913	29	0.36692	0.28236
ENSG00000160214	RRP1	S2_mrna_detected_only	0.163054	29	0.39804	0.269227
ENSG00000160216	AGPAT3	S2_mrna_detected_only	0.64532	29	0.000156895	0.888264
ENSG00000160218	TRAPPC10	S2_mrna_detected_only	0.155665	29	0.420046	0.259981
ENSG00000160219	GAB3	S2_mrna_detected_only	0.266473	20	0.2561	0.410433
ENSG00000160221	C21orf33	S2_mrna_detected_only	0.546126	29	0.00217845	0.794022
ENSG00000160226	C21orf2	S2_mrna_detected_only	0.148276	29	0.44271	0.251471
ENSG00000160255	ITGB2	S2_mrna_detected_only	0.823153	29	4.20314e-08	0.985659
ENSG00000160282	FTCD	S2_mrna_detected_only	0.8	4	0.2	0.979513
ENSG00000160285	LSS	S2_mrna_detected_only	0.328612	29	0.0817722	0.503257
ENSG00000160293	VAV2	S2_mrna_detected_only	0.796059	29	2.4246e-07	0.978147
ENSG00000160294	MCM3AP	S2_mrna_detected_only	0.460591	29	0.0119239	0.690954
ENSG00000160298	C21orf58	S2_mrna_detected_only	0.643596	9	0.0614394	0.886741
ENSG00000160299	PCNT	S2_mrna_detected_only	0.205163	26	0.31469	0.320183
ENSG00000160305	DIP2A	S2_mrna_detected_only	-0.0528261	28	0.789491	0.0738075
ENSG00000160307	S100B	S2_mrna_detected_only	0.693846	25	0.000119759	0.925562
ENSG00000160310	PRMT2	S2_mrna_detected_only	-0.152554	29	0.429508	0.035249
ENSG00000160325	CACFD1	S2_mrna_detected_only	0.473986	29	0.00939047	0.708605
ENSG00000160339	FCN2	S2_mrna_detected_only	0.4	4	0.6	0.607165
ENSG00000160345	C9orf116	S2_mrna_detected_only	-0.0467102	18	0.853977	0.0784303
ENSG00000160349	LCN1	S2_mrna_detected_only		1		
ENSG00000160360	GPSM1	S2_mrna_detected_only	0.184211	19	0.450285	0.293391
ENSG00000160392	C19orf47	S2_mrna_detected_only	0.0850383	25	0.686097	0.180658
ENSG00000160401	CFAP157	S2_mrna_detected_only		3		
ENSG00000160404	TOR2A	S2_mrna_detected_only	0.37002	27	0.0574651	0.565928
ENSG00000160408	ST6GALNAC6	S2_mrna_detected_only	0.144177	29	0.45556	0.245482
ENSG00000160410	SHKBP1	S2_mrna_detected_only	0.627573	29	0.000268355	0.872505
ENSG00000160439	RDH13	S2_mrna_detected_only	0.573333	26	0.00219992	0.820498
ENSG00000160445	ZER1	S2_mrna_detected_only	0.529064	29	0.00316811	0.776266
ENSG00000160447	PKN3	S2_mrna_detected_only	0.379552	18	0.120305	0.57843
ENSG00000160460	SPTBN4	S2_mrna_detected_only		3		
ENSG00000160469	BRSK1	S2_mrna_detected_only	0.664466	14	0.0095371	0.904287
ENSG00000160472	TMEM190	S2_mrna_detected_only	0.707107	5	0.18169	0.93507
ENSG00000160505	NLRP4	S2_mrna_detected_only		3		
ENSG00000160539	PLPP7	S2_mrna_detected_only	0.71109	11	0.0141528	0.937224
ENSG00000160551	TAOK1	S2_mrna_detected_only	0.336453	29	0.0743266	0.514026
ENSG00000160563	MED27	S2_mrna_detected_only	0.123613	28	0.530866	0.223734
ENSG00000160584	SIK3	S2_mrna_detected_only	0.114286	29	0.554979	0.213017
ENSG00000160588	MPZL3	S2_mrna_detected_only	0.113417	23	0.606369	0.212282
ENSG00000160602	NEK8	S2_mrna_detected_only	0.245642	22	0.270506	0.378809
ENSG00000160633	SAFB	S2_mrna_detected_only	0.359606	29	0.0553642	0.549433
ENSG00000160678	S100A1	S2_mrna_detected_only	0.665678	23	0.000526649	0.905705
ENSG00000160679	CHTOP	S2_mrna_detected_only	0.0905056	29	0.640565	0.186856
ENSG00000160683	CXCR5	S2_mrna_detected_only	0.612372	7	0.143811	0.858269
ENSG00000160685	ZBTB7B	S2_mrna_detected_only	0.372793	29	0.0464043	0.56929
ENSG00000160688	FLAD1	S2_mrna_detected_only	-0.271429	29	0.154362	0.0119248
ENSG00000160691	SHC1	S2_mrna_detected_only	-0.188177	29	0.328292	0.0252679
ENSG00000160695	VPS11	S2_mrna_detected_only	0.182266	29	0.343987	0.291343
ENSG00000160703	NLRX1	S2_mrna_detected_only	0.0748861	29	0.699439	0.170834
ENSG00000160710	ADAR	S2_mrna_detected_only	0.36601	29	0.050857	0.558836
ENSG00000160712	IL6R	S2_mrna_detected_only	0.410705	28	0.0299323	0.625184
ENSG00000160714	UBE2Q1	S2_mrna_detected_only	0.296059	29	0.118904	0.453824
ENSG00000160741	CRTC2	S2_mrna_detected_only	0.0044335	29	0.98179	0.111053
ENSG00000160746	ANO10	S2_mrna_detected_only	0.42266	29	0.0223591	0.641049
ENSG00000160752	FDPS	S2_mrna_detected_only	0.213793	29	0.265449	0.333841
ENSG00000160753	RUSC1	S2_mrna_detected_only	0.647233	29	0.000147775	0.88984
ENSG00000160783	PMF1	S2_mrna_detected_only	0.106897	29	0.581003	0.204297
ENSG00000160785	SLC25A44	S2_mrna_detected_only	0.263701	29	0.166906	0.405915
ENSG00000160789	LMNA	S2_mrna_detected_only	0.210345	29	0.273418	0.32759
ENSG00000160796	NBEAL2	S2_mrna_detected_only	0.43956	27	0.0217826	0.662482
ENSG00000160799	CCDC12	S2_mrna_detected_only	0.203941	29	0.288622	0.317924
ENSG00000160803	UBQLN4	S2_mrna_detected_only	0.481773	29	0.00813788	0.719111
ENSG00000160808	MYL3	S2_mrna_detected_only	0.235714	15	0.397703	0.366096
ENSG00000160813	PPP1R35	S2_mrna_detected_only	-0.0799832	21	0.730367	0.0623555
ENSG00000160818	GPATCH4	S2_mrna_detected_only	-0.000246609	29	0.998987	0.107323
ENSG00000160838	LRRC71	S2_mrna_detected_only		2		
ENSG00000160856	FCRL3	S2_mrna_detected_only	0.558581	7	0.192453	0.806997
ENSG00000160862	AZGP1	S2_mrna_detected_only	0.275188	20	0.240283	0.423461
ENSG00000160868	CYP3A4	S2_mrna_detected_only	0.52381	8	0.182721	0.771591
ENSG00000160877	NACC1	S2_mrna_detected_only	0.033748	29	0.862028	0.133799
ENSG00000160882	CYP11B1	S2_mrna_detected_only		1		
ENSG00000160888	IER2	S2_mrna_detected_only	0.032609	29	0.866643	0.132854
ENSG00000160917	CPSF4	S2_mrna_detected_only	0.0394089	29	0.839161	0.137109
ENSG00000160932	LY6E	S2_mrna_detected_only	-0.14115	29	0.465176	0.0394516
ENSG00000160948	VPS28	S2_mrna_detected_only	0.127094	29	0.51119	0.227674
ENSG00000160953	MUM1	S2_mrna_detected_only	0.217629	28	0.265931	0.338989
ENSG00000160959	LRRC14	S2_mrna_detected_only	0.159976	27	0.425406	0.26639
ENSG00000160963	COL26A1	S2_mrna_detected_only		4		
ENSG00000160972	PPP1R16A	S2_mrna_detected_only	0.232726	25	0.262922	0.362734
ENSG00000160991	ORAI2	S2_mrna_detected_only	0.166681	27	0.406	0.273429
ENSG00000160993	ALKBH4	S2_mrna_detected_only	0.332649	28	0.0837005	0.508983
ENSG00000160999	SH2B2	S2_mrna_detected_only	0.427817	12	0.165333	0.648088
ENSG00000161010	C5orf45	S2_mrna_detected_only	0.389457	29	0.0367712	0.591353
ENSG00000161011	SQSTM1	S2_mrna_detected_only	0.106897	29	0.581003	0.204297
ENSG00000161013	MGAT4B	S2_mrna_detected_only	0.62099	29	0.000324786	0.866726
ENSG00000161016	RPL8	S2_mrna_detected_only	-0.115764	29	0.54984	0.0472263
ENSG00000161021	MAML1	S2_mrna_detected_only	0.403005	29	0.0301846	0.613469
ENSG00000161031	PGLYRP2	S2_mrna_detected_only		2		
ENSG00000161036	LRWD1	S2_mrna_detected_only	0.317241	29	0.0935655	0.488075
ENSG00000161048	NAPEPLD	S2_mrna_detected_only	0.754317	26	8.54392e-06	0.960233
ENSG00000161055	SCGB3A1	S2_mrna_detected_only	0.654654	6	0.158302	0.895251
ENSG00000161057	PSMC2	S2_mrna_detected_only	0.437931	29	0.0175011	0.659802
ENSG00000161091	MFSD12	S2_mrna_detected_only	0.248465	29	0.193717	0.383064
ENSG00000161179	YDJC	S2_mrna_detected_only	0.151976	10	0.675124	0.255884
ENSG00000161202	DVL3	S2_mrna_detected_only	0.463054	29	0.0114194	0.694526
ENSG00000161203	AP2M1	S2_mrna_detected_only	0.0788177	29	0.684442	0.174301
ENSG00000161204	ABCF3	S2_mrna_detected_only	0.634483	29	0.000218605	0.877968
ENSG00000161217	PCYT1A	S2_mrna_detected_only	0.462069	29	0.011619	0.692688
ENSG00000161243	FBXO27	S2_mrna_detected_only	0.312574	23	0.146465	0.479145
ENSG00000161267	BDH1	S2_mrna_detected_only	0.687466	28	5.30651e-05	0.921465
ENSG00000161270	NPHS1	S2_mrna_detected_only	-0.210819	4	0.789181	0.0203824
ENSG00000161281	COX7A1	S2_mrna_detected_only	0.49699	28	0.00713452	0.73797
ENSG00000161381	PLXDC1	S2_mrna_detected_only	0.436759	23	0.0371803	0.658384
ENSG00000161405	IKZF3	S2_mrna_detected_only	0.555709	13	0.0486285	0.804633
ENSG00000161513	FDXR	S2_mrna_detected_only	0.538961	21	0.0117001	0.786772
ENSG00000161526	SAP30BP	S2_mrna_detected_only	0.11133	29	0.565324	0.209813
ENSG00000161533	ACOX1	S2_mrna_detected_only	0.551232	29	0.00194002	0.799643
ENSG00000161542	PRPSAP1	S2_mrna_detected_only	0.165025	29	0.392285	0.271013
ENSG00000161544	CYGB	S2_mrna_detected_only	0.598796	28	0.000761323	0.846029
ENSG00000161547	SRSF2	S2_mrna_detected_only	0.441379	29	0.0165347	0.664635
ENSG00000161558	TMEM143	S2_mrna_detected_only	0.17656	24	0.4092	0.285196
ENSG00000161594	KLHL10	S2_mrna_detected_only		1		
ENSG00000161609	CCDC155	S2_mrna_detected_only		1		
ENSG00000161618	ALDH16A1	S2_mrna_detected_only	0.176125	24	0.410373	0.284776
ENSG00000161638	ITGA5	S2_mrna_detected_only	0.608867	29	0.000456542	0.854696
ENSG00000161642	ZNF385A	S2_mrna_detected_only	0.394232	28	0.0379038	0.597027
ENSG00000161649	CD300LG	S2_mrna_detected_only	0.480418	13	0.0965745	0.71743
ENSG00000161653	NAGS	S2_mrna_detected_only		3		
ENSG00000161654	LSM12	S2_mrna_detected_only	0.0778325	29	0.688189	0.173566
ENSG00000161671	EMC10	S2_mrna_detected_only	0.373399	29	0.0460218	0.570288
ENSG00000161677	JOSD2	S2_mrna_detected_only	0.00350503	24	0.987031	0.110265
ENSG00000161681	SHANK1	S2_mrna_detected_only		1		
ENSG00000161682	FAM171A2	S2_mrna_detected_only	0.3	5	0.623838	0.45934
ENSG00000161714	PLCD3	S2_mrna_detected_only	0.765104	22	3.35465e-05	0.965171
ENSG00000161791	FMNL3	S2_mrna_detected_only	0.0902718	26	0.660982	0.186646
ENSG00000161798	AQP5	S2_mrna_detected_only	0.810844	7	0.0269163	0.982664
ENSG00000161800	RACGAP1	S2_mrna_detected_only	0.273729	25	0.185492	0.421675
ENSG00000161813	LARP4	S2_mrna_detected_only	0.0758621	29	0.695706	0.171307
ENSG00000161847	RAVER1	S2_mrna_detected_only	0.243077	26	0.231484	0.374921
ENSG00000161860	SYCE2	S2_mrna_detected_only		2		
ENSG00000161904	LEMD2	S2_mrna_detected_only	0.467488	29	0.0105563	0.701776
ENSG00000161905	ALOX15	S2_mrna_detected_only		3		
ENSG00000161911	TREML1	S2_mrna_detected_only	-0.774597	4	0.225403	0
ENSG00000161920	MED11	S2_mrna_detected_only	0.0818137	29	0.673091	0.177191
ENSG00000161921	CXCL16	S2_mrna_detected_only	0.144691	29	0.453939	0.245797
ENSG00000161929	SCIMP	S2_mrna_detected_only	0.231171	18	0.356031	0.360527
ENSG00000161944	ASGR2	S2_mrna_detected_only	0.428571	8	0.289403	0.648771
ENSG00000161956	SENP3	S2_mrna_detected_only	0.14532	29	0.451957	0.246848
ENSG00000161960	EIF4A1	S2_mrna_detected_only	0.450739	29	0.0141319	0.677979
ENSG00000161970	RPL26	S2_mrna_detected_only	0.0679803	29	0.726048	0.164898
ENSG00000161980	POLR3K	S2_mrna_detected_only	0.0827817	29	0.669439	0.178767
ENSG00000161996	WDR90	S2_mrna_detected_only	-0.207948	21	0.365714	0.0214856
ENSG00000161999	JMJD8	S2_mrna_detected_only	0.198394	29	0.302217	0.310727
ENSG00000162004	CCDC78	S2_mrna_detected_only	0.948683	4	0.0513167	0.99958
ENSG00000162039	MEIOB	S2_mrna_detected_only		1		
ENSG00000162066	AMDHD2	S2_mrna_detected_only	0.0857143	20	0.719366	0.182024
ENSG00000162076	FLYWCH2	S2_mrna_detected_only	-0.0722496	28	0.714845	0.0656125
ENSG00000162078	ZG16B	S2_mrna_detected_only	0.524523	18	0.0254342	0.772063
ENSG00000162104	ADCY9	S2_mrna_detected_only	0.261084	29	0.171313	0.402501
ENSG00000162105	SHANK2	S2_mrna_detected_only	0.608791	14	0.0208566	0.854434
ENSG00000162139	NEU3	S2_mrna_detected_only	0.263997	28	0.17463	0.406335
ENSG00000162148	PPP1R32	S2_mrna_detected_only	0.624169	12	0.0300595	0.868827
ENSG00000162188	GNG3	S2_mrna_detected_only	0.801784	7	0.0300992	0.980143
ENSG00000162191	UBXN1	S2_mrna_detected_only	0.421182	29	0.0228827	0.63942
ENSG00000162222	TTC9C	S2_mrna_detected_only	-0.0699507	29	0.718422	0.0661904
ENSG00000162227	TAF6L	S2_mrna_detected_only	0.00123168	29	0.994941	0.108269
ENSG00000162231	NXF1	S2_mrna_detected_only	0.0945813	29	0.62553	0.190849
ENSG00000162236	STX5	S2_mrna_detected_only	0.227094	29	0.236137	0.354906
ENSG00000162244	RPL29	S2_mrna_detected_only	-0.205426	29	0.28505	0.0216957
ENSG00000162267	ITIH3	S2_mrna_detected_only	-0.168565	11	0.62028	0.0306262
ENSG00000162298	SYVN1	S2_mrna_detected_only	0.366502	29	0.0505226	0.559414
ENSG00000162300	ZFPL1	S2_mrna_detected_only	-0.01133	29	0.953484	0.101124
ENSG00000162302	RPS6KA4	S2_mrna_detected_only	0.671593	28	9.11932e-05	0.91059
ENSG00000162337	LRP5	S2_mrna_detected_only	0.447663	28	0.0169055	0.673723
ENSG00000162341	TPCN2	S2_mrna_detected_only	-0.325261	28	0.0912336	0.00572599
ENSG00000162365	CYP4A22	S2_mrna_detected_only		2		
ENSG00000162366	PDZK1IP1	S2_mrna_detected_only	0.76287	21	5.78105e-05	0.964226
ENSG00000162368	CMPK1	S2_mrna_detected_only	0.709852	29	1.61302e-05	0.936751
ENSG00000162374	ELAVL4	S2_mrna_detected_only	0.880406	6	0.0205987	0.995587
ENSG00000162377	COA7	S2_mrna_detected_only	0.402316	29	0.0304949	0.611578
ENSG00000162378	ZYG11B	S2_mrna_detected_only	0.414286	29	0.0254607	0.629964
ENSG00000162384	C1orf123	S2_mrna_detected_only	0.265025	29	0.164707	0.408069
ENSG00000162385	MAGOH	S2_mrna_detected_only	0.111823	29	0.563594	0.210023
ENSG00000162391	FAM151A	S2_mrna_detected_only	0.4	4	0.6	0.607165
ENSG00000162396	PARS2	S2_mrna_detected_only	0.494581	27	0.00872885	0.735081
ENSG00000162399	BSND	S2_mrna_detected_only		2		
ENSG00000162402	USP24	S2_mrna_detected_only	0.306442	29	0.105917	0.470477
ENSG00000162407	PLPP3	S2_mrna_detected_only	0.419212	29	0.0235964	0.636216
ENSG00000162408	NOL9	S2_mrna_detected_only	0.120996	28	0.539663	0.219847
ENSG00000162409	PRKAA2	S2_mrna_detected_only	0.683359	16	0.00351981	0.919258
ENSG00000162413	KLHL21	S2_mrna_detected_only	0.248178	29	0.19425	0.382486
ENSG00000162419	GMEB1	S2_mrna_detected_only	0.0546364	25	0.795335	0.15145
ENSG00000162430	SEPN1	S2_mrna_detected_only	-0.00638952	29	0.973758	0.103225
ENSG00000162434	JAK1	S2_mrna_detected_only	0.525616	29	0.00340928	0.773377
ENSG00000162437	RAVER2	S2_mrna_detected_only	0.70315	27	4.30279e-05	0.932181
ENSG00000162438	CTRC	S2_mrna_detected_only	0.47619	8	0.232936	0.710443
ENSG00000162441	LZIC	S2_mrna_detected_only	-0.064532	29	0.739454	0.0689746
ENSG00000162458	FBLIM1	S2_mrna_detected_only	0.583028	27	0.00141472	0.830689
ENSG00000162460	TMEM82	S2_mrna_detected_only	-0.447214	5	0.450185	0.00136583
ENSG00000162482	AKR7A3	S2_mrna_detected_only	0.867133	12	0.000259812	0.994169
ENSG00000162494	LRRC38	S2_mrna_detected_only		1		
ENSG00000162496	DHRS3	S2_mrna_detected_only	0.778421	29	6.63511e-07	0.970897
ENSG00000162511	LAPTM5	S2_mrna_detected_only	0.393294	29	0.0347985	0.595556
ENSG00000162512	SDC3	S2_mrna_detected_only	0.566502	29	0.00135638	0.814352
ENSG00000162517	PEF1	S2_mrna_detected_only	0.320197	29	0.0903831	0.492278
ENSG00000162520	SYNC	S2_mrna_detected_only	0.680702	19	0.00133707	0.916632
ENSG00000162521	RBBP4	S2_mrna_detected_only	0.397044	29	0.0329537	0.601755
ENSG00000162522	KIAA1522	S2_mrna_detected_only	0.836522	24	3.53073e-07	0.988811
ENSG00000162542	TMCO4	S2_mrna_detected_only	0.152162	28	0.439538	0.256199
ENSG00000162543	UBXN10	S2_mrna_detected_only	0.792858	15	0.000422063	0.977149
ENSG00000162545	CAMK2N1	S2_mrna_detected_only	0.12322	29	0.524251	0.223209
ENSG00000162551	ALPL	S2_mrna_detected_only	0.653846	25	0.000392874	0.894673
ENSG00000162598	C1orf87	S2_mrna_detected_only		2		
ENSG00000162599	NFIA	S2_mrna_detected_only	0.340449	28	0.0762716	0.520645
ENSG00000162600	OMA1	S2_mrna_detected_only	0.63399	29	0.00022186	0.877548
ENSG00000162601	MYSM1	S2_mrna_detected_only	0.113098	29	0.559126	0.211652
ENSG00000162607	USP1	S2_mrna_detected_only	0.121792	29	0.529107	0.220897
ENSG00000162613	FUBP1	S2_mrna_detected_only	0.495074	29	0.0063241	0.735974
ENSG00000162614	NEXN	S2_mrna_detected_only	0.70188	26	6.44208e-05	0.931866
ENSG00000162616	DNAJB4	S2_mrna_detected_only	0.460591	29	0.0119239	0.690954
ENSG00000162618	ADGRL4	S2_mrna_detected_only	0.259357	28	0.182611	0.399611
ENSG00000162623	TYW3	S2_mrna_detected_only	0.319635	29	0.0909817	0.491227
ENSG00000162627	SNX7	S2_mrna_detected_only	0.697623	29	2.59563e-05	0.928609
ENSG00000162631	NTNG1	S2_mrna_detected_only	0	5	1	0.107638
ENSG00000162636	FAM102B	S2_mrna_detected_only	0.273588	28	0.158914	0.42157
ENSG00000162639	HENMT1	S2_mrna_detected_only	0.351989	24	0.0916409	0.538191
ENSG00000162642	C1orf52	S2_mrna_detected_only	0.235019	29	0.219739	0.365676
ENSG00000162643	WDR63	S2_mrna_detected_only	0.4	4	0.6	0.607165
ENSG00000162645	GBP2	S2_mrna_detected_only	0.791626	29	3.15081e-07	0.976781
ENSG00000162654	GBP4	S2_mrna_detected_only	0.252634	28	0.194622	0.390155
ENSG00000162664	ZNF326	S2_mrna_detected_only	0.204212	29	0.287967	0.318502
ENSG00000162669	HFM1	S2_mrna_detected_only		1		
ENSG00000162670	BRINP3	S2_mrna_detected_only	0.574163	10	0.0825989	0.820918
ENSG00000162688	AGL	S2_mrna_detected_only	0.475096	28	0.0106231	0.709235
ENSG00000162692	VCAM1	S2_mrna_detected_only	0.6867	29	3.89462e-05	0.920572
ENSG00000162694	EXTL2	S2_mrna_detected_only	0.412026	29	0.0263553	0.62739
ENSG00000162695	SLC30A7	S2_mrna_detected_only	0.337712	28	0.0788182	0.516495
ENSG00000162702	ZNF281	S2_mrna_detected_only	0.303437	28	0.116484	0.465276
ENSG00000162704	ARPC5	S2_mrna_detected_only	0.515764	29	0.00418697	0.762555
ENSG00000162722	TRIM58	S2_mrna_detected_only	0.6	5	0.284757	0.846817
ENSG00000162728	KCNJ9	S2_mrna_detected_only		1		
ENSG00000162729	IGSF8	S2_mrna_detected_only	0.162069	29	0.400936	0.267913
ENSG00000162733	DDR2	S2_mrna_detected_only	0.65353	28	0.000162606	0.894463
ENSG00000162734	PEA15	S2_mrna_detected_only	0.476847	29	0.00891264	0.711547
ENSG00000162735	PEX19	S2_mrna_detected_only	0.0334975	29	0.863042	0.133379
ENSG00000162736	NCSTN	S2_mrna_detected_only	0.341379	29	0.0699236	0.521853
ENSG00000162739	SLAMF6	S2_mrna_detected_only	0.337066	16	0.201724	0.515287
ENSG00000162745	OLFML2B	S2_mrna_detected_only	0.620829	24	0.00120706	0.866621
ENSG00000162747	FCGR3B	S2_mrna_detected_only	0.665803	13	0.0129853	0.90581
ENSG00000162753	SLC9C2	S2_mrna_detected_only		1		
ENSG00000162755	KLHDC9	S2_mrna_detected_only		1		
ENSG00000162772	ATF3	S2_mrna_detected_only	0.00115366	28	0.995351	0.108058
ENSG00000162775	RBM15	S2_mrna_detected_only	0.14	24	0.514099	0.242068
ENSG00000162777	DENND2D	S2_mrna_detected_only	0.783883	27	1.31969e-06	0.973892
ENSG00000162782	TDRD5	S2_mrna_detected_only		1		
ENSG00000162804	SNED1	S2_mrna_detected_only	0.0514505	28	0.794856	0.148508
ENSG00000162813	BPNT1	S2_mrna_detected_only	0.11133	29	0.565324	0.209813
ENSG00000162814	SPATA17	S2_mrna_detected_only		2		
ENSG00000162819	BROX	S2_mrna_detected_only	0.247783	29	0.194982	0.381855
ENSG00000162836	ACP6	S2_mrna_detected_only	0.497863	26	0.00964837	0.739073
ENSG00000162849	KIF26B	S2_mrna_detected_only		2		
ENSG00000162851	TFB2M	S2_mrna_detected_only	0.448768	29	0.014612	0.675404
ENSG00000162852	CNST	S2_mrna_detected_only	0.244335	29	0.201471	0.37676
ENSG00000162869	PPP1R21	S2_mrna_detected_only	0.550246	29	0.00198419	0.798329
ENSG00000162877	PM20D1	S2_mrna_detected_only		2		
ENSG00000162882	HAAO	S2_mrna_detected_only	0.224169	28	0.251474	0.350441
ENSG00000162889	MAPKAPK2	S2_mrna_detected_only	0.203941	29	0.288622	0.317924
ENSG00000162894	FCMR	S2_mrna_detected_only	0.529823	19	0.0196395	0.777001
ENSG00000162896	PIGR	S2_mrna_detected_only	0.775026	18	0.000158338	0.969269
ENSG00000162897	FCAMR	S2_mrna_detected_only	0.456612	8	0.255411	0.685438
ENSG00000162909	CAPN2	S2_mrna_detected_only	0.458128	29	0.0124468	0.68775
ENSG00000162910	MRPL55	S2_mrna_detected_only	0.49064	29	0.00688616	0.730616
ENSG00000162923	WDR26	S2_mrna_detected_only	0.35665	29	0.0575476	0.5446
ENSG00000162924	REL	S2_mrna_detected_only	0.604103	26	0.00108253	0.850336
ENSG00000162927	PUS10	S2_mrna_detected_only	0.465379	26	0.0165854	0.697993
ENSG00000162928	PEX13	S2_mrna_detected_only	0.138272	29	0.474417	0.240439
ENSG00000162944	RFTN2	S2_mrna_detected_only	0.757143	15	0.00108111	0.961284
ENSG00000162949	CAPN13	S2_mrna_detected_only	0.566667	9	0.111633	0.814667
ENSG00000162951	LRRTM1	S2_mrna_detected_only		3		
ENSG00000162959	MEMO1	S2_mrna_detected_only	0.251972	25	0.224335	0.388895
ENSG00000162961	DPY30	S2_mrna_detected_only	0.23599	29	0.217785	0.366621
ENSG00000162971	TYW5	S2_mrna_detected_only	0.0168831	21	0.942096	0.121086
ENSG00000162972	C2orf47	S2_mrna_detected_only	0.577904	29	0.00102656	0.824596
ENSG00000162976	PQLC3	S2_mrna_detected_only	0.0708359	29	0.715005	0.166999
ENSG00000162980	ARL5A	S2_mrna_detected_only	0.0315838	29	0.8708	0.131488
ENSG00000162981	FAM84A	S2_mrna_detected_only	0.263158	20	0.262287	0.405075
ENSG00000162989	KCNJ3	S2_mrna_detected_only	-0.782624	5	0.117614	0
ENSG00000162999	DUSP19	S2_mrna_detected_only	0.15772	19	0.519012	0.263343
ENSG00000163001	CFAP36	S2_mrna_detected_only	0.661084	29	9.46018e-05	0.90124
ENSG00000163002	NUP35	S2_mrna_detected_only	0.262562	29	0.168814	0.404549
ENSG00000163017	ACTG2	S2_mrna_detected_only	0.779946	28	9.92837e-07	0.97158
ENSG00000163026	C2orf44	S2_mrna_detected_only	0.0254787	27	0.899616	0.126655
ENSG00000163029	SMC6	S2_mrna_detected_only	0.487751	28	0.00846562	0.726991
ENSG00000163032	VSNL1	S2_mrna_detected_only	0.667857	15	0.00650996	0.907701
ENSG00000163050	ADCK3	S2_mrna_detected_only	0.334483	29	0.0761465	0.511977
ENSG00000163060	TEKT4	S2_mrna_detected_only		2		
ENSG00000163069	SGCB	S2_mrna_detected_only	0.400493	29	0.0313279	0.608163
ENSG00000163071	SPATA18	S2_mrna_detected_only	-0.198193	22	0.376609	0.0232717
ENSG00000163072	NOSTRIN	S2_mrna_detected_only	0.347783	29	0.0645046	0.531729
ENSG00000163075	CFAP221	S2_mrna_detected_only	0.109109	8	0.797039	0.207186
ENSG00000163092	XIRP2	S2_mrna_detected_only		2		
ENSG00000163093	BBS5	S2_mrna_detected_only	0.5013	20	0.0243382	0.743066
ENSG00000163104	SMARCAD1	S2_mrna_detected_only	0.510126	28	0.00554875	0.754885
ENSG00000163110	PDLIM5	S2_mrna_detected_only	0.484236	29	0.00777232	0.722105
ENSG00000163114	PDHA2	S2_mrna_detected_only		1		
ENSG00000163125	RPRD2	S2_mrna_detected_only	0.432319	29	0.0191733	0.652816
ENSG00000163131	CTSS	S2_mrna_detected_only	0.845917	29	7.54552e-09	0.990912
ENSG00000163141	BNIPL	S2_mrna_detected_only	0.394665	6	0.438739	0.597605
ENSG00000163154	TNFAIP8L2	S2_mrna_detected_only	0.756923	25	1.19083e-05	0.960969
ENSG00000163155	LYSMD1	S2_mrna_detected_only	0.489047	28	0.00826721	0.728672
ENSG00000163156	SCNM1	S2_mrna_detected_only	0.299158	29	0.114911	0.458342
ENSG00000163157	TMOD4	S2_mrna_detected_only		1		
ENSG00000163159	VPS72	S2_mrna_detected_only	0.312469	29	0.0988815	0.478935
ENSG00000163161	ERCC3	S2_mrna_detected_only	0.20197	29	0.293406	0.315245
ENSG00000163162	RNF149	S2_mrna_detected_only	0.229102	29	0.231905	0.357481
ENSG00000163166	IWS1	S2_mrna_detected_only	0.248306	29	0.194011	0.382696
ENSG00000163170	BOLA3	S2_mrna_detected_only	0.315712	29	0.0952454	0.484713
ENSG00000163171	CDC42EP3	S2_mrna_detected_only	0.625939	29	0.000281482	0.870298
ENSG00000163191	S100A11	S2_mrna_detected_only	0.738916	29	4.70129e-06	0.952826
ENSG00000163206	SMCP	S2_mrna_detected_only		2		
ENSG00000163207	IVL	S2_mrna_detected_only		3		
ENSG00000163209	SPRR3	S2_mrna_detected_only	1	6	0	1
ENSG00000163214	DHX57	S2_mrna_detected_only	0.328407	28	0.0879651	0.502522
ENSG00000163216	SPRR2D	S2_mrna_detected_only		3		
ENSG00000163220	S100A9	S2_mrna_detected_only	0.768473	29	1.12577e-06	0.966432
ENSG00000163221	S100A12	S2_mrna_detected_only	0.532353	16	0.0337686	0.779313
ENSG00000163235	TGFA	S2_mrna_detected_only	-0.19584	24	0.359079	0.0235869
ENSG00000163249	CCNYL1	S2_mrna_detected_only	0.0743934	29	0.701326	0.170466
ENSG00000163257	DCAF16	S2_mrna_detected_only	0.286595	29	0.131734	0.441637
ENSG00000163263	C1orf189	S2_mrna_detected_only		3		
ENSG00000163281	GNPDA2	S2_mrna_detected_only	0.608101	28	0.000597299	0.853488
ENSG00000163283	ALPP	S2_mrna_detected_only		2		
ENSG00000163285	GABRG1	S2_mrna_detected_only		2		
ENSG00000163286	ALPPL2	S2_mrna_detected_only		1		
ENSG00000163288	GABRB1	S2_mrna_detected_only		2		
ENSG00000163295	ALPI	S2_mrna_detected_only	0.6	5	0.284757	0.846817
ENSG00000163297	ANTXR2	S2_mrna_detected_only	0.581807	27	0.00145584	0.829323
ENSG00000163319	MRPS18C	S2_mrna_detected_only	0.0115906	29	0.952415	0.116043
ENSG00000163320	CGGBP1	S2_mrna_detected_only	0.349261	29	0.0633018	0.533463
ENSG00000163322	FAM175A	S2_mrna_detected_only	0.0607692	25	0.77292	0.157544
ENSG00000163344	PMVK	S2_mrna_detected_only	0.553202	29	0.00185423	0.801376
ENSG00000163346	PBXIP1	S2_mrna_detected_only	0.467488	29	0.0105563	0.701776
ENSG00000163348	PYGO2	S2_mrna_detected_only	0.192753	29	0.316448	0.303793
ENSG00000163359	COL6A3	S2_mrna_detected_only	0.61029	28	0.000563537	0.856482
ENSG00000163374	YY1AP1	S2_mrna_detected_only	0.148729	29	0.441301	0.251996
ENSG00000163376	KBTBD8	S2_mrna_detected_only	0.34881	12	0.266468	0.532727
ENSG00000163378	EOGT	S2_mrna_detected_only	0.542125	27	0.00348815	0.789714
ENSG00000163380	LMOD3	S2_mrna_detected_only		3		
ENSG00000163382	APOA1BP	S2_mrna_detected_only	0.532512	29	0.00294175	0.779681
ENSG00000163389	POGLUT1	S2_mrna_detected_only	0.324917	29	0.0854725	0.497846
ENSG00000163394	CCKAR	S2_mrna_detected_only		3		
ENSG00000163399	ATP1A1	S2_mrna_detected_only	0.751724	29	2.59234e-06	0.958867
ENSG00000163406	SLC15A2	S2_mrna_detected_only	0.588135	17	0.0130203	0.835522
ENSG00000163412	EIF4E3	S2_mrna_detected_only	0.380296	29	0.0418453	0.579061
ENSG00000163428	LRRC58	S2_mrna_detected_only	0.298086	29	0.116281	0.456503
ENSG00000163430	FSTL1	S2_mrna_detected_only	0.797044	29	2.28549e-07	0.97883
ENSG00000163435	ELF3	S2_mrna_detected_only	0.677903	19	0.00142457	0.914846
ENSG00000163440	PDCL2	S2_mrna_detected_only		1		
ENSG00000163453	IGFBP7	S2_mrna_detected_only	0.702463	29	2.1562e-05	0.932076
ENSG00000163462	TRIM46	S2_mrna_detected_only		2		
ENSG00000163463	KRTCAP2	S2_mrna_detected_only	0.112938	29	0.559684	0.211389
ENSG00000163466	ARPC2	S2_mrna_detected_only	0.511823	29	0.00453802	0.757775
ENSG00000163468	CCT3	S2_mrna_detected_only	0.214778	29	0.2632	0.335365
ENSG00000163472	TMEM79	S2_mrna_detected_only	-0.135208	20	0.569794	0.0409225
ENSG00000163481	RNF25	S2_mrna_detected_only	0.339901	29	0.0712227	0.519805
ENSG00000163482	STK36	S2_mrna_detected_only	0.068198	27	0.735369	0.165108
ENSG00000163491	NEK10	S2_mrna_detected_only		2		
ENSG00000163492	CCDC141	S2_mrna_detected_only		3		
ENSG00000163501	IHH	S2_mrna_detected_only	-0.284848	10	0.425038	0.0101912
ENSG00000163508	EOMES	S2_mrna_detected_only	0.105409	4	0.894591	0.202458
ENSG00000163510	CWC22	S2_mrna_detected_only	0.227586	29	0.235094	0.3558
ENSG00000163512	AZI2	S2_mrna_detected_only	0.0147783	28	0.940503	0.119405
ENSG00000163513	TGFBR2	S2_mrna_detected_only	0.438916	29	0.0172203	0.661326
ENSG00000163516	ANKZF1	S2_mrna_detected_only	0.420352	29	0.0231811	0.638212
ENSG00000163517	HDAC11	S2_mrna_detected_only	0.634704	28	0.000285837	0.878073
ENSG00000163518	FCRL4	S2_mrna_detected_only	0.632456	4	0.367544	0.87634
ENSG00000163519	TRAT1	S2_mrna_detected_only	0.830628	9	0.00555542	0.987708
ENSG00000163520	FBLN2	S2_mrna_detected_only	0.573957	25	0.00269931	0.820708
ENSG00000163527	STT3B	S2_mrna_detected_only	0.119212	29	0.537935	0.217693
ENSG00000163528	CHCHD4	S2_mrna_detected_only	0.191133	29	0.320611	0.302164
ENSG00000163531	NFASC	S2_mrna_detected_only	0.364869	22	0.0949942	0.557943
ENSG00000163534	FCRL1	S2_mrna_detected_only	0.707107	5	0.18169	0.93507
ENSG00000163539	CLASP2	S2_mrna_detected_only	0.285222	29	0.133678	0.439273
ENSG00000163541	SUCLG1	S2_mrna_detected_only	0.769458	29	1.06959e-06	0.967167
ENSG00000163545	NUAK2	S2_mrna_detected_only	0.22727	23	0.296998	0.355484
ENSG00000163558	PRKCI	S2_mrna_detected_only	0.400164	28	0.0348579	0.607638
ENSG00000163564	PYHIN1	S2_mrna_detected_only	0.65	9	0.0580731	0.892099
ENSG00000163565	IFI16	S2_mrna_detected_only	0.816749	29	6.52478e-08	0.984293
ENSG00000163568	AIM2	S2_mrna_detected_only	0.493049	10	0.147617	0.733295
ENSG00000163576	EFHB	S2_mrna_detected_only		3		
ENSG00000163577	EIF5A2	S2_mrna_detected_only	0.276623	21	0.224791	0.425457
ENSG00000163581	SLC2A2	S2_mrna_detected_only	0.9	5	0.0373861	0.997163
ENSG00000163584	RPL22L1	S2_mrna_detected_only	0.0679803	29	0.726048	0.164898
ENSG00000163586	FABP1	S2_mrna_detected_only	0.866667	9	0.0024954	0.994011
ENSG00000163590	PPM1L	S2_mrna_detected_only	0.69475	27	5.79341e-05	0.926403
ENSG00000163596	ICA1L	S2_mrna_detected_only	0.626729	18	0.00538036	0.871559
ENSG00000163602	RYBP	S2_mrna_detected_only	0.222013	29	0.247067	0.346554
ENSG00000163605	PPP4R2	S2_mrna_detected_only	0.259606	29	0.173837	0.399926
ENSG00000163607	GTPBP8	S2_mrna_detected_only	0.261931	29	0.169876	0.403814
ENSG00000163608	C3orf17	S2_mrna_detected_only	0.0510481	29	0.792565	0.14814
ENSG00000163611	SPICE1	S2_mrna_detected_only	0.10906	26	0.59588	0.207134
ENSG00000163618	CADPS	S2_mrna_detected_only	0.733333	9	0.0245542	0.949884
ENSG00000163624	CDS1	S2_mrna_detected_only	0.614988	22	0.00231937	0.860632
ENSG00000163625	WDFY3	S2_mrna_detected_only	0.508374	29	0.00486549	0.752889
ENSG00000163626	COX18	S2_mrna_detected_only	-0.393693	29	0.0345984	0.00246901
ENSG00000163629	PTPN13	S2_mrna_detected_only	0.44812	20	0.0475317	0.674144
ENSG00000163631	ALB	S2_mrna_detected_only	-0.5	5	0.391002	0.000420256
ENSG00000163634	THOC7	S2_mrna_detected_only	-0.0458128	29	0.813447	0.0794285
ENSG00000163635	ATXN7	S2_mrna_detected_only	0.0808591	29	0.676701	0.176035
ENSG00000163636	PSMD6	S2_mrna_detected_only	0.218227	29	0.255427	0.339882
ENSG00000163644	PPM1K	S2_mrna_detected_only	0.483646	28	0.00912097	0.721633
ENSG00000163655	GMPS	S2_mrna_detected_only	0.40936	29	0.0274434	0.622557
ENSG00000163660	CCNL1	S2_mrna_detected_only	0.0510481	29	0.792565	0.14814
ENSG00000163661	PTX3	S2_mrna_detected_only	0.503497	12	0.0951574	0.746848
ENSG00000163681	SLMAP	S2_mrna_detected_only	0.820197	29	5.16004e-08	0.985133
ENSG00000163682	RPL9	S2_mrna_detected_only	0.521368	27	0.00529007	0.768859
ENSG00000163683	SMIM14	S2_mrna_detected_only	0.522227	29	0.00366147	0.769857
ENSG00000163684	RPP14	S2_mrna_detected_only	0.21762	29	0.256783	0.338884
ENSG00000163686	ABHD6	S2_mrna_detected_only	0.862069	28	3.75899e-09	0.993223
ENSG00000163687	DNASE1L3	S2_mrna_detected_only	0.645606	21	0.00157258	0.888474
ENSG00000163694	RBM47	S2_mrna_detected_only	0.82359	26	2.36264e-07	0.985764
ENSG00000163697	APBB2	S2_mrna_detected_only	0.108374	28	0.583047	0.206083
ENSG00000163703	CRELD1	S2_mrna_detected_only	0.292118	29	0.12413	0.448676
ENSG00000163704	PRRT3	S2_mrna_detected_only	0.224733	7	0.628042	0.351019
ENSG00000163714	U2SURP	S2_mrna_detected_only	0.234483	29	0.220823	0.364888
ENSG00000163719	MTMR14	S2_mrna_detected_only	0.245813	29	0.198672	0.379229
ENSG00000163728	TTC14	S2_mrna_detected_only	0.00395798	29	0.983743	0.110685
ENSG00000163736	PPBP	S2_mrna_detected_only	0.3	5	0.623838	0.45934
ENSG00000163737	PF4	S2_mrna_detected_only		3		
ENSG00000163743	RCHY1	S2_mrna_detected_only	0.128626	28	0.514199	0.230248
ENSG00000163749	CCDC158	S2_mrna_detected_only		1		
ENSG00000163751	CPA3	S2_mrna_detected_only	0.312253	22	0.157136	0.478514
ENSG00000163754	GYG1	S2_mrna_detected_only	0.722167	29	9.74624e-06	0.943003
ENSG00000163755	HPS3	S2_mrna_detected_only	0.0607553	28	0.758757	0.157439
ENSG00000163762	TM4SF18	S2_mrna_detected_only	0.209158	28	0.285443	0.325226
ENSG00000163781	TOPBP1	S2_mrna_detected_only	0.313581	29	0.0976229	0.480195
ENSG00000163785	RYK	S2_mrna_detected_only	0.318314	29	0.0924006	0.489966
ENSG00000163788	SNRK	S2_mrna_detected_only	0.530542	29	0.00306933	0.777947
ENSG00000163795	ZNF513	S2_mrna_detected_only	0.14324	29	0.458526	0.244432
ENSG00000163798	SLC4A1AP	S2_mrna_detected_only	0.264072	29	0.166287	0.406808
ENSG00000163807	KIAA1143	S2_mrna_detected_only	0.118241	29	0.541273	0.216957
ENSG00000163810	TGM4	S2_mrna_detected_only		1		
ENSG00000163811	WDR43	S2_mrna_detected_only	0.246089	29	0.198151	0.379649
ENSG00000163812	ZDHHC3	S2_mrna_detected_only	0.452392	29	0.0137394	0.680553
ENSG00000163814	CDCP1	S2_mrna_detected_only	0.611446	20	0.00417569	0.857481
ENSG00000163815	CLEC3B	S2_mrna_detected_only	0.271921	29	0.153586	0.419994
ENSG00000163818	LZTFL1	S2_mrna_detected_only	0.64335	29	0.000166805	0.886321
ENSG00000163820	FYCO1	S2_mrna_detected_only	0.699015	29	2.46171e-05	0.929607
ENSG00000163825	RTP3	S2_mrna_detected_only		1		
ENSG00000163827	LRRC2	S2_mrna_detected_only	-0.0955705	13	0.756124	0.0557365
ENSG00000163832	ELP6	S2_mrna_detected_only	0.133498	29	0.489953	0.235501
ENSG00000163833	FBXO40	S2_mrna_detected_only		1		
ENSG00000163840	DTX3L	S2_mrna_detected_only	0.660099	29	9.7724e-05	0.900084
ENSG00000163848	ZNF148	S2_mrna_detected_only	0.0551724	29	0.776211	0.152028
ENSG00000163866	SMIM12	S2_mrna_detected_only	0.0152536	29	0.937403	0.119826
ENSG00000163867	ZMYM6	S2_mrna_detected_only	-0.198714	28	0.310721	0.0231666
ENSG00000163870	TPRA1	S2_mrna_detected_only	0.255	29	0.181874	0.394463
ENSG00000163872	YEATS2	S2_mrna_detected_only	0.267415	28	0.168909	0.412219
ENSG00000163873	GRIK3	S2_mrna_detected_only	0.4	4	0.6	0.607165
ENSG00000163874	ZC3H12A	S2_mrna_detected_only	0.250048	25	0.228011	0.385638
ENSG00000163875	MEAF6	S2_mrna_detected_only	0.109988	29	0.570051	0.20829
ENSG00000163877	SNIP1	S2_mrna_detected_only	0.182266	28	0.353253	0.291343
ENSG00000163882	POLR2H	S2_mrna_detected_only	-0.0349754	29	0.85706	0.086888
ENSG00000163885	CFAP100	S2_mrna_detected_only		2		
ENSG00000163900	TMEM41A	S2_mrna_detected_only	0.404337	29	0.0295926	0.616043
ENSG00000163902	RPN1	S2_mrna_detected_only	0.351724	29	0.061336	0.537771
ENSG00000163904	SENP2	S2_mrna_detected_only	0.368424	29	0.0492347	0.563196
ENSG00000163913	IFT122	S2_mrna_detected_only	0.540461	29	0.00247228	0.788243
ENSG00000163918	RFC4	S2_mrna_detected_only	0.539901	29	0.00250305	0.787665
ENSG00000163930	BAP1	S2_mrna_detected_only	-0.162562	29	0.399486	0.0320971
ENSG00000163931	TKT	S2_mrna_detected_only	0.444335	29	0.0157419	0.66868
ENSG00000163932	PRKCD	S2_mrna_detected_only	0.780788	29	5.82763e-07	0.972158
ENSG00000163933	RFT1	S2_mrna_detected_only	0.124138	29	0.521142	0.224417
ENSG00000163938	GNL3	S2_mrna_detected_only	0.173892	29	0.36698	0.282045
ENSG00000163939	PBRM1	S2_mrna_detected_only	0.379803	29	0.0421332	0.57864
ENSG00000163945	UVSSA	S2_mrna_detected_only	-0.448304	25	0.0246038	0.00120824
ENSG00000163946	FAM208A	S2_mrna_detected_only	-0.236946	29	0.215872	0.0164951
ENSG00000163947	ARHGEF3	S2_mrna_detected_only	0.327733	29	0.0826414	0.501734
ENSG00000163950	SLBP	S2_mrna_detected_only	0.54624	29	0.0021729	0.794127
ENSG00000163956	LRPAP1	S2_mrna_detected_only	0.36798	29	0.04953	0.562408
ENSG00000163959	SLC51A	S2_mrna_detected_only	0.56598	9	0.112165	0.813511
ENSG00000163960	UBXN7	S2_mrna_detected_only	0.510161	29	0.00469336	0.755043
ENSG00000163961	RNF168	S2_mrna_detected_only	0.378125	29	0.0431256	0.576329
ENSG00000163964	PIGX	S2_mrna_detected_only	0.198913	29	0.300928	0.311462
ENSG00000163975	MFI2	S2_mrna_detected_only	0.633333	9	0.0670858	0.876865
ENSG00000163993	S100P	S2_mrna_detected_only	0.683824	17	0.00247029	0.919679
ENSG00000163995	ABLIM2	S2_mrna_detected_only	0.314286	6	0.544093	0.481929
ENSG00000164002	EXO5	S2_mrna_detected_only	-0.338938	23	0.11363	0.00488548
ENSG00000164008	C1orf50	S2_mrna_detected_only	0.309797	28	0.108646	0.474627
ENSG00000164010	ERMAP	S2_mrna_detected_only	-0.0487675	29	0.801645	0.0767493
ENSG00000164011	ZNF691	S2_mrna_detected_only	-0.0860969	27	0.669381	0.0592036
ENSG00000164022	AIMP1	S2_mrna_detected_only	0.0137931	29	0.943387	0.11825
ENSG00000164023	SGMS2	S2_mrna_detected_only	0.00816442	26	0.968425	0.113837
ENSG00000164024	METAP1	S2_mrna_detected_only	0.35468	29	0.0590403	0.542131
ENSG00000164031	DNAJB14	S2_mrna_detected_only	0.274205	29	0.150024	0.422305
ENSG00000164035	EMCN	S2_mrna_detected_only	0.114236	27	0.570467	0.212807
ENSG00000164039	BDH2	S2_mrna_detected_only	0.596872	29	0.000631025	0.843927
ENSG00000164040	PGRMC2	S2_mrna_detected_only	0.285222	29	0.133678	0.439273
ENSG00000164047	CAMP	S2_mrna_detected_only	-0.547619	8	0.160026	0.000210128
ENSG00000164050	PLXNB1	S2_mrna_detected_only	0.47931	29	0.00851784	0.715276
ENSG00000164051	CCDC51	S2_mrna_detected_only	0.255098	28	0.190159	0.394568
ENSG00000164054	SHISA5	S2_mrna_detected_only	0.0508768	29	0.793246	0.147773
ENSG00000164056	SPRY1	S2_mrna_detected_only	-0.235318	29	0.219136	0.0166527
ENSG00000164061	BSN	S2_mrna_detected_only		3		
ENSG00000164062	APEH	S2_mrna_detected_only	0.257914	29	0.176761	0.397825
ENSG00000164068	RNF123	S2_mrna_detected_only	0.0541872	29	0.78011	0.15103
ENSG00000164070	HSPA4L	S2_mrna_detected_only	0.725	15	0.00222703	0.944999
ENSG00000164073	MFSD8	S2_mrna_detected_only	0.458112	28	0.0142244	0.687592
ENSG00000164074	ABHD18	S2_mrna_detected_only	0.488786	28	0.00830688	0.728357
ENSG00000164076	CAMKV	S2_mrna_detected_only		1		
ENSG00000164080	RAD54L2	S2_mrna_detected_only	0.121861	28	0.536747	0.221107
ENSG00000164081	TEX264	S2_mrna_detected_only	0.293596	29	0.122151	0.450357
ENSG00000164082	GRM2	S2_mrna_detected_only		1		
ENSG00000164086	DUSP7	S2_mrna_detected_only	0.388018	29	0.0375336	0.588937
ENSG00000164087	POC1A	S2_mrna_detected_only	-0.070579	20	0.767472	0.0659277
ENSG00000164088	PPM1M	S2_mrna_detected_only	0.667376	29	7.66684e-05	0.907176
ENSG00000164089	ETNPPL	S2_mrna_detected_only	0.9	5	0.0373861	0.997163
ENSG00000164091	WDR82	S2_mrna_detected_only	0.170443	29	0.376705	0.278052
ENSG00000164104	HMGB2	S2_mrna_detected_only	0.369458	29	0.0485529	0.56535
ENSG00000164105	SAP30	S2_mrna_detected_only	0.240935	27	0.226037	0.37303
ENSG00000164106	SCRG1	S2_mrna_detected_only	0.666737	6	0.14809	0.906808
ENSG00000164109	MAD2L1	S2_mrna_detected_only	0.33418	25	0.102535	0.511505
ENSG00000164111	ANXA5	S2_mrna_detected_only	0.431034	29	0.0195742	0.65145
ENSG00000164113	ADAD1	S2_mrna_detected_only		1		
ENSG00000164114	MAP9	S2_mrna_detected_only	0.25451	23	0.241221	0.393412
ENSG00000164116	GUCY1A3	S2_mrna_detected_only	0.342091	28	0.0747743	0.522904
ENSG00000164118	CEP44	S2_mrna_detected_only	0.374487	28	0.0496038	0.571706
ENSG00000164120	HPGD	S2_mrna_detected_only	0.732174	24	4.75916e-05	0.948886
ENSG00000164122	ASB5	S2_mrna_detected_only	-0.408248	7	0.363217	0.00189115
ENSG00000164125	FAM198B	S2_mrna_detected_only	0.506668	29	0.00503484	0.750841
ENSG00000164134	NAA15	S2_mrna_detected_only	0.439709	29	0.016997	0.662692
ENSG00000164144	ARFIP1	S2_mrna_detected_only	0.499015	29	0.00585765	0.740544
ENSG00000164151	ICE1	S2_mrna_detected_only	0.309175	29	0.102682	0.474102
ENSG00000164162	ANAPC10	S2_mrna_detected_only	0.0651383	29	0.737091	0.162482
ENSG00000164163	ABCE1	S2_mrna_detected_only	-0.0635546	29	0.743268	0.0692898
ENSG00000164164	OTUD4	S2_mrna_detected_only	0.420988	29	0.0229523	0.639
ENSG00000164167	LSM6	S2_mrna_detected_only	0.371921	29	0.0469584	0.568029
ENSG00000164168	TMEM184C	S2_mrna_detected_only	-0.157434	29	0.414718	0.0341984
ENSG00000164171	ITGA2	S2_mrna_detected_only	0.606957	24	0.00166131	0.852122
ENSG00000164172	MOCS2	S2_mrna_detected_only	0.626601	29	0.000276097	0.871191
ENSG00000164176	EDIL3	S2_mrna_detected_only	0.555989	25	0.00390365	0.804843
ENSG00000164180	TMEM161B	S2_mrna_detected_only	0.259989	28	0.181509	0.400557
ENSG00000164181	ELOVL7	S2_mrna_detected_only	0.595518	23	0.00271668	0.842772
ENSG00000164182	NDUFAF2	S2_mrna_detected_only	-0.0719212	29	0.710823	0.0657176
ENSG00000164185	ZNF474	S2_mrna_detected_only		2		
ENSG00000164187	LMBRD2	S2_mrna_detected_only	0.420547	29	0.0231109	0.638527
ENSG00000164190	NIPBL	S2_mrna_detected_only	0.25468	29	0.182442	0.393728
ENSG00000164197	RNF180	S2_mrna_detected_only	0.0575131	21	0.804425	0.154707
ENSG00000164209	SLC25A46	S2_mrna_detected_only	0.54335	29	0.00231844	0.790607
ENSG00000164211	STARD4	S2_mrna_detected_only	0.434463	27	0.0235428	0.656178
ENSG00000164219	PGGT1B	S2_mrna_detected_only	0.265463	28	0.17216	0.408962
ENSG00000164237	CMBL	S2_mrna_detected_only	0.824849	28	6.71708e-08	0.985974
ENSG00000164244	PRRC1	S2_mrna_detected_only	0.20197	29	0.293406	0.315245
ENSG00000164252	AGGF1	S2_mrna_detected_only	-0.10963	29	0.571314	0.050063
ENSG00000164253	WDR41	S2_mrna_detected_only	0.00296297	29	0.987829	0.109739
ENSG00000164258	NDUFS4	S2_mrna_detected_only	0.19064	29	0.321883	0.301639
ENSG00000164266	SPINK1	S2_mrna_detected_only	0.866029	17	7.00518e-06	0.993854
ENSG00000164292	RHOBTB3	S2_mrna_detected_only	0.37564	28	0.0488501	0.572652
ENSG00000164294	GPX8	S2_mrna_detected_only	0.583116	24	0.00278389	0.830794
ENSG00000164303	ENPP6	S2_mrna_detected_only	0.392857	7	0.383317	0.594768
ENSG00000164305	CASP3	S2_mrna_detected_only	0.770936	29	9.90058e-07	0.967903
ENSG00000164306	PRIMPOL	S2_mrna_detected_only	0.387735	28	0.0414799	0.588727
ENSG00000164307	ERAP1	S2_mrna_detected_only	0.810345	29	9.96189e-08	0.982402
ENSG00000164308	ERAP2	S2_mrna_detected_only	0.543932	26	0.00407449	0.791605
ENSG00000164309	CMYA5	S2_mrna_detected_only	0.297874	10	0.403204	0.455926
ENSG00000164318	EGFLAM	S2_mrna_detected_only	0.124043	23	0.572824	0.224154
ENSG00000164323	CFAP97	S2_mrna_detected_only	0.179793	29	0.350684	0.288348
ENSG00000164326	CARTPT	S2_mrna_detected_only	0.642857	7	0.119392	0.8859
ENSG00000164327	RICTOR	S2_mrna_detected_only	-0.0347376	29	0.858022	0.0870456
ENSG00000164329	PAPD4	S2_mrna_detected_only	0.278818	29	0.143014	0.429975
ENSG00000164331	ANKRA2	S2_mrna_detected_only	0.298694	29	0.115503	0.457607
ENSG00000164332	UBLCP1	S2_mrna_detected_only	0.569528	29	0.00126094	0.816926
ENSG00000164334	FAM170A	S2_mrna_detected_only		1		
ENSG00000164338	UTP15	S2_mrna_detected_only	0.0782906	26	0.703829	0.173829
ENSG00000164342	TLR3	S2_mrna_detected_only	0.434604	26	0.0265102	0.656808
ENSG00000164344	KLKB1	S2_mrna_detected_only	0.3	5	0.623838	0.45934
ENSG00000164346	NSA2	S2_mrna_detected_only	0.195074	29	0.310544	0.305842
ENSG00000164347	GFM2	S2_mrna_detected_only	0.41653	28	0.0274622	0.632486
ENSG00000164366	CCDC127	S2_mrna_detected_only	0.088547	26	0.667091	0.185175
ENSG00000164398	ACSL6	S2_mrna_detected_only	0.857143	7	0.0136973	0.99233
ENSG00000164402	SEPT8	S2_mrna_detected_only	0.516566	29	0.00411841	0.763658
ENSG00000164405	UQCRQ	S2_mrna_detected_only	0.124138	29	0.521142	0.224417
ENSG00000164414	SLC35A1	S2_mrna_detected_only	0.322657	29	0.0877979	0.495009
ENSG00000164418	GRIK2	S2_mrna_detected_only		3		
ENSG00000164430	MB21D1	S2_mrna_detected_only	0.623579	21	0.0025241	0.867987
ENSG00000164434	FABP7	S2_mrna_detected_only		3		
ENSG00000164440	TXLNB	S2_mrna_detected_only	0.479155	13	0.0975809	0.714804
ENSG00000164442	CITED2	S2_mrna_detected_only	0.245032	29	0.200149	0.377653
ENSG00000164463	CREBRF	S2_mrna_detected_only	0.210134	29	0.273911	0.327012
ENSG00000164465	DCBLD1	S2_mrna_detected_only	0.274729	28	0.157115	0.42283
ENSG00000164466	SFXN1	S2_mrna_detected_only	0.260099	29	0.172993	0.400872
ENSG00000164488	DACT2	S2_mrna_detected_only	0.333947	6	0.5177	0.510822
ENSG00000164494	PDSS2	S2_mrna_detected_only	0.428571	29	0.0203618	0.648561
ENSG00000164506	STXBP5	S2_mrna_detected_only	0.142056	28	0.470857	0.243381
ENSG00000164530	PI16	S2_mrna_detected_only	0.498261	24	0.013212	0.739809
ENSG00000164532	TBX20	S2_mrna_detected_only	0.223607	5	0.717686	0.349443
ENSG00000164535	DAGLB	S2_mrna_detected_only	0.41833	29	0.0239218	0.635375
ENSG00000164543	STK17A	S2_mrna_detected_only	0.371167	29	0.047442	0.567083
ENSG00000164548	TRA2A	S2_mrna_detected_only	0.10197	29	0.598646	0.198466
ENSG00000164574	GALNT10	S2_mrna_detected_only	0.347704	29	0.0645693	0.531362
ENSG00000164576	SAP30L	S2_mrna_detected_only	-0.129208	29	0.504129	0.0431288
ENSG00000164587	RPS14	S2_mrna_detected_only	0.451724	29	0.0138968	0.679239
ENSG00000164588	HCN1	S2_mrna_detected_only		1		
ENSG00000164597	COG5	S2_mrna_detected_only	0.292611	29	0.123467	0.449254
ENSG00000164603	C7orf60	S2_mrna_detected_only	0.132407	28	0.501803	0.234345
ENSG00000164609	SLU7	S2_mrna_detected_only	0.0995074	29	0.607553	0.19605
ENSG00000164610	RP9	S2_mrna_detected_only	-0.164039	29	0.395159	0.0312566
ENSG00000164615	CAMLG	S2_mrna_detected_only	0.279803	29	0.141547	0.431183
ENSG00000164619	BMPER	S2_mrna_detected_only	0.640894	13	0.018258	0.884167
ENSG00000164626	KCNK5	S2_mrna_detected_only	0.41882	25	0.0371796	0.6359
ENSG00000164627	KIF6	S2_mrna_detected_only		3		
ENSG00000164631	ZNF12	S2_mrna_detected_only	-0.035104	28	0.859243	0.0866253
ENSG00000164649	CDCA7L	S2_mrna_detected_only	0.166148	29	0.389025	0.272694
ENSG00000164651	SP8	S2_mrna_detected_only		1		
ENSG00000164654	MIOS	S2_mrna_detected_only	0.168473	29	0.382328	0.275478
ENSG00000164674	SYTL3	S2_mrna_detected_only	0.319249	19	0.182768	0.491017
ENSG00000164675	IQUB	S2_mrna_detected_only	0.153897	5	0.804829	0.258142
ENSG00000164683	HEY1	S2_mrna_detected_only	0.454735	25	0.0223817	0.683284
ENSG00000164692	COL1A2	S2_mrna_detected_only	0.682266	29	4.5696e-05	0.917735
ENSG00000164695	CHMP4C	S2_mrna_detected_only	0.72462	24	6.21459e-05	0.944684
ENSG00000164708	PGAM2	S2_mrna_detected_only	0.547619	8	0.160026	0.794915
ENSG00000164715	LMTK2	S2_mrna_detected_only	0.708867	29	1.67752e-05	0.936226
ENSG00000164733	CTSB	S2_mrna_detected_only	0.65665	29	0.000109386	0.89772
ENSG00000164742	ADCY1	S2_mrna_detected_only	0.612372	7	0.143811	0.858269
ENSG00000164746	C7orf57	S2_mrna_detected_only		2		
ENSG00000164749	HNF4G	S2_mrna_detected_only	0.563924	12	0.0561672	0.811778
ENSG00000164751	PEX2	S2_mrna_detected_only	0.0699977	29	0.718241	0.166159
ENSG00000164754	RAD21	S2_mrna_detected_only	0.352709	29	0.0605632	0.539452
ENSG00000164758	MED30	S2_mrna_detected_only	0.314934	29	0.0961087	0.4834
ENSG00000164776	PHKG1	S2_mrna_detected_only	0.60876	6	0.19966	0.854381
ENSG00000164796	CSMD3	S2_mrna_detected_only		1		
ENSG00000164815	ORC5	S2_mrna_detected_only	0.196822	29	0.306142	0.308206
ENSG00000164816	DEFA5	S2_mrna_detected_only	0.8	4	0.2	0.979513
ENSG00000164818	DNAAF5	S2_mrna_detected_only	0.203302	29	0.290168	0.316926
ENSG00000164821	DEFA4	S2_mrna_detected_only		3		
ENSG00000164822	DEFA6	S2_mrna_detected_only		3		
ENSG00000164825	DEFB1	S2_mrna_detected_only	0.533732	19	0.0185919	0.780679
ENSG00000164828	SUN1	S2_mrna_detected_only	0.661576	29	9.30741e-05	0.90166
ENSG00000164830	OXR1	S2_mrna_detected_only	0.622167	29	0.000313981	0.867304
ENSG00000164867	NOS3	S2_mrna_detected_only	0.278571	15	0.314709	0.429344
ENSG00000164877	MICALL2	S2_mrna_detected_only	0.604511	20	0.0047531	0.850651
ENSG00000164879	CA3	S2_mrna_detected_only	0.683516	14	0.00703674	0.919363
ENSG00000164880	INTS1	S2_mrna_detected_only	0.162069	29	0.400936	0.267913
ENSG00000164885	CDK5	S2_mrna_detected_only	0.311122	29	0.100423	0.476833
ENSG00000164889	SLC4A2	S2_mrna_detected_only	0.0738916	29	0.70325	0.169836
ENSG00000164896	FASTK	S2_mrna_detected_only	0.112938	29	0.559684	0.211389
ENSG00000164897	TMUB1	S2_mrna_detected_only	0.139901	29	0.469174	0.241752
ENSG00000164898	C7orf55	S2_mrna_detected_only	0.419934	29	0.0233326	0.636951
ENSG00000164902	PHAX	S2_mrna_detected_only	0.22069	29	0.249968	0.343875
ENSG00000164904	ALDH7A1	S2_mrna_detected_only	0.646798	29	0.000149808	0.889735
ENSG00000164916	FOXK1	S2_mrna_detected_only	0.0388615	28	0.844349	0.136531
ENSG00000164919	COX6C	S2_mrna_detected_only	0.552709	29	0.00187537	0.800693
ENSG00000164924	YWHAZ	S2_mrna_detected_only	0.518227	29	0.00397958	0.765812
ENSG00000164929	BAALC	S2_mrna_detected_only	0.60935	13	0.0270506	0.855169
ENSG00000164930	FZD6	S2_mrna_detected_only	0.794232	29	2.7031e-07	0.977674
ENSG00000164932	CTHRC1	S2_mrna_detected_only	0.446087	24	0.0288944	0.671097
ENSG00000164933	SLC25A32	S2_mrna_detected_only	-0.0842468	29	0.663925	0.0601492
ENSG00000164934	DCAF13	S2_mrna_detected_only	0.183744	29	0.340021	0.292866
ENSG00000164941	INTS8	S2_mrna_detected_only	0.00147783	29	0.99393	0.108479
ENSG00000164944	KIAA1429	S2_mrna_detected_only	0.197808	29	0.303678	0.309676
ENSG00000164946	FREM1	S2_mrna_detected_only	0.119271	11	0.726872	0.217955
ENSG00000164961	KIAA0196	S2_mrna_detected_only	0.394384	29	0.0342542	0.597237
ENSG00000164967	RPP25L	S2_mrna_detected_only	0.0507091	29	0.793913	0.147247
ENSG00000164972	C9orf24	S2_mrna_detected_only	0.67082	5	0.21517	0.910065
ENSG00000164975	SNAPC3	S2_mrna_detected_only	-0.0874075	29	0.652088	0.0583631
ENSG00000164976	KIAA1161	S2_mrna_detected_only	0.295039	24	0.161628	0.452458
ENSG00000164978	NUDT2	S2_mrna_detected_only	0.304926	29	0.107744	0.467483
ENSG00000164983	TMEM65	S2_mrna_detected_only	0.16486	27	0.41122	0.270698
ENSG00000164985	PSIP1	S2_mrna_detected_only	0.599015	29	0.000596125	0.846239
ENSG00000165006	UBAP1	S2_mrna_detected_only	0.16798	29	0.383741	0.274795
ENSG00000165023	DIRAS2	S2_mrna_detected_only	0.941124	6	0.00509754	0.99958
ENSG00000165025	SYK	S2_mrna_detected_only	0.921788	29	1.2711e-12	0.998582
ENSG00000165029	ABCA1	S2_mrna_detected_only	0.37931	28	0.0465122	0.57801
ENSG00000165055	METTL2B	S2_mrna_detected_only	0.369458	29	0.0485529	0.56535
ENSG00000165059	PRKACG	S2_mrna_detected_only		1		
ENSG00000165060	FXN	S2_mrna_detected_only	0.517734	29	0.00402034	0.764814
ENSG00000165061	ZMAT4	S2_mrna_detected_only		2		
ENSG00000165072	MAMDC2	S2_mrna_detected_only	-0.0598701	22	0.791271	0.0711809
ENSG00000165076	PRSS37	S2_mrna_detected_only		1		
ENSG00000165078	CPA6	S2_mrna_detected_only		3		
ENSG00000165092	ALDH1A1	S2_mrna_detected_only	0.854187	29	3.7723e-09	0.991858
ENSG00000165097	KDM1B	S2_mrna_detected_only	0.278751	28	0.150884	0.42966
ENSG00000165102	HGSNAT	S2_mrna_detected_only	0.148468	29	0.442113	0.251891
ENSG00000165105	RASEF	S2_mrna_detected_only	0.344739	21	0.125914	0.527159
ENSG00000165113	GKAP1	S2_mrna_detected_only	0.403946	29	0.0297653	0.615623
ENSG00000165118	C9orf64	S2_mrna_detected_only	0.604269	28	0.000660655	0.850441
ENSG00000165119	HNRNPK	S2_mrna_detected_only	0.364039	29	0.0522118	0.556472
ENSG00000165125	TRPV6	S2_mrna_detected_only	-0.0824786	8	0.846053	0.0613574
ENSG00000165138	ANKS6	S2_mrna_detected_only	0.289858	25	0.159879	0.445945
ENSG00000165140	FBP1	S2_mrna_detected_only	0.899487	26	4.16627e-10	0.997111
ENSG00000165152	TMEM246	S2_mrna_detected_only	0.49326	26	0.0104507	0.733925
ENSG00000165156	ZHX1	S2_mrna_detected_only	0.00124026	29	0.994905	0.108374
ENSG00000165164	CFAP47	S2_mrna_detected_only		1		
ENSG00000165169	DYNLT3	S2_mrna_detected_only	0.300493	29	0.113222	0.460286
ENSG00000165175	MID1IP1	S2_mrna_detected_only	0.43852	29	0.0173328	0.660853
ENSG00000165192	ASB11	S2_mrna_detected_only		1		
ENSG00000165194	PCDH19	S2_mrna_detected_only		2		
ENSG00000165195	PIGA	S2_mrna_detected_only	-0.194031	23	0.375014	0.0239021
ENSG00000165209	STRBP	S2_mrna_detected_only	0.651312	29	0.000129887	0.892887
ENSG00000165215	CLDN3	S2_mrna_detected_only	0.565457	14	0.0350844	0.813354
ENSG00000165219	GAPVD1	S2_mrna_detected_only	0.399015	29	0.0320165	0.605379
ENSG00000165233	CARD19	S2_mrna_detected_only	0.223932	26	0.271456	0.349706
ENSG00000165240	ATP7A	S2_mrna_detected_only	0.240424	26	0.236775	0.3724
ENSG00000165244	ZNF367	S2_mrna_detected_only	-0.325792	19	0.173461	0.00562093
ENSG00000165246	NLGN4Y	S2_mrna_detected_only	0.607143	7	0.148231	0.852385
ENSG00000165264	NDUFB6	S2_mrna_detected_only	0.305419	29	0.107147	0.46785
ENSG00000165269	AQP7	S2_mrna_detected_only	0.507718	13	0.0765189	0.751786
ENSG00000165271	NOL6	S2_mrna_detected_only	-0.0433498	29	0.823316	0.081162
ENSG00000165280	VCP	S2_mrna_detected_only	-0.029064	29	0.881032	0.0913007
ENSG00000165282	PIGO	S2_mrna_detected_only	0.238207	29	0.213366	0.370088
ENSG00000165283	STOML2	S2_mrna_detected_only	0.39803	29	0.0324824	0.603698
ENSG00000165288	BRWD3	S2_mrna_detected_only	-0.160138	26	0.434538	0.0328325
ENSG00000165300	SLITRK5	S2_mrna_detected_only	0	4	1	0.107638
ENSG00000165309	ARMC3	S2_mrna_detected_only		3		
ENSG00000165312	OTUD1	S2_mrna_detected_only	0.134975	29	0.485117	0.237025
ENSG00000165322	ARHGAP12	S2_mrna_detected_only	0.690148	29	3.4328e-05	0.922778
ENSG00000165323	FAT3	S2_mrna_detected_only		1		
ENSG00000165325	CCDC67	S2_mrna_detected_only		2		
ENSG00000165338	HECTD2	S2_mrna_detected_only	0.630263	27	0.000425747	0.875131
ENSG00000165359	DDX26B	S2_mrna_detected_only	0.32688	25	0.110736	0.500473
ENSG00000165376	CLDN2	S2_mrna_detected_only	0.654654	8	0.0781407	0.895251
ENSG00000165383	LRRC18	S2_mrna_detected_only		2		
ENSG00000165392	WRN	S2_mrna_detected_only	-0.0290133	28	0.883483	0.0914583
ENSG00000165409	TSHR	S2_mrna_detected_only		2		
ENSG00000165410	CFL2	S2_mrna_detected_only	0.696638	29	2.69434e-05	0.927663
ENSG00000165416	SUGT1	S2_mrna_detected_only	0.152217	29	0.430542	0.256514
ENSG00000165417	GTF2A1	S2_mrna_detected_only	0.0145338	29	0.940352	0.119143
ENSG00000165424	ZCCHC24	S2_mrna_detected_only	0.549376	29	0.00202393	0.797174
ENSG00000165443	PHYHIPL	S2_mrna_detected_only	0.72028	12	0.00823977	0.941637
ENSG00000165457	FOLR2	S2_mrna_detected_only	0.738424	29	4.80689e-06	0.952564
ENSG00000165458	INPPL1	S2_mrna_detected_only	0.350246	29	0.0625097	0.535302
ENSG00000165471	MBL2	S2_mrna_detected_only		1		
ENSG00000165474	GJB2	S2_mrna_detected_only	0.467297	19	0.0436645	0.70125
ENSG00000165475	CRYL1	S2_mrna_detected_only	0.875724	29	4.98253e-10	0.994904
ENSG00000165476	REEP3	S2_mrna_detected_only	0.456158	29	0.0128789	0.68507
ENSG00000165478	HEPACAM	S2_mrna_detected_only		2		
ENSG00000165487	MICU2	S2_mrna_detected_only	0.152217	29	0.430542	0.256514
ENSG00000165494	PCF11	S2_mrna_detected_only	0.0980296	29	0.612923	0.194841
ENSG00000165501	LRR1	S2_mrna_detected_only	0.0624646	28	0.752177	0.159645
ENSG00000165502	RPL36AL	S2_mrna_detected_only	0.253695	29	0.184198	0.392204
ENSG00000165506	DNAAF2	S2_mrna_detected_only	0.354477	29	0.0591955	0.541921
ENSG00000165512	ZNF22	S2_mrna_detected_only	0.0660099	29	0.733699	0.163375
ENSG00000165516	KLHDC2	S2_mrna_detected_only	0.127902	29	0.508485	0.228672
ENSG00000165525	NEMF	S2_mrna_detected_only	-0.0778325	29	0.688189	0.0633536
ENSG00000165526	RPUSD4	S2_mrna_detected_only	-0.0460453	29	0.812517	0.0789557
ENSG00000165527	ARF6	S2_mrna_detected_only	0.104433	29	0.589796	0.20125
ENSG00000165533	TTC8	S2_mrna_detected_only	0.631073	29	0.000242027	0.875762
ENSG00000165548	TMEM63C	S2_mrna_detected_only	0.900937	7	0.00562059	0.997163
ENSG00000165553	NGB	S2_mrna_detected_only	0.210819	4	0.789181	0.328535
ENSG00000165556	CDX2	S2_mrna_detected_only	0.698253	6	0.122839	0.928977
ENSG00000165566	AMER2	S2_mrna_detected_only		1		
ENSG00000165572	KBTBD6	S2_mrna_detected_only	0.187765	28	0.338664	0.297699
ENSG00000165591	FAAH2	S2_mrna_detected_only	0.0343974	21	0.882327	0.134009
ENSG00000165609	NUDT5	S2_mrna_detected_only	0.435468	29	0.0182196	0.657386
ENSG00000165626	BEND7	S2_mrna_detected_only	0.342276	26	0.0869753	0.523062
ENSG00000165629	ATP5C1	S2_mrna_detected_only	0.568473	29	0.00129354	0.81598
ENSG00000165630	PRPF18	S2_mrna_detected_only	0.0231527	29	0.905107	0.125814
ENSG00000165632	TAF3	S2_mrna_detected_only	0.260698	29	0.171969	0.401713
ENSG00000165633	VSTM4	S2_mrna_detected_only	0.289569	28	0.135011	0.445419
ENSG00000165637	VDAC2	S2_mrna_detected_only	0.368473	29	0.0492026	0.563616
ENSG00000165643	SOHLH1	S2_mrna_detected_only		2		
ENSG00000165644	COMTD1	S2_mrna_detected_only	0.866667	10	0.00117354	0.993959
ENSG00000165650	PDZD8	S2_mrna_detected_only	0.366502	29	0.0505226	0.559414
ENSG00000165655	ZNF503	S2_mrna_detected_only	0.38188	26	0.0542129	0.580847
ENSG00000165660	FAM175B	S2_mrna_detected_only	0.161104	29	0.403785	0.266915
ENSG00000165661	QSOX2	S2_mrna_detected_only	0.268546	28	0.167044	0.41474
ENSG00000165671	NSD1	S2_mrna_detected_only	-0.102318	29	0.597393	0.0526896
ENSG00000165672	PRDX3	S2_mrna_detected_only	0.448276	29	0.0147341	0.674511
ENSG00000165675	ENOX2	S2_mrna_detected_only	-0.036022	28	0.855599	0.0861
ENSG00000165678	GHITM	S2_mrna_detected_only	0.294089	29	0.121496	0.451303
ENSG00000165682	CLEC1B	S2_mrna_detected_only		1		
ENSG00000165684	SNAPC4	S2_mrna_detected_only	-0.0108545	24	0.959852	0.101229
ENSG00000165688	PMPCA	S2_mrna_detected_only	0.167262	29	0.385808	0.274375
ENSG00000165689	SDCCAG3	S2_mrna_detected_only	-0.00394137	29	0.983811	0.104329
ENSG00000165695	AK8	S2_mrna_detected_only	0.18408	8	0.662567	0.293129
ENSG00000165699	TSC1	S2_mrna_detected_only	0.420909	28	0.0257162	0.638842
ENSG00000165704	HPRT1	S2_mrna_detected_only	0.147783	29	0.444244	0.25042
ENSG00000165714	BORCS5	S2_mrna_detected_only	-0.439518	28	0.0192733	0.00141837
ENSG00000165732	DDX21	S2_mrna_detected_only	0.507698	29	0.00493204	0.751681
ENSG00000165733	BMS1	S2_mrna_detected_only	-0.200517	29	0.296967	0.0227464
ENSG00000165752	STK32C	S2_mrna_detected_only	0.70751	22	0.000230687	0.935543
ENSG00000165757	KIAA1462	S2_mrna_detected_only	0.690844	28	4.70847e-05	0.923146
ENSG00000165775	FUNDC2	S2_mrna_detected_only	0.0586207	29	0.762609	0.155442
ENSG00000165782	TMEM55B	S2_mrna_detected_only	0.0044335	29	0.98179	0.111053
ENSG00000165792	METTL17	S2_mrna_detected_only	0.233046	29	0.223747	0.363154
ENSG00000165795	NDRG2	S2_mrna_detected_only	0.56798	29	0.00130901	0.815613
ENSG00000165799	RNASE7	S2_mrna_detected_only		3		
ENSG00000165801	ARHGEF40	S2_mrna_detected_only	0.442857	29	0.0161343	0.666369
ENSG00000165802	NSMF	S2_mrna_detected_only	0.38677	29	0.0382052	0.586941
ENSG00000165804	ZNF219	S2_mrna_detected_only	0.400112	25	0.0475003	0.607533
ENSG00000165806	CASP7	S2_mrna_detected_only	0.831034	29	2.38678e-08	0.987813
ENSG00000165813	CCDC186	S2_mrna_detected_only	0.686207	29	3.96494e-05	0.920361
ENSG00000165816	VWA2	S2_mrna_detected_only	0.885714	6	0.0188455	0.996008
ENSG00000165819	METTL3	S2_mrna_detected_only	0.609188	29	0.00045252	0.855064
ENSG00000165828	PRAP1	S2_mrna_detected_only	0.683333	9	0.0424423	0.919101
ENSG00000165832	TRUB1	S2_mrna_detected_only	0.704767	29	1.97151e-05	0.933127
ENSG00000165841	CYP2C19	S2_mrna_detected_only	1	4	0	1
ENSG00000165861	ZFYVE1	S2_mrna_detected_only	0.283744	29	0.135792	0.436962
ENSG00000165868	HSPA12A	S2_mrna_detected_only	0.705708	23	0.000168573	0.934072
ENSG00000165886	UBTD1	S2_mrna_detected_only	0.296125	25	0.150635	0.454034
ENSG00000165887	ANKRD2	S2_mrna_detected_only		2		
ENSG00000165895	ARHGAP42	S2_mrna_detected_only	0.462564	26	0.017342	0.694158
ENSG00000165898	ISCA2	S2_mrna_detected_only	0.38453	29	0.0394347	0.584314
ENSG00000165914	TTC7B	S2_mrna_detected_only	0.574384	29	0.00111996	0.821286
ENSG00000165916	PSMC3	S2_mrna_detected_only	0.33202	29	0.0784693	0.507407
ENSG00000165934	CPSF2	S2_mrna_detected_only	0.181281	29	0.346646	0.290082
ENSG00000165943	MOAP1	S2_mrna_detected_only	0.307693	29	0.104427	0.471895
ENSG00000165959	CLMN	S2_mrna_detected_only	0.706154	25	7.99762e-05	0.934282
ENSG00000165973	NELL1	S2_mrna_detected_only		3		
ENSG00000165983	PTER	S2_mrna_detected_only	0.521965	28	0.00438633	0.769647
ENSG00000165985	C1QL3	S2_mrna_detected_only		2		
ENSG00000165995	CACNB2	S2_mrna_detected_only	0.150443	16	0.578115	0.254308
ENSG00000165997	ARL5B	S2_mrna_detected_only	0.384135	29	0.039655	0.583684
ENSG00000166016	ABTB2	S2_mrna_detected_only	0.0322441	24	0.881105	0.132223
ENSG00000166024	R3HCC1L	S2_mrna_detected_only	0.403067	28	0.0334409	0.613627
ENSG00000166025	AMOTL1	S2_mrna_detected_only	0.358621	29	0.0560847	0.547962
ENSG00000166033	HTRA1	S2_mrna_detected_only	0.402463	29	0.0304284	0.611998
ENSG00000166035	LIPC	S2_mrna_detected_only		2		
ENSG00000166037	CEP57	S2_mrna_detected_only	0.252346	29	0.18662	0.38984
ENSG00000166046	TCP11L2	S2_mrna_detected_only	0.259707	28	0.182	0.400137
ENSG00000166049	PASD1	S2_mrna_detected_only		1		
ENSG00000166068	SPRED1	S2_mrna_detected_only	0.378482	29	0.042913	0.576854
ENSG00000166086	JAM3	S2_mrna_detected_only	0.376355	29	0.0441931	0.57365
ENSG00000166091	CMTM5	S2_mrna_detected_only	0.4	4	0.6	0.607165
ENSG00000166118	SPATA19	S2_mrna_detected_only		1		
ENSG00000166126	AMN	S2_mrna_detected_only	0.285714	8	0.492726	0.440324
ENSG00000166128	RAB8B	S2_mrna_detected_only	0.60936	29	0.000450389	0.855432
ENSG00000166130	IKBIP	S2_mrna_detected_only	0.529915	27	0.00447045	0.777264
ENSG00000166133	RPUSD2	S2_mrna_detected_only	0.372742	28	0.050761	0.569132
ENSG00000166135	HIF1AN	S2_mrna_detected_only	0.402809	29	0.0302728	0.612576
ENSG00000166136	NDUFB8	S2_mrna_detected_only	0.253202	29	0.185081	0.391259
ENSG00000166140	ZFYVE19	S2_mrna_detected_only	0.337931	29	0.0729839	0.516915
ENSG00000166143	PPP1R14D	S2_mrna_detected_only	0.816667	9	0.00722479	0.98424
ENSG00000166145	SPINT1	S2_mrna_detected_only	0.638261	24	0.000790622	0.881435
ENSG00000166148	AVPR1A	S2_mrna_detected_only	0.602237	14	0.022665	0.84855
ENSG00000166159	LRTM2	S2_mrna_detected_only		1		
ENSG00000166164	BRD7	S2_mrna_detected_only	0.349261	29	0.0633018	0.533463
ENSG00000166165	CKB	S2_mrna_detected_only	0.730542	29	6.81409e-06	0.947993
ENSG00000166166	TRMT61A	S2_mrna_detected_only	-0.0103866	25	0.9607	0.101544
ENSG00000166167	BTRC	S2_mrna_detected_only	0.0468513	28	0.812858	0.14378
ENSG00000166169	POLL	S2_mrna_detected_only	-0.0320592	29	0.868871	0.0894621
ENSG00000166170	BAG5	S2_mrna_detected_only	0.270443	29	0.155922	0.417682
ENSG00000166171	DPCD	S2_mrna_detected_only	0.64416	29	0.000162666	0.887214
ENSG00000166181	API5	S2_mrna_detected_only	0.262562	29	0.168814	0.404549
ENSG00000166183	ASPG	S2_mrna_detected_only	0.555937	7	0.195022	0.804791
ENSG00000166189	HPS6	S2_mrna_detected_only	0.290184	29	0.126756	0.446575
ENSG00000166197	NOLC1	S2_mrna_detected_only	0.263547	29	0.167162	0.405758
ENSG00000166199	ALKBH3	S2_mrna_detected_only	0.537211	29	0.00265579	0.785196
ENSG00000166200	COPS2	S2_mrna_detected_only	0.106171	29	0.583589	0.203141
ENSG00000166224	SGPL1	S2_mrna_detected_only	0.0315271	29	0.87103	0.13112
ENSG00000166225	FRS2	S2_mrna_detected_only	0.157541	28	0.42334	0.262818
ENSG00000166226	CCT2	S2_mrna_detected_only	0.322167	29	0.0883077	0.494484
ENSG00000166228	PCBD1	S2_mrna_detected_only	0.445813	29	0.0153575	0.670624
ENSG00000166233	ARIH1	S2_mrna_detected_only	0.236729	29	0.216305	0.367462
ENSG00000166246	C16orf71	S2_mrna_detected_only	0.8	4	0.2	0.979513
ENSG00000166250	CLMP	S2_mrna_detected_only	0.499618	25	0.0109933	0.74107
ENSG00000166257	SCN3B	S2_mrna_detected_only	0.5	5	0.391002	0.741437
ENSG00000166260	COX11	S2_mrna_detected_only	0.753965	29	2.32743e-06	0.959918
ENSG00000166266	CUL5	S2_mrna_detected_only	0.51133	29	0.00458361	0.757197
ENSG00000166272	WBP1L	S2_mrna_detected_only	-0.0501558	29	0.796114	0.0759088
ENSG00000166275	BORCS7	S2_mrna_detected_only	-0.100505	29	0.603939	0.0531099
ENSG00000166289	PLEKHF1	S2_mrna_detected_only	0.135109	21	0.559273	0.237287
ENSG00000166295	ANAPC16	S2_mrna_detected_only	0.0332553	29	0.864023	0.133064
ENSG00000166311	SMPD1	S2_mrna_detected_only	0.645972	29	0.000153734	0.889105
ENSG00000166313	APBB1	S2_mrna_detected_only	0.64532	29	0.000156895	0.888264
ENSG00000166317	SYNPO2L	S2_mrna_detected_only		2		
ENSG00000166326	TRIM44	S2_mrna_detected_only	0.122563	29	0.526484	0.222158
ENSG00000166333	ILK	S2_mrna_detected_only	0.668966	29	7.26478e-05	0.908804
ENSG00000166337	TAF10	S2_mrna_detected_only	-0.0334975	29	0.863042	0.0882013
ENSG00000166340	TPP1	S2_mrna_detected_only	0.389163	29	0.0369262	0.590775
ENSG00000166341	DCHS1	S2_mrna_detected_only	0.507389	28	0.00585178	0.751523
ENSG00000166347	CYB5A	S2_mrna_detected_only	0.822167	29	4.50243e-08	0.985396
ENSG00000166348	USP54	S2_mrna_detected_only	0.609743	28	0.000571817	0.85601
ENSG00000166352	C11orf74	S2_mrna_detected_only	0.287121	29	0.130997	0.442477
ENSG00000166359	WDR88	S2_mrna_detected_only		1		
ENSG00000166377	ATP9B	S2_mrna_detected_only	-0.0507755	28	0.797492	0.0752784
ENSG00000166387	PPFIBP2	S2_mrna_detected_only	0.678161	28	7.3177e-05	0.914951
ENSG00000166391	MOGAT2	S2_mrna_detected_only	0.577411	9	0.103507	0.824123
ENSG00000166396	SERPINB7	S2_mrna_detected_only		3		
ENSG00000166398	KIAA0355	S2_mrna_detected_only	0.404237	29	0.0296366	0.615938
ENSG00000166401	SERPINB8	S2_mrna_detected_only	0.662791	26	0.000224628	0.902763
ENSG00000166411	IDH3A	S2_mrna_detected_only	0.371721	29	0.0470866	0.567819
ENSG00000166415	WDR72	S2_mrna_detected_only	0.728918	9	0.0258836	0.946733
ENSG00000166426	CRABP1	S2_mrna_detected_only	0.472727	11	0.141999	0.706556
ENSG00000166432	ZMAT1	S2_mrna_detected_only	-0.289964	25	0.15972	0.00971843
ENSG00000166439	RNF169	S2_mrna_detected_only	0.654102	29	0.000118782	0.894883
ENSG00000166441	RPL27A	S2_mrna_detected_only	0.330049	29	0.0803663	0.505148
ENSG00000166444	ST5	S2_mrna_detected_only	0.615764	29	0.000376782	0.86142
ENSG00000166448	TMEM130	S2_mrna_detected_only	0.821429	7	0.0234488	0.985291
ENSG00000166451	CENPN	S2_mrna_detected_only	-0.109215	23	0.619855	0.0504833
ENSG00000166452	AKIP1	S2_mrna_detected_only	0.0557178	29	0.774056	0.152501
ENSG00000166454	ATMIN	S2_mrna_detected_only	-0.29364	29	0.122092	0.00908804
ENSG00000166471	TMEM41B	S2_mrna_detected_only	0.236236	29	0.217291	0.366936
ENSG00000166477	LEO1	S2_mrna_detected_only	0.133268	29	0.490708	0.235291
ENSG00000166478	ZNF143	S2_mrna_detected_only	0.280279	28	0.148564	0.432286
ENSG00000166479	TMX3	S2_mrna_detected_only	0.229064	29	0.231985	0.357323
ENSG00000166482	MFAP4	S2_mrna_detected_only	0.459113	29	0.0122354	0.689063
ENSG00000166483	WEE1	S2_mrna_detected_only	0.0613027	28	0.756648	0.157911
ENSG00000166484	MAPK7	S2_mrna_detected_only	-0.0958498	23	0.663527	0.0553162
ENSG00000166503	RP11-382A20.3	S2_mrna_detected_only	0.329502	28	0.086849	0.504518
ENSG00000166507	NDST2	S2_mrna_detected_only	0.440444	29	0.0167923	0.663532
ENSG00000166508	MCM7	S2_mrna_detected_only	0.60936	29	0.000450389	0.855432
ENSG00000166510	CCDC68	S2_mrna_detected_only	0.0584269	21	0.801377	0.155127
ENSG00000166526	ZNF3	S2_mrna_detected_only	0.697881	29	2.57033e-05	0.928714
ENSG00000166529	ZSCAN21	S2_mrna_detected_only	0.0755843	29	0.696767	0.171202
ENSG00000166532	RIMKLB	S2_mrna_detected_only	0.378946	28	0.0467405	0.577695
ENSG00000166535	A2ML1	S2_mrna_detected_only	0.6	4	0.4	0.846922
ENSG00000166548	TK2	S2_mrna_detected_only	0.567311	29	0.00133028	0.815035
ENSG00000166557	TMED3	S2_mrna_detected_only	0.666502	29	7.8962e-05	0.906756
ENSG00000166562	SEC11C	S2_mrna_detected_only	0.556158	29	0.00173171	0.805316
ENSG00000166575	TMEM135	S2_mrna_detected_only	0.458462	29	0.0123748	0.688012
ENSG00000166578	IQCD	S2_mrna_detected_only	0.9	5	0.0373861	0.997163
ENSG00000166579	NDEL1	S2_mrna_detected_only	0.105185	29	0.587106	0.202301
ENSG00000166582	CENPV	S2_mrna_detected_only	0.562308	25	0.00343667	0.809887
ENSG00000166589	CDH16	S2_mrna_detected_only		3		
ENSG00000166595	FAM96B	S2_mrna_detected_only	0.144828	29	0.453508	0.24627
ENSG00000166596	CFAP52	S2_mrna_detected_only		3		
ENSG00000166598	HSP90B1	S2_mrna_detected_only	0.199015	29	0.300676	0.311673
ENSG00000166634	SERPINB12	S2_mrna_detected_only		2		
ENSG00000166670	MMP10	S2_mrna_detected_only		2		
ENSG00000166685	COG1	S2_mrna_detected_only	0.0120705	29	0.950448	0.116464
ENSG00000166689	PLEKHA7	S2_mrna_detected_only	0.340909	23	0.111412	0.521381
ENSG00000166710	B2M	S2_mrna_detected_only	0.566502	29	0.00135638	0.814352
ENSG00000166716	ZNF592	S2_mrna_detected_only	0.406454	29	0.0286706	0.61909
ENSG00000166734	CASC4	S2_mrna_detected_only	0.436946	29	0.0177856	0.658752
ENSG00000166747	AP1G1	S2_mrna_detected_only	0.308374	29	0.103622	0.473156
ENSG00000166750	SLFN5	S2_mrna_detected_only	0.814997	28	1.2891e-07	0.984083
ENSG00000166780	C16orf45	S2_mrna_detected_only	0.422738	28	0.0250142	0.641469
ENSG00000166783	KIAA0430	S2_mrna_detected_only	-0.237468	29	0.214832	0.0160223
ENSG00000166788	SAAL1	S2_mrna_detected_only	0.320197	28	0.0966854	0.492488
ENSG00000166793	YPEL4	S2_mrna_detected_only	-0.258199	4	0.741801	0.0136583
ENSG00000166794	PPIB	S2_mrna_detected_only	0.480296	29	0.0083641	0.716852
ENSG00000166796	LDHC	S2_mrna_detected_only		3		
ENSG00000166797	FAM96A	S2_mrna_detected_only	0.699507	29	2.41582e-05	0.930185
ENSG00000166801	FAM111A	S2_mrna_detected_only	0.0121134	28	0.951217	0.116674
ENSG00000166813	KIF7	S2_mrna_detected_only	0.322468	16	0.223181	0.494799
ENSG00000166819	PLIN1	S2_mrna_detected_only	0.538462	14	0.0469761	0.786562
ENSG00000166821	PEX11A	S2_mrna_detected_only	0.32877	29	0.0816168	0.50352
ENSG00000166825	ANPEP	S2_mrna_detected_only	0.763077	25	9.1656e-06	0.964331
ENSG00000166828	SCNN1G	S2_mrna_detected_only	0.654654	6	0.158302	0.895251
ENSG00000166833	NAV2	S2_mrna_detected_only	0.510795	25	0.0090747	0.755884
ENSG00000166840	GLYATL1	S2_mrna_detected_only	0.8	5	0.104088	0.979513
ENSG00000166847	DCTN5	S2_mrna_detected_only	0.0990148	29	0.60934	0.195682
ENSG00000166848	TERF2IP	S2_mrna_detected_only	0.282266	29	0.13793	0.434545
ENSG00000166855	CLPX	S2_mrna_detected_only	0.317734	29	0.0930293	0.488916
ENSG00000166856	GPR182	S2_mrna_detected_only		3		
ENSG00000166862	CACNG2	S2_mrna_detected_only		1		
ENSG00000166863	TAC3	S2_mrna_detected_only	0.57735	8	0.133975	0.824123
ENSG00000166866	MYO1A	S2_mrna_detected_only	0.883333	9	0.0015905	0.995692
ENSG00000166869	CHP2	S2_mrna_detected_only	0.826362	8	0.0114428	0.986867
ENSG00000166881	NEMP1	S2_mrna_detected_only	0.425001	28	0.0241671	0.6442
ENSG00000166886	NAB2	S2_mrna_detected_only	0.396059	29	0.0334305	0.599653
ENSG00000166887	VPS39	S2_mrna_detected_only	0.247291	29	0.1959	0.381067
ENSG00000166888	STAT6	S2_mrna_detected_only	0.397537	29	0.0327174	0.602543
ENSG00000166889	PATL1	S2_mrna_detected_only	0.287967	29	0.129815	0.443738
ENSG00000166896	XRCC6BP1	S2_mrna_detected_only	0.447689	27	0.0191993	0.673829
ENSG00000166897	ELFN2	S2_mrna_detected_only		1		
ENSG00000166900	STX3	S2_mrna_detected_only	0.636946	29	0.000202955	0.880437
ENSG00000166902	MRPL16	S2_mrna_detected_only	0.579135	29	0.000995523	0.825751
ENSG00000166908	PIP4K2C	S2_mrna_detected_only	0.459606	29	0.0121308	0.689956
ENSG00000166912	MTMR10	S2_mrna_detected_only	0.54532	29	0.00221832	0.793024
ENSG00000166913	YWHAB	S2_mrna_detected_only	0.641872	29	0.000174598	0.884902
ENSG00000166920	C15orf48	S2_mrna_detected_only	0.676223	23	0.000396644	0.91327
ENSG00000166922	SCG5	S2_mrna_detected_only	0.801239	18	6.42569e-05	0.979775
ENSG00000166924	NYAP1	S2_mrna_detected_only	1	4	0	1
ENSG00000166925	TSC22D4	S2_mrna_detected_only	0.122429	29	0.526939	0.221948
ENSG00000166938	DIS3L	S2_mrna_detected_only	0.0315426	29	0.870967	0.131383
ENSG00000166946	CCNDBP1	S2_mrna_detected_only	0.585187	29	0.000854598	0.83237
ENSG00000166947	EPB42	S2_mrna_detected_only		1		
ENSG00000166949	SMAD3	S2_mrna_detected_only	0.537012	29	0.00266738	0.784881
ENSG00000166965	RCCD1	S2_mrna_detected_only	0.150075	28	0.44591	0.253572
ENSG00000166971	AKTIP	S2_mrna_detected_only	0.388448	28	0.0410751	0.589672
ENSG00000166974	MAPRE2	S2_mrna_detected_only	0.273925	29	0.150457	0.422148
ENSG00000166979	EVA1C	S2_mrna_detected_only	0.107826	24	0.616016	0.205033
ENSG00000166986	MARS	S2_mrna_detected_only	0.405911	29	0.0289047	0.61804
ENSG00000166987	MBD6	S2_mrna_detected_only	0.161609	29	0.402293	0.267756
ENSG00000166997	CNPY4	S2_mrna_detected_only	0.645868	28	0.000205506	0.888895
ENSG00000167004	PDIA3	S2_mrna_detected_only	0.234975	29	0.219827	0.365413
ENSG00000167005	NUDT21	S2_mrna_detected_only	0.488177	29	0.00721629	0.727516
ENSG00000167034	NKX3-1	S2_mrna_detected_only	0.623598	12	0.0302549	0.868092
ENSG00000167037	SGSM1	S2_mrna_detected_only	0.928571	7	0.00251947	0.999159
ENSG00000167074	TEF	S2_mrna_detected_only	0.0224202	29	0.908097	0.125289
ENSG00000167080	B4GALNT2	S2_mrna_detected_only	0.67082	5	0.21517	0.910065
ENSG00000167081	PBX3	S2_mrna_detected_only	0.104935	28	0.595128	0.202091
ENSG00000167085	PHB	S2_mrna_detected_only	0.434483	29	0.0185137	0.656493
ENSG00000167088	SNRPD1	S2_mrna_detected_only	0.0881773	29	0.649217	0.184703
ENSG00000167100	SAMD14	S2_mrna_detected_only		1		
ENSG00000167106	FAM102A	S2_mrna_detected_only	0.648768	29	0.000140801	0.890943
ENSG00000167110	GOLGA2	S2_mrna_detected_only	0.123414	29	0.523593	0.223576
ENSG00000167112	TRUB2	S2_mrna_detected_only	0.275774	29	0.147612	0.424511
ENSG00000167113	COQ4	S2_mrna_detected_only	0.286477	29	0.131902	0.441427
ENSG00000167114	SLC27A4	S2_mrna_detected_only	0.495567	29	0.00626413	0.736499
ENSG00000167118	URM1	S2_mrna_detected_only	-0.264532	29	0.165523	0.0128704
ENSG00000167123	CERCAM	S2_mrna_detected_only	0.116937	27	0.561327	0.215644
ENSG00000167130	DOLPP1	S2_mrna_detected_only	0.133846	28	0.497124	0.235921
ENSG00000167131	CCDC103	S2_mrna_detected_only		2		
ENSG00000167136	ENDOG	S2_mrna_detected_only	0.464532	29	0.0111254	0.696522
ENSG00000167165	UGT1A6	S2_mrna_detected_only	0.518182	11	0.102492	0.765602
ENSG00000167173	C15orf39	S2_mrna_detected_only	-0.160569	29	0.405368	0.0327275
ENSG00000167178	ISLR2	S2_mrna_detected_only		2		
ENSG00000167182	SP2	S2_mrna_detected_only	0.165866	29	0.389843	0.272274
ENSG00000167186	COQ7	S2_mrna_detected_only	0.0133005	29	0.945405	0.117777
ENSG00000167193	CRK	S2_mrna_detected_only	0.413105	29	0.0259249	0.628861
ENSG00000167196	FBXO22	S2_mrna_detected_only	0.296552	29	0.118262	0.454455
ENSG00000167202	TBC1D2B	S2_mrna_detected_only	0.82237	29	4.43935e-08	0.985554
ENSG00000167216	KATNAL2	S2_mrna_detected_only	0.257143	6	0.622787	0.396512
ENSG00000167220	HDHD2	S2_mrna_detected_only	0.388177	29	0.0374486	0.589304
ENSG00000167232	ZNF91	S2_mrna_detected_only	-0.142281	28	0.470147	0.0390313
ENSG00000167244	IGF2	S2_mrna_detected_only	0.54391	28	0.00277337	0.7915
ENSG00000167257	RNF214	S2_mrna_detected_only	0.346798	29	0.0653163	0.530048
ENSG00000167258	CDK12	S2_mrna_detected_only	0.298303	28	0.123109	0.456766
ENSG00000167261	DPEP2	S2_mrna_detected_only	-0.0171991	17	0.947763	0.0977621
ENSG00000167264	DUS2	S2_mrna_detected_only	-0.108075	27	0.591559	0.0507985
ENSG00000167272	POP5	S2_mrna_detected_only	0.128341	29	0.507017	0.229407
ENSG00000167280	ENGASE	S2_mrna_detected_only	0.0935961	29	0.629151	0.189588
ENSG00000167283	ATP5L	S2_mrna_detected_only	0.255665	29	0.180698	0.395199
ENSG00000167302	ENTHD2	S2_mrna_detected_only	0.00582292	26	0.977478	0.112051
ENSG00000167306	MYO5B	S2_mrna_detected_only	0.213439	23	0.328142	0.333421
ENSG00000167315	ACAA2	S2_mrna_detected_only	0.775369	29	7.8253e-07	0.969426
ENSG00000167323	STIM1	S2_mrna_detected_only	0.159113	29	0.409694	0.265129
ENSG00000167325	RRM1	S2_mrna_detected_only	0.475862	29	0.00907482	0.710023
ENSG00000167333	TRIM68	S2_mrna_detected_only	0.0550912	28	0.780678	0.15187
ENSG00000167363	FN3K	S2_mrna_detected_only	0.670936	29	6.79244e-05	0.910223
ENSG00000167371	PRRT2	S2_mrna_detected_only	0.387298	19	0.101368	0.587834
ENSG00000167378	IRGQ	S2_mrna_detected_only	0.394133	20	0.0855182	0.596922
ENSG00000167393	PPP2R3B	S2_mrna_detected_only	0.504137	23	0.0141711	0.747584
ENSG00000167394	ZNF668	S2_mrna_detected_only	0.507093	6	0.304559	0.751418
ENSG00000167395	ZNF646	S2_mrna_detected_only	0.202218	24	0.343325	0.315875
ENSG00000167414	GNG8	S2_mrna_detected_only	0.67082	5	0.21517	0.910065
ENSG00000167419	LPO	S2_mrna_detected_only		1		
ENSG00000167447	SMG8	S2_mrna_detected_only	0.350043	29	0.0626724	0.535039
ENSG00000167460	TPM4	S2_mrna_detected_only	0.617241	29	0.000361384	0.862576
ENSG00000167461	RAB8A	S2_mrna_detected_only	0.50936	29	0.00476994	0.75436
ENSG00000167468	GPX4	S2_mrna_detected_only	0.0985222	29	0.611131	0.195157
ENSG00000167476	JSRP1	S2_mrna_detected_only		1		
ENSG00000167483	FAM129C	S2_mrna_detected_only	0.4	4	0.6	0.607165
ENSG00000167487	KLHL26	S2_mrna_detected_only	0.0999718	22	0.658019	0.196733
ENSG00000167491	GATAD2A	S2_mrna_detected_only	-0.0273673	28	0.890053	0.0922988
ENSG00000167508	MVD	S2_mrna_detected_only	0.367866	28	0.0541084	0.561935
ENSG00000167515	TRAPPC2L	S2_mrna_detected_only	-0.0512315	29	0.791836	0.0749107
ENSG00000167522	ANKRD11	S2_mrna_detected_only	-0.0123472	29	0.949313	0.100284
ENSG00000167523	SPATA33	S2_mrna_detected_only	0.230588	19	0.342236	0.359897
ENSG00000167526	RPL13	S2_mrna_detected_only	0.276847	29	0.145979	0.425877
ENSG00000167535	CACNB3	S2_mrna_detected_only	0.547714	24	0.00559734	0.794967
ENSG00000167536	DHRS13	S2_mrna_detected_only	0.456368	22	0.0327703	0.685386
ENSG00000167543	TP53I13	S2_mrna_detected_only	-0.020832	28	0.916203	0.0960811
ENSG00000167548	KMT2D	S2_mrna_detected_only	0.364532	29	0.0518704	0.55726
ENSG00000167552	TUBA1A	S2_mrna_detected_only	0.368473	29	0.0492026	0.563616
ENSG00000167553	TUBA1C	S2_mrna_detected_only	0.0187192	29	0.923219	0.122557
ENSG00000167566	NCKAP5L	S2_mrna_detected_only	0.0243531	24	0.910068	0.12634
ENSG00000167578	RAB4B	S2_mrna_detected_only	0.587018	29	0.000815546	0.833736
ENSG00000167580	AQP2	S2_mrna_detected_only		1		
ENSG00000167588	GPD1	S2_mrna_detected_only	0.805004	16	0.000168686	0.980826
ENSG00000167595	PROSER3	S2_mrna_detected_only	0.0296304	19	0.904156	0.129597
ENSG00000167600	CYP2S1	S2_mrna_detected_only	0.780167	19	8.14952e-05	0.97179
ENSG00000167601	AXL	S2_mrna_detected_only	0.487006	29	0.00737796	0.725625
ENSG00000167604	NFKBID	S2_mrna_detected_only	-0.113319	19	0.64415	0.0480668
ENSG00000167608	TMC4	S2_mrna_detected_only	0.805986	18	5.38164e-05	0.981141
ENSG00000167614	TTYH1	S2_mrna_detected_only	1	6	0	1
ENSG00000167615	LENG8	S2_mrna_detected_only	0.127586	29	0.50954	0.228304
ENSG00000167618	LAIR2	S2_mrna_detected_only	0.948683	4	0.0513167	0.99958
ENSG00000167619	TMEM145	S2_mrna_detected_only		3		
ENSG00000167632	TRAPPC9	S2_mrna_detected_only	-0.0541872	29	0.78011	0.0730195
ENSG00000167635	ZNF146	S2_mrna_detected_only	0.427797	29	0.0206148	0.647983
ENSG00000167641	PPP1R14A	S2_mrna_detected_only	0.453913	24	0.0258803	0.682339
ENSG00000167642	SPINT2	S2_mrna_detected_only	0.798521	29	2.09054e-07	0.979145
ENSG00000167645	YIF1B	S2_mrna_detected_only	0.336181	29	0.0745758	0.513606
ENSG00000167646	DNAAF3	S2_mrna_detected_only	0.828571	6	0.0415627	0.987497
ENSG00000167653	PSCA	S2_mrna_detected_only	0.38797	9	0.30218	0.588884
ENSG00000167654	ATCAY	S2_mrna_detected_only		2		
ENSG00000167656	LY6D	S2_mrna_detected_only	0.392792	6	0.441113	0.594768
ENSG00000167657	DAPK3	S2_mrna_detected_only	0.615271	29	0.000382042	0.860843
ENSG00000167658	EEF2	S2_mrna_detected_only	0.278818	29	0.143014	0.429975
ENSG00000167670	CHAF1A	S2_mrna_detected_only	0.135946	27	0.498963	0.238128
ENSG00000167671	UBXN6	S2_mrna_detected_only	0.189679	29	0.324377	0.300326
ENSG00000167674	CTB-50L17.10	S2_mrna_detected_only	0.181549	29	0.34592	0.290345
ENSG00000167676	PLIN4	S2_mrna_detected_only	0.572755	18	0.0129782	0.820078
ENSG00000167693	NXN	S2_mrna_detected_only	0.617406	28	0.000465058	0.862944
ENSG00000167695	FAM57A	S2_mrna_detected_only	0.443958	28	0.017951	0.66847
ENSG00000167699	GLOD4	S2_mrna_detected_only	0.44532	29	0.0154848	0.669626
ENSG00000167700	MFSD3	S2_mrna_detected_only	0.231551	25	0.265406	0.360843
ENSG00000167711	SERPINF2	S2_mrna_detected_only	0.356643	12	0.255138	0.54439
ENSG00000167716	WDR81	S2_mrna_detected_only	-0.0350301	28	0.859536	0.0867304
ENSG00000167720	SRR	S2_mrna_detected_only	0.513793	29	0.00435948	0.760191
ENSG00000167721	TSR1	S2_mrna_detected_only	-0.110345	29	0.568792	0.0495377
ENSG00000167733	HSD11B1L	S2_mrna_detected_only	0.612372	7	0.143811	0.858269
ENSG00000167740	CYB5D2	S2_mrna_detected_only	0.555307	29	0.00176621	0.804318
ENSG00000167741	GGT6	S2_mrna_detected_only	0.688957	17	0.00222196	0.922095
ENSG00000167748	KLK1	S2_mrna_detected_only	0.654992	12	0.0207937	0.895409
ENSG00000167751	KLK2	S2_mrna_detected_only		1		
ENSG00000167754	KLK5	S2_mrna_detected_only		4		
ENSG00000167755	KLK6	S2_mrna_detected_only	0.395217	8	0.332517	0.59834
ENSG00000167759	KLK13	S2_mrna_detected_only	0.737865	4	0.262135	0.952196
ENSG00000167767	KRT80	S2_mrna_detected_only	0.769697	10	0.00922195	0.967378
ENSG00000167768	KRT1	S2_mrna_detected_only		1		
ENSG00000167770	OTUB1	S2_mrna_detected_only	0.580788	29	0.000955155	0.828535
ENSG00000167774	CTD-2550O8.5	S2_mrna_detected_only		3		
ENSG00000167775	CD320	S2_mrna_detected_only	-0.0938976	29	0.628042	0.0560517
ENSG00000167778	SPRYD3	S2_mrna_detected_only	-0.0630542	29	0.745223	0.0694999
ENSG00000167780	SOAT2	S2_mrna_detected_only		3		
ENSG00000167792	NDUFV1	S2_mrna_detected_only	0.621259	29	0.000322288	0.866831
ENSG00000167815	PRDX2	S2_mrna_detected_only	0.134483	29	0.486726	0.236499
ENSG00000167842	MIS12	S2_mrna_detected_only	0.396835	29	0.0330546	0.601439
ENSG00000167858	TEKT1	S2_mrna_detected_only	0.4	4	0.6	0.607165
ENSG00000167861	HID1	S2_mrna_detected_only	0.877942	28	8.42439e-10	0.99522
ENSG00000167862	ICT1	S2_mrna_detected_only	0.286735	29	0.131538	0.442267
ENSG00000167863	ATP5H	S2_mrna_detected_only	0.724138	29	8.96945e-06	0.944526
ENSG00000167881	SRP68	S2_mrna_detected_only	0.269951	29	0.156707	0.416527
ENSG00000167895	TMC8	S2_mrna_detected_only	0.491718	23	0.0171685	0.732349
ENSG00000167900	TK1	S2_mrna_detected_only	0.725057	25	4.13016e-05	0.945209
ENSG00000167904	TMEM68	S2_mrna_detected_only	0.197561	29	0.304293	0.309571
ENSG00000167910	CYP7A1	S2_mrna_detected_only		1		
ENSG00000167914	GSDMA	S2_mrna_detected_only	0.4	4	0.6	0.607165
ENSG00000167916	KRT24	S2_mrna_detected_only	0.219578	8	0.601334	0.341563
ENSG00000167925	GHDC	S2_mrna_detected_only	0.19803	29	0.303125	0.310149
ENSG00000167930	FAM234A	S2_mrna_detected_only	0.553202	29	0.00185423	0.801376
ENSG00000167941	SOST	S2_mrna_detected_only		1		
ENSG00000167962	ZNF598	S2_mrna_detected_only	0.287549	23	0.183374	0.443213
ENSG00000167965	MLST8	S2_mrna_detected_only	-0.132458	28	0.501638	0.0419731
ENSG00000167967	E4F1	S2_mrna_detected_only	0.00584691	26	0.977385	0.112156
ENSG00000167969	ECI1	S2_mrna_detected_only	0.596059	29	0.000644714	0.843244
ENSG00000167971	CASKIN1	S2_mrna_detected_only		1		
ENSG00000167972	ABCA3	S2_mrna_detected_only	0.477005	26	0.0137415	0.712282
ENSG00000167977	KCTD5	S2_mrna_detected_only	0.248891	29	0.192929	0.383747
ENSG00000167978	SRRM2	S2_mrna_detected_only	0.150739	29	0.435083	0.254518
ENSG00000167984	NLRC3	S2_mrna_detected_only	0.559273	10	0.0927888	0.8081
ENSG00000167986	DDB1	S2_mrna_detected_only	0.421182	29	0.0228827	0.63942
ENSG00000167987	VPS37C	S2_mrna_detected_only	0.430542	29	0.0197297	0.650925
ENSG00000167994	RAB3IL1	S2_mrna_detected_only	0.280005	28	0.148978	0.431761
ENSG00000167996	FTH1	S2_mrna_detected_only	0.263547	29	0.167162	0.405758
ENSG00000168000	BSCL2	S2_mrna_detected_only	0.646636	29	0.000150573	0.889525
ENSG00000168002	POLR2G	S2_mrna_detected_only	-0.0206897	29	0.915164	0.0962912
ENSG00000168003	SLC3A2	S2_mrna_detected_only	0.550246	29	0.00198419	0.798329
ENSG00000168005	C11orf84	S2_mrna_detected_only	0.132273	27	0.510741	0.233925
ENSG00000168014	C2CD3	S2_mrna_detected_only	-0.113758	27	0.572093	0.0479618
ENSG00000168016	TRANK1	S2_mrna_detected_only	0.5116	27	0.00637924	0.75746
ENSG00000168026	TTC21A	S2_mrna_detected_only	0.357143	7	0.431611	0.545388
ENSG00000168028	RPSA	S2_mrna_detected_only	0.313793	29	0.0973845	0.480511
ENSG00000168032	ENTPD3	S2_mrna_detected_only	0.678904	22	0.000512859	0.915476
ENSG00000168036	CTNNB1	S2_mrna_detected_only	0.0305419	29	0.875028	0.130227
ENSG00000168040	FADD	S2_mrna_detected_only	0.240729	29	0.208413	0.37261
ENSG00000168056	LTBP3	S2_mrna_detected_only	0.315764	29	0.0951881	0.485133
ENSG00000168061	SAC3D1	S2_mrna_detected_only	0.390909	7	0.385892	0.592772
ENSG00000168065	SLC22A11	S2_mrna_detected_only		2		
ENSG00000168066	SF1	S2_mrna_detected_only	0.170936	29	0.375306	0.278893
ENSG00000168067	MAP4K2	S2_mrna_detected_only	0.223248	26	0.272961	0.349075
ENSG00000168077	SCARA3	S2_mrna_detected_only	0.397255	28	0.0363262	0.601965
ENSG00000168090	COPS6	S2_mrna_detected_only	0.352709	29	0.0605632	0.539452
ENSG00000168092	PAFAH1B2	S2_mrna_detected_only	0.56337	29	0.00146174	0.811357
ENSG00000168096	ANKS3	S2_mrna_detected_only	0.343488	20	0.138138	0.525163
ENSG00000168101	NUDT16L1	S2_mrna_detected_only	0.270936	29	0.155141	0.418418
ENSG00000168118	RAB4A	S2_mrna_detected_only	0.430841	29	0.019635	0.651187
ENSG00000168137	SETD5	S2_mrna_detected_only	0.0752344	29	0.698106	0.170992
ENSG00000168143	FAM83B	S2_mrna_detected_only	0.539286	15	0.0380217	0.786877
ENSG00000168159	RNF187	S2_mrna_detected_only	-0.18945	29	0.32497	0.0248477
ENSG00000168172	HOOK3	S2_mrna_detected_only	0.285167	28	0.141317	0.439115
ENSG00000168175	MAPK1IP1L	S2_mrna_detected_only	0.323153	29	0.0872836	0.49564
ENSG00000168214	RBPJ	S2_mrna_detected_only	0.0507389	29	0.793794	0.14751
ENSG00000168216	LMBRD1	S2_mrna_detected_only	0.151004	29	0.434267	0.254833
ENSG00000168228	ZCCHC4	S2_mrna_detected_only	0.118626	28	0.547695	0.217115
ENSG00000168234	TTC39C	S2_mrna_detected_only	0.583846	25	0.00218348	0.831215
ENSG00000168237	GLYCTK	S2_mrna_detected_only	0.628776	21	0.00226467	0.873976
ENSG00000168246	UBTD2	S2_mrna_detected_only	0.0940887	29	0.62734	0.190166
ENSG00000168255	POLR2J3	S2_mrna_detected_only	-0.0875841	29	0.651429	0.058258
ENSG00000168256	NKIRAS2	S2_mrna_detected_only	-0.131527	29	0.496439	0.0424459
ENSG00000168259	DNAJC7	S2_mrna_detected_only	0.625123	29	0.00028825	0.869826
ENSG00000168264	IRF2BP2	S2_mrna_detected_only	0.683251	29	4.41119e-05	0.918838
ENSG00000168268	NT5DC2	S2_mrna_detected_only	0.523153	29	0.00359104	0.770698
ENSG00000168275	COA6	S2_mrna_detected_only	0.551724	29	0.00191826	0.800116
ENSG00000168280	KIF5C	S2_mrna_detected_only	0.699301	12	0.0113742	0.92987
ENSG00000168282	MGAT2	S2_mrna_detected_only	0.703297	13	0.00731857	0.932444
ENSG00000168286	THAP11	S2_mrna_detected_only	0.17004	29	0.377851	0.277632
ENSG00000168288	MMADHC	S2_mrna_detected_only	-0.13294	29	0.491785	0.041763
ENSG00000168291	PDHB	S2_mrna_detected_only	0.269951	29	0.156707	0.416527
ENSG00000168297	PXK	S2_mrna_detected_only	0.488177	29	0.00721629	0.727516
ENSG00000168298	HIST1H1E	S2_mrna_detected_only	-0.8	5	0.104088	0
ENSG00000168300	PCMTD1	S2_mrna_detected_only	0.553202	29	0.00185423	0.801376
ENSG00000168301	KCTD6	S2_mrna_detected_only	0.200926	29	0.295964	0.314404
ENSG00000168303	MPLKIP	S2_mrna_detected_only	0.0489989	24	0.820139	0.145881
ENSG00000168306	ACOX2	S2_mrna_detected_only	0.660099	28	0.000132348	0.900294
ENSG00000168309	FAM107A	S2_mrna_detected_only	0.719142	29	1.10572e-05	0.941007
ENSG00000168310	IRF2	S2_mrna_detected_only	0.617286	29	0.000360929	0.862839
ENSG00000168314	MOBP	S2_mrna_detected_only		2		
ENSG00000168334	XIRP1	S2_mrna_detected_only		2		
ENSG00000168374	ARF4	S2_mrna_detected_only	0.524631	29	0.00348101	0.772221
ENSG00000168385	SEPT2	S2_mrna_detected_only	0.493596	29	0.00650697	0.734188
ENSG00000168386	FILIP1L	S2_mrna_detected_only	0.59387	28	0.000863112	0.840986
ENSG00000168389	MFSD2A	S2_mrna_detected_only	0.643063	21	0.00166393	0.885953
ENSG00000168393	DTYMK	S2_mrna_detected_only	0.184305	29	0.338524	0.294232
ENSG00000168394	TAP1	S2_mrna_detected_only	0.66601	29	8.0282e-05	0.906335
ENSG00000168395	ING5	S2_mrna_detected_only	0.0620245	28	0.753869	0.158699
ENSG00000168397	ATG4B	S2_mrna_detected_only	-0.131034	29	0.498068	0.0427086
ENSG00000168404	MLKL	S2_mrna_detected_only	0.431111	26	0.0278893	0.65166
ENSG00000168421	RHOH	S2_mrna_detected_only	0.591472	13	0.0332397	0.838464
ENSG00000168434	COG7	S2_mrna_detected_only	-0.0625616	29	0.747149	0.0698151
ENSG00000168438	CDC40	S2_mrna_detected_only	0.467488	29	0.0105563	0.701776
ENSG00000168439	STIP1	S2_mrna_detected_only	0.571921	29	0.00118965	0.819185
ENSG00000168454	TXNDC2	S2_mrna_detected_only		1		
ENSG00000168461	RAB31	S2_mrna_detected_only	0.843842	29	8.92236e-09	0.990597
ENSG00000168476	REEP4	S2_mrna_detected_only	0.476239	26	0.0139154	0.710496
ENSG00000168481	LGI3	S2_mrna_detected_only	0.637536	6	0.17326	0.880857
ENSG00000168484	SFTPC	S2_mrna_detected_only	0.612372	7	0.143811	0.858269
ENSG00000168487	BMP1	S2_mrna_detected_only	0.179369	25	0.390938	0.288138
ENSG00000168488	ATXN2L	S2_mrna_detected_only	0.207389	29	0.28037	0.322599
ENSG00000168495	POLR3D	S2_mrna_detected_only	-0.131297	29	0.4972	0.0426035
ENSG00000168496	FEN1	S2_mrna_detected_only	0.446634	28	0.0171907	0.671412
ENSG00000168497	SDPR	S2_mrna_detected_only	0.4867	29	0.00742073	0.72531
ENSG00000168522	FNTA	S2_mrna_detected_only	0.281843	29	0.138546	0.434282
ENSG00000168530	MYL1	S2_mrna_detected_only		2		
ENSG00000168538	TRAPPC11	S2_mrna_detected_only	-0.139919	29	0.469118	0.0397668
ENSG00000168539	CHRM1	S2_mrna_detected_only	0.828571	6	0.0415627	0.987497
ENSG00000168556	ING2	S2_mrna_detected_only	0.484555	29	0.00772607	0.722999
ENSG00000168564	CDKN2AIP	S2_mrna_detected_only	0.373199	29	0.0461479	0.569763
ENSG00000168569	TMEM223	S2_mrna_detected_only	0.420988	29	0.0229523	0.639
ENSG00000168575	SLC20A2	S2_mrna_detected_only	0.312808	29	0.0984969	0.47967
ENSG00000168589	DYNLRB2	S2_mrna_detected_only	0.706599	8	0.0500634	0.93465
ENSG00000168591	TMUB2	S2_mrna_detected_only	0.413317	29	0.025841	0.629281
ENSG00000168610	STAT3	S2_mrna_detected_only	0.693928	29	2.98334e-05	0.925667
ENSG00000168615	ADAM9	S2_mrna_detected_only	0.480296	29	0.0083641	0.716852
ENSG00000168631	DPCR1	S2_mrna_detected_only		3		
ENSG00000168653	NDUFS5	S2_mrna_detected_only	0.322167	29	0.0883077	0.494484
ENSG00000168658	VWA3B	S2_mrna_detected_only		2		
ENSG00000168661	ZNF30	S2_mrna_detected_only	-0.39335	15	0.146914	0.00267913
ENSG00000168671	UGT3A2	S2_mrna_detected_only		2		
ENSG00000168672	FAM84B	S2_mrna_detected_only	0.683087	28	6.18169e-05	0.91847
ENSG00000168675	LDLRAD4	S2_mrna_detected_only	0.346485	24	0.0971866	0.529681
ENSG00000168679	SLC16A4	S2_mrna_detected_only	0.486735	22	0.0216065	0.725415
ENSG00000168701	TMEM208	S2_mrna_detected_only	0.316267	29	0.0946332	0.486499
ENSG00000168702	LRP1B	S2_mrna_detected_only		1		
ENSG00000168703	WFDC12	S2_mrna_detected_only		1		
ENSG00000168710	AHCYL1	S2_mrna_detected_only	0.740887	29	4.29945e-06	0.953614
ENSG00000168724	DNAJC21	S2_mrna_detected_only	0.516256	29	0.00414477	0.763291
ENSG00000168734	PKIG	S2_mrna_detected_only	0.25225	29	0.186795	0.389525
ENSG00000168748	CA7	S2_mrna_detected_only	1	5	1.40427e-24	1
ENSG00000168754	FAM178B	S2_mrna_detected_only		2		
ENSG00000168757	TSPY2	S2_mrna_detected_only		1		
ENSG00000168758	SEMA4C	S2_mrna_detected_only	0.304471	29	0.108297	0.467062
ENSG00000168763	CNNM3	S2_mrna_detected_only	0.51133	29	0.00458361	0.757197
ENSG00000168765	GSTM4	S2_mrna_detected_only	0.414829	29	0.0252492	0.630437
ENSG00000168769	TET2	S2_mrna_detected_only	-0.0754789	27	0.708273	0.0644568
ENSG00000168781	PPIP5K1	S2_mrna_detected_only	0.414695	25	0.0392858	0.630122
ENSG00000168785	TSPAN5	S2_mrna_detected_only	0.109535	26	0.594268	0.207764
ENSG00000168792	ABHD15	S2_mrna_detected_only	0.229229	29	0.231639	0.357586
ENSG00000168795	ZBTB5	S2_mrna_detected_only	0.179857	29	0.350512	0.288664
ENSG00000168802	CHTF8	S2_mrna_detected_only	0.0158025	29	0.935155	0.120771
ENSG00000168803	ADAL	S2_mrna_detected_only	0.489231	25	0.0130662	0.728987
ENSG00000168806	LCMT2	S2_mrna_detected_only	-0.331972	28	0.0843708	0.00520067
ENSG00000168807	SNTB2	S2_mrna_detected_only	0.640941	28	0.000238094	0.884272
ENSG00000168813	ZNF507	S2_mrna_detected_only	0.265579	28	0.171964	0.409487
ENSG00000168818	STX18	S2_mrna_detected_only	0.425123	29	0.0215082	0.644516
ENSG00000168827	GFM1	S2_mrna_detected_only	0.680788	29	4.81676e-05	0.916999
ENSG00000168843	FSTL5	S2_mrna_detected_only		2		
ENSG00000168872	DDX19A	S2_mrna_detected_only	0.0231641	29	0.90506	0.126129
ENSG00000168876	ANKRD49	S2_mrna_detected_only	-0.0610134	29	0.753212	0.0704455
ENSG00000168878	SFTPB	S2_mrna_detected_only		3		
ENSG00000168883	USP39	S2_mrna_detected_only	0.236236	29	0.217291	0.366831
ENSG00000168884	TNIP2	S2_mrna_detected_only	0.0704781	29	0.716386	0.166579
ENSG00000168887	C2orf68	S2_mrna_detected_only	-0.109234	29	0.572713	0.0503782
ENSG00000168894	RNF181	S2_mrna_detected_only	0.107882	29	0.577503	0.20519
ENSG00000168899	VAMP5	S2_mrna_detected_only	0.582091	29	0.00092434	0.829428
ENSG00000168903	BTNL3	S2_mrna_detected_only	0.894427	5	0.0405193	0.996743
ENSG00000168904	LRRC28	S2_mrna_detected_only	0.417213	29	0.0243389	0.633694
ENSG00000168906	MAT2A	S2_mrna_detected_only	0.272906	29	0.152042	0.420782
ENSG00000168916	ZNF608	S2_mrna_detected_only	0.160247	27	0.42461	0.266495
ENSG00000168917	SLC35G2	S2_mrna_detected_only	0.316899	22	0.150726	0.487445
ENSG00000168918	INPP5D	S2_mrna_detected_only	0.835214	26	1.11128e-07	0.988495
ENSG00000168924	LETM1	S2_mrna_detected_only	0.496552	29	0.00614562	0.73776
ENSG00000168928	CTRB2	S2_mrna_detected_only	0.7	9	0.0357696	0.93071
ENSG00000168936	TMEM129	S2_mrna_detected_only	-0.0493962	29	0.799139	0.0763291
ENSG00000168938	PPIC	S2_mrna_detected_only	0.467792	29	0.0104992	0.702301
ENSG00000168944	CEP120	S2_mrna_detected_only	0.353038	28	0.0653617	0.539977
ENSG00000168952	STXBP6	S2_mrna_detected_only	0.585727	24	0.00263588	0.832685
ENSG00000168958	MFF	S2_mrna_detected_only	0.527094	29	0.00330406	0.77469
ENSG00000168959	GRM5	S2_mrna_detected_only		1		
ENSG00000168961	LGALS9	S2_mrna_detected_only	0.804926	29	1.40786e-07	0.980563
ENSG00000168970	JMJD7-PLA2G4B	S2_mrna_detected_only	-0.271414	18	0.275952	0.0120298
ENSG00000168993	CPLX1	S2_mrna_detected_only		3		
ENSG00000168994	PXDC1	S2_mrna_detected_only	0.282532	29	0.137543	0.434913
ENSG00000169006	NTSR2	S2_mrna_detected_only		1		
ENSG00000169018	FEM1B	S2_mrna_detected_only	-0.0490208	29	0.800635	0.0766443
ENSG00000169019	COMMD8	S2_mrna_detected_only	0.215764	29	0.260964	0.336888
ENSG00000169020	ATP5I	S2_mrna_detected_only	0.496059	29	0.00620463	0.73734
ENSG00000169021	UQCRFS1	S2_mrna_detected_only	0.660099	29	9.7724e-05	0.900084
ENSG00000169032	MAP2K1	S2_mrna_detected_only	0.305911	29	0.106554	0.469111
ENSG00000169035	KLK7	S2_mrna_detected_only	0.758971	6	0.0801412	0.961967
ENSG00000169045	HNRNPH1	S2_mrna_detected_only	0.571921	29	0.00118965	0.819185
ENSG00000169047	IRS1	S2_mrna_detected_only	0.598291	27	0.000979376	0.845608
ENSG00000169057	MECP2	S2_mrna_detected_only	0.226383	29	0.237647	0.353803
ENSG00000169064	ZBBX	S2_mrna_detected_only		2		
ENSG00000169071	ROR2	S2_mrna_detected_only	0.357143	21	0.111981	0.545335
ENSG00000169084	DHRSX	S2_mrna_detected_only	0.0887903	29	0.646935	0.185701
ENSG00000169085	C8orf46	S2_mrna_detected_only	0.707107	5	0.18169	0.93507
ENSG00000169087	HSPBAP1	S2_mrna_detected_only	0.376693	28	0.0481703	0.574123
ENSG00000169093	ASMTL	S2_mrna_detected_only	0.268473	29	0.159077	0.414373
ENSG00000169100	SLC25A6	S2_mrna_detected_only	0.0206897	29	0.915164	0.124133
ENSG00000169105	CHST14	S2_mrna_detected_only	0.418227	29	0.0239601	0.63506
ENSG00000169116	PARM1	S2_mrna_detected_only	0.2647	28	0.173441	0.407386
ENSG00000169122	FAM110B	S2_mrna_detected_only	0.580502	23	0.00368258	0.827958
ENSG00000169126	ARMC4	S2_mrna_detected_only		3		
ENSG00000169139	UBE2V2	S2_mrna_detected_only	0.200985	29	0.295817	0.314667
ENSG00000169155	ZBTB43	S2_mrna_detected_only	0.295387	29	0.119784	0.452774
ENSG00000169174	PCSK9	S2_mrna_detected_only	0.2	4	0.8	0.313354
ENSG00000169180	XPO6	S2_mrna_detected_only	-0.0142857	29	0.941368	0.0994957
ENSG00000169188	APEX2	S2_mrna_detected_only	0.234581	29	0.220625	0.365045
ENSG00000169189	NSMCE1	S2_mrna_detected_only	-0.000985222	29	0.995953	0.107008
ENSG00000169193	CCDC126	S2_mrna_detected_only	0.223827	28	0.252216	0.349601
ENSG00000169217	CD2BP2	S2_mrna_detected_only	0.142857	29	0.459741	0.244064
ENSG00000169218	RSPO1	S2_mrna_detected_only	0.565752	9	0.112342	0.813511
ENSG00000169220	RGS14	S2_mrna_detected_only	0.343653	18	0.162629	0.525268
ENSG00000169221	TBC1D10B	S2_mrna_detected_only	0.519768	29	0.00385428	0.76702
ENSG00000169223	LMAN2	S2_mrna_detected_only	0.5109	29	0.00462371	0.756409
ENSG00000169228	RAB24	S2_mrna_detected_only	0.305911	29	0.106554	0.469111
ENSG00000169231	THBS3	S2_mrna_detected_only	0.680217	29	4.91547e-05	0.916316
ENSG00000169239	CA5B	S2_mrna_detected_only	0.324182	20	0.163187	0.496901
ENSG00000169241	SLC50A1	S2_mrna_detected_only	-0.158114	29	0.41268	0.0338832
ENSG00000169242	EFNA1	S2_mrna_detected_only	0.128678	29	0.505894	0.230458
ENSG00000169247	SH3TC2	S2_mrna_detected_only		2		
ENSG00000169249	ZRSR2	S2_mrna_detected_only	-0.0269071	29	0.889806	0.0927191
ENSG00000169251	NMD3	S2_mrna_detected_only	0.210345	29	0.273418	0.32759
ENSG00000169252	ADRB2	S2_mrna_detected_only	-0.280327	19	0.245051	0.0107691
ENSG00000169255	B3GALNT1	S2_mrna_detected_only	0.141385	26	0.49086	0.243066
ENSG00000169258	GPRIN1	S2_mrna_detected_only	0.142857	6	0.787172	0.244169
ENSG00000169271	HSPB3	S2_mrna_detected_only	0.443122	8	0.271502	0.666947
ENSG00000169288	MRPL1	S2_mrna_detected_only	0.35965	29	0.055332	0.549643
ENSG00000169291	SHE	S2_mrna_detected_only	0.260799	26	0.198155	0.401818
ENSG00000169297	NR0B1	S2_mrna_detected_only		3		
ENSG00000169299	PGM2	S2_mrna_detected_only	0.625616	28	0.000370456	0.870088
ENSG00000169302	STK32A	S2_mrna_detected_only	0.179644	8	0.670344	0.288296
ENSG00000169306	IL1RAPL1	S2_mrna_detected_only		1		
ENSG00000169313	P2RY12	S2_mrna_detected_only	-0.222788	21	0.331696	0.0184387
ENSG00000169314	C22orf15	S2_mrna_detected_only		2		
ENSG00000169340	PDILT	S2_mrna_detected_only		2		
ENSG00000169344	UMOD	S2_mrna_detected_only		1		
ENSG00000169347	GP2	S2_mrna_detected_only	0.260606	10	0.467089	0.401397
ENSG00000169359	SLC33A1	S2_mrna_detected_only	0.205911	29	0.283888	0.321286
ENSG00000169371	SNUPN	S2_mrna_detected_only	0.146305	29	0.448863	0.248634
ENSG00000169372	CRADD	S2_mrna_detected_only	0.499507	29	0.00580145	0.740807
ENSG00000169375	SIN3A	S2_mrna_detected_only	0.426601	29	0.0210106	0.646197
ENSG00000169379	ARL13B	S2_mrna_detected_only	0.12	26	0.559284	0.218376
ENSG00000169397	RNASE3	S2_mrna_detected_only		2		
ENSG00000169398	PTK2	S2_mrna_detected_only	0.414778	29	0.025269	0.630332
ENSG00000169402	RSPH10B2	S2_mrna_detected_only		2		
ENSG00000169410	PTPN9	S2_mrna_detected_only	0.308374	29	0.103622	0.473156
ENSG00000169413	RNASE6	S2_mrna_detected_only	-0.0193319	28	0.922218	0.0970267
ENSG00000169439	SDC2	S2_mrna_detected_only	0.493103	29	0.00656891	0.733663
ENSG00000169446	MMGT1	S2_mrna_detected_only	-0.0866995	29	0.654732	0.0589935
ENSG00000169469	SPRR1B	S2_mrna_detected_only		3		
ENSG00000169474	SPRR1A	S2_mrna_detected_only	0.885714	6	0.0188455	0.996008
ENSG00000169490	TM2D2	S2_mrna_detected_only	0.228848	29	0.232437	0.357165
ENSG00000169495	HTRA4	S2_mrna_detected_only		2		
ENSG00000169499	PLEKHA2	S2_mrna_detected_only	0.537438	29	0.00264255	0.785774
ENSG00000169504	CLIC4	S2_mrna_detected_only	0.636946	29	0.000202955	0.880437
ENSG00000169519	METTL15	S2_mrna_detected_only	0.146689	28	0.456358	0.248949
ENSG00000169550	MUC15	S2_mrna_detected_only	0.656491	10	0.0392233	0.897352
ENSG00000169554	ZEB2	S2_mrna_detected_only	0.44116	28	0.0187752	0.664268
ENSG00000169564	PCBP1	S2_mrna_detected_only	0.0847291	29	0.662114	0.180553
ENSG00000169567	HINT1	S2_mrna_detected_only	0.217241	29	0.257632	0.338622
ENSG00000169570	DTWD2	S2_mrna_detected_only	0.285499	25	0.166541	0.439746
ENSG00000169583	CLIC3	S2_mrna_detected_only	0.8	11	0.00311043	0.979565
ENSG00000169592	INO80E	S2_mrna_detected_only	0.0128237	29	0.94736	0.117514
ENSG00000169598	DFFB	S2_mrna_detected_only	0.433089	22	0.0440754	0.654497
ENSG00000169599	NFU1	S2_mrna_detected_only	0.482759	29	0.00798995	0.72053
ENSG00000169604	ANTXR1	S2_mrna_detected_only	0.585714	29	0.000843188	0.83258
ENSG00000169605	GKN1	S2_mrna_detected_only		3		
ENSG00000169609	C15orf40	S2_mrna_detected_only	-0.175151	28	0.372675	0.0285249
ENSG00000169612	FAM103A1	S2_mrna_detected_only	0.203448	29	0.289814	0.317083
ENSG00000169621	APLF	S2_mrna_detected_only	0.632456	4	0.367544	0.87634
ENSG00000169627	BOLA2B	S2_mrna_detected_only	0.491516	28	0.00789995	0.731982
ENSG00000169629	RGPD8	S2_mrna_detected_only	0.270213	29	0.156289	0.417157
ENSG00000169641	LUZP1	S2_mrna_detected_only	0.326395	29	0.0839774	0.49979
ENSG00000169660	HEXDC	S2_mrna_detected_only	0.157754	28	0.422705	0.263553
ENSG00000169682	SPNS1	S2_mrna_detected_only	0.280296	29	0.140818	0.432549
ENSG00000169683	LRRC45	S2_mrna_detected_only	-0.281052	21	0.217151	0.010664
ENSG00000169692	AGPAT2	S2_mrna_detected_only	0.397044	29	0.0329537	0.601755
ENSG00000169696	ASPSCR1	S2_mrna_detected_only	0.168473	29	0.382328	0.275478
ENSG00000169704	GP9	S2_mrna_detected_only		1		
ENSG00000169714	CNBP	S2_mrna_detected_only	0.253202	29	0.185081	0.391259
ENSG00000169717	ACTRT2	S2_mrna_detected_only		1		
ENSG00000169718	DUS1L	S2_mrna_detected_only	0.339581	29	0.0715069	0.519384
ENSG00000169727	GPS1	S2_mrna_detected_only	0.323645	29	0.086775	0.496165
ENSG00000169733	RFNG	S2_mrna_detected_only	0.213062	27	0.285959	0.332896
ENSG00000169738	DCXR	S2_mrna_detected_only	0.618227	29	0.000351428	0.863889
ENSG00000169756	LIMS1	S2_mrna_detected_only	0.291626	29	0.124794	0.448308
ENSG00000169760	NLGN1	S2_mrna_detected_only	0.753702	6	0.0835233	0.959655
ENSG00000169762	TAPT1	S2_mrna_detected_only	0.187192	29	0.330877	0.297174
ENSG00000169764	UGP2	S2_mrna_detected_only	0.553202	29	0.00185423	0.801376
ENSG00000169783	LINGO1	S2_mrna_detected_only	0.0743522	11	0.828004	0.170256
ENSG00000169800	RBMY1F	S2_mrna_detected_only		1		
ENSG00000169813	HNRNPF	S2_mrna_detected_only	0.765517	29	1.31073e-06	0.965276
ENSG00000169814	BTD	S2_mrna_detected_only	0.536027	29	0.00272549	0.784251
ENSG00000169826	CSGALNACT2	S2_mrna_detected_only	0.406111	29	0.0288182	0.618565
ENSG00000169851	PCDH7	S2_mrna_detected_only	0.409224	21	0.0654621	0.622242
ENSG00000169856	ONECUT1	S2_mrna_detected_only		3		
ENSG00000169857	AVEN	S2_mrna_detected_only	0.127094	29	0.51119	0.227674
ENSG00000169862	CTNND2	S2_mrna_detected_only	0.828571	6	0.0415627	0.987497
ENSG00000169871	TRIM56	S2_mrna_detected_only	0.106417	29	0.582711	0.203667
ENSG00000169876	MUC17	S2_mrna_detected_only		3		
ENSG00000169877	AHSP	S2_mrna_detected_only	1	4	0	1
ENSG00000169884	WNT10B	S2_mrna_detected_only	-0.75724	7	0.0486907	0
ENSG00000169891	REPS2	S2_mrna_detected_only	0.834687	21	2.5379e-06	0.98839
ENSG00000169894	MUC3A	S2_mrna_detected_only	0.773703	8	0.0242772	0.968691
ENSG00000169895	SYAP1	S2_mrna_detected_only	0.681773	29	4.6507e-05	0.91742
ENSG00000169902	TPST1	S2_mrna_detected_only	0.416277	29	0.0246933	0.632013
ENSG00000169903	TM4SF4	S2_mrna_detected_only	0.591083	7	0.162225	0.837886
ENSG00000169905	TOR1AIP2	S2_mrna_detected_only	0.510654	29	0.00464683	0.755673
ENSG00000169906	S100G	S2_mrna_detected_only		2		
ENSG00000169914	OTUD3	S2_mrna_detected_only	0.0486733	26	0.81334	0.145251
ENSG00000169918	OTUD7A	S2_mrna_detected_only		3		
ENSG00000169919	GUSB	S2_mrna_detected_only	0.522167	29	0.00366603	0.769752
ENSG00000169925	BRD3	S2_mrna_detected_only	-0.0334975	29	0.863042	0.0882013
ENSG00000169926	KLF13	S2_mrna_detected_only	0.290533	29	0.126279	0.446995
ENSG00000169957	ZNF768	S2_mrna_detected_only	0.090615	29	0.64016	0.187067
ENSG00000169964	TMEM42	S2_mrna_detected_only	0.271086	29	0.154903	0.418838
ENSG00000169967	MAP3K2	S2_mrna_detected_only	-0.00147783	29	0.99393	0.106693
ENSG00000169972	PUSL1	S2_mrna_detected_only	0.00547946	26	0.978806	0.111946
ENSG00000169976	SF3B5	S2_mrna_detected_only	0.197537	29	0.304353	0.309204
ENSG00000169994	MYO7B	S2_mrna_detected_only	0.781818	11	0.00447316	0.972736
ENSG00000170004	CHD3	S2_mrna_detected_only	0.330049	29	0.0803663	0.505148
ENSG00000170011	MYRIP	S2_mrna_detected_only	0.410031	16	0.11471	0.624028
ENSG00000170017	ALCAM	S2_mrna_detected_only	0.826601	29	3.29275e-08	0.986972
ENSG00000170027	YWHAG	S2_mrna_detected_only	0.486207	29	0.00748995	0.72489
ENSG00000170035	UBE2E3	S2_mrna_detected_only	0.258008	29	0.176596	0.398035
ENSG00000170037	CNTROB	S2_mrna_detected_only	0.447647	29	0.0148912	0.673618
ENSG00000170043	TRAPPC1	S2_mrna_detected_only	0.287685	29	0.130208	0.443423
ENSG00000170075	GPR37L1	S2_mrna_detected_only		1		
ENSG00000170085	SIMC1	S2_mrna_detected_only	0.301715	27	0.126148	0.46265
ENSG00000170088	TMEM192	S2_mrna_detected_only	0.521739	29	0.00369905	0.769227
ENSG00000170091	HMP19	S2_mrna_detected_only	0.547723	9	0.12687	0.79502
ENSG00000170099	SERPINA6	S2_mrna_detected_only	0.785714	7	0.0362385	0.974364
ENSG00000170113	NIPA1	S2_mrna_detected_only	0.43004	29	0.0198891	0.650189
ENSG00000170142	UBE2E1	S2_mrna_detected_only	-0.170218	29	0.377345	0.0299958
ENSG00000170144	HNRNPA3	S2_mrna_detected_only	0.535468	29	0.00275893	0.783148
ENSG00000170145	SIK2	S2_mrna_detected_only	0.3932	29	0.0348457	0.595451
ENSG00000170180	GYPA	S2_mrna_detected_only		1		
ENSG00000170185	USP38	S2_mrna_detected_only	0.353087	29	0.0602686	0.540082
ENSG00000170191	NANP	S2_mrna_detected_only	0.0177808	26	0.931298	0.121822
ENSG00000170222	ADPRM	S2_mrna_detected_only	0.00270366	29	0.988894	0.109529
ENSG00000170231	FABP6	S2_mrna_detected_only	0.714286	8	0.0465282	0.938853
ENSG00000170234	PWWP2A	S2_mrna_detected_only	0.15989	28	0.41637	0.26618
ENSG00000170242	USP47	S2_mrna_detected_only	0.0955665	29	0.621917	0.191742
ENSG00000170248	PDCD6IP	S2_mrna_detected_only	0.566995	29	0.00134043	0.814825
ENSG00000170265	ZNF282	S2_mrna_detected_only	0.221961	29	0.247182	0.346449
ENSG00000170266	GLB1	S2_mrna_detected_only	0.559113	29	0.00161626	0.807838
ENSG00000170270	C14orf142	S2_mrna_detected_only	0.0413793	29	0.831231	0.139052
ENSG00000170275	CRTAP	S2_mrna_detected_only	0.310345	29	0.10132	0.475362
ENSG00000170291	ELP5	S2_mrna_detected_only	-0.062069	29	0.749076	0.0701303
ENSG00000170293	CMTM8	S2_mrna_detected_only	0.162298	28	0.409293	0.268386
ENSG00000170296	GABARAP	S2_mrna_detected_only	0.0655172	29	0.735616	0.162849
ENSG00000170298	LGALS9B	S2_mrna_detected_only	0.212512	6	0.686031	0.331792
ENSG00000170310	STX8	S2_mrna_detected_only	0.420197	29	0.0232373	0.637844
ENSG00000170312	CDK1	S2_mrna_detected_only	0.595385	25	0.00169029	0.842614
ENSG00000170322	NFRKB	S2_mrna_detected_only	0.0650246	29	0.737534	0.162219
ENSG00000170323	FABP4	S2_mrna_detected_only	0.692308	26	8.90231e-05	0.924564
ENSG00000170325	PRDM10	S2_mrna_detected_only	0.379761	25	0.0611456	0.578535
ENSG00000170340	B3GNT2	S2_mrna_detected_only	0.358077	29	0.0564856	0.546596
ENSG00000170345	FOS	S2_mrna_detected_only	0.395545	29	0.0336818	0.598498
ENSG00000170348	TMED10	S2_mrna_detected_only	0.415271	29	0.0250786	0.63112
ENSG00000170364	SETMAR	S2_mrna_detected_only	0.269951	29	0.156707	0.416527
ENSG00000170365	SMAD1	S2_mrna_detected_only	0.305911	29	0.106554	0.469111
ENSG00000170367	CST5	S2_mrna_detected_only		3		
ENSG00000170369	CST2	S2_mrna_detected_only	0.5	7	0.25317	0.74149
ENSG00000170370	EMX2	S2_mrna_detected_only	0.906327	7	0.00490163	0.997478
ENSG00000170373	CST1	S2_mrna_detected_only	0.904762	8	0.00200828	0.997321
ENSG00000170379	TCAF2	S2_mrna_detected_only	0.163636	11	0.630685	0.269752
ENSG00000170385	SLC30A1	S2_mrna_detected_only	0.740887	29	4.29945e-06	0.953614
ENSG00000170390	DCLK2	S2_mrna_detected_only	0.264706	17	0.304542	0.407491
ENSG00000170417	TMEM182	S2_mrna_detected_only	0.3114	10	0.381113	0.477359
ENSG00000170419	VSTM2A	S2_mrna_detected_only	0.698253	6	0.122839	0.928977
ENSG00000170423	KRT78	S2_mrna_detected_only		2		
ENSG00000170426	SDR9C7	S2_mrna_detected_only		2		
ENSG00000170430	MGMT	S2_mrna_detected_only	0.310837	29	0.10075	0.476203
ENSG00000170439	METTL7B	S2_mrna_detected_only	0.861713	18	4.31768e-06	0.993118
ENSG00000170445	HARS	S2_mrna_detected_only	0.224631	29	0.241395	0.350809
ENSG00000170448	NFXL1	S2_mrna_detected_only	0.139829	26	0.495692	0.241595
ENSG00000170456	DENND5B	S2_mrna_detected_only	0.597259	26	0.00127527	0.844558
ENSG00000170458	CD14	S2_mrna_detected_only	0.565025	29	0.00140524	0.812723
ENSG00000170465	KRT6C	S2_mrna_detected_only		3		
ENSG00000170468	C14orf169	S2_mrna_detected_only	0.466676	28	0.0122993	0.699884
ENSG00000170471	RALGAPB	S2_mrna_detected_only	0.257635	29	0.177244	0.397195
ENSG00000170473	PYM1	S2_mrna_detected_only	0.29803	29	0.116353	0.456241
ENSG00000170477	KRT4	S2_mrna_detected_only	0.714286	6	0.110787	0.938853
ENSG00000170482	SLC23A1	S2_mrna_detected_only	0.761905	8	0.0280049	0.963753
ENSG00000170486	KRT72	S2_mrna_detected_only	0.258199	4	0.741801	0.398613
ENSG00000170498	KISS1	S2_mrna_detected_only		3		
ENSG00000170502	NUDT9	S2_mrna_detected_only	0.447592	29	0.014905	0.673513
ENSG00000170509	HSD17B13	S2_mrna_detected_only	1	4	0	1
ENSG00000170515	PA2G4	S2_mrna_detected_only	0.166995	29	0.386577	0.274112
ENSG00000170522	ELOVL6	S2_mrna_detected_only	0.0766455	23	0.728147	0.172148
ENSG00000170525	PFKFB3	S2_mrna_detected_only	0.168247	29	0.382975	0.275163
ENSG00000170542	SERPINB9	S2_mrna_detected_only	0.677159	28	7.57026e-05	0.913795
ENSG00000170558	CDH2	S2_mrna_detected_only	0.876471	16	8.43912e-06	0.995115
ENSG00000170571	EMB	S2_mrna_detected_only	0.751714	28	4.00292e-06	0.958762
ENSG00000170579	DLGAP1	S2_mrna_detected_only	0.46169	5	0.433766	0.692267
ENSG00000170581	STAT2	S2_mrna_detected_only	0.318719	29	0.0919639	0.490597
ENSG00000170584	NUDCD2	S2_mrna_detected_only	-0.176847	29	0.358764	0.0282097
ENSG00000170604	IRF2BP1	S2_mrna_detected_only	-0.0285714	29	0.883034	0.091826
ENSG00000170606	HSPA4	S2_mrna_detected_only	0.516749	29	0.00410293	0.763921
ENSG00000170608	FOXA3	S2_mrna_detected_only	0.290129	10	0.41612	0.446155
ENSG00000170619	COMMD5	S2_mrna_detected_only	-0.0704433	29	0.71652	0.0660328
ENSG00000170627	GTSF1	S2_mrna_detected_only	0.288177	9	0.452056	0.443791
ENSG00000170632	ARMC10	S2_mrna_detected_only	0.317734	29	0.0930293	0.488916
ENSG00000170633	RNF34	S2_mrna_detected_only	0.368388	29	0.0492588	0.563091
ENSG00000170634	ACYP2	S2_mrna_detected_only	0.616256	29	0.000371586	0.861841
ENSG00000170638	TRABD	S2_mrna_detected_only	0.0119066	27	0.952998	0.116253
ENSG00000170653	ATF7	S2_mrna_detected_only	-0.0463054	29	0.811477	0.0787455
ENSG00000170677	SOCS6	S2_mrna_detected_only	0.373383	29	0.0460321	0.57013
ENSG00000170681	MURC	S2_mrna_detected_only		2		
ENSG00000170703	TTLL6	S2_mrna_detected_only	-0.256136	7	0.579292	0.0139735
ENSG00000170748	RBMXL2	S2_mrna_detected_only		1		
ENSG00000170759	KIF5B	S2_mrna_detected_only	0.62266	29	0.000309556	0.867777
ENSG00000170776	AKAP13	S2_mrna_detected_only	0.383744	29	0.0398737	0.583368
ENSG00000170786	SDR16C5	S2_mrna_detected_only	0.656571	10	0.0391912	0.89751
ENSG00000170788	DYDC1	S2_mrna_detected_only		2		
ENSG00000170791	CHCHD7	S2_mrna_detected_only	0.438916	29	0.0172203	0.661326
ENSG00000170807	LMOD2	S2_mrna_detected_only		2		
ENSG00000170832	USP32	S2_mrna_detected_only	0.501786	29	0.00554744	0.744116
ENSG00000170835	CEL	S2_mrna_detected_only	0.545455	11	0.082651	0.793391
ENSG00000170848	PSG6	S2_mrna_detected_only		1		
ENSG00000170852	KBTBD2	S2_mrna_detected_only	0.221784	29	0.247567	0.346344
ENSG00000170854	MINA	S2_mrna_detected_only	0.407882	29	0.0280621	0.620876
ENSG00000170855	TRIAP1	S2_mrna_detected_only	0.108867	29	0.574011	0.206819
ENSG00000170860	LSM3	S2_mrna_detected_only	0.156423	29	0.417758	0.261557
ENSG00000170871	KIAA0232	S2_mrna_detected_only	0.332129	29	0.0783647	0.507617
ENSG00000170873	MTSS1	S2_mrna_detected_only	0.547291	29	0.00212196	0.79481
ENSG00000170876	TMEM43	S2_mrna_detected_only	0.595567	29	0.000653141	0.842982
ENSG00000170881	RNF139	S2_mrna_detected_only	-0.0139859	29	0.942596	0.0997584
ENSG00000170889	RPS9	S2_mrna_detected_only	0.312808	29	0.0984969	0.47967
ENSG00000170890	PLA2G1B	S2_mrna_detected_only	0.523672	10	0.120296	0.771433
ENSG00000170892	TSEN34	S2_mrna_detected_only	0.224138	29	0.242455	0.350126
ENSG00000170899	GSTA4	S2_mrna_detected_only	0.554131	29	0.00181493	0.802637
ENSG00000170903	MSANTD4	S2_mrna_detected_only	-0.181466	28	0.355406	0.0272641
ENSG00000170906	NDUFA3	S2_mrna_detected_only	0.425915	29	0.0212406	0.645514
ENSG00000170909	OSCAR	S2_mrna_detected_only	0.14825	7	0.75108	0.251103
ENSG00000170917	NUDT6	S2_mrna_detected_only	0.707871	28	2.514e-05	0.935858
ENSG00000170921	TANC2	S2_mrna_detected_only	0.381563	27	0.0495456	0.580427
ENSG00000170950	PGK2	S2_mrna_detected_only		1		
ENSG00000170955	PRKCDBP	S2_mrna_detected_only	-0.0977444	20	0.681832	0.0542656
ENSG00000170956	CEACAM3	S2_mrna_detected_only		3		
ENSG00000170959	DCDC1	S2_mrna_detected_only		3		
ENSG00000170989	S1PR1	S2_mrna_detected_only	0.422682	29	0.0223515	0.641311
ENSG00000171017	LRRC8E	S2_mrna_detected_only	0.318182	11	0.340298	0.489651
ENSG00000171033	PKIA	S2_mrna_detected_only	0.369546	20	0.108799	0.565613
ENSG00000171051	FPR1	S2_mrna_detected_only	0.224088	20	0.342224	0.349916
ENSG00000171055	FEZ2	S2_mrna_detected_only	0.393588	29	0.0346507	0.596081
ENSG00000171094	ALK	S2_mrna_detected_only		1		
ENSG00000171097	CCBL1	S2_mrna_detected_only	0.406496	26	0.039328	0.619195
ENSG00000171100	MTM1	S2_mrna_detected_only	0.063062	29	0.745193	0.16059
ENSG00000171102	OBP2B	S2_mrna_detected_only		2		
ENSG00000171103	TRMT61B	S2_mrna_detected_only	0.408374	29	0.0278547	0.621717
ENSG00000171105	INSR	S2_mrna_detected_only	0.471429	29	0.00983568	0.705505
ENSG00000171109	MFN1	S2_mrna_detected_only	0.0586207	29	0.762609	0.155442
ENSG00000171115	GIMAP8	S2_mrna_detected_only	0.732895	28	9.1962e-06	0.949569
ENSG00000171132	PRKCE	S2_mrna_detected_only	0.0503558	28	0.799132	0.146985
ENSG00000171135	JAGN1	S2_mrna_detected_only	0.238916	29	0.211965	0.371034
ENSG00000171148	TADA3	S2_mrna_detected_only	0.0881773	29	0.649217	0.184703
ENSG00000171155	C1GALT1C1	S2_mrna_detected_only	0.217269	29	0.257571	0.338779
ENSG00000171159	C9orf16	S2_mrna_detected_only	0.230432	29	0.229133	0.359477
ENSG00000171160	MORN4	S2_mrna_detected_only	0.316288	24	0.132136	0.486709
ENSG00000171161	ZNF672	S2_mrna_detected_only	0.264823	29	0.165041	0.407806
ENSG00000171195	MUC7	S2_mrna_detected_only	0.774597	4	0.225403	0.968901
ENSG00000171201	SMR3B	S2_mrna_detected_only	0.0512989	5	0.934713	0.14835
ENSG00000171202	TMEM126A	S2_mrna_detected_only	0.619704	29	0.000336948	0.865045
ENSG00000171204	TMEM126B	S2_mrna_detected_only	0.204192	29	0.288015	0.318397
ENSG00000171206	TRIM8	S2_mrna_detected_only	0.19619	29	0.30773	0.307365
ENSG00000171219	CDC42BPG	S2_mrna_detected_only	0.631579	20	0.00281829	0.876077
ENSG00000171222	SCAND1	S2_mrna_detected_only	-0.283124	25	0.170251	0.0104539
ENSG00000171223	JUNB	S2_mrna_detected_only	0.40759	29	0.0281856	0.620666
ENSG00000171224	C10orf35	S2_mrna_detected_only	0.174042	27	0.38528	0.28257
ENSG00000171234	UGT2B7	S2_mrna_detected_only	0.672727	11	0.023313	0.911273
ENSG00000171236	LRG1	S2_mrna_detected_only	0.0819857	20	0.731131	0.177401
ENSG00000171246	NPTX1	S2_mrna_detected_only	0.627209	9	0.0706052	0.872452
ENSG00000171262	FAM98B	S2_mrna_detected_only	0.203966	29	0.288561	0.318187
ENSG00000171298	GAA	S2_mrna_detected_only	0.473892	29	0.00940663	0.708447
ENSG00000171302	CANT1	S2_mrna_detected_only	0.622167	29	0.000313981	0.867304
ENSG00000171303	KCNK3	S2_mrna_detected_only	0.433013	15	0.106908	0.654392
ENSG00000171310	CHST11	S2_mrna_detected_only	0.247222	26	0.223375	0.38091
ENSG00000171311	EXOSC1	S2_mrna_detected_only	0.125123	29	0.517814	0.225783
ENSG00000171314	PGAM1	S2_mrna_detected_only	0.610837	29	0.000432365	0.857113
ENSG00000171316	CHD7	S2_mrna_detected_only	0.0648374	26	0.753005	0.161956
ENSG00000171345	KRT19	S2_mrna_detected_only	0.320527	24	0.12675	0.492908
ENSG00000171346	KRT15	S2_mrna_detected_only	0.777542	6	0.0687269	0.970477
ENSG00000171357	LURAP1	S2_mrna_detected_only	-0.0937893	14	0.749792	0.0562618
ENSG00000171365	CLCN5	S2_mrna_detected_only	0.162109	25	0.438817	0.268176
ENSG00000171385	KCND3	S2_mrna_detected_only	0.511921	20	0.0210312	0.75809
ENSG00000171401	KRT13	S2_mrna_detected_only	0.761905	8	0.0280049	0.963753
ENSG00000171425	ZNF581	S2_mrna_detected_only	0.0652237	28	0.741591	0.162587
ENSG00000171428	NAT1	S2_mrna_detected_only	0.275652	24	0.192317	0.424196
ENSG00000171431	KRT20	S2_mrna_detected_only	0.880952	8	0.00385032	0.995587
ENSG00000171435	KSR2	S2_mrna_detected_only		1		
ENSG00000171453	POLR1C	S2_mrna_detected_only	0.457143	29	0.0126613	0.686384
ENSG00000171467	ZNF318	S2_mrna_detected_only	0.184236	29	0.338706	0.293654
ENSG00000171475	WIPF2	S2_mrna_detected_only	0.376355	29	0.0441931	0.57365
ENSG00000171476	HOPX	S2_mrna_detected_only	0.124256	27	0.536904	0.22468
ENSG00000171478	SPACA5B	S2_mrna_detected_only		1		
ENSG00000171488	LRRC8C	S2_mrna_detected_only	0.662393	27	0.000167159	0.902658
ENSG00000171490	RSL1D1	S2_mrna_detected_only	0.357635	29	0.0568125	0.546071
ENSG00000171492	LRRC8D	S2_mrna_detected_only	0.453695	29	0.0134364	0.681918
ENSG00000171497	PPID	S2_mrna_detected_only	0.294089	29	0.121496	0.451303
ENSG00000171503	ETFDH	S2_mrna_detected_only	0.724631	29	8.78416e-06	0.944841
ENSG00000171530	TBCA	S2_mrna_detected_only	0.249261	29	0.192246	0.384377
ENSG00000171532	NEUROD2	S2_mrna_detected_only		1		
ENSG00000171552	BCL2L1	S2_mrna_detected_only	0.28867	29	0.128839	0.444631
ENSG00000171557	FGG	S2_mrna_detected_only	-0.6	6	0.208	0.000105064
ENSG00000171560	FGA	S2_mrna_detected_only	-0.257143	6	0.622787	0.0137634
ENSG00000171564	FGB	S2_mrna_detected_only		3		
ENSG00000171566	PLRG1	S2_mrna_detected_only	0.427094	29	0.0208468	0.646985
ENSG00000171595	DNAI2	S2_mrna_detected_only		2		
ENSG00000171603	CLSTN1	S2_mrna_detected_only	0.725616	29	8.42389e-06	0.945419
ENSG00000171604	CXXC5	S2_mrna_detected_only	0.104708	29	0.588813	0.201776
ENSG00000171621	SPSB1	S2_mrna_detected_only	-0.163667	29	0.396244	0.0316768
ENSG00000171634	BPTF	S2_mrna_detected_only	0.134483	29	0.486726	0.236499
ENSG00000171681	ATF7IP	S2_mrna_detected_only	0.298313	29	0.11599	0.456871
ENSG00000171700	RGS19	S2_mrna_detected_only	0.566239	25	0.00317078	0.813774
ENSG00000171703	TCEA2	S2_mrna_detected_only	0.027634	29	0.886847	0.128231
ENSG00000171720	HDAC3	S2_mrna_detected_only	0.0527094	29	0.785967	0.149611
ENSG00000171723	GPHN	S2_mrna_detected_only	0.696045	28	3.90477e-05	0.927033
ENSG00000171729	TMEM51	S2_mrna_detected_only	0.0592547	27	0.769075	0.156283
ENSG00000171747	LGALS4	S2_mrna_detected_only	0.916484	14	4.08416e-06	0.997951
ENSG00000171757	LRRC34	S2_mrna_detected_only		2		
ENSG00000171759	PAH	S2_mrna_detected_only	1	5	1.40427e-24	1
ENSG00000171763	SPATA5L1	S2_mrna_detected_only	0.262488	28	0.177198	0.404339
ENSG00000171766	GATM	S2_mrna_detected_only	0.859113	29	2.44562e-09	0.992698
ENSG00000171772	SYCE1	S2_mrna_detected_only	0.704187	7	0.0773502	0.932864
ENSG00000171777	RASGRP4	S2_mrna_detected_only	0.866921	7	0.0115355	0.994116
ENSG00000171791	BCL2	S2_mrna_detected_only	0.663812	27	0.000159992	0.903709
ENSG00000171793	CTPS1	S2_mrna_detected_only	0.579091	28	0.00124292	0.825646
ENSG00000171798	KNDC1	S2_mrna_detected_only	0.4	4	0.6	0.607165
ENSG00000171806	METTL18	S2_mrna_detected_only	0.259102	27	0.191877	0.399191
ENSG00000171811	CFAP46	S2_mrna_detected_only		2		
ENSG00000171812	COL8A2	S2_mrna_detected_only	0.202991	20	0.390706	0.316401
ENSG00000171813	PWWP2B	S2_mrna_detected_only	0.0669231	25	0.750606	0.163742
ENSG00000171819	ANGPTL7	S2_mrna_detected_only	-0.159752	9	0.681397	0.0330952
ENSG00000171824	EXOSC10	S2_mrna_detected_only	0.424631	29	0.0216762	0.64357
ENSG00000171843	MLLT3	S2_mrna_detected_only	-0.119676	27	0.552129	0.0457554
ENSG00000171853	TRAPPC12	S2_mrna_detected_only	0.00492611	29	0.979767	0.111473
ENSG00000171858	RPS21	S2_mrna_detected_only	0.396552	29	0.0331914	0.600704
ENSG00000171860	C3AR1	S2_mrna_detected_only	0.467289	29	0.0105937	0.701145
ENSG00000171861	RNMTL1	S2_mrna_detected_only	0.432972	29	0.0189723	0.654076
ENSG00000171863	RPS7	S2_mrna_detected_only	0.351232	29	0.0617253	0.537035
ENSG00000171864	PRND	S2_mrna_detected_only	0.9	5	0.0373861	0.997163
ENSG00000171865	RNASEH1	S2_mrna_detected_only	0.398079	29	0.0324591	0.604013
ENSG00000171867	PRNP	S2_mrna_detected_only	0.314778	29	0.0962815	0.482875
ENSG00000171877	FRMD5	S2_mrna_detected_only	0.9	5	0.0373861	0.997163
ENSG00000171885	AQP4	S2_mrna_detected_only	0.9	5	0.0373861	0.997163
ENSG00000171903	CYP4F11	S2_mrna_detected_only	0.659341	13	0.0142256	0.899454
ENSG00000171928	TVP23B	S2_mrna_detected_only	0.203056	29	0.290765	0.316506
ENSG00000171940	ZNF217	S2_mrna_detected_only	0.500987	29	0.00563545	0.742751
ENSG00000171951	SCG2	S2_mrna_detected_only	0.492857	15	0.061951	0.733085
ENSG00000171953	ATPAF2	S2_mrna_detected_only	0.165538	29	0.390794	0.272011
ENSG00000171960	PPIH	S2_mrna_detected_only	0.430841	29	0.019635	0.651187
ENSG00000171962	DRC3	S2_mrna_detected_only	0.211665	10	0.557176	0.329849
ENSG00000171984	C20orf196	S2_mrna_detected_only	-0.119156	28	0.545892	0.0458605
ENSG00000171988	JMJD1C	S2_mrna_detected_only	0.380296	29	0.0418453	0.579061
ENSG00000171989	LDHAL6B	S2_mrna_detected_only		1		
ENSG00000171992	SYNPO	S2_mrna_detected_only	0.451724	29	0.0138968	0.679239
ENSG00000172007	RAB33B	S2_mrna_detected_only	-0.238651	29	0.212488	0.0158121
ENSG00000172009	THOP1	S2_mrna_detected_only	0.468473	29	0.0103721	0.702774
ENSG00000172016	REG3A	S2_mrna_detected_only	0.542857	6	0.265703	0.790292
ENSG00000172020	GAP43	S2_mrna_detected_only	0.490909	10	0.149656	0.731036
ENSG00000172023	REG1B	S2_mrna_detected_only	0.894427	5	0.0405193	0.996743
ENSG00000172031	EPHX4	S2_mrna_detected_only	0.6	4	0.4	0.846922
ENSG00000172037	LAMB2	S2_mrna_detected_only	0.570443	29	0.00123325	0.817451
ENSG00000172046	USP19	S2_mrna_detected_only	0.23399	29	0.221823	0.364467
ENSG00000172053	QARS	S2_mrna_detected_only	0.130542	29	0.499698	0.232192
ENSG00000172057	ORMDL3	S2_mrna_detected_only	0.195567	29	0.3093	0.306419
ENSG00000172061	LRRC15	S2_mrna_detected_only	0.450469	7	0.310429	0.677874
ENSG00000172062	SMN1	S2_mrna_detected_only	0.193103	29	0.315553	0.304003
ENSG00000172071	EIF2AK3	S2_mrna_detected_only	0.495685	29	0.00624981	0.736657
ENSG00000172081	MOB3A	S2_mrna_detected_only	0.626678	29	0.000275475	0.871454
ENSG00000172113	NME6	S2_mrna_detected_only	-0.000985222	29	0.995953	0.107008
ENSG00000172115	CYCS	S2_mrna_detected_only	0.525123	29	0.00344499	0.772851
ENSG00000172159	FRMD3	S2_mrna_detected_only	0.424206	24	0.0388321	0.64315
ENSG00000172164	SNTB1	S2_mrna_detected_only	0.679803	29	4.98809e-05	0.916106
ENSG00000172167	MTBP	S2_mrna_detected_only	0.00593121	20	0.980201	0.112471
ENSG00000172171	TEFM	S2_mrna_detected_only	-0.0330681	27	0.869935	0.0887266
ENSG00000172172	MRPL13	S2_mrna_detected_only	0.447291	29	0.0149809	0.672988
ENSG00000172175	MALT1	S2_mrna_detected_only	0.148878	28	0.449589	0.252469
ENSG00000172179	PRL	S2_mrna_detected_only		3		
ENSG00000172183	ISG20	S2_mrna_detected_only	0.687055	25	0.000148417	0.921044
ENSG00000172197	MBOAT1	S2_mrna_detected_only	0.326602	28	0.089829	0.500263
ENSG00000172216	CEBPB	S2_mrna_detected_only	0.384236	29	0.0395982	0.583841
ENSG00000172232	AZU1	S2_mrna_detected_only		1		
ENSG00000172239	PAIP1	S2_mrna_detected_only	0.315764	29	0.0951881	0.485133
ENSG00000172247	C1QTNF4	S2_mrna_detected_only		1		
ENSG00000172260	NEGR1	S2_mrna_detected_only	0.408103	23	0.0532148	0.621191
ENSG00000172262	ZNF131	S2_mrna_detected_only	0.108155	29	0.576534	0.205453
ENSG00000172269	DPAGT1	S2_mrna_detected_only	0.292611	29	0.123467	0.449254
ENSG00000172270	BSG	S2_mrna_detected_only	0.462562	29	0.0115188	0.693738
ENSG00000172273	HINFP	S2_mrna_detected_only	0.0300186	28	0.879475	0.129807
ENSG00000172292	CERS6	S2_mrna_detected_only	0.701564	29	2.23237e-05	0.931656
ENSG00000172296	SPTLC3	S2_mrna_detected_only	0.155986	25	0.456529	0.260506
ENSG00000172301	COPRS	S2_mrna_detected_only	0.337285	29	0.0735685	0.51576
ENSG00000172315	TP53RK	S2_mrna_detected_only	0.0881226	28	0.655662	0.18444
ENSG00000172331	BPGM	S2_mrna_detected_only	0.116763	29	0.546376	0.215224
ENSG00000172336	POP7	S2_mrna_detected_only	0.345779	29	0.0661638	0.52863
ENSG00000172339	ALG14	S2_mrna_detected_only	0.200839	9	0.604359	0.314247
ENSG00000172340	SUCLG2	S2_mrna_detected_only	0.553202	29	0.00185423	0.801376
ENSG00000172345	STARD5	S2_mrna_detected_only	0.463439	23	0.0259326	0.695051
ENSG00000172354	GNB2	S2_mrna_detected_only	0.236946	29	0.215872	0.36804
ENSG00000172361	CFAP53	S2_mrna_detected_only	0.142857	6	0.787172	0.244169
ENSG00000172367	PDZD3	S2_mrna_detected_only	0.571429	8	0.13896	0.818975
ENSG00000172375	C2CD2L	S2_mrna_detected_only	0.664532	29	8.43603e-05	0.904654
ENSG00000172380	GNG12	S2_mrna_detected_only	0.34335	29	0.06822	0.5249
ENSG00000172382	PRSS27	S2_mrna_detected_only		2		
ENSG00000172399	MYOZ2	S2_mrna_detected_only		2		
ENSG00000172409	CLP1	S2_mrna_detected_only	0.308755	29	0.103174	0.473576
ENSG00000172410	INSL5	S2_mrna_detected_only		2		
ENSG00000172425	TTC36	S2_mrna_detected_only	0.4	4	0.6	0.607165
ENSG00000172426	RSPH9	S2_mrna_detected_only		2		
ENSG00000172428	MYEOV2	S2_mrna_detected_only	-0.128107	29	0.5078	0.0438643
ENSG00000172432	GTPBP2	S2_mrna_detected_only	0.32408	27	0.0991187	0.49648
ENSG00000172456	FGGY	S2_mrna_detected_only	0.482266	29	0.00806363	0.719847
ENSG00000172458	IL17D	S2_mrna_detected_only	0.603041	21	0.00380651	0.849181
ENSG00000172461	FUT9	S2_mrna_detected_only		2		
ENSG00000172465	TCEAL1	S2_mrna_detected_only	0.503448	29	0.00536814	0.74648
ENSG00000172466	ZNF24	S2_mrna_detected_only	0.273925	29	0.150457	0.422148
ENSG00000172469	MANEA	S2_mrna_detected_only	0.496163	29	0.00619215	0.737497
ENSG00000172478	C2orf54	S2_mrna_detected_only	0.918956	7	0.00343663	0.998529
ENSG00000172482	AGXT	S2_mrna_detected_only		2		
ENSG00000172493	AFF1	S2_mrna_detected_only	-0.126124	29	0.514444	0.0445997
ENSG00000172497	ACOT12	S2_mrna_detected_only		2		
ENSG00000172500	FIBP	S2_mrna_detected_only	0.173399	29	0.36836	0.281677
ENSG00000172508	CARNS1	S2_mrna_detected_only		2		
ENSG00000172530	BANP	S2_mrna_detected_only	-0.0421245	27	0.834745	0.0825278
ENSG00000172531	PPP1CA	S2_mrna_detected_only	0.221182	29	0.248886	0.344873
ENSG00000172534	HCFC1	S2_mrna_detected_only	0.465025	29	0.0110288	0.697363
ENSG00000172548	NIPAL4	S2_mrna_detected_only	0	5	1	0.107638
ENSG00000172572	PDE3A	S2_mrna_detected_only	0.504702	26	0.00855156	0.748634
ENSG00000172586	CHCHD1	S2_mrna_detected_only	0.321182	29	0.0893408	0.493276
ENSG00000172590	MRPL52	S2_mrna_detected_only	0.124962	29	0.518358	0.225625
ENSG00000172594	SMPDL3A	S2_mrna_detected_only	0.588177	29	0.000791637	0.835785
ENSG00000172613	RAD9A	S2_mrna_detected_only	0.129565	24	0.546239	0.231509
ENSG00000172638	EFEMP2	S2_mrna_detected_only	0.536398	28	0.00325573	0.784461
ENSG00000172661	FAM21C	S2_mrna_detected_only	0.205419	29	0.285067	0.320603
ENSG00000172663	TMEM134	S2_mrna_detected_only	-0.114349	28	0.562322	0.0476466
ENSG00000172667	ZMAT3	S2_mrna_detected_only	0.172264	28	0.380728	0.280153
ENSG00000172689	MS4A10	S2_mrna_detected_only		2		
ENSG00000172716	SLFN11	S2_mrna_detected_only	0.542967	28	0.00283035	0.790345
ENSG00000172724	CCL19	S2_mrna_detected_only	0.443936	21	0.0438007	0.668365
ENSG00000172725	CORO1B	S2_mrna_detected_only	0.451724	29	0.0138968	0.679239
ENSG00000172732	MUS81	S2_mrna_detected_only	0.256711	29	0.178859	0.396144
ENSG00000172733	PURG	S2_mrna_detected_only		2		
ENSG00000172752	COL6A5	S2_mrna_detected_only		1		
ENSG00000172757	CFL1	S2_mrna_detected_only	0.66798	29	7.51174e-05	0.907911
ENSG00000172765	TMCC1	S2_mrna_detected_only	0.488779	28	0.00830789	0.728199
ENSG00000172766	NAA16	S2_mrna_detected_only	-0.00301081	28	0.987868	0.105222
ENSG00000172775	FAM192A	S2_mrna_detected_only	0.294089	29	0.121496	0.451303
ENSG00000172785	CBWD1	S2_mrna_detected_only	0.145584	29	0.451126	0.247268
ENSG00000172789	HOXC5	S2_mrna_detected_only		2		
ENSG00000172795	DCP2	S2_mrna_detected_only	0.368732	28	0.0535018	0.564142
ENSG00000172803	SNX32	S2_mrna_detected_only		3		
ENSG00000172809	RPL38	S2_mrna_detected_only	-0.0906404	29	0.640065	0.0572599
ENSG00000172817	CYP7B1	S2_mrna_detected_only	0.614615	25	0.00107929	0.860317
ENSG00000172824	CES4A	S2_mrna_detected_only	0.447214	5	0.450185	0.67262
ENSG00000172828	CES3	S2_mrna_detected_only	0.624242	10	0.0537178	0.868933
ENSG00000172830	SSH3	S2_mrna_detected_only	0.67734	29	5.44043e-05	0.914163
ENSG00000172831	CES2	S2_mrna_detected_only	0.770936	29	9.90058e-07	0.967903
ENSG00000172840	PDP2	S2_mrna_detected_only	0.631699	27	0.000409229	0.876182
ENSG00000172845	SP3	S2_mrna_detected_only	0.489655	29	0.00701665	0.729407
ENSG00000172867	KRT2	S2_mrna_detected_only		2		
ENSG00000172869	DMXL1	S2_mrna_detected_only	0.395074	29	0.0339129	0.59813
ENSG00000172878	METAP1D	S2_mrna_detected_only	0.199969	27	0.317285	0.312933
ENSG00000172890	NADSYN1	S2_mrna_detected_only	0.396601	29	0.0331678	0.601177
ENSG00000172893	DHCR7	S2_mrna_detected_only	0.478325	29	0.00867396	0.713858
ENSG00000172901	LVRN	S2_mrna_detected_only		2		
ENSG00000172915	NBEA	S2_mrna_detected_only	0.651948	21	0.00136298	0.893307
ENSG00000172922	RNASEH2C	S2_mrna_detected_only	0.0571429	29	0.768431	0.154234
ENSG00000172932	ANKRD13D	S2_mrna_detected_only	0.222595	27	0.26443	0.347499
ENSG00000172936	MYD88	S2_mrna_detected_only	0.442365	29	0.0162668	0.665476
ENSG00000172939	OXSR1	S2_mrna_detected_only	-0.0231527	29	0.905107	0.0946102
ENSG00000172940	SLC22A13	S2_mrna_detected_only		1		
ENSG00000172943	PHF8	S2_mrna_detected_only	0.322167	29	0.0883077	0.494484
ENSG00000172954	LCLAT1	S2_mrna_detected_only	0.695567	29	2.80543e-05	0.92677
ENSG00000172955	ADH6	S2_mrna_detected_only	0.733333	9	0.0245542	0.949884
ENSG00000172977	KAT5	S2_mrna_detected_only	0.271429	29	0.154362	0.419206
ENSG00000172985	SH3RF3	S2_mrna_detected_only	0.0611184	21	0.792416	0.157649
ENSG00000172986	GXYLT2	S2_mrna_detected_only	0.244504	22	0.272802	0.377128
ENSG00000172987	HPSE2	S2_mrna_detected_only	0.529333	12	0.0767643	0.776371
ENSG00000172992	DCAKD	S2_mrna_detected_only	0.513793	29	0.00435948	0.760191
ENSG00000172995	ARPP21	S2_mrna_detected_only		1		
ENSG00000173011	TADA2B	S2_mrna_detected_only	0.124352	29	0.520416	0.22489
ENSG00000173013	CCDC96	S2_mrna_detected_only	0.463817	6	0.354164	0.695629
ENSG00000173020	ADRBK1	S2_mrna_detected_only	0.784579	29	4.71832e-07	0.974102
ENSG00000173039	RELA	S2_mrna_detected_only	0.378818	29	0.0427138	0.577432
ENSG00000173064	HECTD4	S2_mrna_detected_only	0.0708181	27	0.725581	0.166894
ENSG00000173065	FAM222B	S2_mrna_detected_only	0.312361	29	0.099005	0.47883
ENSG00000173085	COQ2	S2_mrna_detected_only	0.596549	29	0.000636432	0.843507
ENSG00000173113	TRMT112	S2_mrna_detected_only	0.328571	29	0.081812	0.503047
ENSG00000173120	KDM2A	S2_mrna_detected_only	0.184729	29	0.337393	0.294652
ENSG00000173141	MRPL57	S2_mrna_detected_only	0.102981	29	0.595008	0.199359
ENSG00000173145	NOC3L	S2_mrna_detected_only	0.343885	29	0.0677631	0.526108
ENSG00000173153	ESRRA	S2_mrna_detected_only	0.638738	29	0.000192197	0.882171
ENSG00000173156	RHOD	S2_mrna_detected_only	0.457198	24	0.0246929	0.686646
ENSG00000173163	COMMD1	S2_mrna_detected_only	-0.045977	28	0.816291	0.0791658
ENSG00000173166	RAPH1	S2_mrna_detected_only	0.508867	29	0.00481751	0.753835
ENSG00000173171	MTX1	S2_mrna_detected_only	0.190148	29	0.323159	0.301166
ENSG00000173193	PARP14	S2_mrna_detected_only	0.620197	29	0.00033224	0.865465
ENSG00000173207	CKS1B	S2_mrna_detected_only	0.190344	28	0.331951	0.301376
ENSG00000173208	ABCD2	S2_mrna_detected_only	0.657497	13	0.0145952	0.89835
ENSG00000173210	ABLIM3	S2_mrna_detected_only	0.494886	27	0.00868107	0.735606
ENSG00000173214	KIAA1919	S2_mrna_detected_only	0.34106	16	0.196095	0.521696
ENSG00000173218	VANGL1	S2_mrna_detected_only	0.552503	27	0.00280419	0.800431
ENSG00000173221	GLRX	S2_mrna_detected_only	0.825616	29	3.53251e-08	0.986447
ENSG00000173226	IQCB1	S2_mrna_detected_only	0.361541	29	0.0539706	0.553425
ENSG00000173227	SYT12	S2_mrna_detected_only	0.4	4	0.6	0.607165
ENSG00000173230	GOLGB1	S2_mrna_detected_only	0.412859	29	0.0260226	0.628651
ENSG00000173253	DMRT2	S2_mrna_detected_only		2		
ENSG00000173258	ZNF483	S2_mrna_detected_only	0.676123	6	0.140357	0.913217
ENSG00000173269	MMRN2	S2_mrna_detected_only	0.55884	28	0.00199407	0.807365
ENSG00000173272	MZT2A	S2_mrna_detected_only	-0.318736	23	0.13825	0.00604119
ENSG00000173273	TNKS	S2_mrna_detected_only	0.361296	29	0.0541454	0.55311
ENSG00000173281	PPP1R3B	S2_mrna_detected_only	0.186337	29	0.33313	0.296123
ENSG00000173320	STOX2	S2_mrna_detected_only	0.569249	14	0.0336123	0.816716
ENSG00000173327	MAP3K11	S2_mrna_detected_only	0.0711113	29	0.713943	0.167209
ENSG00000173366	RP11-330H6.5	S2_mrna_detected_only		2		
ENSG00000173369	C1QB	S2_mrna_detected_only	0.574877	29	0.00110646	0.822021
ENSG00000173372	C1QA	S2_mrna_detected_only	0.444828	29	0.0156129	0.669048
ENSG00000173391	OLR1	S2_mrna_detected_only	0.254339	13	0.401721	0.393202
ENSG00000173402	DAG1	S2_mrna_detected_only	0.435522	29	0.0182037	0.657544
ENSG00000173406	DAB1	S2_mrna_detected_only	0.963624	7	0.000475304	0.99979
ENSG00000173409	ARV1	S2_mrna_detected_only	0.0821468	29	0.671834	0.177716
ENSG00000173418	NAA20	S2_mrna_detected_only	0.0876847	29	0.651054	0.184125
ENSG00000173432	SAA1	S2_mrna_detected_only	0.387255	17	0.124606	0.587676
ENSG00000173442	EHBP1L1	S2_mrna_detected_only	0.558974	26	0.0029934	0.80747
ENSG00000173457	PPP1R14B	S2_mrna_detected_only	0.0490208	29	0.800635	0.145987
ENSG00000173465	SSSCA1	S2_mrna_detected_only	0.062069	29	0.749076	0.159014
ENSG00000173473	SMARCC1	S2_mrna_detected_only	0.460591	29	0.0119239	0.690954
ENSG00000173482	PTPRM	S2_mrna_detected_only	0.493103	29	0.00656891	0.733663
ENSG00000173486	FKBP2	S2_mrna_detected_only	0.429557	29	0.0200437	0.649664
ENSG00000173511	VEGFB	S2_mrna_detected_only	0.302949	29	0.110162	0.464541
ENSG00000173517	PEAK1	S2_mrna_detected_only	0.641429	27	0.000311349	0.884692
ENSG00000173531	MST1	S2_mrna_detected_only	0.237391	24	0.264015	0.368933
ENSG00000173540	GMPPB	S2_mrna_detected_only	0.610837	29	0.000432365	0.857113
ENSG00000173545	ZNF622	S2_mrna_detected_only	0.490454	29	0.00691062	0.730248
ENSG00000173548	SNX33	S2_mrna_detected_only	0.502463	29	0.0054738	0.744957
ENSG00000173557	C2orf70	S2_mrna_detected_only		3		
ENSG00000173575	CHD2	S2_mrna_detected_only	0.146305	29	0.448863	0.248634
ENSG00000173581	CCDC106	S2_mrna_detected_only	-0.0467916	28	0.813092	0.0782202
ENSG00000173588	CEP83	S2_mrna_detected_only	0.220955	28	0.258514	0.344348
ENSG00000173597	SULT1B1	S2_mrna_detected_only	0.774725	13	0.00187136	0.968954
ENSG00000173598	NUDT4	S2_mrna_detected_only	0.517734	29	0.00402034	0.764814
ENSG00000173610	UGT2A1	S2_mrna_detected_only		1		
ENSG00000173611	SCAI	S2_mrna_detected_only	0.108772	19	0.65758	0.206609
ENSG00000173614	NMNAT1	S2_mrna_detected_only	-0.039688	28	0.841079	0.0842089
ENSG00000173621	LRFN4	S2_mrna_detected_only	0.44675	13	0.125907	0.671517
ENSG00000173641	HSPB7	S2_mrna_detected_only	0.640881	22	0.00131034	0.883957
ENSG00000173653	RCE1	S2_mrna_detected_only	0.197887	28	0.31278	0.309781
ENSG00000173660	UQCRH	S2_mrna_detected_only	0.262069	29	0.169644	0.404024
ENSG00000173674	EIF1AX	S2_mrna_detected_only	0.108374	29	0.575756	0.205821
ENSG00000173681	CXorf23	S2_mrna_detected_only	0.195333	26	0.338933	0.306314
ENSG00000173692	PSMD1	S2_mrna_detected_only	0.228107	29	0.233996	0.35622
ENSG00000173702	MUC13	S2_mrna_detected_only	0.836364	11	0.00133319	0.988706
ENSG00000173706	HEG1	S2_mrna_detected_only	0.459113	29	0.0122354	0.689063
ENSG00000173726	TOMM20	S2_mrna_detected_only	0.013938	29	0.942793	0.118355
ENSG00000173744	AGFG1	S2_mrna_detected_only	0.410345	29	0.0270372	0.624343
ENSG00000173757	STAT5B	S2_mrna_detected_only	0.626108	29	0.000280096	0.870771
ENSG00000173786	CNP	S2_mrna_detected_only	0.22318	29	0.244527	0.348865
ENSG00000173801	JUP	S2_mrna_detected_only	0.789655	29	3.53285e-07	0.975678
ENSG00000173809	TDRD12	S2_mrna_detected_only		2		
ENSG00000173812	EIF1	S2_mrna_detected_only	0.452217	29	0.0137805	0.680185
ENSG00000173818	ENDOV	S2_mrna_detected_only	-0.212901	24	0.317877	0.0199096
ENSG00000173821	RNF213	S2_mrna_detected_only	0.611823	29	0.000420705	0.857796
ENSG00000173846	PLK3	S2_mrna_detected_only	-0.213168	26	0.295761	0.0196995
ENSG00000173852	DPY19L1	S2_mrna_detected_only	0.410509	28	0.0300186	0.624711
ENSG00000173889	PHC3	S2_mrna_detected_only	0.466886	28	0.012255	0.700357
ENSG00000173894	CBX2	S2_mrna_detected_only	0.5	5	0.391002	0.741437
ENSG00000173905	GOLIM4	S2_mrna_detected_only	0.668555	29	7.36673e-05	0.908437
ENSG00000173914	RBM4B	S2_mrna_detected_only	0.422466	29	0.0224273	0.640838
ENSG00000173915	USMG5	S2_mrna_detected_only	0.273892	29	0.15051	0.421937
ENSG00000173918	C1QTNF1	S2_mrna_detected_only	0.326123	29	0.0842512	0.499422
ENSG00000173928	SWSAP1	S2_mrna_detected_only	0.0431452	16	0.873942	0.140523
ENSG00000173930	SLCO4C1	S2_mrna_detected_only	0.801784	7	0.0300992	0.980143
ENSG00000173933	RBM4	S2_mrna_detected_only	0.655665	29	0.000112938	0.896302
ENSG00000173947	PIFO	S2_mrna_detected_only	0.349988	18	0.154512	0.534724
ENSG00000173950	XXYLT1	S2_mrna_detected_only	0.390753	27	0.0438765	0.592404
ENSG00000173960	UBXN2A	S2_mrna_detected_only	-0.102641	28	0.603244	0.0524795
ENSG00000173991	TCAP	S2_mrna_detected_only	0.463817	6	0.354164	0.695629
ENSG00000173992	CCS	S2_mrna_detected_only	0.229557	29	0.230955	0.358163
ENSG00000174010	KLHL15	S2_mrna_detected_only	0.436737	29	0.0178464	0.658279
ENSG00000174013	FBXO45	S2_mrna_detected_only	0.31203	28	0.10599	0.478409
ENSG00000174015	SPERT	S2_mrna_detected_only		1		
ENSG00000174021	GNG5	S2_mrna_detected_only	0.207661	29	0.279726	0.32323
ENSG00000174032	SLC25A30	S2_mrna_detected_only	0.0975419	29	0.614699	0.194316
ENSG00000174059	CD34	S2_mrna_detected_only	0.476847	29	0.00891264	0.711547
ENSG00000174080	CTSF	S2_mrna_detected_only	0.64335	29	0.000166805	0.886321
ENSG00000174099	MSRB3	S2_mrna_detected_only	0.555556	28	0.00214695	0.804476
ENSG00000174106	LEMD3	S2_mrna_detected_only	0.294864	29	0.120471	0.452353
ENSG00000174109	C16orf91	S2_mrna_detected_only	0.341955	29	0.0694224	0.522746
ENSG00000174125	TLR1	S2_mrna_detected_only	0.280498	26	0.165145	0.432706
ENSG00000174132	FAM174A	S2_mrna_detected_only	0.293694	29	0.12202	0.450777
ENSG00000174136	RGMB	S2_mrna_detected_only	0.126335	29	0.513734	0.226781
ENSG00000174145	NWD2	S2_mrna_detected_only		1		
ENSG00000174156	GSTA3	S2_mrna_detected_only	0.7	5	0.18812	0.93071
ENSG00000174165	ZDHHC24	S2_mrna_detected_only	0.250938	28	0.197737	0.387634
ENSG00000174173	TRMT10C	S2_mrna_detected_only	0.0561576	29	0.772318	0.153499
ENSG00000174177	CTU2	S2_mrna_detected_only	-0.0238645	25	0.909849	0.09419
ENSG00000174197	MGA	S2_mrna_detected_only	0.336337	27	0.0862822	0.513711
ENSG00000174206	C12orf66	S2_mrna_detected_only	-0.0615091	20	0.796709	0.0703404
ENSG00000174227	PIGG	S2_mrna_detected_only	0.449918	28	0.0162942	0.67698
ENSG00000174231	PRPF8	S2_mrna_detected_only	0.198522	29	0.301899	0.310937
ENSG00000174233	ADCY6	S2_mrna_detected_only	0.0498357	28	0.801165	0.146512
ENSG00000174236	REP15	S2_mrna_detected_only	0.816548	11	0.00216327	0.984188
ENSG00000174238	PITPNA	S2_mrna_detected_only	0.146305	29	0.448863	0.248634
ENSG00000174243	DDX23	S2_mrna_detected_only	0.323725	29	0.0866929	0.49627
ENSG00000174276	ZNHIT2	S2_mrna_detected_only	0.0732714	18	0.772631	0.169048
ENSG00000174282	ZBTB4	S2_mrna_detected_only	-0.0695121	29	0.720117	0.0666632
ENSG00000174292	TNK1	S2_mrna_detected_only	0.396593	24	0.0550208	0.601019
ENSG00000174306	ZHX3	S2_mrna_detected_only	0.301587	28	0.11884	0.462387
ENSG00000174307	PHLDA3	S2_mrna_detected_only	0.451359	26	0.0206401	0.678556
ENSG00000174358	SLC6A19	S2_mrna_detected_only	0.657143	6	0.156175	0.898193
ENSG00000174371	EXO1	S2_mrna_detected_only		6		
ENSG00000174373	RALGAPA1	S2_mrna_detected_only	0.421514	28	0.0254823	0.640208
ENSG00000174405	LIG4	S2_mrna_detected_only	0.162393	27	0.418352	0.268491
ENSG00000174428	GTF2IRD2B	S2_mrna_detected_only	0.204552	29	0.28715	0.319237
ENSG00000174429	ABRA	S2_mrna_detected_only		2		
ENSG00000174437	ATP2A2	S2_mrna_detected_only	0.148768	29	0.441179	0.252154
ENSG00000174444	RPL4	S2_mrna_detected_only	0.224631	29	0.241395	0.350809
ENSG00000174460	ZCCHC12	S2_mrna_detected_only	0.0370625	7	0.937124	0.135533
ENSG00000174483	BBS1	S2_mrna_detected_only	0.52642	29	0.0033517	0.773955
ENSG00000174485	DENND4A	S2_mrna_detected_only	0.336987	29	0.0738391	0.515129
ENSG00000174498	IGDCC3	S2_mrna_detected_only		3		
ENSG00000174500	GCSAM	S2_mrna_detected_only	0.654654	6	0.158302	0.895251
ENSG00000174502	SLC26A9	S2_mrna_detected_only	0.223607	5	0.717686	0.349443
ENSG00000174521	TTC9B	S2_mrna_detected_only		1		
ENSG00000174547	MRPL11	S2_mrna_detected_only	0.442857	29	0.0161343	0.666369
ENSG00000174579	MSL2	S2_mrna_detected_only	0.125432	29	0.516771	0.22594
ENSG00000174600	CMKLR1	S2_mrna_detected_only	0.386793	25	0.0561257	0.587046
ENSG00000174606	ANGEL2	S2_mrna_detected_only	0.161237	28	0.412403	0.267125
ENSG00000174640	SLCO2A1	S2_mrna_detected_only	0.108062	26	0.599266	0.205348
ENSG00000174669	SLC29A2	S2_mrna_detected_only	-0.0699479	17	0.789653	0.066348
ENSG00000174672	BRSK2	S2_mrna_detected_only	0.8	5	0.104088	0.979513
ENSG00000174684	B4GAT1	S2_mrna_detected_only	0.613793	29	0.000398211	0.859477
ENSG00000174695	TMEM167A	S2_mrna_detected_only	-0.110234	29	0.569181	0.0497478
ENSG00000174697	LEP	S2_mrna_detected_only	0.753702	6	0.0835233	0.959655
ENSG00000174705	SH3PXD2B	S2_mrna_detected_only	0.697192	27	5.31891e-05	0.928189
ENSG00000174718	KIAA1551	S2_mrna_detected_only	0.444017	29	0.0158257	0.668575
ENSG00000174720	LARP7	S2_mrna_detected_only	-0.0497537	29	0.797715	0.0761715
ENSG00000174721	FGFBP3	S2_mrna_detected_only		3		
ENSG00000174744	BRMS1	S2_mrna_detected_only	0.385186	29	0.0390712	0.584944
ENSG00000174748	RPL15	S2_mrna_detected_only	0.384236	29	0.0395982	0.583841
ENSG00000174749	C4orf32	S2_mrna_detected_only	0.396173	24	0.055302	0.600179
ENSG00000174775	HRAS	S2_mrna_detected_only	0.231148	29	0.227648	0.360422
ENSG00000174776	WDR49	S2_mrna_detected_only		3		
ENSG00000174780	SRP72	S2_mrna_detected_only	0.0169972	29	0.930264	0.121244
ENSG00000174799	CEP135	S2_mrna_detected_only	0.0844397	24	0.694846	0.180027
ENSG00000174804	FZD4	S2_mrna_detected_only	0.280138	29	0.141051	0.432076
ENSG00000174808	BTC	S2_mrna_detected_only	0.0321839	16	0.905812	0.132118
ENSG00000174827	PDZK1	S2_mrna_detected_only	0.863636	11	0.000611694	0.993328
ENSG00000174839	DENND6A	S2_mrna_detected_only	-0.170464	29	0.376645	0.0297857
ENSG00000174840	PDE12	S2_mrna_detected_only	0.350782	29	0.0620821	0.5363
ENSG00000174842	GLMN	S2_mrna_detected_only	0.432845	27	0.0241249	0.653551
ENSG00000174844	DNAH12	S2_mrna_detected_only		2		
ENSG00000174851	YIF1A	S2_mrna_detected_only	0.373199	29	0.0461479	0.56992
ENSG00000174876	AMY1B	S2_mrna_detected_only	0.811679	6	0.0498576	0.98298
ENSG00000174885	NLRP6	S2_mrna_detected_only		3		
ENSG00000174886	NDUFA11	S2_mrna_detected_only	0.153202	29	0.427528	0.257302
ENSG00000174891	RSRC1	S2_mrna_detected_only	0.0941351	29	0.627169	0.190534
ENSG00000174903	RAB1B	S2_mrna_detected_only	-0.172906	29	0.369743	0.0290502
ENSG00000174915	PTDSS2	S2_mrna_detected_only	0.405911	29	0.0289047	0.61804
ENSG00000174917	C19orf70	S2_mrna_detected_only	0.297537	29	0.116987	0.455505
ENSG00000174928	C3orf33	S2_mrna_detected_only	0.692478	28	4.4414e-05	0.924722
ENSG00000174938	SEZ6L2	S2_mrna_detected_only	0.777436	19	8.96037e-05	0.970424
ENSG00000174953	DHX36	S2_mrna_detected_only	0.151232	29	0.433567	0.255358
ENSG00000174989	FBXW8	S2_mrna_detected_only	0.306871	28	0.112202	0.47095
ENSG00000174992	ZG16	S2_mrna_detected_only	0.738095	8	0.0365528	0.952301
ENSG00000174996	KLC2	S2_mrna_detected_only	0.504722	28	0.00616056	0.748739
ENSG00000175003	SLC22A1	S2_mrna_detected_only		1		
ENSG00000175029	CTBP2	S2_mrna_detected_only	0.637931	29	0.000196979	0.881067
ENSG00000175054	ATR	S2_mrna_detected_only	0.0440734	28	0.823777	0.141469
ENSG00000175066	GK5	S2_mrna_detected_only	0.333341	26	0.0960914	0.509718
ENSG00000175073	VCPIP1	S2_mrna_detected_only	0.350848	28	0.0671665	0.536405
ENSG00000175104	TRAF6	S2_mrna_detected_only	0.00320236	29	0.986846	0.110055
ENSG00000175105	ZNF654	S2_mrna_detected_only	-0.106986	29	0.580685	0.0511137
ENSG00000175110	MRPS22	S2_mrna_detected_only	0.766502	29	1.24623e-06	0.965802
ENSG00000175115	PACS1	S2_mrna_detected_only	0.566326	29	0.00136214	0.814037
ENSG00000175130	MARCKSL1	S2_mrna_detected_only	0.49803	29	0.00597143	0.739441
ENSG00000175137	SH3BP5L	S2_mrna_detected_only	0.619288	29	0.000340973	0.86473
ENSG00000175161	CADM2	S2_mrna_detected_only	0.5	5	0.391002	0.741437
ENSG00000175164	ABO	S2_mrna_detected_only	0.481812	7	0.273587	0.719374
ENSG00000175166	PSMD2	S2_mrna_detected_only	0.222167	29	0.24673	0.346711
ENSG00000175175	PPM1E	S2_mrna_detected_only	0.8	5	0.104088	0.979513
ENSG00000175182	FAM131A	S2_mrna_detected_only	-0.0422262	25	0.841159	0.0821076
ENSG00000175183	CSRP2	S2_mrna_detected_only	0.397537	29	0.0327174	0.602543
ENSG00000175189	INHBC	S2_mrna_detected_only		1		
ENSG00000175193	PARL	S2_mrna_detected_only	-0.210345	29	0.273418	0.02054
ENSG00000175198	PCCA	S2_mrna_detected_only	0.59064	29	0.000742863	0.837571
ENSG00000175203	DCTN2	S2_mrna_detected_only	0.303978	29	0.108898	0.466432
ENSG00000175206	NPPA	S2_mrna_detected_only	0.698253	6	0.122839	0.928977
ENSG00000175216	CKAP5	S2_mrna_detected_only	0.346305	29	0.0657251	0.529365
ENSG00000175220	ARHGAP1	S2_mrna_detected_only	0.704433	29	1.99731e-05	0.932969
ENSG00000175221	MED16	S2_mrna_detected_only	0.128587	29	0.506196	0.229985
ENSG00000175224	ATG13	S2_mrna_detected_only	0.199015	29	0.300676	0.311673
ENSG00000175264	CHST1	S2_mrna_detected_only	0.472866	7	0.283891	0.706661
ENSG00000175267	VWA3A	S2_mrna_detected_only		2		
ENSG00000175274	TP53I11	S2_mrna_detected_only	0.378818	29	0.0427138	0.577432
ENSG00000175283	DOLK	S2_mrna_detected_only	0.138101	29	0.474969	0.240124
ENSG00000175287	PHYHD1	S2_mrna_detected_only	0.688013	28	5.20526e-05	0.92178
ENSG00000175309	PHYKPL	S2_mrna_detected_only	0.44532	29	0.0154848	0.669626
ENSG00000175315	CST6	S2_mrna_detected_only	0.894427	5	0.0405193	0.996743
ENSG00000175318	GRAMD2	S2_mrna_detected_only	0.455383	6	0.364143	0.683967
ENSG00000175324	LSM1	S2_mrna_detected_only	0.0630542	29	0.745223	0.160433
ENSG00000175334	BANF1	S2_mrna_detected_only	0.33748	29	0.0733917	0.516337
ENSG00000175336	APOF	S2_mrna_detected_only		2		
ENSG00000175348	TMEM9B	S2_mrna_detected_only	0.55486	29	0.00178461	0.803688
ENSG00000175354	PTPN2	S2_mrna_detected_only	0.521182	29	0.00374236	0.768649
ENSG00000175376	EIF1AD	S2_mrna_detected_only	0.307958	29	0.104113	0.472526
ENSG00000175387	SMAD2	S2_mrna_detected_only	0.0448276	29	0.817392	0.141889
ENSG00000175390	EIF3F	S2_mrna_detected_only	0.370936	29	0.0475911	0.566716
ENSG00000175395	ZNF25	S2_mrna_detected_only	0.225476	28	0.248648	0.352648
ENSG00000175414	ARL10	S2_mrna_detected_only	0.382058	17	0.130185	0.581057
ENSG00000175416	CLTB	S2_mrna_detected_only	0.252709	29	0.185966	0.390418
ENSG00000175445	LPL	S2_mrna_detected_only	0.586207	22	0.00414217	0.833316
ENSG00000175449	RFESD	S2_mrna_detected_only	-0.714286	6	0.110787	0
ENSG00000175455	CCDC14	S2_mrna_detected_only	-0.095766	28	0.627847	0.0554213
ENSG00000175467	SART1	S2_mrna_detected_only	0.284236	29	0.135084	0.438012
ENSG00000175470	PPP2R2D	S2_mrna_detected_only	0.342857	29	0.0686428	0.52385
ENSG00000175482	POLD4	S2_mrna_detected_only	0.345334	29	0.0665371	0.528105
ENSG00000175497	DPP10	S2_mrna_detected_only	0.464286	7	0.293934	0.695945
ENSG00000175535	PNLIP	S2_mrna_detected_only	0.8	9	0.00962792	0.979513
ENSG00000175536	LIPT2	S2_mrna_detected_only	0.338062	20	0.144885	0.517178
ENSG00000175548	ALG10B	S2_mrna_detected_only	0.143802	24	0.502621	0.244957
ENSG00000175550	DRAP1	S2_mrna_detected_only	-0.183251	29	0.34134	0.0267388
ENSG00000175573	C11orf68	S2_mrna_detected_only	0.453695	29	0.0134364	0.681918
ENSG00000175575	PAAF1	S2_mrna_detected_only	-0.0674877	29	0.727958	0.0677138
ENSG00000175581	MRPL48	S2_mrna_detected_only	0.564532	29	0.00142186	0.812356
ENSG00000175582	RAB6A	S2_mrna_detected_only	-0.236946	29	0.215872	0.0164951
ENSG00000175592	FOSL1	S2_mrna_detected_only	-0.436436	8	0.279658	0.0014709
ENSG00000175595	ERCC4	S2_mrna_detected_only	0.465954	27	0.0143015	0.698624
ENSG00000175600	SUGCT	S2_mrna_detected_only	0.678922	17	0.00272814	0.915581
ENSG00000175606	TMEM70	S2_mrna_detected_only	0.104693	29	0.588868	0.201671
ENSG00000175634	RPS6KB2	S2_mrna_detected_only	0.452765	29	0.013652	0.680868
ENSG00000175662	TOM1L2	S2_mrna_detected_only	0.665517	29	8.16215e-05	0.905232
ENSG00000175707	KDF1	S2_mrna_detected_only	0.585965	19	0.00837907	0.832896
ENSG00000175711	B3GNTL1	S2_mrna_detected_only	0.222338	18	0.375212	0.347184
ENSG00000175718	RBMXL3	S2_mrna_detected_only		1		
ENSG00000175727	MLXIP	S2_mrna_detected_only	0.423182	29	0.0221767	0.642309
ENSG00000175756	AURKAIP1	S2_mrna_detected_only	-0.113269	29	0.558529	0.0482769
ENSG00000175768	TOMM5	S2_mrna_detected_only	0.301626	29	0.111801	0.462545
ENSG00000175792	RUVBL1	S2_mrna_detected_only	0.335468	29	0.0752323	0.513028
ENSG00000175793	SFN	S2_mrna_detected_only	0.888235	16	4.32625e-06	0.99648
ENSG00000175806	MSRA	S2_mrna_detected_only	0.500985	29	0.0056356	0.742593
ENSG00000175826	CTDNEP1	S2_mrna_detected_only	0.0931494	29	0.630796	0.189273
ENSG00000175857	GAPT	S2_mrna_detected_only	0.726774	14	0.0032346	0.945734
ENSG00000175866	BAIAP2	S2_mrna_detected_only	0.242369	27	0.223203	0.374396
ENSG00000175868	CALCB	S2_mrna_detected_only		1		
ENSG00000175893	ZDHHC21	S2_mrna_detected_only	0.368332	27	0.0587013	0.562986
ENSG00000175895	PLEKHF2	S2_mrna_detected_only	0.378325	29	0.0430065	0.576487
ENSG00000175899	A2M	S2_mrna_detected_only	0.414286	29	0.0254607	0.629964
ENSG00000175906	ARL4D	S2_mrna_detected_only	0.291367	27	0.140331	0.448046
ENSG00000175920	DOK7	S2_mrna_detected_only	0.615587	5	0.268998	0.861105
ENSG00000175928	LRRN1	S2_mrna_detected_only	0.0134442	16	0.960587	0.11804
ENSG00000175931	UBE2O	S2_mrna_detected_only	0.388177	29	0.0374486	0.589304
ENSG00000175938	ORAI3	S2_mrna_detected_only	0.174247	29	0.365988	0.282675
ENSG00000175970	UNC119B	S2_mrna_detected_only	0.626108	29	0.000280096	0.870771
ENSG00000176014	TUBB6	S2_mrna_detected_only	0.531527	29	0.00300496	0.778893
ENSG00000176018	LYSMD3	S2_mrna_detected_only	0.0560149	29	0.772882	0.153341
ENSG00000176022	B3GALT6	S2_mrna_detected_only	0.333621	29	0.0769532	0.510244
ENSG00000176029	C11orf16	S2_mrna_detected_only		1		
ENSG00000176046	NUPR1	S2_mrna_detected_only	-0.0467883	29	0.809546	0.0783253
ENSG00000176049	JAKMIP2	S2_mrna_detected_only	-0.109091	7	0.815902	0.0505358
ENSG00000176055	MBLAC2	S2_mrna_detected_only	0.32462	28	0.0919101	0.497216
ENSG00000176087	SLC35A4	S2_mrna_detected_only	0.0344828	29	0.859053	0.134114
ENSG00000176092	AIM1L	S2_mrna_detected_only	-0.6	5	0.284757	0.000105064
ENSG00000176095	IP6K1	S2_mrna_detected_only	0.255697	29	0.180642	0.395304
ENSG00000176101	SSNA1	S2_mrna_detected_only	0.0335141	29	0.862975	0.133589
ENSG00000176102	CSTF3	S2_mrna_detected_only	0.180788	29	0.34798	0.289504
ENSG00000176105	YES1	S2_mrna_detected_only	0.343842	29	0.0677991	0.525688
ENSG00000176108	CHMP6	S2_mrna_detected_only	0.0788177	29	0.684442	0.174301
ENSG00000176125	UFSP1	S2_mrna_detected_only		1		
ENSG00000176142	TMEM39A	S2_mrna_detected_only	0.187505	29	0.330056	0.297542
ENSG00000176148	TCP11L1	S2_mrna_detected_only	0.456044	27	0.0168114	0.68486
ENSG00000176153	GPX2	S2_mrna_detected_only	0.78022	14	0.000994494	0.972
ENSG00000176155	CCDC57	S2_mrna_detected_only	0.434653	18	0.071463	0.656913
ENSG00000176160	HSF5	S2_mrna_detected_only		1		
ENSG00000176170	SPHK1	S2_mrna_detected_only	0.214182	19	0.378589	0.334261
ENSG00000176171	BNIP3	S2_mrna_detected_only	0.383543	29	0.0399864	0.582948
ENSG00000176177	ENTHD1	S2_mrna_detected_only		1		
ENSG00000176204	LRRTM4	S2_mrna_detected_only		1		
ENSG00000176208	ATAD5	S2_mrna_detected_only	-0.449171	12	0.142963	0.00110317
ENSG00000176209	SMIM19	S2_mrna_detected_only	0.468483	29	0.0103703	0.702931
ENSG00000176225	RTTN	S2_mrna_detected_only	-0.0777364	20	0.744609	0.0636163
ENSG00000176244	ACBD7	S2_mrna_detected_only	0.6	5	0.284757	0.846817
ENSG00000176248	ANAPC2	S2_mrna_detected_only	0.367488	29	0.0498592	0.561305
ENSG00000176261	ZBTB8OS	S2_mrna_detected_only	-0.0428783	29	0.825209	0.0814772
ENSG00000176381	PRR18	S2_mrna_detected_only		2		
ENSG00000176386	CDC26	S2_mrna_detected_only	-0.386479	28	0.0422017	0.00288926
ENSG00000176387	HSD11B2	S2_mrna_detected_only	0.731225	22	0.000110538	0.948414
ENSG00000176390	CRLF3	S2_mrna_detected_only	0.667032	28	0.000105919	0.907071
ENSG00000176393	RNPEP	S2_mrna_detected_only	0.227094	29	0.236137	0.354906
ENSG00000176406	RIMS2	S2_mrna_detected_only	0.1	5	0.872889	0.19689
ENSG00000176407	KCMF1	S2_mrna_detected_only	-0.365316	29	0.0513309	0.0039399
ENSG00000176410	DNAJC30	S2_mrna_detected_only	0.290341	28	0.133926	0.446785
ENSG00000176422	SPRYD4	S2_mrna_detected_only	0.47931	29	0.00851784	0.715276
ENSG00000176435	CLEC14A	S2_mrna_detected_only	0.605419	29	0.000501719	0.850914
ENSG00000176444	CLK2	S2_mrna_detected_only	0.132263	29	0.494012	0.23382
ENSG00000176454	LPCAT4	S2_mrna_detected_only	0.630081	28	0.000326475	0.875026
ENSG00000176473	WDR25	S2_mrna_detected_only	0.0902983	27	0.654212	0.186751
ENSG00000176476	SGF29	S2_mrna_detected_only	0.178347	29	0.354637	0.286667
ENSG00000176485	PLA2G16	S2_mrna_detected_only	0.218249	29	0.255377	0.340145
ENSG00000176490	DIRAS1	S2_mrna_detected_only	0.723417	13	0.00519236	0.943948
ENSG00000176531	PHLDB3	S2_mrna_detected_only	0.205394	23	0.347124	0.320393
ENSG00000176532	PRR15	S2_mrna_detected_only	0.931189	15	4.63323e-07	0.999212
ENSG00000176533	GNG7	S2_mrna_detected_only	0.340929	29	0.0703178	0.521486
ENSG00000176566	DCAF4L2	S2_mrna_detected_only		1		
ENSG00000176595	KBTBD11	S2_mrna_detected_only	0.562416	25	0.00342911	0.809992
ENSG00000176597	B3GNT5	S2_mrna_detected_only	0.138574	28	0.481907	0.240649
ENSG00000176619	LMNB2	S2_mrna_detected_only	0.199359	27	0.318796	0.31225
ENSG00000176623	RMDN1	S2_mrna_detected_only	0.465025	29	0.0110288	0.697363
ENSG00000176624	MEX3C	S2_mrna_detected_only	0.465488	29	0.0109386	0.698098
ENSG00000176635	HORMAD2	S2_mrna_detected_only		1		
ENSG00000176658	MYO1D	S2_mrna_detected_only	0.77734	29	7.03656e-07	0.970319
ENSG00000176715	ACSF3	S2_mrna_detected_only	0.257143	29	0.178103	0.396354
ENSG00000176720	BOK	S2_mrna_detected_only	0.50173	29	0.00555356	0.744011
ENSG00000176731	C8orf59	S2_mrna_detected_only	-0.142476	29	0.460953	0.0388212
ENSG00000176732	PFN4	S2_mrna_detected_only		1		
ENSG00000176771	NCKAP5	S2_mrna_detected_only	0.400892	7	0.372769	0.608636
ENSG00000176783	RUFY1	S2_mrna_detected_only	0.727094	29	7.90836e-06	0.945892
ENSG00000176788	BASP1	S2_mrna_detected_only	0.693487	28	4.28341e-05	0.925352
ENSG00000176834	VSIG10	S2_mrna_detected_only	0.380962	29	0.0414586	0.579901
ENSG00000176845	METRNL	S2_mrna_detected_only	0.10359	28	0.599881	0.200305
ENSG00000176853	FAM91A1	S2_mrna_detected_only	0.0960591	29	0.620114	0.192477
ENSG00000176871	WSB2	S2_mrna_detected_only	0.419015	29	0.0236686	0.636005
ENSG00000176884	GRIN1	S2_mrna_detected_only		1		
ENSG00000176890	TYMS	S2_mrna_detected_only	0.68909	24	0.000196081	0.9222
ENSG00000176894	PXMP2	S2_mrna_detected_only	0.493067	29	0.00657345	0.7334
ENSG00000176903	PNMA1	S2_mrna_detected_only	0.15634	29	0.418007	0.261347
ENSG00000176907	C8orf4	S2_mrna_detected_only	0.546765	29	0.00214731	0.794232
ENSG00000176915	ANKLE2	S2_mrna_detected_only	0.460099	29	0.012027	0.690324
ENSG00000176919	C8G	S2_mrna_detected_only	-0.9	5	0.0373861	0
ENSG00000176946	THAP4	S2_mrna_detected_only	0.30365	29	0.109299	0.465697
ENSG00000176953	NFATC2IP	S2_mrna_detected_only	0.199778	29	0.298788	0.312723
ENSG00000176956	LY6H	S2_mrna_detected_only	0.632456	4	0.367544	0.87634
ENSG00000176971	FIBIN	S2_mrna_detected_only	0.0127806	27	0.949551	0.117304
ENSG00000176973	FAM89B	S2_mrna_detected_only	-0.118247	29	0.541253	0.0461757
ENSG00000176974	SHMT1	S2_mrna_detected_only	0.756158	29	2.09216e-06	0.960653
ENSG00000176978	DPP7	S2_mrna_detected_only	0.37734	29	0.0435966	0.574911
ENSG00000176986	SEC24C	S2_mrna_detected_only	-0.0413793	29	0.831231	0.0832633
ENSG00000176988	FMR1NB	S2_mrna_detected_only		1		
ENSG00000176994	SMCR8	S2_mrna_detected_only	0.155665	29	0.420046	0.259981
ENSG00000177000	MTHFR	S2_mrna_detected_only	0.35445	27	0.0696721	0.541605
ENSG00000177030	DEAF1	S2_mrna_detected_only	-0.0017426	29	0.992842	0.106482
ENSG00000177034	MTX3	S2_mrna_detected_only	0.074439	28	0.706576	0.170572
ENSG00000177045	SIX5	S2_mrna_detected_only	0.041129	27	0.838599	0.138842
ENSG00000177051	FBXO46	S2_mrna_detected_only	0.523195	28	0.00427848	0.770908
ENSG00000177054	ZDHHC13	S2_mrna_detected_only	0.442863	28	0.0182699	0.666684
ENSG00000177058	SLC38A9	S2_mrna_detected_only	0.252002	29	0.187242	0.389
ENSG00000177082	WDR73	S2_mrna_detected_only	0.15355	27	0.44447	0.25767
ENSG00000177084	POLE	S2_mrna_detected_only	-0.000496044	29	0.997962	0.107218
ENSG00000177098	SCN4B	S2_mrna_detected_only	0.0195377	19	0.936724	0.123293
ENSG00000177103	DSCAML1	S2_mrna_detected_only		3		
ENSG00000177105	RHOG	S2_mrna_detected_only	0.436946	29	0.0177856	0.658752
ENSG00000177106	EPS8L2	S2_mrna_detected_only	0.516522	24	0.00976161	0.763553
ENSG00000177119	ANO6	S2_mrna_detected_only	0.371967	29	0.0469291	0.568134
ENSG00000177125	ZBTB34	S2_mrna_detected_only	0.0630734	27	0.754629	0.160696
ENSG00000177143	CETN1	S2_mrna_detected_only		1		
ENSG00000177150	FAM210A	S2_mrna_detected_only	0.43295	28	0.0213755	0.653919
ENSG00000177156	TALDO1	S2_mrna_detected_only	0.416256	29	0.0247011	0.631908
ENSG00000177169	ULK1	S2_mrna_detected_only	0.308015	29	0.104046	0.472841
ENSG00000177182	CLVS1	S2_mrna_detected_only		1		
ENSG00000177189	RPS6KA3	S2_mrna_detected_only	0.204433	29	0.287434	0.318922
ENSG00000177192	PUS1	S2_mrna_detected_only	0.249589	28	0.200237	0.384955
ENSG00000177200	CHD9	S2_mrna_detected_only	0.316913	28	0.10035	0.48755
ENSG00000177225	PDDC1	S2_mrna_detected_only	0.346305	29	0.0657251	0.529365
ENSG00000177239	MAN1B1	S2_mrna_detected_only	0.407882	29	0.0280621	0.620876
ENSG00000177301	KCNA2	S2_mrna_detected_only	0.4	4	0.6	0.607165
ENSG00000177302	TOP3A	S2_mrna_detected_only	-0.0487137	28	0.805556	0.0768544
ENSG00000177303	CASKIN2	S2_mrna_detected_only	0.277504	28	0.152796	0.427663
ENSG00000177311	ZBTB38	S2_mrna_detected_only	0.308412	29	0.103577	0.473366
ENSG00000177352	CCDC71	S2_mrna_detected_only	0.0991215	29	0.608953	0.195892
ENSG00000177354	C10orf71	S2_mrna_detected_only		1		
ENSG00000177370	TIMM22	S2_mrna_detected_only	0.0914131	29	0.637205	0.188222
ENSG00000177374	HIC1	S2_mrna_detected_only	0.148466	17	0.569572	0.251786
ENSG00000177380	PPFIA3	S2_mrna_detected_only	0.7	5	0.18812	0.93071
ENSG00000177409	SAMD9L	S2_mrna_detected_only	0.592582	28	0.000891589	0.83962
ENSG00000177425	PAWR	S2_mrna_detected_only	0.849754	29	5.49841e-09	0.991227
ENSG00000177426	TGIF1	S2_mrna_detected_only	0.0659341	29	0.733994	0.163217
ENSG00000177427	MIEF2	S2_mrna_detected_only	-0.0771838	25	0.713836	0.0639315
ENSG00000177455	CD19	S2_mrna_detected_only	0.74587	9	0.0210263	0.955978
ENSG00000177463	NR2C2	S2_mrna_detected_only	0.411381	29	0.0266153	0.62634
ENSG00000177469	PTRF	S2_mrna_detected_only	0.614286	29	0.000392756	0.860107
ENSG00000177479	ARIH2	S2_mrna_detected_only	0.368966	29	0.0488769	0.564667
ENSG00000177483	RBM44	S2_mrna_detected_only		1		
ENSG00000177485	ZBTB33	S2_mrna_detected_only	0.347292	29	0.0649082	0.530731
ENSG00000177494	ZBED2	S2_mrna_detected_only	-0.0360375	7	0.938861	0.0860475
ENSG00000177511	ST8SIA3	S2_mrna_detected_only		3		
ENSG00000177548	RABEP2	S2_mrna_detected_only	0.195652	24	0.359548	0.306524
ENSG00000177556	ATOX1	S2_mrna_detected_only	0.17734	29	0.357405	0.285879
ENSG00000177565	TBL1XR1	S2_mrna_detected_only	0.361084	29	0.0542972	0.552322
ENSG00000177570	SAMD12	S2_mrna_detected_only	0.183545	17	0.480712	0.292446
ENSG00000177576	C18orf32	S2_mrna_detected_only	0.298086	29	0.116281	0.456503
ENSG00000177600	RPLP2	S2_mrna_detected_only	0.244335	29	0.201471	0.37676
ENSG00000177602	GSG2	S2_mrna_detected_only	-0.151794	6	0.774058	0.0354066
ENSG00000177606	JUN	S2_mrna_detected_only	0.100434	29	0.604196	0.197363
ENSG00000177613	CSTF2T	S2_mrna_detected_only	0.208154	29	0.278561	0.32365
ENSG00000177628	GBA	S2_mrna_detected_only	0.539901	29	0.00250305	0.787665
ENSG00000177646	ACAD9	S2_mrna_detected_only	0.209385	29	0.275662	0.325646
ENSG00000177663	IL17RA	S2_mrna_detected_only	0.285341	28	0.141064	0.439536
ENSG00000177666	PNPLA2	S2_mrna_detected_only	0.256284	29	0.179608	0.395514
ENSG00000177674	AGTRAP	S2_mrna_detected_only	0.0832512	29	0.66767	0.178977
ENSG00000177675	CD163L1	S2_mrna_detected_only	0.761404	19	0.000152516	0.963385
ENSG00000177685	CRACR2B	S2_mrna_detected_only	0.20786	18	0.407863	0.32344
ENSG00000177694	NAALADL2	S2_mrna_detected_only	0.182143	15	0.515882	0.290975
ENSG00000177697	CD151	S2_mrna_detected_only	0.344199	29	0.0674961	0.526424
ENSG00000177700	POLR2L	S2_mrna_detected_only	-0.394581	29	0.0341562	0.00236394
ENSG00000177706	FAM20C	S2_mrna_detected_only	0.253182	28	0.193624	0.390943
ENSG00000177707	PVRL3	S2_mrna_detected_only	0.759113	29	1.80901e-06	0.962019
ENSG00000177728	TMEM94	S2_mrna_detected_only	0.478325	29	0.00867396	0.713858
ENSG00000177731	FLII	S2_mrna_detected_only	0.0812808	29	0.675105	0.176403
ENSG00000177733	HNRNPA0	S2_mrna_detected_only	0.469516	29	0.0101801	0.703667
ENSG00000177807	KCNJ10	S2_mrna_detected_only	0.845154	6	0.0341094	0.990754
ENSG00000177830	CHID1	S2_mrna_detected_only	0.54335	29	0.00231844	0.790607
ENSG00000177868	SVBP	S2_mrna_detected_only	0.191973	29	0.318448	0.302742
ENSG00000177879	AP3S1	S2_mrna_detected_only	-0.369996	29	0.0482009	0.00362471
ENSG00000177885	GRB2	S2_mrna_detected_only	0.73202	29	6.38839e-06	0.948676
ENSG00000177888	ZBTB41	S2_mrna_detected_only	-0.224546	28	0.250655	0.0178084
ENSG00000177889	UBE2N	S2_mrna_detected_only	0.185714	29	0.334777	0.295493
ENSG00000177917	ARL6IP6	S2_mrna_detected_only	0.245432	25	0.236997	0.378388
ENSG00000177951	BET1L	S2_mrna_detected_only	0.345855	29	0.0661003	0.52905
ENSG00000177954	RPS27	S2_mrna_detected_only	0.356532	27	0.0679326	0.544285
ENSG00000177963	RIC8A	S2_mrna_detected_only	0.232512	29	0.224839	0.362366
ENSG00000177971	IMP3	S2_mrna_detected_only	0.15665	29	0.417074	0.261925
ENSG00000177990	DPY19L2	S2_mrna_detected_only	0.100376	17	0.701492	0.197258
ENSG00000178021	TSPYL6	S2_mrna_detected_only		1		
ENSG00000178028	DMAP1	S2_mrna_detected_only	-0.0600985	29	0.756801	0.0709183
ENSG00000178035	IMPDH2	S2_mrna_detected_only	0.378818	29	0.0427138	0.577432
ENSG00000178038	ALS2CL	S2_mrna_detected_only	-0.177865	24	0.405691	0.0279996
ENSG00000178053	MLF1	S2_mrna_detected_only	0.485072	24	0.0162812	0.723734
ENSG00000178057	NDUFAF3	S2_mrna_detected_only	0.266502	29	0.162277	0.410696
ENSG00000178074	C2orf69	S2_mrna_detected_only	0.0288213	29	0.882019	0.128966
ENSG00000178075	GRAMD1C	S2_mrna_detected_only	0.1348	22	0.549773	0.236762
ENSG00000178078	STAP2	S2_mrna_detected_only	0.671885	24	0.000323724	0.910748
ENSG00000178096	BOLA1	S2_mrna_detected_only	0.253953	23	0.242288	0.392677
ENSG00000178104	PDE4DIP	S2_mrna_detected_only	0.437492	29	0.0176273	0.659435
ENSG00000178105	DDX10	S2_mrna_detected_only	-0.0980416	29	0.612879	0.0538979
ENSG00000178127	NDUFV2	S2_mrna_detected_only	0.488177	29	0.00721629	0.727516
ENSG00000178149	DALRD3	S2_mrna_detected_only	0.174898	29	0.364169	0.28341
ENSG00000178177	LCORL	S2_mrna_detected_only	-0.144162	25	0.491759	0.0381908
ENSG00000178184	PARD6G	S2_mrna_detected_only	0.0909091	21	0.695131	0.187539
ENSG00000178188	SH2B1	S2_mrna_detected_only	0.158128	29	0.412637	0.264026
ENSG00000178199	ZC3H12D	S2_mrna_detected_only	0.2	4	0.8	0.313354
ENSG00000178202	KDELC2	S2_mrna_detected_only	0.19803	29	0.303125	0.310149
ENSG00000178209	PLEC	S2_mrna_detected_only	0.448611	28	0.0166462	0.675089
ENSG00000178233	TMEM151B	S2_mrna_detected_only		2		
ENSG00000178234	GALNT11	S2_mrna_detected_only	0.164712	29	0.393195	0.270382
ENSG00000178235	SLITRK1	S2_mrna_detected_only		1		
ENSG00000178252	WDR6	S2_mrna_detected_only	0.185714	29	0.334777	0.295493
ENSG00000178295	GEN1	S2_mrna_detected_only	0.447175	23	0.0324043	0.672463
ENSG00000178307	TMEM11	S2_mrna_detected_only	0.572727	11	0.0655431	0.819815
ENSG00000178338	ZNF354B	S2_mrna_detected_only	0.154861	28	0.43137	0.258825
ENSG00000178363	CALML3	S2_mrna_detected_only	0.2	4	0.8	0.313354
ENSG00000178372	CALML5	S2_mrna_detected_only		3		
ENSG00000178385	PLEKHM3	S2_mrna_detected_only	0.380272	27	0.0503862	0.578798
ENSG00000178409	BEND3	S2_mrna_detected_only	-0.27323	6	0.600355	0.0117672
ENSG00000178425	NT5DC1	S2_mrna_detected_only	0.397537	29	0.0327174	0.602543
ENSG00000178445	GLDC	S2_mrna_detected_only	0.9	5	0.0373861	0.997163
ENSG00000178462	TUBAL3	S2_mrna_detected_only	0.6	5	0.284757	0.846817
ENSG00000178467	P4HTM	S2_mrna_detected_only	0.606232	29	0.000490721	0.851282
ENSG00000178498	DTX3	S2_mrna_detected_only	0.680443	28	6.77014e-05	0.916527
ENSG00000178502	KLHL11	S2_mrna_detected_only	0.374946	24	0.0710265	0.572126
ENSG00000178537	SLC25A20	S2_mrna_detected_only	0.580296	29	0.000967034	0.827485
ENSG00000178538	CA8	S2_mrna_detected_only	0.705495	14	0.00481956	0.933862
ENSG00000178567	EPM2AIP1	S2_mrna_detected_only	0.412808	29	0.0260429	0.628546
ENSG00000178568	ERBB4	S2_mrna_detected_only	0.371429	6	0.468478	0.567556
ENSG00000178585	CTNNBIP1	S2_mrna_detected_only	0.16135	29	0.403057	0.267283
ENSG00000178597	PSAPL1	S2_mrna_detected_only	0.8	4	0.2	0.979513
ENSG00000178605	GTPBP6	S2_mrna_detected_only	-0.138424	29	0.473928	0.0402921
ENSG00000178607	ERN1	S2_mrna_detected_only	0.388037	28	0.0413084	0.589042
ENSG00000178685	PARP10	S2_mrna_detected_only	0.465025	29	0.0110288	0.697363
ENSG00000178691	SUZ12	S2_mrna_detected_only	0.307389	29	0.104787	0.471685
ENSG00000178694	NSUN3	S2_mrna_detected_only	0.0145245	28	0.941523	0.118985
ENSG00000178695	KCTD12	S2_mrna_detected_only	0.738916	29	4.70129e-06	0.952826
ENSG00000178718	RPP25	S2_mrna_detected_only	0.0266998	27	0.89483	0.127705
ENSG00000178732	GP5	S2_mrna_detected_only		1		
ENSG00000178741	COX5A	S2_mrna_detected_only	0.603448	29	0.000529259	0.849391
ENSG00000178752	FAM132B	S2_mrna_detected_only	0.316228	4	0.683772	0.486132
ENSG00000178761	FAM219B	S2_mrna_detected_only	0.258953	29	0.174961	0.399086
ENSG00000178764	ZHX2	S2_mrna_detected_only	0.364084	29	0.0521806	0.556787
ENSG00000178772	CPN2	S2_mrna_detected_only		2		
ENSG00000178773	CPNE7	S2_mrna_detected_only	-0.259437	7	0.574237	0.0134482
ENSG00000178796	RIIAD1	S2_mrna_detected_only	0.676123	6	0.140357	0.913217
ENSG00000178802	MPI	S2_mrna_detected_only	0.476847	29	0.00891264	0.711547
ENSG00000178882	FAM101A	S2_mrna_detected_only	0.731126	9	0.025213	0.948308
ENSG00000178896	EXOSC4	S2_mrna_detected_only	-0.193103	29	0.315553	0.0242173
ENSG00000178904	DPY19L3	S2_mrna_detected_only	0.666119	28	0.000109105	0.906598
ENSG00000178913	TAF7	S2_mrna_detected_only	0.257143	29	0.178103	0.396354
ENSG00000178917	ZNF852	S2_mrna_detected_only	-0.0342781	15	0.903473	0.0875709
ENSG00000178919	FOXE1	S2_mrna_detected_only		3		
ENSG00000178921	PFAS	S2_mrna_detected_only	-0.0492611	28	0.803414	0.0764341
ENSG00000178922	HYI	S2_mrna_detected_only	0.223153	29	0.244586	0.348498
ENSG00000178927	C17orf62	S2_mrna_detected_only	0.310345	29	0.10132	0.475362
ENSG00000178934	LGALS7B	S2_mrna_detected_only		3		
ENSG00000178950	GAK	S2_mrna_detected_only	0.440887	29	0.01667	0.663953
ENSG00000178951	ZBTB7A	S2_mrna_detected_only	0.365025	29	0.0515309	0.558206
ENSG00000178952	TUFM	S2_mrna_detected_only	0.528079	29	0.00323547	0.775426
ENSG00000178965	ERICH3	S2_mrna_detected_only	1	5	1.40427e-24	1
ENSG00000178966	RMI1	S2_mrna_detected_only	0.158186	28	0.421419	0.264184
ENSG00000178971	CTC1	S2_mrna_detected_only	0.120893	28	0.540011	0.219531
ENSG00000178980	SEPW1	S2_mrna_detected_only	0.371612	29	0.0471564	0.567714
ENSG00000178982	EIF3K	S2_mrna_detected_only	0.259606	29	0.173837	0.399926
ENSG00000178996	SNX18	S2_mrna_detected_only	0.462069	29	0.011619	0.692688
ENSG00000179010	MRFAP1	S2_mrna_detected_only	0.0901922	29	0.641727	0.186541
ENSG00000179021	C3orf38	S2_mrna_detected_only	0.227148	28	0.245061	0.355169
ENSG00000179023	KLHDC7A	S2_mrna_detected_only	0.9	5	0.0373861	0.997163
ENSG00000179041	RRS1	S2_mrna_detected_only	0.287943	28	0.137316	0.443633
ENSG00000179044	EXOC3L1	S2_mrna_detected_only		4		
ENSG00000179051	RCC2	S2_mrna_detected_only	0.629064	29	0.000256844	0.874238
ENSG00000179071	CCDC89	S2_mrna_detected_only	0.275454	8	0.509054	0.424039
ENSG00000179085	DPM3	S2_mrna_detected_only	-0.0108374	29	0.955505	0.101334
ENSG00000179091	CYC1	S2_mrna_detected_only	0.562562	29	0.00149006	0.810359
ENSG00000179094	PER1	S2_mrna_detected_only	0.361487	29	0.054009	0.55332
ENSG00000179104	TMTC2	S2_mrna_detected_only	-0.0981868	26	0.633227	0.0537403
ENSG00000179115	FARSA	S2_mrna_detected_only	0.389163	29	0.0369262	0.590775
ENSG00000179119	SPTY2D1	S2_mrna_detected_only	0.0135793	29	0.944263	0.118145
ENSG00000179134	SAMD4B	S2_mrna_detected_only	0.215271	29	0.26208	0.336205
ENSG00000179142	CYP11B2	S2_mrna_detected_only		1		
ENSG00000179144	GIMAP7	S2_mrna_detected_only	0.663547	29	8.71806e-05	0.903394
ENSG00000179151	EDC3	S2_mrna_detected_only	0.589163	29	0.000771802	0.836625
ENSG00000179152	TCAIM	S2_mrna_detected_only	0.49955	28	0.0067986	0.740964
ENSG00000179163	FUCA1	S2_mrna_detected_only	0.582266	29	0.000920277	0.830006
ENSG00000179168	GGN	S2_mrna_detected_only		2		
ENSG00000179195	ZNF664	S2_mrna_detected_only	0.50166	29	0.00556123	0.743906
ENSG00000179218	CALR	S2_mrna_detected_only	0.270443	29	0.155922	0.417682
ENSG00000179222	MAGED1	S2_mrna_detected_only	0.318519	29	0.0921791	0.490282
ENSG00000179241	LDLRAD3	S2_mrna_detected_only	0.209359	27	0.294613	0.325331
ENSG00000179242	CDH4	S2_mrna_detected_only	0.564288	5	0.321723	0.812145
ENSG00000179262	RAD23A	S2_mrna_detected_only	0.327586	29	0.0827868	0.501418
ENSG00000179271	GADD45GIP1	S2_mrna_detected_only	0.0438424	29	0.82134	0.140996
ENSG00000179292	TMEM151A	S2_mrna_detected_only		2		
ENSG00000179295	PTPN11	S2_mrna_detected_only	0.668966	29	7.26478e-05	0.908804
ENSG00000179335	CLK3	S2_mrna_detected_only	0.285749	29	0.132929	0.440429
ENSG00000179363	TMEM31	S2_mrna_detected_only		1		
ENSG00000179364	PACS2	S2_mrna_detected_only	0.208539	28	0.286905	0.32428
ENSG00000179387	ELMOD2	S2_mrna_detected_only	0.541446	29	0.00241886	0.789189
ENSG00000179399	GPC5	S2_mrna_detected_only	0.101419	6	0.848394	0.198151
ENSG00000179403	VWA1	S2_mrna_detected_only	0.195687	29	0.308996	0.306735
ENSG00000179409	GEMIN4	S2_mrna_detected_only	0.30989	29	0.101847	0.474942
ENSG00000179477	ALOX12B	S2_mrna_detected_only		2		
ENSG00000179526	SHARPIN	S2_mrna_detected_only	-0.0849858	29	0.66115	0.0600441
ENSG00000179562	GCC1	S2_mrna_detected_only	0.394876	29	0.0340103	0.597867
ENSG00000179593	ALOX15B	S2_mrna_detected_only	0.4	5	0.504632	0.607165
ENSG00000179604	CDC42EP4	S2_mrna_detected_only	0.552217	29	0.00189671	0.800273
ENSG00000179630	LACC1	S2_mrna_detected_only	0.337396	28	0.0791168	0.515917
ENSG00000179632	MAF1	S2_mrna_detected_only	0.178604	29	0.353933	0.287088
ENSG00000179636	TPPP2	S2_mrna_detected_only		1		
ENSG00000179751	SYCN	S2_mrna_detected_only	-0.115954	6	0.826848	0.0471738
ENSG00000179761	PIPOX	S2_mrna_detected_only	0.635165	14	0.0146579	0.878283
ENSG00000179776	CDH5	S2_mrna_detected_only	0.529557	29	0.00313489	0.776634
ENSG00000179796	LRRC3B	S2_mrna_detected_only	0.258199	4	0.741801	0.398613
ENSG00000179813	FAM216B	S2_mrna_detected_only	0.774597	4	0.225403	0.968901
ENSG00000179820	MYADM	S2_mrna_detected_only	0.365025	29	0.0515309	0.558206
ENSG00000179832	MROH1	S2_mrna_detected_only	-0.0745941	19	0.761511	0.0648771
ENSG00000179855	GIPC3	S2_mrna_detected_only	0.166667	19	0.495266	0.273324
ENSG00000179889	PDXDC1	S2_mrna_detected_only	0.817734	29	6.10471e-08	0.984451
ENSG00000179902	C1orf194	S2_mrna_detected_only	0.630062	7	0.12936	0.874974
ENSG00000179909	ZNF154	S2_mrna_detected_only	0.257248	18	0.30276	0.396669
ENSG00000179912	R3HDM2	S2_mrna_detected_only	0.491375	29	0.0067902	0.731719
ENSG00000179913	B3GNT3	S2_mrna_detected_only	0.843776	15	7.68718e-05	0.990492
ENSG00000179914	ITLN1	S2_mrna_detected_only	0.261538	14	0.366411	0.402973
ENSG00000179915	NRXN1	S2_mrna_detected_only	0.8	5	0.104088	0.979513
ENSG00000179918	SEPHS2	S2_mrna_detected_only	0.708867	29	1.67752e-05	0.936226
ENSG00000179922	ZNF784	S2_mrna_detected_only	-0.0236555	29	0.903056	0.094295
ENSG00000179933	C14orf119	S2_mrna_detected_only	0.204695	29	0.286804	0.319342
ENSG00000179950	PUF60	S2_mrna_detected_only	-0.0216749	29	0.91114	0.0955033
ENSG00000179954	SSC5D	S2_mrna_detected_only	0.591228	19	0.00767647	0.838359
ENSG00000179958	DCTPP1	S2_mrna_detected_only	0.537438	29	0.00264255	0.785774
ENSG00000179965	ZNF771	S2_mrna_detected_only	0.0900937	7	0.847672	0.186384
ENSG00000180011	ZADH2	S2_mrna_detected_only	0.298522	29	0.115722	0.457239
ENSG00000180035	ZNF48	S2_mrna_detected_only	0.236255	25	0.255545	0.367041
ENSG00000180096	SEPT1	S2_mrna_detected_only	0.544118	16	0.0293363	0.791816
ENSG00000180098	TRNAU1AP	S2_mrna_detected_only	0.220273	29	0.250886	0.343297
ENSG00000180104	EXOC3	S2_mrna_detected_only	0.30053	29	0.113175	0.460548
ENSG00000180113	TDRD6	S2_mrna_detected_only	0.4	4	0.6	0.607165
ENSG00000180155	LYNX1	S2_mrna_detected_only	0.384444	27	0.04771	0.584104
ENSG00000180176	TH	S2_mrna_detected_only		1		
ENSG00000180182	MED14	S2_mrna_detected_only	-0.0349754	29	0.85706	0.086888
ENSG00000180185	FAHD1	S2_mrna_detected_only	0.339409	29	0.0716599	0.519174
ENSG00000180190	TDRP	S2_mrna_detected_only	0.585192	29	0.000854498	0.832475
ENSG00000180198	RCC1	S2_mrna_detected_only	0.374877	29	0.0451001	0.572021
ENSG00000180209	MYLPF	S2_mrna_detected_only		2		
ENSG00000180210	F2	S2_mrna_detected_only		1		
ENSG00000180228	PRKRA	S2_mrna_detected_only	0.495074	29	0.0063241	0.735974
ENSG00000180233	ZNRF2	S2_mrna_detected_only	0.0854785	29	0.659303	0.181551
ENSG00000180251	SLC9A4	S2_mrna_detected_only		3		
ENSG00000180263	FGD6	S2_mrna_detected_only	0.0173829	23	0.937254	0.121717
ENSG00000180329	CCDC43	S2_mrna_detected_only	0.344335	29	0.0673803	0.526634
ENSG00000180332	KCTD4	S2_mrna_detected_only		2		
ENSG00000180336	C17orf104	S2_mrna_detected_only		1		
ENSG00000180340	FZD2	S2_mrna_detected_only	-0.164134	10	0.650473	0.0311515
ENSG00000180346	TIGD2	S2_mrna_detected_only	0.0150879	27	0.940459	0.119721
ENSG00000180353	HCLS1	S2_mrna_detected_only	0.918719	29	2.09806e-12	0.998477
ENSG00000180357	ZNF609	S2_mrna_detected_only	0.469951	29	0.0101009	0.703929
ENSG00000180370	PAK2	S2_mrna_detected_only	0.464532	29	0.0111254	0.696522
ENSG00000180376	CCDC66	S2_mrna_detected_only	0.175433	27	0.381433	0.284146
ENSG00000180398	MCFD2	S2_mrna_detected_only	0.36798	29	0.04953	0.562408
ENSG00000180424	DEFB123	S2_mrna_detected_only		1		
ENSG00000180432	CYP8B1	S2_mrna_detected_only		2		
ENSG00000180481	GLIPR1L2	S2_mrna_detected_only	0.707107	5	0.18169	0.93507
ENSG00000180483	DEFB119	S2_mrna_detected_only		1		
ENSG00000180488	FAM73A	S2_mrna_detected_only	0.456904	28	0.0145151	0.685911
ENSG00000180530	NRIP1	S2_mrna_detected_only	0.126987	29	0.511546	0.227411
ENSG00000180535	BHLHA15	S2_mrna_detected_only	0.828571	6	0.0415627	0.987497
ENSG00000180543	TSPYL5	S2_mrna_detected_only	0.338916	29	0.0720991	0.518439
ENSG00000180549	FUT7	S2_mrna_detected_only		2		
ENSG00000180573	HIST1H2AC	S2_mrna_detected_only	-0.126601	29	0.512842	0.0443896
ENSG00000180611	MB21D2	S2_mrna_detected_only	0.589744	26	0.00152037	0.836993
ENSG00000180628	PCGF5	S2_mrna_detected_only	0.137032	29	0.478426	0.239389
ENSG00000180638	SLC47A2	S2_mrna_detected_only		2		
ENSG00000180720	CHRM4	S2_mrna_detected_only	0.135225	6	0.798399	0.23734
ENSG00000180730	SHISA2	S2_mrna_detected_only	0.612372	7	0.143811	0.858269
ENSG00000180739	S1PR5	S2_mrna_detected_only	0.654654	6	0.158302	0.895251
ENSG00000180745	CLRN3	S2_mrna_detected_only	0.570595	10	0.0849717	0.817766
ENSG00000180767	CHST13	S2_mrna_detected_only		3		
ENSG00000180773	SLC36A4	S2_mrna_detected_only	-0.0408874	24	0.84955	0.0836835
ENSG00000180776	ZDHHC20	S2_mrna_detected_only	0.122429	29	0.526939	0.22179
ENSG00000180787	ZFP3	S2_mrna_detected_only	0.361166	27	0.0641824	0.55269
ENSG00000180815	MAP3K15	S2_mrna_detected_only		3		
ENSG00000180817	PPA1	S2_mrna_detected_only	0.197537	29	0.304353	0.309204
ENSG00000180822	PSMG4	S2_mrna_detected_only	0.152158	29	0.430722	0.256094
ENSG00000180834	MAP6D1	S2_mrna_detected_only		3		
ENSG00000180879	SSR4	S2_mrna_detected_only	0.4133	29	0.0258476	0.629071
ENSG00000180881	CAPS2	S2_mrna_detected_only	0.0741249	7	0.874507	0.169994
ENSG00000180891	CUEDC1	S2_mrna_detected_only	0.454187	29	0.0133234	0.682496
ENSG00000180900	SCRIB	S2_mrna_detected_only	0.437118	27	0.0226119	0.659225
ENSG00000180901	KCTD2	S2_mrna_detected_only	0.26836	29	0.159259	0.41411
ENSG00000180902	D2HGDH	S2_mrna_detected_only	0.1221	27	0.544046	0.221318
ENSG00000180917	CMTR2	S2_mrna_detected_only	0.473632	29	0.00945103	0.707817
ENSG00000180921	FAM83H	S2_mrna_detected_only	0.487218	20	0.029342	0.726256
ENSG00000180929	GPR62	S2_mrna_detected_only		1		
ENSG00000180957	PITPNB	S2_mrna_detected_only	0.458621	29	0.0123407	0.68838
ENSG00000180964	TCEAL8	S2_mrna_detected_only	0.237905	29	0.213963	0.369668
ENSG00000180979	LRRC57	S2_mrna_detected_only	0.110112	29	0.569613	0.2085
ENSG00000180992	MRPL14	S2_mrna_detected_only	0.198054	29	0.303064	0.310412
ENSG00000181016	LSMEM1	S2_mrna_detected_only	0.737865	4	0.262135	0.952196
ENSG00000181027	FKRP	S2_mrna_detected_only	-0.00258213	29	0.989394	0.105747
ENSG00000181029	TRAPPC5	S2_mrna_detected_only	-0.201423	28	0.304035	0.0223261
ENSG00000181035	SLC25A42	S2_mrna_detected_only	0.530049	29	0.00310196	0.777422
ENSG00000181038	METTL23	S2_mrna_detected_only	-0.0288822	29	0.881771	0.0915634
ENSG00000181045	SLC26A11	S2_mrna_detected_only	0.0979067	27	0.627084	0.194736
ENSG00000181061	HIGD1A	S2_mrna_detected_only	0.490947	29	0.00684595	0.731194
ENSG00000181072	CHRM2	S2_mrna_detected_only	0.819689	6	0.0458371	0.984976
ENSG00000181085	MAPK15	S2_mrna_detected_only	-0.8	4	0.2	0
ENSG00000181090	EHMT1	S2_mrna_detected_only	0.319744	29	0.0908657	0.491437
ENSG00000181092	ADIPOQ	S2_mrna_detected_only	0.0545455	10	0.881036	0.151345
ENSG00000181143	MUC16	S2_mrna_detected_only		2		
ENSG00000181163	NPM1	S2_mrna_detected_only	0.402956	29	0.0302068	0.613049
ENSG00000181191	PJA1	S2_mrna_detected_only	0.28349	29	0.136157	0.436489
ENSG00000181192	DHTKD1	S2_mrna_detected_only	0.44335	29	0.0160026	0.667262
ENSG00000181195	PENK	S2_mrna_detected_only	0.120726	15	0.66823	0.219321
ENSG00000181220	ZNF746	S2_mrna_detected_only	-0.139515	27	0.487653	0.0399769
ENSG00000181222	POLR2A	S2_mrna_detected_only	0.236946	29	0.215872	0.36804
ENSG00000181284	TMEM102	S2_mrna_detected_only	0.520886	17	0.0320378	0.768281
ENSG00000181291	TMEM132E	S2_mrna_detected_only	0.8	4	0.2	0.979513
ENSG00000181322	NME9	S2_mrna_detected_only		2		
ENSG00000181333	HEPHL1	S2_mrna_detected_only		2		
ENSG00000181350	LRRC75A	S2_mrna_detected_only	0.428571	6	0.396501	0.648771
ENSG00000181378	CCDC108	S2_mrna_detected_only		2		
ENSG00000181381	DDX60L	S2_mrna_detected_only	0.253968	28	0.192197	0.392782
ENSG00000181396	OGFOD3	S2_mrna_detected_only	0.289163	29	0.128158	0.445209
ENSG00000181409	AATK	S2_mrna_detected_only	0.769345	10	0.00927422	0.967062
ENSG00000181418	DDN	S2_mrna_detected_only		2		
ENSG00000181433	SAGE1	S2_mrna_detected_only		1		
ENSG00000181449	SOX2	S2_mrna_detected_only	0.564288	5	0.321723	0.812145
ENSG00000181458	TMEM45A	S2_mrna_detected_only	0.243727	29	0.202631	0.375972
ENSG00000181467	RAP2B	S2_mrna_detected_only	0.18667	28	0.341539	0.296543
ENSG00000181472	ZBTB2	S2_mrna_detected_only	0.332861	29	0.0776694	0.509298
ENSG00000181481	RNF135	S2_mrna_detected_only	0.462507	28	0.0132074	0.693318
ENSG00000181513	ACBD4	S2_mrna_detected_only	0.349068	28	0.0686622	0.533043
ENSG00000181523	SGSH	S2_mrna_detected_only	0.312808	29	0.0984969	0.47967
ENSG00000181541	MAB21L2	S2_mrna_detected_only	0.730116	10	0.0165062	0.947626
ENSG00000181555	SETD2	S2_mrna_detected_only	0.242857	29	0.204297	0.374816
ENSG00000181588	MEX3D	S2_mrna_detected_only	-0.0353827	25	0.866655	0.0864152
ENSG00000181610	MRPS23	S2_mrna_detected_only	0.436946	29	0.0177856	0.658752
ENSG00000181617	FDCSP	S2_mrna_detected_only	0.620235	13	0.0237249	0.865886
ENSG00000181649	PHLDA2	S2_mrna_detected_only	0.126351	11	0.711243	0.226886
ENSG00000181704	YIPF6	S2_mrna_detected_only	0.0216749	29	0.91114	0.124553
ENSG00000181722	ZBTB20	S2_mrna_detected_only		3		
ENSG00000181744	C3orf58	S2_mrna_detected_only	0.206651	28	0.291388	0.321759
ENSG00000181751	C5orf30	S2_mrna_detected_only	0.269426	26	0.183185	0.415581
ENSG00000181754	AMIGO1	S2_mrna_detected_only	0.176332	28	0.369408	0.284986
ENSG00000181789	COPG1	S2_mrna_detected_only	0.385222	29	0.0390518	0.585154
ENSG00000181790	ADGRB1	S2_mrna_detected_only		2		
ENSG00000181804	SLC9A9	S2_mrna_detected_only	0.613647	27	0.000663756	0.859162
ENSG00000181817	LSM10	S2_mrna_detected_only	-0.0303293	29	0.875892	0.0907228
ENSG00000181826	RELL1	S2_mrna_detected_only	0.352061	27	0.0717092	0.538401
ENSG00000181827	RFX7	S2_mrna_detected_only	0.185765	28	0.343929	0.295808
ENSG00000181847	TIGIT	S2_mrna_detected_only	0.63655	12	0.0260393	0.880069
ENSG00000181852	RNF41	S2_mrna_detected_only	0.347451	29	0.0647772	0.530941
ENSG00000181873	IBA57	S2_mrna_detected_only	0.00696106	24	0.974247	0.113207
ENSG00000181885	CLDN7	S2_mrna_detected_only	0.691934	22	0.000360354	0.924196
ENSG00000181904	C5orf24	S2_mrna_detected_only	0.145885	29	0.450183	0.248109
ENSG00000181915	ADO	S2_mrna_detected_only	0.296835	29	0.117895	0.45477
ENSG00000181924	COA4	S2_mrna_detected_only	0.412315	29	0.0262393	0.627863
ENSG00000181929	PRKAG1	S2_mrna_detected_only	0.258653	29	0.17548	0.398981
ENSG00000181938	GINS3	S2_mrna_detected_only	-0.149084	25	0.476932	0.0361946
ENSG00000181982	CCDC149	S2_mrna_detected_only	0.309483	28	0.109023	0.474522
ENSG00000181991	MRPS11	S2_mrna_detected_only	0.162089	29	0.400877	0.268071
ENSG00000182004	SNRPE	S2_mrna_detected_only	-0.225506	28	0.248582	0.0177033
ENSG00000182022	CHST15	S2_mrna_detected_only	-0.229155	29	0.231796	0.017178
ENSG00000182054	IDH2	S2_mrna_detected_only	0.721675	29	9.94965e-06	0.942845
ENSG00000182087	TMEM259	S2_mrna_detected_only	-0.205027	29	0.286006	0.0218008
ENSG00000182093	WRB	S2_mrna_detected_only	0.421499	29	0.0227695	0.640103
ENSG00000182095	TNRC18	S2_mrna_detected_only	0.420469	29	0.023139	0.638422
ENSG00000182107	TMEM30B	S2_mrna_detected_only	0.761244	25	9.91676e-06	0.96307
ENSG00000182117	NOP10	S2_mrna_detected_only	0.233498	29	0.222825	0.363784
ENSG00000182132	KCNIP1	S2_mrna_detected_only	0.57735	8	0.133975	0.824123
ENSG00000182149	IST1	S2_mrna_detected_only	0.65468	29	0.000116591	0.895304
ENSG00000182154	MRPL41	S2_mrna_detected_only	0.0665025	29	0.731784	0.163637
ENSG00000182156	ENPP7	S2_mrna_detected_only	0.948683	4	0.0513167	0.99958
ENSG00000182158	CREB3L2	S2_mrna_detected_only	-0.1882	29	0.328231	0.0251628
ENSG00000182162	P2RY8	S2_mrna_detected_only	0.550185	17	0.0221191	0.798119
ENSG00000182173	TSEN54	S2_mrna_detected_only	0.231571	28	0.235745	0.360948
ENSG00000182179	UBA7	S2_mrna_detected_only	0.748276	29	3.05343e-06	0.957397
ENSG00000182180	MRPS16	S2_mrna_detected_only	0.469458	29	0.0101906	0.703562
ENSG00000182196	ARL6IP4	S2_mrna_detected_only	0.184236	29	0.338706	0.293654
ENSG00000182197	EXT1	S2_mrna_detected_only	0.4873	29	0.00733708	0.726466
ENSG00000182199	SHMT2	S2_mrna_detected_only	0.416749	29	0.0245141	0.633011
ENSG00000182208	MOB2	S2_mrna_detected_only	0.39803	29	0.0324824	0.603698
ENSG00000182218	HHIPL1	S2_mrna_detected_only		2		
ENSG00000182220	ATP6AP2	S2_mrna_detected_only	0.0866995	29	0.654732	0.183022
ENSG00000182224	CYB5D1	S2_mrna_detected_only	0.22483	29	0.240965	0.351282
ENSG00000182240	BACE2	S2_mrna_detected_only	0.495962	22	0.0189011	0.737077
ENSG00000182247	UBE2E2	S2_mrna_detected_only	0.224138	29	0.242455	0.350126
ENSG00000182253	SYNM	S2_mrna_detected_only	0.721001	27	2.20878e-05	0.942477
ENSG00000182255	KCNA4	S2_mrna_detected_only		3		
ENSG00000182271	TMIGD1	S2_mrna_detected_only	0.8	4	0.2	0.979513
ENSG00000182308	DCAF4L1	S2_mrna_detected_only		1		
ENSG00000182325	FBXL6	S2_mrna_detected_only	-0.0256625	25	0.903087	0.0933494
ENSG00000182326	C1S	S2_mrna_detected_only	0.6133	29	0.000403733	0.858794
ENSG00000182327	GLTPD2	S2_mrna_detected_only		3		
ENSG00000182329	KIAA2012	S2_mrna_detected_only		2		
ENSG00000182333	LIPF	S2_mrna_detected_only		3		
ENSG00000182359	KBTBD3	S2_mrna_detected_only	-0.128715	22	0.568087	0.043444
ENSG00000182362	YBEY	S2_mrna_detected_only	0.306165	29	0.106249	0.469794
ENSG00000182372	CLN8	S2_mrna_detected_only	0.159384	29	0.408886	0.265549
ENSG00000182389	CACNB4	S2_mrna_detected_only	-0.0289886	6	0.956529	0.0915108
ENSG00000182400	TRAPPC6B	S2_mrna_detected_only	-0.0862175	29	0.656535	0.0590986
ENSG00000182446	NPLOC4	S2_mrna_detected_only	0.442857	29	0.0161343	0.666369
ENSG00000182473	EXOC7	S2_mrna_detected_only	0.269458	29	0.157494	0.415686
ENSG00000182481	KPNA2	S2_mrna_detected_only	0.400985	29	0.031101	0.609004
ENSG00000182492	BGN	S2_mrna_detected_only	0.382266	29	0.0407094	0.581372
ENSG00000182504	CEP97	S2_mrna_detected_only	0.721028	23	0.000103705	0.942582
ENSG00000182512	GLRX5	S2_mrna_detected_only	0.562207	29	0.00150261	0.809781
ENSG00000182533	CAV3	S2_mrna_detected_only		1		
ENSG00000182534	MXRA7	S2_mrna_detected_only	0.394089	29	0.0344009	0.596764
ENSG00000182541	LIMK2	S2_mrna_detected_only	-0.0423645	29	0.827271	0.0817924
ENSG00000182551	ADI1	S2_mrna_detected_only	0.550314	29	0.00198113	0.798592
ENSG00000182552	RWDD4	S2_mrna_detected_only	0.35665	29	0.0575476	0.5446
ENSG00000182566	CLEC4G	S2_mrna_detected_only	0.928878	9	0.000294526	0.999159
ENSG00000182568	SATB1	S2_mrna_detected_only	0.391466	29	0.0357272	0.593349
ENSG00000182578	CSF1R	S2_mrna_detected_only	0.537931	29	0.00261413	0.786195
ENSG00000182606	TRAK1	S2_mrna_detected_only	-0.101603	29	0.599971	0.0528998
ENSG00000182628	SKA2	S2_mrna_detected_only	-0.0019799	28	0.992022	0.106272
ENSG00000182636	NDN	S2_mrna_detected_only	0.442827	28	0.0182804	0.666054
ENSG00000182667	NTM	S2_mrna_detected_only	0.214581	13	0.481437	0.335102
ENSG00000182670	TTC3	S2_mrna_detected_only	0.409928	29	0.0272085	0.623818
ENSG00000182685	BRICD5	S2_mrna_detected_only	0.378107	20	0.100227	0.576224
ENSG00000182704	TSKU	S2_mrna_detected_only	0.504189	29	0.00528981	0.747689
ENSG00000182712	CMC4	S2_mrna_detected_only	0.198522	29	0.301899	0.310937
ENSG00000182718	ANXA2	S2_mrna_detected_only	0.442857	29	0.0161343	0.666369
ENSG00000182732	RGS6	S2_mrna_detected_only	0.771429	6	0.0723965	0.968166
ENSG00000182749	PAQR7	S2_mrna_detected_only	0.357902	26	0.0726224	0.546491
ENSG00000182752	PAPPA	S2_mrna_detected_only	0.620588	16	0.0103135	0.866358
ENSG00000182768	NGRN	S2_mrna_detected_only	0.143932	26	0.483003	0.245167
ENSG00000182774	RPS17	S2_mrna_detected_only	-0.125123	29	0.517814	0.0449149
ENSG00000182782	HCAR2	S2_mrna_detected_only	0.484345	11	0.131113	0.722578
ENSG00000182809	CRIP2	S2_mrna_detected_only	0.463111	29	0.0114079	0.694736
ENSG00000182810	DDX28	S2_mrna_detected_only	0.0884563	29	0.648178	0.18507
ENSG00000182827	ACBD3	S2_mrna_detected_only	0.0600985	29	0.756801	0.156966
ENSG00000182836	PLCXD3	S2_mrna_detected_only	0.7	9	0.0357696	0.93071
ENSG00000182858	ALG12	S2_mrna_detected_only	0.0561853	29	0.772209	0.153656
ENSG00000182866	LCK	S2_mrna_detected_only	0.803896	21	1.13125e-05	0.980195
ENSG00000182871	COL18A1	S2_mrna_detected_only	0.0525523	28	0.790558	0.149349
ENSG00000182872	RBM10	S2_mrna_detected_only	0.500801	29	0.0056561	0.742435
ENSG00000182885	ADGRG3	S2_mrna_detected_only	0.357143	8	0.385121	0.545388
ENSG00000182890	GLUD2	S2_mrna_detected_only	0.398027	29	0.0324834	0.603436
ENSG00000182899	RPL35A	S2_mrna_detected_only	-0.293103	29	0.122808	0.00929817
ENSG00000182901	RGS7	S2_mrna_detected_only	0.9	5	0.0373861	0.997163
ENSG00000182902	SLC25A18	S2_mrna_detected_only	0.819689	6	0.0458371	0.984976
ENSG00000182919	C11orf54	S2_mrna_detected_only	0.595074	29	0.000661664	0.842404
ENSG00000182923	CEP63	S2_mrna_detected_only	-0.208893	29	0.276819	0.0210653
ENSG00000182934	SRPR	S2_mrna_detected_only	0.515271	29	0.00422954	0.762082
ENSG00000182944	EWSR1	S2_mrna_detected_only	0.197537	29	0.304353	0.309204
ENSG00000182952	HMGN4	S2_mrna_detected_only	0.558077	29	0.00165596	0.80684
ENSG00000182957	SPATA13	S2_mrna_detected_only	0.486759	29	0.00741234	0.72552
ENSG00000182973	CNOT10	S2_mrna_detected_only	0.367488	29	0.0498592	0.561305
ENSG00000182979	MTA1	S2_mrna_detected_only	0.129721	28	0.510595	0.231614
ENSG00000182985	CADM1	S2_mrna_detected_only	0.617734	29	0.000356375	0.863364
ENSG00000183011	NAA38	S2_mrna_detected_only	0.0221784	29	0.909084	0.124974
ENSG00000183019	MCEMP1	S2_mrna_detected_only	0.564288	5	0.321723	0.812145
ENSG00000183020	AP2A2	S2_mrna_detected_only	0.643842	29	0.000164277	0.887004
ENSG00000183032	SLC25A21	S2_mrna_detected_only		2		
ENSG00000183036	PCP4	S2_mrna_detected_only	0.587102	18	0.0104191	0.833841
ENSG00000183044	ABAT	S2_mrna_detected_only	0.842961	29	9.57389e-09	0.990282
ENSG00000183048	SLC25A10	S2_mrna_detected_only	0.416083	29	0.0247671	0.631803
ENSG00000183049	CAMK1D	S2_mrna_detected_only	0.370574	27	0.0570637	0.566243
ENSG00000183077	AFMID	S2_mrna_detected_only	0.465575	29	0.0109218	0.698308
ENSG00000183087	GAS6	S2_mrna_detected_only	0.284764	29	0.13433	0.438905
ENSG00000183091	NEB	S2_mrna_detected_only		2		
ENSG00000183092	BEGAIN	S2_mrna_detected_only		2		
ENSG00000183098	GPC6	S2_mrna_detected_only	0.412055	23	0.050731	0.627495
ENSG00000183111	ARHGEF37	S2_mrna_detected_only	0.680098	27	9.51346e-05	0.916211
ENSG00000183117	CSMD1	S2_mrna_detected_only		1		
ENSG00000183155	RABIF	S2_mrna_detected_only	0.393465	28	0.0383128	0.595976
ENSG00000183160	TMEM119	S2_mrna_detected_only	0.349754	28	0.0680833	0.534461
ENSG00000183161	FANCF	S2_mrna_detected_only	-0.141441	28	0.472798	0.0393465
ENSG00000183172	SMDT1	S2_mrna_detected_only	0.10497	29	0.587877	0.202196
ENSG00000183186	C2CD4C	S2_mrna_detected_only	0.8	4	0.2	0.979513
ENSG00000183196	CHST6	S2_mrna_detected_only	0.411765	6	0.41726	0.626707
ENSG00000183207	RUVBL2	S2_mrna_detected_only	-0.0270936	29	0.889046	0.0925089
ENSG00000183208	GDPGP1	S2_mrna_detected_only	-0.0858086	14	0.770539	0.0594137
ENSG00000183230	CTNNA3	S2_mrna_detected_only	0.657143	6	0.156175	0.898193
ENSG00000183246	RIMBP3C	S2_mrna_detected_only		1		
ENSG00000183248	PRR36	S2_mrna_detected_only		2		
ENSG00000183255	PTTG1IP	S2_mrna_detected_only	0.263399	29	0.167409	0.4056
ENSG00000183258	DDX41	S2_mrna_detected_only	0.28867	29	0.128839	0.444631
ENSG00000183283	DAZAP2	S2_mrna_detected_only	0.522942	29	0.00360693	0.770382
ENSG00000183291	SEP15	S2_mrna_detected_only	0.316749	29	0.094104	0.486972
ENSG00000183307	CECR6	S2_mrna_detected_only		3		
ENSG00000183323	CCDC125	S2_mrna_detected_only	0.0723458	26	0.72543	0.168365
ENSG00000183337	BCOR	S2_mrna_detected_only	0.282036	29	0.138265	0.434387
ENSG00000183340	JRKL	S2_mrna_detected_only	0.311221	29	0.100309	0.476938
ENSG00000183347	GBP6	S2_mrna_detected_only		2		
ENSG00000183354	KIAA2026	S2_mrna_detected_only	-0.00826775	28	0.966694	0.1027
ENSG00000183386	FHL3	S2_mrna_detected_only	0.535961	29	0.00272943	0.783988
ENSG00000183421	RIPK4	S2_mrna_detected_only	0.189727	20	0.423033	0.300431
ENSG00000183431	SF3A3	S2_mrna_detected_only	0.0559182	29	0.773264	0.153026
ENSG00000183434	TFDP3	S2_mrna_detected_only		1		
ENSG00000183454	GRIN2A	S2_mrna_detected_only		2		
ENSG00000183474	GTF2H2C	S2_mrna_detected_only	0.468528	28	0.0119129	0.703089
ENSG00000183475	ASB7	S2_mrna_detected_only	-0.0858075	28	0.664178	0.0595188
ENSG00000183486	MX2	S2_mrna_detected_only	0.747692	26	1.13233e-05	0.957029
ENSG00000183495	EP400	S2_mrna_detected_only	0.471917	27	0.0129468	0.705978
ENSG00000183508	FAM46C	S2_mrna_detected_only	0.554677	27	0.00267649	0.803373
ENSG00000183513	COA5	S2_mrna_detected_only	0.0600985	29	0.756801	0.156966
ENSG00000183520	UTP11L	S2_mrna_detected_only	0.0788566	29	0.684294	0.174564
ENSG00000183527	PSMG1	S2_mrna_detected_only	0.300776	29	0.112865	0.460864
ENSG00000183530	PRR14L	S2_mrna_detected_only	-0.0175151	28	0.92951	0.097552
ENSG00000183549	ACSM5	S2_mrna_detected_only	0.857143	7	0.0136973	0.99233
ENSG00000183570	PCBP3	S2_mrna_detected_only	0.0630474	12	0.845664	0.160275
ENSG00000183576	SETD3	S2_mrna_detected_only	0.263054	29	0.167987	0.404864
ENSG00000183580	FBXL7	S2_mrna_detected_only	0.256438	25	0.215951	0.395724
ENSG00000183598	HIST2H3D	S2_mrna_detected_only		2		
ENSG00000183605	SFXN4	S2_mrna_detected_only	0.638916	29	0.000191158	0.882433
ENSG00000183607	GKN2	S2_mrna_detected_only		3		
ENSG00000183617	MRPL54	S2_mrna_detected_only	0.473399	29	0.00949116	0.707186
ENSG00000183624	HMCES	S2_mrna_detected_only	0.380788	29	0.041559	0.579534
ENSG00000183628	DGCR6	S2_mrna_detected_only	0.263325	16	0.32443	0.40539
ENSG00000183644	C11orf88	S2_mrna_detected_only	0.4	4	0.6	0.607165
ENSG00000183648	NDUFB1	S2_mrna_detected_only	0.2867	29	0.131588	0.441952
ENSG00000183662	FAM19A1	S2_mrna_detected_only		3		
ENSG00000183684	ALYREF	S2_mrna_detected_only	-0.0374384	29	0.847107	0.0851019
ENSG00000183688	FAM101B	S2_mrna_detected_only	0.343204	28	0.0737724	0.524743
ENSG00000183691	NOG	S2_mrna_detected_only		3		
ENSG00000183696	UPP1	S2_mrna_detected_only	0.691371	28	4.62095e-05	0.923461
ENSG00000183715	OPCML	S2_mrna_detected_only		2		
ENSG00000183722	LHFP	S2_mrna_detected_only	0.265279	29	0.164287	0.408542
ENSG00000183735	TBK1	S2_mrna_detected_only	0.544828	29	0.00224299	0.792603
ENSG00000183741	CBX6	S2_mrna_detected_only	0.412325	29	0.0262354	0.628126
ENSG00000183747	ACSM2A	S2_mrna_detected_only		2		
ENSG00000183751	TBL3	S2_mrna_detected_only	-0.112753	28	0.567824	0.0484871
ENSG00000183760	PAPL	S2_mrna_detected_only		1		
ENSG00000183762	KREMEN1	S2_mrna_detected_only	-0.0607087	28	0.758937	0.0705505
ENSG00000183765	CHEK2	S2_mrna_detected_only	0.335146	23	0.117988	0.51266
ENSG00000183770	FOXL2	S2_mrna_detected_only	-0.2	4	0.8	0.022904
ENSG00000183773	AIFM3	S2_mrna_detected_only	0.102598	5	0.869598	0.198991
ENSG00000183775	KCTD16	S2_mrna_detected_only		1		
ENSG00000183778	B3GALT5	S2_mrna_detected_only	0.874267	8	0.00451239	0.994747
ENSG00000183779	ZNF703	S2_mrna_detected_only	0.698798	27	5.02593e-05	0.929344
ENSG00000183783	KCTD8	S2_mrna_detected_only	0	5	1	0.107638
ENSG00000183784	C9orf66	S2_mrna_detected_only		1		
ENSG00000183785	TUBA8	S2_mrna_detected_only	0.390909	11	0.23454	0.592824
ENSG00000183798	EMILIN3	S2_mrna_detected_only	-0.0357143	7	0.939408	0.0862576
ENSG00000183801	OLFML1	S2_mrna_detected_only	0.47619	27	0.0120429	0.710391
ENSG00000183808	RBM12B	S2_mrna_detected_only	0.500616	28	0.00666267	0.742225
ENSG00000183826	BTBD9	S2_mrna_detected_only	0.150861	27	0.452583	0.254728
ENSG00000183828	NUDT14	S2_mrna_detected_only	0.332284	28	0.0840609	0.508142
ENSG00000183831	ANKRD45	S2_mrna_detected_only	0.852437	7	0.0148141	0.991595
ENSG00000183837	PNMA3	S2_mrna_detected_only	0.353553	5	0.559404	0.54045
ENSG00000183840	GPR39	S2_mrna_detected_only	0.303714	12	0.337202	0.465802
ENSG00000183844	FAM3B	S2_mrna_detected_only	0.630547	18	0.00502514	0.875552
ENSG00000183853	KIRREL	S2_mrna_detected_only	0.661172	27	0.000173551	0.901397
ENSG00000183873	SCN5A	S2_mrna_detected_only		2		
ENSG00000183878	UTY	S2_mrna_detected_only	0.38431	12	0.217416	0.583999
ENSG00000183891	TTC32	S2_mrna_detected_only	-0.258873	29	0.175099	0.0136058
ENSG00000183914	DNAH2	S2_mrna_detected_only		3		
ENSG00000183918	SH2D1A	S2_mrna_detected_only	0.793939	10	0.00609992	0.977569
ENSG00000183955	SETD8	S2_mrna_detected_only	0.466869	29	0.0106733	0.7002
ENSG00000183963	SMTN	S2_mrna_detected_only	0.786325	27	1.16146e-06	0.974417
ENSG00000183978	COA3	S2_mrna_detected_only	0.340887	29	0.0703546	0.521223
ENSG00000184007	PTP4A2	S2_mrna_detected_only	0.204926	29	0.286249	0.319657
ENSG00000184009	ACTG1	S2_mrna_detected_only	0.112315	29	0.561866	0.210391
ENSG00000184014	DENND5A	S2_mrna_detected_only	0.159113	29	0.409694	0.265129
ENSG00000184047	DIABLO	S2_mrna_detected_only	0.342857	29	0.0686428	0.52385
ENSG00000184056	VPS33B	S2_mrna_detected_only	0.302682	28	0.117442	0.464226
ENSG00000184058	TBX1	S2_mrna_detected_only	-0.258199	4	0.741801	0.0136583
ENSG00000184060	ADAP2	S2_mrna_detected_only	0.482722	27	0.0107631	0.720267
ENSG00000184076	UQCR10	S2_mrna_detected_only	0.247783	29	0.194982	0.381855
ENSG00000184110	EIF3C	S2_mrna_detected_only	0.217241	29	0.257632	0.338622
ENSG00000184113	CLDN5	S2_mrna_detected_only	0.187282	24	0.380867	0.297279
ENSG00000184117	NIPSNAP1	S2_mrna_detected_only	0.413793	29	0.0256536	0.629597
ENSG00000184144	CNTN2	S2_mrna_detected_only		2		
ENSG00000184154	LRTOMT	S2_mrna_detected_only	0.0771489	24	0.720112	0.172778
ENSG00000184156	KCNQ3	S2_mrna_detected_only		2		
ENSG00000184162	NR2C2AP	S2_mrna_detected_only	0.56608	29	0.00137021	0.813669
ENSG00000184163	FAM132A	S2_mrna_detected_only		3		
ENSG00000184164	CRELD2	S2_mrna_detected_only	0.594581	29	0.000670285	0.841668
ENSG00000184178	SCFD2	S2_mrna_detected_only	-0.0377668	28	0.848682	0.0848393
ENSG00000184182	UBE2F	S2_mrna_detected_only	0.237931	29	0.213912	0.369826
ENSG00000184203	PPP1R2	S2_mrna_detected_only	0.586207	29	0.00083265	0.833158
ENSG00000184205	TSPYL2	S2_mrna_detected_only	0.115272	29	0.551548	0.213963
ENSG00000184207	PGP	S2_mrna_detected_only	0.521763	28	0.0044043	0.769332
ENSG00000184209	SNRNP35	S2_mrna_detected_only	-0.0372705	28	0.850649	0.0852595
ENSG00000184216	IRAK1	S2_mrna_detected_only	0.1133	29	0.558418	0.211862
ENSG00000184220	CMSS1	S2_mrna_detected_only	-0.123645	29	0.522809	0.0453352
ENSG00000184221	OLIG1	S2_mrna_detected_only		1		
ENSG00000184226	PCDH9	S2_mrna_detected_only	0.1	5	0.872889	0.19689
ENSG00000184227	ACOT1	S2_mrna_detected_only	0.595046	28	0.000837789	0.842246
ENSG00000184232	OAF	S2_mrna_detected_only	0.316788	29	0.0940613	0.487235
ENSG00000184254	ALDH1A3	S2_mrna_detected_only	0.76147	24	1.5468e-05	0.96349
ENSG00000184281	TSSC4	S2_mrna_detected_only	0.100122	27	0.619271	0.197153
ENSG00000184304	PRKD1	S2_mrna_detected_only	0.770256	26	4.18027e-06	0.967483
ENSG00000184305	CCSER1	S2_mrna_detected_only	0.152733	24	0.476161	0.256934
ENSG00000184343	SRPK3	S2_mrna_detected_only	0.707107	5	0.18169	0.93507
ENSG00000184349	EFNA5	S2_mrna_detected_only	-0.145654	18	0.564153	0.0376655
ENSG00000184368	MAP7D2	S2_mrna_detected_only	0.928571	7	0.00251947	0.999159
ENSG00000184371	CSF1	S2_mrna_detected_only	-0.103177	29	0.594303	0.0522694
ENSG00000184374	COLEC10	S2_mrna_detected_only		2		
ENSG00000184378	ACTRT3	S2_mrna_detected_only	1	4	0	1
ENSG00000184381	PLA2G6	S2_mrna_detected_only	0.221235	29	0.248769	0.345293
ENSG00000184384	MAML2	S2_mrna_detected_only	0.653024	27	0.000222004	0.894148
ENSG00000184388	PABPC1L2B	S2_mrna_detected_only		2		
ENSG00000184402	SS18L1	S2_mrna_detected_only	0.147707	29	0.444483	0.250105
ENSG00000184408	KCND2	S2_mrna_detected_only	0.57735	8	0.133975	0.824123
ENSG00000184428	TOP1MT	S2_mrna_detected_only	-0.23979	29	0.210248	0.0153919
ENSG00000184432	COPB2	S2_mrna_detected_only	0.304433	29	0.108342	0.466852
ENSG00000184434	LRRC19	S2_mrna_detected_only	0.652725	9	0.0566767	0.89399
ENSG00000184445	KNTC1	S2_mrna_detected_only	0.285687	25	0.16625	0.439851
ENSG00000184451	CCR10	S2_mrna_detected_only		1		
ENSG00000184454	NCMAP	S2_mrna_detected_only	0.0268778	12	0.933919	0.12781
ENSG00000184470	TXNRD2	S2_mrna_detected_only	0.503448	29	0.00536814	0.74648
ENSG00000184481	FOXO4	S2_mrna_detected_only	0.417644	29	0.0241774	0.634324
ENSG00000184486	POU3F2	S2_mrna_detected_only		1		
ENSG00000184502	GAST	S2_mrna_detected_only	0.4	4	0.6	0.607165
ENSG00000184508	HDDC3	S2_mrna_detected_only	0.394994	27	0.0414404	0.597972
ENSG00000184524	CEND1	S2_mrna_detected_only		2		
ENSG00000184530	C6orf58	S2_mrna_detected_only		2		
ENSG00000184575	XPOT	S2_mrna_detected_only	0.495442	29	0.00627921	0.736342
ENSG00000184584	TMEM173	S2_mrna_detected_only	0.683251	29	4.41119e-05	0.918838
ENSG00000184588	PDE4B	S2_mrna_detected_only	0.142533	28	0.46935	0.243801
ENSG00000184601	C14orf180	S2_mrna_detected_only		2		
ENSG00000184613	NELL2	S2_mrna_detected_only	-0.319439	16	0.227809	0.00593612
ENSG00000184634	MED12	S2_mrna_detected_only	0.529557	29	0.00313489	0.776634
ENSG00000184640	SEPT9	S2_mrna_detected_only	0.610345	29	0.000438301	0.856693
ENSG00000184661	CDCA2	S2_mrna_detected_only	0.666886	5	0.218894	0.906913
ENSG00000184675	AMER1	S2_mrna_detected_only	0.557076	21	0.00870751	0.806104
ENSG00000184677	ZBTB40	S2_mrna_detected_only	0.655778	27	0.000204443	0.896564
ENSG00000184678	HIST2H2BE	S2_mrna_detected_only	0.316049	29	0.0948733	0.485554
ENSG00000184682	PRR33	S2_mrna_detected_only	0.707107	5	0.18169	0.93507
ENSG00000184708	EIF4ENIF1	S2_mrna_detected_only	0.365517	29	0.051193	0.558678
ENSG00000184709	LRRC26	S2_mrna_detected_only		2		
ENSG00000184719	RNLS	S2_mrna_detected_only	0.473821	27	0.0125374	0.708079
ENSG00000184731	FAM110C	S2_mrna_detected_only	0.0571198	23	0.795734	0.153971
ENSG00000184735	DDX53	S2_mrna_detected_only		1		
ENSG00000184743	ATL3	S2_mrna_detected_only	0.624631	29	0.000292405	0.8693
ENSG00000184752	NDUFA12	S2_mrna_detected_only	0.380788	29	0.041559	0.579534
ENSG00000184787	UBE2G2	S2_mrna_detected_only	-0.251724	29	0.187746	0.0143412
ENSG00000184811	TUSC5	S2_mrna_detected_only	0.9	5	0.0373861	0.997163
ENSG00000184831	APOO	S2_mrna_detected_only	0.476847	29	0.00891264	0.711547
ENSG00000184840	TMED9	S2_mrna_detected_only	0.685222	29	4.10899e-05	0.920099
ENSG00000184857	TMEM186	S2_mrna_detected_only	0.23908	29	0.211642	0.371244
ENSG00000184863	RBM33	S2_mrna_detected_only	-0.0364532	29	0.851085	0.0858899
ENSG00000184867	ARMCX2	S2_mrna_detected_only	0.666119	28	0.000109105	0.906598
ENSG00000184897	H1FX	S2_mrna_detected_only	-0.183251	29	0.34134	0.0267388
ENSG00000184898	RBM43	S2_mrna_detected_only	0.0875259	28	0.657853	0.183915
ENSG00000184900	SUMO3	S2_mrna_detected_only	-0.31846	29	0.0922432	0.00614625
ENSG00000184903	IMMP2L	S2_mrna_detected_only	-0.116832	29	0.546137	0.0468061
ENSG00000184908	CLCNKB	S2_mrna_detected_only		2		
ENSG00000184924	PTRHD1	S2_mrna_detected_only	0.325123	29	0.0852626	0.498161
ENSG00000184937	WT1	S2_mrna_detected_only	0.887796	9	0.00139384	0.996218
ENSG00000184956	MUC6	S2_mrna_detected_only	0.774597	4	0.225403	0.968901
ENSG00000184967	NOC4L	S2_mrna_detected_only	0.0596688	28	0.762948	0.156703
ENSG00000184983	NDUFA6	S2_mrna_detected_only	0.327586	29	0.0827868	0.501418
ENSG00000184985	SORCS2	S2_mrna_detected_only	0.0318907	11	0.92584	0.131593
ENSG00000184992	BRI3BP	S2_mrna_detected_only	0.44845	27	0.018971	0.674774
ENSG00000185000	DGAT1	S2_mrna_detected_only	0.663792	29	8.64707e-05	0.903604
ENSG00000185008	ROBO2	S2_mrna_detected_only	0.8	4	0.2	0.979513
ENSG00000185009	AP3M1	S2_mrna_detected_only	-0.00197044	29	0.991906	0.106377
ENSG00000185010	F8	S2_mrna_detected_only	0.244738	29	0.200705	0.377233
ENSG00000185019	UBOX5	S2_mrna_detected_only	-0.0332708	26	0.871818	0.0885165
ENSG00000185022	MAFF	S2_mrna_detected_only	0.35094	29	0.0619566	0.53672
ENSG00000185024	BRF1	S2_mrna_detected_only	-0.224091	27	0.261151	0.0179134
ENSG00000185028	LRRC14B	S2_mrna_detected_only		1		
ENSG00000185033	SEMA4B	S2_mrna_detected_only	0.460591	29	0.0119239	0.690954
ENSG00000185043	CIB1	S2_mrna_detected_only	0.438916	29	0.0172203	0.661326
ENSG00000185046	ANKS1B	S2_mrna_detected_only	-0.128134	12	0.691472	0.0437592
ENSG00000185049	NELFA	S2_mrna_detected_only	0.0605911	29	0.754868	0.157333
ENSG00000185055	EFCAB10	S2_mrna_detected_only		3		
ENSG00000185056	C5orf47	S2_mrna_detected_only		1		
ENSG00000185069	KRT76	S2_mrna_detected_only		1		
ENSG00000185085	INTS5	S2_mrna_detected_only	-0.0433551	29	0.823295	0.0809519
ENSG00000185088	RPS27L	S2_mrna_detected_only	0.294581	29	0.120844	0.452038
ENSG00000185100	ADSSL1	S2_mrna_detected_only	0.687423	23	0.000289874	0.92136
ENSG00000185104	FAF1	S2_mrna_detected_only	0.426601	29	0.0210106	0.646197
ENSG00000185112	FAM43A	S2_mrna_detected_only	0.0466342	24	0.828691	0.14336
ENSG00000185115	NDNL2	S2_mrna_detected_only	0.218677	29	0.254423	0.34046
ENSG00000185122	HSF1	S2_mrna_detected_only	-0.0561576	29	0.772318	0.0725468
ENSG00000185127	C6orf120	S2_mrna_detected_only	0.283251	29	0.136502	0.436121
ENSG00000185129	PURA	S2_mrna_detected_only	0.405911	29	0.0289047	0.61804
ENSG00000185133	INPP5J	S2_mrna_detected_only	0.592257	11	0.0548808	0.839199
ENSG00000185158	LRRC37B	S2_mrna_detected_only	0.439515	24	0.0316371	0.662166
ENSG00000185163	DDX51	S2_mrna_detected_only	-0.0970682	29	0.616427	0.0547909
ENSG00000185164	NOMO2	S2_mrna_detected_only	0.26798	29	0.159873	0.413637
ENSG00000185187	SIGIRR	S2_mrna_detected_only	0.222195	29	0.24667	0.346922
ENSG00000185189	NRBP2	S2_mrna_detected_only	0.440394	29	0.0168062	0.663375
ENSG00000185201	IFITM2	S2_mrna_detected_only	0.0477806	29	0.805583	0.144411
ENSG00000185215	TNFAIP2	S2_mrna_detected_only	0.834154	28	3.49381e-08	0.988285
ENSG00000185222	WBP5	S2_mrna_detected_only	0.224813	29	0.241003	0.351177
ENSG00000185236	RAB11B	S2_mrna_detected_only	0.189655	29	0.324437	0.299958
ENSG00000185238	PRMT3	S2_mrna_detected_only	0.0509915	29	0.79279	0.147878
ENSG00000185245	GP1BA	S2_mrna_detected_only	-0.8	4	0.2	0
ENSG00000185246	PRPF39	S2_mrna_detected_only	0.364034	28	0.0568587	0.556157
ENSG00000185250	PPIL6	S2_mrna_detected_only	0.627376	8	0.0958914	0.872452
ENSG00000185262	UBALD2	S2_mrna_detected_only	0.341463	29	0.069851	0.522011
ENSG00000185269	NOTUM	S2_mrna_detected_only	0.632456	4	0.367544	0.87634
ENSG00000185278	ZBTB37	S2_mrna_detected_only	-0.53021	18	0.0236083	0.00026266
ENSG00000185291	IL3RA	S2_mrna_detected_only	0.372274	23	0.0802378	0.568659
ENSG00000185298	CCDC137	S2_mrna_detected_only	-0.0621154	28	0.75352	0.0699202
ENSG00000185305	ARL15	S2_mrna_detected_only	0.20197	29	0.293406	0.315245
ENSG00000185324	CDK10	S2_mrna_detected_only	0.0403465	29	0.835385	0.138107
ENSG00000185339	TCN2	S2_mrna_detected_only	0.259927	29	0.173287	0.400452
ENSG00000185344	ATP6V0A2	S2_mrna_detected_only	0.479475	28	0.00982987	0.715697
ENSG00000185359	HGS	S2_mrna_detected_only	-0.00394089	29	0.983813	0.104696
ENSG00000185379	RAD51D	S2_mrna_detected_only	-0.523172	24	0.00870724	0.000367724
ENSG00000185386	MAPK11	S2_mrna_detected_only	0.318178	26	0.113174	0.489546
ENSG00000185404	SP140L	S2_mrna_detected_only	0.515573	26	0.00702339	0.762398
ENSG00000185418	TARSL2	S2_mrna_detected_only	0.358834	28	0.0607649	0.548277
ENSG00000185420	SMYD3	S2_mrna_detected_only	0.317969	29	0.0927743	0.489336
ENSG00000185432	METTL7A	S2_mrna_detected_only	0.672414	29	6.45635e-05	0.911011
ENSG00000185437	SH3BGR	S2_mrna_detected_only	0.225338	26	0.268379	0.352332
ENSG00000185442	FAM174B	S2_mrna_detected_only	0.68771	29	3.75388e-05	0.921675
ENSG00000185453	C19orf68	S2_mrna_detected_only	0.220444	23	0.312131	0.343402
ENSG00000185475	TMEM179B	S2_mrna_detected_only	0.230191	29	0.229633	0.359267
ENSG00000185477	GPRIN3	S2_mrna_detected_only	0.78797	20	3.69941e-05	0.974837
ENSG00000185479	KRT6B	S2_mrna_detected_only		2		
ENSG00000185483	ROR1	S2_mrna_detected_only	0.327462	24	0.118284	0.501208
ENSG00000185504	FAAP100	S2_mrna_detected_only	-0.307992	28	0.11083	0.00709183
ENSG00000185515	BRCC3	S2_mrna_detected_only	0.0465244	28	0.814141	0.14315
ENSG00000185518	SV2B	S2_mrna_detected_only	0.359092	5	0.552815	0.548645
ENSG00000185532	PRKG1	S2_mrna_detected_only	0.562553	22	0.00642245	0.810202
ENSG00000185551	NR2F2	S2_mrna_detected_only	0.550739	29	0.001962	0.799065
ENSG00000185559	DLK1	S2_mrna_detected_only	0.602495	9	0.0859672	0.848918
ENSG00000185561	TLCD2	S2_mrna_detected_only	0.722751	19	0.000472729	0.943423
ENSG00000185585	OLFML2A	S2_mrna_detected_only	0.503046	24	0.0122234	0.745692
ENSG00000185591	SP1	S2_mrna_detected_only	0.373892	29	0.0457129	0.570866
ENSG00000185608	MRPL40	S2_mrna_detected_only	0.145831	29	0.450352	0.247846
ENSG00000185615	PDIA2	S2_mrna_detected_only	0.892857	7	0.00680719	0.996743
ENSG00000185619	PCGF3	S2_mrna_detected_only	-0.107127	29	0.580184	0.0510086
ENSG00000185624	P4HB	S2_mrna_detected_only	0.872906	29	6.62734e-10	0.994589
ENSG00000185627	PSMD13	S2_mrna_detected_only	-0.0906404	29	0.640065	0.0572599
ENSG00000185634	SHC4	S2_mrna_detected_only		3		
ENSG00000185650	ZFP36L1	S2_mrna_detected_only	0.331198	29	0.0792565	0.506567
ENSG00000185651	UBE2L3	S2_mrna_detected_only	0.0995074	29	0.607553	0.19605
ENSG00000185658	BRWD1	S2_mrna_detected_only	0.150246	29	0.436603	0.253992
ENSG00000185666	SYN3	S2_mrna_detected_only	0.4	4	0.6	0.607165
ENSG00000185670	ZBTB3	S2_mrna_detected_only	0.0129935	24	0.951949	0.117619
ENSG00000185681	MORN5	S2_mrna_detected_only	0.218218	8	0.603645	0.339672
ENSG00000185686	PRAME	S2_mrna_detected_only		3		
ENSG00000185721	DRG1	S2_mrna_detected_only	0.0963173	29	0.61917	0.19295
ENSG00000185722	ANKFY1	S2_mrna_detected_only	0.302254	29	0.111021	0.463385
ENSG00000185728	YTHDF3	S2_mrna_detected_only	0.118227	29	0.541324	0.216642
ENSG00000185730	ZNF696	S2_mrna_detected_only	-0.447214	14	0.108864	0.0013133
ENSG00000185739	SRL	S2_mrna_detected_only	0.0153846	14	0.95837	0.120351
ENSG00000185745	IFIT1	S2_mrna_detected_only	0.55468	29	0.00179206	0.803478
ENSG00000185753	CXorf38	S2_mrna_detected_only	0.151088	28	0.442812	0.255148
ENSG00000185760	KCNQ5	S2_mrna_detected_only	-0.0512989	5	0.934713	0.0748056
ENSG00000185787	MORF4L1	S2_mrna_detected_only	0.290148	29	0.126805	0.446365
ENSG00000185798	WDR53	S2_mrna_detected_only	0.118239	28	0.549008	0.2168
ENSG00000185800	DMWD	S2_mrna_detected_only	-0.433544	28	0.0211781	0.00152343
ENSG00000185813	PCYT2	S2_mrna_detected_only	0.646305	29	0.000152138	0.889368
ENSG00000185818	NAT8L	S2_mrna_detected_only	0.9	5	0.0373861	0.997163
ENSG00000185825	BCAP31	S2_mrna_detected_only	0.381773	29	0.040991	0.580637
ENSG00000185838	GNB1L	S2_mrna_detected_only	-0.0857143	6	0.871743	0.0596764
ENSG00000185873	TMPRSS11B	S2_mrna_detected_only		2		
ENSG00000185883	ATP6V0C	S2_mrna_detected_only	0.29364	29	0.122092	0.450567
ENSG00000185885	IFITM1	S2_mrna_detected_only	-0.0121241	29	0.950228	0.100599
ENSG00000185896	LAMP1	S2_mrna_detected_only	0.407882	29	0.0280621	0.620876
ENSG00000185900	POMK	S2_mrna_detected_only	0.286187	19	0.234904	0.441007
ENSG00000185909	KLHDC8B	S2_mrna_detected_only	0.618361	29	0.000350094	0.863995
ENSG00000185924	RTN4RL1	S2_mrna_detected_only	-0.507093	6	0.304559	0.000420256
ENSG00000185946	RNPC3	S2_mrna_detected_only	0.0167488	29	0.931281	0.120981
ENSG00000185947	ZNF267	S2_mrna_detected_only	0.216736	28	0.267947	0.337729
ENSG00000185950	IRS2	S2_mrna_detected_only	0.277833	29	0.144491	0.428084
ENSG00000185955	C7orf61	S2_mrna_detected_only		2		
ENSG00000185963	BICD2	S2_mrna_detected_only	0.487685	29	0.0072839	0.726833
ENSG00000185972	CCIN	S2_mrna_detected_only		1		
ENSG00000185973	TMLHE	S2_mrna_detected_only	0.747783	29	3.12502e-06	0.957239
ENSG00000185985	SLITRK2	S2_mrna_detected_only		3		
ENSG00000185989	RASA3	S2_mrna_detected_only	0.350536	29	0.0622784	0.535774
ENSG00000186001	LRCH3	S2_mrna_detected_only	0.578897	28	0.00124876	0.825541
ENSG00000186010	NDUFA13	S2_mrna_detected_only	0.361084	29	0.0542972	0.552322
ENSG00000186049	KRT73	S2_mrna_detected_only		2		
ENSG00000186063	AIDA	S2_mrna_detected_only	0.242365	29	0.205245	0.374186
ENSG00000186075	ZPBP2	S2_mrna_detected_only		1		
ENSG00000186081	KRT5	S2_mrna_detected_only	0.833333	9	0.00526569	0.988128
ENSG00000186106	ANKRD46	S2_mrna_detected_only	0.403402	29	0.0300074	0.614152
ENSG00000186111	PIP5K1C	S2_mrna_detected_only	0.328955	28	0.0874057	0.503782
ENSG00000186115	CYP4F2	S2_mrna_detected_only	1	6	0	1
ENSG00000186132	C2orf76	S2_mrna_detected_only	0.21284	29	0.267636	0.332475
ENSG00000186141	POLR3C	S2_mrna_detected_only	0.265025	29	0.164707	0.408069
ENSG00000186153	WWOX	S2_mrna_detected_only	0.39803	29	0.0324824	0.603698
ENSG00000186166	CCDC84	S2_mrna_detected_only	-0.068305	29	0.724789	0.0672935
ENSG00000186174	BCL9L	S2_mrna_detected_only	0.162562	29	0.399486	0.268754
ENSG00000186184	POLR1D	S2_mrna_detected_only	-0.148768	29	0.441179	0.0364047
ENSG00000186185	KIF18B	S2_mrna_detected_only	0.210585	11	0.53425	0.328378
ENSG00000186187	ZNRF1	S2_mrna_detected_only	0.588076	27	0.0012552	0.835417
ENSG00000186198	SLC51B	S2_mrna_detected_only	0.781607	11	0.00449122	0.972526
ENSG00000186205	MARC1	S2_mrna_detected_only	0.602463	29	0.00054352	0.84876
ENSG00000186212	SOWAHB	S2_mrna_detected_only	0.433455	17	0.0821825	0.654707
ENSG00000186222	BLOC1S4	S2_mrna_detected_only	0.205911	29	0.283888	0.321286
ENSG00000186260	MKL2	S2_mrna_detected_only	0.082266	29	0.671384	0.177979
ENSG00000186265	BTLA	S2_mrna_detected_only	0.672234	8	0.0678089	0.910906
ENSG00000186281	GPAT2	S2_mrna_detected_only	0.632456	4	0.367544	0.87634
ENSG00000186283	TOR3A	S2_mrna_detected_only	0.146798	29	0.447321	0.249054
ENSG00000186298	PPP1CC	S2_mrna_detected_only	0.449261	29	0.0144907	0.675982
ENSG00000186318	BACE1	S2_mrna_detected_only	0.24372	29	0.202644	0.375867
ENSG00000186335	SLC36A2	S2_mrna_detected_only		1		
ENSG00000186340	THBS2	S2_mrna_detected_only	0.674877	28	8.17455e-05	0.912954
ENSG00000186350	RXRA	S2_mrna_detected_only	0.184615	25	0.376995	0.294442
ENSG00000186352	ANKRD37	S2_mrna_detected_only	-0.193985	29	0.313305	0.0240071
ENSG00000186377	CYP4X1	S2_mrna_detected_only	0.439538	23	0.0358549	0.662377
ENSG00000186395	KRT10	S2_mrna_detected_only	-0.0453202	29	0.815419	0.0799012
ENSG00000186407	CD300E	S2_mrna_detected_only	0.612372	7	0.143811	0.858269
ENSG00000186416	NKRF	S2_mrna_detected_only	0.417089	28	0.0272341	0.633589
ENSG00000186431	FCAR	S2_mrna_detected_only	1	4	0	1
ENSG00000186432	KPNA4	S2_mrna_detected_only	0.163547	29	0.396597	0.269489
ENSG00000186446	ZNF501	S2_mrna_detected_only	-0.379845	21	0.0894286	0.00330952
ENSG00000186468	RPS23	S2_mrna_detected_only	0.12266	29	0.526153	0.222368
ENSG00000186469	GNG2	S2_mrna_detected_only	0.643429	29	0.000166396	0.886583
ENSG00000186470	BTN3A2	S2_mrna_detected_only	0.156746	28	0.425713	0.262187
ENSG00000186471	AKAP14	S2_mrna_detected_only		3		
ENSG00000186472	PCLO	S2_mrna_detected_only	0.8	4	0.2	0.979513
ENSG00000186501	TMEM222	S2_mrna_detected_only	0.181303	29	0.346586	0.29024
ENSG00000186510	CLCNKA	S2_mrna_detected_only		2		
ENSG00000186522	SEPT10	S2_mrna_detected_only	0.283744	29	0.135792	0.436962
ENSG00000186529	CYP4F3	S2_mrna_detected_only	0.809091	11	0.00255858	0.982087
ENSG00000186532	SMYD4	S2_mrna_detected_only	0.0953789	29	0.622604	0.191479
ENSG00000186566	GPATCH8	S2_mrna_detected_only	-0.0461854	26	0.822728	0.0788506
ENSG00000186575	NF2	S2_mrna_detected_only	0.108937	28	0.581083	0.207029
ENSG00000186591	UBE2H	S2_mrna_detected_only	0.556158	29	0.00173171	0.805316
ENSG00000186603	HPDL	S2_mrna_detected_only	0.737865	4	0.262135	0.952196
ENSG00000186625	KATNA1	S2_mrna_detected_only	0.15032	29	0.436374	0.25415
ENSG00000186628	FSD2	S2_mrna_detected_only		1		
ENSG00000186635	ARAP1	S2_mrna_detected_only	0.730542	29	6.81409e-06	0.947993
ENSG00000186638	KIF24	S2_mrna_detected_only	0.1	5	0.872889	0.19689
ENSG00000186648	LRRC16B	S2_mrna_detected_only		2		
ENSG00000186652	PRG2	S2_mrna_detected_only		1		
ENSG00000186665	C17orf58	S2_mrna_detected_only	0.188287	28	0.337299	0.29854
ENSG00000186666	BCDIN3D	S2_mrna_detected_only	0.123332	26	0.548346	0.223314
ENSG00000186687	LYRM7	S2_mrna_detected_only	0.487137	28	0.00856105	0.725783
ENSG00000186710	CFAP73	S2_mrna_detected_only		1		
ENSG00000186716	BCR	S2_mrna_detected_only	0.405911	29	0.0289047	0.61804
ENSG00000186767	SPIN4	S2_mrna_detected_only	0.196404	24	0.357667	0.30768
ENSG00000186806	VSIG10L	S2_mrna_detected_only	0.449825	16	0.0804282	0.676875
ENSG00000186812	ZNF397	S2_mrna_detected_only	0.393596	29	0.0346469	0.596186
ENSG00000186814	ZSCAN30	S2_mrna_detected_only	0.355265	28	0.0635645	0.542814
ENSG00000186815	TPCN1	S2_mrna_detected_only	0.322167	29	0.0883077	0.494484
ENSG00000186832	KRT16	S2_mrna_detected_only	0.8	4	0.2	0.979513
ENSG00000186834	HEXIM1	S2_mrna_detected_only	0.380788	29	0.041559	0.579534
ENSG00000186847	KRT14	S2_mrna_detected_only	0.8	5	0.104088	0.979513
ENSG00000186862	PDZD7	S2_mrna_detected_only		2		
ENSG00000186866	POFUT2	S2_mrna_detected_only	0.156158	29	0.418558	0.260927
ENSG00000186868	MAPT	S2_mrna_detected_only	0.686933	10	0.0282056	0.920939
ENSG00000186871	ERCC6L	S2_mrna_detected_only		3		
ENSG00000186897	C1QL4	S2_mrna_detected_only		1		
ENSG00000186908	ZDHHC17	S2_mrna_detected_only	0.263333	29	0.16752	0.405495
ENSG00000186910	SERPINA11	S2_mrna_detected_only		2		
ENSG00000186918	ZNF395	S2_mrna_detected_only	0.253257	29	0.184981	0.391731
ENSG00000186973	FAM183A	S2_mrna_detected_only	0.948683	4	0.0513167	0.99958
ENSG00000186976	EFCAB6	S2_mrna_detected_only		3		
ENSG00000187003	ACTL7A	S2_mrna_detected_only		1		
ENSG00000187017	ESPN	S2_mrna_detected_only	0.466667	10	0.173939	0.699779
ENSG00000187021	PNLIPRP1	S2_mrna_detected_only		3		
ENSG00000187024	PTRH1	S2_mrna_detected_only	0.0736348	23	0.738455	0.169468
ENSG00000187045	TMPRSS6	S2_mrna_detected_only		3		
ENSG00000187048	CYP4A11	S2_mrna_detected_only	1	4	0	1
ENSG00000187051	RPS19BP1	S2_mrna_detected_only	-0.187655	29	0.329661	0.025478
ENSG00000187054	TMPRSS11A	S2_mrna_detected_only		2		
ENSG00000187079	TEAD1	S2_mrna_detected_only	0.193407	29	0.314779	0.304318
ENSG00000187091	PLCD1	S2_mrna_detected_only	0.572054	28	0.00146984	0.819447
ENSG00000187094	CCK	S2_mrna_detected_only	0.6	5	0.284757	0.846817
ENSG00000187109	NAP1L1	S2_mrna_detected_only	0.42266	29	0.0223591	0.641049
ENSG00000187116	LILRA5	S2_mrna_detected_only	0.75724	7	0.0486907	0.961336
ENSG00000187118	CMC1	S2_mrna_detected_only	0.128587	29	0.506196	0.229985
ENSG00000187122	SLIT1	S2_mrna_detected_only		2		
ENSG00000187135	VSTM2B	S2_mrna_detected_only		1		
ENSG00000187147	RNF220	S2_mrna_detected_only	-0.0604554	27	0.764524	0.0707607
ENSG00000187164	SHTN1	S2_mrna_detected_only	0.541538	25	0.00517675	0.789294
ENSG00000187189	TSPYL4	S2_mrna_detected_only	0.135497	29	0.483416	0.237813
ENSG00000187191	DAZ3	S2_mrna_detected_only		2		
ENSG00000187193	MT1X	S2_mrna_detected_only	0.271052	29	0.154956	0.41868
ENSG00000187231	SESTD1	S2_mrna_detected_only	0.510379	27	0.00652782	0.755568
ENSG00000187239	FNBP1	S2_mrna_detected_only	0.748768	28	4.58102e-06	0.957607
ENSG00000187244	BCAM	S2_mrna_detected_only	0.503941	29	0.00531596	0.747268
ENSG00000187257	RSBN1L	S2_mrna_detected_only	0.395567	29	0.033671	0.598813
ENSG00000187268	FAM9C	S2_mrna_detected_only		2		
ENSG00000187323	DCC	S2_mrna_detected_only		2		
ENSG00000187325	TAF9B	S2_mrna_detected_only	0.187292	29	0.330615	0.297384
ENSG00000187398	LUZP2	S2_mrna_detected_only	0.774597	4	0.225403	0.968901
ENSG00000187446	CHP1	S2_mrna_detected_only	0.659113	29	0.000100938	0.899296
ENSG00000187479	C11orf96	S2_mrna_detected_only	0.177436	26	0.385853	0.286142
ENSG00000187486	KCNJ11	S2_mrna_detected_only	0.5	5	0.391002	0.741437
ENSG00000187492	CDHR4	S2_mrna_detected_only		2		
ENSG00000187498	COL4A1	S2_mrna_detected_only	0.398522	29	0.0322488	0.604486
ENSG00000187510	PLEKHG7	S2_mrna_detected_only	-0.544331	4	0.455669	0.000210128
ENSG00000187514	PTMA	S2_mrna_detected_only	0.466502	29	0.0107432	0.699622
ENSG00000187516	HYPM	S2_mrna_detected_only		1		
ENSG00000187522	HSPA14	S2_mrna_detected_only	0.25468	29	0.182442	0.393728
ENSG00000187531	SIRT7	S2_mrna_detected_only	0.238643	29	0.212503	0.370719
ENSG00000187533	PRR27	S2_mrna_detected_only		1		
ENSG00000187535	IFT140	S2_mrna_detected_only	0.302372	23	0.160815	0.463595
ENSG00000187546	AGMO	S2_mrna_detected_only	0.812777	10	0.00425947	0.983242
ENSG00000187554	TLR5	S2_mrna_detected_only	0.259764	22	0.243025	0.400242
ENSG00000187555	USP7	S2_mrna_detected_only	0.301478	29	0.111987	0.461967
ENSG00000187583	PLEKHN1	S2_mrna_detected_only		2		
ENSG00000187605	TET3	S2_mrna_detected_only	0.23375	25	0.260766	0.364205
ENSG00000187608	ISG15	S2_mrna_detected_only	0.396278	28	0.0368301	0.600284
ENSG00000187609	EXD3	S2_mrna_detected_only	-0.180756	21	0.432981	0.0274743
ENSG00000187626	ZKSCAN4	S2_mrna_detected_only	-0.079084	27	0.694982	0.0628809
ENSG00000187642	PERM1	S2_mrna_detected_only		1		
ENSG00000187650	VMAC	S2_mrna_detected_only	0.136108	28	0.489813	0.238338
ENSG00000187664	HAPLN4	S2_mrna_detected_only	0	5	1	0.107638
ENSG00000187672	ERC2	S2_mrna_detected_only		1		
ENSG00000187676	B3GLCT	S2_mrna_detected_only	0.560088	28	0.00193848	0.808416
ENSG00000187678	SPRY4	S2_mrna_detected_only	0.39509	29	0.033905	0.598287
ENSG00000187688	TRPV2	S2_mrna_detected_only	0.623932	26	0.000659034	0.868722
ENSG00000187690	CXorf67	S2_mrna_detected_only		1		
ENSG00000187699	C2orf88	S2_mrna_detected_only	0.418462	25	0.0373588	0.63548
ENSG00000187715	KBTBD12	S2_mrna_detected_only		2		
ENSG00000187726	DNAJB13	S2_mrna_detected_only	0.3	5	0.623838	0.45934
ENSG00000187735	TCEA1	S2_mrna_detected_only	0.344828	29	0.0669635	0.527369
ENSG00000187736	NHEJ1	S2_mrna_detected_only	0.279837	29	0.141496	0.431498
ENSG00000187741	FANCA	S2_mrna_detected_only	-0.339533	15	0.215673	0.00478042
ENSG00000187742	SECISBP2	S2_mrna_detected_only	0.627973	29	0.000265221	0.873135
ENSG00000187758	ADH1A	S2_mrna_detected_only	0.7	5	0.18812	0.93071
ENSG00000187764	SEMA4D	S2_mrna_detected_only	0.592611	29	0.000705758	0.839777
ENSG00000187772	LIN28B	S2_mrna_detected_only		2		
ENSG00000187775	DNAH17	S2_mrna_detected_only		2		
ENSG00000187778	MCRS1	S2_mrna_detected_only	0.567971	29	0.00130931	0.815455
ENSG00000187783	TMEM72	S2_mrna_detected_only	0.4	4	0.6	0.607165
ENSG00000187796	CARD9	S2_mrna_detected_only	0.6	4	0.4	0.846922
ENSG00000187800	PEAR1	S2_mrna_detected_only	0.224058	18	0.371433	0.349811
ENSG00000187808	SOWAHD	S2_mrna_detected_only	0.357143	7	0.431611	0.545388
ENSG00000187837	HIST1H1C	S2_mrna_detected_only	-0.306404	29	0.105962	0.00730195
ENSG00000187838	TMEM256-PLSCR3	S2_mrna_detected_only	0.128303	27	0.523617	0.229302
ENSG00000187840	EIF4EBP1	S2_mrna_detected_only	0.502463	29	0.0054738	0.744957
ENSG00000187848	P2RX2	S2_mrna_detected_only		2		
ENSG00000187860	CCDC157	S2_mrna_detected_only		3		
ENSG00000187866	FAM122A	S2_mrna_detected_only	0.314324	29	0.0967885	0.482034
ENSG00000187889	C1orf168	S2_mrna_detected_only	0.906327	7	0.00490163	0.997478
ENSG00000187902	SHISA7	S2_mrna_detected_only		1		
ENSG00000187905	LRRC74B	S2_mrna_detected_only		1		
ENSG00000187908	DMBT1	S2_mrna_detected_only	0.309524	8	0.455645	0.474574
ENSG00000187954	CYHR1	S2_mrna_detected_only	0.151496	29	0.432752	0.255568
ENSG00000187955	COL14A1	S2_mrna_detected_only	0.764094	28	2.22356e-06	0.964646
ENSG00000187957	DNER	S2_mrna_detected_only	0.238542	11	0.479951	0.370509
ENSG00000187994	RINL	S2_mrna_detected_only	0.50803	28	0.00577963	0.752416
ENSG00000188001	TPRG1	S2_mrna_detected_only	0.077935	8	0.854463	0.173776
ENSG00000188010	MORN2	S2_mrna_detected_only	0.138024	29	0.475219	0.240019
ENSG00000188015	S100A3	S2_mrna_detected_only	0.256136	7	0.579292	0.395461
ENSG00000188021	UBQLN2	S2_mrna_detected_only	0.358419	29	0.0562334	0.547647
ENSG00000188042	ARL4C	S2_mrna_detected_only	0.16149	26	0.430618	0.267441
ENSG00000188089	PLA2G4E	S2_mrna_detected_only		1		
ENSG00000188100	FAM25A	S2_mrna_detected_only		2		
ENSG00000188130	MAPK12	S2_mrna_detected_only	0.540435	21	0.0114289	0.788138
ENSG00000188157	AGRN	S2_mrna_detected_only	0.14	24	0.514099	0.242068
ENSG00000188163	FAM166A	S2_mrna_detected_only		1		
ENSG00000188167	TMPPE	S2_mrna_detected_only		2		
ENSG00000188176	SMTNL2	S2_mrna_detected_only	0.171457	8	0.684763	0.279576
ENSG00000188177	ZC3H6	S2_mrna_detected_only	0.0626087	24	0.771334	0.15996
ENSG00000188186	LAMTOR4	S2_mrna_detected_only	0.126601	29	0.512842	0.227149
ENSG00000188191	PRKAR1B	S2_mrna_detected_only	0.369458	29	0.0485529	0.56535
ENSG00000188219	POTEE	S2_mrna_detected_only	-0.147395	18	0.559453	0.03693
ENSG00000188229	TUBB4B	S2_mrna_detected_only	-0.0655172	29	0.735616	0.0685543
ENSG00000188243	COMMD6	S2_mrna_detected_only	0.22653	27	0.255858	0.354013
ENSG00000188263	IL17REL	S2_mrna_detected_only		2		
ENSG00000188266	HYKK	S2_mrna_detected_only	0.521825	20	0.0182797	0.769437
ENSG00000188313	PLSCR1	S2_mrna_detected_only	0.317585	29	0.0931907	0.488495
ENSG00000188315	C3orf62	S2_mrna_detected_only	0.339748	25	0.0965886	0.519489
ENSG00000188316	ENO4	S2_mrna_detected_only		2		
ENSG00000188338	SLC38A3	S2_mrna_detected_only	0.853913	8	0.00696529	0.991805
ENSG00000188342	GTF2F2	S2_mrna_detected_only	0.213793	29	0.265449	0.333841
ENSG00000188352	FOCAD	S2_mrna_detected_only	0.0433498	29	0.823316	0.140681
ENSG00000188385	JAKMIP3	S2_mrna_detected_only		2		
ENSG00000188404	SELL	S2_mrna_detected_only	0.595385	25	0.00169029	0.842614
ENSG00000188419	CHM	S2_mrna_detected_only	0.194876	29	0.311046	0.305474
ENSG00000188425	NANOS2	S2_mrna_detected_only		1		
ENSG00000188428	BLOC1S5	S2_mrna_detected_only	0.209115	28	0.285546	0.324911
ENSG00000188488	SERPINA5	S2_mrna_detected_only	0.463364	18	0.0527859	0.694946
ENSG00000188493	C19orf54	S2_mrna_detected_only	0.250659	26	0.216798	0.386583
ENSG00000188505	NCCRP1	S2_mrna_detected_only	0.9	5	0.0373861	0.997163
ENSG00000188508	KRTDAP	S2_mrna_detected_only		2		
ENSG00000188517	COL25A1	S2_mrna_detected_only	-0.5	5	0.391002	0.000420256
ENSG00000188522	FAM83G	S2_mrna_detected_only	0.701406	21	0.000395774	0.931446
ENSG00000188523	CFAP77	S2_mrna_detected_only		2		
ENSG00000188529	SRSF10	S2_mrna_detected_only	0.350739	29	0.0621165	0.53609
ENSG00000188536	HBA2	S2_mrna_detected_only	0.508484	28	0.00572893	0.753257
ENSG00000188542	DUSP28	S2_mrna_detected_only	0.42171	20	0.0640289	0.640628
ENSG00000188549	C15orf52	S2_mrna_detected_only	0.587302	27	0.00127861	0.834156
ENSG00000188554	NBR1	S2_mrna_detected_only	0.145499	29	0.451393	0.247163
ENSG00000188559	RALGAPA2	S2_mrna_detected_only	0.525927	29	0.0033869	0.773639
ENSG00000188566	NDOR1	S2_mrna_detected_only	0.213136	24	0.31733	0.333106
ENSG00000188573	FBLL1	S2_mrna_detected_only		3		
ENSG00000188580	NKAIN2	S2_mrna_detected_only	0.774597	4	0.225403	0.968901
ENSG00000188596	CFAP54	S2_mrna_detected_only		2		
ENSG00000188603	CLN3	S2_mrna_detected_only	0.428079	29	0.0205225	0.648298
ENSG00000188611	ASAH2	S2_mrna_detected_only	0.565195	20	0.00940787	0.812933
ENSG00000188612	SUMO2	S2_mrna_detected_only	0.37734	29	0.0435966	0.574911
ENSG00000188641	DPYD	S2_mrna_detected_only	0.706491	29	1.84267e-05	0.934598
ENSG00000188643	S100A16	S2_mrna_detected_only	0.490148	29	0.00695114	0.729828
ENSG00000188647	PTAR1	S2_mrna_detected_only	0.204926	29	0.286249	0.319657
ENSG00000188659	SAXO2	S2_mrna_detected_only	0.212512	6	0.686031	0.331792
ENSG00000188672	RHCE	S2_mrna_detected_only		1		
ENSG00000188677	PARVB	S2_mrna_detected_only	0.543842	29	0.00229305	0.791238
ENSG00000188687	SLC4A5	S2_mrna_detected_only		3		
ENSG00000188690	UROS	S2_mrna_detected_only	0.206183	29	0.283239	0.321444
ENSG00000188706	ZDHHC9	S2_mrna_detected_only	0.108738	29	0.574468	0.206398
ENSG00000188730	VWC2	S2_mrna_detected_only	-0.774597	4	0.225403	0
ENSG00000188732	FAM221A	S2_mrna_detected_only	0.261781	24	0.216575	0.403604
ENSG00000188735	TMEM120B	S2_mrna_detected_only	0.40293	27	0.0371703	0.612681
ENSG00000188739	RBM34	S2_mrna_detected_only	0.165538	29	0.390794	0.272011
ENSG00000188747	NOXA1	S2_mrna_detected_only	0.58728	15	0.0213416	0.834051
ENSG00000188761	BCL2L15	S2_mrna_detected_only	0.514808	11	0.105143	0.761662
ENSG00000188783	PRELP	S2_mrna_detected_only	0.723645	29	9.15824e-06	0.944158
ENSG00000188786	MTF1	S2_mrna_detected_only	0.135293	27	0.501047	0.237392
ENSG00000188803	SHISA6	S2_mrna_detected_only	0.130931	6	0.804726	0.232612
ENSG00000188807	TMEM201	S2_mrna_detected_only	-0.25586	22	0.250434	0.0140261
ENSG00000188811	NHLRC3	S2_mrna_detected_only	0.266174	29	0.162814	0.410223
ENSG00000188817	SNTN	S2_mrna_detected_only		3		
ENSG00000188833	ENTPD8	S2_mrna_detected_only	-0.371429	6	0.468478	0.00346711
ENSG00000188846	RPL14	S2_mrna_detected_only	0.382266	29	0.0407094	0.581372
ENSG00000188848	BEND4	S2_mrna_detected_only	0.774597	4	0.225403	0.968901
ENSG00000188883	KLRG2	S2_mrna_detected_only	0.771429	6	0.0723965	0.968166
ENSG00000188895	MSL1	S2_mrna_detected_only	0.227206	29	0.235899	0.355274
ENSG00000188917	TRMT2B	S2_mrna_detected_only	0.169383	29	0.379724	0.276791
ENSG00000188931	CFAP126	S2_mrna_detected_only	0.153897	5	0.804829	0.258142
ENSG00000188976	NOC2L	S2_mrna_detected_only	-0.1	29	0.605767	0.0534776
ENSG00000188986	NELFB	S2_mrna_detected_only	0.228079	29	0.234055	0.356115
ENSG00000188993	LRRC66	S2_mrna_detected_only	0.60876	6	0.19966	0.854381
ENSG00000188994	ZNF292	S2_mrna_detected_only	-0.067059	28	0.734575	0.0678189
ENSG00000188997	KCTD21	S2_mrna_detected_only	0.565408	28	0.00171626	0.813091
ENSG00000189001	SBSN	S2_mrna_detected_only		2		
ENSG00000189007	ADAT2	S2_mrna_detected_only	0.00939896	23	0.96605	0.114783
ENSG00000189042	ZNF567	S2_mrna_detected_only	0.372679	25	0.0665456	0.568975
ENSG00000189043	NDUFA4	S2_mrna_detected_only	0.327627	29	0.0827467	0.501628
ENSG00000189046	ALKBH2	S2_mrna_detected_only	0.0198394	29	0.918639	0.123608
ENSG00000189050	RNFT1	S2_mrna_detected_only	0.31519	29	0.0958231	0.483768
ENSG00000189056	RELN	S2_mrna_detected_only	0.547619	8	0.160026	0.794915
ENSG00000189058	APOD	S2_mrna_detected_only	0.184094	27	0.357987	0.293181
ENSG00000189060	H1F0	S2_mrna_detected_only	0.417734	29	0.0241436	0.634535
ENSG00000189077	TMEM120A	S2_mrna_detected_only	0.536946	29	0.00267124	0.784724
ENSG00000189079	ARID2	S2_mrna_detected_only	0.374983	28	0.0492785	0.572284
ENSG00000189091	SF3B3	S2_mrna_detected_only	0.459113	29	0.0122354	0.689063
ENSG00000189114	BLOC1S3	S2_mrna_detected_only	0.210483	28	0.282333	0.328168
ENSG00000189129	PLAC9	S2_mrna_detected_only	0.136259	25	0.516045	0.238443
ENSG00000189159	HN1	S2_mrna_detected_only	0.658128	29	0.000104245	0.898823
ENSG00000189171	S100A13	S2_mrna_detected_only	0.463054	29	0.0114194	0.694526
ENSG00000189180	ZNF33A	S2_mrna_detected_only	0.333896	29	0.0766947	0.510506
ENSG00000189184	PCDH18	S2_mrna_detected_only	0.325184	26	0.105023	0.498582
ENSG00000189186	DCAF8L2	S2_mrna_detected_only		1		
ENSG00000189221	MAOA	S2_mrna_detected_only	0.789655	29	3.53285e-07	0.975678
ENSG00000189227	C15orf61	S2_mrna_detected_only	0.612372	7	0.143811	0.858269
ENSG00000189241	TSPYL1	S2_mrna_detected_only	0.23328	29	0.223269	0.363364
ENSG00000189283	FHIT	S2_mrna_detected_only	0.250739	29	0.189537	0.387004
ENSG00000189292	FAM150B	S2_mrna_detected_only	0.618901	19	0.00472453	0.864415
ENSG00000189298	ZKSCAN3	S2_mrna_detected_only	-0.251341	22	0.259188	0.0144463
ENSG00000189306	RRP7A	S2_mrna_detected_only	0.214339	29	0.264202	0.334892
ENSG00000189308	LIN54	S2_mrna_detected_only	-0.0369365	26	0.857829	0.0855747
ENSG00000189319	FAM53B	S2_mrna_detected_only	0.585038	28	0.00107553	0.832055
ENSG00000189325	C6orf222	S2_mrna_detected_only	0.260897	6	0.617534	0.402185
ENSG00000189339	SLC35E2B	S2_mrna_detected_only	-0.210584	29	0.272859	0.020435
ENSG00000189350	FAM179A	S2_mrna_detected_only		1		
ENSG00000189362	NEMP2	S2_mrna_detected_only	0.0201971	20	0.932646	0.124028
ENSG00000189369	GSPT2	S2_mrna_detected_only	0.211356	29	0.271065	0.329534
ENSG00000189377	CXCL17	S2_mrna_detected_only	0.835573	9	0.00503382	0.988653
ENSG00000189401	OTUD6A	S2_mrna_detected_only		1		
ENSG00000189403	HMGB1	S2_mrna_detected_only	0.642857	29	0.000169368	0.885638
ENSG00000189409	MMP23B	S2_mrna_detected_only	-0.4	5	0.504632	0.00220635
ENSG00000189410	SH2D5	S2_mrna_detected_only		2		
ENSG00000189420	ZFP92	S2_mrna_detected_only	0.33541	5	0.581091	0.512923
ENSG00000196072	BLOC1S2	S2_mrna_detected_only	0.00295567	29	0.987859	0.109634
ENSG00000196074	SYCP2	S2_mrna_detected_only	0.316228	4	0.683772	0.486132
ENSG00000196090	PTPRT	S2_mrna_detected_only		2		
ENSG00000196091	MYBPC1	S2_mrna_detected_only		3		
ENSG00000196092	PAX5	S2_mrna_detected_only	0.942857	6	0.00480466	0.99958
ENSG00000196104	SPOCK3	S2_mrna_detected_only	0.630062	7	0.12936	0.874974
ENSG00000196116	TDRD7	S2_mrna_detected_only	0.332786	28	0.0835653	0.509141
ENSG00000196126	HLA-DRB1	S2_mrna_detected_only	0.661576	29	9.30741e-05	0.90166
ENSG00000196132	MYT1	S2_mrna_detected_only		2		
ENSG00000196136	SERPINA3	S2_mrna_detected_only	0.0711462	23	0.747008	0.167315
ENSG00000196139	AKR1C3	S2_mrna_detected_only	0.777778	27	1.80348e-06	0.97053
ENSG00000196141	SPATS2L	S2_mrna_detected_only	0.610837	29	0.000432365	0.857113
ENSG00000196150	ZNF250	S2_mrna_detected_only	0.340935	25	0.0953551	0.521591
ENSG00000196151	WDSUB1	S2_mrna_detected_only	0.696223	28	3.87951e-05	0.927348
ENSG00000196154	S100A4	S2_mrna_detected_only	0.595567	29	0.000653141	0.842982
ENSG00000196159	FAT4	S2_mrna_detected_only	-0.0911529	15	0.746635	0.0571023
ENSG00000196169	KIF19	S2_mrna_detected_only	0.2	4	0.8	0.313354
ENSG00000196177	ACADSB	S2_mrna_detected_only	0.665599	29	8.13972e-05	0.9056
ENSG00000196187	TMEM63A	S2_mrna_detected_only	0.109619	29	0.571351	0.207922
ENSG00000196188	CTSE	S2_mrna_detected_only	0.702935	9	0.0346701	0.932129
ENSG00000196189	SEMA4A	S2_mrna_detected_only	0.382381	25	0.0592364	0.581687
ENSG00000196199	MPHOSPH8	S2_mrna_detected_only	0.268473	29	0.159077	0.414373
ENSG00000196208	GREB1	S2_mrna_detected_only	0.430303	10	0.214492	0.650819
ENSG00000196230	TUBB	S2_mrna_detected_only	0.276847	29	0.145979	0.425877
ENSG00000196233	LCOR	S2_mrna_detected_only	0.193427	29	0.314728	0.304423
ENSG00000196235	SUPT5H	S2_mrna_detected_only	0.391626	29	0.0356455	0.593612
ENSG00000196236	XPNPEP3	S2_mrna_detected_only	0.377069	23	0.0761206	0.574333
ENSG00000196262	PPIA	S2_mrna_detected_only	-0.0793103	29	0.682571	0.0627233
ENSG00000196277	GRM7	S2_mrna_detected_only		3		
ENSG00000196284	SUPT3H	S2_mrna_detected_only	-0.0265279	29	0.891349	0.0928241
ENSG00000196290	NIF3L1	S2_mrna_detected_only	0.143842	29	0.456619	0.245062
ENSG00000196296	ATP2A1	S2_mrna_detected_only		3		
ENSG00000196305	IARS	S2_mrna_detected_only	0.192611	29	0.316813	0.303688
ENSG00000196313	POM121	S2_mrna_detected_only	-0.109248	29	0.572664	0.0502732
ENSG00000196335	STK31	S2_mrna_detected_only		1		
ENSG00000196338	NLGN3	S2_mrna_detected_only	0.547619	8	0.160026	0.794915
ENSG00000196344	ADH7	S2_mrna_detected_only		3		
ENSG00000196345	ZKSCAN7	S2_mrna_detected_only	-0.0934203	18	0.71235	0.0564719
ENSG00000196352	CD55	S2_mrna_detected_only	0.519212	29	0.00389912	0.766495
ENSG00000196353	CPNE4	S2_mrna_detected_only	0.428571	6	0.396501	0.648771
ENSG00000196358	NTNG2	S2_mrna_detected_only		2		
ENSG00000196361	ELAVL3	S2_mrna_detected_only		1		
ENSG00000196363	WDR5	S2_mrna_detected_only	0.13895	29	0.47223	0.241175
ENSG00000196365	LONP1	S2_mrna_detected_only	0.549261	29	0.00202923	0.796859
ENSG00000196367	TRRAP	S2_mrna_detected_only	0.543428	27	0.00339509	0.79087
ENSG00000196368	NUDT11	S2_mrna_detected_only	0.512088	14	0.0611985	0.758353
ENSG00000196371	FUT4	S2_mrna_detected_only	0.549592	23	0.00659692	0.797384
ENSG00000196376	SLC35F1	S2_mrna_detected_only	0.654654	6	0.158302	0.895251
ENSG00000196378	ZNF34	S2_mrna_detected_only	-0.21473	29	0.26331	0.0194894
ENSG00000196396	PTPN1	S2_mrna_detected_only	0.564039	29	0.00143865	0.811935
ENSG00000196405	EVL	S2_mrna_detected_only	0.663054	29	8.8622e-05	0.902973
ENSG00000196406	SPANXD	S2_mrna_detected_only		1		
ENSG00000196408	NOXO1	S2_mrna_detected_only		3		
ENSG00000196411	EPHB4	S2_mrna_detected_only	0.523645	29	0.00355404	0.771223
ENSG00000196415	PRTN3	S2_mrna_detected_only		1		
ENSG00000196419	XRCC6	S2_mrna_detected_only	0.26601	29	0.163084	0.40996
ENSG00000196428	TSC22D2	S2_mrna_detected_only	0.303239	29	0.109804	0.464961
ENSG00000196440	ARMCX4	S2_mrna_detected_only	0.0593509	19	0.809281	0.156388
ENSG00000196449	YRDC	S2_mrna_detected_only	0.0487685	29	0.801641	0.145514
ENSG00000196455	PIK3R4	S2_mrna_detected_only	0.434483	29	0.0185137	0.656493
ENSG00000196459	TRAPPC2	S2_mrna_detected_only	0.103462	28	0.600334	0.2002
ENSG00000196465	MYL6B	S2_mrna_detected_only	-0.393596	29	0.0346469	0.00257407
ENSG00000196475	GK2	S2_mrna_detected_only		1		
ENSG00000196497	IPO4	S2_mrna_detected_only	0.172906	29	0.369743	0.281046
ENSG00000196498	NCOR2	S2_mrna_detected_only	0.290093	28	0.134274	0.44605
ENSG00000196502	SULT1A1	S2_mrna_detected_only	0.587685	29	0.000801721	0.834682
ENSG00000196504	PRPF40A	S2_mrna_detected_only	0.293596	29	0.122151	0.450357
ENSG00000196505	GDAP2	S2_mrna_detected_only	-0.102308	25	0.626521	0.0527947
ENSG00000196507	TCEAL3	S2_mrna_detected_only	0.219789	28	0.261097	0.342141
ENSG00000196510	ANAPC7	S2_mrna_detected_only	0.117734	29	0.543022	0.216222
ENSG00000196511	TPK1	S2_mrna_detected_only	0.606838	26	0.00101286	0.851965
ENSG00000196517	SLC6A9	S2_mrna_detected_only	-0.15748	18	0.532576	0.0340933
ENSG00000196526	AFAP1	S2_mrna_detected_only	0.360806	27	0.0644682	0.551639
ENSG00000196531	NACA	S2_mrna_detected_only	0.213793	29	0.265449	0.333841
ENSG00000196535	MYO18A	S2_mrna_detected_only	0.741471	29	4.18646e-06	0.953929
ENSG00000196544	BORCS6	S2_mrna_detected_only	0.0106854	27	0.957814	0.115413
ENSG00000196547	MAN2A2	S2_mrna_detected_only	0.473399	29	0.00949116	0.707186
ENSG00000196549	MME	S2_mrna_detected_only	0.710526	19	0.000651267	0.936909
ENSG00000196562	SULF2	S2_mrna_detected_only	0.694245	27	5.896e-05	0.925982
ENSG00000196565	HBG2	S2_mrna_detected_only	0.0181818	10	0.96024	0.122032
ENSG00000196576	PLXNB2	S2_mrna_detected_only	0.394581	29	0.0341562	0.597342
ENSG00000196586	MYO6	S2_mrna_detected_only	0.773892	29	8.4685e-07	0.968743
ENSG00000196588	MKL1	S2_mrna_detected_only	0.276847	29	0.145979	0.425877
ENSG00000196591	HDAC2	S2_mrna_detected_only	0.411823	29	0.0264369	0.62697
ENSG00000196604	POTEF	S2_mrna_detected_only		1		
ENSG00000196611	MMP1	S2_mrna_detected_only	-0.547723	9	0.12687	0.000210128
ENSG00000196616	ADH1B	S2_mrna_detected_only	0.682735	26	0.000121569	0.917997
ENSG00000196620	UGT2B15	S2_mrna_detected_only	0.970077	8	6.54856e-05	0.99979
ENSG00000196628	TCF4	S2_mrna_detected_only	0.264823	28	0.173235	0.407701
ENSG00000196632	WNK3	S2_mrna_detected_only	0.885714	6	0.0188455	0.996008
ENSG00000196636	SDHAF3	S2_mrna_detected_only	0.0434489	28	0.826236	0.140838
ENSG00000196642	RABL6	S2_mrna_detected_only	0.311987	28	0.106041	0.478199
ENSG00000196646	ZNF136	S2_mrna_detected_only	-0.151393	28	0.441881	0.0355642
ENSG00000196655	TRAPPC4	S2_mrna_detected_only	0.170936	29	0.375306	0.278893
ENSG00000196659	TTC30B	S2_mrna_detected_only	0.12765	26	0.534316	0.228567
ENSG00000196660	SLC30A10	S2_mrna_detected_only	-0.1	5	0.872889	0.0533726
ENSG00000196663	TECPR2	S2_mrna_detected_only	0.512996	26	0.00736308	0.759036
ENSG00000196664	TLR7	S2_mrna_detected_only	0.342296	18	0.164404	0.523167
ENSG00000196666	FAM180B	S2_mrna_detected_only		3		
ENSG00000196670	ZFP62	S2_mrna_detected_only	0.192145	28	0.32731	0.303057
ENSG00000196683	TOMM7	S2_mrna_detected_only	-0.136309	29	0.480775	0.0407123
ENSG00000196684	HSH2D	S2_mrna_detected_only	0.541891	20	0.013586	0.789504
ENSG00000196700	ZNF512B	S2_mrna_detected_only	0.0592308	25	0.778527	0.156178
ENSG00000196704	AMZ2	S2_mrna_detected_only	0.302747	29	0.110411	0.464436
ENSG00000196712	NF1	S2_mrna_detected_only	0.225616	29	0.239282	0.35291
ENSG00000196715	VKORC1L1	S2_mrna_detected_only	-0.0433498	29	0.823316	0.081162
ENSG00000196730	DAPK1	S2_mrna_detected_only	0.460928	27	0.0155326	0.691689
ENSG00000196743	GM2A	S2_mrna_detected_only	0.127094	29	0.51119	0.227674
ENSG00000196754	S100A2	S2_mrna_detected_only	0.763736	13	0.00237661	0.964541
ENSG00000196776	CD47	S2_mrna_detected_only	0.455665	29	0.0129888	0.684282
ENSG00000196781	TLE1	S2_mrna_detected_only	0.331855	29	0.0786264	0.507197
ENSG00000196792	STRN3	S2_mrna_detected_only	0.304433	29	0.108342	0.466852
ENSG00000196805	SPRR2B	S2_mrna_detected_only		3		
ENSG00000196814	MVB12B	S2_mrna_detected_only	0.468528	28	0.0119129	0.703089
ENSG00000196821	C6orf106	S2_mrna_detected_only	0.373806	29	0.0457666	0.570551
ENSG00000196834	POTEI	S2_mrna_detected_only		1		
ENSG00000196839	ADA	S2_mrna_detected_only	0.728327	27	1.65543e-05	0.94668
ENSG00000196850	PPTC7	S2_mrna_detected_only	0.0231527	29	0.905107	0.125814
ENSG00000196865	NHLRC2	S2_mrna_detected_only	0.429662	29	0.0200098	0.649979
ENSG00000196876	SCN8A	S2_mrna_detected_only		2		
ENSG00000196911	KPNA5	S2_mrna_detected_only	0.423656	27	0.0276577	0.64273
ENSG00000196914	ARHGEF12	S2_mrna_detected_only	0.366995	29	0.05019	0.560307
ENSG00000196923	PDLIM7	S2_mrna_detected_only	0.745484	28	5.31331e-06	0.95561
ENSG00000196924	FLNA	S2_mrna_detected_only	0.761576	29	1.60004e-06	0.963595
ENSG00000196932	TMEM26	S2_mrna_detected_only	0.857143	7	0.0136973	0.99233
ENSG00000196935	SRGAP1	S2_mrna_detected_only	0.736872	22	9.17459e-05	0.951723
ENSG00000196937	FAM3C	S2_mrna_detected_only	0.366502	29	0.0505226	0.559414
ENSG00000196943	NOP9	S2_mrna_detected_only	0.367287	29	0.049994	0.560885
ENSG00000196954	CASP4	S2_mrna_detected_only	0.788177	28	6.36225e-07	0.975047
ENSG00000196961	AP2A1	S2_mrna_detected_only	0.332512	29	0.0780004	0.508563
ENSG00000196968	FUT11	S2_mrna_detected_only	0.371972	28	0.0512786	0.568239
ENSG00000196975	ANXA4	S2_mrna_detected_only	0.82069	29	4.98791e-08	0.985238
ENSG00000196976	LAGE3	S2_mrna_detected_only	0.0694581	29	0.720326	0.165791
ENSG00000196990	FAM163B	S2_mrna_detected_only		2		
ENSG00000196998	WDR45	S2_mrna_detected_only	-0.236975	29	0.215813	0.0163375
ENSG00000197006	METTL9	S2_mrna_detected_only	0.248336	29	0.193957	0.382906
ENSG00000197021	CXorf40B	S2_mrna_detected_only	0.123192	29	0.524346	0.223104
ENSG00000197024	ZNF398	S2_mrna_detected_only	-0.277423	28	0.152921	0.0110843
ENSG00000197037	ZSCAN25	S2_mrna_detected_only	0.40049	27	0.0384442	0.607953
ENSG00000197043	ANXA6	S2_mrna_detected_only	0.720039	29	1.06526e-05	0.941322
ENSG00000197045	GMFB	S2_mrna_detected_only	0.323153	29	0.0872836	0.49564
ENSG00000197056	ZMYM1	S2_mrna_detected_only	-0.471771	26	0.0149674	0.000682917
ENSG00000197057	DTHD1	S2_mrna_detected_only		2		
ENSG00000197062	ZSCAN26	S2_mrna_detected_only	0.246435	29	0.197503	0.380174
ENSG00000197063	MAFG	S2_mrna_detected_only	-0.164189	29	0.39472	0.0310464
ENSG00000197070	ARRDC1	S2_mrna_detected_only	0.433831	28	0.0210833	0.655127
ENSG00000197077	KIAA1671	S2_mrna_detected_only	0.117734	29	0.543022	0.216222
ENSG00000197081	IGF2R	S2_mrna_detected_only	0.736946	29	5.13667e-06	0.951828
ENSG00000197093	GAL3ST4	S2_mrna_detected_only	0.270208	25	0.19144	0.417052
ENSG00000197102	DYNC1H1	S2_mrna_detected_only	0.446798	29	0.0151056	0.671937
ENSG00000197106	SLC6A17	S2_mrna_detected_only	0.974679	5	0.00481823	0.99979
ENSG00000197111	PCBP2	S2_mrna_detected_only	0.0221675	29	0.909128	0.124869
ENSG00000197122	SRC	S2_mrna_detected_only	0.500611	27	0.00782495	0.74212
ENSG00000197136	PCNXL3	S2_mrna_detected_only	0.0914317	28	0.643562	0.188327
ENSG00000197142	ACSL5	S2_mrna_detected_only	0.833846	26	1.21801e-07	0.98818
ENSG00000197147	LRRC8B	S2_mrna_detected_only	0.154887	27	0.440467	0.25893
ENSG00000197150	ABCB8	S2_mrna_detected_only	0.0320416	28	0.871416	0.132013
ENSG00000197157	SND1	S2_mrna_detected_only	0.491133	29	0.00682169	0.731404
ENSG00000197165	SULT1A2	S2_mrna_detected_only	0.715947	13	0.0059171	0.939536
ENSG00000197168	NEK5	S2_mrna_detected_only		2		
ENSG00000197170	PSMD12	S2_mrna_detected_only	0.245813	29	0.198672	0.379229
ENSG00000197177	ADGRA1	S2_mrna_detected_only		3		
ENSG00000197181	PIWIL2	S2_mrna_detected_only	0.872082	5	0.0538542	0.994432
ENSG00000197183	NOL4L	S2_mrna_detected_only	0.377157	28	0.047873	0.574438
ENSG00000197191	CYSRT1	S2_mrna_detected_only	0.258199	4	0.741801	0.398613
ENSG00000197217	ENTPD4	S2_mrna_detected_only	0.220222	29	0.250998	0.343192
ENSG00000197223	C1D	S2_mrna_detected_only	0.219799	29	0.251933	0.342246
ENSG00000197226	TBC1D9B	S2_mrna_detected_only	0.484729	29	0.0077009	0.723209
ENSG00000197249	SERPINA1	S2_mrna_detected_only	0.0661666	25	0.753339	0.163532
ENSG00000197256	KANK2	S2_mrna_detected_only	0.617241	29	0.000361384	0.862576
ENSG00000197265	GTF2E2	S2_mrna_detected_only	0.214286	29	0.264323	0.334629
ENSG00000197273	GUCA2A	S2_mrna_detected_only	0.68313	8	0.0618347	0.918575
ENSG00000197283	SYNGAP1	S2_mrna_detected_only	0.292562	23	0.175514	0.448991
ENSG00000197296	FITM2	S2_mrna_detected_only	0.326534	29	0.083838	0.500053
ENSG00000197299	BLM	S2_mrna_detected_only	0	7	1	0.107638
ENSG00000197312	DDI2	S2_mrna_detected_only	0.437985	29	0.0174856	0.65996
ENSG00000197321	SVIL	S2_mrna_detected_only	0.766831	28	1.94329e-06	0.965907
ENSG00000197323	TRIM33	S2_mrna_detected_only	0.403498	29	0.0299644	0.614625
ENSG00000197324	LRP10	S2_mrna_detected_only	-0.068442	29	0.724259	0.0671885
ENSG00000197343	ZNF655	S2_mrna_detected_only	0.370865	29	0.0476368	0.566453
ENSG00000197345	MRPL21	S2_mrna_detected_only	0.315271	29	0.0957336	0.483978
ENSG00000197355	UAP1L1	S2_mrna_detected_only	0.42674	27	0.0264281	0.646617
ENSG00000197375	SLC22A5	S2_mrna_detected_only	0.660597	28	0.00013027	0.900872
ENSG00000197380	DACT3	S2_mrna_detected_only	0.580124	21	0.00583634	0.826907
ENSG00000197381	ADARB1	S2_mrna_detected_only	0.473846	25	0.0167199	0.70829
ENSG00000197386	HTT	S2_mrna_detected_only	0.375708	29	0.044588	0.572757
ENSG00000197405	C5AR1	S2_mrna_detected_only	0.469116	28	0.0117923	0.703352
ENSG00000197408	CYP2B6	S2_mrna_detected_only	0.753702	6	0.0835233	0.959655
ENSG00000197415	VEPH1	S2_mrna_detected_only	0.718576	8	0.0446226	0.940954
ENSG00000197417	SHPK	S2_mrna_detected_only	0.703941	29	2.03601e-05	0.932812
ENSG00000197430	OPALIN	S2_mrna_detected_only		1		
ENSG00000197442	MAP3K5	S2_mrna_detected_only	0.423645	29	0.0220155	0.642519
ENSG00000197444	OGDHL	S2_mrna_detected_only	0.853147	12	0.000418118	0.991647
ENSG00000197448	GSTK1	S2_mrna_detected_only	0.680296	29	4.90175e-05	0.916422
ENSG00000197451	HNRNPAB	S2_mrna_detected_only	0.0778325	29	0.688189	0.173566
ENSG00000197461	PDGFA	S2_mrna_detected_only	-0.126714	28	0.520526	0.0442845
ENSG00000197496	SLC2A10	S2_mrna_detected_only	0.00593889	28	0.976073	0.112576
ENSG00000197498	RPF2	S2_mrna_detected_only	0.122675	29	0.526101	0.222578
ENSG00000197506	SLC28A3	S2_mrna_detected_only	0	5	1	0.107638
ENSG00000197530	MIB2	S2_mrna_detected_only	0.285714	7	0.534509	0.440324
ENSG00000197535	MYO5A	S2_mrna_detected_only	0.163761	26	0.424076	0.269857
ENSG00000197548	ATG7	S2_mrna_detected_only	0.0689655	29	0.722232	0.165528
ENSG00000197555	SIPA1L1	S2_mrna_detected_only	0.530925	28	0.00365093	0.778472
ENSG00000197557	TTC30A	S2_mrna_detected_only	0.349461	26	0.0801305	0.533778
ENSG00000197561	ELANE	S2_mrna_detected_only		1		
ENSG00000197563	PIGN	S2_mrna_detected_only	0.108374	29	0.575756	0.205821
ENSG00000197565	COL4A6	S2_mrna_detected_only	0.332143	15	0.226472	0.507827
ENSG00000197576	HOXA4	S2_mrna_detected_only	0.368939	19	0.120084	0.564352
ENSG00000197579	TOPORS	S2_mrna_detected_only	-0.0481915	29	0.803943	0.0773797
ENSG00000197580	BCO2	S2_mrna_detected_only	0.816667	9	0.00722479	0.98424
ENSG00000197586	ENTPD6	S2_mrna_detected_only	0.492854	29	0.0066005	0.73298
ENSG00000197601	FAR1	S2_mrna_detected_only	0.298176	29	0.116164	0.456661
ENSG00000197603	C5orf42	S2_mrna_detected_only	0.184276	17	0.478936	0.294127
ENSG00000197616	MYH6	S2_mrna_detected_only		2		
ENSG00000197632	SERPINB2	S2_mrna_detected_only	0.1	5	0.872889	0.19689
ENSG00000197641	SERPINB13	S2_mrna_detected_only		3		
ENSG00000197653	DNAH10	S2_mrna_detected_only		2		
ENSG00000197694	SPTAN1	S2_mrna_detected_only	0.142365	29	0.461306	0.243644
ENSG00000197696	NMB	S2_mrna_detected_only	0.590143	20	0.00616025	0.837098
ENSG00000197702	PARVA	S2_mrna_detected_only	0.46601	29	0.0108377	0.698939
ENSG00000197712	FAM114A1	S2_mrna_detected_only	0.737438	29	5.02454e-06	0.952038
ENSG00000197713	RPE	S2_mrna_detected_only	-0.261084	28	0.179612	0.0132906
ENSG00000197714	ZNF460	S2_mrna_detected_only		3		
ENSG00000197724	PHF2	S2_mrna_detected_only	0.385515	29	0.03889	0.585785
ENSG00000197746	PSAP	S2_mrna_detected_only	0.189163	29	0.325719	0.299275
ENSG00000197747	S100A10	S2_mrna_detected_only	0.429557	29	0.0200437	0.649664
ENSG00000197748	CFAP43	S2_mrna_detected_only		2		
ENSG00000197756	RPL37A	S2_mrna_detected_only	0.0192118	29	0.921204	0.123083
ENSG00000197771	MCMBP	S2_mrna_detected_only	0.412366	29	0.026219	0.628231
ENSG00000197782	ZNF780A	S2_mrna_detected_only	0.156371	29	0.417914	0.261452
ENSG00000197785	ATAD3A	S2_mrna_detected_only	0.0577778	26	0.779205	0.154812
ENSG00000197798	FAM118B	S2_mrna_detected_only	0.487137	28	0.00856105	0.725783
ENSG00000197816	CCDC180	S2_mrna_detected_only		3		
ENSG00000197818	SLC9A8	S2_mrna_detected_only	-0.201268	29	0.295124	0.0224312
ENSG00000197822	OCLN	S2_mrna_detected_only	0.785385	25	3.31172e-06	0.974312
ENSG00000197826	C4orf22	S2_mrna_detected_only		2		
ENSG00000197857	ZNF44	S2_mrna_detected_only	0.0522874	27	0.795624	0.149138
ENSG00000197858	GPAA1	S2_mrna_detected_only	0.138687	29	0.473079	0.240754
ENSG00000197870	PRB3	S2_mrna_detected_only		1		
ENSG00000197879	MYO1C	S2_mrna_detected_only	0.627586	29	0.000268248	0.872767
ENSG00000197885	NKIRAS1	S2_mrna_detected_only	0.505045	27	0.00721153	0.749159
ENSG00000197888	UGT2B17	S2_mrna_detected_only	0.809524	8	0.0149027	0.982139
ENSG00000197889	MEIG1	S2_mrna_detected_only		2		
ENSG00000197891	SLC22A12	S2_mrna_detected_only		1		
ENSG00000197892	KIF13B	S2_mrna_detected_only	0.741872	29	4.11038e-06	0.954297
ENSG00000197893	NRAP	S2_mrna_detected_only		1		
ENSG00000197894	ADH5	S2_mrna_detected_only	0.650246	29	0.000134364	0.892257
ENSG00000197901	SLC22A6	S2_mrna_detected_only		2		
ENSG00000197903	HIST1H2BK	S2_mrna_detected_only	-0.180702	29	0.348215	0.0275793
ENSG00000197905	TEAD4	S2_mrna_detected_only	0.11672	23	0.595853	0.215119
ENSG00000197912	SPG7	S2_mrna_detected_only	0.0753695	29	0.697589	0.171097
ENSG00000197930	ERO1A	S2_mrna_detected_only	0.636039	29	0.000208598	0.879229
ENSG00000197943	PLCG2	S2_mrna_detected_only	0.741538	25	2.21934e-05	0.954034
ENSG00000197948	FCHSD1	S2_mrna_detected_only	0.558817	24	0.00453302	0.80726
ENSG00000197956	S100A6	S2_mrna_detected_only	0.569951	29	0.00124809	0.817083
ENSG00000197958	RPL12	S2_mrna_detected_only	0.029064	29	0.881032	0.129229
ENSG00000197961	ZNF121	S2_mrna_detected_only	0.103733	28	0.599377	0.20041
ENSG00000197965	MPZL1	S2_mrna_detected_only	0.389163	29	0.0369262	0.590775
ENSG00000197969	VPS13A	S2_mrna_detected_only	0.178435	28	0.363635	0.286772
ENSG00000197971	MBP	S2_mrna_detected_only	0.515271	29	0.00422954	0.762082
ENSG00000197976	AKAP17A	S2_mrna_detected_only	0.104446	29	0.58975	0.20146
ENSG00000197977	ELOVL2	S2_mrna_detected_only	0.678834	10	0.0308988	0.915371
ENSG00000197982	C1orf122	S2_mrna_detected_only	0.302587	29	0.110609	0.464016
ENSG00000197993	KEL	S2_mrna_detected_only	-0.2	4	0.8	0.022904
ENSG00000198000	NOL8	S2_mrna_detected_only	0.20757	27	0.298851	0.323125
ENSG00000198001	IRAK4	S2_mrna_detected_only	0.378618	29	0.0428322	0.577065
ENSG00000198003	CCDC151	S2_mrna_detected_only		3		
ENSG00000198010	DLGAP2	S2_mrna_detected_only		1		
ENSG00000198015	MRPL42	S2_mrna_detected_only	0.368966	29	0.0488769	0.564667
ENSG00000198018	ENTPD7	S2_mrna_detected_only	0.233919	28	0.230895	0.36431
ENSG00000198019	FCGR1B	S2_mrna_detected_only	0.443898	9	0.231337	0.668313
ENSG00000198026	ZNF335	S2_mrna_detected_only	0.0554141	29	0.775256	0.15229
ENSG00000198034	RPS4X	S2_mrna_detected_only	0.382759	29	0.0404293	0.582055
ENSG00000198042	MAK16	S2_mrna_detected_only	-0.0312846	29	0.872014	0.0899874
ENSG00000198053	SIRPA	S2_mrna_detected_only	0.484236	29	0.00777232	0.722105
ENSG00000198055	GRK6	S2_mrna_detected_only	0.556103	28	0.00212079	0.805106
ENSG00000198056	PRIM1	S2_mrna_detected_only	0.20197	28	0.302695	0.315613
ENSG00000198060	MARCH5	S2_mrna_detected_only	0.105911	29	0.584514	0.202826
ENSG00000198074	AKR1B10	S2_mrna_detected_only	0.901099	13	2.61386e-05	0.997216
ENSG00000198077	CYP2A7	S2_mrna_detected_only		1		
ENSG00000198081	ZBTB14	S2_mrna_detected_only	0.32406	29	0.0863491	0.496375
ENSG00000198087	CD2AP	S2_mrna_detected_only	0.769648	29	1.05907e-06	0.967273
ENSG00000198089	SFI1	S2_mrna_detected_only	0.409777	20	0.07276	0.623293
ENSG00000198099	ADH4	S2_mrna_detected_only	1	4	0	1
ENSG00000198113	TOR4A	S2_mrna_detected_only	0.250212	22	0.261407	0.385953
ENSG00000198121	LPAR1	S2_mrna_detected_only	0.172877	27	0.388517	0.280889
ENSG00000198125	MB	S2_mrna_detected_only	0.332143	15	0.226472	0.507827
ENSG00000198130	HIBCH	S2_mrna_detected_only	0.710837	29	1.55076e-05	0.937014
ENSG00000198142	SOWAHC	S2_mrna_detected_only	0.365079	27	0.0611422	0.558363
ENSG00000198146	ZNF770	S2_mrna_detected_only	0.155017	29	0.422006	0.259036
ENSG00000198157	HMGN5	S2_mrna_detected_only	0.720286	29	1.0544e-05	0.941742
ENSG00000198160	MIER1	S2_mrna_detected_only	0.464039	29	0.0112227	0.695787
ENSG00000198162	MAN1A2	S2_mrna_detected_only	-0.000985222	29	0.995953	0.107008
ENSG00000198168	SVIP	S2_mrna_detected_only	0.233005	29	0.223831	0.362944
ENSG00000198171	DDRGK1	S2_mrna_detected_only	0.47931	29	0.00851784	0.715276
ENSG00000198176	TFDP1	S2_mrna_detected_only	0.209125	29	0.276274	0.325016
ENSG00000198183	BPIFA1	S2_mrna_detected_only		1		
ENSG00000198189	HSD17B11	S2_mrna_detected_only	0.878325	29	3.80508e-10	0.995325
ENSG00000198198	SZT2	S2_mrna_detected_only	0.0018315	27	0.992766	0.108689
ENSG00000198203	SULT1C2	S2_mrna_detected_only	0.916667	9	0.000506619	0.998004
ENSG00000198216	CACNA1E	S2_mrna_detected_only		1		
ENSG00000198218	QRICH1	S2_mrna_detected_only	0.26798	29	0.159873	0.413637
ENSG00000198231	DDX42	S2_mrna_detected_only	0.449261	29	0.0144907	0.675982
ENSG00000198242	RPL23A	S2_mrna_detected_only	0.2	29	0.298241	0.313144
ENSG00000198246	SLC29A3	S2_mrna_detected_only	0.211339	27	0.289964	0.329428
ENSG00000198252	STYX	S2_mrna_detected_only	0.605814	29	0.000496346	0.851177
ENSG00000198258	UBL5	S2_mrna_detected_only	0.283251	29	0.136502	0.436121
ENSG00000198265	HELZ	S2_mrna_detected_only	0.145813	29	0.450409	0.247584
ENSG00000198276	UCKL1	S2_mrna_detected_only	0.0940887	29	0.62734	0.190166
ENSG00000198286	CARD11	S2_mrna_detected_only	0.642857	15	0.00973994	0.885848
ENSG00000198300	PEG3	S2_mrna_detected_only	0.314035	19	0.19042	0.481141
ENSG00000198301	SDAD1	S2_mrna_detected_only	0.396059	29	0.0334305	0.599653
ENSG00000198315	ZKSCAN8	S2_mrna_detected_only	0.232048	29	0.225792	0.361631
ENSG00000198324	FAM109A	S2_mrna_detected_only	0.283986	27	0.151128	0.437329
ENSG00000198336	MYL4	S2_mrna_detected_only		3		
ENSG00000198356	ASNA1	S2_mrna_detected_only	0.489163	29	0.00708267	0.72883
ENSG00000198363	ASPH	S2_mrna_detected_only	0.535961	29	0.00272943	0.783988
ENSG00000198369	SPRED2	S2_mrna_detected_only	0.23769	29	0.21439	0.369563
ENSG00000198373	WWP2	S2_mrna_detected_only	0.341379	29	0.0699236	0.521853
ENSG00000198380	GFPT1	S2_mrna_detected_only	0.718227	29	1.14837e-05	0.940796
ENSG00000198382	UVRAG	S2_mrna_detected_only	0.343733	28	0.0732996	0.525478
ENSG00000198393	ZNF26	S2_mrna_detected_only	0.00984126	24	0.963598	0.114993
ENSG00000198399	ITSN2	S2_mrna_detected_only	0.732895	28	9.1962e-06	0.949569
ENSG00000198400	NTRK1	S2_mrna_detected_only		1		
ENSG00000198408	MGEA5	S2_mrna_detected_only	0.204433	29	0.287434	0.318922
ENSG00000198420	TCAF1	S2_mrna_detected_only	0.639901	29	0.00018549	0.883274
ENSG00000198431	TXNRD1	S2_mrna_detected_only	0.267488	29	0.160671	0.412692
ENSG00000198455	ZXDB	S2_mrna_detected_only	-0.133047	29	0.491432	0.0414478
ENSG00000198467	TPM2	S2_mrna_detected_only	0.70936	28	2.37491e-05	0.936489
ENSG00000198478	SH3BGRL2	S2_mrna_detected_only	0.537438	29	0.00264255	0.785774
ENSG00000198488	B3GNT6	S2_mrna_detected_only	0.314286	6	0.544093	0.481929
ENSG00000198492	YTHDF2	S2_mrna_detected_only	-0.0403941	29	0.835194	0.0838411
ENSG00000198498	TMA16	S2_mrna_detected_only	0.0729064	29	0.707033	0.168733
ENSG00000198517	MAFK	S2_mrna_detected_only	-0.0254638	28	0.897659	0.0935596
ENSG00000198520	C1orf228	S2_mrna_detected_only		2		
ENSG00000198522	GPN1	S2_mrna_detected_only	0.172189	29	0.371764	0.279891
ENSG00000198523	PLN	S2_mrna_detected_only	0.0854367	25	0.6847	0.181393
ENSG00000198546	ZNF511	S2_mrna_detected_only	-0.0883125	29	0.648714	0.058153
ENSG00000198551	ZNF627	S2_mrna_detected_only	-0.0369454	29	0.849097	0.0854696
ENSG00000198553	KCNRG	S2_mrna_detected_only	0.774597	4	0.225403	0.968901
ENSG00000198561	CTNND1	S2_mrna_detected_only	0.539409	29	0.00253043	0.787245
ENSG00000198563	DDX39B	S2_mrna_detected_only	0.0660099	29	0.733699	0.163375
ENSG00000198569	SLC34A3	S2_mrna_detected_only		1		
ENSG00000198585	NUDT16	S2_mrna_detected_only	0.281773	29	0.138648	0.43402
ENSG00000198586	TLK1	S2_mrna_detected_only	0.484296	29	0.00776364	0.722368
ENSG00000198589	LRBA	S2_mrna_detected_only	0.480296	29	0.0083641	0.716852
ENSG00000198604	BAZ1A	S2_mrna_detected_only	0.537019	28	0.00321331	0.784986
ENSG00000198610	AKR1C4	S2_mrna_detected_only	0.974679	5	0.00481823	0.99979
ENSG00000198612	COPS8	S2_mrna_detected_only	0.189655	29	0.324437	0.299958
ENSG00000198624	CCDC69	S2_mrna_detected_only	0.221249	28	0.257864	0.345398
ENSG00000198625	MDM4	S2_mrna_detected_only	0.100639	27	0.617455	0.197573
ENSG00000198626	RYR2	S2_mrna_detected_only	0.6	6	0.208	0.846817
ENSG00000198642	KLHL9	S2_mrna_detected_only	0.129064	29	0.504607	0.230668
ENSG00000198646	NCOA6	S2_mrna_detected_only	0.0933613	29	0.630016	0.189378
ENSG00000198648	STK39	S2_mrna_detected_only	0.601533	28	0.000709431	0.847815
ENSG00000198650	TAT	S2_mrna_detected_only		1		
ENSG00000198663	C6orf89	S2_mrna_detected_only	0.197537	29	0.304353	0.309204
ENSG00000198668	CALM1	S2_mrna_detected_only	0.147973	29	0.443653	0.251051
ENSG00000198670	LPA	S2_mrna_detected_only		1		
ENSG00000198677	TTC37	S2_mrna_detected_only	0.167755	29	0.38439	0.27448
ENSG00000198680	TUSC1	S2_mrna_detected_only	0.0642046	28	0.745496	0.161326
ENSG00000198681	MAGEA1	S2_mrna_detected_only		1		
ENSG00000198682	PAPSS2	S2_mrna_detected_only	0.810619	28	1.70149e-07	0.982507
ENSG00000198689	SLC9A6	S2_mrna_detected_only	0.305966	28	0.113319	0.469584
ENSG00000198692	EIF1AY	S2_mrna_detected_only	0.0290046	12	0.928702	0.129071
ENSG00000198695	MT-ND6	S2_mrna_detected_only	0.529818	29	0.0031174	0.776896
ENSG00000198700	IPO9	S2_mrna_detected_only	0.0748861	29	0.699439	0.170834
ENSG00000198707	CEP290	S2_mrna_detected_only	0.171341	26	0.40264	0.279313
ENSG00000198712	MT-CO2	S2_mrna_detected_only	0.627094	29	0.000272147	0.872137
ENSG00000198715	GLMP	S2_mrna_detected_only	0.56805	29	0.0013068	0.81577
ENSG00000198718	FAM179B	S2_mrna_detected_only	0.0871628	28	0.659187	0.183494
ENSG00000198719	DLL1	S2_mrna_detected_only	0.479874	25	0.0151999	0.716379
ENSG00000198721	ECI2	S2_mrna_detected_only	0.640394	29	0.000182712	0.883589
ENSG00000198722	UNC13B	S2_mrna_detected_only	0.370936	29	0.0475911	0.566716
ENSG00000198728	LDB1	S2_mrna_detected_only	0.399557	29	0.0317627	0.606588
ENSG00000198730	CTR9	S2_mrna_detected_only	0.456158	29	0.0128789	0.68507
ENSG00000198732	SMOC1	S2_mrna_detected_only	0.563725	17	0.018435	0.811568
ENSG00000198734	F5	S2_mrna_detected_only	0.367033	14	0.196739	0.560464
ENSG00000198739	LRRTM3	S2_mrna_detected_only		2		
ENSG00000198740	ZNF652	S2_mrna_detected_only	0.300058	28	0.120814	0.459603
ENSG00000198752	CDC42BPB	S2_mrna_detected_only	0.45665	29	0.0127697	0.685648
ENSG00000198754	OXCT2	S2_mrna_detected_only		2		
ENSG00000198755	RPL10A	S2_mrna_detected_only	-0.112315	29	0.561866	0.0485921
ENSG00000198756	COLGALT2	S2_mrna_detected_only	0.338377	13	0.258109	0.517598
ENSG00000198758	EPS8L3	S2_mrna_detected_only	0.952381	8	0.0002604	0.99979
ENSG00000198759	EGFL6	S2_mrna_detected_only	0.547723	9	0.12687	0.79502
ENSG00000198765	SYCP1	S2_mrna_detected_only		1		
ENSG00000198768	APCDD1L	S2_mrna_detected_only		3		
ENSG00000198771	RCSD1	S2_mrna_detected_only	0.77723	28	1.14514e-06	0.970214
ENSG00000198774	RASSF9	S2_mrna_detected_only	0.523144	18	0.0258929	0.770487
ENSG00000198783	ZNF830	S2_mrna_detected_only	0.393398	29	0.0347462	0.595713
ENSG00000198786	MT-ND5	S2_mrna_detected_only	0.527586	29	0.00326961	0.775005
ENSG00000198791	CNOT7	S2_mrna_detected_only	0.208374	29	0.27804	0.323965
ENSG00000198792	TMEM184B	S2_mrna_detected_only	-0.175196	29	0.363342	0.0284198
ENSG00000198793	MTOR	S2_mrna_detected_only	0.22318	29	0.244527	0.348865
ENSG00000198794	SCAMP5	S2_mrna_detected_only	0.494813	29	0.00635607	0.735396
ENSG00000198795	ZNF521	S2_mrna_detected_only	0.0440139	27	0.82744	0.141154
ENSG00000198796	ALPK2	S2_mrna_detected_only	0.447214	5	0.450185	0.67262
ENSG00000198797	BRINP2	S2_mrna_detected_only		3		
ENSG00000198799	LRIG2	S2_mrna_detected_only	-0.0202524	24	0.925166	0.0963963
ENSG00000198804	MT-CO1	S2_mrna_detected_only	0.436014	29	0.0180581	0.657754
ENSG00000198805	PNP	S2_mrna_detected_only	0.668966	29	7.26478e-05	0.908804
ENSG00000198807	PAX9	S2_mrna_detected_only	0.632456	4	0.367544	0.87634
ENSG00000198812	LRRC10	S2_mrna_detected_only		1		
ENSG00000198815	FOXJ3	S2_mrna_detected_only	0.377326	29	0.043605	0.574543
ENSG00000198816	ZNF358	S2_mrna_detected_only	0.217036	29	0.258093	0.338464
ENSG00000198822	GRM3	S2_mrna_detected_only		1		
ENSG00000198824	CHAMP1	S2_mrna_detected_only	0.446798	29	0.0151056	0.671937
ENSG00000198825	INPP5F	S2_mrna_detected_only	0.562662	27	0.00224929	0.810517
ENSG00000198830	HMGN2	S2_mrna_detected_only	0.270936	29	0.155141	0.418418
ENSG00000198832	SELM	S2_mrna_detected_only	0.212946	28	0.276607	0.332791
ENSG00000198833	UBE2J1	S2_mrna_detected_only	0.712315	29	1.46141e-05	0.93775
ENSG00000198835	GJC2	S2_mrna_detected_only	0.612372	7	0.143811	0.858269
ENSG00000198836	OPA1	S2_mrna_detected_only	0.489163	29	0.00708267	0.72883
ENSG00000198837	DENND4B	S2_mrna_detected_only	0.257667	29	0.177189	0.39751
ENSG00000198839	ZNF277	S2_mrna_detected_only	-0.238257	29	0.213267	0.0159172
ENSG00000198840	MT-ND3	S2_mrna_detected_only	0.503527	29	0.00535978	0.746953
ENSG00000198841	KTI12	S2_mrna_detected_only	0.267554	29	0.160564	0.41327
ENSG00000198842	DUSP27	S2_mrna_detected_only		1		
ENSG00000198843	SELT	S2_mrna_detected_only	0.0679803	29	0.726048	0.164898
ENSG00000198844	ARHGEF15	S2_mrna_detected_only	0.50643	23	0.0136676	0.750525
ENSG00000198846	TOX	S2_mrna_detected_only	0.297178	21	0.190791	0.455085
ENSG00000198848	CES1	S2_mrna_detected_only	0.78735	26	1.81927e-06	0.974732
ENSG00000198853	RUSC2	S2_mrna_detected_only	-0.12392	28	0.529836	0.0452301
ENSG00000198855	FICD	S2_mrna_detected_only	0.580779	28	0.00119327	0.828273
ENSG00000198856	OSTC	S2_mrna_detected_only	-0.00960709	29	0.960552	0.10207
ENSG00000198858	R3HDM4	S2_mrna_detected_only	0.024309	29	0.900391	0.126235
ENSG00000198860	TSEN15	S2_mrna_detected_only	-0.209865	29	0.27454	0.0207502
ENSG00000198862	LTN1	S2_mrna_detected_only	0.0620766	29	0.749047	0.15933
ENSG00000198863	RUNDC1	S2_mrna_detected_only	0.121531	29	0.529998	0.220477
ENSG00000198873	GRK5	S2_mrna_detected_only	0.495567	29	0.00626413	0.736499
ENSG00000198874	TYW1	S2_mrna_detected_only	0.0123153	29	0.949444	0.116884
ENSG00000198876	DCAF12	S2_mrna_detected_only	-0.0466004	29	0.810298	0.0785354
ENSG00000198883	PNMA5	S2_mrna_detected_only		1		
ENSG00000198886	MT-ND4	S2_mrna_detected_only	0.470936	29	0.00992343	0.705033
ENSG00000198887	SMC5	S2_mrna_detected_only	0.572731	29	0.00116634	0.819973
ENSG00000198888	MT-ND1	S2_mrna_detected_only	0.286067	29	0.13248	0.440796
ENSG00000198889	DCAF12L1	S2_mrna_detected_only		3		
ENSG00000198890	PRMT6	S2_mrna_detected_only	0.0198442	29	0.918619	0.123713
ENSG00000198898	CAPZA2	S2_mrna_detected_only	0.127586	29	0.50954	0.228304
ENSG00000198899	MT-ATP6	S2_mrna_detected_only	0.439508	29	0.0170536	0.662061
ENSG00000198900	TOP1	S2_mrna_detected_only	0.30936	29	0.102466	0.474364
ENSG00000198909	MAP3K3	S2_mrna_detected_only	0.210604	29	0.272813	0.328483
ENSG00000198911	SREBF2	S2_mrna_detected_only	0.275709	29	0.147712	0.424406
ENSG00000198912	C1orf174	S2_mrna_detected_only	0.361729	29	0.0538364	0.55374
ENSG00000198914	POU3F3	S2_mrna_detected_only		2		
ENSG00000198917	C9orf114	S2_mrna_detected_only	0.111823	29	0.563594	0.210023
ENSG00000198918	RPL39	S2_mrna_detected_only	0.0676545	29	0.727311	0.164373
ENSG00000198919	DZIP3	S2_mrna_detected_only	-0.0567766	27	0.778491	0.0723366
ENSG00000198920	KIAA0753	S2_mrna_detected_only	-0.314242	26	0.117952	0.00677663
ENSG00000198925	ATG9A	S2_mrna_detected_only	0.427094	29	0.0208468	0.646985
ENSG00000198931	APRT	S2_mrna_detected_only	0.396059	29	0.0334305	0.599653
ENSG00000198932	GPRASP1	S2_mrna_detected_only	0.169602	26	0.407502	0.277317
ENSG00000198933	TBKBP1	S2_mrna_detected_only	0.138207	25	0.510004	0.240334
ENSG00000198937	CCDC167	S2_mrna_detected_only	0.0888962	29	0.646541	0.185806
ENSG00000198938	MT-CO3	S2_mrna_detected_only	0.282301	29	0.137879	0.434703
ENSG00000198939	ZFP2	S2_mrna_detected_only	0.457662	11	0.156938	0.687172
ENSG00000198944	SOWAHA	S2_mrna_detected_only	0.764723	10	0.00997949	0.964961
ENSG00000198945	L3MBTL3	S2_mrna_detected_only	0.290598	27	0.141429	0.44731
ENSG00000198947	DMD	S2_mrna_detected_only	0.517734	29	0.00402034	0.764814
ENSG00000198951	NAGA	S2_mrna_detected_only	0.158128	29	0.412637	0.264026
ENSG00000198952	SMG5	S2_mrna_detected_only	0.177115	29	0.358024	0.285512
ENSG00000198954	KIF1BP	S2_mrna_detected_only	0.509852	29	0.00472276	0.754623
ENSG00000198959	TGM2	S2_mrna_detected_only	0.850739	29	5.06208e-09	0.991332
ENSG00000198960	ARMCX6	S2_mrna_detected_only	0.12818	29	0.507555	0.229092
ENSG00000198961	PJA2	S2_mrna_detected_only	0.0152709	29	0.937332	0.119983
ENSG00000203485	INF2	S2_mrna_detected_only	0.472137	26	0.0148788	0.706293
ENSG00000203668	CHML	S2_mrna_detected_only	0.207687	27	0.298574	0.323335
ENSG00000203697	CAPN8	S2_mrna_detected_only	0.72804	9	0.0261536	0.946312
ENSG00000203705	TATDN3	S2_mrna_detected_only	0.26382	28	0.174929	0.40602
ENSG00000203710	CR1	S2_mrna_detected_only	0.142857	6	0.787172	0.244169
ENSG00000203734	ECT2L	S2_mrna_detected_only		1		
ENSG00000203747	FCGR3A	S2_mrna_detected_only	0.725233	28	1.26562e-05	0.945314
ENSG00000203780	FANK1	S2_mrna_detected_only	0.178445	11	0.599612	0.286877
ENSG00000203782	LOR	S2_mrna_detected_only		1		
ENSG00000203785	SPRR2E	S2_mrna_detected_only		3		
ENSG00000203786	KPRP	S2_mrna_detected_only		2		
ENSG00000203791	METTL10	S2_mrna_detected_only	0.168494	29	0.382268	0.275741
ENSG00000203857	HSD3B1	S2_mrna_detected_only	0.4	4	0.6	0.607165
ENSG00000203859	HSD3B2	S2_mrna_detected_only	0.8	4	0.2	0.979513
ENSG00000203867	RBM20	S2_mrna_detected_only	0.79104	8	0.0193848	0.976361
ENSG00000203879	GDI1	S2_mrna_detected_only	0.471921	29	0.00974858	0.706083
ENSG00000203880	PCMTD2	S2_mrna_detected_only	0.303033	29	0.110058	0.464856
ENSG00000203896	LIME1	S2_mrna_detected_only	0.8	4	0.2	0.979513
ENSG00000203965	EFCAB7	S2_mrna_detected_only	0.587858	27	0.00126175	0.835102
ENSG00000203985	LDLRAD1	S2_mrna_detected_only	0.948683	4	0.0513167	0.99958
ENSG00000204019	CT83	S2_mrna_detected_only		1		
ENSG00000204052	LRRC73	S2_mrna_detected_only		3		
ENSG00000204060	FOXO6	S2_mrna_detected_only	0.774597	4	0.225403	0.968901
ENSG00000204065	TCEAL5	S2_mrna_detected_only	0.666667	8	0.0709877	0.906808
ENSG00000204071	TCEAL6	S2_mrna_detected_only	0.941124	6	0.00509754	0.99958
ENSG00000204084	INPP5B	S2_mrna_detected_only	0.433498	28	0.0211934	0.654917
ENSG00000204099	NEU4	S2_mrna_detected_only	-0.948683	4	0.0513167	0
ENSG00000204104	TRAF3IP1	S2_mrna_detected_only	0.421494	29	0.0227715	0.639998
ENSG00000204120	GIGYF2	S2_mrna_detected_only	0.0472906	29	0.807539	0.1442
ENSG00000204128	C2orf72	S2_mrna_detected_only		1		
ENSG00000204130	RUFY2	S2_mrna_detected_only	0.517305	29	0.00405612	0.764499
ENSG00000204131	NHSL2	S2_mrna_detected_only	-0.274725	13	0.363675	0.0116096
ENSG00000204138	PHACTR4	S2_mrna_detected_only	0.120458	29	0.533662	0.219006
ENSG00000204160	ZDHHC18	S2_mrna_detected_only	0.301469	29	0.111998	0.461599
ENSG00000204175	GPRIN2	S2_mrna_detected_only	0.78811	7	0.0352827	0.974995
ENSG00000204176	SYT15	S2_mrna_detected_only	0.698253	6	0.122839	0.928977
ENSG00000204178	TMEM57	S2_mrna_detected_only	0.643842	29	0.000164277	0.887004
ENSG00000204209	DAXX	S2_mrna_detected_only	0.267488	29	0.160671	0.412692
ENSG00000204217	BMPR2	S2_mrna_detected_only	0.364532	29	0.0518704	0.55726
ENSG00000204219	TCEA3	S2_mrna_detected_only	0.628079	29	0.000264398	0.873398
ENSG00000204220	PFDN6	S2_mrna_detected_only	0.234975	29	0.219827	0.365413
ENSG00000204227	RING1	S2_mrna_detected_only	0.361576	29	0.0539452	0.553583
ENSG00000204228	HSD17B8	S2_mrna_detected_only	0.561576	29	0.00152521	0.809519
ENSG00000204231	RXRB	S2_mrna_detected_only	0.0301235	29	0.876727	0.130017
ENSG00000204252	HLA-DOA	S2_mrna_detected_only	0.252398	26	0.21352	0.389945
ENSG00000204256	BRD2	S2_mrna_detected_only	0.476355	29	0.00899342	0.710811
ENSG00000204257	HLA-DMA	S2_mrna_detected_only	0.526575	29	0.00334069	0.77406
ENSG00000204264	PSMB8	S2_mrna_detected_only	0.616749	29	0.000366454	0.862156
ENSG00000204271	SPIN3	S2_mrna_detected_only	0.169163	24	0.429407	0.276686
ENSG00000204278	TMEM235	S2_mrna_detected_only		1		
ENSG00000204287	HLA-DRA	S2_mrna_detected_only	0.874877	29	5.43249e-10	0.994799
ENSG00000204301	NOTCH4	S2_mrna_detected_only	0.328414	22	0.135638	0.502679
ENSG00000204304	PBX2	S2_mrna_detected_only	0.284161	29	0.135193	0.437644
ENSG00000204305	AGER	S2_mrna_detected_only	0.198009	10	0.583443	0.309887
ENSG00000204308	RNF5	S2_mrna_detected_only	0.100011	29	0.605726	0.197048
ENSG00000204310	AGPAT1	S2_mrna_detected_only	0.225123	29	0.240337	0.351807
ENSG00000204314	PRRT1	S2_mrna_detected_only		3		
ENSG00000204315	FKBPL	S2_mrna_detected_only	0.351588	28	0.0665524	0.53735
ENSG00000204316	MRPL38	S2_mrna_detected_only	0.134975	29	0.485117	0.237025
ENSG00000204344	STK19	S2_mrna_detected_only	-0.297724	12	0.347291	0.00824753
ENSG00000204347	BTBD17	S2_mrna_detected_only		1		
ENSG00000204348	DXO	S2_mrna_detected_only	0.132172	29	0.49431	0.233715
ENSG00000204351	SKIV2L	S2_mrna_detected_only	-0.0871921	29	0.652892	0.0586258
ENSG00000204356	NELFE	S2_mrna_detected_only	0.431527	29	0.0194197	0.65208
ENSG00000204370	SDHD	S2_mrna_detected_only	0.245642	29	0.198994	0.378914
ENSG00000204371	EHMT2	S2_mrna_detected_only	0.120432	28	0.541569	0.218901
ENSG00000204379	XAGE1A	S2_mrna_detected_only		2		
ENSG00000204385	SLC44A4	S2_mrna_detected_only	0.811806	20	1.38878e-05	0.983032
ENSG00000204386	NEU1	S2_mrna_detected_only	0.53399	29	0.00284907	0.781099
ENSG00000204388	HSPA1B	S2_mrna_detected_only	0.549754	29	0.0020066	0.797647
ENSG00000204390	HSPA1L	S2_mrna_detected_only	0.352768	16	0.180187	0.539767
ENSG00000204392	LSM2	S2_mrna_detected_only	0.0827586	29	0.669526	0.178556
ENSG00000204394	VARS	S2_mrna_detected_only	-0.182288	29	0.343926	0.027054
ENSG00000204396	VWA7	S2_mrna_detected_only	0.436436	8	0.279658	0.657806
ENSG00000204397	CARD16	S2_mrna_detected_only	0.857496	28	5.59028e-09	0.992383
ENSG00000204414	CSHL1	S2_mrna_detected_only		1		
ENSG00000204420	C6orf25	S2_mrna_detected_only		2		
ENSG00000204427	ABHD16A	S2_mrna_detected_only	0.240394	29	0.209067	0.372137
ENSG00000204435	CSNK2B	S2_mrna_detected_only	-0.295849	29	0.119178	0.00877285
ENSG00000204438	GPANK1	S2_mrna_detected_only	0.302439	28	0.117751	0.463805
ENSG00000204439	C6orf47	S2_mrna_detected_only	0.261969	29	0.169813	0.403919
ENSG00000204444	APOM	S2_mrna_detected_only	-0.41	25	0.0417972	0.00183862
ENSG00000204463	BAG6	S2_mrna_detected_only	-0.296059	29	0.118904	0.00866779
ENSG00000204472	AIF1	S2_mrna_detected_only	0.779803	29	6.1522e-07	0.971423
ENSG00000204498	NFKBIL1	S2_mrna_detected_only	0.0670754	28	0.734512	0.163847
ENSG00000204519	ZNF551	S2_mrna_detected_only	0.0706058	26	0.731792	0.166789
ENSG00000204524	ZNF805	S2_mrna_detected_only	-0.209946	13	0.491181	0.0206451
ENSG00000204525	HLA-C	S2_mrna_detected_only	0.333498	29	0.0770692	0.509981
ENSG00000204560	DHX16	S2_mrna_detected_only	0.0815371	29	0.674136	0.17677
ENSG00000204564	C6orf136	S2_mrna_detected_only	0.152888	29	0.428487	0.257039
ENSG00000204568	MRPS18B	S2_mrna_detected_only	0.601798	29	0.000553333	0.848025
ENSG00000204569	PPP1R10	S2_mrna_detected_only	0.0714286	29	0.71272	0.167682
ENSG00000204574	ABCF1	S2_mrna_detected_only	0.317734	29	0.0930293	0.488916
ENSG00000204576	PRR3	S2_mrna_detected_only	0.366897	22	0.0930333	0.560149
ENSG00000204590	GNL1	S2_mrna_detected_only	0.528571	29	0.00320164	0.775898
ENSG00000204592	HLA-E	S2_mrna_detected_only	0.790148	29	3.43359e-07	0.975993
ENSG00000204611	ZNF616	S2_mrna_detected_only	0.125977	25	0.548483	0.22615
ENSG00000204616	TRIM31	S2_mrna_detected_only	-0.0870388	9	0.823802	0.0588359
ENSG00000204618	RNF39	S2_mrna_detected_only	0.820783	5	0.088587	0.985291
ENSG00000204619	PPP1R11	S2_mrna_detected_only	0.336453	29	0.0743266	0.514026
ENSG00000204628	GNB2L1	S2_mrna_detected_only	0.358621	29	0.0560847	0.547962
ENSG00000204632	HLA-G	S2_mrna_detected_only	0.432806	23	0.0391315	0.653446
ENSG00000204634	TBC1D8	S2_mrna_detected_only	0.720592	29	1.04101e-05	0.942267
ENSG00000204653	ASPDH	S2_mrna_detected_only	0.2	5	0.74706	0.313354
ENSG00000204655	MOG	S2_mrna_detected_only		1		
ENSG00000204673	AKT1S1	S2_mrna_detected_only	-0.0945813	29	0.62553	0.0558416
ENSG00000204711	C9orf135	S2_mrna_detected_only	0.316228	4	0.683772	0.486132
ENSG00000204713	TRIM27	S2_mrna_detected_only	0.0650326	29	0.737503	0.162377
ENSG00000204740	MALRD1	S2_mrna_detected_only	0.894427	5	0.0405193	0.996743
ENSG00000204815	TTC25	S2_mrna_detected_only	0.785714	7	0.0362385	0.974364
ENSG00000204822	MRPL53	S2_mrna_detected_only	-0.070936	29	0.714619	0.0658227
ENSG00000204839	MROH6	S2_mrna_detected_only	-0.2	4	0.8	0.022904
ENSG00000204842	ATXN2	S2_mrna_detected_only	0.325616	29	0.084763	0.498897
ENSG00000204843	DCTN1	S2_mrna_detected_only	0.706897	29	1.81349e-05	0.93486
ENSG00000204851	PNMAL2	S2_mrna_detected_only	0.6	6	0.208	0.846817
ENSG00000204852	TCTN1	S2_mrna_detected_only	0.0223604	29	0.90834	0.125184
ENSG00000204859	ZBTB48	S2_mrna_detected_only	0.429581	29	0.0200358	0.649874
ENSG00000204899	MZT1	S2_mrna_detected_only	0.253365	29	0.184788	0.391942
ENSG00000204922	UQCC3	S2_mrna_detected_only	0.310239	26	0.122963	0.475152
ENSG00000204936	CD177	S2_mrna_detected_only	0.237346	9	0.538609	0.36888
ENSG00000204941	PSG5	S2_mrna_detected_only		2		
ENSG00000204954	C12orf73	S2_mrna_detected_only	0.375638	27	0.0534954	0.572547
ENSG00000204967	PCDHA4	S2_mrna_detected_only		2		
ENSG00000204977	TRIM13	S2_mrna_detected_only	0.547048	29	0.00213364	0.794547
ENSG00000204978	ERICH4	S2_mrna_detected_only	0.948683	4	0.0513167	0.99958
ENSG00000204983	PRSS1	S2_mrna_detected_only	0.594406	12	0.0415215	0.841406
ENSG00000205002	AARD	S2_mrna_detected_only	0.707107	5	0.18169	0.93507
ENSG00000205038	PKHD1L1	S2_mrna_detected_only		3		
ENSG00000205084	TMEM231	S2_mrna_detected_only	0.276115	22	0.213554	0.424722
ENSG00000205108	FAM205A	S2_mrna_detected_only		1		
ENSG00000205129	C4orf47	S2_mrna_detected_only		2		
ENSG00000205133	TRIQK	S2_mrna_detected_only	0.267539	28	0.168703	0.413165
ENSG00000205138	SDHAF1	S2_mrna_detected_only	-0.145373	29	0.451791	0.0377705
ENSG00000205189	ZBTB10	S2_mrna_detected_only	0.466999	25	0.0185954	0.700725
ENSG00000205213	LGR4	S2_mrna_detected_only	0.344626	29	0.0671339	0.526949
ENSG00000205220	PSMB10	S2_mrna_detected_only	0.71133	29	1.52045e-05	0.937382
ENSG00000205221	VIT	S2_mrna_detected_only	0.1	9	0.797972	0.19689
ENSG00000205250	E2F4	S2_mrna_detected_only	0.341914	29	0.069458	0.522536
ENSG00000205268	PDE7A	S2_mrna_detected_only	0.368519	28	0.0536507	0.564037
ENSG00000205277	MUC12	S2_mrna_detected_only		3		
ENSG00000205302	SNX2	S2_mrna_detected_only	0.588177	29	0.000791637	0.835785
ENSG00000205309	NT5M	S2_mrna_detected_only	0.333562	7	0.464697	0.510191
ENSG00000205323	SARNP	S2_mrna_detected_only	0.2185	29	0.254818	0.340303
ENSG00000205339	IPO7	S2_mrna_detected_only	0.141379	29	0.464445	0.242908
ENSG00000205358	MT1H	S2_mrna_detected_only	0.694384	15	0.00407349	0.926087
ENSG00000205403	CFI	S2_mrna_detected_only	0.302463	29	0.110762	0.46391
ENSG00000205420	KRT6A	S2_mrna_detected_only	1	5	1.40427e-24	1
ENSG00000205423	CNEP1R1	S2_mrna_detected_only	0.185296	29	0.335886	0.295178
ENSG00000205426	KRT81	S2_mrna_detected_only		1		
ENSG00000205476	CCDC85C	S2_mrna_detected_only	0.372195	28	0.0511285	0.568449
ENSG00000205531	NAP1L4	S2_mrna_detected_only	0.527094	29	0.00330406	0.77469
ENSG00000205542	TMSB4X	S2_mrna_detected_only	0.637931	29	0.000196979	0.881067
ENSG00000205560	CPT1B	S2_mrna_detected_only	-0.213564	29	0.265974	0.0195945
ENSG00000205581	HMGN1	S2_mrna_detected_only	0.659606	29	9.93193e-05	0.899769
ENSG00000205629	LCMT1	S2_mrna_detected_only	0.300985	29	0.112603	0.461231
ENSG00000205649	HTN3	S2_mrna_detected_only	0.774597	4	0.225403	0.968901
ENSG00000205659	LIN52	S2_mrna_detected_only	0.23711	28	0.224412	0.368617
ENSG00000205678	TECRL	S2_mrna_detected_only		2		
ENSG00000205683	DPF3	S2_mrna_detected_only	0.637536	6	0.17326	0.880857
ENSG00000205707	LYRM5	S2_mrna_detected_only	0.677189	29	5.46927e-05	0.9139
ENSG00000205726	ITSN1	S2_mrna_detected_only	0.524702	28	0.00414937	0.772379
ENSG00000205730	ITPRIPL2	S2_mrna_detected_only	0.535918	29	0.00273197	0.783726
ENSG00000205758	CRYZL1	S2_mrna_detected_only	0.484729	29	0.0077009	0.723209
ENSG00000205765	C5orf51	S2_mrna_detected_only	0.214778	29	0.2632	0.335365
ENSG00000205808	PLPP6	S2_mrna_detected_only	0.136908	29	0.478828	0.238863
ENSG00000205903	ZNF316	S2_mrna_detected_only	-0.0556925	29	0.774156	0.0726518
ENSG00000205927	OLIG2	S2_mrna_detected_only		1		
ENSG00000205937	RNPS1	S2_mrna_detected_only	0.358128	29	0.0564476	0.547069
ENSG00000205981	DNAJC19	S2_mrna_detected_only	0.571921	29	0.00118965	0.819185
ENSG00000206047	DEFA1	S2_mrna_detected_only	-0.2	5	0.74706	0.022904
ENSG00000206053	HN1L	S2_mrna_detected_only	0.655172	29	0.000114751	0.895724
ENSG00000206073	SERPINB4	S2_mrna_detected_only	0.8	4	0.2	0.979513
ENSG00000206075	SERPINB5	S2_mrna_detected_only	0.888112	12	0.000114134	0.996323
ENSG00000206177	HBM	S2_mrna_detected_only		1		
ENSG00000206384	COL6A6	S2_mrna_detected_only	-0.4	4	0.6	0.00220635
ENSG00000206418	RAB12	S2_mrna_detected_only	0.510345	29	0.00467598	0.755306
ENSG00000206503	HLA-A	S2_mrna_detected_only	0.514286	29	0.00431579	0.760979
ENSG00000206527	HACD2	S2_mrna_detected_only	0.349541	29	0.063076	0.533883
ENSG00000206549	PRSS50	S2_mrna_detected_only		1		
ENSG00000206557	TRIM71	S2_mrna_detected_only		1		
ENSG00000206560	ANKRD28	S2_mrna_detected_only	0.43399	29	0.0186622	0.655337
ENSG00000211445	GPX3	S2_mrna_detected_only	0.33399	29	0.0766068	0.511137
ENSG00000211450	C11orf31	S2_mrna_detected_only	-0.181281	29	0.346646	0.0273692
ENSG00000211452	DIO1	S2_mrna_detected_only		3		
ENSG00000211455	STK38L	S2_mrna_detected_only	0.486267	29	0.0074815	0.725205
ENSG00000211456	SACM1L	S2_mrna_detected_only	0.144335	29	0.455062	0.245692
ENSG00000211460	TSN	S2_mrna_detected_only	0.455665	29	0.0129888	0.684282
ENSG00000211638	IGLV8-61	S2_mrna_detected_only	0.124898	22	0.579713	0.22552
ENSG00000211639	IGLV4-60	S2_mrna_detected_only	0.234883	13	0.439845	0.36515
ENSG00000211654	IGLV5-37	S2_mrna_detected_only	0.498656	13	0.0828211	0.739914
ENSG00000211655	IGLV1-36	S2_mrna_detected_only	0.0323844	19	0.895292	0.132328
ENSG00000211659	IGLV3-25	S2_mrna_detected_only	0.491538	25	0.0125798	0.732139
ENSG00000211665	IGLV3-16	S2_mrna_detected_only	0.0740998	15	0.792975	0.169941
ENSG00000211679	IGLC3	S2_mrna_detected_only	0.388292	29	0.0373876	0.589462
ENSG00000211721	TRBV6-5	S2_mrna_detected_only	0.420084	16	0.105228	0.637371
ENSG00000211751	TRBC1	S2_mrna_detected_only	0.554177	25	0.00404707	0.802742
ENSG00000211803	TRAV23DV6	S2_mrna_detected_only	0.547723	9	0.12687	0.79502
ENSG00000211891	IGHE	S2_mrna_detected_only		3		
ENSG00000211893	IGHG2	S2_mrna_detected_only	-0.0687179	26	0.738715	0.0669784
ENSG00000211898	IGHD	S2_mrna_detected_only	0.471429	15	0.0760704	0.705663
ENSG00000211945	IGHV1-18	S2_mrna_detected_only	-0.239686	23	0.27066	0.015497
ENSG00000211946	IGHV3-20	S2_mrna_detected_only	-0.384334	13	0.194767	0.00309939
ENSG00000211950	IGHV1-24	S2_mrna_detected_only	0.208846	17	0.421147	0.324385
ENSG00000211952	IGHV4-28	S2_mrna_detected_only	-0.142857	6	0.787172	0.0385585
ENSG00000211956	IGHV4-34	S2_mrna_detected_only	0.0260078	21	0.9109	0.12718
ENSG00000211957	IGHV3-35	S2_mrna_detected_only		2		
ENSG00000211961	IGHV1-45	S2_mrna_detected_only		3		
ENSG00000211968	IGHV1-58	S2_mrna_detected_only	0.0886867	14	0.76304	0.185491
ENSG00000213022	KLK9	S2_mrna_detected_only		1		
ENSG00000213023	SYT3	S2_mrna_detected_only		1		
ENSG00000213024	NUP62	S2_mrna_detected_only	0.82508	29	3.66944e-08	0.986184
ENSG00000213047	DENND1B	S2_mrna_detected_only	0.401224	26	0.0422046	0.609529
ENSG00000213064	SFT2D2	S2_mrna_detected_only	-0.242175	28	0.214374	0.0150767
ENSG00000213066	FGFR1OP	S2_mrna_detected_only	0.525123	29	0.00344499	0.772851
ENSG00000213079	SCAF8	S2_mrna_detected_only	0.312808	29	0.0984969	0.47967
ENSG00000213085	CFAP45	S2_mrna_detected_only	0.8	4	0.2	0.979513
ENSG00000213088	ACKR1	S2_mrna_detected_only	0.353145	25	0.0833411	0.540187
ENSG00000213139	CRYGS	S2_mrna_detected_only		2		
ENSG00000213145	CRIP1	S2_mrna_detected_only	0.505419	29	0.00516202	0.74937
ENSG00000213214	ARHGEF35	S2_mrna_detected_only	0.537129	21	0.0120443	0.785091
ENSG00000213221	DNLZ	S2_mrna_detected_only	-0.185084	26	0.365366	0.0262135
ENSG00000213231	TCL1B	S2_mrna_detected_only		3		
ENSG00000213246	SUPT4H1	S2_mrna_detected_only	0.285467	29	0.133329	0.439641
ENSG00000213281	NRAS	S2_mrna_detected_only	-0.0896994	29	0.643556	0.0575226
ENSG00000213337	ANKRD39	S2_mrna_detected_only	0.258022	29	0.176572	0.39814
ENSG00000213339	QTRT1	S2_mrna_detected_only	-0.161104	29	0.403785	0.0326224
ENSG00000213341	CHUK	S2_mrna_detected_only	0.402316	29	0.0304949	0.611578
ENSG00000213366	GSTM2	S2_mrna_detected_only	0.527094	29	0.00330406	0.77469
ENSG00000213380	COG8	S2_mrna_detected_only	0.0519832	29	0.788849	0.148823
ENSG00000213390	ARHGAP19	S2_mrna_detected_only	0.305963	26	0.128484	0.469479
ENSG00000213397	HAUS7	S2_mrna_detected_only	0.277968	28	0.152083	0.428504
ENSG00000213398	LCAT	S2_mrna_detected_only	0.367488	29	0.0498592	0.561305
ENSG00000213402	PTPRCAP	S2_mrna_detected_only	0.422942	15	0.116249	0.641679
ENSG00000213424	KRT222	S2_mrna_detected_only	0.774806	7	0.0407695	0.969006
ENSG00000213465	ARL2	S2_mrna_detected_only	0.395567	29	0.033671	0.598813
ENSG00000213512	GBP7	S2_mrna_detected_only		1		
ENSG00000213516	RBMXL1	S2_mrna_detected_only	0.223153	29	0.244586	0.348498
ENSG00000213523	SRA1	S2_mrna_detected_only	0.155236	28	0.43024	0.259561
ENSG00000213551	DNAJC9	S2_mrna_detected_only	0.268966	29	0.158284	0.415213
ENSG00000213578	CPLX3	S2_mrna_detected_only		3		
ENSG00000213585	VDAC1	S2_mrna_detected_only	0.454187	29	0.0133234	0.682496
ENSG00000213588	ZBTB9	S2_mrna_detected_only	0.173347	28	0.377696	0.281519
ENSG00000213593	TMX2	S2_mrna_detected_only	0.165291	29	0.391509	0.271433
ENSG00000213614	HEXA	S2_mrna_detected_only	0.440887	29	0.01667	0.663953
ENSG00000213619	NDUFS3	S2_mrna_detected_only	0.570936	29	0.00121857	0.818239
ENSG00000213625	LEPROT	S2_mrna_detected_only	0.0404864	29	0.834822	0.138212
ENSG00000213626	LBH	S2_mrna_detected_only	0.46601	29	0.0108377	0.698939
ENSG00000213638	ADAT3	S2_mrna_detected_only		2		
ENSG00000213639	PPP1CB	S2_mrna_detected_only	0.528079	29	0.00323547	0.775426
ENSG00000213654	GPSM3	S2_mrna_detected_only	0.905395	29	1.50237e-11	0.997426
ENSG00000213672	NCKIPSD	S2_mrna_detected_only	0.460099	29	0.012027	0.690324
ENSG00000213676	ATF6B	S2_mrna_detected_only	-0.0665075	29	0.731764	0.068029
ENSG00000213689	TREX1	S2_mrna_detected_only	0.336752	26	0.0925306	0.514446
ENSG00000213694	S1PR3	S2_mrna_detected_only	0.200947	29	0.295911	0.314509
ENSG00000213699	SLC35F6	S2_mrna_detected_only	0.457143	29	0.0126613	0.686384
ENSG00000213714	FAM209B	S2_mrna_detected_only		1		
ENSG00000213719	CLIC1	S2_mrna_detected_only	0.504433	29	0.00526422	0.748214
ENSG00000213722	DDAH2	S2_mrna_detected_only	0.294581	29	0.120844	0.452038
ENSG00000213741	RPS29	S2_mrna_detected_only	-0.223673	29	0.24346	0.0180185
ENSG00000213760	ATP6V1G2	S2_mrna_detected_only	0.393407	14	0.164032	0.595871
ENSG00000213780	GTF2H4	S2_mrna_detected_only	0.0369458	29	0.849096	0.135428
ENSG00000213782	DDX47	S2_mrna_detected_only	0.228571	29	0.233019	0.356955
ENSG00000213799	ZNF845	S2_mrna_detected_only	-0.162162	26	0.428675	0.0322021
ENSG00000213886	UBD	S2_mrna_detected_only	0.184152	24	0.389018	0.293286
ENSG00000213903	LTB4R	S2_mrna_detected_only	0.577146	23	0.0039339	0.823965
ENSG00000213918	DNASE1	S2_mrna_detected_only	0.299154	25	0.146306	0.458237
ENSG00000213920	MDP1	S2_mrna_detected_only	0.275361	29	0.148245	0.423671
ENSG00000213923	CSNK1E	S2_mrna_detected_only	0.0542139	29	0.780004	0.151135
ENSG00000213928	IRF9	S2_mrna_detected_only	0.180788	29	0.34798	0.289504
ENSG00000213930	GALT	S2_mrna_detected_only	0.519212	29	0.00389912	0.766495
ENSG00000213949	ITGA1	S2_mrna_detected_only	0.733211	27	1.35893e-05	0.949832
ENSG00000213965	NUDT19	S2_mrna_detected_only	0.508007	29	0.00490155	0.752206
ENSG00000213977	TAX1BP3	S2_mrna_detected_only	0.486207	29	0.00748995	0.72489
ENSG00000213983	AP1G2	S2_mrna_detected_only	0.470717	28	0.0114692	0.70477
ENSG00000213995	CARKD	S2_mrna_detected_only	0.473023	29	0.00955612	0.706924
ENSG00000213996	TM6SF2	S2_mrna_detected_only	0.44475	7	0.317372	0.668943
ENSG00000213999	MEF2B	S2_mrna_detected_only	0.6	4	0.4	0.846922
ENSG00000214013	GANC	S2_mrna_detected_only	0.209662	28	0.284258	0.326171
ENSG00000214022	REPIN1	S2_mrna_detected_only	0.0783749	29	0.686125	0.174039
ENSG00000214026	MRPL23	S2_mrna_detected_only	0.387192	29	0.037977	0.587518
ENSG00000214046	SMIM7	S2_mrna_detected_only	-0.257751	29	0.177044	0.0137109
ENSG00000214050	FBXO16	S2_mrna_detected_only	0.169031	6	0.748868	0.276634
ENSG00000214063	TSPAN4	S2_mrna_detected_only	0.39053	29	0.0362105	0.592089
ENSG00000214078	CPNE1	S2_mrna_detected_only	0.678818	29	5.16483e-05	0.915266
ENSG00000214107	MAGEB1	S2_mrna_detected_only		1		
ENSG00000214113	LYRM4	S2_mrna_detected_only	-0.0234019	29	0.90409	0.0945051
ENSG00000214114	MYCBP	S2_mrna_detected_only	0.630542	29	0.00024587	0.875394
ENSG00000214160	ALG3	S2_mrna_detected_only	0.0393252	29	0.839498	0.136951
ENSG00000214253	FIS1	S2_mrna_detected_only	0.34487	29	0.0669277	0.527579
ENSG00000214274	ANG	S2_mrna_detected_only	0.420024	27	0.0291643	0.637161
ENSG00000214309	MBLAC1	S2_mrna_detected_only		2		
ENSG00000214336	FOXI3	S2_mrna_detected_only		1		
ENSG00000214338	SOGA3	S2_mrna_detected_only		3		
ENSG00000214357	NEURL1B	S2_mrna_detected_only	0.55933	26	0.00297112	0.808206
ENSG00000214367	HAUS3	S2_mrna_detected_only	-0.0502463	29	0.795754	0.0757512
ENSG00000214413	BBIP1	S2_mrna_detected_only	0.179251	29	0.352164	0.287508
ENSG00000214435	AS3MT	S2_mrna_detected_only	0.833043	24	4.37517e-07	0.988075
ENSG00000214517	PPME1	S2_mrna_detected_only	0.650739	29	0.000132277	0.892677
ENSG00000214530	STARD10	S2_mrna_detected_only	0.701478	29	2.23982e-05	0.931551
ENSG00000214655	ZSWIM8	S2_mrna_detected_only	0.0320197	29	0.869032	0.131855
ENSG00000214688	C10orf105	S2_mrna_detected_only		1		
ENSG00000214706	IFRD2	S2_mrna_detected_only	0.483538	29	0.00787452	0.721423
ENSG00000214717	ZBED1	S2_mrna_detected_only	-0.267028	29	0.161419	0.012345
ENSG00000214736	TOMM6	S2_mrna_detected_only	0.192579	29	0.316893	0.303583
ENSG00000214753	HNRNPUL2	S2_mrna_detected_only	0.339901	29	0.0712227	0.519805
ENSG00000214814	FER1L6	S2_mrna_detected_only	0.357143	8	0.385121	0.545388
ENSG00000214827	MTCP1	S2_mrna_detected_only	-0.141665	28	0.47209	0.0392414
ENSG00000214897	U82695.5	S2_mrna_detected_only		2		
ENSG00000214960	ISPD	S2_mrna_detected_only	0.1	5	0.872889	0.19689
ENSG00000215021	PHB2	S2_mrna_detected_only	0.135468	29	0.48351	0.237655
ENSG00000215041	NEURL4	S2_mrna_detected_only	-0.0833106	28	0.673409	0.0607796
ENSG00000215113	CXorf49B	S2_mrna_detected_only		1		
ENSG00000215114	UBXN2B	S2_mrna_detected_only	0.314117	29	0.0970211	0.481456
ENSG00000215182	MUC5AC	S2_mrna_detected_only		2		
ENSG00000215187	FAM166B	S2_mrna_detected_only	0.410391	5	0.492536	0.624396
ENSG00000215193	PEX26	S2_mrna_detected_only	0.100691	29	0.603267	0.197678
ENSG00000215217	C5orf49	S2_mrna_detected_only	0.707107	5	0.18169	0.93507
ENSG00000215251	FASTKD5	S2_mrna_detected_only	0.224631	29	0.241395	0.350809
ENSG00000215271	HOMEZ	S2_mrna_detected_only	-0.0804908	29	0.678095	0.0621454
ENSG00000215301	DDX3X	S2_mrna_detected_only	0.303239	29	0.109804	0.465066
ENSG00000215305	VPS16	S2_mrna_detected_only	0.363054	29	0.0528998	0.555369
ENSG00000215375	MYL5	S2_mrna_detected_only	-0.135467	29	0.483515	0.0408174
ENSG00000215421	ZNF407	S2_mrna_detected_only	0.171421	27	0.392586	0.279418
ENSG00000215440	NPEPL1	S2_mrna_detected_only	0.443842	29	0.0158718	0.668103
ENSG00000215644	GCGR	S2_mrna_detected_only		3		
ENSG00000215695	RSC1A1	S2_mrna_detected_only	0.145498	19	0.552289	0.247058
ENSG00000215704	CELA2B	S2_mrna_detected_only	0.27323	6	0.600355	0.420992
ENSG00000215712	TMEM242	S2_mrna_detected_only	0.48364	28	0.00912198	0.721528
ENSG00000215845	TSTD1	S2_mrna_detected_only	0.728079	29	7.58063e-06	0.946417
ENSG00000215853	RPTN	S2_mrna_detected_only		1		
ENSG00000215912	TTC34	S2_mrna_detected_only		1		
ENSG00000216490	IFI30	S2_mrna_detected_only	0.52839	29	0.00321405	0.775741
ENSG00000217128	FNIP1	S2_mrna_detected_only	0.155392	28	0.429771	0.259666
ENSG00000218891	ZNF579	S2_mrna_detected_only	0.144149	22	0.522166	0.245377
ENSG00000219073	CELA3B	S2_mrna_detected_only	0.785714	7	0.0362385	0.974364
ENSG00000219607	PPP1R3G	S2_mrna_detected_only		3		
ENSG00000220205	VAMP2	S2_mrna_detected_only	0.537438	29	0.00264255	0.785774
ENSG00000221818	EBF2	S2_mrna_detected_only	0.3	5	0.623838	0.45934
ENSG00000221823	PPP3R1	S2_mrna_detected_only	0.107389	29	0.579252	0.204717
ENSG00000221826	PSG3	S2_mrna_detected_only		2		
ENSG00000221829	FANCG	S2_mrna_detected_only	-0.295826	25	0.151067	0.00887792
ENSG00000221838	AP4M1	S2_mrna_detected_only	0.0618608	29	0.749892	0.158594
ENSG00000221869	CEBPD	S2_mrna_detected_only	-0.147222	26	0.472946	0.0372452
ENSG00000221886	ZBED8	S2_mrna_detected_only	0.0885785	25	0.67372	0.185281
ENSG00000221914	PPP2R2A	S2_mrna_detected_only	0.229557	29	0.230955	0.358163
ENSG00000221946	FXYD7	S2_mrna_detected_only		1		
ENSG00000221955	SLC12A8	S2_mrna_detected_only	0.679482	16	0.00378839	0.916001
ENSG00000221963	APOL6	S2_mrna_detected_only	-0.092552	28	0.639485	0.0568922
ENSG00000221968	FADS3	S2_mrna_detected_only	0.391558	29	0.0356802	0.593455
ENSG00000221978	CCNL2	S2_mrna_detected_only	0.0310345	29	0.873029	0.130595
ENSG00000222011	FAM185A	S2_mrna_detected_only	0.387748	26	0.0503187	0.588832
ENSG00000222014	RAB6C	S2_mrna_detected_only	0.0305383	17	0.907377	0.130122
ENSG00000222038	POTEJ	S2_mrna_detected_only		5		
ENSG00000222046	DCDC2B	S2_mrna_detected_only		1		
ENSG00000223496	EXOSC6	S2_mrna_detected_only	0.0487685	29	0.801641	0.145514
ENSG00000223501	VPS52	S2_mrna_detected_only	0	29	1	0.107638
ENSG00000223510	CDRT15	S2_mrna_detected_only		1		
ENSG00000223648	IGHV3-64	S2_mrna_detected_only	-0.0455342	12	0.888252	0.0797962
ENSG00000223802	CERS1	S2_mrna_detected_only	0.409159	8	0.314149	0.62219
ENSG00000223865	HLA-DPB1	S2_mrna_detected_only	0.525066	29	0.00344916	0.772589
ENSG00000223953	C1QTNF5	S2_mrna_detected_only	0.425148	28	0.0241128	0.644831
ENSG00000224051	CPTP	S2_mrna_detected_only	0.453391	29	0.0135066	0.681393
ENSG00000224089	CT47A10	S2_mrna_detected_only		1		
ENSG00000224389	C4B	S2_mrna_detected_only	-0.179487	28	0.360767	0.0277895
ENSG00000224470	ATXN1L	S2_mrna_detected_only	0.403443	29	0.029989	0.614257
ENSG00000224531	SMIM13	S2_mrna_detected_only	0.32985	28	0.0864965	0.504991
ENSG00000224877	C17orf89	S2_mrna_detected_only	0.0862325	29	0.656479	0.182549
ENSG00000224916	APOC4-APOC2	S2_mrna_detected_only	-0.358242	14	0.208498	0.00415003
ENSG00000224982	TMEM233	S2_mrna_detected_only		3		
ENSG00000225190	PLEKHM1	S2_mrna_detected_only	0.415218	28	0.0280035	0.630962
ENSG00000225523	IGKV6D-21	S2_mrna_detected_only	0.300636	17	0.240993	0.460653
ENSG00000225663	FAM195B	S2_mrna_detected_only	0.378818	29	0.0427138	0.577432
ENSG00000225697	SLC26A6	S2_mrna_detected_only	0.673446	25	0.000224426	0.911904
ENSG00000225830	ERCC6	S2_mrna_detected_only	-0.0421923	24	0.844805	0.0823177
ENSG00000225921	NOL7	S2_mrna_detected_only	0.257252	29	0.177912	0.396775
ENSG00000225968	ELFN1	S2_mrna_detected_only		3		
ENSG00000225973	PIGBOS1	S2_mrna_detected_only	0.127497	29	0.509839	0.228147
ENSG00000226321	CROCC2	S2_mrna_detected_only		1		
ENSG00000227057	WDR46	S2_mrna_detected_only	0.303793	29	0.109124	0.466222
ENSG00000227234	SPANXB1	S2_mrna_detected_only		1		
ENSG00000227345	PARG	S2_mrna_detected_only	0.396059	28	0.0369441	0.599338
ENSG00000227500	SCAMP4	S2_mrna_detected_only	0.607882	29	0.000469069	0.853225
ENSG00000227507	LTB	S2_mrna_detected_only	0.410503	15	0.128544	0.624553
ENSG00000228253	MT-ATP8	S2_mrna_detected_only	0.302956	29	0.110153	0.464698
ENSG00000228278	ORM2	S2_mrna_detected_only	0.142857	7	0.759945	0.244169
ENSG00000228672	PROB1	S2_mrna_detected_only	0.316228	4	0.683772	0.486132
ENSG00000228716	DHFR	S2_mrna_detected_only	0.489259	28	0.00823516	0.729092
ENSG00000228836	CT45A5	S2_mrna_detected_only		1		
ENSG00000229314	ORM1	S2_mrna_detected_only	-0.85	9	0.00370478	0
ENSG00000229809	ZNF688	S2_mrna_detected_only	0.394347	27	0.0418048	0.597132
ENSG00000229859	PGA3	S2_mrna_detected_only	0.707107	5	0.18169	0.93507
ENSG00000229937	PRPS1L1	S2_mrna_detected_only		1		
ENSG00000230062	ANKRD66	S2_mrna_detected_only		2		
ENSG00000230124	ACBD6	S2_mrna_detected_only	0.278359	29	0.143699	0.429134
ENSG00000230797	YY2	S2_mrna_detected_only	0.9	5	0.0373861	0.997163
ENSG00000230873	STMND1	S2_mrna_detected_only	0.707107	5	0.18169	0.93507
ENSG00000230989	HSBP1	S2_mrna_detected_only	0.225151	29	0.240277	0.352122
ENSG00000231389	HLA-DPA1	S2_mrna_detected_only	0.475369	29	0.00915683	0.70955
ENSG00000231475	IGHV4-31	S2_mrna_detected_only	-0.147374	13	0.630898	0.0370351
ENSG00000231500	RPS18	S2_mrna_detected_only	0.393103	29	0.0348944	0.595188
ENSG00000231824	C18orf42	S2_mrna_detected_only		1		
ENSG00000231852	CYP21A2	S2_mrna_detected_only		1		
ENSG00000231887	PRH1	S2_mrna_detected_only	-0.078811	7	0.866621	0.0630385
ENSG00000231924	PSG1	S2_mrna_detected_only		2		
ENSG00000231925	TAPBP	S2_mrna_detected_only	0.578818	29	0.00100345	0.825383
ENSG00000232112	TMA7	S2_mrna_detected_only	0.174384	29	0.365603	0.28278
ENSG00000232119	MCTS1	S2_mrna_detected_only	0.0926108	29	0.632781	0.188958
ENSG00000232216	IGHV3-43	S2_mrna_detected_only	-0.49011	14	0.0752201	0.000472788
ENSG00000232388	LINC00493	S2_mrna_detected_only	0.278303	29	0.143784	0.428924
ENSG00000232434	C9orf172	S2_mrna_detected_only	0.258199	4	0.741801	0.398613
ENSG00000232838	PET117	S2_mrna_detected_only	0.295956	29	0.119038	0.453509
ENSG00000232859	LYRM9	S2_mrna_detected_only	0.705681	29	1.90221e-05	0.933967
ENSG00000233232	NPIPB7	S2_mrna_detected_only		1		
ENSG00000233276	GPX1	S2_mrna_detected_only	0.14115	29	0.465175	0.242646
ENSG00000233493	TMEM238	S2_mrna_detected_only	0.782624	5	0.117614	0.973104
ENSG00000233670	PIRT	S2_mrna_detected_only	0.205196	5	0.740582	0.320235
ENSG00000233927	RPS28	S2_mrna_detected_only	0.0503558	28	0.799132	0.146985
ENSG00000234068	PAGE2	S2_mrna_detected_only		1		
ENSG00000234127	TRIM26	S2_mrna_detected_only	0.524138	29	0.00351736	0.771748
ENSG00000234414	RBMY1A1	S2_mrna_detected_only		1		
ENSG00000234545	FAM133B	S2_mrna_detected_only	0.0181328	29	0.925617	0.121927
ENSG00000234616	JRK	S2_mrna_detected_only	0.308942	25	0.132925	0.473787
ENSG00000234745	HLA-B	S2_mrna_detected_only	0.635468	29	0.000212222	0.878493
ENSG00000235109	ZSCAN31	S2_mrna_detected_only	0.247929	18	0.321218	0.382276
ENSG00000235162	C12orf75	S2_mrna_detected_only	0.533846	25	0.00598633	0.780889
ENSG00000235173	HGH1	S2_mrna_detected_only	0.182266	28	0.353253	0.291343
ENSG00000235194	PPP1R3E	S2_mrna_detected_only	0.275561	24	0.192471	0.424091
ENSG00000235750	KIAA0040	S2_mrna_detected_only	0.282544	28	0.145174	0.435018
ENSG00000236279	CLEC2L	S2_mrna_detected_only		3		
ENSG00000236287	ZBED5	S2_mrna_detected_only	0.186491	29	0.332722	0.296438
ENSG00000236446	CT47B1	S2_mrna_detected_only		1		
ENSG00000236609	ZNF853	S2_mrna_detected_only	0.504089	25	0.010189	0.747478
ENSG00000237172	B3GNT9	S2_mrna_detected_only	0.294413	27	0.136042	0.451828
ENSG00000237190	CDKN2AIPNL	S2_mrna_detected_only	-0.0826243	29	0.670033	0.0613049
ENSG00000237440	ZNF737	S2_mrna_detected_only	-0.110262	26	0.591807	0.0496428
ENSG00000237441	RGL2	S2_mrna_detected_only	0.367532	21	0.101199	0.56162
ENSG00000237515	SHISA9	S2_mrna_detected_only	0.707107	5	0.18169	0.93507
ENSG00000239264	TXNDC5	S2_mrna_detected_only	0.658128	29	0.000104245	0.898823
ENSG00000239282	GATSL3	S2_mrna_detected_only	0.405199	23	0.0550991	0.616779
ENSG00000239306	RBM14	S2_mrna_detected_only	0.112808	29	0.560141	0.211074
ENSG00000239382	ALKBH6	S2_mrna_detected_only	-0.227133	23	0.297297	0.0174932
ENSG00000239474	KLHL41	S2_mrna_detected_only	0.0585779	9	0.881007	0.15518
ENSG00000239672	NME1	S2_mrna_detected_only	0.0768473	29	0.691944	0.172358
ENSG00000239697	TNFSF12	S2_mrna_detected_only	0.270116	29	0.156443	0.416842
ENSG00000239713	APOBEC3G	S2_mrna_detected_only	0.634296	26	0.000501617	0.877863
ENSG00000239819	IGKV1D-8	S2_mrna_detected_only		10		
ENSG00000239857	GET4	S2_mrna_detected_only	0.425915	29	0.0212406	0.645514
ENSG00000239862	IGKV1-37	S2_mrna_detected_only	-0.707107	5	0.18169	0
ENSG00000239887	C1orf226	S2_mrna_detected_only	0.390789	23	0.0652204	0.592509
ENSG00000239900	ADSL	S2_mrna_detected_only	0.165025	29	0.392285	0.271013
ENSG00000239975	IGKV1D-33	S2_mrna_detected_only	0.00608696	24	0.97748	0.112681
ENSG00000240038	AMY2B	S2_mrna_detected_only	0.238699	29	0.212393	0.370824
ENSG00000240065	PSMB9	S2_mrna_detected_only	0.842365	28	1.89677e-08	0.990071
ENSG00000240184	PCDHGC3	S2_mrna_detected_only	0.067496	29	0.727926	0.164163
ENSG00000240230	COX19	S2_mrna_detected_only	0.253182	28	0.193624	0.390943
ENSG00000240344	PPIL3	S2_mrna_detected_only	0.31133	29	0.100183	0.477201
ENSG00000240563	L1TD1	S2_mrna_detected_only	1	4	0	1
ENSG00000240671	IGKV1-8	S2_mrna_detected_only	-0.673891	18	0.00216596	5.2532e-05
ENSG00000240682	ISY1	S2_mrna_detected_only	0.487685	29	0.0072839	0.726833
ENSG00000240694	PNMA2	S2_mrna_detected_only	0.354236	14	0.214	0.541028
ENSG00000240764	PCDHGC5	S2_mrna_detected_only		1		
ENSG00000240771	ARHGEF25	S2_mrna_detected_only	0.50336	27	0.00743968	0.746113
ENSG00000240849	TMEM189	S2_mrna_detected_only	0.419754	29	0.0233981	0.636531
ENSG00000240857	RDH14	S2_mrna_detected_only	0.28135	29	0.139267	0.433337
ENSG00000240972	MIF	S2_mrna_detected_only	-0.189655	29	0.324437	0.0247426
ENSG00000241058	NSUN6	S2_mrna_detected_only	-0.025407	29	0.895915	0.0936646
ENSG00000241106	HLA-DOB	S2_mrna_detected_only	0.784574	15	0.000533	0.973997
ENSG00000241119	UGT1A9	S2_mrna_detected_only		2		
ENSG00000241127	YAE1D1	S2_mrna_detected_only	0.749136	29	2.932e-06	0.957817
ENSG00000241258	CRCP	S2_mrna_detected_only	-0.116187	29	0.54837	0.0471212
ENSG00000241360	PDXP	S2_mrna_detected_only	0.840768	22	9.63287e-07	0.989756
ENSG00000241370	RPP21	S2_mrna_detected_only	0.148865	29	0.44088	0.252311
ENSG00000241468	ATP5J2	S2_mrna_detected_only	0.396108	29	0.0334068	0.599968
ENSG00000241476	SSX2	S2_mrna_detected_only		1		
ENSG00000241553	ARPC4	S2_mrna_detected_only	0.47931	29	0.00851784	0.715276
ENSG00000241635	UGT1A1	S2_mrna_detected_only	0.857143	7	0.0136973	0.99233
ENSG00000241685	ARPC1A	S2_mrna_detected_only	0.117734	29	0.543022	0.216222
ENSG00000241794	SPRR2A	S2_mrna_detected_only	0.737865	4	0.262135	0.952196
ENSG00000241837	ATP5O	S2_mrna_detected_only	0.374384	29	0.0454057	0.571601
ENSG00000241839	PLEKHO2	S2_mrna_detected_only	0.593596	29	0.000687821	0.84067
ENSG00000241878	PISD	S2_mrna_detected_only	0.00788274	29	0.967628	0.113732
ENSG00000241935	HOGA1	S2_mrna_detected_only	0.783333	9	0.0125199	0.973419
ENSG00000241945	PWP2	S2_mrna_detected_only	0.283876	28	0.143205	0.437224
ENSG00000241973	PI4KA	S2_mrna_detected_only	0.00221702	29	0.990893	0.109109
ENSG00000242028	HYPK	S2_mrna_detected_only	-0.0411765	16	0.879654	0.0835785
ENSG00000242110	AMACR	S2_mrna_detected_only	0.732356	29	6.29487e-06	0.948991
ENSG00000242114	MTFP1	S2_mrna_detected_only	0.227225	27	0.254364	0.355379
ENSG00000242221	PSG2	S2_mrna_detected_only		2		
ENSG00000242247	ARFGAP3	S2_mrna_detected_only	0.664532	29	8.43603e-05	0.904654
ENSG00000242259	C22orf39	S2_mrna_detected_only	0.196333	29	0.307371	0.307575
ENSG00000242265	PEG10	S2_mrna_detected_only	0.404014	23	0.0558823	0.615728
ENSG00000242366	UGT1A8	S2_mrna_detected_only	-0.238095	8	0.570156	0.0159697
ENSG00000242372	EIF6	S2_mrna_detected_only	0.612808	29	0.000409322	0.858426
ENSG00000242389	RBMY1E	S2_mrna_detected_only		1		
ENSG00000242485	MRPL20	S2_mrna_detected_only	0.328571	29	0.081812	0.503047
ENSG00000242515	UGT1A10	S2_mrna_detected_only	0.806061	10	0.00486206	0.981246
ENSG00000242574	HLA-DMB	S2_mrna_detected_only	0.575862	29	0.00107988	0.823177
ENSG00000242580	IGKV1D-43	S2_mrna_detected_only		3		
ENSG00000242612	DECR2	S2_mrna_detected_only	0.753473	27	5.71574e-06	0.959498
ENSG00000242616	GNG10	S2_mrna_detected_only	0.211849	29	0.269923	0.331109
ENSG00000242802	AP5Z1	S2_mrna_detected_only	-0.0567852	27	0.778458	0.0722316
ENSG00000243056	EIF4EBP3	S2_mrna_detected_only	0.245433	29	0.199389	0.378493
ENSG00000243063	IGKV3-7	S2_mrna_detected_only		4		
ENSG00000243130	PSG11	S2_mrna_detected_only		2		
ENSG00000243135	UGT1A3	S2_mrna_detected_only		3		
ENSG00000243137	PSG4	S2_mrna_detected_only		2		
ENSG00000243147	MRPL33	S2_mrna_detected_only	0.399648	29	0.03172	0.606693
ENSG00000243156	MICAL3	S2_mrna_detected_only	0.676355	29	5.63138e-05	0.913585
ENSG00000243207	PPAN-P2RY11	S2_mrna_detected_only		1		
ENSG00000243244	STON1	S2_mrna_detected_only	0.117479	26	0.567627	0.215959
ENSG00000243279	PRAF2	S2_mrna_detected_only	0.434483	29	0.0185137	0.656493
ENSG00000243284	VSIG8	S2_mrna_detected_only		2		
ENSG00000243335	KCTD7	S2_mrna_detected_only	0.106689	27	0.59635	0.203982
ENSG00000243364	EFNA4	S2_mrna_detected_only	-0.276969	27	0.16193	0.0112944
ENSG00000243477	NAT6	S2_mrna_detected_only	0.417227	27	0.0303696	0.633799
ENSG00000243480	AMY2A	S2_mrna_detected_only	0.629371	12	0.0283197	0.874501
ENSG00000243509	TNFRSF6B	S2_mrna_detected_only		1		
ENSG00000243646	IL10RB	S2_mrna_detected_only	0.280282	29	0.140838	0.432391
ENSG00000243667	WDR92	S2_mrna_detected_only	0.481456	28	0.00948755	0.718481
ENSG00000243710	CFAP57	S2_mrna_detected_only		2		
ENSG00000243725	TTC4	S2_mrna_detected_only	0.0280823	29	0.885024	0.128546
ENSG00000243749	ZMYM6NB	S2_mrna_detected_only	0.109248	29	0.572665	0.207449
ENSG00000243789	JMJD7	S2_mrna_detected_only	0.346735	29	0.0653689	0.529786
ENSG00000243811	APOBEC3D	S2_mrna_detected_only	-0.0599761	19	0.807308	0.0710759
ENSG00000243927	MRPS6	S2_mrna_detected_only	-0.111836	29	0.563546	0.0488023
ENSG00000243943	ZNF512	S2_mrna_detected_only	0.636946	29	0.000202955	0.880437
ENSG00000243955	GSTA1	S2_mrna_detected_only	0.922807	19	1.85858e-08	0.998897
ENSG00000243989	ACY1	S2_mrna_detected_only	0.74532	29	3.5062e-06	0.955295
ENSG00000244005	NFS1	S2_mrna_detected_only	0.615764	29	0.000376782	0.86142
ENSG00000244038	DDOST	S2_mrna_detected_only	0.384729	29	0.0393242	0.584524
ENSG00000244045	TMEM199	S2_mrna_detected_only	-0.0665025	29	0.731784	0.0681341
ENSG00000244094	SPRR2F	S2_mrna_detected_only	0	5	1	0.107638
ENSG00000244122	UGT1A7	S2_mrna_detected_only		2		
ENSG00000244187	TMEM141	S2_mrna_detected_only	0.249482	29	0.191839	0.384797
ENSG00000244255	XXbac-BPG116M5.17	S2_mrna_detected_only	-0.2	5	0.74706	0.022904
ENSG00000244414	CFHR1	S2_mrna_detected_only	-0.00225925	22	0.992039	0.105957
ENSG00000244462	RBM12	S2_mrna_detected_only	0.478325	29	0.00867396	0.713858
ENSG00000244474	UGT1A4	S2_mrna_detected_only		3		
ENSG00000244486	SCARF2	S2_mrna_detected_only	0.164835	13	0.590479	0.270593
ENSG00000244509	APOBEC3C	S2_mrna_detected_only	0.602956	29	0.000536348	0.849023
ENSG00000244607	CCDC13	S2_mrna_detected_only		2		
ENSG00000244617	ASPRV1	S2_mrna_detected_only	0.192167	13	0.529375	0.303162
ENSG00000244687	UBE2V1	S2_mrna_detected_only	0.252402	29	0.186521	0.39005
ENSG00000244734	HBB	S2_mrna_detected_only	0.628079	29	0.000264398	0.873398
ENSG00000244754	N4BP2L2	S2_mrna_detected_only	0.294089	29	0.121496	0.451303
ENSG00000247077	PGAM5	S2_mrna_detected_only	0.21133	29	0.271125	0.329113
ENSG00000247315	ZCCHC3	S2_mrna_detected_only	0.450302	29	0.0142373	0.677716
ENSG00000247596	TWF2	S2_mrna_detected_only	0.626016	29	0.00028085	0.870509
ENSG00000247626	MARS2	S2_mrna_detected_only	0.223153	29	0.244586	0.348498
ENSG00000248098	BCKDHA	S2_mrna_detected_only	0.553695	29	0.00183331	0.802112
ENSG00000248099	INSL3	S2_mrna_detected_only	-0.0579771	6	0.913132	0.0719689
ENSG00000248144	ADH1C	S2_mrna_detected_only	0.730827	20	0.000252151	0.948256
ENSG00000248333	CDK11B	S2_mrna_detected_only	0.174877	29	0.364229	0.283253
ENSG00000248405	PRR5-ARHGAP8	S2_mrna_detected_only		2		
ENSG00000248487	ABHD14A	S2_mrna_detected_only	0.419966	29	0.0233212	0.637056
ENSG00000248712	CCDC153	S2_mrna_detected_only		3		
ENSG00000248751	RP1-130H16.18	S2_mrna_detected_only	0.2	5	0.74706	0.313354
ENSG00000248871	TNFSF12-TNFSF13	S2_mrna_detected_only		1		
ENSG00000248919	ATP5J2-PTCD1	S2_mrna_detected_only	-0.149901	27	0.455497	0.0359845
ENSG00000249115	HAUS5	S2_mrna_detected_only	0.499012	23	0.0153515	0.740334
ENSG00000249139	EPPIN-WFDC6	S2_mrna_detected_only		1		
ENSG00000249428	CFAP99	S2_mrna_detected_only		2		
ENSG00000249590	RP4-539M6.19	S2_mrna_detected_only	-0.0605078	12	0.851819	0.0706556
ENSG00000249751	ECSCR	S2_mrna_detected_only	0.503314	29	0.00538246	0.745903
ENSG00000249915	PDCD6	S2_mrna_detected_only	0.0325123	29	0.867034	0.132486
ENSG00000250021	C15orf38-AP3S2	S2_mrna_detected_only	-0.029064	29	0.881032	0.0913007
ENSG00000250120	PCDHA10	S2_mrna_detected_only	-0.707107	5	0.18169	0
ENSG00000250317	SMIM20	S2_mrna_detected_only	0.461084	29	0.0118215	0.691847
ENSG00000250423	KIAA1210	S2_mrna_detected_only	0.7	5	0.18812	0.93071
ENSG00000250479	CHCHD10	S2_mrna_detected_only	0.417447	29	0.024251	0.634167
ENSG00000250506	CDK3	S2_mrna_detected_only	-0.0485523	27	0.809951	0.0769594
ENSG00000250565	ATP6V1E2	S2_mrna_detected_only	0.522233	10	0.121503	0.770067
ENSG00000250722	SEPP1	S2_mrna_detected_only	0.0852217	29	0.660265	0.18092
ENSG00000250799	PRODH2	S2_mrna_detected_only		2		
ENSG00000251039	IGKV2D-40	S2_mrna_detected_only	-0.217935	16	0.417457	0.0190691
ENSG00000251201	TMED7-TICAM2	S2_mrna_detected_only	0.435714	15	0.104493	0.657649
ENSG00000251503	APITD1-CORT	S2_mrna_detected_only		3		
ENSG00000251569	RP11-724O16.1	S2_mrna_detected_only	0.485714	6	0.328723	0.724522
ENSG00000251664	PCDHA12	S2_mrna_detected_only		2		
ENSG00000253305	PCDHGB6	S2_mrna_detected_only	0.561477	13	0.0458559	0.809256
ENSG00000253313	C1orf210	S2_mrna_detected_only	0.387298	19	0.101368	0.587834
ENSG00000253710	ALG11	S2_mrna_detected_only	0.309852	29	0.101892	0.474837
ENSG00000253719	ATXN7L3B	S2_mrna_detected_only	0.352057	29	0.0610739	0.538296
ENSG00000253729	PRKDC	S2_mrna_detected_only	0.465821	29	0.0108741	0.698414
ENSG00000253846	PCDHGA10	S2_mrna_detected_only	0.642857	7	0.119392	0.8859
ENSG00000254004	ZNF260	S2_mrna_detected_only	0.341927	28	0.0749229	0.522641
ENSG00000254087	LYN	S2_mrna_detected_only	0.695074	29	2.85788e-05	0.926508
ENSG00000254093	PINX1	S2_mrna_detected_only	0.0951912	29	0.623292	0.191374
ENSG00000254122	PCDHGB7	S2_mrna_detected_only	-0.0273153	25	0.896876	0.0924039
ENSG00000254221	PCDHGB1	S2_mrna_detected_only		2		
ENSG00000254415	SIGLEC14	S2_mrna_detected_only	0.314685	12	0.319139	0.482507
ENSG00000254470	AP5B1	S2_mrna_detected_only	-0.0552587	27	0.784273	0.0728619
ENSG00000254505	CHMP4A	S2_mrna_detected_only	-0.0980416	29	0.612879	0.0540555
ENSG00000254521	SIGLEC12	S2_mrna_detected_only	0.654654	6	0.158302	0.895251
ENSG00000254656	RTL1	S2_mrna_detected_only		2		
ENSG00000254685	FPGT	S2_mrna_detected_only	0.327586	29	0.0827868	0.501418
ENSG00000254692	RP11-468E2.1	S2_mrna_detected_only	0.405419	29	0.0291185	0.617199
ENSG00000254726	MEX3A	S2_mrna_detected_only		3		
ENSG00000254772	EEF1G	S2_mrna_detected_only	-0.0699507	29	0.718422	0.0661904
ENSG00000254858	MPV17L2	S2_mrna_detected_only	0.199187	29	0.300249	0.311883
ENSG00000254986	DPP3	S2_mrna_detected_only	0.0694581	29	0.720326	0.165791
ENSG00000254996	ANKHD1-EIF4EBP3	S2_mrna_detected_only	0.236946	29	0.215872	0.36804
ENSG00000254999	BRK1	S2_mrna_detected_only	-0.0724138	29	0.708927	0.0655075
ENSG00000255071	SAA2-SAA4	S2_mrna_detected_only	0.1	5	0.872889	0.19689
ENSG00000255073	ZFP91-CNTF	S2_mrna_detected_only		2		
ENSG00000255154	RP11-80H18.3	S2_mrna_detected_only	0.0770617	28	0.696713	0.172673
ENSG00000255408	PCDHA3	S2_mrna_detected_only		2		
ENSG00000255439	RP11-196G11.1	S2_mrna_detected_only		2		
ENSG00000255501	CARD18	S2_mrna_detected_only		1		
ENSG00000255526	NEDD8-MDP1	S2_mrna_detected_only		2		
ENSG00000255529	POLR2M	S2_mrna_detected_only	0.428074	29	0.0205239	0.648193
ENSG00000255833	TIFAB	S2_mrna_detected_only	-0.223607	5	0.717686	0.018071
ENSG00000255974	CYP2A6	S2_mrna_detected_only		1		
ENSG00000256043	CTSO	S2_mrna_detected_only	0.590932	29	0.000737275	0.837834
ENSG00000256087	ZNF432	S2_mrna_detected_only	0.0305551	27	0.879746	0.130332
ENSG00000256269	HMBS	S2_mrna_detected_only	0.169458	29	0.37951	0.276949
ENSG00000256453	DND1	S2_mrna_detected_only		1		
ENSG00000256525	POLG2	S2_mrna_detected_only	0.00610501	27	0.97589	0.112786
ENSG00000256591	RP11-286N22.8	S2_mrna_detected_only	-0.329145	29	0.0812485	0.0054108
ENSG00000256671	LIMS3L	S2_mrna_detected_only	-0.212371	23	0.330626	0.0201198
ENSG00000256812	CAPNS2	S2_mrna_detected_only		3		
ENSG00000256870	SLC5A8	S2_mrna_detected_only	0.9	5	0.0373861	0.997163
ENSG00000257017	HP	S2_mrna_detected_only	0.261905	8	0.530923	0.403761
ENSG00000257093	KIAA1147	S2_mrna_detected_only	0.367488	29	0.0498592	0.561305
ENSG00000257103	LSM14A	S2_mrna_detected_only	0.111097	29	0.566142	0.20955
ENSG00000257315	ZBED6	S2_mrna_detected_only	-0.199761	29	0.298831	0.0229565
ENSG00000257335	MGAM	S2_mrna_detected_only	0.714286	7	0.0713436	0.938853
ENSG00000257365	FNTB	S2_mrna_detected_only	0.239931	29	0.209972	0.371979
ENSG00000257390	RP11-762I7.5	S2_mrna_detected_only		1		
ENSG00000257704	INAFM1	S2_mrna_detected_only	0.181717	26	0.374304	0.29045
ENSG00000257727	CNPY2	S2_mrna_detected_only	0.389655	29	0.0366671	0.591511
ENSG00000257743	MGAM2	S2_mrna_detected_only	0.607143	7	0.148231	0.852385
ENSG00000257923	CUX1	S2_mrna_detected_only	0.461576	29	0.0117199	0.692215
ENSG00000257949	TEN1	S2_mrna_detected_only	-0.226548	29	0.237294	0.0175982
ENSG00000258289	CHURC1	S2_mrna_detected_only	0.296183	29	0.118742	0.45414
ENSG00000258315	C17orf49	S2_mrna_detected_only	0.634975	29	0.000215393	0.878178
ENSG00000258366	RTEL1	S2_mrna_detected_only	0.0629984	26	0.759806	0.16017
ENSG00000258429	PDF	S2_mrna_detected_only	0.15663	22	0.486371	0.261662
ENSG00000258465	RP11-574F21.3	S2_mrna_detected_only	-0.0956722	11	0.779617	0.0556314
ENSG00000258484	SPESP1	S2_mrna_detected_only	0.447214	14	0.108864	0.672673
ENSG00000258643	BCL2L2-PABPN1	S2_mrna_detected_only	-0.201504	20	0.394261	0.0222211
ENSG00000258644	SYNJ2BP-COX16	S2_mrna_detected_only	0.185714	21	0.420251	0.295703
ENSG00000258674	CTC-260F20.3	S2_mrna_detected_only		1		
ENSG00000258838	ERCC6-PGBD3	S2_mrna_detected_only	0.0531679	16	0.844957	0.149979
ENSG00000258890	CEP95	S2_mrna_detected_only	0.113013	29	0.559424	0.211547
ENSG00000258941	RP11-407N17.3	S2_mrna_detected_only	0.0357143	7	0.939408	0.134692
ENSG00000259030	FPGT-TNNI3K	S2_mrna_detected_only		1		
ENSG00000259075	POC1B-GALNT4	S2_mrna_detected_only		3		
ENSG00000259332	ST20-MTHFS	S2_mrna_detected_only	0	5	1	0.107638
ENSG00000259431	THTPA	S2_mrna_detected_only	0.523645	29	0.00355404	0.771223
ENSG00000259494	MRPL46	S2_mrna_detected_only	0.230542	29	0.228904	0.359687
ENSG00000259956	RBM15B	S2_mrna_detected_only	0.0270969	29	0.889033	0.128021
ENSG00000260220	CCDC187	S2_mrna_detected_only		2		
ENSG00000260230	FRRS1L	S2_mrna_detected_only	0.880406	6	0.0205987	0.995587
ENSG00000260342	RP11-1035H13.3	S2_mrna_detected_only	-0.657143	6	0.156175	0.000105064
ENSG00000260537	RP11-529K1.3	S2_mrna_detected_only	-0.0201995	29	0.917167	0.0966064
ENSG00000260903	XKR7	S2_mrna_detected_only		1		
ENSG00000260916	CCPG1	S2_mrna_detected_only	0.142365	29	0.461306	0.243644
ENSG00000261150	EPPK1	S2_mrna_detected_only		3		
ENSG00000261221	ZNF865	S2_mrna_detected_only	0.119878	15	0.670438	0.218271
ENSG00000261236	BOP1	S2_mrna_detected_only	-0.186969	29	0.331464	0.0256882
ENSG00000261371	PECAM1	S2_mrna_detected_only	0.729557	29	7.11191e-06	0.9471
ENSG00000261594	TPBGL	S2_mrna_detected_only		2		
ENSG00000261609	GAN	S2_mrna_detected_only	0.464286	7	0.293934	0.695945
ENSG00000261701	HPR	S2_mrna_detected_only	-0.4	5	0.504632	0.00220635
ENSG00000262246	CORO7	S2_mrna_detected_only	-0.00461977	28	0.981386	0.103961
ENSG00000262655	SPON1	S2_mrna_detected_only	0.729915	26	2.31577e-05	0.947415
ENSG00000262660	RP13-1032I1.10	S2_mrna_detected_only		3		
ENSG00000262664	OVCA2	S2_mrna_detected_only	-0.0216775	29	0.911129	0.0953457
ENSG00000262874	C19orf84	S2_mrna_detected_only		1		
ENSG00000263001	GTF2I	S2_mrna_detected_only	0.744828	29	3.58729e-06	0.955085
ENSG00000263201	CTC-479C5.6	S2_mrna_detected_only		1		
ENSG00000263465	SRSF8	S2_mrna_detected_only	0.472295	29	0.0096829	0.706398
ENSG00000263528	IKBKE	S2_mrna_detected_only	0.496335	22	0.0187979	0.737602
ENSG00000264230	ANXA8L1	S2_mrna_detected_only	0.485714	6	0.328723	0.724522
ENSG00000264343	NOTCH2NL	S2_mrna_detected_only	0.40717	26	0.0389714	0.619721
ENSG00000264364	DYNLL2	S2_mrna_detected_only	0.382266	29	0.0407094	0.581372
ENSG00000264522	OTUD7B	S2_mrna_detected_only	0.149973	28	0.446225	0.253362
ENSG00000265118	CTD-2370N5.3	S2_mrna_detected_only	-0.4	4	0.6	0.00220635
ENSG00000265190	ANXA8	S2_mrna_detected_only	0.115954	6	0.826848	0.214226
ENSG00000265241	RBM8A	S2_mrna_detected_only	0.579803	29	0.000979042	0.826329
ENSG00000265354	TIMM23	S2_mrna_detected_only	0.431034	29	0.0195742	0.65145
ENSG00000265491	RNF115	S2_mrna_detected_only	-0.169624	29	0.379038	0.030311
ENSG00000265681	RPL17	S2_mrna_detected_only	0.3	29	0.113843	0.459183
ENSG00000265808	SEC22B	S2_mrna_detected_only	0.0359606	29	0.853076	0.134797
ENSG00000265817	FSBP	S2_mrna_detected_only	0.0360375	7	0.938861	0.135007
ENSG00000265972	TXNIP	S2_mrna_detected_only	0.317241	29	0.0935655	0.488075
ENSG00000266028	SRGAP2	S2_mrna_detected_only	0.760073	27	4.23438e-06	0.962229
ENSG00000266094	RASSF5	S2_mrna_detected_only	0.47734	29	0.00883247	0.71265
ENSG00000266173	STRADA	S2_mrna_detected_only	0.220798	29	0.249729	0.344242
ENSG00000266412	NCOA4	S2_mrna_detected_only	0.0962591	29	0.619383	0.192845
ENSG00000266472	MRPS21	S2_mrna_detected_only	-0.111111	29	0.566093	0.0490124
ENSG00000266714	MYO15B	S2_mrna_detected_only	0.136946	29	0.478706	0.239073
ENSG00000266967	AARSD1	S2_mrna_detected_only	0.582224	29	0.000921253	0.829534
ENSG00000267368	UPK3BL	S2_mrna_detected_only	0.206368	29	0.282797	0.321549
ENSG00000267534	S1PR2	S2_mrna_detected_only	0.355333	23	0.096133	0.542919
ENSG00000267673	FDX1L	S2_mrna_detected_only	0.461141	29	0.0118098	0.692005
ENSG00000267748	CTB-102L5.4	S2_mrna_detected_only	0.507093	6	0.304559	0.751418
ENSG00000267795	SMIM22	S2_mrna_detected_only	0.715777	18	0.000836652	0.939431
ENSG00000267796	LIN37	S2_mrna_detected_only	0.138165	29	0.474762	0.240229
ENSG00000268104	SLC6A14	S2_mrna_detected_only	0.866921	7	0.0115355	0.994116
ENSG00000269058	CALR3	S2_mrna_detected_only		1		
ENSG00000269113	TRABD2B	S2_mrna_detected_only	0.392792	6	0.441113	0.594768
ENSG00000269190	FBXO17	S2_mrna_detected_only	0.211776	26	0.299	0.330269
ENSG00000269313	MAGIX	S2_mrna_detected_only	0.771429	6	0.0723965	0.968166
ENSG00000269335	IKBKG	S2_mrna_detected_only	0.434066	27	0.0236844	0.65581
ENSG00000269343	ZNF587B	S2_mrna_detected_only	0.4456	21	0.0429236	0.670256
ENSG00000269405	NXF2	S2_mrna_detected_only		2		
ENSG00000269547	CTC-360G5.8	S2_mrna_detected_only		3		
ENSG00000269713	NBPF9	S2_mrna_detected_only	-0.479939	26	0.0130912	0.000577852
ENSG00000269897	COMMD3-BMI1	S2_mrna_detected_only	0.2	4	0.8	0.313354
ENSG00000269955	C7orf55-LUC7L2	S2_mrna_detected_only	-0.2474	28	0.204343	0.0147615
ENSG00000270170	NCBP2-AS2	S2_mrna_detected_only	0.335011	29	0.0756554	0.51224
ENSG00000270249	RP11-514P8.7	S2_mrna_detected_only	-0.598813	8	0.116754	0.000105064
ENSG00000270467	IGHV3OR16-12	S2_mrna_detected_only		1		
ENSG00000270505	IGHV1OR15-1	S2_mrna_detected_only	-0.296703	14	0.302967	0.00856272
ENSG00000270647	TAF15	S2_mrna_detected_only	0.145813	29	0.450409	0.247584
ENSG00000270765	GAS2L2	S2_mrna_detected_only		1		
ENSG00000270800	RPS10-NUDT3	S2_mrna_detected_only	0.0956522	24	0.656606	0.19211
ENSG00000271092	TMEM56-RWDD3	S2_mrna_detected_only	0.169018	12	0.599498	0.276529
ENSG00000271303	SRXN1	S2_mrna_detected_only	0.170464	29	0.376645	0.278262
ENSG00000271425	NBPF10	S2_mrna_detected_only	0.0914787	28	0.643391	0.188432
ENSG00000271503	CCL5	S2_mrna_detected_only	0.480613	25	0.0150215	0.717535
ENSG00000271601	LIX1L	S2_mrna_detected_only	0.355364	29	0.0585186	0.543024
ENSG00000271810	RP11-426L16.10	S2_mrna_detected_only		1		
ENSG00000272031	ANKRD34A	S2_mrna_detected_only		1		
ENSG00000272047	GTF2H5	S2_mrna_detected_only	0.145692	28	0.459457	0.247373
ENSG00000272104	XXcos-LUCA11.5	S2_mrna_detected_only	-0.5	5	0.391002	0.000420256
ENSG00000272325	NUDT3	S2_mrna_detected_only	0.320389	29	0.0901796	0.492698
ENSG00000272333	KMT2B	S2_mrna_detected_only	0.0478127	29	0.805455	0.144621
ENSG00000272391	POM121C	S2_mrna_detected_only	0.0527094	29	0.785967	0.149611
ENSG00000272414	FAM47E-STBD1	S2_mrna_detected_only	0.0968422	27	0.630852	0.193581
ENSG00000272573	MUSTN1	S2_mrna_detected_only	-0.134589	26	0.512137	0.0411326
ENSG00000272602	ZNF595	S2_mrna_detected_only	0.199788	27	0.317734	0.312828
ENSG00000272886	DCP1A	S2_mrna_detected_only	0.503941	29	0.00531596	0.747268
ENSG00000273154	RP4-583P15.15	S2_mrna_detected_only	0.184428	15	0.510538	0.294337
ENSG00000273559	CWC25	S2_mrna_detected_only	0.237109	29	0.215546	0.368512
ENSG00000273703	HIST1H2BM	S2_mrna_detected_only		2		
ENSG00000273749	CYFIP1	S2_mrna_detected_only	0.517241	29	0.00406146	0.764289
ENSG00000273777	CEACAM20	S2_mrna_detected_only		2		
ENSG00000273841	TAF9	S2_mrna_detected_only	0.0270936	29	0.889046	0.127916
ENSG00000273976	GOLGA6L1	S2_mrna_detected_only		1		
ENSG00000274070	GATSL2	S2_mrna_detected_only	0.108653	21	0.639202	0.206293
ENSG00000274180	NATD1	S2_mrna_detected_only	0.438478	29	0.0173449	0.66059
ENSG00000274286	ADRA2B	S2_mrna_detected_only		4		
ENSG00000274349	ZNF658	S2_mrna_detected_only	-0.0658859	24	0.7597	0.0683442
ENSG00000274391	TPTE	S2_mrna_detected_only		1		
ENSG00000274523	WBSCR16	S2_mrna_detected_only	0.00837542	29	0.965606	0.114047
ENSG00000274588	DGKK	S2_mrna_detected_only		1		
ENSG00000274791	F8A2	S2_mrna_detected_only	0.0996921	25	0.635411	0.196312
ENSG00000275023	MLLT6	S2_mrna_detected_only	0.305539	29	0.107002	0.468323
ENSG00000275052	PPP4R3B	S2_mrna_detected_only	0.42484	29	0.0216047	0.64378
ENSG00000275063	AC233755.1	S2_mrna_detected_only	-0.232843	17	0.36846	0.0168628
ENSG00000275066	SYNRG	S2_mrna_detected_only	0.438424	28	0.0196113	0.660485
ENSG00000275074	NUDT18	S2_mrna_detected_only	0.534903	28	0.00335989	0.781834
ENSG00000275152	CCL16	S2_mrna_detected_only		1		
ENSG00000275342	SGK223	S2_mrna_detected_only	0.269763	23	0.213196	0.416106
ENSG00000275385	CCL18	S2_mrna_detected_only	0.0949919	15	0.736307	0.191164
ENSG00000275700	AATF	S2_mrna_detected_only	0.062577	29	0.747089	0.159855
ENSG00000275722	LYZL6	S2_mrna_detected_only		1		
ENSG00000275832	ARHGAP23	S2_mrna_detected_only	0.407204	27	0.0350211	0.619931
ENSG00000275835	TUBGCP5	S2_mrna_detected_only	0.173977	29	0.36674	0.282465
ENSG00000275896	PRSS2	S2_mrna_detected_only	0.888112	12	0.000114134	0.996323
ENSG00000276023	DUSP14	S2_mrna_detected_only	0.0940237	29	0.627578	0.189903
ENSG00000276045	ORAI1	S2_mrna_detected_only	0.462392	29	0.0115531	0.69316
ENSG00000276234	TADA2A	S2_mrna_detected_only	-0.129072	28	0.512731	0.0432339
ENSG00000276293	PIP4K2B	S2_mrna_detected_only	0.439901	29	0.0169433	0.662954
ENSG00000276547	PCDHGB5	S2_mrna_detected_only	0.0401292	19	0.870433	0.137897
ENSG00000276566	IGKV1D-13	S2_mrna_detected_only	-0.163758	12	0.611068	0.0314667
ENSG00000276600	RAB7B	S2_mrna_detected_only	0.321484	21	0.155298	0.493749
ENSG00000276644	DACH1	S2_mrna_detected_only	0.439532	21	0.0461894	0.662271
ENSG00000277161	PIGW	S2_mrna_detected_only	0.160689	28	0.414015	0.266705
ENSG00000277258	PCGF2	S2_mrna_detected_only	0.155888	28	0.428282	0.260296
ENSG00000277363	SRCIN1	S2_mrna_detected_only		3		
ENSG00000277443	MARCKS	S2_mrna_detected_only	0.750092	29	2.80205e-06	0.958237
ENSG00000277535	RP13-347D8.7	S2_mrna_detected_only		1		
ENSG00000277586	NEFL	S2_mrna_detected_only	0.333333	9	0.380713	0.509613
ENSG00000277791	PSMB3	S2_mrna_detected_only	-0.348768	29	0.0637008	0.0042551
ENSG00000277856	AC233755.2	S2_mrna_detected_only	-0.209091	11	0.537221	0.0209603
ENSG00000277972	CISD3	S2_mrna_detected_only	0.387152	26	0.0507042	0.587361
ENSG00000278053	DDX52	S2_mrna_detected_only	0.220197	29	0.251054	0.342877
ENSG00000278129	ZNF8	S2_mrna_detected_only	-0.112891	15	0.68873	0.048382
ENSG00000278259	MYO19	S2_mrna_detected_only	0.268747	28	0.166716	0.414898
ENSG00000278311	GGNBP2	S2_mrna_detected_only	0.135437	29	0.483612	0.237497
ENSG00000278535	DHRS11	S2_mrna_detected_only	0.797044	29	2.28549e-07	0.97883
ENSG00000278540	ACACA	S2_mrna_detected_only	0.578076	28	0.00127366	0.824806
ENSG00000278615	C11orf98	S2_mrna_detected_only	0.229064	29	0.231985	0.357323
ENSG00000278619	MRM1	S2_mrna_detected_only	0.419847	20	0.0653372	0.636846
ENSG00000278845	MRPL45	S2_mrna_detected_only	0.266502	29	0.162277	0.410696
ENSG00000279457	FO538757.2	S2_mrna_detected_only	0.105419	29	0.586272	0.202564
ENSG00000280789	PAGR1	S2_mrna_detected_only	0.0390025	29	0.840799	0.136741
ENSG00000280987	MATR3	S2_mrna_detected_only	0.276355	29	0.146727	0.424932
ENSG00000282122	CH17-262H11.1	S2_mrna_detected_only	-0.0824786	8	0.846053	0.0613574
ENSG00000282278	RP11-231C18.3	S2_mrna_detected_only		2		
ENSG00000282639	CH17-224D4.1	S2_mrna_detected_only	0.500244	10	0.140888	0.741595
ENSG00000282651	CH17-224D4.2	S2_mrna_detected_only	0.147904	14	0.613839	0.250841
