gene	n_groups	spearman	identical_all
A1BG	19	0.920889	no
A1CF	19	0.866449	no
A2M	19	0.746819	no
A2ML1	19	0.730145	no
A3GALT2	19	0.957193	no
A4GALT	19	0.877665	no
A4GNT	19	0.903782	no
AAAS	19	0.917544	no
AACS	19	0.945151	no
AADAC	19	0.775811	no
AADACL2	19	0.652665	no
AADACL3	19	nan	no
AADACL4	19	0.897472	no
AADAT	19	0.950092	no
AAGAB	19	0.869680	no
AAK1	19	0.980702	no
AAMDC	19	0.970175	no
AAMP	19	0.994296	no
AANAT	19	0.563425	no
AAR2	19	0.860404	no
AARD	19	0.838927	no
AARS1	19	0.905263	no
AARS2	19	0.928352	no
AARSD1	19	0.921150	no
AASDH	19	0.914436	no
AASDHPPT	19	0.945614	no
AASS	19	0.961404	no
AATF	19	0.950877	no
AATK	19	0.945614	no
ABAT	19	0.977193	no
ABCA1	19	0.924561	no
ABCA10	19	0.952632	no
ABCA12	19	0.849098	no
ABCA2	19	0.936842	no
ABCA3	19	0.950877	no
ABCA4	19	0.890653	no
ABCA5	19	0.877193	no
ABCA6	19	0.870175	no
ABCA7	19	0.936842	no
ABCA8	19	0.737050	no
ABCA9	19	0.694737	no
ABCB1	19	0.984630	no
ABCB10	19	0.689474	no
ABCB11	19	0.708156	no
ABCB4	19	0.903652	no
ABCB5	19	0.788939	no
ABCB6	19	0.734977	no
ABCB7	19	0.945614	no
ABCB8	19	0.898246	no
ABCB9	19	0.812637	no
ABCC1	19	0.950417	no
ABCC10	19	0.793330	no
ABCC11	19	0.908932	no
ABCC2	19	0.957858	no
ABCC3	19	0.885476	no
ABCC4	19	0.738596	no
ABCC5	19	0.875439	no
ABCC6	19	0.868457	no
ABCC8	19	0.902742	no
ABCC9	19	0.865554	no
ABCD1	19	0.991217	no
ABCD2	19	0.907893	no
ABCD3	19	0.915789	no
ABCD4	19	0.992982	no
ABCE1	19	0.903028	no
ABCF1	19	0.939886	no
ABCF2	16	0.903561	no
ABCF3	19	0.840720	no
ABCG1	19	0.954386	no
ABCG2	19	0.883231	no
ABCG4	19	0.873346	no
ABCG5	19	0.874668	no
ABCG8	19	0.881930	no
ABHD1	19	0.964790	no
ABHD10	19	0.957895	no
ABHD11	19	0.839842	no
ABHD12	19	0.921053	no
ABHD12B	19	0.902452	no
ABHD13	19	0.962703	no
ABHD14A	19	0.904699	no
ABHD14B	19	0.705805	no
ABHD15	19	0.984211	no
ABHD16A	19	0.965334	no
ABHD16B	19	0.998912	no
ABHD17A	19	0.968394	no
ABHD17B	19	0.928070	no
ABHD17C	19	0.936376	no
ABHD18	19	0.978947	no
ABHD2	19	0.973234	no
ABHD3	19	0.945614	no
ABHD4	19	0.726635	no
ABHD5	19	0.945151	no
ABHD6	19	0.971930	no
ABHD8	19	0.951295	no
ABI1	19	0.985965	no
ABI2	19	0.942105	no
ABI3	19	0.884803	no
ABI3BP	19	0.896794	no
ABITRAM	19	0.985965	no
ABL1	19	0.935088	no
ABL2	19	0.850877	no
ABLIM1	19	0.974112	no
ABLIM2	19	0.826316	no
ABLIM3	19	0.882637	no
ABR	19	0.970175	no
ABRA	19	0.789656	no
ABRACL	19	0.985965	no
ABRAXAS1	19	0.933333	no
ABRAXAS2	19	0.703509	no
ABT1	19	0.987275	no
ABTB1	19	0.962687	no
ABTB2	19	0.780702	no
ABTB3	19	0.909091	no
ACAA1	19	0.921457	no
ACAA2	19	0.936842	no
ACACA	19	0.873957	no
ACACB	19	0.980702	no
ACAD10	19	0.987709	no
ACAD11	19	0.715991	no
ACAD8	19	0.958736	no
ACAD9	19	0.654386	no
ACADL	19	0.899868	no
ACADM	19	0.949123	no
ACADS	19	0.910448	no
ACADSB	19	0.956140	no
ACADVL	19	0.928070	no
ACAN	19	0.637003	no
ACAP1	19	0.704127	no
ACAP2	19	0.964912	no
ACAP3	19	0.909171	no
ACAT1	19	0.966667	no
ACAT2	19	0.850373	no
ACBD3	19	0.914035	no
ACBD4	19	0.926316	no
ACBD5	19	0.963581	no
ACBD6	19	0.877193	no
ACBD7	19	0.950399	no
ACCS	19	0.980702	no
ACCSL	19	0.745797	no
ACD	19	0.990778	no
ACE	19	0.945100	no
ACE2	19	0.926650	no
ACER1	19	0.964660	no
ACER2	19	0.913559	no
ACER3	19	0.954386	no
ACHE	19	0.752860	no
ACIN1	19	0.966213	no
ACKR1	19	0.703237	no
ACKR2	19	0.955489	no
ACKR3	19	0.831431	no
ACKR4	19	0.577700	no
ACLY	19	0.840351	no
ACMSD	19	0.973210	no
ACO1	19	0.915314	no
ACO2	19	0.898246	no
ACOD1	19	0.741583	no
ACOT1	19	0.917073	no
ACOT11	19	0.959649	no
ACOT12	19	0.817182	no
ACOT13	19	0.792982	no
ACOT2	19	0.946907	no
ACOT4	19	0.808494	no
ACOT6	19	0.984162	no
ACOT7	19	0.914035	no
ACOT8	19	0.831066	no
ACOT9	19	0.954386	no
ACOX1	19	0.926316	no
ACOX2	19	0.953888	no
ACOX3	19	0.810882	no
ACOXL	19	0.922334	no
ACP1	19	0.977193	no
ACP2	19	0.945127	no
ACP3	19	0.844025	no
ACP4	19	0.651718	no
ACP5	19	0.934918	no
ACP6	19	0.957895	no
ACP7	19	0.810881	no
ACR	19	0.997416	no
ACRBP	19	0.947440	no
ACRV1	19	0.722026	no
ACSBG1	19	0.880492	no
ACSBG2	19	0.876266	no
ACSF2	19	0.956140	no
ACSF3	19	0.942105	no
ACSL1	19	0.992541	no
ACSL3	19	0.878947	no
ACSL4	19	0.880702	no
ACSL5	19	0.956980	no
ACSL6	19	0.996177	no
ACSM1	19	0.830479	no
ACSM2A	19	0.863194	no
ACSM2B	19	0.819767	no
ACSM3	19	0.845614	no
ACSM4	19	0.958305	no
ACSM5	19	0.915414	no
ACSM6	19	0.944104	no
ACSS1	19	0.977193	no
ACSS2	19	0.887719	no
ACSS3	19	0.959649	no
ACTA1	19	0.575926	no
ACTA2	19	0.838596	no
ACTB	19	0.971930	no
ACTBL2	19	0.983872	no
ACTC1	19	0.711539	no
ACTG1	19	0.956140	no
ACTG2	19	0.748387	no
ACTL10	13	0.826870	no
ACTL6A	19	0.989474	no
ACTL6B	19	0.903309	no
ACTL7A	19	0.726483	no
ACTL7B	19	0.500000	no
ACTL8	19	0.911736	no
ACTL9	16	nan	no
ACTN1	19	0.903509	no
ACTN2	19	0.930172	no
ACTN3	19	0.869152	no
ACTN4	19	0.954346	no
ACTR10	19	0.946907	no
ACTR1A	19	0.991228	no
ACTR1B	19	0.885965	no
ACTR2	19	0.964912	no
ACTR3	19	0.982456	no
ACTR3B	19	0.952172	no
ACTR3C	19	0.960948	no
ACTR5	19	0.824407	no
ACTR6	19	0.977622	no
ACTR8	19	0.858648	no
ACTRT1	16	nan	yes
ACTRT2	16	nan	no
ACTRT3	19	0.892653	no
ACVR1	19	0.949123	no
ACVR1B	19	0.984211	no
ACVR1C	19	0.966667	no
ACVR2A	19	0.935088	no
ACVR2B	19	0.989474	no
ACVRL1	19	0.724579	no
ACY1	19	0.884978	no
ACY3	19	0.944219	no
ACYP1	19	0.989474	no
ACYP2	19	0.984211	no
ADA	19	0.983765	no
ADA2	19	0.978499	no
ADAD1	19	0.651733	no
ADAD2	19	0.843588	no
ADAL	19	0.965760	no
ADAM10	19	0.935088	no
ADAM11	19	0.795689	no
ADAM12	19	0.889864	no
ADAM15	19	0.922807	no
ADAM17	19	0.861404	no
ADAM18	19	0.822156	no
ADAM19	19	0.907018	no
ADAM2	19	0.993421	no
ADAM20	19	nan	yes
ADAM21	19	0.827129	no
ADAM22	19	0.977193	no
ADAM23	19	0.806324	no
ADAM28	19	0.922807	no
ADAM29	19	0.963192	no
ADAM30	16	0.616236	no
ADAM32	19	0.951629	no
ADAM33	19	0.875616	no
ADAM7	19	0.659282	no
ADAM8	19	0.873407	no
ADAM9	19	0.942105	no
ADAMDEC1	19	0.881545	no
ADAMTS1	19	0.759105	no
ADAMTS10	19	0.926563	no
ADAMTS12	19	0.882147	no
ADAMTS13	19	0.832078	no
ADAMTS14	19	0.909458	no
ADAMTS15	19	0.952905	no
ADAMTS16	19	0.838625	no
ADAMTS17	19	0.790698	no
ADAMTS18	19	0.864794	no
ADAMTS2	19	0.856767	no
ADAMTS20	19	0.908165	no
ADAMTS3	19	0.926722	no
ADAMTS4	19	0.892545	no
ADAMTS5	19	0.873122	no
ADAMTS6	19	0.984211	no
ADAMTS7	19	0.897268	no
ADAMTS8	19	0.923528	no
ADAMTS9	19	0.924495	no
ADAMTSL1	19	0.835821	no
ADAMTSL2	19	0.834653	no
ADAMTSL3	19	0.927129	no
ADAMTSL4	19	0.865613	no
ADAP1	19	0.980685	no
ADAP2	19	0.940299	no
ADAR	19	0.943860	no
ADARB1	19	0.948662	no
ADARB2	19	0.919298	no
ADAT1	19	0.973638	no
ADAT2	19	0.917947	no
ADCK1	19	0.978947	no
ADCK2	19	0.832747	no
ADCK5	19	0.898246	no
ADCY1	19	0.971441	no
ADCY10	19	0.925308	no
ADCY2	19	0.947368	no
ADCY3	19	0.887719	no
ADCY4	19	0.928896	no
ADCY5	19	0.851999	no
ADCY6	19	0.929703	no
ADCY7	19	0.933333	no
ADCY8	19	0.831500	no
ADCY9	19	0.971930	no
ADCYAP1	19	0.858426	no
ADCYAP1R1	19	0.801198	no
ADD1	19	0.950877	no
ADD2	19	0.916484	no
ADD3	19	0.947368	no
ADGB	19	0.881446	no
ADGRA1	19	0.943309	no
ADGRA2	19	0.785022	no
ADGRA3	19	0.985965	no
ADGRB1	19	0.872208	no
ADGRB2	19	0.976181	no
ADGRB3	19	0.771930	no
ADGRD1	19	0.852178	no
ADGRE1	19	0.971713	no
ADGRE2	19	0.928503	no
ADGRE3	19	0.957711	no
ADGRE5	19	0.971479	no
ADGRF1	19	0.704350	no
ADGRF3	19	0.910692	no
ADGRF4	19	0.572986	no
ADGRF5	19	0.725991	no
ADGRG1	19	0.907814	no
ADGRG2	19	0.531168	no
ADGRG3	19	0.836498	no
ADGRG4	19	0.840527	no
ADGRG5	19	0.957730	no
ADGRG6	19	0.902150	no
ADGRG7	19	0.813352	no
ADGRL1	19	0.843274	no
ADGRL2	19	0.856516	no
ADGRL3	19	0.928477	no
ADGRL4	19	0.663293	no
ADGRV1	19	0.947368	no
ADH1A	19	0.764715	no
ADH1B	19	0.604606	no
ADH1C	19	0.583508	no
ADH4	19	0.843210	no
ADH5	19	0.940764	no
ADH6	19	0.860889	no
ADH7	19	0.446971	no
ADHFE1	19	0.843767	no
ADI1	19	0.857895	no
ADIG	19	0.838870	no
ADIPOQ	19	0.749693	no
ADIPOR1	19	0.971930	no
ADIPOR2	19	0.781922	no
ADIRF	19	0.654386	no
ADK	19	0.924561	no
ADM	19	0.959193	no
ADM2	19	0.926287	no
ADM5	19	0.714603	no
ADNP	19	0.986398	no
ADNP2	19	0.666667	no
ADO	19	0.931489	no
ADORA1	19	0.892335	no
ADORA2A	19	0.997080	no
ADORA2B	19	0.840020	no
ADORA3	19	0.993827	no
ADPGK	19	0.992982	no
ADPRH	19	0.963093	no
ADPRHL1	19	0.724396	no
ADPRM	19	0.979807	no
ADPRS	19	0.970175	no
ADRA1A	19	0.751777	no
ADRA1B	19	0.864937	no
ADRA1D	19	0.786052	no
ADRA2A	19	0.841657	no
ADRA2B	19	0.734380	no
ADRA2C	19	0.783837	no
ADRB1	19	0.876761	no
ADRB2	19	0.947322	no
ADRB3	19	0.645763	no
ADRM1	19	0.977193	no
ADSL	19	0.971392	no
ADSS1	19	0.935909	no
ADSS2	19	0.918350	no
ADTRP	19	0.909011	no
AEBP1	19	0.725672	no
AEBP2	19	0.971930	no
AEN	19	0.968846	no
AFAP1	19	0.907018	no
AFAP1L1	19	0.966535	no
AFAP1L2	19	0.938903	no
AFDN	19	0.966667	no
AFF1	19	0.959649	no
AFF2	19	0.805007	no
AFF3	19	0.905263	no
AFF4	19	0.882456	no
AFG1L	19	0.969724	no
AFG3L2	19	0.798596	no
AFM	19	0.728120	no
AFMID	19	0.952632	no
AFP	19	0.699992	no
AFTPH	19	0.957895	no
AGA	19	0.937253	no
AGAP1	19	0.978947	no
AGAP2	19	0.866878	no
AGAP3	19	0.924561	no
AGAP4	19	0.983319	no
AGAP5	19	0.922345	no
AGAP6	19	0.932606	no
AGAP9	16	0.941176	no
AGBL1	19	0.989030	no
AGBL2	19	0.971084	no
AGBL3	19	0.921053	no
AGBL4	19	0.952172	no
AGBL5	19	0.917069	no
AGER	19	0.916594	no
AGFG1	19	0.924561	no
AGFG2	19	0.959649	no
AGGF1	19	0.762058	no
AGK	19	0.969724	no
AGL	19	0.933333	no
AGMAT	19	0.943248	no
AGMO	19	0.904134	no
AGO1	19	0.859649	no
AGO2	19	0.968421	no
AGO3	19	0.882456	no
AGO4	19	0.950877	no
AGPAT1	19	0.908731	no
AGPAT2	19	0.970175	no
AGPAT3	19	0.959649	no
AGPAT4	19	0.828070	no
AGPAT5	19	0.974112	no
AGPS	19	0.868421	no
AGR2	19	0.486880	no
AGR3	19	0.610547	no
AGRN	19	0.862737	no
AGRP	19	0.694302	no
AGT	19	0.899341	no
AGTPBP1	19	0.970175	no
AGTR1	19	0.767058	no
AGTR2	19	0.609704	no
AGTRAP	19	0.896491	no
AGXT	19	0.650975	no
AGXT2	19	0.904939	no
AHCTF1	19	0.917544	no
AHCY	19	0.859403	no
AHCYL1	19	0.978947	no
AHCYL2	19	0.957895	no
AHDC1	19	0.952632	no
AHI1	19	0.901754	no
AHNAK	19	0.966667	no
AHNAK2	19	0.827389	no
AHR	19	0.944689	no
AHSA1	19	0.957438	no
AHSG	19	0.856979	no
AHSP	19	0.863142	no
AICDA	19	0.950514	no
AIDA	19	0.966667	no
AIF1	19	0.926938	no
AIF1L	19	0.799296	no
AIFM1	19	0.942105	no
AIFM2	19	0.882353	no
AIFM3	19	0.904255	no
AIG1	19	0.989474	no
AIM2	19	0.962132	no
AIMP1	19	0.912281	no
AIMP2	19	0.960948	no
AIP	19	0.966213	no
AIPL1	19	0.647121	no
AIRE	19	0.946244	no
AJAP1	19	0.878188	no
AJM1	19	0.985501	no
AJUBA	19	0.922998	no
AK1	19	0.942054	no
AK2	19	0.967091	no
AK3	19	0.984211	no
AK4	19	0.964882	no
AK5	19	0.917544	no
AK6	19	0.970601	no
AK7	19	0.942443	no
AK8	19	0.856014	no
AK9	19	0.952172	no
AKAIN1	19	0.992446	no
AKAP1	19	0.967969	no
AKAP10	19	0.982456	no
AKAP11	19	0.982456	no
AKAP12	19	0.785432	no
AKAP13	19	0.987719	no
AKAP14	19	0.862217	no
AKAP17A	19	0.937555	no
AKAP3	19	0.941539	no
AKAP4	19	nan	no
AKAP5	19	0.926188	no
AKAP6	19	0.977193	no
AKAP7	19	0.935088	no
AKAP8	19	0.970175	no
AKAP8L	19	0.967091	no
AKAP9	19	0.782456	no
AKIP1	19	0.975867	no
AKIRIN1	19	0.974989	no
AKIRIN2	19	0.966667	no
AKNA	19	0.990786	no
AKNAD1	19	0.843656	no
AKR1A1	19	0.919298	no
AKR1B1	19	0.817544	no
AKR1B10	19	0.755624	no
AKR1B15	19	0.583017	no
AKR1C1	19	0.818541	no
AKR1C2	19	0.725916	no
AKR1C3	19	0.815628	no
AKR1C4	19	0.799084	no
AKR1C8	19	0.839049	no
AKR1D1	19	0.910479	no
AKR1E2	19	0.833333	no
AKR7A2	19	0.949123	no
AKR7A3	19	0.913283	no
AKT1	19	0.833333	no
AKT1S1	19	0.897887	no
AKT2	19	0.937665	no
AKT3	19	0.970588	no
AKTIP	19	0.968846	no
ALAD	19	0.862659	no
ALAS1	19	0.973234	no
ALAS2	19	0.956958	no
ALB	19	0.448268	no
ALCAM	19	0.909171	no
ALDH16A1	19	0.959526	no
ALDH18A1	19	0.860026	no
ALDH1A1	19	0.812281	no
ALDH1A2	19	0.892982	no
ALDH1A3	19	0.801409	no
ALDH1B1	19	0.934918	no
ALDH1L1	19	0.864058	no
ALDH1L2	19	0.903028	no
ALDH2	19	0.970175	no
ALDH3A1	19	0.389193	no
ALDH3A2	19	0.977193	no
ALDH3B1	19	0.960914	no
ALDH3B2	19	0.751723	no
ALDH4A1	19	0.939354	no
ALDH5A1	19	0.970175	no
ALDH6A1	19	0.922807	no
ALDH7A1	19	0.921053	no
ALDH8A1	19	0.926874	no
ALDH9A1	19	0.832821	no
ALDOA	19	0.923146	no
ALDOB	19	0.779729	no
ALDOC	19	0.910779	no
ALG1	19	0.985965	no
ALG10	19	0.796127	no
ALG10B	19	0.960879	no
ALG11	19	0.854130	no
ALG12	19	0.928885	no
ALG13	19	0.790606	no
ALG14	19	0.863158	no
ALG1L2	19	0.908931	no
ALG2	19	0.961404	no
ALG3	19	0.964912	no
ALG5	19	0.978947	no
ALG6	19	0.961404	no
ALG8	19	0.901273	no
ALG9	19	0.890941	no
ALK	19	0.970601	no
ALKAL1	19	0.865369	no
ALKAL2	19	0.929355	no
ALKBH1	19	0.924090	no
ALKBH2	19	0.950877	no
ALKBH3	19	0.948201	no
ALKBH4	19	0.870061	no
ALKBH5	19	0.898246	no
ALKBH6	19	0.893115	no
ALKBH7	19	0.929355	no
ALKBH8	19	0.908772	no
ALLC	19	0.786380	no
ALMS1	19	0.977193	no
ALOX12	19	0.803077	no
ALOX12B	19	0.919130	no
ALOX15	19	0.834110	no
ALOX15B	19	0.926366	no
ALOX5	19	0.938980	no
ALOX5AP	19	0.981091	no
ALOXE3	19	0.791273	no
ALPG	16	0.730297	no
ALPI	19	0.816830	no
ALPK1	19	0.959649	no
ALPK2	19	0.966866	no
ALPK3	19	0.960948	no
ALPL	19	0.901668	no
ALPP	19	0.791501	no
ALS2	19	0.939886	no
ALS2CL	19	0.939833	no
ALX1	19	0.793795	no
ALX3	19	0.814882	no
ALX4	19	0.695515	no
AMACR	19	0.962963	no
AMBN	19	0.863017	no
AMBP	19	0.494495	no
AMBRA1	19	0.819298	no
AMD1	19	0.924561	no
AMDHD1	19	0.876320	no
AMDHD2	19	0.968393	no
AMELX	19	0.755353	no
AMELY	19	0.574601	no
AMER1	19	0.878629	no
AMER2	19	0.854752	no
AMER3	19	0.909389	no
AMFR	19	0.925845	no
AMH	19	0.792570	no
AMHR2	19	0.758159	no
AMIGO1	19	0.948876	no
AMIGO2	19	0.963533	no
AMIGO3	16	0.816416	no
AMMECR1	19	0.845614	no
AMMECR1L	19	0.811760	no
AMN	19	0.972784	no
AMN1	19	0.968421	no
AMOT	19	0.979350	no
AMOTL1	19	0.914035	no
AMOTL2	19	0.967944	no
AMPD1	19	0.562533	no
AMPD2	19	0.888986	no
AMPD3	19	0.964912	no
AMPH	19	0.920984	no
AMT	19	0.769583	no
AMTN	19	0.642588	no
AMY1A	19	0.541959	no
AMY1B	16	0.493771	no
AMY1C	13	1.000000	yes
AMY2A	19	0.642136	no
AMY2B	19	0.984211	no
AMZ1	19	0.954386	no
AMZ2	19	0.977193	no
ANAPC1	19	0.923212	no
ANAPC10	19	0.918754	no
ANAPC11	19	0.982010	no
ANAPC13	19	0.966667	no
ANAPC15	19	0.968421	no
ANAPC16	19	0.971930	no
ANAPC2	19	0.870706	no
ANAPC4	19	0.845614	no
ANAPC5	19	0.745614	no
ANAPC7	19	0.590610	no
ANG	19	0.923387	no
ANGEL1	19	0.989464	no
ANGEL2	19	0.936376	no
ANGPT1	19	0.860404	no
ANGPT2	19	0.812281	no
ANGPT4	19	0.744303	no
ANGPTL1	19	0.949539	no
ANGPTL2	19	0.899472	no
ANGPTL3	19	0.853638	no
ANGPTL4	19	0.929825	no
ANGPTL5	19	0.825692	no
ANGPTL6	19	0.947818	no
ANGPTL7	19	0.815767	no
ANGPTL8	19	0.790717	no
ANHX	19	0.727275	no
ANK1	19	0.900395	no
ANK2	19	0.978947	no
ANK3	19	0.915789	no
ANKAR	19	0.967091	no
ANKDD1A	19	0.950417	no
ANKDD1B	19	0.952151	no
ANKEF1	19	0.909171	no
ANKFN1	19	0.964866	no
ANKFY1	19	0.892982	no
ANKH	19	0.882456	no
ANKHD1	19	0.911248	no
ANKIB1	19	0.840351	no
ANKK1	19	0.922616	no
ANKLE1	19	0.944721	no
ANKLE2	19	0.940351	no
ANKMY1	19	0.978947	no
ANKMY2	19	0.884211	no
ANKRA2	19	0.922807	no
ANKRD1	19	0.744213	no
ANKRD10	19	0.882456	no
ANKRD11	19	0.978947	no
ANKRD12	19	0.961404	no
ANKRD13A	19	0.957895	no
ANKRD13B	19	0.594577	no
ANKRD13C	19	0.985965	no
ANKRD13D	19	0.964458	no
ANKRD16	19	0.989474	no
ANKRD17	19	0.964912	no
ANKRD18A	19	0.933656	no
ANKRD18B	19	0.941946	no
ANKRD2	19	0.691086	no
ANKRD20A1	19	0.858092	no
ANKRD22	19	0.913885	no
ANKRD23	19	0.980255	no
ANKRD24	19	0.921215	no
ANKRD26	19	0.968421	no
ANKRD27	19	0.888986	no
ANKRD28	19	0.896491	no
ANKRD29	19	0.887719	no
ANKRD30A	19	0.936373	no
ANKRD30B	19	0.942532	no
ANKRD30BL	19	0.850746	no
ANKRD31	19	0.835604	no
ANKRD33	19	0.796582	no
ANKRD33B	19	0.884211	no
ANKRD34A	19	0.979729	no
ANKRD34B	19	0.877033	no
ANKRD34C	19	0.860270	no
ANKRD35	19	0.949235	no
ANKRD36	19	0.949123	no
ANKRD36B	19	0.849123	no
ANKRD36C	19	0.935088	no
ANKRD37	19	0.971930	no
ANKRD39	19	0.987233	no
ANKRD40	19	0.950417	no
ANKRD40CL	19	0.823423	no
ANKRD42	19	0.804214	no
ANKRD44	19	0.985965	no
ANKRD45	19	0.931309	no
ANKRD46	19	0.946907	no
ANKRD49	19	0.938596	no
ANKRD50	19	0.868306	no
ANKRD52	19	0.943860	no
ANKRD53	19	0.894801	no
ANKRD54	19	0.972356	no
ANKRD55	19	0.967487	no
ANKRD6	19	0.828070	no
ANKRD60	19	0.477909	no
ANKRD61	19	0.874280	no
ANKRD62	19	0.758448	no
ANKRD63	16	nan	yes
ANKRD65	19	0.882819	no
ANKRD66	19	0.664902	no
ANKRD7	19	0.985520	no
ANKRD9	19	0.892796	no
ANKS1A	19	0.971930	no
ANKS1B	19	0.991228	no
ANKS3	19	0.908772	no
ANKS4B	19	0.945194	no
ANKS6	19	0.924561	no
ANKUB1	19	0.970175	no
ANKZF1	19	0.955682	no
ANLN	19	0.570676	no
ANO1	19	0.786186	no
ANO10	19	0.938596	no
ANO2	19	0.696837	no
ANO3	19	0.726353	no
ANO4	19	0.807370	no
ANO5	19	0.922807	no
ANO6	19	0.891228	no
ANO7	19	0.917181	no
ANO8	19	0.911249	no
ANO9	19	0.982843	no
ANOS1	19	0.811760	no
ANP32A	19	0.945614	no
ANP32B	19	0.871930	no
ANP32D	19	0.751208	no
ANP32E	19	0.924561	no
ANPEP	19	0.810414	no
ANTKMT	19	0.934621	no
ANTXR1	19	0.968393	no
ANTXR2	19	0.987719	no
ANTXRL	19	0.730809	no
ANXA1	19	0.811238	no
ANXA10	19	0.696151	no
ANXA11	19	0.956140	no
ANXA13	19	0.940037	no
ANXA2	19	0.936842	no
ANXA2R	19	0.991965	no
ANXA3	19	0.924090	no
ANXA4	19	0.894737	no
ANXA5	19	0.986398	no
ANXA6	19	0.894737	no
ANXA7	19	0.970175	no
ANXA8	19	0.797970	no
ANXA8L1	19	0.734860	no
ANXA9	19	0.705416	no
AOAH	19	0.984211	no
AOC1	19	0.830245	no
AOC2	19	0.924978	no
AOC3	19	0.703435	no
AOPEP	19	0.956140	no
AOX1	19	0.831797	no
AP1AR	19	0.780167	no
AP1B1	19	0.863158	no
AP1G1	19	0.964912	no
AP1G2	19	0.794208	no
AP1M1	19	0.978947	no
AP1M2	19	0.874018	no
AP1S1	19	0.985075	no
AP1S2	19	0.973684	no
AP1S3	19	0.974989	no
AP2A1	19	0.906497	no
AP2A2	19	0.970175	no
AP2B1	19	0.894737	no
AP2M1	19	0.970175	no
AP2S1	19	0.996491	no
AP3B1	19	0.975439	no
AP3B2	19	0.949539	no
AP3D1	19	0.854761	no
AP3M1	19	0.838682	no
AP3M2	19	0.880597	no
AP3S1	19	0.948662	no
AP3S2	19	0.977193	no
AP4B1	19	0.953050	no
AP4E1	19	0.782456	no
AP4M1	19	0.952632	no
AP4S1	19	0.896491	no
AP5B1	19	0.766359	no
AP5M1	19	0.779289	no
AP5S1	19	0.844094	no
AP5Z1	19	0.950877	no
APAF1	19	0.910048	no
APBA1	19	0.984211	no
APBA2	19	0.862477	no
APBA3	19	0.935031	no
APBB1	19	0.966667	no
APBB1IP	19	0.978929	no
APBB2	19	0.937253	no
APBB3	19	0.892497	no
APC	19	0.931579	no
APC2	19	0.907050	no
APCDD1	19	0.850176	no
APCDD1L	19	0.938740	no
APCS	19	0.391188	no
APEH	19	0.781387	no
APELA	19	0.778939	no
APEX1	19	0.887719	no
APEX2	19	0.901273	no
APH1A	19	0.866169	no
APH1B	19	0.950877	no
API5	19	0.867925	no
APIP	19	0.880702	no
APLF	19	0.776657	no
APLN	19	0.842444	no
APLNR	19	0.573828	no
APLP1	19	0.744832	no
APLP2	19	0.945614	no
APMAP	19	0.985965	no
APOA1	19	0.846801	no
APOA2	19	0.453586	no
APOA4	16	0.552579	no
APOA5	16	0.697238	no
APOB	19	0.537996	no
APOBEC1	19	0.724950	no
APOBEC2	19	0.889767	no
APOBEC3A	19	0.599550	no
APOBEC3B	19	0.773869	no
APOBEC3C	19	0.979834	no
APOBEC3D	19	0.881595	no
APOBEC3F	19	0.933743	no
APOBEC3G	19	0.968421	no
APOBEC3H	19	0.800001	no
APOBEC4	19	0.889877	no
APOBR	19	0.948083	no
APOC1	19	0.871930	no
APOC2	19	0.864536	no
APOC3	19	0.592854	no
APOC4	16	1.000000	no
APOD	19	0.467693	no
APOE	19	0.781044	no
APOF	19	0.852167	no
APOH	19	0.742260	no
APOL1	19	0.919702	no
APOL2	19	0.859649	no
APOL3	19	0.932397	no
APOL4	19	0.763673	no
APOL5	19	0.998912	no
APOL6	19	0.942105	no
APOLD1	19	0.831579	no
APOM	19	0.942519	no
APOO	19	0.645614	no
APOOL	19	0.838087	no
APP	19	0.926316	no
APPBP2	19	0.850373	no
APPL1	19	0.922807	no
APPL2	19	0.964912	no
APRT	19	0.984642	no
APTX	19	0.747368	no
AQP1	19	0.884396	no
AQP10	19	0.634878	no
AQP11	19	0.927129	no
AQP12A	13	nan	yes
AQP12B	16	nan	yes
AQP2	19	0.646912	no
AQP3	19	0.805800	no
AQP4	19	0.808100	no
AQP5	19	0.437162	no
AQP6	19	0.882494	no
AQP7	19	0.933039	no
AQP8	19	0.807796	no
AQP9	19	0.808016	no
AQR	19	0.931110	no
AR	19	0.956560	no
ARAF	19	0.932865	no
ARAP1	19	0.973684	no
ARAP2	19	0.966667	no
ARAP3	19	0.809315	no
ARC	19	0.813800	no
ARCN1	19	0.949123	no
AREG	19	0.939368	no
AREL1	19	0.915314	no
ARF1	19	0.992982	no
ARF3	19	0.940582	no
ARF4	19	0.968421	no
ARF5	19	0.992982	no
ARF6	19	0.953050	no
ARFGAP1	19	0.877578	no
ARFGAP2	19	0.741326	no
ARFGAP3	19	0.985965	no
ARFGEF1	19	0.994737	no
ARFGEF2	19	0.959649	no
ARFGEF3	19	0.842105	no
ARFIP1	19	0.924967	no
ARFIP2	19	0.992541	no
ARFRP1	19	0.856140	no
ARG1	19	0.907207	no
ARG2	19	0.833333	no
ARGFX	19	0.795494	no
ARGLU1	19	0.787719	no
ARHGAP1	19	0.898246	no
ARHGAP10	19	0.908772	no
ARHGAP11A	19	0.925525	no
ARHGAP11B	19	0.953240	no
ARHGAP12	19	0.915789	no
ARHGAP15	19	0.951295	no
ARHGAP17	19	0.978499	no
ARHGAP18	19	0.961404	no
ARHGAP19	19	0.730261	no
ARHGAP20	19	0.731579	no
ARHGAP21	19	0.959649	no
ARHGAP22	19	0.915314	no
ARHGAP23	19	0.836445	no
ARHGAP24	19	0.977193	no
ARHGAP25	19	0.915789	no
ARHGAP26	19	0.928070	no
ARHGAP27	19	0.960300	no
ARHGAP28	19	0.925243	no
ARHGAP29	19	0.874068	no
ARHGAP30	19	0.989446	no
ARHGAP31	19	0.926316	no
ARHGAP32	19	0.977193	no
ARHGAP33	19	0.867925	no
ARHGAP35	19	0.943860	no
ARHGAP36	19	0.904967	no
ARHGAP39	19	0.981132	no
ARHGAP4	19	0.983311	no
ARHGAP40	19	0.769401	no
ARHGAP42	19	0.947368	no
ARHGAP44	19	0.971930	no
ARHGAP45	19	0.988153	no
ARHGAP5	19	0.900000	no
ARHGAP6	19	0.949123	no
ARHGAP8	19	0.926240	no
ARHGAP9	19	0.992933	no
ARHGDIA	19	0.977193	no
ARHGDIB	19	0.975417	no
ARHGDIG	19	0.841789	no
ARHGEF1	19	0.989474	no
ARHGEF10	19	0.645796	no
ARHGEF10L	19	0.950877	no
ARHGEF11	19	0.968421	no
ARHGEF12	19	0.894737	no
ARHGEF15	19	0.657124	no
ARHGEF16	19	0.964758	no
ARHGEF17	19	0.939886	no
ARHGEF18	19	0.915044	no
ARHGEF19	19	0.945982	no
ARHGEF2	19	0.935088	no
ARHGEF25	19	0.918952	no
ARHGEF26	19	0.964736	no
ARHGEF28	19	0.963581	no
ARHGEF3	19	0.793330	no
ARHGEF33	19	0.880000	no
ARHGEF35	19	0.941183	no
ARHGEF37	19	0.887719	no
ARHGEF38	19	0.836188	no
ARHGEF39	19	0.867118	no
ARHGEF4	19	0.897143	no
ARHGEF40	19	0.971930	no
ARHGEF5	19	0.937776	no
ARHGEF6	19	0.931579	no
ARHGEF7	19	0.861404	no
ARHGEF9	19	0.934621	no
ARID1A	19	0.985965	no
ARID1B	19	0.985965	no
ARID2	19	0.980702	no
ARID3A	19	0.943860	no
ARID3B	19	0.878947	no
ARID3C	19	0.729871	no
ARID4A	19	0.919227	no
ARID4B	19	0.915789	no
ARID5A	19	0.984211	no
ARID5B	19	0.938596	no
ARIH1	19	0.889474	no
ARIH2	19	0.956102	no
ARL1	19	0.970175	no
ARL10	19	0.972737	no
ARL11	19	0.897109	no
ARL13A	19	0.893568	no
ARL13B	19	0.922807	no
ARL14	19	0.625843	no
ARL14EP	19	0.945151	no
ARL14EPL	19	0.911485	no
ARL15	19	0.936842	no
ARL17A	19	0.859402	no
ARL17B	19	0.915569	no
ARL2	19	0.961268	no
ARL2BP	19	0.926316	no
ARL3	19	0.871930	no
ARL4A	19	0.970175	no
ARL4C	19	0.921053	no
ARL4D	19	0.898640	no
ARL5A	19	0.924090	no
ARL5B	19	0.917544	no
ARL5C	19	0.654365	no
ARL6	19	0.950877	no
ARL6IP1	19	0.961370	no
ARL6IP4	19	0.891619	no
ARL6IP5	19	0.982456	no
ARL6IP6	19	0.950877	no
ARL8A	19	0.987719	no
ARL8B	19	0.970175	no
ARL9	19	0.966990	no
ARMC1	19	0.866667	no
ARMC10	19	0.980255	no
ARMC12	19	0.923216	no
ARMC2	19	0.928070	no
ARMC3	19	0.942054	no
ARMC5	19	0.846863	no
ARMC6	19	0.946907	no
ARMC7	19	0.984642	no
ARMC8	19	0.952632	no
ARMC9	19	0.975439	no
ARMCX1	19	0.983765	no
ARMCX2	19	0.947368	no
ARMCX3	19	0.887719	no
ARMCX4	19	0.989474	no
ARMCX5	19	0.856299	no
ARMCX6	19	0.859781	no
ARMH1	19	0.921053	no
ARMH2	19	0.930793	no
ARMH3	19	0.870175	no
ARMH4	19	0.966213	no
ARMS2	19	0.880062	no
ARMT1	19	0.928477	no
ARNT	19	0.878947	no
ARNT2	19	0.987275	no
ARPC1A	19	0.949362	no
ARPC1B	19	0.968421	no
ARPC2	19	0.982456	no
ARPC3	19	0.968421	no
ARPC4	19	0.975439	no
ARPC5	19	0.964912	no
ARPC5L	19	0.980702	no
ARPIN	19	0.848336	no
ARPP19	19	0.950395	no
ARPP21	19	0.667574	no
ARR3	19	0.740434	no
ARRB1	19	0.891619	no
ARRB2	19	0.954386	no
ARRDC1	19	0.966637	no
ARRDC2	19	0.894644	no
ARRDC3	19	0.857895	no
ARRDC4	19	0.677490	no
ARRDC5	19	0.979544	no
ARSA	19	0.912281	no
ARSB	19	0.996491	no
ARSD	19	0.958736	no
ARSF	19	0.942519	no
ARSG	19	0.933333	no
ARSH	19	0.748693	no
ARSI	19	0.740297	no
ARSJ	19	0.979342	no
ARSK	19	0.691260	no
ARSL	19	0.950727	no
ART1	19	0.697680	no
ART3	19	0.780468	no
ART4	19	0.745262	no
ART5	19	0.818237	no
ARTN	19	0.730494	no
ARV1	19	0.963158	no
ARVCF	19	0.951231	no
ARX	19	0.884336	no
AS3MT	19	0.755397	no
ASAH1	19	0.971930	no
ASAH2	19	0.791819	no
ASAH2B	19	0.963126	no
ASAP1	19	0.968421	no
ASAP2	19	0.967076	no
ASAP3	19	0.910672	no
ASB1	19	0.731022	no
ASB10	19	0.546921	no
ASB11	19	0.899430	no
ASB12	19	0.829776	no
ASB13	19	0.943396	no
ASB14	19	0.874452	no
ASB15	19	0.907796	no
ASB16	19	0.959121	no
ASB17	19	0.841513	no
ASB18	19	0.834152	no
ASB2	19	0.811731	no
ASB3	19	0.949123	no
ASB4	19	0.905126	no
ASB5	19	0.837527	no
ASB6	19	0.892889	no
ASB7	19	0.949123	no
ASB8	19	0.933333	no
ASB9	19	0.868108	no
ASCC1	19	0.957895	no
ASCC2	19	0.891228	no
ASCC3	19	0.847368	no
ASCL1	19	0.898546	no
ASCL2	19	0.991609	no
ASCL3	19	0.905778	no
ASCL4	19	0.755339	no
ASDURF	16	nan	yes
ASF1A	19	0.955682	no
ASF1B	19	0.851982	no
ASGR1	19	0.877974	no
ASGR2	19	0.940072	no
ASH1L	19	0.957895	no
ASH2L	19	0.959193	no
ASIC1	19	0.918497	no
ASIC2	19	0.884193	no
ASIC3	19	0.835900	no
ASIC4	19	0.895938	no
ASIC5	19	0.538490	no
ASIP	19	0.799297	no
ASL	19	0.830404	no
ASMT	19	0.939346	no
ASMTL	19	0.950417	no
ASNS	19	0.830529	no
ASNSD1	19	0.963158	no
ASPA	19	0.890014	no
ASPDH	19	0.998614	no
ASPG	19	0.883466	no
ASPH	19	0.975439	no
ASPHD1	19	0.806494	no
ASPHD2	19	0.955185	no
ASPM	19	0.608009	no
ASPN	19	0.892011	no
ASPRV1	19	0.966062	no
ASPSCR1	19	0.924495	no
ASRGL1	19	0.949539	no
ASS1	19	0.873190	no
ASTE1	19	0.843352	no
ASTL	19	0.922603	no
ASTN1	19	0.781673	no
ASTN2	19	0.930233	no
ASXL1	19	0.871930	no
ASXL2	19	0.989474	no
ASXL3	19	0.935031	no
ASZ1	19	0.732922	no
ATAD1	19	0.754386	no
ATAD2	19	0.828070	no
ATAD2B	19	0.966667	no
ATAD3A	19	0.982456	no
ATAD3B	19	0.967515	no
ATAD3C	19	0.812500	no
ATAD5	19	0.882456	no
ATAT1	19	0.881371	no
ATCAY	19	0.869701	no
ATE1	19	0.917947	no
ATF1	19	0.859526	no
ATF2	19	0.961404	no
ATF3	19	0.956140	no
ATF4	19	0.975439	no
ATF5	19	0.961825	no
ATF6	19	0.891228	no
ATF6B	19	0.951712	no
ATF7	19	0.877642	no
ATF7IP	19	0.933333	no
ATF7IP2	19	0.912281	no
ATG10	19	0.805263	no
ATG101	19	0.973234	no
ATG12	19	0.982456	no
ATG13	19	0.889474	no
ATG14	19	0.945614	no
ATG16L1	19	0.931459	no
ATG16L2	19	0.977193	no
ATG2A	19	0.978947	no
ATG2B	19	0.971930	no
ATG3	19	0.970175	no
ATG4A	19	0.785777	no
ATG4B	19	0.828070	no
ATG4C	19	0.940712	no
ATG4D	19	0.876208	no
ATG5	19	0.964912	no
ATG7	19	0.973684	no
ATG9A	19	0.951648	no
ATG9B	19	0.892631	no
ATIC	19	0.821303	no
ATL1	19	0.959193	no
ATL2	19	0.743860	no
ATL3	19	0.963158	no
ATM	19	0.982456	no
ATMIN	19	0.845108	no
ATN1	19	0.989030	no
ATOH1	16	nan	yes
ATOH7	19	0.858610	no
ATOH8	19	0.930641	no
ATOSA	19	0.912281	no
ATOSB	19	0.968421	no
ATOX1	19	0.894644	no
ATP10A	19	0.885376	no
ATP10B	19	0.903695	no
ATP10D	19	0.762615	no
ATP11A	19	0.885965	no
ATP11B	19	0.978947	no
ATP11C	19	0.936842	no
ATP12A	19	0.843185	no
ATP13A1	19	0.943396	no
ATP13A2	19	0.961825	no
ATP13A3	19	0.922807	no
ATP13A4	19	0.858084	no
ATP13A5	19	0.931556	no
ATP1A1	19	0.968421	no
ATP1A2	19	0.878182	no
ATP1A3	19	0.933585	no
ATP1A4	19	0.927283	no
ATP1B1	19	0.956140	no
ATP1B2	19	0.860808	no
ATP1B3	19	0.959649	no
ATP1B4	19	0.696254	no
ATP23	19	0.775188	no
ATP2A1	19	0.891133	no
ATP2A2	19	0.984211	no
ATP2A3	19	0.966937	no
ATP2B1	19	0.767881	no
ATP2B2	19	0.616873	no
ATP2B3	19	0.891651	no
ATP2B4	19	0.889474	no
ATP2C1	19	0.880702	no
ATP2C2	19	0.905180	no
ATP4A	19	0.748244	no
ATP4B	19	0.453586	no
ATP5F1A	19	0.970175	no
ATP5F1B	19	0.959649	no
ATP5F1C	19	0.949123	no
ATP5F1D	19	0.903509	no
ATP5F1E	19	0.980702	no
ATP5IF1	19	0.980702	no
ATP5MC1	19	0.950877	no
ATP5MC2	19	0.935088	no
ATP5MC3	19	0.940351	no
ATP5ME	19	0.985520	no
ATP5MF	19	0.994718	no
ATP5MG	19	0.950877	no
ATP5MGL	19	nan	yes
ATP5MJ	19	0.980702	no
ATP5MK	19	0.991228	no
ATP5PB	19	0.964912	no
ATP5PD	19	0.975439	no
ATP5PF	19	0.980702	no
ATP5PO	19	0.984155	no
ATP6AP1	19	0.905263	no
ATP6AP2	19	0.975439	no
ATP6V0A1	19	0.949123	no
ATP6V0A2	19	0.896007	no
ATP6V0A4	19	0.881393	no
ATP6V0B	19	0.963158	no
ATP6V0C	19	0.993301	no
ATP6V0D1	19	0.991228	no
ATP6V0D2	19	0.817501	no
ATP6V0E1	19	0.975439	no
ATP6V0E2	19	0.975867	no
ATP6V1A	19	0.910526	no
ATP6V1B1	19	0.811434	no
ATP6V1B2	19	0.982456	no
ATP6V1C1	19	0.908772	no
ATP6V1C2	19	0.976295	no
ATP6V1D	19	0.959193	no
ATP6V1E1	19	0.943860	no
ATP6V1E2	19	0.861782	no
ATP6V1F	19	0.987719	no
ATP6V1FNB	19	0.681639	no
ATP6V1G1	19	0.949123	no
ATP6V1G2	19	0.787202	no
ATP6V1G3	19	0.819471	no
ATP6V1H	19	0.961404	no
ATP7A	19	0.871096	no
ATP7B	19	0.978499	no
ATP8A1	19	0.966667	no
ATP8A2	19	0.985520	no
ATP8B1	19	0.870175	no
ATP8B2	19	0.928070	no
ATP8B3	19	0.848703	no
ATP8B4	19	0.843352	no
ATP9A	19	0.835088	no
ATP9B	19	0.896491	no
ATPAF1	19	0.928477	no
ATPAF2	19	0.965336	no
ATPSCKMT	19	0.899517	no
ATR	19	0.964912	no
ATRAID	19	0.966667	no
ATRIP	19	0.734300	no
ATRN	19	0.940351	no
ATRNL1	19	0.918349	no
ATRX	19	0.952632	no
ATXN1	19	0.971930	no
ATXN10	19	0.980702	no
ATXN1L	19	0.911583	no
ATXN2	19	0.985965	no
ATXN2L	19	0.884211	no
ATXN3	19	0.870175	no
ATXN3L	16	-0.066667	no
ATXN7	16	0.970588	no
ATXN7L1	19	0.854386	no
ATXN7L2	19	0.908532	no
ATXN7L3	19	0.871930	no
ATXN7L3B	19	0.891228	no
AUH	19	0.992982	no
AUNIP	19	0.728779	no
AUP1	19	0.957895	no
AURKA	19	0.706632	no
AURKAIP1	19	0.966667	no
AURKB	19	0.878587	no
AURKC	19	0.945330	no
AUTS2	19	0.863158	no
AVEN	19	0.749123	no
AVIL	19	0.767881	no
AVL9	19	0.978947	no
AVP	19	0.897298	no
AVPI1	19	0.964912	no
AVPR1A	19	0.845666	no
AVPR1B	19	0.919378	no
AVPR2	19	0.852876	no
AWAT1	19	0.627157	no
AWAT2	19	0.554045	no
AXDND1	19	0.910770	no
AXIN1	19	0.969724	no
AXIN2	19	0.880211	no
AXL	19	0.951295	no
AZGP1	19	0.361051	no
AZI2	19	0.938596	no
AZIN1	19	0.910526	no
AZIN2	19	0.925373	no
AZU1	19	0.900565	no
B2M	19	0.984211	no
B3GALNT1	19	0.850877	no
B3GALNT2	19	0.983765	no
B3GALT1	19	0.956522	no
B3GALT2	19	0.943071	no
B3GALT4	19	0.857641	no
B3GALT5	19	0.902552	no
B3GALT6	19	0.958315	no
B3GALT9	19	0.909292	no
B3GAT1	19	0.966326	no
B3GAT2	19	0.887231	no
B3GAT3	19	0.910048	no
B3GLCT	19	0.938596	no
B3GNT2	19	0.967516	no
B3GNT3	19	0.886540	no
B3GNT4	19	0.879138	no
B3GNT5	19	0.940351	no
B3GNT6	19	0.822581	no
B3GNT7	19	0.958627	no
B3GNT8	19	0.933579	no
B3GNT9	19	0.907693	no
B3GNTL1	19	0.971028	no
B4GALNT1	19	0.848283	no
B4GALNT2	19	0.872350	no
B4GALNT3	19	0.977193	no
B4GALNT4	19	0.810975	no
B4GALT1	19	0.968421	no
B4GALT2	19	0.949495	no
B4GALT3	19	0.918753	no
B4GALT4	19	0.948200	no
B4GALT5	19	0.905263	no
B4GALT6	19	0.935088	no
B4GALT7	19	0.940351	no
B4GAT1	19	0.983319	no
B9D1	19	0.933218	no
B9D2	19	0.964882	no
BAALC	19	0.848990	no
BAAT	19	0.914071	no
BABAM1	19	0.886132	no
BABAM2	19	0.975439	no
BACE1	19	0.977193	no
BACE2	19	0.954386	no
BACH1	19	0.922807	no
BACH2	19	0.938596	no
BAD	19	0.989474	no
BAG1	19	0.971930	no
BAG2	19	0.961825	no
BAG3	19	0.945614	no
BAG4	19	0.963158	no
BAG5	19	0.991228	no
BAG6	19	0.967969	no
BAHCC1	19	0.903028	no
BAHD1	19	0.913559	no
BAIAP2	19	0.931579	no
BAIAP2L1	19	0.859649	no
BAIAP2L2	19	0.831579	no
BAIAP3	19	0.912204	no
BAK1	19	0.933569	no
BAMBI	19	0.838596	no
BANF1	19	0.991228	no
BANF2	19	0.665474	no
BANK1	19	0.919702	no
BANP	19	0.900000	no
BAP1	19	0.946029	no
BARD1	19	0.757895	no
BARHL1	19	0.726296	no
BARHL2	19	nan	no
BARX1	19	0.186886	no
BARX2	19	0.783999	no
BASP1	19	0.994737	no
BATF	19	0.975309	no
BATF2	19	0.917920	no
BATF3	19	0.989881	no
BAX	19	0.940351	no
BAZ1A	19	0.922807	no
BAZ1B	19	0.849123	no
BAZ2A	19	0.971930	no
BAZ2B	19	0.947368	no
BBC3	19	0.945519	no
BBIP1	19	0.978947	no
BBLN	19	0.881966	no
BBOF1	19	0.982872	no
BBOX1	19	0.840857	no
BBS1	19	0.828888	no
BBS10	19	0.979377	no
BBS12	19	0.978016	no
BBS2	19	0.985953	no
BBS4	19	0.973684	no
BBS5	19	0.925012	no
BBS7	19	0.912681	no
BBS9	19	0.973684	no
BBX	19	0.961404	no
BCAM	19	0.912681	no
BCAN	19	0.980906	no
BCAP29	19	0.794286	no
BCAP31	19	0.954386	no
BCAR1	19	0.987688	no
BCAR3	19	0.884211	no
BCAS1	19	0.856892	no
BCAS2	19	0.982456	no
BCAS3	19	0.975439	no
BCAS4	19	0.987275	no
BCAT1	19	0.928007	no
BCAT2	19	0.907416	no
BCCIP	19	0.952632	no
BCDIN3D	19	0.935088	no
BCHE	19	0.921448	no
BCKDHA	19	0.905437	no
BCKDHB	19	0.926316	no
BCKDK	19	0.916594	no
BCL10	19	0.987275	no
BCL11A	19	0.915314	no
BCL11B	19	0.838994	no
BCL2	19	0.949123	no
BCL2A1	19	0.945391	no
BCL2L1	19	0.910048	no
BCL2L10	19	0.960903	no
BCL2L11	19	0.935088	no
BCL2L12	19	0.939833	no
BCL2L13	19	0.952632	no
BCL2L14	19	0.816323	no
BCL2L15	19	0.886004	no
BCL2L2	19	0.829525	no
BCL2L2-PABPN1	16	0.955817	no
BCL3	19	0.932865	no
BCL6	19	0.940351	no
BCL6B	19	0.816252	no
BCL7A	19	0.956560	no
BCL7B	19	0.962703	no
BCL7C	19	0.954805	no
BCL9	19	0.975867	no
BCL9L	19	0.971930	no
BCLAF1	19	0.956140	no
BCLAF3	19	0.973684	no
BCO1	19	0.914539	no
BCO2	19	0.977622	no
BCOR	19	0.945614	no
BCORL1	19	0.877963	no
BCR	19	0.959649	no
BCS1L	19	0.964882	no
BDH1	19	0.901582	no
BDH2	19	0.970175	no
BDKRB1	19	0.749569	no
BDKRB2	19	0.930754	no
BDNF	19	0.845512	no
BDP1	19	0.924561	no
BEAN1	19	0.882843	no
BECN1	19	0.857895	no
BECN2	16	nan	yes
BEGAIN	19	0.829956	no
BEND2	19	0.875255	no
BEND3	19	0.938353	no
BEND4	19	0.967323	no
BEND5	19	0.930965	no
BEND6	19	0.862054	no
BEND7	19	0.977193	no
BEST1	19	0.956102	no
BEST2	19	0.782019	no
BEST3	19	0.985190	no
BEST4	19	0.750444	no
BET1	19	0.884211	no
BET1L	19	0.908293	no
BEX1	19	0.892889	no
BEX2	19	0.848618	no
BEX3	19	0.954805	no
BEX4	19	0.929825	no
BEX5	19	0.974539	no
BFAR	19	0.902150	no
BFSP1	19	0.977984	no
BFSP2	19	0.828408	no
BGLAP	19	0.768560	no
BGN	19	0.576451	no
BHLHA15	19	0.914089	no
BHLHA9	16	0.642857	no
BHLHE22	19	0.884339	no
BHLHE23	16	nan	yes
BHLHE40	19	0.861404	no
BHLHE41	19	0.928070	no
BHMT	19	0.665789	no
BHMT2	19	0.911326	no
BICC1	19	0.892982	no
BICD1	19	0.864912	no
BICD2	19	0.989474	no
BICDL1	19	0.945614	no
BICDL2	19	0.923637	no
BICRA	19	0.837833	no
BICRAL	19	0.978947	no
BID	19	0.919298	no
BIK	19	0.900308	no
BIN1	19	0.834577	no
BIN2	19	0.915933	no
BIN3	19	0.961404	no
BIRC2	19	0.908772	no
BIRC3	19	0.918824	no
BIRC5	19	0.660063	no
BIRC6	19	0.975439	no
BIRC7	19	0.825105	no
BIVM	19	0.959530	no
BLCAP	19	0.975439	no
BLID	19	1.000000	no
BLK	19	0.951046	no
BLM	19	0.951273	no
BLMH	19	0.926722	no
BLNK	19	0.960457	no
BLOC1S1	19	0.984155	no
BLOC1S2	19	0.981132	no
BLOC1S3	19	0.478618	no
BLOC1S4	19	0.992982	no
BLOC1S5	19	0.936909	no
BLOC1S6	19	0.947322	no
BLTP1	19	0.961404	no
BLTP2	19	0.852632	no
BLTP3A	19	0.973684	no
BLTP3B	19	0.892982	no
BLVRA	19	0.973684	no
BLVRB	19	0.943396	no
BLZF1	19	0.926316	no
BMAL1	19	0.957895	no
BMAL2	19	0.863038	no
BMERB1	19	0.952047	no
BMF	19	0.938489	no
BMI1	19	0.967091	no
BMP1	19	0.873957	no
BMP10	16	0.413384	no
BMP15	19	0.687184	no
BMP2	19	0.821434	no
BMP2K	19	0.982456	no
BMP3	19	0.730450	no
BMP4	19	0.927785	no
BMP5	19	0.824475	no
BMP6	19	0.475606	no
BMP7	19	0.954485	no
BMP8A	19	0.943662	no
BMP8B	19	0.937169	no
BMPER	19	0.935031	no
BMPR1A	19	0.938596	no
BMPR1B	19	0.925845	no
BMPR2	19	0.949123	no
BMS1	19	0.828070	no
BMT2	19	0.970601	no
BMX	19	0.957858	no
BNC1	19	0.692442	no
BNC2	19	0.929825	no
BNIP1	19	0.949890	no
BNIP2	19	0.980702	no
BNIP3	19	0.971930	no
BNIP3L	19	0.980702	no
BNIP5	19	0.659229	no
BNIPL	19	0.406236	no
BOC	19	0.863796	no
BOD1	19	0.964912	no
BOD1L1	19	0.945614	no
BOD1L2	16	-0.097373	no
BOK	19	0.893766	no
BOLA1	19	0.960948	no
BOLA2	16	1.000000	no
BOLA2B	19	0.887453	no
BOLA3	19	0.959649	no
BOLL	19	0.887786	no
BOP1	19	0.939834	no
BORA	19	0.972783	no
BORCS5	19	0.984996	no
BORCS6	19	0.963549	no
BORCS7	19	0.968260	no
BORCS8	19	0.888182	no
BPGM	19	0.977622	no
BPHL	19	0.947784	no
BPI	19	0.777510	no
BPIFA1	16	0.444103	no
BPIFA2	19	0.477337	no
BPIFA3	19	0.474214	no
BPIFB1	19	0.344717	no
BPIFB2	19	0.471768	no
BPIFB3	19	0.544331	no
BPIFB4	19	0.862227	no
BPIFB6	16	nan	yes
BPIFC	19	0.979948	no
BPNT1	19	0.569170	no
BPNT2	19	0.936842	no
BPTF	19	0.945614	no
BPY2	19	nan	yes
BPY2B	13	nan	yes
BPY2C	16	1.000000	no
BRAF	19	0.985965	no
BRAP	19	0.949956	no
BRAT1	19	0.782800	no
BRCA1	19	0.884211	no
BRCA2	19	0.962703	no
BRCC3	19	0.616937	no
BRD1	19	0.704695	no
BRD2	19	0.980702	no
BRD3	19	0.970175	no
BRD3OS	19	0.960948	no
BRD4	19	0.959649	no
BRD7	19	0.878947	no
BRD8	19	0.975439	no
BRD9	19	0.873190	no
BRDT	19	0.885993	no
BRF1	19	0.961404	no
BRF2	19	0.942055	no
BRI3	19	0.954386	no
BRI3BP	19	0.843860	no
BRICD5	19	0.940685	no
BRINP1	19	0.680600	no
BRINP2	19	0.909823	no
BRINP3	19	0.935998	no
BRIP1	19	0.905263	no
BRIX1	19	0.956140	no
BRK1	19	0.980702	no
BRME1	19	0.881510	no
BRMS1	19	0.966638	no
BRMS1L	19	0.925845	no
BROX	19	0.994737	no
BRPF1	19	0.884683	no
BRPF3	19	0.823968	no
BRS3	19	0.699241	no
BRSK1	19	0.925176	no
BRSK2	19	0.900981	no
BRWD1	19	0.957895	no
BRWD3	19	0.971930	no
BSCL2	19	0.844930	no
BSDC1	19	0.914035	no
BSG	19	0.963158	no
BSN	19	0.888791	no
BSND	19	0.797139	no
BSPH1	19	0.792102	no
BSPRY	19	0.897278	no
BST1	19	0.917658	no
BST2	19	0.968421	no
BSX	19	0.894221	no
BTAF1	19	0.940351	no
BTBD1	19	0.875439	no
BTBD10	19	0.891619	no
BTBD16	19	0.948905	no
BTBD17	19	0.858163	no
BTBD18	19	0.884974	no
BTBD19	19	0.962670	no
BTBD2	19	0.738043	no
BTBD3	19	0.897762	no
BTBD6	19	0.947323	no
BTBD7	19	0.957858	no
BTBD8	19	0.952632	no
BTBD9	19	0.985965	no
BTC	19	0.949033	no
BTD	19	0.950877	no
BTF3	19	0.964912	no
BTF3L4	19	0.976744	no
BTG1	19	0.947368	no
BTG2	19	0.887719	no
BTG3	19	0.943396	no
BTG4	19	0.539171	no
BTK	19	0.897889	no
BTLA	19	0.917996	no
BTN1A1	19	0.840187	no
BTN2A1	19	0.950877	no
BTN2A2	19	0.826678	no
BTN3A1	19	0.975375	no
BTN3A2	19	0.950834	no
BTN3A3	19	0.902546	no
BTNL3	19	0.754507	no
BTNL8	19	0.900359	no
BTNL9	19	0.857396	no
BTRC	19	0.866667	no
BUB1	19	0.930776	no
BUB1B	19	0.697006	no
BUB3	19	0.904783	no
BUD13	19	0.870062	no
BUD23	19	0.982456	no
BUD31	19	0.964458	no
BVES	19	0.769335	no
BYSL	19	0.892982	no
BZW1	19	0.961404	no
BZW2	19	0.847368	no
C10orf105	19	0.941779	no
C10orf120	19	0.647059	no
C10orf143	19	0.856892	no
C10orf53	19	0.807152	no
C10orf62	19	nan	no
C10orf67	19	0.970097	no
C10orf71	19	0.865276	no
C10orf82	19	0.714003	no
C10orf88	19	0.864295	no
C10orf90	19	0.902418	no
C11orf1	19	0.952632	no
C11orf16	19	0.896781	no
C11orf21	19	0.940532	no
C11orf24	19	0.982456	no
C11orf42	19	0.819224	no
C11orf52	19	1.000000	no
C11orf54	19	0.957858	no
C11orf58	19	0.947368	no
C11orf65	19	0.873190	no
C11orf68	19	0.950834	no
C11orf71	19	0.873684	no
C11orf80	19	0.935088	no
C11orf86	19	0.759822	no
C11orf87	19	0.912597	no
C11orf91	19	0.729850	no
C11orf94	19	0.889499	no
C11orf97	19	0.817007	no
C11orf98	19	0.955446	no
C12orf29	19	0.905180	no
C12orf4	19	0.943860	no
C12orf40	19	0.845985	no
C12orf42	19	0.956446	no
C12orf43	19	0.971906	no
C12orf50	19	0.827578	no
C12orf54	19	0.700148	no
C12orf56	19	0.911170	no
C12orf57	19	0.964912	no
C12orf60	19	0.731343	no
C12orf71	19	0.665942	no
C12orf73	19	0.847368	no
C12orf75	19	0.798246	no
C13orf42	19	0.911659	no
C13orf46	19	0.861640	no
C14orf119	19	0.910448	no
C14orf132	19	0.951627	no
C14orf180	19	0.749452	no
C14orf28	19	0.953927	no
C14orf39	19	0.832306	no
C14orf93	19	0.977163	no
C15orf39	19	0.975439	no
C15orf40	19	0.814750	no
C15orf48	19	0.840301	no
C15orf61	19	0.945614	no
C15orf62	19	0.757555	no
C16orf46	19	0.792629	no
C16orf54	19	0.965488	no
C16orf74	19	0.894737	no
C16orf78	19	0.830646	no
C16orf86	19	0.887473	no
C16orf87	19	0.870175	no
C16orf89	19	0.916229	no
C16orf90	19	0.610368	no
C16orf91	19	0.971930	no
C16orf92	19	0.451950	no
C16orf95	19	0.886354	no
C16orf96	19	0.830918	no
C17orf100	19	0.982418	no
C17orf107	19	0.895247	no
C17orf113	19	0.664211	no
C17orf114	19	0.829161	no
C17orf49	19	0.903199	no
C17orf50	19	0.958294	no
C17orf58	19	0.950877	no
C17orf67	19	0.892982	no
C17orf75	19	0.939008	no
C17orf78	19	0.992974	no
C17orf80	19	0.908293	no
C17orf97	19	0.918505	no
C17orf98	19	0.890216	no
C17orf99	19	0.801595	no
C18orf21	19	0.843009	no
C18orf25	19	0.893767	no
C18orf32	19	0.970175	no
C18orf54	19	0.840949	no
C18orf63	19	0.916988	no
C19orf12	19	0.953927	no
C19orf18	19	0.960948	no
C19orf25	19	0.929825	no
C19orf33	19	0.862460	no
C19orf38	19	0.963420	no
C19orf44	19	0.977173	no
C19orf47	19	0.706064	no
C19orf53	19	0.985965	no
C19orf54	19	0.797892	no
C19orf67	19	0.895001	no
C19orf73	19	0.922567	no
C19orf81	19	0.926091	no
C19orf84	19	0.914493	no
C19orf85	19	1.000000	no
C1D	19	0.959193	no
C1GALT1	19	0.963158	no
C1GALT1C1	19	0.908210	no
C1GALT1C1L	19	0.930277	no
C1QA	19	0.919046	no
C1QBP	19	0.964912	no
C1QC	19	0.918467	no
C1QL1	19	0.925620	no
C1QL2	19	0.890564	no
C1QL3	19	0.858155	no
C1QL4	19	0.552464	no
C1QTNF1	19	0.802724	no
C1QTNF12	19	0.916307	no
C1QTNF2	19	0.867545	no
C1QTNF3	19	0.780472	no
C1QTNF4	19	0.896587	no
C1QTNF5	19	0.890564	no
C1QTNF6	19	0.870061	no
C1QTNF7	19	0.891228	no
C1QTNF8	19	0.740408	no
C1QTNF9	19	0.790880	no
C1QTNF9B	19	0.919975	no
C1RL	19	0.904176	no
C1S	19	0.785965	no
C1orf100	19	0.687556	no
C1orf105	19	0.788959	no
C1orf109	19	0.899034	no
C1orf112	19	0.954386	no
C1orf115	19	0.947761	no
C1orf116	19	0.907636	no
C1orf122	19	0.963158	no
C1orf131	19	0.706450	no
C1orf141	19	0.917953	no
C1orf146	19	0.941499	no
C1orf159	19	0.957895	no
C1orf162	19	0.906538	no
C1orf167	19	0.842845	no
C1orf174	19	0.948617	no
C1orf185	19	0.874224	no
C1orf198	19	0.931110	no
C1orf21	19	0.936376	no
C1orf210	19	0.878737	no
C1orf216	19	0.869949	no
C1orf226	19	0.864997	no
C1orf232	19	0.908779	no
C1orf35	19	0.971906	no
C1orf43	19	0.891619	no
C1orf50	19	0.899518	no
C1orf52	19	0.913559	no
C1orf53	19	0.915167	no
C1orf54	19	0.947368	no
C1orf56	19	0.785432	no
C1orf68	16	1.000000	no
C1orf74	19	0.938782	no
C1orf87	19	0.767655	no
C1orf94	19	0.877813	no
C2	19	0.870426	no
C20orf141	19	nan	no
C20orf144	19	0.767753	no
C20orf173	19	-0.055556	no
C20orf202	19	0.747826	no
C20orf203	19	0.791501	no
C20orf204	19	0.855374	no
C20orf27	19	0.685388	no
C20orf85	19	0.501982	no
C20orf96	19	0.968421	no
C21orf140	16	nan	yes
C21orf58	19	0.719614	no
C21orf62	19	0.964396	no
C21orf91	19	0.968846	no
C22orf15	19	0.915913	no
C22orf23	19	0.898552	no
C22orf31	19	0.707029	no
C22orf39	19	0.962703	no
C22orf42	19	0.651929	no
C2CD2	19	0.935088	no
C2CD2L	19	0.945518	no
C2CD3	19	0.970175	no
C2CD4A	19	0.767200	no
C2CD4B	19	0.791106	no
C2CD4C	19	0.684744	no
C2CD4D	19	0.982353	no
C2CD5	19	0.992982	no
C2CD6	19	0.898462	no
C2orf15	19	0.742125	no
C2orf42	19	0.934153	no
C2orf49	19	0.950417	no
C2orf50	19	0.957710	no
C2orf68	19	0.964881	no
C2orf69	19	0.952151	no
C2orf72	19	0.909777	no
C2orf73	19	0.932408	no
C2orf74	19	0.928101	no
C2orf76	19	0.894737	no
C2orf78	19	0.802087	no
C2orf80	19	0.939817	no
C2orf81	19	0.920171	no
C2orf88	19	0.880702	no
C2orf92	19	0.802106	no
C3	19	0.720492	no
C3AR1	19	0.938496	no
C3orf14	19	0.976744	no
C3orf18	19	0.957363	no
C3orf20	19	0.931579	no
C3orf22	19	0.853288	no
C3orf33	19	0.968366	no
C3orf38	19	0.880702	no
C3orf49	19	0.754402	no
C3orf52	19	0.942468	no
C3orf56	16	nan	yes
C3orf62	19	0.840720	no
C3orf70	19	0.814818	no
C3orf80	19	0.927603	no
C3orf84	19	0.833935	no
C3orf85	19	0.831797	no
C4A	19	0.918592	no
C4B	19	0.928379	no
C4BPA	19	0.734572	no
C4BPB	19	0.961778	no
C4orf17	19	0.790210	no
C4orf19	19	0.949123	no
C4orf3	19	0.991228	no
C4orf33	19	0.831579	no
C4orf36	19	0.757164	no
C4orf45	19	0.902064	no
C4orf46	19	0.915239	no
C4orf47	19	0.949079	no
C4orf48	19	0.964912	no
C4orf51	19	0.946303	no
C4orf54	19	0.740890	no
C5	19	0.852128	no
C5AR1	19	0.971930	no
C5AR2	19	0.820344	no
C5orf15	19	0.892982	no
C5orf22	19	0.823530	no
C5orf24	19	0.975867	no
C5orf34	19	0.930611	no
C5orf46	19	0.174063	no
C5orf47	19	0.802904	no
C5orf49	19	0.937473	no
C5orf52	19	0.663581	no
C5orf58	19	0.935694	no
C5orf63	19	0.963126	no
C6	19	0.873240	no
C6orf118	19	0.860978	no
C6orf120	19	0.856014	no
C6orf132	19	0.954346	no
C6orf136	19	0.973626	no
C6orf141	19	0.532281	no
C6orf15	16	nan	yes
C6orf163	19	0.743437	no
C6orf226	19	0.933333	no
C6orf47	19	0.882230	no
C6orf52	19	0.975397	no
C6orf58	19	0.931133	no
C6orf62	19	0.994737	no
C6orf89	19	0.957895	no
C7	19	0.739570	no
C7orf25	19	0.847255	no
C7orf31	19	0.882456	no
C7orf33	19	0.914706	no
C7orf50	19	0.985965	no
C7orf57	19	0.953065	no
C8A	19	0.778026	no
C8B	19	0.532291	no
C8G	19	0.727442	no
C8orf33	19	0.959649	no
C8orf34	19	0.950332	no
C8orf48	19	0.757595	no
C8orf58	19	0.971429	no
C8orf74	19	0.869269	no
C8orf76	19	0.933333	no
C8orf82	19	0.555702	no
C8orf88	19	0.941488	no
C8orf89	19	0.893428	no
C9	19	0.695601	no
C9orf131	19	0.936974	no
C9orf152	19	0.783295	no
C9orf153	19	0.903028	no
C9orf24	19	0.947784	no
C9orf40	19	0.874945	no
C9orf43	19	0.807220	no
C9orf50	19	0.789782	no
C9orf57	19	0.915856	no
C9orf64	19	0.960035	no
C9orf72	19	0.914035	no
C9orf78	19	0.959649	no
C9orf85	19	0.831579	no
CA1	19	0.849495	no
CA10	19	0.887965	no
CA11	19	0.928885	no
CA12	19	0.836556	no
CA13	19	0.792453	no
CA14	19	0.782390	no
CA2	19	0.889377	no
CA3	19	0.949123	no
CA4	19	0.784548	no
CA5A	19	0.705001	no
CA5B	19	0.884211	no
CA6	19	0.713198	no
CA7	19	0.896134	no
CA8	19	0.957438	no
CA9	19	0.934237	no
CAAP1	19	0.898246	no
CAB39	19	0.973684	no
CAB39L	19	0.914035	no
CABCOCO1	19	0.901539	no
CABIN1	19	0.931579	no
CABLES1	19	0.889474	no
CABLES2	19	0.683817	no
CABP1	19	0.879418	no
CABP2	19	nan	yes
CABP4	19	0.973986	no
CABP5	19	0.713069	no
CABP7	19	0.927191	no
CABS1	16	-0.123247	no
CABYR	19	0.870940	no
CACFD1	19	0.842794	no
CACHD1	19	0.957895	no
CACNA1A	19	0.948662	no
CACNA1B	19	0.917874	no
CACNA1C	19	0.919258	no
CACNA1D	19	0.963158	no
CACNA1E	19	0.982873	no
CACNA1F	19	0.963356	no
CACNA1G	19	0.963921	no
CACNA1H	19	0.914211	no
CACNA1I	19	0.977319	no
CACNA1S	19	0.784821	no
CACNA2D1	19	0.961404	no
CACNA2D2	19	0.971002	no
CACNA2D3	19	0.856516	no
CACNA2D4	19	0.923991	no
CACNB1	19	0.945982	no
CACNB2	19	0.964912	no
CACNB3	19	0.947692	no
CACNB4	19	0.956140	no
CACNG1	19	0.862889	no
CACNG2	19	0.890716	no
CACNG3	19	0.906389	no
CACNG4	19	0.942580	no
CACNG5	19	0.916459	no
CACNG6	19	0.890612	no
CACNG7	19	0.824726	no
CACNG8	19	0.903866	no
CACTIN	19	0.953468	no
CACUL1	19	0.883721	no
CACYBP	19	0.905263	no
CAD	19	0.879719	no
CADM1	19	0.915789	no
CADM2	19	0.918717	no
CADM3	19	0.743143	no
CADM4	19	0.843352	no
CADPS	19	0.820817	no
CADPS2	19	0.985965	no
CAGE1	19	0.822547	no
CALB1	19	0.911890	no
CALB2	19	0.694341	no
CALCA	19	0.722811	no
CALCB	19	0.954346	no
CALCOCO1	19	0.928070	no
CALCOCO2	19	0.964912	no
CALCRL	19	0.653796	no
CALD1	19	0.822807	no
CALHM1	19	0.626769	no
CALHM2	19	0.957288	no
CALHM3	19	0.872990	no
CALHM4	19	0.513004	no
CALHM5	19	0.807723	no
CALHM6	19	0.960878	no
CALM1	19	0.971930	no
CALM2	19	0.978947	no
CALM3	19	0.970175	no
CALML3	19	0.510407	no
CALML4	19	0.896852	no
CALML5	16	0.329689	no
CALML6	19	0.892293	no
CALN1	19	0.868802	no
CALR	19	0.936842	no
CALR3	16	nan	yes
CALU	19	0.967969	no
CALY	19	0.933662	no
CAMK1	19	0.946907	no
CAMK1D	19	0.982456	no
CAMK1G	19	0.937389	no
CAMK2A	19	0.955638	no
CAMK2B	19	0.973661	no
CAMK2D	19	0.915789	no
CAMK2G	19	0.992982	no
CAMK2N1	19	0.946029	no
CAMK2N2	19	0.858752	no
CAMK4	19	0.940246	no
CAMKK1	19	0.905180	no
CAMKK2	19	0.937253	no
CAMKMT	19	0.859649	no
CAMKV	19	0.861355	no
CAMLG	19	0.910526	no
CAMP	19	0.943142	no
CAMSAP1	19	0.977193	no
CAMSAP2	19	0.945614	no
CAMSAP3	19	0.963581	no
CAMTA1	19	0.928070	no
CAMTA2	19	0.950417	no
CAND1	19	0.905263	no
CAND2	19	0.965760	no
CANT1	19	0.884211	no
CANX	19	0.842105	no
CAP1	19	0.991228	no
CAP2	19	0.984211	no
CAPG	19	0.924561	no
CAPN1	19	0.938596	no
CAPN10	19	0.978929	no
CAPN11	19	0.836777	no
CAPN12	19	0.889287	no
CAPN13	19	0.910739	no
CAPN14	19	0.797430	no
CAPN15	19	0.968421	no
CAPN2	19	0.922334	no
CAPN3	19	0.949982	no
CAPN5	19	0.836699	no
CAPN6	19	0.323503	no
CAPN7	19	0.843352	no
CAPN8	19	0.845954	no
CAPN9	19	0.879452	no
CAPNS1	19	0.903509	no
CAPNS2	19	1.000000	no
CAPRIN1	19	0.971882	no
CAPRIN2	19	0.985965	no
CAPS	19	0.960070	no
CAPS2	19	0.947368	no
CAPSL	19	0.884433	no
CAPZA1	19	0.957895	no
CAPZA2	19	0.961404	no
CAPZA3	19	0.620211	no
CAPZB	19	0.985965	no
CARD10	19	0.934390	no
CARD11	19	0.815789	no
CARD14	19	0.899343	no
CARD16	19	0.985050	no
CARD18	16	0.925025	no
CARD19	19	0.969724	no
CARD6	19	0.897672	no
CARD8	19	0.984211	no
CARD9	19	0.962858	no
CARF	19	0.966667	no
CARHSP1	19	0.892982	no
CARM1	19	0.893766	no
CARMIL1	19	0.717544	no
CARMIL2	19	0.974476	no
CARMIL3	19	0.965546	no
CARNMT1	19	0.973684	no
CARNS1	19	0.841781	no
CARS1	19	0.915314	no
CARS2	19	0.807018	no
CARTPT	19	0.695682	no
CASC3	19	0.957895	no
CASD1	19	0.965336	no
CASK	19	0.873684	no
CASKIN1	19	0.877598	no
CASKIN2	19	0.973661	no
CASP1	19	0.977602	no
CASP10	19	0.991663	no
CASP14	19	0.664131	no
CASP2	19	0.931050	no
CASP3	19	0.934621	no
CASP4	19	0.966667	no
CASP5	19	0.956697	no
CASP6	19	0.984211	no
CASP7	19	0.970175	no
CASP8	19	0.994737	no
CASP9	19	0.929825	no
CASQ1	19	0.878290	no
CASQ2	19	0.692635	no
CASR	19	0.859852	no
CASS4	19	0.984629	no
CAST	19	0.968421	no
CASTOR1	19	0.651163	no
CASTOR2	19	0.978947	no
CASZ1	19	0.964912	no
CAT	19	0.985520	no
CATIP	19	0.976642	no
CATSPER1	19	0.727880	no
CATSPER2	19	0.992982	no
CATSPER3	19	0.925231	no
CATSPER4	19	0.891768	no
CATSPERB	19	0.786380	no
CATSPERD	19	0.688959	no
CATSPERE	19	0.852128	no
CATSPERG	19	0.892982	no
CATSPERZ	19	1.000000	no
CAV1	19	0.810633	no
CAV2	19	0.805446	no
CAV3	19	0.930750	no
CAVIN1	19	0.876208	no
CAVIN2	19	0.720773	no
CAVIN3	19	0.895431	no
CAVIN4	19	0.952025	no
CBARP	19	0.921181	no
CBFA2T2	19	0.885965	no
CBFA2T3	19	0.936292	no
CBFB	19	0.947368	no
CBL	19	0.967969	no
CBLB	19	0.838596	no
CBLC	19	0.907015	no
CBLIF	19	0.935114	no
CBLL1	19	0.945982	no
CBLL2	16	nan	no
CBLN1	19	0.796407	no
CBLN2	19	0.546570	no
CBLN3	19	0.630282	no
CBLN4	19	0.824740	no
CBR1	19	0.960948	no
CBR3	19	0.973684	no
CBR4	19	0.950877	no
CBS	19	0.843943	no
CBX1	19	0.966213	no
CBX2	19	0.832450	no
CBX3	19	0.985965	no
CBX4	19	0.964442	no
CBX5	19	0.917544	no
CBX6	19	0.878947	no
CBX7	19	0.912204	no
CBX8	19	0.712528	no
CBY1	19	0.973684	no
CBY2	19	0.787330	no
CBY3	19	0.916542	no
CC2D1A	19	0.905893	no
CC2D1B	19	0.889816	no
CC2D2A	19	0.973684	no
CC2D2B	19	0.980255	no
CCAR1	19	0.685965	no
CCAR2	19	0.923212	no
CCBE1	19	0.860904	no
CCDC102A	19	0.938822	no
CCDC102B	19	0.900000	no
CCDC103	16	0.874671	no
CCDC105	19	0.705483	no
CCDC106	19	0.903028	no
CCDC107	19	0.966667	no
CCDC110	19	0.911170	no
CCDC112	19	0.957895	no
CCDC113	19	0.940555	no
CCDC115	19	0.952632	no
CCDC116	19	0.622453	no
CCDC117	19	0.936376	no
CCDC12	19	0.940351	no
CCDC120	19	0.900790	no
CCDC121	19	0.959614	no
CCDC122	19	0.970175	no
CCDC124	19	0.990786	no
CCDC125	19	0.935909	no
CCDC126	19	0.834577	no
CCDC127	19	0.920579	no
CCDC13	19	0.956288	no
CCDC134	19	0.971479	no
CCDC136	19	0.921042	no
CCDC137	19	0.982887	no
CCDC138	19	0.854761	no
CCDC14	19	0.882456	no
CCDC141	19	0.824923	no
CCDC142	19	0.842845	no
CCDC144A	19	0.970472	no
CCDC146	19	0.909171	no
CCDC148	19	0.954346	no
CCDC149	19	0.917947	no
CCDC15	19	0.759471	no
CCDC150	19	0.896401	no
CCDC152	19	0.929293	no
CCDC153	19	0.961303	no
CCDC154	19	0.847607	no
CCDC157	19	0.941641	no
CCDC158	19	0.956886	no
CCDC159	19	0.939833	no
CCDC160	19	0.767439	no
CCDC163	19	0.829057	no
CCDC166	16	1.000000	no
CCDC167	19	0.892497	no
CCDC168	19	0.793458	no
CCDC169	19	0.599573	no
CCDC17	19	0.947743	no
CCDC170	19	0.977622	no
CCDC171	19	0.954386	no
CCDC172	19	0.835186	no
CCDC174	19	0.946907	no
CCDC175	19	0.935459	no
CCDC177	16	0.816982	no
CCDC178	19	0.969245	no
CCDC179	19	0.723712	no
CCDC18	19	0.954386	no
CCDC181	19	0.949123	no
CCDC182	19	0.500000	no
CCDC183	19	0.892287	no
CCDC184	19	0.931069	no
CCDC185	19	0.645763	no
CCDC186	19	0.924561	no
CCDC187	19	0.899817	no
CCDC188	19	0.646859	no
CCDC190	19	0.902256	no
CCDC191	19	0.941641	no
CCDC192	19	0.894252	no
CCDC194	19	0.913449	no
CCDC195	19	0.673820	no
CCDC196	19	0.938104	no
CCDC198	19	0.964589	no
CCDC200	19	0.910526	no
CCDC201	19	1.000000	yes
CCDC22	19	0.788225	no
CCDC24	19	0.987719	no
CCDC25	19	0.878947	no
CCDC27	19	0.908923	no
CCDC28B	19	0.985075	no
CCDC3	19	0.844230	no
CCDC30	19	0.971930	no
CCDC32	19	0.949123	no
CCDC33	19	0.952998	no
CCDC34	19	0.981132	no
CCDC38	19	0.944519	no
CCDC39	16	0.878698	no
CCDC40	19	0.972356	no
CCDC42	19	0.719747	no
CCDC43	19	0.901754	no
CCDC47	19	0.881966	no
CCDC50	19	0.961404	no
CCDC51	19	0.909490	no
CCDC54	19	0.609704	no
CCDC57	19	0.959649	no
CCDC59	19	0.949123	no
CCDC6	19	0.931579	no
CCDC60	19	0.708058	no
CCDC61	19	0.950834	no
CCDC62	19	0.942932	no
CCDC63	19	0.927923	no
CCDC65	19	0.889281	no
CCDC66	19	0.928070	no
CCDC68	19	0.735709	no
CCDC69	19	0.894252	no
CCDC7	19	0.929825	no
CCDC70	19	0.332182	no
CCDC71	19	0.934621	no
CCDC71L	19	0.980064	no
CCDC73	19	0.934621	no
CCDC74A	19	0.957250	no
CCDC74B	19	0.950943	no
CCDC77	19	0.955643	no
CCDC78	19	0.958893	no
CCDC8	19	0.892367	no
CCDC80	19	0.778217	no
CCDC81	19	0.966638	no
CCDC82	19	0.891228	no
CCDC83	19	0.568083	no
CCDC85A	19	0.855451	no
CCDC85B	19	0.884211	no
CCDC85C	19	0.842105	no
CCDC86	19	0.969258	no
CCDC87	19	0.826304	no
CCDC88A	19	0.971930	no
CCDC88B	19	0.967047	no
CCDC88C	19	0.884599	no
CCDC89	19	0.941323	no
CCDC9	19	0.908692	no
CCDC90B	19	0.801754	no
CCDC91	19	0.971930	no
CCDC92	19	0.931579	no
CCDC93	19	0.945614	no
CCDC96	19	1.000000	yes
CCDC97	19	0.977622	no
CCDC9B	19	0.923617	no
CCER1	19	0.726483	no
CCER2	19	0.909219	no
CCHCR1	19	0.979798	no
CCIN	19	0.573207	no
CCK	19	0.876303	no
CCKAR	19	0.773081	no
CCKBR	19	0.867052	no
CCL1	16	0.326275	no
CCL11	19	0.447919	no
CCL13	19	0.609750	no
CCL14	19	1.000000	yes
CCL15	19	1.000000	no
CCL16	19	1.000000	no
CCL17	19	0.780390	no
CCL18	19	0.742520	no
CCL19	19	0.815388	no
CCL2	19	0.717049	no
CCL20	19	0.846459	no
CCL21	19	0.846104	no
CCL22	19	0.966732	no
CCL23	19	0.646139	no
CCL24	19	0.883441	no
CCL25	19	0.668299	no
CCL26	19	0.693217	no
CCL27	19	0.872985	no
CCL28	19	0.759438	no
CCL3	19	0.855919	no
CCL3L1	19	0.675850	no
CCL4	19	0.924174	no
CCL4L2	19	0.927544	no
CCL5	19	0.944137	no
CCL7	19	0.864350	no
CCL8	19	0.851173	no
CCM2	19	0.963158	no
CCM2L	19	0.808629	no
CCN1	19	0.894067	no
CCN2	19	0.764912	no
CCN3	19	0.856890	no
CCN4	19	0.690203	no
CCN5	19	0.759807	no
CCN6	19	0.914276	no
CCNA1	19	0.826743	no
CCNA2	19	0.709323	no
CCNB1	19	0.888450	no
CCNB1IP1	19	0.750329	no
CCNB2	19	0.802290	no
CCNB3	19	0.945793	no
CCNC	19	0.921053	no
CCND1	19	0.937253	no
CCND2	19	0.890742	no
CCND3	19	0.959193	no
CCNDBP1	19	0.952632	no
CCNE1	19	0.802910	no
CCNE2	19	0.861539	no
CCNF	19	0.920000	no
CCNG1	19	0.919702	no
CCNG2	19	0.964912	no
CCNH	19	0.945614	no
CCNI	19	0.975439	no
CCNI2	19	0.904193	no
CCNJ	19	0.866667	no
CCNJL	19	0.929732	no
CCNK	19	0.996491	no
CCNL1	19	0.828070	no
CCNL2	19	0.922807	no
CCNO	19	0.814536	no
CCNP	19	0.750890	no
CCNQ	19	0.884599	no
CCNT1	19	0.914035	no
CCNT2	19	0.935088	no
CCNY	19	0.963158	no
CCNYL1	19	0.935088	no
CCP110	19	0.978499	no
CCPG1	19	0.980702	no
CCR1	19	0.979419	no
CCR10	19	0.960336	no
CCR2	19	0.893734	no
CCR3	19	0.787104	no
CCR4	19	0.835553	no
CCR5	19	0.961548	no
CCR6	19	0.914038	no
CCR7	19	0.894593	no
CCR8	19	0.650630	no
CCR9	19	0.863272	no
CCRL2	19	0.957116	no
CCS	19	0.768421	no
CCSAP	19	0.972784	no
CCSER1	19	0.921053	no
CCSER2	19	0.929825	no
CCT2	19	0.985965	no
CCT3	19	0.985965	no
CCT4	19	0.956140	no
CCT5	19	0.959649	no
CCT6A	19	0.973684	no
CCT6B	19	0.829825	no
CCT7	19	0.950417	no
CCT8	19	0.968421	no
CCT8L2	19	nan	yes
CCZ1	19	0.987719	no
CCZ1B	19	0.929355	no
CD101	19	0.797536	no
CD109	19	0.906538	no
CD14	19	0.788411	no
CD151	19	0.928070	no
CD160	19	0.885144	no
CD163	19	0.875056	no
CD163L1	19	0.937335	no
CD164	19	0.982456	no
CD164L2	19	0.844281	no
CD180	19	0.847791	no
CD19	19	0.864252	no
CD1A	19	0.891614	no
CD1B	19	0.886692	no
CD1C	19	0.950998	no
CD1D	19	0.856506	no
CD1E	19	0.887864	no
CD2	19	0.914528	no
CD200	19	0.942054	no
CD200R1	19	0.976601	no
CD200R1L	19	0.606199	no
CD207	19	0.567167	no
CD209	19	0.919682	no
CD22	19	0.868075	no
CD226	19	0.875823	no
CD24	19	0.901408	no
CD244	19	0.938597	no
CD247	19	0.868572	no
CD248	19	0.811017	no
CD27	19	0.887468	no
CD274	19	0.855888	no
CD276	19	0.844162	no
CD28	19	0.882497	no
CD2AP	19	0.959649	no
CD2BP2	19	0.975439	no
CD300A	19	0.944004	no
CD300C	19	0.764113	no
CD300E	19	0.867003	no
CD300H	19	0.645763	no
CD300LB	19	0.874176	no
CD300LD	19	0.685870	no
CD300LF	19	0.970554	no
CD300LG	19	0.550258	no
CD302	19	0.989030	no
CD320	19	0.948662	no
CD33	19	0.873014	no
CD34	19	0.635761	no
CD36	19	0.877193	no
CD37	19	0.966155	no
CD38	19	0.949934	no
CD3D	19	0.963756	no
CD3E	19	0.969487	no
CD3G	19	0.920917	no
CD4	19	0.738424	no
CD40	19	0.887719	no
CD40LG	19	0.956976	no
CD44	19	0.964912	no
CD46	19	0.842105	no
CD47	19	0.980702	no
CD48	19	0.926393	no
CD5	19	0.981828	no
CD52	19	0.967791	no
CD53	19	0.942318	no
CD55	19	0.996491	no
CD58	19	0.929825	no
CD59	19	0.892497	no
CD5L	19	0.952454	no
CD6	19	0.941073	no
CD63	19	0.954386	no
CD68	19	0.850616	no
CD69	19	0.927882	no
CD7	19	0.909419	no
CD70	19	0.894114	no
CD72	19	0.980685	no
CD74	19	0.971930	no
CD79A	19	0.974176	no
CD79B	19	0.943959	no
CD80	19	0.891650	no
CD81	19	0.947368	no
CD82	19	0.896885	no
CD83	19	0.803336	no
CD84	19	0.939907	no
CD86	19	0.813382	no
CD8A	19	0.981915	no
CD8B	19	0.936822	no
CD8B2	19	0.892960	no
CD9	19	0.929825	no
CD93	19	0.860556	no
CD96	19	0.727831	no
CD99	19	0.980702	no
CD99L2	19	0.866550	no
CDA	19	0.828925	no
CDADC1	19	0.912681	no
CDAN1	19	0.972759	no
CDC123	19	0.975439	no
CDC14A	19	0.963158	no
CDC14B	19	0.935088	no
CDC14C	16	nan	yes
CDC16	19	0.926251	no
CDC20	19	0.805115	no
CDC20B	19	0.856769	no
CDC23	19	0.584617	no
CDC25A	19	0.528502	no
CDC25B	19	0.926188	no
CDC25C	19	0.777387	no
CDC26	19	0.910926	no
CDC27	19	0.921053	no
CDC34	19	0.959649	no
CDC37	19	0.982456	no
CDC37L1	19	0.908772	no
CDC40	19	0.913559	no
CDC42	19	0.996048	no
CDC42BPA	19	0.987719	no
CDC42BPB	19	0.876700	no
CDC42BPG	19	0.896476	no
CDC42EP1	19	0.937970	no
CDC42EP2	19	0.823055	no
CDC42EP3	19	0.951295	no
CDC42EP4	19	0.928070	no
CDC42EP5	19	0.648722	no
CDC42SE1	19	0.928070	no
CDC42SE2	19	0.987719	no
CDC45	19	0.893326	no
CDC5L	19	0.916191	no
CDC6	19	0.690984	no
CDC7	19	0.717859	no
CDC73	19	0.960948	no
CDCA2	19	0.824824	no
CDCA3	19	0.601987	no
CDCA4	19	0.932397	no
CDCA5	19	0.812031	no
CDCA7	19	0.864401	no
CDCA7L	19	0.931579	no
CDCA8	19	0.785904	no
CDCP1	19	0.953765	no
CDCP2	16	0.805714	no
CDH1	19	0.901754	no
CDH10	19	0.794528	no
CDH11	19	0.743625	no
CDH12	19	0.976295	no
CDH13	19	0.915716	no
CDH15	19	0.634784	no
CDH16	19	0.659209	no
CDH17	19	0.795391	no
CDH18	19	0.925845	no
CDH19	19	0.474673	no
CDH2	19	0.876208	no
CDH20	19	0.791740	no
CDH22	19	0.940016	no
CDH23	19	0.954805	no
CDH24	19	0.916227	no
CDH26	19	0.958297	no
CDH3	19	0.673398	no
CDH4	19	0.889864	no
CDH5	19	0.704194	no
CDH6	19	0.853744	no
CDH7	19	0.926926	no
CDH8	19	0.725395	no
CDH9	19	0.903555	no
CDHR1	19	0.891785	no
CDHR2	19	0.985953	no
CDHR3	19	0.985520	no
CDHR4	19	0.703371	no
CDHR5	19	0.754635	no
CDIN1	19	0.970175	no
CDIP1	19	0.977193	no
CDIPT	19	0.950417	no
CDK1	19	0.867809	no
CDK10	19	0.970175	no
CDK11A	19	0.980255	no
CDK11B	19	0.961404	no
CDK12	19	0.985965	no
CDK13	19	0.980702	no
CDK14	19	0.994737	no
CDK15	19	0.772270	no
CDK16	19	0.876207	no
CDK17	19	0.882456	no
CDK18	19	0.863158	no
CDK19	19	0.985965	no
CDK2	19	0.874068	no
CDK20	19	0.959158	no
CDK2AP1	19	0.984211	no
CDK2AP2	19	0.966213	no
CDK3	19	0.892131	no
CDK4	19	0.927129	no
CDK5	19	0.920105	no
CDK5R1	19	0.982857	no
CDK5R2	19	0.865094	no
CDK5RAP1	19	0.974989	no
CDK5RAP2	19	0.829825	no
CDK5RAP3	19	0.919702	no
CDK6	19	0.835088	no
CDK7	19	0.996491	no
CDK8	19	0.847368	no
CDK9	19	0.981555	no
CDKAL1	19	0.945614	no
CDKL1	19	0.942105	no
CDKL2	19	0.987275	no
CDKL3	19	0.839589	no
CDKL4	19	0.946265	no
CDKL5	19	0.935088	no
CDKN1A	19	0.931988	no
CDKN1B	19	0.996051	no
CDKN1C	19	0.923550	no
CDKN2A	19	0.930488	no
CDKN2AIP	19	0.959193	no
CDKN2AIPNL	19	0.972356	no
CDKN2B	19	0.942857	no
CDKN2C	19	0.848991	no
CDKN2D	19	0.994296	no
CDKN3	19	0.845478	no
CDNF	19	0.924901	no
CDO1	19	0.886936	no
CDON	19	0.907416	no
CDPF1	19	0.928352	no
CDR2	19	0.942105	no
CDR2L	19	0.952549	no
CDRT15	19	0.726483	no
CDRT15L2	16	0.500000	no
CDRT4	19	0.721426	no
CDS1	19	0.977193	no
CDS2	19	0.696491	no
CDT1	19	0.594108	no
CDV3	19	0.975439	no
CDX1	19	0.556215	no
CDX2	16	0.738470	no
CDX4	16	1.000000	no
CDY1	16	nan	yes
CDY1B	13	nan	yes
CDY2A	13	nan	yes
CDY2B	16	nan	yes
CDYL	19	0.884211	no
CDYL2	19	0.925845	no
CEACAM1	19	0.731022	no
CEACAM16	19	0.926106	no
CEACAM18	19	0.645763	no
CEACAM19	19	0.957895	no
CEACAM20	19	0.783725	no
CEACAM21	19	0.971728	no
CEACAM3	19	0.691034	no
CEACAM4	19	0.986914	no
CEACAM5	19	0.609704	no
CEACAM6	19	0.832451	no
CEACAM7	19	0.641794	no
CEACAM8	19	0.781273	no
CEBPA	19	0.971806	no
CEBPB	19	0.982456	no
CEBPD	19	0.938596	no
CEBPE	19	0.898583	no
CEBPG	19	0.971930	no
CEBPZ	19	0.894737	no
CEBPZOS	19	0.871930	no
CECR2	19	0.870557	no
CEL	19	0.738117	no
CELA1	19	0.956874	no
CELA2A	19	0.777490	no
CELA2B	19	0.864996	no
CELA3A	19	0.848437	no
CELA3B	19	0.831168	no
CELF1	19	0.936842	no
CELF2	19	0.977193	no
CELF3	19	0.887253	no
CELF4	19	0.879666	no
CELF5	19	0.729553	no
CELF6	16	1.000000	no
CELSR1	19	0.953927	no
CELSR2	19	0.949956	no
CELSR3	19	0.968612	no
CEMIP	19	0.789820	no
CEMIP2	19	0.908772	no
CEMP1	19	0.884044	no
CENATAC	19	0.971930	no
CEND1	19	0.893285	no
CENPA	19	0.951712	no
CENPB	19	0.967969	no
CENPC	19	0.945614	no
CENPE	19	0.876153	no
CENPF	19	0.850242	no
CENPH	19	0.957438	no
CENPI	19	0.866521	no
CENPJ	19	0.970601	no
CENPK	19	0.987719	no
CENPL	19	0.961337	no
CENPM	19	0.956448	no
CENPN	19	0.943860	no
CENPO	19	0.936376	no
CENPP	19	0.843860	no
CENPQ	19	0.902150	no
CENPS	19	0.978763	no
CENPT	19	0.920579	no
CENPU	19	0.967886	no
CENPV	19	0.919227	no
CENPVL1	16	nan	yes
CENPVL2	13	nan	yes
CENPVL3	19	0.834074	no
CENPW	19	0.910448	no
CENPX	19	0.973684	no
CEP104	19	0.780509	no
CEP112	19	0.964912	no
CEP120	19	0.955682	no
CEP126	19	0.973684	no
CEP128	19	0.784211	no
CEP131	19	0.808100	no
CEP135	19	0.980255	no
CEP152	19	0.862539	no
CEP162	19	0.901273	no
CEP164	19	0.982456	no
CEP170	19	0.971930	no
CEP170B	19	0.913483	no
CEP19	19	0.961825	no
CEP192	19	0.880702	no
CEP20	19	0.982010	no
CEP250	19	0.839842	no
CEP290	19	0.966667	no
CEP295	19	0.900395	no
CEP295NL	19	nan	no
CEP350	19	0.936842	no
CEP41	19	0.973199	no
CEP43	19	0.845850	no
CEP44	19	0.864734	no
CEP55	19	0.798147	no
CEP57	19	0.868421	no
CEP57L1	19	0.857895	no
CEP63	19	0.957785	no
CEP68	19	0.764912	no
CEP70	19	0.877193	no
CEP72	19	0.933714	no
CEP76	19	0.977193	no
CEP78	19	0.974112	no
CEP83	19	0.900000	no
CEP85	19	0.905263	no
CEP85L	19	0.978947	no
CEP89	19	0.975439	no
CEP95	19	0.915314	no
CEP97	19	0.962703	no
CEPT1	19	0.928070	no
CER1	19	0.929078	no
CERCAM	19	0.908612	no
CERK	19	0.971930	no
CERKL	19	0.972736	no
CERS1	19	0.864536	no
CERS2	19	0.963158	no
CERS3	19	0.765846	no
CERS4	19	0.843860	no
CERS5	19	0.947368	no
CERS6	19	0.829311	no
CERT1	19	0.959649	no
CES1	19	0.848693	no
CES2	19	0.926316	no
CES3	19	0.922232	no
CES4A	19	0.934974	no
CES5A	19	0.998828	no
CETN1	16	nan	no
CETN2	19	0.973234	no
CETN3	19	0.951252	no
CETP	19	0.956015	no
CFAP100	19	0.904783	no
CFAP107	19	0.909900	no
CFAP119	19	0.826813	no
CFAP126	19	0.929579	no
CFAP141	19	0.945700	no
CFAP157	19	0.843806	no
CFAP161	19	0.881966	no
CFAP20	19	0.971930	no
CFAP206	19	0.999270	no
CFAP20DC	19	0.855639	no
CFAP210	19	0.962248	no
CFAP221	19	0.956980	no
CFAP251	19	0.924496	no
CFAP276	19	0.839959	no
CFAP298	19	0.985965	no
CFAP299	19	0.978499	no
CFAP300	19	0.939754	no
CFAP36	19	0.966213	no
CFAP410	19	0.983765	no
CFAP418	19	0.947761	no
CFAP43	19	0.939886	no
CFAP44	19	0.940272	no
CFAP45	19	0.938272	no
CFAP46	19	0.983687	no
CFAP47	19	0.956407	no
CFAP52	19	0.921167	no
CFAP53	19	0.953887	no
CFAP54	19	0.924090	no
CFAP57	19	0.924090	no
CFAP58	19	0.970575	no
CFAP61	19	0.967091	no
CFAP65	19	0.912681	no
CFAP69	19	0.996491	no
CFAP73	19	0.769786	no
CFAP74	19	0.811978	no
CFAP77	19	0.448413	no
CFAP91	19	0.877306	no
CFAP92	19	0.952632	no
CFAP95	19	0.911897	no
CFAP97	19	0.910926	no
CFAP97D1	19	0.659686	no
CFAP97D2	19	0.971458	no
CFAP99	19	0.949584	no
CFB	19	0.861498	no
CFC1	19	0.841838	no
CFC1B	13	1.000000	yes
CFD	19	0.907335	no
CFDP1	19	0.868421	no
CFH	19	0.901858	no
CFHR1	19	0.854651	no
CFHR2	16	0.535649	no
CFHR3	19	0.880459	no
CFHR4	16	0.712505	no
CFHR5	19	0.745622	no
CFI	19	0.961170	no
CFL1	19	0.949123	no
CFL2	19	0.960948	no
CFLAR	19	0.984211	no
CFP	19	0.993330	no
CFTR	19	0.878736	no
CGA	19	0.830592	no
CGAS	19	0.938955	no
CGB1	13	nan	yes
CGB2	13	nan	yes
CGB3	13	nan	yes
CGB5	13	nan	yes
CGB7	19	0.610368	no
CGB8	13	nan	yes
CGGBP1	19	0.931579	no
CGN	19	0.930991	no
CGNL1	19	0.967076	no
CGREF1	19	0.949451	no
CGRRF1	19	0.905619	no
CH25H	19	0.948627	no
CHAC1	19	0.842896	no
CHAC2	19	0.932865	no
CHAD	19	0.886734	no
CHADL	19	0.830405	no
CHAF1A	19	0.866169	no
CHAF1B	19	0.885616	no
CHAMP1	19	0.931255	no
CHAT	19	0.787788	no
CHCHD1	19	0.950417	no
CHCHD10	19	0.845108	no
CHCHD2	19	0.984211	no
CHCHD3	19	0.953927	no
CHCHD4	19	0.960070	no
CHCHD5	19	0.983765	no
CHCHD6	19	0.846863	no
CHCHD7	19	0.987719	no
CHCT1	19	0.950955	no
CHD1	19	0.891619	no
CHD1L	19	0.880597	no
CHD2	19	0.915789	no
CHD3	19	0.961404	no
CHD4	19	0.905263	no
CHD5	19	0.886485	no
CHD6	19	0.980255	no
CHD7	19	0.900000	no
CHD8	19	0.935088	no
CHD9	19	0.928070	no
CHDH	19	0.914399	no
CHEK1	19	0.842337	no
CHEK2	19	0.964458	no
CHERP	19	0.934941	no
CHFR	19	0.980702	no
CHGA	19	0.873291	no
CHGB	19	0.789768	no
CHI3L1	19	0.900133	no
CHI3L2	19	0.907970	no
CHIA	19	0.735245	no
CHIC1	19	0.989474	no
CHIC2	19	0.968846	no
CHID1	19	0.970175	no
CHIT1	19	0.965642	no
CHKA	19	0.963158	no
CHKB	19	0.872074	no
CHL1	19	0.928477	no
CHM	19	0.907018	no
CHML	19	0.937360	no
CHMP1A	19	0.847368	no
CHMP1B	19	0.970301	no
CHMP2A	19	0.989474	no
CHMP2B	19	0.959649	no
CHMP3	19	0.949123	no
CHMP4A	19	0.791603	no
CHMP4B	19	0.963158	no
CHMP4C	19	0.822026	no
CHMP5	19	0.989474	no
CHMP6	19	0.900000	no
CHMP7	19	0.959193	no
CHN1	19	0.922334	no
CHN2	19	0.966549	no
CHODL	19	0.918824	no
CHORDC1	19	0.925845	no
CHP1	19	0.914035	no
CHP2	19	0.509096	no
CHPF	19	0.952632	no
CHPF2	19	0.966213	no
CHPT1	19	0.973684	no
CHRAC1	19	0.942105	no
CHRD	19	0.878415	no
CHRDL1	19	0.842503	no
CHRDL2	19	0.852530	no
CHRFAM7A	19	0.952625	no
CHRM1	19	0.689150	no
CHRM2	19	0.661503	no
CHRM3	19	0.810526	no
CHRM4	16	0.735417	no
CHRM5	19	0.900791	no
CHRNA1	19	0.962380	no
CHRNA10	19	0.680858	no
CHRNA2	19	0.815774	no
CHRNA3	19	0.882729	no
CHRNA4	19	0.873689	no
CHRNA5	19	0.923823	no
CHRNA6	19	0.876326	no
CHRNA7	19	0.914393	no
CHRNA9	19	0.740276	no
CHRNB1	19	0.885591	no
CHRNB2	19	0.821481	no
CHRNB3	19	0.761510	no
CHRNB4	19	0.952339	no
CHRND	19	0.609050	no
CHRNE	19	0.950877	no
CHRNG	19	0.790811	no
CHST1	19	0.533068	no
CHST10	19	0.956140	no
CHST11	19	0.977193	no
CHST12	19	0.984211	no
CHST13	19	0.930955	no
CHST14	19	0.896794	no
CHST15	19	0.896400	no
CHST2	19	0.960353	no
CHST3	19	0.965063	no
CHST4	19	0.973562	no
CHST5	16	0.925485	no
CHST6	19	0.636894	no
CHST7	19	0.740123	no
CHST8	19	0.874452	no
CHST9	19	0.864058	no
CHSY1	19	0.970175	no
CHSY3	19	0.947368	no
CHTF18	19	0.912852	no
CHTF8	19	0.896311	no
CHTOP	19	0.957895	no
CHUK	19	0.947784	no
CHURC1	19	0.926316	no
CIAO1	19	0.956140	no
CIAO2A	19	0.977193	no
CIAO2B	19	0.973684	no
CIAO3	19	0.917874	no
CIAPIN1	19	0.729267	no
CIART	19	0.916996	no
CIB1	19	0.956140	no
CIB2	19	0.940712	no
CIB3	19	0.930200	no
CIB4	19	0.928561	no
CIBAR1	19	0.996051	no
CIBAR2	19	0.809949	no
CIC	19	0.849495	no
CIDEA	19	0.747889	no
CIDEB	19	0.831552	no
CIDEC	19	0.551980	no
CIITA	19	0.911804	no
CILK1	19	0.766126	no
CILP	19	0.739533	no
CILP2	19	0.888254	no
CINP	19	0.887231	no
CIP2A	19	0.868306	no
CIPC	19	0.712136	no
CIR1	19	0.959193	no
CIRBP	19	0.926316	no
CIROP	19	0.769759	no
CISD1	19	0.975439	no
CISD2	19	0.963158	no
CISD3	19	0.952590	no
CISH	19	0.700615	no
CIT	19	0.950417	no
CITED1	19	0.777759	no
CITED2	19	0.959649	no
CITED4	19	0.891963	no
CIZ1	19	0.805446	no
CKAP2	19	0.973684	no
CKAP2L	19	0.808692	no
CKAP4	19	0.914035	no
CKAP5	19	0.931988	no
CKB	19	0.933714	no
CKLF	19	0.952548	no
CKM	19	0.686739	no
CKMT1A	19	0.837935	no
CKMT1B	19	0.910795	no
CKMT2	19	0.903509	no
CKS1B	19	0.973210	no
CKS2	19	0.946907	no
CLASP1	19	0.963158	no
CLASP2	19	0.928070	no
CLASRP	19	0.951295	no
CLBA1	19	0.939421	no
CLC	19	0.975075	no
CLCA1	19	0.665438	no
CLCA2	19	0.439330	no
CLCA4	19	0.409440	no
CLCC1	19	0.919753	no
CLCF1	19	0.917810	no
CLCN1	19	0.778744	no
CLCN2	19	0.935441	no
CLCN3	19	0.919298	no
CLCN4	19	0.963158	no
CLCN5	19	0.989908	no
CLCN6	19	0.980255	no
CLCN7	19	0.939886	no
CLCNKA	19	0.639822	no
CLCNKB	19	0.679106	no
CLDN1	19	0.661830	no
CLDN10	19	0.838455	no
CLDN11	19	nan	no
CLDN12	19	0.943322	no
CLDN14	19	0.881654	no
CLDN15	19	0.838894	no
CLDN16	19	0.909900	no
CLDN17	16	nan	no
CLDN18	19	0.832159	no
CLDN19	19	0.729200	no
CLDN2	19	0.796190	no
CLDN20	19	0.907970	no
CLDN22	19	0.687361	no
CLDN23	19	0.961162	no
CLDN24	19	1.000000	yes
CLDN25	16	1.000000	yes
CLDN3	19	0.762618	no
CLDN34	19	0.788706	no
CLDN4	19	0.759267	no
CLDN5	19	0.667854	no
CLDN6	19	0.792336	no
CLDN7	19	0.928385	no
CLDN8	19	0.791689	no
CLDN9	19	0.909847	no
CLDND1	19	0.880702	no
CLDND2	19	0.953190	no
CLEC10A	19	0.853461	no
CLEC11A	19	0.960948	no
CLEC12A	19	0.858787	no
CLEC12B	19	0.919263	no
CLEC14A	19	0.390163	no
CLEC16A	19	0.896885	no
CLEC17A	19	0.718829	no
CLEC18A	19	0.781416	no
CLEC18B	19	0.758237	no
CLEC18C	19	0.771371	no
CLEC19A	19	0.915635	no
CLEC1A	19	0.829243	no
CLEC1B	19	0.845558	no
CLEC20A	19	0.828936	no
CLEC2A	19	0.680458	no
CLEC2B	19	0.978481	no
CLEC2D	19	0.973684	no
CLEC2L	19	0.912453	no
CLEC3A	19	0.911113	no
CLEC3B	19	0.779763	no
CLEC4A	19	0.926980	no
CLEC4C	19	0.815530	no
CLEC4D	19	0.851733	no
CLEC4E	19	0.943481	no
CLEC4F	19	0.866209	no
CLEC4G	19	0.839984	no
CLEC4M	19	0.523165	no
CLEC5A	19	0.770593	no
CLEC6A	19	0.897155	no
CLEC7A	19	0.942192	no
CLEC9A	19	0.891696	no
CLGN	19	0.778192	no
CLHC1	19	0.963095	no
CLIC1	19	0.987719	no
CLIC2	19	0.970149	no
CLIC3	19	0.918090	no
CLIC4	19	0.805263	no
CLIC5	19	0.987709	no
CLIC6	19	0.713848	no
CLINT1	19	0.926316	no
CLIP1	19	0.954386	no
CLIP2	19	0.966667	no
CLIP3	19	0.861282	no
CLIP4	19	0.892982	no
CLK1	19	0.915789	no
CLK2	19	0.897627	no
CLK3	19	0.975439	no
CLK4	19	0.912281	no
CLMN	19	0.900000	no
CLMP	19	0.875330	no
CLN3	19	0.996416	no
CLN5	19	0.952236	no
CLN6	19	0.946813	no
CLN8	19	0.914669	no
CLNK	19	0.790953	no
CLNS1A	19	0.866667	no
CLOCK	19	0.943860	no
CLP1	19	0.917472	no
CLPB	19	0.897762	no
CLPP	19	0.973684	no
CLPS	16	0.713422	no
CLPSL1	19	0.761862	no
CLPSL2	19	0.552981	no
CLPTM1	19	0.833333	no
CLPTM1L	19	0.950417	no
CLPX	19	0.801754	no
CLRN1	19	0.910237	no
CLRN2	19	0.798241	no
CLRN3	19	0.936069	no
CLSPN	19	0.880440	no
CLSTN1	19	0.878947	no
CLSTN2	19	0.916045	no
CLSTN3	19	0.948831	no
CLTA	19	0.994737	no
CLTB	19	0.976744	no
CLTC	19	0.933333	no
CLTCL1	19	0.870175	no
CLTRN	19	0.805300	no
CLU	19	0.787187	no
CLUAP1	19	0.982010	no
CLUH	19	0.940351	no
CLUL1	19	0.905178	no
CLVS1	19	0.848618	no
CLVS2	19	0.886683	no
CLXN	19	0.769263	no
CLYBL	19	0.938596	no
CMA1	19	0.739375	no
CMAS	19	0.974112	no
CMBL	19	0.982441	no
CMC1	19	0.933333	no
CMC2	19	0.977622	no
CMC4	19	0.934802	no
CMIP	19	0.898246	no
CMKLR1	19	0.509681	no
CMKLR2	19	0.911604	no
CMPK1	19	0.974112	no
CMPK2	19	0.949079	no
CMSS1	19	0.957895	no
CMTM1	19	0.916891	no
CMTM2	19	0.830106	no
CMTM3	19	0.907773	no
CMTM4	19	0.910526	no
CMTM5	19	0.819069	no
CMTM6	19	0.977193	no
CMTM7	19	0.931579	no
CMTM8	19	0.933333	no
CMTR1	19	0.705263	no
CMTR2	19	0.974089	no
CMYA5	19	0.949123	no
CNBD1	19	0.890255	no
CNBD2	19	0.940662	no
CNBP	19	0.922807	no
CNDP1	19	0.877202	no
CNDP2	19	0.948662	no
CNEP1R1	19	0.949956	no
CNFN	19	0.886444	no
CNGA1	19	0.905578	no
CNGA2	16	nan	yes
CNGA3	19	0.918078	no
CNGA4	19	0.845040	no
CNGB1	19	0.973546	no
CNGB3	19	0.831066	no
CNIH1	19	0.970175	no
CNIH2	19	0.878646	no
CNIH3	19	0.945614	no
CNIH4	19	0.973684	no
CNKSR1	19	0.954346	no
CNKSR2	19	0.931110	no
CNKSR3	19	0.697641	no
CNMD	19	0.845853	no
CNN1	19	0.720725	no
CNN2	19	0.979368	no
CNN3	19	0.960053	no
CNNM1	19	0.867292	no
CNNM2	19	0.810526	no
CNNM3	19	0.985075	no
CNNM4	19	0.864912	no
CNOT1	19	0.949123	no
CNOT10	19	0.977193	no
CNOT11	19	0.961404	no
CNOT2	19	0.961404	no
CNOT3	19	0.965744	no
CNOT4	19	0.931579	no
CNOT6	19	0.936842	no
CNOT6L	19	0.957895	no
CNOT7	19	0.949123	no
CNOT8	19	0.985520	no
CNOT9	19	0.912281	no
CNP	19	0.966637	no
CNPPD1	19	0.913559	no
CNPY1	19	0.890564	no
CNPY2	19	0.994718	no
CNPY3	19	0.971930	no
CNPY4	19	0.902503	no
CNR1	19	0.960353	no
CNR2	19	0.939103	no
CNRIP1	19	0.957363	no
CNST	19	0.850877	no
CNTD1	19	0.800088	no
CNTF	19	0.732647	no
CNTFR	19	0.809490	no
CNTLN	19	0.927600	no
CNTN1	19	0.966213	no
CNTN2	19	0.960213	no
CNTN3	19	0.967914	no
CNTN4	19	0.920579	no
CNTN5	19	0.900000	no
CNTN6	19	0.909491	no
CNTNAP1	19	0.974956	no
CNTNAP2	19	0.910526	no
CNTNAP3	19	0.991648	no
CNTNAP3B	19	0.959193	no
CNTNAP4	19	0.730618	no
CNTNAP5	19	0.979807	no
CNTRL	19	0.978947	no
CNTROB	19	0.858648	no
COA1	19	0.933333	no
COA3	19	0.936842	no
COA4	19	0.970175	no
COA5	19	0.946029	no
COA6	19	0.987719	no
COA7	19	0.915314	no
COA8	19	0.981066	no
COASY	19	0.949539	no
COBL	19	0.913559	no
COBLL1	19	0.975439	no
COCH	19	0.889474	no
COG1	19	0.982887	no
COG2	19	0.867925	no
COG3	19	0.949123	no
COG5	19	0.938596	no
COG6	19	0.943860	no
COG7	19	0.991228	no
COG8	16	0.837261	no
COIL	19	0.920579	no
COL10A1	19	0.853873	no
COL11A1	19	0.940294	no
COL11A2	19	0.928229	no
COL12A1	19	0.826072	no
COL13A1	19	0.830616	no
COL14A1	19	0.815825	no
COL15A1	19	0.753762	no
COL16A1	19	0.929732	no
COL17A1	19	0.854864	no
COL18A1	19	0.892982	no
COL19A1	19	0.892497	no
COL1A1	19	0.741879	no
COL1A2	19	0.578743	no
COL20A1	19	0.806633	no
COL21A1	19	0.917471	no
COL22A1	19	0.800352	no
COL23A1	19	0.870175	no
COL24A1	19	0.820582	no
COL25A1	19	0.835454	no
COL26A1	19	0.932807	no
COL27A1	19	0.904783	no
COL28A1	19	0.928415	no
COL2A1	19	0.578281	no
COL3A1	19	0.529930	no
COL4A1	19	0.877578	no
COL4A2	19	0.876208	no
COL4A3	19	0.964882	no
COL4A4	19	0.863417	no
COL4A5	19	0.912128	no
COL4A6	19	0.925994	no
COL5A1	19	0.789289	no
COL5A2	19	0.971930	no
COL5A3	19	0.871096	no
COL6A1	19	0.905660	no
COL6A2	19	0.856140	no
COL6A3	19	0.712969	no
COL6A6	19	0.827465	no
COL7A1	19	0.939315	no
COL8A1	19	0.888799	no
COL8A2	19	0.755408	no
COL9A1	19	0.872274	no
COL9A2	19	0.852113	no
COL9A3	19	0.940604	no
COLEC10	19	0.791249	no
COLEC11	19	0.723956	no
COLEC12	19	0.905180	no
COLGALT1	19	0.957363	no
COLGALT2	19	0.918350	no
COLQ	19	0.961404	no
COMMD1	19	0.885965	no
COMMD10	19	0.850373	no
COMMD2	19	0.932865	no
COMMD3	19	0.974100	no
COMMD4	19	0.967969	no
COMMD5	19	0.861404	no
COMMD6	19	0.938596	no
COMMD7	19	0.956205	no
COMMD8	19	0.906538	no
COMMD9	19	0.924561	no
COMP	19	0.437137	no
COMT	19	0.968421	no
COMTD1	19	0.939886	no
COP1	19	0.968421	no
COPA	19	0.905263	no
COPB1	19	0.915789	no
COPB2	19	0.943860	no
COPE	19	0.985965	no
COPG1	19	0.843860	no
COPG2	19	0.947368	no
COPRS	19	0.992099	no
COPS2	19	0.849123	no
COPS3	19	0.915716	no
COPS4	19	0.792982	no
COPS5	19	0.984211	no
COPS6	19	0.994737	no
COPS7A	19	0.915716	no
COPS7B	19	0.967091	no
COPS8	19	0.978947	no
COPS9	19	0.950877	no
COPZ1	19	0.956140	no
COPZ2	19	0.984197	no
COQ10A	19	0.960948	no
COQ10B	19	0.959193	no
COQ2	19	0.889474	no
COQ3	19	0.903509	no
COQ4	19	0.940764	no
COQ5	19	0.899034	no
COQ6	19	0.906058	no
COQ7	19	0.933627	no
COQ8A	19	0.916663	no
COQ8B	19	0.854386	no
COQ9	19	0.876700	no
CORIN	19	0.824615	no
CORO1A	19	0.977488	no
CORO1B	19	0.919702	no
CORO1C	19	0.968421	no
CORO2A	19	0.955682	no
CORO2B	19	0.972356	no
CORO6	19	0.969204	no
CORO7	19	0.887479	no
CORT	19	0.780169	no
COTL1	19	0.878947	no
COX10	19	0.957895	no
COX11	19	0.956140	no
COX14	19	0.992976	no
COX15	19	0.962165	no
COX16	19	0.990342	no
COX17	19	0.961404	no
COX18	19	0.959157	no
COX19	19	0.942105	no
COX20	19	0.980702	no
COX4I1	19	0.882456	no
COX4I2	19	0.746326	no
COX5A	19	0.975439	no
COX5B	19	0.974989	no
COX6A1	19	0.935498	no
COX6A2	19	0.738563	no
COX6B1	19	0.973684	no
COX6B2	19	0.708601	no
COX6C	19	0.968394	no
COX7A1	19	0.807914	no
COX7A2	19	0.973684	no
COX7A2L	19	0.894737	no
COX7B	19	0.975439	no
COX7B2	19	0.771106	no
COX7C	19	0.977193	no
COX8A	19	0.968832	no
COX8C	19	0.726483	no
CP	19	0.783487	no
CPA1	19	0.862522	no
CPA2	19	0.696433	no
CPA3	19	0.749795	no
CPA4	19	0.867179	no
CPA5	19	0.651137	no
CPA6	19	0.839192	no
CPAMD8	19	0.847235	no
CPB1	19	0.805719	no
CPB2	19	0.893926	no
CPD	19	0.856140	no
CPE	19	0.810526	no
CPEB1	19	0.989329	no
CPEB2	19	0.947368	no
CPEB3	19	0.975439	no
CPEB4	19	0.950877	no
CPED1	19	0.902064	no
CPHXL	19	0.910938	no
CPHXL2	19	0.885903	no
CPLANE1	19	0.952632	no
CPLANE2	19	0.931400	no
CPLX1	19	0.778707	no
CPLX2	19	0.967672	no
CPLX3	19	0.469861	no
CPLX4	19	0.886501	no
CPM	19	0.833333	no
CPN1	19	0.773822	no
CPN2	19	0.692293	no
CPNE1	19	0.903509	no
CPNE2	19	0.950877	no
CPNE3	19	0.945614	no
CPNE4	19	0.845343	no
CPNE5	19	0.776408	no
CPNE6	19	0.920551	no
CPNE7	19	0.916374	no
CPNE8	19	0.973684	no
CPNE9	19	0.951230	no
CPO	19	0.952967	no
CPOX	19	0.968819	no
CPPED1	19	0.712281	no
CPQ	19	0.959649	no
CPS1	19	0.829675	no
CPSF1	19	0.931929	no
CPSF2	19	0.757895	no
CPSF3	19	0.658183	no
CPSF4	19	0.896007	no
CPSF4L	19	0.832723	no
CPSF6	19	0.808249	no
CPSF7	19	0.971930	no
CPT1A	19	0.933333	no
CPT1B	19	0.940942	no
CPT1C	19	0.762137	no
CPT2	19	0.918824	no
CPTP	19	0.959580	no
CPVL	19	0.892982	no
CPXCR1	16	nan	yes
CPXM1	19	0.718712	no
CPXM2	19	0.921890	no
CPZ	16	0.889428	no
CR1	19	0.968310	no
CR1L	19	0.975290	no
CR2	19	0.986611	no
CRABP1	19	0.846731	no
CRABP2	19	0.663153	no
CRACD	19	0.904699	no
CRACDL	19	0.934563	no
CRACR2A	19	0.994732	no
CRACR2B	19	0.914361	no
CRADD	19	0.966667	no
CRAMP1	19	0.934095	no
CRAT	19	0.975439	no
CRB1	19	0.985075	no
CRB2	19	0.967257	no
CRB3	19	0.956685	no
CRBN	19	0.852632	no
CRCP	19	0.912204	no
CRCT1	19	0.520855	no
CREB1	19	0.942105	no
CREB3	19	0.994732	no
CREB3L1	19	0.847912	no
CREB3L2	19	0.935498	no
CREB3L3	19	0.938075	no
CREB3L4	19	0.862659	no
CREB5	19	0.933333	no
CREBBP	19	0.987719	no
CREBL2	19	0.843860	no
CREBRF	19	0.947368	no
CREBZF	19	0.922807	no
CREG1	19	0.956140	no
CREG2	19	0.851008	no
CRELD1	19	0.891451	no
CRELD2	19	0.964912	no
CREM	19	0.815789	no
CRH	19	0.885111	no
CRHBP	19	0.902162	no
CRHR1	16	0.895562	no
CRHR2	19	0.808386	no
CRIM1	19	0.926316	no
CRIP1	19	0.935385	no
CRIP2	19	0.946907	no
CRIP3	19	0.870143	no
CRIPT	19	0.945151	no
CRISP1	19	0.908200	no
CRISP2	19	0.700134	no
CRISP3	19	0.508985	no
CRISPLD1	19	0.876100	no
CRISPLD2	19	0.955682	no
CRK	19	0.924561	no
CRKL	19	0.972771	no
CRLF1	19	0.580702	no
CRLF2	19	0.920731	no
CRLF3	19	0.973684	no
CRLS1	19	0.799297	no
CRMP1	19	0.884211	no
CRNKL1	19	0.896491	no
CRNN	19	0.277575	no
CROCC	19	0.884211	no
CROCC2	19	0.931656	no
CROT	19	0.842105	no
CRP	19	0.587789	no
CRPPA	19	0.968421	no
CRTAC1	19	0.791906	no
CRTAM	19	0.950998	no
CRTAP	19	0.804215	no
CRTC1	19	0.968421	no
CRTC2	19	0.947738	no
CRTC3	19	0.970175	no
CRX	19	0.889952	no
CRY1	19	0.952172	no
CRY2	19	0.852632	no
CRYAA	19	1.000000	yes
CRYAB	19	0.845344	no
CRYBA1	19	0.909000	no
CRYBA2	16	0.567804	no
CRYBA4	19	0.566728	no
CRYBB1	19	0.779376	no
CRYBB2	19	0.826496	no
CRYBB3	19	0.934745	no
CRYBG2	19	0.949885	no
CRYBG3	19	0.989474	no
CRYGA	19	0.748054	no
CRYGB	19	0.530940	no
CRYGC	16	nan	yes
CRYGD	19	0.834242	no
CRYGN	19	0.897161	no
CRYGS	19	0.927600	no
CRYL1	19	0.980702	no
CRYM	19	0.934534	no
CRYZ	19	0.985965	no
CRYZL1	19	0.880669	no
CS	19	0.775439	no
CSAD	19	0.956140	no
CSAG1	16	0.632924	no
CSAG3	16	nan	yes
CSDC2	19	0.847540	no
CSDE1	19	0.940351	no
CSE1L	19	0.957438	no
CSF1	19	0.841321	no
CSF1R	19	0.831643	no
CSF2	19	0.806562	no
CSF2RA	19	0.931459	no
CSF2RB	19	0.975085	no
CSF3	19	0.667799	no
CSF3R	19	0.790876	no
CSGALNACT1	19	0.921053	no
CSGALNACT2	19	0.978947	no
CSH1	16	nan	yes
CSH2	16	nan	yes
CSHL1	19	1.000000	yes
CSK	19	0.942105	no
CSKMT	19	0.900000	no
CSMD1	19	0.894252	no
CSMD2	19	0.892402	no
CSMD3	19	0.887231	no
CSN1S1	19	0.488827	no
CSN2	16	nan	no
CSN3	16	nan	no
CSNK1A1	19	0.942105	no
CSNK1A1L	19	0.733216	no
CSNK1D	19	0.910526	no
CSNK1E	19	0.950877	no
CSNK1G1	19	0.942105	no
CSNK1G2	19	0.976744	no
CSNK1G3	19	0.963158	no
CSNK2A1	19	0.880702	no
CSNK2A2	19	0.859649	no
CSNK2A3	16	nan	yes
CSNK2B	19	0.988133	no
CSNKA2IP	19	0.910887	no
CSPG4	19	0.774281	no
CSPG5	19	0.675379	no
CSPP1	19	0.982456	no
CSRNP1	19	0.889474	no
CSRNP2	19	0.561650	no
CSRNP3	19	0.974989	no
CSRP1	19	0.950877	no
CSRP2	19	0.930233	no
CSRP3	19	0.599910	no
CST1	19	0.486109	no
CST11	19	nan	no
CST2	19	0.466954	no
CST3	19	0.917544	no
CST4	19	0.343024	no
CST5	19	0.520215	no
CST6	19	0.694106	no
CST7	19	0.943072	no
CST8	16	nan	yes
CST9	19	nan	no
CST9L	19	nan	no
CSTA	19	0.724893	no
CSTB	19	0.963158	no
CSTF1	19	0.950417	no
CSTF2	19	0.857895	no
CSTF2T	19	0.946029	no
CSTF3	19	0.791228	no
CSTL1	16	0.946924	no
CSTPP1	19	0.973684	no
CT45A1	19	-0.055556	no
CT45A10	16	nan	yes
CT45A2	13	nan	yes
CT45A3	13	nan	yes
CT45A5	13	nan	yes
CT45A6	13	nan	yes
CT45A7	13	nan	yes
CT45A8	13	nan	yes
CT45A9	16	nan	yes
CT47A1	16	nan	yes
CT47A10	13	nan	yes
CT47A11	13	nan	yes
CT47A12	13	nan	yes
CT47A2	13	nan	yes
CT47A3	13	nan	yes
CT47A4	13	nan	yes
CT47A5	13	nan	yes
CT47A6	13	nan	yes
CT47A7	13	nan	yes
CT47A8	13	nan	yes
CT47A9	13	nan	yes
CT47B1	16	nan	no
CT55	19	0.875643	no
CT83	16	0.451906	no
CTAG1A	16	nan	yes
CTAG1B	13	nan	yes
CTAG2	19	0.720318	no
CTAGE1	19	0.819471	no
CTAGE15	19	0.998912	no
CTAGE4	16	0.910011	no
CTAGE6	16	0.848559	no
CTAGE8	13	nan	yes
CTAGE9	16	0.997775	no
CTBP1	19	0.871930	no
CTBP2	19	0.952632	no
CTBS	19	0.794737	no
CTC1	19	0.974539	no
CTCF	19	0.903905	no
CTCFL	19	0.899439	no
CTDNEP1	19	0.977173	no
CTDP1	19	0.992982	no
CTDSP1	19	0.900000	no
CTDSP2	19	0.933333	no
CTDSPL	19	0.940351	no
CTDSPL2	19	0.934621	no
CTF1	19	0.895037	no
CTH	19	0.943860	no
CTHRC1	19	0.775727	no
CTIF	19	0.917803	no
CTLA4	19	0.799624	no
CTNNA1	19	0.889474	no
CTNNA2	19	0.909570	no
CTNNA3	19	0.938596	no
CTNNAL1	19	0.928070	no
CTNNB1	19	0.961404	no
CTNNBIP1	19	0.812637	no
CTNNBL1	19	0.961370	no
CTNND1	19	0.954386	no
CTNND2	19	0.882456	no
CTNS	19	0.938596	no
CTPS1	19	0.854761	no
CTPS2	19	0.963158	no
CTR9	19	0.992982	no
CTRB1	19	0.675247	no
CTRB2	19	0.819471	no
CTRC	19	0.976641	no
CTRL	19	0.868867	no
CTSA	19	0.871435	no
CTSB	19	0.919298	no
CTSC	19	0.912281	no
CTSD	19	0.944666	no
CTSE	19	0.870110	no
CTSF	19	0.878947	no
CTSG	19	0.713311	no
CTSH	19	0.898246	no
CTSK	19	0.971015	no
CTSL	19	0.917544	no
CTSO	19	0.947693	no
CTSS	19	0.992982	no
CTSV	19	0.979780	no
CTSW	19	0.936170	no
CTSZ	19	0.978947	no
CTTN	19	0.971028	no
CTTNBP2	19	0.876208	no
CTTNBP2NL	19	0.932865	no
CTU1	19	0.891821	no
CTU2	19	0.961759	no
CTXN1	19	0.938380	no
CTXN2	19	0.632171	no
CTXN3	19	0.729050	no
CTXND1	19	0.922845	no
CTXND2	19	0.951198	no
CUBN	19	0.946029	no
CUEDC1	19	0.924561	no
CUEDC2	19	0.988153	no
CUL1	19	0.928070	no
CUL2	19	0.957895	no
CUL3	19	0.908772	no
CUL4A	19	0.831579	no
CUL4B	19	0.913559	no
CUL5	19	0.947368	no
CUL7	19	0.987275	no
CUL9	19	0.892497	no
CUTA	19	0.985520	no
CUTC	19	0.806848	no
CUX1	19	0.940351	no
CUX2	19	0.904846	no
CUZD1	19	0.900900	no
CWC15	19	0.912281	no
CWC22	19	0.803509	no
CWC25	19	0.967076	no
CWC27	19	0.729825	no
CWF19L1	19	0.967091	no
CWF19L2	19	0.852632	no
CWH43	19	0.814836	no
CX3CL1	19	0.854057	no
CX3CR1	19	0.868108	no
CXADR	19	0.908293	no
CXCL1	19	0.885954	no
CXCL10	19	0.834281	no
CXCL11	19	0.762227	no
CXCL12	19	0.807913	no
CXCL13	19	0.913809	no
CXCL14	19	0.736511	no
CXCL16	19	0.905180	no
CXCL17	19	0.663730	no
CXCL2	19	0.838455	no
CXCL3	19	0.898067	no
CXCL5	19	0.558000	no
CXCL6	19	0.696273	no
CXCL8	19	0.974542	no
CXCL9	19	0.837162	no
CXCR1	19	0.615528	no
CXCR2	19	0.808394	no
CXCR3	19	0.875935	no
CXCR4	19	0.963972	no
CXCR5	19	0.943596	no
CXCR6	19	0.934266	no
CXXC1	19	0.773146	no
CXXC5	19	0.970175	no
CXorf38	19	0.958315	no
CXorf49	16	nan	yes
CXorf49B	16	nan	yes
CXorf51A	16	nan	yes
CXorf51B	13	nan	yes
CXorf58	19	0.934748	no
CXorf65	16	nan	yes
CXorf66	19	0.687184	no
CYB561	19	0.973661	no
CYB561A3	19	0.904783	no
CYB561D1	19	0.885965	no
CYB561D2	16	0.768763	no
CYB5A	19	0.947368	no
CYB5B	19	0.945614	no
CYB5D1	19	0.937860	no
CYB5D2	19	0.880702	no
CYB5R1	19	0.958315	no
CYB5R2	19	0.913369	no
CYB5R3	19	0.973684	no
CYB5R4	19	0.973684	no
CYB5RL	19	0.913809	no
CYBA	19	0.954386	no
CYBB	19	0.972731	no
CYBC1	19	0.898246	no
CYBRD1	19	0.867047	no
CYC1	19	0.959649	no
CYCS	19	0.896491	no
CYFIP1	19	0.953927	no
CYFIP2	19	0.952632	no
CYGB	19	0.811760	no
CYLC1	19	0.819475	no
CYLC2	19	0.296072	no
CYLD	19	0.954386	no
CYP11A1	19	0.918346	no
CYP11B1	16	-0.066667	no
CYP11B2	16	nan	yes
CYP17A1	19	0.676320	no
CYP19A1	19	0.769654	no
CYP1A1	19	0.725085	no
CYP1A2	19	0.584684	no
CYP1B1	19	0.820457	no
CYP20A1	19	0.910526	no
CYP21A2	19	0.884458	no
CYP24A1	19	0.908401	no
CYP26A1	19	0.861260	no
CYP26B1	19	0.897747	no
CYP26C1	19	0.907218	no
CYP27A1	19	0.857394	no
CYP27B1	19	0.865480	no
CYP27C1	19	0.808492	no
CYP2A13	19	0.727275	no
CYP2A6	19	0.670121	no
CYP2A7	19	0.615530	no
CYP2B6	19	0.690155	no
CYP2C18	19	0.541824	no
CYP2C19	19	0.817364	no
CYP2C8	19	0.897115	no
CYP2C9	19	0.587760	no
CYP2D6	19	0.892140	no
CYP2E1	19	0.767340	no
CYP2F1	19	0.380071	no
CYP2J2	19	0.954225	no
CYP2R1	19	0.889864	no
CYP2S1	19	0.877661	no
CYP2U1	19	0.916191	no
CYP2W1	19	0.946301	no
CYP39A1	19	0.975397	no
CYP3A4	19	0.577306	no
CYP3A43	19	0.950122	no
CYP3A5	19	0.933333	no
CYP3A7	19	0.839254	no
CYP46A1	19	0.970601	no
CYP4A11	19	0.848506	no
CYP4A22	19	0.985871	no
CYP4B1	19	0.815673	no
CYP4F11	19	0.746947	no
CYP4F12	19	0.953327	no
CYP4F2	19	0.774552	no
CYP4F22	19	0.810710	no
CYP4F3	19	0.843106	no
CYP4F8	19	0.396746	no
CYP4V2	19	0.935088	no
CYP4X1	19	0.778590	no
CYP4Z1	19	0.873736	no
CYP51A1	19	0.913559	no
CYP7A1	19	0.551841	no
CYP7B1	19	0.894737	no
CYP8B1	19	0.821233	no
CYREN	19	0.878947	no
CYRIA	19	0.978947	no
CYRIB	19	0.957895	no
CYS1	19	0.880881	no
CYSLTR1	19	0.980617	no
CYSLTR2	19	0.848991	no
CYSRT1	19	0.578554	no
CYSTM1	19	0.935088	no
CYTH1	19	0.980702	no
CYTH2	19	0.958260	no
CYTH3	19	0.950877	no
CYTH4	19	0.931839	no
CYTIP	19	0.977564	no
CYTL1	19	0.894529	no
CYYR1	19	0.818304	no
CZIB	19	0.961404	no
D2HGDH	19	0.824923	no
DAAM1	19	0.938596	no
DAAM2	19	0.924967	no
DAB1	19	0.901754	no
DAB2	19	0.812912	no
DAB2IP	19	0.947368	no
DACH1	19	0.960001	no
DACH2	19	0.960948	no
DACT1	19	0.956928	no
DACT2	19	0.830906	no
DACT3	19	0.831204	no
DAD1	19	0.949123	no
DAG1	19	0.970175	no
DAGLA	19	0.945103	no
DAGLB	19	0.970175	no
DALRD3	19	0.970149	no
DAND5	19	0.659396	no
DAO	19	0.844210	no
DAOA	19	0.687184	no
DAP	19	0.791228	no
DAP3	19	0.963158	no
DAPK1	19	0.933333	no
DAPK2	19	0.861404	no
DAPK3	19	0.957895	no
DAPL1	19	0.754417	no
DAPP1	19	0.916815	no
DARS1	19	0.512506	no
DARS2	19	0.950417	no
DAW1	19	0.844830	no
DAXX	19	0.986831	no
DAZ1	16	nan	yes
DAZ2	19	0.609704	no
DAZ3	16	nan	yes
DAZ4	16	nan	yes
DAZAP1	19	0.898246	no
DAZAP2	19	0.982456	no
DAZL	19	0.746279	no
DBF4	19	0.957895	no
DBF4B	19	0.931988	no
DBH	19	0.868999	no
DBI	19	0.982456	no
DBN1	19	0.850877	no
DBNDD1	19	0.783926	no
DBNDD2	19	0.763659	no
DBNL	19	0.926316	no
DBP	19	0.657306	no
DBR1	19	0.844464	no
DBT	19	0.968421	no
DBX1	16	0.730297	no
DBX2	19	0.819353	no
DCAF1	19	0.966213	no
DCAF10	19	0.964912	no
DCAF11	19	0.907416	no
DCAF12	19	0.957400	no
DCAF12L1	19	0.896411	no
DCAF12L2	19	0.901092	no
DCAF13	19	0.949123	no
DCAF15	19	0.967018	no
DCAF16	19	0.864912	no
DCAF17	19	0.950417	no
DCAF4	19	0.883721	no
DCAF4L1	19	0.906556	no
DCAF4L2	19	1.000000	no
DCAF5	19	0.975439	no
DCAF6	19	0.940351	no
DCAF7	19	0.974494	no
DCAF8	19	0.980702	no
DCAF8L1	16	nan	yes
DCAF8L2	19	0.913774	no
DCAKD	19	0.954386	no
DCANP1	19	1.000000	no
DCBLD1	19	0.882843	no
DCBLD2	19	0.987719	no
DCC	19	0.943396	no
DCD	19	0.485388	no
DCDC1	19	0.942493	no
DCDC2	19	0.941177	no
DCDC2B	19	0.900703	no
DCDC2C	19	0.650780	no
DCHS1	19	0.930959	no
DCHS2	19	0.829044	no
DCK	19	0.978947	no
DCLK1	19	0.866667	no
DCLK2	19	0.905263	no
DCLK3	19	0.718095	no
DCLRE1A	19	0.764836	no
DCLRE1B	19	0.943712	no
DCLRE1C	19	0.959649	no
DCN	19	0.462215	no
DCP1A	19	0.940764	no
DCP1B	19	0.984211	no
DCP2	19	0.984211	no
DCPS	19	0.946029	no
DCST1	19	0.861902	no
DCST2	19	0.796279	no
DCSTAMP	19	0.745306	no
DCT	19	0.802111	no
DCTD	19	0.920579	no
DCTN1	19	0.783832	no
DCTN2	19	0.954386	no
DCTN3	19	0.987719	no
DCTN4	19	0.905660	no
DCTN5	19	0.780167	no
DCTN6	19	0.989030	no
DCTPP1	19	0.992982	no
DCUN1D1	19	0.952632	no
DCUN1D2	19	0.918824	no
DCUN1D3	19	0.871604	no
DCUN1D4	19	0.966667	no
DCUN1D5	19	0.892982	no
DCX	19	0.925615	no
DCXR	19	0.968421	no
DDA1	19	0.937253	no
DDAH1	19	0.985965	no
DDAH2	19	0.943860	no
DDB1	19	0.952632	no
DDB2	19	0.869680	no
DDC	19	0.762911	no
DDHD1	19	0.862659	no
DDHD2	19	0.919298	no
DDI1	19	0.647059	no
DDI2	19	0.915789	no
DDIAS	19	0.946256	no
DDIT3	19	0.857895	no
DDIT4	19	0.856140	no
DDIT4L	19	0.824825	no
DDN	19	0.974768	no
DDO	19	0.945562	no
DDOST	19	0.977193	no
DDR1	19	0.871432	no
DDR2	19	0.875823	no
DDRGK1	19	0.946907	no
DDT	19	0.957895	no
DDTL	19	0.932688	no
DDX1	19	0.954386	no
DDX10	19	0.924561	no
DDX11	19	0.983319	no
DDX17	19	0.959649	no
DDX18	19	0.933333	no
DDX19A	19	0.959649	no
DDX19B	19	0.900750	no
DDX20	19	0.850877	no
DDX21	19	0.935088	no
DDX23	19	0.932865	no
DDX24	19	0.954386	no
DDX25	19	0.937881	no
DDX28	19	0.967940	no
DDX31	19	0.959649	no
DDX39A	19	0.985520	no
DDX39B	19	0.917013	no
DDX3X	19	0.980702	no
DDX3Y	19	0.994718	no
DDX4	19	0.859407	no
DDX41	19	0.971930	no
DDX42	19	0.859149	no
DDX43	19	0.933980	no
DDX46	19	0.868421	no
DDX47	19	0.887320	no
DDX49	19	0.887132	no
DDX5	19	0.966667	no
DDX50	19	0.856516	no
DDX51	19	0.892355	no
DDX52	19	0.949123	no
DDX53	19	0.996546	no
DDX54	19	0.934621	no
DDX55	19	0.878349	no
DDX56	19	0.958315	no
DDX59	19	0.968421	no
DDX6	19	0.973684	no
DDX60	19	0.910526	no
DDX60L	19	0.945614	no
DEAF1	19	0.905180	no
DECR1	19	0.926316	no
DECR2	19	0.864976	no
DEDD	19	0.947761	no
DEDD2	19	0.980255	no
DEF6	19	0.960423	no
DEF8	19	0.943860	no
DEFA1	16	nan	yes
DEFA1B	13	nan	yes
DEFA3	16	0.535066	no
DEFA4	16	0.756650	no
DEFA5	19	0.501316	no
DEFA6	19	0.726483	no
DEFB1	19	0.699676	no
DEFB103A	16	nan	yes
DEFB103B	16	nan	yes
DEFB104A	19	nan	yes
DEFB104B	16	nan	yes
DEFB105A	16	nan	yes
DEFB105B	16	nan	yes
DEFB106A	16	nan	yes
DEFB106B	16	nan	yes
DEFB107A	19	nan	yes
DEFB107B	16	-0.066667	no
DEFB108B	19	0.544331	no
DEFB109B	16	0.837530	no
DEFB110	19	nan	no
DEFB113	16	nan	yes
DEFB114	19	nan	yes
DEFB115	16	nan	yes
DEFB116	16	nan	no
DEFB118	19	0.560659	no
DEFB119	19	0.673692	no
DEFB121	19	-0.055556	no
DEFB123	19	0.657929	no
DEFB124	19	0.891317	no
DEFB125	19	1.000000	no
DEFB126	19	0.664364	no
DEFB127	19	0.776339	no
DEFB128	16	nan	no
DEFB129	19	nan	no
DEFB130A	16	nan	yes
DEFB130B	13	nan	yes
DEFB131A	19	0.792629	no
DEFB131B	19	0.618979	no
DEFB132	19	0.819827	no
DEFB134	19	0.726483	no
DEFB135	19	1.000000	yes
DEFB136	16	nan	yes
DEFB4A	19	0.366090	no
DEFB4B	16	0.730297	no
DEGS1	19	0.954386	no
DEGS2	19	0.796841	no
DEK	19	0.922334	no
DELE1	19	0.903028	no
DENND10	19	0.970175	no
DENND11	19	0.941124	no
DENND1A	19	0.987719	no
DENND1B	19	0.914035	no
DENND1C	19	0.983744	no
DENND2A	19	0.912127	no
DENND2B	19	0.878947	no
DENND2C	19	0.884211	no
DENND2D	19	0.978499	no
DENND3	19	0.977193	no
DENND4A	19	0.798246	no
DENND4B	19	0.984211	no
DENND4C	19	0.973684	no
DENND5A	19	0.778947	no
DENND5B	19	0.984211	no
DENND6A	19	0.952632	no
DENND6B	19	0.952172	no
DENR	19	0.817544	no
DEPDC1	19	0.399469	no
DEPDC1B	19	0.927129	no
DEPDC4	19	0.841089	no
DEPDC5	19	0.911259	no
DEPDC7	19	0.955529	no
DEPP1	19	0.952151	no
DEPTOR	19	0.922807	no
DERA	19	0.921053	no
DERL1	19	0.949123	no
DERL2	19	0.984211	no
DERL3	19	0.879403	no
DERPC	13	nan	yes
DES	19	0.753892	no
DESI1	19	0.716981	no
DESI2	19	0.938596	no
DET1	19	0.900582	no
DEUP1	19	0.943662	no
DEXI	19	0.977153	no
DFFA	19	0.945614	no
DFFB	19	0.971479	no
DGAT1	19	0.958223	no
DGAT2	19	0.931110	no
DGAT2L6	19	0.909137	no
DGCR2	19	0.943396	no
DGCR6	19	0.999138	yes
DGCR6L	19	0.949123	no
DGCR8	19	0.968421	no
DGKA	19	0.966667	no
DGKB	19	0.915314	no
DGKD	19	0.971930	no
DGKE	19	0.953468	no
DGKG	19	0.942055	no
DGKH	19	0.943860	no
DGKI	19	0.919702	no
DGKK	19	0.748728	no
DGKQ	19	0.878681	no
DGKZ	19	0.940764	no
DGLUCY	19	0.966667	no
DGUOK	19	0.968421	no
DHCR24	19	0.895523	no
DHCR7	19	0.680421	no
DHDDS	19	0.836842	no
DHDH	19	0.856264	no
DHFR	19	0.748574	no
DHFR2	19	0.879242	no
DHH	19	0.765947	no
DHODH	19	0.823892	no
DHPS	19	0.905852	no
DHRS1	19	0.890062	no
DHRS11	19	0.847396	no
DHRS12	19	0.936067	no
DHRS13	19	0.892982	no
DHRS2	19	0.247988	no
DHRS3	19	0.924090	no
DHRS4	16	0.946284	no
DHRS4L2	19	0.917254	no
DHRS7	19	0.962703	no
DHRS7B	19	0.970601	no
DHRS7C	19	0.724516	no
DHRS9	19	0.947490	no
DHRSX	19	0.978947	no
DHTKD1	19	0.928070	no
DHX15	19	0.789474	no
DHX16	19	0.871435	no
DHX29	19	0.898246	no
DHX30	19	0.948662	no
DHX32	19	0.924561	no
DHX33	19	0.778217	no
DHX34	19	0.980702	no
DHX35	19	0.808772	no
DHX36	19	0.600263	no
DHX37	19	0.827844	no
DHX38	19	0.967969	no
DHX40	19	0.859649	no
DHX57	19	0.976295	no
DHX58	19	0.949517	no
DHX8	19	0.971930	no
DHX9	19	0.968421	no
DIABLO	16	0.900684	no
DIAPH1	19	0.945614	no
DIAPH2	19	0.929825	no
DIAPH3	19	0.712028	no
DICER1	19	0.960070	no
DIDO1	19	0.956140	no
DIMT1	19	0.947368	no
DIO1	19	0.934535	no
DIO2	19	0.884987	no
DIO3	19	0.790471	no
DIP2A	19	0.978499	no
DIP2B	19	0.964912	no
DIP2C	19	0.991663	no
DIPK1A	19	0.977193	no
DIPK1B	19	0.719614	no
DIPK1C	19	0.786812	no
DIPK2A	19	0.896491	no
DIPK2B	19	0.656029	no
DIRAS1	19	0.849033	no
DIRAS2	19	0.948344	no
DIRAS3	19	0.857708	no
DIS3	19	0.956140	no
DIS3L	19	0.979807	no
DIS3L2	19	0.954386	no
DISC1	19	0.956140	no
DISP1	19	0.964912	no
DISP2	19	0.881526	no
DISP3	19	0.967065	no
DIXDC1	19	0.988153	no
DKC1	19	0.947368	no
DKK1	19	0.752985	no
DKK2	19	0.789636	no
DKK3	19	0.918349	no
DKK4	19	0.642868	no
DKKL1	19	0.745923	no
DLAT	19	0.952632	no
DLC1	19	0.871930	no
DLD	19	0.804739	no
DLEC1	19	0.853883	no
DLEU7	19	0.943396	no
DLG1	19	0.921053	no
DLG2	19	0.991228	no
DLG3	19	0.943810	no
DLG4	19	0.834431	no
DLG5	19	0.970448	no
DLGAP1	19	0.905263	no
DLGAP2	19	0.927111	no
DLGAP3	19	0.938326	no
DLGAP4	19	0.959193	no
DLGAP5	19	0.660787	no
DLK1	19	0.679395	no
DLK2	19	0.944009	no
DLL1	19	0.976149	no
DLL3	19	0.802592	no
DLL4	19	0.812709	no
DLST	19	0.674715	no
DLX1	19	0.656756	no
DLX2	19	0.820710	no
DLX3	19	0.681862	no
DLX4	19	0.826804	no
DLX5	19	0.580873	no
DLX6	19	0.637202	no
DMAC1	19	0.943396	no
DMAC2	19	0.915789	no
DMAC2L	19	0.867428	no
DMAP1	19	0.905180	no
DMBT1	19	0.577697	no
DMBX1	19	0.684665	no
DMC1	19	0.865174	no
DMD	19	0.968421	no
DMGDH	19	0.963158	no
DMKN	19	0.956140	no
DMP1	19	0.497327	no
DMPK	19	0.956140	no
DMRT1	19	0.841171	no
DMRT2	19	0.682047	no
DMRT3	19	0.625067	no
DMRTA1	19	0.862175	no
DMRTA2	19	0.790476	no
DMRTB1	19	1.000000	no
DMRTC1	19	0.996912	no
DMRTC1B	19	0.994728	no
DMRTC2	19	0.873330	no
DMTF1	19	0.931579	no
DMTN	19	0.989908	no
DMWD	19	0.943272	no
DMXL1	19	0.866667	no
DMXL2	19	0.984211	no
DNA2	19	0.960492	no
DNAAF1	19	0.933403	no
DNAAF10	19	0.790953	no
DNAAF11	19	0.987719	no
DNAAF2	19	0.964912	no
DNAAF3	19	0.942950	no
DNAAF4	19	0.920940	no
DNAAF5	19	0.903509	no
DNAAF6	19	0.798153	no
DNAAF8	19	0.883779	no
DNAAF9	19	0.989474	no
DNAH1	19	0.980255	no
DNAH10	19	0.906415	no
DNAH11	19	0.895130	no
DNAH12	19	0.933333	no
DNAH14	19	0.915314	no
DNAH17	19	0.930641	no
DNAH2	19	0.840141	no
DNAH3	19	0.941463	no
DNAH5	19	0.946860	no
DNAH6	19	0.964458	no
DNAH7	19	0.940351	no
DNAH8	19	0.774110	no
DNAH9	19	0.891133	no
DNAI1	19	0.916887	no
DNAI2	19	0.961253	no
DNAI3	19	0.924090	no
DNAI4	19	0.938596	no
DNAI7	19	0.956140	no
DNAJA1	19	0.971930	no
DNAJA2	19	0.968421	no
DNAJA3	19	0.971905	no
DNAJA4	19	0.884211	no
DNAJB1	19	0.814035	no
DNAJB11	19	0.978499	no
DNAJB12	19	0.850877	no
DNAJB13	19	0.841949	no
DNAJB14	19	0.914035	no
DNAJB2	19	0.924090	no
DNAJB4	19	0.970018	no
DNAJB5	19	0.827769	no
DNAJB6	19	0.992541	no
DNAJB7	19	0.944766	no
DNAJB8	16	0.493771	no
DNAJB9	19	0.910526	no
DNAJC1	19	0.805263	no
DNAJC10	19	0.875439	no
DNAJC11	19	0.963158	no
DNAJC12	19	0.948945	no
DNAJC13	19	0.977193	no
DNAJC14	19	0.880904	no
DNAJC15	19	0.949123	no
DNAJC16	19	0.957895	no
DNAJC17	19	0.749123	no
DNAJC18	19	0.973684	no
DNAJC19	19	0.964912	no
DNAJC2	19	0.984211	no
DNAJC21	19	0.910526	no
DNAJC22	19	0.789627	no
DNAJC24	19	0.914035	no
DNAJC25	19	0.925584	no
DNAJC27	19	0.819658	no
DNAJC28	19	0.934019	no
DNAJC3	19	0.954386	no
DNAJC30	19	0.956522	no
DNAJC4	19	0.822291	no
DNAJC5	19	0.985965	no
DNAJC5B	19	0.967527	no
DNAJC5G	19	0.737153	no
DNAJC6	19	0.920579	no
DNAJC7	19	0.884211	no
DNAJC8	19	0.968421	no
DNAJC9	19	0.921053	no
DNAL1	19	0.963158	no
DNAL4	19	0.794660	no
DNALI1	19	0.957401	no
DNASE1	19	0.935031	no
DNASE1L1	19	0.819658	no
DNASE1L2	19	0.937166	no
DNASE1L3	19	0.953796	no
DNASE2	19	0.821053	no
DNASE2B	19	0.764817	no
DND1	19	0.972218	no
DNER	19	0.852863	no
DNHD1	19	0.971930	no
DNLZ	19	0.906640	no
DNM1	19	0.917472	no
DNM1L	19	0.815628	no
DNM2	19	0.991228	no
DNM3	19	0.885965	no
DNMBP	19	0.950877	no
DNMT1	19	0.994737	no
DNMT3A	19	0.963158	no
DNMT3B	19	0.943713	no
DNMT3L	19	0.815429	no
DNPEP	19	0.945614	no
DNPH1	19	0.943860	no
DNTT	19	0.467886	no
DNTTIP1	19	0.975439	no
DNTTIP2	19	0.935088	no
DOC2A	19	0.971404	no
DOC2B	19	0.872875	no
DOCK1	19	0.980702	no
DOCK10	19	0.905263	no
DOCK11	19	0.971930	no
DOCK2	19	0.982010	no
DOCK3	19	0.928070	no
DOCK4	19	0.971930	no
DOCK5	19	0.935088	no
DOCK6	19	0.937253	no
DOCK7	19	0.935088	no
DOCK8	19	0.992982	no
DOCK9	19	0.970175	no
DOHH	19	0.996051	no
DOK1	19	0.959649	no
DOK2	19	0.909588	no
DOK3	19	0.916484	no
DOK4	19	0.932777	no
DOK5	19	0.848618	no
DOK6	19	0.940764	no
DOK7	19	0.786524	no
DOLK	19	0.919228	no
DOLPP1	19	0.851933	no
DONSON	19	0.715729	no
DOP1A	19	0.980702	no
DOP1B	19	0.903509	no
DOT1L	19	0.961404	no
DPAGT1	19	0.990786	no
DPCD	19	0.925845	no
DPEP1	19	0.794978	no
DPEP2	19	0.982313	no
DPEP2NB	19	0.544331	no
DPEP3	19	0.995647	no
DPF1	19	0.939986	no
DPF2	19	0.985965	no
DPF3	19	0.935088	no
DPH1	19	0.909969	no
DPH2	19	0.871817	no
DPH3	19	0.961404	no
DPH5	19	0.826316	no
DPH6	19	0.913559	no
DPH7	19	0.925373	no
DPM1	19	0.971479	no
DPM2	19	0.973684	no
DPM3	19	0.977193	no
DPP10	19	0.969272	no
DPP3	19	0.971293	no
DPP4	19	0.802459	no
DPP6	19	0.880702	no
DPP7	19	0.971930	no
DPP8	19	0.936842	no
DPP9	19	0.955682	no
DPPA2	19	0.896993	no
DPPA3	19	0.732213	no
DPPA4	19	0.852709	no
DPPA5	19	0.726483	no
DPRX	19	0.622298	no
DPT	19	0.809107	no
DPY19L1	19	0.952632	no
DPY19L2	19	0.978929	no
DPY19L3	19	0.922334	no
DPY19L4	19	0.949123	no
DPY30	19	0.984211	no
DPYD	19	0.959649	no
DPYS	19	0.900616	no
DPYSL2	19	0.936842	no
DPYSL3	19	0.811238	no
DPYSL4	19	0.948970	no
DPYSL5	19	0.925898	no
DQX1	19	0.756213	no
DR1	19	0.929825	no
DRAM1	19	0.938131	no
DRAM2	19	0.928477	no
DRAP1	19	0.970175	no
DRAXIN	19	0.868817	no
DRC1	19	0.936977	no
DRC3	19	0.943396	no
DRC7	19	0.914173	no
DRD1	19	0.994009	no
DRD2	19	0.802806	no
DRD3	19	0.925509	no
DRD4	19	0.939172	no
DRD5	19	0.839254	no
DRG1	19	0.960948	no
DRG2	19	0.903424	no
DRGX	19	0.493918	no
DRICH1	19	0.971857	no
DROSHA	19	0.936842	no
DRP2	19	0.892222	no
DSC1	19	0.715733	no
DSC2	19	0.950792	no
DSC3	19	0.683495	no
DSCAM	19	0.961793	no
DSCAML1	19	0.922807	no
DSCC1	19	0.853251	no
DSE	19	0.650877	no
DSEL	19	0.872923	no
DSG1	19	0.562638	no
DSG2	19	0.945542	no
DSG3	19	0.493581	no
DSG4	19	0.454438	no
DSN1	19	0.851998	no
DSP	19	0.893374	no
DSPP	19	0.567639	no
DST	19	0.973684	no
DSTN	19	0.984211	no
DSTYK	19	0.919298	no
DTD1	19	0.987719	no
DTD2	19	0.947752	no
DTHD1	19	0.877060	no
DTL	19	0.811483	no
DTNA	19	0.950395	no
DTNB	19	0.908772	no
DTNBP1	19	0.833333	no
DTWD1	19	0.947368	no
DTWD2	19	0.829825	no
DTX1	19	0.906085	no
DTX2	19	0.979377	no
DTX3	19	0.960070	no
DTX3L	19	0.989474	no
DTX4	19	0.881036	no
DTYMK	19	0.907018	no
DUOX1	19	0.949123	no
DUOX2	19	0.614638	no
DUOXA1	19	0.792938	no
DUOXA2	19	0.502500	no
DUS1L	19	0.940351	no
DUS2	19	0.924967	no
DUS3L	19	0.768555	no
DUS4L	19	0.869472	no
DUSP1	19	0.908772	no
DUSP10	19	0.920105	no
DUSP11	19	0.959649	no
DUSP12	19	0.846795	no
DUSP13	19	0.864626	no
DUSP14	19	0.895258	no
DUSP15	19	0.919087	no
DUSP16	19	0.887522	no
DUSP18	19	0.953050	no
DUSP19	19	0.978051	no
DUSP2	19	0.923894	no
DUSP21	16	nan	no
DUSP22	19	0.971454	no
DUSP23	19	0.984211	no
DUSP26	19	0.844388	no
DUSP28	19	0.957895	no
DUSP29	19	0.846003	no
DUSP3	19	0.896491	no
DUSP4	19	0.870216	no
DUSP5	19	0.792982	no
DUSP6	19	0.964912	no
DUSP7	19	0.865730	no
DUSP8	19	0.921076	no
DUSP9	19	0.948794	no
DUT	19	0.971930	no
DUX4	19	1.000000	yes
DUXA	19	0.542880	no
DUXB	19	0.859256	no
DVL1	19	0.982010	no
DVL2	19	0.908772	no
DVL3	19	0.953927	no
DXO	19	0.992541	no
DYDC1	19	0.695904	no
DYDC2	19	0.808516	no
DYM	19	0.984211	no
DYNAP	19	nan	no
DYNC1H1	19	0.954346	no
DYNC1I1	19	0.947784	no
DYNC1I2	19	0.570175	no
DYNC1LI1	19	0.903509	no
DYNC1LI2	19	0.954386	no
DYNC2H1	19	0.987719	no
DYNC2I1	19	0.980702	no
DYNC2I2	19	0.978947	no
DYNC2LI1	19	0.958315	no
DYNLL1	19	0.996491	no
DYNLL2	19	0.935498	no
DYNLRB1	19	0.942105	no
DYNLRB2	19	0.917874	no
DYNLT1	19	0.970175	no
DYNLT2	19	0.892589	no
DYNLT2B	19	0.975631	no
DYNLT3	19	0.866169	no
DYNLT4	19	0.956561	no
DYNLT5	19	0.866167	no
DYRK1A	19	0.973234	no
DYRK1B	19	0.978648	no
DYRK2	19	0.952172	no
DYRK3	19	0.900000	no
DYRK4	19	0.928885	no
DYSF	19	0.962248	no
DYTN	19	0.906110	no
DZANK1	19	0.977622	no
DZIP1	19	0.933275	no
DZIP1L	19	0.890694	no
DZIP3	19	0.991228	no
E2F1	19	0.561903	no
E2F2	19	0.585676	no
E2F3	19	0.910926	no
E2F4	19	0.926316	no
E2F5	19	0.984211	no
E2F6	19	0.723442	no
E2F7	19	0.686920	no
E2F8	19	0.772671	no
E4F1	19	0.939833	no
EAF1	19	0.989030	no
EAF2	19	0.982456	no
EAPP	19	0.966667	no
EARS2	19	0.982441	no
EBAG9	19	0.954386	no
EBF1	19	0.782456	no
EBF2	19	0.603839	no
EBF3	19	0.771769	no
EBF4	19	0.904783	no
EBI3	19	0.716566	no
EBLN1	16	0.537484	no
EBLN2	19	-0.055556	no
EBNA1BP2	19	0.992541	no
EBP	19	0.960776	no
EBPL	19	0.910526	no
ECD	19	0.820535	no
ECE1	19	0.931579	no
ECE2	16	1.000000	no
ECEL1	19	0.817816	no
ECH1	19	0.946029	no
ECHDC1	19	0.952632	no
ECHDC2	19	0.982456	no
ECHDC3	19	0.954386	no
ECHS1	19	0.924561	no
ECI1	19	0.929825	no
ECI2	19	0.980702	no
ECM1	19	0.468984	no
ECM2	19	0.928070	no
ECPAS	19	0.710526	no
ECRG4	19	0.864346	no
ECSCR	19	1.000000	yes
ECSIT	19	0.905263	no
ECT2	19	0.757895	no
ECT2L	19	0.899429	no
EDA	19	0.849495	no
EDA2R	19	0.823121	no
EDAR	19	0.678576	no
EDARADD	19	0.818022	no
EDC3	19	0.856140	no
EDC4	19	0.965067	no
EDDM13	19	0.915789	no
EDDM3A	19	0.805708	no
EDDM3B	19	0.438272	no
EDEM1	19	0.977622	no
EDEM2	19	0.885965	no
EDEM3	19	0.957895	no
EDF1	19	0.985520	no
EDIL3	19	0.924967	no
EDN1	19	0.792453	no
EDN2	19	0.838546	no
EDN3	19	0.527154	no
EDNRA	19	0.805446	no
EDNRB	19	0.866199	no
EDRF1	19	0.914035	no
EEA1	19	0.671930	no
EED	19	0.898246	no
EEF1A1	19	0.978947	no
EEF1A2	19	0.760035	no
EEF1AKMT1	19	0.975867	no
EEF1AKMT2	19	0.874141	no
EEF1AKMT3	19	0.843120	no
EEF1AKMT4	19	0.953422	no
EEF1AKMT4-ECE2	16	0.611061	no
EEF1B2	19	0.907018	no
EEF1D	19	0.947368	no
EEF1E1	19	0.964411	no
EEF1G	19	0.904029	no
EEF2	19	0.921053	no
EEF2K	19	0.921861	no
EEF2KMT	19	0.917069	no
EEFSEC	19	0.943860	no
EEPD1	19	0.931579	no
EFCAB10	19	0.890646	no
EFCAB11	19	0.977173	no
EFCAB12	19	0.988586	no
EFCAB13	19	0.959649	no
EFCAB14	19	0.842105	no
EFCAB2	19	0.963158	no
EFCAB3	19	0.916004	no
EFCAB5	19	0.949123	no
EFCAB6	19	0.997806	no
EFCAB7	19	0.952632	no
EFCAB8	19	0.932981	no
EFCAB9	19	0.751074	no
EFCC1	19	0.813051	no
EFEMP1	19	0.917471	no
EFEMP2	19	0.922334	no
EFHB	19	0.842199	no
EFHC1	19	0.961404	no
EFHC2	19	0.961404	no
EFHD1	19	0.903028	no
EFHD2	19	0.942105	no
EFL1	19	0.952632	no
EFNA1	19	0.922740	no
EFNA2	19	0.644625	no
EFNA3	19	0.845443	no
EFNA4	19	0.835527	no
EFNA5	19	0.969272	no
EFNB1	19	0.918350	no
EFNB2	19	0.923212	no
EFNB3	19	0.886789	no
EFR3A	19	0.952632	no
EFR3B	19	0.963062	no
EFS	19	0.842629	no
EFTUD2	19	0.860026	no
EGF	19	0.952297	no
EGFL6	19	0.790483	no
EGFL7	19	0.910369	no
EGFL8	19	0.820070	no
EGFLAM	19	0.655507	no
EGFR	19	0.958736	no
EGLN1	19	0.908772	no
EGLN2	19	0.980739	no
EGLN3	19	0.880702	no
EGR1	19	0.982456	no
EGR2	19	0.900791	no
EGR3	19	0.914838	no
EGR4	19	0.867703	no
EHBP1	19	0.921053	no
EHBP1L1	19	0.966667	no
EHD1	19	0.956140	no
EHD2	19	0.766696	no
EHD3	19	0.666374	no
EHD4	19	0.929825	no
EHF	19	0.680119	no
EHHADH	19	0.952632	no
EHMT1	19	0.950877	no
EHMT2	19	0.973234	no
EI24	19	0.991228	no
EID1	19	0.990786	no
EID2	19	0.912281	no
EID2B	19	0.981116	no
EID3	19	0.645763	no
EIF1	19	0.815789	no
EIF1AD	19	0.978499	no
EIF1AX	19	0.959649	no
EIF1AY	19	0.972259	no
EIF1B	19	0.950877	no
EIF2A	19	0.912281	no
EIF2AK1	19	0.838965	no
EIF2AK2	19	0.942519	no
EIF2AK3	19	0.896491	no
EIF2AK4	19	0.828434	no
EIF2B1	19	0.931110	no
EIF2B2	19	0.949123	no
EIF2B3	19	0.897278	no
EIF2B4	19	0.955682	no
EIF2B5	19	0.958736	no
EIF2D	19	0.907018	no
EIF2S1	19	0.912281	no
EIF2S2	19	0.978947	no
EIF2S3	19	0.891228	no
EIF2S3B	19	0.832452	no
EIF3A	19	0.977193	no
EIF3B	19	0.963158	no
EIF3C	19	0.933275	no
EIF3CL	16	0.964339	no
EIF3D	19	0.984211	no
EIF3E	19	0.856140	no
EIF3F	19	0.957895	no
EIF3G	19	0.945614	no
EIF3H	19	0.843860	no
EIF3I	19	0.943860	no
EIF3J	19	0.898246	no
EIF3K	19	0.921053	no
EIF3L	19	0.845108	no
EIF3M	19	0.957895	no
EIF4A1	19	0.878099	no
EIF4A2	19	0.950877	no
EIF4A3	19	0.968421	no
EIF4B	19	0.921053	no
EIF4E	19	0.734533	no
EIF4E1B	19	0.939164	no
EIF4E2	19	0.924561	no
EIF4E3	19	0.947322	no
EIF4EBP1	19	0.969724	no
EIF4EBP2	19	0.966667	no
EIF4EBP3	19	0.953345	no
EIF4ENIF1	19	0.807372	no
EIF4G1	19	0.974989	no
EIF4G2	19	0.966667	no
EIF4G3	19	0.992982	no
EIF4H	19	0.966667	no
EIF5	19	0.912281	no
EIF5A	19	0.845614	no
EIF5A2	19	0.957746	no
EIF5AL1	16	0.956329	no
EIF5B	19	0.978499	no
EIF6	19	0.987719	no
EIPR1	19	0.824561	no
ELAC1	19	0.786785	no
ELAC2	19	0.963109	no
ELANE	19	0.708690	no
ELAPOR1	19	0.938131	no
ELAPOR2	19	0.966184	no
ELAVL1	19	0.900000	no
ELAVL2	19	0.912266	no
ELAVL3	19	0.717231	no
ELAVL4	19	0.876221	no
ELF1	19	0.977193	no
ELF2	19	0.977193	no
ELF3	19	0.806553	no
ELF4	19	0.962703	no
ELF5	19	0.870772	no
ELFN1	19	0.883569	no
ELFN2	19	0.895647	no
ELK1	19	0.818262	no
ELK3	19	0.913559	no
ELK4	19	0.956140	no
ELL	19	0.877193	no
ELL2	19	0.903509	no
ELL3	19	0.808947	no
ELMO1	19	0.963158	no
ELMO2	19	0.950834	no
ELMO3	19	0.973175	no
ELMOD1	19	0.924296	no
ELMOD2	19	0.901754	no
ELMOD3	19	0.855639	no
ELN	19	0.838384	no
ELOA	19	0.947368	no
ELOA2	19	0.997406	no
ELOB	19	0.959649	no
ELOC	19	0.947368	no
ELOF1	19	0.962703	no
ELOVL1	19	0.926316	no
ELOVL2	19	0.866823	no
ELOVL3	19	0.801189	no
ELOVL4	19	0.980492	no
ELOVL5	19	0.894737	no
ELOVL6	19	0.916191	no
ELOVL7	19	0.891133	no
ELP1	19	0.814392	no
ELP2	19	0.956140	no
ELP3	19	0.950877	no
ELP4	19	0.905263	no
ELP5	19	0.977622	no
ELP6	19	0.931579	no
ELSPBP1	19	0.895378	no
EMB	19	0.938902	no
EMC1	19	0.931988	no
EMC10	19	0.900000	no
EMC2	19	0.933743	no
EMC3	19	0.925373	no
EMC4	19	0.987719	no
EMC6	19	0.984211	no
EMC7	19	0.899517	no
EMC8	19	0.854386	no
EMC9	19	0.902943	no
EMCN	19	0.757591	no
EMD	19	0.903509	no
EME1	19	0.719780	no
EME2	19	0.822807	no
EMG1	16	0.946284	no
EMID1	19	0.837945	no
EMILIN1	19	0.888645	no
EMILIN2	19	0.887719	no
EMILIN3	19	0.783467	no
EML1	19	0.898246	no
EML2	19	0.894205	no
EML3	19	0.935088	no
EML4	19	0.887719	no
EML5	19	0.949123	no
EML6	19	0.903509	no
EMP1	19	0.822651	no
EMP2	19	0.915314	no
EMP3	19	0.976285	no
EMSY	19	0.973684	no
EMX1	19	0.837252	no
EMX2	19	0.849444	no
EN1	19	0.617304	no
EN2	19	0.335415	no
ENAH	19	0.964912	no
ENAM	19	0.751237	no
ENC1	19	0.895522	no
ENDOD1	19	0.824046	no
ENDOG	19	0.898595	no
ENDOU	19	0.796719	no
ENDOV	19	0.885476	no
ENG	19	0.773146	no
ENGASE	19	0.943396	no
ENHO	19	0.820002	no
ENKD1	19	0.975439	no
ENKUR	19	0.906773	no
ENO1	19	0.921053	no
ENO2	19	0.992976	no
ENO3	19	0.938131	no
ENO4	19	0.984211	no
ENOPH1	19	0.983765	no
ENOSF1	19	0.950877	no
ENOX1	19	0.914035	no
ENOX2	19	0.858271	no
ENPEP	19	0.776264	no
ENPP1	19	0.806324	no
ENPP2	19	0.901754	no
ENPP3	19	0.931579	no
ENPP4	19	0.848485	no
ENPP5	19	0.961370	no
ENPP6	19	0.946445	no
ENPP7	19	0.908549	no
ENSA	19	0.982456	no
ENSG00000170846	19	0.905180	no
ENSG00000268674	19	nan	yes
ENSG00000275063	19	0.726483	no
ENSG00000277400	19	0.726272	no
ENSG00000283886	19	0.890564	no
ENSG00000285025	13	nan	yes
ENSG00000285133	13	nan	yes
ENSG00000288520	16	0.875753	no
ENSG00000289051	13	nan	yes
ENSG00000289491	13	nan	yes
ENSG00000290147	13	-0.083333	no
ENSG00000290317	13	nan	yes
ENTHD1	19	0.973830	no
ENTPD1	19	0.992976	no
ENTPD2	19	0.923113	no
ENTPD3	19	0.918206	no
ENTPD4	19	0.956140	no
ENTPD5	19	0.791045	no
ENTPD6	19	0.971479	no
ENTPD7	19	0.886743	no
ENTPD8	19	0.853937	no
ENTR1	19	0.912204	no
ENTREP1	19	0.926123	no
ENTREP2	19	0.953283	no
ENTREP3	19	0.896011	no
ENY2	19	0.956140	no
EOGT	19	0.889377	no
EOLA1	19	0.951712	no
EOLA2	19	0.945542	no
EOMES	19	0.850075	no
EP300	19	0.961404	no
EP400	19	0.665204	no
EPAS1	19	0.908772	no
EPB41	19	0.910526	no
EPB41L1	19	0.950877	no
EPB41L2	19	0.985965	no
EPB41L3	19	0.963158	no
EPB41L4A	19	0.938596	no
EPB41L4B	19	0.954386	no
EPB41L5	19	0.924561	no
EPB42	19	0.759245	no
EPC1	19	0.982456	no
EPC2	19	0.952172	no
EPCAM	19	0.887231	no
EPDR1	19	0.967091	no
EPG5	19	0.945614	no
EPGN	19	0.915156	no
EPHA1	19	0.923752	no
EPHA10	19	0.901528	no
EPHA2	19	0.851625	no
EPHA3	19	0.896007	no
EPHA4	19	0.863537	no
EPHA5	19	0.958736	no
EPHA6	19	0.835821	no
EPHA7	19	0.797096	no
EPHA8	19	0.795189	no
EPHB1	19	0.895130	no
EPHB2	19	0.922807	no
EPHB3	19	0.796477	no
EPHB4	19	0.883026	no
EPHX1	19	0.863158	no
EPHX2	19	0.933333	no
EPHX3	19	0.941565	no
EPHX4	19	0.755340	no
EPM2A	19	0.978947	no
EPM2AIP1	19	0.860904	no
EPN1	19	0.921053	no
EPN2	19	0.943860	no
EPN3	19	0.887964	no
EPO	19	0.856208	no
EPOP	19	0.998065	no
EPOR	19	0.931110	no
EPPIN	16	1.000000	yes
EPPIN-WFDC6	16	1.000000	yes
EPPK1	19	0.974912	no
EPRS1	19	0.821053	no
EPS15	19	0.975439	no
EPS15L1	19	0.957438	no
EPS8	19	0.921053	no
EPS8L1	19	0.948527	no
EPS8L2	19	0.984642	no
EPS8L3	19	0.699116	no
EPSTI1	19	0.921053	no
EPX	19	0.919617	no
EPYC	19	1.000000	yes
EQTN	19	0.919624	no
ERAL1	19	0.928070	no
ERAP1	19	0.923212	no
ERAP2	19	0.956140	no
ERAS	19	0.955922	no
ERBB2	19	0.963158	no
ERBB3	19	0.929640	no
ERBB4	19	0.891228	no
ERBIN	19	0.968421	no
ERC1	19	0.929825	no
ERC2	19	0.920949	no
ERCC1	19	0.966667	no
ERCC2	19	0.954805	no
ERCC3	19	0.923212	no
ERCC4	19	0.884886	no
ERCC5	19	0.924770	no
ERCC6	19	0.777193	no
ERCC6L	19	0.733834	no
ERCC6L2	19	0.957895	no
ERCC8	19	0.940351	no
EREG	19	0.938169	no
ERF	19	0.930271	no
ERFE	19	0.787578	no
ERFL	19	0.912468	no
ERG	19	0.564701	no
ERG28	19	0.966213	no
ERGIC1	19	0.970175	no
ERGIC2	19	0.956140	no
ERGIC3	19	0.978947	no
ERH	19	0.971930	no
ERI1	19	0.926316	no
ERI2	19	0.656140	no
ERI3	19	0.973684	no
ERICH1	19	0.938543	no
ERICH2	19	0.952109	no
ERICH3	19	0.821451	no
ERICH4	19	0.672679	no
ERICH5	19	0.885347	no
ERICH6	19	0.955166	no
ERICH6B	19	0.857399	no
ERLEC1	19	0.831579	no
ERLIN1	19	0.972783	no
ERLIN2	19	0.884211	no
ERMAP	19	0.887231	no
ERMARD	19	0.961404	no
ERMN	19	0.962185	no
ERMP1	19	0.775439	no
ERN1	19	0.939886	no
ERN2	19	0.821607	no
ERO1A	19	0.947368	no
ERO1B	19	0.849123	no
ERP27	19	0.944640	no
ERP29	19	0.973684	no
ERP44	19	0.917544	no
ERRFI1	19	0.961404	no
ERV3-1	19	0.901458	no
ERVFRD-1	19	0.742362	no
ERVH48-1	19	0.870910	no
ERVMER34-1	19	0.828838	no
ERVV-1	19	0.727275	no
ERVV-2	19	0.700060	no
ERVW-1	19	0.930308	no
ESAM	19	0.786655	no
ESCO1	19	0.926316	no
ESCO2	19	0.839528	no
ESD	19	0.990786	no
ESF1	19	0.907018	no
ESM1	19	0.872833	no
ESPL1	19	0.801498	no
ESPN	19	0.941048	no
ESPNL	19	0.767283	no
ESR1	19	0.931579	no
ESR2	19	0.963158	no
ESRP1	19	0.861934	no
ESRP2	19	0.928076	no
ESRRA	19	0.921457	no
ESRRB	19	0.982410	no
ESRRG	19	0.857895	no
ESS2	19	0.957858	no
ESX1	16	1.000000	yes
ESYT1	19	0.961404	no
ESYT2	19	0.946029	no
ESYT3	19	0.984169	no
ETAA1	19	0.743860	no
ETDA	19	0.816830	no
ETDB	13	1.000000	yes
ETDC	16	1.000000	yes
ETF1	19	0.984211	no
ETFA	19	0.945614	no
ETFB	19	0.952632	no
ETFBKMT	19	0.922300	no
ETFDH	19	0.912281	no
ETFRF1	19	0.936842	no
ETHE1	19	0.824046	no
ETNK1	19	0.905263	no
ETNK2	19	0.903028	no
ETNPPL	19	0.835410	no
ETS1	19	0.784211	no
ETS2	19	0.966667	no
ETV1	19	0.943396	no
ETV2	19	0.939077	no
ETV3	19	0.989474	no
ETV3L	19	0.706845	no
ETV4	19	0.709451	no
ETV5	19	0.928070	no
ETV6	19	0.961404	no
ETV7	19	0.943071	no
EVA1A	19	0.984184	no
EVA1B	19	0.912281	no
EVA1C	19	0.978947	no
EVC	19	0.978499	no
EVC2	19	0.945151	no
EVI2A	19	0.853845	no
EVI2B	19	0.978708	no
EVI5	19	0.880702	no
EVI5L	19	0.885965	no
EVL	19	0.905263	no
EVPL	19	0.931255	no
EVPLL	19	0.840687	no
EVX1	19	0.500000	no
EVX2	19	nan	no
EWSR1	19	0.912281	no
EXD1	19	0.827662	no
EXD2	19	0.926722	no
EXD3	19	0.929825	no
EXO1	19	0.887616	no
EXO5	19	0.845275	no
EXOC1	19	0.964912	no
EXOC1L	19	0.685870	no
EXOC2	19	0.821053	no
EXOC3	19	0.977193	no
EXOC3L1	19	0.742007	no
EXOC3L4	19	0.776312	no
EXOC4	19	0.931579	no
EXOC5	19	0.884211	no
EXOC6	19	0.960070	no
EXOC6B	19	0.984211	no
EXOC7	19	0.933333	no
EXOC8	19	0.900000	no
EXOG	19	0.941641	no
EXOSC1	19	0.843860	no
EXOSC10	19	0.734533	no
EXOSC2	19	0.930112	no
EXOSC3	19	0.824879	no
EXOSC4	19	0.886764	no
EXOSC5	19	0.904302	no
EXOSC6	19	0.967091	no
EXOSC7	19	0.931579	no
EXOSC8	19	0.912281	no
EXOSC9	19	0.978499	no
EXPH5	19	0.961404	no
EXT1	19	0.910526	no
EXT2	19	0.942105	no
EXTL1	19	0.924057	no
EXTL2	19	0.987719	no
EXTL3	19	0.946029	no
EYA1	19	0.945472	no
EYA2	19	0.755926	no
EYA3	19	0.978947	no
EYA4	19	0.821053	no
EYS	19	0.819499	no
EZH1	19	0.950877	no
EZH2	19	0.803509	no
EZHIP	19	nan	yes
EZR	19	0.964912	no
F10	19	0.933462	no
F11	19	0.955409	no
F11R	19	0.978929	no
F12	19	0.774449	no
F13A1	19	0.759105	no
F13B	19	0.753141	no
F2	19	0.647142	no
F2R	19	0.642637	no
F2RL1	19	0.845108	no
F2RL2	19	0.691456	no
F2RL3	19	0.822796	no
F3	19	0.861404	no
F5	19	0.949868	no
F7	19	0.917534	no
F8	19	0.939421	no
F8A1	13	0.891035	no
F8A2	13	nan	yes
F8A3	16	1.000000	no
F9	19	0.582778	no
FA2H	19	0.913407	no
FAAH	19	0.949123	no
FAAH2	19	0.963158	no
FAAP100	19	0.928854	no
FAAP20	19	0.936842	no
FAAP24	19	0.931309	no
FABP1	19	0.566965	no
FABP12	19	0.850807	no
FABP2	19	0.833812	no
FABP3	19	0.913483	no
FABP4	19	0.763296	no
FABP5	19	0.914035	no
FABP6	19	0.930428	no
FABP7	19	0.821749	no
FABP9	19	0.687184	no
FADD	19	0.963158	no
FADS1	19	0.933333	no
FADS2	19	0.900000	no
FADS3	19	0.870557	no
FAF1	19	0.968421	no
FAF2	19	0.956140	no
FAH	19	0.878947	no
FAHD1	19	0.961404	no
FAHD2A	19	0.982456	no
FAHD2B	19	0.918824	no
FAIM	19	0.832821	no
FAIM2	19	0.854023	no
FAM102A	19	0.968421	no
FAM102B	19	0.985965	no
FAM104A	19	0.929355	no
FAM104B	19	0.950834	no
FAM107A	19	0.833187	no
FAM107B	19	0.985965	no
FAM110A	19	0.922300	no
FAM110B	19	0.864912	no
FAM110C	19	0.977574	no
FAM110D	19	0.722645	no
FAM111A	19	0.922807	no
FAM111B	19	0.899823	no
FAM114A1	19	0.834577	no
FAM114A2	19	0.553995	no
FAM117A	19	0.956140	no
FAM117B	19	0.925845	no
FAM118A	19	0.582090	no
FAM118B	19	0.962703	no
FAM120A	19	0.977193	no
FAM120AOS	19	0.850746	no
FAM120B	19	0.835166	no
FAM120C	19	0.922807	no
FAM124A	19	0.938131	no
FAM124B	19	0.875824	no
FAM131A	19	0.941641	no
FAM131B	19	0.873577	no
FAM131C	19	0.868853	no
FAM133A	19	0.851492	no
FAM133B	19	0.942105	no
FAM135A	19	0.963158	no
FAM135B	19	0.942004	no
FAM136A	19	0.924561	no
FAM13A	19	0.940351	no
FAM13B	19	0.980702	no
FAM13C	19	0.984190	no
FAM149A	19	0.877193	no
FAM149B1	19	0.910048	no
FAM151A	19	0.952488	no
FAM151B	19	0.963126	no
FAM153A	19	0.904657	no
FAM156A	19	0.963158	no
FAM156B	16	1.000000	yes
FAM161A	19	0.976744	no
FAM161B	19	0.965744	no
FAM162A	19	0.917069	no
FAM162B	19	0.631008	no
FAM163A	19	0.878752	no
FAM163B	19	0.876166	no
FAM166A	19	0.833410	no
FAM166B	19	0.846309	no
FAM166C	19	0.928753	no
FAM167A	19	0.964016	no
FAM167B	19	0.765533	no
FAM168A	19	0.963158	no
FAM168B	19	0.861404	no
FAM169A	19	0.938596	no
FAM170A	16	1.000000	yes
FAM170B	19	0.647059	no
FAM171A1	19	0.954805	no
FAM171A2	19	0.733893	no
FAM171B	19	0.868306	no
FAM172A	19	0.989474	no
FAM174A	19	0.919298	no
FAM174B	19	0.973684	no
FAM174C	19	0.973684	no
FAM177A1	19	0.984211	no
FAM177B	19	0.914688	no
FAM178B	19	0.937858	no
FAM180A	19	0.943769	no
FAM180B	19	0.689930	no
FAM181A	19	0.764452	no
FAM181B	19	0.928933	no
FAM183A	19	0.747927	no
FAM184A	19	0.940351	no
FAM184B	19	0.827556	no
FAM185A	19	0.882353	no
FAM186A	19	0.888155	no
FAM186B	19	0.666968	no
FAM187A	13	nan	yes
FAM187B	19	0.898712	no
FAM193A	19	0.966667	no
FAM193B	19	0.910526	no
FAM199X	19	0.781044	no
FAM200A	19	0.935088	no
FAM200B	19	0.992541	no
FAM204A	19	0.813515	no
FAM205A	19	1.000000	yes
FAM205C	19	0.908142	no
FAM209A	19	0.969644	no
FAM209B	19	0.760226	no
FAM20A	19	0.733655	no
FAM20B	19	0.902150	no
FAM20C	19	0.815199	no
FAM210A	19	0.748574	no
FAM210B	19	0.921422	no
FAM216A	19	0.935909	no
FAM216B	19	0.856793	no
FAM217A	19	0.859464	no
FAM217B	19	0.980702	no
FAM219A	19	0.950417	no
FAM219B	19	0.804215	no
FAM220A	19	0.889832	no
FAM221A	19	0.899517	no
FAM221B	19	0.842923	no
FAM222A	19	0.884008	no
FAM222B	19	0.966667	no
FAM227A	19	0.975439	no
FAM227B	19	0.919298	no
FAM228A	19	0.863339	no
FAM228B	19	0.980702	no
FAM229A	19	0.808959	no
FAM229B	19	0.985965	no
FAM234A	19	0.882456	no
FAM234B	19	0.950877	no
FAM236A	16	nan	no
FAM236B	13	nan	yes
FAM236C	16	nan	yes
FAM236D	13	nan	yes
FAM237A	19	0.917890	no
FAM237B	19	0.837459	no
FAM240A	19	0.798051	no
FAM240B	19	0.396884	no
FAM240C	19	0.907053	no
FAM241A	19	0.815789	no
FAM241B	19	0.940299	no
FAM246A	13	nan	yes
FAM246B	16	nan	yes
FAM24A	16	1.000000	yes
FAM24B	19	0.988824	no
FAM25A	19	0.503871	no
FAM25C	19	0.908142	no
FAM25G	19	0.796430	no
FAM32A	19	0.961370	no
FAM3A	19	0.927600	no
FAM3B	19	0.836998	no
FAM3C	19	0.880702	no
FAM3D	19	0.235149	no
FAM43A	19	0.800615	no
FAM43B	19	0.548512	no
FAM47A	16	1.000000	yes
FAM47B	16	nan	yes
FAM47C	16	nan	no
FAM47E	19	0.916303	no
FAM50A	19	0.961404	no
FAM50B	19	0.900424	no
FAM53A	19	0.911610	no
FAM53B	19	0.887042	no
FAM53C	19	0.891228	no
FAM72A	19	0.993356	no
FAM72B	19	0.954536	no
FAM72C	16	0.663699	no
FAM72D	16	0.937939	no
FAM76A	19	0.942105	no
FAM76B	19	0.957858	no
FAM78A	19	0.984141	no
FAM78B	19	0.926316	no
FAM81A	19	0.968421	no
FAM81B	19	0.882019	no
FAM83A	19	0.849150	no
FAM83B	19	0.834077	no
FAM83C	19	0.699945	no
FAM83D	19	0.854251	no
FAM83E	19	0.816825	no
FAM83F	19	0.963452	no
FAM83G	19	0.908851	no
FAM83H	19	0.852516	no
FAM86B1	19	0.953350	no
FAM86B2	16	0.862096	no
FAM89A	19	0.873684	no
FAM89B	16	0.970588	no
FAM8A1	19	0.955224	no
FAM90A1	19	0.682583	no
FAM90A10	16	nan	yes
FAM90A12P	13	nan	yes
FAM90A13P	13	nan	yes
FAM90A14	13	nan	yes
FAM90A15P	13	nan	yes
FAM90A16	13	nan	yes
FAM90A17	13	nan	yes
FAM90A18	13	nan	yes
FAM90A19	13	nan	yes
FAM90A20P	16	0.730297	no
FAM90A22	16	nan	yes
FAM90A23	13	nan	yes
FAM90A24P	16	nan	yes
FAM90A26	19	0.933698	no
FAM90A5P	13	nan	yes
FAM90A7	13	nan	yes
FAM90A8	13	nan	yes
FAM90A9	16	nan	yes
FAM91A1	19	0.962703	no
FAM98A	19	0.891133	no
FAM98B	19	0.900000	no
FAM98C	19	0.967969	no
FAM9A	16	nan	yes
FAM9B	19	0.915164	no
FAM9C	19	0.530159	no
FAN1	19	0.947739	no
FANCA	19	0.832895	no
FANCB	19	0.931459	no
FANCC	19	0.910448	no
FANCD2	19	0.974989	no
FANCD2OS	19	0.882379	no
FANCE	19	0.884378	no
FANCF	19	0.829311	no
FANCG	19	0.931868	no
FANCI	19	0.953427	no
FANCL	19	0.980702	no
FANCM	19	0.931110	no
FANK1	19	0.983765	no
FAP	19	0.675290	no
FAR1	19	0.863158	no
FAR2	19	0.985965	no
FARP1	19	0.980702	no
FARP2	19	0.996491	no
FARS2	19	0.968421	no
FARSA	19	0.984211	no
FARSB	19	0.907416	no
FAS	19	0.968421	no
FASLG	19	1.000000	no
FASN	19	0.914436	no
FASTK	19	0.871930	no
FASTKD1	19	0.960070	no
FASTKD2	19	0.732778	no
FASTKD3	19	0.846795	no
FASTKD5	19	0.821742	no
FAT1	19	0.959649	no
FAT2	19	0.806566	no
FAT3	19	0.933626	no
FAT4	19	0.888109	no
FATE1	19	0.145359	no
FAU	19	0.929825	no
FAXC	19	0.932219	no
FAXDC2	19	0.927600	no
FBF1	19	0.969670	no
FBH1	19	0.915789	no
FBL	19	0.935088	no
FBLIM1	19	0.794906	no
FBLL1	19	0.800167	no
FBLN1	19	0.455863	no
FBLN2	19	0.716050	no
FBLN5	19	0.936787	no
FBLN7	19	0.801845	no
FBN1	19	0.931110	no
FBN2	19	0.900703	no
FBN3	19	0.863355	no
FBP1	19	0.920983	no
FBP2	19	0.950844	no
FBRS	19	0.967969	no
FBRSL1	19	0.942105	no
FBXL12	19	0.863477	no
FBXL13	19	0.954386	no
FBXL14	19	0.956140	no
FBXL15	19	0.952632	no
FBXL16	19	0.939394	no
FBXL17	19	0.924561	no
FBXL18	19	0.884987	no
FBXL19	19	0.989030	no
FBXL2	19	0.900000	no
FBXL20	19	0.964912	no
FBXL22	19	0.964835	no
FBXL3	19	0.845614	no
FBXL4	19	0.928070	no
FBXL5	19	0.966667	no
FBXL6	19	0.960440	no
FBXL7	19	0.884599	no
FBXL8	19	0.943786	no
FBXO10	19	0.928289	no
FBXO11	19	0.928070	no
FBXO15	19	0.982010	no
FBXO16	19	0.985965	no
FBXO17	19	0.859000	no
FBXO2	19	0.985965	no
FBXO21	19	0.905263	no
FBXO22	19	0.975439	no
FBXO24	19	0.828345	no
FBXO25	19	0.812281	no
FBXO27	19	0.957895	no
FBXO28	19	0.964912	no
FBXO3	19	0.875439	no
FBXO30	19	0.941590	no
FBXO31	19	0.915789	no
FBXO32	19	0.798246	no
FBXO33	19	0.962703	no
FBXO34	19	0.975439	no
FBXO36	19	0.992982	no
FBXO38	19	0.952632	no
FBXO39	19	0.696477	no
FBXO4	19	0.885965	no
FBXO40	19	0.807456	no
FBXO41	19	0.959543	no
FBXO42	19	0.915789	no
FBXO43	19	0.723826	no
FBXO44	19	0.967969	no
FBXO45	19	0.893374	no
FBXO46	19	0.973234	no
FBXO47	19	0.830474	no
FBXO48	19	0.955663	no
FBXO5	19	0.881862	no
FBXO6	19	0.990786	no
FBXO7	19	0.742105	no
FBXO8	19	0.922334	no
FBXO9	19	0.903905	no
FBXW10	19	0.825413	no
FBXW10B	19	0.775652	no
FBXW11	19	0.945614	no
FBXW12	19	0.903922	no
FBXW2	19	0.917947	no
FBXW4	19	0.854386	no
FBXW5	19	0.940351	no
FBXW7	19	0.977193	no
FBXW8	19	0.971930	no
FBXW9	19	0.968366	no
FCAMR	19	0.914706	no
FCAR	19	0.880838	no
FCER1A	19	0.725987	no
FCER1G	19	0.941905	no
FCER2	19	0.967640	no
FCF1	19	0.943860	no
FCGR1A	19	0.928126	no
FCGR2A	19	0.954050	no
FCGR2B	19	0.950762	no
FCGR3A	19	0.937387	no
FCGR3B	19	0.928990	no
FCGRT	19	0.971930	no
FCHO1	19	0.893281	no
FCHO2	19	0.910526	no
FCHSD1	19	0.894644	no
FCHSD2	19	0.929825	no
FCMR	19	0.927881	no
FCN1	19	0.993340	no
FCN2	19	0.430222	no
FCN3	19	0.333510	no
FCRL1	19	0.994877	no
FCRL2	19	0.966774	no
FCRL3	19	0.994322	no
FCRL4	19	0.677396	no
FCRL5	19	0.992112	no
FCRL6	19	0.652535	no
FCRLA	19	0.933418	no
FCRLB	19	0.756055	no
FCSK	19	0.950373	no
FDCSP	19	0.521426	no
FDFT1	19	0.961825	no
FDPS	19	0.889474	no
FDX1	19	0.917544	no
FDX2	19	0.904002	no
FDXACB1	19	0.767056	no
FDXR	19	0.960474	no
FECH	19	0.980702	no
FEM1A	19	0.931110	no
FEM1B	19	0.919298	no
FEM1C	19	0.911804	no
FEN1	19	0.883114	no
FER	19	0.982456	no
FER1L5	19	0.944129	no
FER1L6	19	0.825614	no
FERD3L	16	nan	yes
FERMT1	19	0.888840	no
FERMT2	19	0.948200	no
FERMT3	19	0.860659	no
FES	19	0.887231	no
FETUB	19	0.473489	no
FEV	16	0.816982	no
FEZ1	19	0.948662	no
FEZ2	19	0.714035	no
FEZF1	19	0.707213	no
FEZF2	16	0.933674	no
FFAR1	19	0.739974	no
FFAR2	19	0.959335	no
FFAR3	19	0.757077	no
FFAR4	19	0.880250	no
FGA	19	0.753085	no
FGB	19	0.636589	no
FGD1	19	0.962703	no
FGD2	19	0.895163	no
FGD3	19	0.965759	no
FGD4	19	0.963158	no
FGD5	19	0.885321	no
FGD6	19	0.931579	no
FGF1	19	0.815466	no
FGF10	19	0.699542	no
FGF11	19	0.859941	no
FGF12	19	0.932807	no
FGF13	19	0.807018	no
FGF14	19	0.852632	no
FGF16	19	0.388365	no
FGF17	19	0.899063	no
FGF18	19	0.837386	no
FGF19	19	0.654012	no
FGF2	19	0.904783	no
FGF20	19	0.730661	no
FGF21	16	1.000000	yes
FGF22	19	0.908079	no
FGF23	19	0.868425	no
FGF3	19	0.645763	no
FGF4	19	nan	yes
FGF5	19	0.859117	no
FGF6	19	0.763351	no
FGF7	19	0.791374	no
FGF8	19	0.714868	no
FGF9	19	0.977173	no
FGFBP1	19	0.627648	no
FGFBP2	19	0.693916	no
FGFBP3	19	0.942468	no
FGFR1	19	0.794737	no
FGFR1OP2	19	0.924561	no
FGFR2	19	0.941541	no
FGFR3	19	0.804905	no
FGFR4	19	0.944843	no
FGFRL1	19	0.983765	no
FGG	19	0.692007	no
FGGY	19	0.938596	no
FGL1	19	0.823590	no
FGL2	19	0.945472	no
FGR	19	0.984100	no
FH	19	0.931579	no
FHAD1	19	0.938077	no
FHDC1	19	0.919051	no
FHIP1A	19	0.892982	no
FHIP1B	19	0.977622	no
FHIP2A	19	0.870175	no
FHIP2B	19	0.905619	no
FHIT	19	0.935088	no
FHL1	19	0.910526	no
FHL2	19	0.840351	no
FHL3	19	0.824615	no
FHL5	19	0.478653	no
FHOD1	19	0.925845	no
FHOD3	19	0.966213	no
FIBCD1	19	0.787106	no
FIBIN	19	0.894933	no
FIBP	19	0.945151	no
FICD	19	0.933333	no
FIG4	19	0.956140	no
FIGLA	19	0.881344	no
FIGN	19	0.866434	no
FIGNL1	19	0.945151	no
FIGNL2	19	0.866638	no
FILIP1	19	0.902546	no
FILIP1L	19	0.921053	no
FIP1L1	19	0.985520	no
FIS1	19	0.968421	no
FITM1	19	0.855035	no
FITM2	19	0.980685	no
FIZ1	19	0.849670	no
FJX1	19	0.920304	no
FKBP10	19	0.725275	no
FKBP11	19	0.911493	no
FKBP14	19	0.865292	no
FKBP15	19	0.929825	no
FKBP1A	19	0.971002	no
FKBP1B	19	0.974978	no
FKBP2	19	0.933685	no
FKBP3	19	0.859649	no
FKBP4	19	0.941641	no
FKBP5	19	0.857895	no
FKBP6	19	0.938112	no
FKBP7	19	0.866491	no
FKBP8	19	0.961404	no
FKBP9	19	0.894252	no
FKBPL	19	0.905435	no
FKRP	19	0.854130	no
FKTN	19	0.938596	no
FLACC1	19	0.905578	no
FLAD1	19	0.894252	no
FLCN	19	0.931688	no
FLG	19	0.926287	no
FLG2	19	0.859359	no
FLI1	19	0.957438	no
FLII	19	0.878947	no
FLNA	19	0.961404	no
FLNB	19	0.866667	no
FLNC	19	0.799298	no
FLOT1	19	0.963158	no
FLOT2	19	0.936376	no
FLRT2	19	0.709890	no
FLRT3	19	0.980626	no
FLT1	19	0.980702	no
FLT3	19	0.815941	no
FLT3LG	19	0.971220	no
FLT4	19	0.817938	no
FLVCR1	19	0.916191	no
FLVCR2	19	0.924561	no
FLYWCH1	19	0.972356	no
FLYWCH2	19	0.884211	no
FMC1	19	0.967827	no
FMN1	19	0.835088	no
FMN2	19	0.907773	no
FMNL1	19	0.987230	no
FMNL2	19	0.978947	no
FMNL3	19	0.910526	no
FMO1	19	0.888707	no
FMO2	19	0.692431	no
FMO3	19	0.830529	no
FMO4	19	0.882456	no
FMO5	19	0.980702	no
FMOD	19	0.762454	no
FMR1	19	0.943860	no
FMR1NB	19	0.913631	no
FN1	19	0.537078	no
FN3K	19	0.989474	no
FN3KRP	19	0.993854	no
FNBP1	19	0.966667	no
FNBP1L	19	0.971930	no
FNBP4	19	0.967091	no
FNDC1	19	0.777040	no
FNDC10	19	0.887667	no
FNDC11	19	0.841905	no
FNDC3A	19	0.896491	no
FNDC3B	19	0.945614	no
FNDC4	19	0.928320	no
FNDC5	19	0.871920	no
FNDC7	19	0.728195	no
FNDC8	19	0.647062	no
FNDC9	19	0.940829	no
FNIP1	19	0.960914	no
FNIP2	19	0.914035	no
FNTA	19	0.861404	no
FNTB	19	0.906293	no
FOCAD	19	0.940351	no
FOLH1	19	0.852228	no
FOLR1	19	0.796844	no
FOLR2	19	0.953046	no
FOLR3	19	0.914400	no
FOS	19	0.915789	no
FOSB	19	0.876208	no
FOSL1	19	0.933656	no
FOSL2	19	0.947368	no
FOXA1	19	0.745005	no
FOXA2	19	0.754444	no
FOXA3	19	0.811325	no
FOXB1	19	0.709370	no
FOXB2	16	1.000000	yes
FOXC1	19	0.839684	no
FOXC2	19	0.623574	no
FOXD1	19	0.729340	no
FOXD2	19	0.680317	no
FOXD3	19	0.647059	no
FOXD4	19	0.880184	no
FOXD4L1	19	0.929852	no
FOXD4L3	16	0.997775	no
FOXD4L4	16	1.000000	yes
FOXD4L5	19	0.995679	no
FOXD4L6	16	nan	yes
FOXE1	19	0.664881	no
FOXE3	19	1.000000	no
FOXF1	19	0.719530	no
FOXF2	19	0.776961	no
FOXG1	19	0.819471	no
FOXH1	19	0.833863	no
FOXI1	19	0.806635	no
FOXI2	19	1.000000	no
FOXI3	19	0.739037	no
FOXJ1	19	0.923442	no
FOXJ2	19	0.963158	no
FOXJ3	19	0.896491	no
FOXK1	19	0.780702	no
FOXK2	19	0.971930	no
FOXL1	19	0.536774	no
FOXL2	19	0.756222	no
FOXL2NB	16	0.661622	no
FOXL3	19	nan	no
FOXM1	19	0.724793	no
FOXN1	19	0.692290	no
FOXN2	19	0.957895	no
FOXN3	19	0.989474	no
FOXN4	19	0.846013	no
FOXO1	19	0.936842	no
FOXO3	19	0.952632	no
FOXO3B	16	0.459315	no
FOXO4	19	0.971479	no
FOXO6	19	0.963433	no
FOXP1	19	0.908772	no
FOXP2	19	0.869680	no
FOXP3	19	0.926607	no
FOXP4	19	0.950877	no
FOXQ1	19	0.735932	no
FOXR1	19	0.678435	no
FOXR2	16	nan	yes
FOXRED1	19	0.952632	no
FOXRED2	19	0.907293	no
FOXS1	19	0.649239	no
FPGS	19	0.860026	no
FPGT	19	0.912360	no
FPR1	19	0.757938	no
FPR2	19	0.855521	no
FPR3	19	0.733705	no
FRA10AC1	19	0.945614	no
FRAS1	19	0.844601	no
FRAT1	19	0.978499	no
FRAT2	19	0.956140	no
FREM1	19	0.894552	no
FREM2	19	0.930048	no
FREM3	19	0.963032	no
FRG1	19	0.955682	no
FRG2	16	nan	yes
FRG2B	16	nan	no
FRG2C	19	0.553458	no
FRK	19	0.809962	no
FRMD1	19	0.640900	no
FRMD3	19	0.947368	no
FRMD4A	19	0.857895	no
FRMD4B	19	0.933333	no
FRMD5	19	0.880702	no
FRMD6	19	0.808772	no
FRMD7	19	0.948891	no
FRMD8	19	0.882456	no
FRMPD1	19	0.902836	no
FRMPD2	19	0.930487	no
FRMPD3	19	0.911457	no
FRMPD4	19	0.918754	no
FRRS1	19	0.966667	no
FRRS1L	19	0.894850	no
FRS2	19	0.917544	no
FRS3	19	0.929355	no
FRY	19	0.917544	no
FRYL	19	0.821413	no
FRZB	19	0.724078	no
FSBP	19	0.904043	no
FSCB	19	0.643931	no
FSCN1	19	0.845648	no
FSCN2	19	0.789904	no
FSCN3	19	0.828560	no
FSD1	19	0.917917	no
FSD1L	19	0.935498	no
FSD2	19	0.855448	no
FSHB	19	0.572091	no
FSHR	19	0.944373	no
FSIP1	19	0.901754	no
FSIP2	19	0.977173	no
FST	19	0.760811	no
FSTL1	19	0.940299	no
FSTL3	19	0.770852	no
FSTL4	19	0.924090	no
FSTL5	19	0.915239	no
FTCD	19	0.830778	no
FTCDNL1	19	0.947368	no
FTH1	19	0.956140	no
FTHL17	16	nan	yes
FTL	19	0.991228	no
FTMT	16	nan	no
FTO	19	0.987719	no
FTSJ1	19	0.961775	no
FTSJ3	19	0.681878	no
FUBP1	19	0.956140	no
FUBP3	19	0.957895	no
FUCA1	19	0.977622	no
FUCA2	19	0.943860	no
FUNDC1	19	0.962703	no
FUNDC2	19	0.964458	no
FUOM	19	0.748574	no
FURIN	19	0.954307	no
FUS	19	0.892982	no
FUT1	19	0.666119	no
FUT10	19	0.850373	no
FUT11	19	0.874945	no
FUT2	19	0.750110	no
FUT3	19	0.839124	no
FUT4	19	0.645763	no
FUT5	13	1.000000	no
FUT6	19	0.503328	no
FUT7	19	0.877364	no
FUT8	19	0.940351	no
FUT9	19	0.729158	no
FUZ	19	0.914838	no
FXN	19	0.968978	no
FXR1	19	0.856140	no
FXR2	19	0.874835	no
FXYD1	19	0.987567	no
FXYD2	19	0.883964	no
FXYD3	19	0.906905	no
FXYD4	19	0.676289	no
FXYD5	19	0.921053	no
FXYD6	19	0.897252	no
FXYD7	19	0.940603	no
FYB1	19	0.966623	no
FYB2	19	0.915884	no
FYCO1	19	0.992982	no
FYN	19	0.849123	no
FYTTD1	19	0.952172	no
FZD1	19	0.928823	no
FZD10	19	0.530316	no
FZD2	19	0.937587	no
FZD3	19	0.968421	no
FZD4	19	0.922739	no
FZD5	19	0.903341	no
FZD6	19	0.949123	no
FZD7	19	0.865817	no
FZD8	19	0.951670	no
FZD9	19	0.871264	no
FZR1	19	0.978499	no
G0S2	19	0.894252	no
G2E3	19	0.873684	no
G3BP1	19	0.954386	no
G3BP2	19	0.956140	no
G6PC1	19	0.760192	no
G6PC2	19	1.000000	no
G6PC3	19	0.932836	no
G6PD	19	0.964912	no
GAA	19	0.966213	no
GAB1	19	0.964912	no
GAB2	19	0.928070	no
GAB3	19	0.991656	no
GAB4	19	0.833348	no
GABARAP	19	0.971479	no
GABARAPL1	19	0.938596	no
GABARAPL2	19	0.984211	no
GABBR1	19	0.878707	no
GABBR2	19	0.808184	no
GABPA	19	0.866169	no
GABPB1	19	0.945614	no
GABPB2	19	0.902546	no
GABRA1	19	0.693805	no
GABRA2	19	0.876545	no
GABRA3	19	0.891048	no
GABRA4	19	0.654616	no
GABRA5	19	0.879015	no
GABRA6	19	0.917754	no
GABRB1	19	0.761214	no
GABRB2	19	0.788919	no
GABRB3	19	0.947368	no
GABRD	19	0.747427	no
GABRE	19	0.779771	no
GABRG1	19	0.872434	no
GABRG2	19	0.863694	no
GABRG3	19	0.922164	no
GABRP	19	0.927557	no
GABRQ	19	0.688286	no
GABRR1	19	0.778318	no
GABRR2	19	0.838979	no
GABRR3	19	0.833658	no
GAD1	19	0.873128	no
GAD2	19	0.885095	no
GADD45A	19	0.938596	no
GADD45B	19	0.940351	no
GADD45G	19	0.893374	no
GADD45GIP1	19	0.952632	no
GADL1	19	0.719760	no
GAGE1	16	nan	no
GAGE10	19	0.931257	no
GAGE12C	13	nan	yes
GAGE12D	13	nan	yes
GAGE12E	13	nan	yes
GAGE12F	13	nan	yes
GAGE12G	13	nan	yes
GAGE12H	16	nan	yes
GAGE12J	13	nan	yes
GAGE13	13	nan	yes
GAGE2A	16	0.730297	no
GAGE2E	13	nan	yes
GAK	19	0.975439	no
GAL	19	0.719633	no
GAL3ST1	19	0.943613	no
GAL3ST2	19	0.860491	no
GAL3ST3	19	0.837426	no
GAL3ST4	19	0.961199	no
GALC	19	0.982456	no
GALE	19	0.929825	no
GALK1	19	0.824046	no
GALK2	19	0.975439	no
GALM	19	0.926316	no
GALNS	19	0.940764	no
GALNT1	19	0.840351	no
GALNT10	19	0.903509	no
GALNT11	19	0.887719	no
GALNT12	19	0.720582	no
GALNT13	19	0.972242	no
GALNT14	19	0.987255	no
GALNT15	19	0.710642	no
GALNT16	19	0.978883	no
GALNT17	19	0.874342	no
GALNT18	19	0.970601	no
GALNT2	19	0.878947	no
GALNT3	19	0.989474	no
GALNT4	19	1.000000	yes
GALNT5	19	0.577163	no
GALNT6	19	0.822134	no
GALNT7	19	0.933333	no
GALNT8	19	0.924396	no
GALNT9	19	0.860799	no
GALNTL5	19	0.736594	no
GALNTL6	19	0.958279	no
GALP	19	0.850819	no
GALR1	19	0.805098	no
GALR2	19	nan	yes
GALR3	19	0.675131	no
GALT	19	0.966924	no
GAMT	19	0.903509	no
GAN	19	0.798246	no
GANAB	19	0.857895	no
GANC	19	0.907018	no
GAP43	19	0.919676	no
GAPDH	19	0.856140	no
GAPDHS	19	0.751112	no
GAPT	19	0.995069	no
GAPVD1	19	0.989474	no
GAR1	19	0.923178	no
GAREM1	19	0.952632	no
GAREM2	19	0.924401	no
GARIN1A	19	0.925812	no
GARIN1B	19	0.795753	no
GARIN2	19	0.940322	no
GARIN3	19	nan	no
GARIN4	19	0.929800	no
GARIN5A	19	0.925747	no
GARIN5B	16	nan	no
GARIN6	19	0.683825	no
GARNL3	19	0.900000	no
GARRE1	19	0.870175	no
GARS1	19	0.969724	no
GART	19	0.764912	no
GAS1	19	0.847446	no
GAS2	19	0.975439	no
GAS2L1	19	0.973234	no
GAS2L2	19	0.864682	no
GAS2L3	19	0.858963	no
GAS6	19	0.943860	no
GAS7	19	0.977193	no
GAS8	19	0.953927	no
GASK1A	19	0.935328	no
GASK1B	19	0.851999	no
GAST	19	0.550969	no
GATA1	19	0.875515	no
GATA2	19	0.814759	no
GATA3	19	0.833262	no
GATA4	19	0.624624	no
GATA5	19	0.909578	no
GATA6	19	0.932279	no
GATAD1	19	0.927600	no
GATAD2A	19	0.975439	no
GATAD2B	19	0.996491	no
GATB	19	0.900000	no
GATC	19	0.899517	no
GATD1	19	0.914035	no
GATD3	19	0.651888	no
GATM	19	0.954386	no
GBA1	19	0.949033	no
GBA2	19	0.943371	no
GBE1	19	0.957895	no
GBF1	19	0.982456	no
GBGT1	19	0.838109	no
GBP1	19	0.892497	no
GBP2	19	0.966667	no
GBP3	19	0.887621	no
GBP4	19	0.882637	no
GBP5	19	0.856971	no
GBP6	19	0.278404	no
GBP7	19	0.904065	no
GBX1	19	0.810369	no
GBX2	16	0.991111	no
GC	19	0.628110	no
GCA	19	0.903509	no
GCAT	19	0.947368	no
GCC1	19	0.977154	no
GCC2	19	0.928070	no
GCDH	19	0.928477	no
GCFC2	19	0.963158	no
GCG	19	0.500000	no
GCGR	19	0.784739	no
GCH1	19	0.914035	no
GCHFR	19	0.943860	no
GCK	19	0.937314	no
GCLC	19	0.863158	no
GCLM	19	0.806494	no
GCM1	19	0.972297	no
GCM2	19	1.000000	no
GCN1	19	0.903028	no
GCNA	19	0.915789	no
GCNT1	19	0.950877	no
GCNT2	19	0.826761	no
GCNT3	19	0.823142	no
GCNT4	19	0.959157	no
GCNT7	19	0.963094	no
GCSAM	19	0.968723	no
GCSAML	19	0.868415	no
GCSH	19	0.777884	no
GDA	19	0.957327	no
GDAP1	19	0.985965	no
GDAP1L1	19	0.913082	no
GDAP2	19	0.968421	no
GDE1	19	0.975439	no
GDF1	13	nan	yes
GDF10	19	0.645874	no
GDF11	19	0.916191	no
GDF15	19	0.857521	no
GDF2	16	nan	yes
GDF3	19	0.701847	no
GDF5	19	0.784725	no
GDF6	19	0.784905	no
GDF7	19	0.875012	no
GDF9	19	0.721636	no
GDI1	19	0.971930	no
GDI2	19	0.931579	no
GDNF	19	0.859729	no
GDPD1	19	0.887719	no
GDPD2	19	0.896000	no
GDPD3	19	0.721758	no
GDPD4	19	0.781612	no
GDPD5	19	0.882198	no
GDPGP1	19	0.899408	no
GEM	19	0.968792	no
GEMIN2	19	0.888109	no
GEMIN4	19	0.952988	no
GEMIN5	19	0.921053	no
GEMIN6	19	0.974539	no
GEMIN7	19	0.550975	no
GEMIN8	19	0.961809	no
GEN1	19	0.884599	no
GET1	19	0.920360	no
GET3	19	0.977622	no
GET4	19	0.886338	no
GFAP	19	0.651331	no
GFER	19	0.936320	no
GFI1	19	0.979539	no
GFI1B	19	0.797595	no
GFM1	19	0.961404	no
GFM2	19	0.843860	no
GFOD1	19	0.938596	no
GFOD2	19	0.907334	no
GFPT1	19	0.905263	no
GFPT2	19	0.822807	no
GFRA1	19	0.758893	no
GFRA2	19	0.937033	no
GFRA3	19	0.741603	no
GFRA4	19	0.438272	no
GFRAL	19	0.817621	no
GFUS	19	0.930233	no
GFY	19	0.831300	no
GGA1	19	0.969271	no
GGA2	19	0.956140	no
GGA3	19	0.952172	no
GGACT	19	0.925340	no
GGCT	19	0.978947	no
GGCX	19	0.824561	no
GGH	19	0.935498	no
GGN	19	0.679944	no
GGNBP2	19	0.964912	no
GGPS1	19	0.952278	no
GGT1	19	0.886393	no
GGT5	19	0.639207	no
GGT6	19	0.889238	no
GGT7	19	0.982456	no
GGTA1	19	0.919160	no
GGTLC1	19	0.700604	no
GGTLC2	19	0.908142	no
GGTLC3	16	1.000000	no
GH1	19	nan	no
GH2	16	nan	yes
GHDC	19	0.905660	no
GHITM	19	0.975439	no
GHR	19	0.893766	no
GHRH	19	0.723015	no
GHRHR	19	0.549882	no
GHRL	19	0.913771	no
GHSR	19	0.878175	no
GID4	19	0.910848	no
GID8	19	0.975439	no
GIGYF1	19	0.970175	no
GIGYF2	19	0.956140	no
GIMAP1	19	0.950723	no
GIMAP2	19	0.972724	no
GIMAP4	19	0.961029	no
GIMAP5	19	0.868501	no
GIMAP6	19	0.940731	no
GIMAP7	19	0.885269	no
GIMAP8	19	0.888260	no
GIMD1	19	0.604167	no
GIN1	19	0.896885	no
GINM1	19	0.935088	no
GINS1	19	0.834065	no
GINS2	19	0.833042	no
GINS3	19	0.852374	no
GINS4	19	0.924636	no
GIP	19	0.832259	no
GIPC1	19	0.988153	no
GIPC2	19	0.954805	no
GIPC3	19	0.883802	no
GIPR	19	0.887912	no
GIT1	19	0.950834	no
GIT2	19	0.971930	no
GJA1	19	0.831742	no
GJA10	19	0.835781	no
GJA3	19	0.721911	no
GJA4	19	0.809449	no
GJA5	19	0.907768	no
GJA8	19	1.000000	no
GJA9	16	nan	yes
GJB1	19	0.857092	no
GJB2	19	0.612077	no
GJB3	19	0.617793	no
GJB4	19	0.593437	no
GJB5	19	0.403311	no
GJB6	19	0.810913	no
GJB7	19	0.871300	no
GJC1	19	0.834383	no
GJC2	19	0.878361	no
GJC3	19	0.666092	no
GJD2	19	0.995298	no
GJD3	19	0.676370	no
GJD4	19	0.682179	no
GJE1	16	1.000000	yes
GK	19	0.961404	no
GK2	16	nan	yes
GK3P	19	0.781547	no
GK5	19	0.951295	no
GKAP1	19	0.831066	no
GKN1	19	nan	no
GKN2	19	0.750876	no
GLA	19	0.970175	no
GLB1	19	0.994296	no
GLB1L	19	0.973661	no
GLB1L2	19	0.938794	no
GLB1L3	19	0.914215	no
GLCCI1	19	0.931579	no
GLCE	19	0.859649	no
GLDC	19	0.939008	no
GLDN	19	0.884786	no
GLE1	19	0.612818	no
GLG1	19	0.852632	no
GLI1	19	0.867085	no
GLI2	19	0.796301	no
GLI3	19	0.918788	no
GLI4	19	0.736819	no
GLIPR1	19	0.957895	no
GLIPR1L1	19	0.868075	no
GLIPR1L2	19	0.935909	no
GLIPR2	19	0.958736	no
GLIS1	19	0.878701	no
GLIS2	19	0.852444	no
GLIS3	19	0.961404	no
GLMN	19	0.902150	no
GLMP	19	0.974989	no
GLO1	19	0.945614	no
GLOD4	19	0.966667	no
GLOD5	19	0.984523	no
GLP1R	19	0.869977	no
GLP2R	19	0.669733	no
GLRA1	19	0.842707	no
GLRA2	19	0.791354	no
GLRA3	19	0.917408	no
GLRB	19	0.923957	no
GLRX	19	0.980255	no
GLRX2	19	0.896400	no
GLRX3	19	0.850877	no
GLRX5	19	0.964912	no
GLS	19	0.915789	no
GLS2	19	0.829465	no
GLT1D1	19	0.898373	no
GLT6D1	19	0.870694	no
GLT8D1	19	0.907018	no
GLT8D2	19	0.838384	no
GLTP	19	0.935088	no
GLTPD2	19	0.943026	no
GLUD1	19	0.968421	no
GLUD2	19	0.928565	no
GLUL	19	0.970175	no
GLYAT	19	0.903663	no
GLYATL1	19	0.926186	no
GLYATL1B	19	0.816830	no
GLYATL2	19	0.831858	no
GLYATL3	19	0.742107	no
GLYCTK	19	0.960948	no
GLYR1	19	0.970175	no
GM2A	19	0.970175	no
GMCL1	19	0.851251	no
GMCL2	16	-0.066667	no
GMDS	19	0.736842	no
GMEB1	19	0.972333	no
GMEB2	19	0.915789	no
GMFB	19	0.958315	no
GMFG	19	0.998246	no
GMIP	19	0.900747	no
GML	19	0.947329	no
GMNC	19	0.900933	no
GMNN	19	0.959649	no
GMPPA	19	0.923617	no
GMPPB	19	0.968421	no
GMPR	19	0.936842	no
GMPR2	19	0.928854	no
GMPS	19	0.804215	no
GNA11	19	0.990786	no
GNA12	19	0.964912	no
GNA13	19	0.982456	no
GNA14	19	0.906538	no
GNA15	19	0.947995	no
GNAI1	19	0.987719	no
GNAI2	19	0.992982	no
GNAI3	19	0.947368	no
GNAL	19	0.967969	no
GNAO1	19	0.918278	no
GNAQ	19	0.984211	no
GNAS	19	0.929825	no
GNAT1	16	0.307794	no
GNAT2	19	0.925765	no
GNAT3	19	0.819137	no
GNAZ	19	0.935881	no
GNB1	19	0.973684	no
GNB1L	19	0.531168	no
GNB2	19	0.989474	no
GNB3	19	0.869422	no
GNB4	19	0.949123	no
GNB5	19	0.985965	no
GNE	19	0.894737	no
GNG10	19	0.925161	no
GNG11	19	0.704695	no
GNG12	19	0.975439	no
GNG13	16	0.855921	no
GNG14	19	nan	no
GNG2	19	0.928070	no
GNG3	19	0.908001	no
GNG4	19	0.826662	no
GNG5	19	0.957895	no
GNG7	19	0.907018	no
GNG8	19	0.829082	no
GNGT1	19	0.911133	no
GNGT2	19	0.951117	no
GNL1	19	0.956140	no
GNL2	19	0.966667	no
GNL3	19	0.910526	no
GNL3L	19	0.926316	no
GNLY	19	0.954566	no
GNMT	19	0.917846	no
GNPAT	19	0.783143	no
GNPDA1	19	0.788065	no
GNPDA2	19	0.963581	no
GNPNAT1	19	0.868306	no
GNPTAB	19	0.923212	no
GNPTG	19	0.869183	no
GNRH1	19	0.774551	no
GNRH2	19	0.862846	no
GNRHR	19	0.664018	no
GNS	19	0.991228	no
GOLGA1	19	0.949123	no
GOLGA2	19	0.929355	no
GOLGA3	19	0.876979	no
GOLGA4	19	0.875439	no
GOLGA5	19	0.672520	no
GOLGA6A	19	1.000000	yes
GOLGA6B	19	0.680362	no
GOLGA6C	13	0.692841	no
GOLGA6D	16	1.000000	yes
GOLGA6L1	16	nan	yes
GOLGA6L10	19	0.983234	no
GOLGA6L2	19	0.759118	no
GOLGA6L22	19	1.000000	yes
GOLGA6L4	19	0.880740	no
GOLGA6L6	16	nan	yes
GOLGA6L7	19	0.963369	no
GOLGA6L9	19	0.919717	no
GOLGA7	19	0.978947	no
GOLGA7B	19	0.898502	no
GOLGA8A	19	0.950877	no
GOLGA8B	19	0.953029	no
GOLGA8H	19	0.950376	no
GOLGA8J	19	nan	yes
GOLGA8K	19	0.869063	no
GOLGA8M	19	0.957418	no
GOLGA8N	19	0.846069	no
GOLGA8O	16	0.675892	no
GOLGA8Q	19	1.000000	yes
GOLGA8R	19	0.591586	no
GOLGA8S	16	0.910011	no
GOLGA8T	19	0.778888	no
GOLGB1	19	0.757895	no
GOLIM4	19	0.961404	no
GOLM1	19	0.991663	no
GOLM2	19	0.900000	no
GOLPH3	19	0.900000	no
GOLPH3L	19	0.938596	no
GOLT1A	19	0.893161	no
GOLT1B	19	0.950417	no
GON4L	19	0.968421	no
GON7	19	0.945351	no
GOPC	19	0.781044	no
GORAB	19	0.818462	no
GORASP1	19	0.936292	no
GORASP2	19	0.887719	no
GOSR1	19	0.821053	no
GOSR2	19	0.874231	no
GOT1	19	0.942105	no
GOT1L1	19	nan	no
GOT2	19	0.982456	no
GP1BA	19	0.923553	no
GP1BB	16	0.784083	no
GP2	19	0.804627	no
GP5	19	0.997630	no
GP6	19	0.905107	no
GP9	19	0.695580	no
GPA33	19	0.910944	no
GPAA1	19	0.900000	no
GPALPP1	19	0.771930	no
GPAM	19	0.836842	no
GPANK1	19	0.767003	no
GPAT2	19	0.914934	no
GPAT3	19	0.954386	no
GPAT4	19	0.963158	no
GPATCH1	19	0.661397	no
GPATCH2	19	0.956140	no
GPATCH2L	19	0.954386	no
GPATCH3	19	0.959578	no
GPATCH8	19	0.905263	no
GPBAR1	19	0.862171	no
GPBP1	19	0.928070	no
GPBP1L1	19	0.980702	no
GPC1	19	0.926251	no
GPC2	19	0.941150	no
GPC3	19	0.905263	no
GPC4	19	0.946444	no
GPC5	19	0.838596	no
GPC6	19	0.913559	no
GPCPD1	19	0.978947	no
GPD1	19	0.882689	no
GPD1L	19	0.831579	no
GPD2	19	0.845614	no
GPER1	19	0.985953	no
GPHA2	19	0.690727	no
GPHB5	19	0.796189	no
GPHN	19	0.947368	no
GPI	19	0.777534	no
GPIHBP1	19	0.715495	no
GPKOW	19	0.945151	no
GPLD1	19	0.903905	no
GPM6A	19	0.885965	no
GPM6B	19	0.829825	no
GPN1	19	0.939886	no
GPN2	19	0.935909	no
GPN3	19	0.957438	no
GPNMB	19	0.896400	no
GPR101	16	0.599882	no
GPR107	19	0.956140	no
GPR108	19	0.952590	no
GPR119	16	1.000000	yes
GPR12	19	0.697592	no
GPR132	19	0.959472	no
GPR135	19	0.985965	no
GPR137	19	0.705004	no
GPR137B	19	0.929825	no
GPR137C	19	0.834577	no
GPR139	19	0.899396	no
GPR141	19	0.993961	no
GPR142	16	1.000000	yes
GPR143	19	0.808876	no
GPR146	19	0.912643	no
GPR148	16	1.000000	yes
GPR149	19	0.801152	no
GPR15	16	0.925485	no
GPR150	19	0.887273	no
GPR151	19	0.737334	no
GPR152	16	nan	no
GPR153	19	0.933158	no
GPR155	19	0.894737	no
GPR156	19	0.862357	no
GPR157	19	0.936842	no
GPR158	19	0.957327	no
GPR15LG	19	0.386200	no
GPR160	19	0.969724	no
GPR161	19	0.957858	no
GPR162	19	0.915711	no
GPR17	19	0.885488	no
GPR171	19	0.877998	no
GPR173	19	0.923212	no
GPR174	19	0.903344	no
GPR176	19	0.735709	no
GPR18	19	0.954911	no
GPR180	19	0.943860	no
GPR182	19	0.483592	no
GPR183	19	0.974044	no
GPR19	19	0.920025	no
GPR20	19	0.993827	no
GPR21	16	nan	no
GPR22	19	0.875096	no
GPR25	16	0.500000	no
GPR26	19	0.963422	no
GPR27	19	0.947185	no
GPR3	19	0.409976	no
GPR31	19	0.792629	no
GPR32	16	nan	yes
GPR33	19	0.383336	no
GPR34	19	0.903737	no
GPR35	19	0.931868	no
GPR37	19	0.939052	no
GPR37L1	19	0.883721	no
GPR39	19	0.933017	no
GPR4	19	nan	yes
GPR42	16	0.871232	no
GPR45	16	0.997775	no
GPR50	16	nan	yes
GPR52	19	nan	yes
GPR55	19	0.932367	no
GPR6	16	0.994924	no
GPR61	19	0.916082	no
GPR62	19	0.936137	no
GPR63	19	0.734685	no
GPR65	19	0.953507	no
GPR68	19	0.927882	no
GPR75	19	nan	no
GPR78	19	0.422842	no
GPR82	19	0.890170	no
GPR83	19	0.836441	no
GPR84	19	0.895886	no
GPR85	19	0.975309	no
GPR87	19	0.653922	no
GPR88	19	0.775801	no
GPR89A	19	0.848990	no
GPR89B	19	0.952172	no
GPRASP1	19	0.919169	no
GPRASP2	19	0.898202	no
GPRASP3	19	0.859312	no
GPRC5A	19	0.799298	no
GPRC5B	19	0.869834	no
GPRC5C	19	0.956140	no
GPRC5D	19	0.871036	no
GPRC6A	19	0.941515	no
GPRIN1	19	0.959625	no
GPRIN2	19	0.766309	no
GPRIN3	19	0.963581	no
GPS1	19	0.977193	no
GPS2	19	0.911093	no
GPSM1	19	0.933217	no
GPSM2	19	0.931579	no
GPSM3	19	0.982654	no
GPT	19	0.886494	no
GPT2	19	0.962703	no
GPX1	19	0.880176	no
GPX2	19	0.639935	no
GPX3	19	0.695919	no
GPX4	19	0.954386	no
GPX5	19	-0.055556	no
GPX6	19	nan	no
GPX7	19	0.889474	no
GPX8	19	0.819877	no
GRAMD1A	19	0.892982	no
GRAMD1B	19	0.985520	no
GRAMD1C	19	0.881966	no
GRAMD2A	19	0.951145	no
GRAMD2B	19	0.956140	no
GRAMD4	19	0.762615	no
GRAP	19	0.958502	no
GRAP2	19	0.956006	no
GRAPL	19	0.933017	no
GRB10	19	0.947368	no
GRB14	19	0.966637	no
GRB2	19	0.931579	no
GRB7	19	0.912929	no
GREB1	19	0.855764	no
GREB1L	19	0.819140	no
GREM1	19	0.912986	no
GREM2	19	0.811429	no
GRHL1	19	0.951295	no
GRHL2	19	0.822134	no
GRHL3	19	0.926530	no
GRHPR	19	0.973684	no
GRIA1	19	0.681599	no
GRIA2	19	0.828695	no
GRIA3	19	0.928070	no
GRIA4	19	0.888840	no
GRID1	19	0.843860	no
GRID2	19	0.771391	no
GRID2IP	19	0.722712	no
GRIFIN	19	0.726483	no
GRIK1	19	0.918824	no
GRIK2	19	0.886354	no
GRIK3	19	0.840962	no
GRIK4	19	0.936676	no
GRIK5	19	0.906773	no
GRIN1	19	0.727572	no
GRIN2A	19	0.933333	no
GRIN2B	19	0.889882	no
GRIN2C	19	0.886387	no
GRIN2D	19	0.919753	no
GRIN3A	19	0.871818	no
GRIN3B	19	0.781264	no
GRINA	19	0.924090	no
GRIP1	19	0.870175	no
GRIP2	19	0.781003	no
GRIPAP1	19	0.954386	no
GRK1	19	0.997076	no
GRK2	19	0.919702	no
GRK3	19	0.880702	no
GRK4	19	0.981132	no
GRK5	19	0.954386	no
GRK6	19	0.977193	no
GRK7	19	0.797666	no
GRM1	19	0.965639	no
GRM2	19	0.894819	no
GRM3	19	0.926464	no
GRM4	19	0.855101	no
GRM5	19	0.711463	no
GRM6	19	0.909298	no
GRM7	19	0.881475	no
GRM8	19	0.924024	no
GRN	19	0.914035	no
GRP	19	0.741534	no
GRPEL1	19	0.947368	no
GRPEL2	19	0.880387	no
GRPR	19	0.956963	no
GRSF1	19	0.974989	no
GRTP1	19	0.969272	no
GRWD1	19	0.982456	no
GRXCR1	19	0.751001	no
GRXCR2	19	0.827156	no
GSAP	19	0.894737	no
GSC	19	0.858164	no
GSC2	16	nan	yes
GSDMA	19	0.976852	no
GSDMB	19	0.910048	no
GSDMC	19	0.864674	no
GSDMD	19	0.909171	no
GSDME	19	0.977173	no
GSE1	19	0.945614	no
GSG1	19	0.755914	no
GSG1L	19	0.955624	no
GSG1L2	19	0.722749	no
GSK3A	19	0.944176	no
GSK3B	19	0.961404	no
GSKIP	19	0.975439	no
GSN	19	0.947368	no
GSPT1	19	0.929355	no
GSPT2	19	0.951712	no
GSR	19	0.864414	no
GSS	19	0.928070	no
GSTA1	19	0.669735	no
GSTA2	19	0.765295	no
GSTA3	19	0.842523	no
GSTA4	19	0.989474	no
GSTA5	19	0.838870	no
GSTCD	19	0.954386	no
GSTK1	19	0.959649	no
GSTM1	19	0.942220	no
GSTM2	19	0.855136	no
GSTM3	19	0.887719	no
GSTM4	19	0.882456	no
GSTM5	19	0.863578	no
GSTO1	19	0.947368	no
GSTO2	19	0.975439	no
GSTP1	19	0.935088	no
GSTT2B	19	0.899461	no
GSTT4	19	nan	no
GSTZ1	19	0.934153	no
GSX1	16	-0.066667	no
GSX2	16	nan	yes
GTDC1	19	0.982887	no
GTF2A1	19	0.894737	no
GTF2A1L	19	0.991241	no
GTF2A2	19	0.985965	no
GTF2B	19	0.975439	no
GTF2E1	19	0.949539	no
GTF2E2	19	0.982887	no
GTF2F1	19	0.926316	no
GTF2F2	19	0.884211	no
GTF2H1	19	0.975439	no
GTF2H2	19	0.772649	no
GTF2H2C	19	0.933333	no
GTF2H3	19	0.927600	no
GTF2H4	19	0.833118	no
GTF2H5	19	0.985965	no
GTF2I	19	0.891228	no
GTF2IRD1	19	0.905263	no
GTF2IRD2	19	0.859465	no
GTF2IRD2B	19	0.892982	no
GTF3A	19	0.952632	no
GTF3C1	19	0.829825	no
GTF3C2	19	0.848990	no
GTF3C3	19	0.950877	no
GTF3C4	19	0.849802	no
GTF3C5	19	0.739245	no
GTF3C6	19	0.945614	no
GTPBP1	19	0.982456	no
GTPBP10	19	0.892497	no
GTPBP2	19	0.923212	no
GTPBP3	19	0.870062	no
GTPBP4	19	0.924561	no
GTPBP6	19	0.935470	no
GTPBP8	19	0.731579	no
GTSE1	19	0.735570	no
GTSF1	19	0.900624	no
GTSF1L	19	0.814198	no
GUCA1A	19	0.814383	no
GUCA1ANB	16	nan	yes
GUCA1B	19	0.722955	no
GUCA1C	19	0.899529	no
GUCA2A	19	0.740823	no
GUCA2B	19	0.800902	no
GUCD1	19	0.984211	no
GUCY1A1	19	0.661404	no
GUCY1A2	19	0.791209	no
GUCY1B1	19	0.745064	no
GUCY2C	19	0.885275	no
GUCY2D	19	0.816491	no
GUCY2F	19	0.801131	no
GUF1	19	0.822651	no
GUK1	19	0.994737	no
GULP1	19	0.931519	no
GUSB	19	0.966667	no
GVQW3	19	0.984211	no
GXYLT1	19	0.854386	no
GXYLT2	19	0.964458	no
GYG1	19	0.914035	no
GYG2	19	0.990753	no
GYPA	19	0.944616	no
GYPB	19	0.873308	no
GYPC	19	0.969724	no
GYPE	19	0.846188	no
GYS1	19	0.942105	no
GYS2	19	0.970857	no
GZF1	19	0.908772	no
GZMA	19	0.902742	no
GZMB	19	0.948047	no
GZMH	19	0.858198	no
GZMK	19	0.959129	no
GZMM	19	0.915041	no
H1-0	19	0.961404	no
H1-1	19	0.790313	no
H1-10	19	0.919702	no
H1-2	19	0.902150	no
H1-3	19	0.869035	no
H1-4	19	0.893767	no
H1-5	19	0.868363	no
H1-6	19	0.749352	no
H1-7	19	0.698644	no
H1-8	19	0.824653	no
H2AB1	19	0.962528	no
H2AB2	13	nan	yes
H2AB3	16	nan	yes
H2AC1	19	0.842094	no
H2AC11	19	0.931338	no
H2AC12	19	0.878532	no
H2AC13	19	0.842725	no
H2AC14	16	0.729126	no
H2AC15	19	0.787829	no
H2AC16	19	0.958932	no
H2AC17	19	0.939222	no
H2AC18	16	1.000000	no
H2AC19	16	0.997775	no
H2AC20	19	0.931400	no
H2AC21	19	0.843776	no
H2AC25	19	0.779052	no
H2AC4	19	0.697465	no
H2AC6	19	0.952632	no
H2AC7	16	0.617213	no
H2AC8	19	0.954706	no
H2AJ	19	0.975439	no
H2AL3	16	0.747132	no
H2AP	16	nan	no
H2AX	19	0.945614	no
H2AZ1	19	0.871930	no
H2AZ2	19	0.970175	no
H2BC1	16	nan	yes
H2BC10	19	0.761127	no
H2BC11	19	0.950834	no
H2BC12	16	0.961294	no
H2BC12L	13	nan	yes
H2BC13	19	0.701641	no
H2BC14	19	0.743068	no
H2BC15	19	0.833626	no
H2BC17	19	0.620095	no
H2BC18	19	0.937665	no
H2BC21	19	0.950417	no
H2BC26	19	0.758901	no
H2BC3	19	0.958235	no
H2BC4	19	0.913885	no
H2BC5	19	0.875439	no
H2BC6	19	0.938077	no
H2BC7	19	0.849022	no
H2BC8	19	0.889573	no
H2BC9	19	0.815418	no
H2BK1	16	0.816318	no
H2BW1	16	nan	yes
H2BW2	19	nan	yes
H3-3A	19	0.969724	no
H3-3B	19	0.935088	no
H3-4	16	nan	yes
H3-5	19	0.882200	no
H3-7	16	0.624432	no
H3C1	19	0.850871	no
H3C10	19	0.936212	no
H3C11	19	0.773057	no
H3C12	19	0.950094	no
H3C13	19	0.860019	no
H3C14	16	nan	yes
H3C15	13	nan	yes
H3C2	16	0.716936	no
H3C3	16	0.959578	no
H3C4	16	0.554700	no
H3C6	19	0.830255	no
H3C7	19	0.889563	no
H3C8	19	0.604382	no
H3Y1	16	nan	yes
H3Y2	16	nan	no
H4C1	19	0.971736	no
H4C11	19	0.962173	no
H4C12	13	0.968954	no
H4C13	16	0.811476	no
H4C14	19	0.883281	no
H4C15	19	0.240762	no
H4C16	19	0.931338	no
H4C2	19	0.819691	no
H4C3	19	0.945614	no
H4C4	19	0.823914	no
H4C5	19	0.880540	no
H4C6	19	0.973959	no
H4C7	16	nan	yes
H4C8	19	0.953468	no
H4C9	19	0.854376	no
H6PD	19	0.971930	no
HAAO	19	0.935852	no
HABP2	19	0.858835	no
HABP4	19	0.975439	no
HACD1	19	0.891228	no
HACD2	19	0.964912	no
HACD3	19	0.942105	no
HACD4	19	0.970175	no
HACE1	19	0.863158	no
HACL1	19	0.966667	no
HADH	19	0.954307	no
HADHA	19	0.925845	no
HADHB	19	0.921053	no
HAGH	19	0.938596	no
HAGHL	19	0.991649	no
HAL	19	0.953725	no
HAMP	19	0.900692	no
HAND1	16	0.878557	no
HAND2	19	0.767252	no
HAO1	19	0.793705	no
HAO2	19	0.670565	no
HAP1	19	0.775133	no
HAPLN1	19	0.618003	no
HAPLN2	19	0.817490	no
HAPLN3	19	0.904327	no
HAPLN4	19	0.865386	no
HAPSTR1	19	0.870557	no
HARBI1	19	0.872200	no
HARS1	19	0.977193	no
HARS2	19	0.960914	no
HAS1	19	0.940827	no
HAS2	19	0.763304	no
HAS3	19	0.742158	no
HASPIN	19	0.846409	no
HAT1	19	0.924561	no
HAUS1	19	0.969272	no
HAUS2	19	0.910926	no
HAUS3	19	0.813856	no
HAUS4	19	0.922334	no
HAUS5	19	0.934153	no
HAUS6	19	0.922334	no
HAUS7	19	0.826532	no
HAUS8	19	0.969258	no
HAVCR1	19	0.899797	no
HAVCR2	19	0.984211	no
HAX1	19	0.921053	no
HBA1	19	0.907245	no
HBA2	19	0.883454	no
HBB	19	0.434637	no
HBD	19	0.941515	no
HBE1	16	-0.066667	no
HBEGF	19	0.951691	no
HBG1	16	nan	yes
HBG2	16	nan	yes
HBM	19	0.561917	no
HBP1	19	0.991220	no
HBQ1	19	0.949952	no
HBS1L	19	0.901754	no
HBZ	19	0.840747	no
HCAR1	19	0.828539	no
HCAR2	19	0.857598	no
HCAR3	19	0.715991	no
HCCS	19	0.988586	no
HCFC1	19	0.875329	no
HCFC1R1	19	0.921053	no
HCFC2	19	0.863158	no
HCK	19	0.966081	no
HCLS1	19	0.894946	no
HCN1	19	0.917743	no
HCN2	19	0.861221	no
HCN3	19	0.936224	no
HCN4	19	0.939077	no
HCRT	19	0.979468	no
HCRTR1	19	0.830531	no
HCRTR2	19	0.846897	no
HCST	19	0.984155	no
HDAC1	19	0.879333	no
HDAC10	19	0.835454	no
HDAC11	19	0.959649	no
HDAC2	19	0.956140	no
HDAC3	19	0.846728	no
HDAC4	19	0.843860	no
HDAC5	19	0.885476	no
HDAC6	19	0.934153	no
HDAC7	19	0.847368	no
HDAC8	19	0.852877	no
HDAC9	19	0.945614	no
HDC	19	0.707891	no
HDDC2	19	0.936842	no
HDDC3	19	0.942907	no
HDGF	19	0.994737	no
HDGFL1	16	nan	yes
HDGFL2	19	0.847740	no
HDGFL3	19	0.962703	no
HDHD2	19	0.919298	no
HDHD3	19	0.930641	no
HDHD5	19	0.973639	no
HDLBP	19	0.926316	no
HDX	19	0.856140	no
HEATR1	19	0.910526	no
HEATR3	19	0.836332	no
HEATR4	19	0.965760	no
HEATR5A	19	0.966667	no
HEATR5B	19	0.924561	no
HEATR6	19	0.948662	no
HEATR9	19	0.998240	no
HEBP1	19	0.904783	no
HEBP2	19	0.991228	no
HECA	19	0.985965	no
HECTD1	19	0.828070	no
HECTD2	19	0.903509	no
HECTD3	19	0.771391	no
HECW1	19	0.847673	no
HECW2	19	0.764706	no
HEG1	19	0.870175	no
HELB	19	0.938596	no
HELLS	19	0.887231	no
HELQ	19	0.991228	no
HELT	19	0.839254	no
HELZ	19	0.966667	no
HELZ2	19	0.968421	no
HEMGN	19	0.854426	no
HEMK1	19	0.978499	no
HENMT1	19	0.992541	no
HEPACAM	19	0.678423	no
HEPACAM2	19	0.844784	no
HEPH	19	0.817624	no
HEPHL1	19	0.909013	no
HEPN1	19	0.905673	no
HERC1	19	0.987719	no
HERC2	19	0.945614	no
HERC3	19	0.591909	no
HERC4	19	0.949123	no
HERC5	19	0.903424	no
HERC6	19	0.819298	no
HERPUD1	19	0.982456	no
HERPUD2	19	0.943860	no
HES1	19	0.885965	no
HES2	19	0.946414	no
HES3	16	nan	yes
HES4	19	0.873684	no
HES5	19	0.819471	no
HES6	19	0.979807	no
HES7	19	0.901169	no
HESX1	19	0.944640	no
HEXA	19	0.957438	no
HEXB	19	0.950877	no
HEXD	19	0.903028	no
HEXIM1	19	0.963158	no
HEXIM2	19	0.872144	no
HEY1	19	0.744392	no
HEY2	19	0.913331	no
HEYL	19	0.882094	no
HFE	19	0.963077	no
HFM1	19	0.941590	no
HGD	19	0.964364	no
HGF	19	0.954206	no
HGFAC	19	0.967064	no
HGH1	19	0.811815	no
HGS	19	0.843860	no
HGSNAT	19	0.889864	no
HHAT	19	0.948018	no
HHATL	19	0.874772	no
HHEX	19	0.975240	no
HHIP	19	0.863238	no
HHIPL1	19	0.826208	no
HHIPL2	19	0.747946	no
HHLA1	19	0.858523	no
HHLA2	19	0.870926	no
HIBADH	19	0.977193	no
HIBCH	19	0.947368	no
HIC1	19	0.919895	no
HIC2	19	0.898157	no
HID1	19	0.938131	no
HIF1A	19	0.833333	no
HIF1AN	19	0.885965	no
HIF3A	19	0.885426	no
HIGD1A	19	0.923637	no
HIGD1B	19	0.697317	no
HIGD1C	19	0.892013	no
HIGD2A	19	0.988992	no
HIGD2B	19	0.428414	no
HIKESHI	19	0.978947	no
HILPDA	19	0.910366	no
HINFP	19	0.798246	no
HINT1	19	0.980702	no
HINT2	19	0.978462	no
HINT3	19	0.912281	no
HIP1	19	0.882456	no
HIP1R	19	0.973684	no
HIPK1	19	0.983765	no
HIPK2	19	0.803509	no
HIPK3	19	0.952632	no
HIPK4	19	0.883413	no
HIRA	19	0.889474	no
HIRIP3	19	0.977193	no
HIVEP1	19	0.907018	no
HIVEP2	19	0.580334	no
HIVEP3	19	0.892497	no
HJURP	19	0.607255	no
HJV	19	0.841881	no
HK1	19	0.973684	no
HK2	19	0.952130	no
HK3	19	0.922295	no
HKDC1	19	0.855698	no
HLA-A	19	0.915789	no
HLA-B	19	0.917544	no
HLA-C	19	0.892982	no
HLA-DMA	19	0.939886	no
HLA-DMB	19	0.887148	no
HLA-DOA	19	0.767682	no
HLA-DOB	19	0.942156	no
HLA-DPA1	19	0.869183	no
HLA-DPB1	19	0.844601	no
HLA-DQA1	19	0.928076	no
HLA-DQA2	19	0.926922	no
HLA-DQB2	19	0.955379	no
HLA-DRA	19	0.956102	no
HLA-DRB1	19	0.945567	no
HLA-DRB5	19	0.919756	no
HLA-E	19	0.977193	no
HLA-F	19	0.928885	no
HLA-G	19	0.887066	no
HLCS	19	0.981132	no
HLF	19	0.949956	no
HLTF	19	0.964458	no
HLX	19	0.973367	no
HM13	19	0.810004	no
HMBOX1	19	0.896491	no
HMBS	19	0.897672	no
HMCES	19	0.937253	no
HMCN1	19	0.689231	no
HMCN2	19	0.884295	no
HMG20A	19	0.970175	no
HMG20B	19	0.956140	no
HMGA1	19	0.903509	no
HMGA2	19	0.906611	no
HMGB1	19	0.984211	no
HMGB1P1	19	0.959638	no
HMGB2	19	0.982456	no
HMGB3	19	0.927568	no
HMGB4	16	nan	no
HMGCL	19	0.950417	no
HMGCLL1	19	0.937144	no
HMGCR	19	0.974112	no
HMGCS1	19	0.846863	no
HMGCS2	19	0.845380	no
HMGN1	19	0.966667	no
HMGN2	19	0.866667	no
HMGN3	19	0.971930	no
HMGN4	19	0.964912	no
HMGN5	19	0.978499	no
HMGXB3	19	0.974989	no
HMGXB4	19	0.712028	no
HMHB1	19	0.645763	no
HMMR	19	0.782857	no
HMOX1	19	0.838455	no
HMOX2	19	0.950877	no
HMSD	19	0.697983	no
HMX1	19	0.726483	no
HMX2	19	0.685717	no
HMX3	16	0.632924	no
HNF1B	19	0.831370	no
HNF4A	19	0.779544	no
HNF4G	19	0.882872	no
HNMT	19	0.969724	no
HNRNPA0	19	0.984211	no
HNRNPA1	19	0.964912	no
HNRNPA1L2	16	0.784083	no
HNRNPA1L3	16	0.925681	no
HNRNPA2B1	19	0.978947	no
HNRNPA3	19	0.949123	no
HNRNPAB	19	0.952632	no
HNRNPC	19	0.945614	no
HNRNPCL1	19	nan	yes
HNRNPCL2	16	nan	yes
HNRNPCL3	16	nan	yes
HNRNPCL4	13	nan	yes
HNRNPD	19	0.950877	no
HNRNPDL	19	0.898246	no
HNRNPF	19	0.966667	no
HNRNPH1	19	0.919298	no
HNRNPH2	19	0.975439	no
HNRNPH3	19	0.977193	no
HNRNPK	19	0.943860	no
HNRNPL	19	0.935088	no
HNRNPLL	19	0.928070	no
HNRNPM	19	0.892982	no
HNRNPR	19	0.975439	no
HNRNPU	19	0.957895	no
HNRNPUL1	19	0.985965	no
HNRNPUL2	19	0.880932	no
HOATZ	19	0.294932	no
HOGA1	19	0.951245	no
HOMER1	19	0.645614	no
HOMER2	19	0.913559	no
HOMER3	19	0.874231	no
HOMEZ	16	0.837381	no
HOOK1	19	0.980702	no
HOOK2	19	0.936842	no
HOOK3	19	0.936842	no
HOPX	19	0.829675	no
HORMAD1	19	0.903322	no
HORMAD2	19	0.822799	no
HOXA10	19	1.000000	no
HOXA11	19	0.412667	no
HOXA13	19	0.814198	no
HOXA2	19	0.823811	no
HOXA3	19	0.974222	no
HOXA4	19	-0.055556	no
HOXA5	19	0.965517	no
HOXA6	19	1.000000	no
HOXA7	19	0.909249	no
HOXA9	19	0.952607	no
HOXB1	19	1.000000	no
HOXB13	19	0.332469	no
HOXB2	19	0.936080	no
HOXB3	19	0.935644	no
HOXB4	19	0.998912	no
HOXB5	19	1.000000	yes
HOXB6	19	0.696481	no
HOXB7	19	0.927821	no
HOXB8	19	0.726483	no
HOXB9	19	1.000000	yes
HOXC10	19	0.644120	no
HOXC11	19	0.986111	no
HOXC12	19	0.726483	no
HOXC13	19	0.839254	no
HOXC4	19	0.956590	no
HOXC5	19	0.687184	no
HOXC6	19	0.726483	no
HOXC8	19	1.000000	no
HOXC9	19	0.886692	no
HOXD1	19	0.920446	no
HOXD10	19	0.719717	no
HOXD11	19	0.785623	no
HOXD12	16	nan	yes
HOXD13	19	nan	no
HOXD3	19	0.767873	no
HOXD4	19	1.000000	yes
HOXD8	19	0.841067	no
HOXD9	19	0.920628	no
HP	19	0.721041	no
HP1BP3	19	0.822807	no
HPCA	19	0.717853	no
HPCAL1	19	0.938596	no
HPCAL4	19	0.947461	no
HPD	19	0.881966	no
HPDL	19	0.795156	no
HPF1	19	0.962703	no
HPGD	19	0.784211	no
HPGDS	19	0.837887	no
HPN	19	0.773146	no
HPR	19	0.733926	no
HPRT1	19	0.905263	no
HPS1	19	0.967969	no
HPS3	19	0.964912	no
HPS4	19	0.937253	no
HPS5	19	0.985953	no
HPS6	19	0.890798	no
HPSE	19	0.858648	no
HPSE2	19	0.860026	no
HPX	19	0.460760	no
HR	19	0.602882	no
HRAS	19	0.945614	no
HRC	19	0.597628	no
HRCT1	19	0.858925	no
HRG	19	0.434882	no
HRH1	19	0.931988	no
HRH2	19	0.899825	no
HRH3	19	0.834916	no
HRH4	19	0.813586	no
HRK	19	0.782880	no
HRNR	19	0.867925	no
HROB	19	0.950603	no
HRURF	13	nan	yes
HS1BP3	19	0.985520	no
HS2ST1	19	0.791228	no
HS3ST1	19	0.786655	no
HS3ST2	19	0.802651	no
HS3ST3A1	19	0.946673	no
HS3ST3B1	16	0.961001	no
HS3ST4	19	0.741950	no
HS3ST5	19	0.942005	no
HS3ST6	19	0.620481	no
HS6ST1	19	0.945614	no
HS6ST2	19	0.894159	no
HS6ST3	19	0.942519	no
HSBP1	19	0.968421	no
HSBP1L1	19	0.936376	no
HSCB	19	0.870175	no
HSD11B1	19	0.844327	no
HSD11B1L	19	0.977869	no
HSD11B2	19	0.784021	no
HSD17B1	19	0.813941	no
HSD17B10	19	0.977193	no
HSD17B11	19	0.968421	no
HSD17B12	19	0.842105	no
HSD17B13	19	0.899823	no
HSD17B14	19	0.961825	no
HSD17B2	19	0.780677	no
HSD17B3	19	0.842241	no
HSD17B4	19	0.910526	no
HSD17B6	19	0.914249	no
HSD17B7	19	0.882741	no
HSD17B8	19	0.882843	no
HSD3B1	19	0.862202	no
HSD3B2	19	0.894229	no
HSD3B7	19	0.869184	no
HSDL1	19	0.889864	no
HSDL2	19	0.971930	no
HSF1	19	0.948594	no
HSF2	19	0.967969	no
HSF2BP	19	0.929355	no
HSF4	19	0.959649	no
HSF5	19	0.906449	no
HSFX1	19	0.792118	no
HSFX2	13	nan	yes
HSFX3	19	0.620652	no
HSFX4	16	0.500000	no
HSFY1	19	nan	no
HSFY2	16	1.000000	yes
HSH2D	19	0.972296	no
HSP90AA1	19	0.931579	no
HSP90AB1	19	0.901754	no
HSP90B1	19	0.926316	no
HSPA12A	19	0.973684	no
HSPA12B	19	0.554555	no
HSPA13	19	0.891228	no
HSPA14	16	0.947059	no
HSPA1A	19	0.926231	no
HSPA1B	19	0.843845	no
HSPA1L	19	0.885321	no
HSPA2	19	0.908772	no
HSPA4	19	0.885476	no
HSPA4L	19	0.982456	no
HSPA5	19	0.964912	no
HSPA6	19	0.790062	no
HSPA8	19	0.977193	no
HSPA9	19	0.838087	no
HSPB1	19	0.971930	no
HSPB11	19	0.942519	no
HSPB2	19	1.000000	no
HSPB3	19	0.818055	no
HSPB6	19	0.675129	no
HSPB7	19	0.621257	no
HSPB8	19	0.948617	no
HSPB9	19	0.763636	no
HSPBAP1	19	0.971930	no
HSPBP1	19	0.988586	no
HSPD1	19	0.871930	no
HSPE1	19	0.935088	no
HSPG2	19	0.871435	no
HSPH1	19	0.894737	no
HTATIP2	19	0.947368	no
HTATSF1	19	0.945566	no
HTD2	19	0.769924	no
HTN1	19	nan	no
HTN3	19	0.422318	no
HTR1A	19	1.000000	no
HTR1B	19	0.870987	no
HTR1D	19	0.870153	no
HTR1E	19	0.941904	no
HTR1F	19	0.883746	no
HTR2A	19	0.940208	no
HTR2B	19	0.983282	no
HTR2C	19	0.870371	no
HTR3A	19	0.661331	no
HTR3B	19	0.768012	no
HTR3C	19	0.967107	no
HTR3D	19	1.000000	no
HTR3E	19	0.832963	no
HTR4	19	0.831937	no
HTR5A	19	0.994839	no
HTR6	19	0.865486	no
HTR7	19	0.938394	no
HTRA1	19	0.921457	no
HTRA2	19	0.949956	no
HTRA3	19	0.784846	no
HTRA4	19	0.992077	no
HTT	19	0.733333	no
HUNK	19	0.840071	no
HUS1	19	0.952632	no
HUS1B	19	nan	yes
HUWE1	19	0.782456	no
HVCN1	19	0.983765	no
HYAL1	19	0.930233	no
HYAL2	19	0.906936	no
HYAL3	19	0.798767	no
HYAL4	19	0.901053	no
HYCC1	19	0.933333	no
HYCC2	19	0.991228	no
HYDIN	19	0.960492	no
HYI	19	0.944274	no
HYKK	19	0.851624	no
HYLS1	19	0.881063	no
HYOU1	19	0.817025	no
HYPK	19	0.657430	no
IAH1	19	0.922807	no
IAPP	19	0.826668	no
IARS1	19	0.907018	no
IARS2	19	0.817544	no
IBA57	19	0.873574	no
IBSP	19	0.788024	no
IBTK	19	0.908772	no
ICA1	19	0.887719	no
ICA1L	19	0.957895	no
ICAM1	19	0.933743	no
ICAM2	19	0.940195	no
ICAM3	19	0.964912	no
ICAM4	19	0.968744	no
ICAM5	19	0.858423	no
ICE1	19	0.866550	no
ICE2	19	0.967969	no
ICMT	19	0.851251	no
ICOS	19	0.910585	no
ICOSLG	19	0.881236	no
ID1	19	0.937665	no
ID2	19	0.947368	no
ID3	19	0.927024	no
ID4	19	0.888793	no
IDE	19	0.832821	no
IDH1	19	0.812637	no
IDH2	19	0.859649	no
IDH3A	19	0.989474	no
IDH3B	19	0.976744	no
IDH3G	19	0.966667	no
IDI1	19	0.942105	no
IDI2	19	0.797603	no
IDNK	19	0.972356	no
IDO1	19	0.660178	no
IDO2	19	0.869164	no
IDS	19	0.907018	no
IDUA	19	0.869184	no
IER2	19	0.926316	no
IER3	19	0.966213	no
IER3IP1	19	0.928571	no
IER5	19	0.924495	no
IER5L	19	0.897188	no
IFFO1	19	0.978947	no
IFFO2	19	0.971930	no
IFI16	19	0.971930	no
IFI27	19	0.657884	no
IFI27L1	19	0.962248	no
IFI27L2	19	0.968846	no
IFI30	19	0.923050	no
IFI35	19	0.911326	no
IFI44	19	0.926316	no
IFI44L	19	0.800351	no
IFI6	19	0.908772	no
IFIH1	19	0.932865	no
IFIT1	19	0.898156	no
IFIT1B	19	0.821569	no
IFIT2	19	0.785777	no
IFIT3	19	0.694030	no
IFIT5	19	0.940351	no
IFITM1	19	0.915129	no
IFITM10	19	0.963463	no
IFITM2	19	0.868421	no
IFITM3	19	0.882456	no
IFITM5	16	-0.066667	no
IFNA1	13	nan	yes
IFNA10	16	nan	yes
IFNA13	16	nan	no
IFNA14	16	nan	yes
IFNA16	16	nan	yes
IFNA17	16	nan	yes
IFNA2	16	nan	yes
IFNA21	16	1.000000	yes
IFNA4	16	nan	yes
IFNA5	19	nan	no
IFNA6	16	nan	no
IFNA7	16	nan	yes
IFNA8	16	nan	yes
IFNAR1	19	0.924561	no
IFNAR2	19	0.869221	no
IFNB1	16	0.632924	no
IFNE	19	0.500000	no
IFNG	19	0.949704	no
IFNGR1	19	0.994737	no
IFNGR2	19	0.957438	no
IFNK	19	0.616802	no
IFNL1	19	0.700604	no
IFNL2	16	1.000000	yes
IFNL3	16	-0.066667	no
IFNLR1	19	0.959649	no
IFNW1	16	1.000000	yes
IFRD1	19	0.936123	no
IFRD2	19	0.967969	no
IFT122	19	0.925845	no
IFT140	19	0.960948	no
IFT172	19	0.991228	no
IFT20	19	0.991228	no
IFT22	19	0.984211	no
IFT27	19	0.953867	no
IFT43	19	0.992982	no
IFT46	19	0.892011	no
IFT52	19	0.956140	no
IFT57	19	0.952172	no
IFT74	19	0.963158	no
IFT80	19	0.945199	no
IFT81	19	0.954805	no
IFT88	19	0.949123	no
IFTAP	19	0.985965	no
IGBP1	19	0.944274	no
IGDCC3	19	0.938257	no
IGDCC4	19	0.926435	no
IGF1	19	0.809598	no
IGF1R	19	0.985965	no
IGF2	16	0.563626	no
IGF2BP1	19	0.708608	no
IGF2BP2	19	0.947784	no
IGF2BP3	19	0.952632	no
IGF2R	19	0.982010	no
IGFALS	19	0.676928	no
IGFBP1	19	0.751435	no
IGFBP2	19	0.712281	no
IGFBP3	19	0.804664	no
IGFBP4	19	0.880492	no
IGFBP5	19	0.702371	no
IGFBP6	19	0.698420	no
IGFBP7	19	0.921053	no
IGFBPL1	19	0.930581	no
IGFL1	19	0.486811	no
IGFL2	16	0.893734	no
IGFL3	19	0.921005	no
IGFL4	19	0.939482	no
IGFLR1	19	0.970084	no
IGFN1	19	0.780716	no
IGHA1	19	0.925958	no
IGHA2	19	0.866119	no
IGHD1-1	16	nan	yes
IGHE	19	1.000000	no
IGHG1	19	0.891302	no
IGHG2	19	0.963814	no
IGHG4	19	0.886311	no
IGHJ1	16	nan	yes
IGHM	19	0.935032	no
IGHMBP2	19	0.855639	no
IGHV1-18	19	0.816830	no
IGHV1-2	19	0.998456	no
IGHV1-24	19	1.000000	yes
IGHV1-3	16	1.000000	no
IGHV1-45	16	nan	yes
IGHV1-46	19	0.726483	no
IGHV1-58	16	nan	yes
IGHV1-69	19	nan	yes
IGHV1-69-2	19	nan	no
IGHV1-69D	19	0.685717	no
IGHV2-26	16	0.683130	no
IGHV2-5	19	0.790895	no
IGHV2-70	16	0.816982	no
IGHV2-70D	19	nan	yes
IGHV3-11	19	0.610368	no
IGHV3-13	19	1.000000	yes
IGHV3-15	19	0.816830	no
IGHV3-16	16	nan	yes
IGHV3-20	19	nan	yes
IGHV3-21	19	0.685717	no
IGHV3-23	19	0.856739	no
IGHV3-30	19	0.687184	no
IGHV3-33	19	0.820531	no
IGHV3-35	16	nan	yes
IGHV3-38	16	nan	yes
IGHV3-43	16	0.683130	no
IGHV3-48	19	0.726483	no
IGHV3-49	19	0.687184	no
IGHV3-53	19	nan	no
IGHV3-64	19	nan	yes
IGHV3-64D	19	nan	no
IGHV3-66	16	nan	no
IGHV3-7	19	0.726483	no
IGHV3-72	19	nan	no
IGHV3-73	19	nan	no
IGHV3-74	19	0.792629	no
IGHV4-28	19	nan	yes
IGHV4-31	16	1.000000	yes
IGHV4-34	19	1.000000	no
IGHV4-39	19	0.996546	no
IGHV4-4	19	nan	no
IGHV4-59	19	0.320396	no
IGHV4-61	19	0.687184	no
IGHV5-10-1	19	0.508640	no
IGHV5-51	19	0.544862	no
IGHV6-1	19	0.726483	no
IGHV7-4-1	16	nan	no
IGHV7-81	16	nan	yes
IGIP	19	0.969272	no
IGKJ1	16	nan	yes
IGKV1-12	16	nan	no
IGKV1-16	19	nan	no
IGKV1-17	19	0.610368	no
IGKV1-27	19	1.000000	yes
IGKV1-33	16	nan	yes
IGKV1-37	16	nan	yes
IGKV1-39	19	nan	yes
IGKV1-5	19	0.819823	no
IGKV1-6	19	nan	no
IGKV1-8	19	nan	no
IGKV1-9	19	-0.101728	no
IGKV1D-12	16	nan	yes
IGKV1D-13	19	0.687184	no
IGKV1D-16	16	nan	yes
IGKV1D-17	19	nan	no
IGKV1D-33	19	nan	yes
IGKV1D-37	16	nan	yes
IGKV1D-39	19	nan	yes
IGKV1D-42	16	nan	yes
IGKV1D-43	16	1.000000	yes
IGKV1D-8	19	nan	yes
IGKV2-24	16	nan	yes
IGKV2-28	16	nan	yes
IGKV2-30	19	nan	no
IGKV2-40	16	nan	yes
IGKV2D-24	16	nan	yes
IGKV2D-26	16	nan	no
IGKV2D-28	19	nan	yes
IGKV2D-29	16	1.000000	no
IGKV2D-30	16	1.000000	yes
IGKV2D-40	16	nan	yes
IGKV3-11	19	0.784469	no
IGKV3-15	19	nan	yes
IGKV3-20	19	0.839254	no
IGKV3-7	16	nan	yes
IGKV3D-11	16	0.995227	no
IGKV3D-15	16	nan	no
IGKV3D-20	16	0.852648	no
IGKV3D-7	16	nan	yes
IGKV4-1	19	0.994845	no
IGKV5-2	19	nan	yes
IGKV6-21	16	nan	yes
IGKV6D-21	16	nan	yes
IGKV6D-41	16	1.000000	yes
IGLC2	19	0.992155	no
IGLC3	19	0.968232	no
IGLJ1	16	nan	yes
IGLL1	19	0.940381	no
IGLL5	19	0.912773	no
IGLON5	19	0.908763	no
IGLV1-36	16	nan	yes
IGLV1-40	19	0.800855	no
IGLV1-44	19	0.609704	no
IGLV1-47	19	0.999270	no
IGLV1-50	16	nan	yes
IGLV1-51	19	0.838870	no
IGLV10-54	19	0.976605	no
IGLV11-55	16	nan	no
IGLV2-11	19	0.994887	no
IGLV2-14	19	0.920050	no
IGLV2-18	19	0.687184	no
IGLV2-23	19	0.695427	no
IGLV2-33	16	nan	yes
IGLV2-8	19	0.874862	no
IGLV3-1	19	0.909730	no
IGLV3-10	19	0.792629	no
IGLV3-12	16	nan	no
IGLV3-16	16	1.000000	no
IGLV3-19	19	0.929136	no
IGLV3-21	19	0.988387	no
IGLV3-22	16	nan	yes
IGLV3-25	19	0.827172	no
IGLV3-27	19	0.998456	no
IGLV3-32	16	nan	yes
IGLV3-9	19	0.703704	no
IGLV4-3	16	1.000000	yes
IGLV4-60	19	0.726483	no
IGLV4-69	16	0.909848	no
IGLV5-37	16	nan	yes
IGLV5-45	19	nan	yes
IGLV5-48	19	0.687184	no
IGLV5-52	19	0.998912	no
IGLV6-57	19	0.740737	no
IGLV7-43	16	1.000000	yes
IGLV7-46	16	0.988908	no
IGLV8-61	19	1.000000	no
IGLV9-49	19	0.396315	no
IGSF1	19	0.911935	no
IGSF10	19	0.901668	no
IGSF11	19	0.917032	no
IGSF21	19	0.836509	no
IGSF22	19	0.895825	no
IGSF23	19	0.945455	no
IGSF3	19	0.953468	no
IGSF5	19	0.976704	no
IGSF6	19	0.968656	no
IGSF8	19	0.984211	no
IGSF9	19	0.871912	no
IGSF9B	19	0.977583	no
IHH	19	0.864573	no
IHO1	19	0.949495	no
IK	19	0.907018	no
IKBIP	19	0.907416	no
IKBKB	19	0.968421	no
IKBKE	19	0.769636	no
IKBKG	19	0.956980	no
IKZF1	19	0.957344	no
IKZF2	19	0.931579	no
IKZF3	19	0.957381	no
IKZF4	19	0.882456	no
IKZF5	19	0.963158	no
IL10	19	0.898790	no
IL10RA	19	0.983297	no
IL10RB	19	0.967091	no
IL11	19	0.821468	no
IL11RA	19	0.877600	no
IL12A	19	0.805008	no
IL12B	19	0.935246	no
IL12RB1	19	0.926873	no
IL12RB2	19	0.892888	no
IL13	19	0.914173	no
IL13RA1	19	0.917544	no
IL13RA2	19	0.717454	no
IL15	19	0.834577	no
IL15RA	19	0.896491	no
IL16	19	0.957438	no
IL17A	19	0.705887	no
IL17B	19	0.935484	no
IL17C	19	0.790486	no
IL17D	19	0.914097	no
IL17F	19	0.784198	no
IL17RA	19	0.884211	no
IL17RB	19	0.843517	no
IL17RC	19	0.910547	no
IL17RD	19	0.822340	no
IL17RE	19	0.960070	no
IL18	19	0.968421	no
IL18BP	19	0.956484	no
IL18R1	19	0.959579	no
IL18RAP	19	0.867647	no
IL19	19	0.762416	no
IL1A	19	0.928662	no
IL1B	19	0.938888	no
IL1F10	16	nan	no
IL1R1	19	0.960070	no
IL1R2	19	0.962954	no
IL1RAP	19	0.943860	no
IL1RAPL1	19	0.880702	no
IL1RAPL2	19	0.950834	no
IL1RL1	19	0.858686	no
IL1RL2	19	0.920579	no
IL1RN	19	0.840787	no
IL2	19	0.769919	no
IL20	19	0.894040	no
IL20RA	19	0.885176	no
IL20RB	19	0.933570	no
IL21	19	1.000000	no
IL21R	19	0.850905	no
IL22	16	0.627577	no
IL22RA1	19	0.861598	no
IL22RA2	19	0.570351	no
IL23A	19	0.934066	no
IL23R	19	0.923678	no
IL24	19	0.911520	no
IL25	19	1.000000	no
IL26	19	0.869443	no
IL27	19	0.784791	no
IL27RA	19	0.937030	no
IL2RA	19	0.851208	no
IL2RB	19	0.836769	no
IL2RG	19	0.920171	no
IL3	16	nan	no
IL31	19	1.000000	yes
IL31RA	19	0.900046	no
IL32	19	0.908652	no
IL33	19	0.726112	no
IL34	19	0.755595	no
IL36A	16	nan	no
IL36B	19	0.622776	no
IL36G	19	0.573121	no
IL36RN	16	0.617213	no
IL37	19	0.333333	no
IL3RA	19	0.912281	no
IL4	19	0.966529	no
IL4I1	19	0.886593	no
IL4R	19	0.933333	no
IL5	19	0.853616	no
IL5RA	19	0.981781	no
IL6	19	0.902913	no
IL6R	19	0.982456	no
IL6ST	19	0.955682	no
IL7	19	0.889474	no
IL7R	19	0.918206	no
IL9	19	nan	no
IL9R	19	0.833633	no
ILDR1	19	0.899947	no
ILDR2	19	0.892999	no
ILF2	19	0.963158	no
ILF3	19	0.985965	no
ILK	19	0.936842	no
ILKAP	19	0.784899	no
ILRUN	19	0.940351	no
ILVBL	19	0.877193	no
IMMP1L	19	0.973684	no
IMMP2L	19	0.908772	no
IMMT	19	0.887719	no
IMP3	19	0.991228	no
IMP4	19	0.969724	no
IMPA1	19	0.901754	no
IMPA2	19	0.885965	no
IMPACT	19	0.828283	no
IMPDH1	19	0.929825	no
IMPDH2	19	0.854634	no
IMPG1	19	0.886922	no
IMPG2	19	0.905180	no
INA	19	0.805459	no
INAFM1	19	0.907814	no
INAFM2	19	0.945079	no
INAVA	19	0.933226	no
INCA1	19	0.772531	no
INCENP	19	0.831796	no
INF2	19	0.893673	no
ING1	19	0.964912	no
ING2	19	0.963158	no
ING3	19	0.937088	no
ING4	19	0.912281	no
ING5	19	0.744186	no
INHA	19	0.904148	no
INHBA	19	0.900791	no
INHBB	19	0.841714	no
INHBC	19	0.791239	no
INHBE	19	0.731998	no
INIP	19	0.853006	no
INKA2	19	0.966198	no
INMT	19	0.926875	no
INO80	19	0.871435	no
INO80B	19	0.937695	no
INO80C	19	0.949625	no
INO80D	19	0.953050	no
INO80E	19	0.886304	no
INPP1	19	0.940351	no
INPP4A	19	0.963158	no
INPP4B	19	0.961404	no
INPP5A	19	0.935088	no
INPP5B	19	0.915314	no
INPP5D	19	0.929193	no
INPP5E	19	0.949539	no
INPP5F	19	0.947368	no
INPP5J	19	0.952905	no
INPP5K	19	0.896491	no
INPPL1	19	0.991228	no
INS	16	0.616236	no
INS-IGF2	13	0.735980	no
INSC	19	0.939717	no
INSIG1	19	0.967091	no
INSIG2	19	0.756140	no
INSL3	19	0.868259	no
INSL4	19	1.000000	no
INSL5	19	0.808387	no
INSL6	19	0.782800	no
INSM1	19	0.928470	no
INSM2	16	0.864143	no
INSR	19	0.850877	no
INSRR	19	0.917535	no
INSYN1	19	0.935842	no
INSYN2A	19	0.943762	no
INSYN2B	19	0.956735	no
INTS1	19	0.805263	no
INTS10	19	0.978947	no
INTS11	19	0.888109	no
INTS12	19	0.573684	no
INTS13	19	0.877086	no
INTS14	19	0.978947	no
INTS15	19	0.854633	no
INTS2	19	0.789474	no
INTS3	19	0.943810	no
INTS4	19	0.982456	no
INTS5	19	0.912204	no
INTS6	19	0.614035	no
INTS6L	19	0.926316	no
INTS7	19	0.906936	no
INTS8	19	0.964458	no
INTS9	19	0.943396	no
INTU	19	0.984211	no
INVS	19	0.929825	no
IP6K1	19	0.968421	no
IP6K2	19	0.950877	no
IP6K3	19	0.929721	no
IPCEF1	19	0.922130	no
IPMK	19	0.910526	no
IPO11	19	0.805263	no
IPO13	19	0.961404	no
IPO4	19	0.922362	no
IPO5	19	0.941641	no
IPO7	19	0.871930	no
IPO8	19	0.814035	no
IPO9	19	0.954386	no
IPP	19	0.961404	no
IPPK	19	0.947738	no
IQANK1	19	0.919249	no
IQCA1	19	0.971882	no
IQCA1L	19	0.707796	no
IQCB1	19	0.968421	no
IQCC	19	0.944910	no
IQCD	19	0.857645	no
IQCE	19	0.961825	no
IQCF1	19	0.628909	no
IQCF2	19	nan	no
IQCF3	19	0.750432	no
IQCF5	16	nan	no
IQCF6	16	nan	yes
IQCG	19	0.989474	no
IQCH	19	0.982456	no
IQCJ	16	0.755764	no
IQCJ-SCHIP1	16	0.932353	no
IQCK	19	0.994737	no
IQCM	19	0.867594	no
IQCN	19	0.980255	no
IQGAP1	19	0.984211	no
IQGAP2	19	0.971930	no
IQGAP3	19	0.417593	no
IQSEC1	19	0.956140	no
IQSEC2	19	0.985965	no
IQSEC3	19	0.957204	no
IQUB	19	0.970175	no
IRAG1	19	0.963470	no
IRAG2	19	0.965744	no
IRAK1	19	0.943347	no
IRAK1BP1	19	0.975439	no
IRAK2	19	0.902150	no
IRAK3	19	0.942932	no
IRAK4	19	0.950877	no
IREB2	19	0.973684	no
IRF1	19	0.896491	no
IRF2	19	0.968421	no
IRF2BP1	19	0.927129	no
IRF2BP2	19	0.991228	no
IRF2BPL	19	0.894737	no
IRF3	19	0.922807	no
IRF4	19	0.934290	no
IRF5	19	0.915314	no
IRF6	19	0.871298	no
IRF7	19	0.875823	no
IRF8	19	0.911822	no
IRF9	19	0.855463	no
IRGC	19	nan	no
IRGM	19	0.824206	no
IRGQ	19	0.873624	no
IRS1	19	0.955682	no
IRS2	19	0.835088	no
IRS4	19	0.786114	no
IRX1	19	0.804318	no
IRX2	19	0.794229	no
IRX3	19	0.674170	no
IRX4	19	0.482350	no
IRX5	19	0.742475	no
IRX6	19	0.928742	no
ISCA1	19	0.987719	no
ISCA2	19	0.970175	no
ISCU	19	0.957895	no
ISG15	19	0.896491	no
ISG20	19	0.983765	no
ISG20L2	19	0.947784	no
ISL1	19	0.678413	no
ISL2	19	0.759174	no
ISLR	19	0.879781	no
ISLR2	19	0.876422	no
ISM1	19	0.726394	no
ISM2	19	0.914312	no
ISOC1	19	0.957438	no
ISOC2	19	0.952172	no
IST1	19	0.950877	no
ISX	19	0.939215	no
ISY1	19	0.988101	no
ISYNA1	19	0.934153	no
ITCH	19	0.930931	no
ITFG1	19	0.931579	no
ITFG2	19	0.978947	no
ITGA1	19	0.905263	no
ITGA10	19	0.911494	no
ITGA11	19	0.850389	no
ITGA2	19	0.942933	no
ITGA2B	19	0.629680	no
ITGA3	19	0.885965	no
ITGA4	19	0.985501	no
ITGA5	19	0.885476	no
ITGA6	19	0.933333	no
ITGA7	19	0.941641	no
ITGA8	19	0.846221	no
ITGA9	19	0.931110	no
ITGAD	19	0.901598	no
ITGAE	19	0.961404	no
ITGAL	19	0.989011	no
ITGAM	19	0.961758	no
ITGAV	19	0.914035	no
ITGAX	19	0.874232	no
ITGB1	19	0.984211	no
ITGB1BP1	19	0.847368	no
ITGB1BP2	19	0.789238	no
ITGB2	19	0.886255	no
ITGB3	19	1.000000	no
ITGB3BP	19	0.947784	no
ITGB4	19	0.836556	no
ITGB5	19	0.843860	no
ITGB6	19	0.758741	no
ITGB7	19	0.851494	no
ITGB8	19	0.916557	no
ITGBL1	19	0.769974	no
ITIH1	19	0.429538	no
ITIH2	19	0.721048	no
ITIH3	19	0.760625	no
ITIH4	19	0.920231	no
ITIH6	19	0.906752	no
ITK	19	0.928983	no
ITLN1	19	0.635804	no
ITLN2	19	0.733603	no
ITM2A	19	0.912127	no
ITM2B	19	0.952632	no
ITM2C	19	0.936842	no
ITPA	19	0.885965	no
ITPK1	19	0.912625	no
ITPKA	19	0.878368	no
ITPKB	19	0.917544	no
ITPKC	19	0.885965	no
ITPR1	19	0.947368	no
ITPR2	19	0.959649	no
ITPR3	19	0.940712	no
ITPRID1	19	0.903228	no
ITPRID2	19	0.963158	no
ITPRIP	19	0.994737	no
ITPRIPL1	19	0.892777	no
ITPRIPL2	19	0.884763	no
ITSN1	19	0.984211	no
ITSN2	19	0.971930	no
IVD	19	0.960948	no
IVL	19	0.430413	no
IVNS1ABP	19	0.987719	no
IWS1	19	0.964912	no
IYD	19	0.894256	no
IZUMO1	19	0.658756	no
IZUMO1R	16	0.730297	no
IZUMO2	19	0.895395	no
IZUMO3	19	0.726483	no
IZUMO4	19	0.791923	no
JADE1	19	0.944274	no
JADE2	19	0.871930	no
JADE3	19	0.933333	no
JAG1	19	0.974989	no
JAG2	19	0.945447	no
JAGN1	19	0.992541	no
JAK1	19	0.970175	no
JAK2	19	0.891228	no
JAK3	19	0.969670	no
JAKMIP1	19	0.855894	no
JAKMIP2	19	0.885965	no
JAKMIP3	19	0.941074	no
JAM2	19	0.858903	no
JAM3	19	0.973684	no
JAML	19	0.896522	no
JARID2	19	0.975439	no
JAZF1	19	0.971930	no
JCAD	19	0.868726	no
JCHAIN	19	0.924000	no
JDP2	19	0.966667	no
JHY	19	0.950791	no
JKAMP	19	0.845478	no
JMJD1C	19	0.940351	no
JMJD4	19	0.951295	no
JMJD6	19	0.927600	no
JMJD7	19	0.815908	no
JMJD8	19	0.975439	no
JMY	19	0.908772	no
JOSD1	19	0.983765	no
JOSD2	19	0.931519	no
JPH1	19	0.981116	no
JPH2	19	0.842871	no
JPH3	19	0.903230	no
JPH4	19	0.861080	no
JPT1	19	0.972356	no
JPT2	19	0.957895	no
JRK	19	0.784211	no
JRKL	19	0.835821	no
JSRP1	19	0.978452	no
JTB	19	0.838965	no
JUN	19	0.907018	no
JUNB	19	0.933333	no
JUND	19	0.912281	no
JUP	19	0.945614	no
KALRN	19	0.928070	no
KANK1	19	0.964912	no
KANK2	19	0.957438	no
KANK3	19	0.766257	no
KANK4	19	0.728246	no
KANSL1	19	0.987719	no
KANSL1L	19	0.954386	no
KANSL2	19	0.860782	no
KANSL3	19	0.982456	no
KARS1	19	0.963581	no
KASH5	19	0.817280	no
KAT14	19	0.952632	no
KAT2A	19	0.936376	no
KAT2B	19	0.938596	no
KAT5	19	0.958736	no
KAT6A	19	0.942105	no
KAT6B	19	0.970175	no
KAT7	19	0.959649	no
KAT8	19	0.947368	no
KATNA1	19	0.940351	no
KATNAL1	19	0.900000	no
KATNAL2	19	0.968421	no
KATNB1	19	0.928885	no
KATNBL1	19	0.914035	no
KATNIP	19	0.994737	no
KAZALD1	19	0.762735	no
KAZN	19	0.949123	no
KBTBD11	19	0.920476	no
KBTBD12	19	0.900791	no
KBTBD13	16	0.843816	no
KBTBD2	19	0.942105	no
KBTBD3	19	0.942105	no
KBTBD4	19	0.887457	no
KBTBD6	19	0.938104	no
KBTBD7	19	0.978499	no
KBTBD8	19	0.991652	no
KCMF1	19	0.915789	no
KCNA1	19	1.000000	no
KCNA10	16	nan	yes
KCNA2	19	0.929572	no
KCNA3	19	0.987297	no
KCNA4	19	0.884279	no
KCNA5	19	0.915783	no
KCNA6	16	nan	yes
KCNA7	19	0.701650	no
KCNAB1	19	0.841495	no
KCNAB2	19	0.978947	no
KCNAB3	19	0.780123	no
KCNB1	19	0.780085	no
KCNB2	19	0.789799	no
KCNC1	19	0.875439	no
KCNC2	19	0.890857	no
KCNC3	19	0.984211	no
KCNC4	19	0.826316	no
KCND1	19	0.956929	no
KCND2	19	0.842475	no
KCND3	19	0.974989	no
KCNE1	19	0.996048	no
KCNE2	19	0.935555	no
KCNE3	19	0.954226	no
KCNE4	19	0.931156	no
KCNE5	19	0.737327	no
KCNF1	19	0.739167	no
KCNG1	19	0.867315	no
KCNG2	19	0.955147	no
KCNG3	19	0.830106	no
KCNG4	19	0.472688	no
KCNH1	19	0.908253	no
KCNH2	19	0.907276	no
KCNH3	19	0.950209	no
KCNH4	19	0.969348	no
KCNH5	19	0.958347	no
KCNH6	19	0.926667	no
KCNH7	19	0.940507	no
KCNH8	19	0.797191	no
KCNIP1	19	0.935413	no
KCNIP2	19	0.957685	no
KCNIP3	19	0.926057	no
KCNIP4	19	0.819298	no
KCNJ1	19	0.955605	no
KCNJ10	19	0.910251	no
KCNJ11	19	0.734161	no
KCNJ12	19	0.872974	no
KCNJ13	19	0.914059	no
KCNJ14	19	0.815628	no
KCNJ15	19	0.916781	no
KCNJ16	19	0.883355	no
KCNJ18	19	0.726483	no
KCNJ2	19	0.960793	no
KCNJ3	19	0.958736	no
KCNJ4	19	0.778694	no
KCNJ5	19	0.899424	no
KCNJ6	19	0.937968	no
KCNJ8	19	0.862115	no
KCNJ9	19	0.858084	no
KCNK1	19	0.977154	no
KCNK10	19	0.914387	no
KCNK12	19	0.945472	no
KCNK13	19	0.941850	no
KCNK15	19	0.945956	no
KCNK16	19	0.839254	no
KCNK17	19	0.410029	no
KCNK18	19	0.687184	no
KCNK2	19	0.873227	no
KCNK3	19	0.830824	no
KCNK4	19	0.880003	no
KCNK5	19	0.925935	no
KCNK6	19	0.917544	no
KCNK7	19	0.861720	no
KCNK9	19	0.882275	no
KCNMA1	19	0.789474	no
KCNMB1	19	0.831798	no
KCNMB2	19	0.905718	no
KCNMB3	19	0.929763	no
KCNMB4	19	0.896794	no
KCNN1	19	0.708443	no
KCNN2	19	0.804153	no
KCNN3	19	0.855639	no
KCNN4	19	0.918801	no
KCNQ1	19	0.912281	no
KCNQ2	19	0.948968	no
KCNQ3	19	0.963549	no
KCNQ4	19	0.912528	no
KCNQ5	19	0.945614	no
KCNRG	19	0.802736	no
KCNS1	19	0.940020	no
KCNS2	19	0.919099	no
KCNS3	19	0.907773	no
KCNT1	19	0.815328	no
KCNT2	19	0.899034	no
KCNU1	19	0.869809	no
KCNV1	19	0.989623	no
KCNV2	19	0.884193	no
KCP	19	0.892497	no
KCTD1	19	0.939008	no
KCTD10	19	0.886354	no
KCTD11	19	0.914174	no
KCTD12	19	0.955682	no
KCTD13	19	0.928007	no
KCTD14	19	0.911707	no
KCTD15	19	0.887423	no
KCTD16	19	0.929293	no
KCTD17	19	0.965245	no
KCTD18	19	0.978947	no
KCTD19	19	0.921958	no
KCTD2	19	0.731579	no
KCTD20	19	0.940737	no
KCTD21	19	0.863916	no
KCTD3	19	0.935088	no
KCTD4	19	0.970557	no
KCTD5	19	0.968792	no
KCTD6	19	0.864414	no
KCTD7	19	0.922270	no
KCTD8	19	0.970524	no
KCTD9	19	0.961404	no
KDELR1	19	0.942519	no
KDELR2	19	0.954225	no
KDELR3	19	0.817942	no
KDF1	19	0.952850	no
KDM1A	19	0.854386	no
KDM1B	19	0.976744	no
KDM2A	19	0.959649	no
KDM2B	19	0.980702	no
KDM3A	19	0.946029	no
KDM3B	19	0.963158	no
KDM4A	19	0.942427	no
KDM4B	19	0.929355	no
KDM4C	19	0.892982	no
KDM4D	19	0.948109	no
KDM4E	19	0.687184	no
KDM5A	19	0.943860	no
KDM5B	19	0.863158	no
KDM5C	19	0.957858	no
KDM5D	19	0.837517	no
KDM6A	19	0.968421	no
KDM6B	19	0.907018	no
KDM7A	19	0.982456	no
KDM8	19	0.958131	no
KDR	19	0.643399	no
KDSR	19	0.947784	no
KEAP1	19	0.964912	no
KEL	19	0.761274	no
KERA	16	0.730297	no
KHDC1	19	0.931110	no
KHDC1L	19	0.998456	no
KHDC3L	16	0.924141	no
KHDC4	19	0.873684	no
KHDRBS1	19	0.952632	no
KHDRBS2	19	0.965305	no
KHDRBS3	19	0.840351	no
KHK	19	0.939421	no
KHNYN	19	0.933333	no
KHSRP	19	0.987275	no
KIAA0040	19	0.923550	no
KIAA0232	19	0.836842	no
KIAA0319	19	0.951252	no
KIAA0319L	19	0.970175	no
KIAA0408	19	0.818395	no
KIAA0513	19	0.966608	no
KIAA0586	19	0.962703	no
KIAA0753	19	0.978947	no
KIAA0825	19	0.992982	no
KIAA0930	19	0.980255	no
KIAA1143	19	0.948200	no
KIAA1191	19	0.973234	no
KIAA1210	19	0.625267	no
KIAA1217	19	0.935088	no
KIAA1328	19	0.978947	no
KIAA1522	19	0.946445	no
KIAA1549	19	0.933743	no
KIAA1549L	19	0.867751	no
KIAA1586	19	0.973684	no
KIAA1614	19	0.954269	no
KIAA1671	19	0.966667	no
KIAA1755	19	0.930729	no
KIAA1958	19	0.963158	no
KIAA2013	19	0.966667	no
KIAA2026	19	0.991228	no
KICS2	19	0.874726	no
KIDINS220	19	0.942105	no
KIF11	19	0.907611	no
KIF13A	19	0.966667	no
KIF13B	19	0.915789	no
KIF14	19	0.653989	no
KIF15	19	0.840852	no
KIF16B	19	0.957895	no
KIF17	19	0.977554	no
KIF18A	19	0.894113	no
KIF18B	19	0.636999	no
KIF19	19	0.916871	no
KIF1A	19	0.857060	no
KIF1B	19	0.963158	no
KIF1C	19	0.930641	no
KIF20A	19	0.650160	no
KIF20B	19	0.924090	no
KIF21A	19	0.940351	no
KIF21B	19	0.989882	no
KIF22	19	0.908772	no
KIF23	19	0.825285	no
KIF24	19	0.932397	no
KIF25	19	0.981762	no
KIF26A	19	0.901692	no
KIF26B	19	0.958139	no
KIF27	19	0.949123	no
KIF2A	19	0.936842	no
KIF2B	16	nan	no
KIF2C	19	0.677415	no
KIF3A	19	0.959649	no
KIF3B	19	0.958315	no
KIF3C	19	0.958279	no
KIF4A	19	0.327465	no
KIF4B	19	0.998060	no
KIF5A	19	0.859279	no
KIF5B	19	0.984211	no
KIF5C	19	0.954346	no
KIF6	19	0.956980	no
KIF7	19	0.819859	no
KIF9	19	0.940351	no
KIFAP3	19	0.840351	no
KIFBP	19	0.862599	no
KIFC1	19	0.711443	no
KIFC2	19	0.932397	no
KIFC3	19	0.834577	no
KIN	19	0.775439	no
KIR2DL1	19	0.687184	no
KIR2DL3	19	nan	yes
KIR2DL4	19	1.000000	no
KIR3DL1	19	1.000000	no
KIR3DL2	19	0.610368	no
KIRREL1	19	0.795865	no
KIRREL2	19	0.689634	no
KIRREL3	19	0.828569	no
KISS1	19	0.880951	no
KISS1R	19	0.822292	no
KIT	19	0.788757	no
KITLG	19	0.930111	no
KIZ	19	0.891228	no
KL	19	0.862824	no
KLB	19	0.940634	no
KLC1	19	0.935088	no
KLC2	19	0.992541	no
KLC3	19	0.849363	no
KLC4	19	0.944274	no
KLF1	19	0.757103	no
KLF10	19	0.743860	no
KLF11	19	0.930233	no
KLF12	19	0.957895	no
KLF13	19	0.938131	no
KLF14	19	0.781283	no
KLF15	19	0.966975	no
KLF16	19	0.984211	no
KLF17	19	0.768674	no
KLF18	16	nan	yes
KLF2	19	0.949539	no
KLF3	19	0.971930	no
KLF4	19	0.945151	no
KLF5	19	0.877193	no
KLF6	19	0.982456	no
KLF7	19	0.945614	no
KLF8	19	0.928822	no
KLF9	19	0.947368	no
KLHDC1	19	0.966667	no
KLHDC10	19	0.968421	no
KLHDC2	19	0.926316	no
KLHDC3	19	0.979377	no
KLHDC4	19	0.971479	no
KLHDC7A	19	0.876755	no
KLHDC7B	19	0.793709	no
KLHDC8A	19	0.724509	no
KLHDC8B	19	0.781922	no
KLHDC9	19	0.951691	no
KLHL1	19	0.931813	no
KLHL10	19	0.888989	no
KLHL11	19	0.973638	no
KLHL12	19	0.891228	no
KLHL13	19	0.916191	no
KLHL14	19	0.894691	no
KLHL15	19	0.766126	no
KLHL17	19	0.978041	no
KLHL18	19	0.936348	no
KLHL2	19	0.987719	no
KLHL20	19	0.891228	no
KLHL21	19	0.962703	no
KLHL22	19	0.971930	no
KLHL23	19	0.938596	no
KLHL24	19	0.966667	no
KLHL25	19	0.953050	no
KLHL26	19	0.799474	no
KLHL28	19	0.924561	no
KLHL29	19	0.905263	no
KLHL3	19	0.959649	no
KLHL30	19	0.962674	no
KLHL31	19	0.847885	no
KLHL32	19	0.968421	no
KLHL33	19	0.676343	no
KLHL34	19	0.922819	no
KLHL35	19	0.846795	no
KLHL36	19	0.933743	no
KLHL38	19	0.995652	no
KLHL4	19	0.892260	no
KLHL40	19	0.726483	no
KLHL41	19	0.853010	no
KLHL42	19	0.956140	no
KLHL5	19	0.805263	no
KLHL6	19	0.988124	no
KLHL7	19	0.868802	no
KLHL8	19	0.981132	no
KLHL9	19	0.865613	no
KLK1	19	0.872972	no
KLK10	19	0.693364	no
KLK11	19	0.637646	no
KLK12	19	0.570854	no
KLK13	19	0.363203	no
KLK14	19	0.878573	no
KLK15	19	0.912018	no
KLK2	19	0.643127	no
KLK3	19	0.572769	no
KLK4	19	0.814484	no
KLK5	19	0.390582	no
KLK6	19	0.689614	no
KLK7	19	0.514766	no
KLK8	19	0.592697	no
KLK9	16	nan	yes
KLKB1	19	0.876411	no
KLLN	19	0.996770	no
KLRB1	19	0.955930	no
KLRC1	19	0.691302	no
KLRC2	19	0.839335	no
KLRC3	19	0.993961	no
KLRC4	19	nan	no
KLRD1	19	0.949078	no
KLRF1	19	0.968547	no
KLRF2	19	0.830361	no
KLRG1	19	0.955682	no
KLRG2	19	0.834520	no
KLRK1	19	0.824105	no
KMO	19	0.978032	no
KMT2A	19	0.984211	no
KMT2B	19	0.866667	no
KMT2C	19	0.966667	no
KMT2D	19	0.936842	no
KMT2E	19	0.964912	no
KMT5A	19	0.976744	no
KMT5B	19	0.984211	no
KMT5C	19	0.833114	no
KNCN	19	0.874862	no
KNDC1	19	0.977134	no
KNG1	19	0.685344	no
KNL1	19	0.861282	no
KNOP1	19	0.716733	no
KNSTRN	19	0.855951	no
KNTC1	19	0.953050	no
KPNA1	19	0.971479	no
KPNA2	19	0.963158	no
KPNA3	19	0.931579	no
KPNA4	19	0.945151	no
KPNA5	19	0.992982	no
KPNA6	19	0.978947	no
KPNA7	19	0.942087	no
KPNB1	19	0.936842	no
KPRP	16	0.730297	no
KPTN	19	0.924462	no
KRAS	19	0.922807	no
KRBA1	19	0.945935	no
KRBA2	19	0.953942	no
KRBOX1	19	1.000000	no
KRBOX4	19	0.978929	no
KRBOX5	19	0.912281	no
KRCC1	19	0.935088	no
KREMEN1	19	0.942519	no
KREMEN2	19	0.732603	no
KRI1	19	0.889280	no
KRIT1	19	0.785590	no
KRR1	19	0.975439	no
KRT1	19	0.566420	no
KRT10	19	0.977193	no
KRT12	19	1.000000	yes
KRT13	19	0.278790	no
KRT14	19	0.590428	no
KRT15	19	0.381775	no
KRT16	19	0.497323	no
KRT17	19	0.690000	no
KRT18	19	0.866169	no
KRT19	19	0.707734	no
KRT2	19	0.874862	no
KRT20	19	0.668148	no
KRT222	19	0.779310	no
KRT23	19	0.746390	no
KRT24	19	0.225739	no
KRT25	19	nan	no
KRT26	19	0.687184	no
KRT27	19	0.912262	no
KRT28	19	nan	yes
KRT3	19	0.722276	no
KRT31	19	0.839254	no
KRT32	19	0.714862	no
KRT33A	16	nan	no
KRT33B	19	0.645763	no
KRT34	19	nan	no
KRT35	19	nan	no
KRT36	19	0.453586	no
KRT37	16	nan	yes
KRT38	16	nan	no
KRT39	19	0.687184	no
KRT4	19	0.292765	no
KRT40	19	0.609704	no
KRT5	19	0.443222	no
KRT6A	19	0.564801	no
KRT6B	19	0.585812	no
KRT6C	16	0.327465	no
KRT7	19	0.713466	no
KRT71	16	nan	no
KRT72	19	0.874862	no
KRT73	19	0.559503	no
KRT74	16	-0.066667	no
KRT75	19	1.000000	no
KRT76	19	nan	no
KRT77	19	0.500000	no
KRT78	19	0.426027	no
KRT79	19	0.500000	no
KRT8	19	0.858271	no
KRT80	19	0.730422	no
KRT81	16	0.223315	no
KRT82	19	1.000000	yes
KRT83	19	0.581424	no
KRT84	16	nan	no
KRT85	19	0.411129	no
KRT86	19	0.624340	no
KRT9	16	1.000000	no
KRTAP1-1	19	nan	yes
KRTAP1-3	16	nan	yes
KRTAP1-4	16	nan	yes
KRTAP1-5	19	nan	yes
KRTAP10-1	16	nan	yes
KRTAP10-10	13	1.000000	yes
KRTAP10-11	16	1.000000	yes
KRTAP10-12	16	1.000000	yes
KRTAP10-2	16	nan	no
KRTAP10-3	16	nan	yes
KRTAP10-4	19	0.907337	no
KRTAP10-5	16	nan	yes
KRTAP10-6	16	nan	yes
KRTAP10-7	16	1.000000	yes
KRTAP10-8	16	1.000000	yes
KRTAP10-9	16	1.000000	yes
KRTAP11-1	16	0.632924	no
KRTAP12-1	16	nan	yes
KRTAP12-2	16	nan	yes
KRTAP12-3	16	0.997775	no
KRTAP12-4	16	nan	yes
KRTAP13-1	16	nan	no
KRTAP13-2	16	nan	no
KRTAP13-3	16	nan	yes
KRTAP13-4	16	nan	yes
KRTAP15-1	16	nan	yes
KRTAP16-1	16	nan	yes
KRTAP17-1	19	nan	yes
KRTAP19-1	16	nan	yes
KRTAP19-2	16	nan	yes
KRTAP19-3	16	nan	yes
KRTAP19-4	16	nan	no
KRTAP19-5	16	nan	yes
KRTAP19-6	16	nan	no
KRTAP19-7	16	nan	yes
KRTAP19-8	16	nan	yes
KRTAP2-1	16	nan	yes
KRTAP2-2	16	nan	yes
KRTAP2-3	16	0.683130	no
KRTAP2-4	13	nan	yes
KRTAP20-1	16	nan	yes
KRTAP20-2	16	nan	yes
KRTAP20-3	16	nan	yes
KRTAP20-4	16	nan	yes
KRTAP21-1	16	nan	yes
KRTAP21-2	16	0.991111	no
KRTAP21-3	16	nan	no
KRTAP22-1	16	nan	yes
KRTAP22-2	16	nan	yes
KRTAP23-1	16	nan	yes
KRTAP24-1	16	nan	yes
KRTAP25-1	16	nan	yes
KRTAP26-1	16	nan	yes
KRTAP27-1	16	nan	yes
KRTAP29-1	16	nan	yes
KRTAP3-1	19	nan	yes
KRTAP3-2	16	nan	yes
KRTAP3-3	16	nan	yes
KRTAP4-1	16	nan	yes
KRTAP4-11	16	nan	yes
KRTAP4-12	16	nan	yes
KRTAP4-16	16	nan	yes
KRTAP4-2	16	nan	yes
KRTAP4-3	16	nan	yes
KRTAP4-4	16	nan	yes
KRTAP4-5	16	1.000000	yes
KRTAP4-6	16	nan	yes
KRTAP4-7	16	nan	yes
KRTAP4-8	16	nan	yes
KRTAP4-9	16	nan	yes
KRTAP5-1	19	1.000000	yes
KRTAP5-10	19	0.946430	no
KRTAP5-11	19	0.888424	no
KRTAP5-2	19	1.000000	no
KRTAP5-3	16	nan	yes
KRTAP5-5	16	nan	yes
KRTAP5-6	16	nan	yes
KRTAP5-7	19	0.997418	no
KRTAP5-8	19	0.831734	no
KRTAP5-9	19	0.803017	no
KRTAP6-1	16	nan	yes
KRTAP6-2	16	nan	yes
KRTAP6-3	16	nan	yes
KRTAP7-1	16	nan	no
KRTAP8-1	16	nan	no
KRTAP9-1	16	nan	yes
KRTAP9-2	16	nan	yes
KRTAP9-3	16	nan	yes
KRTAP9-4	16	nan	yes
KRTAP9-6	16	nan	yes
KRTAP9-7	16	nan	yes
KRTAP9-8	13	nan	yes
KRTAP9-9	16	nan	yes
KRTCAP2	19	0.991228	no
KRTCAP3	19	0.973661	no
KRTDAP	19	0.513270	no
KSR1	19	0.914035	no
KSR2	19	0.974989	no
KTI12	16	0.447214	no
KTN1	19	0.864912	no
KXD1	19	0.954346	no
KY	19	0.909094	no
KYAT1	19	0.929205	no
KYAT3	19	0.852128	no
KYNU	19	0.828434	no
L1CAM	19	0.913051	no
L1TD1	19	0.719768	no
L2HGDH	19	0.988153	no
L3HYPDH	19	0.931988	no
L3MBTL1	19	0.898001	no
L3MBTL2	19	0.916594	no
L3MBTL3	19	0.857895	no
L3MBTL4	19	0.903509	no
LACC1	19	0.830621	no
LACRT	19	0.542980	no
LACTB	19	0.759105	no
LACTB2	19	0.935088	no
LAD1	19	0.935804	no
LAG3	19	0.938108	no
LAGE3	19	0.955682	no
LAIR1	19	0.950143	no
LAIR2	19	0.733436	no
LALBA	16	nan	no
LAMA1	19	0.939367	no
LAMA2	19	0.768657	no
LAMA3	19	0.908293	no
LAMA4	19	0.702371	no
LAMA5	19	0.952172	no
LAMB1	19	0.923212	no
LAMB2	19	0.935088	no
LAMB3	19	0.933216	no
LAMB4	19	0.817901	no
LAMC1	19	0.889474	no
LAMC2	19	0.897493	no
LAMC3	19	0.873898	no
LAMP1	19	0.949123	no
LAMP2	19	0.987719	no
LAMP3	19	0.905245	no
LAMP5	19	0.842436	no
LAMTOR1	19	0.955682	no
LAMTOR2	19	0.968421	no
LAMTOR3	19	0.983765	no
LAMTOR4	19	0.956140	no
LAMTOR5	19	0.978947	no
LANCL1	19	0.949123	no
LANCL2	19	0.926316	no
LANCL3	19	0.970676	no
LAP3	19	0.968421	no
LAPTM4A	19	0.959649	no
LAPTM4B	19	0.915789	no
LAPTM5	19	0.974044	no
LARGE1	19	0.922807	no
LARGE2	19	0.941856	no
LARP1	19	0.959649	no
LARP1B	19	0.974112	no
LARP4	19	0.945614	no
LARP4B	19	0.970175	no
LARP6	19	0.972309	no
LARP7	19	0.926316	no
LARS1	19	0.684211	no
LARS2	19	0.964912	no
LAS1L	19	0.969724	no
LASP1	19	0.889474	no
LAT	19	0.882353	no
LAT2	19	0.991221	no
LATS1	19	0.929825	no
LATS2	19	0.964912	no
LAX1	19	0.979692	no
LAYN	19	0.920742	no
LBH	19	0.931110	no
LBHD1	19	0.975835	no
LBHD2	19	0.866178	no
LBP	19	0.630915	no
LBR	19	0.896491	no
LBX1	19	nan	no
LBX2	19	0.877097	no
LCA5	19	0.978947	no
LCA5L	19	0.965305	no
LCAT	19	0.896794	no
LCE1A	16	nan	yes
LCE1B	16	nan	no
LCE1C	19	0.816830	no
LCE1D	16	nan	yes
LCE1E	19	1.000000	no
LCE1F	16	nan	yes
LCE2A	16	1.000000	no
LCE2B	16	nan	yes
LCE2C	16	nan	yes
LCE2D	19	1.000000	yes
LCE3A	16	nan	no
LCE3B	16	nan	yes
LCE3C	16	nan	yes
LCE3D	16	nan	no
LCE3E	16	nan	no
LCE4A	16	nan	yes
LCE5A	19	0.687184	no
LCE6A	16	1.000000	no
LCE7A	16	nan	yes
LCK	19	0.962522	no
LCLAT1	19	0.900000	no
LCMT1	19	0.951295	no
LCMT2	19	0.857772	no
LCN1	16	0.158345	no
LCN10	16	0.891007	no
LCN12	19	0.936320	no
LCN15	19	0.749149	no
LCN2	19	0.631586	no
LCN6	19	0.605503	no
LCN8	19	0.617368	no
LCNL1	19	0.939174	no
LCOR	19	0.977193	no
LCORL	19	0.947368	no
LCP1	19	0.977173	no
LCP2	19	0.951167	no
LCT	19	0.803574	no
LCTL	19	0.903965	no
LDAF1	19	0.946907	no
LDAH	19	0.954386	no
LDB1	19	0.900000	no
LDB2	19	0.811677	no
LDB3	19	0.886594	no
LDHA	19	0.899517	no
LDHAL6A	19	0.766726	no
LDHAL6B	19	0.758228	no
LDHB	19	0.914035	no
LDHC	19	0.781195	no
LDHD	19	0.910213	no
LDLR	19	0.936376	no
LDLRAD1	19	0.477498	no
LDLRAD2	19	0.872613	no
LDLRAD3	19	0.846863	no
LDLRAD4	19	0.908772	no
LDLRAP1	19	0.845108	no
LDOC1	19	0.961404	no
LEAP2	19	0.769096	no
LECT2	19	0.852021	no
LEF1	19	0.724879	no
LEFTY1	19	0.792762	no
LEFTY2	19	0.499718	no
LEKR1	19	0.964912	no
LELP1	16	nan	no
LEMD1	19	0.879267	no
LEMD2	19	0.924495	no
LEMD3	19	0.949539	no
LENEP	19	0.792118	no
LENG1	19	0.956026	no
LENG8	19	0.979736	no
LEO1	19	0.935498	no
LEP	19	0.784602	no
LEPR	19	0.950417	no
LEPROT	19	0.943316	no
LEPROTL1	19	0.947368	no
LETM1	19	0.821053	no
LETM2	19	0.944274	no
LETMD1	19	0.814035	no
LEUTX	19	nan	no
LEXM	19	0.849467	no
LFNG	19	0.946256	no
LGALS1	19	0.952172	no
LGALS12	19	0.756713	no
LGALS13	16	1.000000	no
LGALS14	16	0.997775	no
LGALS16	16	0.730297	no
LGALS2	19	0.929989	no
LGALS3	19	0.933333	no
LGALS3BP	19	0.935088	no
LGALS4	19	0.869163	no
LGALS7	19	0.442203	no
LGALS7B	19	0.548370	no
LGALS8	19	0.973684	no
LGALS9	19	0.981132	no
LGALS9B	19	0.818886	no
LGALS9C	19	nan	no
LGALSL	19	0.956980	no
LGI1	19	0.736866	no
LGI2	19	0.835643	no
LGI3	19	0.855010	no
LGI4	19	0.915271	no
LGMN	19	0.968421	no
LGR4	19	0.976744	no
LGR5	19	0.683009	no
LGR6	19	0.790614	no
LGSN	19	0.945685	no
LHB	19	0.912030	no
LHCGR	19	0.726483	no
LHFPL1	19	0.700000	no
LHFPL2	19	0.947368	no
LHFPL3	19	0.870062	no
LHFPL4	19	0.867461	no
LHFPL5	19	0.949123	no
LHFPL6	19	0.892982	no
LHFPL7	19	0.878371	no
LHPP	19	0.908293	no
LHX1	19	0.784014	no
LHX2	19	0.830254	no
LHX3	19	0.241644	no
LHX4	19	0.876977	no
LHX5	19	-0.080720	no
LHX6	19	0.639198	no
LHX8	19	0.332469	no
LHX9	19	0.680831	no
LIAS	19	0.843860	no
LIF	19	0.800390	no
LIFR	19	0.959614	no
LIG1	19	0.959614	no
LIG3	19	0.753623	no
LIG4	19	0.978051	no
LILRA1	19	1.000000	no
LILRA2	19	0.887082	no
LILRA4	19	0.874862	no
LILRA5	19	1.000000	no
LILRA6	19	0.922395	no
LILRB2	19	0.945989	no
LILRB3	19	0.942948	no
LILRB4	19	0.724907	no
LILRB5	19	0.918592	no
LIM2	19	0.601545	no
LIMA1	19	0.957895	no
LIMCH1	19	0.917544	no
LIMD1	19	0.938596	no
LIMD2	19	0.960297	no
LIME1	19	0.816855	no
LIMK1	19	0.856892	no
LIMK2	19	0.952632	no
LIMS1	19	0.931579	no
LIMS2	19	0.971015	no
LIMS3	19	nan	yes
LIMS4	19	nan	yes
LIN28A	19	0.863380	no
LIN28B	19	0.832597	no
LIN37	19	0.639745	no
LIN54	19	0.966667	no
LIN7A	19	0.964004	no
LIN7B	19	0.982887	no
LIN7C	19	0.916191	no
LIN9	19	0.963158	no
LINGO1	19	0.817025	no
LINGO2	19	0.950834	no
LINGO3	19	0.984426	no
LINGO4	19	0.933041	no
LINS1	19	0.880211	no
LIPA	19	0.971906	no
LIPC	19	0.959157	no
LIPE	19	0.779632	no
LIPF	19	0.486645	no
LIPG	19	0.927699	no
LIPH	19	0.892703	no
LIPI	19	0.823779	no
LIPJ	19	0.845377	no
LIPK	19	0.978210	no
LIPM	19	0.931620	no
LIPN	19	0.831343	no
LIPT1	19	0.681581	no
LIPT2	19	0.913581	no
LITAF	19	0.987719	no
LITAFD	19	0.812332	no
LIX1	19	0.840897	no
LIX1L	19	0.980702	no
LKAAEAR1	19	0.921577	no
LLCFC1	19	0.687184	no
LLGL1	19	0.914705	no
LLGL2	19	0.980702	no
LLPH	19	0.771930	no
LMAN1	19	0.968421	no
LMAN1L	19	0.854864	no
LMAN2	19	0.926316	no
LMAN2L	19	0.940764	no
LMBR1	19	0.973684	no
LMBR1L	19	0.850877	no
LMBRD1	19	0.970175	no
LMBRD2	19	0.910370	no
LMCD1	19	0.889474	no
LMF1	19	0.943860	no
LMF2	19	0.901754	no
LMLN	19	0.919702	no
LMNA	19	0.954386	no
LMNB1	19	0.883721	no
LMNB2	19	0.953927	no
LMNTD1	19	0.952109	no
LMNTD2	19	0.949273	no
LMO1	19	0.738295	no
LMO2	19	0.984211	no
LMO3	19	0.723396	no
LMO4	19	0.824561	no
LMO7	19	0.917544	no
LMOD1	19	0.563936	no
LMOD2	19	0.791325	no
LMOD3	19	0.765817	no
LMTK2	19	0.980702	no
LMTK3	19	0.795086	no
LMX1A	19	0.561396	no
LMX1B	19	0.685846	no
LNP1	19	0.912281	no
LNPEP	19	0.961404	no
LNPK	19	0.933333	no
LNX1	19	0.908772	no
LNX2	19	0.986398	no
LONP1	19	0.965336	no
LONP2	19	0.984211	no
LONRF1	19	0.945614	no
LONRF2	19	0.926316	no
LONRF3	19	0.963158	no
LORICRIN	19	0.693029	no
LOX	19	0.755210	no
LOXHD1	19	0.938026	no
LOXL1	19	0.933275	no
LOXL2	19	0.799824	no
LOXL3	19	0.970575	no
LOXL4	19	0.859156	no
LPA	19	0.858338	no
LPAR1	19	0.962670	no
LPAR2	19	0.989464	no
LPAR3	19	0.844526	no
LPAR4	19	0.682152	no
LPAR5	19	0.973848	no
LPAR6	19	0.922807	no
LPCAT1	19	0.968846	no
LPCAT2	19	0.953927	no
LPCAT3	19	0.877193	no
LPCAT4	19	0.902503	no
LPGAT1	19	0.952632	no
LPIN1	19	0.966667	no
LPIN2	19	0.950877	no
LPIN3	19	0.986398	no
LPL	19	0.858648	no
LPO	19	0.762208	no
LPP	19	0.985965	no
LPXN	19	0.980702	no
LRAT	19	0.928822	no
LRATD1	19	0.812778	no
LRATD2	19	0.957858	no
LRBA	19	0.987719	no
LRCH1	19	0.938596	no
LRCH2	19	0.921658	no
LRCH3	19	0.935088	no
LRCH4	19	0.984127	no
LRCOL1	19	0.728952	no
LRFN1	19	0.927690	no
LRFN2	19	0.678725	no
LRFN3	19	0.939368	no
LRFN4	19	0.953887	no
LRFN5	19	0.846795	no
LRG1	19	0.861555	no
LRGUK	19	0.924090	no
LRIF1	19	0.884211	no
LRIG1	19	0.954386	no
LRIG2	19	0.924967	no
LRIG3	19	0.970601	no
LRIT1	19	0.726483	no
LRIT2	16	nan	yes
LRIT3	19	0.923180	no
LRMDA	19	0.938596	no
LRP1	19	0.870175	no
LRP10	19	0.979377	no
LRP11	19	0.869867	no
LRP12	19	0.956140	no
LRP1B	19	0.932397	no
LRP2	19	0.862918	no
LRP2BP	19	0.980255	no
LRP3	19	0.908213	no
LRP4	19	0.854131	no
LRP5	19	0.957895	no
LRP6	19	0.890941	no
LRP8	19	0.933275	no
LRPAP1	19	0.938596	no
LRPPRC	19	0.814035	no
LRR1	19	0.938049	no
LRRC1	19	0.940351	no
LRRC10	16	1.000000	yes
LRRC10B	19	0.919918	no
LRRC14	19	0.975417	no
LRRC14B	19	0.703390	no
LRRC15	19	0.449089	no
LRRC17	19	0.878456	no
LRRC18	19	0.994887	no
LRRC19	19	0.927759	no
LRRC2	19	0.719491	no
LRRC20	19	0.970175	no
LRRC23	19	0.892982	no
LRRC24	19	0.894459	no
LRRC25	19	0.989727	no
LRRC26	19	0.487521	no
LRRC27	19	0.993418	no
LRRC28	19	0.913559	no
LRRC3	19	0.886143	no
LRRC30	19	1.000000	yes
LRRC31	19	0.842710	no
LRRC32	19	0.632376	no
LRRC34	19	0.973578	no
LRRC36	19	0.953427	no
LRRC37A	19	0.930959	no
LRRC37A2	19	0.985075	no
LRRC37A3	19	0.968846	no
LRRC37B	19	0.969724	no
LRRC38	19	0.826391	no
LRRC39	19	0.955185	no
LRRC3B	19	0.793120	no
LRRC3C	16	0.741184	no
LRRC4	19	0.857520	no
LRRC40	19	0.722807	no
LRRC41	19	0.789474	no
LRRC42	19	0.922334	no
LRRC43	19	0.868838	no
LRRC45	19	0.931110	no
LRRC46	19	0.962291	no
LRRC47	19	0.967940	no
LRRC49	19	0.974989	no
LRRC4B	19	0.952889	no
LRRC4C	19	0.733099	no
LRRC51	19	0.928024	no
LRRC52	19	0.803710	no
LRRC53	19	0.874386	no
LRRC55	19	0.838287	no
LRRC56	19	0.944243	no
LRRC57	19	0.926270	no
LRRC58	19	0.941641	no
LRRC59	19	0.982456	no
LRRC61	19	0.896061	no
LRRC66	19	0.975364	no
LRRC69	19	0.984211	no
LRRC70	19	nan	no
LRRC71	19	0.488485	no
LRRC72	19	0.840028	no
LRRC73	19	0.951417	no
LRRC74A	19	0.912432	no
LRRC74B	19	0.885775	no
LRRC75A	19	0.784211	no
LRRC75B	19	0.879666	no
LRRC8A	19	0.911804	no
LRRC8B	19	0.843860	no
LRRC8C	19	0.984749	no
LRRC8D	19	0.945151	no
LRRC8E	19	0.909875	no
LRRC9	19	0.901186	no
LRRCC1	19	0.967940	no
LRRD1	19	0.889395	no
LRRFIP1	19	0.989474	no
LRRFIP2	19	0.957895	no
LRRIQ1	19	0.950352	no
LRRIQ3	19	0.955682	no
LRRIQ4	19	0.977394	no
LRRK1	19	0.950877	no
LRRK2	19	0.985965	no
LRRN1	19	0.915789	no
LRRN2	19	0.913330	no
LRRN3	19	0.899035	no
LRRN4	19	0.780971	no
LRRN4CL	19	0.669201	no
LRRTM1	19	0.839562	no
LRRTM2	19	0.889629	no
LRRTM3	19	0.967048	no
LRRTM4	19	0.909092	no
LRSAM1	19	0.907018	no
LRTM1	19	0.868608	no
LRTM2	16	1.000000	no
LRTOMT	16	0.917493	no
LRWD1	19	0.944226	no
LSAMP	19	0.712281	no
LSG1	19	0.855639	no
LSM1	19	0.984642	no
LSM10	19	0.952632	no
LSM11	19	0.850858	no
LSM12	19	0.962703	no
LSM14A	19	0.977622	no
LSM14B	19	0.854386	no
LSM2	19	0.970123	no
LSM3	19	0.971930	no
LSM4	19	0.961404	no
LSM5	19	0.985965	no
LSM6	19	0.898246	no
LSM7	19	0.975439	no
LSM8	19	0.936376	no
LSMEM1	19	0.927952	no
LSMEM2	19	0.509035	no
LSP1	19	0.984775	no
LSR	19	0.962703	no
LSS	19	0.922807	no
LST1	19	0.988505	no
LTA	19	0.912700	no
LTA4H	19	0.845614	no
LTB	19	0.995847	no
LTB4R	19	0.817101	no
LTB4R2	19	0.906787	no
LTBP1	19	0.864414	no
LTBP2	19	0.877417	no
LTBP3	19	0.966667	no
LTBP4	19	0.931519	no
LTBR	19	0.904783	no
LTC4S	19	0.920105	no
LTF	19	0.760819	no
LTK	19	0.905526	no
LTN1	19	0.796491	no
LTO1	19	0.873574	no
LTV1	19	0.947784	no
LUC7L	19	0.831579	no
LUC7L2	19	0.942105	no
LUC7L3	19	0.912281	no
LUM	19	0.357568	no
LURAP1	19	0.983304	no
LURAP1L	19	0.960286	no
LUZP1	19	0.955682	no
LUZP2	19	0.777680	no
LUZP4	19	0.711690	no
LVRN	19	0.869527	no
LXN	19	0.937253	no
LY6D	19	0.167217	no
LY6E	19	0.673684	no
LY6G5B	19	0.891349	no
LY6G5C	19	0.988629	no
LY6G6C	19	0.832044	no
LY6G6D	16	1.000000	no
LY6G6F	13	nan	no
LY6H	19	0.754949	no
LY6K	19	0.783680	no
LY6L	19	nan	no
LY75	19	0.897265	no
LY86	19	0.973153	no
LY9	19	0.957985	no
LY96	19	0.987264	no
LYAR	19	0.964912	no
LYG1	19	0.941954	no
LYG2	19	0.955987	no
LYL1	19	0.988987	no
LYN	19	0.978947	no
LYNX1	19	0.798859	no
LYPD1	19	0.799123	no
LYPD2	19	0.458980	no
LYPD3	19	0.881381	no
LYPD4	19	0.478429	no
LYPD5	19	0.966917	no
LYPD6	19	0.895908	no
LYPD6B	19	0.943347	no
LYPD8	19	0.870763	no
LYPLA1	19	0.967091	no
LYPLA2	19	0.954386	no
LYPLAL1	19	0.984211	no
LYRM1	19	0.922807	no
LYRM2	19	0.933333	no
LYRM4	19	0.929825	no
LYRM7	19	0.933333	no
LYRM9	19	0.892794	no
LYSMD1	19	0.899868	no
LYSMD2	19	0.922807	no
LYSMD3	19	0.966667	no
LYSMD4	19	0.918824	no
LYST	19	0.978947	no
LYVE1	19	0.916557	no
LYZ	19	0.776069	no
LYZL1	19	0.800078	no
LYZL2	19	0.789743	no
LYZL4	19	0.794274	no
LYZL6	19	0.721412	no
LZIC	19	0.884211	no
LZTFL1	19	0.927600	no
LZTR1	19	0.986386	no
LZTS1	19	0.895327	no
LZTS2	19	0.949123	no
LZTS3	19	0.970149	no
M1AP	19	0.959139	no
M6PR	19	0.898640	no
MAB21L1	19	0.785520	no
MAB21L2	19	0.878534	no
MAB21L3	19	0.981858	no
MAB21L4	19	0.834726	no
MACC1	19	0.895431	no
MACF1	19	0.956140	no
MACIR	19	0.962670	no
MACO1	19	0.849123	no
MACROD1	19	0.966667	no
MACROD2	19	0.968421	no
MACROH2A1	19	0.982456	no
MACROH2A2	19	0.901754	no
MAD1L1	19	0.934095	no
MAD2L1	19	0.974517	no
MAD2L1BP	19	0.891524	no
MAD2L2	19	0.922334	no
MADCAM1	19	0.944225	no
MADD	19	0.962248	no
MAEA	19	0.852632	no
MAEL	19	0.960730	no
MAF	19	0.920579	no
MAF1	19	0.928070	no
MAFA	19	0.877442	no
MAFB	19	0.833553	no
MAFF	19	0.888986	no
MAFG	19	0.960492	no
MAFK	19	0.969724	no
MAG	19	0.877853	no
MAGEA1	16	1.000000	yes
MAGEA10	19	1.000000	no
MAGEA11	19	0.503712	no
MAGEA12	16	nan	yes
MAGEA2	16	nan	yes
MAGEA2B	16	nan	yes
MAGEA3	16	1.000000	yes
MAGEA4	16	nan	no
MAGEA6	16	nan	yes
MAGEA8	16	nan	yes
MAGEA9	13	nan	yes
MAGEA9B	16	nan	yes
MAGEB1	19	0.726483	no
MAGEB10	19	nan	no
MAGEB16	16	1.000000	yes
MAGEB17	19	0.788667	no
MAGEB18	16	nan	yes
MAGEB2	19	0.726483	no
MAGEB3	19	0.687184	no
MAGEB4	16	nan	yes
MAGEB5	16	nan	yes
MAGEB6	16	nan	yes
MAGEC1	16	1.000000	yes
MAGEC2	16	nan	no
MAGEC3	19	0.832859	no
MAGED1	19	0.957895	no
MAGED2	19	0.982456	no
MAGED4	16	0.995227	no
MAGED4B	16	0.841398	no
MAGEE1	19	0.948065	no
MAGEE2	19	0.943263	no
MAGEF1	19	0.968421	no
MAGEH1	19	0.971930	no
MAGEL2	19	0.996552	no
MAGI1	19	0.977193	no
MAGI2	19	0.994737	no
MAGI3	19	0.931579	no
MAGIX	19	0.969673	no
MAGOH	19	0.977622	no
MAGOHB	19	0.955682	no
MAGT1	19	0.852632	no
MAIP1	19	0.928070	no
MAJIN	19	0.926529	no
MAK	19	0.854386	no
MAK16	19	0.949123	no
MAL	19	0.793665	no
MAL2	19	0.835821	no
MALL	19	0.806126	no
MALRD1	19	0.940764	no
MALSU1	19	0.978947	no
MALT1	19	0.914035	no
MAMDC2	19	0.750219	no
MAMDC4	19	0.937253	no
MAML1	19	0.961590	no
MAML2	19	0.831579	no
MAML3	19	0.828070	no
MAMLD1	19	0.950877	no
MAMSTR	19	0.730989	no
MAN1A1	19	0.929825	no
MAN1A2	19	0.863158	no
MAN1B1	19	0.909491	no
MAN1C1	19	0.960070	no
MAN2A1	19	0.873684	no
MAN2A2	19	0.900395	no
MAN2B1	19	0.985965	no
MAN2B2	19	0.883231	no
MAN2C1	19	0.924561	no
MANBA	19	0.989474	no
MANBAL	19	0.977193	no
MANEA	19	0.719298	no
MANEAL	19	0.839631	no
MANF	19	0.975439	no
MANSC1	19	0.930807	no
MANSC4	19	0.900491	no
MAOA	19	0.896491	no
MAOB	19	0.919702	no
MAP10	19	0.954726	no
MAP1A	19	0.928352	no
MAP1B	19	0.960070	no
MAP1LC3A	19	0.967969	no
MAP1LC3B	19	0.919298	no
MAP1LC3B2	19	0.949079	no
MAP1LC3C	19	0.739369	no
MAP1S	19	0.978499	no
MAP2	19	0.794737	no
MAP2K1	19	0.922807	no
MAP2K2	19	0.924967	no
MAP2K3	19	0.964912	no
MAP2K4	19	0.954386	no
MAP2K5	19	0.915789	no
MAP2K6	19	0.942054	no
MAP2K7	19	0.960948	no
MAP3K1	19	0.963158	no
MAP3K10	19	0.963126	no
MAP3K11	19	0.982858	no
MAP3K12	19	0.837751	no
MAP3K13	19	0.907018	no
MAP3K14	19	0.859649	no
MAP3K15	19	0.915716	no
MAP3K19	19	0.796223	no
MAP3K2	19	0.977193	no
MAP3K20	19	0.870175	no
MAP3K21	19	0.975439	no
MAP3K3	19	0.931579	no
MAP3K4	19	0.963158	no
MAP3K5	19	0.815789	no
MAP3K6	19	0.970929	no
MAP3K7	19	0.908772	no
MAP3K7CL	19	0.880984	no
MAP3K8	19	0.982456	no
MAP3K9	19	0.971454	no
MAP4	19	0.936842	no
MAP4K1	19	0.984583	no
MAP4K2	19	0.931579	no
MAP4K3	19	0.964458	no
MAP4K4	19	0.901754	no
MAP4K5	19	0.912281	no
MAP6	19	0.944274	no
MAP6D1	16	0.829731	no
MAP7	19	0.936842	no
MAP7D1	19	0.943860	no
MAP7D2	19	0.978929	no
MAP7D3	19	0.938596	no
MAP9	19	0.900000	no
MAPK1	19	0.991228	no
MAPK10	19	0.992982	no
MAPK11	19	0.857649	no
MAPK12	19	0.877752	no
MAPK13	19	0.977113	no
MAPK14	19	0.971930	no
MAPK15	19	0.891198	no
MAPK1IP1L	19	0.931579	no
MAPK3	19	0.907018	no
MAPK4	19	0.959580	no
MAPK6	19	0.915789	no
MAPK7	19	0.960070	no
MAPK8	19	0.919298	no
MAPK8IP1	19	0.909490	no
MAPK8IP2	19	0.893421	no
MAPK8IP3	19	0.996051	no
MAPK9	19	0.956140	no
MAPKAP1	19	0.905263	no
MAPKAPK2	19	0.859649	no
MAPKAPK3	19	0.963158	no
MAPKAPK5	19	0.912281	no
MAPKBP1	19	0.966213	no
MAPRE1	19	0.978499	no
MAPRE2	19	0.950877	no
MAPRE3	19	0.892982	no
MAPT	19	0.923588	no
MARCHF1	19	0.841597	no
MARCHF10	19	0.915897	no
MARCHF11	19	0.870688	no
MARCHF2	19	0.968421	no
MARCHF3	19	0.889474	no
MARCHF4	19	0.823270	no
MARCHF5	19	0.708205	no
MARCHF6	19	0.919298	no
MARCHF7	19	0.950877	no
MARCHF8	19	0.947368	no
MARCHF9	19	0.938596	no
MARCKS	19	0.964912	no
MARCKSL1	19	0.796491	no
MARCO	19	0.824607	no
MARCOL	19	0.957582	no
MARF1	19	0.971930	no
MARK1	19	0.963941	no
MARK2	19	0.959649	no
MARK3	19	0.984211	no
MARK4	19	0.959649	no
MARS1	19	0.957895	no
MARS2	19	nan	yes
MARVELD1	19	0.953468	no
MARVELD2	19	0.981531	no
MARVELD3	19	0.952548	no
MAS1	19	0.969317	no
MAS1L	16	nan	yes
MASP1	19	0.908170	no
MASP2	19	0.787972	no
MAST1	19	0.936180	no
MAST2	19	0.963158	no
MAST3	19	0.912281	no
MAST4	19	0.936842	no
MASTL	19	0.959193	no
MAT1A	19	0.767004	no
MAT2A	19	0.822807	no
MAT2B	19	0.982456	no
MATCAP1	19	0.962248	no
MATCAP2	19	0.963158	no
MATK	19	0.978929	no
MATN1	19	0.881017	no
MATN2	19	0.853380	no
MATN3	19	0.843554	no
MATN4	19	0.789454	no
MATR3	16	-0.119083	no
MAU2	19	0.970175	no
MAVS	19	0.938596	no
MAX	19	0.895523	no
MAZ	19	0.953448	no
MB	19	0.380378	no
MB21D2	19	0.819298	no
MBD1	19	0.936842	no
MBD2	19	0.892982	no
MBD3	19	0.885476	no
MBD3L1	19	0.736680	no
MBD3L2	13	nan	yes
MBD3L2B	16	nan	yes
MBD3L3	16	0.697959	no
MBD3L4	13	nan	yes
MBD3L5	16	nan	yes
MBD4	19	0.975867	no
MBD5	19	0.966667	no
MBD6	19	0.934621	no
MBIP	19	0.838596	no
MBL2	16	0.676802	no
MBLAC1	19	0.904534	no
MBLAC2	19	0.836484	no
MBNL1	19	0.964912	no
MBNL2	19	0.898246	no
MBNL3	19	0.898246	no
MBOAT1	19	0.966667	no
MBOAT2	19	0.910048	no
MBOAT4	19	0.956916	no
MBOAT7	19	0.916081	no
MBP	19	0.985965	no
MBTD1	19	0.943860	no
MBTPS1	19	0.905263	no
MBTPS2	19	0.935909	no
MC1R	19	0.908989	no
MC2R	19	0.790895	no
MC3R	16	1.000000	no
MC4R	19	0.778947	no
MC5R	19	0.645763	no
MCAM	19	0.811595	no
MCAT	19	0.935498	no
MCC	19	0.884211	no
MCCC1	19	0.943860	no
MCCC2	19	0.905263	no
MCCD1	19	0.998912	no
MCEE	19	0.717544	no
MCEMP1	19	0.874862	no
MCF2	19	0.979771	no
MCF2L	19	0.903028	no
MCF2L2	19	0.869680	no
MCFD2	19	0.907018	no
MCHR1	19	0.909915	no
MCHR2	19	0.954279	no
MCIDAS	19	0.857651	no
MCL1	19	0.991228	no
MCM10	19	0.714921	no
MCM2	19	0.875330	no
MCM3	19	0.967501	no
MCM3AP	19	0.871930	no
MCM4	19	0.948662	no
MCM5	19	0.984642	no
MCM6	19	0.887719	no
MCM7	19	0.928007	no
MCM8	19	0.925387	no
MCM9	19	0.936842	no
MCMBP	19	0.903509	no
MCMDC2	19	0.928070	no
MCOLN1	19	0.960948	no
MCOLN2	19	0.937143	no
MCOLN3	19	0.946766	no
MCPH1	19	0.945614	no
MCRIP1	19	0.900220	no
MCRIP2	19	0.807018	no
MCRS1	19	0.976744	no
MCTP1	19	0.978929	no
MCTP2	19	0.973684	no
MCTS1	19	0.853883	no
MCTS2	19	nan	yes
MCU	19	0.926316	no
MCUB	19	0.919702	no
MCUR1	19	0.970175	no
MDC1	19	0.977583	no
MDFI	19	0.866996	no
MDFIC	19	0.949123	no
MDFIC2	19	0.835324	no
MDGA1	19	0.919965	no
MDGA2	19	0.854130	no
MDH1	19	0.947368	no
MDH1B	19	0.938436	no
MDH2	19	0.975439	no
MDK	19	0.725198	no
MDM1	19	0.892011	no
MDM2	19	0.889474	no
MDM4	19	0.912281	no
MDN1	19	0.952632	no
MDP1	19	0.938723	no
ME1	19	0.880702	no
ME2	19	0.975439	no
ME3	19	0.929825	no
MEA1	19	0.984211	no
MEAF6	19	0.968421	no
MEAK7	19	0.741553	no
MECOM	19	0.911726	no
MECP2	19	0.992982	no
MECR	19	0.856014	no
MED1	19	0.961404	no
MED10	19	0.966667	no
MED11	19	0.810004	no
MED12	19	0.922300	no
MED12L	19	0.907018	no
MED13	19	0.959649	no
MED13L	19	0.977193	no
MED14	19	0.947368	no
MED15	19	0.985965	no
MED16	19	0.938956	no
MED17	19	0.893003	no
MED18	19	0.862684	no
MED19	19	0.964458	no
MED20	19	0.814928	no
MED21	19	0.936842	no
MED22	19	0.983217	no
MED23	19	0.964912	no
MED24	19	0.915789	no
MED25	19	0.956140	no
MED26	19	0.663185	no
MED27	19	0.789820	no
MED28	19	0.944274	no
MED29	19	0.954386	no
MED30	19	0.971930	no
MED31	19	0.970175	no
MED4	19	0.926316	no
MED6	19	0.743860	no
MED7	19	0.883517	no
MED8	19	0.923212	no
MED9	19	0.917069	no
MEDAG	19	0.789813	no
MEF2A	19	0.973684	no
MEF2B	16	0.880860	no
MEF2C	19	0.978947	no
MEF2D	19	0.970175	no
MEFV	19	0.766439	no
MEGF10	19	0.717334	no
MEGF11	19	0.792801	no
MEGF6	19	0.748903	no
MEGF8	19	0.993854	no
MEGF9	19	0.957895	no
MEI1	19	0.944640	no
MEI4	19	0.922673	no
MEIG1	19	0.940451	no
MEIKIN	19	0.778642	no
MEIOB	19	0.933127	no
MEIOC	19	0.916231	no
MEIOSIN	19	0.897884	no
MEIS1	19	0.896491	no
MEIS2	19	0.912204	no
MEIS3	19	0.822965	no
MELK	19	0.664323	no
MELTF	19	0.684511	no
MEMO1	19	0.940351	no
MEN1	19	0.956961	no
MEOX1	19	0.879809	no
MEOX2	19	0.796471	no
MEP1A	19	0.980672	no
MEP1B	19	0.815261	no
MEPCE	19	0.948990	no
MEPE	19	0.836480	no
MERTK	19	0.959614	no
MESD	19	0.843860	no
MESP1	19	0.830620	no
MESP2	19	0.862824	no
MEST	19	0.762950	no
MET	19	0.917328	no
METAP1	19	0.942105	no
METAP1D	19	0.921053	no
METAP2	19	0.977193	no
METRN	19	0.954386	no
METRNL	19	0.850220	no
METTL1	19	0.800096	no
METTL13	19	0.865174	no
METTL14	19	0.796134	no
METTL15	19	0.992982	no
METTL16	19	0.971930	no
METTL17	19	0.962703	no
METTL18	19	0.940299	no
METTL21A	19	0.955682	no
METTL21C	19	0.718551	no
METTL22	19	0.867693	no
METTL23	19	0.889474	no
METTL24	19	0.969271	no
METTL25	19	0.908772	no
METTL25B	19	0.780660	no
METTL26	19	0.983765	no
METTL27	19	0.950748	no
METTL2A	19	0.982441	no
METTL2B	19	0.903028	no
METTL3	19	0.943860	no
METTL4	19	0.960948	no
METTL5	19	0.964458	no
METTL6	19	0.932865	no
METTL7A	19	0.963093	no
METTL7B	19	0.851595	no
METTL9	19	0.973661	no
MEX3A	19	0.805728	no
MEX3B	19	0.959904	no
MEX3C	19	0.746819	no
MEX3D	19	0.946907	no
MFAP1	19	0.897762	no
MFAP2	19	0.707253	no
MFAP3	19	0.928070	no
MFAP3L	19	0.946907	no
MFAP4	19	0.655136	no
MFAP5	19	0.856261	no
MFF	19	0.892982	no
MFGE8	19	0.932397	no
MFHAS1	19	0.959193	no
MFN1	19	0.935088	no
MFN2	19	0.935498	no
MFNG	19	0.960458	no
MFRP	19	1.000000	yes
MFSD1	19	0.963158	no
MFSD10	19	0.970175	no
MFSD11	19	0.943860	no
MFSD12	19	0.917544	no
MFSD13A	19	0.980702	no
MFSD14A	19	0.948155	no
MFSD14B	19	0.959649	no
MFSD2A	19	0.867809	no
MFSD2B	19	0.841459	no
MFSD3	19	0.939008	no
MFSD4A	19	0.979377	no
MFSD4B	19	0.957895	no
MFSD5	19	0.967091	no
MFSD6	19	0.954386	no
MFSD6L	19	0.890651	no
MFSD8	19	0.936842	no
MFSD9	19	0.956102	no
MGA	19	0.922807	no
MGAM	19	0.858778	no
MGAM2	19	0.888089	no
MGARP	19	0.679129	no
MGAT1	19	0.966667	no
MGAT2	19	0.982873	no
MGAT3	19	0.802997	no
MGAT4A	19	0.968421	no
MGAT4B	19	0.914436	no
MGAT4C	19	0.734389	no
MGAT4D	19	0.900268	no
MGAT5	19	0.959649	no
MGAT5B	19	0.870657	no
MGLL	19	0.887719	no
MGME1	19	0.959649	no
MGMT	19	0.980702	no
MGP	19	0.437911	no
MGRN1	19	0.963158	no
MGST1	19	0.796841	no
MGST2	19	0.977193	no
MGST3	19	0.971930	no
MIA	19	0.836601	no
MIA2	19	0.987275	no
MIA3	19	0.882456	no
MIB1	19	0.959649	no
MIB2	19	0.947322	no
MICAL1	19	0.967940	no
MICAL2	19	0.926316	no
MICAL3	19	0.971905	no
MICALL1	19	0.953008	no
MICALL2	19	0.980702	no
MICB	19	0.900139	no
MICOS10	19	0.962572	no
MICOS13	19	0.959614	no
MICU1	19	0.977193	no
MICU2	19	0.964912	no
MICU3	19	0.933333	no
MID1	19	0.969724	no
MID1IP1	19	0.928070	no
MID2	19	0.782800	no
MIDEAS	19	0.789474	no
MIDN	19	0.866667	no
MIEF1	19	0.947784	no
MIEF2	19	0.908407	no
MIEN1	19	0.959649	no
MIER1	19	0.896491	no
MIER2	19	0.968421	no
MIER3	19	0.802984	no
MIF	19	0.992982	no
MIF4GD	19	0.947368	no
MIGA1	19	0.928477	no
MIGA2	19	0.851624	no
MIIP	19	0.949956	no
MILR1	19	0.869489	no
MINAR1	19	0.863339	no
MINAR2	19	0.857053	no
MINDY1	19	0.857394	no
MINDY2	19	0.964912	no
MINDY3	19	0.815270	no
MINDY4	19	0.900288	no
MINDY4B	19	0.822580	no
MINK1	19	0.966667	no
MINPP1	19	0.980702	no
MIOS	19	0.849123	no
MIOX	19	0.818994	no
MIP	19	0.773079	no
MIPEP	19	0.987719	no
MIPOL1	19	0.977193	no
MIS12	19	0.974112	no
MIS18A	19	0.883231	no
MIS18BP1	19	0.985965	no
MISP	19	0.871379	no
MISP3	19	0.939020	no
MITD1	19	0.894737	no
MITF	19	0.981132	no
MIX23	19	0.915716	no
MIXL1	19	0.657944	no
MKI67	19	0.755860	no
MKKS	19	0.352984	no
MKLN1	19	0.987719	no
MKNK1	19	0.905263	no
MKNK2	19	0.970175	no
MKRN1	19	0.931579	no
MKRN2	19	0.985520	no
MKRN2OS	19	0.834065	no
MKRN3	19	0.844025	no
MKS1	19	0.976295	no
MKX	19	0.945056	no
MLANA	19	0.810989	no
MLC1	19	0.788212	no
MLEC	19	0.978947	no
MLF1	19	0.891228	no
MLF2	19	0.974989	no
MLH1	19	0.978947	no
MLH3	19	0.952172	no
MLIP	19	0.896311	no
MLKL	19	0.881475	no
MLLT1	19	0.957895	no
MLLT10	19	0.921053	no
MLLT11	19	0.962248	no
MLLT3	19	0.942105	no
MLLT6	19	0.972688	no
MLN	19	0.753428	no
MLNR	19	0.720349	no
MLPH	19	0.807111	no
MLST8	19	0.951295	no
MLX	19	0.962248	no
MLXIP	19	0.881088	no
MLXIPL	19	0.939886	no
MLYCD	19	0.916118	no
MMAA	19	0.963126	no
MMAB	19	0.942105	no
MMACHC	19	0.804310	no
MMADHC	19	0.961404	no
MMD	19	0.934153	no
MMD2	19	0.819253	no
MME	19	0.948617	no
MMEL1	19	0.947914	no
MMGT1	19	0.908692	no
MMP1	19	0.707380	no
MMP10	19	0.519669	no
MMP11	19	0.885112	no
MMP12	19	0.972128	no
MMP13	19	0.809111	no
MMP14	19	0.982010	no
MMP15	19	0.911804	no
MMP16	19	0.718242	no
MMP17	19	0.886544	no
MMP19	19	0.781650	no
MMP2	19	0.801939	no
MMP20	19	0.861984	no
MMP21	19	0.884921	no
MMP23B	19	0.931520	no
MMP24	19	0.852502	no
MMP24OS	19	0.924561	no
MMP25	19	0.958664	no
MMP26	19	0.822470	no
MMP27	19	0.816830	no
MMP28	19	0.955774	no
MMP3	19	0.804766	no
MMP7	19	0.886992	no
MMP8	19	0.748054	no
MMP9	19	0.958008	no
MMRN1	19	0.919159	no
MMRN2	19	0.707875	no
MMS19	19	0.867925	no
MMS22L	19	0.835088	no
MMUT	19	0.837067	no
MN1	19	0.913846	no
MNAT1	19	0.954386	no
MND1	19	0.809994	no
MNDA	19	0.975265	no
MNS1	19	0.920579	no
MNT	19	0.915202	no
MNX1	19	0.888544	no
MOAP1	19	0.889752	no
MOB1A	19	0.985965	no
MOB1B	19	0.966213	no
MOB2	19	0.949496	no
MOB3A	19	0.971479	no
MOB3B	19	0.851251	no
MOB3C	19	0.396833	no
MOB4	19	0.957895	no
MOBP	19	0.888459	no
MOCOS	19	0.920984	no
MOCS1	19	0.843352	no
MOCS2	19	0.931579	no
MOCS3	19	0.970111	no
MOG	19	0.797012	no
MOGAT1	19	0.948743	no
MOGAT2	19	0.835148	no
MOGAT3	19	0.746369	no
MOGS	19	0.945614	no
MOK	19	0.971930	no
MON1A	19	0.991220	no
MON1B	19	0.850877	no
MON2	19	0.971930	no
MORC1	19	0.893289	no
MORC2	19	0.851251	no
MORC3	19	0.989474	no
MORC4	19	0.791228	no
MORF4L1	19	0.963158	no
MORF4L2	19	0.919298	no
MORN1	19	0.956140	no
MORN2	19	0.971479	no
MORN3	19	0.968366	no
MORN4	19	0.996051	no
MORN5	19	0.776258	no
MOS	16	0.843816	no
MOSMO	19	0.929702	no
MOSPD1	19	0.929355	no
MOSPD2	19	0.866667	no
MOSPD3	19	0.922334	no
MOV10	19	0.919298	no
MOV10L1	19	0.897492	no
MOXD1	19	0.960896	no
MPC1	19	0.952172	no
MPC1L	19	0.726483	no
MPC2	19	0.957895	no
MPDU1	19	0.896885	no
MPDZ	19	0.989030	no
MPEG1	19	0.958269	no
MPG	19	0.957895	no
MPHOSPH10	19	0.884008	no
MPHOSPH6	19	0.756140	no
MPHOSPH8	19	0.910526	no
MPHOSPH9	19	0.977193	no
MPI	19	0.705263	no
MPIG6B	19	0.739375	no
MPL	19	0.896254	no
MPLKIP	19	0.915789	no
MPND	19	0.964411	no
MPO	19	0.736203	no
MPP1	19	0.838965	no
MPP2	19	0.956643	no
MPP3	19	0.913559	no
MPP4	19	0.750996	no
MPP7	19	0.949123	no
MPPE1	19	0.942105	no
MPPED1	19	0.823314	no
MPPED2	19	0.912681	no
MPRIP	19	0.968421	no
MPST	19	0.964912	no
MPV17	19	0.928070	no
MPV17L	19	0.928208	no
MPV17L2	19	0.858648	no
MPZ	19	0.959436	no
MPZL1	19	0.673684	no
MPZL2	19	0.926306	no
MPZL3	19	0.986374	no
MR1	19	0.908692	no
MRAP	19	0.762869	no
MRAP2	19	0.699692	no
MRAS	19	0.961825	no
MRC1	19	0.739895	no
MRC2	19	0.889864	no
MRE11	19	0.933333	no
MREG	19	0.828070	no
MRFAP1	19	0.978947	no
MRFAP1L1	19	0.958315	no
MRGBP	19	0.947784	no
MRGPRD	16	nan	no
MRGPRE	19	0.875955	no
MRGPRF	19	0.821914	no
MRGPRG	16	nan	yes
MRGPRX1	16	nan	yes
MRGPRX2	19	0.573279	no
MRGPRX3	19	0.660666	no
MRGPRX4	16	nan	yes
MRI1	19	0.933333	no
MRLN	19	0.896243	no
MRM1	19	0.932100	no
MRM2	19	0.892131	no
MRM3	19	0.951712	no
MRNIP	19	0.961741	no
MRO	19	0.948461	no
MROH1	19	0.928070	no
MROH2A	19	0.913833	no
MROH2B	19	0.793511	no
MROH6	19	0.921223	no
MROH7	19	0.927308	no
MROH9	19	0.893626	no
MRPL1	19	0.928070	no
MRPL10	19	0.920106	no
MRPL11	19	0.939008	no
MRPL12	19	0.775890	no
MRPL13	19	0.959649	no
MRPL14	19	0.925845	no
MRPL15	19	0.954386	no
MRPL16	19	0.978947	no
MRPL17	19	0.989030	no
MRPL18	19	0.945614	no
MRPL19	19	0.970175	no
MRPL2	19	0.981994	no
MRPL20	19	0.980702	no
MRPL21	19	0.992541	no
MRPL22	19	0.970175	no
MRPL23	19	0.996491	no
MRPL24	19	0.956140	no
MRPL27	19	0.991228	no
MRPL28	19	0.955682	no
MRPL3	19	0.845614	no
MRPL30	19	0.845070	no
MRPL32	19	0.985965	no
MRPL33	19	0.982456	no
MRPL34	19	0.950877	no
MRPL35	19	0.775439	no
MRPL36	19	0.984197	no
MRPL37	19	0.989474	no
MRPL38	19	0.931429	no
MRPL39	19	0.970175	no
MRPL4	19	0.967969	no
MRPL40	19	0.964458	no
MRPL41	19	0.982887	no
MRPL42	19	0.957895	no
MRPL43	19	0.994737	no
MRPL44	19	0.889377	no
MRPL46	19	0.989895	no
MRPL47	19	0.985965	no
MRPL48	19	0.958736	no
MRPL49	19	0.978947	no
MRPL50	19	0.954386	no
MRPL51	19	0.956140	no
MRPL52	19	0.977193	no
MRPL53	19	0.886104	no
MRPL54	19	0.962687	no
MRPL55	19	0.975439	no
MRPL57	19	0.969724	no
MRPL58	19	0.911326	no
MRPL9	19	0.930171	no
MRPS10	19	0.952632	no
MRPS11	19	0.894252	no
MRPS12	19	0.919507	no
MRPS14	19	0.949123	no
MRPS15	19	0.982456	no
MRPS16	19	0.949123	no
MRPS17	19	0.961787	no
MRPS18A	19	0.956980	no
MRPS18B	19	0.788639	no
MRPS18C	19	0.992982	no
MRPS2	19	0.974989	no
MRPS21	19	0.989474	no
MRPS22	19	0.927600	no
MRPS23	19	0.986398	no
MRPS24	19	0.932837	no
MRPS25	19	0.966667	no
MRPS26	19	0.985965	no
MRPS27	19	0.966667	no
MRPS28	19	0.991228	no
MRPS30	19	0.973234	no
MRPS31	19	0.873684	no
MRPS33	19	0.940351	no
MRPS34	19	0.961404	no
MRPS35	19	0.968421	no
MRPS36	19	0.959649	no
MRPS5	19	0.987719	no
MRPS6	19	0.952590	no
MRPS7	19	0.926316	no
MRPS9	19	0.917544	no
MRRF	19	0.968421	no
MRS2	19	0.884599	no
MRTFA	19	0.942105	no
MRTFB	19	0.966667	no
MRTO4	19	0.915314	no
MS4A1	19	0.934217	no
MS4A10	19	0.984072	no
MS4A12	19	0.680996	no
MS4A13	19	0.933155	no
MS4A14	19	0.957996	no
MS4A15	19	0.909603	no
MS4A18	19	0.713066	no
MS4A2	19	0.708865	no
MS4A3	19	0.866437	no
MS4A4A	19	0.950530	no
MS4A4E	19	0.954841	no
MS4A5	19	0.739581	no
MS4A6A	19	0.953386	no
MS4A6E	19	0.895200	no
MS4A7	19	0.976259	no
MS4A8	19	0.697937	no
MSANTD1	19	0.920510	no
MSANTD2	19	0.940351	no
MSANTD3	19	0.926123	no
MSANTD4	19	0.917069	no
MSANTD5	16	0.683130	no
MSC	19	0.929372	no
MSGN1	16	0.428571	no
MSH2	19	0.980702	no
MSH3	19	0.973684	no
MSH4	19	0.855009	no
MSH5	19	0.858768	no
MSH6	19	0.906538	no
MSI1	19	0.912220	no
MSI2	19	0.963158	no
MSL1	19	0.931579	no
MSL2	19	0.971930	no
MSL3	19	0.971930	no
MSLN	19	0.662495	no
MSLNL	19	0.888696	no
MSMB	19	0.435960	no
MSMO1	19	0.861404	no
MSMP	19	0.860558	no
MSN	19	0.938596	no
MSR1	19	0.834943	no
MSRA	19	0.968846	no
MSRB1	19	0.968846	no
MSRB2	19	0.946907	no
MSRB3	19	0.885426	no
MSS51	19	0.976744	no
MST1R	19	0.866103	no
MSTN	19	0.931233	no
MSTO1	19	0.931519	no
MSX1	19	0.739324	no
MSX2	19	0.840753	no
MT-ATP6	19	0.901408	no
MT-ATP8	19	0.970070	no
MT-CO1	19	0.920775	no
MT-CO2	19	0.892606	no
MT-CO3	19	0.913732	no
MT-CYB	19	0.903169	no
MT-ND1	19	0.853873	no
MT-ND2	19	0.829225	no
MT-ND3	19	0.897887	no
MT-ND4	19	0.906690	no
MT-ND4L	19	0.924296	no
MT-ND5	19	0.929577	no
MT-ND6	19	0.931748	no
MT1A	19	0.855145	no
MT1B	16	0.606128	no
MT1E	19	0.908772	no
MT1F	19	0.884211	no
MT1G	19	0.569170	no
MT1H	19	0.621407	no
MT1HL1	19	0.941507	no
MT1M	19	0.546574	no
MT1X	19	0.740351	no
MT2A	19	0.831579	no
MT3	19	0.785029	no
MT4	19	0.619785	no
MTA1	19	0.932865	no
MTA2	19	0.860404	no
MTA3	19	0.992982	no
MTAP	19	0.893626	no
MTARC1	19	0.850380	no
MTARC2	19	0.971930	no
MTBP	19	0.939421	no
MTCH1	19	0.913559	no
MTCH2	19	0.971930	no
MTCL1	19	0.817025	no
MTCP1	19	0.842845	no
MTDH	19	0.942105	no
MTERF1	19	0.952632	no
MTERF2	19	0.885965	no
MTERF3	19	0.896007	no
MTERF4	19	0.956140	no
MTF1	19	0.906058	no
MTF2	19	0.817544	no
MTFMT	19	0.944274	no
MTFP1	19	0.915239	no
MTFR1	19	0.980702	no
MTFR1L	19	0.940351	no
MTFR2	19	0.900837	no
MTG1	19	0.947738	no
MTG2	19	0.980255	no
MTHFD1	19	0.889377	no
MTHFD1L	19	0.760860	no
MTHFD2	19	0.864912	no
MTHFD2L	19	0.924090	no
MTHFR	19	0.980702	no
MTHFS	19	0.960948	no
MTHFSD	19	0.919702	no
MTIF2	19	0.875329	no
MTIF3	19	0.936842	no
MTLN	19	0.989474	no
MTM1	19	0.968421	no
MTMR1	19	0.961404	no
MTMR10	19	0.970123	no
MTMR11	19	0.969272	no
MTMR12	19	0.875439	no
MTMR14	19	0.979368	no
MTMR2	19	0.754386	no
MTMR3	19	0.970175	no
MTMR4	19	0.929355	no
MTMR6	19	0.975856	no
MTMR7	19	0.693628	no
MTMR8	19	0.892497	no
MTMR9	19	0.823638	no
MTNR1A	19	1.000000	yes
MTNR1B	19	0.948876	no
MTO1	19	0.889474	no
MTOR	19	0.931579	no
MTPAP	19	0.815628	no
MTPN	19	0.987719	no
MTR	19	0.959193	no
MTRES1	19	0.906936	no
MTREX	19	0.875439	no
MTRF1	19	0.918824	no
MTRF1L	19	0.847740	no
MTRFR	19	0.985953	no
MTRR	19	0.918824	no
MTSS1	19	0.966667	no
MTSS2	19	0.977193	no
MTTP	19	0.906017	no
MTURN	19	0.949123	no
MTUS1	19	0.956140	no
MTUS2	19	0.780702	no
MTX1	19	0.943665	no
MTX2	19	0.969724	no
MTX3	19	0.955682	no
MUC1	19	0.880079	no
MUC12	19	0.961351	no
MUC13	19	0.801786	no
MUC15	19	0.738882	no
MUC16	19	0.719815	no
MUC17	19	0.898382	no
MUC20	19	0.978373	no
MUC21	19	0.645763	no
MUC22	19	0.999138	no
MUC3A	19	0.816696	no
MUC4	19	0.947962	no
MUC5AC	19	nan	no
MUC5B	19	0.517254	no
MUC6	19	0.948224	no
MUC7	19	0.682939	no
MUCL1	19	0.596689	no
MUCL3	19	0.855863	no
MUL1	19	0.882456	no
MUS81	19	0.925845	no
MUSK	19	0.721044	no
MUSTN1	19	0.920171	no
MUTYH	19	0.928517	no
MVB12A	19	0.929763	no
MVB12B	19	0.870175	no
MVD	19	0.854386	no
MVK	19	0.696664	no
MVP	19	0.970175	no
MX1	19	0.789728	no
MX2	19	0.902150	no
MXD1	19	0.964912	no
MXD3	19	0.778753	no
MXD4	19	0.789474	no
MXI1	19	0.936842	no
MXRA5	19	0.850737	no
MXRA7	19	0.965320	no
MXRA8	19	0.753408	no
MYADM	19	0.933333	no
MYADML2	19	0.743108	no
MYB	19	0.854343	no
MYBBP1A	19	0.889377	no
MYBL1	19	0.668718	no
MYBL2	19	0.844224	no
MYBPC1	19	0.743930	no
MYBPC2	19	0.760500	no
MYBPC3	19	0.984507	no
MYBPH	19	0.954967	no
MYBPHL	19	0.870929	no
MYC	19	0.932865	no
MYCBP	19	0.828647	no
MYCBP2	19	0.922807	no
MYCBPAP	19	0.908971	no
MYCL	19	0.884848	no
MYCN	19	0.903242	no
MYCT1	19	0.752956	no
MYD88	19	0.987719	no
MYDGF	19	0.947368	no
MYEOV	19	0.809439	no
MYF5	19	nan	yes
MYF6	19	0.463130	no
MYG1	19	0.929608	no
MYH1	19	0.291981	no
MYH10	19	0.919298	no
MYH11	19	0.769190	no
MYH13	19	0.781877	no
MYH14	19	0.904783	no
MYH15	19	0.814097	no
MYH2	19	0.215821	no
MYH3	19	0.836045	no
MYH4	19	0.811418	no
MYH6	19	0.571159	no
MYH7	19	0.605410	no
MYH7B	19	0.863856	no
MYH8	19	0.537075	no
MYH9	19	0.948662	no
MYL1	19	0.421460	no
MYL10	19	0.803721	no
MYL11	19	0.647318	no
MYL12A	19	0.957895	no
MYL12B	19	0.973684	no
MYL2	19	0.562959	no
MYL3	19	0.865912	no
MYL4	19	0.747690	no
MYL5	19	0.922673	no
MYL6	19	0.984211	no
MYL6B	19	0.908772	no
MYL7	19	0.884783	no
MYL9	19	0.831944	no
MYLIP	19	0.975439	no
MYLK	19	0.847368	no
MYLK2	19	0.402127	no
MYLK3	19	0.874615	no
MYLK4	19	0.810716	no
MYMK	19	0.697034	no
MYMX	19	0.883781	no
MYNN	19	0.917544	no
MYO10	19	0.905263	no
MYO15A	19	0.822120	no
MYO16	19	0.935909	no
MYO18A	19	0.773684	no
MYO18B	19	0.836699	no
MYO19	19	0.915381	no
MYO1A	19	0.917247	no
MYO1B	19	0.938982	no
MYO1C	19	0.772269	no
MYO1D	19	0.754386	no
MYO1E	19	0.956140	no
MYO1F	19	0.989464	no
MYO1G	19	0.912801	no
MYO3A	19	0.870868	no
MYO3B	19	0.851803	no
MYO5A	19	0.984211	no
MYO5B	19	0.929825	no
MYO5C	19	0.898157	no
MYO6	19	0.975439	no
MYO7A	19	0.845679	no
MYO7B	19	0.942369	no
MYO9A	19	0.989474	no
MYO9B	19	0.978499	no
MYOC	19	0.805181	no
MYOCD	19	0.716865	no
MYOCOS	19	0.849165	no
MYOD1	19	nan	yes
MYOF	19	0.922266	no
MYOG	19	0.576459	no
MYOM1	19	0.805970	no
MYOM2	19	0.901894	no
MYOM3	19	0.735041	no
MYORG	19	0.958681	no
MYOT	19	0.842198	no
MYOZ1	19	0.875860	no
MYOZ2	19	0.807167	no
MYOZ3	19	0.702969	no
MYPN	19	0.667108	no
MYPOP	19	0.927912	no
MYRF	19	0.881966	no
MYRFL	19	0.728553	no
MYRIP	19	0.936787	no
MYSM1	19	0.940351	no
MYT1	19	0.951734	no
MYT1L	19	0.891916	no
MYZAP	19	0.559811	no
MZB1	19	0.986106	no
MZF1	19	0.976744	no
MZT1	19	0.935441	no
MZT2A	19	0.832821	no
MZT2B	19	0.947784	no
N4BP1	19	0.915789	no
N4BP2	19	0.849123	no
N4BP2L1	19	0.942105	no
N4BP2L2	19	0.980702	no
N4BP3	19	0.862917	no
N6AMT1	19	0.843352	no
NAA10	19	0.979350	no
NAA11	19	0.742376	no
NAA15	19	0.863158	no
NAA16	19	0.817544	no
NAA20	19	0.961404	no
NAA25	19	0.983765	no
NAA30	19	0.812666	no
NAA35	19	0.963158	no
NAA38	19	0.959649	no
NAA40	19	0.996051	no
NAA50	19	0.906538	no
NAA60	19	0.966072	no
NAA80	19	0.805652	no
NAAA	19	0.877193	no
NAALAD2	19	0.935526	no
NAALADL1	19	0.970766	no
NAALADL2	19	0.968421	no
NAB1	19	0.866667	no
NAB2	19	0.949539	no
NABP1	19	0.953050	no
NABP2	19	0.959649	no
NACA	19	0.884211	no
NACA2	19	0.926846	no
NACAD	19	0.950448	no
NACC1	19	0.793330	no
NACC2	19	0.973684	no
NADK	19	0.878841	no
NADK2	19	0.906538	no
NADSYN1	19	0.846863	no
NAE1	19	0.966667	no
NAF1	19	0.924561	no
NAGA	19	0.950877	no
NAGK	19	0.954386	no
NAGLU	19	0.892953	no
NAGPA	19	0.930233	no
NAGS	19	0.790126	no
NAIF1	19	0.910048	no
NAIP	19	0.889273	no
NALCN	19	0.776264	no
NALF1	19	0.937253	no
NALF2	19	0.884054	no
NAMPT	19	0.917544	no
NANOG	19	0.869803	no
NANOGNB	19	0.881299	no
NANOGP8	16	0.709822	no
NANOS1	19	0.956810	no
NANOS2	19	nan	no
NANOS3	19	0.861596	no
NANP	19	0.870062	no
NANS	19	0.912281	no
NAP1L1	19	0.935088	no
NAP1L2	19	0.968805	no
NAP1L3	19	0.914286	no
NAP1L4	19	0.947368	no
NAP1L5	19	0.939008	no
NAPA	19	0.939886	no
NAPB	19	0.896491	no
NAPEPLD	19	0.882431	no
NAPG	19	0.910926	no
NAPRT	19	0.954805	no
NAPSA	19	0.770665	no
NARF	19	0.934621	no
NARS1	19	0.975439	no
NARS2	19	0.793679	no
NASP	19	0.929825	no
NAT1	19	0.959193	no
NAT10	19	0.936376	no
NAT14	19	0.957381	no
NAT16	19	0.835957	no
NAT2	19	0.731048	no
NAT8	19	0.727998	no
NAT8L	19	0.955983	no
NAT9	19	0.811238	no
NATD1	19	0.974989	no
NAV1	19	0.982887	no
NAV2	19	0.903509	no
NAV3	19	0.884211	no
NAXD	19	0.932865	no
NAXE	19	0.960070	no
NBAS	19	0.975439	no
NBDY	19	0.945151	no
NBEA	19	0.943860	no
NBEAL1	19	0.868421	no
NBEAL2	19	0.952632	no
NBL1	19	0.950417	no
NBN	19	0.943860	no
NBPF1	19	0.968421	no
NBPF10	19	0.910048	no
NBPF11	19	0.958315	no
NBPF12	19	0.812281	no
NBPF15	19	0.836332	no
NBPF19	19	0.841546	no
NBPF3	19	0.978912	no
NBPF4	19	nan	yes
NBPF6	16	nan	yes
NBPF9	19	0.964458	no
NBR1	19	0.877193	no
NCALD	19	0.898246	no
NCAM1	19	0.936376	no
NCAM2	19	0.806848	no
NCAN	19	0.973825	no
NCAPD2	19	0.824046	no
NCAPD3	19	0.900000	no
NCAPG	19	0.808979	no
NCAPG2	19	0.888986	no
NCAPH	19	0.932835	no
NCAPH2	19	0.920983	no
NCBP1	19	0.873684	no
NCBP2	19	0.905660	no
NCBP2AS2	19	0.940351	no
NCBP2L	19	0.888495	no
NCBP3	19	0.831066	no
NCCRP1	19	0.421416	no
NCDN	19	0.992982	no
NCEH1	19	0.950877	no
NCF1	19	0.974750	no
NCF2	19	0.963061	no
NCF4	19	0.972038	no
NCK1	19	0.947368	no
NCK2	19	0.836842	no
NCKAP1	19	0.975439	no
NCKAP1L	19	0.948109	no
NCKAP5	19	0.953927	no
NCKAP5L	19	0.976744	no
NCKIPSD	19	0.784710	no
NCL	19	0.917544	no
NCLN	19	0.969724	no
NCMAP	19	0.812060	no
NCOA1	19	0.950877	no
NCOA2	19	0.984211	no
NCOA3	19	0.949123	no
NCOA4	19	0.976744	no
NCOA5	19	0.975439	no
NCOA6	19	0.957895	no
NCOA7	19	0.857895	no
NCOR1	19	0.973684	no
NCOR2	19	0.962703	no
NCR1	19	0.898948	no
NCR2	19	0.541959	no
NCR3	19	0.583333	no
NCR3LG1	19	0.599649	no
NCS1	19	0.916191	no
NCSTN	19	0.925845	no
NDC1	19	0.949078	no
NDC80	19	0.862539	no
NDE1	19	0.975439	no
NDEL1	19	0.954386	no
NDFIP1	19	0.940351	no
NDFIP2	19	0.955682	no
NDN	19	0.876485	no
NDNF	19	0.885160	no
NDOR1	19	0.920983	no
NDP	19	0.916417	no
NDRG1	19	0.945614	no
NDRG2	19	0.859649	no
NDRG3	19	0.787719	no
NDRG4	19	0.942469	no
NDST1	19	0.945614	no
NDST2	19	0.967853	no
NDST3	19	0.813187	no
NDST4	19	0.912097	no
NDUFA1	19	0.956140	no
NDUFA10	19	0.945614	no
NDUFA11	19	0.975825	no
NDUFA12	19	0.989474	no
NDUFA13	19	0.949123	no
NDUFA2	19	0.949123	no
NDUFA3	19	0.949123	no
NDUFA4	19	0.985965	no
NDUFA4L2	19	0.779444	no
NDUFA5	19	0.987275	no
NDUFA6	19	0.956140	no
NDUFA7	19	0.952641	no
NDUFA8	19	0.965336	no
NDUFA9	19	0.974901	no
NDUFAB1	19	0.984211	no
NDUFAF1	19	0.880211	no
NDUFAF2	19	0.853883	no
NDUFAF3	19	0.985965	no
NDUFAF4	19	0.929825	no
NDUFAF5	19	0.940351	no
NDUFAF6	19	0.970175	no
NDUFAF7	19	0.976285	no
NDUFAF8	19	0.942105	no
NDUFB1	19	0.967969	no
NDUFB10	19	0.977193	no
NDUFB11	19	0.959649	no
NDUFB2	19	0.971930	no
NDUFB3	19	0.964912	no
NDUFB4	19	0.992982	no
NDUFB5	19	0.914838	no
NDUFB6	19	0.984211	no
NDUFB7	19	0.956140	no
NDUFB8	19	0.996488	no
NDUFB9	19	0.935088	no
NDUFC1	19	0.959649	no
NDUFC2	19	0.989891	no
NDUFC2-KCTD14	19	0.923247	no
NDUFS1	19	0.871930	no
NDUFS2	19	0.922807	no
NDUFS3	19	0.984211	no
NDUFS4	19	0.914035	no
NDUFS5	19	0.982887	no
NDUFS6	19	0.918824	no
NDUFS7	19	0.950877	no
NDUFS8	19	0.938596	no
NDUFV1	19	0.924090	no
NDUFV2	19	0.945151	no
NDUFV3	19	0.859649	no
NEB	19	0.879719	no
NEBL	19	0.967091	no
NECAB1	19	0.950877	no
NECAB2	19	0.898725	no
NECAB3	19	0.956102	no
NECAP1	19	0.982887	no
NECAP2	19	0.980255	no
NECTIN1	19	0.788065	no
NECTIN2	19	0.901273	no
NECTIN3	19	0.943860	no
NECTIN4	19	0.751548	no
NEDD1	19	0.948662	no
NEDD4	19	0.892982	no
NEDD4L	19	0.984211	no
NEDD8	19	0.962231	no
NEDD9	19	0.943860	no
NEFH	19	0.928117	no
NEFL	19	0.806420	no
NEFM	19	0.760201	no
NEGR1	19	0.942105	no
NEIL1	19	0.856140	no
NEIL2	19	0.932689	no
NEIL3	19	0.624695	no
NEK1	19	0.866667	no
NEK10	19	0.928070	no
NEK11	19	0.944274	no
NEK2	19	0.830614	no
NEK3	19	0.885965	no
NEK4	19	0.894737	no
NEK5	19	0.917544	no
NEK6	19	0.939886	no
NEK7	19	0.936376	no
NEK8	19	0.966667	no
NEK9	19	0.956140	no
NELFA	19	0.968421	no
NELFB	19	0.798596	no
NELFCD	19	0.976744	no
NELFE	19	0.992982	no
NELL1	19	0.872969	no
NELL2	19	0.945614	no
NEMF	19	0.927600	no
NEMP1	19	0.933743	no
NEMP2	19	0.846863	no
NENF	19	0.975439	no
NEO1	19	0.819298	no
NEPRO	19	0.815789	no
NES	19	0.749570	no
NET1	19	0.917544	no
NETO1	19	0.818588	no
NETO2	19	0.903028	no
NEU1	19	0.969918	no
NEU2	16	nan	yes
NEU3	19	0.924090	no
NEU4	19	0.962293	no
NEURL1	19	0.918314	no
NEURL1B	19	0.822496	no
NEURL2	19	0.858586	no
NEURL3	19	0.817762	no
NEURL4	19	0.958654	no
NEUROD1	19	1.000000	no
NEUROD2	19	0.794584	no
NEUROD4	19	-0.055556	no
NEUROD6	16	0.895280	no
NEUROG1	16	1.000000	yes
NEUROG2	16	0.876837	no
NEUROG3	16	0.112514	no
NEXMIF	19	0.945566	no
NEXN	19	0.970601	no
NF1	19	0.961404	no
NF2	19	0.945614	no
NFAM1	19	0.976223	no
NFASC	19	0.966637	no
NFAT5	19	0.833333	no
NFATC1	19	0.880211	no
NFATC2	19	0.950877	no
NFATC2IP	19	0.754386	no
NFATC3	19	0.959649	no
NFATC4	19	0.915289	no
NFE2	19	0.836951	no
NFE2L1	19	0.956140	no
NFE2L2	19	0.950877	no
NFE2L3	19	0.822807	no
NFIA	19	0.980702	no
NFIB	19	0.901754	no
NFIC	19	0.919298	no
NFIL3	19	0.956140	no
NFILZ	19	0.868949	no
NFIX	19	0.954386	no
NFKB1	19	0.908772	no
NFKB2	19	0.911326	no
NFKBIA	19	0.973684	no
NFKBIB	19	0.746596	no
NFKBID	19	0.778412	no
NFKBIE	19	0.854258	no
NFKBIL1	19	0.879343	no
NFKBIZ	19	0.945614	no
NFRKB	19	0.922334	no
NFS1	19	0.955682	no
NFU1	19	0.863158	no
NFX1	19	0.959649	no
NFXL1	19	0.694737	no
NFYA	19	0.956140	no
NFYB	19	0.952632	no
NFYC	19	0.980702	no
NGB	19	0.880825	no
NGDN	19	0.963158	no
NGEF	19	0.933187	no
NGF	19	0.790814	no
NGFR	19	0.818737	no
NGLY1	19	0.987719	no
NGRN	19	0.975304	no
NHEJ1	19	0.962637	no
NHLH1	19	0.847125	no
NHLH2	19	0.951563	no
NHLRC1	19	0.944840	no
NHLRC2	19	0.808772	no
NHLRC3	19	0.984211	no
NHLRC4	19	1.000000	yes
NHP2	19	0.964912	no
NHS	19	0.964458	no
NHSL1	19	0.984211	no
NHSL2	19	0.764370	no
NIBAN1	19	0.931579	no
NIBAN2	19	0.861782	no
NIBAN3	19	0.953642	no
NICN1	19	0.808782	no
NID1	19	0.847740	no
NID2	19	0.884007	no
NIF3L1	19	0.926316	no
NIFK	19	0.956140	no
NIM1K	19	0.896309	no
NIN	19	0.961404	no
NINJ1	19	0.947368	no
NINJ2	19	0.966667	no
NINL	19	0.971930	no
NIP7	19	0.987275	no
NIPA1	19	0.971404	no
NIPA2	19	0.926251	no
NIPAL1	19	0.922807	no
NIPAL2	19	0.784211	no
NIPAL3	19	0.927945	no
NIPAL4	19	0.887392	no
NIPBL	19	0.977193	no
NIPSNAP1	19	0.836627	no
NIPSNAP2	19	0.900000	no
NIPSNAP3A	19	0.857895	no
NIPSNAP3B	19	0.869680	no
NISCH	19	0.840351	no
NIT1	19	0.906376	no
NIT2	19	0.941641	no
NKAIN1	19	0.942266	no
NKAIN2	19	0.816148	no
NKAIN3	19	0.472344	no
NKAIN4	19	0.932540	no
NKAP	19	0.957895	no
NKAPD1	19	0.831944	no
NKAPL	19	0.885815	no
NKD1	19	0.843449	no
NKD2	19	0.936944	no
NKG7	19	0.899709	no
NKIRAS1	19	0.838596	no
NKIRAS2	19	0.932397	no
NKPD1	19	0.841312	no
NKRF	19	0.873684	no
NKTR	19	0.843860	no
NKX1-1	16	nan	yes
NKX1-2	16	1.000000	no
NKX2-1	16	1.000000	no
NKX2-2	19	0.908142	no
NKX2-3	16	0.478902	no
NKX2-4	16	-0.066667	no
NKX2-5	19	0.500000	no
NKX2-6	19	1.000000	yes
NKX2-8	16	1.000000	no
NKX3-1	19	0.775089	no
NKX3-2	19	nan	no
NKX6-1	19	0.631649	no
NKX6-2	19	0.782785	no
NKX6-3	19	0.789062	no
NLE1	19	0.918314	no
NLGN1	19	0.915789	no
NLGN2	19	0.913529	no
NLGN3	19	0.966579	no
NLGN4X	19	0.744513	no
NLGN4Y	19	0.956407	no
NLK	19	0.977193	no
NLN	19	0.836188	no
NLRC3	19	0.981555	no
NLRC4	19	0.984169	no
NLRC5	19	0.980702	no
NLRP1	19	0.970175	no
NLRP10	19	0.929078	no
NLRP11	19	0.892322	no
NLRP12	19	0.926733	no
NLRP13	19	0.684302	no
NLRP14	19	0.943019	no
NLRP2	19	0.974756	no
NLRP2B	19	0.825812	no
NLRP4	19	0.705072	no
NLRP5	19	0.756469	no
NLRP6	19	0.918069	no
NLRP7	19	0.959759	no
NLRP8	19	0.850626	no
NLRP9	19	0.807938	no
NLRX1	19	0.878456	no
NMB	19	0.960492	no
NMBR	19	0.856700	no
NMD3	19	0.792982	no
NME1	19	0.961370	no
NME2	19	0.929956	no
NME3	19	0.941641	no
NME4	19	0.957895	no
NME5	19	0.959193	no
NME6	19	0.967969	no
NME7	19	0.991228	no
NME8	19	0.782060	no
NME9	19	0.891619	no
NMI	19	0.987719	no
NMNAT1	19	0.990786	no
NMNAT2	19	0.976285	no
NMNAT3	19	0.942105	no
NMRAL1	19	0.978947	no
NMRK1	19	0.856140	no
NMRK2	19	0.916388	no
NMS	19	0.478429	no
NMT1	19	0.747368	no
NMT2	19	0.933333	no
NMU	19	0.603452	no
NMUR1	19	0.905406	no
NMUR2	19	0.770421	no
NNAT	19	0.719788	no
NNMT	19	0.756472	no
NNT	19	0.908772	no
NOA1	19	0.999561	no
NOB1	19	0.958315	no
NOBOX	19	0.685125	no
NOC2L	19	0.964458	no
NOC3L	19	0.975439	no
NOC4L	19	0.957895	no
NOCT	19	0.807018	no
NOD1	19	0.971930	no
NOD2	19	0.923216	no
NODAL	19	0.923565	no
NOG	19	0.813244	no
NOL10	19	0.775439	no
NOL11	19	0.891228	no
NOL12	19	0.857968	no
NOL3	19	0.971479	no
NOL4	19	0.902858	no
NOL4L	19	0.935088	no
NOL6	19	0.904218	no
NOL7	19	0.943860	no
NOL8	19	0.910448	no
NOL9	19	0.906538	no
NOLC1	19	0.870175	no
NOM1	19	0.965336	no
NOMO1	19	0.990334	no
NOMO2	19	0.859356	no
NOMO3	19	0.842430	no
NONO	19	0.929825	no
NOP10	19	0.978947	no
NOP14	19	0.959193	no
NOP16	19	0.866491	no
NOP2	19	0.865000	no
NOP53	19	0.956140	no
NOP56	19	0.966667	no
NOP58	19	0.952632	no
NOP9	19	0.934226	no
NOPCHAP1	19	0.863158	no
NOS1	19	0.740433	no
NOS1AP	19	0.933333	no
NOS2	19	0.772063	no
NOS3	19	0.862192	no
NOSIP	19	0.961404	no
NOSTRIN	19	0.774649	no
NOTCH1	19	0.978947	no
NOTCH2	19	0.957895	no
NOTCH2NLA	19	0.764346	no
NOTCH2NLB	13	0.677003	no
NOTCH2NLC	13	0.390868	no
NOTCH3	19	0.782227	no
NOTCH4	19	0.927338	no
NOTO	19	0.758264	no
NOTUM	19	0.854505	no
NOVA1	19	0.918824	no
NOVA2	19	0.744914	no
NOX1	19	0.925398	no
NOX3	19	0.896107	no
NOX4	19	0.483917	no
NOX5	13	0.885158	no
NOXA1	19	0.984211	no
NOXO1	19	0.953181	no
NOXRED1	19	0.981555	no
NPAP1	19	0.889395	no
NPAS1	19	0.796656	no
NPAS2	19	0.882456	no
NPAS3	19	0.971479	no
NPAS4	19	0.821037	no
NPAT	19	0.984211	no
NPB	19	0.912797	no
NPBWR1	16	0.863556	no
NPBWR2	16	nan	yes
NPC1	19	0.945614	no
NPC1L1	19	0.920775	no
NPC2	19	0.942105	no
NPDC1	19	0.930110	no
NPEPL1	19	0.957895	no
NPEPPS	19	0.908772	no
NPFF	16	0.827000	no
NPFFR1	19	0.746179	no
NPFFR2	19	0.942238	no
NPHP1	19	0.980702	no
NPHP3	19	0.985061	no
NPHP4	19	0.982456	no
NPHS1	19	0.508788	no
NPHS2	19	0.617915	no
NPIPA1	19	0.921549	no
NPIPA2	19	0.812473	no
NPIPA3	19	0.788988	no
NPIPA5	19	0.965498	no
NPIPA7	19	0.912924	no
NPIPA8	16	0.877112	no
NPIPB11	16	0.978630	no
NPIPB12	19	0.801376	no
NPIPB13	19	0.966213	no
NPIPB15	19	0.987253	no
NPIPB2	19	0.972344	no
NPIPB3	19	0.915522	no
NPIPB4	19	0.950417	no
NPIPB5	19	0.881416	no
NPIPB6	19	0.936319	no
NPIPB7	16	nan	yes
NPIPB8	19	0.902642	no
NPL	19	0.890742	no
NPLOC4	19	0.905263	no
NPM1	19	0.896491	no
NPM2	19	0.965730	no
NPM3	19	0.952172	no
NPNT	19	0.843587	no
NPPA	19	0.780835	no
NPPB	19	0.997406	no
NPPC	19	0.858818	no
NPR1	19	0.890415	no
NPR2	19	0.951295	no
NPR3	19	0.781387	no
NPRL2	19	0.990781	no
NPRL3	19	0.971930	no
NPS	16	1.000000	yes
NPSR1	19	0.921309	no
NPTN	19	0.985965	no
NPTX1	19	0.935039	no
NPTX2	19	0.758345	no
NPTXR	19	0.972726	no
NPVF	16	0.534071	no
NPW	19	0.963045	no
NPY	19	0.809662	no
NPY1R	19	0.893440	no
NPY2R	19	nan	yes
NPY4R	16	nan	yes
NPY4R2	13	nan	yes
NPY5R	19	0.737187	no
NQO1	19	0.771930	no
NQO2	19	0.967091	no
NR0B1	19	0.929518	no
NR0B2	19	0.884330	no
NR1D1	19	0.966667	no
NR1D2	19	0.943860	no
NR1H2	19	0.966667	no
NR1H3	19	0.936842	no
NR1H4	19	0.774750	no
NR1I2	19	0.942637	no
NR1I3	19	0.968072	no
NR2C1	19	0.950877	no
NR2C2	19	0.994737	no
NR2C2AP	19	0.942105	no
NR2E1	19	0.859937	no
NR2E3	19	0.861199	no
NR2F1	19	0.801760	no
NR2F2	19	0.940247	no
NR2F6	19	0.933246	no
NR3C1	19	0.978947	no
NR3C2	19	0.973684	no
NR4A1	19	0.892982	no
NR4A2	19	0.961404	no
NR4A3	19	0.905263	no
NR5A1	19	0.773494	no
NR5A2	19	0.898857	no
NR6A1	19	0.984211	no
NRAP	19	0.765689	no
NRARP	19	0.924330	no
NRAS	19	0.953887	no
NRBF2	19	0.947784	no
NRBP1	19	0.966667	no
NRBP2	19	0.968421	no
NRCAM	19	0.942105	no
NRDC	19	0.978499	no
NRDE2	19	0.922334	no
NREP	19	0.946029	no
NRF1	19	0.991228	no
NRG1	19	0.881088	no
NRG2	19	0.978499	no
NRG3	19	0.885476	no
NRG4	19	0.956140	no
NRGN	19	0.665787	no
NRIP1	19	0.675439	no
NRIP2	19	0.861540	no
NRIP3	19	0.948200	no
NRK	19	0.838994	no
NRL	19	0.873230	no
NRM	19	0.864363	no
NRN1	19	0.913354	no
NRN1L	19	0.835825	no
NRP1	19	0.945614	no
NRP2	19	0.906538	no
NRROS	19	0.998273	no
NRSN1	19	0.889432	no
NRSN2	19	0.991228	no
NRTN	19	0.734506	no
NRXN1	19	0.784021	no
NRXN2	19	0.845208	no
NRXN3	19	0.956140	no
NSA2	19	0.856140	no
NSD1	19	0.963158	no
NSD2	19	0.956140	no
NSD3	19	0.978947	no
NSDHL	19	0.904741	no
NSF	19	0.948155	no
NSFL1C	19	0.982456	no
NSG1	19	0.818621	no
NSG2	19	0.900978	no
NSL1	19	0.922807	no
NSMAF	19	0.924967	no
NSMCE1	19	0.931579	no
NSMCE2	19	0.971930	no
NSMCE3	19	nan	yes
NSMCE4A	19	0.964912	no
NSMF	19	0.821413	no
NSRP1	19	0.931579	no
NSUN2	19	0.950877	no
NSUN3	19	0.966667	no
NSUN4	19	0.908772	no
NSUN5	19	0.970175	no
NSUN6	19	0.984211	no
NSUN7	19	0.954386	no
NT5C	19	0.902150	no
NT5C1A	19	0.800388	no
NT5C1B	19	1.000000	yes
NT5C2	19	0.980702	no
NT5C3A	19	0.910526	no
NT5C3B	19	0.933743	no
NT5DC1	19	0.861404	no
NT5DC2	19	0.626814	no
NT5DC3	19	0.878947	no
NT5DC4	19	0.840581	no
NT5E	19	0.977193	no
NT5M	19	0.877963	no
NTAN1	19	0.857646	no
NTAQ1	19	0.795605	no
NTF3	19	0.858645	no
NTF4	16	nan	yes
NTHL1	19	0.953009	no
NTM	19	0.946861	no
NTMT1	19	0.900000	no
NTMT2	19	0.845302	no
NTN1	19	0.879719	no
NTN3	19	0.816830	no
NTN4	19	0.857895	no
NTN5	19	0.957269	no
NTNG1	19	0.651296	no
NTNG2	19	0.948155	no
NTPCR	19	0.945614	no
NTRK1	19	0.912986	no
NTRK2	19	0.926722	no
NTRK3	19	0.950373	no
NTS	19	0.788077	no
NTSR1	19	0.924445	no
NTSR2	19	0.894439	no
NUAK1	19	0.929355	no
NUAK2	19	0.864414	no
NUB1	19	0.912281	no
NUBP1	19	0.956140	no
NUBP2	19	0.968421	no
NUBPL	19	0.947368	no
NUCB1	19	0.980702	no
NUCB2	19	0.864912	no
NUCKS1	19	0.970175	no
NUDC	19	0.949123	no
NUDCD1	19	0.763158	no
NUDCD2	19	0.996051	no
NUDCD3	19	0.973684	no
NUDT1	19	0.989474	no
NUDT10	19	0.936224	no
NUDT11	19	0.939381	no
NUDT12	19	0.987275	no
NUDT13	19	0.809398	no
NUDT14	19	0.935470	no
NUDT15	19	0.959193	no
NUDT16	19	0.922334	no
NUDT16L1	19	0.899035	no
NUDT17	19	0.960000	no
NUDT18	19	0.779095	no
NUDT19	19	0.770413	no
NUDT2	19	0.961404	no
NUDT21	19	0.956140	no
NUDT22	19	0.849495	no
NUDT3	19	0.926316	no
NUDT4	19	0.938596	no
NUDT4B	16	1.000000	no
NUDT5	19	0.844601	no
NUDT6	19	0.964458	no
NUDT7	19	0.933275	no
NUDT8	19	0.823297	no
NUDT9	19	0.870175	no
NUF2	19	0.801580	no
NUFIP1	19	0.714976	no
NUFIP2	19	0.959649	no
NUGGC	19	0.858283	no
NUMA1	19	0.873684	no
NUMB	19	0.947368	no
NUMBL	19	0.908772	no
NUP107	19	0.889474	no
NUP133	19	0.912681	no
NUP153	19	0.914035	no
NUP155	19	0.825859	no
NUP160	19	0.949123	no
NUP188	19	0.837577	no
NUP205	19	0.980702	no
NUP210	19	0.975439	no
NUP210L	19	0.848618	no
NUP214	19	0.971930	no
NUP35	19	0.903863	no
NUP37	19	0.853883	no
NUP42	19	0.832821	no
NUP43	19	0.639157	no
NUP50	19	0.989474	no
NUP54	19	0.924561	no
NUP58	19	0.913559	no
NUP62	19	0.866140	no
NUP62CL	19	0.936759	no
NUP85	19	0.935909	no
NUP88	19	0.891228	no
NUP93	19	0.888986	no
NUP98	19	0.857895	no
NUPR1	19	0.890658	no
NUPR2	19	0.778227	no
NUS1	19	0.881966	no
NUSAP1	19	0.717302	no
NUTF2	19	0.975439	no
NUTM1	19	0.806167	no
NUTM2A	19	0.646065	no
NUTM2B	19	0.569750	no
NUTM2D	16	0.761194	no
NUTM2E	16	0.867899	no
NUTM2F	19	0.850728	no
NUTM2G	16	0.740385	no
NVL	19	0.949956	no
NWD1	19	0.941953	no
NWD2	19	0.769043	no
NXF1	19	0.924462	no
NXF2	16	1.000000	yes
NXF2B	16	1.000000	no
NXF3	19	0.882769	no
NXN	19	0.866667	no
NXNL1	19	0.995652	no
NXNL2	19	0.878908	no
NXPE1	19	0.803455	no
NXPE2	19	0.784288	no
NXPE3	19	0.961404	no
NXPE4	19	0.743553	no
NXPH1	19	0.967814	no
NXPH2	19	0.956045	no
NXPH3	19	0.818899	no
NXPH4	19	0.692007	no
NXT1	19	0.938596	no
NXT2	19	0.956980	no
NYAP1	19	0.825573	no
NYAP2	19	0.896658	no
NYNRIN	19	0.891037	no
NYX	19	0.921702	no
OAF	19	0.857394	no
OARD1	19	0.871930	no
OAS1	19	0.944274	no
OAS2	19	0.844328	no
OAS3	19	0.912643	no
OASL	19	0.941799	no
OAT	19	0.982456	no
OAZ1	19	0.988587	no
OAZ2	19	0.959649	no
OAZ3	19	0.866791	no
OBI1	19	0.775779	no
OBP2A	16	0.655763	no
OBP2B	19	0.743437	no
OBSCN	19	0.889474	no
OBSL1	19	0.953468	no
OC90	16	1.000000	yes
OCA2	19	0.790678	no
OCEL1	19	0.901754	no
OCIAD1	19	0.878947	no
OCIAD2	19	0.977193	no
OCLN	19	0.923090	no
OCM	19	0.961781	no
OCM2	19	0.843719	no
OCRL	19	0.935088	no
OCSTAMP	19	0.862100	no
ODAD1	19	0.820482	no
ODAD2	19	0.911610	no
ODAD3	19	0.743083	no
ODAD4	19	0.973638	no
ODAM	19	0.395758	no
ODAPH	19	0.913092	no
ODC1	19	0.982456	no
ODF1	19	0.663528	no
ODF2	19	0.970601	no
ODF2L	19	0.884211	no
ODF3	19	0.396746	no
ODF3B	19	0.897672	no
ODF3L1	19	0.874844	no
ODF3L2	19	0.614569	no
ODF4	19	0.224307	no
ODR4	19	0.650877	no
OFD1	19	0.871930	no
OGA	19	0.975439	no
OGDH	19	0.980702	no
OGDHL	19	0.856340	no
OGFOD1	19	0.922807	no
OGFOD2	19	0.952345	no
OGFOD3	19	0.960948	no
OGFR	19	0.964912	no
OGFRL1	19	0.938131	no
OGG1	19	0.792801	no
OGN	19	0.846831	no
OGT	19	0.952632	no
OIP5	19	0.885376	no
OIT3	19	0.938940	no
OLA1	19	0.728070	no
OLAH	19	0.853449	no
OLFM1	19	0.812969	no
OLFM2	19	0.884211	no
OLFM3	19	0.808765	no
OLFM4	19	0.578672	no
OLFML1	19	0.919014	no
OLFML2A	19	0.753082	no
OLFML2B	19	0.900657	no
OLFML3	19	0.579225	no
OLIG1	19	0.909556	no
OLIG2	19	0.744541	no
OLIG3	19	1.000000	yes
OLR1	19	0.802208	no
OMA1	19	0.901099	no
OMD	19	0.873684	no
OMG	19	0.985965	no
OMP	16	nan	yes
ONECUT1	19	0.839612	no
ONECUT2	19	0.941778	no
ONECUT3	19	0.773317	no
OOEP	19	0.934621	no
OOSP2	19	1.000000	yes
OOSP3	19	0.904232	no
OOSP4A	19	0.998912	no
OOSP4B	19	0.999270	no
OPA1	19	0.812281	no
OPA3	19	0.882456	no
OPALIN	19	0.802642	no
OPCML	19	0.803337	no
OPHN1	19	0.974989	no
OPLAH	19	0.934095	no
OPN1LW	19	nan	yes
OPN1MW	19	nan	yes
OPN1MW2	16	nan	yes
OPN1MW3	13	nan	yes
OPN1SW	19	0.846518	no
OPN3	19	0.839333	no
OPN4	19	0.726483	no
OPN5	19	0.941387	no
OPRD1	19	0.866164	no
OPRK1	19	0.836981	no
OPRL1	19	0.986063	no
OPRM1	19	0.945567	no
OPRPN	19	0.355671	no
OPTC	19	0.786208	no
OPTN	19	0.942105	no
OR10A2	19	0.787647	no
OR10A3	19	nan	yes
OR10A4	19	1.000000	no
OR10A5	16	nan	yes
OR10A6	19	1.000000	no
OR10A7	16	nan	yes
OR10AD1	19	0.726483	no
OR10AG1	19	nan	no
OR10C1	16	nan	yes
OR10D3	19	0.792629	no
OR10G2	16	nan	yes
OR10G3	19	0.837380	no
OR10G4	19	0.993961	no
OR10G6	16	nan	yes
OR10G7	16	1.000000	yes
OR10G8	19	nan	yes
OR10G9	16	nan	yes
OR10H1	19	0.403778	no
OR10H2	16	nan	yes
OR10H3	19	0.687184	no
OR10H4	19	nan	yes
OR10H5	19	0.768578	no
OR10J1	19	1.000000	yes
OR10J5	16	nan	yes
OR10K1	19	0.616693	no
OR10K2	19	0.726483	no
OR10P1	16	1.000000	yes
OR10Q1	16	nan	yes
OR10T2	19	nan	yes
OR10V1	16	nan	yes
OR10W1	16	nan	yes
OR10X1	16	nan	yes
OR10Z1	19	1.000000	yes
OR11A1	19	0.938723	no
OR11H12	13	nan	yes
OR11H2	13	1.000000	no
OR11H6	16	nan	yes
OR11L1	16	nan	yes
OR12D2	19	nan	yes
OR12D3	16	nan	yes
OR13A1	19	0.997069	no
OR13C2	16	nan	no
OR13C4	19	0.469861	no
OR13C5	19	0.837958	no
OR13C8	16	nan	yes
OR13C9	19	nan	no
OR13F1	16	nan	yes
OR13G1	19	0.637061	no
OR13H1	16	nan	yes
OR13J1	16	1.000000	yes
OR14A16	19	0.747409	no
OR14A2	16	0.869287	no
OR14C36	16	nan	yes
OR14I1	19	0.816830	no
OR14J1	19	0.469861	no
OR14K1	16	nan	yes
OR1A1	19	0.989583	no
OR1A2	16	nan	yes
OR1B1	16	0.967782	no
OR1C1	19	nan	no
OR1D2	19	0.841969	no
OR1D5	16	nan	yes
OR1E1	19	0.816830	no
OR1E2	16	nan	no
OR1F1	16	0.914702	no
OR1G1	16	nan	yes
OR1I1	19	0.882817	no
OR1J1	19	nan	yes
OR1J2	16	nan	yes
OR1J4	16	nan	yes
OR1K1	16	nan	yes
OR1L1	16	nan	yes
OR1L3	16	nan	yes
OR1L4	16	nan	yes
OR1L6	19	0.642558	no
OR1L8	19	0.934764	no
OR1M1	19	0.648173	no
OR1N1	16	nan	yes
OR1N2	19	0.687184	no
OR1Q1	16	nan	yes
OR2A1	19	0.522610	no
OR2A12	19	0.916872	no
OR2A14	19	0.685870	no
OR2A2	19	nan	yes
OR2A25	19	0.687184	no
OR2A4	13	nan	yes
OR2A42	16	0.670503	no
OR2A5	19	0.889395	no
OR2A7	19	nan	yes
OR2AE1	19	1.000000	yes
OR2AG1	19	0.741525	no
OR2AG2	19	0.910380	no
OR2AJ1	19	0.748967	no
OR2AP1	19	0.726483	no
OR2AT4	19	0.998912	no
OR2B11	19	0.794281	no
OR2B2	16	nan	yes
OR2B3	16	nan	yes
OR2B6	16	1.000000	no
OR2C1	19	0.460926	no
OR2C3	19	0.998912	no
OR2D2	16	nan	yes
OR2D3	16	nan	yes
OR2F1	19	0.996344	no
OR2F2	16	nan	yes
OR2G2	16	nan	yes
OR2G3	16	nan	yes
OR2G6	19	0.933002	no
OR2H1	19	nan	no
OR2H2	19	0.894229	no
OR2J1	16	nan	yes
OR2J2	16	0.730297	no
OR2J3	19	nan	no
OR2K2	19	0.889757	no
OR2L13	19	0.893718	no
OR2L2	19	0.941560	no
OR2L3	19	0.939172	no
OR2L5	19	0.963585	no
OR2L8	19	0.839254	no
OR2M2	16	1.000000	no
OR2M3	19	0.890564	no
OR2M4	19	1.000000	no
OR2M5	16	nan	yes
OR2M7	16	nan	yes
OR2S2	16	nan	yes
OR2T10	19	0.859758	no
OR2T11	19	0.954392	no
OR2T12	19	0.894672	no
OR2T2	19	0.903379	no
OR2T27	16	1.000000	no
OR2T29	19	0.816830	no
OR2T3	19	1.000000	yes
OR2T33	19	1.000000	no
OR2T34	19	0.726483	no
OR2T35	16	0.876837	no
OR2T5	16	nan	yes
OR2T6	19	1.000000	no
OR2T8	16	0.747201	no
OR2V1	16	0.843274	no
OR2V2	19	0.820531	no
OR2W1	16	nan	yes
OR2W3	16	nan	yes
OR2Y1	16	nan	yes
OR2Z1	19	0.321798	no
OR3A1	19	nan	yes
OR4A16	16	nan	yes
OR4A47	16	nan	yes
OR4A5	16	nan	yes
OR4B1	16	nan	yes
OR4C11	16	nan	yes
OR4C12	16	nan	yes
OR4C13	16	nan	yes
OR4C15	16	nan	yes
OR4C16	16	nan	yes
OR4C3	19	1.000000	yes
OR4C46	16	nan	yes
OR4C5	16	1.000000	yes
OR4C6	16	nan	yes
OR4D1	19	0.784808	no
OR4D10	19	0.750000	no
OR4D11	16	nan	yes
OR4D2	19	0.544331	no
OR4D5	16	nan	yes
OR4D6	16	nan	yes
OR4D9	19	0.779786	no
OR4E1	19	nan	yes
OR4F15	19	0.816830	no
OR4F16	16	nan	yes
OR4F17	19	nan	no
OR4F21	13	nan	yes
OR4F29	13	nan	yes
OR4F3	13	nan	yes
OR4F6	19	nan	yes
OR4K1	19	0.645763	no
OR4K13	19	nan	yes
OR4K14	16	nan	yes
OR4K15	16	nan	yes
OR4K17	19	-0.055556	no
OR4K2	16	nan	yes
OR4K5	16	nan	yes
OR4L1	16	nan	yes
OR4M1	16	nan	yes
OR4M2	16	1.000000	yes
OR4M2B	13	nan	yes
OR4N2	19	0.761683	no
OR4N4	13	nan	yes
OR4N4C	13	nan	yes
OR4N5	16	nan	yes
OR4P4	16	nan	yes
OR4S1	16	nan	yes
OR4S2	16	nan	yes
OR4X1	16	nan	yes
OR4X2	16	nan	yes
OR51A2	16	nan	yes
OR51A4	16	0.632924	no
OR51A7	16	nan	yes
OR51B2	19	nan	yes
OR51B4	16	nan	yes
OR51B5	19	1.000000	yes
OR51B6	16	1.000000	yes
OR51D1	19	nan	yes
OR51E1	19	0.465517	no
OR51E2	19	0.776885	no
OR51F1	16	nan	yes
OR51F2	16	nan	yes
OR51G1	16	nan	yes
OR51G2	16	1.000000	yes
OR51I1	16	nan	yes
OR51I2	19	0.947084	no
OR51L1	19	1.000000	yes
OR51M1	19	0.782124	no
OR51Q1	16	1.000000	yes
OR51S1	16	nan	yes
OR51T1	16	nan	yes
OR52A1	19	1.000000	no
OR52A5	19	0.790895	no
OR52B2	16	nan	yes
OR52B4	16	nan	yes
OR52B6	19	1.000000	yes
OR52D1	19	nan	yes
OR52E2	16	nan	yes
OR52E4	19	0.816830	no
OR52E5	19	0.760022	no
OR52E6	16	nan	yes
OR52E8	16	nan	yes
OR52H1	19	nan	yes
OR52I1	19	0.997653	no
OR52J3	16	nan	yes
OR52K1	19	0.839254	no
OR52K2	19	nan	yes
OR52L1	16	nan	yes
OR52M1	16	nan	yes
OR52N1	16	nan	yes
OR52N2	19	0.948983	no
OR52N4	19	0.732653	no
OR52N5	19	nan	yes
OR52R1	16	nan	yes
OR52W1	16	nan	yes
OR56A3	19	0.898284	no
OR56A4	19	0.986111	no
OR56A5	16	nan	yes
OR56B1	16	0.662673	no
OR56B4	16	1.000000	yes
OR5A1	19	nan	no
OR5A2	16	nan	yes
OR5AC2	16	nan	yes
OR5AK2	16	nan	yes
OR5AN1	19	0.794459	no
OR5AP2	16	nan	yes
OR5AR1	16	nan	yes
OR5AS1	19	0.996727	no
OR5AU1	19	0.550173	no
OR5B12	19	0.321798	no
OR5B17	16	nan	yes
OR5B2	19	0.683333	no
OR5B21	19	0.708333	no
OR5B3	16	nan	yes
OR5C1	16	1.000000	yes
OR5D13	16	nan	yes
OR5D14	16	nan	yes
OR5D16	16	nan	yes
OR5D18	16	nan	yes
OR5F1	16	nan	yes
OR5H1	19	0.645763	no
OR5H14	19	nan	no
OR5H15	16	nan	yes
OR5H2	16	nan	yes
OR5H6	16	nan	yes
OR5I1	16	nan	yes
OR5J2	16	nan	yes
OR5K1	19	0.647059	no
OR5K2	16	1.000000	yes
OR5K3	16	nan	yes
OR5K4	16	nan	yes
OR5L1	16	nan	yes
OR5L2	16	nan	yes
OR5M1	16	nan	yes
OR5M10	16	nan	yes
OR5M11	16	nan	yes
OR5M3	16	nan	yes
OR5M8	16	nan	yes
OR5M9	16	nan	yes
OR5P2	16	nan	yes
OR5P3	16	nan	yes
OR5T1	16	nan	yes
OR5V1	19	0.928822	no
OR5W2	16	nan	yes
OR6A2	19	0.970339	no
OR6B1	19	0.726483	no
OR6B2	16	nan	yes
OR6B3	16	1.000000	yes
OR6C1	19	0.815946	no
OR6C2	19	0.747409	no
OR6C3	16	nan	yes
OR6C4	19	1.000000	yes
OR6C6	19	nan	no
OR6C65	16	1.000000	yes
OR6C68	16	1.000000	yes
OR6C70	16	nan	yes
OR6C74	16	nan	yes
OR6C75	19	1.000000	yes
OR6C76	16	1.000000	yes
OR6F1	16	nan	yes
OR6J1	19	0.897711	no
OR6K2	16	nan	yes
OR6K3	19	0.645763	no
OR6M1	16	nan	yes
OR6N1	19	0.941030	no
OR6N2	19	0.792629	no
OR6P1	19	0.726483	no
OR6Q1	16	nan	yes
OR6S1	16	nan	no
OR6T1	16	nan	yes
OR6V1	16	nan	yes
OR6X1	16	nan	yes
OR6Y1	16	nan	yes
OR7A10	19	0.729637	no
OR7A17	19	-0.117465	no
OR7A5	16	nan	yes
OR7C1	19	0.821943	no
OR7C2	16	nan	yes
OR7D2	19	0.896116	no
OR7D4	19	0.974933	no
OR7E24	19	0.837989	no
OR7G1	16	nan	yes
OR7G2	19	0.792118	no
OR7G3	16	nan	yes
OR8A1	19	0.855498	no
OR8B12	19	nan	no
OR8B2	19	nan	no
OR8B3	16	nan	no
OR8B4	16	nan	yes
OR8B8	19	nan	no
OR8D1	19	0.998456	no
OR8D2	16	nan	no
OR8D4	19	0.950205	no
OR8G1	19	0.740180	no
OR8H1	19	nan	yes
OR8H2	16	nan	yes
OR8H3	16	nan	yes
OR8I2	16	nan	yes
OR8J1	19	nan	yes
OR8J3	19	nan	yes
OR8K1	16	nan	yes
OR8K3	16	nan	yes
OR8K5	16	nan	yes
OR8U1	16	nan	yes
OR8U3	16	nan	yes
OR9A2	19	nan	yes
OR9A4	19	nan	yes
OR9G1	19	nan	yes
OR9I1	19	1.000000	yes
OR9Q1	19	0.922942	no
OR9Q2	19	0.998456	no
ORAI1	19	0.966825	no
ORAI2	19	0.968421	no
ORAI3	19	0.966847	no
ORC1	19	0.871096	no
ORC2	19	0.975439	no
ORC3	19	0.887719	no
ORC4	19	0.954386	no
ORC5	19	0.947368	no
ORC6	19	0.866930	no
ORM1	19	0.787086	no
ORM2	16	0.993198	no
ORMDL1	19	0.960948	no
ORMDL2	19	0.958279	no
ORMDL3	19	0.988153	no
OS9	19	0.907018	no
OSBP	19	0.929355	no
OSBP2	19	0.969724	no
OSBPL10	19	0.926316	no
OSBPL11	19	0.971930	no
OSBPL1A	19	0.942105	no
OSBPL2	19	0.884211	no
OSBPL3	19	0.945151	no
OSBPL5	19	0.954326	no
OSBPL6	19	0.984211	no
OSBPL7	19	0.967912	no
OSBPL8	19	0.987719	no
OSBPL9	19	0.861404	no
OSCAR	19	0.959387	no
OSCP1	19	0.945614	no
OSER1	19	0.943860	no
OSGEP	19	0.905263	no
OSGEPL1	19	0.891619	no
OSGIN1	19	0.890646	no
OSGIN2	19	0.891619	no
OSM	19	0.921537	no
OSMR	19	0.960948	no
OSR1	19	0.850425	no
OSR2	19	0.860469	no
OST4	19	0.954386	no
OSTC	19	0.892982	no
OSTF1	19	0.964912	no
OSTM1	19	0.953050	no
OSTN	19	0.854627	no
OTC	19	0.816497	no
OTOA	19	0.956174	no
OTOF	19	0.980897	no
OTOG	19	0.999482	no
OTOGL	19	0.928194	no
OTOL1	16	0.805714	no
OTOP1	19	0.844047	no
OTOP2	19	0.572808	no
OTOR	19	0.626769	no
OTOS	19	0.705887	no
OTP	19	0.477298	no
OTUB1	19	0.961404	no
OTUB2	19	0.900775	no
OTUD1	19	0.955123	no
OTUD3	19	0.966213	no
OTUD4	19	0.815789	no
OTUD5	19	0.935498	no
OTUD6A	19	0.997406	no
OTUD6B	19	0.766126	no
OTUD7A	19	0.822574	no
OTUD7B	19	0.985942	no
OTULIN	19	0.873684	no
OTULINL	19	0.977193	no
OTX1	19	0.817578	no
OTX2	19	0.671606	no
OVCA2	16	nan	yes
OVCH1	19	0.887715	no
OVGP1	19	0.933979	no
OVOL1	19	0.783653	no
OVOL2	19	0.956064	no
OVOL3	19	0.889095	no
OXA1L	19	0.978499	no
OXCT1	19	0.942105	no
OXCT2	19	nan	yes
OXER1	19	0.984957	no
OXGR1	19	0.737265	no
OXLD1	19	0.955682	no
OXNAD1	19	0.989030	no
OXR1	19	0.901754	no
OXSM	19	0.828798	no
OXSR1	19	0.957895	no
OXT	19	0.760389	no
OXTR	19	0.945673	no
P2RX1	19	0.988105	no
P2RX2	19	0.804189	no
P2RX3	19	0.702691	no
P2RX4	19	0.870175	no
P2RX5	19	0.857651	no
P2RX6	19	0.968351	no
P2RX7	19	0.943396	no
P2RY1	19	0.918741	no
P2RY10	19	0.961730	no
P2RY11	19	0.898067	no
P2RY12	19	0.976160	no
P2RY13	19	0.976107	no
P2RY14	19	0.851998	no
P2RY2	19	0.887804	no
P2RY4	19	0.346016	no
P2RY6	19	0.763620	no
P2RY8	19	0.979739	no
P3H1	19	0.874835	no
P3H2	19	0.929355	no
P3H3	19	0.958736	no
P3H4	19	0.945151	no
P3R3URF	16	nan	no
P4HA1	19	0.875439	no
P4HA2	19	0.985965	no
P4HA3	19	0.942519	no
P4HB	19	0.936842	no
P4HTM	19	0.992982	no
PA2G4	19	0.982456	no
PAAF1	19	0.973684	no
PABIR1	19	0.743278	no
PABIR2	19	0.877193	no
PABIR3	19	0.963158	no
PABPC1	19	0.966667	no
PABPC1L	19	0.950417	no
PABPC1L2A	19	1.000000	no
PABPC1L2B	16	0.893863	no
PABPC3	19	0.723166	no
PABPC4	19	0.875439	no
PABPC4L	19	0.995652	no
PABPC5	19	0.889890	no
PABPN1	19	0.905263	no
PABPN1L	19	0.769245	no
PACC1	19	0.928070	no
PACRG	19	0.953927	no
PACRGL	19	0.964881	no
PACS1	19	0.954386	no
PACS2	19	0.996491	no
PACSIN1	19	0.915932	no
PACSIN2	19	0.921053	no
PACSIN3	19	0.833554	no
PADI1	19	0.783059	no
PADI2	19	0.984169	no
PADI3	19	0.870005	no
PADI4	19	0.967053	no
PADI6	19	0.798730	no
PAEP	19	0.482350	no
PAF1	19	0.942054	no
PAFAH1B1	19	0.957895	no
PAFAH1B2	19	0.972356	no
PAFAH1B3	19	0.908772	no
PAFAH2	19	0.967091	no
PAG1	19	0.966667	no
PAGE1	16	nan	no
PAGE2	16	0.391983	no
PAGE2B	19	0.753095	no
PAGE3	19	nan	yes
PAGE4	19	nan	no
PAGE5	19	0.886692	no
PAGR1	19	0.986558	no
PAH	19	0.927595	no
PAICS	19	0.907018	no
PAIP1	19	0.945614	no
PAIP2	19	0.985965	no
PAIP2B	19	0.932865	no
PAK1	19	0.894737	no
PAK1IP1	19	0.949123	no
PAK2	19	0.984211	no
PAK3	19	0.812637	no
PAK4	19	0.965336	no
PAK5	19	0.858462	no
PAK6	19	0.985916	no
PALB2	19	0.959193	no
PALD1	19	0.767779	no
PALLD	19	0.935088	no
PALM	19	0.936376	no
PALM2AKAP2	19	0.940351	no
PALM3	19	0.843852	no
PALMD	19	0.793128	no
PALS1	19	0.710526	no
PALS2	19	0.963581	no
PAM	19	0.903509	no
PAM16	19	0.928477	no
PAMR1	19	0.876242	no
PAN2	19	0.964912	no
PAN3	19	0.985965	no
PANK1	19	0.916191	no
PANK2	19	0.970175	no
PANK3	19	0.701754	no
PANK4	19	0.941825	no
PANO1	13	0.888283	no
PANX1	19	0.913960	no
PANX2	19	0.970951	no
PANX3	19	0.708031	no
PAOX	19	0.914587	no
PAPLN	19	0.928007	no
PAPOLA	19	0.940351	no
PAPOLB	16	nan	yes
PAPOLG	19	0.970175	no
PAPPA	19	0.780702	no
PAPPA2	19	0.901547	no
PAPSS1	19	0.964912	no
PAPSS2	19	0.819298	no
PAQR3	19	0.957895	no
PAQR4	19	0.855448	no
PAQR5	19	0.846527	no
PAQR6	19	0.925586	no
PAQR7	19	0.935909	no
PAQR8	19	0.734988	no
PAQR9	19	0.845047	no
PARD3	19	0.952172	no
PARD3B	19	0.987719	no
PARD6A	19	0.920579	no
PARD6B	19	0.938131	no
PARD6G	19	0.938955	no
PARG	19	0.896491	no
PARK7	19	0.977193	no
PARL	19	0.986374	no
PARM1	19	0.921388	no
PARN	19	0.953029	no
PARP1	19	0.966667	no
PARP10	19	0.980255	no
PARP11	19	0.956140	no
PARP12	19	0.812116	no
PARP14	19	0.963158	no
PARP15	19	0.964743	no
PARP16	19	0.842845	no
PARP2	19	0.890742	no
PARP3	19	0.952590	no
PARP4	19	0.940351	no
PARP6	19	0.953927	no
PARP8	19	0.956140	no
PARP9	19	0.934621	no
PARPBP	19	0.907018	no
PARS2	19	0.835755	no
PARVA	19	0.952632	no
PARVB	19	0.922807	no
PARVG	19	0.887571	no
PASD1	19	0.750072	no
PASK	19	0.997804	no
PATE1	19	0.739375	no
PATE2	19	0.712270	no
PATE3	19	0.839254	no
PATE4	19	0.694134	no
PATJ	19	0.935088	no
PATL1	19	0.940299	no
PATL2	19	0.983751	no
PATZ1	19	0.907018	no
PAWR	19	0.938596	no
PAX1	19	0.645763	no
PAX2	19	0.816403	no
PAX3	19	0.836435	no
PAX4	16	1.000000	yes
PAX5	19	0.925400	no
PAX6	19	0.777888	no
PAX7	19	0.798493	no
PAX8	19	0.945614	no
PAX9	19	0.581572	no
PAXBP1	19	0.822807	no
PAXIP1	19	0.942105	no
PAXX	19	0.934621	no
PBDC1	19	0.955607	no
PBK	19	0.773083	no
PBLD	19	0.867428	no
PBOV1	19	0.844452	no
PBRM1	19	0.915789	no
PBX1	19	0.954386	no
PBX2	19	0.940712	no
PBX3	19	0.787187	no
PBX4	19	0.909969	no
PBXIP1	19	0.989474	no
PC	19	0.868421	no
PCARE	19	0.809085	no
PCBD1	19	0.964912	no
PCBD2	19	0.900000	no
PCBP1	19	0.985965	no
PCBP2	19	0.978947	no
PCBP3	19	0.882456	no
PCBP4	19	0.974539	no
PCCA	19	0.975439	no
PCCB	19	0.949539	no
PCDH1	19	0.890501	no
PCDH10	19	0.826348	no
PCDH11X	19	0.929355	no
PCDH11Y	19	0.890658	no
PCDH12	19	0.903000	no
PCDH15	19	0.909171	no
PCDH17	19	0.883166	no
PCDH18	19	0.784961	no
PCDH19	19	0.764293	no
PCDH20	19	0.919766	no
PCDH7	19	0.959966	no
PCDH8	16	0.916331	no
PCDH9	19	0.962703	no
PCDHA1	19	0.798537	no
PCDHA10	19	0.920050	no
PCDHA11	19	0.726483	no
PCDHA12	19	0.726483	no
PCDHA13	19	1.000000	no
PCDHA2	19	1.000000	yes
PCDHA3	19	1.000000	no
PCDHA4	19	0.895001	no
PCDHA5	19	1.000000	no
PCDHA6	19	0.890564	no
PCDHA7	19	nan	yes
PCDHA8	19	nan	yes
PCDHA9	19	nan	yes
PCDHAC1	19	1.000000	yes
PCDHAC2	19	0.839254	no
PCDHB1	19	0.949424	no
PCDHB10	19	0.977277	no
PCDHB11	19	0.908808	no
PCDHB12	19	0.940641	no
PCDHB13	19	0.907802	no
PCDHB14	19	0.890490	no
PCDHB15	19	0.970166	no
PCDHB16	19	0.939235	no
PCDHB2	19	0.964557	no
PCDHB3	19	0.934048	no
PCDHB4	19	0.976385	no
PCDHB5	19	0.971920	no
PCDHB6	19	0.941327	no
PCDHB7	19	0.938458	no
PCDHB8	19	1.000000	yes
PCDHB9	19	0.923667	no
PCDHGA1	19	0.958544	no
PCDHGA10	19	0.928470	no
PCDHGA11	19	1.000000	no
PCDHGA12	19	0.904967	no
PCDHGA2	19	1.000000	no
PCDHGA3	19	0.791501	no
PCDHGA4	19	0.839254	no
PCDHGA5	19	0.890564	no
PCDHGA6	19	1.000000	no
PCDHGA7	19	1.000000	no
PCDHGA8	16	1.000000	yes
PCDHGA9	19	0.857651	no
PCDHGB1	19	0.839254	no
PCDHGB2	19	1.000000	no
PCDHGB3	19	1.000000	no
PCDHGB4	19	0.820070	no
PCDHGB5	19	0.842862	no
PCDHGB6	19	0.908142	no
PCDHGB7	19	0.890564	no
PCDHGC3	19	0.791774	no
PCDHGC4	16	nan	yes
PCDHGC5	16	1.000000	yes
PCED1A	19	0.952632	no
PCED1B	19	0.933333	no
PCF11	19	0.880702	no
PCGF1	19	0.963126	no
PCGF2	19	0.930316	no
PCGF3	19	0.940351	no
PCGF5	19	0.822807	no
PCGF6	19	0.908772	no
PCID2	19	0.955682	no
PCIF1	19	0.964912	no
PCK1	19	0.807646	no
PCK2	19	0.931710	no
PCLAF	19	0.787765	no
PCLO	19	0.988153	no
PCM1	19	0.861404	no
PCMT1	19	0.957895	no
PCMTD1	19	0.910048	no
PCMTD2	19	0.975439	no
PCNA	19	0.979807	no
PCNP	19	0.985965	no
PCNT	19	0.847368	no
PCNX1	19	0.959649	no
PCNX2	19	0.924561	no
PCNX3	19	0.952172	no
PCNX4	19	0.849123	no
PCOLCE	19	0.757257	no
PCOLCE2	19	0.871817	no
PCP2	19	0.856006	no
PCP4	19	0.847740	no
PCP4L1	19	0.788479	no
PCSK1	19	0.885174	no
PCSK1N	19	0.969698	no
PCSK2	19	0.857396	no
PCSK4	19	0.967914	no
PCSK5	19	0.919298	no
PCSK6	19	0.905180	no
PCSK7	19	0.964912	no
PCSK9	19	0.849069	no
PCTP	19	0.989474	no
PCYOX1	19	0.896491	no
PCYOX1L	19	0.816704	no
PCYT1A	19	0.803861	no
PCYT1B	19	0.971782	no
PCYT2	19	0.887913	no
PDAP1	19	0.896007	no
PDC	19	0.858975	no
PDCD1	19	0.740839	no
PDCD10	19	0.952632	no
PDCD11	19	0.899035	no
PDCD1LG2	19	0.936320	no
PDCD2	19	0.963158	no
PDCD2L	19	0.983765	no
PDCD4	19	0.915789	no
PDCD5	19	0.955682	no
PDCD6	19	0.891701	no
PDCD6IP	19	0.861404	no
PDCD7	19	0.910926	no
PDCL	19	0.954386	no
PDCL2	19	0.819205	no
PDCL3	19	0.947368	no
PDE10A	19	0.906936	no
PDE11A	16	0.609594	no
PDE12	19	0.950877	no
PDE1A	19	0.858271	no
PDE1B	19	0.981965	no
PDE1C	19	0.905660	no
PDE2A	19	0.852632	no
PDE3A	19	0.842845	no
PDE3B	19	0.968421	no
PDE4A	19	0.829825	no
PDE4B	19	0.943860	no
PDE4C	19	0.904967	no
PDE4D	19	0.873684	no
PDE4DIP	19	0.878947	no
PDE5A	19	0.919298	no
PDE6A	19	0.545500	no
PDE6B	19	0.958736	no
PDE6C	19	0.709507	no
PDE6D	19	0.968421	no
PDE6G	19	0.907458	no
PDE6H	19	0.979234	no
PDE7A	19	0.977193	no
PDE7B	19	0.900000	no
PDE8A	19	0.980702	no
PDE8B	19	0.989030	no
PDE9A	19	0.912281	no
PDF	16	0.864893	no
PDGFA	19	0.957438	no
PDGFB	19	0.850602	no
PDGFC	19	0.952632	no
PDGFD	19	0.821773	no
PDGFRA	19	0.287043	no
PDGFRB	19	0.623354	no
PDGFRL	19	0.874725	no
PDHA1	19	0.763158	no
PDHA2	16	nan	no
PDHB	19	0.919298	no
PDHX	19	0.792982	no
PDIA2	19	0.614358	no
PDIA3	19	0.966667	no
PDIA4	19	0.971479	no
PDIA5	19	0.809127	no
PDIA6	19	0.963158	no
PDIK1L	19	0.593585	no
PDILT	19	0.564825	no
PDK1	19	0.948662	no
PDK2	19	0.987709	no
PDK3	19	0.922807	no
PDK4	19	0.924561	no
PDLIM1	19	0.954386	no
PDLIM2	19	0.933055	no
PDLIM3	19	0.774165	no
PDLIM4	19	0.885665	no
PDLIM5	19	0.940351	no
PDLIM7	19	0.964912	no
PDP1	19	0.868421	no
PDP2	19	0.918753	no
PDPK1	19	0.975439	no
PDPN	19	0.899343	no
PDPR	19	0.937637	no
PDRG1	19	0.984211	no
PDS5A	19	0.957895	no
PDS5B	19	0.978947	no
PDSS1	19	0.854386	no
PDSS2	19	0.880702	no
PDX1	19	1.000000	yes
PDXDC1	19	0.943860	no
PDXK	19	0.935088	no
PDXP	19	0.941697	no
PDYN	19	0.820070	no
PDZD11	19	0.987719	no
PDZD2	19	0.947368	no
PDZD3	19	0.794577	no
PDZD4	19	0.981885	no
PDZD7	19	0.969218	no
PDZD8	19	0.971930	no
PDZD9	19	0.933632	no
PDZK1	19	0.897762	no
PDZK1IP1	19	0.742299	no
PDZRN3	19	0.900747	no
PDZRN4	19	0.884497	no
PEA15	19	0.936376	no
PEAK1	19	0.952632	no
PEAK3	19	0.943049	no
PEAR1	19	0.698469	no
PEBP1	19	0.968421	no
PEBP4	19	0.921457	no
PECAM1	19	0.911804	no
PECR	19	0.967969	no
PEDS1	19	0.862109	no
PEF1	19	0.961404	no
PEG10	19	0.872695	no
PEG3	19	0.945728	no
PELI1	19	0.978947	no
PELI2	19	0.907018	no
PELI3	19	0.793679	no
PELO	19	0.687263	no
PELP1	19	0.931928	no
PEMT	19	0.975439	no
PENK	19	0.750836	no
PEPD	19	0.873190	no
PER1	19	0.891228	no
PER2	19	0.878456	no
PER3	19	0.931988	no
PERCC1	16	1.000000	yes
PERM1	19	0.815276	no
PERP	19	0.842845	no
PES1	19	0.980702	no
PET100	19	0.964912	no
PET117	16	0.895562	no
PEX1	19	0.954386	no
PEX10	19	0.924496	no
PEX11A	19	0.987719	no
PEX11B	19	0.815789	no
PEX11G	19	0.894645	no
PEX12	19	0.932748	no
PEX13	19	0.887719	no
PEX14	19	0.935088	no
PEX16	19	0.982456	no
PEX19	19	0.850729	no
PEX2	19	0.887719	no
PEX26	19	0.881416	no
PEX3	19	0.982010	no
PEX5	19	0.925742	no
PEX5L	19	0.918753	no
PEX6	19	0.957895	no
PEX7	19	0.974989	no
PF4	19	0.574801	no
PF4V1	19	0.465977	no
PFAS	19	0.902107	no
PFDN1	19	0.901754	no
PFDN2	19	0.954386	no
PFDN4	19	0.950877	no
PFDN5	19	0.950749	no
PFDN6	19	0.984184	no
PFKFB1	19	0.981082	no
PFKFB2	19	0.961404	no
PFKFB3	19	0.938596	no
PFKFB4	19	0.978481	no
PFKL	19	0.882843	no
PFKM	19	0.968421	no
PFKP	19	0.935088	no
PFN1	19	0.907018	no
PFN2	19	0.859526	no
PFN3	19	0.366784	no
PFN4	19	0.925176	no
PGA3	16	0.197890	no
PGA4	19	nan	yes
PGA5	19	0.536102	no
PGAM1	19	0.933333	no
PGAM2	19	0.823582	no
PGAM4	16	0.795575	no
PGAM5	19	0.941615	no
PGAP1	19	0.947368	no
PGAP2	19	0.916594	no
PGAP3	19	0.889377	no
PGAP4	19	0.945151	no
PGAP6	19	0.985520	no
PGBD1	19	0.942519	no
PGBD2	19	0.739895	no
PGBD4	19	0.942265	no
PGBD5	19	0.816864	no
PGC	19	0.594575	no
PGD	19	0.826316	no
PGF	19	0.568282	no
PGGHG	19	0.963126	no
PGGT1B	19	0.917544	no
PGK1	19	0.971930	no
PGK2	16	nan	no
PGLS	19	0.922807	no
PGLYRP1	19	0.959411	no
PGLYRP2	19	0.850953	no
PGLYRP3	19	0.594867	no
PGLYRP4	19	0.812865	no
PGM1	19	0.985965	no
PGM2	19	0.964458	no
PGM2L1	19	0.982441	no
PGM3	19	0.901754	no
PGM5	19	0.940351	no
PGP	19	0.908772	no
PGPEP1	19	0.868421	no
PGPEP1L	19	nan	no
PGR	19	0.728010	no
PGRMC1	19	0.954386	no
PGRMC2	19	0.919298	no
PGS1	19	0.985953	no
PHACTR1	19	0.961404	no
PHACTR2	19	0.777193	no
PHACTR3	19	0.856640	no
PHACTR4	19	0.731022	no
PHAF1	19	0.980255	no
PHAX	19	0.903509	no
PHB1	19	0.956140	no
PHB2	19	0.919158	no
PHC1	19	0.960070	no
PHC2	19	0.973684	no
PHC3	19	0.970175	no
PHETA1	19	0.968819	no
PHETA2	19	0.883334	no
PHEX	19	0.850747	no
PHF1	19	0.983304	no
PHF10	19	0.970175	no
PHF11	19	0.972356	no
PHF12	19	0.975439	no
PHF13	19	0.900000	no
PHF14	19	0.922807	no
PHF19	19	0.915716	no
PHF2	19	0.967969	no
PHF20	19	0.963158	no
PHF20L1	19	0.937665	no
PHF21A	19	0.971930	no
PHF21B	19	0.864616	no
PHF23	19	0.885476	no
PHF24	19	0.796504	no
PHF3	19	0.910526	no
PHF5A	19	0.933333	no
PHF6	19	0.775439	no
PHF7	19	0.938131	no
PHF8	19	0.978947	no
PHGDH	19	0.891572	no
PHGR1	19	0.601377	no
PHIP	19	0.987719	no
PHKA1	19	0.943860	no
PHKA2	19	0.977154	no
PHKB	19	0.887719	no
PHKG1	19	0.913082	no
PHKG2	19	0.879227	no
PHLDA1	19	0.938955	no
PHLDA2	19	0.893974	no
PHLDA3	19	0.919702	no
PHLDB1	19	0.938543	no
PHLDB2	19	0.887719	no
PHLDB3	19	0.984642	no
PHLPP1	19	0.970175	no
PHLPP2	19	0.896491	no
PHOSPHO1	19	0.841148	no
PHOSPHO2	19	0.876963	no
PHOX2A	19	0.519025	no
PHOX2B	19	nan	yes
PHPT1	19	0.940351	no
PHRF1	19	0.980702	no
PHTF1	19	0.985965	no
PHTF2	19	0.954386	no
PHYH	19	0.967062	no
PHYHD1	19	0.922739	no
PHYHIP	19	0.954629	no
PHYHIPL	19	0.946866	no
PHYKPL	19	0.924090	no
PI15	19	0.839727	no
PI16	19	0.872167	no
PI3	19	0.706681	no
PI4K2A	19	0.960914	no
PI4K2B	19	0.953927	no
PI4KA	19	0.982456	no
PI4KB	19	0.937665	no
PIANP	19	0.929768	no
PIAS1	19	0.942105	no
PIAS2	19	0.922807	no
PIAS3	19	0.925340	no
PIAS4	19	0.946029	no
PIBF1	19	0.849123	no
PICALM	19	0.940351	no
PICK1	19	0.928007	no
PID1	19	0.912681	no
PIDD1	19	0.947368	no
PIERCE1	19	0.960070	no
PIERCE2	19	0.790167	no
PIEZO1	19	0.920983	no
PIEZO2	19	0.974450	no
PIF1	19	0.941080	no
PIFO	19	0.916888	no
PIGA	19	0.975439	no
PIGB	19	0.946444	no
PIGBOS1	19	0.892260	no
PIGC	19	0.659649	no
PIGF	19	0.863158	no
PIGG	19	0.903509	no
PIGH	19	0.838087	no
PIGK	19	0.498246	no
PIGL	19	0.964912	no
PIGM	19	0.504878	no
PIGN	19	0.847740	no
PIGO	19	0.911804	no
PIGP	19	0.987719	no
PIGQ	19	0.955682	no
PIGR	19	0.738371	no
PIGS	19	0.930027	no
PIGT	19	0.908772	no
PIGU	19	0.943396	no
PIGV	19	0.905660	no
PIGW	19	0.904633	no
PIGX	19	0.962703	no
PIGY	16	0.721662	no
PIGZ	19	0.936321	no
PIH1D1	19	0.948662	no
PIH1D2	19	0.981132	no
PIK3AP1	19	0.992098	no
PIK3C2A	19	0.892982	no
PIK3C2B	19	0.868306	no
PIK3C2G	19	0.882251	no
PIK3C3	19	0.964912	no
PIK3CA	19	0.926316	no
PIK3CB	19	0.980702	no
PIK3CD	19	0.975439	no
PIK3CG	19	0.978808	no
PIK3IP1	19	0.959649	no
PIK3R1	19	0.959193	no
PIK3R2	19	0.894787	no
PIK3R3	19	0.818102	no
PIK3R4	19	0.949123	no
PIK3R5	19	0.964789	no
PIK3R6	19	0.991191	no
PIKFYVE	19	0.971930	no
PILRA	19	0.931110	no
PILRB	19	0.903950	no
PIM1	19	0.870175	no
PIM2	19	0.952172	no
PIM3	19	0.880211	no
PIMREG	19	0.703502	no
PIN1	19	0.971930	no
PIN4	19	0.947368	no
PINK1	19	0.867925	no
PINLYP	19	0.933685	no
PINX1	16	0.022288	no
PIP	19	0.499059	no
PIP4K2A	19	0.987719	no
PIP4K2B	19	0.951586	no
PIP4K2C	19	0.938596	no
PIP4P1	19	0.941615	no
PIP4P2	19	0.964912	no
PIP5K1A	19	0.868421	no
PIP5K1B	19	0.935088	no
PIP5K1C	19	0.943396	no
PIP5KL1	19	0.930171	no
PIPOX	19	0.973684	no
PIR	19	0.888986	no
PIRT	19	0.998711	no
PISD	19	0.868421	no
PITHD1	19	0.920106	no
PITPNA	19	0.966667	no
PITPNB	19	0.787719	no
PITPNC1	19	0.975439	no
PITPNM1	19	0.961825	no
PITPNM2	19	0.941641	no
PITPNM3	19	0.936733	no
PITRM1	19	0.766667	no
PITX1	19	0.587855	no
PITX2	19	0.784589	no
PITX3	19	0.770550	no
PIWIL1	19	0.817843	no
PIWIL2	19	0.912451	no
PIWIL3	19	0.910145	no
PIWIL4	19	0.967969	no
PJA1	19	0.964458	no
PJA2	19	0.949123	no
PJVK	19	0.936376	no
PKD1	19	0.987275	no
PKD1L1	19	0.966268	no
PKD1L2	19	0.892637	no
PKD1L3	19	0.922334	no
PKD2	19	0.921053	no
PKD2L1	19	0.795070	no
PKD2L2	19	0.960070	no
PKDCC	19	0.911326	no
PKDREJ	19	0.596494	no
PKHD1	19	0.508118	no
PKHD1L1	19	0.808726	no
PKIA	19	0.871817	no
PKIB	19	0.940351	no
PKIG	19	0.966667	no
PKLR	19	0.989119	no
PKM	19	0.966667	no
PKMYT1	19	0.668431	no
PKN1	19	0.984642	no
PKN2	19	0.942105	no
PKN3	19	0.811788	no
PKNOX1	19	0.849123	no
PKNOX2	19	0.883619	no
PKP1	19	0.229230	no
PKP2	19	0.989908	no
PKP3	19	0.654093	no
PKP4	19	0.968421	no
PLA1A	19	0.876380	no
PLA2G10	19	0.906709	no
PLA2G12A	19	0.973684	no
PLA2G12B	19	0.961245	no
PLA2G15	19	0.951295	no
PLA2G1B	19	0.831219	no
PLA2G2A	19	0.575806	no
PLA2G2C	19	0.649272	no
PLA2G2D	19	0.914496	no
PLA2G2E	16	nan	yes
PLA2G2F	19	0.560293	no
PLA2G3	19	0.735341	no
PLA2G4A	19	0.949495	no
PLA2G4B	16	0.755764	no
PLA2G4C	19	0.936842	no
PLA2G4D	19	0.935958	no
PLA2G4E	19	0.957368	no
PLA2G4F	19	0.860108	no
PLA2G5	19	0.784950	no
PLA2G6	19	0.826163	no
PLA2G7	19	0.881228	no
PLA2R1	19	0.911573	no
PLAA	19	0.961404	no
PLAAT1	19	0.911422	no
PLAAT2	19	0.777333	no
PLAAT3	19	0.985965	no
PLAAT4	19	0.952632	no
PLAAT5	19	0.960838	no
PLAC1	19	0.710759	no
PLAC8	19	0.929232	no
PLAC8L1	19	0.918611	no
PLAC9	19	0.718489	no
PLAG1	19	0.956140	no
PLAGL1	19	0.922807	no
PLAGL2	19	0.885376	no
PLAT	19	0.826678	no
PLAU	19	0.864579	no
PLAUR	19	0.924967	no
PLB1	19	0.975439	no
PLBD1	19	0.984642	no
PLBD2	19	0.896491	no
PLCB1	19	0.915716	no
PLCB2	19	0.935441	no
PLCB3	19	0.955224	no
PLCB4	19	0.885965	no
PLCD1	19	0.762615	no
PLCD3	19	0.782000	no
PLCD4	19	0.846863	no
PLCE1	19	0.935088	no
PLCG1	19	0.964458	no
PLCG2	19	0.971404	no
PLCH1	19	0.869184	no
PLCH2	19	0.975464	no
PLCL1	19	0.953050	no
PLCL2	19	0.943662	no
PLCXD1	19	0.994288	no
PLCXD2	19	0.934621	no
PLCXD3	19	0.878135	no
PLCZ1	19	0.843586	no
PLD1	19	0.913082	no
PLD2	19	0.884886	no
PLD3	19	0.970175	no
PLD4	19	0.957320	no
PLD5	19	0.942005	no
PLD6	19	0.762950	no
PLEC	19	0.973684	no
PLEK	19	0.962539	no
PLEK2	19	0.880176	no
PLEKHA1	19	0.861404	no
PLEKHA3	19	0.924561	no
PLEKHA4	19	0.962687	no
PLEKHA5	19	0.943860	no
PLEKHA6	19	0.808772	no
PLEKHA7	19	0.984211	no
PLEKHA8	19	0.980255	no
PLEKHB1	19	0.974496	no
PLEKHB2	19	0.987709	no
PLEKHD1	19	0.963924	no
PLEKHF1	19	0.943713	no
PLEKHF2	19	0.917544	no
PLEKHG1	19	0.742105	no
PLEKHG2	19	0.962671	no
PLEKHG3	19	0.976744	no
PLEKHG4	19	0.945815	no
PLEKHG4B	19	0.833924	no
PLEKHG5	19	0.935909	no
PLEKHG6	19	0.876870	no
PLEKHG7	19	0.885554	no
PLEKHH1	19	0.937253	no
PLEKHH2	19	0.891228	no
PLEKHH3	19	0.938489	no
PLEKHJ1	19	0.895130	no
PLEKHM1	19	0.965305	no
PLEKHM2	19	0.945614	no
PLEKHM3	19	0.990786	no
PLEKHN1	19	0.856891	no
PLEKHO1	19	0.953927	no
PLEKHO2	19	0.961628	no
PLEKHS1	19	0.742453	no
PLET1	19	0.818262	no
PLG	19	0.883092	no
PLGLB1	19	0.980205	no
PLGLB2	19	0.921899	no
PLGRKT	19	0.771391	no
PLIN1	19	0.666525	no
PLIN2	19	0.942105	no
PLIN3	19	0.992541	no
PLIN4	19	0.906529	no
PLIN5	19	0.873574	no
PLK1	19	0.663437	no
PLK2	19	0.925845	no
PLK3	19	0.973234	no
PLK4	19	0.717390	no
PLK5	19	0.801762	no
PLLP	19	0.952632	no
PLN	19	0.841689	no
PLOD1	19	0.941564	no
PLOD2	19	0.980255	no
PLOD3	19	0.945614	no
PLP1	19	0.749019	no
PLP2	19	0.963581	no
PLPBP	19	0.980255	no
PLPP1	19	0.961404	no
PLPP2	19	0.519579	no
PLPP3	19	0.877193	no
PLPP4	19	0.864602	no
PLPP5	19	0.956140	no
PLPP6	19	0.593325	no
PLPP7	19	0.982850	no
PLPPR1	19	0.840176	no
PLPPR2	19	0.975439	no
PLPPR3	19	0.843476	no
PLPPR4	19	0.920560	no
PLPPR5	19	0.872613	no
PLRG1	19	0.896491	no
PLS1	19	0.980702	no
PLS3	19	0.929825	no
PLSCR1	19	0.963158	no
PLSCR2	19	0.898551	no
PLSCR3	19	0.811688	no
PLSCR4	19	0.972356	no
PLSCR5	19	0.895001	no
PLTP	19	0.882456	no
PLVAP	19	0.633157	no
PLXDC1	19	0.760650	no
PLXDC2	19	0.914035	no
PLXNA1	19	0.926722	no
PLXNA2	19	0.900000	no
PLXNA3	19	0.870940	no
PLXNA4	19	0.855889	no
PLXNB1	19	0.974989	no
PLXNB2	19	0.966213	no
PLXNB3	19	0.836173	no
PLXNC1	19	0.989474	no
PLXND1	19	0.810360	no
PM20D1	19	0.920266	no
PM20D2	19	0.832821	no
PMAIP1	19	0.953786	no
PMCH	19	0.684889	no
PMEL	19	0.805970	no
PMEPA1	19	0.815270	no
PMF1	19	0.914007	no
PMFBP1	19	0.914763	no
PMIS2	16	nan	yes
PML	19	0.892011	no
PMM1	19	0.889474	no
PMM2	19	0.705263	no
PMP2	19	0.706564	no
PMP22	19	0.860026	no
PMPCA	19	0.943811	no
PMPCB	19	0.885965	no
PMS1	19	0.991228	no
PMS2	19	0.946029	no
PMVK	19	0.961404	no
PNCK	19	0.934477	no
PNISR	19	0.974112	no
PNKD	19	0.963158	no
PNKP	19	0.930233	no
PNLDC1	19	0.756522	no
PNLIP	19	0.714558	no
PNLIPRP1	19	0.746430	no
PNLIPRP3	19	0.906274	no
PNMA1	19	0.973222	no
PNMA2	19	0.834583	no
PNMA3	19	0.984507	no
PNMA5	19	0.957602	no
PNMA6A	19	0.936620	no
PNMA6E	19	nan	no
PNMA6F	19	0.895506	no
PNMA8A	19	0.974947	no
PNMA8B	19	0.726483	no
PNMA8C	19	0.878237	no
PNMT	19	0.965593	no
PNN	19	0.824561	no
PNO1	19	0.959649	no
PNOC	19	0.905162	no
PNP	19	0.944689	no
PNPLA1	19	0.859731	no
PNPLA2	19	0.947784	no
PNPLA3	19	0.954346	no
PNPLA4	19	0.961404	no
PNPLA5	19	0.834242	no
PNPLA6	19	0.975439	no
PNPLA7	19	0.950877	no
PNPLA8	19	0.925845	no
PNPO	19	0.941590	no
PNPT1	19	0.949123	no
PNRC1	19	0.952632	no
PNRC2	19	0.971930	no
POC1A	19	0.763881	no
POC1B	19	0.987275	no
POC5	19	0.966667	no
PODN	19	0.619175	no
PODNL1	19	0.781214	no
PODXL	19	0.838087	no
PODXL2	19	0.911726	no
POF1B	19	0.963094	no
POFUT1	19	0.751207	no
POFUT2	19	0.969724	no
POGK	19	0.600000	no
POGLUT1	19	0.814035	no
POGLUT2	19	0.921861	no
POGLUT3	19	0.980651	no
POGZ	19	0.898246	no
POLA1	19	0.942105	no
POLA2	19	0.865999	no
POLB	19	0.953927	no
POLD1	19	0.966213	no
POLD2	19	0.966213	no
POLD3	19	0.786655	no
POLD4	19	0.929825	no
POLDIP2	19	0.957895	no
POLDIP3	19	0.987719	no
POLE	19	0.808604	no
POLE2	19	0.927600	no
POLE3	19	0.915789	no
POLE4	19	0.977193	no
POLG	19	0.943860	no
POLG2	19	0.977193	no
POLGARF	13	nan	yes
POLH	19	0.921053	no
POLI	19	0.912281	no
POLK	19	0.924561	no
POLL	19	0.927600	no
POLM	19	0.955607	no
POLN	19	0.919896	no
POLQ	19	0.807642	no
POLR1A	19	0.967969	no
POLR1B	19	0.870175	no
POLR1C	19	0.947368	no
POLR1D	19	0.952632	no
POLR1E	19	0.921053	no
POLR1F	19	0.778947	no
POLR1G	19	0.921053	no
POLR1H	19	0.954386	no
POLR2B	19	0.936842	no
POLR2C	19	0.970175	no
POLR2D	19	0.946907	no
POLR2E	19	0.996491	no
POLR2F	19	0.978947	no
POLR2G	19	0.906538	no
POLR2H	19	0.984211	no
POLR2I	19	0.981132	no
POLR2J	16	0.952941	no
POLR2J2	16	nan	yes
POLR2K	19	0.983765	no
POLR2L	19	0.975439	no
POLR2M	19	0.968394	no
POLR3A	19	0.880211	no
POLR3B	19	0.856140	no
POLR3C	19	0.860904	no
POLR3D	19	0.910526	no
POLR3E	19	0.972309	no
POLR3F	19	0.898156	no
POLR3G	19	0.917544	no
POLR3GL	19	0.982456	no
POLR3H	19	0.996491	no
POLR3K	19	0.977193	no
POLRMT	19	0.907970	no
POM121	19	0.949123	no
POM121C	19	0.978947	no
POM121L12	16	nan	yes
POM121L2	19	0.646498	no
POMC	19	0.929763	no
POMGNT1	19	0.957895	no
POMGNT2	19	0.945614	no
POMK	19	0.955682	no
POMP	19	0.992982	no
POMT1	19	0.934153	no
POMT2	19	0.964912	no
POMZP3	19	0.963093	no
PON1	19	0.906113	no
PON2	19	0.924561	no
PON3	19	0.757070	no
POP1	19	0.903509	no
POP4	19	0.921053	no
POP5	19	0.971930	no
POP7	19	0.987719	no
POPDC2	19	0.939625	no
POPDC3	19	0.901523	no
POR	19	0.851251	no
PORCN	19	0.960387	no
POSTN	19	0.627119	no
POT1	19	0.957895	no
POTEB	16	nan	yes
POTEB2	13	1.000000	no
POTEB3	19	nan	yes
POTEC	19	nan	no
POTED	19	nan	no
POTEE	19	nan	no
POTEF	19	0.697218	no
POTEG	19	0.928307	no
POTEH	19	0.726483	no
POTEI	19	0.696740	no
POTEJ	16	0.996727	no
POTEM	19	0.759945	no
POU1F1	19	0.856059	no
POU2AF1	19	0.671958	no
POU2AF2	19	0.873739	no
POU2AF3	19	0.916662	no
POU2F1	19	0.964912	no
POU2F2	19	0.915314	no
POU2F3	19	0.920043	no
POU3F1	19	0.911599	no
POU3F2	19	0.926757	no
POU3F3	19	0.729444	no
POU4F1	19	0.760557	no
POU4F2	16	0.730297	no
POU4F3	19	0.704751	no
POU5F1	19	0.830044	no
POU5F1B	19	0.712850	no
POU5F2	19	0.664211	no
POU6F2	19	0.889377	no
PP2D1	19	0.891429	no
PPA1	19	0.908772	no
PPA2	19	0.824561	no
PPAN	19	0.837561	no
PPARA	19	0.926316	no
PPARD	19	0.731579	no
PPARG	19	0.778947	no
PPARGC1A	19	0.945614	no
PPARGC1B	19	0.883721	no
PPAT	19	0.914035	no
PPBP	19	nan	no
PPCDC	19	0.914436	no
PPCS	19	0.929763	no
PPDPF	19	0.982456	no
PPDPFL	19	0.603346	no
PPEF1	19	0.924913	no
PPEF2	19	0.706319	no
PPFIA1	19	0.984642	no
PPFIA2	19	0.910048	no
PPFIA3	19	0.934124	no
PPFIA4	19	0.902120	no
PPFIBP1	19	0.977622	no
PPFIBP2	19	0.896491	no
PPHLN1	19	0.898246	no
PPIA	19	0.940351	no
PPIAL4A	19	1.000000	yes
PPIAL4C	13	0.677003	no
PPIAL4D	13	nan	yes
PPIAL4E	13	nan	yes
PPIAL4F	13	nan	yes
PPIAL4G	19	0.839984	no
PPIAL4H	19	nan	yes
PPIB	19	0.942105	no
PPIC	19	0.911804	no
PPID	19	0.954386	no
PPIE	19	0.979377	no
PPIF	19	0.768758	no
PPIG	19	0.940351	no
PPIH	19	0.950877	no
PPIL1	19	0.913559	no
PPIL2	19	0.877578	no
PPIL3	19	0.894644	no
PPIL4	19	0.917544	no
PPIL6	19	0.966667	no
PPIP5K1	19	0.992541	no
PPIP5K2	19	0.842105	no
PPL	19	0.910526	no
PPM1A	19	0.936376	no
PPM1B	19	0.909570	no
PPM1D	19	0.936842	no
PPM1E	19	0.898246	no
PPM1F	19	0.950877	no
PPM1G	19	0.971930	no
PPM1H	19	0.990786	no
PPM1J	19	0.940074	no
PPM1K	19	0.919298	no
PPM1L	19	0.917544	no
PPM1M	19	0.920440	no
PPM1N	19	0.966667	no
PPME1	19	0.931579	no
PPOX	19	0.893374	no
PPP1CA	19	0.959649	no
PPP1CB	19	0.929825	no
PPP1CC	19	0.956140	no
PPP1R10	19	0.923145	no
PPP1R11	19	0.902859	no
PPP1R12A	19	0.973684	no
PPP1R12B	19	0.975439	no
PPP1R12C	19	0.982010	no
PPP1R13B	19	0.929825	no
PPP1R13L	19	0.791045	no
PPP1R14A	19	0.644113	no
PPP1R14B	19	0.892982	no
PPP1R14C	19	0.950877	no
PPP1R14D	19	0.905460	no
PPP1R15A	19	0.900000	no
PPP1R15B	19	0.947368	no
PPP1R16A	19	0.987719	no
PPP1R16B	19	0.826316	no
PPP1R17	19	0.830651	no
PPP1R18	19	0.918063	no
PPP1R1A	19	0.977583	no
PPP1R1B	19	0.823219	no
PPP1R1C	19	0.902859	no
PPP1R2	19	0.992982	no
PPP1R21	19	0.945614	no
PPP1R26	19	0.978051	no
PPP1R27	19	0.673909	no
PPP1R2B	19	0.913602	no
PPP1R2C	19	0.951338	no
PPP1R32	19	0.897932	no
PPP1R35	19	0.956140	no
PPP1R36	19	0.850860	no
PPP1R37	19	0.833492	no
PPP1R3A	19	0.819674	no
PPP1R3B	19	0.888106	no
PPP1R3C	19	0.944249	no
PPP1R3D	19	0.940299	no
PPP1R3E	19	0.976744	no
PPP1R3F	19	0.950417	no
PPP1R3G	19	0.847757	no
PPP1R42	19	0.939833	no
PPP1R7	19	0.926316	no
PPP1R8	19	0.880702	no
PPP1R9A	19	0.971479	no
PPP1R9B	19	0.942105	no
PPP2CA	19	0.903880	no
PPP2CB	19	0.963158	no
PPP2R1A	19	0.880597	no
PPP2R1B	19	0.947368	no
PPP2R2A	19	0.943860	no
PPP2R2B	19	0.971930	no
PPP2R2C	19	0.894528	no
PPP2R2D	19	0.950877	no
PPP2R3A	19	0.943860	no
PPP2R3B	19	0.951167	no
PPP2R3C	19	0.966667	no
PPP2R5A	19	0.977193	no
PPP2R5B	19	0.952172	no
PPP2R5C	19	0.978947	no
PPP2R5D	19	0.730145	no
PPP2R5E	19	0.905263	no
PPP3CA	19	0.894737	no
PPP3CB	19	0.907018	no
PPP3CC	19	0.924561	no
PPP3R1	19	0.961091	no
PPP3R2	16	nan	yes
PPP4C	19	0.983765	no
PPP4R1	19	0.982456	no
PPP4R2	19	0.959649	no
PPP4R3A	19	0.984211	no
PPP4R3B	19	0.961404	no
PPP4R3C	16	nan	yes
PPP4R4	19	0.971365	no
PPP5C	19	0.881966	no
PPP6C	19	0.973684	no
PPP6R1	19	0.983319	no
PPP6R2	19	0.959649	no
PPP6R3	19	0.950877	no
PPRC1	19	0.777875	no
PPT1	19	0.968421	no
PPT2	19	0.875431	no
PPTC7	19	0.905263	no
PPWD1	19	0.945151	no
PPY	19	0.996552	no
PQBP1	19	0.917544	no
PRAC1	19	-0.120662	no
PRAC2	16	-0.123247	no
PRADC1	19	0.949079	no
PRAF2	19	0.960948	no
PRAG1	19	0.935271	no
PRAM1	19	0.957748	no
PRAME	19	1.000000	no
PRAMEF1	16	nan	yes
PRAMEF10	16	nan	yes
PRAMEF11	19	nan	yes
PRAMEF12	16	1.000000	yes
PRAMEF13	16	nan	yes
PRAMEF14	16	nan	yes
PRAMEF15	19	nan	yes
PRAMEF17	16	nan	yes
PRAMEF18	16	nan	yes
PRAMEF19	16	nan	yes
PRAMEF2	16	nan	yes
PRAMEF20	19	-0.080845	no
PRAMEF25	16	nan	yes
PRAMEF27	13	nan	yes
PRAMEF33	13	nan	yes
PRAMEF4	16	nan	yes
PRAMEF5	13	nan	yes
PRAMEF6	16	nan	yes
PRAMEF7	13	nan	yes
PRAMEF8	16	nan	yes
PRAP1	19	0.566092	no
PRB2	19	0.675683	no
PRB3	19	0.609610	no
PRC1	19	0.862857	no
PRCC	19	0.829825	no
PRCD	19	0.940659	no
PRCP	19	0.889474	no
PRDM1	19	0.888011	no
PRDM10	19	0.966213	no
PRDM11	19	0.970175	no
PRDM12	19	0.846621	no
PRDM13	19	0.726483	no
PRDM14	19	0.811304	no
PRDM15	19	0.973684	no
PRDM16	19	0.903256	no
PRDM2	19	0.978947	no
PRDM4	19	0.972356	no
PRDM5	19	0.973661	no
PRDM6	19	0.947322	no
PRDM7	19	0.897300	no
PRDM8	19	0.973837	no
PRDM9	19	0.721173	no
PRDX1	19	0.954386	no
PRDX2	19	0.989437	no
PRDX3	19	0.992982	no
PRDX4	19	0.959614	no
PRDX5	19	0.987719	no
PRDX6	19	0.971930	no
PREB	19	0.895522	no
PRELID1	19	0.877193	no
PRELID2	19	0.815270	no
PRELID3A	19	0.893281	no
PRELID3B	19	0.978947	no
PRELP	19	0.623795	no
PREP	19	0.951712	no
PREPL	19	0.824561	no
PREX1	19	0.902985	no
PREX2	19	0.888890	no
PRF1	19	0.819344	no
PRG2	16	0.787562	no
PRG3	16	1.000000	no
PRG4	19	0.777558	no
PRH2	16	0.293119	no
PRICKLE1	19	0.854386	no
PRICKLE2	19	0.978499	no
PRICKLE3	19	0.985520	no
PRICKLE4	16	1.000000	no
PRIM1	19	0.875329	no
PRIM2	19	0.866667	no
PRIMA1	19	0.872135	no
PRIMPOL	19	0.959649	no
PRKAA1	19	0.947368	no
PRKAA2	19	0.965276	no
PRKAB1	19	0.906936	no
PRKAB2	19	0.898246	no
PRKACA	19	0.958131	no
PRKACB	19	0.963158	no
PRKACG	16	1.000000	yes
PRKAG1	19	0.871637	no
PRKAG2	19	0.968421	no
PRKAG3	19	0.423354	no
PRKAR1A	19	0.968421	no
PRKAR1B	19	0.892888	no
PRKAR2A	19	0.917544	no
PRKAR2B	19	0.922807	no
PRKCA	19	0.924561	no
PRKCB	19	0.980702	no
PRKCD	19	0.984197	no
PRKCE	19	0.821053	no
PRKCG	19	0.859526	no
PRKCH	19	0.935088	no
PRKCI	19	0.940351	no
PRKCQ	19	0.906538	no
PRKCSH	19	0.943396	no
PRKCZ	19	0.970175	no
PRKD1	19	0.927600	no
PRKD2	19	0.975439	no
PRKD3	19	0.826316	no
PRKDC	19	0.814035	no
PRKG1	19	0.853883	no
PRKG2	19	0.939914	no
PRKN	19	0.957895	no
PRKRA	19	0.954386	no
PRKRIP1	19	0.954386	no
PRKX	19	0.928070	no
PRL	19	0.550663	no
PRLH	16	0.843816	no
PRLHR	19	0.826494	no
PRLR	19	0.871817	no
PRM1	16	nan	no
PRM2	16	0.451906	no
PRM3	16	nan	no
PRMT1	19	0.968421	no
PRMT2	19	0.943860	no
PRMT3	19	0.919298	no
PRMT5	19	0.933275	no
PRMT6	19	0.839050	no
PRMT7	19	0.975439	no
PRMT8	19	0.970927	no
PRMT9	19	0.964912	no
PRND	19	0.784953	no
PRNP	19	0.929825	no
PROB1	19	0.962411	no
PROC	19	0.897757	no
PROCA1	19	0.950791	no
PROCR	19	0.843860	no
PRODH	19	0.734145	no
PRODH2	19	0.857545	no
PROK1	19	0.557424	no
PROK2	19	0.651791	no
PROKR1	16	nan	yes
PROKR2	19	0.904737	no
PROM1	19	0.868075	no
PROM2	19	0.909052	no
PROP1	19	1.000000	no
PRORP	19	0.922124	no
PROS1	19	0.937253	no
PROSER1	19	0.840351	no
PROSER2	19	0.897762	no
PROSER3	19	0.961404	no
PROX1	19	0.903424	no
PROX2	19	0.943929	no
PROZ	19	0.830017	no
PRPF18	19	0.966667	no
PRPF19	19	0.974112	no
PRPF3	19	0.921053	no
PRPF31	19	0.913559	no
PRPF38A	19	0.970175	no
PRPF38B	19	0.968421	no
PRPF39	19	0.952632	no
PRPF4	19	0.897278	no
PRPF40B	19	0.952632	no
PRPF4B	19	0.915789	no
PRPF6	19	0.908772	no
PRPF8	19	0.970175	no
PRPH	19	0.769394	no
PRPH2	19	0.800793	no
PRPS1	19	0.983765	no
PRPS1L1	16	nan	yes
PRPS2	19	0.851251	no
PRPSAP1	19	0.791575	no
PRPSAP2	19	0.715789	no
PRR11	19	0.794714	no
PRR12	19	0.815789	no
PRR13	19	0.916191	no
PRR14	19	0.957895	no
PRR14L	19	0.970175	no
PRR15	19	0.901874	no
PRR15L	19	0.889873	no
PRR16	19	0.894366	no
PRR18	19	0.886917	no
PRR19	19	0.634276	no
PRR20A	13	nan	yes
PRR20B	13	nan	yes
PRR20C	19	nan	yes
PRR20D	13	nan	yes
PRR20E	13	nan	yes
PRR20G	16	nan	yes
PRR22	19	0.970952	no
PRR23A	16	1.000000	yes
PRR23B	16	nan	yes
PRR23C	16	nan	yes
PRR23D1	16	nan	yes
PRR23D2	13	nan	yes
PRR27	19	0.379508	no
PRR29	19	0.800374	no
PRR3	19	0.948177	no
PRR30	16	nan	no
PRR32	16	1.000000	yes
PRR35	19	0.662939	no
PRR36	19	0.914137	no
PRR4	19	0.457629	no
PRR5	19	0.876984	no
PRR5L	19	0.855639	no
PRR7	19	0.953927	no
PRR9	16	nan	no
PRRC1	19	0.855639	no
PRRC2A	19	0.970149	no
PRRC2B	13	0.741758	no
PRRC2C	19	0.901754	no
PRRG1	19	0.955643	no
PRRG2	19	0.939860	no
PRRG3	19	0.843945	no
PRRG4	19	0.952968	no
PRRT1	19	0.950782	no
PRRT1B	19	0.922299	no
PRRT2	19	0.824483	no
PRRT3	19	0.915314	no
PRRT4	19	0.940427	no
PRRX1	19	0.706297	no
PRRX2	19	0.714176	no
PRSS1	19	0.396315	no
PRSS12	19	0.837731	no
PRSS16	19	0.904013	no
PRSS2	19	0.740737	no
PRSS21	19	0.938062	no
PRSS22	19	0.883465	no
PRSS23	19	0.968421	no
PRSS27	19	0.473918	no
PRSS3	19	0.821413	no
PRSS33	16	1.000000	no
PRSS35	19	0.831858	no
PRSS36	19	0.970401	no
PRSS37	19	0.477564	no
PRSS38	19	0.861187	no
PRSS48	19	0.962934	no
PRSS50	16	0.998416	no
PRSS51	19	0.869769	no
PRSS53	19	0.826047	no
PRSS54	19	0.940209	no
PRSS55	19	0.949161	no
PRSS56	19	0.789743	no
PRSS57	19	0.678869	no
PRSS58	16	nan	no
PRSS8	19	0.821486	no
PRTFDC1	19	0.968846	no
PRTG	19	0.927912	no
PRTN3	19	0.669822	no
PRUNE1	19	0.943860	no
PRUNE2	19	0.913960	no
PRX	19	0.746925	no
PRXL2A	19	0.980702	no
PRXL2B	19	0.951030	no
PRXL2C	19	0.946907	no
PRY	19	nan	no
PRY2	16	nan	no
PSAP	19	0.936842	no
PSAPL1	19	0.795044	no
PSAT1	19	0.853755	no
PSCA	19	0.466432	no
PSD	19	0.608696	no
PSD2	19	0.867873	no
PSD3	19	0.957895	no
PSD4	19	0.983765	no
PSEN1	19	0.961404	no
PSEN2	19	0.968592	no
PSENEN	19	0.937144	no
PSG1	19	0.713908	no
PSG11	19	0.873680	no
PSG2	19	0.999355	no
PSG3	19	0.991114	no
PSG4	19	0.955011	no
PSG5	19	0.906082	no
PSG6	19	0.866230	no
PSG7	19	0.725403	no
PSG8	19	0.997658	no
PSG9	19	0.919151	no
PSIP1	19	0.929825	no
PSKH1	19	0.771930	no
PSKH2	19	0.754293	no
PSMA1	19	0.949123	no
PSMA2	19	0.827316	no
PSMA3	19	0.963158	no
PSMA4	19	0.970175	no
PSMA5	19	0.973684	no
PSMA6	19	0.912714	no
PSMA7	19	0.964912	no
PSMA8	19	0.874228	no
PSMB1	19	0.987719	no
PSMB10	19	0.963816	no
PSMB11	16	nan	no
PSMB2	19	0.968421	no
PSMB3	19	0.981132	no
PSMB4	19	0.956140	no
PSMB5	19	0.991228	no
PSMB6	19	0.987719	no
PSMB7	19	0.984211	no
PSMB8	19	0.968421	no
PSMB9	19	0.979377	no
PSMC1	19	0.922807	no
PSMC2	19	0.950877	no
PSMC3	19	0.994737	no
PSMC3IP	19	0.970125	no
PSMC4	19	0.982456	no
PSMC5	19	0.978947	no
PSMC6	19	0.894252	no
PSMD1	19	0.750877	no
PSMD10	19	0.942519	no
PSMD11	19	0.953468	no
PSMD12	19	0.934621	no
PSMD13	19	0.940351	no
PSMD14	19	0.933333	no
PSMD2	19	0.970175	no
PSMD3	19	0.963158	no
PSMD4	19	0.982456	no
PSMD5	19	0.885476	no
PSMD6	19	0.934621	no
PSMD7	19	0.945614	no
PSMD8	19	0.987719	no
PSMD9	19	0.977955	no
PSME1	19	0.968421	no
PSME2	19	0.978947	no
PSME3	19	0.990786	no
PSME3IP1	19	0.931579	no
PSME4	19	0.894737	no
PSMF1	19	0.616060	no
PSMG1	19	0.984197	no
PSMG2	19	0.900000	no
PSMG3	19	0.989030	no
PSMG4	19	0.938596	no
PSORS1C1	19	0.932260	no
PSORS1C2	19	0.645763	no
PSPC1	19	0.985965	no
PSPH	19	0.878456	no
PSPN	19	0.907008	no
PSRC1	19	0.793848	no
PSTK	19	0.929825	no
PSTPIP1	19	0.915605	no
PSTPIP2	19	0.956140	no
PTAFR	19	0.929825	no
PTAR1	19	0.964912	no
PTBP1	19	0.968421	no
PTBP2	19	0.875439	no
PTBP3	19	0.954386	no
PTCD1	19	0.905495	no
PTCD2	19	0.931579	no
PTCD3	19	0.975417	no
PTCH1	19	0.973684	no
PTCH2	19	0.895961	no
PTCHD1	19	0.880508	no
PTCHD4	19	0.839931	no
PTCRA	19	0.902817	no
PTDSS1	19	0.880702	no
PTDSS2	19	0.985050	no
PTEN	19	0.971905	no
PTER	19	0.962703	no
PTF1A	16	0.850322	no
PTGDR	19	0.853168	no
PTGDR2	19	0.927775	no
PTGDS	19	0.872247	no
PTGER1	19	0.854003	no
PTGER2	19	0.935733	no
PTGER3	19	0.921252	no
PTGER4	19	0.944200	no
PTGES	19	0.830232	no
PTGES2	19	0.949956	no
PTGES3	19	0.956140	no
PTGES3L	19	0.994098	no
PTGES3L-AARSD1	16	0.714290	no
PTGFR	19	0.939153	no
PTGFRN	19	0.935909	no
PTGIR	19	0.798798	no
PTGIS	19	0.686456	no
PTGR1	19	0.857895	no
PTGR2	19	0.960371	no
PTGR3	19	0.790167	no
PTGS1	19	0.865817	no
PTGS2	19	0.939367	no
PTH	19	0.898227	no
PTH1R	19	0.787987	no
PTH2	19	0.996546	no
PTH2R	19	0.924495	no
PTHLH	19	0.877868	no
PTK2	19	0.963158	no
PTK2B	19	0.978947	no
PTK6	19	0.948390	no
PTK7	19	0.937198	no
PTMA	19	0.933333	no
PTMS	19	0.943860	no
PTN	19	0.779782	no
PTOV1	19	0.896491	no
PTP4A1	19	0.894159	no
PTP4A2	19	0.971479	no
PTP4A3	19	0.815583	no
PTPA	19	0.782418	no
PTPDC1	19	0.941641	no
PTPMT1	19	0.977974	no
PTPN1	19	0.989030	no
PTPN11	19	0.874068	no
PTPN12	19	0.908772	no
PTPN13	19	0.973684	no
PTPN14	19	0.938596	no
PTPN18	19	0.960070	no
PTPN2	19	0.857895	no
PTPN20	19	0.979377	no
PTPN21	19	0.973684	no
PTPN22	19	0.980237	no
PTPN23	19	0.855136	no
PTPN3	19	0.914035	no
PTPN4	19	0.956140	no
PTPN5	19	0.889505	no
PTPN6	19	0.993852	no
PTPN7	19	0.977133	no
PTPN9	19	0.885865	no
PTPRA	19	0.887719	no
PTPRB	19	0.731022	no
PTPRC	19	0.928007	no
PTPRCAP	19	0.614266	no
PTPRD	19	0.957438	no
PTPRE	19	0.949123	no
PTPRF	19	0.939886	no
PTPRG	19	0.885965	no
PTPRH	19	0.845613	no
PTPRJ	19	0.945614	no
PTPRK	19	0.919228	no
PTPRM	19	0.985965	no
PTPRN	19	0.986991	no
PTPRN2	19	0.955682	no
PTPRO	19	0.868421	no
PTPRR	19	0.689597	no
PTPRS	19	0.942105	no
PTPRT	19	0.869221	no
PTPRU	19	0.980685	no
PTPRZ1	19	0.773228	no
PTRH1	19	0.990786	no
PTRH2	19	0.785965	no
PTRHD1	19	0.989474	no
PTS	19	0.949123	no
PTTG1	19	0.950373	no
PTTG1IP	19	0.978947	no
PTTG1IP2	16	nan	yes
PTTG2	19	nan	yes
PTX3	19	0.923930	no
PTX4	16	nan	yes
PUDP	19	0.977193	no
PUF60	19	0.978499	no
PUM1	19	0.907018	no
PUM2	19	0.936842	no
PUM3	19	0.810526	no
PURA	19	0.959649	no
PURB	19	0.965336	no
PURG	19	0.811640	no
PUS1	19	0.888109	no
PUS10	19	0.964912	no
PUS3	19	0.963549	no
PUS7	19	0.864414	no
PUS7L	19	0.843860	no
PUSL1	19	0.983751	no
PVALB	19	0.922884	no
PVALEF	19	0.783929	no
PVR	19	0.922334	no
PVRIG	19	0.870987	no
PWP1	19	0.988153	no
PWP2	19	0.839965	no
PWWP2A	19	0.938131	no
PWWP2B	19	0.943860	no
PWWP3A	19	0.963158	no
PWWP3B	19	0.709067	no
PXDC1	19	0.937253	no
PXDN	19	0.748353	no
PXDNL	19	0.950417	no
PXK	19	0.968421	no
PXMP2	19	0.897143	no
PXMP4	19	0.715226	no
PXN	19	0.942105	no
PXT1	19	0.943288	no
PXYLP1	19	0.971930	no
PYCARD	19	0.987719	no
PYCR1	19	0.738557	no
PYCR2	19	0.966470	no
PYCR3	19	0.849789	no
PYDC1	19	0.864626	no
PYDC2	16	nan	yes
PYDC5	13	0.881679	no
PYGB	19	0.949123	no
PYGL	19	0.989474	no
PYGM	19	0.934361	no
PYGO1	19	0.953847	no
PYGO2	19	0.893281	no
PYHIN1	19	0.919036	no
PYM1	19	0.961370	no
PYROXD1	19	0.910009	no
PYROXD2	19	0.870557	no
PYURF	16	0.784083	no
PYY	19	0.972712	no
PZP	19	0.972247	no
QARS1	19	0.949539	no
QDPR	19	0.963581	no
QKI	19	0.963158	no
QPCT	19	0.949033	no
QPCTL	19	0.922266	no
QPRT	19	0.833333	no
QRFP	19	0.591160	no
QRFPR	19	0.771181	no
QRICH1	19	0.944334	no
QRICH2	19	0.903821	no
QRSL1	19	0.975439	no
QSOX1	19	0.918824	no
QSOX2	19	0.956102	no
QTRT1	19	0.924561	no
QTRT2	19	0.957438	no
R3HCC1	19	0.978947	no
R3HCC1L	19	0.989474	no
R3HDM1	19	0.984211	no
R3HDM2	19	0.982456	no
R3HDM4	19	0.989474	no
R3HDML	19	0.841319	no
RAB10	19	0.989474	no
RAB11A	19	0.959649	no
RAB11B	19	0.956560	no
RAB11FIP1	19	0.922807	no
RAB11FIP2	19	0.877578	no
RAB11FIP3	19	0.915789	no
RAB11FIP4	19	0.966638	no
RAB11FIP5	19	0.960492	no
RAB13	19	0.856211	no
RAB14	19	0.966667	no
RAB15	19	0.903905	no
RAB17	19	0.922267	no
RAB18	19	0.915789	no
RAB19	19	0.978810	no
RAB1A	19	0.940351	no
RAB1B	19	0.938596	no
RAB20	19	0.847740	no
RAB21	19	0.924561	no
RAB22A	19	0.957895	no
RAB23	19	0.996491	no
RAB24	19	0.854506	no
RAB25	19	0.862534	no
RAB26	19	0.863916	no
RAB27A	19	0.980702	no
RAB27B	19	0.763077	no
RAB28	19	0.973684	no
RAB29	19	0.948178	no
RAB2A	19	0.929825	no
RAB2B	19	0.651163	no
RAB30	19	0.975439	no
RAB31	19	0.992982	no
RAB32	19	0.898246	no
RAB33A	19	0.879948	no
RAB33B	19	0.969219	no
RAB34	19	0.982456	no
RAB35	19	0.987719	no
RAB36	19	0.932367	no
RAB37	19	0.992088	no
RAB38	19	0.939754	no
RAB39A	19	0.970925	no
RAB39B	19	0.955250	no
RAB3A	19	0.846357	no
RAB3B	19	0.812418	no
RAB3C	19	0.850970	no
RAB3D	19	0.889183	no
RAB3GAP1	19	0.780702	no
RAB3GAP2	19	0.970175	no
RAB3IL1	19	0.926154	no
RAB3IP	19	0.952632	no
RAB40A	19	0.977583	no
RAB40AL	19	0.759514	no
RAB40B	19	0.963158	no
RAB40C	19	0.924561	no
RAB41	19	0.500000	no
RAB42	19	0.799571	no
RAB43	19	0.852783	no
RAB44	19	0.862641	no
RAB4A	19	0.962703	no
RAB4B	19	0.882629	no
RAB5A	19	0.961404	no
RAB5B	19	0.982887	no
RAB5C	19	0.973210	no
RAB5IF	19	0.985965	no
RAB6A	19	0.882456	no
RAB6B	19	0.888889	no
RAB6C	19	0.858218	no
RAB6D	16	0.855921	no
RAB7A	19	0.961404	no
RAB7B	19	0.803878	no
RAB8A	19	0.933275	no
RAB8B	19	0.875439	no
RAB9A	19	0.985520	no
RAB9B	19	0.688655	no
RABAC1	19	0.961404	no
RABEP1	19	0.922739	no
RABEP2	19	0.849123	no
RABEPK	19	0.702940	no
RABGAP1	19	0.886354	no
RABGAP1L	19	0.977193	no
RABGEF1	19	0.928070	no
RABGGTA	19	0.967969	no
RABGGTB	19	0.930233	no
RABIF	19	0.991228	no
RABL2A	19	0.972783	no
RABL2B	19	0.933656	no
RABL3	19	0.861404	no
RABL6	19	0.884109	no
RAC1	19	0.957895	no
RAC2	19	0.966505	no
RAC3	19	0.954306	no
RACGAP1	19	0.950877	no
RACK1	19	0.922807	no
RAD1	19	0.949123	no
RAD17	19	0.966667	no
RAD18	19	0.959649	no
RAD21	19	0.975439	no
RAD21L1	19	0.886698	no
RAD23A	19	0.966667	no
RAD23B	19	0.934621	no
RAD50	19	0.931460	no
RAD51	19	0.911895	no
RAD51AP1	19	0.901935	no
RAD51AP2	19	0.906849	no
RAD51B	19	0.889474	no
RAD51C	19	0.970601	no
RAD51D	19	0.901278	no
RAD52	19	0.958315	no
RAD54B	19	0.954208	no
RAD54L	19	0.722955	no
RAD54L2	19	0.929825	no
RAD9A	19	0.945614	no
RAD9B	19	0.832162	no
RADIL	19	0.811720	no
RADX	19	0.939886	no
RAE1	19	0.928070	no
RAET1E	19	0.937555	no
RAET1G	19	0.574365	no
RAET1L	19	0.584345	no
RAF1	19	0.900000	no
RAG1	19	0.959031	no
RAG2	19	0.813667	no
RAI1	19	0.975439	no
RAI14	19	0.949539	no
RAI2	19	0.933275	no
RALA	19	0.910526	no
RALB	19	0.953927	no
RALBP1	19	0.956140	no
RALGAPA1	19	0.712281	no
RALGAPA2	19	0.924561	no
RALGAPB	19	0.974989	no
RALGDS	19	0.835088	no
RALGPS1	19	0.987719	no
RALGPS2	19	0.926316	no
RALY	19	0.931579	no
RALYL	19	0.934811	no
RAMAC	19	0.935683	no
RAMP1	19	0.976744	no
RAMP2	19	0.524648	no
RAMP3	19	0.483006	no
RAN	19	0.961404	no
RANBP1	19	0.984211	no
RANBP10	19	0.770175	no
RANBP17	19	0.950417	no
RANBP2	19	0.952632	no
RANBP3	19	0.952590	no
RANBP3L	19	0.857206	no
RANBP6	19	0.844230	no
RANBP9	19	0.843860	no
RANGAP1	19	0.977193	no
RANGRF	19	0.954386	no
RAP1A	19	0.959649	no
RAP1B	19	0.964912	no
RAP1GAP	19	0.941641	no
RAP1GAP2	19	0.924561	no
RAP1GDS1	19	0.803509	no
RAP2A	19	0.975439	no
RAP2B	19	0.952632	no
RAP2C	19	0.973234	no
RAPGEF1	19	0.977193	no
RAPGEF2	19	0.863158	no
RAPGEF3	19	0.880881	no
RAPGEF4	19	0.943860	no
RAPGEF5	19	0.860904	no
RAPGEF6	19	0.984197	no
RAPGEFL1	19	0.954805	no
RAPH1	19	0.884211	no
RAPSN	19	0.775870	no
RARA	19	0.964881	no
RARB	19	0.914035	no
RARG	19	0.932865	no
RARRES1	19	0.831870	no
RARRES2	19	0.878736	no
RARS1	19	0.907018	no
RARS2	19	0.901754	no
RASA1	19	0.970175	no
RASA2	19	0.907018	no
RASA3	19	0.959471	no
RASA4	19	0.895506	no
RASA4B	16	0.974094	no
RASAL1	19	0.842535	no
RASAL2	19	0.926316	no
RASAL3	19	0.979313	no
RASD1	19	0.927600	no
RASD2	19	0.815223	no
RASEF	19	0.677222	no
RASGEF1A	19	0.868687	no
RASGEF1B	19	0.977193	no
RASGEF1C	19	0.770044	no
RASGRF1	19	0.968366	no
RASGRF2	19	0.820535	no
RASGRP1	19	0.838596	no
RASGRP2	19	0.992534	no
RASGRP3	19	0.975439	no
RASGRP4	19	0.963532	no
RASIP1	19	0.807743	no
RASL10A	19	0.965521	no
RASL10B	19	0.887597	no
RASL11A	19	0.966667	no
RASL11B	19	0.908005	no
RASL12	19	0.824175	no
RASSF1	19	0.973684	no
RASSF10	19	0.920708	no
RASSF2	19	0.974539	no
RASSF3	19	0.929825	no
RASSF4	19	0.954346	no
RASSF5	19	0.971905	no
RASSF6	19	0.927787	no
RASSF7	19	0.954165	no
RASSF8	19	0.939886	no
RASSF9	19	0.876708	no
RAVER2	19	0.966667	no
RAX	19	0.422269	no
RAX2	19	0.595509	no
RB1	19	0.975439	no
RB1CC1	19	0.907416	no
RBAK	19	0.968736	no
RBBP4	19	0.722247	no
RBBP5	19	0.934621	no
RBBP6	19	0.852632	no
RBBP7	19	0.998246	no
RBBP8	19	0.889474	no
RBBP8NL	19	0.822062	no
RBBP9	19	0.817743	no
RBCK1	19	0.919298	no
RBFA	19	0.961719	no
RBFOX1	19	0.877193	no
RBFOX2	19	0.980702	no
RBFOX3	19	0.899429	no
RBIS	19	0.917544	no
RBKS	19	0.712906	no
RBL1	19	0.957895	no
RBL2	19	0.928070	no
RBM10	19	0.961825	no
RBM11	19	0.877193	no
RBM12	19	0.739003	no
RBM12B	19	0.907018	no
RBM14	19	0.942643	no
RBM15	19	0.934621	no
RBM15B	19	0.953468	no
RBM17	19	0.892982	no
RBM18	19	0.989030	no
RBM19	19	0.978947	no
RBM20	19	0.927473	no
RBM22	19	0.950877	no
RBM23	19	0.940351	no
RBM24	19	0.926419	no
RBM25	19	0.894737	no
RBM26	19	0.910526	no
RBM27	19	0.852359	no
RBM28	19	0.620388	no
RBM3	19	0.931579	no
RBM33	19	0.984211	no
RBM34	19	0.850924	no
RBM38	19	0.954386	no
RBM39	19	0.949123	no
RBM4	19	0.945614	no
RBM41	19	0.775439	no
RBM42	19	0.942519	no
RBM43	19	0.959649	no
RBM44	19	0.856891	no
RBM45	19	0.961404	no
RBM46	19	0.960964	no
RBM47	19	0.959649	no
RBM48	19	0.927600	no
RBM4B	19	0.952632	no
RBM5	19	0.992982	no
RBM6	19	0.928070	no
RBM7	19	0.932331	no
RBM8A	19	0.928070	no
RBMS1	19	0.966667	no
RBMS2	19	0.947368	no
RBMS3	19	0.868421	no
RBMX	19	0.843860	no
RBMX2	19	0.962703	no
RBMXL1	19	0.924761	no
RBMXL2	19	0.759972	no
RBMXL3	19	0.687184	no
RBMY1A1	16	nan	yes
RBMY1B	13	nan	yes
RBMY1D	16	nan	yes
RBMY1E	13	nan	yes
RBMY1F	13	nan	yes
RBMY1J	16	nan	yes
RBP1	19	0.807018	no
RBP2	19	0.908730	no
RBP3	16	nan	no
RBP4	19	0.535955	no
RBP5	19	0.921699	no
RBP7	19	0.830986	no
RBPJ	19	0.961404	no
RBPJL	19	0.571299	no
RBPMS	19	0.964912	no
RBPMS2	19	0.893834	no
RBSN	19	0.877572	no
RBX1	19	0.971930	no
RC3H1	19	0.936842	no
RC3H2	19	0.959649	no
RCAN1	19	0.916923	no
RCAN2	19	0.952590	no
RCAN3	19	0.940351	no
RCBTB1	19	0.903028	no
RCBTB2	19	0.817583	no
RCC1	19	0.780702	no
RCC1L	19	0.885476	no
RCC2	19	0.931988	no
RCCD1	19	0.904699	no
RCE1	19	0.962703	no
RCHY1	19	0.884211	no
RCL1	19	0.885865	no
RCN1	19	0.940299	no
RCN2	19	0.950877	no
RCN3	19	0.897098	no
RCOR1	19	0.933333	no
RCOR2	19	0.898679	no
RCOR3	19	0.987275	no
RCSD1	19	0.967940	no
RCVRN	19	0.890586	no
RD3	19	0.760372	no
RD3L	16	0.616236	no
RDH10	19	0.896885	no
RDH11	19	0.897279	no
RDH12	19	0.977123	no
RDH13	19	0.961132	no
RDH14	19	0.984211	no
RDH16	19	0.887469	no
RDH5	19	0.960040	no
RDH8	19	0.672694	no
RDM1	19	0.935819	no
RDX	19	0.963158	no
REC114	19	0.707692	no
REC8	19	0.876869	no
RECK	19	0.931110	no
RECQL	19	0.967969	no
RECQL4	19	0.908933	no
RECQL5	19	0.886643	no
REELD1	19	0.882824	no
REEP1	19	0.961825	no
REEP2	19	0.893626	no
REEP3	19	0.880702	no
REEP4	19	0.934621	no
REEP5	19	0.936842	no
REEP6	19	0.861417	no
REG1A	19	0.591714	no
REG1B	19	0.609704	no
REG3A	16	0.478902	no
REG3G	19	0.576321	no
REG4	19	0.786752	no
REL	19	0.954386	no
RELA	19	0.984211	no
RELB	19	0.938131	no
RELCH	19	0.954386	no
RELL1	19	0.959649	no
RELL2	19	0.980659	no
RELN	19	0.865993	no
RELT	19	0.964458	no
REM1	19	0.815673	no
REM2	19	0.915601	no
REN	19	0.848595	no
RENBP	19	0.985075	no
REP15	19	0.911284	no
REPIN1	19	0.646010	no
REPS1	19	0.938131	no
REPS2	19	0.956102	no
RER1	19	0.942105	no
RERE	19	0.959649	no
RERG	19	0.859781	no
RERGL	19	0.877750	no
RESF1	19	0.993418	no
RESP18	19	0.999138	no
REST	19	0.964912	no
RET	19	0.889543	no
RETN	19	0.703746	no
RETNLB	19	0.755698	no
RETREG1	19	0.932865	no
RETREG2	19	0.943396	no
RETREG3	19	0.956140	no
RETSAT	19	0.952172	no
REV1	19	0.900000	no
REV3L	19	0.776657	no
REX1BD	19	0.957895	no
REXO1	19	0.953050	no
REXO2	19	0.985965	no
REXO4	19	0.990777	no
REXO5	19	0.829527	no
RFC1	19	0.711716	no
RFC2	19	0.870939	no
RFC3	19	0.886743	no
RFC4	19	0.934506	no
RFC5	19	0.926186	no
RFESD	19	0.683355	no
RFFL	19	0.969272	no
RFK	19	0.970175	no
RFLNA	19	0.982858	no
RFLNB	19	0.991000	no
RFNG	19	0.861404	no
RFPL1	19	0.736372	no
RFPL2	19	0.952062	no
RFPL3	19	0.598266	no
RFPL4A	19	0.780211	no
RFPL4AL1	13	0.735980	no
RFPL4B	19	nan	yes
RFT1	19	0.847607	no
RFTN1	19	0.826316	no
RFTN2	19	0.839861	no
RFWD3	19	0.968792	no
RFX1	19	0.939368	no
RFX2	19	0.898246	no
RFX3	19	0.980702	no
RFX4	19	0.985404	no
RFX5	19	0.899429	no
RFX6	19	0.823736	no
RFX7	19	0.968421	no
RFX8	19	0.883026	no
RFXANK	19	0.985520	no
RFXAP	19	0.967487	no
RGCC	19	0.975417	no
RGL1	19	0.980702	no
RGL2	19	0.936236	no
RGL3	19	0.924561	no
RGL4	19	0.979277	no
RGMA	19	0.816345	no
RGMB	19	0.806848	no
RGN	19	0.961337	no
RGP1	19	0.958315	no
RGPD2	19	0.687445	no
RGPD3	19	0.952865	no
RGPD4	16	0.900889	no
RGPD5	19	0.918318	no
RGPD6	19	0.966162	no
RGPD8	19	0.919298	no
RGR	19	0.771016	no
RGS1	19	0.923483	no
RGS10	19	0.956102	no
RGS11	19	0.857349	no
RGS12	19	0.975439	no
RGS13	19	0.817152	no
RGS14	19	0.929355	no
RGS16	19	0.887719	no
RGS17	19	0.824770	no
RGS18	19	0.850914	no
RGS19	19	0.981563	no
RGS2	19	0.924090	no
RGS20	19	0.949011	no
RGS21	19	0.714775	no
RGS22	19	0.916450	no
RGS3	19	0.924967	no
RGS4	19	0.894601	no
RGS5	16	0.765269	no
RGS6	19	0.887719	no
RGS7	19	0.923890	no
RGS7BP	19	0.841967	no
RGS8	19	0.908250	no
RGS9	19	0.906017	no
RGS9BP	19	0.773700	no
RGSL1	19	0.721052	no
RHAG	19	0.880933	no
RHBDD1	19	0.903028	no
RHBDD2	19	0.917544	no
RHBDD3	19	0.967969	no
RHBDF1	19	0.875990	no
RHBDF2	19	0.945614	no
RHBDL1	19	0.894945	no
RHBDL2	19	0.845985	no
RHBDL3	19	0.778761	no
RHBG	19	0.825588	no
RHCE	19	0.871479	no
RHCG	19	0.655137	no
RHD	19	0.928070	no
RHEB	19	0.854386	no
RHEBL1	19	0.961190	no
RHEX	19	0.830399	no
RHNO1	19	0.812241	no
RHO	19	0.436452	no
RHOA	19	0.954346	no
RHOB	19	0.942105	no
RHOBTB1	19	0.950417	no
RHOBTB2	19	0.910526	no
RHOBTB3	19	0.966213	no
RHOC	19	0.892982	no
RHOD	19	0.963126	no
RHOF	19	0.850242	no
RHOG	19	0.971479	no
RHOH	19	0.934916	no
RHOJ	19	0.820547	no
RHOQ	19	0.959649	no
RHOT1	19	0.992982	no
RHOT2	19	0.622807	no
RHOU	19	0.974678	no
RHOV	19	0.663433	no
RHOXF1	19	0.934918	no
RHOXF2	19	0.566079	no
RHOXF2B	16	1.000000	yes
RHPN1	19	0.980702	no
RHPN2	19	0.960070	no
RIBC1	19	0.917327	no
RIBC2	19	0.798679	no
RIC1	19	0.964912	no
RIC3	19	0.905263	no
RIC8A	19	0.953927	no
RIC8B	19	0.974989	no
RICTOR	19	0.964912	no
RIDA	19	0.903509	no
RIF1	19	0.810526	no
RIGI	19	0.960879	no
RIIAD1	19	0.843937	no
RILP	19	0.987209	no
RILPL1	19	0.936842	no
RILPL2	19	0.973684	no
RIMBP2	19	0.930049	no
RIMBP3	13	nan	no
RIMBP3B	13	nan	yes
RIMBP3C	16	0.761606	no
RIMKLA	19	0.937090	no
RIMKLB	19	0.952632	no
RIMOC1	19	0.830553	no
RIMS1	19	0.685413	no
RIMS2	19	0.834577	no
RIMS3	19	0.976714	no
RIMS4	19	0.912695	no
RIN1	19	0.960388	no
RIN2	19	0.959649	no
RIN3	19	0.950877	no
RING1	19	0.935498	no
RINL	19	0.910416	no
RINT1	19	0.953050	no
RIOK1	19	0.922807	no
RIOK2	19	0.970175	no
RIOK3	19	0.940351	no
RIOX1	19	0.935799	no
RIOX2	19	0.879719	no
RIPK1	19	0.780702	no
RIPK2	19	0.882843	no
RIPK3	19	0.957361	no
RIPK4	19	0.944741	no
RIPOR1	19	0.931579	no
RIPOR2	19	0.978947	no
RIPOR3	19	0.805263	no
RIPPLY1	19	1.000000	yes
RIPPLY2	19	0.899823	no
RIPPLY3	19	0.869441	no
RIT1	19	0.974989	no
RIT2	19	0.931537	no
RITA1	19	0.971791	no
RLBP1	19	0.754993	no
RLF	19	0.896491	no
RLIM	19	0.925845	no
RLN1	19	0.890534	no
RLN2	19	0.914388	no
RLN3	19	0.645763	no
RMC1	19	0.946029	no
RMDN1	19	0.772269	no
RMDN2	19	0.970150	no
RMDN3	19	0.980702	no
RMI1	19	0.921053	no
RMI2	19	0.800001	no
RMND1	19	0.882456	no
RMND5A	19	0.974112	no
RMND5B	19	0.739798	no
RNASE1	19	0.736056	no
RNASE10	19	0.927289	no
RNASE11	16	nan	no
RNASE12	16	nan	yes
RNASE13	16	nan	yes
RNASE2	19	0.946693	no
RNASE3	19	0.886692	no
RNASE4	19	0.947935	no
RNASE6	19	0.967645	no
RNASE7	19	0.820283	no
RNASE8	16	nan	yes
RNASE9	16	nan	no
RNASEH1	19	0.867233	no
RNASEH2A	19	0.967661	no
RNASEH2B	19	0.969724	no
RNASEH2C	19	0.954386	no
RNASEK	19	0.922334	no
RNASEL	19	0.931579	no
RNASET2	19	0.943860	no
RND1	19	0.890159	no
RND2	19	0.927505	no
RND3	19	0.835454	no
RNF10	19	0.914436	no
RNF103	19	0.905018	no
RNF11	19	0.984211	no
RNF111	19	0.978947	no
RNF112	19	0.919188	no
RNF113A	19	0.975439	no
RNF113B	19	0.848427	no
RNF114	19	0.943860	no
RNF115	19	0.985965	no
RNF121	19	0.864734	no
RNF122	19	0.877578	no
RNF123	19	0.860159	no
RNF125	19	0.976993	no
RNF126	19	0.950417	no
RNF128	19	0.963549	no
RNF13	19	0.975439	no
RNF130	19	0.964912	no
RNF133	19	nan	yes
RNF135	19	0.932865	no
RNF138	19	0.930233	no
RNF139	19	0.957895	no
RNF14	19	0.876700	no
RNF141	19	0.914436	no
RNF144A	19	0.966667	no
RNF144B	19	0.956140	no
RNF145	19	0.973684	no
RNF146	19	0.947368	no
RNF148	19	nan	yes
RNF149	19	0.989474	no
RNF150	19	0.845614	no
RNF151	19	0.469031	no
RNF152	19	0.949473	no
RNF157	19	0.984616	no
RNF165	19	0.850242	no
RNF166	19	0.985520	no
RNF167	19	0.952632	no
RNF168	19	0.865292	no
RNF169	19	0.887719	no
RNF17	19	0.738651	no
RNF170	19	0.845108	no
RNF175	19	0.930137	no
RNF180	19	0.912281	no
RNF181	19	0.984211	no
RNF182	19	0.955636	no
RNF183	19	0.875722	no
RNF185	19	0.912204	no
RNF186	19	0.826055	no
RNF187	19	0.898544	no
RNF19A	19	0.966667	no
RNF19B	19	0.947368	no
RNF2	19	0.924561	no
RNF20	19	0.826164	no
RNF207	19	0.848113	no
RNF208	19	0.894252	no
RNF212	19	0.931928	no
RNF212B	19	0.895824	no
RNF213	19	0.975439	no
RNF214	19	0.949123	no
RNF215	19	0.920544	no
RNF216	19	0.982456	no
RNF217	19	0.707018	no
RNF220	19	0.819298	no
RNF222	19	0.831938	no
RNF223	19	0.716114	no
RNF224	19	0.763925	no
RNF225	16	nan	no
RNF227	19	0.913733	no
RNF24	19	0.950877	no
RNF25	19	0.915314	no
RNF26	19	0.966623	no
RNF31	19	0.766085	no
RNF32	19	0.878082	no
RNF34	19	0.980702	no
RNF38	19	0.957895	no
RNF39	19	0.537762	no
RNF4	19	0.964912	no
RNF40	19	0.946444	no
RNF41	19	0.921053	no
RNF43	19	0.838944	no
RNF44	19	0.909970	no
RNF5	19	0.945056	no
RNF6	19	0.929763	no
RNF7	19	0.946815	no
RNF8	19	0.936842	no
RNFT1	19	0.964912	no
RNFT2	19	0.942105	no
RNGTT	19	0.963158	no
RNH1	19	0.956140	no
RNLS	19	0.973684	no
RNMT	19	0.945614	no
RNPC3	19	0.991228	no
RNPEP	19	0.952632	no
RNPEPL1	19	0.831066	no
RNPS1	19	0.949123	no
RO60	19	0.949123	no
ROBO1	19	0.874945	no
ROBO2	19	0.878456	no
ROBO3	19	0.878456	no
ROBO4	19	0.581479	no
ROCK1	19	0.973684	no
ROCK2	19	0.875439	no
ROGDI	19	0.940686	no
ROM1	19	0.924364	no
ROMO1	19	0.933333	no
ROPN1	19	0.527252	no
ROPN1B	19	0.844280	no
ROPN1L	19	0.970537	no
ROR1	19	0.915789	no
ROR2	19	0.827042	no
RORA	19	0.982456	no
RORB	19	0.903905	no
RORC	19	0.972264	no
ROS1	19	0.695284	no
RP1	19	0.924462	no
RP1L1	19	0.968051	no
RP2	19	0.963126	no
RP9	19	0.926251	no
RPA1	19	0.929355	no
RPA2	19	0.980255	no
RPA3	19	0.978947	no
RPA4	19	nan	yes
RPAIN	19	0.994737	no
RPAP1	19	0.915314	no
RPAP2	19	0.945614	no
RPAP3	19	0.885965	no
RPE	19	0.805970	no
RPE65	19	0.917010	no
RPEL1	19	0.780701	no
RPF1	19	0.975439	no
RPF2	19	0.940351	no
RPGR	19	0.924495	no
RPGRIP1	19	0.915454	no
RPGRIP1L	19	0.956140	no
RPH3A	19	0.923383	no
RPH3AL	19	0.903509	no
RPIA	19	0.684811	no
RPL10	19	0.905263	no
RPL10A	19	0.907018	no
RPL10L	16	nan	no
RPL11	19	0.926316	no
RPL12	19	0.885965	no
RPL13	19	0.931579	no
RPL13A	19	0.971930	no
RPL14	19	0.894737	no
RPL15	19	0.915789	no
RPL17	19	0.904699	no
RPL18	19	0.908772	no
RPL18A	19	0.935088	no
RPL19	19	0.957895	no
RPL21	19	0.952172	no
RPL22	19	0.901754	no
RPL22L1	19	0.984211	no
RPL23	19	0.964912	no
RPL23A	19	0.966667	no
RPL24	19	0.877193	no
RPL26	19	0.928007	no
RPL26L1	19	0.982456	no
RPL27	19	0.970175	no
RPL27A	19	0.950877	no
RPL28	19	0.948662	no
RPL29	19	0.900000	no
RPL3	19	0.901754	no
RPL30	19	0.912281	no
RPL31	19	0.982456	no
RPL32	19	0.929825	no
RPL34	19	0.929825	no
RPL35	19	0.959649	no
RPL35A	19	0.931579	no
RPL36	19	0.917544	no
RPL36A	19	0.919561	no
RPL36AL	19	0.952632	no
RPL37	19	0.921053	no
RPL37A	19	0.964912	no
RPL38	19	0.942105	no
RPL39	19	0.936842	no
RPL39L	19	0.985953	no
RPL3L	19	0.651255	no
RPL4	19	0.901754	no
RPL41	19	0.957895	no
RPL5	19	0.900000	no
RPL6	19	0.880702	no
RPL7	19	0.949123	no
RPL7A	19	0.942105	no
RPL7L1	19	0.960070	no
RPL8	19	0.901754	no
RPL9	19	0.931579	no
RPLP0	19	0.907018	no
RPLP1	19	0.935088	no
RPLP2	19	0.964912	no
RPN1	19	0.954386	no
RPN2	19	0.978947	no
RPP14	19	0.974768	no
RPP21	19	0.979350	no
RPP25	19	0.884497	no
RPP25L	19	0.876153	no
RPP30	19	0.970175	no
RPP38	19	0.953050	no
RPP40	19	0.949034	no
RPRD1A	19	0.922807	no
RPRD1B	19	0.966667	no
RPRD2	19	0.898246	no
RPRM	19	0.984456	no
RPRML	19	0.825608	no
RPS10	19	0.931338	no
RPS11	19	0.936842	no
RPS12	19	0.878947	no
RPS13	19	0.915789	no
RPS14	19	0.910526	no
RPS15	19	0.922807	no
RPS15A	19	0.952632	no
RPS16	19	0.957895	no
RPS17	19	0.908772	no
RPS18	19	0.952632	no
RPS19	19	0.921053	no
RPS19BP1	19	0.973684	no
RPS2	19	0.928070	no
RPS20	19	0.980702	no
RPS21	19	0.912281	no
RPS23	19	0.931579	no
RPS24	19	0.868421	no
RPS25	19	0.949123	no
RPS26	19	0.939886	no
RPS27	19	0.950877	no
RPS27A	19	0.924561	no
RPS27L	19	0.984211	no
RPS28	19	0.952632	no
RPS29	19	0.949123	no
RPS3	19	0.922807	no
RPS3A	19	0.936842	no
RPS4X	19	0.907018	no
RPS4Y1	19	0.994718	no
RPS4Y2	19	0.644029	no
RPS5	19	0.900000	no
RPS6	19	0.896491	no
RPS6KA1	19	0.992028	no
RPS6KA2	19	0.970601	no
RPS6KA3	19	0.811760	no
RPS6KA4	19	0.853380	no
RPS6KA5	19	0.796491	no
RPS6KA6	19	0.959193	no
RPS6KB1	19	0.907018	no
RPS6KB2	19	0.962703	no
RPS6KC1	19	0.936842	no
RPS6KL1	19	0.957400	no
RPS7	19	0.935088	no
RPS8	19	0.921053	no
RPS9	19	0.922807	no
RPSA	19	0.887719	no
RPTN	19	nan	no
RPTOR	19	0.900000	no
RPUSD1	19	0.910526	no
RPUSD2	19	0.863158	no
RPUSD3	19	0.824046	no
RPUSD4	19	0.871930	no
RRAD	19	0.891133	no
RRAGA	19	0.978947	no
RRAGB	19	0.900395	no
RRAGC	19	0.954386	no
RRAGD	19	0.951295	no
RRAS	19	0.918350	no
RRAS2	19	0.917544	no
RRBP1	19	0.926316	no
RREB1	19	0.947368	no
RRH	19	0.940193	no
RRM1	19	0.987719	no
RRM2	19	0.792271	no
RRM2B	19	0.963158	no
RRN3	19	0.950373	no
RRP1	19	0.931110	no
RRP12	19	0.970175	no
RRP15	19	0.944688	no
RRP1B	19	0.970175	no
RRP36	19	0.915789	no
RRP7A	19	0.984211	no
RRP8	19	0.974517	no
RRP9	19	0.992973	no
RRS1	19	0.924901	no
RS1	19	0.868434	no
RSAD1	19	0.978947	no
RSAD2	19	0.927882	no
RSBN1	19	0.991228	no
RSBN1L	19	0.907018	no
RSC1A1	16	0.829731	no
RSF1	19	0.878947	no
RSL1D1	19	0.874068	no
RSL24D1	19	0.929825	no
RSPH1	19	0.918682	no
RSPH10B	19	0.780596	no
RSPH10B2	19	0.926322	no
RSPH14	19	0.916520	no
RSPH4A	19	0.856577	no
RSPH6A	19	0.803322	no
RSPH9	19	0.937417	no
RSPO1	19	0.867855	no
RSPO2	19	0.963356	no
RSPO3	19	0.579552	no
RSPO4	19	0.949385	no
RSPRY1	19	0.962703	no
RSRC1	19	0.789474	no
RSRC2	19	0.989474	no
RSRP1	19	0.966667	no
RSU1	19	0.970175	no
RTBDN	16	1.000000	no
RTCA	19	0.887719	no
RTCB	19	0.963126	no
RTEL1	19	0.867365	no
RTF1	19	0.985965	no
RTF2	19	0.956140	no
RTKN	19	0.922807	no
RTKN2	19	0.810716	no
RTL1	19	0.948266	no
RTL10	19	0.796230	no
RTL3	16	1.000000	no
RTL4	19	0.951056	no
RTL5	19	0.952988	no
RTL6	19	0.986392	no
RTL8A	19	0.982456	no
RTL8B	19	0.961727	no
RTL8C	19	0.871435	no
RTL9	19	0.883478	no
RTN1	19	0.877193	no
RTN2	19	0.855136	no
RTN3	19	0.952632	no
RTN4	19	0.980702	no
RTN4IP1	19	0.931988	no
RTN4R	19	0.903880	no
RTN4RL1	19	0.883721	no
RTN4RL2	19	0.958646	no
RTP1	19	0.804916	no
RTP2	16	0.683130	no
RTP3	19	0.643938	no
RTP4	19	0.984169	no
RTP5	19	0.818287	no
RTRAF	19	0.992982	no
RTTN	19	0.950877	no
RUBCN	19	0.928007	no
RUBCNL	19	0.877470	no
RUFY1	19	0.966667	no
RUFY2	19	0.928070	no
RUFY3	19	0.936842	no
RUFY4	19	0.867088	no
RUNDC1	19	0.938596	no
RUNDC3A	19	0.758977	no
RUNDC3B	19	0.925780	no
RUNX1	19	0.992982	no
RUNX1T1	19	0.861660	no
RUNX2	19	0.861404	no
RUNX3	19	0.963723	no
RUSC1	19	0.810360	no
RUSC2	19	0.966667	no
RUSF1	19	0.910926	no
RUVBL1	19	0.942105	no
RUVBL2	19	0.943396	no
RWDD1	19	0.963158	no
RWDD2A	19	0.988142	no
RWDD2B	19	0.843860	no
RWDD3	19	0.983929	no
RWDD4	19	0.974989	no
RXFP1	19	0.495599	no
RXFP2	19	0.767502	no
RXFP3	16	1.000000	no
RXFP4	19	0.604167	no
RXRA	19	0.973684	no
RXRB	19	0.960286	no
RXRG	19	0.860227	no
RXYLT1	19	0.903509	no
RYBP	19	0.919298	no
RYK	19	0.815789	no
RYR1	19	0.934563	no
RYR2	19	0.870175	no
RYR3	19	0.973222	no
S100A1	19	0.643005	no
S100A10	19	0.959649	no
S100A11	19	0.980685	no
S100A12	19	0.708102	no
S100A13	19	0.954386	no
S100A14	19	0.387303	no
S100A16	19	0.651735	no
S100A2	19	0.422403	no
S100A3	19	0.687184	no
S100A4	19	0.969724	no
S100A5	19	0.949757	no
S100A6	19	0.985965	no
S100A7	19	0.216995	no
S100A7A	16	0.617213	no
S100A8	19	0.918976	no
S100A9	19	0.910058	no
S100B	19	0.867525	no
S100G	19	0.819440	no
S100P	19	0.517596	no
S100PBP	19	0.966667	no
S100Z	19	0.970550	no
S1PR1	19	0.918538	no
S1PR2	19	0.145863	no
S1PR3	19	0.903170	no
S1PR4	19	0.995503	no
S1PR5	19	0.816052	no
SAA1	19	0.565158	no
SAA2	19	0.460949	no
SAA4	19	0.586948	no
SAAL1	19	0.964912	no
SACM1L	19	0.938596	no
SACS	19	0.975439	no
SAE1	19	0.950877	no
SAFB	19	0.974989	no
SAFB2	19	0.919298	no
SAG	19	0.685465	no
SAGE1	19	0.784198	no
SALL1	19	0.869588	no
SALL2	19	0.958207	no
SALL3	19	0.948326	no
SALL4	19	0.767935	no
SAMD10	19	0.874231	no
SAMD11	19	0.855524	no
SAMD12	19	0.917544	no
SAMD13	19	0.922705	no
SAMD14	19	0.806778	no
SAMD15	19	0.975805	no
SAMD3	19	0.938902	no
SAMD4A	19	0.747368	no
SAMD4B	19	0.785965	no
SAMD5	19	0.905180	no
SAMD7	19	0.857965	no
SAMD8	19	0.970175	no
SAMD9	19	0.881966	no
SAMD9L	19	0.969724	no
SAMHD1	19	0.919298	no
SAMM50	19	0.956140	no
SAMSN1	19	0.925747	no
SANBR	19	0.961404	no
SAP130	19	0.980702	no
SAP18	19	0.989903	no
SAP25	19	0.970343	no
SAP30	19	0.972356	no
SAP30BP	19	0.939008	no
SAP30L	19	0.938596	no
SAPCD1	16	0.828828	no
SAPCD2	19	0.713047	no
SAR1A	19	0.984211	no
SAR1B	19	0.985965	no
SARAF	19	0.982456	no
SARDH	19	0.969231	no
SARM1	19	0.964912	no
SARNP	19	0.928070	no
SARS1	19	0.970175	no
SARS2	19	0.971807	no
SART1	19	0.949539	no
SART3	19	0.869680	no
SASH1	19	0.915789	no
SASH3	19	0.967930	no
SASS6	19	0.900000	no
SAT1	19	0.964912	no
SAT2	19	0.910526	no
SATB1	19	0.936152	no
SATB2	19	0.922334	no
SATL1	19	0.985953	no
SAV1	19	0.643860	no
SAXO1	19	0.899341	no
SAXO2	19	0.957438	no
SAYSD1	19	0.869680	no
SBDS	19	0.963158	no
SBF1	19	0.966637	no
SBF2	19	0.966667	no
SBK1	19	0.950813	no
SBK2	19	0.662936	no
SBK3	19	1.000000	yes
SBNO1	19	0.963158	no
SBNO2	19	0.964912	no
SBSN	19	0.624126	no
SBSPON	19	0.865936	no
SC5D	19	0.938596	no
SCAF1	19	0.940351	no
SCAF11	19	0.924561	no
SCAF4	19	0.961404	no
SCAF8	19	0.966667	no
SCAI	19	0.973234	no
SCAMP1	19	0.850877	no
SCAMP2	19	0.934621	no
SCAMP3	19	0.924396	no
SCAMP4	19	0.917069	no
SCAMP5	19	0.945567	no
SCAND1	19	0.922807	no
SCAP	19	0.846863	no
SCAPER	19	0.901754	no
SCARA3	19	0.812088	no
SCARA5	19	0.663753	no
SCARB1	19	0.937253	no
SCARB2	19	0.942933	no
SCARF1	19	0.868550	no
SCARF2	19	0.892308	no
SCART1	19	0.856390	no
SCCPDH	19	0.902150	no
SCD	19	0.852128	no
SCD5	19	0.954785	no
SCEL	19	0.610227	no
SCFD1	19	0.857394	no
SCFD2	19	0.959649	no
SCG2	19	0.840682	no
SCG3	19	0.958501	no
SCG5	19	0.805797	no
SCGB1A1	19	0.543478	no
SCGB1C1	19	1.000000	yes
SCGB1C2	19	nan	yes
SCGB1D1	16	0.238611	no
SCGB1D2	19	0.326673	no
SCGB1D4	19	0.499635	no
SCGB2A1	19	0.448057	no
SCGB2A2	19	0.201654	no
SCGB2B2	19	0.968421	no
SCGB3A1	19	0.527806	no
SCGB3A2	19	0.645879	no
SCGN	19	0.997071	no
SCHIP1	19	0.927460	no
SCIMP	19	0.959649	no
SCIN	19	0.911804	no
SCLT1	19	0.949123	no
SCLY	19	0.866458	no
SCMH1	19	0.950877	no
SCML1	19	0.768421	no
SCML2	19	0.803337	no
SCML4	19	0.978947	no
SCN10A	19	0.815504	no
SCN11A	19	0.976152	no
SCN1A	19	0.891334	no
SCN1B	19	0.901668	no
SCN2A	19	0.899604	no
SCN2B	19	0.573469	no
SCN3A	19	0.756377	no
SCN3B	19	0.909652	no
SCN4A	19	0.802855	no
SCN4B	19	0.929275	no
SCN5A	19	0.780093	no
SCN7A	19	0.834799	no
SCN8A	19	0.975867	no
SCN9A	19	0.945614	no
SCNM1	19	0.984211	no
SCNN1A	19	0.891335	no
SCNN1B	19	0.802890	no
SCNN1D	19	0.831648	no
SCNN1G	19	0.844172	no
SCO1	19	0.828070	no
SCO2	16	0.905882	no
SCOC	19	0.973684	no
SCP2	19	0.742105	no
SCP2D1	16	nan	no
SCPEP1	19	0.978947	no
SCRG1	19	0.956063	no
SCRIB	19	0.981107	no
SCRN1	19	0.943860	no
SCRN2	19	0.943860	no
SCRN3	19	0.830114	no
SCRT1	19	1.000000	no
SCRT2	16	0.500000	no
SCT	19	0.549439	no
SCTR	19	0.909541	no
SCUBE1	19	0.788918	no
SCUBE2	19	0.700088	no
SCUBE3	19	0.967033	no
SCX	19	0.944664	no
SCYGR1	16	nan	yes
SCYGR10	16	nan	yes
SCYGR2	16	nan	yes
SCYGR3	16	nan	yes
SCYGR4	19	0.411129	no
SCYGR5	16	nan	no
SCYGR6	16	nan	yes
SCYGR7	16	nan	yes
SCYGR8	16	nan	yes
SCYL1	19	0.947368	no
SCYL2	19	0.803509	no
SCYL3	19	0.963158	no
SDAD1	19	0.817025	no
SDC1	19	0.901514	no
SDC2	19	0.873190	no
SDC3	19	0.909530	no
SDC4	19	0.931579	no
SDCBP	19	0.980702	no
SDCBP2	19	0.931369	no
SDCCAG8	19	0.912281	no
SDE2	19	0.954386	no
SDF2	19	0.968421	no
SDF2L1	19	0.936376	no
SDHA	19	0.967886	no
SDHAF1	19	0.974539	no
SDHAF2	19	0.932224	no
SDHAF3	19	0.878456	no
SDHAF4	19	0.867047	no
SDHB	19	0.854386	no
SDHC	19	0.968421	no
SDHD	19	0.974021	no
SDK1	19	0.921053	no
SDK2	19	0.878456	no
SDR16C5	19	0.869075	no
SDR39U1	19	0.984211	no
SDR42E1	19	0.981846	no
SDR42E2	19	0.970797	no
SDR9C7	19	0.835158	no
SDS	19	0.706685	no
SDSL	19	0.946907	no
SEBOX	16	1.000000	yes
SEC11A	19	0.933333	no
SEC11C	19	0.956140	no
SEC13	19	0.921053	no
SEC14L1	19	0.984211	no
SEC14L2	19	0.948662	no
SEC14L3	19	0.831745	no
SEC14L4	19	0.924842	no
SEC14L5	19	0.955644	no
SEC14L6	19	0.985380	no
SEC16A	19	0.922807	no
SEC16B	19	0.816466	no
SEC22A	19	0.884211	no
SEC22B	19	0.807018	no
SEC22C	19	0.887719	no
SEC23A	19	0.949123	no
SEC23B	19	0.943860	no
SEC23IP	19	0.908772	no
SEC24A	19	0.808249	no
SEC24B	19	0.971930	no
SEC24C	19	0.868421	no
SEC24D	19	0.857895	no
SEC31A	19	0.750877	no
SEC31B	19	0.910448	no
SEC61A1	19	0.864912	no
SEC61A2	19	0.954386	no
SEC61B	19	0.985965	no
SEC61G	19	0.989474	no
SEC62	19	0.950877	no
SEC63	19	0.984211	no
SECISBP2	19	0.962703	no
SECISBP2L	19	0.829825	no
SECTM1	19	0.903087	no
SEH1L	19	0.798596	no
SEL1L	19	0.838596	no
SEL1L2	19	0.639279	no
SEL1L3	19	0.915314	no
SELE	19	0.787070	no
SELENBP1	19	0.949956	no
SELENOF	19	0.910526	no
SELENOH	19	0.915016	no
SELENOI	19	0.917544	no
SELENOK	19	0.940351	no
SELENOM	19	0.922807	no
SELENON	19	0.763101	no
SELENOO	19	0.933333	no
SELENOP	19	0.902150	no
SELENOS	19	0.973684	no
SELENOT	19	0.957895	no
SELENOV	19	0.795976	no
SELENOW	19	0.989474	no
SELL	19	0.982348	no
SELP	19	0.883845	no
SELPLG	19	0.954205	no
SEM1	19	0.987719	no
SEMA3A	19	0.724002	no
SEMA3B	19	0.861661	no
SEMA3C	19	0.914436	no
SEMA3D	19	0.875385	no
SEMA3E	19	0.924056	no
SEMA3F	19	0.820471	no
SEMA3G	19	0.677641	no
SEMA4A	19	0.952632	no
SEMA4B	19	0.968421	no
SEMA4C	19	0.868421	no
SEMA4D	19	0.963158	no
SEMA4F	19	0.948594	no
SEMA4G	19	0.966213	no
SEMA5A	19	0.921053	no
SEMA5B	19	0.877460	no
SEMA6A	19	0.622203	no
SEMA6B	19	0.901892	no
SEMA6C	19	0.956140	no
SEMA6D	19	0.912204	no
SEMA7A	19	0.976448	no
SEMG1	19	0.472386	no
SEMG2	19	0.609704	no
SENP1	19	0.900000	no
SENP2	19	0.971930	no
SENP3	19	0.906709	no
SENP5	19	0.954386	no
SENP6	19	0.938596	no
SENP7	19	0.970175	no
SENP8	19	0.924967	no
SEPHS1	19	0.958279	no
SEPHS2	19	0.946907	no
SEPSECS	19	0.936376	no
SEPTIN1	19	0.840351	no
SEPTIN10	19	0.947368	no
SEPTIN11	19	0.933333	no
SEPTIN12	19	0.822802	no
SEPTIN14	19	0.836882	no
SEPTIN2	19	0.808772	no
SEPTIN3	19	0.987206	no
SEPTIN4	19	0.875330	no
SEPTIN5	19	0.747725	no
SEPTIN6	19	0.966667	no
SEPTIN7	19	0.978947	no
SEPTIN8	19	0.773146	no
SEPTIN9	19	0.850877	no
SERAC1	19	0.945614	no
SERBP1	19	0.975439	no
SERF1A	19	0.926936	no
SERF1B	19	0.924181	no
SERF2	19	0.929825	no
SERGEF	19	0.985965	no
SERHL2	19	0.903028	no
SERINC1	19	0.873684	no
SERINC2	19	0.897762	no
SERINC3	19	0.885965	no
SERINC4	19	0.838988	no
SERINC5	19	0.814035	no
SERP1	19	0.936842	no
SERP2	19	0.956980	no
SERPINA1	19	0.878939	no
SERPINA10	19	0.904967	no
SERPINA11	19	0.598847	no
SERPINA12	19	0.768106	no
SERPINA3	19	0.685870	no
SERPINA4	19	1.000000	yes
SERPINA5	19	0.757831	no
SERPINA6	19	0.887054	no
SERPINA7	19	0.613121	no
SERPINA9	19	0.396746	no
SERPINB1	19	0.908772	no
SERPINB10	19	0.687745	no
SERPINB11	19	0.392017	no
SERPINB12	19	0.816830	no
SERPINB13	19	0.496092	no
SERPINB2	19	0.671954	no
SERPINB3	19	0.455077	no
SERPINB4	19	0.311369	no
SERPINB5	19	0.394215	no
SERPINB6	19	0.892982	no
SERPINB7	19	0.695707	no
SERPINB8	19	0.950417	no
SERPINB9	19	0.917544	no
SERPINC1	19	0.523754	no
SERPIND1	19	0.862978	no
SERPINE1	19	0.819658	no
SERPINE2	19	0.904783	no
SERPINE3	19	0.730668	no
SERPINF1	19	0.898246	no
SERPINF2	19	0.913642	no
SERPING1	19	0.828070	no
SERPINH1	19	0.889474	no
SERPINI1	19	0.915314	no
SERPINI2	19	0.879719	no
SERTAD1	19	0.919227	no
SERTAD2	19	0.938596	no
SERTAD3	19	0.980255	no
SERTAD4	19	0.912190	no
SERTM1	19	0.821094	no
SERTM2	19	0.902638	no
SESN1	19	0.887719	no
SESN2	19	0.950408	no
SESN3	19	0.810526	no
SESTD1	19	0.947368	no
SET	19	0.964912	no
SETBP1	19	0.901754	no
SETD1A	19	0.939886	no
SETD1B	19	0.986831	no
SETD2	19	0.940351	no
SETD3	19	0.922807	no
SETD4	19	0.957895	no
SETD5	19	0.964912	no
SETD6	19	0.973684	no
SETD7	19	0.938596	no
SETD9	19	0.874945	no
SETDB1	19	0.947368	no
SETDB2	19	0.975439	no
SETMAR	19	0.904783	no
SETSIP	19	0.762522	no
SETX	19	0.931579	no
SEZ6	19	0.965700	no
SEZ6L	19	0.976564	no
SEZ6L2	19	0.975827	no
SF1	19	0.908772	no
SF3A1	19	0.971930	no
SF3A2	19	0.956140	no
SF3A3	19	0.942105	no
SF3B1	19	0.971930	no
SF3B2	19	0.942105	no
SF3B3	19	0.938596	no
SF3B4	19	0.990786	no
SF3B5	19	0.991228	no
SF3B6	19	0.980702	no
SFI1	19	0.945614	no
SFMBT1	19	0.950877	no
SFMBT2	19	0.896491	no
SFN	19	0.602149	no
SFPQ	19	0.808772	no
SFR1	19	0.907334	no
SFRP1	19	0.828497	no
SFRP2	19	0.509411	no
SFRP4	19	0.872969	no
SFRP5	19	0.777399	no
SFSWAP	19	0.964912	no
SFT2D1	19	0.980702	no
SFT2D2	19	0.870175	no
SFT2D3	19	0.877578	no
SFTA2	19	0.599798	no
SFTPA1	19	0.504173	no
SFTPA2	19	0.334316	no
SFTPB	19	0.642416	no
SFTPC	19	0.443794	no
SFTPD	19	0.805459	no
SFXN1	19	0.907018	no
SFXN2	19	0.937665	no
SFXN3	19	0.855639	no
SFXN4	19	0.829825	no
SFXN5	19	0.912681	no
SGCA	19	0.827947	no
SGCB	19	0.982010	no
SGCD	19	0.966667	no
SGCE	19	0.967969	no
SGCG	19	0.807697	no
SGCZ	19	0.941641	no
SGF29	19	0.845108	no
SGIP1	19	0.942933	no
SGK1	19	0.819298	no
SGK2	19	0.918220	no
SGK3	19	0.989474	no
SGMS1	19	0.897762	no
SGMS2	19	0.978947	no
SGO1	19	0.890942	no
SGO2	19	0.722564	no
SGPL1	19	0.966637	no
SGPP1	19	0.968182	no
SGPP2	19	0.912204	no
SGSH	19	0.742531	no
SGSM1	19	0.864912	no
SGSM2	19	0.919298	no
SGSM3	19	0.782265	no
SGTA	19	0.902107	no
SGTB	19	0.966184	no
SH2B1	19	0.978947	no
SH2B2	19	0.940712	no
SH2B3	19	0.959649	no
SH2D1A	19	0.791501	no
SH2D1B	19	0.857098	no
SH2D2A	19	0.900651	no
SH2D3A	19	0.931958	no
SH2D3C	19	0.991648	no
SH2D4A	19	0.903509	no
SH2D4B	19	0.891886	no
SH2D5	19	0.815661	no
SH2D7	19	0.821821	no
SH3BGR	19	0.840826	no
SH3BGRL	19	0.977193	no
SH3BGRL2	19	0.908293	no
SH3BGRL3	19	0.966667	no
SH3BP1	19	0.923805	no
SH3BP2	19	0.976744	no
SH3BP4	19	0.866667	no
SH3BP5	19	0.975439	no
SH3BP5L	19	0.817544	no
SH3D19	19	0.975439	no
SH3D21	19	0.926722	no
SH3GL1	19	0.959649	no
SH3GL2	19	0.882638	no
SH3GL3	19	0.791045	no
SH3GLB1	19	0.964912	no
SH3GLB2	19	0.905263	no
SH3KBP1	19	0.939421	no
SH3PXD2A	19	0.938596	no
SH3PXD2B	19	0.752632	no
SH3RF1	19	0.970175	no
SH3RF2	19	0.837506	no
SH3RF3	19	0.956140	no
SH3TC1	19	0.956980	no
SH3TC2	19	0.897492	no
SH3YL1	19	0.954386	no
SHANK1	19	0.633803	no
SHANK2	19	0.878456	no
SHARPIN	19	0.955663	no
SHB	19	0.968852	no
SHBG	19	0.891725	no
SHC1	19	0.963094	no
SHC2	19	0.927600	no
SHC3	19	0.954346	no
SHC4	19	0.814229	no
SHCBP1	19	0.841597	no
SHCBP1L	19	0.755456	no
SHD	19	0.653506	no
SHE	19	0.899077	no
SHF	19	0.894991	no
SHFL	19	0.943860	no
SHH	19	0.756910	no
SHISA2	19	0.863150	no
SHISA3	19	0.646121	no
SHISA4	19	0.896839	no
SHISA5	19	0.950877	no
SHISA6	19	0.895961	no
SHISA7	19	0.943041	no
SHISA8	19	0.929211	no
SHISA9	19	0.837662	no
SHISAL1	19	0.893238	no
SHISAL2A	19	0.956445	no
SHISAL2B	19	0.740513	no
SHKBP1	19	0.931110	no
SHLD1	19	0.919298	no
SHLD2	19	0.917544	no
SHLD3	19	nan	no
SHMT1	19	0.953427	no
SHMT2	19	0.878947	no
SHOC1	19	0.966213	no
SHOC2	19	0.961404	no
SHOX	19	0.875006	no
SHOX2	19	0.821834	no
SHPK	19	0.870502	no
SHPRH	19	0.970175	no
SHQ1	19	0.899517	no
SHROOM1	19	0.892654	no
SHROOM2	19	0.933333	no
SHROOM3	19	0.966667	no
SHROOM4	19	0.923618	no
SHTN1	19	0.963158	no
SI	19	0.860093	no
SIAE	19	0.976704	no
SIAH1	19	0.896491	no
SIAH2	19	0.955682	no
SIAH3	19	0.856529	no
SIDT1	19	0.950417	no
SIDT2	19	0.892011	no
SIGIRR	19	0.936842	no
SIGLEC1	19	0.733593	no
SIGLEC10	19	0.952869	no
SIGLEC11	19	0.998912	no
SIGLEC12	19	0.839873	no
SIGLEC14	19	0.996552	no
SIGLEC15	19	0.745170	no
SIGLEC5	16	0.973197	no
SIGLEC6	19	0.667261	no
SIGLEC7	19	0.941075	no
SIGLEC8	19	0.997805	no
SIGLEC9	19	0.947200	no
SIGLECL1	19	0.926092	no
SIGMAR1	19	0.980255	no
SIK1	19	0.878014	no
SIK2	19	0.875439	no
SIK3	19	0.861404	no
SIKE1	19	0.935088	no
SIL1	19	0.770175	no
SIM1	19	0.915457	no
SIM2	19	0.795916	no
SIMC1	19	0.914035	no
SIN3A	19	0.928070	no
SIN3B	19	0.857895	no
SINHCAF	19	0.953927	no
SIPA1	19	0.943860	no
SIPA1L1	19	0.901754	no
SIPA1L2	19	0.922807	no
SIPA1L3	19	0.880702	no
SIRPA	19	0.949123	no
SIRPB1	19	0.924228	no
SIRPB2	19	0.811172	no
SIRPD	19	0.839254	no
SIRPG	19	0.895531	no
SIRT1	19	0.898246	no
SIRT2	19	0.820581	no
SIRT3	19	0.949539	no
SIRT4	19	0.964427	no
SIRT5	19	0.978947	no
SIRT6	19	0.806848	no
SIRT7	19	0.982456	no
SIT1	19	0.829391	no
SIVA1	19	0.966667	no
SIX1	19	0.627766	no
SIX2	19	0.398033	no
SIX3	19	0.763671	no
SIX4	19	0.841110	no
SIX5	19	0.973661	no
SIX6	19	0.508640	no
SKA1	19	0.760253	no
SKA2	19	0.924967	no
SKA3	19	0.554322	no
SKAP1	19	0.938131	no
SKAP2	19	0.982010	no
SKI	19	0.842105	no
SKIC2	19	0.889474	no
SKIC3	19	0.875439	no
SKIC8	19	0.884211	no
SKIDA1	19	0.876977	no
SKIL	19	0.938596	no
SKOR1	19	0.773050	no
SKOR2	19	0.683782	no
SKP1	19	0.875439	no
SKP2	19	0.890742	no
SLA	19	0.971831	no
SLA2	19	0.918206	no
SLAIN1	19	0.943860	no
SLAIN2	19	0.957895	no
SLAMF1	19	0.941015	no
SLAMF6	19	0.968214	no
SLAMF7	19	0.921053	no
SLAMF8	19	0.706671	no
SLAMF9	19	0.777091	no
SLBP	19	0.980255	no
SLC10A1	19	0.942005	no
SLC10A2	19	1.000000	no
SLC10A3	19	0.945567	no
SLC10A4	19	0.840344	no
SLC10A5	19	0.938032	no
SLC10A6	19	0.901991	no
SLC10A7	19	0.933333	no
SLC11A1	19	0.785777	no
SLC11A2	19	0.845985	no
SLC12A1	19	0.726076	no
SLC12A2	19	0.917544	no
SLC12A3	19	0.945342	no
SLC12A4	19	0.938596	no
SLC12A5	19	0.913984	no
SLC12A6	19	0.954386	no
SLC12A7	19	0.889918	no
SLC12A8	19	0.763285	no
SLC12A9	19	0.959649	no
SLC13A1	19	0.705314	no
SLC13A2	19	0.743283	no
SLC13A3	19	0.857394	no
SLC13A4	19	0.721686	no
SLC13A5	19	0.730262	no
SLC14A1	19	0.912204	no
SLC14A2	19	0.894900	no
SLC15A1	19	0.829368	no
SLC15A2	19	0.935031	no
SLC15A3	19	0.976254	no
SLC15A4	19	0.925845	no
SLC15A5	19	0.935444	no
SLC16A1	19	0.964396	no
SLC16A10	19	0.887719	no
SLC16A12	19	0.873351	no
SLC16A13	19	0.862478	no
SLC16A14	19	0.918207	no
SLC16A2	19	0.938131	no
SLC16A3	19	0.994296	no
SLC16A4	19	0.760316	no
SLC16A5	19	0.986398	no
SLC16A6	19	0.897188	no
SLC16A7	19	0.950417	no
SLC16A8	19	0.791083	no
SLC16A9	19	0.861161	no
SLC17A1	19	0.870314	no
SLC17A2	19	0.835766	no
SLC17A3	19	0.951350	no
SLC17A4	19	0.916044	no
SLC17A5	19	0.959649	no
SLC17A6	19	0.851122	no
SLC17A7	19	0.663930	no
SLC17A8	19	0.697537	no
SLC17A9	19	0.973104	no
SLC18A1	19	0.646201	no
SLC18A2	19	0.841597	no
SLC18A3	16	nan	yes
SLC18B1	19	0.944274	no
SLC19A1	19	0.917069	no
SLC19A2	19	0.861404	no
SLC19A3	19	0.873402	no
SLC1A1	19	0.960948	no
SLC1A2	19	0.941641	no
SLC1A3	19	0.922199	no
SLC1A4	19	0.852128	no
SLC1A5	19	0.953029	no
SLC1A6	19	0.941607	no
SLC1A7	19	0.780239	no
SLC20A1	19	0.947368	no
SLC20A2	19	0.985965	no
SLC22A1	19	0.965276	no
SLC22A10	19	0.968783	no
SLC22A11	19	0.500454	no
SLC22A12	19	0.767724	no
SLC22A13	19	0.802347	no
SLC22A14	19	0.889876	no
SLC22A15	19	0.915789	no
SLC22A16	19	0.805244	no
SLC22A17	19	0.934974	no
SLC22A18	19	0.961370	no
SLC22A2	19	0.720855	no
SLC22A23	19	0.964912	no
SLC22A24	19	0.881709	no
SLC22A25	19	0.795814	no
SLC22A3	19	0.853316	no
SLC22A31	19	0.648798	no
SLC22A4	19	0.928070	no
SLC22A5	19	0.977193	no
SLC22A6	19	0.878997	no
SLC22A7	19	0.837308	no
SLC22A8	19	0.892705	no
SLC22A9	19	0.857237	no
SLC23A1	19	0.808498	no
SLC23A2	19	0.957895	no
SLC23A3	19	nan	yes
SLC24A1	19	0.880702	no
SLC24A2	19	0.767881	no
SLC24A3	19	0.900395	no
SLC24A4	19	0.922327	no
SLC24A5	19	0.819710	no
SLC25A1	19	0.950877	no
SLC25A10	19	0.956980	no
SLC25A11	19	0.959649	no
SLC25A12	19	0.970175	no
SLC25A13	19	0.970175	no
SLC25A14	19	0.946860	no
SLC25A15	19	0.908293	no
SLC25A16	19	0.977193	no
SLC25A17	19	0.959193	no
SLC25A18	19	0.972284	no
SLC25A19	19	0.921861	no
SLC25A2	16	nan	yes
SLC25A20	19	0.952632	no
SLC25A21	19	0.773286	no
SLC25A22	19	0.975417	no
SLC25A23	19	0.970175	no
SLC25A24	19	0.900000	no
SLC25A25	19	0.693152	no
SLC25A26	19	0.980702	no
SLC25A27	19	0.985520	no
SLC25A28	19	0.857895	no
SLC25A29	19	0.984211	no
SLC25A3	19	0.903509	no
SLC25A30	19	0.922807	no
SLC25A31	19	0.944059	no
SLC25A32	19	0.932718	no
SLC25A33	19	0.849123	no
SLC25A34	19	0.841828	no
SLC25A35	19	0.970110	no
SLC25A36	19	0.957895	no
SLC25A37	19	0.870175	no
SLC25A38	19	0.987719	no
SLC25A39	19	0.924561	no
SLC25A4	19	0.994737	no
SLC25A40	19	0.991228	no
SLC25A41	19	0.865132	no
SLC25A42	19	0.996491	no
SLC25A43	19	0.838965	no
SLC25A44	19	0.956560	no
SLC25A45	19	0.973234	no
SLC25A46	19	0.919298	no
SLC25A47	19	0.703981	no
SLC25A48	19	0.938381	no
SLC25A5	19	0.929825	no
SLC25A51	19	0.931967	no
SLC25A52	19	0.392099	no
SLC25A53	19	0.931579	no
SLC25A6	19	0.887231	no
SLC26A1	19	0.843598	no
SLC26A11	19	0.775439	no
SLC26A2	19	0.679245	no
SLC26A3	19	0.965336	no
SLC26A4	19	0.774551	no
SLC26A5	19	0.901754	no
SLC26A6	19	0.959649	no
SLC26A7	19	0.967926	no
SLC26A8	19	0.916703	no
SLC26A9	19	0.745030	no
SLC27A1	19	0.984211	no
SLC27A2	19	0.946445	no
SLC27A3	19	0.944494	no
SLC27A4	19	0.349123	no
SLC27A5	19	0.933275	no
SLC27A6	19	0.948860	no
SLC28A1	19	0.839631	no
SLC28A2	19	0.976102	no
SLC28A3	19	0.963956	no
SLC29A1	19	0.963158	no
SLC29A2	19	0.939833	no
SLC29A3	19	0.942933	no
SLC29A4	19	0.839050	no
SLC2A1	19	0.974989	no
SLC2A10	19	0.897007	no
SLC2A11	19	0.897583	no
SLC2A12	19	0.943761	no
SLC2A13	19	0.963581	no
SLC2A14	19	0.912707	no
SLC2A2	19	0.835307	no
SLC2A3	19	0.984211	no
SLC2A4	19	0.931660	no
SLC2A4RG	19	0.936842	no
SLC2A5	19	0.962182	no
SLC2A6	19	0.962583	no
SLC2A7	19	0.737245	no
SLC2A8	19	0.957895	no
SLC2A9	19	0.792982	no
SLC30A1	19	0.980702	no
SLC30A10	19	0.968792	no
SLC30A2	19	0.894258	no
SLC30A3	19	0.765077	no
SLC30A4	19	0.827042	no
SLC30A5	19	0.907018	no
SLC30A6	19	0.896491	no
SLC30A7	19	0.905263	no
SLC30A8	19	0.877856	no
SLC30A9	19	0.960070	no
SLC31A1	19	0.926722	no
SLC31A2	19	0.972783	no
SLC32A1	16	0.935300	no
SLC33A1	19	0.839230	no
SLC34A1	19	0.849751	no
SLC34A2	19	0.660648	no
SLC34A3	19	0.751381	no
SLC35A1	19	0.959193	no
SLC35A2	19	0.920983	no
SLC35A3	19	0.812611	no
SLC35A4	19	0.910526	no
SLC35A5	19	0.934621	no
SLC35B1	19	0.968421	no
SLC35B2	19	0.821178	no
SLC35B3	19	0.949123	no
SLC35B4	19	0.959649	no
SLC35C1	19	0.749120	no
SLC35C2	19	0.892497	no
SLC35D1	19	0.950877	no
SLC35D2	19	0.936376	no
SLC35D3	16	1.000000	no
SLC35E1	19	0.946188	no
SLC35E2B	19	0.987709	no
SLC35E3	19	0.914035	no
SLC35E4	19	0.952151	no
SLC35F1	19	0.801229	no
SLC35F2	19	0.815270	no
SLC35F3	19	0.886304	no
SLC35F4	19	0.930171	no
SLC35F5	19	0.851251	no
SLC35F6	19	0.851146	no
SLC35G1	19	0.939886	no
SLC35G2	19	0.900000	no
SLC35G3	19	0.872905	no
SLC35G4	19	0.469861	no
SLC35G5	19	0.917040	no
SLC35G6	19	0.790895	no
SLC36A1	19	0.915789	no
SLC36A2	19	0.808609	no
SLC36A3	19	0.866160	no
SLC36A4	19	0.866667	no
SLC37A1	19	0.917544	no
SLC37A2	19	0.961499	no
SLC37A3	19	0.953927	no
SLC38A1	19	0.915789	no
SLC38A10	19	0.960948	no
SLC38A11	19	0.969566	no
SLC38A2	19	0.992982	no
SLC38A3	19	0.928457	no
SLC38A4	19	0.968819	no
SLC38A5	19	0.791575	no
SLC38A6	19	0.978499	no
SLC38A7	19	0.963158	no
SLC38A8	19	0.750568	no
SLC38A9	19	0.875439	no
SLC39A1	19	0.921862	no
SLC39A10	19	0.833699	no
SLC39A11	19	0.905263	no
SLC39A12	19	0.981025	no
SLC39A13	19	0.919702	no
SLC39A14	19	0.956560	no
SLC39A2	19	0.654656	no
SLC39A3	19	0.929531	no
SLC39A4	19	0.960914	no
SLC39A5	19	0.851300	no
SLC39A6	19	0.852128	no
SLC39A7	19	0.801754	no
SLC39A8	19	0.874068	no
SLC39A9	19	0.900000	no
SLC3A1	19	0.922740	no
SLC3A2	19	0.898246	no
SLC40A1	19	0.950877	no
SLC41A1	19	0.935088	no
SLC41A2	19	0.811760	no
SLC41A3	19	0.949539	no
SLC43A1	19	0.877963	no
SLC43A2	19	0.975396	no
SLC43A3	19	0.979120	no
SLC44A1	19	0.812281	no
SLC44A2	19	0.807018	no
SLC44A3	19	0.989908	no
SLC44A4	19	0.796916	no
SLC44A5	19	0.947277	no
SLC45A1	19	0.937863	no
SLC45A2	19	0.969070	no
SLC45A3	19	0.858212	no
SLC45A4	19	0.982441	no
SLC46A1	19	0.987270	no
SLC46A2	19	0.992924	no
SLC46A3	19	0.824046	no
SLC47A1	19	0.918824	no
SLC47A2	19	0.884007	no
SLC48A1	19	0.852632	no
SLC49A3	19	0.953347	no
SLC49A4	19	0.935088	no
SLC4A1	19	0.776024	no
SLC4A10	19	0.950373	no
SLC4A11	19	0.858658	no
SLC4A1AP	19	0.820535	no
SLC4A2	19	0.966667	no
SLC4A3	19	0.951462	no
SLC4A4	19	0.905263	no
SLC4A5	19	0.769924	no
SLC4A7	19	0.812281	no
SLC4A8	19	0.900000	no
SLC4A9	19	0.895927	no
SLC50A1	19	0.978499	no
SLC51A	19	0.941641	no
SLC51B	19	0.917874	no
SLC52A1	19	0.954665	no
SLC52A2	19	0.951857	no
SLC52A3	19	0.897345	no
SLC5A1	19	0.807005	no
SLC5A10	19	0.886254	no
SLC5A11	19	0.880681	no
SLC5A12	19	0.946204	no
SLC5A2	19	0.915785	no
SLC5A3	19	0.936473	no
SLC5A4	19	0.920557	no
SLC5A5	19	0.776045	no
SLC5A6	19	0.953468	no
SLC5A7	19	0.917523	no
SLC5A8	19	0.906353	no
SLC5A9	19	0.878189	no
SLC66A1	19	0.930580	no
SLC66A2	19	0.947368	no
SLC66A3	19	0.966667	no
SLC6A1	19	0.672946	no
SLC6A11	19	0.679706	no
SLC6A12	19	0.935385	no
SLC6A13	19	0.870655	no
SLC6A14	19	0.518314	no
SLC6A15	19	0.934912	no
SLC6A16	19	0.911804	no
SLC6A17	19	0.909720	no
SLC6A18	19	0.930975	no
SLC6A19	19	0.806933	no
SLC6A2	19	0.896432	no
SLC6A20	19	0.949162	no
SLC6A3	19	0.664760	no
SLC6A4	19	0.869279	no
SLC6A5	19	0.819857	no
SLC6A6	19	0.929825	no
SLC6A7	19	0.948524	no
SLC6A8	19	0.932865	no
SLC6A9	19	0.933217	no
SLC7A1	19	0.929825	no
SLC7A10	19	0.812798	no
SLC7A11	19	0.963581	no
SLC7A13	19	0.857262	no
SLC7A14	19	0.851330	no
SLC7A2	19	0.934153	no
SLC7A3	19	0.573863	no
SLC7A4	19	0.939215	no
SLC7A5	19	0.819298	no
SLC7A6	19	0.975439	no
SLC7A6OS	19	0.892011	no
SLC7A7	19	0.964912	no
SLC7A8	19	0.926722	no
SLC7A9	19	0.951123	no
SLC8A1	19	0.973684	no
SLC8A2	19	0.943247	no
SLC8A3	19	0.916451	no
SLC8B1	19	0.908772	no
SLC9A1	19	0.985965	no
SLC9A2	19	0.806509	no
SLC9A3	19	0.742709	no
SLC9A3R1	19	0.971930	no
SLC9A3R2	19	0.861404	no
SLC9A4	19	0.665494	no
SLC9A5	19	0.807557	no
SLC9A6	19	0.904302	no
SLC9A7	19	0.863158	no
SLC9A8	19	0.877193	no
SLC9A9	19	0.947368	no
SLC9B1	19	0.963158	no
SLC9B2	19	0.945614	no
SLC9C1	19	0.946950	no
SLC9C2	19	0.859402	no
SLCO1A2	19	0.910213	no
SLCO1B1	19	0.827959	no
SLCO1B3	19	0.726483	no
SLCO1C1	19	0.752277	no
SLCO2A1	19	0.757802	no
SLCO2B1	19	0.626702	no
SLCO3A1	19	0.900000	no
SLCO4A1	19	0.917471	no
SLCO4C1	19	0.949235	no
SLCO5A1	19	0.660652	no
SLCO6A1	19	0.710529	no
SLF1	19	0.987275	no
SLF2	19	0.977193	no
SLFN11	19	0.989464	no
SLFN12	19	0.908293	no
SLFN13	19	0.972309	no
SLFN14	19	0.779710	no
SLFN5	19	0.955682	no
SLFNL1	19	0.872696	no
SLIRP	19	0.989030	no
SLIT1	19	0.984582	no
SLIT2	19	0.960474	no
SLIT3	19	0.761404	no
SLITRK1	19	0.774141	no
SLITRK2	19	0.860046	no
SLITRK3	19	0.861290	no
SLITRK4	19	0.940186	no
SLITRK5	19	0.806060	no
SLITRK6	19	0.694171	no
SLK	19	0.973684	no
SLMAP	19	0.935088	no
SLN	19	0.748921	no
SLPI	19	0.766160	no
SLTM	19	0.943860	no
SLU7	19	0.949123	no
SLURP1	16	0.551877	no
SLURP2	16	0.690166	no
SLX1A	19	0.768101	no
SLX1B	19	0.996343	no
SLX4	19	0.914691	no
SLX4IP	19	0.907018	no
SLX9	19	0.914436	no
SMAD1	19	0.979377	no
SMAD2	19	0.963158	no
SMAD3	19	0.912281	no
SMAD4	19	0.833333	no
SMAD5	19	0.970175	no
SMAD6	19	0.864647	no
SMAD7	19	0.777193	no
SMAD9	19	0.952151	no
SMAGP	19	0.840720	no
SMAP1	19	0.956140	no
SMAP2	19	0.986398	no
SMARCA1	19	0.923212	no
SMARCA2	19	0.978947	no
SMARCA4	19	0.835088	no
SMARCA5	19	0.978947	no
SMARCAD1	19	0.982456	no
SMARCAL1	19	0.956560	no
SMARCB1	19	0.982010	no
SMARCC1	19	0.943860	no
SMARCC2	19	0.973684	no
SMARCD1	19	0.724638	no
SMARCD2	19	0.960070	no
SMARCD3	19	0.959649	no
SMARCE1	19	0.851624	no
SMC1A	19	0.971930	no
SMC1B	19	0.793937	no
SMC2	19	0.975439	no
SMC3	19	0.891228	no
SMC4	19	0.856516	no
SMC5	19	0.970175	no
SMC6	19	0.638596	no
SMCHD1	19	0.936376	no
SMCO1	19	0.566773	no
SMCO2	19	0.726508	no
SMCO3	19	0.671500	no
SMCO4	19	0.842105	no
SMCP	19	nan	no
SMCR8	19	0.850359	no
SMDT1	19	0.976744	no
SMG1	19	0.982456	no
SMG5	19	0.966213	no
SMG6	19	0.894737	no
SMG7	19	0.949123	no
SMG8	19	0.960257	no
SMG9	19	0.877578	no
SMIM1	19	0.769434	no
SMIM10	19	0.919016	no
SMIM10L1	19	0.872670	no
SMIM10L2A	19	0.894971	no
SMIM10L2B	19	0.932510	no
SMIM11	19	0.840959	no
SMIM12	19	0.936842	no
SMIM13	19	0.970576	no
SMIM14	19	0.880211	no
SMIM15	19	0.966623	no
SMIM17	19	0.929851	no
SMIM18	19	0.925275	no
SMIM19	19	0.952632	no
SMIM2	19	0.958376	no
SMIM20	19	0.957438	no
SMIM21	19	0.732470	no
SMIM22	19	0.677617	no
SMIM23	19	0.710715	no
SMIM24	19	0.902790	no
SMIM26	19	0.968421	no
SMIM27	19	0.987709	no
SMIM28	19	0.652185	no
SMIM29	19	0.886354	no
SMIM3	19	0.929825	no
SMIM30	19	0.984211	no
SMIM31	19	0.776697	no
SMIM32	19	0.951610	no
SMIM33	19	nan	yes
SMIM34	16	nan	yes
SMIM35	19	0.980135	no
SMIM36	19	0.674776	no
SMIM38	19	1.000000	no
SMIM39	16	nan	yes
SMIM4	19	0.961404	no
SMIM40	16	0.683130	no
SMIM41	19	0.764771	no
SMIM42	16	nan	yes
SMIM43	16	0.900452	no
SMIM44	19	0.874862	no
SMIM5	19	0.921284	no
SMIM6	19	0.863943	no
SMIM7	19	0.859025	no
SMIM8	19	0.924561	no
SMIM9	19	0.629285	no
SMKR1	19	0.941285	no
SMLR1	19	0.843962	no
SMN1	19	0.922572	no
SMN2	19	0.940503	no
SMNDC1	19	0.936842	no
SMO	19	0.942519	no
SMOC1	19	0.819298	no
SMOC2	19	0.659482	no
SMOX	19	0.864296	no
SMPD1	19	0.810799	no
SMPD2	19	0.981116	no
SMPD3	19	0.956446	no
SMPD4	19	0.906538	no
SMPDL3A	19	0.977193	no
SMPDL3B	19	0.940581	no
SMPX	19	0.753042	no
SMR3A	19	0.333090	no
SMR3B	19	0.532050	no
SMS	19	0.961404	no
SMTN	19	0.924430	no
SMTNL1	19	0.940617	no
SMTNL2	19	0.823044	no
SMU1	19	0.992982	no
SMUG1	19	0.756140	no
SMURF1	19	0.914436	no
SMURF2	19	0.947368	no
SMYD1	19	0.552902	no
SMYD2	19	0.936376	no
SMYD3	19	0.950417	no
SMYD4	19	0.885476	no
SMYD5	19	0.807389	no
SNAI1	19	0.804662	no
SNAI2	19	0.586427	no
SNAI3	19	0.969258	no
SNAP23	19	0.985965	no
SNAP25	19	0.817502	no
SNAP29	19	0.959649	no
SNAP47	19	0.908293	no
SNAP91	19	0.825783	no
SNAPC1	19	0.810526	no
SNAPC2	19	0.903509	no
SNAPC3	19	0.478947	no
SNAPC4	19	0.952172	no
SNAPC5	19	0.957895	no
SNAPIN	19	0.975867	no
SNCA	19	0.904783	no
SNCAIP	19	0.707821	no
SNCB	19	0.914770	no
SNCG	19	0.616537	no
SND1	19	0.933333	no
SNED1	19	0.954766	no
SNF8	19	0.971930	no
SNIP1	19	0.975439	no
SNN	19	0.968394	no
SNORC	19	0.867925	no
SNPH	19	0.988982	no
SNRK	19	0.987719	no
SNRNP200	19	0.950877	no
SNRNP25	19	0.964912	no
SNRNP27	19	0.857895	no
SNRNP35	19	0.945151	no
SNRNP40	19	0.931579	no
SNRNP48	19	0.860026	no
SNRNP70	19	0.952632	no
SNRPA	19	0.938131	no
SNRPA1	19	0.980255	no
SNRPB	19	0.953050	no
SNRPB2	19	0.961404	no
SNRPC	19	0.973234	no
SNRPD1	19	0.954386	no
SNRPD2	19	0.956140	no
SNRPD3	19	0.987275	no
SNRPE	19	0.989030	no
SNRPF	19	0.984211	no
SNRPG	19	0.992982	no
SNRPN	19	0.980255	no
SNTA1	19	0.957895	no
SNTB1	19	0.935088	no
SNTB2	19	0.852503	no
SNTG1	19	0.969598	no
SNTG2	19	0.903340	no
SNTN	19	0.879566	no
SNU13	19	0.957895	no
SNUPN	19	0.959649	no
SNURF	19	0.881228	no
SNW1	19	0.978947	no
SNX1	19	0.964912	no
SNX10	19	0.980702	no
SNX11	19	0.891085	no
SNX12	19	0.888499	no
SNX13	19	0.985965	no
SNX14	19	0.904783	no
SNX15	19	0.842967	no
SNX16	19	0.849123	no
SNX17	19	0.935088	no
SNX18	19	0.889864	no
SNX19	19	0.824561	no
SNX2	19	0.973684	no
SNX20	19	0.961526	no
SNX21	19	0.973684	no
SNX22	19	0.922198	no
SNX24	19	0.921861	no
SNX25	19	0.910526	no
SNX27	19	0.949123	no
SNX29	19	0.919298	no
SNX3	19	0.996491	no
SNX30	19	0.971882	no
SNX31	19	0.596570	no
SNX32	19	0.942105	no
SNX33	19	0.983765	no
SNX4	19	0.850877	no
SNX5	19	0.963158	no
SNX6	19	0.954386	no
SNX7	19	0.966198	no
SNX8	19	0.774363	no
SNX9	19	0.935088	no
SOAT1	19	0.951295	no
SOAT2	19	0.676475	no
SOBP	19	0.973684	no
SOCS1	19	0.903028	no
SOCS2	19	0.914436	no
SOCS3	19	0.922807	no
SOCS4	19	0.922334	no
SOCS5	19	0.860215	no
SOCS6	19	0.943860	no
SOCS7	19	0.919596	no
SOD1	19	0.966667	no
SOD2	13	0.741758	no
SOD3	19	0.846198	no
SOGA1	19	0.968421	no
SOGA3	19	0.819471	no
SOHLH1	16	0.933674	no
SOHLH2	19	0.814247	no
SON	19	0.973684	no
SORBS1	19	0.942105	no
SORBS2	19	0.957895	no
SORBS3	19	0.931988	no
SORCS1	19	0.774901	no
SORCS2	19	0.790167	no
SORCS3	19	0.913885	no
SORD	19	0.968394	no
SORL1	19	0.900395	no
SORT1	19	0.868421	no
SOS1	19	0.971930	no
SOS2	19	0.971930	no
SOST	19	0.664779	no
SOSTDC1	19	0.767668	no
SOWAHA	19	0.942530	no
SOWAHB	19	0.894517	no
SOWAHC	19	0.922334	no
SOWAHD	19	0.980336	no
SOX1	16	0.632924	no
SOX10	19	0.833117	no
SOX11	19	0.805593	no
SOX12	19	0.950417	no
SOX13	19	0.883721	no
SOX14	16	0.534071	no
SOX15	19	0.769707	no
SOX17	19	0.691729	no
SOX18	19	0.394823	no
SOX2	19	0.907167	no
SOX21	16	0.874671	no
SOX3	19	0.883186	no
SOX30	19	0.942888	no
SOX4	19	0.954386	no
SOX5	19	0.882456	no
SOX6	19	0.936842	no
SOX7	19	0.873045	no
SOX8	19	0.864570	no
SOX9	19	0.814105	no
SP1	19	0.817025	no
SP100	19	0.929825	no
SP110	19	0.952632	no
SP140	19	0.953468	no
SP140L	19	0.959193	no
SP2	19	0.942933	no
SP3	19	0.992541	no
SP4	19	0.942105	no
SP5	19	0.900418	no
SP6	19	0.782682	no
SP7	19	0.754153	no
SP8	16	0.780457	no
SP9	19	0.818357	no
SPA17	19	0.907416	no
SPAAR	19	0.851443	no
SPACA1	19	0.732225	no
SPACA3	19	0.365486	no
SPACA4	19	0.690680	no
SPACA5	19	0.893781	no
SPACA5B	16	1.000000	yes
SPACA6	19	0.963158	no
SPACA7	19	0.822244	no
SPACA9	19	0.940351	no
SPACDR	19	0.759438	no
SPAG1	19	0.978947	no
SPAG11A	19	-0.055556	no
SPAG11B	16	-0.066667	no
SPAG16	19	0.991228	no
SPAG17	19	0.904974	no
SPAG4	19	0.948842	no
SPAG5	19	0.907641	no
SPAG6	19	0.978911	no
SPAG7	19	0.954386	no
SPAG8	19	0.978883	no
SPAG9	19	0.996491	no
SPAM1	19	0.908272	no
SPANXA1	16	nan	yes
SPANXA2	16	nan	yes
SPANXB1	19	0.474731	no
SPANXC	16	nan	no
SPANXD	16	nan	no
SPANXN1	19	nan	yes
SPANXN2	19	nan	yes
SPANXN3	16	0.632924	no
SPANXN4	19	0.792629	no
SPANXN5	16	nan	no
SPARC	19	0.796491	no
SPARCL1	19	0.657895	no
SPART	19	0.771930	no
SPAST	19	0.975439	no
SPATA12	19	0.867888	no
SPATA13	19	0.945317	no
SPATA16	19	0.941575	no
SPATA17	19	0.967969	no
SPATA18	19	0.783737	no
SPATA19	16	0.581882	no
SPATA2	19	0.891046	no
SPATA20	19	0.871930	no
SPATA21	19	0.808081	no
SPATA22	19	0.818502	no
SPATA24	19	0.857332	no
SPATA25	19	0.858108	no
SPATA2L	19	0.913960	no
SPATA3	19	0.812873	no
SPATA31A1	16	nan	yes
SPATA31A3	13	nan	yes
SPATA31A5	13	nan	yes
SPATA31A6	16	nan	yes
SPATA31A7	16	nan	yes
SPATA31C1	16	-0.097373	no
SPATA31C2	16	-0.142539	no
SPATA31D1	16	nan	yes
SPATA31D3	16	nan	no
SPATA31D4	16	nan	yes
SPATA31E1	19	1.000000	yes
SPATA32	19	0.761169	no
SPATA33	19	0.964458	no
SPATA4	19	0.919083	no
SPATA45	19	0.951458	no
SPATA46	19	0.835802	no
SPATA48	19	0.909462	no
SPATA5	19	0.953927	no
SPATA5L1	19	0.892888	no
SPATA6	19	0.838596	no
SPATA6L	19	0.957400	no
SPATA7	19	0.975439	no
SPATA9	19	0.859473	no
SPATC1	19	0.977134	no
SPATC1L	19	0.948349	no
SPATS1	16	0.981166	no
SPATS2	19	0.921053	no
SPATS2L	19	0.956140	no
SPC24	19	0.732576	no
SPC25	19	0.687254	no
SPCS1	19	0.987719	no
SPCS2	19	0.971930	no
SPCS3	19	0.943860	no
SPDEF	19	0.575015	no
SPDL1	19	0.863916	no
SPDYA	19	0.878947	no
SPDYC	19	0.926745	no
SPDYE1	19	0.924561	no
SPDYE10	19	0.930684	no
SPDYE11	13	0.711024	no
SPDYE12	16	0.885609	no
SPDYE13	16	0.683130	no
SPDYE14	13	nan	yes
SPDYE15	13	nan	yes
SPDYE16	19	0.714223	no
SPDYE17	16	0.961624	no
SPDYE18	16	0.979836	no
SPDYE2	19	0.845614	no
SPDYE21	16	0.937454	no
SPDYE2B	16	0.923591	no
SPDYE3	19	0.876646	no
SPDYE4	19	0.858932	no
SPDYE5	19	0.943860	no
SPDYE6	16	0.882100	no
SPDYE8	13	nan	yes
SPDYE9	13	0.987560	no
SPECC1	19	0.891228	no
SPECC1L	19	0.934917	no
SPEF1	19	0.943652	no
SPEF2	19	0.985965	no
SPEG	19	0.915016	no
SPEGNB	16	0.636432	no
SPEM1	16	nan	no
SPEM2	16	nan	no
SPEM3	16	nan	yes
SPEN	19	0.885476	no
SPESP1	19	0.953927	no
SPG11	19	0.989908	no
SPG21	19	0.964458	no
SPG7	19	0.956140	no
SPHK1	19	0.866315	no
SPHK2	19	0.962703	no
SPHKAP	19	0.797191	no
SPI1	19	0.977543	no
SPIB	19	0.947261	no
SPIC	19	0.736905	no
SPICE1	19	0.976704	no
SPIDR	19	0.938596	no
SPIN1	19	0.954386	no
SPIN2A	19	0.810816	no
SPIN2B	19	0.924023	no
SPIN3	19	0.979789	no
SPIN4	19	1.000000	no
SPINDOC	19	0.881707	no
SPINK1	19	0.624235	no
SPINK13	19	0.656683	no
SPINK14	19	0.939458	no
SPINK2	19	0.948636	no
SPINK4	19	0.921218	no
SPINK5	19	0.570429	no
SPINK6	19	0.929148	no
SPINK7	19	0.406829	no
SPINK8	19	0.902511	no
SPINK9	19	0.757226	no
SPINT1	19	0.963158	no
SPINT2	19	0.866667	no
SPINT3	19	0.817364	no
SPINT4	19	0.771767	no
SPIRE1	19	0.952632	no
SPIRE2	19	0.929293	no
SPN	19	0.903379	no
SPNS1	19	0.928193	no
SPNS2	19	0.747368	no
SPNS3	19	0.909011	no
SPO11	19	0.726483	no
SPOCD1	19	0.961904	no
SPOCK1	19	0.888499	no
SPOCK2	19	0.896007	no
SPOCK3	19	0.659341	no
SPON1	19	0.814035	no
SPON2	19	0.833699	no
SPOP	19	0.957895	no
SPOPL	19	0.908772	no
SPOUT1	19	0.803996	no
SPP1	19	0.860782	no
SPP2	19	0.452029	no
SPPL2A	19	0.990786	no
SPPL2B	19	0.954386	no
SPPL2C	16	nan	yes
SPPL3	19	0.961404	no
SPR	19	0.930202	no
SPRED1	19	0.957895	no
SPRED2	19	0.926722	no
SPRED3	19	0.924437	no
SPRING1	19	0.942105	no
SPRN	19	0.829859	no
SPRR1A	16	0.482711	no
SPRR1B	19	0.502895	no
SPRR2A	19	0.366882	no
SPRR2B	19	0.482649	no
SPRR2D	19	0.514958	no
SPRR2E	19	0.602287	no
SPRR2F	19	0.581728	no
SPRR2G	16	nan	no
SPRR3	19	nan	no
SPRR4	16	nan	no
SPRR5	16	0.730297	no
SPRTN	19	0.966213	no
SPRY1	19	0.796841	no
SPRY2	19	0.943860	no
SPRY3	19	0.948662	no
SPRY4	19	0.896613	no
SPRYD3	19	0.959193	no
SPRYD4	19	0.747147	no
SPRYD7	19	0.966667	no
SPSB1	19	0.922334	no
SPSB2	19	0.858147	no
SPSB3	19	0.952632	no
SPSB4	19	0.975189	no
SPTA1	19	0.829887	no
SPTAN1	19	0.918824	no
SPTB	19	0.824770	no
SPTBN1	19	0.905263	no
SPTBN2	19	0.948201	no
SPTBN4	19	0.936376	no
SPTBN5	19	0.699518	no
SPTLC1	19	0.855639	no
SPTLC2	19	0.996491	no
SPTLC3	19	0.966667	no
SPTSSA	19	0.931084	no
SPTSSB	19	0.791556	no
SPTY2D1	19	0.975867	no
SPTY2D1OS	19	0.863158	no
SPX	19	0.847923	no
SPZ1	19	-0.080720	no
SQLE	19	0.898246	no
SQOR	19	0.961404	no
SQSTM1	19	0.815789	no
SRA1	19	0.984211	no
SRARP	19	0.847403	no
SRBD1	19	0.975439	no
SRC	19	0.935031	no
SRCAP	19	0.961336	no
SRCIN1	19	0.849062	no
SRD5A1	19	0.853755	no
SRD5A2	19	0.892536	no
SRD5A3	19	0.774157	no
SREBF1	19	0.710526	no
SREBF2	19	0.929825	no
SREK1	19	0.961404	no
SREK1IP1	19	0.903509	no
SRF	19	0.968846	no
SRFBP1	19	0.953927	no
SRGAP1	19	0.915789	no
SRGAP2	19	0.964458	no
SRGAP2B	19	0.940764	no
SRGAP2C	19	0.968367	no
SRGAP3	19	0.929825	no
SRGN	19	0.991228	no
SRI	19	0.924561	no
SRL	19	0.818024	no
SRM	19	0.902150	no
SRMS	19	0.530330	no
SRP14	19	0.985965	no
SRP19	19	0.966667	no
SRP54	19	0.991228	no
SRP68	19	0.941641	no
SRP72	19	0.929355	no
SRP9	19	0.928070	no
SRPK1	19	0.915789	no
SRPK2	19	0.971479	no
SRPK3	19	0.764582	no
SRPRA	19	0.940351	no
SRPRB	19	0.950877	no
SRPX	19	0.828133	no
SRPX2	19	0.743083	no
SRR	19	0.687748	no
SRRD	19	0.872313	no
SRRM1	19	0.957895	no
SRRM2	19	0.970175	no
SRRM4	19	0.946928	no
SRRM5	19	0.807828	no
SRRT	19	0.938596	no
SRSF1	19	0.937034	no
SRSF10	19	0.984211	no
SRSF11	19	0.842105	no
SRSF12	19	0.611941	no
SRSF2	19	0.870175	no
SRSF3	19	0.908772	no
SRSF4	19	0.949123	no
SRSF5	19	0.958736	no
SRSF6	19	0.956102	no
SRSF7	19	0.938596	no
SRSF8	19	0.964458	no
SRSF9	19	0.963158	no
SRXN1	19	0.910228	no
SRY	19	0.724394	no
SS18	19	0.947368	no
SS18L1	19	0.959649	no
SS18L2	19	0.963158	no
SSB	19	0.943860	no
SSBP1	19	0.961404	no
SSBP2	19	0.952632	no
SSBP3	19	0.915789	no
SSBP4	19	0.954386	no
SSC4D	19	0.789196	no
SSC5D	19	0.926561	no
SSH1	19	0.892982	no
SSH2	19	0.992982	no
SSH3	19	0.915277	no
SSMEM1	19	0.616455	no
SSNA1	19	0.975439	no
SSPN	19	0.968394	no
SSR1	19	0.950877	no
SSR2	19	0.898246	no
SSR3	19	0.938596	no
SSR4	19	0.963158	no
SSRP1	19	0.983765	no
SST	19	0.777147	no
SSTR1	19	0.853896	no
SSTR2	19	0.896129	no
SSTR3	19	0.914763	no
SSTR4	16	nan	yes
SSTR5	19	0.748276	no
SSU72	19	0.964912	no
SSUH2	19	0.896736	no
SSX1	19	1.000000	yes
SSX2	16	nan	yes
SSX2B	19	1.000000	yes
SSX2IP	19	0.965336	no
SSX3	19	nan	yes
SSX4	16	nan	yes
SSX4B	13	nan	yes
SSX5	19	1.000000	no
SSX7	16	0.813157	no
ST13	19	0.950877	no
ST14	19	0.957895	no
ST18	19	0.979323	no
ST3GAL1	19	0.901754	no
ST3GAL2	19	0.936842	no
ST3GAL3	19	0.834943	no
ST3GAL4	19	0.957895	no
ST3GAL5	19	0.957895	no
ST3GAL6	19	0.978947	no
ST6GAL1	19	0.915789	no
ST6GAL2	19	0.836900	no
ST6GALNAC1	19	0.763159	no
ST6GALNAC2	19	0.979377	no
ST6GALNAC3	19	0.961404	no
ST6GALNAC4	19	0.930580	no
ST6GALNAC5	19	0.981994	no
ST6GALNAC6	19	0.804793	no
ST7	19	0.961404	no
ST7L	19	0.914035	no
ST8SIA1	19	0.890742	no
ST8SIA2	19	0.892655	no
ST8SIA3	16	0.836864	no
ST8SIA4	19	0.989021	no
ST8SIA5	19	0.922673	no
ST8SIA6	19	0.827025	no
STAB1	19	0.839701	no
STAB2	19	0.811097	no
STAC	19	0.706738	no
STAC2	19	0.728682	no
STAC3	19	0.949451	no
STAG1	19	0.978947	no
STAG2	19	0.971930	no
STAG3	19	0.952632	no
STAM	19	0.938596	no
STAM2	19	0.942519	no
STAMBP	19	0.805263	no
STAMBPL1	19	0.817544	no
STAP1	19	0.973931	no
STAP2	19	0.963109	no
STAR	19	0.886384	no
STARD10	19	0.920879	no
STARD13	19	0.974989	no
STARD3	19	0.978947	no
STARD3NL	19	0.968421	no
STARD4	19	0.645614	no
STARD5	19	0.969673	no
STARD6	19	0.888194	no
STARD7	19	0.957895	no
STARD8	19	0.936703	no
STARD9	19	0.959596	no
STAT1	19	0.942105	no
STAT2	19	0.963581	no
STAT3	19	0.863158	no
STAT4	19	0.945614	no
STAT5A	19	0.978499	no
STAT5B	19	0.919298	no
STAT6	19	0.905263	no
STATH	19	0.488214	no
STAU1	19	0.954386	no
STAU2	19	0.963158	no
STBD1	19	0.920625	no
STC1	19	0.723990	no
STC2	19	0.852220	no
STEAP1	19	0.797452	no
STEAP1B	19	0.864912	no
STEAP2	19	0.916594	no
STEAP3	19	0.858963	no
STEAP4	19	0.816977	no
STEEP1	19	0.913559	no
STH	16	nan	yes
STIL	19	0.776021	no
STIM1	19	0.877193	no
STIM2	19	0.973684	no
STIMATE	19	0.939843	no
STING1	19	0.894741	no
STIP1	19	0.919298	no
STK10	19	0.847368	no
STK11	19	0.931579	no
STK11IP	19	0.920983	no
STK16	19	0.974112	no
STK17A	19	0.980702	no
STK17B	19	0.921053	no
STK19	19	0.942833	no
STK24	19	0.850877	no
STK25	19	0.907018	no
STK26	19	0.971930	no
STK3	19	0.757895	no
STK31	19	0.942004	no
STK32A	19	0.889185	no
STK32B	19	0.903028	no
STK32C	19	0.854386	no
STK33	19	0.980255	no
STK35	19	0.878947	no
STK36	19	0.992982	no
STK38	19	0.952632	no
STK38L	19	0.947368	no
STK39	19	0.917544	no
STK4	19	0.983765	no
STK40	19	0.900000	no
STKLD1	19	0.822758	no
STMN1	19	0.935088	no
STMN2	19	0.730476	no
STMN3	19	0.899824	no
STMN4	19	0.871718	no
STMND1	19	0.694125	no
STMP1	19	0.957895	no
STN1	19	0.898869	no
STOM	19	0.975439	no
STOML1	19	0.845478	no
STOML2	19	0.980702	no
STOML3	19	0.771626	no
STON1	19	0.855496	no
STON2	19	0.939886	no
STOX1	19	0.921827	no
STOX2	19	0.895130	no
STPG1	19	0.909530	no
STPG2	19	0.989474	no
STPG3	19	0.782564	no
STPG4	19	0.778855	no
STRA6	19	0.854839	no
STRA8	19	0.788285	no
STRADA	19	0.989464	no
STRADB	19	0.894737	no
STRAP	19	0.911804	no
STRBP	19	0.957895	no
STRC	19	0.946865	no
STRIP1	19	0.738921	no
STRIP2	19	0.947935	no
STRIT1	19	0.682824	no
STRN	19	0.926316	no
STRN3	19	0.854386	no
STRN4	19	0.959193	no
STT3A	19	0.904783	no
STT3B	19	0.900000	no
STUB1	19	0.973684	no
STUM	19	0.969643	no
STX10	19	0.992982	no
STX11	19	0.996488	no
STX12	19	0.928070	no
STX16	19	0.929670	no
STX17	19	0.859149	no
STX18	19	0.863158	no
STX19	19	0.887132	no
STX1A	19	0.924901	no
STX1B	19	0.834094	no
STX2	19	0.938596	no
STX3	19	0.954386	no
STX4	19	0.975439	no
STX5	19	0.947368	no
STX6	19	0.945614	no
STX7	19	0.968421	no
STX8	19	0.845614	no
STXBP1	19	0.975867	no
STXBP2	19	0.964004	no
STXBP3	19	0.978499	no
STXBP4	19	0.954386	no
STXBP5	19	0.892982	no
STXBP5L	19	0.867925	no
STXBP6	19	0.923212	no
STYK1	19	0.957344	no
STYX	19	0.825209	no
STYXL1	19	0.944274	no
STYXL2	19	0.619663	no
SUB1	19	0.978947	no
SUCLA2	19	0.964912	no
SUCLG1	19	0.715789	no
SUCLG2	19	0.954386	no
SUCNR1	19	0.965987	no
SUCO	19	0.929825	no
SUDS3	19	0.966667	no
SUFU	19	0.945614	no
SUGCT	19	0.913559	no
SUGP1	19	0.982872	no
SUGP2	19	0.957895	no
SUGT1	19	0.956140	no
SULF1	19	0.915643	no
SULF2	19	0.870175	no
SULT1A1	19	0.885927	no
SULT1A2	19	0.986150	no
SULT1A3	19	0.887988	no
SULT1A4	19	0.873875	no
SULT1B1	19	0.818426	no
SULT1C2	19	0.905056	no
SULT1C3	19	0.753890	no
SULT1C4	19	0.895994	no
SULT1E1	19	0.533176	no
SULT2A1	19	0.772717	no
SULT2B1	19	0.783392	no
SULT4A1	19	0.816210	no
SULT6B1	19	0.901429	no
SUMF1	19	0.975439	no
SUMF2	19	0.947368	no
SUMO1	19	0.973684	no
SUMO2	19	0.976744	no
SUMO3	19	0.963581	no
SUMO4	19	nan	no
SUN1	19	0.977173	no
SUN2	19	0.968421	no
SUN3	19	0.705934	no
SUN5	19	0.740839	no
SUOX	19	0.960492	no
SUPT16H	19	0.915314	no
SUPT20H	19	0.933333	no
SUPT20HL2	16	0.894143	no
SUPT3H	19	0.954386	no
SUPT4H1	19	0.902065	no
SUPT5H	19	0.936842	no
SUPT6H	19	0.831284	no
SUPT7L	19	0.749123	no
SUPV3L1	19	0.910526	no
SURF1	19	0.978947	no
SURF2	19	0.959649	no
SURF4	19	0.878629	no
SURF6	19	0.913960	no
SUSD1	19	0.964912	no
SUSD2	19	0.809760	no
SUSD3	19	0.918753	no
SUSD4	19	0.884211	no
SUSD5	19	0.826744	no
SUSD6	19	0.933333	no
SUV39H1	19	0.847274	no
SUV39H2	19	0.716733	no
SUZ12	19	0.949123	no
SV2A	19	0.909362	no
SV2B	19	0.911170	no
SV2C	19	0.871818	no
SVBP	19	0.961404	no
SVEP1	19	0.935655	no
SVIL	19	0.963158	no
SVIP	19	0.892982	no
SVOP	19	0.955145	no
SVOPL	19	0.958536	no
SWAP70	19	0.895130	no
SWSAP1	19	0.956140	no
SWT1	19	0.989474	no
SYAP1	19	0.959649	no
SYBU	19	0.980702	no
SYCE1	19	0.938272	no
SYCE1L	19	0.842776	no
SYCE2	19	0.858648	no
SYCE3	19	0.693175	no
SYCN	16	0.855885	no
SYCP1	19	0.871015	no
SYCP2	19	0.913559	no
SYCP2L	19	0.745718	no
SYCP3	19	0.913559	no
SYDE1	19	0.868328	no
SYDE2	19	0.924496	no
SYF2	19	0.935088	no
SYK	19	0.991228	no
SYMPK	19	0.879333	no
SYN1	19	0.822468	no
SYN2	19	0.961792	no
SYN3	19	0.826678	no
SYNC	19	0.931579	no
SYNCRIP	19	0.900133	no
SYNDIG1	19	0.922266	no
SYNDIG1L	19	0.959584	no
SYNE1	19	0.982456	no
SYNE2	19	0.970175	no
SYNE3	19	0.954346	no
SYNE4	19	0.913733	no
SYNGAP1	19	0.961695	no
SYNGR1	19	0.954386	no
SYNGR2	19	0.966667	no
SYNGR3	19	0.905685	no
SYNGR4	19	0.863353	no
SYNJ1	19	0.947368	no
SYNJ2	19	0.904783	no
SYNJ2BP	19	0.936529	no
SYNM	19	0.884109	no
SYNPO	19	0.907375	no
SYNPO2	19	0.904302	no
SYNPO2L	19	0.839697	no
SYNPR	19	0.847205	no
SYNRG	19	0.989464	no
SYP	19	0.767779	no
SYPL1	19	0.957895	no
SYPL2	19	0.904242	no
SYS1	19	0.987489	no
SYT1	19	0.934621	no
SYT10	19	0.944446	no
SYT11	19	0.957858	no
SYT12	19	0.783106	no
SYT13	19	0.953445	no
SYT14	19	0.918684	no
SYT15	19	0.607638	no
SYT15B	16	0.998416	no
SYT16	19	0.761194	no
SYT17	19	0.961404	no
SYT2	19	0.870061	no
SYT3	19	0.909204	no
SYT4	19	0.812041	no
SYT5	19	0.963589	no
SYT6	19	0.686690	no
SYT7	19	0.969697	no
SYT8	19	0.834473	no
SYT9	19	0.904302	no
SYTL1	19	0.909012	no
SYTL2	19	0.940712	no
SYTL3	19	0.951295	no
SYTL4	19	0.910926	no
SYTL5	19	0.941450	no
SYVN1	19	0.892982	no
SZRD1	19	0.952632	no
SZT2	19	0.931110	no
TAAR1	19	1.000000	no
TAAR2	19	0.872905	no
TAAR5	16	nan	yes
TAAR6	19	nan	yes
TAAR8	19	nan	yes
TAAR9	16	nan	yes
TAB1	19	0.940299	no
TAB2	19	0.907018	no
TAB3	19	0.966667	no
TAC1	19	0.811762	no
TAC3	19	0.869404	no
TAC4	19	0.863796	no
TACC1	19	0.974112	no
TACC2	19	0.947368	no
TACC3	19	0.923584	no
TACO1	19	0.902858	no
TACR1	19	0.896400	no
TACR2	19	0.953778	no
TACR3	19	0.809925	no
TACSTD2	19	0.749379	no
TADA1	19	0.953927	no
TADA2B	19	0.926316	no
TADA3	19	0.961404	no
TAF1	19	0.965336	no
TAF10	19	0.946861	no
TAF11	19	0.887719	no
TAF11L10	16	nan	yes
TAF11L11	16	nan	yes
TAF11L12	16	nan	yes
TAF11L13	16	nan	yes
TAF11L14	16	nan	yes
TAF11L2	16	nan	no
TAF11L3	13	nan	yes
TAF11L4	13	nan	yes
TAF11L5	13	nan	yes
TAF11L6	13	nan	yes
TAF11L7	13	nan	yes
TAF11L8	13	nan	yes
TAF11L9	13	nan	yes
TAF12	19	0.971930	no
TAF13	19	0.980702	no
TAF15	19	0.949123	no
TAF1A	19	0.877963	no
TAF1B	19	0.977193	no
TAF1C	19	0.938131	no
TAF1D	19	0.838596	no
TAF1L	19	0.681692	no
TAF2	19	0.974112	no
TAF3	19	0.894737	no
TAF4	19	0.975417	no
TAF4B	19	0.863158	no
TAF5	19	0.943736	no
TAF5L	19	0.826678	no
TAF6	19	0.975439	no
TAF6L	19	0.949496	no
TAF7	19	0.961404	no
TAF7L	19	0.759292	no
TAF8	19	0.964912	no
TAF9	19	0.763462	no
TAF9B	19	0.931110	no
TAFA1	19	0.964912	no
TAFA2	19	0.984211	no
TAFA3	19	0.871009	no
TAFA4	19	0.842700	no
TAFA5	19	0.898067	no
TAFAZZIN	19	0.949123	no
TAGAP	19	0.977133	no
TAGLN	19	0.598771	no
TAGLN2	19	0.961404	no
TAGLN3	19	0.854602	no
TAL1	19	0.723464	no
TAL2	19	0.946118	no
TALDO1	19	0.950877	no
TAMALIN	19	0.938131	no
TAMM41	19	0.964912	no
TANC1	19	0.969724	no
TANC2	19	0.991228	no
TANGO2	19	0.970175	no
TANGO6	19	0.950877	no
TANK	19	0.971930	no
TAOK1	19	0.937253	no
TAOK2	19	0.988153	no
TAOK3	19	0.961404	no
TAP1	19	0.953887	no
TAP2	19	0.908968	no
TAPBP	19	0.952632	no
TAPBPL	19	0.948662	no
TAPT1	19	0.956140	no
TARBP1	19	0.956140	no
TARBP2	19	0.916996	no
TARDBP	19	0.924561	no
TARM1	19	0.945916	no
TARS1	19	0.910526	no
TARS2	19	0.966667	no
TARS3	19	0.945614	no
TAS1R1	19	0.826029	no
TAS1R2	16	0.560612	no
TAS1R3	19	0.844270	no
TAS2R1	19	1.000000	no
TAS2R10	19	nan	yes
TAS2R13	19	nan	yes
TAS2R14	19	0.833494	no
TAS2R16	16	nan	yes
TAS2R19	19	nan	yes
TAS2R20	19	nan	yes
TAS2R3	16	nan	yes
TAS2R30	19	nan	yes
TAS2R31	19	nan	yes
TAS2R38	16	nan	no
TAS2R39	16	0.394405	no
TAS2R4	19	nan	yes
TAS2R40	19	0.544331	no
TAS2R41	16	nan	yes
TAS2R42	16	nan	yes
TAS2R43	19	nan	yes
TAS2R46	19	nan	yes
TAS2R5	19	0.895722	no
TAS2R50	19	nan	yes
TAS2R60	16	nan	yes
TAS2R7	19	1.000000	no
TAS2R8	19	0.857672	no
TAS2R9	19	1.000000	no
TASL	19	0.971654	no
TASOR	19	0.964912	no
TASOR2	19	0.870175	no
TASP1	19	0.959649	no
TAT	19	0.729725	no
TATDN1	19	0.584211	no
TATDN2	19	0.716083	no
TATDN3	19	0.933333	no
TAX1BP1	19	0.984211	no
TAX1BP3	19	0.962703	no
TBATA	19	0.908142	no
TBC1D1	19	0.980702	no
TBC1D10A	19	0.831722	no
TBC1D10B	19	0.964458	no
TBC1D10C	19	0.960213	no
TBC1D12	19	0.934621	no
TBC1D13	19	0.885476	no
TBC1D14	19	0.964912	no
TBC1D15	19	0.924561	no
TBC1D16	19	0.747368	no
TBC1D17	19	0.699473	no
TBC1D19	19	0.987719	no
TBC1D2	19	0.924561	no
TBC1D20	19	0.897762	no
TBC1D21	19	0.720577	no
TBC1D22A	19	0.971930	no
TBC1D22B	19	0.807018	no
TBC1D23	19	0.901754	no
TBC1D24	19	0.966551	no
TBC1D25	19	0.957419	no
TBC1D28	19	0.874862	no
TBC1D2B	19	0.935088	no
TBC1D3	16	1.000000	yes
TBC1D30	19	0.866451	no
TBC1D31	19	0.917947	no
TBC1D32	19	0.971930	no
TBC1D3B	19	0.729987	no
TBC1D3C	16	nan	no
TBC1D3D	16	0.642857	no
TBC1D3E	16	1.000000	yes
TBC1D3G	13	nan	yes
TBC1D3H	13	nan	yes
TBC1D3I	19	0.913602	no
TBC1D3K	16	1.000000	yes
TBC1D3L	16	0.828417	no
TBC1D4	19	0.924561	no
TBC1D5	19	0.975439	no
TBC1D7	19	0.861161	no
TBC1D8	19	0.971930	no
TBC1D8B	19	0.780167	no
TBC1D9	19	0.984211	no
TBC1D9B	19	0.906058	no
TBCA	19	0.928070	no
TBCB	19	0.982456	no
TBCC	19	0.974112	no
TBCCD1	19	0.985520	no
TBCD	19	0.868421	no
TBCE	16	0.855671	no
TBCEL	19	0.813441	no
TBCK	19	0.882456	no
TBK1	19	0.959193	no
TBKBP1	19	0.953647	no
TBL1X	19	0.945614	no
TBL1XR1	19	0.949123	no
TBL1Y	19	0.930807	no
TBL2	19	0.901754	no
TBL3	19	0.992982	no
TBP	19	0.936842	no
TBPL1	19	0.982456	no
TBPL2	19	0.965779	no
TBR1	19	0.808731	no
TBRG1	19	0.891228	no
TBRG4	19	0.894252	no
TBX1	19	0.826596	no
TBX10	19	0.734889	no
TBX15	19	0.796729	no
TBX18	19	0.933289	no
TBX19	19	0.926316	no
TBX2	19	0.711457	no
TBX20	19	0.728251	no
TBX21	19	0.952496	no
TBX22	19	0.997406	no
TBX3	19	0.728432	no
TBX4	19	0.804027	no
TBX5	19	0.749634	no
TBX6	19	0.790802	no
TBXA2R	19	0.921697	no
TBXAS1	19	0.871930	no
TBXT	19	0.659029	no
TC2N	19	0.840720	no
TCAF1	19	0.830040	no
TCAF2	19	0.858290	no
TCAIM	19	0.921053	no
TCAP	19	0.420451	no
TCEA1	19	0.982456	no
TCEA2	19	0.973684	no
TCEA3	19	0.933218	no
TCEAL1	19	0.991228	no
TCEAL2	19	0.861039	no
TCEAL3	19	0.957895	no
TCEAL4	19	0.977193	no
TCEAL5	19	0.899397	no
TCEAL6	19	0.916148	no
TCEAL7	19	0.770432	no
TCEAL8	19	0.959649	no
TCEAL9	19	0.947368	no
TCEANC	19	0.971455	no
TCEANC2	19	0.927129	no
TCERG1	19	0.985965	no
TCERG1L	19	0.971366	no
TCF12	19	0.796491	no
TCF15	19	0.703349	no
TCF19	19	0.980326	no
TCF20	19	0.987719	no
TCF21	19	0.675806	no
TCF23	19	0.818197	no
TCF24	19	0.938510	no
TCF25	19	0.977193	no
TCF3	19	0.953050	no
TCF4	19	0.987719	no
TCF7	19	0.910048	no
TCF7L1	19	0.939008	no
TCF7L2	19	0.850877	no
TCFL5	19	0.953927	no
TCHH	19	0.882448	no
TCHHL1	16	nan	yes
TCHP	19	0.919298	no
TCIM	19	0.660210	no
TCIRG1	19	0.948662	no
TCL1A	19	0.953828	no
TCL1B	19	0.842862	no
TCN1	19	0.561899	no
TCN2	19	0.862659	no
TCOF1	19	0.956140	no
TCP1	19	0.970175	no
TCP10L	19	0.819533	no
TCP11	19	0.821588	no
TCP11L1	19	0.894737	no
TCP11L2	19	0.911804	no
TCTA	19	0.901273	no
TCTE1	19	0.864752	no
TCTN1	19	0.989030	no
TCTN2	19	0.930111	no
TCTN3	19	0.938596	no
TDG	19	0.748574	no
TDGF1	19	0.878308	no
TDGF1P3	19	nan	yes
TDO2	19	0.835739	no
TDP1	19	0.852128	no
TDP2	19	0.910526	no
TDRD1	19	0.696997	no
TDRD10	19	0.892606	no
TDRD12	19	0.882923	no
TDRD15	19	0.881203	no
TDRD3	19	0.936842	no
TDRD5	19	0.919525	no
TDRD6	19	0.972284	no
TDRD7	19	0.875329	no
TDRD9	19	0.966184	no
TDRKH	19	0.949056	no
TDRP	19	0.933275	no
TEAD1	19	0.929355	no
TEAD2	19	0.979359	no
TEAD3	19	0.966610	no
TEAD4	19	0.856266	no
TEC	19	0.889474	no
TECPR1	19	0.949123	no
TECPR2	19	0.961404	no
TECR	19	0.959649	no
TECRL	19	0.612188	no
TECTA	19	0.963909	no
TECTB	19	0.857061	no
TEDC1	19	0.950791	no
TEDC2	19	0.408145	no
TEDDM1	19	0.682814	no
TEF	19	0.985075	no
TEFM	19	0.955682	no
TEK	19	0.696570	no
TEKT1	19	0.977093	no
TEKT2	19	0.866668	no
TEKT3	19	0.942291	no
TEKT4	19	0.889230	no
TEKT5	19	0.744372	no
TEKTIP1	19	0.941590	no
TELO2	19	0.904783	no
TEN1	19	0.892589	no
TENM1	19	0.977193	no
TENM2	19	0.988153	no
TENM3	19	0.950877	no
TENM4	19	0.892982	no
TENT2	19	0.982456	no
TENT4A	19	0.887231	no
TENT4B	19	0.778947	no
TENT5A	19	0.957895	no
TENT5B	19	0.816555	no
TENT5C	19	0.929355	no
TENT5D	19	0.877116	no
TEP1	19	0.960070	no
TEPP	19	0.847534	no
TEPSIN	19	0.965336	no
TERB1	19	0.873511	no
TERB2	19	0.902047	no
TERF1	19	0.650877	no
TERF2	19	0.875439	no
TERF2IP	19	0.978947	no
TERT	19	0.964397	no
TES	19	0.989474	no
TESC	19	0.956140	no
TESK1	19	0.831579	no
TESK2	19	0.900886	no
TESMIN	19	0.979789	no
TESPA1	19	0.935404	no
TET1	19	0.914035	no
TET2	19	0.938596	no
TET3	19	0.970175	no
TEX10	19	0.821413	no
TEX101	19	0.890357	no
TEX11	19	0.940865	no
TEX12	19	nan	yes
TEX13A	16	nan	yes
TEX13B	16	nan	yes
TEX13C	16	nan	yes
TEX13D	16	nan	yes
TEX14	19	0.949123	no
TEX15	19	0.795442	no
TEX19	19	0.645763	no
TEX2	19	0.805263	no
TEX22	19	0.935031	no
TEX26	19	0.670701	no
TEX261	19	0.917950	no
TEX264	19	0.949123	no
TEX28	19	0.779122	no
TEX29	19	0.758377	no
TEX30	19	0.945566	no
TEX33	19	0.588502	no
TEX35	19	0.823252	no
TEX36	19	0.825481	no
TEX37	16	nan	no
TEX38	19	0.838309	no
TEX43	19	0.958893	no
TEX44	16	0.451906	no
TEX45	19	0.909182	no
TEX46	19	0.895431	no
TEX47	19	nan	no
TEX48	19	0.796101	no
TEX49	19	0.585067	no
TEX50	19	0.474214	no
TEX51	19	0.708333	no
TEX52	19	0.953907	no
TEX53	19	0.948600	no
TEX54	16	0.618067	no
TEX55	19	0.998912	no
TEX9	19	0.975439	no
TF	19	0.736877	no
TFAM	19	0.914035	no
TFAP2A	19	0.675024	no
TFAP2B	19	0.626815	no
TFAP2C	19	0.739706	no
TFAP2D	19	0.766144	no
TFAP2E	19	0.921319	no
TFAP4	19	0.956942	no
TFB1M	19	0.950417	no
TFB2M	19	0.898156	no
TFCP2	19	0.901754	no
TFCP2L1	19	0.907416	no
TFDP1	19	0.966667	no
TFDP2	19	0.832821	no
TFDP3	16	nan	yes
TFE3	19	0.959193	no
TFEB	19	0.987719	no
TFEC	19	0.970817	no
TFF1	19	0.601464	no
TFF2	19	0.621460	no
TFF3	19	0.859276	no
TFG	19	0.929825	no
TFIP11	19	0.938596	no
TFPI	19	0.872313	no
TFPI2	19	0.809011	no
TFPT	19	0.975856	no
TFR2	19	0.941074	no
TFRC	19	0.955682	no
TG	19	0.917069	no
TGDS	19	0.817384	no
TGFA	19	0.966213	no
TGFB1I1	19	0.855258	no
TGFB2	19	0.914838	no
TGFB3	19	0.942832	no
TGFBI	19	0.908293	no
TGFBR1	19	0.896491	no
TGFBR2	19	0.935088	no
TGFBR3	19	0.924561	no
TGFBR3L	19	0.907489	no
TGFBRAP1	19	0.792982	no
TGIF1	19	0.854386	no
TGIF2	19	0.967077	no
TGIF2LX	16	nan	yes
TGIF2LY	16	nan	yes
TGM1	19	0.705044	no
TGM2	19	0.961233	no
TGM3	19	0.477408	no
TGM4	19	0.939215	no
TGM5	19	0.681945	no
TGM6	19	0.675811	no
TGM7	19	0.837173	no
TGOLN2	19	0.973684	no
TGS1	19	0.991228	no
TH	19	0.772533	no
THADA	19	0.938596	no
THAP1	19	0.964912	no
THAP10	19	0.966184	no
THAP11	19	0.974989	no
THAP12	19	0.886743	no
THAP2	19	0.910526	no
THAP3	19	0.989025	no
THAP4	19	0.936842	no
THAP5	19	0.927975	no
THAP6	19	0.919298	no
THAP7	19	0.980255	no
THAP8	19	0.788665	no
THAP9	19	0.906538	no
THBD	19	0.797083	no
THBS1	19	0.782704	no
THBS2	19	0.823970	no
THBS3	19	0.937558	no
THBS4	19	0.943811	no
THEG	19	0.847705	no
THEGL	19	0.935516	no
THEM4	19	0.845614	no
THEM5	19	0.798862	no
THEM6	19	0.870940	no
THEMIS	19	0.800003	no
THEMIS2	19	0.939702	no
THG1L	19	0.878841	no
THNSL1	19	0.961476	no
THNSL2	19	0.959649	no
THOC1	19	0.924561	no
THOC2	19	0.808772	no
THOC3	19	0.987709	no
THOC5	19	0.956140	no
THOC6	19	0.883721	no
THOC7	19	0.942105	no
THOP1	19	0.947784	no
THPO	19	0.895629	no
THRA	19	0.885965	no
THRAP3	19	0.950877	no
THRB	19	0.917544	no
THRSP	19	0.813546	no
THSD1	19	0.905180	no
THSD4	19	0.933333	no
THSD7A	19	0.787719	no
THSD7B	19	0.817064	no
THSD8	19	0.848632	no
THTPA	19	0.925124	no
THUMPD1	19	0.935088	no
THUMPD2	19	0.680123	no
THUMPD3	19	0.859149	no
THY1	19	0.847823	no
THYN1	19	0.885965	no
TIA1	19	0.854442	no
TIAL1	19	0.936376	no
TIAM1	19	0.973684	no
TIAM2	19	0.985965	no
TICAM1	19	0.973234	no
TICAM2	19	0.938572	no
TICRR	19	0.791420	no
TIE1	19	0.794396	no
TIFA	19	0.866169	no
TIFAB	16	0.830258	no
TIGAR	19	0.883866	no
TIGD1	19	0.931459	no
TIGD2	19	0.868572	no
TIGD3	19	0.764239	no
TIGD4	19	0.870387	no
TIGD5	19	0.836626	no
TIGD6	19	0.889281	no
TIGD7	19	0.907814	no
TIGIT	19	0.921255	no
TIMD4	19	0.896243	no
TIMELESS	19	0.928415	no
TIMM10	19	0.968421	no
TIMM10B	19	0.972486	no
TIMM13	19	0.975417	no
TIMM17A	19	0.950877	no
TIMM17B	19	0.985965	no
TIMM21	19	0.887231	no
TIMM22	19	0.906362	no
TIMM23	19	0.903509	no
TIMM23B	19	0.897510	no
TIMM29	19	0.936842	no
TIMM44	19	0.856014	no
TIMM50	19	0.989908	no
TIMM8A	19	0.936787	no
TIMM8B	19	0.966667	no
TIMM9	19	0.859149	no
TIMMDC1	19	0.935088	no
TIMP1	19	0.936842	no
TIMP2	19	0.978947	no
TIMP3	19	0.935088	no
TIMP4	19	0.600430	no
TINAG	19	0.831614	no
TINAGL1	19	0.705530	no
TINCR	19	0.799825	no
TINF2	19	0.894552	no
TIPARP	19	0.892982	no
TIPIN	19	0.938077	no
TIPRL	19	0.958736	no
TIRAP	19	0.973234	no
TJAP1	19	0.970576	no
TJP1	19	0.978499	no
TJP2	19	0.895201	no
TJP3	19	0.960948	no
TK1	19	0.900000	no
TK2	19	0.940351	no
TKFC	19	0.954346	no
TKT	19	0.961404	no
TKTL1	19	0.910065	no
TKTL2	19	0.361987	no
TLCD1	19	0.932777	no
TLCD2	19	0.983587	no
TLCD3A	19	0.967501	no
TLCD3B	19	0.894347	no
TLCD4	19	0.924752	no
TLCD5	19	0.968846	no
TLDC2	19	0.904762	no
TLE1	19	0.703509	no
TLE2	19	0.925373	no
TLE3	19	0.915789	no
TLE4	19	0.945614	no
TLE5	19	0.958315	no
TLE6	19	0.886182	no
TLE7	19	0.816830	no
TLK1	19	0.966667	no
TLK2	19	0.971930	no
TLL1	19	0.864176	no
TLL2	19	0.860670	no
TLN1	19	0.971930	no
TLN2	19	0.947368	no
TLNRD1	19	0.948662	no
TLR1	19	0.925177	no
TLR10	19	0.977708	no
TLR2	19	0.947276	no
TLR3	19	0.910291	no
TLR4	19	0.907283	no
TLR5	19	0.848486	no
TLR6	19	0.910652	no
TLR7	19	0.892874	no
TLR8	19	0.873102	no
TLR9	19	0.917482	no
TLX1	16	0.534071	no
TLX2	19	0.647059	no
TLX3	16	0.787562	no
TM2D1	19	0.718736	no
TM2D2	19	0.980702	no
TM2D3	19	0.916191	no
TM4SF1	19	0.835798	no
TM4SF18	19	0.779793	no
TM4SF19	19	1.000000	no
TM4SF20	19	0.946804	no
TM4SF4	19	0.678210	no
TM4SF5	19	0.779814	no
TM6SF1	19	0.944689	no
TM6SF2	19	0.955853	no
TM7SF2	19	0.828070	no
TM7SF3	19	0.691228	no
TM9SF1	19	0.811771	no
TM9SF2	19	0.917544	no
TM9SF3	19	0.936842	no
TM9SF4	19	0.945614	no
TMA16	19	0.940351	no
TMA7	19	0.967969	no
TMBIM1	19	0.947368	no
TMBIM4	19	0.938982	no
TMBIM6	19	0.977193	no
TMC1	19	0.824407	no
TMC2	19	0.924712	no
TMC3	19	0.918295	no
TMC5	19	0.827177	no
TMC6	19	0.981132	no
TMC7	19	0.931519	no
TMC8	19	0.980221	no
TMCC1	19	0.961404	no
TMCC2	19	0.901186	no
TMCC3	19	0.954386	no
TMCO1	19	0.937253	no
TMCO2	19	0.825663	no
TMCO3	19	0.899517	no
TMCO4	19	0.850877	no
TMCO5A	19	0.883785	no
TMCO6	19	0.920070	no
TMDD1	19	0.807579	no
TMED1	19	0.960070	no
TMED10	19	0.950417	no
TMED2	19	0.984211	no
TMED3	19	0.914035	no
TMED4	19	0.947368	no
TMED5	19	0.978947	no
TMED6	19	0.864348	no
TMED7	19	0.923935	no
TMED8	19	0.980702	no
TMED9	19	0.940351	no
TMEFF1	16	0.817745	no
TMEFF2	19	0.875714	no
TMEM100	19	0.646503	no
TMEM101	19	0.982872	no
TMEM102	19	0.835721	no
TMEM104	19	0.901754	no
TMEM106A	19	0.903509	no
TMEM106B	19	0.922334	no
TMEM106C	19	0.961825	no
TMEM107	19	0.957438	no
TMEM108	19	0.890742	no
TMEM109	19	0.976744	no
TMEM11	19	0.982887	no
TMEM114	19	0.761189	no
TMEM115	19	0.956980	no
TMEM116	19	0.975867	no
TMEM117	19	0.889474	no
TMEM119	19	0.918181	no
TMEM120A	19	0.896491	no
TMEM120B	19	0.967091	no
TMEM121	19	0.935852	no
TMEM121B	19	0.929123	no
TMEM123	19	0.915789	no
TMEM125	19	0.880049	no
TMEM126A	19	0.894252	no
TMEM126B	19	0.975439	no
TMEM127	19	0.846863	no
TMEM128	19	0.896007	no
TMEM129	19	0.923958	no
TMEM130	19	0.720179	no
TMEM131	19	0.956140	no
TMEM131L	19	0.978947	no
TMEM132A	19	0.782226	no
TMEM132B	19	0.798770	no
TMEM132C	19	0.877086	no
TMEM132D	19	0.964004	no
TMEM132E	19	0.859866	no
TMEM134	19	0.994737	no
TMEM135	19	0.819298	no
TMEM138	19	0.910048	no
TMEM139	19	0.847827	no
TMEM140	19	0.970978	no
TMEM141	19	0.932249	no
TMEM143	19	0.970576	no
TMEM144	19	0.856892	no
TMEM145	19	0.898045	no
TMEM147	19	0.977193	no
TMEM14A	19	0.974112	no
TMEM14B	19	0.959193	no
TMEM14C	19	0.905263	no
TMEM150A	19	0.941176	no
TMEM150B	19	0.935113	no
TMEM150C	19	0.899517	no
TMEM151A	19	0.869440	no
TMEM151B	19	1.000000	no
TMEM154	19	0.952632	no
TMEM156	19	0.963420	no
TMEM158	19	0.936181	no
TMEM160	19	0.952632	no
TMEM161A	19	0.910048	no
TMEM161B	19	0.933333	no
TMEM163	19	0.921053	no
TMEM164	19	0.975439	no
TMEM165	19	0.910526	no
TMEM167A	19	0.888109	no
TMEM167B	19	0.950374	no
TMEM168	19	0.931579	no
TMEM169	19	0.886934	no
TMEM17	19	0.956942	no
TMEM170A	19	0.857401	no
TMEM170B	19	0.992976	no
TMEM171	19	0.932976	no
TMEM174	19	0.999138	no
TMEM175	19	0.895130	no
TMEM176A	19	0.921758	no
TMEM176B	19	0.929355	no
TMEM177	19	0.883180	no
TMEM178A	19	0.981116	no
TMEM178B	19	0.936842	no
TMEM179	19	0.848965	no
TMEM179B	19	0.994737	no
TMEM18	19	0.974989	no
TMEM181	19	0.939008	no
TMEM182	19	0.898640	no
TMEM183A	19	0.944274	no
TMEM184A	19	0.940737	no
TMEM184B	19	0.961404	no
TMEM184C	19	0.838596	no
TMEM185A	19	0.784555	no
TMEM185B	19	0.931110	no
TMEM186	19	0.921354	no
TMEM187	19	0.949539	no
TMEM19	19	0.970175	no
TMEM190	19	0.577289	no
TMEM191B	19	0.935485	no
TMEM191C	19	0.860732	no
TMEM192	19	0.933333	no
TMEM196	19	0.671175	no
TMEM198	19	0.950366	no
TMEM199	19	0.962621	no
TMEM200A	19	0.960896	no
TMEM200B	19	0.886540	no
TMEM200C	19	0.904759	no
TMEM201	19	0.769434	no
TMEM202	19	0.359597	no
TMEM203	19	0.954386	no
TMEM204	19	0.848192	no
TMEM205	19	0.968792	no
TMEM207	19	0.823650	no
TMEM208	19	0.974112	no
TMEM209	19	0.926316	no
TMEM210	19	0.645763	no
TMEM212	19	0.707177	no
TMEM213	19	0.838885	no
TMEM214	19	0.726316	no
TMEM215	19	0.894787	no
TMEM216	19	0.967091	no
TMEM217	19	0.880876	no
TMEM217B	13	nan	yes
TMEM218	19	0.959649	no
TMEM219	19	0.987719	no
TMEM220	19	0.898246	no
TMEM221	19	0.866571	no
TMEM222	19	0.934621	no
TMEM223	19	0.905180	no
TMEM225	19	0.862202	no
TMEM225B	19	0.912141	no
TMEM229A	19	0.922830	no
TMEM229B	19	0.981132	no
TMEM230	19	0.980702	no
TMEM231	19	0.908227	no
TMEM232	19	0.984211	no
TMEM233	19	0.870870	no
TMEM234	19	0.969272	no
TMEM235	19	0.833887	no
TMEM236	19	0.966490	no
TMEM237	19	0.970175	no
TMEM238	19	0.968421	no
TMEM238L	19	0.952625	no
TMEM239	16	nan	yes
TMEM240	19	0.930202	no
TMEM241	19	0.774901	no
TMEM242	19	0.883721	no
TMEM243	19	0.994737	no
TMEM244	19	0.826250	no
TMEM245	19	0.985520	no
TMEM247	16	nan	no
TMEM248	19	0.968421	no
TMEM249	19	0.850178	no
TMEM25	19	0.946907	no
TMEM250	19	0.951295	no
TMEM251	19	0.833253	no
TMEM252	19	0.921377	no
TMEM253	19	0.520162	no
TMEM254	19	0.936376	no
TMEM255A	19	0.939804	no
TMEM255B	19	0.908140	no
TMEM256	19	0.978490	no
TMEM258	19	0.975439	no
TMEM259	19	0.859649	no
TMEM26	19	0.908844	no
TMEM260	19	0.973234	no
TMEM262	19	0.833647	no
TMEM263	19	0.932865	no
TMEM265	16	0.829731	no
TMEM266	19	0.949056	no
TMEM267	19	0.942105	no
TMEM268	19	0.975417	no
TMEM269	19	0.783917	no
TMEM270	19	0.519142	no
TMEM271	16	0.945095	no
TMEM272	19	0.839254	no
TMEM273	19	0.959877	no
TMEM275	19	0.798525	no
TMEM30A	19	0.957895	no
TMEM30B	19	0.922670	no
TMEM31	19	0.673073	no
TMEM33	19	0.968846	no
TMEM35A	19	0.778107	no
TMEM35B	19	0.609053	no
TMEM37	19	0.945384	no
TMEM38A	19	0.962703	no
TMEM38B	19	0.932865	no
TMEM39A	19	0.749452	no
TMEM39B	19	0.672815	no
TMEM40	19	0.734824	no
TMEM41A	19	0.897762	no
TMEM41B	19	0.942105	no
TMEM42	19	0.623397	no
TMEM43	19	0.926251	no
TMEM44	19	0.758348	no
TMEM45A	19	0.833699	no
TMEM45B	19	0.966184	no
TMEM47	19	0.947230	no
TMEM50A	19	0.980702	no
TMEM50B	19	0.935088	no
TMEM51	19	0.990342	no
TMEM52	19	0.876524	no
TMEM52B	19	0.940473	no
TMEM53	19	0.947368	no
TMEM54	19	0.870061	no
TMEM59	19	0.952632	no
TMEM59L	19	0.729638	no
TMEM60	19	0.965336	no
TMEM61	19	0.919207	no
TMEM62	19	0.913082	no
TMEM63A	19	0.931988	no
TMEM63B	19	0.878456	no
TMEM63C	19	0.884870	no
TMEM64	19	0.947784	no
TMEM65	19	0.973684	no
TMEM67	19	0.964912	no
TMEM68	19	0.894252	no
TMEM69	19	0.925845	no
TMEM70	19	0.849123	no
TMEM71	19	0.947510	no
TMEM72	19	0.665259	no
TMEM74	19	0.709677	no
TMEM74B	19	0.885848	no
TMEM79	19	0.903424	no
TMEM80	19	0.969590	no
TMEM81	19	0.953666	no
TMEM82	19	0.797635	no
TMEM86A	19	0.898417	no
TMEM86B	19	0.954346	no
TMEM87A	19	0.787719	no
TMEM87B	19	0.877193	no
TMEM88	19	0.815060	no
TMEM88B	19	0.810204	no
TMEM89	19	0.812760	no
TMEM8B	19	0.976744	no
TMEM9	19	0.956140	no
TMEM91	19	0.970070	no
TMEM92	19	0.860751	no
TMEM94	19	0.980255	no
TMEM95	19	nan	yes
TMEM97	19	0.933275	no
TMEM98	19	0.962248	no
TMEM9B	19	0.924090	no
TMF1	19	0.992982	no
TMIE	19	0.896232	no
TMIGD1	19	0.796172	no
TMIGD2	19	0.966719	no
TMIGD3	19	0.971658	no
TMLHE	19	0.971930	no
TMOD1	19	0.951712	no
TMOD2	19	0.951712	no
TMOD3	19	0.994737	no
TMOD4	19	0.929116	no
TMPO	19	0.949123	no
TMPPE	19	nan	no
TMPRSS11A	19	0.527114	no
TMPRSS11B	19	0.305731	no
TMPRSS11D	19	0.392054	no
TMPRSS11E	19	0.580293	no
TMPRSS11F	19	0.723998	no
TMPRSS12	19	0.850255	no
TMPRSS13	19	0.777034	no
TMPRSS15	19	0.852774	no
TMPRSS2	19	0.861731	no
TMPRSS3	19	0.891852	no
TMPRSS4	19	0.864472	no
TMPRSS5	19	0.853345	no
TMPRSS6	19	0.809249	no
TMPRSS7	19	0.934673	no
TMPRSS9	19	0.789289	no
TMSB10	19	0.992982	no
TMSB15A	19	0.760460	no
TMSB15B	16	0.487509	no
TMSB4X	19	0.961404	no
TMSB4Y	19	0.842862	no
TMTC1	19	0.901754	no
TMTC2	19	0.917544	no
TMTC3	19	0.954346	no
TMTC4	19	0.868306	no
TMUB1	19	0.905180	no
TMUB2	19	0.899517	no
TMX1	19	0.919298	no
TMX2	19	0.897652	no
TMX3	19	0.627468	no
TMX4	19	0.962703	no
TNC	19	0.823297	no
TNF	19	0.796073	no
TNFAIP1	19	0.977173	no
TNFAIP2	19	0.946029	no
TNFAIP3	19	0.989474	no
TNFAIP6	19	0.849097	no
TNFAIP8	19	0.957895	no
TNFAIP8L1	19	0.960948	no
TNFAIP8L2	19	0.910341	no
TNFAIP8L3	19	0.939780	no
TNFRSF10A	19	0.956140	no
TNFRSF10B	19	0.726316	no
TNFRSF10C	19	0.900271	no
TNFRSF10D	19	0.772269	no
TNFRSF11A	19	0.786282	no
TNFRSF11B	19	0.678839	no
TNFRSF12A	19	0.936842	no
TNFRSF13B	19	0.971166	no
TNFRSF13C	19	0.839613	no
TNFRSF14	19	0.964881	no
TNFRSF17	19	0.921861	no
TNFRSF18	19	0.921702	no
TNFRSF19	19	0.947693	no
TNFRSF1A	19	0.910048	no
TNFRSF1B	19	0.931928	no
TNFRSF21	19	0.856140	no
TNFRSF25	19	0.923890	no
TNFRSF4	19	0.954649	no
TNFRSF6B	16	0.824479	no
TNFRSF8	19	0.808037	no
TNFRSF9	19	0.934550	no
TNFSF10	19	0.908293	no
TNFSF11	19	0.758499	no
TNFSF12	19	0.991384	no
TNFSF13	19	0.890844	no
TNFSF13B	19	0.992982	no
TNFSF14	19	0.959826	no
TNFSF15	19	0.866691	no
TNFSF18	19	0.912416	no
TNFSF4	19	0.918979	no
TNFSF8	19	0.975268	no
TNFSF9	19	0.894137	no
TNIK	19	0.956140	no
TNIP1	19	0.865292	no
TNIP2	19	0.966667	no
TNIP3	19	0.767409	no
TNK1	19	0.926652	no
TNK2	19	0.984211	no
TNKS	19	0.971930	no
TNKS1BP1	19	0.967969	no
TNKS2	19	0.968421	no
TNMD	19	0.929677	no
TNN	19	0.649315	no
TNNC1	19	0.674913	no
TNNC2	19	0.822341	no
TNNI1	19	0.655811	no
TNNI2	19	0.948164	no
TNNI3	19	0.881548	no
TNNI3K	19	0.794343	no
TNNT1	19	0.867879	no
TNNT2	19	0.856364	no
TNNT3	19	0.750491	no
TNP1	19	0.571158	no
TNP2	19	nan	no
TNPO1	19	0.942105	no
TNPO2	19	0.977173	no
TNPO3	19	0.956140	no
TNR	19	0.971735	no
TNRC18	19	0.989474	no
TNRC6A	19	0.980702	no
TNRC6B	19	0.996491	no
TNRC6C	19	0.982456	no
TNS1	19	0.969724	no
TNS2	19	0.914436	no
TNS3	19	0.935088	no
TNS4	19	0.852534	no
TNXB	19	0.871574	no
TOB1	19	0.984211	no
TOB2	19	0.943860	no
TOE1	19	0.913960	no
TOGARAM1	19	0.992982	no
TOGARAM2	19	0.943736	no
TOLLIP	19	0.936842	no
TOM1	19	0.914035	no
TOM1L1	19	0.975439	no
TOM1L2	19	0.882456	no
TOMM20	19	0.947368	no
TOMM20L	19	0.894436	no
TOMM22	19	0.945614	no
TOMM34	19	0.921457	no
TOMM40	19	0.928477	no
TOMM40L	19	0.944200	no
TOMM5	19	0.977113	no
TOMM6	16	0.783321	no
TOMM7	19	0.977193	no
TOMM70	19	0.903905	no
TONSL	19	0.936653	no
TOP1	19	0.889474	no
TOP1MT	19	0.818780	no
TOP2A	19	0.864438	no
TOP2B	19	0.907018	no
TOP3A	19	0.950287	no
TOP3B	19	0.912281	no
TOPAZ1	19	0.861556	no
TOPBP1	19	0.958736	no
TOPORS	19	0.927621	no
TOR1A	19	0.961370	no
TOR1AIP1	19	0.980702	no
TOR1AIP2	19	0.901754	no
TOR1B	19	0.837209	no
TOR2A	19	0.964912	no
TOR3A	19	0.991228	no
TOR4A	19	0.974044	no
TOX	19	0.866667	no
TOX2	19	0.906333	no
TOX3	19	0.916303	no
TOX4	19	0.941641	no
TP53	19	0.771930	no
TP53AIP1	19	0.694290	no
TP53BP1	19	0.939886	no
TP53BP2	19	0.901754	no
TP53I11	19	0.954386	no
TP53I13	19	0.958232	no
TP53I3	19	0.854386	no
TP53INP1	19	0.970175	no
TP53INP2	19	0.807372	no
TP53RK	19	0.971930	no
TP53TG3	16	nan	yes
TP53TG3B	13	nan	yes
TP53TG3C	16	nan	yes
TP53TG3D	19	0.833199	no
TP53TG3E	13	nan	yes
TP53TG3F	13	nan	yes
TP53TG5	19	0.967926	no
TP63	19	0.877193	no
TP73	19	0.746916	no
TPBG	19	0.860174	no
TPBGL	19	0.771848	no
TPCN1	19	0.864414	no
TPCN2	19	0.989899	no
TPD52	19	0.950417	no
TPD52L1	19	0.850373	no
TPD52L2	19	0.943322	no
TPD52L3	16	nan	no
TPGS1	19	0.984211	no
TPGS2	19	0.943860	no
TPH1	19	0.744278	no
TPH2	19	0.922728	no
TPI1	19	0.940351	no
TPK1	19	0.931579	no
TPM1	19	0.800000	no
TPM2	19	0.697145	no
TPM3	19	0.985965	no
TPM4	19	0.924561	no
TPMT	19	0.961825	no
TPO	19	0.929816	no
TPP1	19	0.982456	no
TPP2	19	0.942105	no
TPPP	19	0.963158	no
TPPP2	19	0.631212	no
TPPP3	19	0.860161	no
TPR	19	0.942105	no
TPRA1	19	0.916081	no
TPRG1	19	0.764370	no
TPRG1L	19	0.950877	no
TPRKB	19	0.973684	no
TPRN	19	0.801229	no
TPRX2	16	nan	yes
TPSAB1	19	0.667761	no
TPSB2	19	0.762942	no
TPSD1	19	0.879592	no
TPSG1	19	0.643320	no
TPST1	19	0.808772	no
TPST2	19	0.952632	no
TPT1	19	0.831944	no
TPTE	19	0.952569	no
TPTE2	19	0.918278	no
TPX2	19	0.647866	no
TRA2A	19	0.987719	no
TRA2B	19	0.931579	no
TRABD	19	0.887719	no
TRABD2A	19	0.904783	no
TRABD2B	19	0.703761	no
TRAC	19	0.924345	no
TRADD	19	0.942105	no
TRAF1	19	0.930989	no
TRAF2	19	0.547211	no
TRAF3	19	0.971930	no
TRAF3IP1	19	0.905263	no
TRAF3IP2	19	0.936842	no
TRAF3IP3	19	0.980255	no
TRAF4	19	0.959649	no
TRAF5	19	0.961404	no
TRAF6	19	0.777534	no
TRAF7	19	0.978947	no
TRAFD1	19	0.918824	no
TRAIP	19	0.919895	no
TRAJ3	16	nan	yes
TRAJ31	16	nan	yes
TRAJ42	16	nan	yes
TRAK1	19	0.952632	no
TRAK2	19	0.771930	no
TRAM1	19	0.924090	no
TRAM1L1	19	0.972734	no
TRAM2	19	0.840351	no
TRANK1	19	0.984211	no
TRAP1	19	0.935088	no
TRAPPC1	19	0.952632	no
TRAPPC10	19	0.975439	no
TRAPPC11	19	0.961404	no
TRAPPC12	19	0.875439	no
TRAPPC13	19	0.812281	no
TRAPPC14	19	0.984211	no
TRAPPC2	19	0.964912	no
TRAPPC2B	19	0.881080	no
TRAPPC2L	19	0.964882	no
TRAPPC3	19	0.980702	no
TRAPPC3L	19	0.587538	no
TRAPPC4	19	0.952632	no
TRAPPC5	19	0.987275	no
TRAPPC6A	19	0.871930	no
TRAPPC6B	19	0.933743	no
TRAPPC8	19	0.994737	no
TRAPPC9	19	0.982456	no
TRARG1	19	0.676044	no
TRAT1	19	0.877091	no
TRAV1-1	19	1.000000	no
TRAV1-2	16	1.000000	no
TRAV10	16	1.000000	no
TRAV12-1	19	1.000000	no
TRAV12-2	19	1.000000	no
TRAV12-3	19	1.000000	no
TRAV13-1	19	0.726483	no
TRAV13-2	19	0.839254	no
TRAV14DV4	19	0.500000	no
TRAV16	19	1.000000	no
TRAV17	19	0.726483	no
TRAV18	16	1.000000	yes
TRAV19	19	1.000000	no
TRAV2	16	1.000000	no
TRAV20	19	1.000000	no
TRAV21	16	1.000000	no
TRAV22	19	1.000000	no
TRAV23DV6	19	1.000000	no
TRAV24	16	0.730297	no
TRAV25	19	1.000000	no
TRAV26-1	19	1.000000	no
TRAV26-2	16	1.000000	no
TRAV27	16	1.000000	yes
TRAV29DV5	19	1.000000	no
TRAV3	19	1.000000	no
TRAV30	19	0.995652	no
TRAV34	16	1.000000	no
TRAV36DV7	19	0.685870	no
TRAV38-1	16	1.000000	no
TRAV38-2DV8	19	0.438272	no
TRAV39	16	0.632924	no
TRAV4	19	0.726483	no
TRAV40	16	1.000000	yes
TRAV41	19	1.000000	yes
TRAV5	19	0.726483	no
TRAV6	19	0.726483	no
TRAV7	16	nan	yes
TRAV8-1	16	1.000000	no
TRAV8-2	19	1.000000	no
TRAV8-3	19	1.000000	no
TRAV8-4	19	1.000000	no
TRAV8-6	19	1.000000	no
TRAV9-1	16	nan	yes
TRAV9-2	19	1.000000	no
TRBC1	19	0.706401	no
TRBC2	19	0.784634	no
TRBD1	16	nan	yes
TRBJ1-1	16	nan	yes
TRBJ1-2	16	nan	yes
TRBJ1-3	16	nan	yes
TRBJ1-4	16	nan	yes
TRBJ1-5	16	nan	yes
TRBJ1-6	16	nan	yes
TRBJ2-1	16	nan	yes
TRBJ2-3	16	nan	yes
TRBJ2-7	16	nan	yes
TRBV10-1	16	nan	yes
TRBV10-2	16	nan	no
TRBV10-3	16	nan	no
TRBV11-1	16	nan	yes
TRBV11-3	16	nan	yes
TRBV12-3	16	nan	yes
TRBV12-4	16	nan	no
TRBV12-5	16	nan	yes
TRBV13	16	nan	no
TRBV14	19	1.000000	no
TRBV16	16	nan	yes
TRBV17	19	nan	yes
TRBV18	19	1.000000	yes
TRBV19	19	1.000000	yes
TRBV2	19	1.000000	no
TRBV20-1	19	1.000000	yes
TRBV23-1	16	1.000000	no
TRBV24-1	16	1.000000	no
TRBV25-1	16	nan	yes
TRBV27	19	1.000000	yes
TRBV28	19	0.396746	no
TRBV29-1	16	1.000000	no
TRBV3-1	19	1.000000	no
TRBV30	16	0.843274	no
TRBV4-1	19	1.000000	no
TRBV4-2	16	nan	no
TRBV5-1	19	1.000000	no
TRBV5-3	16	nan	yes
TRBV5-4	16	1.000000	no
TRBV5-5	16	nan	yes
TRBV5-6	19	1.000000	yes
TRBV5-7	16	nan	yes
TRBV6-1	16	nan	no
TRBV6-2	19	1.000000	no
TRBV6-4	16	nan	yes
TRBV6-5	19	nan	yes
TRBV6-6	16	nan	no
TRBV6-7	16	nan	yes
TRBV6-8	16	nan	yes
TRBV7-1	16	nan	yes
TRBV7-2	16	1.000000	no
TRBV7-3	19	1.000000	yes
TRBV7-4	16	nan	no
TRBV7-6	16	1.000000	yes
TRBV7-7	16	nan	yes
TRBV7-9	19	1.000000	yes
TRBV9	19	1.000000	yes
TRDC	19	0.623273	no
TRDD1	16	nan	yes
TRDJ1	16	nan	yes
TRDMT1	19	0.850877	no
TRDN	19	0.619532	no
TRDV1	19	1.000000	no
TRDV2	16	1.000000	no
TRDV3	16	nan	yes
TREH	19	0.756547	no
TREM1	19	0.909777	no
TREM2	19	0.835466	no
TREML1	19	0.870763	no
TREML2	19	0.997080	no
TREML4	19	0.919256	no
TRERF1	19	0.929825	no
TREX1	16	0.824479	no
TREX2	19	0.868056	no
TRGJ1	16	nan	yes
TRGV1	16	0.752923	no
TRGV10	19	0.726483	no
TRGV11	19	1.000000	no
TRGV2	19	1.000000	no
TRGV3	19	0.870681	no
TRGV4	19	0.820070	no
TRGV5	19	0.774609	no
TRGV8	19	0.879529	no
TRGV9	19	0.665942	no
TRH	19	0.768615	no
TRHDE	19	0.767677	no
TRHR	19	0.975640	no
TRIAP1	19	0.980255	no
TRIB1	19	0.898246	no
TRIB2	19	0.912681	no
TRIB3	19	0.974112	no
TRIL	19	0.887568	no
TRIM10	19	1.000000	no
TRIM11	19	0.935031	no
TRIM13	19	0.921053	no
TRIM14	19	0.975439	no
TRIM15	19	1.000000	no
TRIM16	19	0.967969	no
TRIM17	19	0.923299	no
TRIM2	19	0.811400	no
TRIM21	19	0.967969	no
TRIM22	19	0.956140	no
TRIM23	19	0.880211	no
TRIM24	19	0.892982	no
TRIM25	19	0.921862	no
TRIM26	19	0.946398	no
TRIM27	19	0.941590	no
TRIM28	19	0.980255	no
TRIM29	19	0.472639	no
TRIM3	19	0.975417	no
TRIM31	19	0.517267	no
TRIM32	19	0.936759	no
TRIM33	19	0.900000	no
TRIM34	19	0.903340	no
TRIM35	19	0.949956	no
TRIM36	19	0.710896	no
TRIM37	19	0.909171	no
TRIM38	19	0.947322	no
TRIM39	19	0.875806	no
TRIM4	19	0.880702	no
TRIM40	19	0.726483	no
TRIM41	19	0.970175	no
TRIM42	19	0.651441	no
TRIM43	13	nan	yes
TRIM43B	16	nan	yes
TRIM44	19	0.963158	no
TRIM45	19	0.918349	no
TRIM46	19	0.913946	no
TRIM47	19	0.924561	no
TRIM48	19	nan	yes
TRIM49	19	nan	yes
TRIM49B	19	1.000000	yes
TRIM49C	16	nan	yes
TRIM49D1	16	nan	yes
TRIM49D2	13	nan	yes
TRIM5	19	0.901754	no
TRIM50	19	0.862524	no
TRIM51	19	nan	yes
TRIM51G	16	nan	yes
TRIM52	19	0.946444	no
TRIM54	19	0.710738	no
TRIM55	19	0.952109	no
TRIM56	19	0.866667	no
TRIM58	19	0.907486	no
TRIM59	19	0.737446	no
TRIM6	19	0.889170	no
TRIM60	19	0.960838	no
TRIM61	19	0.824846	no
TRIM62	19	0.973661	no
TRIM63	19	0.831904	no
TRIM64	16	nan	no
TRIM64B	13	nan	yes
TRIM64C	16	nan	yes
TRIM65	19	0.929355	no
TRIM67	19	0.929884	no
TRIM68	19	0.840949	no
TRIM69	19	0.897803	no
TRIM7	19	0.802556	no
TRIM71	19	0.965031	no
TRIM72	19	0.635723	no
TRIM73	19	0.874502	no
TRIM74	16	0.694457	no
TRIM75	16	0.843816	no
TRIM77	19	0.834171	no
TRIM8	19	0.901754	no
TRIM9	19	0.954805	no
TRIML1	19	0.994829	no
TRIML2	19	0.606791	no
TRIO	19	0.880702	no
TRIOBP	19	0.857895	no
TRIP10	19	0.875330	no
TRIP11	19	0.798246	no
TRIP12	19	0.950877	no
TRIP13	19	0.865488	no
TRIP4	19	0.887231	no
TRIP6	19	0.937253	no
TRIQK	19	0.867047	no
TRIR	19	0.950877	no
TRIT1	19	0.980702	no
TRMO	19	0.989474	no
TRMT1	19	0.886354	no
TRMT10A	19	0.916191	no
TRMT10B	19	0.931579	no
TRMT10C	19	0.931110	no
TRMT11	19	0.998246	no
TRMT112	19	0.977193	no
TRMT12	19	0.809127	no
TRMT13	19	0.982010	no
TRMT1L	19	0.878947	no
TRMT2A	19	0.896400	no
TRMT2B	19	0.919298	no
TRMT44	19	0.969272	no
TRMT5	19	0.864794	no
TRMT6	19	0.908772	no
TRMT61A	19	0.978499	no
TRMT61B	19	0.873684	no
TRMT9B	19	0.818488	no
TRMU	19	0.929825	no
TRNAU1AP	19	0.815270	no
TRNP1	19	0.937445	no
TRNT1	19	0.777193	no
TRO	19	0.903147	no
TROAP	19	0.819924	no
TRPA1	19	0.898940	no
TRPC1	19	0.970175	no
TRPC3	19	0.949379	no
TRPC4	19	0.929240	no
TRPC4AP	19	0.907018	no
TRPC5	19	0.955795	no
TRPC5OS	19	0.648970	no
TRPC6	19	0.932865	no
TRPC7	19	0.906666	no
TRPM1	19	0.900992	no
TRPM2	19	0.970472	no
TRPM3	19	0.931988	no
TRPM4	19	0.952590	no
TRPM5	19	0.879949	no
TRPM6	19	0.959240	no
TRPM7	19	0.950877	no
TRPM8	19	0.941950	no
TRPS1	19	0.868421	no
TRPT1	19	0.935909	no
TRPV1	19	0.965760	no
TRPV2	19	0.965669	no
TRPV3	19	0.903756	no
TRPV4	19	0.866239	no
TRPV5	19	0.917040	no
TRPV6	19	0.808443	no
TRRAP	19	0.836842	no
TRUB1	19	0.964912	no
TRUB2	19	0.948662	no
TSACC	19	0.891401	no
TSBP1	19	0.945122	no
TSC1	19	0.970175	no
TSC2	19	0.946907	no
TSC22D1	19	0.949123	no
TSC22D2	19	0.829825	no
TSC22D3	19	0.982456	no
TSC22D4	19	0.964458	no
TSEN15	19	0.908293	no
TSEN2	19	0.961404	no
TSEN34	19	0.916887	no
TSEN54	19	0.996488	no
TSFM	19	0.825343	no
TSG101	19	0.975439	no
TSGA10	19	0.928070	no
TSGA10IP	19	0.928970	no
TSGA13	19	0.732130	no
TSHB	16	0.500000	no
TSHR	19	0.852128	no
TSHZ1	19	0.914035	no
TSHZ2	19	0.907018	no
TSHZ3	19	0.944225	no
TSKS	19	0.947649	no
TSKU	19	0.902558	no
TSLP	19	0.865038	no
TSN	19	0.838596	no
TSNARE1	19	0.940351	no
TSNAX	19	0.957105	no
TSNAXIP1	19	0.877147	no
TSPAN1	19	0.864178	no
TSPAN11	19	0.796100	no
TSPAN12	19	0.923617	no
TSPAN13	19	0.938131	no
TSPAN14	19	0.945614	no
TSPAN15	19	0.832529	no
TSPAN16	19	0.657547	no
TSPAN17	19	0.874945	no
TSPAN18	19	0.945982	no
TSPAN19	19	0.869359	no
TSPAN2	19	0.966520	no
TSPAN3	19	0.961404	no
TSPAN31	19	0.952172	no
TSPAN32	19	0.989410	no
TSPAN33	19	0.966637	no
TSPAN4	19	0.852503	no
TSPAN5	19	0.978947	no
TSPAN6	19	0.936842	no
TSPAN7	19	0.844230	no
TSPAN8	19	0.603434	no
TSPAN9	19	0.921053	no
TSPEAR	19	0.907172	no
TSPO	19	0.982441	no
TSPO2	19	0.539776	no
TSPOAP1	19	0.972783	no
TSPY1	13	nan	yes
TSPY10	16	nan	yes
TSPY2	16	nan	yes
TSPY3	16	nan	yes
TSPY4	16	nan	yes
TSPY8	16	nan	yes
TSPY9	13	nan	yes
TSPYL1	19	0.929825	no
TSPYL2	19	0.907018	no
TSPYL4	19	0.956140	no
TSPYL5	19	0.941177	no
TSPYL6	19	0.742927	no
TSR1	19	0.866667	no
TSR2	19	0.968421	no
TSR3	19	0.933333	no
TSSC4	19	0.988153	no
TSSK1B	16	nan	yes
TSSK2	19	0.541959	no
TSSK3	19	0.961370	no
TSSK4	19	0.443342	no
TSSK6	19	0.945769	no
TST	19	0.833333	no
TSTD1	19	0.986362	no
TSTD2	19	0.891619	no
TSTD3	19	0.950442	no
TTBK1	19	0.928737	no
TTBK2	19	0.969724	no
TTC1	19	0.954386	no
TTC12	19	0.921053	no
TTC13	19	0.933333	no
TTC14	19	0.935088	no
TTC16	19	0.966621	no
TTC17	19	0.936842	no
TTC19	19	0.931519	no
TTC21A	19	0.919702	no
TTC21B	19	0.889474	no
TTC22	19	0.834072	no
TTC23	19	0.987719	no
TTC23L	19	0.977564	no
TTC24	19	0.825423	no
TTC26	19	0.870175	no
TTC27	19	0.917544	no
TTC28	19	0.950877	no
TTC29	19	0.913657	no
TTC3	19	0.902150	no
TTC30A	19	0.960914	no
TTC30B	19	0.920000	no
TTC31	19	0.833187	no
TTC32	19	0.784555	no
TTC33	19	0.914035	no
TTC34	19	0.925395	no
TTC36	19	0.843874	no
TTC38	19	0.924561	no
TTC39A	19	0.989457	no
TTC39B	19	0.850877	no
TTC39C	19	0.949123	no
TTC4	19	0.936949	no
TTC5	19	0.947368	no
TTC6	19	0.915569	no
TTC7A	19	0.928070	no
TTC7B	19	0.863916	no
TTC8	19	0.905263	no
TTC9	19	0.743309	no
TTC9B	19	0.805289	no
TTC9C	19	0.823090	no
TTF1	19	0.924090	no
TTF2	19	0.953468	no
TTI1	19	0.948662	no
TTI2	19	0.890255	no
TTK	19	0.852228	no
TTL	19	0.907018	no
TTLL1	19	0.964912	no
TTLL10	19	0.873488	no
TTLL11	19	0.975417	no
TTLL12	19	0.812281	no
TTLL13	19	0.874862	no
TTLL2	19	0.874318	no
TTLL3	19	0.941641	no
TTLL4	19	0.940351	no
TTLL5	19	0.975439	no
TTLL6	19	0.985375	no
TTLL7	19	0.973639	no
TTLL9	19	0.976285	no
TTN	19	0.864414	no
TTPA	19	0.828119	no
TTPAL	19	0.940712	no
TTR	19	0.646991	no
TTYH1	19	0.891888	no
TTYH2	19	0.946029	no
TTYH3	19	0.971930	no
TUB	19	0.964458	no
TUBA1A	19	0.931579	no
TUBA1B	19	0.964912	no
TUBA1C	19	0.929825	no
TUBA3C	19	0.366234	no
TUBA3D	19	0.747769	no
TUBA3E	19	0.582064	no
TUBA4A	19	0.980255	no
TUBA4B	19	0.951586	no
TUBA8	19	0.941696	no
TUBAL3	19	0.769033	no
TUBB	19	0.857521	no
TUBB1	19	0.908567	no
TUBB2A	19	0.966667	no
TUBB2B	19	0.879074	no
TUBB3	19	0.759509	no
TUBB4A	19	0.954683	no
TUBB4B	19	0.910526	no
TUBB6	19	0.891085	no
TUBB8	19	0.946859	no
TUBB8B	19	0.911463	no
TUBD1	19	0.965336	no
TUBE1	19	0.935088	no
TUBG1	19	0.978051	no
TUBG2	19	0.996491	no
TUBGCP2	19	0.872256	no
TUBGCP3	19	0.977193	no
TUBGCP4	19	0.981563	no
TUBGCP5	19	0.920984	no
TUBGCP6	19	0.920106	no
TUFM	19	0.977193	no
TUFT1	19	0.877193	no
TUG1	19	0.916335	no
TULP1	19	0.530869	no
TULP2	19	0.987698	no
TULP3	19	0.973684	no
TULP4	19	0.933333	no
TUNAR	19	0.756091	no
TUSC1	19	0.966637	no
TUSC2	19	0.942105	no
TUSC3	19	0.977193	no
TUT1	19	0.935199	no
TUT4	19	0.943860	no
TUT7	19	0.941641	no
TVP23A	19	0.939394	no
TVP23B	19	0.803509	no
TVP23C	19	0.912421	no
TWF1	19	0.910526	no
TWF2	19	0.966094	no
TWIST1	19	0.717463	no
TWIST2	19	0.808018	no
TWNK	19	0.932397	no
TWSG1	19	0.874945	no
TXK	19	0.927536	no
TXLNA	19	0.896491	no
TXLNB	19	0.971379	no
TXLNG	19	0.949123	no
TXN	19	0.977193	no
TXN2	19	0.970175	no
TXNDC11	19	0.973234	no
TXNDC12	19	0.978929	no
TXNDC15	19	0.966638	no
TXNDC16	19	0.628070	no
TXNDC17	19	0.961404	no
TXNDC2	19	0.945629	no
TXNDC5	19	0.953647	no
TXNDC8	19	0.873686	no
TXNDC9	19	0.963158	no
TXNIP	19	0.954386	no
TXNL1	19	0.868421	no
TXNL4A	19	0.970175	no
TXNL4B	19	0.941641	no
TXNRD1	19	0.961404	no
TXNRD2	19	0.936376	no
TXNRD3	19	0.985965	no
TYK2	19	0.977622	no
TYMP	19	0.880702	no
TYMS	19	0.675011	no
TYR	19	0.614431	no
TYRO3	19	0.886885	no
TYROBP	19	0.970575	no
TYRP1	19	0.723785	no
TYSND1	19	0.908772	no
TYW1	19	0.977193	no
TYW1B	19	0.922807	no
TYW3	19	0.957895	no
TYW5	19	0.943811	no
U2AF1	19	0.964458	no
U2AF1L4	19	0.963028	no
U2AF2	19	0.935088	no
U2SURP	19	0.780702	no
UACA	19	0.771930	no
UAP1	19	0.946029	no
UAP1L1	19	0.909731	no
UBA1	19	0.913559	no
UBA2	19	0.822807	no
UBA3	19	0.964912	no
UBA5	19	0.907018	no
UBA52	19	0.949123	no
UBA6	19	0.912281	no
UBA7	19	0.937665	no
UBAC1	19	0.977193	no
UBAC2	19	0.963158	no
UBALD1	19	0.854386	no
UBALD2	19	0.997806	no
UBAP1	19	0.899517	no
UBAP1L	19	0.925780	no
UBAP2	19	0.787719	no
UBAP2L	19	0.871930	no
UBASH3A	19	0.912048	no
UBASH3B	19	0.846863	no
UBB	19	0.938596	no
UBC	19	0.896491	no
UBD	16	0.463253	no
UBE2A	19	0.966667	no
UBE2B	19	0.975439	no
UBE2C	19	0.803834	no
UBE2D1	19	0.961404	no
UBE2D2	19	0.910526	no
UBE2D3	19	0.959649	no
UBE2D4	19	0.940351	no
UBE2E1	19	0.933333	no
UBE2E2	19	0.935088	no
UBE2E3	19	0.915314	no
UBE2F	19	0.932806	no
UBE2G1	19	0.952632	no
UBE2G2	19	0.915789	no
UBE2H	19	0.961404	no
UBE2I	19	0.942105	no
UBE2J1	19	0.947784	no
UBE2J2	19	0.928007	no
UBE2K	19	0.971930	no
UBE2L3	19	0.964912	no
UBE2L5	19	0.969460	no
UBE2L6	19	0.980702	no
UBE2M	19	0.952172	no
UBE2N	19	0.898246	no
UBE2O	19	0.948662	no
UBE2Q1	19	0.952632	no
UBE2Q2	19	0.864414	no
UBE2QL1	19	0.961998	no
UBE2R2	19	0.963158	no
UBE2S	19	0.937665	no
UBE2T	19	0.947784	no
UBE2U	19	0.928255	no
UBE2V1	19	0.906209	no
UBE2V2	19	0.928070	no
UBE2W	19	0.943392	no
UBE2Z	19	0.870175	no
UBE3A	19	0.889474	no
UBE3B	19	0.901754	no
UBE3C	19	0.861404	no
UBE3D	19	0.984211	no
UBE4A	19	0.933333	no
UBE4B	19	0.875439	no
UBFD1	19	0.914035	no
UBIAD1	19	0.880702	no
UBL3	19	0.945614	no
UBL4A	19	0.961809	no
UBL4B	19	0.609704	no
UBL5	19	0.985965	no
UBL7	19	0.922334	no
UBLCP1	19	0.898640	no
UBN1	19	0.949956	no
UBN2	19	0.947322	no
UBOX5	19	0.913483	no
UBP1	19	0.839842	no
UBQLN1	19	0.936842	no
UBQLN2	19	0.949123	no
UBQLN3	16	nan	yes
UBQLN4	19	0.883721	no
UBQLNL	19	nan	yes
UBR1	19	0.888109	no
UBR2	19	0.942105	no
UBR3	19	0.929825	no
UBR4	19	0.943860	no
UBR5	19	0.861404	no
UBR7	19	0.970476	no
UBTD1	19	0.938596	no
UBTD2	19	0.562527	no
UBTF	19	0.896491	no
UBTFL1	16	nan	yes
UBXN1	19	0.978947	no
UBXN10	19	0.787319	no
UBXN11	19	0.954805	no
UBXN2A	19	0.819298	no
UBXN2B	19	0.985965	no
UBXN4	19	0.919298	no
UBXN6	19	0.966667	no
UBXN7	19	0.924561	no
UBXN8	19	0.826965	no
UCHL1	19	0.926251	no
UCHL3	19	0.973234	no
UCHL5	19	0.860904	no
UCK1	19	0.955224	no
UCK2	19	0.881966	no
UCKL1	19	0.940764	no
UCMA	19	0.802649	no
UCN	19	0.888988	no
UCN2	19	0.894168	no
UCN3	19	0.894896	no
UCP1	19	0.867446	no
UCP2	19	0.984642	no
UCP3	19	0.936977	no
UEVLD	19	0.901754	no
UFC1	19	0.878947	no
UFD1	19	0.877578	no
UFL1	19	0.833333	no
UFM1	19	0.952632	no
UFSP1	19	0.913618	no
UFSP2	19	0.905263	no
UGCG	19	0.912281	no
UGDH	19	0.973684	no
UGGT1	19	0.922334	no
UGGT2	19	0.956140	no
UGP2	19	0.989474	no
UGT1A1	16	1.000000	yes
UGT1A10	16	0.998416	no
UGT1A3	13	nan	yes
UGT1A4	16	1.000000	yes
UGT1A5	13	nan	yes
UGT1A6	19	1.000000	no
UGT1A7	19	nan	no
UGT1A8	16	0.731976	no
UGT1A9	16	1.000000	yes
UGT2A1	19	0.686833	no
UGT2A2	16	nan	yes
UGT2A3	19	0.806635	no
UGT2B10	19	1.000000	yes
UGT2B11	19	0.826297	no
UGT2B15	19	0.750432	no
UGT2B17	19	0.921073	no
UGT2B28	19	0.726483	no
UGT2B4	19	0.837198	no
UGT2B7	19	0.854256	no
UGT3A1	19	0.755322	no
UGT3A2	19	0.919998	no
UGT8	19	0.949362	no
UHMK1	19	0.892982	no
UHRF1	19	0.843819	no
UHRF2	19	0.914035	no
UIMC1	19	0.957895	no
ULBP1	19	0.507817	no
ULBP2	19	0.891110	no
ULBP3	19	0.922139	no
ULK1	19	0.992541	no
ULK2	19	0.947761	no
ULK3	19	0.934153	no
ULK4	19	0.982456	no
UMAD1	19	0.928415	no
UMOD	19	0.709355	no
UMODL1	19	0.873511	no
UMPS	19	0.952632	no
UNC119	19	0.969250	no
UNC119B	19	0.938543	no
UNC13A	19	0.776652	no
UNC13B	19	0.936842	no
UNC13C	19	0.858271	no
UNC13D	19	0.912281	no
UNC45A	19	0.883721	no
UNC45B	19	0.859017	no
UNC50	19	0.924561	no
UNC5A	19	0.679793	no
UNC5B	19	0.817583	no
UNC5C	19	0.949956	no
UNC5CL	19	0.985507	no
UNC5D	19	0.911651	no
UNC79	19	0.899756	no
UNC80	19	0.824693	no
UNC93A	19	0.866547	no
UNC93B1	19	0.917435	no
UNCX	19	0.511163	no
UNG	19	0.924967	no
UNK	19	0.959649	no
UNKL	19	0.947368	no
UPB1	19	0.924934	no
UPF1	19	0.719614	no
UPF2	19	0.971930	no
UPF3A	19	0.982456	no
UPF3B	19	0.949539	no
UPK1A	19	0.479111	no
UPK1B	19	0.649406	no
UPK2	19	0.858462	no
UPK3A	19	0.717647	no
UPK3B	19	0.636275	no
UPK3BL1	16	nan	yes
UPK3BL2	13	nan	yes
UPP1	19	0.908772	no
UPP2	19	0.885476	no
UPRT	19	0.921862	no
UQCC1	19	0.980702	no
UQCC2	19	0.956140	no
UQCC3	19	0.949123	no
UQCR10	19	0.977193	no
UQCR11	19	0.950877	no
UQCRB	19	0.949123	no
UQCRC1	19	0.964004	no
UQCRC2	19	0.935088	no
UQCRFS1	19	0.917544	no
UQCRH	19	0.950877	no
UQCRHL	19	0.794196	no
UQCRQ	19	0.986398	no
URAD	19	0.670541	no
URB1	19	0.971027	no
URB2	19	0.821413	no
URGCP	19	0.982456	no
URI1	19	0.963158	no
URM1	19	0.895130	no
UROC1	19	0.898642	no
UROD	19	0.938596	no
UROS	19	0.819298	no
USB1	19	0.958736	no
USE1	19	0.967969	no
USF1	19	0.970575	no
USF2	19	0.949123	no
USF3	19	0.962703	no
USH1C	19	0.929535	no
USH1G	19	0.725443	no
USH2A	19	0.977153	no
USHBP1	19	0.865437	no
USO1	19	0.619298	no
USP1	19	0.917544	no
USP10	19	0.861404	no
USP11	19	0.910526	no
USP12	19	0.763158	no
USP13	19	0.983311	no
USP14	19	0.659649	no
USP15	19	0.973684	no
USP16	19	0.943810	no
USP17L1	19	1.000000	yes
USP17L10	16	nan	yes
USP17L11	16	nan	yes
USP17L12	13	nan	yes
USP17L13	13	nan	yes
USP17L15	13	nan	yes
USP17L17	13	nan	yes
USP17L18	13	nan	yes
USP17L19	13	nan	yes
USP17L2	19	0.726483	no
USP17L20	13	nan	yes
USP17L21	13	nan	yes
USP17L22	13	nan	yes
USP17L23	13	nan	yes
USP17L24	13	nan	yes
USP17L25	13	nan	yes
USP17L26	13	nan	yes
USP17L27	13	nan	yes
USP17L28	13	nan	yes
USP17L29	13	nan	yes
USP17L3	13	nan	yes
USP17L30	13	nan	yes
USP17L4	16	1.000000	yes
USP17L5	13	nan	yes
USP17L7	19	1.000000	yes
USP17L8	13	nan	yes
USP18	19	0.926186	no
USP19	19	0.947368	no
USP2	19	0.959649	no
USP20	19	0.975417	no
USP21	19	0.803611	no
USP22	19	0.785965	no
USP24	19	0.968421	no
USP25	19	0.952172	no
USP26	19	0.868901	no
USP27X	19	0.943347	no
USP28	19	0.959649	no
USP29	19	0.919682	no
USP3	19	0.970601	no
USP30	19	0.884599	no
USP31	19	0.982456	no
USP32	19	0.954386	no
USP33	19	0.926316	no
USP34	19	0.980702	no
USP35	19	0.839192	no
USP36	19	0.717544	no
USP37	19	0.798246	no
USP38	19	0.930202	no
USP39	19	0.874945	no
USP4	19	0.971930	no
USP40	19	0.984211	no
USP42	19	0.964912	no
USP43	19	0.934592	no
USP44	19	0.925845	no
USP45	19	0.921053	no
USP46	19	0.898246	no
USP47	19	0.938131	no
USP48	19	0.966667	no
USP49	19	0.892511	no
USP5	19	0.910848	no
USP50	19	0.890255	no
USP51	19	0.778217	no
USP53	19	0.726316	no
USP54	19	0.963158	no
USP6	19	0.977964	no
USP6NL	19	0.924561	no
USP7	19	0.952172	no
USP8	19	0.912281	no
USP9X	19	0.935088	no
USP9Y	19	0.985915	no
USPL1	19	0.950417	no
UST	19	0.942105	no
UTF1	19	0.911376	no
UTP11	19	0.978947	no
UTP14A	19	0.853883	no
UTP14C	16	0.784083	no
UTP15	19	0.924090	no
UTP18	19	0.936376	no
UTP20	19	0.924090	no
UTP23	19	0.894252	no
UTP25	19	0.975417	no
UTP3	19	0.914838	no
UTP4	19	0.885965	no
UTP6	19	0.846863	no
UTRN	19	0.931579	no
UTS2	19	0.625119	no
UTS2B	19	0.844906	no
UTS2R	19	0.751645	no
UTY	19	0.977113	no
UVRAG	19	0.973684	no
UVSSA	19	0.989474	no
UXS1	19	0.922807	no
UXT	19	0.964458	no
VAC14	19	0.982456	no
VAMP1	19	0.985520	no
VAMP2	19	0.945839	no
VAMP3	19	0.987719	no
VAMP4	19	0.631579	no
VAMP5	19	0.980702	no
VAMP7	19	0.911013	no
VAMP8	19	0.970601	no
VANGL1	19	0.974539	no
VANGL2	19	0.858285	no
VAPA	19	0.968421	no
VAPB	19	0.845985	no
VARS1	19	0.948200	no
VARS2	19	0.892131	no
VASH1	19	0.942394	no
VASH2	19	0.750224	no
VASN	19	0.820450	no
VASP	19	0.977193	no
VAT1	19	0.885965	no
VAT1L	19	0.945982	no
VAV1	19	0.969644	no
VAV2	19	0.957895	no
VAV3	19	0.980702	no
VAX1	19	0.997076	no
VAX2	19	0.788929	no
VBP1	19	0.980255	no
VCAM1	19	0.817942	no
VCAN	19	0.786655	no
VCL	19	0.890742	no
VCP	19	0.950877	no
VCPIP1	19	0.910526	no
VCPKMT	19	0.939860	no
VCX	19	0.694553	no
VCX2	16	1.000000	yes
VCX3A	19	0.792118	no
VCX3B	19	0.959908	no
VCY	16	nan	yes
VCY1B	13	nan	yes
VDAC1	19	0.977193	no
VDAC2	19	0.959649	no
VDAC3	19	0.977193	no
VDR	19	0.973684	no
VEGFA	19	0.860026	no
VEGFB	19	0.928070	no
VEGFC	19	0.862738	no
VEGFD	19	0.990777	no
VENTX	19	0.885096	no
VEPH1	19	0.913885	no
VEZF1	19	0.961404	no
VEZT	19	0.956140	no
VGF	19	0.896657	no
VGLL1	19	0.662151	no
VGLL2	19	0.726483	no
VGLL3	19	0.839065	no
VGLL4	19	0.905263	no
VHL	19	0.977193	no
VHLL	19	1.000000	no
VIL1	19	0.795166	no
VILL	19	0.906456	no
VIM	19	0.987719	no
VIP	19	0.886064	no
VIPAS39	19	0.919298	no
VIPR1	19	0.794906	no
VIPR2	19	0.909454	no
VIRMA	19	0.917544	no
VIT	19	0.677629	no
VKORC1	19	0.926840	no
VKORC1L1	19	0.920579	no
VLDLR	19	0.945151	no
VMA21	19	0.961370	no
VMAC	19	0.836429	no
VMO1	19	0.842900	no
VMP1	19	0.943860	no
VN1R1	19	nan	yes
VN1R2	19	-0.101728	no
VN1R4	16	nan	yes
VNN1	19	0.989413	no
VNN2	19	0.969941	no
VOPP1	19	0.963158	no
VPREB1	16	1.000000	no
VPREB3	19	0.767594	no
VPS13A	19	0.724561	no
VPS13B	19	0.980702	no
VPS13C	19	0.940351	no
VPS13D	19	0.949123	no
VPS16	19	0.943860	no
VPS18	19	0.935088	no
VPS25	19	0.924967	no
VPS26A	19	0.892982	no
VPS26B	19	0.922807	no
VPS26C	19	0.950877	no
VPS28	19	0.970601	no
VPS29	19	0.980702	no
VPS33A	19	0.929075	no
VPS33B	19	0.882270	no
VPS35	19	0.965336	no
VPS35L	19	0.933743	no
VPS36	19	0.789474	no
VPS37A	19	0.946005	no
VPS37B	19	0.990786	no
VPS37C	19	0.982456	no
VPS37D	19	0.934448	no
VPS39	19	0.903509	no
VPS41	19	0.862659	no
VPS45	19	0.982456	no
VPS4A	19	0.732222	no
VPS4B	19	0.935088	no
VPS50	19	0.882456	no
VPS51	19	0.840351	no
VPS52	19	0.843243	no
VPS53	19	0.847979	no
VPS54	19	0.970175	no
VPS72	19	0.943396	no
VPS8	19	0.982456	no
VPS9D1	19	0.894737	no
VRK1	19	0.952632	no
VRK2	19	0.922807	no
VRK3	19	0.980702	no
VRTN	19	0.807566	no
VSIG1	19	0.899220	no
VSIG10	19	0.929825	no
VSIG10L	19	0.606783	no
VSIG10L2	19	0.915806	no
VSIG2	19	0.722716	no
VSIG4	19	0.971278	no
VSIG8	19	0.739375	no
VSIR	19	0.987275	no
VSNL1	19	0.869184	no
VSTM1	19	0.832308	no
VSTM2A	19	0.827805	no
VSTM2B	19	0.750542	no
VSTM2L	19	0.950791	no
VSTM4	19	0.943761	no
VSTM5	19	0.956507	no
VSX1	19	0.855374	no
VSX2	19	0.732499	no
VTA1	19	0.935088	no
VTCN1	19	0.740909	no
VTI1A	19	0.970175	no
VTI1B	19	0.957895	no
VTN	19	0.896527	no
VWA1	19	0.940662	no
VWA2	19	0.867546	no
VWA3A	19	0.891106	no
VWA3B	19	0.883803	no
VWA5A	19	0.884211	no
VWA5B1	19	0.979891	no
VWA5B2	19	0.926530	no
VWA7	19	0.920850	no
VWA8	19	0.964912	no
VWC2	19	0.921041	no
VWC2L	19	0.976560	no
VWCE	19	0.959543	no
VWDE	19	0.885606	no
VWF	19	0.531749	no
VXN	19	0.885233	no
WAC	19	0.957895	no
WAPL	19	0.952590	no
WARS1	19	0.903509	no
WARS2	19	0.929825	no
WAS	19	0.994283	no
WASF1	19	0.970175	no
WASF2	19	0.991228	no
WASF3	19	0.980685	no
WASHC1	19	0.811594	no
WASHC2A	19	0.963126	no
WASHC2C	19	0.910526	no
WASHC3	19	0.943860	no
WASHC4	19	0.980702	no
WASHC5	19	0.980702	no
WASL	19	0.901754	no
WBP1	19	0.929137	no
WBP11	19	0.971930	no
WBP1L	19	0.936842	no
WBP2	19	0.970175	no
WBP2NL	19	0.971479	no
WBP4	19	0.903509	no
WDCP	19	0.930611	no
WDFY1	19	0.899164	no
WDFY2	19	0.975439	no
WDFY3	19	0.982456	no
WDFY4	19	0.939394	no
WDHD1	19	0.721686	no
WDPCP	19	0.910526	no
WDR1	19	0.985965	no
WDR11	19	0.885965	no
WDR12	19	0.923617	no
WDR13	19	0.955682	no
WDR17	19	0.966156	no
WDR18	19	0.950877	no
WDR19	19	0.959649	no
WDR20	19	0.954805	no
WDR24	19	0.941590	no
WDR25	19	0.875439	no
WDR26	19	0.964912	no
WDR27	19	0.906608	no
WDR3	19	0.964458	no
WDR31	19	0.992541	no
WDR33	19	0.875439	no
WDR35	19	0.966667	no
WDR37	19	0.954386	no
WDR38	19	0.828128	no
WDR4	19	0.938131	no
WDR41	19	0.807018	no
WDR43	19	0.801754	no
WDR44	19	0.913559	no
WDR45	19	0.687144	no
WDR45B	19	0.957895	no
WDR46	19	0.885865	no
WDR47	19	0.994737	no
WDR48	19	0.945614	no
WDR49	19	0.890255	no
WDR5	19	0.953927	no
WDR53	19	0.969724	no
WDR54	19	0.974528	no
WDR55	19	0.974112	no
WDR59	19	0.968421	no
WDR5B	19	0.922705	no
WDR6	19	0.879333	no
WDR62	19	0.890598	no
WDR64	19	0.887517	no
WDR7	19	0.905263	no
WDR70	19	0.736842	no
WDR72	19	0.787040	no
WDR73	19	0.954386	no
WDR74	19	0.883721	no
WDR75	19	0.859649	no
WDR76	19	0.905180	no
WDR77	19	0.955643	no
WDR81	19	0.984197	no
WDR82	19	0.915789	no
WDR83	19	0.945151	no
WDR83OS	19	0.856927	no
WDR86	19	0.911419	no
WDR87	19	0.947935	no
WDR88	19	0.850242	no
WDR89	19	0.945566	no
WDR90	19	0.904302	no
WDR91	19	0.889816	no
WDR93	19	0.927504	no
WDR97	19	0.904657	no
WDSUB1	19	0.989474	no
WDTC1	19	0.977193	no
WEE1	19	0.961404	no
WEE2	19	0.957578	no
WFDC1	19	0.921205	no
WFDC10A	16	0.500000	no
WFDC10B	19	0.943688	no
WFDC11	19	0.804634	no
WFDC12	19	0.532154	no
WFDC13	19	0.916832	no
WFDC2	19	0.696265	no
WFDC3	19	0.891334	no
WFDC5	19	0.715691	no
WFDC6	19	1.000000	yes
WFDC8	19	0.386818	no
WFDC9	19	0.809328	no
WFIKKN1	19	0.953208	no
WFIKKN2	19	0.636595	no
WFS1	19	0.970175	no
WHAMM	19	0.959193	no
WHRN	19	0.820896	no
WIF1	19	0.714268	no
WIPF1	19	0.985965	no
WIPF2	19	0.966667	no
WIPF3	19	0.970601	no
WIPI1	19	0.892982	no
WIPI2	19	0.950877	no
WIZ	19	0.707949	no
WLS	19	0.822807	no
WNK1	19	0.964912	no
WNK2	19	0.952550	no
WNK3	19	0.940660	no
WNK4	19	0.897565	no
WNT1	16	0.980394	no
WNT10A	19	0.894904	no
WNT10B	19	0.762801	no
WNT11	19	0.647770	no
WNT16	19	0.919613	no
WNT2	19	0.767372	no
WNT2B	19	0.884987	no
WNT3	19	0.951442	no
WNT3A	19	0.942613	no
WNT4	19	0.676105	no
WNT5A	19	0.664616	no
WNT5B	19	0.718736	no
WNT6	19	0.778078	no
WNT7A	19	0.935310	no
WNT7B	19	0.701868	no
WNT8A	19	0.821888	no
WNT8B	19	0.713379	no
WNT9A	19	0.890557	no
WNT9B	19	0.902132	no
WRAP53	19	0.874616	no
WRAP73	19	0.961825	no
WRN	19	0.900000	no
WRNIP1	19	0.717544	no
WSB1	19	0.980702	no
WSB2	19	0.892982	no
WSCD1	19	0.923755	no
WSCD2	19	0.877425	no
WT1	19	0.832693	no
WTAP	19	0.921053	no
WTIP	19	0.945542	no
WWC1	19	0.928070	no
WWC2	19	0.980702	no
WWC3	19	0.929825	no
WWOX	19	0.946907	no
WWP1	19	0.973684	no
WWP2	19	0.898246	no
WWTR1	19	0.917544	no
XAB2	19	0.943811	no
XAF1	19	0.915716	no
XAGE1A	16	1.000000	no
XAGE1B	19	0.998456	no
XAGE2	19	1.000000	no
XAGE3	19	1.000000	no
XAGE5	19	1.000000	yes
XBP1	19	0.877193	no
XCL1	19	0.801172	no
XCL2	19	0.735146	no
XCR1	19	0.966781	no
XDH	19	0.784050	no
XG	19	0.887182	no
XIAP	19	0.942519	no
XIRP1	19	0.863230	no
XIRP2	19	0.891744	no
XK	19	0.992911	no
XKR3	19	0.801144	no
XKR4	19	0.789104	no
XKR5	19	0.763461	no
XKR6	19	0.938596	no
XKR7	19	0.928348	no
XKR8	19	0.921250	no
XKR9	19	0.868453	no
XKRX	19	0.937259	no
XNDC1N	19	0.880335	no
XPA	19	0.928070	no
XPC	19	0.926316	no
XPNPEP1	19	0.932865	no
XPNPEP2	19	0.925601	no
XPNPEP3	19	0.952632	no
XPO1	19	0.968394	no
XPO4	19	0.950877	no
XPO5	19	0.974989	no
XPO6	19	0.970175	no
XPO7	19	0.919298	no
XPOT	19	0.936842	no
XPR1	19	0.902150	no
XRCC1	19	0.968393	no
XRCC2	19	0.672097	no
XRCC3	19	0.866169	no
XRCC4	19	0.940351	no
XRCC5	19	0.903509	no
XRCC6	19	0.917069	no
XRN1	19	0.954386	no
XRN2	19	0.978499	no
XRRA1	19	0.970175	no
XXYLT1	19	0.731579	no
XYLB	19	0.939886	no
XYLT1	19	0.930645	no
XYLT2	19	0.934621	no
YAE1	19	0.960948	no
YAF2	19	0.971930	no
YAP1	19	0.957895	no
YARS1	19	0.867925	no
YARS2	19	0.857895	no
YBEY	19	0.961404	no
YBX1	19	0.970175	no
YBX2	19	0.939131	no
YBX3	19	0.919298	no
YDJC	19	0.974989	no
YEATS2	19	0.942493	no
YEATS4	19	0.952632	no
YES1	19	0.972783	no
YIF1A	19	0.942105	no
YIF1B	19	0.932865	no
YIPF1	19	0.923212	no
YIPF2	19	0.940299	no
YIPF3	19	0.985965	no
YIPF4	19	0.918824	no
YIPF5	19	0.906538	no
YIPF6	19	0.943860	no
YIPF7	19	0.970964	no
YJEFN3	19	0.718944	no
YJU2	19	0.956560	no
YJU2B	19	0.896491	no
YKT6	19	0.952969	no
YLPM1	19	0.931110	no
YME1L1	19	0.978947	no
YOD1	19	0.977193	no
YPEL1	19	0.930233	no
YPEL2	19	0.957895	no
YPEL3	19	0.984211	no
YPEL4	19	0.939190	no
YPEL5	19	0.973684	no
YRDC	19	0.975439	no
YTHDC1	19	0.975439	no
YTHDC2	19	0.942519	no
YTHDF1	19	0.908772	no
YTHDF2	19	0.950877	no
YTHDF3	19	0.903509	no
YWHAB	19	0.950877	no
YWHAE	19	0.940351	no
YWHAG	19	0.892982	no
YWHAH	19	0.852632	no
YWHAQ	19	0.949123	no
YWHAZ	19	0.994737	no
YY1	19	0.976744	no
YY1AP1	19	0.938596	no
YY2	19	nan	yes
ZACN	19	0.890569	no
ZAN	19	0.924346	no
ZAP70	19	0.952256	no
ZAR1	19	0.904967	no
ZAR1L	19	0.951096	no
ZBBX	19	0.901961	no
ZBED1	19	0.832833	no
ZBED2	19	0.849304	no
ZBED3	19	0.885965	no
ZBED4	19	0.905263	no
ZBED5	19	0.731579	no
ZBED6	16	0.782073	no
ZBED8	19	0.989474	no
ZBED9	19	0.921038	no
ZBP1	19	0.965303	no
ZBTB1	19	0.957895	no
ZBTB10	19	0.857895	no
ZBTB11	19	0.991228	no
ZBTB12	19	0.976570	no
ZBTB14	19	0.889377	no
ZBTB16	19	0.949123	no
ZBTB17	19	0.894737	no
ZBTB18	19	0.928070	no
ZBTB2	19	0.940351	no
ZBTB20	19	0.929825	no
ZBTB21	19	0.978051	no
ZBTB22	19	0.927127	no
ZBTB24	19	0.918824	no
ZBTB25	19	0.915314	no
ZBTB26	19	0.943811	no
ZBTB3	19	0.669165	no
ZBTB32	19	0.964820	no
ZBTB33	19	0.864414	no
ZBTB37	19	0.978499	no
ZBTB38	19	0.912281	no
ZBTB39	19	0.721416	no
ZBTB4	19	0.958633	no
ZBTB40	19	0.836699	no
ZBTB41	19	0.940351	no
ZBTB42	19	0.929926	no
ZBTB43	19	0.952172	no
ZBTB44	19	0.961404	no
ZBTB45	19	0.907814	no
ZBTB46	19	0.907018	no
ZBTB47	19	0.870175	no
ZBTB48	19	0.927600	no
ZBTB49	19	0.967062	no
ZBTB5	19	0.661545	no
ZBTB6	19	0.887231	no
ZBTB7A	19	0.983765	no
ZBTB7B	19	0.985953	no
ZBTB7C	19	0.901273	no
ZBTB8A	19	0.898640	no
ZBTB8B	19	nan	no
ZBTB8OS	19	0.935088	no
ZBTB9	19	1.000000	no
ZC2HC1A	19	0.978947	no
ZC2HC1B	16	0.895562	no
ZC2HC1C	19	0.891228	no
ZC3H10	19	0.625485	no
ZC3H11A	19	0.862972	no
ZC3H11B	19	0.731832	no
ZC3H12A	19	0.959649	no
ZC3H12B	19	0.971930	no
ZC3H12C	19	0.935088	no
ZC3H12D	19	0.869947	no
ZC3H13	19	0.912281	no
ZC3H14	19	0.970175	no
ZC3H15	19	0.814035	no
ZC3H18	19	0.990786	no
ZC3H3	19	0.888986	no
ZC3H4	19	0.932865	no
ZC3H6	19	0.883721	no
ZC3H7A	19	0.939886	no
ZC3H7B	19	0.936376	no
ZC3H8	19	0.891228	no
ZC3HAV1	19	0.984211	no
ZC3HAV1L	19	0.936264	no
ZC3HC1	19	0.984211	no
ZC4H2	19	0.892982	no
ZCCHC10	19	0.978947	no
ZCCHC12	19	0.838940	no
ZCCHC13	16	nan	yes
ZCCHC14	19	0.914035	no
ZCCHC17	19	0.738921	no
ZCCHC18	19	0.967802	no
ZCCHC2	19	0.794737	no
ZCCHC24	19	0.955185	no
ZCCHC3	19	0.733977	no
ZCCHC4	19	0.934124	no
ZCCHC7	19	0.971930	no
ZCCHC8	19	0.863158	no
ZCCHC9	19	0.806494	no
ZCRB1	19	0.966213	no
ZCWPW1	19	0.943396	no
ZCWPW2	19	0.974879	no
ZDBF2	19	0.983260	no
ZDHHC1	19	0.985953	no
ZDHHC11	19	0.977173	no
ZDHHC11B	19	0.952632	no
ZDHHC12	19	0.887719	no
ZDHHC13	19	0.945614	no
ZDHHC14	19	0.889474	no
ZDHHC15	19	0.931110	no
ZDHHC16	19	0.656140	no
ZDHHC17	19	0.992982	no
ZDHHC18	19	0.944688	no
ZDHHC19	19	0.956294	no
ZDHHC2	19	0.929825	no
ZDHHC20	19	0.942105	no
ZDHHC21	19	0.914035	no
ZDHHC22	19	0.865094	no
ZDHHC23	19	0.968805	no
ZDHHC24	19	0.901754	no
ZDHHC3	19	0.934621	no
ZDHHC4	19	0.931958	no
ZDHHC5	19	0.838455	no
ZDHHC6	19	0.957895	no
ZDHHC7	19	0.996491	no
ZDHHC8	19	0.970175	no
ZDHHC9	19	0.960492	no
ZEB1	19	0.954386	no
ZEB2	19	0.952632	no
ZER1	19	0.944689	no
ZFAND1	19	0.835088	no
ZFAND2A	19	0.911804	no
ZFAND2B	19	0.983765	no
ZFAND3	19	0.961404	no
ZFAND4	19	0.775143	no
ZFAND5	19	0.940351	no
ZFAND6	19	0.957895	no
ZFAT	19	0.940764	no
ZFC3H1	19	0.971479	no
ZFHX2	19	0.959614	no
ZFHX3	19	0.887719	no
ZFHX4	19	0.871592	no
ZFP1	19	0.949034	no
ZFP14	19	0.985953	no
ZFP2	19	0.986398	no
ZFP28	19	0.959121	no
ZFP3	19	0.975406	no
ZFP30	19	0.980702	no
ZFP36	19	0.952632	no
ZFP36L1	19	0.852632	no
ZFP36L2	19	0.985965	no
ZFP37	19	0.888744	no
ZFP41	19	0.810493	no
ZFP42	19	0.915816	no
ZFP57	19	0.954783	no
ZFP62	19	0.916594	no
ZFP64	19	0.952632	no
ZFP69	19	0.883837	no
ZFP69B	19	0.912088	no
ZFP82	19	0.978947	no
ZFP90	19	0.970175	no
ZFP91	19	0.971530	no
ZFP92	19	0.724153	no
ZFPL1	19	0.957400	no
ZFPM1	19	0.784211	no
ZFPM2	19	0.963158	no
ZFR	19	0.857895	no
ZFR2	19	0.960810	no
ZFTA	19	0.966213	no
ZFX	19	0.961404	no
ZFY	19	0.954225	no
ZFYVE1	19	0.896007	no
ZFYVE16	19	0.982456	no
ZFYVE19	19	0.930611	no
ZFYVE21	19	0.980702	no
ZFYVE26	19	0.922807	no
ZFYVE27	19	0.971479	no
ZFYVE28	19	0.989030	no
ZFYVE9	19	0.904783	no
ZG16	19	0.542980	no
ZG16B	19	0.453456	no
ZGLP1	19	0.824100	no
ZGPAT	19	0.872294	no
ZGRF1	19	0.940712	no
ZHX1	19	0.964411	no
ZHX1-C8orf76	19	0.951144	no
ZHX2	19	0.870175	no
ZHX3	19	0.959649	no
ZIC1	19	0.668175	no
ZIC2	19	0.768560	no
ZIC3	19	0.598913	no
ZIC4	19	0.901646	no
ZIC5	19	0.820867	no
ZIK1	19	0.887522	no
ZIM2	19	0.956371	no
ZIM3	19	0.785508	no
ZKSCAN1	19	0.942105	no
ZKSCAN2	19	0.929262	no
ZKSCAN3	19	0.969244	no
ZKSCAN4	19	0.878349	no
ZKSCAN5	19	0.932865	no
ZKSCAN7	19	0.936450	no
ZKSCAN8	19	0.885476	no
ZMAT1	19	0.971930	no
ZMAT2	19	0.966213	no
ZMAT3	19	0.867047	no
ZMAT4	19	0.935385	no
ZMAT5	19	0.962703	no
ZMIZ1	19	0.833699	no
ZMIZ2	19	0.881966	no
ZMPSTE24	19	0.914035	no
ZMYM1	19	0.932865	no
ZMYM2	19	0.970175	no
ZMYM3	19	0.974989	no
ZMYM4	19	0.801754	no
ZMYM5	19	0.696491	no
ZMYM6	19	0.768231	no
ZMYND10	19	0.792584	no
ZMYND11	19	0.952632	no
ZMYND12	19	0.918350	no
ZMYND15	19	0.958082	no
ZMYND19	19	0.886254	no
ZMYND8	19	0.936376	no
ZNF10	19	0.989025	no
ZNF100	19	0.991228	no
ZNF101	19	0.959193	no
ZNF106	19	0.952632	no
ZNF107	19	0.903509	no
ZNF112	19	0.966467	no
ZNF114	19	0.877164	no
ZNF117	19	0.963549	no
ZNF12	19	0.748903	no
ZNF121	19	0.803509	no
ZNF124	19	0.929825	no
ZNF131	19	0.949123	no
ZNF132	19	0.954606	no
ZNF133	19	0.905263	no
ZNF134	19	0.954785	no
ZNF135	19	0.978499	no
ZNF136	19	0.941641	no
ZNF138	19	0.971930	no
ZNF14	19	0.945614	no
ZNF140	19	0.898246	no
ZNF141	19	0.956560	no
ZNF142	19	0.955224	no
ZNF143	19	0.983765	no
ZNF146	19	0.771391	no
ZNF148	19	0.975439	no
ZNF154	19	0.994291	no
ZNF155	19	0.929825	no
ZNF157	19	0.907377	no
ZNF16	19	0.798069	no
ZNF160	19	0.924561	no
ZNF165	19	0.984170	no
ZNF169	19	0.957438	no
ZNF17	19	0.726138	no
ZNF174	19	0.767199	no
ZNF175	19	0.970601	no
ZNF177	19	0.890564	no
ZNF18	19	0.931988	no
ZNF180	19	0.949056	no
ZNF181	19	0.859149	no
ZNF182	19	0.927536	no
ZNF184	19	0.963581	no
ZNF185	19	0.836556	no
ZNF189	19	0.750877	no
ZNF19	19	0.991228	no
ZNF195	19	0.796491	no
ZNF197	19	0.923517	no
ZNF2	19	0.934621	no
ZNF20	19	0.884987	no
ZNF200	19	0.905660	no
ZNF202	19	0.880105	no
ZNF205	19	0.959649	no
ZNF207	19	0.947368	no
ZNF208	19	0.827405	no
ZNF211	19	0.983765	no
ZNF212	19	0.878456	no
ZNF213	19	0.949123	no
ZNF214	19	0.959983	no
ZNF215	19	0.882638	no
ZNF217	19	0.980702	no
ZNF219	19	0.896007	no
ZNF22	19	0.973684	no
ZNF221	19	0.960457	no
ZNF222	19	0.794310	no
ZNF223	19	0.950285	no
ZNF224	19	0.931579	no
ZNF225	19	0.978481	no
ZNF226	19	0.975867	no
ZNF227	19	0.981132	no
ZNF229	19	0.961678	no
ZNF23	19	0.873844	no
ZNF230	19	0.977593	no
ZNF232	19	0.951712	no
ZNF233	19	0.949078	no
ZNF234	19	0.881088	no
ZNF235	19	0.984211	no
ZNF236	19	0.929763	no
ZNF239	19	0.838909	no
ZNF24	19	0.891228	no
ZNF248	19	0.990786	no
ZNF25	19	0.907018	no
ZNF250	19	0.954765	no
ZNF251	19	0.970110	no
ZNF253	19	0.966213	no
ZNF254	19	0.992982	no
ZNF256	19	0.928822	no
ZNF257	19	0.936376	no
ZNF26	19	0.984629	no
ZNF260	19	0.912681	no
ZNF263	19	0.905660	no
ZNF264	19	0.870557	no
ZNF266	19	0.971028	no
ZNF267	19	0.962703	no
ZNF268	19	0.813903	no
ZNF273	19	0.966667	no
ZNF274	19	0.869680	no
ZNF275	19	0.953050	no
ZNF276	19	0.954386	no
ZNF277	19	0.936842	no
ZNF28	19	0.964458	no
ZNF280A	19	0.469861	no
ZNF280B	19	0.962640	no
ZNF280C	19	0.935031	no
ZNF280D	19	0.870557	no
ZNF281	19	0.921053	no
ZNF282	19	0.903424	no
ZNF283	19	0.980702	no
ZNF284	19	0.936648	no
ZNF285	19	0.855804	no
ZNF286A	19	0.845408	no
ZNF287	19	0.901754	no
ZNF292	19	0.964912	no
ZNF296	19	0.980237	no
ZNF3	19	0.986398	no
ZNF30	19	0.963581	no
ZNF300	19	0.833480	no
ZNF302	19	0.939886	no
ZNF304	19	0.936320	no
ZNF311	19	0.950835	no
ZNF316	19	0.890742	no
ZNF317	19	0.931579	no
ZNF318	19	0.952172	no
ZNF319	19	0.942418	no
ZNF32	19	0.938131	no
ZNF320	19	0.984184	no
ZNF322	19	0.768421	no
ZNF324	19	0.940351	no
ZNF324B	19	0.915897	no
ZNF326	19	0.657306	no
ZNF329	19	0.987719	no
ZNF330	19	0.890742	no
ZNF331	19	0.892982	no
ZNF333	19	0.973684	no
ZNF334	19	0.980685	no
ZNF335	19	0.875439	no
ZNF337	19	0.935498	no
ZNF33A	19	0.956140	no
ZNF33B	19	0.933333	no
ZNF34	19	0.845850	no
ZNF341	19	0.939886	no
ZNF343	19	0.950952	no
ZNF345	19	0.945826	no
ZNF346	19	0.949123	no
ZNF347	19	0.969724	no
ZNF35	19	0.974923	no
ZNF350	19	0.954805	no
ZNF354A	19	0.931519	no
ZNF354B	19	0.966667	no
ZNF354C	19	0.952590	no
ZNF358	19	0.942519	no
ZNF362	19	0.950877	no
ZNF365	19	0.781402	no
ZNF366	19	0.876296	no
ZNF367	19	0.780167	no
ZNF37A	19	0.850534	no
ZNF382	19	0.978051	no
ZNF383	19	0.978051	no
ZNF384	19	0.921457	no
ZNF385A	19	0.947738	no
ZNF385B	19	0.928885	no
ZNF385D	19	0.952632	no
ZNF391	19	0.985052	no
ZNF394	19	0.953468	no
ZNF395	19	0.969272	no
ZNF396	19	0.937037	no
ZNF397	19	0.859649	no
ZNF398	19	0.949079	no
ZNF404	19	0.968805	no
ZNF407	19	0.952632	no
ZNF408	19	0.957326	no
ZNF41	19	0.926316	no
ZNF410	19	0.882265	no
ZNF414	19	0.882843	no
ZNF415	19	0.964334	no
ZNF416	19	0.925112	no
ZNF417	19	0.606161	no
ZNF418	19	0.991213	no
ZNF419	19	0.972872	no
ZNF420	19	0.957438	no
ZNF423	19	0.831431	no
ZNF425	19	0.912204	no
ZNF426	19	0.913559	no
ZNF428	19	0.998246	no
ZNF429	19	0.983765	no
ZNF43	19	0.942105	no
ZNF430	19	0.917544	no
ZNF431	19	0.957895	no
ZNF432	19	0.879280	no
ZNF433	19	0.967969	no
ZNF436	19	0.844002	no
ZNF438	19	0.962703	no
ZNF439	19	0.932865	no
ZNF44	19	0.956140	no
ZNF440	19	0.895130	no
ZNF441	19	0.969724	no
ZNF442	19	0.940299	no
ZNF443	19	0.886821	no
ZNF444	19	0.928070	no
ZNF445	19	0.925780	no
ZNF446	19	0.975417	no
ZNF449	19	0.931110	no
ZNF45	19	0.901754	no
ZNF451	19	0.700307	no
ZNF454	19	0.949362	no
ZNF460	19	0.874068	no
ZNF461	19	0.991228	no
ZNF462	19	0.962248	no
ZNF467	19	0.796313	no
ZNF468	19	0.864784	no
ZNF469	19	0.924520	no
ZNF470	19	0.924090	no
ZNF471	19	0.992982	no
ZNF473	19	0.945839	no
ZNF474	19	0.743370	no
ZNF479	19	0.689897	no
ZNF48	19	0.864295	no
ZNF480	19	0.972356	no
ZNF483	19	0.980702	no
ZNF484	19	0.961404	no
ZNF485	19	0.692038	no
ZNF486	19	0.978929	no
ZNF488	19	0.880419	no
ZNF490	19	0.967969	no
ZNF491	19	0.940685	no
ZNF492	19	0.851628	no
ZNF493	19	0.966638	no
ZNF496	19	0.740123	no
ZNF497	19	0.890086	no
ZNF500	19	0.943298	no
ZNF501	19	0.964620	no
ZNF502	19	0.975881	no
ZNF503	19	0.851518	no
ZNF506	19	0.963109	no
ZNF507	19	0.917544	no
ZNF510	19	0.982887	no
ZNF511	19	0.960863	no
ZNF512	19	0.853928	no
ZNF512B	19	0.901668	no
ZNF513	19	0.893766	no
ZNF514	19	0.908975	no
ZNF516	19	0.863158	no
ZNF517	19	0.900088	no
ZNF518A	19	0.928070	no
ZNF518B	19	0.882843	no
ZNF519	19	0.885476	no
ZNF521	19	0.931110	no
ZNF524	19	0.908772	no
ZNF525	19	0.966667	no
ZNF526	19	0.852113	no
ZNF527	19	0.948201	no
ZNF528	19	0.958315	no
ZNF529	19	0.982456	no
ZNF530	19	0.873407	no
ZNF532	19	0.961404	no
ZNF534	19	0.928446	no
ZNF536	19	0.884785	no
ZNF540	19	0.987719	no
ZNF541	19	0.703232	no
ZNF543	19	0.906491	no
ZNF544	19	0.909623	no
ZNF546	19	0.981491	no
ZNF547	19	0.789485	no
ZNF548	19	0.871111	no
ZNF549	19	0.980702	no
ZNF551	19	0.811837	no
ZNF552	19	0.961404	no
ZNF554	19	0.826663	no
ZNF555	19	0.967515	no
ZNF556	19	0.916196	no
ZNF557	19	0.849802	no
ZNF558	19	0.912775	no
ZNF559	19	0.957514	no
ZNF560	19	0.534501	no
ZNF561	19	0.835088	no
ZNF562	19	0.933333	no
ZNF563	19	0.954386	no
ZNF564	19	0.915585	no
ZNF565	19	0.829825	no
ZNF566	19	0.973234	no
ZNF567	19	0.966667	no
ZNF568	19	0.985520	no
ZNF569	19	0.970175	no
ZNF57	19	0.963158	no
ZNF570	19	0.984211	no
ZNF571	19	0.986398	no
ZNF572	19	0.945055	no
ZNF573	19	0.984211	no
ZNF574	19	0.947322	no
ZNF575	19	0.939369	no
ZNF576	19	0.792474	no
ZNF577	19	0.933333	no
ZNF578	19	0.949078	no
ZNF579	19	0.910926	no
ZNF580	19	0.948276	no
ZNF581	19	0.518361	no
ZNF582	19	0.961825	no
ZNF583	19	0.993410	no
ZNF584	19	0.955682	no
ZNF585A	19	0.989801	no
ZNF585B	19	0.865963	no
ZNF586	19	0.985965	no
ZNF587	19	0.977173	no
ZNF587B	19	0.670230	no
ZNF589	19	0.864794	no
ZNF592	19	0.998246	no
ZNF593	19	0.966667	no
ZNF593OS	19	0.782859	no
ZNF594	19	0.971930	no
ZNF595	19	0.838087	no
ZNF596	19	0.978947	no
ZNF597	19	0.922605	no
ZNF599	19	0.854508	no
ZNF600	19	0.914361	no
ZNF605	19	0.936095	no
ZNF606	19	0.975439	no
ZNF607	19	0.928193	no
ZNF608	19	0.960948	no
ZNF609	19	0.935088	no
ZNF610	19	0.973661	no
ZNF611	19	0.968421	no
ZNF613	19	0.872201	no
ZNF614	19	0.801581	no
ZNF615	19	0.956102	no
ZNF616	19	0.841388	no
ZNF618	19	0.938596	no
ZNF619	19	0.867053	no
ZNF620	19	0.627141	no
ZNF621	19	0.891619	no
ZNF622	19	0.914436	no
ZNF623	19	0.948921	no
ZNF624	19	0.901322	no
ZNF625	19	0.847151	no
ZNF626	19	0.956235	no
ZNF627	19	0.987719	no
ZNF628	19	0.957858	no
ZNF629	19	0.953888	no
ZNF630	19	0.959193	no
ZNF638	19	0.978947	no
ZNF639	19	0.939886	no
ZNF641	19	0.873190	no
ZNF644	19	0.782456	no
ZNF646	19	0.936320	no
ZNF648	19	0.960174	no
ZNF649	19	0.795963	no
ZNF652	19	0.941641	no
ZNF653	19	0.910881	no
ZNF654	19	0.938596	no
ZNF655	19	0.885954	no
ZNF658	19	0.896749	no
ZNF66	19	0.863417	no
ZNF660	19	0.829841	no
ZNF662	19	0.866125	no
ZNF664	19	0.814570	no
ZNF665	19	0.938023	no
ZNF667	19	0.968393	no
ZNF668	19	0.892701	no
ZNF669	19	0.949056	no
ZNF670	19	0.583584	no
ZNF671	19	0.947715	no
ZNF672	19	0.971856	no
ZNF674	19	0.952090	no
ZNF675	19	0.951712	no
ZNF676	19	0.935798	no
ZNF677	19	0.945614	no
ZNF678	19	0.956140	no
ZNF679	19	0.810212	no
ZNF680	19	0.967091	no
ZNF681	19	0.881966	no
ZNF682	19	0.908772	no
ZNF683	19	0.811642	no
ZNF684	19	0.959614	no
ZNF687	19	0.879719	no
ZNF688	19	0.952172	no
ZNF689	19	0.965701	no
ZNF69	19	0.975439	no
ZNF691	19	0.913960	no
ZNF692	19	0.970575	no
ZNF695	19	1.000000	yes
ZNF696	19	0.885965	no
ZNF697	19	0.920915	no
ZNF699	19	0.931110	no
ZNF7	19	0.635088	no
ZNF70	19	0.917471	no
ZNF700	19	0.914761	no
ZNF701	19	0.930611	no
ZNF703	19	0.942519	no
ZNF704	19	0.938596	no
ZNF705A	19	-0.055556	no
ZNF705B	16	0.730297	no
ZNF705D	19	nan	yes
ZNF705G	19	1.000000	yes
ZNF706	19	0.968421	no
ZNF707	19	0.950692	no
ZNF708	19	0.861404	no
ZNF709	19	0.321798	no
ZNF71	19	0.827530	no
ZNF710	19	0.973684	no
ZNF711	19	0.907018	no
ZNF713	19	0.995238	no
ZNF716	19	0.514625	no
ZNF717	19	0.978947	no
ZNF718	19	0.843860	no
ZNF721	19	0.983765	no
ZNF722	19	0.573703	no
ZNF723	19	0.839964	no
ZNF724	19	0.961018	no
ZNF726	19	0.965276	no
ZNF727	19	0.829719	no
ZNF728	19	0.948874	no
ZNF729	19	0.750647	no
ZNF730	19	0.891477	no
ZNF732	19	0.927754	no
ZNF735	19	0.724862	no
ZNF736	19	0.952590	no
ZNF737	19	0.936842	no
ZNF738	19	0.869183	no
ZNF74	19	0.968819	no
ZNF740	19	0.888109	no
ZNF746	19	0.953927	no
ZNF747	19	0.834809	no
ZNF749	19	0.967487	no
ZNF750	19	0.593460	no
ZNF75A	19	0.978499	no
ZNF75D	19	0.887719	no
ZNF76	19	0.966667	no
ZNF761	19	0.936348	no
ZNF763	19	0.944591	no
ZNF764	19	0.955147	no
ZNF765	19	0.945103	no
ZNF766	19	0.963158	no
ZNF768	19	0.961825	no
ZNF77	19	0.900308	no
ZNF770	19	0.839842	no
ZNF771	19	0.849123	no
ZNF772	19	0.819046	no
ZNF773	19	0.983260	no
ZNF774	19	0.931019	no
ZNF775	19	0.820106	no
ZNF776	19	0.821773	no
ZNF777	19	0.883077	no
ZNF778	19	0.818780	no
ZNF780A	19	0.956140	no
ZNF780B	19	0.946306	no
ZNF782	19	0.832821	no
ZNF783	19	0.954346	no
ZNF784	19	0.839790	no
ZNF785	19	0.957895	no
ZNF786	19	0.878735	no
ZNF787	19	0.885476	no
ZNF789	19	0.935088	no
ZNF79	19	0.904657	no
ZNF790	19	0.957895	no
ZNF791	19	0.949078	no
ZNF792	19	0.923912	no
ZNF793	19	0.965320	no
ZNF799	19	0.541614	no
ZNF8	19	0.741199	no
ZNF80	19	0.963259	no
ZNF800	19	0.926316	no
ZNF804A	19	0.950877	no
ZNF804B	19	0.904518	no
ZNF805	19	0.921388	no
ZNF808	19	0.942105	no
ZNF81	19	0.983765	no
ZNF813	19	0.948201	no
ZNF814	19	0.929825	no
ZNF816	19	0.865246	no
ZNF821	19	0.978947	no
ZNF823	19	0.903424	no
ZNF827	19	0.975439	no
ZNF829	19	0.929355	no
ZNF83	19	0.815789	no
ZNF830	19	0.935088	no
ZNF831	19	0.987258	no
ZNF835	19	0.903838	no
ZNF836	19	0.939231	no
ZNF837	19	0.940299	no
ZNF839	19	0.985965	no
ZNF84	19	0.931988	no
ZNF841	19	0.941902	no
ZNF843	19	0.871898	no
ZNF844	19	0.959389	no
ZNF845	19	0.916925	no
ZNF846	19	0.966667	no
ZNF85	19	0.981101	no
ZNF850	19	0.904783	no
ZNF852	19	0.972119	no
ZNF853	19	0.966990	no
ZNF860	19	0.956503	no
ZNF862	19	0.977193	no
ZNF865	19	0.868421	no
ZNF875	19	0.985965	no
ZNF878	19	-0.080845	no
ZNF879	19	0.851151	no
ZNF880	19	0.935088	no
ZNF883	16	0.631808	no
ZNF888	19	0.967170	no
ZNF891	19	0.901668	no
ZNF90	19	0.902943	no
ZNF91	19	0.985965	no
ZNF92	19	0.943811	no
ZNF93	19	0.853883	no
ZNF98	19	0.977622	no
ZNF99	19	0.942409	no
ZNFX1	19	0.963158	no
ZNG1A	19	0.921053	no
ZNG1B	19	0.937253	no
ZNG1C	19	0.931519	no
ZNG1E	19	0.943860	no
ZNG1F	19	0.943322	no
ZNHIT1	19	0.964912	no
ZNHIT2	19	0.931579	no
ZNHIT3	19	0.939833	no
ZNHIT6	19	0.889474	no
ZNRD2	19	0.996491	no
ZNRF1	19	0.678947	no
ZNRF2	19	0.925845	no
ZNRF3	19	0.975439	no
ZNRF4	16	0.632924	no
ZP1	19	0.898477	no
ZP2	19	0.901659	no
ZP3	19	0.849123	no
ZP4	19	0.839254	no
ZPBP	19	0.926187	no
ZPBP2	19	0.841913	no
ZPLD1	19	0.762637	no
ZPR1	19	0.903509	no
ZRANB1	19	0.875439	no
ZRANB2	19	0.768421	no
ZRANB3	19	0.959649	no
ZRSR2	19	0.958315	no
ZSCAN1	19	0.865434	no
ZSCAN10	19	0.796468	no
ZSCAN12	19	0.939886	no
ZSCAN16	19	0.928885	no
ZSCAN18	19	0.977193	no
ZSCAN2	19	0.954765	no
ZSCAN20	19	0.982829	no
ZSCAN21	19	0.922740	no
ZSCAN22	19	0.966035	no
ZSCAN23	19	0.936210	no
ZSCAN25	19	0.946907	no
ZSCAN26	19	0.898590	no
ZSCAN29	19	0.896568	no
ZSCAN30	19	0.966213	no
ZSCAN31	19	0.901273	no
ZSCAN32	19	0.886254	no
ZSCAN4	19	0.786726	no
ZSCAN5A	19	0.991228	no
ZSCAN5B	19	0.781793	no
ZSCAN5C	16	1.000000	yes
ZSCAN9	19	0.792982	no
ZSWIM1	19	0.485904	no
ZSWIM2	19	0.927308	no
ZSWIM3	19	0.914763	no
ZSWIM4	19	0.804875	no
ZSWIM5	19	0.986398	no
ZSWIM6	19	0.763158	no
ZSWIM7	19	0.854386	no
ZSWIM8	19	0.922807	no
ZSWIM9	19	0.858648	no
ZUP1	19	0.824046	no
ZW10	19	0.874396	no
ZWILCH	19	0.970601	no
ZWINT	19	0.802111	no
ZXDA	19	0.953848	no
ZXDB	19	0.972284	no
ZXDC	19	0.949123	no
ZYG11A	19	0.951413	no
ZYG11B	19	0.936376	no
ZYX	19	0.920983	no
ZZEF1	19	0.978947	no
ZZZ3	19	0.929825	no
