file_id	standardized_name	package_path	original_path	category_l1	category_l2	role	topic	unit	size_bytes	sha256
F0001	bdbv-vp24_vp24-config_doc_fig1a_v01_20261002.md	01_source_data_by_figure/Fig1/bdbv-vp24_vp24-config_doc_fig1a_v01_20261002.md	_coord/_round_W_20261002/analysis/Fig1a_source.md	01_source_data_by_figure	Fig1	doc	vp24-config	fig1a	1086	8d18538cf3a2f8d4d19c95e8d59dd2013a208e7326d72d7c58e6f5154d49a47b
F0002	bdbv-vp24_vp24-config_table_fig1a_v01_20261002.tsv	01_source_data_by_figure/Fig1/bdbv-vp24_vp24-config_table_fig1a_v01_20261002.tsv	_coord/_round_W_20261002/analysis/Fig1a_source.tsv	01_source_data_by_figure	Fig1	table	vp24-config	fig1a	3143	e1b6c8b46c2b536da961050784ee3324521a788d1e93cc1697a5d074524b0ad4
F0003	bdbv-vp24_vp24-config_doc_fig1b_v01_20261002.md	01_source_data_by_figure/Fig1/bdbv-vp24_vp24-config_doc_fig1b_v01_20261002.md	_coord/_round_W_20261002/analysis/Fig1b_source.md	01_source_data_by_figure	Fig1	doc	vp24-config	fig1b	1219	70bb3303fcd7e54ed48bafb64ef639500d083dd195edd3d3dbd142e6bd7a7d9b
F0004	bdbv-vp24_vp24-config_table_fig1b_v01_20261002.tsv	01_source_data_by_figure/Fig1/bdbv-vp24_vp24-config_table_fig1b_v01_20261002.tsv	_coord/_round_W_20261002/analysis/Fig1b_source.tsv	01_source_data_by_figure	Fig1	table	vp24-config	fig1b	1314	eacd111d5dd2da9dd60e7e1b9c8d5281f3e0fca75abbae7a7af570bdef272b2d
F0005	bdbv-vp24_ifn-tone_doc_fig2a_v01_20261002.md	01_source_data_by_figure/Fig2/bdbv-vp24_ifn-tone_doc_fig2a_v01_20261002.md	_coord/_round_W_20261002/analysis/Fig2a_source.md	01_source_data_by_figure	Fig2	doc	ifn-tone	fig2a	1048	f3e76a153aa581e0f3a9703a05e2dd51b7759be54230ef5342cfb03abf1914ab
F0006	bdbv-vp24_ifn-tone_table_fig2a_v01_20261002.tsv	01_source_data_by_figure/Fig2/bdbv-vp24_ifn-tone_table_fig2a_v01_20261002.tsv	_coord/_round_W_20261002/analysis/Fig2a_source.tsv	01_source_data_by_figure	Fig2	table	ifn-tone	fig2a	9919	9bc25a3e3d2c179f0dbf644e89700b607094ca1101db4c1b9405235c8c99f608
F0007	bdbv-vp24_ifn-tone_doc_fig2b_v01_20261002.md	01_source_data_by_figure/Fig2/bdbv-vp24_ifn-tone_doc_fig2b_v01_20261002.md	_coord/_round_W_20261002/analysis/Fig2b_source.md	01_source_data_by_figure	Fig2	doc	ifn-tone	fig2b	858	597948b85a48ef22c08db12234fe1cdbb215db4045959b8fe9ac1a30158f64b2
F0008	bdbv-vp24_ifn-tone_table_fig2b_v01_20261002.tsv	01_source_data_by_figure/Fig2/bdbv-vp24_ifn-tone_table_fig2b_v01_20261002.tsv	_coord/_round_W_20261002/analysis/Fig2b_source.tsv	01_source_data_by_figure	Fig2	table	ifn-tone	fig2b	1466	4b78cc576098bec537b9b4eaffd4397f4aa859af7f5d9501e284f38d9de07d57
F0009	bdbv-vp24_ifn-tone_doc_fig2c_v01_20261002.md	01_source_data_by_figure/Fig2/bdbv-vp24_ifn-tone_doc_fig2c_v01_20261002.md	_coord/_round_W_20261002/analysis/Fig2c_source.md	01_source_data_by_figure	Fig2	doc	ifn-tone	fig2c	1050	e8f7688d6e3b97795a2dc8f5040e5fa1ac99c719b38397b93aa764a21bda26e7
F0010	bdbv-vp24_ifn-tone_table_fig2c_v01_20261002.tsv	01_source_data_by_figure/Fig2/bdbv-vp24_ifn-tone_table_fig2c_v01_20261002.tsv	_coord/_round_W_20261002/analysis/Fig2c_source.tsv	01_source_data_by_figure	Fig2	table	ifn-tone	fig2c	2404	3a811cc58a2ea9cca91f4407a4bd725222990780c8f99e733ef71ed97ef52f23
F0011	bdbv-vp24_ifn-tone_doc_fig2d_v01_20261002.md	01_source_data_by_figure/Fig2/bdbv-vp24_ifn-tone_doc_fig2d_v01_20261002.md	_coord/_round_W_20261002/analysis/Fig2d_source.md	01_source_data_by_figure	Fig2	doc	ifn-tone	fig2d	1102	458da4d7983ad65a9d3ecd93aa78d8273976c93711f0c437dd6c41743c299afa
F0012	bdbv-vp24_ifn-tone_table_fig2d_v01_20261002.tsv	01_source_data_by_figure/Fig2/bdbv-vp24_ifn-tone_table_fig2d_v01_20261002.tsv	_coord/_round_W_20261002/analysis/Fig2d_source.tsv	01_source_data_by_figure	Fig2	table	ifn-tone	fig2d	22695	b2df80d7ec464f8051fdc3e1197299ab31e1879b091f5fb8e1e32652f13405e2
F0013	bdbv-vp24_importin-axis_doc_fig3a_v01_20261002.md	01_source_data_by_figure/Fig3/bdbv-vp24_importin-axis_doc_fig3a_v01_20261002.md	_coord/_round_W_20261002/analysis/Fig3a_source.md	01_source_data_by_figure	Fig3	doc	importin-axis	fig3a	1208	ccc8498f9655801779954ff61cd7ecc03f25b7f9d0ef2a0148628e822d626a90
F0014	bdbv-vp24_importin-axis_table_fig3a_v01_20261002.tsv	01_source_data_by_figure/Fig3/bdbv-vp24_importin-axis_table_fig3a_v01_20261002.tsv	_coord/_round_W_20261002/analysis/Fig3a_source.tsv	01_source_data_by_figure	Fig3	table	importin-axis	fig3a	29118	7610d9fdabbe007e42d398f3c6caf236428370907bfbfe1a085d8dca9ce13812
F0015	bdbv-vp24_importin-axis_doc_fig3b_v01_20261002.md	01_source_data_by_figure/Fig3/bdbv-vp24_importin-axis_doc_fig3b_v01_20261002.md	_coord/_round_W_20261002/analysis/Fig3b_source.md	01_source_data_by_figure	Fig3	doc	importin-axis	fig3b	1005	68d925abe7bb8bd72f7f311c3c1e3aecb010bed235cfb302cb56544ee6074b52
F0016	bdbv-vp24_importin-axis_table_fig3b_v01_20261002.tsv	01_source_data_by_figure/Fig3/bdbv-vp24_importin-axis_table_fig3b_v01_20261002.tsv	_coord/_round_W_20261002/analysis/Fig3b_source.tsv	01_source_data_by_figure	Fig3	table	importin-axis	fig3b	1960	ca7d09c8e815b511b3e8ceb05f20d7d4713f91a990af6d373be1075d10373a10
F0017	bdbv-vp24_importin-axis_doc_fig3c_v01_20261002.md	01_source_data_by_figure/Fig3/bdbv-vp24_importin-axis_doc_fig3c_v01_20261002.md	_coord/_round_W_20261002/analysis/Fig3c_source.md	01_source_data_by_figure	Fig3	doc	importin-axis	fig3c	1129	8a475b9ebfc954fc21396a783d98cf382ed4eaa25299d23f0c0646b6687d7ee8
F0018	bdbv-vp24_importin-axis_table_fig3c_v01_20261002.tsv	01_source_data_by_figure/Fig3/bdbv-vp24_importin-axis_table_fig3c_v01_20261002.tsv	_coord/_round_W_20261002/analysis/Fig3c_source.tsv	01_source_data_by_figure	Fig3	table	importin-axis	fig3c	2479	4d8d5602fe9b2aa1887461262e793e69a49fa48b8a7edd2441d6134e40d8f17a
F0019	bdbv-vp24_ifn-tone_doc_figs1a_v01_20261002.md	01_source_data_by_figure/FigS1/bdbv-vp24_ifn-tone_doc_figs1a_v01_20261002.md	_coord/_round_W_20261002/analysis/FigS1a_source.md	01_source_data_by_figure	FigS1	doc	ifn-tone	figs1a	1018	ac04fad056fb138640500e977c6f4d1a82fb6af6bc8493134c7bfb5ea1daf152
F0020	bdbv-vp24_ifn-tone_table_figs1a_v01_20261002.tsv	01_source_data_by_figure/FigS1/bdbv-vp24_ifn-tone_table_figs1a_v01_20261002.tsv	_coord/_round_W_20261002/analysis/FigS1a_source.tsv	01_source_data_by_figure	FigS1	table	ifn-tone	figs1a	546	6c7693a28bd69c82b25c07d76e9f167e8c163f8cac4d46c9c52d2a6a6229443d
F0021	bdbv-vp24_ifn-tone_doc_figs1b_v01_20261002.md	01_source_data_by_figure/FigS1/bdbv-vp24_ifn-tone_doc_figs1b_v01_20261002.md	_coord/_round_W_20261002/analysis/FigS1b_source.md	01_source_data_by_figure	FigS1	doc	ifn-tone	figs1b	964	c79c0bc2a5723c49180917d94bf48e9d65885ea8c99d2b04205071c9e3cecd05
F0022	bdbv-vp24_ifn-tone_table_figs1b_v01_20261002.tsv	01_source_data_by_figure/FigS1/bdbv-vp24_ifn-tone_table_figs1b_v01_20261002.tsv	_coord/_round_W_20261002/analysis/FigS1b_source.tsv	01_source_data_by_figure	FigS1	table	ifn-tone	figs1b	534	53e6ca576943b611d9d6d8273eae0b02ecb8f5c1d67b470d50f178f5697cab6f
F0023	bdbv-vp24_ifn-tone_doc_figs1c_v01_20261002.md	01_source_data_by_figure/FigS1/bdbv-vp24_ifn-tone_doc_figs1c_v01_20261002.md	_coord/_round_W_20261002/analysis/FigS1c_source.md	01_source_data_by_figure	FigS1	doc	ifn-tone	figs1c	1136	69d49d00ca3cb96cebe4c24f51749b6aa4e919f1a83cad255e2f82bc622d415e
F0024	bdbv-vp24_ifn-tone_table_figs1c_v01_20261002.tsv	01_source_data_by_figure/FigS1/bdbv-vp24_ifn-tone_table_figs1c_v01_20261002.tsv	_coord/_round_W_20261002/analysis/FigS1c_source.tsv	01_source_data_by_figure	FigS1	table	ifn-tone	figs1c	687	10fc0d4f60e4c1e767fb1efc7054fbe681ac10facb9e66ea89133ff4c4d752a4
F0025	bdbv-vp24_ifn-tone_doc_figs1d_v01_20261002.md	01_source_data_by_figure/FigS1/bdbv-vp24_ifn-tone_doc_figs1d_v01_20261002.md	_coord/_round_W_20261002/analysis/FigS1d_source.md	01_source_data_by_figure	FigS1	doc	ifn-tone	figs1d	1104	f8b627178e2ba569fc548a0bdbf6c96b1be60d2d779a1f3ff35b89139640324d
F0026	bdbv-vp24_ifn-tone_table_figs1d_v01_20261002.tsv	01_source_data_by_figure/FigS1/bdbv-vp24_ifn-tone_table_figs1d_v01_20261002.tsv	_coord/_round_W_20261002/analysis/FigS1d_source.tsv	01_source_data_by_figure	FigS1	table	ifn-tone	figs1d	372	a269520545526aec0f31e1e9652a19201fd2e017333f43e04c17f4cfe51f10cb
F0027	bdbv-vp24_proxy-test_doc_figs2a_v01_20261002.md	01_source_data_by_figure/FigS2/bdbv-vp24_proxy-test_doc_figs2a_v01_20261002.md	_coord/_round_W_20261002/analysis/FigS2a_source.md	01_source_data_by_figure	FigS2	doc	proxy-test	figs2a	1244	12771c7cdd92a6ed108c57822686931b453f626c7a6362dffc1d3f75b32ea636
F0028	bdbv-vp24_proxy-test_table_figs2a_v01_20261002.tsv	01_source_data_by_figure/FigS2/bdbv-vp24_proxy-test_table_figs2a_v01_20261002.tsv	_coord/_round_W_20261002/analysis/FigS2a_source.tsv	01_source_data_by_figure	FigS2	table	proxy-test	figs2a	2643	6516a439726fdf7b706aec3a82303795937cf16bfb06f3809d66ff3bdadd12b4
F0029	bdbv-vp24_proxy-test_doc_figs2b_v01_20261002.md	01_source_data_by_figure/FigS2/bdbv-vp24_proxy-test_doc_figs2b_v01_20261002.md	_coord/_round_W_20261002/analysis/FigS2b_source.md	01_source_data_by_figure	FigS2	doc	proxy-test	figs2b	1088	c60bfb62f464ae7ca875d9270f0889f7a96427d0bc4e51decf922620c007c880
F0030	bdbv-vp24_proxy-test_table_figs2b_v01_20261002.tsv	01_source_data_by_figure/FigS2/bdbv-vp24_proxy-test_table_figs2b_v01_20261002.tsv	_coord/_round_W_20261002/analysis/FigS2b_source.tsv	01_source_data_by_figure	FigS2	table	proxy-test	figs2b	3321	790f257288e8948c86afe30c7203f8dce65e8eedf69ed797ca3ce9b292be0d2f
F0031	bdbv-vp24_proxy-test_doc_figs2c_v01_20261002.md	01_source_data_by_figure/FigS2/bdbv-vp24_proxy-test_doc_figs2c_v01_20261002.md	_coord/_round_W_20261002/analysis/FigS2c_source.md	01_source_data_by_figure	FigS2	doc	proxy-test	figs2c	979	9669422856ccf527cddc910d5152b88769e6dfb9f1458c552b12b2ab07c6f4b5
F0032	bdbv-vp24_proxy-test_table_figs2c_v01_20261002.tsv	01_source_data_by_figure/FigS2/bdbv-vp24_proxy-test_table_figs2c_v01_20261002.tsv	_coord/_round_W_20261002/analysis/FigS2c_source.tsv	01_source_data_by_figure	FigS2	table	proxy-test	figs2c	1008	782c2d18751a7283cd7e5b674356e782a88e8a2844c578ba1b6afc39cacf8cec
F0033	bdbv-vp24_proxy-test_doc_figs2d_v01_20261002.md	01_source_data_by_figure/FigS2/bdbv-vp24_proxy-test_doc_figs2d_v01_20261002.md	_coord/_round_W_20261002/analysis/FigS2d_source.md	01_source_data_by_figure	FigS2	doc	proxy-test	figs2d	1024	72fbd4115e6bc1ff4065f46b8c6556ae377be1a808b78b970c811100dd25cb92
F0034	bdbv-vp24_vp24-interface_doc_figs3a_v01_20261002.md	01_source_data_by_figure/FigS3/bdbv-vp24_vp24-interface_doc_figs3a_v01_20261002.md	_coord/_round_W_20261002/analysis/FigS3a_source.md	01_source_data_by_figure	FigS3	doc	vp24-interface	figs3a	1102	c9d870a75fbb96db50629cce3fc2eaba7e6e5d033059761e003a94aa9fc069d1
F0035	bdbv-vp24_vp24-interface_table_figs3a_v01_20261002.tsv	01_source_data_by_figure/FigS3/bdbv-vp24_vp24-interface_table_figs3a_v01_20261002.tsv	_coord/_round_W_20261002/analysis/FigS3a_source.tsv	01_source_data_by_figure	FigS3	table	vp24-interface	figs3a	1500	d6b92dd91590a84558ea62e676ec80c51782700fa28e63923c609668f2eb5792
F0036	bdbv-vp24_vp24-interface_doc_figs3b_v01_20261002.md	01_source_data_by_figure/FigS3/bdbv-vp24_vp24-interface_doc_figs3b_v01_20261002.md	_coord/_round_W_20261002/analysis/FigS3b_source.md	01_source_data_by_figure	FigS3	doc	vp24-interface	figs3b	1193	4f14d5d00dcaab5b22cfe764695c81b6c4a7b7bc364f77f48804554285a4d105
F0037	bdbv-vp24_vp24-interface_table_figs3b_v01_20261002.tsv	01_source_data_by_figure/FigS3/bdbv-vp24_vp24-interface_table_figs3b_v01_20261002.tsv	_coord/_round_W_20261002/analysis/FigS3b_source.tsv	01_source_data_by_figure	FigS3	table	vp24-interface	figs3b	452	75a8c015c3eb5df42eae53785fdc04919a61c09a4777e09fbdf497e562ddd102
F0038	bdbv-vp24_epithelium-panel_doc_figs4a_v01_20261002.md	01_source_data_by_figure/FigS4/bdbv-vp24_epithelium-panel_doc_figs4a_v01_20261002.md	_coord/_round_W_20261002/analysis/FigS4a_source.md	01_source_data_by_figure	FigS4	doc	epithelium-panel	figs4a	909	6b90c3090efb4d5049549ab29e95047b8159c95b0f0f3e6155a415700019147a
F0039	bdbv-vp24_epithelium-panel_table_figs4a_v01_20261002.tsv	01_source_data_by_figure/FigS4/bdbv-vp24_epithelium-panel_table_figs4a_v01_20261002.tsv	_coord/_round_W_20261002/analysis/FigS4a_source.tsv	01_source_data_by_figure	FigS4	table	epithelium-panel	figs4a	3275	fce2478ab2eeb1f70b1ab6861f6df6a8258cfa3fa17818e03d77f04aae152bb3
F0040	bdbv-vp24_epithelium-panel_doc_figs4b_v01_20261002.md	01_source_data_by_figure/FigS4/bdbv-vp24_epithelium-panel_doc_figs4b_v01_20261002.md	_coord/_round_W_20261002/analysis/FigS4b_source.md	01_source_data_by_figure	FigS4	doc	epithelium-panel	figs4b	879	1e801f363a4e5be039cb75d172e7e51695142ac1c2790f9c1884a72e89b75e18
F0041	bdbv-vp24_epithelium-panel_table_figs4b_v01_20261002.tsv	01_source_data_by_figure/FigS4/bdbv-vp24_epithelium-panel_table_figs4b_v01_20261002.tsv	_coord/_round_W_20261002/analysis/FigS4b_source.tsv	01_source_data_by_figure	FigS4	table	epithelium-panel	figs4b	2777	3f83ee3c3c945d701b3d7c73a0188e8e5fd4e585156ff891a45904bd4cf48ebb
F0042	bdbv-vp24_epithelium-panel_doc_figs4c_v01_20261002.md	01_source_data_by_figure/FigS4/bdbv-vp24_epithelium-panel_doc_figs4c_v01_20261002.md	_coord/_round_W_20261002/analysis/FigS4c_source.md	01_source_data_by_figure	FigS4	doc	epithelium-panel	figs4c	1006	c4f63c9abc62ded64ccc62074b88c2fcbca741b8543eed5bf6840724fa6db310
F0043	bdbv-vp24_epithelium-panel_table_figs4c_v01_20261002.tsv	01_source_data_by_figure/FigS4/bdbv-vp24_epithelium-panel_table_figs4c_v01_20261002.tsv	_coord/_round_W_20261002/analysis/FigS4c_source.tsv	01_source_data_by_figure	FigS4	table	epithelium-panel	figs4c	1565	3d49409854edbec4c3d26366158e1bb48c44739c933bdf7db3bf8b6b8ec58dd5
F0044	bdbv-vp24_epithelium-panel_doc_figs4d_v01_20261002.md	01_source_data_by_figure/FigS4/bdbv-vp24_epithelium-panel_doc_figs4d_v01_20261002.md	_coord/_round_W_20261002/analysis/FigS4d_source.md	01_source_data_by_figure	FigS4	doc	epithelium-panel	figs4d	942	eef41696d8e95fa38068535ee2efa4499e4a274e7141078f9cec8390e7d4a30d
F0045	bdbv-vp24_epithelium-panel_table_figs4d_v01_20261002.tsv	01_source_data_by_figure/FigS4/bdbv-vp24_epithelium-panel_table_figs4d_v01_20261002.tsv	_coord/_round_W_20261002/analysis/FigS4d_source.tsv	01_source_data_by_figure	FigS4	table	epithelium-panel	figs4d	6993	4d9e15912bacdd19683f14fd1227acbe1d4bdd2ffabcf6fb84d341f977511aa5
F0046	bdbv-vp24_metadata_doc_shared-w1-source-data-report_v01_20261002.md	01_source_data_by_figure/_shared/bdbv-vp24_metadata_doc_shared-w1-source-data-report_v01_20261002.md	_coord/_round_W_20261002/analysis/W1_source_data_report.md	01_source_data_by_figure	_shared	doc	metadata	shared-w1-source-data-report	21022	c847f68c4338637165db8216448ea40403956bd815e9959e7f496367b997e822
F0047	bdbv-vp24_metadata_table_shared-figure-source-map_v01_20261002.tsv	01_source_data_by_figure/_shared/bdbv-vp24_metadata_table_shared-figure-source-map_v01_20261002.tsv	_coord/_round_W_20261002/analysis/figure_source_map.tsv	01_source_data_by_figure	_shared	table	metadata	shared-figure-source-map	8319	644f7339388750bed1a0b19d9e241a2c66d150a04181ec20b58805feb3884e83
F0048	bdbv-vp24_vp24-config_calls_ncbi-protein-bdbv-full-length-breakdown_v01_20261002.tsv	02_primary_sequence_data/bdbv_vp24_records/bdbv-vp24_vp24-config_calls_ncbi-protein-bdbv-full-length-breakdown_v01_20261002.tsv	analysis/vp24_census_main_20260925/bdbv_full_length_breakdown.tsv	02_primary_sequence_data	bdbv_vp24_records	calls	vp24-config	ncbi-protein-bdbv-full-length-breakdown	4893	5def2638208a7ff154146b34b8cc998c25329d1d9940fdc5937acbeba487de6b
F0049	bdbv-vp24_vp24-config_calls_ncbi-protein-pan-species-vp24-positions_v01_20261002.tsv	02_primary_sequence_data/bdbv_vp24_records/bdbv-vp24_vp24-config_calls_ncbi-protein-pan-species-vp24-positions_v01_20261002.tsv	analysis/vp24_census_main_20260925/pan_species_vp24_positions.tsv	02_primary_sequence_data	bdbv_vp24_records	calls	vp24-config	ncbi-protein-pan-species-vp24-positions	169234	5a0e705c54d7529f1c443fa552359af37a84e27435df30470556e023169f6f25
F0050	bdbv-vp24_vp24-config_table_ncbi-protein-routeg-bdbv-complete-genomes_v01_20261002.tsv	02_primary_sequence_data/bdbv_vp24_records/bdbv-vp24_vp24-config_table_ncbi-protein-routeg-bdbv-complete-genomes_v01_20261002.tsv	analysis/vp24_census_main_20260925/routeG_bdbv_complete_genomes.tsv	02_primary_sequence_data	bdbv_vp24_records	table	vp24-config	ncbi-protein-routeg-bdbv-complete-genomes	12623	e7b283e91c24a4a51879e6b2b5fb55c6f1925965e6fe7a65e8398be8fc87b3d3
F0051	bdbv-vp24_vp24-config_table_ncbi-protein-routen-bdbv-nuccore-vp24_v01_20261002.tsv	02_primary_sequence_data/bdbv_vp24_records/bdbv-vp24_vp24-config_table_ncbi-protein-routen-bdbv-nuccore-vp24_v01_20261002.tsv	analysis/vp24_census_main_20260925/routeN_bdbv_nuccore_vp24.tsv	02_primary_sequence_data	bdbv_vp24_records	table	vp24-config	ncbi-protein-routen-bdbv-nuccore-vp24	8139	eaa8ef34f8f93a860f6e64c93dbb548b954dd42e837a7a913cfb0e93de89c466
F0052	bdbv-vp24_vp24-config_table_ncbi-protein-routep-bdbv-vp24-proteins_v01_20261002.tsv	02_primary_sequence_data/bdbv_vp24_records/bdbv-vp24_vp24-config_table_ncbi-protein-routep-bdbv-vp24-proteins_v01_20261002.tsv	analysis/vp24_census_main_20260925/routeP_bdbv_vp24_proteins.tsv	02_primary_sequence_data	bdbv_vp24_records	table	vp24-config	ncbi-protein-routep-bdbv-vp24-proteins	7329	2fd70083111cfb690ae5b2935c4a19eb8aed4977f864fba3c9369e70f0bd42a1
F0053	bdbv-vp24_vp24-config_table_ncbi-protein-vp24-census-summary_v01_20261002.json	02_primary_sequence_data/bdbv_vp24_records/bdbv-vp24_vp24-config_table_ncbi-protein-vp24-census-summary_v01_20261002.json	analysis/vp24_census_main_20260925/vp24_census_summary.json	02_primary_sequence_data	bdbv_vp24_records	table	vp24-config	ncbi-protein-vp24-census-summary	6467	34efa0ef5667c7f3e1b340b5e4cef7bca7e8ef1812a2664a5707d1fb9ad24809
F0054	bdbv-vp24_vp24-config_calls_ncbi-protein-coordinator-crosscheck-vp24-six_v01_20261002.tsv	02_primary_sequence_data/genus_vp24_screen/bdbv-vp24_vp24-config_calls_ncbi-protein-coordinator-crosscheck-vp24-six_v01_20261002.tsv	analysis/vp24_pan_species_20260925/coordinator_crosscheck/vp24_six_species_positions.tsv	02_primary_sequence_data	genus_vp24_screen	calls	vp24-config	ncbi-protein-coordinator-crosscheck-vp24-six	291040	e235bc75588192649dc897c2bda943f443595322feb257fd26b39f65f7535c12
F0055	bdbv-vp24_vp24-config_table_ncbi-protein-coordinator-crosscheck-vp24-six_v01_20261002.json	02_primary_sequence_data/genus_vp24_screen/bdbv-vp24_vp24-config_table_ncbi-protein-coordinator-crosscheck-vp24-six_v01_20261002.json	analysis/vp24_pan_species_20260925/coordinator_crosscheck/vp24_six_species_summary.json	02_primary_sequence_data	genus_vp24_screen	table	vp24-config	ncbi-protein-coordinator-crosscheck-vp24-six	6715	5a270b0cdf960775652ebfe645f6e5e48d6f3c17495edce2eca149a2a8a531e8
F0056	bdbv-vp24_vp24-config_table_ncbi-protein-coordinator-crosscheck-bdbv-vp24_v01_20261002.tsv	02_primary_sequence_data/bdbv_vp24_records/bdbv-vp24_vp24-config_table_ncbi-protein-coordinator-crosscheck-bdbv-vp24_v01_20261002.tsv	analysis/vp24_bdbv_census_20260925/coordinator_crosscheck/bdbv_vp24_protein_records.tsv	02_primary_sequence_data	bdbv_vp24_records	table	vp24-config	ncbi-protein-coordinator-crosscheck-bdbv-vp24	5972	b386326c19f4d5bff58c63d3ea353166323363e765ed249431e0b646a8eb587a
F0057	bdbv-vp24_vp24-config_table_ncbi-protein-coordinator-crosscheck-bdbv-within_v01_20261002.json	02_primary_sequence_data/bdbv_vp24_records/bdbv-vp24_vp24-config_table_ncbi-protein-coordinator-crosscheck-bdbv-within_v01_20261002.json	analysis/vp24_bdbv_census_20260925/coordinator_crosscheck/bdbv_within_species_variation.json	02_primary_sequence_data	bdbv_vp24_records	table	vp24-config	ncbi-protein-coordinator-crosscheck-bdbv-within	381	c653a4c4b5f03284f36049e1dc390174b27b453cbcb75ceb83cc039fce945491
F0058	bdbv-vp24_vp24-config_table_ncbi-protein-coordinator-crosscheck-census_v01_20261002.json	02_primary_sequence_data/bdbv_vp24_records/bdbv-vp24_vp24-config_table_ncbi-protein-coordinator-crosscheck-census_v01_20261002.json	analysis/vp24_bdbv_census_20260925/coordinator_crosscheck/census_crosscheck_summary.json	02_primary_sequence_data	bdbv_vp24_records	table	vp24-config	ncbi-protein-coordinator-crosscheck-census	2854	8f6d9ca20505e76c639c5526318513046e6a6086c6b455cc0ab2cb00708237c7
F0059	bdbv-vp24_vp24-config_table_ncbi-nuccore-bdbv-2026-esummary_v01_20261002.json	02_primary_sequence_data/outbreak_2026_genomes/bdbv-vp24_vp24-config_table_ncbi-nuccore-bdbv-2026-esummary_v01_20261002.json	analysis/bdbv_2026_sequence_20260919/bdbv_2026_esummary.json	02_primary_sequence_data	outbreak_2026_genomes	table	vp24-config	ncbi-nuccore-bdbv-2026-esummary	33640	f2254ac09a1dba4a60b6fd0632166495a5b5e580687f70a25a6b393a55fb180f
F0060	bdbv-vp24_vp24-config_table_ncbi-nuccore-bdbv-2026-sequence-summary_v01_20261002.json	02_primary_sequence_data/outbreak_2026_genomes/bdbv-vp24_vp24-config_table_ncbi-nuccore-bdbv-2026-sequence-summary_v01_20261002.json	analysis/bdbv_2026_sequence_20260919/bdbv_2026_sequence_summary.json	02_primary_sequence_data	outbreak_2026_genomes	table	vp24-config	ncbi-nuccore-bdbv-2026-sequence-summary	2089	bf08aadf49246aa7ff0e7b08f4733e17180d2c7b26979953f461fb3f5a230669
F0061	bdbv-vp24_vp24-config_calls_ncbi-nuccore-vp24-interface-positions_v01_20261002.tsv	02_primary_sequence_data/outbreak_2026_genomes/bdbv-vp24_vp24-config_calls_ncbi-nuccore-vp24-interface-positions_v01_20261002.tsv	analysis/bdbv_2026_sequence_20260919/vp24_interface_positions.tsv	02_primary_sequence_data	outbreak_2026_genomes	calls	vp24-config	ncbi-nuccore-vp24-interface-positions	9838	ccdd590d88bdc70bd54a3512ffb3c039274ad7e07bb425ea7340e634536747da
F0062	bdbv-vp24_vp24-config_calls_ncbi-nuccore-vp24-protein-variants_v01_20261002.tsv	02_primary_sequence_data/outbreak_2026_genomes/bdbv-vp24_vp24-config_calls_ncbi-nuccore-vp24-protein-variants_v01_20261002.tsv	analysis/bdbv_2026_sequence_20260919/vp24_protein_variants.tsv	02_primary_sequence_data	outbreak_2026_genomes	calls	vp24-config	ncbi-nuccore-vp24-protein-variants	2903	4460119fc2c85db17e21c384a8ec931c7c950a328db6dde3a6b39d6dd9b441f0
F0063	bdbv-vp24_vp24-config_table_ncbi-nuccore-vp24-qc-variation_v01_20261002.tsv	02_primary_sequence_data/outbreak_2026_genomes/bdbv-vp24_vp24-config_table_ncbi-nuccore-vp24-qc-variation_v01_20261002.tsv	analysis/bdbv_2026_sequence_20260919/vp24_qc_variation.tsv	02_primary_sequence_data	outbreak_2026_genomes	table	vp24-config	ncbi-nuccore-vp24-qc-variation	888	166abe0a77d0cc74c9f208b2c9a469606dad9d0454b6dd77d57a1427ad6eeb29
F0064	bdbv-vp24_vp24-config_table_ncbi-nuccore-check-summary_v01_20261002.json	02_primary_sequence_data/outbreak_2026_genomes/bdbv-vp24_vp24-config_table_ncbi-nuccore-check-summary_v01_20261002.json	analysis/bdbv_seq_survey_20260924/check_summary.json	02_primary_sequence_data	outbreak_2026_genomes	table	vp24-config	ncbi-nuccore-check-summary	6521	ed2e37365ef63ee69fe339026d362f7cdc7e8143f1c75c59df4c7c38deacd9a0
F0065	bdbv-vp24_vp24-config_table_ncbi-nuccore-complete-genomes_v01_20261002.fasta	02_primary_sequence_data/outbreak_2026_genomes/bdbv-vp24_vp24-config_table_ncbi-nuccore-complete-genomes_v01_20261002.fasta	analysis/bdbv_seq_survey_20260924/complete_genomes.fasta	02_primary_sequence_data	outbreak_2026_genomes	table	vp24-config	ncbi-nuccore-complete-genomes	700653	7021c651a9e4bd77159c965969d7aec04164de330b711d53fcecb3ec4719984f
F0066	bdbv-vp24_vp24-config_table_ncbi-nuccore-esearch_v01_20261002.json	02_primary_sequence_data/outbreak_2026_genomes/bdbv-vp24_vp24-config_table_ncbi-nuccore-esearch_v01_20261002.json	analysis/bdbv_seq_survey_20260924/esearch.json	02_primary_sequence_data	outbreak_2026_genomes	table	vp24-config	ncbi-nuccore-esearch	2052	d13caa6e5511eac1d07e829555590c15d2cfed54ee28eefba39976cae2867767
F0067	bdbv-vp24_vp24-config_calls_ncbi-nuccore-recent-records_v01_20261002.tsv	02_primary_sequence_data/outbreak_2026_genomes/bdbv-vp24_vp24-config_calls_ncbi-nuccore-recent-records_v01_20261002.tsv	analysis/bdbv_seq_survey_20260924/recent_records.tsv	02_primary_sequence_data	outbreak_2026_genomes	calls	vp24-config	ncbi-nuccore-recent-records	5426	5471d23c68b9ae6c4af966947d689b202fba8e167fe988f73119220b54c534f7
F0068	bdbv-vp24_vp24-config_table_ncbi-nuccore-reference-cds_v01_20261002.tsv	02_primary_sequence_data/outbreak_2026_genomes/bdbv-vp24_vp24-config_table_ncbi-nuccore-reference-cds_v01_20261002.tsv	analysis/bdbv_seq_survey_20260924/reference_cds.tsv	02_primary_sequence_data	outbreak_2026_genomes	table	vp24-config	ncbi-nuccore-reference-cds	224	23b9d10ef8ebe37cd875abd1aa0214edd526f86042f4f2a4a732e851fa641bb8
F0069	bdbv-vp24_vp24-config_table_ncbi-nuccore-refseq-nc014373_v01_20261002.gb	02_primary_sequence_data/outbreak_2026_genomes/bdbv-vp24_vp24-config_table_ncbi-nuccore-refseq-nc014373_v01_20261002.gb	analysis/bdbv_seq_survey_20260924/refseq_nc014373.gb	02_primary_sequence_data	outbreak_2026_genomes	table	vp24-config	ncbi-nuccore-refseq-nc014373	45441	39f781ef9b1c6b20015eed81481eb92c5d2ff5e2f7e9758bf9ced1266c0b1350
F0070	bdbv-vp24_vp24-config_calls_ncbi-nuccore-strain-motifs_v01_20261002.tsv	02_primary_sequence_data/outbreak_2026_genomes/bdbv-vp24_vp24-config_calls_ncbi-nuccore-strain-motifs_v01_20261002.tsv	analysis/bdbv_seq_survey_20260924/strain_motifs.tsv	02_primary_sequence_data	outbreak_2026_genomes	calls	vp24-config	ncbi-nuccore-strain-motifs	3338	8f41bbcbe9f1657c4efd1b33ad9a34067f626e27a4adafc4d4082281c75e2d1b
F0071	bdbv-vp24_vp24-config_table_cross-db-g1-summary_v01_20261002.json	02_primary_sequence_data/genus_vp24_screen/bdbv-vp24_vp24-config_table_cross-db-g1-summary_v01_20261002.json	analysis/g1_crossdb_census_20260926/g1_summary.json	02_primary_sequence_data	genus_vp24_screen	table	vp24-config	cross-db-g1-summary	25051	93591567159127eb708a5047a42599faab1df1bd16c017ec1bac079a3347b337
F0072	bdbv-vp24_vp24-config_table_cross-db-g1b-summary_v01_20261002.json	02_primary_sequence_data/genus_vp24_screen/bdbv-vp24_vp24-config_table_cross-db-g1b-summary_v01_20261002.json	analysis/g1b_crossdb_screen_20260926/g1b_summary.json	02_primary_sequence_data	genus_vp24_screen	table	vp24-config	cross-db-g1b-summary	76648	5b976a780a50df2a04017e934a7c6440da3c2651a54445f99eaae16999ee758a
F0073	bdbv-vp24_vp24-config_table_msa-vp24_v01_20261002.dnd	02_primary_sequence_data/alignments/bdbv-vp24_vp24-config_table_msa-vp24_v01_20261002.dnd	data/orthologs/fasta/VP24.dnd	02_primary_sequence_data	alignments	table	vp24-config	msa-vp24	168	4d3d428cf9b38c6617e5090777bbc7c17bb5c5e9f2dd6712119e00204810d7a1
F0074	bdbv-vp24_vp24-config_table_msa-vp24_v01_20261002.fasta	02_primary_sequence_data/alignments/bdbv-vp24_vp24-config_table_msa-vp24_v01_20261002.fasta	data/orthologs/fasta/VP24.fasta	02_primary_sequence_data	alignments	table	vp24-config	msa-vp24	1361	99af848b37a55f104a9bf3e6c2060756fb340444fdfe277c29dae168a0779fed
F0075	bdbv-vp24_vp24-config_table_msa-vp24-aln_v01_20261002.fasta	02_primary_sequence_data/alignments/bdbv-vp24_vp24-config_table_msa-vp24-aln_v01_20261002.fasta	data/orthologs/msa_clustalw/VP24.aln.fasta	02_primary_sequence_data	alignments	table	vp24-config	msa-vp24-aln	1401	97033b54cd1da5bb28ca358e68c2a6b36bd5ba4d9e2cf63832b722058f964600
F0076	bdbv-vp24_vp24-interface_table_pdb4u2x_v01_20261002.pdb	03_primary_structure_and_interface/pdb_4u2x_experimental/bdbv-vp24_vp24-interface_table_pdb4u2x_v01_20261002.pdb	analysis/t4_vp24_struct_seqmap_20260925/4U2X.pdb	03_primary_structure_and_interface	pdb_4u2x_experimental	table	vp24-interface	pdb4u2x	1713798	0ec80f0eb40860816f08d37340f1275cac1f0200c91dbd820fcd2c4608d9e87e
F0077	bdbv-vp24_vp24-interface_table_pdb4u2x-chain-summary_v01_20261002.tsv	03_primary_structure_and_interface/pdb_4u2x_experimental/bdbv-vp24_vp24-interface_table_pdb4u2x-chain-summary_v01_20261002.tsv	analysis/t4_vp24_struct_seqmap_20260925/chain_summary.tsv	03_primary_structure_and_interface	pdb_4u2x_experimental	table	vp24-interface	pdb4u2x-chain-summary	168	e576c0f00407099e8b97332929ea52276c4f6828a47cea3f84361cb1703f0504
F0078	bdbv-vp24_vp24-interface_table_pdb4u2x-interface-contacts_v01_20261002.tsv	03_primary_structure_and_interface/pdb_4u2x_experimental/bdbv-vp24_vp24-interface_table_pdb4u2x-interface-contacts_v01_20261002.tsv	analysis/t4_vp24_struct_seqmap_20260925/interface_contacts.tsv	03_primary_structure_and_interface	pdb_4u2x_experimental	table	vp24-interface	pdb4u2x-interface-contacts	26567	6ca52ae4e88db8048a9160739f3a1c2cf7d4ea779d25d5c0ebb0e14c90fa01a7
F0079	bdbv-vp24_vp24-interface_table_pdb4u2x-interface-species_v01_20261002.tsv	03_primary_structure_and_interface/pdb_4u2x_experimental/bdbv-vp24_vp24-interface_table_pdb4u2x-interface-species_v01_20261002.tsv	analysis/t4_vp24_struct_seqmap_20260925/interface_species.tsv	03_primary_structure_and_interface	pdb_4u2x_experimental	table	vp24-interface	pdb4u2x-interface-species	1120	afc0633aa4175d422297de9a39f146adcb29359a7c7f96455031c4a92929bb2b
F0080	bdbv-vp24_vp24-interface_table_pdb4u2x-summary_v01_20261002.json	03_primary_structure_and_interface/pdb_4u2x_experimental/bdbv-vp24_vp24-interface_table_pdb4u2x-summary_v01_20261002.json	analysis/t4_vp24_struct_seqmap_20260925/summary.json	03_primary_structure_and_interface	pdb_4u2x_experimental	table	vp24-interface	pdb4u2x-summary	1125	a33953978da5220849bb3b6d737a285572df62ddfd1013bdb5f9238f04194036
F0081	bdbv-vp24_vp24-interface_table_pdb4u2x-vp24-interface-residues_v01_20261002.tsv	03_primary_structure_and_interface/pdb_4u2x_experimental/bdbv-vp24_vp24-interface_table_pdb4u2x-vp24-interface-residues_v01_20261002.tsv	analysis/t4_vp24_struct_seqmap_20260925/vp24_interface_residues.tsv	03_primary_structure_and_interface	pdb_4u2x_experimental	table	vp24-interface	pdb4u2x-vp24-interface-residues	858	87354083791acfce557ba474355d704b38e768d066ad65b3aaf0208159fe5960
F0082	bdbv-vp24_vp24-interface_table_pdb4u2x-model_v01_20261002.pdb	03_primary_structure_and_interface/bdbv_vp24_model/bdbv-vp24_vp24-interface_table_pdb4u2x-model_v01_20261002.pdb	data/同源建模/curated/VP24/model.pdb	03_primary_structure_and_interface	bdbv_vp24_model	table	vp24-interface	pdb4u2x-model	290971	50eafbe885407f8568fe43fc4993cd91370b81fdb4c82926eec314bd8ffaf463
F0083	bdbv-vp24_vp24-interface_table_pdb4u2x-model-metadata_v01_20261002.json	03_primary_structure_and_interface/bdbv_vp24_model/bdbv-vp24_vp24-interface_table_pdb4u2x-model-metadata_v01_20261002.json	data/同源建模/curated/VP24/model_metadata.json	03_primary_structure_and_interface	bdbv_vp24_model	table	vp24-interface	pdb4u2x-model-metadata	1322	d2bd8657ce500037b9e349277746615919d31c07edcb48a5bd2ed767afc65407
F0084	bdbv-vp24_vp24-interface_table_pdb4u2x-target-sequence_v01_20261002.fasta	03_primary_structure_and_interface/bdbv_vp24_model/bdbv-vp24_vp24-interface_table_pdb4u2x-target-sequence_v01_20261002.fasta	data/同源建模/curated/VP24/target_sequence.fasta	03_primary_structure_and_interface	bdbv_vp24_model	table	vp24-interface	pdb4u2x-target-sequence	291	66e39912da2a533f1691ddfcbffe3f950fb2a52920dfb7f3a4ce95a327730255
F0085	bdbv-vp24_vp24-interface_table_pdb4u2x-bdbv-vp24-kpna1-from4u2x-paralog_v01_20261002.pdb	03_primary_structure_and_interface/bdbv_vp24_model/bdbv-vp24_vp24-interface_table_pdb4u2x-bdbv-vp24-kpna1-from4u2x-paralog_v01_20261002.pdb	data/template_transfer_20260919/bdbv_vp24_kpna1_from4u2x_paralog.pdb	03_primary_structure_and_interface	bdbv_vp24_model	table	vp24-interface	pdb4u2x-bdbv-vp24-kpna1-from4u2x-paralog	831244	f7029ec2bfa61f4e3387322c574a0f1f4d53776b158efabeea57463dadc3fd24
F0086	bdbv-vp24_vp24-interface_table_pdb4u2x-bdbv-vp24-kpna5-from4u2x_v01_20261002.pdb	03_primary_structure_and_interface/bdbv_vp24_model/bdbv-vp24_vp24-interface_table_pdb4u2x-bdbv-vp24-kpna5-from4u2x_v01_20261002.pdb	data/template_transfer_20260919/bdbv_vp24_kpna5_from4u2x.pdb	03_primary_structure_and_interface	bdbv_vp24_model	table	vp24-interface	pdb4u2x-bdbv-vp24-kpna5-from4u2x	393528	d23cd91a350e379d4da6469078fcdab316a17d21080f6c9fd3fe9d13c2c21a36
F0087	bdbv-vp24_md-pilot_table_md-pilot-pilot-bench_v01_20261002.json	03_primary_structure_and_interface/md_pilot/bdbv-vp24_md-pilot_table_md-pilot-pilot-bench_v01_20261002.json	analysis/t4_p83_stability_20260925/pilot_bench.json	03_primary_structure_and_interface	md_pilot	table	md-pilot	md-pilot-pilot-bench	420	ba3f254967a5b3b3b9238eb03e23f78b9e25c718f9949413d9ef2bff394b2ee7
F0088	bdbv-vp24_md-pilot_table_md-pilot-pilot-run_v01_20261002.json	03_primary_structure_and_interface/md_pilot/bdbv-vp24_md-pilot_table_md-pilot-pilot-run_v01_20261002.json	analysis/t4_p83_stability_20260925/pilot_run.json	03_primary_structure_and_interface	md_pilot	table	md-pilot	md-pilot-pilot-run	940	833f62b74502519f7eac3c58c1c2f3a37ca8394d62b7530b05145560606386f1
F0089	bdbv-vp24_md-pilot_table_md-pilot-vp24-ap83_v01_20261002.pdb	03_primary_structure_and_interface/md_pilot/bdbv-vp24_md-pilot_table_md-pilot-vp24-ap83_v01_20261002.pdb	analysis/t4_p83_stability_20260925/vp24_AP83.pdb	03_primary_structure_and_interface	md_pilot	table	md-pilot	md-pilot-vp24-ap83	140640	5fa24a26feda2d6d8ea7a3e0f5d955dbfcdc471efe6c9fd5cd483871afdac087
F0090	bdbv-vp24_md-pilot_table_md-pilot-vp24-wt_v01_20261002.pdb	03_primary_structure_and_interface/md_pilot/bdbv-vp24_md-pilot_table_md-pilot-vp24-wt_v01_20261002.pdb	analysis/t4_p83_stability_20260925/vp24_WT.pdb	03_primary_structure_and_interface	md_pilot	table	md-pilot	md-pilot-vp24-wt	140804	950c64f0c868cb3fb5c767120f0bfe89c84f6da8f1a93138379c53589fdc490a
F0091	bdbv-vp24_md-pilot_table_md-pilot-wt_v01_20261002.pdb	03_primary_structure_and_interface/md_pilot/bdbv-vp24_md-pilot_table_md-pilot-wt_v01_20261002.pdb	analysis/t4_vp24_openmm_20260925/WT.pdb	03_primary_structure_and_interface	md_pilot	table	md-pilot	md-pilot-wt	249623	154d6b5ef460f807416bb7864f60a6f38db85c023ef1af468fbdc8f72c7ec524
F0092	bdbv-vp24_md-pilot_table_md-pilot-complex-wt_v01_20261002.pdb	03_primary_structure_and_interface/md_pilot/bdbv-vp24_md-pilot_table_md-pilot-complex-wt_v01_20261002.pdb	analysis/t4_vp24_openmm_20260925/complex_wt.pdb	03_primary_structure_and_interface	md_pilot	table	md-pilot	md-pilot-complex-wt	249623	154d6b5ef460f807416bb7864f60a6f38db85c023ef1af468fbdc8f72c7ec524
F0093	bdbv-vp24_md-pilot_table_md-pilot-openmm-results_v01_20261002.json	03_primary_structure_and_interface/md_pilot/bdbv-vp24_md-pilot_table_md-pilot-openmm-results_v01_20261002.json	analysis/t4_vp24_openmm_20260925/openmm_results.json	03_primary_structure_and_interface	md_pilot	table	md-pilot	md-pilot-openmm-results	4041	36cbac04972b3c19baea8d253c96472b7f340349b9396904dcc685eb5cc31fe9
F0094	bdbv-vp24_md-pilot_table_md-pilot-bdbv-iface5-plus83-a_v01_20261002.pdb	03_primary_structure_and_interface/md_pilot/bdbv-vp24_md-pilot_table_md-pilot-bdbv-iface5-plus83-a_v01_20261002.pdb	analysis/t4_vp24_openmm_20260925/BDBV_iface5_plus83/A.pdb	03_primary_structure_and_interface	md_pilot	table	md-pilot	md-pilot-bdbv-iface5-plus83-a	285206	5f47d20154c079ec587203ea36891373c59c8a194d8cf24befa6057faeaab8bd
F0095	bdbv-vp24_md-pilot_table_md-pilot-bdbv-iface5-plus83-b_v01_20261002.pdb	03_primary_structure_and_interface/md_pilot/bdbv-vp24_md-pilot_table_md-pilot-bdbv-iface5-plus83-b_v01_20261002.pdb	analysis/t4_vp24_openmm_20260925/BDBV_iface5_plus83/B.pdb	03_primary_structure_and_interface	md_pilot	table	md-pilot	md-pilot-bdbv-iface5-plus83-b	220508	524ef601635f138188b78a7fe808ee231fb6c278a7770c8f1c07f672a64c1500
F0096	bdbv-vp24_md-pilot_table_md-pilot-bdbv-iface5-plus83-d_v01_20261002.pdb	03_primary_structure_and_interface/md_pilot/bdbv-vp24_md-pilot_table_md-pilot-bdbv-iface5-plus83-d_v01_20261002.pdb	analysis/t4_vp24_openmm_20260925/BDBV_iface5_plus83/D.pdb	03_primary_structure_and_interface	md_pilot	table	md-pilot	md-pilot-bdbv-iface5-plus83-d	10	37ba7517c8e20c4c2f8bfcc54cd5fc59fcb71498631807505b077654a9a8bdf5
F0097	bdbv-vp24_md-pilot_table_md-pilot-bdbv-iface5-plus83-minimised_v01_20261002.pdb	03_primary_structure_and_interface/md_pilot/bdbv-vp24_md-pilot_table_md-pilot-bdbv-iface5-plus83-minimised_v01_20261002.pdb	analysis/t4_vp24_openmm_20260925/BDBV_iface5_plus83/minimised.pdb	03_primary_structure_and_interface	md_pilot	table	md-pilot	md-pilot-bdbv-iface5-plus83-minimised	505803	4722bd6f179da4ca2b28c1d94ab07cb95eac6e461533e30b6276cf06eaba93b3
F0098	bdbv-vp24_md-pilot_table_md-pilot-bdbv-iface5-plus83-mutant_v01_20261002.pdb	03_primary_structure_and_interface/md_pilot/bdbv-vp24_md-pilot_table_md-pilot-bdbv-iface5-plus83-mutant_v01_20261002.pdb	analysis/t4_vp24_openmm_20260925/BDBV_iface5_plus83/mutant.pdb	03_primary_structure_and_interface	md_pilot	table	md-pilot	md-pilot-bdbv-iface5-plus83-mutant	248229	3d500914bc612465d8bcb264d7bbdc68c926c2383a8764d0cbe8a5e8f3d0a89c
F0099	bdbv-vp24_md-pilot_table_md-pilot-bdbv-interface5-a_v01_20261002.pdb	03_primary_structure_and_interface/md_pilot/bdbv-vp24_md-pilot_table_md-pilot-bdbv-interface5-a_v01_20261002.pdb	analysis/t4_vp24_openmm_20260925/BDBV_interface5/A.pdb	03_primary_structure_and_interface	md_pilot	table	md-pilot	md-pilot-bdbv-interface5-a	285452	42e18c90880681325b72ae8f7cb5ae33947da25ca23cc50a0b607e9888411598
F0100	bdbv-vp24_md-pilot_table_md-pilot-bdbv-interface5-b_v01_20261002.pdb	03_primary_structure_and_interface/md_pilot/bdbv-vp24_md-pilot_table_md-pilot-bdbv-interface5-b_v01_20261002.pdb	analysis/t4_vp24_openmm_20260925/BDBV_interface5/B.pdb	03_primary_structure_and_interface	md_pilot	table	md-pilot	md-pilot-bdbv-interface5-b	220508	516cdfa538c201fbc1fede54b16916da2b34526f37eb86e66f43d1c30b7c01f6
F0101	bdbv-vp24_md-pilot_table_md-pilot-bdbv-interface5-d_v01_20261002.pdb	03_primary_structure_and_interface/md_pilot/bdbv-vp24_md-pilot_table_md-pilot-bdbv-interface5-d_v01_20261002.pdb	analysis/t4_vp24_openmm_20260925/BDBV_interface5/D.pdb	03_primary_structure_and_interface	md_pilot	table	md-pilot	md-pilot-bdbv-interface5-d	10	37ba7517c8e20c4c2f8bfcc54cd5fc59fcb71498631807505b077654a9a8bdf5
F0102	bdbv-vp24_md-pilot_table_md-pilot-bdbv-interface5-minimised_v01_20261002.pdb	03_primary_structure_and_interface/md_pilot/bdbv-vp24_md-pilot_table_md-pilot-bdbv-interface5-minimised_v01_20261002.pdb	analysis/t4_vp24_openmm_20260925/BDBV_interface5/minimised.pdb	03_primary_structure_and_interface	md_pilot	table	md-pilot	md-pilot-bdbv-interface5-minimised	506049	8687f98243cc8496156a17c0a4372b00278ccd66a3b26151dca4aecec7f1d942
F0103	bdbv-vp24_md-pilot_table_md-pilot-bdbv-interface5-mutant_v01_20261002.pdb	03_primary_structure_and_interface/md_pilot/bdbv-vp24_md-pilot_table_md-pilot-bdbv-interface5-mutant_v01_20261002.pdb	analysis/t4_vp24_openmm_20260925/BDBV_interface5/mutant.pdb	03_primary_structure_and_interface	md_pilot	table	md-pilot	md-pilot-bdbv-interface5-mutant	248393	ed825ec603ef1d4ab33e55819a9413632ebed18bb81910bf244eee01be147609
F0104	bdbv-vp24_md-pilot_table_md-pilot-dbg-a_v01_20261002.pdb	03_primary_structure_and_interface/md_pilot/bdbv-vp24_md-pilot_table_md-pilot-dbg-a_v01_20261002.pdb	analysis/t4_vp24_openmm_20260925/DBG/A.pdb	03_primary_structure_and_interface	md_pilot	table	md-pilot	md-pilot-dbg-a	285206	6d0050a41ea060e7e584421266d359a2575c2ac1e7321567423416b20b3a2832
F0105	bdbv-vp24_md-pilot_table_md-pilot-dbg-d_v01_20261002.pdb	03_primary_structure_and_interface/md_pilot/bdbv-vp24_md-pilot_table_md-pilot-dbg-d_v01_20261002.pdb	analysis/t4_vp24_openmm_20260925/DBG/D.pdb	03_primary_structure_and_interface	md_pilot	table	md-pilot	md-pilot-dbg-d	10	37ba7517c8e20c4c2f8bfcc54cd5fc59fcb71498631807505b077654a9a8bdf5
F0106	bdbv-vp24_md-pilot_table_md-pilot-dbg-minimised_v01_20261002.pdb	03_primary_structure_and_interface/md_pilot/bdbv-vp24_md-pilot_table_md-pilot-dbg-minimised_v01_20261002.pdb	analysis/t4_vp24_openmm_20260925/DBG/minimised.pdb	03_primary_structure_and_interface	md_pilot	table	md-pilot	md-pilot-dbg-minimised	505803	4def3747ce4621a896f4c153cda3cad4b2fd0813ac7b49a2366b601a147a1f87
F0107	bdbv-vp24_md-pilot_table_md-pilot-dbg-mutant_v01_20261002.pdb	03_primary_structure_and_interface/md_pilot/bdbv-vp24_md-pilot_table_md-pilot-dbg-mutant_v01_20261002.pdb	analysis/t4_vp24_openmm_20260925/DBG/mutant.pdb	03_primary_structure_and_interface	md_pilot	table	md-pilot	md-pilot-dbg-mutant	249623	154d6b5ef460f807416bb7864f60a6f38db85c023ef1af468fbdc8f72c7ec524
F0108	bdbv-vp24_md-pilot_table_md-pilot-ebov-4x-bdbvres-a_v01_20261002.pdb	03_primary_structure_and_interface/md_pilot/bdbv-vp24_md-pilot_table_md-pilot-ebov-4x-bdbvres-a_v01_20261002.pdb	analysis/t4_vp24_openmm_20260925/EBOV_4x_BDBVres/A.pdb	03_primary_structure_and_interface	md_pilot	table	md-pilot	md-pilot-ebov-4x-bdbvres-a	284140	06299442c3295f44b0617c49cf269ad6a3fc5261135fa0cb35a0304f68697a43
F0109	bdbv-vp24_md-pilot_table_md-pilot-ebov-4x-bdbvres-b_v01_20261002.pdb	03_primary_structure_and_interface/md_pilot/bdbv-vp24_md-pilot_table_md-pilot-ebov-4x-bdbvres-b_v01_20261002.pdb	analysis/t4_vp24_openmm_20260925/EBOV_4x_BDBVres/B.pdb	03_primary_structure_and_interface	md_pilot	table	md-pilot	md-pilot-ebov-4x-bdbvres-b	220508	3dd0b271d34af6100337495e0bdcb77bf4a08932020319eb326f7423627529c3
F0110	bdbv-vp24_md-pilot_table_md-pilot-ebov-4x-bdbvres-d_v01_20261002.pdb	03_primary_structure_and_interface/md_pilot/bdbv-vp24_md-pilot_table_md-pilot-ebov-4x-bdbvres-d_v01_20261002.pdb	analysis/t4_vp24_openmm_20260925/EBOV_4x_BDBVres/D.pdb	03_primary_structure_and_interface	md_pilot	table	md-pilot	md-pilot-ebov-4x-bdbvres-d	10	37ba7517c8e20c4c2f8bfcc54cd5fc59fcb71498631807505b077654a9a8bdf5
F0111	bdbv-vp24_md-pilot_table_md-pilot-ebov-4x-bdbvres-minimised_v01_20261002.pdb	03_primary_structure_and_interface/md_pilot/bdbv-vp24_md-pilot_table_md-pilot-ebov-4x-bdbvres-minimised_v01_20261002.pdb	analysis/t4_vp24_openmm_20260925/EBOV_4x_BDBVres/minimised.pdb	03_primary_structure_and_interface	md_pilot	table	md-pilot	md-pilot-ebov-4x-bdbvres-minimised	504737	adf87858ad869b97c5085fc955270c3fc3619ced4b14bb56515e02d66e7649aa
F0112	bdbv-vp24_md-pilot_table_md-pilot-ebov-4x-bdbvres-mutant_v01_20261002.pdb	03_primary_structure_and_interface/md_pilot/bdbv-vp24_md-pilot_table_md-pilot-ebov-4x-bdbvres-mutant_v01_20261002.pdb	analysis/t4_vp24_openmm_20260925/EBOV_4x_BDBVres/mutant.pdb	03_primary_structure_and_interface	md_pilot	table	md-pilot	md-pilot-ebov-4x-bdbvres-mutant	248557	891ce5304b079f92b60e6aa3b7b9a26b509826196a30e1b11030fd4ba0a944fb
F0113	bdbv-vp24_md-pilot_table_md-pilot-ebov-n135a-a_v01_20261002.pdb	03_primary_structure_and_interface/md_pilot/bdbv-vp24_md-pilot_table_md-pilot-ebov-n135a-a_v01_20261002.pdb	analysis/t4_vp24_openmm_20260925/EBOV_N135A/A.pdb	03_primary_structure_and_interface	md_pilot	table	md-pilot	md-pilot-ebov-n135a-a	284878	fd26dc9dcc9b7ad93eaa3d2d782c9947d36ac6165cbfb3b7ff910f319163d813
F0114	bdbv-vp24_md-pilot_table_md-pilot-ebov-n135a-b_v01_20261002.pdb	03_primary_structure_and_interface/md_pilot/bdbv-vp24_md-pilot_table_md-pilot-ebov-n135a-b_v01_20261002.pdb	analysis/t4_vp24_openmm_20260925/EBOV_N135A/B.pdb	03_primary_structure_and_interface	md_pilot	table	md-pilot	md-pilot-ebov-n135a-b	220508	0ffc71c45a560c161892304477b495a865572df46a165b22706d8e8299dce325
F0115	bdbv-vp24_md-pilot_table_md-pilot-ebov-n135a-d_v01_20261002.pdb	03_primary_structure_and_interface/md_pilot/bdbv-vp24_md-pilot_table_md-pilot-ebov-n135a-d_v01_20261002.pdb	analysis/t4_vp24_openmm_20260925/EBOV_N135A/D.pdb	03_primary_structure_and_interface	md_pilot	table	md-pilot	md-pilot-ebov-n135a-d	10	37ba7517c8e20c4c2f8bfcc54cd5fc59fcb71498631807505b077654a9a8bdf5
F0116	bdbv-vp24_md-pilot_table_md-pilot-ebov-n135a-minimised_v01_20261002.pdb	03_primary_structure_and_interface/md_pilot/bdbv-vp24_md-pilot_table_md-pilot-ebov-n135a-minimised_v01_20261002.pdb	analysis/t4_vp24_openmm_20260925/EBOV_N135A/minimised.pdb	03_primary_structure_and_interface	md_pilot	table	md-pilot	md-pilot-ebov-n135a-minimised	505475	71424f8c9e31a8f01f4e3c3138d28417aaf221f979ffd6354773a0fa2755d66c
F0117	bdbv-vp24_md-pilot_table_md-pilot-ebov-n135a-mutant_v01_20261002.pdb	03_primary_structure_and_interface/md_pilot/bdbv-vp24_md-pilot_table_md-pilot-ebov-n135a-mutant_v01_20261002.pdb	analysis/t4_vp24_openmm_20260925/EBOV_N135A/mutant.pdb	03_primary_structure_and_interface	md_pilot	table	md-pilot	md-pilot-ebov-n135a-mutant	249377	2c037a80ac1c8418965f6d5a622ea535072b2e3d731fcc9a072c9a3de7634e83
F0118	bdbv-vp24_md-pilot_table_md-pilot-ebov-r140a-a_v01_20261002.pdb	03_primary_structure_and_interface/md_pilot/bdbv-vp24_md-pilot_table_md-pilot-ebov-r140a-a_v01_20261002.pdb	analysis/t4_vp24_openmm_20260925/EBOV_R140A/A.pdb	03_primary_structure_and_interface	md_pilot	table	md-pilot	md-pilot-ebov-r140a-a	284058	4926d1ff76c900e523efb494b087368f93b468ce337d66017d3db8ffbd12f0c2
F0119	bdbv-vp24_md-pilot_table_md-pilot-ebov-r140a-b_v01_20261002.pdb	03_primary_structure_and_interface/md_pilot/bdbv-vp24_md-pilot_table_md-pilot-ebov-r140a-b_v01_20261002.pdb	analysis/t4_vp24_openmm_20260925/EBOV_R140A/B.pdb	03_primary_structure_and_interface	md_pilot	table	md-pilot	md-pilot-ebov-r140a-b	220508	01aac3206e0fe2eb0424d7c4728a7012da964978e5cf2b7f86e941ccc624433b
F0120	bdbv-vp24_md-pilot_table_md-pilot-ebov-r140a-d_v01_20261002.pdb	03_primary_structure_and_interface/md_pilot/bdbv-vp24_md-pilot_table_md-pilot-ebov-r140a-d_v01_20261002.pdb	analysis/t4_vp24_openmm_20260925/EBOV_R140A/D.pdb	03_primary_structure_and_interface	md_pilot	table	md-pilot	md-pilot-ebov-r140a-d	10	37ba7517c8e20c4c2f8bfcc54cd5fc59fcb71498631807505b077654a9a8bdf5
F0121	bdbv-vp24_md-pilot_table_md-pilot-ebov-r140a-minimised_v01_20261002.pdb	03_primary_structure_and_interface/md_pilot/bdbv-vp24_md-pilot_table_md-pilot-ebov-r140a-minimised_v01_20261002.pdb	analysis/t4_vp24_openmm_20260925/EBOV_R140A/minimised.pdb	03_primary_structure_and_interface	md_pilot	table	md-pilot	md-pilot-ebov-r140a-minimised	504655	d56cb75f3273ce884c935c0bec7ba40dccaa239cb21fc4606e092c28a974d639
F0122	bdbv-vp24_md-pilot_table_md-pilot-ebov-r140a-mutant_v01_20261002.pdb	03_primary_structure_and_interface/md_pilot/bdbv-vp24_md-pilot_table_md-pilot-ebov-r140a-mutant_v01_20261002.pdb	analysis/t4_vp24_openmm_20260925/EBOV_R140A/mutant.pdb	03_primary_structure_and_interface	md_pilot	table	md-pilot	md-pilot-ebov-r140a-mutant	249131	aa09a8ed834aa35065293c531c7f5a3ba3562ddc0c705b303ca0f4f3d38da4d7
F0123	bdbv-vp24_md-pilot_table_md-pilot-restv-interface-a_v01_20261002.pdb	03_primary_structure_and_interface/md_pilot/bdbv-vp24_md-pilot_table_md-pilot-restv-interface-a_v01_20261002.pdb	analysis/t4_vp24_openmm_20260925/RESTV_interface/A.pdb	03_primary_structure_and_interface	md_pilot	table	md-pilot	md-pilot-restv-interface-a	284386	6c0307f93244cc1c0cb89cb0c136b66ea8b834e83fa15c7f67293a3f6a7ed8d4
F0124	bdbv-vp24_md-pilot_table_md-pilot-restv-interface-b_v01_20261002.pdb	03_primary_structure_and_interface/md_pilot/bdbv-vp24_md-pilot_table_md-pilot-restv-interface-b_v01_20261002.pdb	analysis/t4_vp24_openmm_20260925/RESTV_interface/B.pdb	03_primary_structure_and_interface	md_pilot	table	md-pilot	md-pilot-restv-interface-b	220508	4d9a9d971a3668ca4141eb3540062608358e07ed4ae6239c0d9dc3dca4f0c270
F0125	bdbv-vp24_md-pilot_table_md-pilot-restv-interface-d_v01_20261002.pdb	03_primary_structure_and_interface/md_pilot/bdbv-vp24_md-pilot_table_md-pilot-restv-interface-d_v01_20261002.pdb	analysis/t4_vp24_openmm_20260925/RESTV_interface/D.pdb	03_primary_structure_and_interface	md_pilot	table	md-pilot	md-pilot-restv-interface-d	10	37ba7517c8e20c4c2f8bfcc54cd5fc59fcb71498631807505b077654a9a8bdf5
F0126	bdbv-vp24_md-pilot_table_md-pilot-restv-interface-minimised_v01_20261002.pdb	03_primary_structure_and_interface/md_pilot/bdbv-vp24_md-pilot_table_md-pilot-restv-interface-minimised_v01_20261002.pdb	analysis/t4_vp24_openmm_20260925/RESTV_interface/minimised.pdb	03_primary_structure_and_interface	md_pilot	table	md-pilot	md-pilot-restv-interface-minimised	504983	c4399934e6e5f8a8655c99e981417b2a486232db86fb87264af34a13e63d1754
F0127	bdbv-vp24_md-pilot_table_md-pilot-restv-interface-mutant_v01_20261002.pdb	03_primary_structure_and_interface/md_pilot/bdbv-vp24_md-pilot_table_md-pilot-restv-interface-mutant_v01_20261002.pdb	analysis/t4_vp24_openmm_20260925/RESTV_interface/mutant.pdb	03_primary_structure_and_interface	md_pilot	table	md-pilot	md-pilot-restv-interface-mutant	247327	bdecbfe0fb79eb5d56415048060e07bc294756e5e39b81773c043fb31c9d3954
F0128	bdbv-vp24_md-pilot_table_md-pilot-sudv-interface-a_v01_20261002.pdb	03_primary_structure_and_interface/md_pilot/bdbv-vp24_md-pilot_table_md-pilot-sudv-interface-a_v01_20261002.pdb	analysis/t4_vp24_openmm_20260925/SUDV_interface/A.pdb	03_primary_structure_and_interface	md_pilot	table	md-pilot	md-pilot-sudv-interface-a	284878	d91c01784506ac362a21b41644234a7c11674028a46cd42cdb0524edf8875afd
F0129	bdbv-vp24_md-pilot_table_md-pilot-sudv-interface-b_v01_20261002.pdb	03_primary_structure_and_interface/md_pilot/bdbv-vp24_md-pilot_table_md-pilot-sudv-interface-b_v01_20261002.pdb	analysis/t4_vp24_openmm_20260925/SUDV_interface/B.pdb	03_primary_structure_and_interface	md_pilot	table	md-pilot	md-pilot-sudv-interface-b	220508	ea7721736ccbd7049c02f67b93a63a62352214c5605622a6df26acb75d806194
F0130	bdbv-vp24_md-pilot_table_md-pilot-sudv-interface-d_v01_20261002.pdb	03_primary_structure_and_interface/md_pilot/bdbv-vp24_md-pilot_table_md-pilot-sudv-interface-d_v01_20261002.pdb	analysis/t4_vp24_openmm_20260925/SUDV_interface/D.pdb	03_primary_structure_and_interface	md_pilot	table	md-pilot	md-pilot-sudv-interface-d	10	37ba7517c8e20c4c2f8bfcc54cd5fc59fcb71498631807505b077654a9a8bdf5
F0131	bdbv-vp24_md-pilot_table_md-pilot-sudv-interface-minimised_v01_20261002.pdb	03_primary_structure_and_interface/md_pilot/bdbv-vp24_md-pilot_table_md-pilot-sudv-interface-minimised_v01_20261002.pdb	analysis/t4_vp24_openmm_20260925/SUDV_interface/minimised.pdb	03_primary_structure_and_interface	md_pilot	table	md-pilot	md-pilot-sudv-interface-minimised	505475	848cd1c12413a9b610d40716529489ebb8e381baac710699aadbe967d4d667f5
F0132	bdbv-vp24_md-pilot_table_md-pilot-sudv-interface-mutant_v01_20261002.pdb	03_primary_structure_and_interface/md_pilot/bdbv-vp24_md-pilot_table_md-pilot-sudv-interface-mutant_v01_20261002.pdb	analysis/t4_vp24_openmm_20260925/SUDV_interface/mutant.pdb	03_primary_structure_and_interface	md_pilot	table	md-pilot	md-pilot-sudv-interface-mutant	247901	a76c65227e7e2260d2831ed69b922d81db49fde9fa1165ab21caeac1ceaefbb9
F0133	bdbv-vp24_md-pilot_table_md-pilot-tafv-interface-mutant_v01_20261002.pdb	03_primary_structure_and_interface/md_pilot/bdbv-vp24_md-pilot_table_md-pilot-tafv-interface-mutant_v01_20261002.pdb	analysis/t4_vp24_openmm_20260925/TAFV_interface/mutant.pdb	03_primary_structure_and_interface	md_pilot	table	md-pilot	md-pilot-tafv-interface-mutant	247901	2b0ee22cb40370707c4eec8d01d8e3758a132e2a55e8c03c33502dc9c003c67e
F0134	bdbv-vp24_md-pilot_table_md-pilot-wt-a_v01_20261002.pdb	03_primary_structure_and_interface/md_pilot/bdbv-vp24_md-pilot_table_md-pilot-wt-a_v01_20261002.pdb	analysis/t4_vp24_openmm_20260925/WT/A.pdb	03_primary_structure_and_interface	md_pilot	table	md-pilot	md-pilot-wt-a	285206	f5040c3ea8a9e42a93c343a2f743c2c5c733ff9b1234b4c17ccd7ca128840884
F0135	bdbv-vp24_md-pilot_table_md-pilot-wt-b_v01_20261002.pdb	03_primary_structure_and_interface/md_pilot/bdbv-vp24_md-pilot_table_md-pilot-wt-b_v01_20261002.pdb	analysis/t4_vp24_openmm_20260925/WT/B.pdb	03_primary_structure_and_interface	md_pilot	table	md-pilot	md-pilot-wt-b	220508	e4af0c74696d4ac9f5280647010bbe991e9dd59c23d4188f9bef51b76ceda49a
F0136	bdbv-vp24_md-pilot_table_md-pilot-wt-d_v01_20261002.pdb	03_primary_structure_and_interface/md_pilot/bdbv-vp24_md-pilot_table_md-pilot-wt-d_v01_20261002.pdb	analysis/t4_vp24_openmm_20260925/WT/D.pdb	03_primary_structure_and_interface	md_pilot	table	md-pilot	md-pilot-wt-d	10	37ba7517c8e20c4c2f8bfcc54cd5fc59fcb71498631807505b077654a9a8bdf5
F0137	bdbv-vp24_md-pilot_table_md-pilot-wt-minimised_v01_20261002.pdb	03_primary_structure_and_interface/md_pilot/bdbv-vp24_md-pilot_table_md-pilot-wt-minimised_v01_20261002.pdb	analysis/t4_vp24_openmm_20260925/WT/minimised.pdb	03_primary_structure_and_interface	md_pilot	table	md-pilot	md-pilot-wt-minimised	505803	922e51a13bbf45174f72a493189a525e68e62dcb2b6dd15507dc5bba80be9780
F0138	bdbv-vp24_md-pilot_table_md-pilot-wt-mutant_v01_20261002.pdb	03_primary_structure_and_interface/md_pilot/bdbv-vp24_md-pilot_table_md-pilot-wt-mutant_v01_20261002.pdb	analysis/t4_vp24_openmm_20260925/WT/mutant.pdb	03_primary_structure_and_interface	md_pilot	table	md-pilot	md-pilot-wt-mutant	249623	154d6b5ef460f807416bb7864f60a6f38db85c023ef1af468fbdc8f72c7ec524
F0139	bdbv-vp24_vp24-interface_table_pdb4u2x-gp-npc1-complex_v01_20261002.pdb	03_primary_structure_and_interface/bdbv_vp24_model/bdbv-vp24_vp24-interface_table_pdb4u2x-gp-npc1-complex_v01_20261002.pdb	figures/pymol_publication/complexes/gp_npc1_complex.pdb	03_primary_structure_and_interface	bdbv_vp24_model	table	vp24-interface	pdb4u2x-gp-npc1-complex	768668	d01ac8fe76f7ff8edf8448862b779325d5ec0049a37c32b9a50bef8b1d3ddead
F0140	bdbv-vp24_vp24-interface_table_pdb4u2x-np-npbp-complex_v01_20261002.pdb	03_primary_structure_and_interface/bdbv_vp24_model/bdbv-vp24_vp24-interface_table_pdb4u2x-np-npbp-complex_v01_20261002.pdb	figures/pymol_publication/complexes/np_npbp_complex.pdb	03_primary_structure_and_interface	bdbv_vp24_model	table	vp24-interface	pdb4u2x-np-npbp-complex	267484	b9b936f68059d8c6086000847f6c1ee8114341ce114a941e299ac7a6b4cc0a21
F0141	bdbv-vp24_vp24-interface_table_pdb4u2x-vp24-kpna-bdbv-aligned_v01_20261002.pdb	03_primary_structure_and_interface/bdbv_vp24_model/bdbv-vp24_vp24-interface_table_pdb4u2x-vp24-kpna-bdbv-aligned_v01_20261002.pdb	figures/pymol_publication/complexes/vp24_kpna_bdbv_aligned.pdb	03_primary_structure_and_interface	bdbv_vp24_model	table	vp24-interface	pdb4u2x-vp24-kpna-bdbv-aligned	287502	1e3f31f6f17b5c2b0017ae7f40643992b8f547db2334252e6ddb37618cfdce04
F0142	bdbv-vp24_vp24-interface_table_pdb4u2x-vp24-kpna-complex_v01_20261002.pdb	03_primary_structure_and_interface/bdbv_vp24_model/bdbv-vp24_vp24-interface_table_pdb4u2x-vp24-kpna-complex_v01_20261002.pdb	figures/pymol_publication/complexes/vp24_kpna_complex.pdb	03_primary_structure_and_interface	bdbv_vp24_model	table	vp24-interface	pdb4u2x-vp24-kpna-complex	396142	e749cea805252e730fd0d49915d8b0c88ec2a4fed9ab92eea46eeebf973135df
F0143	bdbv-vp24_vp24-interface_table_pdb4u2x-vp24-kpna-partner_v01_20261002.pdb	03_primary_structure_and_interface/bdbv_vp24_model/bdbv-vp24_vp24-interface_table_pdb4u2x-vp24-kpna-partner_v01_20261002.pdb	figures/pymol_publication/complexes/vp24_kpna_partner.pdb	03_primary_structure_and_interface	bdbv_vp24_model	table	vp24-interface	pdb4u2x-vp24-kpna-partner	108905	ec0e8a6c09370528beec89f66aad1169e354a4470fbe292ca61edbd767d9e622
F0144	bdbv-vp24_vp24-interface_table_pdb4u2x-vp30-rbbp6-complex_v01_20261002.pdb	03_primary_structure_and_interface/bdbv_vp24_model/bdbv-vp24_vp24-interface_table_pdb4u2x-vp30-rbbp6-complex_v01_20261002.pdb	figures/pymol_publication/complexes/vp30_rbbp6_complex.pdb	03_primary_structure_and_interface	bdbv_vp24_model	table	vp24-interface	pdb4u2x-vp30-rbbp6-complex	174250	26e4a88634c2d42b6e2d2499c5eb6ef1242ad3c067076ca2793960d364c2951f
F0145	bdbv-vp24_vp24-interface_table_pdb4u2x-vp35-dsrna-complex_v01_20261002.pdb	03_primary_structure_and_interface/bdbv_vp24_model/bdbv-vp24_vp24-interface_table_pdb4u2x-vp35-dsrna-complex_v01_20261002.pdb	figures/pymol_publication/complexes/vp35_dsrna_complex.pdb	03_primary_structure_and_interface	bdbv_vp24_model	table	vp24-interface	pdb4u2x-vp35-dsrna-complex	178186	808124af54aa9038ff6582d55161c0f2505592b0f44b3b1696ea4ec931425bab
F0146	bdbv-vp24_vp24-interface_table_pdb4u2x-vp40-nedd4-complex_v01_20261002.pdb	03_primary_structure_and_interface/bdbv_vp24_model/bdbv-vp24_vp24-interface_table_pdb4u2x-vp40-nedd4-complex_v01_20261002.pdb	figures/pymol_publication/complexes/vp40_nedd4_complex.pdb	03_primary_structure_and_interface	bdbv_vp24_model	table	vp24-interface	pdb4u2x-vp40-nedd4-complex	252888	cb0dffe2b608b7d4196dc6b7f882bf18faf511a4a24d6bd68d43a0c2584eea93
F0147	bdbv-vp24_vp24-interface_table_pdb4u2x-vp40-tsg101-complex_v01_20261002.pdb	03_primary_structure_and_interface/bdbv_vp24_model/bdbv-vp24_vp24-interface_table_pdb4u2x-vp40-tsg101-complex_v01_20261002.pdb	figures/pymol_publication/complexes/vp40_tsg101_complex.pdb	03_primary_structure_and_interface	bdbv_vp24_model	table	vp24-interface	pdb4u2x-vp40-tsg101-complex	299136	11ed7955dd64d5ab134acab8c1088b06260e7251f6dfc82154228d28139b12c2
F0148	bdbv-vp24_ifn-tone_table_hpa-v25.1-hpa-ntpm-compartments_v01_20261002.tsv	04_host_reference_and_atlas/hpa_v25_1/bdbv-vp24_ifn-tone_table_hpa-v25.1-hpa-ntpm-compartments_v01_20261002.tsv	analysis/hpa_ntpm_20260919/hpa_ntpm_compartments.tsv	04_host_reference_and_atlas	hpa_v25_1	table	ifn-tone	hpa-v25.1-hpa-ntpm-compartments	301	d08eeb5cb4f0e0055e7dd019e193da73e229a98e503f2f76b7edba7d8be0e52d
F0149	bdbv-vp24_ifn-tone_table_hpa-v25.1-hpa-ntpm-group_v01_20261002.tsv	04_host_reference_and_atlas/hpa_v25_1/bdbv-vp24_ifn-tone_table_hpa-v25.1-hpa-ntpm-group_v01_20261002.tsv	analysis/hpa_ntpm_20260919/hpa_ntpm_group.tsv	04_host_reference_and_atlas	hpa_v25_1	table	ifn-tone	hpa-v25.1-hpa-ntpm-group	537	92ca3384c9b6b598555f3b2324d4651f7b54480535e0988c33fcb35f3889c73f
F0150	bdbv-vp24_ifn-tone_table_hpa-v25.1-hpa-ntpm-single-cell_v01_20261002.tsv	04_host_reference_and_atlas/hpa_v25_1/bdbv-vp24_ifn-tone_table_hpa-v25.1-hpa-ntpm-single-cell_v01_20261002.tsv	analysis/hpa_ntpm_20260919/hpa_ntpm_single_cell.tsv	04_host_reference_and_atlas	hpa_v25_1	table	ifn-tone	hpa-v25.1-hpa-ntpm-single-cell	7672	f0845a1d935014f023b99a765abd45eae5972b9c7f1db08426c9d906feca2ec3
F0151	bdbv-vp24_ifn-tone_table_hpa-v25.1-hpa-ntpm-summary_v01_20261002.tsv	04_host_reference_and_atlas/hpa_v25_1/bdbv-vp24_ifn-tone_table_hpa-v25.1-hpa-ntpm-summary_v01_20261002.tsv	analysis/hpa_ntpm_20260919/hpa_ntpm_summary.tsv	04_host_reference_and_atlas	hpa_v25_1	table	ifn-tone	hpa-v25.1-hpa-ntpm-summary	724	704c3bb0adb0b89476fc176b05c840fba0d77217861d4604a9757da99bf3dbf2
F0152	bdbv-vp24_ifn-tone_table_hpa-v25.1-hpa-tissue-ntpm_v01_20261002.tsv	04_host_reference_and_atlas/hpa_v25_1/bdbv-vp24_ifn-tone_table_hpa-v25.1-hpa-tissue-ntpm_v01_20261002.tsv	analysis/hpa_ntpm_20260919/hpa_tissue_ntpm.tsv	04_host_reference_and_atlas	hpa_v25_1	table	ifn-tone	hpa-v25.1-hpa-tissue-ntpm	301	ea0d44d572e68349d692d9a3cd4b289989239f1ce7d7b07547d4d0434fc6383b
F0153	bdbv-vp24_ifn-tone_table_hpa-v25.1-hpa-gene-summary_v01_20261002.tsv	04_host_reference_and_atlas/hpa_v25_1/bdbv-vp24_ifn-tone_table_hpa-v25.1-hpa-gene-summary_v01_20261002.tsv	analysis/hpa_validation_20260919/hpa_gene_summary.tsv	04_host_reference_and_atlas	hpa_v25_1	table	ifn-tone	hpa-v25.1-hpa-gene-summary	4110	8f33951a5267ffb11fba41b8d3d9f7285e4ecc1b7d8c621e8ad6b2d6611ee716
F0154	bdbv-vp24_ifn-tone_table_hpa-v25.1-hpa-immune-ntpm_v01_20261002.tsv	04_host_reference_and_atlas/hpa_v25_1/bdbv-vp24_ifn-tone_table_hpa-v25.1-hpa-immune-ntpm_v01_20261002.tsv	analysis/hpa_validation_20260919/hpa_immune_ntpm.tsv	04_host_reference_and_atlas	hpa_v25_1	table	ifn-tone	hpa-v25.1-hpa-immune-ntpm	429	07b63099cd3f5d65ebeda4815ddfb0143b96d4913aebb0b483de0e7498c93131
F0155	bdbv-vp24_ifn-tone_table_hpa-v25.1-hpa-single-cell-ntpm_v01_20261002.tsv	04_host_reference_and_atlas/hpa_v25_1/bdbv-vp24_ifn-tone_table_hpa-v25.1-hpa-single-cell-ntpm_v01_20261002.tsv	analysis/hpa_validation_20260919/hpa_single_cell_ntpm.tsv	04_host_reference_and_atlas	hpa_v25_1	table	ifn-tone	hpa-v25.1-hpa-single-cell-ntpm	834	6f2d098880782677c6a9d561bc6823e408cff3f0a0f0758a053b354cb8b28225
F0156	bdbv-vp24_ifn-tone_table_hpa-v25.1-hpa-tissue-ntpm-02_v01_20261002.tsv	04_host_reference_and_atlas/hpa_v25_1/bdbv-vp24_ifn-tone_table_hpa-v25.1-hpa-tissue-ntpm-02_v01_20261002.tsv	analysis/hpa_validation_20260919/hpa_tissue_ntpm.tsv	04_host_reference_and_atlas	hpa_v25_1	table	ifn-tone	hpa-v25.1-hpa-tissue-ntpm-02	232	1fb9e6fda4fb6e491d91886a19c046f325e76f7113a5fcd2c715da48f8e202de
F0157	bdbv-vp24_cross-atlas_table_cell-ontology-agreement_v01_20261002.tsv	04_host_reference_and_atlas/independent_atlases/bdbv-vp24_cross-atlas_table_cell-ontology-agreement_v01_20261002.tsv	analysis/b5_harmonised_atlas_20260926/agreement.tsv	04_host_reference_and_atlas	independent_atlases	table	cross-atlas	cell-ontology-agreement	11251	33fdbc864cdd7ac50088dadd35055c3abac26e81c65030241854a2b6fb04649f
F0158	bdbv-vp24_cross-atlas_code_cell-ontology-b5-01-inventory_v01_20261002.py	04_host_reference_and_atlas/independent_atlases/bdbv-vp24_cross-atlas_code_cell-ontology-b5-01-inventory_v01_20261002.py	analysis/b5_harmonised_atlas_20260926/b5_01_inventory.py	04_host_reference_and_atlas	independent_atlases	code	cross-atlas	cell-ontology-b5-01-inventory	8522	f2871c6427f3b65ed05a18a246c74dad95d1d00d658a1c18ade5cc5455f85535
F0159	bdbv-vp24_cross-atlas_code_cell-ontology-b5-02-mapping_v01_20261002.py	04_host_reference_and_atlas/independent_atlases/bdbv-vp24_cross-atlas_code_cell-ontology-b5-02-mapping_v01_20261002.py	analysis/b5_harmonised_atlas_20260926/b5_02_mapping.py	04_host_reference_and_atlas	independent_atlases	code	cross-atlas	cell-ontology-b5-02-mapping	8084	1c1d95c55e92523e2df4fa21a430fa0dd7d2c981e27fccb98e3d0d56d8f775f1
F0160	bdbv-vp24_cross-atlas_code_cell-ontology-b5-03-curate-mapping_v01_20261002.py	04_host_reference_and_atlas/independent_atlases/bdbv-vp24_cross-atlas_code_cell-ontology-b5-03-curate-mapping_v01_20261002.py	analysis/b5_harmonised_atlas_20260926/b5_03_curate_mapping.py	04_host_reference_and_atlas	independent_atlases	code	cross-atlas	cell-ontology-b5-03-curate-mapping	7603	649ddd6bf3ed00048c4ccb011b3480b22c6ccb063eaaf8c69c10484ade1ec52f
F0161	bdbv-vp24_cross-atlas_code_cell-ontology-b5-04-pseudobulk_v01_20261002.py	04_host_reference_and_atlas/independent_atlases/bdbv-vp24_cross-atlas_code_cell-ontology-b5-04-pseudobulk_v01_20261002.py	analysis/b5_harmonised_atlas_20260926/b5_04_pseudobulk.py	04_host_reference_and_atlas	independent_atlases	code	cross-atlas	cell-ontology-b5-04-pseudobulk	8507	631566ed42137b4c4bb37aa73b72ec88a00c8f4175404ebaca8418994d6607b9
F0162	bdbv-vp24_cross-atlas_code_cell-ontology-b5-05-agreement_v01_20261002.py	04_host_reference_and_atlas/independent_atlases/bdbv-vp24_cross-atlas_code_cell-ontology-b5-05-agreement_v01_20261002.py	analysis/b5_harmonised_atlas_20260926/b5_05_agreement.py	04_host_reference_and_atlas	independent_atlases	code	cross-atlas	cell-ontology-b5-05-agreement	22836	7e8cda78ffe746b4a09c33f8b4e0bf398ce8c7d4dc3e961676bed3410268d3be
F0163	bdbv-vp24_cross-atlas_code_cell-ontology-b5-06-provenance_v01_20261002.py	04_host_reference_and_atlas/independent_atlases/bdbv-vp24_cross-atlas_code_cell-ontology-b5-06-provenance_v01_20261002.py	analysis/b5_harmonised_atlas_20260926/b5_06_provenance.py	04_host_reference_and_atlas	independent_atlases	code	cross-atlas	cell-ontology-b5-06-provenance	1287	acbc4bbbf2a9acbb7bcafa396a02b31d4d8c8c7dffcd7c68ec78e2c335a107a6
F0164	bdbv-vp24_cross-atlas_code_cell-ontology-b5-common_v01_20261002.py	04_host_reference_and_atlas/independent_atlases/bdbv-vp24_cross-atlas_code_cell-ontology-b5-common_v01_20261002.py	analysis/b5_harmonised_atlas_20260926/b5_common.py	04_host_reference_and_atlas	independent_atlases	code	cross-atlas	cell-ontology-b5-common	9863	d3cac8a4357a043d5964615e63e8f8d25c599265f85ce0af32bd19b96a971599
F0165	bdbv-vp24_cross-atlas_table_cell-ontology-label-coverage_v01_20261002.tsv	04_host_reference_and_atlas/independent_atlases/bdbv-vp24_cross-atlas_table_cell-ontology-label-coverage_v01_20261002.tsv	analysis/b5_harmonised_atlas_20260926/label_coverage.tsv	04_host_reference_and_atlas	independent_atlases	table	cross-atlas	cell-ontology-label-coverage	13198	711310cdf7ccfc20e0c8c3f3d7d3876d6c278f389b600b0e093746a01e91ccef
F0166	bdbv-vp24_cross-atlas_table_cell-ontology-label-mapping_v01_20261002.tsv	04_host_reference_and_atlas/independent_atlases/bdbv-vp24_cross-atlas_table_cell-ontology-label-mapping_v01_20261002.tsv	analysis/b5_harmonised_atlas_20260926/label_mapping.tsv	04_host_reference_and_atlas	independent_atlases	table	cross-atlas	cell-ontology-label-mapping	24393	918ad4e64616e9fc052c020598723fced8523806d8d35a1348661e4044218824
F0167	bdbv-vp24_cross-atlas_table_cell-ontology-agreement-02_v01_20261002.tsv	04_host_reference_and_atlas/independent_atlases/bdbv-vp24_cross-atlas_table_cell-ontology-agreement-02_v01_20261002.tsv	analysis/b5b_obo_fix_20260926/agreement.tsv	04_host_reference_and_atlas	independent_atlases	table	cross-atlas	cell-ontology-agreement-02	11322	a566a837a09cfa58297276232afab81efbb85cc817d51a52beb5b8820482783f
F0168	bdbv-vp24_cross-atlas_code_cell-ontology-b5-common-02_v01_20261002.py	04_host_reference_and_atlas/independent_atlases/bdbv-vp24_cross-atlas_code_cell-ontology-b5-common-02_v01_20261002.py	analysis/b5b_obo_fix_20260926/b5_common.py	04_host_reference_and_atlas	independent_atlases	code	cross-atlas	cell-ontology-b5-common-02	10520	46de35d8f1b2544cc90169d092cb5d2cdd624d8a5796e37ba6831522cbbc803a
F0169	bdbv-vp24_cross-atlas_table_cell-ontology-b5-matched-pairs_v01_20261002.tsv	04_host_reference_and_atlas/independent_atlases/bdbv-vp24_cross-atlas_table_cell-ontology-b5-matched-pairs_v01_20261002.tsv	analysis/b5b_obo_fix_20260926/b5_matched_pairs.tsv	04_host_reference_and_atlas	independent_atlases	table	cross-atlas	cell-ontology-b5-matched-pairs	32492	eeb468630fb3daf87cd72ed75f77ac10906ca1d6da4800ed2499a54509863d59
F0170	bdbv-vp24_cross-atlas_table_cell-ontology-b5-summary_v01_20261002.json	04_host_reference_and_atlas/independent_atlases/bdbv-vp24_cross-atlas_table_cell-ontology-b5-summary_v01_20261002.json	analysis/b5b_obo_fix_20260926/b5_summary.json	04_host_reference_and_atlas	independent_atlases	table	cross-atlas	cell-ontology-b5-summary	1231	30e82c394ca98676381c03af4461f1b2da678462422848e71d89d83ed7bcbfe2
F0171	bdbv-vp24_cross-atlas_code_cell-ontology-b5b-05-agreement-fixed_v01_20261002.py	04_host_reference_and_atlas/independent_atlases/bdbv-vp24_cross-atlas_code_cell-ontology-b5b-05-agreement-fixed_v01_20261002.py	analysis/b5b_obo_fix_20260926/b5b_05_agreement_fixed.py	04_host_reference_and_atlas	independent_atlases	code	cross-atlas	cell-ontology-b5b-05-agreement-fixed	22851	e693a2996a965fc3e717a7ddb995a642cc4d9990abc03bfeb084fdac52e97620
F0172	bdbv-vp24_cross-atlas_table_cell-ontology-g9-replay-pairs_v01_20261002.tsv	04_host_reference_and_atlas/independent_atlases/bdbv-vp24_cross-atlas_table_cell-ontology-g9-replay-pairs_v01_20261002.tsv	analysis/b5b_obo_fix_20260926/g9_replay_pairs.tsv	04_host_reference_and_atlas	independent_atlases	table	cross-atlas	cell-ontology-g9-replay-pairs	3226	0b5f1364d9ad45a762e1113ff64df1b5b73ffff33d48bb691f590310f546848c
F0173	bdbv-vp24_cross-atlas_table_cell-ontology-label-coverage-02_v01_20261002.tsv	04_host_reference_and_atlas/independent_atlases/bdbv-vp24_cross-atlas_table_cell-ontology-label-coverage-02_v01_20261002.tsv	analysis/b5b_obo_fix_20260926/label_coverage.tsv	04_host_reference_and_atlas	independent_atlases	table	cross-atlas	cell-ontology-label-coverage-02	15282	7e7212a30215a4f0c651f980b5d40cdd0a9ad2bba3355cd6ee9e232c5b9414c0
F0174	bdbv-vp24_coverage_table_cell-ontology-compartment-coverage_v01_20261002.tsv	04_host_reference_and_atlas/compartment_membership/bdbv-vp24_coverage_table_cell-ontology-compartment-coverage_v01_20261002.tsv	analysis/b6_coverage_20260926/compartment_coverage.tsv	04_host_reference_and_atlas	compartment_membership	table	coverage	cell-ontology-compartment-coverage	3248	92ab87fbe8db7e4719002fa01b033f0cd158dc9e2b181ce2e3e17efee0be4771
F0175	bdbv-vp24_coverage_table_cell-ontology-coverage-summary_v01_20261002.json	04_host_reference_and_atlas/compartment_membership/bdbv-vp24_coverage_table_cell-ontology-coverage-summary_v01_20261002.json	analysis/b6_coverage_20260926/coverage_summary.json	04_host_reference_and_atlas	compartment_membership	table	coverage	cell-ontology-coverage-summary	9132	4b898d1a6f2661c09ceec6d5fc3291a4af361ff7333f4a8b9d3d119ba5f4090b
F0176	bdbv-vp24_coverage_table_human-cell-landscape-celltype-census_v01_20261002.tsv	04_host_reference_and_atlas/compartment_membership/bdbv-vp24_coverage_table_human-cell-landscape-celltype-census_v01_20261002.tsv	analysis/compartment_census_20260924/celltype_census.tsv	04_host_reference_and_atlas	compartment_membership	table	coverage	human-cell-landscape-celltype-census	19745	75ac89785c538b565f863bebed56a53f1fa18b36ac9529bdfe463b63ffca9135
F0177	bdbv-vp24_coverage_table_human-cell-landscape-dataset-summary_v01_20261002.tsv	04_host_reference_and_atlas/compartment_membership/bdbv-vp24_coverage_table_human-cell-landscape-dataset-summary_v01_20261002.tsv	analysis/compartment_census_20260924/dataset_summary.tsv	04_host_reference_and_atlas	compartment_membership	table	coverage	human-cell-landscape-dataset-summary	896	4baa47e7b386fe4329cce902638709f19ad597b011e8afc5159deb39e625b00d
F0178	bdbv-vp24_coverage_table_human-cell-landscape-lymphoid-availability_v01_20261002.tsv	04_host_reference_and_atlas/compartment_membership/bdbv-vp24_coverage_table_human-cell-landscape-lymphoid-availability_v01_20261002.tsv	analysis/compartment_census_20260924/lymphoid_availability.tsv	04_host_reference_and_atlas	compartment_membership	table	coverage	human-cell-landscape-lymphoid-availability	7357	75f64054dc2be4ceee49797af53c3f436b38720bd83900a69c83ca4b0b7317c6
F0179	bdbv-vp24_ifn-tone_code_dvp-v25.1-b4-paired-mrna-protein_v01_20261002.py	04_host_reference_and_atlas/hpa_v25_1/bdbv-vp24_ifn-tone_code_dvp-v25.1-b4-paired-mrna-protein_v01_20261002.py	analysis/b4_mrna_protein_paired_20260926/b4_paired_mrna_protein.py	04_host_reference_and_atlas	hpa_v25_1	code	ifn-tone	dvp-v25.1-b4-paired-mrna-protein	12551	e0339450caa5e1996a2cfaba1c755ec09a61951e27de0c4eb3a4e837e97571a0
F0180	bdbv-vp24_ifn-tone_table_dvp-v25.1-b4-summary_v01_20261002.json	04_host_reference_and_atlas/hpa_v25_1/bdbv-vp24_ifn-tone_table_dvp-v25.1-b4-summary_v01_20261002.json	analysis/b4_mrna_protein_paired_20260926/b4_summary.json	04_host_reference_and_atlas	hpa_v25_1	table	ifn-tone	dvp-v25.1-b4-summary	12688	0795f756d2f18aee7c0591eda40f10c8823fa29439e4fbd88dd2dab9502d6a40
F0181	bdbv-vp24_ifn-tone_table_dvp-v25.1-tables-b4-detectability_v01_20261002.tsv	04_host_reference_and_atlas/hpa_v25_1/bdbv-vp24_ifn-tone_table_dvp-v25.1-tables-b4-detectability_v01_20261002.tsv	analysis/b4_mrna_protein_paired_20260926/tables/b4_detectability.tsv	04_host_reference_and_atlas	hpa_v25_1	table	ifn-tone	dvp-v25.1-tables-b4-detectability	748	03fd742ba329ac6798eef1e91c603a2708dce3edb55aa59edbdb93e9f4ce7e7c
F0182	bdbv-vp24_ifn-tone_table_dvp-v25.1-tables-b4-focal-genes_v01_20261002.tsv	04_host_reference_and_atlas/hpa_v25_1/bdbv-vp24_ifn-tone_table_dvp-v25.1-tables-b4-focal-genes_v01_20261002.tsv	analysis/b4_mrna_protein_paired_20260926/tables/b4_focal_genes.tsv	04_host_reference_and_atlas	hpa_v25_1	table	ifn-tone	dvp-v25.1-tables-b4-focal-genes	3347	5df8e332219b2aff1f80f8887c9880fe0500a52a0c0476f7d38eb486dcf5c8b0
F0183	bdbv-vp24_ifn-tone_table_dvp-v25.1-tables-b4-genome-r5-primary-listwise-det_v01_20261002.tsv	04_host_reference_and_atlas/hpa_v25_1/bdbv-vp24_ifn-tone_table_dvp-v25.1-tables-b4-genome-r5-primary-listwise-det_v01_20261002.tsv	analysis/b4_mrna_protein_paired_20260926/tables/b4_genome_R5_primary_listwise_detected.tsv	04_host_reference_and_atlas	hpa_v25_1	table	ifn-tone	dvp-v25.1-tables-b4-genome-r5-primary-listwise-det	920558	00d0b553193ecd13b5c9de78811e066d145f621a91bebe2105957ee7dc3661c8
F0184	bdbv-vp24_ifn-tone_table_dvp-v25.1-tables-b4-genome-s1-all-tissues-zeros-ke_v01_20261002.tsv	04_host_reference_and_atlas/hpa_v25_1/bdbv-vp24_ifn-tone_table_dvp-v25.1-tables-b4-genome-s1-all-tissues-zeros-ke_v01_20261002.tsv	analysis/b4_mrna_protein_paired_20260926/tables/b4_genome_S1_all_tissues_zeros_kept.tsv	04_host_reference_and_atlas	hpa_v25_1	table	ifn-tone	dvp-v25.1-tables-b4-genome-s1-all-tissues-zeros-ke	937259	624d2a094962d22c98ab8de17af993ad2114ac49f095d1710d4a1fbfe0c7721c
F0185	bdbv-vp24_ifn-tone_table_dvp-v25.1-tables-b4-genome-s2-mrna-detected-only_v01_20261002.tsv	04_host_reference_and_atlas/hpa_v25_1/bdbv-vp24_ifn-tone_table_dvp-v25.1-tables-b4-genome-s2-mrna-detected-only_v01_20261002.tsv	analysis/b4_mrna_protein_paired_20260926/tables/b4_genome_S2_mrna_detected_only.tsv	04_host_reference_and_atlas	hpa_v25_1	table	ifn-tone	dvp-v25.1-tables-b4-genome-s2-mrna-detected-only	856896	b09f003ecdf77c05bd92b92493c996f98d10f60b62b687acceea2d7aed47beb9
F0186	bdbv-vp24_ifn-tone_doc_dvp-v25.1-prereg_v01_20261002.md	04_host_reference_and_atlas/hpa_v25_1/bdbv-vp24_ifn-tone_doc_dvp-v25.1-prereg_v01_20261002.md	analysis/dvp_delta_alignment_20260926/PREREG.md	04_host_reference_and_atlas	hpa_v25_1	doc	ifn-tone	dvp-v25.1-prereg	9319	ca365f03d955c8bf6d91f65e2ef13128995741bf7ed2aafb0f715faba83e2201
F0187	bdbv-vp24_ifn-tone_table_dvp-v25.1-crosswalk_v01_20261002.tsv	04_host_reference_and_atlas/hpa_v25_1/bdbv-vp24_ifn-tone_table_dvp-v25.1-crosswalk_v01_20261002.tsv	analysis/dvp_delta_alignment_20260926/crosswalk.tsv	04_host_reference_and_atlas	hpa_v25_1	table	ifn-tone	dvp-v25.1-crosswalk	2460	f4a04568a8a267a31e586c8d6bfaef091f7f028c6351e80e7c8babcca58c0ffe
F0188	bdbv-vp24_ifn-tone_code_dvp-v25.1-dv-00-probe_v01_20261002.py	04_host_reference_and_atlas/hpa_v25_1/bdbv-vp24_ifn-tone_code_dvp-v25.1-dv-00-probe_v01_20261002.py	analysis/dvp_delta_alignment_20260926/dv_00_probe.py	04_host_reference_and_atlas	hpa_v25_1	code	ifn-tone	dvp-v25.1-dv-00-probe	1666	34711c8d57148c13cf05e47623f88f73f823be863d0deb8ed02c8a3248507905
F0189	bdbv-vp24_ifn-tone_code_dvp-v25.1-dv-02-probe-genes_v01_20261002.py	04_host_reference_and_atlas/hpa_v25_1/bdbv-vp24_ifn-tone_code_dvp-v25.1-dv-02-probe-genes_v01_20261002.py	analysis/dvp_delta_alignment_20260926/dv_02_probe_genes.py	04_host_reference_and_atlas	hpa_v25_1	code	ifn-tone	dvp-v25.1-dv-02-probe-genes	3762	f476ca7a88cd733c80f5cd7e7943ba9947cac1c68896dba7bf0b5151ef76c48e
F0190	bdbv-vp24_ifn-tone_code_dvp-v25.1-dv-03-align_v01_20261002.py	04_host_reference_and_atlas/hpa_v25_1/bdbv-vp24_ifn-tone_code_dvp-v25.1-dv-03-align_v01_20261002.py	analysis/dvp_delta_alignment_20260926/dv_03_align.py	04_host_reference_and_atlas	hpa_v25_1	code	ifn-tone	dvp-v25.1-dv-03-align	19104	e54ed4759b103ba2d6dde119609f95b0d6fbc724b7ea7f9e9a9a874c958b0daf
F0191	bdbv-vp24_ifn-tone_code_dvp-v25.1-dv-04-same-source_v01_20261002.py	04_host_reference_and_atlas/hpa_v25_1/bdbv-vp24_ifn-tone_code_dvp-v25.1-dv-04-same-source_v01_20261002.py	analysis/dvp_delta_alignment_20260926/dv_04_same_source.py	04_host_reference_and_atlas	hpa_v25_1	code	ifn-tone	dvp-v25.1-dv-04-same-source	6514	87d158a766856501cdb6a8623f6bb893f08b356e6c0adc230778454296164025
F0192	bdbv-vp24_ifn-tone_code_dvp-v25.1-dv-05-genomewide-same-source_v01_20261002.py	04_host_reference_and_atlas/hpa_v25_1/bdbv-vp24_ifn-tone_code_dvp-v25.1-dv-05-genomewide-same-source_v01_20261002.py	analysis/dvp_delta_alignment_20260926/dv_05_genomewide_same_source.py	04_host_reference_and_atlas	hpa_v25_1	code	ifn-tone	dvp-v25.1-dv-05-genomewide-same-source	6604	c2c1b8b1d91fa1bd73a7052f6a846f0926d1f527cc653a091ae95a5373f9512d
F0193	bdbv-vp24_ifn-tone_code_dvp-v25.1-dv-06-diag_v01_20261002.py	04_host_reference_and_atlas/hpa_v25_1/bdbv-vp24_ifn-tone_code_dvp-v25.1-dv-06-diag_v01_20261002.py	analysis/dvp_delta_alignment_20260926/dv_06_diag.py	04_host_reference_and_atlas	hpa_v25_1	code	ifn-tone	dvp-v25.1-dv-06-diag	3330	958ae1921c05bca51d735981e13ef333cabad6071d4f64dc1ba5f3a15011635d
F0194	bdbv-vp24_ifn-tone_table_dvp-v25.1-p1-crosswalk-summary_v01_20261002.json	04_host_reference_and_atlas/hpa_v25_1/bdbv-vp24_ifn-tone_table_dvp-v25.1-p1-crosswalk-summary_v01_20261002.json	analysis/dvp_delta_alignment_20260926/p1_crosswalk_summary.json	04_host_reference_and_atlas	hpa_v25_1	table	ifn-tone	dvp-v25.1-p1-crosswalk-summary	1873	13d480eee829c60a53acace71cf2f136a5fd6346d9835f62d380fc099cb1ca3d
F0195	bdbv-vp24_ifn-tone_table_dvp-v25.1-p2-mrna-concordance_v01_20261002.tsv	04_host_reference_and_atlas/hpa_v25_1/bdbv-vp24_ifn-tone_table_dvp-v25.1-p2-mrna-concordance_v01_20261002.tsv	analysis/dvp_delta_alignment_20260926/p2_mrna_concordance.tsv	04_host_reference_and_atlas	hpa_v25_1	table	ifn-tone	dvp-v25.1-p2-mrna-concordance	1466	e261515b93d59bc3fa6c4c4e13f96f4ed0a3f6bc838e6887c092aa8d50991281
F0196	bdbv-vp24_ifn-tone_table_dvp-v25.1-p3-delta-recompute_v01_20261002.json	04_host_reference_and_atlas/hpa_v25_1/bdbv-vp24_ifn-tone_table_dvp-v25.1-p3-delta-recompute_v01_20261002.json	analysis/dvp_delta_alignment_20260926/p3_delta_recompute.json	04_host_reference_and_atlas	hpa_v25_1	table	ifn-tone	dvp-v25.1-p3-delta-recompute	932	0fc85e7e29791e2657c75c44e2749564f7ae0cd08eca9f8eea69dc3e24555014
F0197	bdbv-vp24_ifn-tone_table_dvp-v25.1-p3-delta-recompute_v01_20261002.tsv	04_host_reference_and_atlas/hpa_v25_1/bdbv-vp24_ifn-tone_table_dvp-v25.1-p3-delta-recompute_v01_20261002.tsv	analysis/dvp_delta_alignment_20260926/p3_delta_recompute.tsv	04_host_reference_and_atlas	hpa_v25_1	table	ifn-tone	dvp-v25.1-p3-delta-recompute	612	a67f90f02bedad8340bf37ee8ed12a64e758ccc1ba6a6050a3a149df569d6351
F0198	bdbv-vp24_ifn-tone_table_dvp-v25.1-p4-protein-layer_v01_20261002.tsv	04_host_reference_and_atlas/hpa_v25_1/bdbv-vp24_ifn-tone_table_dvp-v25.1-p4-protein-layer_v01_20261002.tsv	analysis/dvp_delta_alignment_20260926/p4_protein_layer.tsv	04_host_reference_and_atlas	hpa_v25_1	table	ifn-tone	dvp-v25.1-p4-protein-layer	1211	5ea54bd1dbab6f49a4561589960a43e19d2d5896e8c3972b0768de5f3f0a98c6
F0199	bdbv-vp24_ifn-tone_table_dvp-v25.1-p5-same-source_v01_20261002.json	04_host_reference_and_atlas/hpa_v25_1/bdbv-vp24_ifn-tone_table_dvp-v25.1-p5-same-source_v01_20261002.json	analysis/dvp_delta_alignment_20260926/p5_same_source.json	04_host_reference_and_atlas	hpa_v25_1	table	ifn-tone	dvp-v25.1-p5-same-source	415	605fcd6c8aadef7124cdac211ebe83fa22ec444fa4b4664ae000c881aaa825c5
F0200	bdbv-vp24_ifn-tone_table_dvp-v25.1-p5-same-source-pergene_v01_20261002.tsv	04_host_reference_and_atlas/hpa_v25_1/bdbv-vp24_ifn-tone_table_dvp-v25.1-p5-same-source-pergene_v01_20261002.tsv	analysis/dvp_delta_alignment_20260926/p5_same_source_pergene.tsv	04_host_reference_and_atlas	hpa_v25_1	table	ifn-tone	dvp-v25.1-p5-same-source-pergene	543	b2f34b0f298bc6cddf9f55a1b447148c8300b210aa4cba5b8d248b3f3d17d16b
F0201	bdbv-vp24_ifn-tone_table_dvp-v25.1-p5b-genomewide-pergene_v01_20261002.tsv	04_host_reference_and_atlas/hpa_v25_1/bdbv-vp24_ifn-tone_table_dvp-v25.1-p5b-genomewide-pergene_v01_20261002.tsv	analysis/dvp_delta_alignment_20260926/p5b_genomewide_pergene.tsv	04_host_reference_and_atlas	hpa_v25_1	table	ifn-tone	dvp-v25.1-p5b-genomewide-pergene	429298	e251c7262e29264fee1424aff470cf5707139a74bfdf617e907c4a3de522eef8
F0202	bdbv-vp24_ifn-tone_table_dvp-v25.1-p5b-genomewide-same-source_v01_20261002.json	04_host_reference_and_atlas/hpa_v25_1/bdbv-vp24_ifn-tone_table_dvp-v25.1-p5b-genomewide-same-source_v01_20261002.json	analysis/dvp_delta_alignment_20260926/p5b_genomewide_same_source.json	04_host_reference_and_atlas	hpa_v25_1	table	ifn-tone	dvp-v25.1-p5b-genomewide-same-source	460	9efef09065a3fa23c868c1cbe942fcb384535c1f7a60e46354bb3ad7b3c4a077
F0203	bdbv-vp24_ifn-tone_table_dvp-v25.1-p6-min-detectable-rho_v01_20261002.json	04_host_reference_and_atlas/hpa_v25_1/bdbv-vp24_ifn-tone_table_dvp-v25.1-p6-min-detectable-rho_v01_20261002.json	analysis/dvp_delta_alignment_20260926/p6_min_detectable_rho.json	04_host_reference_and_atlas	hpa_v25_1	table	ifn-tone	dvp-v25.1-p6-min-detectable-rho	377	13f2e0667b563baca58ad1ac5ca13179614373ef03fd0cb704beedda74e24e21
F0204	bdbv-vp24_ifn-tone_table_dvp-v25.1-cellline-context_v01_20261002.json	04_host_reference_and_atlas/hpa_v25_1/bdbv-vp24_ifn-tone_table_dvp-v25.1-cellline-context_v01_20261002.json	analysis/protein_layer_scan_20260926/cellline_context.json	04_host_reference_and_atlas	hpa_v25_1	table	ifn-tone	dvp-v25.1-cellline-context	1362	25974e0d923da798b05c6167058487421cdb7c04ba1913051a817ccf087aec1f
F0205	bdbv-vp24_ifn-tone_table_dvp-v25.1-cellline-coverage_v01_20261002.tsv	04_host_reference_and_atlas/hpa_v25_1/bdbv-vp24_ifn-tone_table_dvp-v25.1-cellline-coverage_v01_20261002.tsv	analysis/protein_layer_scan_20260926/cellline_coverage.tsv	04_host_reference_and_atlas	hpa_v25_1	table	ifn-tone	dvp-v25.1-cellline-coverage	2516	bbd93e7082f39716890a2e8528fed9f74dfb10e896cb1be0df12ce6bb055fd9a
F0206	bdbv-vp24_ifn-tone_table_dvp-v25.1-dvp-context_v01_20261002.json	04_host_reference_and_atlas/hpa_v25_1/bdbv-vp24_ifn-tone_table_dvp-v25.1-dvp-context_v01_20261002.json	analysis/protein_layer_scan_20260926/dvp_context.json	04_host_reference_and_atlas	hpa_v25_1	table	ifn-tone	dvp-v25.1-dvp-context	565	d808e14c19ca3ed8b8103bf4c9f85fbbc435d7cf165370168bf53c42a506ec2e
F0207	bdbv-vp24_ifn-tone_table_dvp-v25.1-dvp-focal-coverage_v01_20261002.tsv	04_host_reference_and_atlas/hpa_v25_1/bdbv-vp24_ifn-tone_table_dvp-v25.1-dvp-focal-coverage_v01_20261002.tsv	analysis/protein_layer_scan_20260926/dvp_focal_coverage.tsv	04_host_reference_and_atlas	hpa_v25_1	table	ifn-tone	dvp-v25.1-dvp-focal-coverage	1312	0b48bcc5bf9dd4c1fa6dfc88d6a69a338ffa235c17e5e90136117ba23a10331b
F0208	bdbv-vp24_ifn-tone_table_dvp-v25.1-dvp-focal-detail_v01_20261002.tsv	04_host_reference_and_atlas/hpa_v25_1/bdbv-vp24_ifn-tone_table_dvp-v25.1-dvp-focal-detail_v01_20261002.tsv	analysis/protein_layer_scan_20260926/dvp_focal_detail.tsv	04_host_reference_and_atlas	hpa_v25_1	table	ifn-tone	dvp-v25.1-dvp-focal-detail	7143	4ad33bac012e79718ed54034531b3618bf2d14dfb31b60fef72bf209cfcd2005
F0209	bdbv-vp24_ifn-tone_table_dvp-v25.1-dvp-focal-replicates_v01_20261002.tsv	04_host_reference_and_atlas/hpa_v25_1/bdbv-vp24_ifn-tone_table_dvp-v25.1-dvp-focal-replicates_v01_20261002.tsv	analysis/protein_layer_scan_20260926/dvp_focal_replicates.tsv	04_host_reference_and_atlas	hpa_v25_1	table	ifn-tone	dvp-v25.1-dvp-focal-replicates	4005	b517b64f430f5c08c72baa131e7c0868fc05efaaf6566e60d287ca362055064c
F0210	bdbv-vp24_ifn-tone_table_dvp-v25.1-dvp-verify_v01_20261002.tsv	04_host_reference_and_atlas/hpa_v25_1/bdbv-vp24_ifn-tone_table_dvp-v25.1-dvp-verify_v01_20261002.tsv	analysis/protein_layer_scan_20260926/dvp_verify.tsv	04_host_reference_and_atlas	hpa_v25_1	table	ifn-tone	dvp-v25.1-dvp-verify	324	586bc84909b83210ad116abec227d74a2e94e04daca974abb10ef861c3bc9b88
F0211	bdbv-vp24_ifn-tone_table_dvp-v25.1-dvp-vs-delta_v01_20261002.json	04_host_reference_and_atlas/hpa_v25_1/bdbv-vp24_ifn-tone_table_dvp-v25.1-dvp-vs-delta_v01_20261002.json	analysis/protein_layer_scan_20260926/dvp_vs_delta.json	04_host_reference_and_atlas	hpa_v25_1	table	ifn-tone	dvp-v25.1-dvp-vs-delta	241	9fa35a1caa7c169e3ab24c4520f5049c2f21b26a20791bae24944e6336b20c67
F0212	bdbv-vp24_ifn-tone_table_dvp-v25.1-dvp-vs-delta-match_v01_20261002.tsv	04_host_reference_and_atlas/hpa_v25_1/bdbv-vp24_ifn-tone_table_dvp-v25.1-dvp-vs-delta-match_v01_20261002.tsv	analysis/protein_layer_scan_20260926/dvp_vs_delta_match.tsv	04_host_reference_and_atlas	hpa_v25_1	table	ifn-tone	dvp-v25.1-dvp-vs-delta-match	1244	4a4e1425e1da46e64ef777b0d0471ac596397a60818fef464728de8a281202c5
F0213	bdbv-vp24_ifn-tone_table_dvp-v25.1-g14-triage_v01_20261002.tsv	04_host_reference_and_atlas/hpa_v25_1/bdbv-vp24_ifn-tone_table_dvp-v25.1-g14-triage_v01_20261002.tsv	analysis/protein_layer_scan_20260926/g14_triage.tsv	04_host_reference_and_atlas	hpa_v25_1	table	ifn-tone	dvp-v25.1-g14-triage	231340	ce66fb705dd00d1b97c9b297e56d0d7f5f58c492c862973d3050653c1144d6f7
F0214	bdbv-vp24_ifn-tone_table_dvp-v25.1-receptor-coverage_v01_20261002.tsv	04_host_reference_and_atlas/hpa_v25_1/bdbv-vp24_ifn-tone_table_dvp-v25.1-receptor-coverage_v01_20261002.tsv	analysis/protein_layer_scan_20260926/receptor_coverage.tsv	04_host_reference_and_atlas	hpa_v25_1	table	ifn-tone	dvp-v25.1-receptor-coverage	4983	8e2d5f87c31f02c2fd23407c5dcf0be8177718aa3a3f76f244a2e16d2f6a8f4c
F0215	bdbv-vp24_ifn-tone_table_dvp-v25.1-resources_v01_20261002.tsv	04_host_reference_and_atlas/hpa_v25_1/bdbv-vp24_ifn-tone_table_dvp-v25.1-resources_v01_20261002.tsv	analysis/protein_layer_scan_20260926/resources.tsv	04_host_reference_and_atlas	hpa_v25_1	table	ifn-tone	dvp-v25.1-resources	4173	4968afb01e4920c99096fc30c73455cee4332d4e975326f851fb6020e7509c8c
F0216	bdbv-vp24_ifn-tone_table_dvp-v25.1-search-audit_v01_20261002.tsv	04_host_reference_and_atlas/hpa_v25_1/bdbv-vp24_ifn-tone_table_dvp-v25.1-search-audit_v01_20261002.tsv	analysis/protein_layer_scan_20260926/search_audit.tsv	04_host_reference_and_atlas	hpa_v25_1	table	ifn-tone	dvp-v25.1-search-audit	6536	5ed963fe95f18a1282dbcfaebd955238791c2b0371194fee99e46e7e339cffee
F0217	bdbv-vp24_ifn-tone_table_dvp-v25.1-search-audit-epmc_v01_20261002.tsv	04_host_reference_and_atlas/hpa_v25_1/bdbv-vp24_ifn-tone_table_dvp-v25.1-search-audit-epmc_v01_20261002.tsv	analysis/protein_layer_scan_20260926/search_audit_epmc.tsv	04_host_reference_and_atlas	hpa_v25_1	table	ifn-tone	dvp-v25.1-search-audit-epmc	8662	29329918116019423ab8b401047557446c3281ea26ec6fa24b6a6fb3ce414828
F0218	bdbv-vp24_proxy-test_table_gse21158-candidate-designs_v01_20261002.json	05_external_public_datasets/GSE21158/bdbv-vp24_proxy-test_table_gse21158-candidate-designs_v01_20261002.json	analysis/g6_ifn_responsiveness_20260926/candidate_designs.json	05_external_public_datasets	GSE21158	table	proxy-test	gse21158-candidate-designs	763	2d8da93b0dfb0b477eafa0dd3fe07a35d3d66ad3a5ab9f8146e453a075fc8644
F0219	bdbv-vp24_proxy-test_table_gse21158-datasets-screened_v01_20261002.tsv	05_external_public_datasets/GSE21158/bdbv-vp24_proxy-test_table_gse21158-datasets-screened_v01_20261002.tsv	analysis/g6_ifn_responsiveness_20260926/datasets_screened.tsv	05_external_public_datasets	GSE21158	table	proxy-test	gse21158-datasets-screened	73368	c9c717d84190757438457fd65192ee8fa05858994d11c757baeb844cd1ac65df
F0220	bdbv-vp24_proxy-test_table_gse21158-g6-bimodality-diagnostic_v01_20261002.json	05_external_public_datasets/GSE21158/bdbv-vp24_proxy-test_table_gse21158-g6-bimodality-diagnostic_v01_20261002.json	analysis/g6_ifn_responsiveness_20260926/g6_bimodality_diagnostic.json	05_external_public_datasets	GSE21158	table	proxy-test	gse21158-g6-bimodality-diagnostic	1212	cd92581d6f37504d6ab901a0b625e213b505ac669ca8f4832cdcb996ee8b9b3c
F0221	bdbv-vp24_proxy-test_table_gse21158-g6-reliability_v01_20261002.json	05_external_public_datasets/GSE21158/bdbv-vp24_proxy-test_table_gse21158-g6-reliability_v01_20261002.json	analysis/g6_ifn_responsiveness_20260926/g6_reliability.json	05_external_public_datasets	GSE21158	table	proxy-test	gse21158-g6-reliability	4829	0d1ea188b42a491735b311699df825ba68a9de68d61be6660abcc2959bbbd4a7
F0222	bdbv-vp24_proxy-test_table_gse21158-g6-results_v01_20261002.json	05_external_public_datasets/GSE21158/bdbv-vp24_proxy-test_table_gse21158-g6-results_v01_20261002.json	analysis/g6_ifn_responsiveness_20260926/g6_results.json	05_external_public_datasets	GSE21158	table	proxy-test	gse21158-g6-results	2725	b601f372b3214c7088a12893ac1460728389ae85a2764b2c0827958917c7ee8a
F0223	bdbv-vp24_proxy-test_table_gse21158_v01_20261002.tsv	05_external_public_datasets/GSE21158/bdbv-vp24_proxy-test_table_gse21158_v01_20261002.tsv	analysis/g6_ifn_responsiveness_20260926/gse21158_per_cell_line.tsv	05_external_public_datasets	GSE21158	table	proxy-test	gse21158	2331	1d3858a759a80d59cc9bfbc3273d80837267e225761e002cafe6d345862e6465
F0224	bdbv-vp24_proxy-test_table_gse46599-g6e-results_v01_20261002.json	05_external_public_datasets/GSE46599/bdbv-vp24_proxy-test_table_gse46599-g6e-results_v01_20261002.json	analysis/g6e_gse46599_20260926/g6e_results.json	05_external_public_datasets	GSE46599	table	proxy-test	gse46599-g6e-results	24849	eb32bb22019885f2d133cbd4c9ae955e816d1d60c1bea6570b21d5c5e806de60
F0225	bdbv-vp24_proxy-test_table_gse46599-material-test_v01_20261002.json	05_external_public_datasets/GSE46599/bdbv-vp24_proxy-test_table_gse46599-material-test_v01_20261002.json	analysis/g6e_gse46599_20260926/material_test.json	05_external_public_datasets	GSE46599	table	proxy-test	gse46599-material-test	2444	a5931912ab9ad9a44e195ab90bab762b9d537fbb2e992e4f58495343a9a999cb
F0226	bdbv-vp24_proxy-test_table_gse327707-datasets-screened_v01_20261002.tsv	05_external_public_datasets/GSE327707_GSE306664/bdbv-vp24_proxy-test_table_gse327707-datasets-screened_v01_20261002.tsv	analysis/g6c_primary_immune_20260926/datasets_screened.tsv	05_external_public_datasets	GSE327707_GSE306664	table	proxy-test	gse327707-datasets-screened	391272	8d04a30a4c35787b970d743e4dcded059a564a9105db96da81f1406b60204738
F0227	bdbv-vp24_proxy-test_table_gse327707-g6c-population-bridge_v01_20261002.json	05_external_public_datasets/GSE327707_GSE306664/bdbv-vp24_proxy-test_table_gse327707-g6c-population-bridge_v01_20261002.json	analysis/g6c_primary_immune_20260926/g6c_population_bridge.json	05_external_public_datasets	GSE327707_GSE306664	table	proxy-test	gse327707-g6c-population-bridge	1195	0a947ea2d834b7d5463f8c6cfb46c88750e049f78af1e367aa34f8a60b953036
F0228	bdbv-vp24_proxy-test_table_gse327707-g6c-variance-rule_v01_20261002.json	05_external_public_datasets/GSE327707_GSE306664/bdbv-vp24_proxy-test_table_gse327707-g6c-variance-rule_v01_20261002.json	analysis/g6c_primary_immune_20260926/g6c_variance_rule.json	05_external_public_datasets	GSE327707_GSE306664	table	proxy-test	gse327707-g6c-variance-rule	5224	e101af7ca6cae442da0cdb33b9f565c24685bec8cfd1da2a3400674c3f6e7688
F0229	bdbv-vp24_proxy-test_table_gse327707-gse306664-g6c-gse306664-results_v01_20261002.json	05_external_public_datasets/GSE327707_GSE306664/bdbv-vp24_proxy-test_table_gse327707-gse306664-g6c-gse306664-results_v01_20261002.json	analysis/g6c_primary_immune_20260926/gse306664/g6c_gse306664_results.json	05_external_public_datasets	GSE327707_GSE306664	table	proxy-test	gse327707-gse306664-g6c-gse306664-results	5352	a0089959111867939c7db739ce040049f5f58c92e488a63f00d3e1a791ef9d2a
F0230	bdbv-vp24_proxy-test_table_gse327707-gse306664-monocyte-by-cytokine_v01_20261002.json	05_external_public_datasets/GSE327707_GSE306664/bdbv-vp24_proxy-test_table_gse327707-gse306664-monocyte-by-cytokine_v01_20261002.json	analysis/g6c_primary_immune_20260926/gse306664/monocyte_by_cytokine.json	05_external_public_datasets	GSE327707_GSE306664	table	proxy-test	gse327707-gse306664-monocyte-by-cytokine	1605	4b92f4b40be8738e6e7e54849c04bd6256a82d9625b09cb53739b5eb34574afd
F0231	bdbv-vp24_proxy-test_table_gse327707-gse306664-pseudobulk_v01_20261002.tsv	05_external_public_datasets/GSE327707_GSE306664/bdbv-vp24_proxy-test_table_gse327707-gse306664-pseudobulk_v01_20261002.tsv	analysis/g6c_primary_immune_20260926/gse306664/pseudobulk.tsv	05_external_public_datasets	GSE327707_GSE306664	table	proxy-test	gse327707-gse306664-pseudobulk	19067457	44ff5603b98a9779fc81c4851d40ddd4cddf8e9fd7f5a03a2b95692b6fb1781d
F0232	bdbv-vp24_proxy-test_table_gse327707-gse306664-sample-qc_v01_20261002.tsv	05_external_public_datasets/GSE327707_GSE306664/bdbv-vp24_proxy-test_table_gse327707-gse306664-sample-qc_v01_20261002.tsv	analysis/g6c_primary_immune_20260926/gse306664/sample_qc.tsv	05_external_public_datasets	GSE327707_GSE306664	table	proxy-test	gse327707-gse306664-sample-qc	12871	9d2a084af6b0f878ea6031bcc740a9b098c57dc1396e39563b7f055558964737
F0233	bdbv-vp24_proxy-test_table_gse327707_v01_20261002.json	05_external_public_datasets/GSE327707_GSE306664/bdbv-vp24_proxy-test_table_gse327707_v01_20261002.json	analysis/g6c_primary_immune_20260926/gse327707/g6c_gse327707_results.json	05_external_public_datasets	GSE327707_GSE306664	table	proxy-test	gse327707	6576	3969a379eb73d5fed7ac22dc13f725efb707f1c7bdb8edcce63d74fd2db5c32f
F0234	bdbv-vp24_proxy-test_table_gse327707-02_v01_20261002.json	05_external_public_datasets/GSE327707_GSE306664/bdbv-vp24_proxy-test_table_gse327707-02_v01_20261002.json	analysis/g6c_primary_immune_20260926/gse327707/g6c_gse327707_robustness.json	05_external_public_datasets	GSE327707_GSE306664	table	proxy-test	gse327707-02	9945	77913e5fc68150f43da2b0846b32bc36abed85dcea29dc28f2429f35b4402176
F0235	bdbv-vp24_proxy-test_table_gse327707_v01_20261002.tsv	05_external_public_datasets/GSE327707_GSE306664/bdbv-vp24_proxy-test_table_gse327707_v01_20261002.tsv	analysis/g6c_primary_immune_20260926/gse327707/sample_scores.tsv	05_external_public_datasets	GSE327707_GSE306664	table	proxy-test	gse327707	11666	c4488936dd47d2d3b5b0c661708d8051ead835f7e20bd6c4c8bf6692fa5e8524
F0236	bdbv-vp24_epithelium-panel_table_gse342661-ideal-probe_v01_20261002.tsv	05_external_public_datasets/GSE342661/bdbv-vp24_epithelium-panel_table_gse342661-ideal-probe_v01_20261002.tsv	analysis/g6b_primary_epithelial_20260926/ideal_probe.tsv	05_external_public_datasets	GSE342661	table	epithelium-panel	gse342661-ideal-probe	50949	051e5cc6b7dbb85eb322c7dae339fe9107a8998bfa0ca8c640e2ed09de5c51b4
F0237	bdbv-vp24_epithelium-panel_table_gse342661-deg-counts_v01_20261002.tsv	05_external_public_datasets/GSE342661/bdbv-vp24_epithelium-panel_table_gse342661-deg-counts_v01_20261002.tsv	analysis/gse342661_matrix_20260926/deg_counts.tsv	05_external_public_datasets	GSE342661	table	epithelium-panel	gse342661-deg-counts	1691	89e2fd27342b02c551ff45f4836748ae7b0e5e19f29e8092d1988a66269c9a12
F0238	bdbv-vp24_epithelium-panel_table_gse342661-design_v01_20261002.tsv	05_external_public_datasets/GSE342661/bdbv-vp24_epithelium-panel_table_gse342661-design_v01_20261002.tsv	analysis/gse342661_matrix_20260926/design.tsv	05_external_public_datasets	GSE342661	table	epithelium-panel	gse342661-design	17485	8d815b870b8658d97b0ed93184af12ea23efb18bd38afc24084f6344fbe1db05
F0239	bdbv-vp24_epithelium-panel_code_gse342661-g342-01-inspect_v01_20261002.py	05_external_public_datasets/GSE342661/bdbv-vp24_epithelium-panel_code_gse342661-g342-01-inspect_v01_20261002.py	analysis/gse342661_matrix_20260926/g342_01_inspect.py	05_external_public_datasets	GSE342661	code	epithelium-panel	gse342661-g342-01-inspect	2572	45a25efea2748c025eb22c6fb12b5713ff9ad6eaf80d275cf8203f73c0d0c56d
F0240	bdbv-vp24_epithelium-panel_code_gse342661-g342-02-design_v01_20261002.py	05_external_public_datasets/GSE342661/bdbv-vp24_epithelium-panel_code_gse342661-g342-02-design_v01_20261002.py	analysis/gse342661_matrix_20260926/g342_02_design.py	05_external_public_datasets	GSE342661	code	epithelium-panel	gse342661-g342-02-design	4480	5604e7dbee828ca5a420886ae086dc3af17b11f7b3f70f15167492fd58534693
F0241	bdbv-vp24_epithelium-panel_code_gse342661-g342-03-module_v01_20261002.py	05_external_public_datasets/GSE342661/bdbv-vp24_epithelium-panel_code_gse342661-g342-03-module_v01_20261002.py	analysis/gse342661_matrix_20260926/g342_03_module.py	05_external_public_datasets	GSE342661	code	epithelium-panel	gse342661-g342-03-module	17786	56fe7d86e19f1b55df9f3ccb5f8e5e21f481b9d0e9f4f656a69592bd9c59ef05
F0242	bdbv-vp24_epithelium-panel_code_gse342661-g342-04-deg-counts_v01_20261002.py	05_external_public_datasets/GSE342661/bdbv-vp24_epithelium-panel_code_gse342661-g342-04-deg-counts_v01_20261002.py	analysis/gse342661_matrix_20260926/g342_04_deg_counts.py	05_external_public_datasets	GSE342661	code	epithelium-panel	gse342661-g342-04-deg-counts	3798	c847565310561a73241b4255a82e1f74878fdb2dac3da47596f81a31ff7c2782
F0243	bdbv-vp24_epithelium-panel_table_gse342661-g342-deg_v01_20261002.json	05_external_public_datasets/GSE342661/bdbv-vp24_epithelium-panel_table_gse342661-g342-deg_v01_20261002.json	analysis/gse342661_matrix_20260926/g342_deg.json	05_external_public_datasets	GSE342661	table	epithelium-panel	gse342661-g342-deg	7288	a9abe8513a7309ad2361732cccb9c698d848a0c153d8d02f935f7239210f365a
F0244	bdbv-vp24_epithelium-panel_table_gse342661-g342-design_v01_20261002.json	05_external_public_datasets/GSE342661/bdbv-vp24_epithelium-panel_table_gse342661-g342-design_v01_20261002.json	analysis/gse342661_matrix_20260926/g342_design.json	05_external_public_datasets	GSE342661	table	epithelium-panel	gse342661-g342-design	459	1c7d0fa8c9624dfa512a7acd793cf3f8ff6b4ed6b6d8fc60c3c2d9da6f8ec896
F0245	bdbv-vp24_epithelium-panel_table_gse342661-g342-matrix-shape_v01_20261002.json	05_external_public_datasets/GSE342661/bdbv-vp24_epithelium-panel_table_gse342661-g342-matrix-shape_v01_20261002.json	analysis/gse342661_matrix_20260926/g342_matrix_shape.json	05_external_public_datasets	GSE342661	table	epithelium-panel	gse342661-g342-matrix-shape	2068	56399e957426d0936a0cb087d0d4e85e2f80fd50bbbdce576277df516b6de1cf
F0246	bdbv-vp24_epithelium-panel_table_gse342661-g342-module_v01_20261002.json	05_external_public_datasets/GSE342661/bdbv-vp24_epithelium-panel_table_gse342661-g342-module_v01_20261002.json	analysis/gse342661_matrix_20260926/g342_module.json	05_external_public_datasets	GSE342661	table	epithelium-panel	gse342661-g342-module	7303	755179af9dfd3aec94f89c5f960d89eb4d52a1e7dadf7cb471358b8c330d641c
F0247	bdbv-vp24_epithelium-panel_table_gse342661-module-null_v01_20261002.tsv	05_external_public_datasets/GSE342661/bdbv-vp24_epithelium-panel_table_gse342661-module-null_v01_20261002.tsv	analysis/gse342661_matrix_20260926/module_null.tsv	05_external_public_datasets	GSE342661	table	epithelium-panel	gse342661-module-null	44335	0413bde2b87320b0affc70200f3065d4c4c61fb1b373b44d562e3622563c160f
F0248	bdbv-vp24_epithelium-panel_table_gse342661-paired-tests_v01_20261002.tsv	05_external_public_datasets/GSE342661/bdbv-vp24_epithelium-panel_table_gse342661-paired-tests_v01_20261002.tsv	analysis/gse342661_matrix_20260926/paired_tests.tsv	05_external_public_datasets	GSE342661	table	epithelium-panel	gse342661-paired-tests	24998	89bf89fb3bbf7ceceba87149f797fc6dda97fd2f123f5b25b231839fcdcfc18a
F0249	bdbv-vp24_epithelium-panel_table_gse342661-sample-scores_v01_20261002.tsv	05_external_public_datasets/GSE342661/bdbv-vp24_epithelium-panel_table_gse342661-sample-scores_v01_20261002.tsv	analysis/gse342661_matrix_20260926/sample_scores.tsv	05_external_public_datasets	GSE342661	table	epithelium-panel	gse342661-sample-scores	36669	734df5ec0cb3a2cd083ce070bf9e957ca8a6e4167240e309bdeddae74eaa15bb
F0250	bdbv-vp24_epithelium-panel_code_gse342661-check-matrix-url_v01_20261002.py	05_external_public_datasets/GSE342661/bdbv-vp24_epithelium-panel_code_gse342661-check-matrix-url_v01_20261002.py	analysis/protein_gse342661_20260926/check_matrix_url.py	05_external_public_datasets	GSE342661	code	epithelium-panel	gse342661-check-matrix-url	1439	1bf4b4c457f9f696bfd0fd756c75d300e253339f35e16737b42226ecf9e914a3
F0251	bdbv-vp24_epithelium-panel_code_gse342661-design-table_v01_20261002.py	05_external_public_datasets/GSE342661/bdbv-vp24_epithelium-panel_code_gse342661-design-table_v01_20261002.py	analysis/protein_gse342661_20260926/design_table.py	05_external_public_datasets	GSE342661	code	epithelium-panel	gse342661-design-table	3826	bb3ae2d0226849482de0367e7a1cf29fbceaae4f4f6f2a409ca37e92f5029d85
F0252	bdbv-vp24_epithelium-panel_code_gse342661-geo-check_v01_20261002.py	05_external_public_datasets/GSE342661/bdbv-vp24_epithelium-panel_code_gse342661-geo-check_v01_20261002.py	analysis/protein_gse342661_20260926/geo_check.py	05_external_public_datasets	GSE342661	code	epithelium-panel	gse342661-geo-check	3134	aab8e7550c404c37ba401979a551bb9e1c54bc1cb8603643f6a4bbfbb0237c45
F0253	bdbv-vp24_filovirus-anchor_code_gse309699-a2-discriminate-20260926_v01_20261002.py	05_external_public_datasets/GSE309699/bdbv-vp24_filovirus-anchor_code_gse309699-a2-discriminate-20260926_v01_20261002.py	analysis/a2_filovirus_anchor_20260926/a2_discriminate_20260926.py	05_external_public_datasets	GSE309699	code	filovirus-anchor	gse309699-a2-discriminate-20260926	2241	dc163a1b7cb8d12c8fd5e7e3784df6e90776dec73b41247caff8277ef0f89df6
F0254	bdbv-vp24_filovirus-anchor_code_gse309699-a2-map-and-level-20260926_v01_20261002.py	05_external_public_datasets/GSE309699/bdbv-vp24_filovirus-anchor_code_gse309699-a2-map-and-level-20260926_v01_20261002.py	analysis/a2_filovirus_anchor_20260926/a2_map_and_level_20260926.py	05_external_public_datasets	GSE309699	code	filovirus-anchor	gse309699-a2-map-and-level-20260926	8989	44f90e4804cde6cadb07eeabe051fe47450c4016af881b873436b61c3173b3f0
F0255	bdbv-vp24_filovirus-anchor_table_gse309699-column-map_v01_20261002.json	05_external_public_datasets/GSE309699/bdbv-vp24_filovirus-anchor_table_gse309699-column-map_v01_20261002.json	analysis/a2_filovirus_anchor_20260926/column_map.json	05_external_public_datasets	GSE309699	table	filovirus-anchor	gse309699-column-map	1918	e3d8492982ed296969919df82cffba8c98ba1ed685d2020e0b894356d7cfad42
F0256	bdbv-vp24_filovirus-anchor_table_gse309699-module-levels_v01_20261002.tsv	05_external_public_datasets/GSE309699/bdbv-vp24_filovirus-anchor_table_gse309699-module-levels_v01_20261002.tsv	analysis/a2_filovirus_anchor_20260926/module_levels.tsv	05_external_public_datasets	GSE309699	table	filovirus-anchor	gse309699-module-levels	4808	b174aea80fcb1dd19aa4e0317d4d5eca3b5e352955195035595562fafbf58123
F0257	bdbv-vp24_filovirus-anchor_table_gse309699-published-restriction-values_v01_20261002.tsv	05_external_public_datasets/GSE309699/bdbv-vp24_filovirus-anchor_table_gse309699-published-restriction-values_v01_20261002.tsv	analysis/a2_filovirus_anchor_20260926/published_restriction_values.tsv	05_external_public_datasets	GSE309699	table	filovirus-anchor	gse309699-published-restriction-values	1345	609fdbaa8afa7336092a20cae88332540eef4b8b71c51e21c09e8c3e90bf2691
F0258	bdbv-vp24_filovirus-anchor_code_gse309699-a4f-01-geo-map_v01_20261002.py	05_external_public_datasets/GSE309699/bdbv-vp24_filovirus-anchor_code_gse309699-a4f-01-geo-map_v01_20261002.py	analysis/a4_filovirus_independent_20260926/a4f_01_geo_map.py	05_external_public_datasets	GSE309699	code	filovirus-anchor	gse309699-a4f-01-geo-map	6704	54764197a13adb335d50a31616f17435d94cecd4b892f75400ce1f9da2187f8d
F0259	bdbv-vp24_filovirus-anchor_code_gse309699-a4f-02-levels_v01_20261002.py	05_external_public_datasets/GSE309699/bdbv-vp24_filovirus-anchor_code_gse309699-a4f-02-levels_v01_20261002.py	analysis/a4_filovirus_independent_20260926/a4f_02_levels.py	05_external_public_datasets	GSE309699	code	filovirus-anchor	gse309699-a4f-02-levels	14306	f7d8848823e965847ceecab87bf6184d914f8e62285b303f35fe96d17616af5d
F0260	bdbv-vp24_filovirus-anchor_code_gse309699-a4f-03-paper-text_v01_20261002.py	05_external_public_datasets/GSE309699/bdbv-vp24_filovirus-anchor_code_gse309699-a4f-03-paper-text_v01_20261002.py	analysis/a4_filovirus_independent_20260926/a4f_03_paper_text.py	05_external_public_datasets	GSE309699	code	filovirus-anchor	gse309699-a4f-03-paper-text	4340	71487c60f18d7c6e1ba86f6415427e6d2e0ebda57e605bf2befef0581a306c57
F0261	bdbv-vp24_filovirus-anchor_code_gse309699-a4f-05-mapping-independence_v01_20261002.py	05_external_public_datasets/GSE309699/bdbv-vp24_filovirus-anchor_code_gse309699-a4f-05-mapping-independence_v01_20261002.py	analysis/a4_filovirus_independent_20260926/a4f_05_mapping_independence.py	05_external_public_datasets	GSE309699	code	filovirus-anchor	gse309699-a4f-05-mapping-independence	7913	1bc0171c26776d3808349d64c778c28d5c0349bc7599626f3410567adb97a685
F0262	bdbv-vp24_filovirus-anchor_code_gse309699-a4f-06-pair-gate_v01_20261002.py	05_external_public_datasets/GSE309699/bdbv-vp24_filovirus-anchor_code_gse309699-a4f-06-pair-gate_v01_20261002.py	analysis/a4_filovirus_independent_20260926/a4f_06_pair_gate.py	05_external_public_datasets	GSE309699	code	filovirus-anchor	gse309699-a4f-06-pair-gate	9088	a00026715fa95330b41ecfadf9de57b23704ac43e8f48050c808c944305bfb46
F0263	bdbv-vp24_filovirus-anchor_table_gse309699-arm-levels_v01_20261002.tsv	05_external_public_datasets/GSE309699/bdbv-vp24_filovirus-anchor_table_gse309699-arm-levels_v01_20261002.tsv	analysis/a4_filovirus_independent_20260926/arm_levels.tsv	05_external_public_datasets	GSE309699	table	filovirus-anchor	gse309699-arm-levels	891	eae5966a042b4e46a9665b2835139b2b1b63bc693030ef175644d029ee27bedc
F0264	bdbv-vp24_filovirus-anchor_table_gse309699-comparison_v01_20261002.json	05_external_public_datasets/GSE309699/bdbv-vp24_filovirus-anchor_table_gse309699-comparison_v01_20261002.json	analysis/a4_filovirus_independent_20260926/comparison.json	05_external_public_datasets	GSE309699	table	filovirus-anchor	gse309699-comparison	5907	66a1188d70a6e73466fa9294ccdf894bf92d16361c7efa423a3b27d5276ee5b5
F0265	bdbv-vp24_filovirus-anchor_table_gse309699-figure3-panel-values_v01_20261002.tsv	05_external_public_datasets/GSE309699/bdbv-vp24_filovirus-anchor_table_gse309699-figure3-panel-values_v01_20261002.tsv	analysis/a4_filovirus_independent_20260926/figure3_panel_values.tsv	05_external_public_datasets	GSE309699	table	filovirus-anchor	gse309699-figure3-panel-values	1360	0d6025a38f7a64a0faacaa0f13fb595b452448c5eaefeeda3370c8f18428d55a
F0266	bdbv-vp24_filovirus-anchor_table_gse309699-gene-levels_v01_20261002.tsv	05_external_public_datasets/GSE309699/bdbv-vp24_filovirus-anchor_table_gse309699-gene-levels_v01_20261002.tsv	analysis/a4_filovirus_independent_20260926/gene_levels.tsv	05_external_public_datasets	GSE309699	table	filovirus-anchor	gse309699-gene-levels	2010	145aba5f41be543212aafff9947c66c30fdfa147f48a2fe17c7d10282810b73e
F0267	bdbv-vp24_filovirus-anchor_table_gse309699-geo-column-map_v01_20261002.tsv	05_external_public_datasets/GSE309699/bdbv-vp24_filovirus-anchor_table_gse309699-geo-column-map_v01_20261002.tsv	analysis/a4_filovirus_independent_20260926/geo_column_map.tsv	05_external_public_datasets	GSE309699	table	filovirus-anchor	gse309699-geo-column-map	5705	8e82cac740b5f2983a940f67b04145cbbed75e081991b0da09718f807d96f20c
F0268	bdbv-vp24_filovirus-anchor_table_gse309699-geo-map-summary_v01_20261002.json	05_external_public_datasets/GSE309699/bdbv-vp24_filovirus-anchor_table_gse309699-geo-map-summary_v01_20261002.json	analysis/a4_filovirus_independent_20260926/geo_map_summary.json	05_external_public_datasets	GSE309699	table	filovirus-anchor	gse309699-geo-map-summary	1662	c03de311bb0c6f866070ebcfd8cece4b7c23105ae9d3c966742e97a26b2bfb8b
F0269	bdbv-vp24_filovirus-anchor_table_gse309699-mapping-independence_v01_20261002.json	05_external_public_datasets/GSE309699/bdbv-vp24_filovirus-anchor_table_gse309699-mapping-independence_v01_20261002.json	analysis/a4_filovirus_independent_20260926/mapping_independence.json	05_external_public_datasets	GSE309699	table	filovirus-anchor	gse309699-mapping-independence	643	ebeada01bc4e94095bfcf9b28cb84ee3d8a18994dbc68bf7983742a1e4f2273b
F0270	bdbv-vp24_filovirus-anchor_table_gse309699-pair-gate_v01_20261002.json	05_external_public_datasets/GSE309699/bdbv-vp24_filovirus-anchor_table_gse309699-pair-gate_v01_20261002.json	analysis/a4_filovirus_independent_20260926/pair_gate.json	05_external_public_datasets	GSE309699	table	filovirus-anchor	gse309699-pair-gate	2372	f5a0d4172c2f0a3acb2186867380185da05a5c3b459ca7761ba678a169f22e35
F0271	bdbv-vp24_filovirus-anchor_table_gse309699-paper-statements_v01_20261002.tsv	05_external_public_datasets/GSE309699/bdbv-vp24_filovirus-anchor_table_gse309699-paper-statements_v01_20261002.tsv	analysis/a4_filovirus_independent_20260926/paper_statements.tsv	05_external_public_datasets	GSE309699	table	filovirus-anchor	gse309699-paper-statements	9505	834cee0998c9e4ee00f323bb312f281fa4f16c4e0b9769286df8099204f443ae
F0272	bdbv-vp24_proxy-test_table_gse107549-subject-scores_v01_20261002.tsv	05_external_public_datasets/GSE107549/bdbv-vp24_proxy-test_table_gse107549-subject-scores_v01_20261002.tsv	analysis/third_anchor_gse107549_20260926/subject_scores.tsv	05_external_public_datasets	GSE107549	table	proxy-test	gse107549-subject-scores	4070	bed05fc45a617ba6d1a5a59e37ac93b505bdbc917c0052367a1971fca2ef17e7
F0273	bdbv-vp24_proxy-test_code_gse107549-ta-01-gse107549_v01_20261002.py	05_external_public_datasets/GSE107549/bdbv-vp24_proxy-test_code_gse107549-ta-01-gse107549_v01_20261002.py	analysis/third_anchor_gse107549_20260926/ta_01_gse107549.py	05_external_public_datasets	GSE107549	code	proxy-test	gse107549-ta-01-gse107549	12396	c0ad678be48d2495d9ca6a995cb18fc3becb7740463928a24706fbd2f4938058
F0274	bdbv-vp24_proxy-test_table_gse107549-third-anchor-results_v01_20261002.json	05_external_public_datasets/GSE107549/bdbv-vp24_proxy-test_table_gse107549-third-anchor-results_v01_20261002.json	analysis/third_anchor_gse107549_20260926/third_anchor_results.json	05_external_public_datasets	GSE107549	table	proxy-test	gse107549-third-anchor-results	2313	28cc421e8f738b33f8052b9f07566c978ac0b20315308bc2b9df595b5a17748a
F0275	bdbv-vp24_filovirus-anchor_table_gse114905-viral-mrna-counts_v01_20261002.tsv	05_external_public_datasets/GSE114905/bdbv-vp24_filovirus-anchor_table_gse114905-viral-mrna-counts_v01_20261002.tsv	analysis/t4_gse114905_20260925/viral_mrna_counts.tsv	05_external_public_datasets	GSE114905	table	filovirus-anchor	gse114905-viral-mrna-counts	4176	e3244d49f6db5a1126a657000d7ebe13a7135d73eb08c237a3623ba86cf917cf
F0276	bdbv-vp24_filovirus-anchor_table_gse114905-viral-mrna-summary_v01_20261002.json	05_external_public_datasets/GSE114905/bdbv-vp24_filovirus-anchor_table_gse114905-viral-mrna-summary_v01_20261002.json	analysis/t4_gse114905_20260925/viral_mrna_summary.json	05_external_public_datasets	GSE114905	table	filovirus-anchor	gse114905-viral-mrna-summary	1084	0b7f66e2aba20a8710ea7c6d7546c59d2c24f23c6b593e414ea674c38f558f99
F0277	bdbv-vp24_filovirus-anchor_table_gse114905-lit-fetch-summary_v01_20261002.json	05_external_public_datasets/GSE114905/bdbv-vp24_filovirus-anchor_table_gse114905-lit-fetch-summary_v01_20261002.json	analysis/t4_gse114905_20260925/lit/fetch_summary.json	05_external_public_datasets	GSE114905	table	filovirus-anchor	gse114905-lit-fetch-summary	332	30c1f769cc901fb9ed7a6cd93027594eeda3c7088ee8b4648972e50ebe9f612f
F0278	bdbv-vp24_coverage_code_gse100839-gapd-enteric-organoid_v01_20261002.py	05_external_public_datasets/GSE100839_GSE300073_GSE298600/bdbv-vp24_coverage_code_gse100839-gapd-enteric-organoid_v01_20261002.py	analysis/gapd_enteric_organoid_20260926/gapd_enteric_organoid.py	05_external_public_datasets	GSE100839_GSE300073_GSE298600	code	coverage	gse100839-gapd-enteric-organoid	10089	a9440d0d74f95120e9ad2e4602677cfa94668a6e0edb2a465db332141a2d8d94
F0279	bdbv-vp24_coverage_table_gse100839-gapd-mapping-checks_v01_20261002.json	05_external_public_datasets/GSE100839_GSE300073_GSE298600/bdbv-vp24_coverage_table_gse100839-gapd-mapping-checks_v01_20261002.json	analysis/gapd_enteric_organoid_20260926/gapd_mapping_checks.json	05_external_public_datasets	GSE100839_GSE300073_GSE298600	table	coverage	gse100839-gapd-mapping-checks	838	9a3cff4f1815987d00f4145b72075c60cf2c2810fc2ddbdb42efe88bcfc4d160
F0280	bdbv-vp24_coverage_table_gse100839-gapd-module-scores_v01_20261002.tsv	05_external_public_datasets/GSE100839_GSE300073_GSE298600/bdbv-vp24_coverage_table_gse100839-gapd-module-scores_v01_20261002.tsv	analysis/gapd_enteric_organoid_20260926/gapd_module_scores.tsv	05_external_public_datasets	GSE100839_GSE300073_GSE298600	table	coverage	gse100839-gapd-module-scores	1481	f96d68d8e189d79081ebe0ba56ac1418e7d2736465bb5d4ca1ba019260f779ea
F0281	bdbv-vp24_coverage_code_gse100839-gapd-rpe-ebov_v01_20261002.py	05_external_public_datasets/GSE100839_GSE300073_GSE298600/bdbv-vp24_coverage_code_gse100839-gapd-rpe-ebov_v01_20261002.py	analysis/gapd_enteric_organoid_20260926/gapd_rpe_ebov.py	05_external_public_datasets	GSE100839_GSE300073_GSE298600	code	coverage	gse100839-gapd-rpe-ebov	4996	548f31278bb5c6a98afce70de7e9d56cbe5049fb74a0bfd13e129312a68e0474
F0282	bdbv-vp24_coverage_table_gse100839-gapd-rpe-per-gene_v01_20261002.tsv	05_external_public_datasets/GSE100839_GSE300073_GSE298600/bdbv-vp24_coverage_table_gse100839-gapd-rpe-per-gene_v01_20261002.tsv	analysis/gapd_enteric_organoid_20260926/gapd_rpe_per_gene.tsv	05_external_public_datasets	GSE100839_GSE300073_GSE298600	table	coverage	gse100839-gapd-rpe-per-gene	563	3c1750960d5838d7ae24763da82c72ee8c525382ae43b9085285b33636f4c11c
F0283	bdbv-vp24_coverage_table_gse100839-gapd-rpe-summary_v01_20261002.json	05_external_public_datasets/GSE100839_GSE300073_GSE298600/bdbv-vp24_coverage_table_gse100839-gapd-rpe-summary_v01_20261002.json	analysis/gapd_enteric_organoid_20260926/gapd_rpe_summary.json	05_external_public_datasets	GSE100839_GSE300073_GSE298600	table	coverage	gse100839-gapd-rpe-summary	2862	da4d2dc56966d91df9cef6b3543c6c3c71cc3ef4a95d948242629330e9ab2fb1
F0284	bdbv-vp24_coverage_table_gse100839-gapd-summary_v01_20261002.json	05_external_public_datasets/GSE100839_GSE300073_GSE298600/bdbv-vp24_coverage_table_gse100839-gapd-summary_v01_20261002.json	analysis/gapd_enteric_organoid_20260926/gapd_summary.json	05_external_public_datasets	GSE100839_GSE300073_GSE298600	table	coverage	gse100839-gapd-summary	2909	02182383bf625629c976d7639d65bf972db477be5582fb6ab12b9d12780271ed
F0285	bdbv-vp24_coverage_table_gse100839-search-audit_v01_20261002.json	05_external_public_datasets/GSE100839_GSE300073_GSE298600/bdbv-vp24_coverage_table_gse100839-search-audit_v01_20261002.json	analysis/gapd_enteric_organoid_20260926/search_audit.json	05_external_public_datasets	GSE100839_GSE300073_GSE298600	table	coverage	gse100839-search-audit	23086	4aa6e17530df50b798e633593dc02294b4619177a89bceb8cec42e0ad6745d9b
F0286	bdbv-vp24_coverage_code_gse100839-search-audit_v01_20261002.py	05_external_public_datasets/GSE100839_GSE300073_GSE298600/bdbv-vp24_coverage_code_gse100839-search-audit_v01_20261002.py	analysis/gapd_enteric_organoid_20260926/search_audit.py	05_external_public_datasets	GSE100839_GSE300073_GSE298600	code	coverage	gse100839-search-audit	5836	2834094ebe014934dd5d9d240facf0395fc6abc825257a5c8b520f0f9533838f
F0287	bdbv-vp24_coverage_table_gse100839-search-audit_v01_20261002.tsv	05_external_public_datasets/GSE100839_GSE300073_GSE298600/bdbv-vp24_coverage_table_gse100839-search-audit_v01_20261002.tsv	analysis/gapd_enteric_organoid_20260926/search_audit.tsv	05_external_public_datasets	GSE100839_GSE300073_GSE298600	table	coverage	gse100839-search-audit	3699	5f8b89d36bbe61a81ac0ca2bb115569b5283a4809ccd62869281d469e4e59f98
F0288	bdbv-vp24_tissue-extension_table_nhp-tissue-g8-concordance_v01_20261002.tsv	05_external_public_datasets/nhp_multiorgan/bdbv-vp24_tissue-extension_table_nhp-tissue-g8-concordance_v01_20261002.tsv	analysis/t4_g8_tissue_ifn_env_20260926/g8_concordance.tsv	05_external_public_datasets	nhp_multiorgan	table	tissue-extension	nhp-tissue-g8-concordance	1312	9b0d18120271a4761c2124ef801d9ad5b6db6922e004d2993d1c8920a575f98c
F0289	bdbv-vp24_tissue-extension_table_nhp-tissue-g8-correlations_v01_20261002.tsv	05_external_public_datasets/nhp_multiorgan/bdbv-vp24_tissue-extension_table_nhp-tissue-g8-correlations_v01_20261002.tsv	analysis/t4_g8_tissue_ifn_env_20260926/g8_correlations.tsv	05_external_public_datasets	nhp_multiorgan	table	tissue-extension	nhp-tissue-g8-correlations	530	86a6dce1ef0fe026458e74c550dd1c7dea128e53185c18381ea3466278072272
F0290	bdbv-vp24_tissue-extension_table_nhp-tissue-g8-depth-control_v01_20261002.tsv	05_external_public_datasets/nhp_multiorgan/bdbv-vp24_tissue-extension_table_nhp-tissue-g8-depth-control_v01_20261002.tsv	analysis/t4_g8_tissue_ifn_env_20260926/g8_depth_control.tsv	05_external_public_datasets	nhp_multiorgan	table	tissue-extension	nhp-tissue-g8-depth-control	96	b8d7dbdf7b754d13eef6e2a048d6e0d4fc53311f4e35ab21f17bd2de30ffcef3
F0291	bdbv-vp24_tissue-extension_table_nhp-tissue-g8-depth-residual_v01_20261002.tsv	05_external_public_datasets/nhp_multiorgan/bdbv-vp24_tissue-extension_table_nhp-tissue-g8-depth-residual_v01_20261002.tsv	analysis/t4_g8_tissue_ifn_env_20260926/g8_depth_residual.tsv	05_external_public_datasets	nhp_multiorgan	table	tissue-extension	nhp-tissue-g8-depth-residual	199	b949585b8f2b8c6a80ef4c96dd1ff88a105f82ab2fe26e2e52200f51ad3819b1
F0292	bdbv-vp24_tissue-extension_table_nhp-tissue-g8-summary_v01_20261002.json	05_external_public_datasets/nhp_multiorgan/bdbv-vp24_tissue-extension_table_nhp-tissue-g8-summary_v01_20261002.json	analysis/t4_g8_tissue_ifn_env_20260926/g8_summary.json	05_external_public_datasets	nhp_multiorgan	table	tissue-extension	nhp-tissue-g8-summary	5221	54931d103d74b86209833ae5ff8c4c3ad8b3242c8a60b7f849ea04d5592d5a34
F0293	bdbv-vp24_tissue-extension_table_nhp-tissue-sample-scores_v01_20261002.tsv	05_external_public_datasets/nhp_multiorgan/bdbv-vp24_tissue-extension_table_nhp-tissue-sample-scores_v01_20261002.tsv	analysis/t4_g8_tissue_ifn_env_20260926/sample_scores.tsv	05_external_public_datasets	nhp_multiorgan	table	tissue-extension	nhp-tissue-sample-scores	67619	f21f5c4038b3c4867a90fd495891a54d2769581396cd30b649596d8eacac30f3
F0294	bdbv-vp24_tissue-extension_table_nhp-tissue-tissue-delta_v01_20261002.tsv	05_external_public_datasets/nhp_multiorgan/bdbv-vp24_tissue-extension_table_nhp-tissue-tissue-delta_v01_20261002.tsv	analysis/t4_g8_tissue_ifn_env_20260926/tissue_delta.tsv	05_external_public_datasets	nhp_multiorgan	table	tissue-extension	nhp-tissue-tissue-delta	1859	46face7b667338c6166f2a721b18faafcee7e7628e3d8676fea55dfddbcc8860
F0295	bdbv-vp24_tissue-extension_table_nhp-tissue-tissue-env_v01_20261002.tsv	05_external_public_datasets/nhp_multiorgan/bdbv-vp24_tissue-extension_table_nhp-tissue-tissue-env_v01_20261002.tsv	analysis/t4_g8_tissue_ifn_env_20260926/tissue_env.tsv	05_external_public_datasets	nhp_multiorgan	table	tissue-extension	nhp-tissue-tissue-env	3268	e2b44fba7c4e8e78264d841290a80b6e0e17443f272f44927937aa200434cfad
F0296	bdbv-vp24_tissue-extension_table_nhp-tissue-ref-gene-index-extra_v01_20261002.json	05_external_public_datasets/nhp_multiorgan/bdbv-vp24_tissue-extension_table_nhp-tissue-ref-gene-index-extra_v01_20261002.json	analysis/t4_g8_tissue_ifn_env_20260926/ref/gene_index_extra.json	05_external_public_datasets	nhp_multiorgan	table	tissue-extension	nhp-tissue-ref-gene-index-extra	283638	376ea0b73dd7431270435832e2426757e073c39e8c44a821a2fb321bffb06306
F0297	bdbv-vp24_tissue-extension_table_nhp-tissue-ref-gene-order-100_v01_20261002.tsv	05_external_public_datasets/nhp_multiorgan/bdbv-vp24_tissue-extension_table_nhp-tissue-ref-gene-order-100_v01_20261002.tsv	analysis/t4_g8_tissue_ifn_env_20260926/ref/gene_order_100.tsv	05_external_public_datasets	nhp_multiorgan	table	tissue-extension	nhp-tissue-ref-gene-order-100	231507	a4aae49e3769a8db26375ceec7fcf246cba5fbfb62ff4c441e26e9e6a1886a26
F0298	bdbv-vp24_tissue-extension_table_nhp-tissue-ref-gene-order-102_v01_20261002.tsv	05_external_public_datasets/nhp_multiorgan/bdbv-vp24_tissue-extension_table_nhp-tissue-ref-gene-order-102_v01_20261002.tsv	analysis/t4_g8_tissue_ifn_env_20260926/ref/gene_order_102.tsv	05_external_public_datasets	nhp_multiorgan	table	tissue-extension	nhp-tissue-ref-gene-order-102	226999	89f363c69a8fa1aaf7a14ae03bcd366b4a1500d42b9a9502ddd22a6aa3415aca
F0299	bdbv-vp24_tissue-extension_table_nhp-tissue-ref-gene-order-104_v01_20261002.tsv	05_external_public_datasets/nhp_multiorgan/bdbv-vp24_tissue-extension_table_nhp-tissue-ref-gene-order-104_v01_20261002.tsv	analysis/t4_g8_tissue_ifn_env_20260926/ref/gene_order_104.tsv	05_external_public_datasets	nhp_multiorgan	table	tissue-extension	nhp-tissue-ref-gene-order-104	1088507	e2c2d3f85952c6b4b23e26a7f39eada8a5a97373a3c5bed901d2af159ceabc46
F0300	bdbv-vp24_tissue-extension_table_nhp-tissue-ref-gene-order-106_v01_20261002.tsv	05_external_public_datasets/nhp_multiorgan/bdbv-vp24_tissue-extension_table_nhp-tissue-ref-gene-order-106_v01_20261002.tsv	analysis/t4_g8_tissue_ifn_env_20260926/ref/gene_order_106.tsv	05_external_public_datasets	nhp_multiorgan	table	tissue-extension	nhp-tissue-ref-gene-order-106	230655	40c043593c5c25f5ae31bf77ed264d7c275cdc5fc0c15c22e601301f25861c5a
F0301	bdbv-vp24_tissue-extension_table_nhp-tissue-combination-2x2_v01_20261002.tsv	05_external_public_datasets/nhp_multiorgan/bdbv-vp24_tissue-extension_table_nhp-tissue-combination-2x2_v01_20261002.tsv	analysis/w14_organ_20260924/combination_2x2.tsv	05_external_public_datasets	nhp_multiorgan	table	tissue-extension	nhp-tissue-combination-2x2	338	9640f7a85de1cf26859b6a59bf54c5f7e96abba0ac95181b66319431fc996b73
F0302	bdbv-vp24_tissue-extension_table_nhp-tissue-expanded-panel-presence_v01_20261002.tsv	05_external_public_datasets/nhp_multiorgan/bdbv-vp24_tissue-extension_table_nhp-tissue-expanded-panel-presence_v01_20261002.tsv	analysis/w14_organ_20260924/expanded_panel_presence.tsv	05_external_public_datasets	nhp_multiorgan	table	tissue-extension	nhp-tissue-expanded-panel-presence	567	521b65e928c0c3f071f412871e89544ec860a0d2f297935e0185f220f9c234a8
F0303	bdbv-vp24_tissue-extension_table_nhp-tissue-fixedeffects-between-tissue_v01_20261002.tsv	05_external_public_datasets/nhp_multiorgan/bdbv-vp24_tissue-extension_table_nhp-tissue-fixedeffects-between-tissue_v01_20261002.tsv	analysis/w14_organ_20260924/fixedeffects_between_tissue.tsv	05_external_public_datasets	nhp_multiorgan	table	tissue-extension	nhp-tissue-fixedeffects-between-tissue	344	5c289e9fb557153a05a2f41617e48360a6350d76c2f91bd12db3dd4426d8729b
F0304	bdbv-vp24_tissue-extension_table_nhp-tissue-fixedeffects-paired-per-animal_v01_20261002.tsv	05_external_public_datasets/nhp_multiorgan/bdbv-vp24_tissue-extension_table_nhp-tissue-fixedeffects-paired-per-animal_v01_20261002.tsv	analysis/w14_organ_20260924/fixedeffects_paired_per_animal.tsv	05_external_public_datasets	nhp_multiorgan	table	tissue-extension	nhp-tissue-fixedeffects-paired-per-animal	5600	9e3fd0311f6dfa42425fe9b57f6d4d871bdc37656d749991d5e3b2cccf7c6b42
F0305	bdbv-vp24_tissue-extension_table_nhp-tissue-fixedeffects-paired-summary_v01_20261002.tsv	05_external_public_datasets/nhp_multiorgan/bdbv-vp24_tissue-extension_table_nhp-tissue-fixedeffects-paired-summary_v01_20261002.tsv	analysis/w14_organ_20260924/fixedeffects_paired_summary.tsv	05_external_public_datasets	nhp_multiorgan	table	tissue-extension	nhp-tissue-fixedeffects-paired-summary	241	821f74b408d9465c673305c9e55bdf584f48e819a3ea6ce142af9f0442cefccf
F0306	bdbv-vp24_tissue-extension_table_nhp-tissue-fixedeffects-within-tissue_v01_20261002.tsv	05_external_public_datasets/nhp_multiorgan/bdbv-vp24_tissue-extension_table_nhp-tissue-fixedeffects-within-tissue_v01_20261002.tsv	analysis/w14_organ_20260924/fixedeffects_within_tissue.tsv	05_external_public_datasets	nhp_multiorgan	table	tissue-extension	nhp-tissue-fixedeffects-within-tissue	436	8100268f523eae2ece5f92f5c906a9d31e005d00996933ee386c73144cec1144
F0307	bdbv-vp24_tissue-extension_table_nhp-tissue-sample-table_v01_20261002.tsv	05_external_public_datasets/nhp_multiorgan/bdbv-vp24_tissue-extension_table_nhp-tissue-sample-table_v01_20261002.tsv	analysis/w14_organ_20260924/sample_table.tsv	05_external_public_datasets	nhp_multiorgan	table	tissue-extension	nhp-tissue-sample-table	160756	b1ac9c74c2e0bd88242f418b3f3c1ae4042f2fc6be54262cb5317f2052c37700
F0308	bdbv-vp24_tissue-extension_table_nhp-tissue-tissue-correlations_v01_20261002.tsv	05_external_public_datasets/nhp_multiorgan/bdbv-vp24_tissue-extension_table_nhp-tissue-tissue-correlations_v01_20261002.tsv	analysis/w14_organ_20260924/tissue_correlations.tsv	05_external_public_datasets	nhp_multiorgan	table	tissue-extension	nhp-tissue-tissue-correlations	324	289915b0e0c97344d473e591e4ab7130b3138ed53d297926c637e579513b5895
F0309	bdbv-vp24_tissue-extension_table_nhp-tissue-tissue-table_v01_20261002.tsv	05_external_public_datasets/nhp_multiorgan/bdbv-vp24_tissue-extension_table_nhp-tissue-tissue-table_v01_20261002.tsv	analysis/w14_organ_20260924/tissue_table.tsv	05_external_public_datasets	nhp_multiorgan	table	tissue-extension	nhp-tissue-tissue-table	2177	492809694ac2530cc30c36bddfd763ec15fce3113215f56a6d3ca801c4f1ff08
F0310	bdbv-vp24_tissue-extension_table_nhp-tissue-w14-summary_v01_20261002.json	05_external_public_datasets/nhp_multiorgan/bdbv-vp24_tissue-extension_table_nhp-tissue-w14-summary_v01_20261002.json	analysis/w14_organ_20260924/w14_summary.json	05_external_public_datasets	nhp_multiorgan	table	tissue-extension	nhp-tissue-w14-summary	4687	8e72a871929cfb089d1618b031e9b67c984a0d244f00a5ca63c454c6ec38b946
F0311	bdbv-vp24_tissue-extension_table_nhp-tissue-within-animal_v01_20261002.tsv	05_external_public_datasets/nhp_multiorgan/bdbv-vp24_tissue-extension_table_nhp-tissue-within-animal_v01_20261002.tsv	analysis/w14_organ_20260924/within_animal.tsv	05_external_public_datasets	nhp_multiorgan	table	tissue-extension	nhp-tissue-within-animal	5074	eddf4f04465d5c4eb8ab8ea1fdfda51343d6b1d178c1f6b1896124d128db77c4
F0312	bdbv-vp24_importin-axis_table_kpna-axis-g7-null-check_v01_20261002.json	06_analysis_data/importin_alpha_axis/bdbv-vp24_importin-axis_table_kpna-axis-g7-null-check_v01_20261002.json	analysis/g7_kpna_axis_20260926/g7_null_check.json	06_analysis_data	importin_alpha_axis	table	importin-axis	kpna-axis-g7-null-check	622	ecd85dc485b5b442f541cfca5e9a9bef592578991244f95257843f80577f1eee
F0313	bdbv-vp24_importin-axis_table_kpna-axis-g7-summary_v01_20261002.json	06_analysis_data/importin_alpha_axis/bdbv-vp24_importin-axis_table_kpna-axis-g7-summary_v01_20261002.json	analysis/g7_kpna_axis_20260926/g7_summary.json	06_analysis_data	importin_alpha_axis	table	importin-axis	kpna-axis-g7-summary	32158	630490ea0f1d4b2ea240fc59b146c919d366bf9bdb5c20b59c84205882c1796c
F0314	bdbv-vp24_importin-axis_table_kpna-axis_v01_20261002.tsv	06_analysis_data/importin_alpha_axis/bdbv-vp24_importin-axis_table_kpna-axis_v01_20261002.tsv	analysis/g7_kpna_axis_20260926/kpna_axis.tsv	06_analysis_data	importin_alpha_axis	table	importin-axis	kpna-axis	35532	fec30dd1a54c499c4843bf338af7f230b715f2e948195f43ce13a59f4117e49e
F0315	bdbv-vp24_importin-axis_table_kpna-axis-kpna-protein-layer_v01_20261002.json	06_analysis_data/importin_alpha_axis/bdbv-vp24_importin-axis_table_kpna-axis-kpna-protein-layer_v01_20261002.json	analysis/g7_kpna_axis_20260926/kpna_protein_layer.json	06_analysis_data	importin_alpha_axis	table	importin-axis	kpna-axis-kpna-protein-layer	4142	8ca3ebef95e5e432c77afb9b3f86584f4b717ba1362a0a14c5895408e642cb98
F0316	bdbv-vp24_importin-axis_table_kpna-axis-kpna-protein-layer_v01_20261002.tsv	06_analysis_data/importin_alpha_axis/bdbv-vp24_importin-axis_table_kpna-axis-kpna-protein-layer_v01_20261002.tsv	analysis/g7_kpna_axis_20260926/kpna_protein_layer.tsv	06_analysis_data	importin_alpha_axis	table	importin-axis	kpna-axis-kpna-protein-layer	1141	3b6016420ce9b6c1875321d8a61b1583b4f8e4b7678faa334c6301b236da4db6
F0317	bdbv-vp24_importin-axis_table_kpna-axis-hpa-raw-kpna1-ensg00000114030_v01_20261002.json	06_analysis_data/importin_alpha_axis/bdbv-vp24_importin-axis_table_kpna-axis-hpa-raw-kpna1-ensg00000114030_v01_20261002.json	analysis/g7_kpna_axis_20260926/hpa_raw/KPNA1_ENSG00000114030.json	06_analysis_data	importin_alpha_axis	table	importin-axis	kpna-axis-hpa-raw-kpna1-ensg00000114030	10616	fafca7249b13706824ee3f76f0a6855253fc560ae48391fbf22dc4f2fc71953e
F0318	bdbv-vp24_importin-axis_table_kpna-axis-hpa-raw-kpna5-ensg00000196911_v01_20261002.json	06_analysis_data/importin_alpha_axis/bdbv-vp24_importin-axis_table_kpna-axis-hpa-raw-kpna5-ensg00000196911_v01_20261002.json	analysis/g7_kpna_axis_20260926/hpa_raw/KPNA5_ENSG00000196911.json	06_analysis_data	importin_alpha_axis	table	importin-axis	kpna-axis-hpa-raw-kpna5-ensg00000196911	10637	b54dcfcbac7c3bd0811854818b8920c1076c87777a0751cfa3a67976d3354f64
F0319	bdbv-vp24_importin-axis_table_kpna-axis-hpa-raw-kpna6-ensg00000025800_v01_20261002.json	06_analysis_data/importin_alpha_axis/bdbv-vp24_importin-axis_table_kpna-axis-hpa-raw-kpna6-ensg00000025800_v01_20261002.json	analysis/g7_kpna_axis_20260926/hpa_raw/KPNA6_ENSG00000025800.json	06_analysis_data	importin_alpha_axis	table	importin-axis	kpna-axis-hpa-raw-kpna6-ensg00000025800	10646	5a8892e7ad6d3df895267d4f55dbcfffeadb521c6358fdf95552351cf065f375
F0320	bdbv-vp24_ifn-tone_table_hpa-v25.1-atlas-matched-pairs_v01_20261002.tsv	06_analysis_data/ifn_tone_score/bdbv-vp24_ifn-tone_table_hpa-v25.1-atlas-matched-pairs_v01_20261002.tsv	analysis/g9_delta_robustness_20260926/atlas_matched_pairs.tsv	06_analysis_data	ifn_tone_score	table	ifn-tone	hpa-v25.1-atlas-matched-pairs	2302	aa928ecd9516400a467c868a663305ead7827965fe544b9edb2d83d0d76fddc1
F0321	bdbv-vp24_ifn-tone_table_hpa-v25.1-atlas-matched-pairs-standardised_v01_20261002.tsv	06_analysis_data/ifn_tone_score/bdbv-vp24_ifn-tone_table_hpa-v25.1-atlas-matched-pairs-standardised_v01_20261002.tsv	analysis/g9_delta_robustness_20260926/atlas_matched_pairs_standardised.tsv	06_analysis_data	ifn_tone_score	table	ifn-tone	hpa-v25.1-atlas-matched-pairs-standardised	2578	af339ae7e0896acbcade5e9db635abf1cedc9b6859e2507129bf45f9ea8d8df6
F0322	bdbv-vp24_ifn-tone_table_hpa-v25.1-atlas-probe_v01_20261002.json	06_analysis_data/ifn_tone_score/bdbv-vp24_ifn-tone_table_hpa-v25.1-atlas-probe_v01_20261002.json	analysis/g9_delta_robustness_20260926/atlas_probe.json	06_analysis_data	ifn_tone_score	table	ifn-tone	hpa-v25.1-atlas-probe	30501	5cae5784503635d955d7d46ee959a29820366139938893af4baf00234ffce7f5
F0323	bdbv-vp24_ifn-tone_table_hpa-v25.1-hpa-delta-variants_v01_20261002.tsv	06_analysis_data/ifn_tone_score/bdbv-vp24_ifn-tone_table_hpa-v25.1-hpa-delta-variants_v01_20261002.tsv	analysis/g9_delta_robustness_20260926/hpa_delta_variants.tsv	06_analysis_data	ifn_tone_score	table	ifn-tone	hpa-v25.1-hpa-delta-variants	34396	5a0b9d597c39f0c110d10ce5d18a3589217684763063d2dcb89fb0b9a19c432b
F0324	bdbv-vp24_ifn-tone_table_hpa-v25.1-robustness-summary_v01_20261002.json	06_analysis_data/ifn_tone_score/bdbv-vp24_ifn-tone_table_hpa-v25.1-robustness-summary_v01_20261002.json	analysis/g9_delta_robustness_20260926/robustness_summary.json	06_analysis_data	ifn_tone_score	table	ifn-tone	hpa-v25.1-robustness-summary	14205	a46b55a96a869084ac7d7cc74c8c9fa1b5fc4bdef7a68c56eb8df2c9338c19fe
F0325	bdbv-vp24_proxy-test_code_gse46599-a1-contrast-profile-v2-20260926_v01_20261002.py	06_analysis_data/proxy_tests/bdbv-vp24_proxy-test_code_gse46599-a1-contrast-profile-v2-20260926_v01_20261002.py	analysis/a1_level_calibration_20260926/a1_contrast_profile_v2_20260926.py	06_analysis_data	proxy_tests	code	proxy-test	gse46599-a1-contrast-profile-v2-20260926	15255	8412b96743fa229167a4a634f9f903600bdf379f1724ff4251fd9d20b6b63966
F0326	bdbv-vp24_proxy-test_table_gse46599-contrast-grid-v2_v01_20261002.tsv	06_analysis_data/proxy_tests/bdbv-vp24_proxy-test_table_gse46599-contrast-grid-v2_v01_20261002.tsv	analysis/a1_level_calibration_20260926/contrast_grid_v2.tsv	06_analysis_data	proxy_tests	table	proxy-test	gse46599-contrast-grid-v2	51488	16af2b1f9fa75782757b53a568c967fa500b2157a6f9018be02a051a755ad6cd
F0327	bdbv-vp24_proxy-test_table_gse46599-contrast-profile-v2_v01_20261002.json	06_analysis_data/proxy_tests/bdbv-vp24_proxy-test_table_gse46599-contrast-profile-v2_v01_20261002.json	analysis/a1_level_calibration_20260926/contrast_profile_v2.json	06_analysis_data	proxy_tests	table	proxy-test	gse46599-contrast-profile-v2	9172	fa050ee168bfff3d120f8f882bff816edfc69bed1ec32db445ecc29f0a1eb5c8
F0328	bdbv-vp24_proxy-test_table_gse46599-level-vs-fold_v01_20261002.json	06_analysis_data/proxy_tests/bdbv-vp24_proxy-test_table_gse46599-level-vs-fold_v01_20261002.json	analysis/a1_level_vs_fold_20260926/level_vs_fold.json	06_analysis_data	proxy_tests	table	proxy-test	gse46599-level-vs-fold	3107	e4b1ecf4991497674555819a9c95d6c041c745b9cd8cfabd3dd38e1a49a28f7c
F0329	bdbv-vp24_proxy-test_table_gse46599-components-and-kpna_v01_20261002.json	06_analysis_data/proxy_tests/bdbv-vp24_proxy-test_table_gse46599-components-and-kpna_v01_20261002.json	analysis/a1b_functional_form_20260926/components_and_kpna.json	06_analysis_data	proxy_tests	table	proxy-test	gse46599-components-and-kpna	1011	054e9ca1fd0c13ac82b3feed63c468c9f5ad35c79ee56b48523499cc2332d01b
F0330	bdbv-vp24_proxy-test_table_gse46599-functional-form_v01_20261002.json	06_analysis_data/proxy_tests/bdbv-vp24_proxy-test_table_gse46599-functional-form_v01_20261002.json	analysis/a1b_functional_form_20260926/functional_form.json	06_analysis_data	proxy_tests	table	proxy-test	gse46599-functional-form	832	57689f73fcb9df314f6891b09f030418313a1dc816f480b7efaadadbdc542038
F0331	bdbv-vp24_importin-axis_table_kpna-axis-a-auc-table_v01_20261002.tsv	06_analysis_data/importin_alpha_axis/bdbv-vp24_importin-axis_table_kpna-axis-a-auc-table_v01_20261002.tsv	analysis/composite_axis_review_20260930/a_auc_table.tsv	06_analysis_data	importin_alpha_axis	table	importin-axis	kpna-axis-a-auc-table	1525	26b9adb15592a9e5bbc25135bf74e9b2e54142f7bf1255f17e5507276b88b3e5
F0332	bdbv-vp24_importin-axis_table_kpna-axis-b-rank-drift_v01_20261002.tsv	06_analysis_data/importin_alpha_axis/bdbv-vp24_importin-axis_table_kpna-axis-b-rank-drift_v01_20261002.tsv	analysis/composite_axis_review_20260930/b_rank_drift.tsv	06_analysis_data	importin_alpha_axis	table	importin-axis	kpna-axis-b-rank-drift	77939	b4da2cd4d599e8d73c7ada4ea51f5a3df9c2166f8f76389ca95711200e6d2523
F0333	bdbv-vp24_importin-axis_code_kpna-axis-composite-axis-review_v01_20261002.py	06_analysis_data/importin_alpha_axis/bdbv-vp24_importin-axis_code_kpna-axis-composite-axis-review_v01_20261002.py	analysis/composite_axis_review_20260930/composite_axis_review.py	06_analysis_data	importin_alpha_axis	code	importin-axis	kpna-axis-composite-axis-review	29532	56e16825cfa37bc9ae9d186e6333f16a9719ac7eeb5b7ed2348e859c675092e0
F0334	bdbv-vp24_importin-axis_table_kpna-axis-composite-decision_v01_20261002.json	06_analysis_data/importin_alpha_axis/bdbv-vp24_importin-axis_table_kpna-axis-composite-decision_v01_20261002.json	analysis/composite_axis_review_20260930/composite_decision.json	06_analysis_data	importin_alpha_axis	table	importin-axis	kpna-axis-composite-decision	32113	3da291a2d380e3e137193b94cfb870fdbbcfd457615e5b1abe5cb1d61f19cd53
F0335	bdbv-vp24_importin-axis_table_kpna-axis-b-rank-drift-main_v01_20261002.tsv	06_analysis_data/importin_alpha_axis/bdbv-vp24_importin-axis_table_kpna-axis-b-rank-drift-main_v01_20261002.tsv	analysis/composite_axis_review_main_20260930/b_rank_drift_main.tsv	06_analysis_data	importin_alpha_axis	table	importin-axis	kpna-axis-b-rank-drift-main	26387	651d099bd378b866a991b9b33f560af6db8cf0753073e50aa8a35469fe64646f
F0336	bdbv-vp24_importin-axis_code_kpna-axis-composite-axis-review-main_v01_20261002.py	06_analysis_data/importin_alpha_axis/bdbv-vp24_importin-axis_code_kpna-axis-composite-axis-review-main_v01_20261002.py	analysis/composite_axis_review_main_20260930/composite_axis_review_main.py	06_analysis_data	importin_alpha_axis	code	importin-axis	kpna-axis-composite-axis-review-main	16298	54bb35a804a3bcdc435a44c2f807d585ede1062cc0a27abafe47e67dc8468066
F0337	bdbv-vp24_importin-axis_table_kpna-axis-composite-decision-main_v01_20261002.json	06_analysis_data/importin_alpha_axis/bdbv-vp24_importin-axis_table_kpna-axis-composite-decision-main_v01_20261002.json	analysis/composite_axis_review_main_20260930/composite_decision_main.json	06_analysis_data	importin_alpha_axis	table	importin-axis	kpna-axis-composite-decision-main	10470	66315c728505fd7fd0d393c7d12310cabd100af10356a8a76e4e5933b30b22d6
F0338	bdbv-vp24_coverage_table_cellxgene_v01_20261002.json	06_analysis_data/coverage_audit/bdbv-vp24_coverage_table_cellxgene_v01_20261002.json	analysis/h2_lowend_atlas_hunt_20260926/cellxgene_celltype_hits.json	06_analysis_data	coverage_audit	table	coverage	cellxgene	12020	0a189f4f541b9640b2c3ef454f421f34d85ca6fecc83f96326f4c90ea025d69a
F0339	bdbv-vp24_coverage_table_cellxgene_v01_20261002.tsv	06_analysis_data/coverage_audit/bdbv-vp24_coverage_table_cellxgene_v01_20261002.tsv	analysis/h2_lowend_atlas_hunt_20260926/cellxgene_dataset_details.tsv	06_analysis_data	coverage_audit	table	coverage	cellxgene	360155	c665f86cdc2fb52bb1234d3e0d3c8368bd8819dc66f80d72977d3742dab904ef
F0340	bdbv-vp24_coverage_table_cellxgene-02_v01_20261002.json	06_analysis_data/coverage_audit/bdbv-vp24_coverage_table_cellxgene-02_v01_20261002.json	analysis/h2_lowend_atlas_hunt_20260926/cellxgene_summary.json	06_analysis_data	coverage_audit	table	coverage	cellxgene-02	196	3ec14863a2283a8c857155664afa98a848b37312af72b54ea3e92f0b69dae3a8
F0341	bdbv-vp24_coverage_table_cellxgene-02_v01_20261002.tsv	06_analysis_data/coverage_audit/bdbv-vp24_coverage_table_cellxgene-02_v01_20261002.tsv	analysis/h2_lowend_atlas_hunt_20260926/cellxgene_target_datasets.tsv	06_analysis_data	coverage_audit	table	coverage	cellxgene-02	441008	b63a8ecb636cdc52dede1db5fdcc3ec9a1cd1e04b788cd93f2d63b687f51ff1c
F0342	bdbv-vp24_coverage_code_cellxgene-h2-cellxgene-details_v01_20261002.py	06_analysis_data/coverage_audit/bdbv-vp24_coverage_code_cellxgene-h2-cellxgene-details_v01_20261002.py	analysis/h2_lowend_atlas_hunt_20260926/h2_cellxgene_details.py	06_analysis_data	coverage_audit	code	coverage	cellxgene-h2-cellxgene-details	6301	3b306e468710c06ba3b35ddaef1c83b1e9cb664b4229e4dc9b5b068d72a27f0e
F0343	bdbv-vp24_coverage_code_cellxgene-h2-cellxgene-scan_v01_20261002.py	06_analysis_data/coverage_audit/bdbv-vp24_coverage_code_cellxgene-h2-cellxgene-scan_v01_20261002.py	analysis/h2_lowend_atlas_hunt_20260926/h2_cellxgene_scan.py	06_analysis_data	coverage_audit	code	coverage	cellxgene-h2-cellxgene-scan	4177	66cc9a6180a3baf5f48b3f231c58e5abc025cb1b73881064c818f711c3ef9bef
F0344	bdbv-vp24_coverage_code_cellxgene-h2-download-targets_v01_20261002.py	06_analysis_data/coverage_audit/bdbv-vp24_coverage_code_cellxgene-h2-download-targets_v01_20261002.py	analysis/h2_lowend_atlas_hunt_20260926/h2_download_targets.py	06_analysis_data	coverage_audit	code	coverage	cellxgene-h2-download-targets	4614	cfd05d61d2079b2d027393862b3393e8bc162f06d8f95af6dc2db1aec1e691ed
F0345	bdbv-vp24_coverage_code_cellxgene-h2-geo-epmc-scan_v01_20261002.py	06_analysis_data/coverage_audit/bdbv-vp24_coverage_code_cellxgene-h2-geo-epmc-scan_v01_20261002.py	analysis/h2_lowend_atlas_hunt_20260926/h2_geo_epmc_scan.py	06_analysis_data	coverage_audit	code	coverage	cellxgene-h2-geo-epmc-scan	5483	9290a83f3ef47d9d9f285459e99559b630c1fb7f27bc704c07e8d64a41426841
F0346	bdbv-vp24_coverage_table_cellxgene-h2-lowend-agreement_v01_20261002.json	06_analysis_data/coverage_audit/bdbv-vp24_coverage_table_cellxgene-h2-lowend-agreement_v01_20261002.json	analysis/h2_lowend_atlas_hunt_20260926/h2_lowend_agreement.json	06_analysis_data	coverage_audit	table	coverage	cellxgene-h2-lowend-agreement	8045	bb6b8513a96dd79a094e634c4ef62ae7b7fca4629ccb4c962427baeb2bcc1df7
F0347	bdbv-vp24_coverage_code_cellxgene-h2-lowend-agreement_v01_20261002.py	06_analysis_data/coverage_audit/bdbv-vp24_coverage_code_cellxgene-h2-lowend-agreement_v01_20261002.py	analysis/h2_lowend_atlas_hunt_20260926/h2_lowend_agreement.py	06_analysis_data	coverage_audit	code	coverage	cellxgene-h2-lowend-agreement	6165	e9e8b6f08153302bac50e501c6bb71006cda93d10ae7ea64ab10c3234eda6dac
F0348	bdbv-vp24_coverage_code_cellxgene-h2-lowend-agreement-hierarchy_v01_20261002.py	06_analysis_data/coverage_audit/bdbv-vp24_coverage_code_cellxgene-h2-lowend-agreement-hierarchy_v01_20261002.py	analysis/h2_lowend_atlas_hunt_20260926/h2_lowend_agreement_hierarchy.py	06_analysis_data	coverage_audit	code	coverage	cellxgene-h2-lowend-agreement-hierarchy	7166	1191bdd3ac3d7c472b8faf4f2baf837d4aa688e72e8ef0a850ed774b181c8724
F0349	bdbv-vp24_coverage_code_cellxgene-h2-pseudobulk-new-atlases_v01_20261002.py	06_analysis_data/coverage_audit/bdbv-vp24_coverage_code_cellxgene-h2-pseudobulk-new-atlases_v01_20261002.py	analysis/h2_lowend_atlas_hunt_20260926/h2_pseudobulk_new_atlases.py	06_analysis_data	coverage_audit	code	coverage	cellxgene-h2-pseudobulk-new-atlases	8286	69a2fd996daaeb3dd23a299b48c0db685ef4bac44957147804a1b7fc75f18838
F0350	bdbv-vp24_coverage_code_cellxgene-h2-report-candidates_v01_20261002.py	06_analysis_data/coverage_audit/bdbv-vp24_coverage_code_cellxgene-h2-report-candidates_v01_20261002.py	analysis/h2_lowend_atlas_hunt_20260926/h2_report_candidates.py	06_analysis_data	coverage_audit	code	coverage	cellxgene-h2-report-candidates	1293	02a2b7853b5de2f03d2d3fcf9285861b7341af11d1855022c399925eeed40385
F0351	bdbv-vp24_coverage_table_cellxgene-h2b-agreement_v01_20261002.json	06_analysis_data/coverage_audit/bdbv-vp24_coverage_table_cellxgene-h2b-agreement_v01_20261002.json	analysis/h2_lowend_atlas_hunt_20260926/h2b_agreement.json	06_analysis_data	coverage_audit	table	coverage	cellxgene-h2b-agreement	10504	0e984c1e4102d1d023e00c2b603e7a0d6f0161e7bcc804eb674326a4363e19cc
F0352	bdbv-vp24_coverage_table_cellxgene-h2b-pairs_v01_20261002.tsv	06_analysis_data/coverage_audit/bdbv-vp24_coverage_table_cellxgene-h2b-pairs_v01_20261002.tsv	analysis/h2_lowend_atlas_hunt_20260926/h2b_pairs.tsv	06_analysis_data	coverage_audit	table	coverage	cellxgene-h2b-pairs	4293	891180a2f43402d95537213ac336be9b155b59e8da48a9756cef548a124046a5
F0353	bdbv-vp24_coverage_table_atlas-eye-diagnosis-summary_v01_20261002.json	06_analysis_data/coverage_audit/bdbv-vp24_coverage_table_atlas-eye-diagnosis-summary_v01_20261002.json	analysis/h2c_photoreceptor_20260926/diagnosis_summary.json	06_analysis_data	coverage_audit	table	coverage	atlas-eye-diagnosis-summary	12920	b120c5f77404c80e69d1a4929501039b768a00b385bf5ab001934d7c8bf049b4
F0354	bdbv-vp24_coverage_code_atlas-eye-h2c-01-label-diagnosis_v01_20261002.py	06_analysis_data/coverage_audit/bdbv-vp24_coverage_code_atlas-eye-h2c-01-label-diagnosis_v01_20261002.py	analysis/h2c_photoreceptor_20260926/h2c_01_label_diagnosis.py	06_analysis_data	coverage_audit	code	coverage	atlas-eye-h2c-01-label-diagnosis	12949	2cb99b0fe2d92809931ac2b935c4222a2ea6599a47bdeef98e7f73cb86b299f9
F0355	bdbv-vp24_coverage_code_atlas-eye-h2c-02-agreement-retina_v01_20261002.py	06_analysis_data/coverage_audit/bdbv-vp24_coverage_code_atlas-eye-h2c-02-agreement-retina_v01_20261002.py	analysis/h2c_photoreceptor_20260926/h2c_02_agreement_retina.py	06_analysis_data	coverage_audit	code	coverage	atlas-eye-h2c-02-agreement-retina	20405	771af5e22a9c52da2fb57bedaff66697ddac779637de0719cd5dc606a79fff1d
F0356	bdbv-vp24_coverage_table_atlas-eye-h2c-r0-pairs_v01_20261002.tsv	06_analysis_data/coverage_audit/bdbv-vp24_coverage_table_atlas-eye-h2c-r0-pairs_v01_20261002.tsv	analysis/h2c_photoreceptor_20260926/h2c_R0_pairs.tsv	06_analysis_data	coverage_audit	table	coverage	atlas-eye-h2c-r0-pairs	4293	e1e57208a982155b0894df519fd3a6be1bcb5389deebd6c92d344a2939aabbd7
F0357	bdbv-vp24_coverage_table_atlas-eye-h2c-agreement_v01_20261002.json	06_analysis_data/coverage_audit/bdbv-vp24_coverage_table_atlas-eye-h2c-agreement_v01_20261002.json	analysis/h2c_photoreceptor_20260926/h2c_agreement.json	06_analysis_data	coverage_audit	table	coverage	atlas-eye-h2c-agreement	25483	2e56a1739d18d8aa7e5c7e5bf723f270a5971044611f00979db19aac20d3dcc5
F0358	bdbv-vp24_coverage_table_atlas-eye-h2c-agreement-retina_v01_20261002.json	06_analysis_data/coverage_audit/bdbv-vp24_coverage_table_atlas-eye-h2c-agreement-retina_v01_20261002.json	analysis/h2c_photoreceptor_20260926/h2c_agreement_retina.json	06_analysis_data	coverage_audit	table	coverage	atlas-eye-h2c-agreement-retina	25483	2e56a1739d18d8aa7e5c7e5bf723f270a5971044611f00979db19aac20d3dcc5
F0359	bdbv-vp24_coverage_table_atlas-eye-h2c-newly-connected_v01_20261002.tsv	06_analysis_data/coverage_audit/bdbv-vp24_coverage_table_atlas-eye-h2c-newly-connected_v01_20261002.tsv	analysis/h2c_photoreceptor_20260926/h2c_newly_connected.tsv	06_analysis_data	coverage_audit	table	coverage	atlas-eye-h2c-newly-connected	729	c13a7580c18275fb98bfe5fa4eca586e5544d968b1918987befe116fed5c8a68
F0360	bdbv-vp24_coverage_table_atlas-eye-h2c-pairs-r3_v01_20261002.tsv	06_analysis_data/coverage_audit/bdbv-vp24_coverage_table_atlas-eye-h2c-pairs-r3_v01_20261002.tsv	analysis/h2c_photoreceptor_20260926/h2c_pairs_R3.tsv	06_analysis_data	coverage_audit	table	coverage	atlas-eye-h2c-pairs-r3	4903	0357bf4ed21edb2b295d1682c9098cd5101c9024b2e9b7fd4c4f6ec016ec8851
F0361	bdbv-vp24_coverage_code_atlas-eye-h2c-photoreceptor-match_v01_20261002.py	06_analysis_data/coverage_audit/bdbv-vp24_coverage_code_atlas-eye-h2c-photoreceptor-match_v01_20261002.py	analysis/h2c_photoreceptor_20260926/h2c_photoreceptor_match.py	06_analysis_data	coverage_audit	code	coverage	atlas-eye-h2c-photoreceptor-match	11249	1d996ac53ca508b922e6bd40ae5c0a3eb40c9ecff4c4d114356fc06d871fc3e9
F0362	bdbv-vp24_coverage_table_atlas-eye-label-diagnosis_v01_20261002.tsv	06_analysis_data/coverage_audit/bdbv-vp24_coverage_table_atlas-eye-label-diagnosis_v01_20261002.tsv	analysis/h2c_photoreceptor_20260926/label_diagnosis.tsv	06_analysis_data	coverage_audit	table	coverage	atlas-eye-label-diagnosis	4409	d8fa2cdd91dc2268496d7a2dc59d86290abe1066a83096a5c9dadf6b5c6c2570
F0363	bdbv-vp24_coverage_code_atlas-eye-h2c-photoreceptor-match-02_v01_20261002.py	06_analysis_data/coverage_audit/bdbv-vp24_coverage_code_atlas-eye-h2c-photoreceptor-match-02_v01_20261002.py	analysis/h2c_crosscheck_gapcons_20260926/h2c_photoreceptor_match.py	06_analysis_data	coverage_audit	code	coverage	atlas-eye-h2c-photoreceptor-match-02	11249	1d996ac53ca508b922e6bd40ae5c0a3eb40c9ecff4c4d114356fc06d871fc3e9
F0364	bdbv-vp24_coverage_table_atlas-ureter-atlas-contrast-diagnostic_v01_20261002.tsv	06_analysis_data/coverage_audit/bdbv-vp24_coverage_table_atlas-ureter-atlas-contrast-diagnostic_v01_20261002.tsv	analysis/lowend_reference_scan_20260926/atlas_contrast_diagnostic.tsv	06_analysis_data	coverage_audit	table	coverage	atlas-ureter-atlas-contrast-diagnostic	1169	059b2bdab79f1cdebde317343c8c19cc20b069a451f1c3218173d34e5f4a9b5e
F0365	bdbv-vp24_coverage_code_atlas-ureter-lrs-01-reference-coverage-scan_v01_20261002.py	06_analysis_data/coverage_audit/bdbv-vp24_coverage_code_atlas-ureter-lrs-01-reference-coverage-scan_v01_20261002.py	analysis/lowend_reference_scan_20260926/lrs_01_reference_coverage_scan.py	06_analysis_data	coverage_audit	code	coverage	atlas-ureter-lrs-01-reference-coverage-scan	29201	a2330e1188bc013db4ad5867c464d9eecddb3bdcf257b58b2596934f415a926b
F0366	bdbv-vp24_coverage_table_atlas-ureter-reference-coverage-scan_v01_20261002.tsv	06_analysis_data/coverage_audit/bdbv-vp24_coverage_table_atlas-ureter-reference-coverage-scan_v01_20261002.tsv	analysis/lowend_reference_scan_20260926/reference_coverage_scan.tsv	06_analysis_data	coverage_audit	table	coverage	atlas-ureter-reference-coverage-scan	99358	63ee3349b9b76175ff98076b78a5bb1216e3099bb2bae5420523bd72085e9080
F0367	bdbv-vp24_coverage_table_atlas-ureter-reference-side-gaps_v01_20261002.tsv	06_analysis_data/coverage_audit/bdbv-vp24_coverage_table_atlas-ureter-reference-side-gaps_v01_20261002.tsv	analysis/lowend_reference_scan_20260926/reference_side_gaps.tsv	06_analysis_data	coverage_audit	table	coverage	atlas-ureter-reference-side-gaps	32825	529e78dc485880324c5eeaeb3c9e43686e05c07e437c7938f700f5f2d7c45551
F0368	bdbv-vp24_coverage_table_atlas-ureter-scan-summary_v01_20261002.json	06_analysis_data/coverage_audit/bdbv-vp24_coverage_table_atlas-ureter-scan-summary_v01_20261002.json	analysis/lowend_reference_scan_20260926/scan_summary.json	06_analysis_data	coverage_audit	table	coverage	atlas-ureter-scan-summary	19972	e6e5a2b0b6a57cbbebc0d589aea2d5ddf4f24fc33d2319527c7cb54881646d68
F0369	bdbv-vp24_coverage_code_atlas-ureter-ldc-01-combined-agreement_v01_20261002.py	06_analysis_data/coverage_audit/bdbv-vp24_coverage_code_atlas-ureter-ldc-01-combined-agreement_v01_20261002.py	analysis/lowend_direction_check_20260926/ldc_01_combined_agreement.py	06_analysis_data	coverage_audit	code	coverage	atlas-ureter-ldc-01-combined-agreement	21027	372c3cae728ca7c33d428452419fbb52781e74fdd2d6a95b6d0f5c2131785fd1
F0370	bdbv-vp24_coverage_code_atlas-ureter-ldc-02-diagnose_v01_20261002.py	06_analysis_data/coverage_audit/bdbv-vp24_coverage_code_atlas-ureter-ldc-02-diagnose_v01_20261002.py	analysis/lowend_direction_check_20260926/ldc_02_diagnose.py	06_analysis_data	coverage_audit	code	coverage	atlas-ureter-ldc-02-diagnose	8845	d0db55a1b70a42d1a56ca150f9e09d3f52c5b1e902838f3ef2a2546dc7eda36b
F0371	bdbv-vp24_coverage_table_atlas-ureter-ldc-agreement_v01_20261002.tsv	06_analysis_data/coverage_audit/bdbv-vp24_coverage_table_atlas-ureter-ldc-agreement_v01_20261002.tsv	analysis/lowend_direction_check_20260926/ldc_agreement.tsv	06_analysis_data	coverage_audit	table	coverage	atlas-ureter-ldc-agreement	1983	5f3f22ecc5a384239d5c85661aab6039b5169c413afacb91ed004575400b73f9
F0372	bdbv-vp24_coverage_table_atlas-ureter-ldc-pairs_v01_20261002.tsv	06_analysis_data/coverage_audit/bdbv-vp24_coverage_table_atlas-ureter-ldc-pairs_v01_20261002.tsv	analysis/lowend_direction_check_20260926/ldc_pairs.tsv	06_analysis_data	coverage_audit	table	coverage	atlas-ureter-ldc-pairs	51964	4150ccbf68d6200009f212fb725b371f57c5642ad4d6a3d4fbe545f956c471d0
F0373	bdbv-vp24_coverage_table_atlas-ureter-ldc-summary_v01_20261002.json	06_analysis_data/coverage_audit/bdbv-vp24_coverage_table_atlas-ureter-ldc-summary_v01_20261002.json	analysis/lowend_direction_check_20260926/ldc_summary.json	06_analysis_data	coverage_audit	table	coverage	atlas-ureter-ldc-summary	12298	971b8a73c51291f84bdcfb612ccfc891ca2a16168a0b77aca12b2c1b5b5cd5d9
F0374	bdbv-vp24_spleen_code_spleen-atlas-srb-00-download-ts-spleen_v01_20261002.py	06_analysis_data/tissue_extension/bdbv-vp24_spleen_code_spleen-atlas-srb-00-download-ts-spleen_v01_20261002.py	analysis/spleen_reference_rebuild_20260926/srb_00_download_ts_spleen.py	06_analysis_data	tissue_extension	code	spleen	spleen-atlas-srb-00-download-ts-spleen	3587	e3c5021f46b80c51615a352339b61e22ce92fd603f7a3b6d161c8c94f4bcc028
F0375	bdbv-vp24_spleen_code_spleen-atlas-srb-01-hpa-reference-check_v01_20261002.py	06_analysis_data/tissue_extension/bdbv-vp24_spleen_code_spleen-atlas-srb-01-hpa-reference-check_v01_20261002.py	analysis/spleen_reference_rebuild_20260926/srb_01_hpa_reference_check.py	06_analysis_data	tissue_extension	code	spleen	spleen-atlas-srb-01-hpa-reference-check	6121	f85b61e641ab0a94fa22150623f80ec225992be035494523e0d2e6fd4dbb1b7a
F0376	bdbv-vp24_spleen_code_spleen-atlas-srb-02-spleen-granularity-audit_v01_20261002.py	06_analysis_data/tissue_extension/bdbv-vp24_spleen_code_spleen-atlas-srb-02-spleen-granularity-audit_v01_20261002.py	analysis/spleen_reference_rebuild_20260926/srb_02_spleen_granularity_audit.py	06_analysis_data	tissue_extension	code	spleen	spleen-atlas-srb-02-spleen-granularity-audit	5951	bb680ffe846d39ee717647710be1ed8248317f5ea04b984b40a5a8005c6f890b
F0377	bdbv-vp24_spleen_code_spleen-atlas-srb-03-spleen-reference-build_v01_20261002.py	06_analysis_data/tissue_extension/bdbv-vp24_spleen_code_spleen-atlas-srb-03-spleen-reference-build_v01_20261002.py	analysis/spleen_reference_rebuild_20260926/srb_03_spleen_reference_build.py	06_analysis_data	tissue_extension	code	spleen	spleen-atlas-srb-03-spleen-reference-build	13545	a86c8ab87d920aca36bdba3788deae2fc90b2a506671967419ed72fccce7a897
F0378	bdbv-vp24_spleen_code_spleen-atlas-srb-04-spleen-placement_v01_20261002.py	06_analysis_data/tissue_extension/bdbv-vp24_spleen_code_spleen-atlas-srb-04-spleen-placement_v01_20261002.py	analysis/spleen_reference_rebuild_20260926/srb_04_spleen_placement.py	06_analysis_data	tissue_extension	code	spleen	spleen-atlas-srb-04-spleen-placement	10814	9fdf8390975062c40243c7c2b531c308b3b894da090d77f017541f6e1d13c2d1
F0379	bdbv-vp24_spleen_code_spleen-atlas-srb-05-independent-test_v01_20261002.py	06_analysis_data/tissue_extension/bdbv-vp24_spleen_code_spleen-atlas-srb-05-independent-test_v01_20261002.py	analysis/spleen_reference_rebuild_20260926/srb_05_independent_test.py	06_analysis_data	tissue_extension	code	spleen	spleen-atlas-srb-05-independent-test	10830	5212bbdce3460a2a22d9b21abb23fde22460b6800edda143a6dbb40959fb72a8
F0380	bdbv-vp24_spleen_code_spleen-atlas-srb-06-nulls_v01_20261002.py	06_analysis_data/tissue_extension/bdbv-vp24_spleen_code_spleen-atlas-srb-06-nulls_v01_20261002.py	analysis/spleen_reference_rebuild_20260926/srb_06_nulls.py	06_analysis_data	tissue_extension	code	spleen	spleen-atlas-srb-06-nulls	9270	2e3d4abeebde064de9658a31a6e01076fbd6c87ffe062b7f1dd8b5b48d3912a9
F0381	bdbv-vp24_spleen_code_spleen-atlas-scripts-sv-00-probe_v01_20261002.py	06_analysis_data/tissue_extension/bdbv-vp24_spleen_code_spleen-atlas-scripts-sv-00-probe_v01_20261002.py	analysis/srb_verify_20260926/scripts/sv_00_probe.py	06_analysis_data	tissue_extension	code	spleen	spleen-atlas-scripts-sv-00-probe	5603	b0003ac9d172b36373a5fd37a988037da9d8834bd41937d5c563a9f6e4c02ee0
F0382	bdbv-vp24_spleen_code_spleen-atlas-scripts-sv-01-frozen-check_v01_20261002.py	06_analysis_data/tissue_extension/bdbv-vp24_spleen_code_spleen-atlas-scripts-sv-01-frozen-check_v01_20261002.py	analysis/srb_verify_20260926/scripts/sv_01_frozen_check.py	06_analysis_data	tissue_extension	code	spleen	spleen-atlas-scripts-sv-01-frozen-check	8733	e7d922d43ab6384c693d7f0532c84214207be6abf2a049f708bacc19056959ad
F0383	bdbv-vp24_spleen_code_spleen-atlas-scripts-sv-01b-hpa-background-probe_v01_20261002.py	06_analysis_data/tissue_extension/bdbv-vp24_spleen_code_spleen-atlas-scripts-sv-01b-hpa-background-probe_v01_20261002.py	analysis/srb_verify_20260926/scripts/sv_01b_hpa_background_probe.py	06_analysis_data	tissue_extension	code	spleen	spleen-atlas-scripts-sv-01b-hpa-background-probe	2899	e831796ce8a797c81fda5ed65f70b07f27e363f8f9724a9e8ef183ee1a9d2afa
F0384	bdbv-vp24_spleen_code_spleen-atlas-scripts-sv-02-hcl-scan_v01_20261002.py	06_analysis_data/tissue_extension/bdbv-vp24_spleen_code_spleen-atlas-scripts-sv-02-hcl-scan_v01_20261002.py	analysis/srb_verify_20260926/scripts/sv_02_hcl_scan.py	06_analysis_data	tissue_extension	code	spleen	spleen-atlas-scripts-sv-02-hcl-scan	11288	f9ebc50a53eae743087ea07f7704e3361595d69e557f59d2eb7fc2329e6a7548
F0385	bdbv-vp24_spleen_code_spleen-atlas-scripts-sv-03-verify_v01_20261002.py	06_analysis_data/tissue_extension/bdbv-vp24_spleen_code_spleen-atlas-scripts-sv-03-verify_v01_20261002.py	analysis/srb_verify_20260926/scripts/sv_03_verify.py	06_analysis_data	tissue_extension	code	spleen	spleen-atlas-scripts-sv-03-verify	16944	904d6cbe235c94294cd97477fded2f0723bc111c0a9b328e2b119ff2689753eb
F0386	bdbv-vp24_spleen_code_spleen-atlas-scripts-sv-04-null-frozen-scale_v01_20261002.py	06_analysis_data/tissue_extension/bdbv-vp24_spleen_code_spleen-atlas-scripts-sv-04-null-frozen-scale_v01_20261002.py	analysis/srb_verify_20260926/scripts/sv_04_null_frozen_scale.py	06_analysis_data	tissue_extension	code	spleen	spleen-atlas-scripts-sv-04-null-frozen-scale	6251	6dac43db9c2511ff6dd2e34f34ba04e663c07e646c62e8a1d9b6bfa5c0181958
F0387	bdbv-vp24_spleen_code_spleen-atlas-scripts-sv-04b-perm-convergence_v01_20261002.py	06_analysis_data/tissue_extension/bdbv-vp24_spleen_code_spleen-atlas-scripts-sv-04b-perm-convergence_v01_20261002.py	analysis/srb_verify_20260926/scripts/sv_04b_perm_convergence.py	06_analysis_data	tissue_extension	code	spleen	spleen-atlas-scripts-sv-04b-perm-convergence	4402	8d07409ae7542313ada839ae0cf644bd5e80c94fd3a6858208a34ef0fec5dcd7
F0388	bdbv-vp24_spleen_code_spleen-atlas-scripts-sv-05-ts-independent_v01_20261002.py	06_analysis_data/tissue_extension/bdbv-vp24_spleen_code_spleen-atlas-scripts-sv-05-ts-independent_v01_20261002.py	analysis/srb_verify_20260926/scripts/sv_05_ts_independent.py	06_analysis_data	tissue_extension	code	spleen	spleen-atlas-scripts-sv-05-ts-independent	7087	4df05cd6aa03b53ce4231ec4d04a9ffee1a0112c0aea6abd3473d1d2780051f9
F0389	bdbv-vp24_spleen_code_spleen-atlas-scripts-sv-05b-exact-perm_v01_20261002.py	06_analysis_data/tissue_extension/bdbv-vp24_spleen_code_spleen-atlas-scripts-sv-05b-exact-perm_v01_20261002.py	analysis/srb_verify_20260926/scripts/sv_05b_exact_perm.py	06_analysis_data	tissue_extension	code	spleen	spleen-atlas-scripts-sv-05b-exact-perm	2606	c3493dd650c548ce37ebb3bc263dc89e6ed3d1e488cd5bb67177e9a69ecb4431
F0390	bdbv-vp24_tissue-extension_table_nhp-tissue-a3-correlations_v01_20261002.tsv	06_analysis_data/tissue_extension/bdbv-vp24_tissue-extension_table_nhp-tissue-a3-correlations_v01_20261002.tsv	analysis/a3_deconvolution_20260926/a3_correlations.tsv	06_analysis_data	tissue_extension	table	tissue-extension	nhp-tissue-a3-correlations	762	75efe8223fe554ca397a828c8e66b4a103f1d6996c0150cefa87824688e14277
F0391	bdbv-vp24_tissue-extension_table_nhp-tissue-a3-sensitivity-correlations_v01_20261002.tsv	06_analysis_data/tissue_extension/bdbv-vp24_tissue-extension_table_nhp-tissue-a3-sensitivity-correlations_v01_20261002.tsv	analysis/a3_deconvolution_20260926/a3_sensitivity_correlations.tsv	06_analysis_data	tissue_extension	table	tissue-extension	nhp-tissue-a3-sensitivity-correlations	771	7db85ce0d0b8a480cb036c9bd5e717e87b48dd7fe729a1e7df5a48f07080cb57
F0392	bdbv-vp24_tissue-extension_table_nhp-tissue-a3-sensitivity-summary_v01_20261002.json	06_analysis_data/tissue_extension/bdbv-vp24_tissue-extension_table_nhp-tissue-a3-sensitivity-summary_v01_20261002.json	analysis/a3_deconvolution_20260926/a3_sensitivity_summary.json	06_analysis_data	tissue_extension	table	tissue-extension	nhp-tissue-a3-sensitivity-summary	9114	4a9ec1d04ba6a0487e51cc51cd08c157ae656ea120d74bdba20eea515bcbe3f6
F0393	bdbv-vp24_tissue-extension_table_nhp-tissue-a3-sensitivity-table_v01_20261002.tsv	06_analysis_data/tissue_extension/bdbv-vp24_tissue-extension_table_nhp-tissue-a3-sensitivity-table_v01_20261002.tsv	analysis/a3_deconvolution_20260926/a3_sensitivity_table.tsv	06_analysis_data	tissue_extension	table	tissue-extension	nhp-tissue-a3-sensitivity-table	2115	ecbf5039f3665d8345b17d6ef26a5f0584235aa5dcb6ff37efae1d3e8a2c540b
F0394	bdbv-vp24_tissue-extension_table_nhp-tissue-a3-summary_v01_20261002.json	06_analysis_data/tissue_extension/bdbv-vp24_tissue-extension_table_nhp-tissue-a3-summary_v01_20261002.json	analysis/a3_deconvolution_20260926/a3_summary.json	06_analysis_data	tissue_extension	table	tissue-extension	nhp-tissue-a3-summary	13367	bacecb2c35d01fcd213294e9ad42e4948a3eb14ab08092986cc47cbbac0c63d5
F0395	bdbv-vp24_tissue-extension_table_nhp-tissue-a3-tissue-table_v01_20261002.tsv	06_analysis_data/tissue_extension/bdbv-vp24_tissue-extension_table_nhp-tissue-a3-tissue-table_v01_20261002.tsv	analysis/a3_deconvolution_20260926/a3_tissue_table.tsv	06_analysis_data	tissue_extension	table	tissue-extension	nhp-tissue-a3-tissue-table	1093	0236bcfaac4e2b20114004933fee9701e379daa34693119c596c39f444b77739
F0396	bdbv-vp24_tissue-extension_table_nhp-tissue-anchors_v01_20261002.json	06_analysis_data/tissue_extension/bdbv-vp24_tissue-extension_table_nhp-tissue-anchors_v01_20261002.json	analysis/a3_deconvolution_20260926/anchors.json	06_analysis_data	tissue_extension	table	tissue-extension	nhp-tissue-anchors	3913	c7ab430cacbd2318749b8bc8a08599bde36ecce808177e7c0f2eece8e0b2a293
F0397	bdbv-vp24_tissue-extension_table_nhp-tissue-composition_v01_20261002.tsv	06_analysis_data/tissue_extension/bdbv-vp24_tissue-extension_table_nhp-tissue-composition_v01_20261002.tsv	analysis/a3_deconvolution_20260926/composition.tsv	06_analysis_data	tissue_extension	table	tissue-extension	nhp-tissue-composition	72226	2edb0201c64363c283d4ac3f32a2e7f3d6000d4425aca981c1e214ac4009644c
F0398	bdbv-vp24_tissue-extension_table_nhp-tissue-composition-inst2_v01_20261002.tsv	06_analysis_data/tissue_extension/bdbv-vp24_tissue-extension_table_nhp-tissue-composition-inst2_v01_20261002.tsv	analysis/a3_deconvolution_20260926/composition_inst2.tsv	06_analysis_data	tissue_extension	table	tissue-extension	nhp-tissue-composition-inst2	69785	49c49ffe0123c2ba5c2aa82dedbc1595d8bff6436c7adfc52b5be9a8882661df
F0399	bdbv-vp24_tissue-extension_table_nhp-tissue-composition-inst3-markershare_v01_20261002.tsv	06_analysis_data/tissue_extension/bdbv-vp24_tissue-extension_table_nhp-tissue-composition-inst3-markershare_v01_20261002.tsv	analysis/a3_deconvolution_20260926/composition_inst3_markershare.tsv	06_analysis_data	tissue_extension	table	tissue-extension	nhp-tissue-composition-inst3-markershare	167075	63971854b2c29e4eb502a584af42e220dc7155c1a22c38e2ee002a30e90b194c
F0400	bdbv-vp24_tissue-extension_table_nhp-tissue-tissue-composition_v01_20261002.tsv	06_analysis_data/tissue_extension/bdbv-vp24_tissue-extension_table_nhp-tissue-tissue-composition_v01_20261002.tsv	analysis/a3_deconvolution_20260926/tissue_composition.tsv	06_analysis_data	tissue_extension	table	tissue-extension	nhp-tissue-tissue-composition	4691	b8bdcd07b5bcd38a9fc32a9eb0ea1a271f1ed6483de42cce0de42f89622079c6
F0401	bdbv-vp24_tissue-extension_table_nhp-tissue-tissue-composition-inst2_v01_20261002.tsv	06_analysis_data/tissue_extension/bdbv-vp24_tissue-extension_table_nhp-tissue-tissue-composition-inst2_v01_20261002.tsv	analysis/a3_deconvolution_20260926/tissue_composition_inst2.tsv	06_analysis_data	tissue_extension	table	tissue-extension	nhp-tissue-tissue-composition-inst2	4807	3510c06676245aef8556d3526368835fff551d8425c1ccb43a5547f0f24fc946
F0402	bdbv-vp24_tissue-extension_table_nhp-tissue-a3-correlations-02_v01_20261002.tsv	06_analysis_data/tissue_extension/bdbv-vp24_tissue-extension_table_nhp-tissue-a3-correlations-02_v01_20261002.tsv	analysis/a3_classcount40_sensitivity_20260926/a3_correlations.tsv	06_analysis_data	tissue_extension	table	tissue-extension	nhp-tissue-a3-correlations-02	757	5d42d2f55199cf2c2e3d6c55a460faa90ed4a7fd14816897bc4ea66cfb353ebf
F0403	bdbv-vp24_tissue-extension_table_nhp-tissue-a3-summary-02_v01_20261002.json	06_analysis_data/tissue_extension/bdbv-vp24_tissue-extension_table_nhp-tissue-a3-summary-02_v01_20261002.json	analysis/a3_classcount40_sensitivity_20260926/a3_summary.json	06_analysis_data	tissue_extension	table	tissue-extension	nhp-tissue-a3-summary-02	13062	72c9a6500c20dba60447e81d60485dadbda0fa7f9c61c4908df09896ea7af2b0
F0404	bdbv-vp24_tissue-extension_table_nhp-tissue-a3-tissue-table-02_v01_20261002.tsv	06_analysis_data/tissue_extension/bdbv-vp24_tissue-extension_table_nhp-tissue-a3-tissue-table-02_v01_20261002.tsv	analysis/a3_classcount40_sensitivity_20260926/a3_tissue_table.tsv	06_analysis_data	tissue_extension	table	tissue-extension	nhp-tissue-a3-tissue-table-02	1094	718f03dea6ab94a8b17d98d162c8162bfce5a71937b8c75912e8f32270ca8d43
F0405	bdbv-vp24_tissue-extension_table_nhp-tissue-anchors-02_v01_20261002.json	06_analysis_data/tissue_extension/bdbv-vp24_tissue-extension_table_nhp-tissue-anchors-02_v01_20261002.json	analysis/a3_classcount40_sensitivity_20260926/anchors.json	06_analysis_data	tissue_extension	table	tissue-extension	nhp-tissue-anchors-02	3913	18f157f6afab188323a6a1979814cef850153784d7cbe6574652a25a31ad9ca6
F0406	bdbv-vp24_tissue-extension_table_nhp-tissue-classcount40-comparison_v01_20261002.json	06_analysis_data/tissue_extension/bdbv-vp24_tissue-extension_table_nhp-tissue-classcount40-comparison_v01_20261002.json	analysis/a3_classcount40_sensitivity_20260926/classcount40_comparison.json	06_analysis_data	tissue_extension	table	tissue-extension	nhp-tissue-classcount40-comparison	3533	262e5714cdcb32f2d06a80a5ce4c0c879b6874fde18b9cb3a0590e06d1b851ac
F0407	bdbv-vp24_tissue-extension_table_nhp-tissue-classcount40-comparison_v01_20261002.tsv	06_analysis_data/tissue_extension/bdbv-vp24_tissue-extension_table_nhp-tissue-classcount40-comparison_v01_20261002.tsv	analysis/a3_classcount40_sensitivity_20260926/classcount40_comparison.tsv	06_analysis_data	tissue_extension	table	tissue-extension	nhp-tissue-classcount40-comparison	589	37bc9bd730f4e26658a4401cb5feef1f14aa31e3bb27a97e8d8a546dd1fe6c9c
F0408	bdbv-vp24_tissue-extension_table_nhp-tissue-composition-02_v01_20261002.tsv	06_analysis_data/tissue_extension/bdbv-vp24_tissue-extension_table_nhp-tissue-composition-02_v01_20261002.tsv	analysis/a3_classcount40_sensitivity_20260926/composition.tsv	06_analysis_data	tissue_extension	table	tissue-extension	nhp-tissue-composition-02	69664	abb3929bb8d7468538513946b40da60e802e0b3753de0eee587df53a6faf4557
F0409	bdbv-vp24_tissue-extension_table_nhp-tissue-tissue-composition-02_v01_20261002.tsv	06_analysis_data/tissue_extension/bdbv-vp24_tissue-extension_table_nhp-tissue-tissue-composition-02_v01_20261002.tsv	analysis/a3_classcount40_sensitivity_20260926/tissue_composition.tsv	06_analysis_data	tissue_extension	table	tissue-extension	nhp-tissue-tissue-composition-02	4543	66c11af2f739eb91889325d0bc69554c102552baa9b7665d34e3da275ad12f18
F0410	bdbv-vp24_tissue-extension_table_nhp-tissue-subsets-baseline_v01_20261002.tsv	06_analysis_data/tissue_extension/bdbv-vp24_tissue-extension_table_nhp-tissue-subsets-baseline_v01_20261002.tsv	analysis/a3_classlist_sensitivity_20260926/subsets_baseline.tsv	06_analysis_data	tissue_extension	table	tissue-extension	nhp-tissue-subsets-baseline	136	b04ef91dc7e2ce83e3eaaa4b23d156f9b009129e3515f72a441f8eced4c466e6
F0411	bdbv-vp24_tissue-extension_table_nhp-tissue-subsets-loo_v01_20261002.tsv	06_analysis_data/tissue_extension/bdbv-vp24_tissue-extension_table_nhp-tissue-subsets-loo_v01_20261002.tsv	analysis/a3_classlist_sensitivity_20260926/subsets_loo.tsv	06_analysis_data	tissue_extension	table	tissue-extension	nhp-tissue-subsets-loo	3409	02a6494b8faf8cf9861467aa0e0f9cec626fb1d4df271c04061f86ee682b4d99
F0412	bdbv-vp24_filovirus-anchor_table_gse309699-layer-consistency_v01_20261002.json	06_analysis_data/filovirus_anchor/bdbv-vp24_filovirus-anchor_table_gse309699-layer-consistency_v01_20261002.json	analysis/a2_layer_consistency_20260926/layer_consistency.json	06_analysis_data	filovirus_anchor	table	filovirus-anchor	gse309699-layer-consistency	13367	f4915af4fe4d5f5c29e4881c8977c3fa078b5cb4c646013bf5a126b02c25d41e
F0413	bdbv-vp24_filovirus-anchor_table_gse309699-layer-consistency_v01_20261002.tsv	06_analysis_data/filovirus_anchor/bdbv-vp24_filovirus-anchor_table_gse309699-layer-consistency_v01_20261002.tsv	analysis/a2_layer_consistency_20260926/layer_consistency.tsv	06_analysis_data	filovirus_anchor	table	filovirus-anchor	gse309699-layer-consistency	4846	a94b00f9a7285a9a094af77c3604d99b2102915622ac60c7d1b588272f4f4dd4
F0414	bdbv-vp24_proxy-test_code_a1-level-vs-fold-20260926_v01_20261002.py	07_analysis_code_and_environment/analysis/bdbv-vp24_proxy-test_code_a1-level-vs-fold-20260926_v01_20261002.py	tools/a1_level_vs_fold_20260926.py	07_analysis_code_and_environment	analysis	code	proxy-test	a1-level-vs-fold-20260926	6642	fd2e0d65203de451172d3566017caf3a0de2a3f04aeafd9ff6ffd2cf7b77cba3
F0415	bdbv-vp24_proxy-test_code_a1b-functional-form-20260926_v01_20261002.py	07_analysis_code_and_environment/analysis/bdbv-vp24_proxy-test_code_a1b-functional-form-20260926_v01_20261002.py	tools/a1b_functional_form_20260926.py	07_analysis_code_and_environment	analysis	code	proxy-test	a1b-functional-form-20260926	5581	8af0a7c39b8f27cbcfb943260bc158d7d8d74891975928f0534962393331491d
F0416	bdbv-vp24_proxy-test_code_a1c-components-and-kpna-20260926_v01_20261002.py	07_analysis_code_and_environment/analysis/bdbv-vp24_proxy-test_code_a1c-components-and-kpna-20260926_v01_20261002.py	tools/a1c_components_and_kpna_20260926.py	07_analysis_code_and_environment	analysis	code	proxy-test	a1c-components-and-kpna-20260926	6739	5d92c1b0ac656f28f6c91cf37674163635f9435dbcd8abed2152391d9f95321f
F0417	bdbv-vp24_filovirus-anchor_code_a2-mrna-vs-protein-20260926_v01_20261002.py	07_analysis_code_and_environment/analysis/bdbv-vp24_filovirus-anchor_code_a2-mrna-vs-protein-20260926_v01_20261002.py	tools/a2_mrna_vs_protein_20260926.py	07_analysis_code_and_environment	analysis	code	filovirus-anchor	a2-mrna-vs-protein-20260926	5606	75e36b3fc6b1447e2b3bf24cbf3d95461ad7421258c9aaeb759ec5f84ae0c57d
F0418	bdbv-vp24_tissue-extension_code_a3-classcount40-sensitivity-20260926_v01_20261002.py	07_analysis_code_and_environment/analysis/bdbv-vp24_tissue-extension_code_a3-classcount40-sensitivity-20260926_v01_20261002.py	tools/a3_classcount40_sensitivity_20260926.py	07_analysis_code_and_environment	analysis	code	tissue-extension	a3-classcount40-sensitivity-20260926	7369	ee05419204659f3c9a4e67a9abf3f4b3241e0fb8e513af6961fb867929fdfc72
F0419	bdbv-vp24_tissue-extension_code_a3-classcount-independent-check-20260926_v01_20261002.py	07_analysis_code_and_environment/analysis/bdbv-vp24_tissue-extension_code_a3-classcount-independent-check-20260926_v01_20261002.py	tools/a3_classcount_independent_check_20260926.py	07_analysis_code_and_environment	analysis	code	tissue-extension	a3-classcount-independent-check-20260926	12961	8e83872907c2f5df608cb81d8f89989366231a8ec7dea78721e31ec6f9ffe7de
F0420	bdbv-vp24_tissue-extension_code_a3-classlist-sensitivity-20260926_v01_20261002.py	07_analysis_code_and_environment/analysis/bdbv-vp24_tissue-extension_code_a3-classlist-sensitivity-20260926_v01_20261002.py	tools/a3_classlist_sensitivity_20260926.py	07_analysis_code_and_environment	analysis	code	tissue-extension	a3-classlist-sensitivity-20260926	11139	dd56a509d1e270169cced3524779fc5a96e5c425dd2fd1f83d84bf7f2fcaf201
F0421	bdbv-vp24_tissue-extension_code_a3-deconvolution-20260926_v01_20261002.py	07_analysis_code_and_environment/analysis/bdbv-vp24_tissue-extension_code_a3-deconvolution-20260926_v01_20261002.py	tools/a3_deconvolution_20260926.py	07_analysis_code_and_environment	analysis	code	tissue-extension	a3-deconvolution-20260926	24819	2cae1e441e9b3d374c5c514b144eca6eb5d9eb78bcaa75c7798576cebac6d587
F0422	bdbv-vp24_tissue-extension_code_a3-sensitivity-20260926_v01_20261002.py	07_analysis_code_and_environment/analysis/bdbv-vp24_tissue-extension_code_a3-sensitivity-20260926_v01_20261002.py	tools/a3_sensitivity_20260926.py	07_analysis_code_and_environment	analysis	code	tissue-extension	a3-sensitivity-20260926	15947	b86f0a1b975d59efa0bef2a546386b949f41ed19d77f3c3c4d5e035c9ed67e90
F0423	bdbv-vp24_vp24-interface_code_b1-independent-interface-check-20260924_v01_20261002.py	07_analysis_code_and_environment/analysis/bdbv-vp24_vp24-interface_code_b1-independent-interface-check-20260924_v01_20261002.py	tools/b1_independent_interface_check_20260924.py	07_analysis_code_and_environment	analysis	code	vp24-interface	b1-independent-interface-check-20260924	6314	e723f34a2eae5470d01b126c059e51c3f574cfbde22c46267a86c40556f456b6
F0424	bdbv-vp24_vp24-interface_code_b1-interface-audit-20260924_v01_20261002.py	07_analysis_code_and_environment/analysis/bdbv-vp24_vp24-interface_code_b1-interface-audit-20260924_v01_20261002.py	tools/b1_interface_audit_20260924.py	07_analysis_code_and_environment	analysis	code	vp24-interface	b1-interface-audit-20260924	4230	62bac5f8f72b3d982098a3112847fde30421edf099e18729636c755a1c6f6ba9
F0425	bdbv-vp24_vp24-interface_code_b1-recon-20260924_v01_20261002.py	07_analysis_code_and_environment/analysis/bdbv-vp24_vp24-interface_code_b1-recon-20260924_v01_20261002.py	tools/b1_recon_20260924.py	07_analysis_code_and_environment	analysis	code	vp24-interface	b1-recon-20260924	4260	3e1ad3536634770889bf623e82d5568a039778f4fbe110de84d02024de5d50a1
F0426	bdbv-vp24_vp24-interface_code_b1-sign-test-20260924_v01_20261002.py	07_analysis_code_and_environment/analysis/bdbv-vp24_vp24-interface_code_b1-sign-test-20260924_v01_20261002.py	tools/b1_sign_test_20260924.py	07_analysis_code_and_environment	analysis	code	vp24-interface	b1-sign-test-20260924	3497	80702103d2b67b37cc795015171e5340055696a5a07324d4002c0e1cc4d093b2
F0427	bdbv-vp24_coverage_code_b6-compartment-coverage-20260926_v01_20261002.py	07_analysis_code_and_environment/analysis/bdbv-vp24_coverage_code_b6-compartment-coverage-20260926_v01_20261002.py	tools/b6_compartment_coverage_20260926.py	07_analysis_code_and_environment	analysis	code	coverage	b6-compartment-coverage-20260926	7100	ae298649d067a7a3b336ff9cd5fe1ec3d773935a9944b8254af2de64adaace70
F0428	bdbv-vp24_coverage_code_compartment-census-20260924_v01_20261002.py	07_analysis_code_and_environment/analysis/bdbv-vp24_coverage_code_compartment-census-20260924_v01_20261002.py	tools/compartment_census_20260924.py	07_analysis_code_and_environment	analysis	code	coverage	compartment-census-20260924	4110	f99ce83c640efb3468dbfbfec2ed411ad384bbc65e79982abea72d63bab16875
F0429	bdbv-vp24_vp24-config_code_g1-crossdb-census-20260926_v01_20261002.py	07_analysis_code_and_environment/analysis/bdbv-vp24_vp24-config_code_g1-crossdb-census-20260926_v01_20261002.py	tools/g1_crossdb_census_20260926.py	07_analysis_code_and_environment	analysis	code	vp24-config	g1-crossdb-census-20260926	18095	cd41fa332328522cf7b47ee8da4cd6c2c2dc488a413169c316e57504a74ece0e
F0430	bdbv-vp24_vp24-config_code_g1b-crossdb-screen-20260926_v01_20261002.py	07_analysis_code_and_environment/analysis/bdbv-vp24_vp24-config_code_g1b-crossdb-screen-20260926_v01_20261002.py	tools/g1b_crossdb_screen_20260926.py	07_analysis_code_and_environment	analysis	code	vp24-config	g1b-crossdb-screen-20260926	21562	3d2561492a2233d034e396868fe9f3410db88b50d36e77120b2bc1d064eb967d
F0431	bdbv-vp24_proxy-test_code_g6-analysis-gse21158-20260926_v01_20261002.py	07_analysis_code_and_environment/analysis/bdbv-vp24_proxy-test_code_g6-analysis-gse21158-20260926_v01_20261002.py	tools/g6_analysis_gse21158_20260926.py	07_analysis_code_and_environment	analysis	code	proxy-test	g6-analysis-gse21158-20260926	11135	4c8f02072408921fa3c67fd35b8b318a3c826906c586d05a304ba66303aa6245
F0432	bdbv-vp24_proxy-test_code_g6-diagnose-gse21158-20260926_v01_20261002.py	07_analysis_code_and_environment/analysis/bdbv-vp24_proxy-test_code_g6-diagnose-gse21158-20260926_v01_20261002.py	tools/g6_diagnose_gse21158_20260926.py	07_analysis_code_and_environment	analysis	code	proxy-test	g6-diagnose-gse21158-20260926	3644	4c41b08e11044029499788c542a2e7d001d2e01e55a8e0dc6d8117ee78f593e4
F0433	bdbv-vp24_proxy-test_code_g6-fetch-gpl6098-table-20260926_v01_20261002.py	07_analysis_code_and_environment/analysis/bdbv-vp24_proxy-test_code_g6-fetch-gpl6098-table-20260926_v01_20261002.py	tools/g6_fetch_gpl6098_table_20260926.py	07_analysis_code_and_environment	analysis	code	proxy-test	g6-fetch-gpl6098-table-20260926	2145	cbd2a78b2fdc8c2d7bde3f0fddcde66952656dc98dee4c26e44c6909adc5b456
F0434	bdbv-vp24_proxy-test_code_g6-fetch-gse21158-20260926_v01_20261002.py	07_analysis_code_and_environment/analysis/bdbv-vp24_proxy-test_code_g6-fetch-gse21158-20260926_v01_20261002.py	tools/g6_fetch_gse21158_20260926.py	07_analysis_code_and_environment	analysis	code	proxy-test	g6-fetch-gse21158-20260926	2256	ab244f9642d060b64cd4cb5089bce50ba1707ce35629ac0835972aed8d59ef5a
F0435	bdbv-vp24_proxy-test_code_g6-inspect-design-20260926_v01_20261002.py	07_analysis_code_and_environment/analysis/bdbv-vp24_proxy-test_code_g6-inspect-design-20260926_v01_20261002.py	tools/g6_inspect_design_20260926.py	07_analysis_code_and_environment	analysis	code	proxy-test	g6-inspect-design-20260926	3529	b92b1091de95e87b8c79594676cd51b712e23ad279089800a9fbba9a44888545
F0436	bdbv-vp24_proxy-test_code_g6-reliability-20260926_v01_20261002.py	07_analysis_code_and_environment/analysis/bdbv-vp24_proxy-test_code_g6-reliability-20260926_v01_20261002.py	tools/g6_reliability_20260926.py	07_analysis_code_and_environment	analysis	code	proxy-test	g6-reliability-20260926	14500	980e62140a8477fc5991dfed1e5114fd77ed197116e366e30aa7cee38357001b
F0437	bdbv-vp24_proxy-test_code_g6-screen-datasets-20260926_v01_20261002.py	07_analysis_code_and_environment/analysis/bdbv-vp24_proxy-test_code_g6-screen-datasets-20260926_v01_20261002.py	tools/g6_screen_datasets_20260926.py	07_analysis_code_and_environment	analysis	code	proxy-test	g6-screen-datasets-20260926	4502	738d1105b9c2c778e24f0c92d6b5ddf1921db91c85a29778d3e9eb6428e22963
F0438	bdbv-vp24_epithelium-panel_code_g6b-ideal-dataset-probe-20260926_v01_20261002.py	07_analysis_code_and_environment/analysis/bdbv-vp24_epithelium-panel_code_g6b-ideal-dataset-probe-20260926_v01_20261002.py	tools/g6b_ideal_dataset_probe_20260926.py	07_analysis_code_and_environment	analysis	code	epithelium-panel	g6b-ideal-dataset-probe-20260926	3438	7667a1cf285e2935e341cb3db023a505b1dd303714b49a610295d7e19ee530b5
F0439	bdbv-vp24_epithelium-panel_code_g6b-inspect-candidates-20260926_v01_20261002.py	07_analysis_code_and_environment/analysis/bdbv-vp24_epithelium-panel_code_g6b-inspect-candidates-20260926_v01_20261002.py	tools/g6b_inspect_candidates_20260926.py	07_analysis_code_and_environment	analysis	code	epithelium-panel	g6b-inspect-candidates-20260926	1766	541d5ba5117fb68949202bb73d3e80d3fd38f40396bd4ab3cfbd5681c64bc5db
F0440	bdbv-vp24_proxy-test_code_g6c-analysis-gse306664-20260926_v01_20261002.py	07_analysis_code_and_environment/analysis/bdbv-vp24_proxy-test_code_g6c-analysis-gse306664-20260926_v01_20261002.py	tools/g6c_analysis_gse306664_20260926.py	07_analysis_code_and_environment	analysis	code	proxy-test	g6c-analysis-gse306664-20260926	17830	884b3132bea5d5a9e796c29fd44de8abc925448bdd6e6f6c80efa8007161df33
F0441	bdbv-vp24_proxy-test_code_g6c-analysis-gse327707-20260926_v01_20261002.py	07_analysis_code_and_environment/analysis/bdbv-vp24_proxy-test_code_g6c-analysis-gse327707-20260926_v01_20261002.py	tools/g6c_analysis_gse327707_20260926.py	07_analysis_code_and_environment	analysis	code	proxy-test	g6c-analysis-gse327707-20260926	17060	44ca69347f07dfda57d52be8d264d6130fb9da861cee0e0ce27bbeb304e9e9a1
F0442	bdbv-vp24_proxy-test_code_g6c-download-20260926_v01_20261002.py	07_analysis_code_and_environment/analysis/bdbv-vp24_proxy-test_code_g6c-download-20260926_v01_20261002.py	tools/g6c_download_20260926.py	07_analysis_code_and_environment	analysis	code	proxy-test	g6c-download-20260926	2383	4a9589a20efa05863b1d046a7a71513f387d5bf306c4dfbef1e0989fb0f43dfb
F0443	bdbv-vp24_proxy-test_code_g6c-extract-gse306664-20260926_v01_20261002.py	07_analysis_code_and_environment/analysis/bdbv-vp24_proxy-test_code_g6c-extract-gse306664-20260926_v01_20261002.py	tools/g6c_extract_gse306664_20260926.py	07_analysis_code_and_environment	analysis	code	proxy-test	g6c-extract-gse306664-20260926	1982	ed3d3a55de53f005c010294dd9456f2dc5e1b772522ff78a664141334493a9ef
F0444	bdbv-vp24_proxy-test_code_g6c-fetch-briefs-20260926_v01_20261002.py	07_analysis_code_and_environment/analysis/bdbv-vp24_proxy-test_code_g6c-fetch-briefs-20260926_v01_20261002.py	tools/g6c_fetch_briefs_20260926.py	07_analysis_code_and_environment	analysis	code	proxy-test	g6c-fetch-briefs-20260926	2831	10d5ff6a51b657f1dd759e7404b7f741fc2c65763b1657c08c3f87d4000dbbf1
F0445	bdbv-vp24_proxy-test_code_g6c-fetch-designs-20260926_v01_20261002.py	07_analysis_code_and_environment/analysis/bdbv-vp24_proxy-test_code_g6c-fetch-designs-20260926_v01_20261002.py	tools/g6c_fetch_designs_20260926.py	07_analysis_code_and_environment	analysis	code	proxy-test	g6c-fetch-designs-20260926	4120	3a7e054f889a26697c26628a38f1160fda4f2d698c976bdbff1c7631370d4201
F0446	bdbv-vp24_proxy-test_code_g6c-list-suppl-20260926_v01_20261002.py	07_analysis_code_and_environment/analysis/bdbv-vp24_proxy-test_code_g6c-list-suppl-20260926_v01_20261002.py	tools/g6c_list_suppl_20260926.py	07_analysis_code_and_environment	analysis	code	proxy-test	g6c-list-suppl-20260926	1481	15814286ed521843441aa14f6de45e20adbfec73dae6b8d4586168b2dd4b2c90
F0447	bdbv-vp24_proxy-test_code_g6c-monocyte-by-cytokine-20260926_v01_20261002.py	07_analysis_code_and_environment/analysis/bdbv-vp24_proxy-test_code_g6c-monocyte-by-cytokine-20260926_v01_20261002.py	tools/g6c_monocyte_by_cytokine_20260926.py	07_analysis_code_and_environment	analysis	code	proxy-test	g6c-monocyte-by-cytokine-20260926	3400	70e8d06a8b16f2eda2e01359cc1801e6579b08f1deffab183b71141b56afbb83
F0448	bdbv-vp24_proxy-test_code_g6c-population-bridge-20260926_v01_20261002.py	07_analysis_code_and_environment/analysis/bdbv-vp24_proxy-test_code_g6c-population-bridge-20260926_v01_20261002.py	tools/g6c_population_bridge_20260926.py	07_analysis_code_and_environment	analysis	code	proxy-test	g6c-population-bridge-20260926	5098	692f825ee398aca66453d1ded56f8d50d627683827394f8001960ce14366fe9d
F0449	bdbv-vp24_proxy-test_code_g6c-robustness-gse327707-20260926_v01_20261002.py	07_analysis_code_and_environment/analysis/bdbv-vp24_proxy-test_code_g6c-robustness-gse327707-20260926_v01_20261002.py	tools/g6c_robustness_gse327707_20260926.py	07_analysis_code_and_environment	analysis	code	proxy-test	g6c-robustness-gse327707-20260926	13326	e4fcf88afb94f2bf22a91eb4cb730c70ec83f3bd066f46998b2995ccb9dd24b4
F0450	bdbv-vp24_proxy-test_code_g6c-screen-primary-immune-20260926_v01_20261002.py	07_analysis_code_and_environment/analysis/bdbv-vp24_proxy-test_code_g6c-screen-primary-immune-20260926_v01_20261002.py	tools/g6c_screen_primary_immune_20260926.py	07_analysis_code_and_environment	analysis	code	proxy-test	g6c-screen-primary-immune-20260926	6678	9aef0f9cce55b000c2c9a4a25ef4cc2d7f33fcaaa47ce70c4f26cd44732c5699
F0451	bdbv-vp24_proxy-test_code_g6c-search-donor-cohorts-20260926_v01_20261002.py	07_analysis_code_and_environment/analysis/bdbv-vp24_proxy-test_code_g6c-search-donor-cohorts-20260926_v01_20261002.py	tools/g6c_search_donor_cohorts_20260926.py	07_analysis_code_and_environment	analysis	code	proxy-test	g6c-search-donor-cohorts-20260926	4420	a482ddefc3a697adefe12ccbbb2dc56f4fa48494ff0f7a644e6b55a34b69e4a1
F0452	bdbv-vp24_proxy-test_code_g6c-variance-rule-20260926_v01_20261002.py	07_analysis_code_and_environment/analysis/bdbv-vp24_proxy-test_code_g6c-variance-rule-20260926_v01_20261002.py	tools/g6c_variance_rule_20260926.py	07_analysis_code_and_environment	analysis	code	proxy-test	g6c-variance-rule-20260926	7776	c785f6ff661937fdeacaedf8f343318192cfeec39693d5735a924677dddb3211
F0453	bdbv-vp24_proxy-test_code_g6e-analyse-gse46599-20260926_v01_20261002.py	07_analysis_code_and_environment/analysis/bdbv-vp24_proxy-test_code_g6e-analyse-gse46599-20260926_v01_20261002.py	tools/g6e_analyse_gse46599_20260926.py	07_analysis_code_and_environment	analysis	code	proxy-test	g6e-analyse-gse46599-20260926	8016	d49708fec899f896cab33aec98ca40a53fbc7228aa9066ae2a0707ce400621f2
F0454	bdbv-vp24_proxy-test_code_g6e-analysis-gse46599-20260926_v01_20261002.py	07_analysis_code_and_environment/analysis/bdbv-vp24_proxy-test_code_g6e-analysis-gse46599-20260926_v01_20261002.py	tools/g6e_analysis_gse46599_20260926.py	07_analysis_code_and_environment	analysis	code	proxy-test	g6e-analysis-gse46599-20260926	18634	49649dd0244bbcb6b09f9fbec24cca21f1f2f3474a937cf90299918c770ded8d
F0455	bdbv-vp24_proxy-test_code_g6e-gse46599-20260926_v01_20261002.py	07_analysis_code_and_environment/analysis/bdbv-vp24_proxy-test_code_g6e-gse46599-20260926_v01_20261002.py	tools/g6e_gse46599_20260926.py	07_analysis_code_and_environment	analysis	code	proxy-test	g6e-gse46599-20260926	3259	461608a7108fae4ba9142e87c94ee77ddd61262188b1cc24188b617bc43e35d9
F0456	bdbv-vp24_epithelium-panel_code_g6f-gse342661-probe-20260926_v01_20261002.py	07_analysis_code_and_environment/analysis/bdbv-vp24_epithelium-panel_code_g6f-gse342661-probe-20260926_v01_20261002.py	tools/g6f_gse342661_probe_20260926.py	07_analysis_code_and_environment	analysis	code	epithelium-panel	g6f-gse342661-probe-20260926	1785	e26b737b9b2621a17e42de7a2243913cdcf7a23ac21164fcedac5d05d4447574
F0457	bdbv-vp24_epithelium-panel_code_g6g-availability-final-20260926_v01_20261002.py	07_analysis_code_and_environment/analysis/bdbv-vp24_epithelium-panel_code_g6g-availability-final-20260926_v01_20261002.py	tools/g6g_availability_final_20260926.py	07_analysis_code_and_environment	analysis	code	epithelium-panel	g6g-availability-final-20260926	1936	c42320ab2ab53f3753a2e1f5ad0587be93170da40904ba71a62ecfd680a65b56
F0458	bdbv-vp24_epithelium-panel_code_g6g-biosample-20260926_v01_20261002.py	07_analysis_code_and_environment/analysis/bdbv-vp24_epithelium-panel_code_g6g-biosample-20260926_v01_20261002.py	tools/g6g_biosample_20260926.py	07_analysis_code_and_environment	analysis	code	epithelium-panel	g6g-biosample-20260926	1750	6729c5b2f632528794d8a7ea49d883a0079bdbd11df0ef9fafbc259c7a9a521b
F0459	bdbv-vp24_epithelium-panel_code_g6g-feasibility-20260926_v01_20261002.py	07_analysis_code_and_environment/analysis/bdbv-vp24_epithelium-panel_code_g6g-feasibility-20260926_v01_20261002.py	tools/g6g_feasibility_20260926.py	07_analysis_code_and_environment	analysis	code	epithelium-panel	g6g-feasibility-20260926	3697	ca3c0cca00627fc39f96b1aa6c6fb48df0c749804875a1cc696c62e1c98f40f9
F0460	bdbv-vp24_epithelium-panel_code_g6g-gse342661-fetch-20260926_v01_20261002.py	07_analysis_code_and_environment/analysis/bdbv-vp24_epithelium-panel_code_g6g-gse342661-fetch-20260926_v01_20261002.py	tools/g6g_gse342661_fetch_20260926.py	07_analysis_code_and_environment	analysis	code	epithelium-panel	g6g-gse342661-fetch-20260926	2726	0653f15bcce29021725b5058a951ec232d5d72c3adf4d69a6c0165bbd3ff536d
F0461	bdbv-vp24_epithelium-panel_code_g6g-locate-data-20260926_v01_20261002.py	07_analysis_code_and_environment/analysis/bdbv-vp24_epithelium-panel_code_g6g-locate-data-20260926_v01_20261002.py	tools/g6g_locate_data_20260926.py	07_analysis_code_and_environment	analysis	code	epithelium-panel	g6g-locate-data-20260926	2216	c27decd642562fdde5d92938db6659f4ba9e969387f4d0b06136077fd442f196
F0462	bdbv-vp24_importin-axis_code_g7-kpna-axis-20260926_v01_20261002.py	07_analysis_code_and_environment/analysis/bdbv-vp24_importin-axis_code_g7-kpna-axis-20260926_v01_20261002.py	tools/g7_kpna_axis_20260926.py	07_analysis_code_and_environment	analysis	code	importin-axis	g7-kpna-axis-20260926	17107	699c15931608a0ae850b27c7548d695b3fe60ec450df91e0cfb69e9a5ec442ef
F0463	bdbv-vp24_importin-axis_code_g7-kpna-axis-null-20260926_v01_20261002.py	07_analysis_code_and_environment/analysis/bdbv-vp24_importin-axis_code_g7-kpna-axis-null-20260926_v01_20261002.py	tools/g7_kpna_axis_null_20260926.py	07_analysis_code_and_environment	analysis	code	importin-axis	g7-kpna-axis-null-20260926	6686	a74fe57c2320d0afeda2fae25a995a5be322d826c1076fe688dfa8ac5d69dd4d
F0464	bdbv-vp24_importin-axis_code_g7-kpna-protein-crosscheck-20260926_v01_20261002.py	07_analysis_code_and_environment/analysis/bdbv-vp24_importin-axis_code_g7-kpna-protein-crosscheck-20260926_v01_20261002.py	tools/g7_kpna_protein_crosscheck_20260926.py	07_analysis_code_and_environment	analysis	code	importin-axis	g7-kpna-protein-crosscheck-20260926	4332	19557f755756e9e624251d2f2a787f57eb45e56b321c87b939c03d7732eca36d
F0465	bdbv-vp24_vp24-config_code_ncbi-bdbv-seq-survey-20260924_v01_20261002.py	07_analysis_code_and_environment/analysis/bdbv-vp24_vp24-config_code_ncbi-bdbv-seq-survey-20260924_v01_20261002.py	tools/ncbi_bdbv_seq_survey_20260924.py	07_analysis_code_and_environment	analysis	code	vp24-config	ncbi-bdbv-seq-survey-20260924	3969	39039eb714abbad9e129cf14d141a2f5d89e45ede4342955d487c940ed42692d
F0466	bdbv-vp24_tissue-extension_code_t4-g8-tissue-ifn-env-20260926_v01_20261002.py	07_analysis_code_and_environment/analysis/bdbv-vp24_tissue-extension_code_t4-g8-tissue-ifn-env-20260926_v01_20261002.py	tools/t4_g8_tissue_ifn_env_20260926.py	07_analysis_code_and_environment	analysis	code	tissue-extension	t4-g8-tissue-ifn-env-20260926	26495	c2997087708451c627cf32e39fa5a975f662a3e5bc5ced28e42d3f08a8be7a82
F0467	bdbv-vp24_filovirus-anchor_code_t4-gse114905-viral-output-20260925_v01_20261002.py	07_analysis_code_and_environment/analysis/bdbv-vp24_filovirus-anchor_code_t4-gse114905-viral-output-20260925_v01_20261002.py	tools/t4_gse114905_viral_output_20260925.py	07_analysis_code_and_environment	analysis	code	filovirus-anchor	t4-gse114905-viral-output-20260925	4733	ad07666fecc87164e6bbfcdc9d489af1ee9e0a085af29030a502f20990b27836
F0468	bdbv-vp24_coverage_code_t4-host-transcriptome-hunt-20260925_v01_20261002.py	07_analysis_code_and_environment/analysis/bdbv-vp24_coverage_code_t4-host-transcriptome-hunt-20260925_v01_20261002.py	tools/t4_host_transcriptome_hunt_20260925.py	07_analysis_code_and_environment	analysis	code	coverage	t4-host-transcriptome-hunt-20260925	5059	96d1f2e502c54f43bb8f4f62453558f4eda6454309f9e0180e64ed180968d333
F0469	bdbv-vp24_vp24-interface_code_t4-hpa-ifn-landscape-20260925_v01_20261002.py	07_analysis_code_and_environment/analysis/bdbv-vp24_vp24-interface_code_t4-hpa-ifn-landscape-20260925_v01_20261002.py	tools/t4_hpa_ifn_landscape_20260925.py	07_analysis_code_and_environment	analysis	code	vp24-interface	t4-hpa-ifn-landscape-20260925	4056	660b54c5eca3b1232989434e30e6d83bfde9f193084c37f6f6b0d4c51b4e1469
F0470	bdbv-vp24_vp24-interface_code_t4-p83-stability-pilot-20260925_v01_20261002.py	07_analysis_code_and_environment/analysis/bdbv-vp24_vp24-interface_code_t4-p83-stability-pilot-20260925_v01_20261002.py	tools/t4_p83_stability_pilot_20260925.py	07_analysis_code_and_environment	analysis	code	vp24-interface	t4-p83-stability-pilot-20260925	10236	2c1b5b7837bd200ef137c91f5d85fe818fe2e39412af7142d8d2300fb7387f42
F0471	bdbv-vp24_vp24-interface_code_t4-restriction-gradient-20260925_v01_20261002.py	07_analysis_code_and_environment/analysis/bdbv-vp24_vp24-interface_code_t4-restriction-gradient-20260925_v01_20261002.py	tools/t4_restriction_gradient_20260925.py	07_analysis_code_and_environment	analysis	code	vp24-interface	t4-restriction-gradient-20260925	4290	eedef93d9a93b712ee99d29dc1bc8b41d53962dcae7e2bc308fa4962e053d6ec
F0472	bdbv-vp24_vp24-interface_code_t4-vp24-foldx-same-structure-20260925_v01_20261002.py	07_analysis_code_and_environment/analysis/bdbv-vp24_vp24-interface_code_t4-vp24-foldx-same-structure-20260925_v01_20261002.py	tools/t4_vp24_foldx_same_structure_20260925.py	07_analysis_code_and_environment	analysis	code	vp24-interface	t4-vp24-foldx-same-structure-20260925	8378	de7d1f40fec4fff5155db77543023a325e61da2b5133268240324373d76c801c
F0473	bdbv-vp24_vp24-interface_code_t4-vp24-openmm-mutation-20260925_v01_20261002.py	07_analysis_code_and_environment/analysis/bdbv-vp24_vp24-interface_code_t4-vp24-openmm-mutation-20260925_v01_20261002.py	tools/t4_vp24_openmm_mutation_20260925.py	07_analysis_code_and_environment	analysis	code	vp24-interface	t4-vp24-openmm-mutation-20260925	8678	e76df54e6362fc0302a54175da396de9d3c678e00812771a0d824ac7a163cd1c
F0474	bdbv-vp24_vp24-interface_code_t4-vp24-openmm-v2-20260925_v01_20261002.py	07_analysis_code_and_environment/analysis/bdbv-vp24_vp24-interface_code_t4-vp24-openmm-v2-20260925_v01_20261002.py	tools/t4_vp24_openmm_v2_20260925.py	07_analysis_code_and_environment	analysis	code	vp24-interface	t4-vp24-openmm-v2-20260925	8711	744c336bf952d90386855676095bf35a9827a507793a93cc7fbf82c832872115
F0475	bdbv-vp24_vp24-interface_code_t4-vp24-openmm-v3-20260925_v01_20261002.py	07_analysis_code_and_environment/analysis/bdbv-vp24_vp24-interface_code_t4-vp24-openmm-v3-20260925_v01_20261002.py	tools/t4_vp24_openmm_v3_20260925.py	07_analysis_code_and_environment	analysis	code	vp24-interface	t4-vp24-openmm-v3-20260925	10180	9492bfb7889436fabb8c4a178754e5585f37c2ac71ab929fe03f97822cc6b071
F0476	bdbv-vp24_importin-axis_code_t4b-g7-kpna-axis-20260926_v01_20261002.py	07_analysis_code_and_environment/analysis/bdbv-vp24_importin-axis_code_t4b-g7-kpna-axis-20260926_v01_20261002.py	tools/t4b_g7_kpna_axis_20260926.py	07_analysis_code_and_environment	analysis	code	importin-axis	t4b-g7-kpna-axis-20260926	8177	1473990d7ab97267ce7b509306875137edc73969775e8b1452405bd56e27d6d2
F0477	bdbv-vp24_importin-axis_code_t4b-g9-delta-robustness-20260926_v01_20261002.py	07_analysis_code_and_environment/analysis/bdbv-vp24_importin-axis_code_t4b-g9-delta-robustness-20260926_v01_20261002.py	tools/t4b_g9_delta_robustness_20260926.py	07_analysis_code_and_environment	analysis	code	importin-axis	t4b-g9-delta-robustness-20260926	15888	09461333dc158012bdc19ad33f15abe65dc8dd668816e61a9f5e73ffb27b82c0
F0478	bdbv-vp24_vp24-config_code_vp24-bdbv-census-crosscheck-20260926_v01_20261002.py	07_analysis_code_and_environment/analysis/bdbv-vp24_vp24-config_code_vp24-bdbv-census-crosscheck-20260926_v01_20261002.py	tools/vp24_bdbv_census_crosscheck_20260926.py	07_analysis_code_and_environment	analysis	code	vp24-config	vp24-bdbv-census-crosscheck-20260926	6808	dc3d4d4979ed4eea421b7450b514a0271f2720647c24d35099e02d66fd542d71
F0479	bdbv-vp24_vp24-config_code_vp24-bdbv-within-species-variation-20260926_v01_20261002.py	07_analysis_code_and_environment/analysis/bdbv-vp24_vp24-config_code_vp24-bdbv-within-species-variation-20260926_v01_20261002.py	tools/vp24_bdbv_within_species_variation_20260926.py	07_analysis_code_and_environment	analysis	code	vp24-config	vp24-bdbv-within-species-variation-20260926	3119	cc770f6b2a6ba18401c3427ffb4634ae6808bc67aff3898285731229a97db0ec
F0480	bdbv-vp24_vp24-config_code_vp24-census-main-20260925_v01_20261002.py	07_analysis_code_and_environment/analysis/bdbv-vp24_vp24-config_code_vp24-census-main-20260925_v01_20261002.py	tools/vp24_census_main_20260925.py	07_analysis_code_and_environment	analysis	code	vp24-config	vp24-census-main-20260925	20653	ed3b9bc74dee22be4c2e0b5703cccfbb2ee891e17cf76102a8fa93cff31757bd
F0481	bdbv-vp24_vp24-config_code_vp24-interface-msa-map-20260925_v01_20261002.py	07_analysis_code_and_environment/analysis/bdbv-vp24_vp24-config_code_vp24-interface-msa-map-20260925_v01_20261002.py	tools/vp24_interface_msa_map_20260925.py	07_analysis_code_and_environment	analysis	code	vp24-config	vp24-interface-msa-map-20260925	6106	959e4f0104f14f5f8265d53b33b0ddec41a41c195b38fcf43ece085236b15f72
F0482	bdbv-vp24_vp24-config_code_vp24-kpna1-paralog-and-audit-20260919_v01_20261002.py	07_analysis_code_and_environment/analysis/bdbv-vp24_vp24-config_code_vp24-kpna1-paralog-and-audit-20260919_v01_20261002.py	tools/vp24_kpna1_paralog_and_audit_20260919.py	07_analysis_code_and_environment	analysis	code	vp24-config	vp24-kpna1-paralog-and-audit-20260919	10075	3c1cd4432f73e6dc85989b4f1ddf95974a13c394b984f8016e73657689ccba88
F0483	bdbv-vp24_vp24-config_code_vp24-kpna-interface-map-20260925_v01_20261002.py	07_analysis_code_and_environment/analysis/bdbv-vp24_vp24-config_code_vp24-kpna-interface-map-20260925_v01_20261002.py	tools/vp24_kpna_interface_map_20260925.py	07_analysis_code_and_environment	analysis	code	vp24-config	vp24-kpna-interface-map-20260925	5651	925e94d74228c85c3a0ff2f04b8f8cd1ff248142d541d29e46a76f24be9cfae6
F0484	bdbv-vp24_vp24-config_code_vp24-novelty-fetch-20260925_v01_20261002.py	07_analysis_code_and_environment/analysis/bdbv-vp24_vp24-config_code_vp24-novelty-fetch-20260925_v01_20261002.py	tools/vp24_novelty_fetch_20260925.py	07_analysis_code_and_environment	analysis	code	vp24-config	vp24-novelty-fetch-20260925	5829	e823907c87d752d1c79dba8127817780465d36f09bd97298073c7b3cdf11b199
F0485	bdbv-vp24_vp24-config_code_vp24-novelty-lit-20260925_v01_20261002.py	07_analysis_code_and_environment/analysis/bdbv-vp24_vp24-config_code_vp24-novelty-lit-20260925_v01_20261002.py	tools/vp24_novelty_lit_20260925.py	07_analysis_code_and_environment	analysis	code	vp24-config	vp24-novelty-lit-20260925	9381	56f00ec9568d04db7124599387a5cd609fa44416f5a762541f56d7c31fd58859
F0486	bdbv-vp24_vp24-config_code_vp24-novelty-scoped-checks-20260925_v01_20261002.py	07_analysis_code_and_environment/analysis/bdbv-vp24_vp24-config_code_vp24-novelty-scoped-checks-20260925_v01_20261002.py	tools/vp24_novelty_scoped_checks_20260925.py	07_analysis_code_and_environment	analysis	code	vp24-config	vp24-novelty-scoped-checks-20260925	1954	2057786d2f7b5fe60f295e3ff83f59be1016023d8c0a76c8861d1cfad1cfdb23
F0487	bdbv-vp24_vp24-config_code_vp24-novelty-targeted-20260925_v01_20261002.py	07_analysis_code_and_environment/analysis/bdbv-vp24_vp24-config_code_vp24-novelty-targeted-20260925_v01_20261002.py	tools/vp24_novelty_targeted_20260925.py	07_analysis_code_and_environment	analysis	code	vp24-config	vp24-novelty-targeted-20260925	6493	11a351b23787c0055cd04a3c1fadb2652a70af58cb3e600c800fb46fe2421859
F0488	bdbv-vp24_vp24-config_code_vp24-pan-species-positions-20260926_v01_20261002.py	07_analysis_code_and_environment/analysis/bdbv-vp24_vp24-config_code_vp24-pan-species-positions-20260926_v01_20261002.py	tools/vp24_pan_species_positions_20260926.py	07_analysis_code_and_environment	analysis	code	vp24-config	vp24-pan-species-positions-20260926	10727	021cee676f8d1b12cf19a403f31db3f92bc4f34b5ee398f417ba8a5ae25134c9
F0489	bdbv-vp24_tissue-extension_code_w14-organ-gate-20260924_v01_20261002.py	07_analysis_code_and_environment/analysis/bdbv-vp24_tissue-extension_code_w14-organ-gate-20260924_v01_20261002.py	tools/w14_organ_gate_20260924.py	07_analysis_code_and_environment	analysis	code	tissue-extension	w14-organ-gate-20260924	14450	d48db5d250067b01f2791e21c441afc39863174cae66dc9753eefd085a4ed33a
F0490	bdbv-vp24_tissue-extension_code_w14b-organ-fixedeffects-20260924_v01_20261002.py	07_analysis_code_and_environment/analysis/bdbv-vp24_tissue-extension_code_w14b-organ-fixedeffects-20260924_v01_20261002.py	tools/w14b_organ_fixedeffects_20260924.py	07_analysis_code_and_environment	analysis	code	tissue-extension	w14b-organ-fixedeffects-20260924	5695	60bb3d1cbe69152d276ff0b8a00b55308e865ada2a0c7196f1ea235e630c2290
F0491	bdbv-vp24_tissue-extension_code_w14c-expanded-panel-20260924_v01_20261002.py	07_analysis_code_and_environment/analysis/bdbv-vp24_tissue-extension_code_w14c-expanded-panel-20260924_v01_20261002.py	tools/w14c_expanded_panel_20260924.py	07_analysis_code_and_environment	analysis	code	tissue-extension	w14c-expanded-panel-20260924	4172	25591fde1c01d89c34f475f10f8e389f301cdea58cfef1967ebd9244f97c1247
F0492	bdbv-vp24_metadata_meta_environment-versions_v01_20261002.json	07_analysis_code_and_environment/environment/bdbv-vp24_metadata_meta_environment-versions_v01_20261002.json	analysis/environment_versions_20260919.json	07_analysis_code_and_environment	environment	meta	metadata	environment-versions	644	5de5db2cdcdaa0ebb34cf2b83bfa8e097c353807fd255fb50fc4c88f7a22e62a
F0493	bdbv-vp24_vp24-interface_table_pdb4u2x-x1-p83-distance-sweep_v01_20261002.tsv	03_primary_structure_and_interface/bdbv_vp24_model/bdbv-vp24_vp24-interface_table_pdb4u2x-x1-p83-distance-sweep_v01_20261002.tsv	_coord/_round_X_20261002/analysis/X1_p83_distance_sweep.tsv	03_primary_structure_and_interface	bdbv_vp24_model	table	vp24-interface	pdb4u2x-x1-p83-distance-sweep	5641	4266e5b71c54c183f6563a0024b06184ca60c5f6272525d3ceb4e23b1018b67d
F0494	bdbv-vp24_vp24-interface_table_pdb4u2x-x2-contacts-authoritative_v01_20261002.tsv	03_primary_structure_and_interface/pdb_4u2x_experimental/bdbv-vp24_vp24-interface_table_pdb4u2x-x2-contacts-authoritative_v01_20261002.tsv	_coord/_round_X_20261002/analysis/X2_contacts_authoritative.tsv	03_primary_structure_and_interface	pdb_4u2x_experimental	table	vp24-interface	pdb4u2x-x2-contacts-authoritative	23960	b6dc9cc1037e2693dff4a70831054de2451492d444a05f67d2c84e3f03bca186
F0495	bdbv-vp24_md-pilot_table_md-pilot-x4-md-system-inventory_v01_20261002.tsv	03_primary_structure_and_interface/md_pilot/bdbv-vp24_md-pilot_table_md-pilot-x4-md-system-inventory_v01_20261002.tsv	_coord/_round_X_20261002/analysis/X4_md_system_inventory.tsv	03_primary_structure_and_interface	md_pilot	table	md-pilot	md-pilot-x4-md-system-inventory	2976	3da9a8be8a0dc872bc06c50e7b1e5612493654ae689a5f6eb84100c5fe45321e
F0496	bdbv-vp24_md-pilot_table_md-pilot-x4-md-recomputed-metrics_v01_20261002.tsv	03_primary_structure_and_interface/md_pilot/bdbv-vp24_md-pilot_table_md-pilot-x4-md-recomputed-metrics_v01_20261002.tsv	_coord/_round_X_20261002/analysis/X4_md_recomputed_metrics.tsv	03_primary_structure_and_interface	md_pilot	table	md-pilot	md-pilot-x4-md-recomputed-metrics	12107	0d6a7ad1f2774db5a269abd8aee0510bcf204b778dc040324bb8b5cf72a67d09
F0497	bdbv-vp24_vp24-config_table_ncbi-protein-x5-fig1a-denominator-recompute_v01_20261002.tsv	02_primary_sequence_data/call_tables/bdbv-vp24_vp24-config_table_ncbi-protein-x5-fig1a-denominator-recompute_v01_20261002.tsv	_coord/_round_X_20261002/analysis/X5_fig1a_denominator_recompute.tsv	02_primary_sequence_data	call_tables	table	vp24-config	ncbi-protein-x5-fig1a-denominator-recompute	288	2e30ce9695d790589badb7ce834787dc5198681a6e73bfb71c0d5ff898d66715
F0498	bdbv-vp24_proxy-test_table_figs2d-x3-figs2d-provenance_v01_20261002.tsv	06_analysis_data/coverage_audit/bdbv-vp24_proxy-test_table_figs2d-x3-figs2d-provenance_v01_20261002.tsv	_coord/_round_X_20261002/analysis/X3_figs2d_provenance.tsv	06_analysis_data	coverage_audit	table	proxy-test	figs2d-x3-figs2d-provenance	7436	cb5c0d8d9fb3ee6b6a68fa70946d7b3c6e15a95c29199c391e155f88dbb67646
F0499	bdbv-vp24_proxy-test_table_figs2d_v01_20261002.tsv	01_source_data_by_figure/FigS2/bdbv-vp24_proxy-test_table_figs2d_v01_20261002.tsv	_coord/_round_X_20261002/figures/FigS2d_source_corrected.tsv	01_source_data_by_figure	FigS2	table	proxy-test	figs2d	1122	58b8c28e90a8e0b72ec84fb969a9b0d0e9abb0f782e1c0b767fdae1950f80fa6
F0500	bdbv-vp24_metadata_code_x-recompute-x-run-all_v01_20261002.py	07_analysis_code_and_environment/analysis/bdbv-vp24_metadata_code_x-recompute-x-run-all_v01_20261002.py	_coord/_round_X_20261002/analysis/x_run_all.py	07_analysis_code_and_environment	analysis	code	metadata	x-recompute-x-run-all	1552	14837c774d278b6125d6109a3b9e7eb946e1e54b605c03240116716f0f7fc7c2
F0501	bdbv-vp24_metadata_code_x-recompute-x1-p83-sweep_v01_20261002.py	07_analysis_code_and_environment/analysis/bdbv-vp24_metadata_code_x-recompute-x1-p83-sweep_v01_20261002.py	_coord/_round_X_20261002/analysis/x1_p83_sweep.py	07_analysis_code_and_environment	analysis	code	metadata	x-recompute-x1-p83-sweep	12131	a11aac8e9b059b8db78bcfb6b006f5bc0a4a3936277f28ea1e607db123890ed7
F0502	bdbv-vp24_metadata_code_x-recompute-x2-contacts_v01_20261002.py	07_analysis_code_and_environment/analysis/bdbv-vp24_metadata_code_x-recompute-x2-contacts_v01_20261002.py	_coord/_round_X_20261002/analysis/x2_contacts.py	07_analysis_code_and_environment	analysis	code	metadata	x-recompute-x2-contacts	5596	844cbebfaa143ccf3fd7bb1c7e2859d3633f335e36f000ab2cde18080ebd8287
F0503	bdbv-vp24_metadata_code_x-recompute-x3-figs2d-provenance_v01_20261002.py	07_analysis_code_and_environment/analysis/bdbv-vp24_metadata_code_x-recompute-x3-figs2d-provenance_v01_20261002.py	_coord/_round_X_20261002/analysis/x3_figs2d_provenance.py	07_analysis_code_and_environment	analysis	code	metadata	x-recompute-x3-figs2d-provenance	11124	ef08ce6dacad6afc07a827812558ecf2cab41722c38dc65c70134bc7aea4160e
F0504	bdbv-vp24_metadata_code_x-recompute-x4-md-recompute_v01_20261002.py	07_analysis_code_and_environment/analysis/bdbv-vp24_metadata_code_x-recompute-x4-md-recompute_v01_20261002.py	_coord/_round_X_20261002/analysis/x4_md_recompute.py	07_analysis_code_and_environment	analysis	code	metadata	x-recompute-x4-md-recompute	14159	c037c4875ed3ab6bf3c41387d4a47fbe2738f38548d5a09bc6a79609a92d9921
F0505	bdbv-vp24_metadata_code_x-recompute-x5-denominator_v01_20261002.py	07_analysis_code_and_environment/analysis/bdbv-vp24_metadata_code_x-recompute-x5-denominator_v01_20261002.py	_coord/_round_X_20261002/analysis/x5_denominator.py	07_analysis_code_and_environment	analysis	code	metadata	x-recompute-x5-denominator	3435	d5111bccc635dae01c6e253ae6ee7b2c3922f32664d4d8b83c4f6a9f53332de4
F0506	bdbv-vp24_metadata_doc_x-caption-decisions_v01_20261002.md	01_source_data_by_figure/_shared/bdbv-vp24_metadata_doc_x-caption-decisions_v01_20261002.md	_coord/_round_X_20261002/analysis/X_caption_decisions.md	01_source_data_by_figure	_shared	doc	metadata	x-caption-decisions	9704	bcc70388e4dcb7665535c3e20e5f7a9f5e274a5daffda1b7a5460b3585fa2567
