	S_AT_lectin	D_AT_lectin	S_AT_broad	D_AT_broad	S_EM_core	D_EM_core	S_EM_protease	D_EM_protease	S_EM_traffic	D_EM_traffic	S_RE_interferon	D_RE_interferon	S_ISG_control	D_ISG_control	S_MONO_marker	D_MONO_marker	S_EM_all	D_EM_all	title	biosample	tissue	tissue_short	day	animal	viral_per_18s	log10_viral	Quant.Kulesh	Tissue	myeloid_fraction
A0001_S121_L002	2.227572733644224	0.3333333333333333	4.796481930359503	1.0	0.0	0.0	4.999958872840978	1.0	0.8890646311585033	0.625	1.5700210116594984	0.2857142857142857	1.1490544346815972	0.5	0.995464463307304	0.4444444444444444	1.2112475922109003	0.6	RA1803_Spleen	RA1803_Spleen	Spleen	Spleen	D006	RA1803	0.004428571428571428	-2.3537363461799843	83700.0	Spleen	0.31744733
A0002_S124_L002	2.444180612977832	0.6666666666666666	4.161370654594322	1.0	0.0	0.0	2.533767425060853	1.0	0.7244146360387429	0.3125	1.5612619371683512	0.42857142857142855	0.8184599029922783	0.4	0.5613372506536422	0.3333333333333333	0.8329084513370797	0.35	RA1803_Kidney	RA1803_Kidney	Kidney	Kidney	D006	RA1803	1.2105263157894737e-07	-6.917025764935236	161.0	Kidney	0.113475844
A0003	2.2116267669458076	0.3333333333333333	3.8017029837065537	0.75	0.0	0.0	4.674009373472312	1.0	0.8006093738080948	0.4375	1.4088956272634836	0.2857142857142857	0.873270102624336	0.2	0.7201253071676165	0.4444444444444444	1.1078884363937072	0.45	RA1803_Liver-L	RA1803_Liver-L	Liver	Liver	D006	RA1803	1.6458333333333333e-07	-6.783614146085146	4740.0	Liver	0.1534650413
A0006_S89_L002	2.4998018108551037	1.0	4.377771506079107	1.0	0.0	0.0	4.354409160747057	1.0	0.7783731854687173	0.5625	1.865363873856289	0.8571428571428571	0.8957918522779915	0.5	1.4484099759093398	0.5555555555555556	1.0581394644496798	0.55	RA1803_Brain-Gr	RA1803_Brain-Gr	Brain-Gr	Brain	D006	RA1803	1.7490494296577947e-08	-7.757197916808184	46.0	Brain	0.017495649
A0007_S17_L001	2.5462197781005593	0.6666666666666666	4.089940468337764	1.0	0.17251483009360652	0.5	3.6399639427279205	1.0	0.8076847666672519	0.6875	1.6286499831881651	0.7142857142857143	1.2818862912943207	0.7	1.1490996500724884	0.5555555555555556	1.0273956906159545	0.7	RA1803_Ovary	RA1803_Ovary	Ovary	Sex Organ	D006	RA1803	8.427672955974843e-08	-7.074292325955644	134.0	Sex Organ	
A0008_S140_L002	2.285690925729775	1.0	4.807763681103724	1.0	0.08998431752964603	0.5	4.5342377876401025	1.0	0.8492068734727789	0.625	1.7442979319676317	0.2857142857142857	1.2002240029880589	0.6	0.8779848041260276	0.5555555555555556	1.141787709295198	0.65	RA1803_LN-AX-R	RA1803_LN-AX-R	LN-AX-R	Lymph node	D006	RA1803	0.000275	-3.560667306169737	11000.0	Lymph node	0.21271792
A0009_S139_L002	2.441642404155262	0.6666666666666666	4.7233723537092756	1.0	0.0	0.0	4.788064667414607	1.0	0.907377598440451	0.5625	1.7127650394773466	0.2857142857142857	1.2091022334585753	0.5	0.9406875087039361	0.4444444444444444	1.2047085454938213	0.55	RA1803_LN-ING-L	RA1803_LN-ING-L	LN-ING-L	Lymph node	D006	RA1803	0.000696629213483146	-3.156998317146659	18600.0	Lymph node	0.25184062
A0010_S19_L001	2.683252850211984	0.3333333333333333	4.428249972660932	0.75	0.0806015095180416	0.5	3.8488965501604646	1.0	0.6686955369668388	0.6875	1.87866959880183	0.2857142857142857	1.1902494857753643	0.6	0.751592010747361	0.5555555555555556	0.9279062355413217	0.7	RA1082_LN-MES	RA1082_LN-MES	LN-MES	Lymph node	D006	RA1082				Lymph node	0.106304936
A0010_S19_L001	2.683252850211984	0.3333333333333333	4.428249972660932	0.75	0.0806015095180416	0.5	3.8488965501604646	1.0	0.6686955369668388	0.6875	1.87866959880183	0.2857142857142857	1.1902494857753643	0.6	0.751592010747361	0.5555555555555556	0.9279062355413217	0.7	RA1082_LN-MES	RA1082_LN-MES	LN-MES	Lymph node	D006	RA1082				Lymph node	0.106304936
A0010_S19_L001	2.683252850211984	0.3333333333333333	4.428249972660932	0.75	0.0806015095180416	0.5	3.8488965501604646	1.0	0.6686955369668388	0.6875	1.87866959880183	0.2857142857142857	1.1902494857753643	0.6	0.751592010747361	0.5555555555555556	0.9279062355413217	0.7	RA1082_LN-MES	RA1082_LN-MES	LN-MES	Lymph node	D006	RA1082	1.9723320158102766e-08	-7.705019975552428	0.998	Lymph node	0.106304936
A0010_S19_L001	2.683252850211984	0.3333333333333333	4.428249972660932	0.75	0.0806015095180416	0.5	3.8488965501604646	1.0	0.6686955369668388	0.6875	1.87866959880183	0.2857142857142857	1.1902494857753643	0.6	0.751592010747361	0.5555555555555556	0.9279062355413217	0.7	RA1082_LN-MES	RA1082_LN-MES	LN-MES	Lymph node	D006	RA1082	1.9723320158102766e-08	-7.705019975552428	0.998	Lymph node	0.106304936
A0012_S16_L001	2.495086596796759	0.3333333333333333	4.027904596623012	0.75	0.0	0.0	2.6352169485988934	0.5	0.8163871284438884	0.3125	1.4945900937219463	0.2857142857142857	1.0235822616281836	0.2	0.8022945665006919	0.3333333333333333	0.916631397615	0.3	RA1803_Sex-Organ	RA1803_Sex-Organ	Sex-Organ	Sex Organ	D006	RA1803	1.7457627118644067e-06	-5.758014786936972	206.0	Sex Organ	
A0013_S47_L001	2.5232819363037695	0.3333333333333333	4.401698408238277	0.75	0.0	0.0	3.3334972428623337	1.0	0.6088867447241407	0.1875	1.3852036225136808	0.2857142857142857	1.1514843242806767	0.2	0.6876199868682943	0.2222222222222222	0.8204591200655459	0.25	RA1803_Skin-Rash	RA1803_Skin-Rash	Rash	Skin	D006	RA1803	2.5161987041036716e-09	-8.599255065655916	23.3	Skin	0.032624662
A0014	2.2668989630335994	0.3333333333333333	4.203098062487285	0.75	0.6960953077238825	0.5	3.8019384127927536	1.0	0.7183505499869831	0.25	1.3605406692309139	0.2857142857142857	1.506893643241939	0.4	0.6256001511369826	0.2222222222222222	1.02448381204125	0.35	A0014	A0014	Non-Rash	Skin	D006	A0014					0.023628816
A0015_S120_L002	2.4000915969099506	0.6666666666666666	4.9725337551053315	0.75	0.09532524002900486	0.5	5.452754210825319	1.0	0.8827663233304518	0.625	1.5854108332879828	0.42857142857142855	1.1411857181840412	0.4	0.5084602030564089	0.4444444444444444	1.261021003749794	0.65	RA0850_Spleen	RA0850_Spleen	Spleen	Spleen	D004	RA0850	3.9634146341463416e-05	-4.401930491404842	3250.0	Spleen	0.23599249
A0016_S123_L002	2.4141899088241643	0.3333333333333333	4.13919481451246	0.75	0.0	0.0	2.9748703215744055	1.0	0.7305629586468974	0.5	1.631938750995795	0.2857142857142857	0.729603876567283	0.3	0.6780225683748249	0.5555555555555556	0.8819373990749584	0.5	RA0850_Kidney	RA0850_Kidney	Kidney	Kidney	D004	RA0850	1.4648212226066898e-10	-9.834215376520254	1.27	Kidney	0.023371367
RA0850.Liver_S11	1.7610223365729167	0.3333333333333333	3.6758595324079	1.0	0.0	0.0	5.681152639230819	1.0	0.6253094944483106	0.3125	1.5118009474614866	0.42857142857142855	0.801203340852615	0.2	0.31858015329863787	0.1111111111111111	1.0683628594817305	0.35	RA0850_Adrenal	RA0850_Adrenal	Adrenal Gland	Adrenal Gland	D004	RA0850	2.0952380952380953e-07	-6.678766618247732	30.8	Adrenal Gland	0.178044486
A0018	1.9337714011586697	0.3333333333333333	5.426910471127976	0.75	0.0	0.0	3.5819085107418576	0.5	0.4579658256247529	0.125	1.179987768989329	0.2857142857142857	0.7868856820486027	0.1	0.0	0.0	0.724563511573988	0.15	RA0850_Brain-Gr	RA0850_Brain-Gr	Brain-Gr	Brain	D004	RA0850	1.6403508771929824e-10	-9.785063244799973	0.187	Brain	0.0010364422
A0020_S88_L002	2.477376802674447	1.0	4.135076246342976	0.75	0.11192662795848896	0.5	4.066647316848024	1.0	0.8392104148866993	0.5625	1.6512325221074586	0.7142857142857143	1.0277913377152184	0.6	1.4084781870596288	0.5555555555555556	1.0892257263900107	0.6	RA0850_Ovary	RA0850_Ovary	Testis	Sex Organ	D004	RA0850	2.7058823529411765e-11	-10.5676910896967	0.414	Sex Organ	0.017558841
A0021_S15_L001	2.582952589745282	1.0	5.802188860738294	1.0	0.0408812367676819	0.5	6.011642913706989	1.0	1.6148769527751234	0.75	2.3728042291943083	0.8571428571428571	1.854427134427344	0.8	0.9613259076238465	0.7777777777777778	1.8971539772675663	0.75	RA0850_LN-AX-R	RA0850_LN-AX-R	LN-AX-R	Lymph node	D004	RA0850	2.547486033519553e-08	-7.593888188315458	228.0	Lymph node	
A0022_S185_L002	2.8161107213754195	0.6666666666666666	4.768645400827334	0.75	0.0	0.0	5.946067958760551	1.0	0.8430487594190427	0.6875	1.7849947626213527	0.42857142857142855	1.1666604352288057	0.5	0.6514294779014571	0.3333333333333333	1.2690458034112895	0.65	RA0850_LN-ING-L	RA0850_LN-ING-L	LN-ING-L	Lymph node	D004	RA0850	2.032544378698225e-08	-7.691959963218104	68.7	Lymph node	0.114526115
A0023_S184_L002	2.712886166326465	0.6666666666666666	4.80381418381682	0.75	0.08072160459208587	0.5	5.5417924830465	1.0	0.8336928743677429	0.8125	1.7926165589800103	0.42857142857142855	1.1006490065298498	0.4	0.7476577262393954	0.4444444444444444	1.2292057082580528	0.8	RA0850_LN-MES	RA0850_LN-MES	LN-MES	Lymph node	D004	RA0850	5.3295454545454545e-09	-8.273309829435085	46.9	Lymph node	0.120361246
A0024_S183_L002	2.690555703537806	0.3333333333333333	4.610318563383637	0.75	0.0	0.0	4.344402414896815	1.0	0.63407846018947	0.625	1.7690087761579278	0.2857142857142857	1.0549627966110302	0.5	0.7991537586072721	0.5555555555555556	0.9417030096412574	0.6	A0025	A0025	Lung	Lung	D004	A0025					0.0368437
A0025	2.617222548307048	0.3333333333333333	3.395871249290436	0.75	0.0	0.0	4.315612171191272	1.0	0.7258473474713789	0.1875	1.4057029355955437	0.2857142857142857	0.8929597328703176	0.2	0.7672680520048292	0.2222222222222222	1.0122390950962303	0.25	RA0850_Sex-Organ	RA0850_Sex-Organ	Sex-Organ	Sex Organ	D004	RA0850	6.06060606060606e-11	-10.217483944213907	0.12	Sex Organ	0.08460867829999999
A0026_S14_L001	2.6714395812401492	0.6666666666666666	3.955703026311338	1.0	0.0	0.0	5.301022047849884	1.0	0.6482412430599559	0.4375	1.5330220939588648	0.5714285714285714	1.3196962293785857	0.7	0.7578407501959015	0.5555555555555556	1.048695199232953	0.45	RA0717_Spleen	RA0717_Spleen	Spleen	Spleen	D004	RA0717	0.002737226277372263	-2.562689299428688	375000.0	Spleen	
A0029_S119_L002	2.5207036267675353	1.0	4.581927423974012	1.0	0.0	0.0	4.739292689174954	1.0	0.6509773767824364	0.5625	1.7154222597350675	0.2857142857142857	1.0378820711251655	0.4	0.6246265730180213	0.5555555555555556	0.9947111703434446	0.55	RA0717_Kidney	RA0717_Kidney	Kidney	Kidney	D004	RA0717	4.478935698447893e-09	-8.348825172431336	20.2	Kidney	0.27459785
A0030_S122_L002	2.467072655898718	0.3333333333333333	3.9150213826447686	0.75	0.0	0.0	2.373432646415744	1.0	0.6800201651151038	0.3125	1.6688063974242735	0.2857142857142857	0.7070531660373225	0.4	0.6586880112133792	0.5555555555555556	0.7813593967336574	0.35	RA0717_Brain-Gr	RA0717_Brain-Gr	Brain-Gr	Brain	D004	RA0717	3.9663865546218484e-08	-7.401604962758443	4.72	Brain	0.031504817
RA0717.Liver_S10	1.501951349598065	0.3333333333333333	2.668314709054338	1.0	0.0	0.0	3.7092725199311376	1.0	0.4037161112219369	0.1875	1.1439885445153606	0.2857142857142857	0.6909789497982824	0.4	0.23210284015118646	0.2222222222222222	0.6939001409706632	0.25	RA0717_LN-AX-R	RA0717_LN-AX-R	LN-AX-R	Lymph node	D004	RA0717	7.076190476190476e-07	-6.150200485309362	743.0	Lymph node	0.264595795
A0034_S87_L002	2.1038663605475914	0.6666666666666666	4.1908274694532235	1.0	0.0	0.0	4.304724028136056	1.0	0.9330722192299656	0.625	1.3741605602521436	0.7142857142857143	1.043986746549883	0.6	1.511604109995252	0.6666666666666666	1.1769301781975783	0.6	RA0717_LN-ING-L	RA0717_LN-ING-L	LN-ING-L	Lymph node	D004	RA0717	4.341317365269461e-07	-6.362378464576589	1450.0	Lymph node	0.012261933
A0036_S182_L002	2.5953169091258954	0.3333333333333333	4.831084006702152	1.0	0.11304056877501069	0.5	5.200305861841611	1.0	0.8829318059006872	0.5	1.7389703052913075	0.42857142857142855	1.2208674430052475	0.5	0.7717715472051248	0.4444444444444444	1.2376800877822118	0.55	RA0717_LN-MES	RA0717_LN-MES	LN-MES	Lymph node	D004	RA0717	2.0222222222222223e-06	-5.69417112145425	5460.0	Lymph node	0.18206498
A0037_S181_L002	2.5027830739442707	0.6666666666666666	4.814767885177663	1.0	0.0	0.0	5.14606602678376	1.0	0.9002954352948191	0.625	1.8207411956745843	0.42857142857142855	1.268195446018805	0.4	0.9292532980776103	0.6666666666666666	1.2348429509142314	0.6	RA0717_Sex-Organ	RA0717_Sex-Organ	Sex-Organ	Sex Organ	D004	RA0717	5.446898002103049e-09	-8.26385075719218	5.18	Sex Organ	0.17344517
A0038_S180_L002	2.4061737405762966	0.6666666666666666	4.167082865411257	1.0	0.0	0.0	5.832311659033505	1.0	0.8062250867430097	0.4375	1.4671902951173348	0.42857142857142855	1.1356180239542795	0.3	0.5904221924426806	0.3333333333333333	1.228211235297758	0.45	RA0700_Spleen	RA0700_Spleen	Spleen	Spleen	D007	RA0700	0.007107438016528926	-2.1482869190728824	344000.0	Spleen	0.30501154
A0040_S13_L001	2.6328568455525363	0.3333333333333333	4.353322526835199	1.0	0.0	0.0	3.7377209446550848	1.0	1.0561136332026493	0.4375	2.477164789631615	0.5714285714285714	1.3904668422449595	0.5	1.4194521046912294	0.3333333333333333	1.2186630010276278	0.45	RA0700_Kidney	RA0700_Kidney	Kidney	Kidney	D007	RA0700	2.088888888888889e-07	-6.680084660175645	564.0	Kidney	
A0043_S118_L002	2.2005832409322617	0.6666666666666666	3.629475491102615	0.75	0.11390607405707812	0.5	2.6793813928021817	1.0	0.5010874293563674	0.1875	1.0214251799395648	0.2857142857142857	0.6974465433308059	0.3	0.5417272422931911	0.4444444444444444	0.68019869017102	0.3	A0046	A0046	Adrenal Gland	Adrenal Gland	D007	A0046					0.37914303
A0044_S121_L002	2.6087646275783984	0.3333333333333333	3.989852976580589	0.75	0.0	0.0	1.9727077205173587	0.5	0.6340318440380133	0.25	1.6712422561855946	0.2857142857142857	0.5526273592596209	0.3	0.30641738154523196	0.2222222222222222	0.7044962472821463	0.25	RA0700_Brain-Gr	RA0700_Brain-Gr	Brain-Gr	Brain	D007	RA0700	2.8020134228187918e-08	-7.552529788592653	167.0	Brain	0.25149375
A0046	1.5388682123732567	0.3333333333333333	4.76799747789317	1.0	0.0	0.0	3.625159617964906	1.0	0.7255649245263043	0.4375	1.492542059256168	0.42857142857142855	0.9915587964338775	0.3	0.8172482891966489	0.3333333333333333	0.9429679014175341	0.45	RA0700_Ovary	RA0700_Ovary	Ovary	Sex Organ	D007	RA0700	2.048780487804878e-07	-6.688504570657853	1260.0	Sex Organ	0.009101381
A0048_S86_L002	2.3977659739802912	0.6666666666666666	4.626073047260141	1.0	0.0	0.0	4.430249054626482	1.0	0.7432222330833248	0.5625	1.529385911461499	0.5714285714285714	0.9551082841429592	0.6	1.379272399560816	0.5555555555555556	1.0376026919293078	0.55	RA0700_LN-AX-R	RA0700_LN-AX-R	LN-AX-R	Lymph node	D007	RA0700				Lymph node	0.018373407
A0049_S12_L001	2.489149145096711	1.0	4.084765404275918	1.0	0.0	0.0	3.670761365442097	1.0	0.7224711678022815	0.625	1.8062764948519014	0.7142857142857143	1.2797268064948062	0.7	1.0405399668364743	0.6666666666666666	0.9450530707860351	0.6	RA0700_LN-ING-L	RA0700_LN-ING-L	LN-ING-L	Lymph node	D007	RA0700	0.00013377777777777777	-3.873616022517519	903000.0	Lymph node	
A0050_S179_L002	2.8452553258639752	0.6666666666666666	4.540777077390566	0.75	0.0	0.0	4.14342886426034	1.0	0.6393310300323116	0.4375	1.7542770216665724	0.2857142857142857	1.1691226948180213	0.4	0.6721455797624434	0.4444444444444444	0.9258077104518831	0.45	RA0700_LN-MES	RA0700_LN-MES	LN-MES	Lymph node	D007	RA0700	3.032967032967033e-05	-4.518132310255876	276000.0	Lymph node	0.11592864
A0051_S178_L002	2.5143814811433405	1.0	4.751669724618603	1.0	0.0	0.0	4.585566789120746	1.0	0.7937677117735109	0.625	1.7794739733273122	0.42857142857142855	1.1095963686863983	0.4	0.7995074474550126	0.6666666666666666	1.0935708483308832	0.6	RA0700_Skin-Rash	RA0700_Skin-Rash	Rash	Skin	D007	RA0700	1.327433628318584e-08	-7.876987184427739	120.0	Skin	0.12357533
A0052_S177_L002	2.690322276371901	0.3333333333333333	4.612306626919316	1.0	0.0690486343334342	0.5	4.318011978354448	1.0	0.6906395450651921	0.5	1.7507601892114273	0.2857142857142857	1.1536769748971163	0.3	0.6958429758694172	0.5555555555555556	0.9912176973209419	0.55	RA0700_Skin-Non-Rash	RA0700_Skin-Non-Rash	Non-Rash	Skin	D007	RA0700	5.208333333333334e-09	-8.28330122870355	125.0	Skin	0.11672123
A0055_S46_L001	2.1985326043447486	0.3333333333333333	4.556409781487699	0.75	0.0	0.0	3.3309427975639805	1.0	0.6096496802661555	0.3125	1.2605492675395815	0.2857142857142857	1.4397658462454934	0.4	0.7801147853708653	0.4444444444444444	0.8208140239693226	0.35	RA0223_Spleen	RA0223_Spleen	Spleen	Spleen	D003	RA0223	2.899328859060403e-06	-5.537702521597362	432.0	Spleen	0.016615193
A0056_S45_L001	2.464893435742065	0.3333333333333333	4.46817280394231	0.75	0.0	0.0	3.6599740213011294	1.0	0.8124559917061241	0.3125	1.3484481307245129	0.2857142857142857	1.4542102853674994	0.3	0.5114484595750018	0.2222222222222222	1.0159621954950122	0.35	RA0223_Kidney	RA0223_Kidney	Kidney	Kidney	D003	RA0223	2.633484162895927e-10	-9.579469289035222	0.582	Kidney	0.016282799
A0057_S117_L002	2.7124746408603357	0.3333333333333333	4.66907539419166	1.0	0.0	0.0	4.447348165643135	1.0	0.7918776302636273	0.5625	1.7052661304728045	0.2857142857142857	1.0206392197162533	0.5	0.6141441940880511	0.4444444444444444	1.0782369207752154	0.55	RA0223_Brain-Gr	RA0223_Brain-Gr	Brain-Gr	Brain	D003	RA0223	6.355013550135501e-12	-11.196883519107958	0.469	Brain	0.15931144
A0058_S120_L002	2.505877440279949	0.6666666666666666	4.459267638312537	1.0	0.0	0.0	3.07513147129527	1.0	1.0160928750888996	0.6875	2.1514979251908786	0.5714285714285714	1.0536569065319348	0.4	0.7223267702033915	0.4444444444444444	1.1203874472006468	0.65	RA0223_Ovary	RA0223_Ovary	Testis	Sex Organ	D003	RA0223	1.7551724137931035e-12	-11.755680215562197	0.509	Sex Organ	0.033965036
A0062_S84_L002	1.9121257993375584	0.6666666666666666	4.556855967996315	0.75	0.0	0.0	4.3840450351512885	1.0	0.7231810849742641	0.5	1.6121991715634063	0.7142857142857143	0.9035897899193974	0.5	1.5787861743712186	0.7777777777777778	1.0169493714945401	0.5	RA0223_LN-AX-R	RA0223_LN-AX-R	LN-AX-R	Lymph node	D003	RA0223	2.3969465648854962e-08	-7.620341647582549	157.0	Lymph node	0.009709132
A0063_S9_L001	2.7607381771997823	0.6666666666666666	5.566785476090592	1.0	0.09620236596791434	0.5	6.108532835492084	1.0	1.5781150901606376	0.8125	2.3538752272824652	0.8571428571428571	1.7233308243091081	0.7	1.135133302370213	0.8888888888888888	1.88296559227451	0.8	RA0223_LN-ING-L	RA0223_LN-ING-L	LN-ING-L	Lymph node	D003	RA0223	2.0615384615384615e-07	-6.6858085582780475	1340.0	Lymph node	
A0064_S176_L002	2.592634320039153	0.3333333333333333	4.7735577636749955	0.75	0.07015253643741619	0.5	4.64019072755326	1.0	0.8924462652710625	0.75	1.7547906284013608	0.5714285714285714	1.2820357781393175	0.5	0.7893503314976704	0.6666666666666666	1.1849913386159174	0.75	RA0223_LN-MES	RA0223_LN-MES	LN-MES	Lymph node	D003	RA0223				Lymph node	0.14283378
A0065_S175_L002	2.7113644846894243	0.3333333333333333	4.697711940280008	1.0	0.0	0.0	4.697964189608687	1.0	0.884122284742783	0.6875	1.74468012635271	0.2857142857142857	1.1315939946287714	0.5	0.6072258191116658	0.4444444444444444	1.1770942467550949	0.65	RA0223_Skin-Rash	RA0223_Skin-Rash	Rash	Skin	D003	RA0223	2.707482993197279e-10	-9.567434262674489	3.98	Skin	0.115584984
A0066_S174_L002	2.278210428780051	0.3333333333333333	4.265524585282035	0.75	0.44842705673191646	0.5	6.229640687041515	1.0	0.8147419887519427	0.4375	1.6669009130178676	0.42857142857142855	1.0808400136564476	0.3	0.7081067914941401	0.4444444444444444	1.3196003653788975	0.5	RA0223_Skin-Non-Rash	RA0223_Skin-Non-Rash	Non-Rash	Skin	D003	RA0223	2.41e-09	-8.61798295742513	96.4	Skin	0.2869054
A0069_S44_L001	2.210087807190606	0.3333333333333333	3.716578361960485	0.75	0.0	0.0	4.160857539571952	1.0	0.4591740773727811	0.1875	1.2876109417103405	0.2857142857142857	1.0757978210073573	0.3	0.9173704097828951	0.3333333333333333	0.78342501585542	0.25	RA1779_Spleen	RA1779_Spleen	Spleen	Spleen	D008	RA1779	0.0011221122112211222	-2.94996371146005	102000.0	Spleen	0.017941136
A0070_S43_L001	1.9950324945352067	0.3333333333333333	3.6109507026122074	0.75	0.0	0.0	3.644304371178622	1.0	0.5876425401596377	0.4375	1.2006448918901198	0.2857142857142857	1.0695189856131468	0.4	0.8511323705566739	0.3333333333333333	0.8345444692455721	0.45	RA1779_Kidney	RA1779_Kidney	Kidney	Kidney	D008	RA1779	7.560439560439561e-07	-6.121452954085583	344.0	Kidney	0.008470087
A0071_S116_L002	2.247216514478456	1.0	4.590038407003656	1.0	0.0	0.0	4.588089296690556	1.0	0.7527351262711872	0.625	1.565628715764252	0.2857142857142857	1.1517370959231625	0.4	0.7727579010101865	0.5555555555555556	1.0609970306860055	0.6	RA1779_Adrenal	RA1779_Adrenal	Adrenal Gland	Adrenal Gland	D008	RA1779	0.0006612903225806452	-3.1796078327785184	164000.0	Adrenal Gland	0.0786683
A0072_S119_L002	1.9723065103104067	0.3333333333333333	4.414009279016454	0.75	0.42956840588959094	0.5	3.0819533809441437	1.0	1.0188765688960177	0.5	2.11924863155929	0.7142857142857143	0.9712907752965668	0.4	0.6568643641431312	0.4444444444444444	1.1662534338001878	0.55	RA1779_Brain-Gr	RA1779_Brain-Gr	Brain-Gr	Brain	D008	RA1779	2.4210526315789472e-08	-7.6159957692712545	2760.0	Brain	0.034665182
RA1779.Liver_S7	1.9341725248544195	0.3333333333333333	3.8013463120108293	1.0	0.19524921350122812	0.5	4.726786721104608	1.0	0.6644583220173582	0.3125	1.7179766419150435	0.42857142857142855	0.8370712713357525	0.4	0.45818499601465845	0.2222222222222222	1.0237702510744702	0.4	RA1779_Ovary	RA1779_Ovary	Testis	Sex Organ	D008	RA1779	1.0036630036630036e-06	-5.9984120842203685	274000.0	Sex Organ	0.20540799199999998
A0074_S61_L001	2.2682159665938246	1.0	4.293071898877135	1.0	0.06443066374801269	0.5	4.037969313585498	1.0	0.7295145210014856	0.375	1.575851954357648	0.2857142857142857	0.8922725417221609	0.4	1.10506543208704	0.4444444444444444	0.9938516145345396	0.45	RA1779_LN-AX-R	RA1779_LN-AX-R	LN-AX-R	Lymph node	D008	RA1779	6.844660194174757e-05	-4.164648107713774	705000.0	Lymph node	0.028498389
A0076_S83_L002	2.279719960181202	0.6666666666666666	4.662361147298114	1.0	0.25956566647441537	1.0	4.7044228684912035	1.0	0.7958493946656753	0.5	1.5969172819671134	0.7142857142857143	0.8848750843682073	0.6	1.54647920649585	0.6666666666666666	1.133078369229102	0.6	RA1779_LN-ING-L	RA1779_LN-ING-L	LN-ING-L	Lymph node	D008	RA1779	1.0185185185185185e-05	-4.992031070328725	110000.0	Lymph node	0.015400116
A0077_S8_L001	2.8661526923217395	0.6666666666666666	5.05477758893785	1.0	0.18500680712497627	0.5	5.857483675362045	1.0	1.4584571635324473	0.625	2.44407623237039	0.8571428571428571	1.7099031033724033	0.6	1.0756763722041387	0.7777777777777778	1.77101477907466	0.65	RA1779_LN-MES	RA1779_LN-MES	LN-MES	Lymph node	D008	RA1779	0.0012426470588235293	-2.905652203756544	169000.0	Lymph node	
A0078_S173_L002	2.7199502598946883	0.3333333333333333	4.690831324324103	1.0	0.08690304725751011	0.5	4.812249852681061	1.0	0.7009481048601474	0.625	1.6818985888812559	0.42857142857142855	1.099196286518848	0.4	0.5068312596143909	0.2222222222222222	1.0506737738819751	0.65	RA1779_Skin-Rash	RA1779_Skin-Rash	Rash	Skin	D008	RA1779	2.7919911012235816e-07	-6.55408597025219	2510.0	Skin	0.10316746
A0079_S172_L002	2.791440415154899	0.6666666666666666	4.41330828426018	1.0	0.11301362981975165	0.5	4.0077889692435935	1.0	0.5622057316734989	0.375	1.6914929231519367	0.42857142857142855	1.2283393401425964	0.5	0.5132903552026331	0.2222222222222222	0.8618448452451337	0.45	RA1779_Skin-Non-Rash	RA1779_Skin-Non-Rash	Non-Rash	Skin	D008	RA1779	1.5728155339805825e-07	-6.803322210162541	1620.0	Skin	0.08838352
A0080_S171_L002	2.463010755499678	0.3333333333333333	4.2132367379168265	1.0	0.22111545333056162	0.5	4.263737056643387	1.0	0.6028813946722362	0.3125	1.6858789973866084	0.2857142857142857	1.1046149666617562	0.5	0.5667329825360089	0.3333333333333333	0.9307903667351838	0.4	RA1834_Spleen	RA1834_Spleen	Spleen	Spleen	D003	RA1834	5.09016393442623e-05	-4.293268230498168	6210.0	Spleen	0.10272953
A0083_S42_L001	2.190971191639102	0.6666666666666666	4.1468864840768855	0.75	0.10193094791528037	0.5	4.119062452548085	1.0	0.5795301595241876	0.375	1.3918705798651991	0.42857142857142855	1.2875826493012585	0.4	0.813233956541087	0.4444444444444444	0.8857234676656865	0.45	RA1834_Kidney	RA1834_Kidney	Kidney	Kidney	D003	RA1834	3.46e-10	-9.460923901207224	0.346	Kidney	0.029707748
A0084_S41_L001	2.2617932109275816	0.6666666666666666	4.147222842045066	1.0	0.0	0.0	5.040855394999518	1.0	0.5867036906662658	0.375	1.4546358832413648	0.2857142857142857	1.3030013473837108	0.3	0.6035149266168776	0.2222222222222222	0.9734484920329646	0.4	A0088	A0088	Adrenal Gland	Adrenal Gland	D003	A0088					0.016972769
A0085_S115_L002	2.467835495086612	0.6666666666666666	4.82114617156703	0.75	0.0	0.0	4.309142975194895	1.0	1.0641699754717102	0.6875	1.6594865740889997	0.2857142857142857	1.1618847208283607	0.5	0.618541017559386	0.4444444444444444	1.2822502778968576	0.65	RA1834_Brain-Gr	RA1834_Brain-Gr	Brain-Gr	Brain	D003	RA1834	7.880434782608696e-12	-11.103449820774562	1.45	Brain	0.107024685
A0086_S60_L001	2.3988502256790007	0.3333333333333333	4.578583647790858	1.0	0.0	0.0	3.5940672580424424	1.0	1.1262679171878247	0.4375	2.2775235091069645	0.5714285714285714	0.9589444899104297	0.3	0.7920761738594072	0.3333333333333333	1.260421059554504	0.45	RA1834_Testis	RA1834_Testis	Ovary	Sex Organ	D003	RA1834	8.253012048192771e-10	-9.08338752088365	274.0	Sex Organ	0.025974229
A0088	2.6434554982645984	0.6666666666666666	4.422326376381696	0.75	0.0	0.0	4.586711192225904	1.0	0.5466594730214483	0.125	1.375928636380569	0.42857142857142855	0.9455841427565692	0.3	0.9214535157226371	0.2222222222222222	0.8959986976397489	0.2	RA1834_LN-AX-R	RA1834_LN-AX-R	LN-AX-R	Lymph node	D003	RA1834	2.920265780730897e-08	-7.534577620520071	87.9	Lymph node	0.016814573
A0090_S82_L002	2.203488463608948	1.0	4.551921413310427	0.75	0.0	0.0	4.440112202296845	1.0	0.8836211033285789	0.6875	1.5944438374638579	0.7142857142857143	0.8898577664728846	0.5	1.5339892267107054	0.5555555555555556	1.1509081028925476	0.65	RA1834_LN-ING-L	RA1834_LN-ING-L	LN-ING-L	Lymph node	D003	RA1834	6.046875e-09	-8.218469008964975	77.4	Lymph node	0.008927836
A0091_S7_L001	2.757012042776965	0.6666666666666666	3.4545826108091946	1.0	0.0	0.0	2.9267126757591937	1.0	0.7693951306028128	0.5	1.5453223462295391	0.5714285714285714	1.162661948547974	0.5	1.097341901340503	0.4444444444444444	0.9081873720581697	0.5	RA1834_LN-MES	RA1834_LN-MES	LN-MES	Lymph node	D003	RA1834	9.540636042402827e-10	-9.020422671365303	2.7	Lymph node	
A0092_S170_L002	2.692514630305464	0.6666666666666666	4.797830234038518	1.0	0.17777576254749788	0.5	4.313819370156043	1.0	0.8261154946939997	0.625	1.7749688730972888	0.5714285714285714	1.1464616844603501	0.7	0.588579756303502	0.5555555555555556	1.110051909025554	0.65	RA1834_LNG-CD-R	RA1834_LNG-CD-R	Lung	Lung	D003	RA1834	1.4523281596452328e-10	-9.837935241886177	1.31	Lung	0.08379243
A0093_S169_L002	2.823969553416239	0.6666666666666666	4.495439021705479	0.75	0.0	0.0	3.9819680919073805	1.0	0.8494607317504965	0.5625	1.7445658513494458	0.42857142857142855	1.1035878933707957	0.5	0.5780447847654909	0.6666666666666666	1.077765394591135	0.55	RA1834_Sex-Organ	RA1834_Sex-Organ	Sex-Organ	Sex Organ	D003	RA1834	3.969957081545065e-06	-5.401214188286986	1.85	Sex Organ	0.10261431
A0094_S168_L002	2.7852888105456692	0.6666666666666666	5.133326112780622	1.0	0.103753463913355	0.5	4.5486394055076875	1.0	1.157105284744894	0.75	1.7384739517121617	0.42857142857142855	1.2895929593940083	0.5	0.761843191925775	0.4444444444444444	1.3909235147380197	0.75	RA1834_Skin-Rash	RA1834_Skin-Rash	Rash	Skin	D003	RA1834	7.2e-10	-9.142667503568731	7.56	Skin	0.054084715
A0095	2.5885377670924377	0.3333333333333333	4.219653169242237	0.75	0.0	0.0	5.565439672747511	1.0	0.6047000124257887	0.1875	1.2734474191522156	0.2857142857142857	1.2327169501351158	0.3	1.1267148140037606	0.3333333333333333	1.040303977215382	0.25	RA1834_Skin-Non-Rash	RA1834_Skin-Non-Rash	Non-Rash	Skin	D003	RA1834	6.931818181818182e-09	-8.159152837139402	18.3	Skin	0.07373402400000001
A0096_S62_L001	2.4888360226206037	0.3333333333333333	1.8666270169654526	0.25	0.0	0.0	1.7144932815135774	0.5	0.5966053825249171	0.125	0.6229152075454533	0.14285714285714285	1.0258174514124399	0.2	0.0	0.0	0.6487336341712915	0.15	RA0449_Spleen	RA0449_Spleen	Spleen	Spleen	D003	RA0449	2.1946308724832214e-05	-4.658638515751988	3270.0	Spleen	
A0097_S40_L001	2.227463035356824	0.3333333333333333	3.735635943747616	0.75	0.0	0.0	4.3668799949018995	1.0	0.6641858619089647	0.3125	1.3261091667870202	0.42857142857142855	1.0254806731386685	0.3	0.8855612825191392	0.2222222222222222	0.9680366890173617	0.35	RA0449_Kidney	RA0449_Kidney	Kidney	Kidney	D003	RA0449	7.94663573085847e-12	-11.099816694332286	0.685	Kidney	0.02101086
A0098_S39_L001	2.4017819832397245	0.3333333333333333	3.6340244999634774	0.75	0.0	0.0	3.752199332288514	1.0	0.5876052249491565	0.3125	1.2446243896038516	0.2857142857142857	1.1918666558904023	0.5	0.8390273842453657	0.2222222222222222	0.8453041131881764	0.35	A0101	A0101	Liver	Liver	D003	A0101					0.014748618
A0099_S114_L002	2.610990186581503	0.6666666666666666	4.961490719580051	1.0	0.058332354882715376	0.5	4.259168398656415	1.0	1.0181051987474101	0.75	1.692144871631174	0.42857142857142855	1.0867191134914407	0.7	0.7032675959488652	0.5555555555555556	1.246234234351841	0.75	RA0449_Brain-Wh	RA0449_Brain-Wh	Brain-Wh	Brain	D003	RA0449	2.3544303797468352e-12	-11.628114147072525	0.372	Brain	0.07199435
A0100_S114_L002	2.694768141372425	0.3333333333333333	4.277076189414315	0.75	0.0	0.0	2.6613830887228116	1.0	0.605482832853318	0.25	1.649414517181958	0.2857142857142857	0.46908270474018765	0.3	0.683659904966301	0.4444444444444444	0.7505245751549356	0.3	RA0449_Brain-Gr	RA0449_Brain-Gr	Brain-Gr	Brain	D003	RA0449	9.979633401221997e-14	-12.0	0.049	Brain	0.009538361
A0101	1.625521413848266	1.0	2.934203562587467	0.75	0.0	0.0	4.430757155106808	1.0	0.5124876756689363	0.25	1.2658477202812954	0.2857142857142857	0.7384491986573586	0.2	0.29508625431831614	0.1111111111111111	0.85306585604583	0.3	RA0449_Ovary	RA0449_Ovary	Ovary	Sex Organ	D003	RA0449	3.3058984910836762e-12	-11.480710485743106	0.241	Sex Organ	0.0520548183
A0103	2.462701320110453	1.0	4.279051668093006	1.0	0.1503861065954934	1.0	3.3700846083277907	1.0	0.7457122015825097	0.6875	1.4889578137847168	0.8571428571428571	0.8878994242763506	0.6	1.5617384602501285	0.6666666666666666	0.9486168327583362	0.75	RA0449_LN-AX-R	RA0449_LN-AX-R	LN-AX-R	Lymph node	D003	RA0449	9.471153846153846e-09	-8.02359710880117	39.4	Lymph node	0.021531783
A0104_S29_L001	2.3557666373830144	0.6666666666666666	4.101683852021196	0.75	0.22332841435023837	0.5	3.6571920645763503	1.0	0.6828948422571544	0.75	1.6895186793648242	0.8571428571428571	1.1008072653871201	0.8	1.4500460280887983	0.7777777777777778	0.9343679216983825	0.75	RA0449_LN-ING-L	RA0449_LN-ING-L	LN-ING-L	Lymph node	D003	RA0449	1.4087591240875912e-09	-8.851163258148633	1.93	Lymph node	0.019669112
A0105_S6_L001	2.761462497355504	0.3333333333333333	3.7964795817468913	1.0	0.0	0.0	3.5256748436750898	1.0	0.829141797953306	0.5625	2.197656640121752	0.7142857142857143	1.372708473502456	0.7	1.1237052969133865	0.5555555555555556	1.015880922730154	0.55	RA0449_LN-MES	RA0449_LN-MES	LN-MES	Lymph node	D003	RA0449	3.8666666666666665e-09	-8.412663265492744	17.4	Lymph node	
A0106_S167_L002	2.631544098876829	0.3333333333333333	4.647106465719224	1.0	0.08996593324798513	0.5	4.05819943964127	1.0	0.7414111776000627	0.5625	1.6754282902097726	0.2857142857142857	1.181307725540197	0.6	0.6275255405523636	0.5555555555555556	1.0079454793689757	0.6	RA0449_Skin-Rash	RA0449_Skin-Rash	Rash	Skin	D003	RA0449	1.1301587301587303e-09	-8.946860555816725	3.56	Skin	0.10792838
A0107_S166_L002	2.3609606897043904	0.3333333333333333	4.6584423219069535	1.0	0.0	0.0	6.211684994996208	1.0	0.8009116734953247	0.5	1.6645196966580578	0.2857142857142857	1.2086272176048989	0.5	0.7472076733467488	0.5555555555555556	1.2618978382958805	0.5	RA0449_Skin-Non-Rash	RA0449_Skin-Non-Rash	Non-Rash	Skin	D003	RA0449	1.0449640287769784e-09	-8.980898659191727	5.81	Skin	0.13664758
A0108_S165_L002	2.8394823403598206	0.6666666666666666	4.930016897361622	1.0	0.0	0.0	4.5431162100497655	1.0	1.036676482400206	0.5625	1.7141144530966057	0.42857142857142855	1.2706784020318382	0.5	0.4881406003849534	0.3333333333333333	1.2836528069251412	0.55	RA0552_Spleen	RA0552_Spleen	Spleen	Spleen	D005	RA0552					0.05954098
A0111_S38_L001	2.1912760086476264	0.3333333333333333	3.914975122338684	0.75	0.28935731795889136	0.5	3.727796713956667	1.0	0.6447162434439228	0.375	1.4322001169109146	0.42857142857142855	1.1328517008622738	0.4	0.9167769474629279	0.3333333333333333	0.9174883979466941	0.45	RA0552_Kidney	RA0552_Kidney	Kidney	Kidney	D005	RA0552					0.016692195
A0112_S37_L001	2.051048218084956	0.3333333333333333	3.677404257599215	1.0	0.1836564210259864	0.5	3.640356769557774	1.0	0.4573531137010904	0.25	1.2345602739996078	0.2857142857142857	1.0581062369892944	0.4	0.8831525833419248	0.2222222222222222	0.7482838100192484	0.35	A0115	A0115	Liver	Liver	D005	A0115					0.012458845
A0113_S113_L002	2.0449407504951096	0.6666666666666666	4.840176531834551	1.0	0.0584434120745555	0.5	4.803571554992625	1.0	0.6154908239396525	0.5625	1.6778336461740189	0.42857142857142855	1.0609121257419787	0.6	0.6696109967653422	0.4444444444444444	0.9785941558584399	0.6	RA0552_Brain-Wh	RA0552_Brain-Wh	Brain-Wh	Brain	D005	RA0552					0.11064262
A0114_S112_L002	2.3519685757858744	0.3333333333333333	3.057247370482421	0.75	0.0	0.0	1.8826394216226527	0.5	0.43171155378988935	0.1875	1.3475848581788399	0.2857142857142857	0.40884778048208814	0.2	0.242870976889845	0.2222222222222222	0.5336331851941767	0.2	RA0552_Brain-Gr	RA0552_Brain-Gr	Brain-Gr	Brain	D005	RA0552					0.033362504
A0115	0.8420885148877808	0.3333333333333333	1.6355846281581274	0.75	0.0	0.0	2.061238123031906	1.0	0.13909908809010327	0.1875	0.739658300060489	0.2857142857142857	0.49943229764286545	0.2	0.10880588823775672	0.2222222222222222	0.3174030827752732	0.25	RA0552_Ovary	RA0552_Ovary	Ovary	Sex Organ	D005	RA0552					0.251907655
A0117_S115_L002	2.678511891201525	0.6666666666666666	4.755782922152295	1.0	0.0	0.0	2.6558237013581945	0.5	0.5112195677814069	0.1875	1.411073520426688	0.2857142857142857	0.578665805778724	0.1	1.339170968979231	0.3333333333333333	0.6745580243609449	0.2	RA0552_LN-AX-R	RA0552_LN-AX-R	LN-AX-R	Lymph node	D005	RA0552					0.04124648
A0118_S28_L001	2.438012124795014	0.6666666666666666	4.150759422167997	1.0	0.0764642889030867	0.5	3.6805029306447326	1.0	0.6916577306301337	0.5625	1.6564935068493303	0.7142857142857143	1.0457247043525315	0.7	1.5016948955578098	0.7777777777777778	0.9290229064588889	0.6	RA0552_LN-ING-L	RA0552_LN-ING-L	LN-ING-L	Lymph node	D005	RA0552					0.026952785
A0119_S5_L001	2.5923220007624304	0.6666666666666666	4.105079995830571	1.0	0.18118371528978144	1.0	3.5038248451987863	1.0	0.8495316865678546	0.5625	1.605480517203522	0.5714285714285714	1.2242795181345856	0.7	1.4793781136400446	0.5555555555555556	1.0481262053031404	0.65	RA0552_LN-MES	RA0552_LN-MES	LN-MES	Lymph node	D005	RA0552					
A0120_S164_L002	2.617203454488811	0.6666666666666666	4.985062883005493	1.0	0.206801953200409	1.0	5.7589861533832405	1.0	0.9769869594430394	0.5	1.8012948496733918	0.7142857142857143	1.256548304383407	0.5	0.8225775055060366	0.4444444444444444	1.3781683782127965	0.6	A0123_L2	A0123_L2	Lung	Lung	D005	A0123					0.18132126
A0121_S163_L002	2.4898958328368717	0.6666666666666666	4.58175303339483	1.0	0.0952718561144205	0.5	5.084683555155605	1.0	0.8221232825575479	0.5625	1.7702071634438075	0.5714285714285714	1.2580163628850547	0.5	0.9723532785947151	0.7777777777777778	1.175694167173041	0.6	RA0552_Skin-Rash	RA0552_Skin-Rash	Rash	Skin	D005	RA0552					0.22334608
A0122_S162_L002	2.5516692221092563	0.6666666666666666	4.631748194764934	1.0	0.10508274688498759	0.5	4.575869515089341	1.0	0.7659401561254806	0.5625	1.8555757768229069	0.5714285714285714	1.2212463848822601	0.5	0.7168774039712039	0.4444444444444444	1.0808473510978174	0.6	RA0552_Skin-Non-Rash	RA0552_Skin-Non-Rash	Non-Rash	Skin	D005	RA0552					0.12936117
A0123_L2	2.453966463835163	0.3333333333333333	3.8128919688646006	0.75	0.0	0.0	3.778788788672328	1.0	0.599256382209366	0.1875	1.387362220745278	0.2857142857142857	0.7281788673832994	0.2	0.7368770722693657	0.2222222222222222	0.8572839846347255	0.25	RA0452_Spleen	RA0452_Spleen	Spleen	Spleen	D005	RA0452	0.0007828571428571429	-3.1063174815298877	82200.0	Spleen	0.145589355
A0125_S36_L001	2.034486494540464	0.3333333333333333	3.9406676541063903	0.75	0.0	0.0	4.409250119602014	1.0	0.5559031236378582	0.25	1.446633889110942	0.42857142857142855	1.324302259508389	0.4	1.039222374764325	0.4444444444444444	0.885647510870488	0.3	RA0452_Kidney	RA0452_Kidney	Kidney	Kidney	D005	RA0452	2.148305084745763e-10	-9.66790404363677	50.7	Kidney	0.018561753
A0126_S35_L001	1.8966112396850308	0.3333333333333333	3.9588484325158886	1.0	0.1796416038769742	0.5	3.7590389632787935	1.0	0.6198965220940063	0.5	1.486819416443159	0.7142857142857143	1.2952576228755013	0.4	0.9675787128327903	0.4444444444444444	0.8897852743907817	0.55	A0129	A0129	Liver	Liver	D005	A0129					0.018844083
A0127_S112_L002	2.7185227988986767	0.6666666666666666	4.7731219295976155	1.0	0.0	0.0	4.631774489809295	1.0	0.7600526948856572	0.5625	1.6644309255203227	0.2857142857142857	1.0914438665553434	0.4	0.6784994026364701	0.4444444444444444	1.0712196048894553	0.55	RA0452_Brain-Wh	RA0452_Brain-Wh	Brain-Wh	Brain	D005	RA0452	8.36842105263158e-09	-8.077356476632378	159.0	Brain	0.1894922
A0128_S55_L001	2.6517370021368643	0.6666666666666666	4.172138847228542	0.75	0.0	0.0	3.133710528729593	1.0	0.8530800200245832	0.25	1.5743587972476807	0.2857142857142857	0.9848590231072153	0.3	0.6415356176396725	0.3333333333333333	0.9958350688926257	0.3	RA0452_Brain-Gr	RA0452_Brain-Gr	Brain-Gr	Brain	D005	RA0452	2.7729257641921398e-09	-8.557061757047911	127.0	Brain	0.08943162
A0129	1.8880577565107648	0.3333333333333333	2.8672294224261425	0.75	0.0	0.0	3.937471384291558	1.0	0.560208247132014	0.25	1.3190403863073616	0.42857142857142855	0.5820792565533031	0.2	0.25017542966462597	0.2222222222222222	0.841913736134767	0.3	RA0452_Ovary	RA0452_Ovary	Ovary	Sex Organ	D005	RA0452	5.905743740795287e-08	-7.228725401660319	4010.0	Sex Organ	0.131286069
A0131_S58_L001	2.800247718971176	1.0	4.618442759558927	0.75	0.0	0.0	4.1315453007938725	1.0	0.8685323490469639	0.6875	1.4948359204874657	0.7142857142857143	0.7973355577890457	0.6	1.7572450023189163	0.6666666666666666	1.107980409316958	0.65	RA0452_LN-AX-R	RA0452_LN-AX-R	LN-AX-R	Lymph node	D005	RA0452	1.864e-06	-5.729554091982037	23300.0	Lymph node	0.03266032
A0132_S81_L002	2.9410656004946305	1.0	4.525728923803945	1.0	0.0	0.0	4.519315757789848	1.0	0.852171376456834	0.75	1.943903782327509	0.8571428571428571	1.1035259488227056	0.6	1.5376439618555697	0.5555555555555556	1.133668676944452	0.7	RA0452_LN-ING-L	RA0452_LN-ING-L	LN-ING-L	Lymph node	D005	RA0452	1.5376344086021506e-05	-4.813146911088873	57200.0	Lymph node	0.027238104
A0133_S4_L001	3.1852191437905923	0.6666666666666666	4.136604756226226	1.0	0.0	0.0	3.9565785690835806	1.0	0.7856946470696791	0.5	1.824075231171952	0.5714285714285714	1.4549410978591053	0.7	1.233870087288607	0.5555555555555556	1.0242135745641012	0.5	RA0452_LN-MES	RA0452_LN-MES	LN-MES	Lymph node	D005	RA0452	3.6555555555555554e-06	-5.43704661148935	32900.0	Lymph node	
A0134_S161_L002	2.7688536840455353	0.3333333333333333	4.519178324822395	0.75	0.19250372049556025	1.0	4.817167509563542	1.0	0.6866270839921336	0.5	1.6941195616472484	0.42857142857142855	1.0840878669520269	0.3	0.6699142956629908	0.6666666666666666	1.050268790199617	0.6	A0137	A0137	Lung	Lung	D005	A0137					0.11730402
A0135_S160_L002	2.6450288862480553	1.0	4.654206344792992	0.75	0.1523041352612776	0.5	4.243367768035482	1.0	0.7644561648029332	0.6875	1.68779295539396	0.2857142857142857	1.2350905428023309	0.4	0.682055029562525	0.4444444444444444	1.0511321221720227	0.7	RA0452_Skin-Rash	RA0452_Skin-Rash	Rash	Skin	D005	RA0452	5.650557620817844e-09	-8.247908692057635	15.2	Skin	0.20297323
A0136_S159_L002	2.9664082066972473	0.6666666666666666	4.578444590415215	0.75	0.37016532327053775	1.0	4.304981295380733	1.0	0.7059968459927934	0.5625	1.7582964822271963	0.2857142857142857	1.1116818972740452	0.4	0.659967481233483	0.4444444444444444	1.0323121386593619	0.65	RA0452_Skin-Non-Rash	RA0452_Skin-Non-Rash	Non-Rash	Skin	D005	RA0452	8.534031413612566e-08	-7.06884576284377	163.0	Skin	0.081061
A0137	2.90007096092292	0.6666666666666666	4.358886819306133	0.75	0.0	0.0	6.008133532186697	1.0	0.6563298360032708	0.1875	1.8461361092031017	0.42857142857142855	1.1984123963001956	0.3	1.1640820387675257	0.3333333333333333	1.1258772220212863	0.25	RA1790_Spleen	RA1790_Spleen	Spleen	Spleen	D007	RA1790	0.002982791586998088	-2.5253770905128126	156000.0	Spleen	0.190679312
A0139_S34_L001	2.3484629286647505	0.3333333333333333	4.052246017860482	0.75	0.0	0.0	4.311088276433921	1.0	0.5729092078760254	0.375	1.4532085240945087	0.42857142857142855	1.2934543576180246	0.5	0.915868470008139	0.3333333333333333	0.8894361939442126	0.4	RA1790_Kidney	RA1790_Kidney	Kidney	Kidney	D007	RA1790	5.989583333333334e-09	-8.222603388349938	345.0	Kidney	0.013359373
A0140_S33_L001	2.3555890843533787	0.3333333333333333	3.9121930896435915	0.75	0.0	0.0	4.236739999567151	1.0	0.5922674124279145	0.25	1.3304836633281336	0.2857142857142857	1.2638259174391306	0.2	0.758450859025362	0.2222222222222222	0.8974879298990466	0.3	RA1790_Adrenal	RA1790_Adrenal	Adrenal Gland	Adrenal Gland	D007	RA1790	0.0006376712328767123	-3.1954031748030944	93100.0	Adrenal Gland	0.0066427067
A0141_S111_L002	2.130005119148597	0.6666666666666666	4.541274176281879	1.0	0.0	0.0	4.3520775789438195	1.0	0.8323704083397923	0.6875	1.5414460866458408	0.2857142857142857	1.1173494288670756	0.5	0.8424158634456776	0.4444444444444444	1.101104084566216	0.65	RA1790_Brain-Wh	RA1790_Brain-Wh	Brain-Wh	Brain	D007	RA1790	1.1162790697674418e-08	-7.9522272182039995	384.0	Brain	0.09313939
A0142_S105_L002	2.4826662236006487	0.3333333333333333	4.215508165545248	0.75	0.0	0.0	2.3257045627367585	0.5	0.5596040972285808	0.25	1.8475343755815665	0.2857142857142857	0.5228759603879184	0.2	0.43294283335056366	0.2222222222222222	0.6802537340565405	0.25	RA1790_Brain-Gr	RA1790_Brain-Gr	Brain-Gr	Brain	D007	RA1790	8.219584569732937e-09	-8.08515013180689	5540.0	Brain	0.10028597
A0144	1.8749271984043283	0.3333333333333333	3.484203110923624	0.5	0.0	0.0	2.65507226358592	0.5	0.3724920513538511	0.125	0.6208652841512473	0.14285714285714285	0.653686456520762	0.1	0.7086918535223663	0.1111111111111111	0.5635008674416728	0.15	RA1790_Ovary	RA1790_Ovary	Ovary	Sex Organ	D007	RA1790	2.0488431876606686e-06	-5.688491279929595	79700.0	Sex Organ	0.052201167
A0145	2.6563182095130276	0.6666666666666666	4.773055718399088	1.0	0.0	0.0	3.8879798386905615	1.0	0.7773463861829006	0.5	1.8055190014531388	0.42857142857142855	0.8910751466208694	0.3	1.5280626476868902	0.5555555555555556	1.0106750928153765	0.5	RA1790_LN-AX-R	RA1790_LN-AX-R	LN-AX-R	Lymph node	D007	RA1790	0.0004360248447204969	-3.3604887639020444	351000.0	Lymph node	0.046763174
A0146_S80_L002	2.2338256622490253	1.0	4.036810624785889	1.0	0.0	0.0	4.1484737102737625	1.0	0.7028426529992865	0.625	1.3905844944908423	0.5714285714285714	0.9930896213745533	0.6	1.3537820555687896	0.5555555555555556	0.9771214934268055	0.6	RA1790_LN-ING-L	RA1790_LN-ING-L	LN-ING-L	Lymph node	D007	RA1790	0.00014163701067615659	-3.848823247831392	398000.0	Lymph node	0.01661884
A0147_S3_L001	2.47217157752593	0.3333333333333333	3.8670317111707635	1.0	0.09245648458676363	0.5	3.6636467827248875	1.0	0.7438457509171392	0.4375	1.8407454834039876	0.5714285714285714	1.2470964733029224	0.6	1.0231309079511821	0.6666666666666666	0.9706869274648764	0.5	RA1790_LN-MES	RA1790_LN-MES	LN-MES	Lymph node	D007	RA1790	0.00023360323886639675	-3.6315211401039345	577000.0	Lymph node	
A0148_S158_L002	2.3356818278044327	0.6666666666666666	4.541187392560227	1.0	0.0	0.0	4.9838369084987795	1.0	0.7666125752724487	0.75	1.712496379371704	0.2857142857142857	1.212111914403482	0.4	0.7787073786086709	0.5555555555555556	1.1116737510678367	0.7	RA1790_Skin-Rash	RA1790_Skin-Rash	Rash	Skin	D007	RA1790	3.990566037735849e-07	-6.398965497889728	423.0	Skin	0.17038535
A0149_S157_L002	2.448501606251667	0.3333333333333333	4.591843395806745	1.0	0.0	0.0	4.695701510351434	1.0	0.7848620010268179	0.5625	1.7338556971374852	0.42857142857142855	1.1885740003993992	0.4	0.7990464972074971	0.5555555555555556	1.0974597518565976	0.55	RA1790_Skin-Non-Rash	RA1790_Skin-Non-Rash	Non-Rash	Skin	D007	RA1790	2.908496732026144e-07	-6.536331419836667	445.0	Skin	0.19718105
A0150_S156_L002	2.4997318154080403	0.3333333333333333	4.515281230383932	0.75	0.0	0.0	4.16224134931124	1.0	0.6220110114067493	0.375	1.7927560132197777	0.42857142857142855	1.1075200159397987	0.4	0.6519990280310263	0.5555555555555556	0.9138329440565235	0.4	RA1818_Kidney	RA1818_Kidney	Kidney	Kidney	D006	RA1818	5.819935691318328e-08	-7.235081814157653	362.0	Kidney	0.07189152
A0153_S32_L001	2.3997059318580387	0.3333333333333333	4.090800985299319	0.75	0.0	0.0	4.791150916318294	1.0	0.5757267906044123	0.1875	1.4880122845376214	0.2857142857142857	1.2490739700780182	0.2	0.5996024669605412	0.2222222222222222	0.9396965241153593	0.25	RA1818_Liver-L	RA1818_Liver-L	Liver	Liver	D006	RA1818	0.0027850877192982454	-2.555161121708478	635000.0	Liver	0.053832475
A0154_S31_L001	2.5155400461622652	0.6666666666666666	4.1557727402462525	0.75	0.0	0.0	4.534077742254528	1.0	0.699690621706858	0.4375	1.4406599611523307	0.2857142857142857	1.2620556063500732	0.3	0.6374026623982331	0.2222222222222222	1.0131602715909391	0.45	RA1818_Brain-Gr	RA1818_Brain-Gr	Brain-Gr	Brain	D006	RA1818	4.0572390572390575e-09	-8.391769402406325	2410.0	Brain	0.03150608
A0156_S101_L002	2.2797322731372796	0.3333333333333333	4.280608876398232	0.75	0.0	0.0	2.9614532891366423	1.0	1.0406877411825206	0.5625	2.0044898044066732	0.5714285714285714	0.9929374338095979	0.5	0.7915561978717517	0.5555555555555556	1.1286955218596808	0.55	RA1818_Ovary	RA1818_Ovary	Ovary	Sex Organ	D006	RA1818	3.7995594713656388e-06	-5.420266753447811	34500.0	Sex Organ	0.092569165
A0157_S56_L001	2.002058525502939	0.3333333333333333	3.682218859550976	1.0	0.0	0.0	5.272501638464739	1.0	0.7158507628659234	0.25	1.520314322556471	0.2857142857142857	0.7958998969761503	0.2	0.44269610252880187	0.2222222222222222	1.0999307741392126	0.3	RA1818_LN-AX-R	RA1818_LN-AX-R	LN-AX-R	Lymph node	D006	RA1818	6.551724137931034e-05	-4.183644396946127	190000.0	Lymph node	0.139644461
A0160_S79_L002	2.3264504144243205	1.0	4.226473757034408	1.0	0.06843023465774618	0.5	3.7433850816756533	1.0	0.7524705816219084	0.75	1.6504906390778318	0.7142857142857143	0.9056087522233959	0.6	1.343811528977189	0.6666666666666666	0.9831579969308667	0.75	RA1818_LN-ING-L	RA1818_LN-ING-L	LN-ING-L	Lymph node	D006	RA1818	0.00011513513513513514	-3.938792124964276	213000.0	Lymph node	0.033762664
A0161_S2_L001	2.8212704703699063	0.3333333333333333	4.172441000323623	0.75	0.16466173990560615	0.5	3.9794249512645776	1.0	0.932531598461471	0.5	1.7941739806179444	0.42857142857142855	1.3508223916651017	0.5	1.2989844239856525	0.5555555555555556	1.1604339478861951	0.55	RA1818_LN-MES	RA1818_LN-MES	LN-MES	Lymph node	D006	RA1818	0.0001581132075471698	-3.8010318509705128	838000.0	Lymph node	
A0162_S155_L002	2.803151904318382	0.6666666666666666	4.774928865558755	1.0	0.0	0.0	4.952364390749846	1.0	0.8357005052997108	0.625	1.7249337249900982	0.2857142857142857	1.112092206692425	0.4	0.7117407849033667	0.4444444444444444	1.1637968433147532	0.6	RA1818_Sex-Organ	RA1818_Sex-Organ	Sex-Organ	Sex Organ	D006	RA1818	8.143939393939394e-06	-5.089165466954226	215.0	Sex Organ	0.17277205
A0163_S154_L002	2.516930635393733	0.3333333333333333	4.740781020928139	1.0	0.0	0.0	4.756695301378308	1.0	0.8104992523111589	0.625	1.6391030915090283	0.2857142857142857	1.025316555237063	0.5	0.5166292269844204	0.5555555555555556	1.1240689319867578	0.6	RA1849_Spleen	RA1849_Spleen	Spleen	Spleen	D004	RA1849	0.0002736196319018405	-3.5628527456918158	22300.0	Spleen	0.1877799
A0164_S153_L002	2.3302756897268453	1.0	4.08134214710212	0.75	0.0	0.0	3.9753684709396433	1.0	0.45135531154791225	0.375	1.5370538094635862	0.2857142857142857	0.8436993508813989	0.4	0.5887709704485791	0.3333333333333333	0.7586210963322941	0.4	A0171	A0171	Liver	Liver	D004	A0171					0.08635143
A0166_S117_L002	2.9808124010783303	0.3333333333333333	3.6887739731045874	0.75	0.0	0.0	3.848902908165787	1.0	0.5413164607489314	0.125	1.4518251460001632	0.2857142857142857	0.5849268833823467	0.1	0.3760331809059887	0.1111111111111111	0.8179434594157238	0.2	RA1849_Adrenal	RA1849_Adrenal	Adrenal Gland	Adrenal Gland	D004	RA1849	1.1079478054567023e-06	-5.955480698394649	93.4	Adrenal Gland	
A0169_S109_L002	2.138972582639782	1.0	4.784426042729561	1.0	0.0	0.0	5.316660294921652	1.0	0.7643222598578412	0.5625	1.6564189978673873	0.2857142857142857	1.0980913158837835	0.6	0.5474112776672386	0.4444444444444444	1.1431238373784383	0.55	RA1849_Brain-Wh	RA1849_Brain-Wh	Brain-Wh	Brain	D004	RA1849	2.5503355704697986e-11	-10.593402671795463	1.52	Brain	0.35730144
A0171	0.763821225702141	0.3333333333333333	1.771717488477165	0.75	0.0	0.0	2.6269233543304633	1.0	0.15064048849823383	0.1875	0.9016800026164308	0.2857142857142857	0.40993744148330596	0.2	0.10372467120554052	0.2222222222222222	0.38320472623163343	0.25	RA1849_Brain-Gr	RA1849_Brain-Gr	Brain-Gr	Brain	D004	RA1849	1.495145631067961e-11	-10.82531650386871	1.54	Brain	0.219909814
A0172	1.6592258747095776	0.3333333333333333	4.486014672034948	1.0	0.0	0.0	3.766649180880936	1.0	0.8590859909915936	0.625	1.2641746688203146	0.2857142857142857	1.06012145531461	0.4	1.401567742207076	0.4444444444444444	1.0639337108813685	0.6	RA1849_Ovary	RA1849_Ovary	Testis	Sex Organ	D004	RA1849	6.440129449838187e-11	-10.191105403015127	39.8	Sex Organ	0.024912903
A0173_S111_L002	2.4022010761369144	0.6666666666666666	4.676370583037758	0.75	0.18803434913639094	0.5	3.670758507796384	1.0	0.9336745301553705	0.625	1.4535526287912215	0.7142857142857143	0.7522453530158163	0.3	1.5566962965333129	0.4444444444444444	1.1328189098175738	0.65	RA1849_LN-AX-R	RA1849_LN-AX-R	LN-AX-R	Lymph node	D004	RA1849	3.2533333333333333e-08	-7.4876714370529704	122.0	Lymph node	0.021618873
A0174_S78_L002	2.416327921996563	1.0	4.287317694680007	1.0	0.0	0.0	3.9719354027336964	1.0	0.6746938916659425	0.6875	1.5899536518705573	0.8571428571428571	1.0245968922701547	0.7	1.7395657756558254	0.7777777777777778	0.9369486536061237	0.65	RA1849_LN-ING-L	RA1849_LN-ING-L	LN-ING-L	Lymph node	D004	RA1849	1.448e-07	-6.839231438138872	181.0	Lymph node	0.012251446
A0175_S1_L001	2.817560780742856	1.0	5.968216057101772	1.0	0.0	0.0	6.3510152766016725	1.0	1.6188029274912505	0.75	2.3601018632597857	0.7142857142857143	1.7642658988341562	0.6	1.0627993799991913	0.6666666666666666	1.9301438696531679	0.7	RA1849_LN-MES	RA1849_LN-MES	LN-MES	Lymph node	D004	RA1849	3.735294117647059e-08	-7.427675196086298	127.0	Lymph node	
A0176_S152_L002	2.838638248320089	0.6666666666666666	4.7672420869151635	0.75	0.09489576296653182	0.5	4.238442013578372	1.0	0.731470041074046	0.625	1.7987100660112156	0.42857142857142855	1.0673726086914714	0.6	0.6385094276892573	0.4444444444444444	1.0185098105137274	0.65	A0179	A0179	Lung	Lung	D004	A0179					0.12378505
A0177_S151_L002	2.4335353241458555	0.3333333333333333	4.767456012913829	1.0	0.0	0.0	4.654247548011641	1.0	0.8516502653559161	0.625	1.6225626471396102	0.2857142857142857	1.1237048283552036	0.6	0.6087699951385113	0.3333333333333333	1.1467449670858971	0.6	RA1849_Sex-Organ	RA1849_Sex-Organ	Sex-Organ	Sex Organ	D004	RA1849	4.660633484162896e-06	-5.331555048979938	2.06	Sex Organ	0.12634228
A0178_S150_L002	2.877314822224878	0.6666666666666666	4.598371619765431	0.75	0.0	0.0	4.133950005904868	1.0	0.9259901538892537	0.6875	1.683462967754787	0.2857142857142857	1.0779841271310593	0.4	0.5272423744064617	0.3333333333333333	1.1541871237018897	0.65	RA0917_Spleen	RA0917_Spleen	Spleen	Spleen	D006	RA0917	0.0015799522673031025	-2.8013560335265955	66200.0	Spleen	0.11980275
A0179	2.330296658794398	0.3333333333333333	4.443676598345265	0.75	0.0	0.0	6.449480147290071	1.0	0.5824356242899679	0.1875	2.3139363096160253	0.5714285714285714	1.160948411453026	0.2	1.3929819813979074	0.3333333333333333	1.1108965141609815	0.25	RA0917_Kidney	RA0917_Kidney	Kidney	Kidney	D006	RA0917	1.68e-08	-7.774690718274137	252.0	Kidney	0.11447904199999999
A0180_S116_L002	2.5671892987200033	0.3333333333333333	3.02639067756665	0.75	0.0	0.0	2.104249341037537	0.5	0.46970976255573416	0.1875	1.3676919009320812	0.5714285714285714	0.7805403147938048	0.3	0.7370807176401628	0.4444444444444444	0.586192744148341	0.2	RA0917_Liver-L	RA0917_Liver-L	Liver	Liver	D006	RA0917	0.0006089108910891089	-3.215446258007226	246000.0	Liver	
A0183_S108_L002	2.126836341131171	0.3333333333333333	4.283273713040952	0.75	0.0	0.0	3.6832881708412253	1.0	0.6771903837070189	0.375	1.3714447356110668	0.2857142857142857	0.8921488005394913	0.4	0.7464142208434863	0.4444444444444444	0.9100811240497375	0.4	RA0917_Brain-Gr	RA0917_Brain-Gr	Brain-Gr	Brain	D006	RA0917	1.1208459214501511e-09	-8.950454084160674	742.0	Brain	0.3143552
A0184_S99_L002	2.5793887052778905	0.3333333333333333	4.325777868723271	0.75	0.0	0.0	6.299563629518014	1.0	0.7992450405549032	0.3125	1.763912243247552	0.42857142857142855	0.7090629108996571	0.2	0.5396568590467686	0.3333333333333333	1.269352395395724	0.35	RA0917_Ovary	RA0917_Ovary	Testis	Sex Organ	D006	RA0917	1.6774193548387098e-05	-4.775358350199474	3120.0	Sex Organ	0.20948169
A0185_S54_L001	0.6313943665257734	0.3333333333333333	1.5480543617631775	0.75	0.0	0.0	1.9824498895387945	1.0	0.1305470543606178	0.1875	0.7720183535759757	0.2857142857142857	0.4545377652299587	0.2	0.0695703780427577	0.1111111111111111	0.30268263244237364	0.25	RA0917_LN-AX-R	RA0917_LN-AX-R	LN-AX-R	Lymph node	D006	RA0917	0.0030945558739255015	-2.5094016714722303	1080000.0	Lymph node	0.09362590100000001
A0188_S77_L002	2.3220771748362847	1.0	4.234978993585103	0.75	0.0	0.0	4.393224880937375	1.0	0.6087028865441766	0.4375	1.3789343762688422	0.7142857142857143	0.8869463166409393	0.5	1.5947021765842857	0.6666666666666666	0.9262847973290788	0.45	RA0917_LN-ING-L	RA0917_LN-ING-L	LN-ING-L	Lymph node	D006	RA0917	0.0004065989847715736	-3.3908337100773553	801000.0	Lymph node	0.013345328
A0189_S59_L001	2.6627167542606314	0.6666666666666666	5.810539022294931	1.0	0.46283312861046	0.5	6.2366644043423385	1.0	1.7120989184046662	0.8125	2.641223906677285	0.8571428571428571	1.8942751286049542	0.8	1.1829723643210326	0.7777777777777778	2.0396288880190125	0.8	RA0917_LN-MES	RA0917_LN-MES	LN-MES	Lymph node	D006	RA0917	0.0006593406593406593	-3.18089014193745	3000000.0	Lymph node	
A0190_S149_L002	2.193127593475741	0.6666666666666666	4.3586120350928015	0.75	0.0	0.0	6.366964245539485	1.0	0.7891341255540716	0.4375	1.4533167549517063	0.5714285714285714	0.9255054234185046	0.3	0.5773316421755718	0.3333333333333333	1.2680037249972058	0.45	RA1423_Spleen	RA1423_Spleen	Spleen	Spleen	D008	RA1423	0.006422764227642277	-2.1922780201489567	158000.0	Spleen	0.4519638
A0191_S148_L002	1.6826699385701478	0.3333333333333333	3.0560478598074616	0.75	0.0	0.0	2.4405196521382457	1.0	0.3456478090945337	0.25	1.0823620092410648	0.2857142857142857	0.5681800578019857	0.3	0.2883703449592072	0.2222222222222222	0.5205702124894516	0.3	RA1423_Kidney	RA1423_Kidney	Kidney	Kidney	D008	RA1423	4.4566473988439306e-08	-7.350991725077838	771.0	Kidney	0.2718791
A0192_S147_L002	1.982384661455887	0.6666666666666666	3.6281965803460308	0.75	0.0	0.0	3.160280853755547	1.0	0.5941544269290074	0.375	1.4093045788376914	0.2857142857142857	0.6558248620592381	0.3	0.5108622527276586	0.5555555555555556	0.7913516269187606	0.4	RA1423_Liver-L	RA1423_Liver-L	Liver	Liver	D008	RA1423	0.005500794912559619	-2.2595745466524924	346000.0	Liver	0.25731778
A0197_S107_L002	2.192397080396646	0.3333333333333333	3.847600873865263	0.75	0.0	0.0	3.468011589247851	1.0	0.42715837115820604	0.1875	1.0548899027451664	0.2857142857142857	0.7135306240055632	0.3	0.6106039094005242	0.2222222222222222	0.68852785585135	0.25	RA1423_Brain-Wh	RA1423_Brain-Wh	Brain-Wh	Brain	D008	RA1423	9.074315514993481e-08	-7.042186124338419	6960.0	Brain	0.35552204
A0198_S98_L002	2.6233813470061507	0.3333333333333333	4.426114997292061	0.75	0.0	0.0	2.5074155383248415	1.0	0.7651637611700455	0.25	2.0325787563315045	0.42857142857142855	0.6957096253650537	0.3	0.6479286712324286	0.2222222222222222	0.8628725627685206	0.3	RA1423_Brain-Gr	RA1423_Brain-Gr	Brain-Gr	Brain	D008	RA1423	7.849829351535836e-08	-7.105139784336517	23000.0	Brain	0.26625466
A0199_S53_L001	1.2897287698370836	0.3333333333333333	1.127359484342913	0.75	0.0	0.0	0.5933213584621231	0.5	0.10612610866082382	0.125	0.2845701842252536	0.14285714285714285	0.11866427169242462	0.1	0.0	0.0	0.14423302277487138	0.15	RA1423_LN-AX-R	RA1423_LN-AX-R	LN-AX-R	Lymph node	D008	RA1423	0.00017517241379310346	-3.7565342856150368	1270000.0	Lymph node	0.21855123699999998
A0201_S109_L002	2.8761635406775796	0.6666666666666666	4.813503215494212	0.75	0.12180013691746212	0.5	3.5253922931901904	1.0	0.8466303683828048	0.5625	1.4286922947642506	0.5714285714285714	0.8716883159872661	0.6	1.6618079061027617	0.6666666666666666	1.0420235377170093	0.6	RA1423_LN-ING-L	RA1423_LN-ING-L	LN-ING-L	Lymph node	D008	RA1423	7.485549132947977e-05	-4.125776334711524	25900.0	Lymph node	0.0741486
A0202_S76_L002	2.423993829697642	0.6666666666666666	4.387231130482161	0.75	0.0	0.0	4.288277481537753	1.0	0.6536359468994487	0.4375	1.8067017572609534	0.7142857142857143	1.0409850376416498	0.5	1.583386398985846	0.5555555555555556	0.9517365056733341	0.45	RA1423_LN-MES	RA1423_LN-MES	LN-MES	Lymph node	D008	RA1423	0.0001307017543859649	-3.8837185829241987	298000.0	Lymph node	0.029575853
A0204_S146_L002	2.821428034585651	0.6666666666666666	4.599264914700436	1.0	0.0	0.0	4.154108621770635	1.0	0.6778064973118889	0.5625	1.6940672847112854	0.42857142857142855	1.320199934265018	0.6	0.5505403778594177	0.4444444444444444	0.9576560600265746	0.55	RA1639_Spleen	RA1639_Spleen	Spleen	Spleen	D005	RA1639	0.008424242424242424	-2.0744691439598113	278000.0	Spleen	0.096740566
A0205_S145_L002	2.350373948717745	0.3333333333333333	4.656089401337699	1.0	0.0	0.0	4.316417897152049	1.0	0.7563288606525091	0.5	1.682140139682309	0.2857142857142857	1.3301296412755892	0.5	0.7455364430468165	0.5555555555555556	1.0367048782372124	0.5	RA1639_Kidney	RA1639_Kidney	Kidney	Kidney	D005	RA1639	3.5758513931888546e-08	-7.446620538102939	231.0	Kidney	0.12569281
A0206_S144_L002	2.7180774729660553	0.3333333333333333	3.703565245981271	0.75	0.0	0.0	2.6828282518534414	1.0	0.7107465683784702	0.25	1.3282282700546761	0.42857142857142855	0.4772865462865781	0.3	0.5149965351156042	0.4444444444444444	0.8368800798881203	0.3	RA1639_Liver-L	RA1639_Liver-L	Liver	Liver	D005	RA1639	0.00793002915451895	-2.1007252160085716	2720000.0	Liver	0.39521217
A0211_S106_L002	2.1213156047285433	0.6666666666666666	4.614733979152746	1.0	0.08749329052402775	0.5	4.732428423692414	1.0	0.7895659340883301	0.5625	1.554089095297267	0.42857142857142855	1.0504265519143798	0.5	0.772872933165548	0.4444444444444444	1.1136449186923083	0.6	RA1639_Brain-Wh	RA1639_Brain-Wh	Brain-Wh	Brain	D005	RA1639	1.9784946236559138e-11	-10.703665125544399	0.736	Brain	0.25919223
A0212_S97_L002	2.4755947826923683	0.3333333333333333	3.9627074075938933	0.75	0.0	0.0	2.9879156802220974	1.0	0.6751770122672552	0.1875	1.5684782725976043	0.2857142857142857	0.826334444180592	0.4	0.3750021040901717	0.2222222222222222	0.838933177836014	0.25	RA1639_Brain-Gr	RA1639_Brain-Gr	Brain-Gr	Brain	D005	RA1639	5.6e-09	-8.2518119729938	1260.0	Brain	0.30107477
A0213_S52_L001	1.3912466725511898	0.3333333333333333	2.4118380648944524	0.75	0.0	0.0	2.803862850503119	1.0	0.36281808645591185	0.125	1.0275450978169747	0.2857142857142857	0.7674053469456953	0.2	0.1276730874544988	0.1111111111111111	0.5706407542150413	0.2	RA1639_LN-AX-R	RA1639_LN-AX-R	LN-AX-R	Lymph node	D005	RA1639	3.263565891472868e-05	-4.4863076144635805	8420.0	Lymph node	0.38051377100000006
A0215_S108_L002	2.3767996070656143	0.6666666666666666	4.244126362017022	1.0	0.0	0.0	3.848810582512943	1.0	0.8430020240103548	0.6875	1.277809796176422	0.7142857142857143	0.8985723656408029	0.6	1.6915971698213372	0.8888888888888888	1.0592826774595783	0.65	RA1639_LN-ING-L	RA1639_LN-ING-L	LN-ING-L	Lymph node	D005	RA1639	1.4984615384615384e-05	-4.82435439976424	9740.0	Lymph node	0.023227056
A0216_S75_L002	2.458195256228946	1.0	4.0876209471010565	1.0	0.0	0.0	4.212813057378346	1.0	0.8273801176634801	0.5	1.4997159115204768	0.7142857142857143	0.9726803233243952	0.5	1.3804406561094487	0.5555555555555556	1.0831853998686187	0.5	RA1639_LN-MES	RA1639_LN-MES	LN-MES	Lymph node	D005	RA1639	1.84e-06	-5.735182176990463	2760.0	Lymph node	0.015887503
A0218_S143_L002	2.474797700764301	1.0	4.366403215291722	0.75	0.0	0.0	4.4535413344970465	1.0	0.6770708445466993	0.5625	1.616342855891127	0.2857142857142857	1.1822377960385215	0.5	0.9655514986642125	0.5555555555555556	0.9870108090870641	0.55	A0221_A	A0221_A	Lung	Lung	D005	A0221					0.17858803
A0219_S142_L002	2.5457477445007664	0.3333333333333333	4.482516124883311	1.0	0.0	0.0	4.823276204161879	1.0	0.7686723455486889	0.6875	1.6326426891814	0.2857142857142857	1.1827489344305804	0.5	0.9025527757848228	0.5555555555555556	1.097265496855139	0.65	RA1639_Skin-Non-Rash	RA1639_Skin-Non-Rash	Non-Rash	Skin	D005	RA1639	5.25925925925926e-05	-4.279075419775931	49.7	Skin	0.18604475
A0220_S141_L002	2.390126178602398	0.3333333333333333	4.239511149308868	0.75	0.0	0.0	3.7409933904738084	1.0	0.6753459909927539	0.375	1.3924799547339377	0.2857142857142857	0.9836623104774123	0.4	0.6366102877974875	0.3333333333333333	0.9143761318415841	0.4	RA1325_Spleen	RA1325_Spleen	Spleen	Spleen	D006	RA1325	0.0007609699769053118	-3.1186324774233367	65900.0	Spleen	0.16501676
A0221_A	2.398640423696707	0.3333333333333333	2.450970896863202	0.5	0.0	0.0	3.8814759869090647	1.0	0.6439622204348107	0.1875	1.9647417580482294	0.5714285714285714	1.664656665986206	0.4	0.6130503278550402	0.1111111111111111	0.9033173750387551	0.25	RA1325_Kidney	RA1325_Kidney	Kidney	Kidney	D006	RA1325	3.3810888252149e-09	-8.470943419653054	118.0	Kidney	0.23905196469999998
A0224_S27_L001	1.8679633624851766	0.3333333333333333	3.8505561931798713	1.0	0.0	0.0	4.934257718385139	1.0	0.5129938564819322	0.1875	1.3855404767374995	0.2857142857142857	1.3678840382270654	0.4	0.817759374877595	0.3333333333333333	0.9038208570240597	0.25	RA1325_Liver-L	RA1325_Liver-L	Liver	Liver	D006	RA1325	0.00026859504132231406	-3.570902009337576	130000.0	Liver	0.027334277
A0225_S24_L001	2.5587461104058846	0.6666666666666666	4.722997901654154	1.0	0.0	0.0	4.605965904079809	1.0	0.7683326979041143	0.5	1.6434918550583124	0.2857142857142857	1.0833952143528074	0.5	0.6415260399597049	0.3333333333333333	1.0752627487312725	0.5	RA1325_Brain-Wh	RA1325_Brain-Wh	Brain-Wh	Brain	D006	RA1325	2.628205128205128e-10	-9.580340741634727	16.4	Brain	0.26767924
A0226_S96_L002	2.686006057548758	0.3333333333333333	4.068323771872063	0.75	0.0	0.0	2.1958758817798443	1.0	0.7409475263173871	0.375	1.7294413857477307	0.2857142857142857	0.6358540588118747	0.5	0.4864726214627265	0.3333333333333333	0.8123456092318941	0.4	RA1325_Brain-Gr	RA1325_Brain-Gr	Brain-Gr	Brain	D006	RA1325	1.720226843100189e-10	-9.764414279714092	91.0	Brain	0.13282676
A0227_S51_L001	1.4616902161294176	0.3333333333333333	2.4482737094863674	0.75	0.0	0.0	3.693374939433412	1.0	0.3905443472174844	0.1875	1.2165636450827362	0.2857142857142857	0.5537827084471851	0.2	0.2609511705068394	0.3333333333333333	0.6817729717173286	0.25	RA1325_LN-AX-R	RA1325_LN-AX-R	LN-AX-R	Lymph node	D006	RA1325	0.009736842105263158	-2.011581872549815	111000.0	Lymph node	0.1274171555
A0229_S107_L002	2.8041472330441644	0.6666666666666666	4.484793185156137	1.0	0.0	0.0	3.674958703767455	1.0	0.738366743406741	0.4375	1.4139889285777942	0.7142857142857143	0.9153175717443014	0.6	1.5366692306714453	0.6666666666666666	0.9581892651021384	0.45	RA1325_LN-ING-L	RA1325_LN-ING-L	LN-ING-L	Lymph node	D006	RA1325	0.004409090909090909	-2.3556509465559614	77600.0	Lymph node	0.04333386
A0230_S74_L002	2.758877772920327	0.6666666666666666	4.0511748522019	1.0	0.0	0.0	3.914372878310017	1.0	0.8282599122048268	0.5	1.5815377074311148	0.5714285714285714	1.0415840281961952	0.6	1.4873237586094925	0.5555555555555556	1.0540452175948631	0.5	RA1325_LN-MES	RA1325_LN-MES	LN-MES	Lymph node	D006	RA1325	0.00015948275862068967	-3.797286260823905	185000.0	Lymph node	0.026008105
A0232_S138_L002	2.5684864675074355	0.6666666666666666	4.856108822618459	1.0	0.07713594096377348	0.5	4.894820265463416	1.0	0.8428016279583597	0.625	1.7802350258168163	0.2857142857142857	1.2170303648480423	0.6	0.85030695090973	0.4444444444444444	1.1714369230094066	0.65	A0235	A0235	Lung	Lung	D006	A0235					0.18693277
A0233_S137_L002	2.9088683221355005	0.6666666666666666	4.79134826184881	1.0	0.09379777973055477	0.5	4.679909517632515	1.0	0.8979048360480574	0.625	1.67869892076028	0.2857142857142857	1.2268233733818434	0.4	0.750492509594506	0.5555555555555556	1.1956945985747527	0.65	RA1325_Skin-Non-Rash	RA1325_Skin-Non-Rash	Non-Rash	Skin	D006	RA1325	3.3517089305402426e-05	-4.474733703451341	30.4	Skin	0.17932995
A0234_S136_L002	2.479479134628919	0.6666666666666666	4.422750749042197	0.75	0.0	0.0	4.347514947345749	1.0	0.6601010365148341	0.625	1.7230508078284525	0.2857142857142857	0.9643581899895681	0.5	0.7102949757362612	0.5555555555555556	0.9628323239464421	0.6	RA1856_Spleen	RA1856_Spleen	Spleen	Spleen	D000	RA1856	1.1776315789473684e-08	-7.928990556964879	1.79	Spleen	0.09140231
A0235	2.702526340065839	0.3333333333333333	4.042581915397511	0.75	0.0	0.0	4.155293047355169	1.0	0.526769354736691	0.125	1.0520468692288376	0.2857142857142857	1.2851863543917996	0.3	0.8161300321052581	0.2222222222222222	0.8369447885248696	0.2	RA1856_Kidney	RA1856_Kidney	Kidney	Kidney	D000	RA1856				Kidney	0.21242405
A0238_S25_L001	2.4368993445493907	0.3333333333333333	4.009339106101255	1.0	0.10430934640272213	0.5	4.0864366441613065	1.0	0.5654481139384226	0.3125	1.6330589938726752	0.8571428571428571	1.3120211946977505	0.5	0.8604208472680088	0.3333333333333333	0.8714330902071408	0.4	RA1856_Adrenal	RA1856_Adrenal	Adrenal Gland	Adrenal Gland	D000	RA1856				Adrenal Gland	0.026022479
A0239_S23_L001	2.3520828451785345	0.3333333333333333	4.783324255459196	0.75	0.09878530380288852	0.5	4.681306474085001	1.0	0.9000071597894548	0.5	1.7725465149449562	0.42857142857142855	1.1446582545732782	0.5	0.715121885981337	0.5555555555555556	1.1980149056203528	0.55	RA1856_Brain-Wh	RA1856_Brain-Wh	Brain-Wh	Brain	D000	RA1856	5.47112462006079e-13	-12.0	0.018	Brain	0.048704486
A0240_S95_L002	2.8384074736350158	0.3333333333333333	4.338594737200955	1.0	0.0	0.0	2.1970994833402444	1.0	0.6075959131886849	0.25	1.6383098886333778	0.42857142857142855	0.6848289005020681	0.4	0.6361673880868195	0.3333333333333333	0.7057866788849723	0.3	RA1856_Brain-Gr	RA1856_Brain-Gr	Brain-Gr	Brain	D000	RA1856	4.56637168141593e-12	-11.340428741856208	0.258	Brain	0.011635107
A0242	2.40137934715213	0.6666666666666666	2.415011957778748	0.5	0.0	0.0	1.6996806012843653	0.5	0.3579018192424206	0.125	0.22016528582937833	0.14285714285714285	0.745329473931485	0.2	0.8905363208623345	0.2222222222222222	0.456289515522373	0.15	RA1856_LN-AX-R	RA1856_LN-AX-R	LN-AX-R	Lymph node	D000	RA1856	2.6923076923076922e-11	-10.569875307956561	0.014	Lymph node	0.0020294995
A0243_S106_L002	2.048602180301311	0.6666666666666666	4.2464903498456135	0.75	0.0	0.0	3.2863047902096163	1.0	0.6086851076915927	0.4375	1.2394329777267157	0.5714285714285714	0.8326367322513241	0.5	1.568349703116266	0.6666666666666666	0.8155785651742358	0.45	RA1856_LN-ING-L	RA1856_LN-ING-L	LN-ING-L	Lymph node	D000	RA1856	1.2290076335877864e-09	-8.910445419623915	0.805	Lymph node	0.020450614
A0244_S73_L002	2.2177698887800106	1.0	4.01036301964735	0.75	0.0	0.0	3.6715021987276897	1.0	0.6555747011028873	0.5	1.7204837992068245	0.8571428571428571	0.8304984013340271	0.6	1.4557806666927335	0.4444444444444444	0.8916099807550788	0.5	RA1856_LN-MES	RA1856_LN-MES	LN-MES	Lymph node	D000	RA1856	6.291079812206573e-09	-8.20127480507393	1.34	Lymph node	0.017862737
A0246_S135_L002	2.0025934455009873	0.3333333333333333	4.831849095409379	1.0	0.0	0.0	4.972914974465722	1.0	0.8876366358335448	0.5	1.752024768383091	0.42857142857142855	1.2172558765839985	0.5	0.9488489854455087	0.3333333333333333	1.207400806113408	0.5	RA1856_Skin-Non-Rash	RA1856_Skin-Non-Rash	Non-Rash	Skin	D000	RA1856	2.7770360480640854e-06	-5.556418482736705	2.08	Skin	0.11140745
A0247_S134_L002	2.585676062034638	0.6666666666666666	4.865511817304347	1.0	0.0	0.0	5.05165325983886	1.0	0.8608273629750232	0.6875	1.7781814746293403	0.42857142857142855	1.1442395869494912	0.4	0.7629797264032212	0.6666666666666666	1.1938272163639043	0.65	RA1082_Spleen	RA1082_Spleen	Spleen	Spleen	D000	RA1082	4.853479853479853e-08	-7.31394676876793	2.65	Spleen	0.13573864
A0248_S133_L002	1.8576045837920605	0.3333333333333333	2.5078203991410932	0.75	0.0	0.0	2.5613478881169502	1.0	0.2744694782289446	0.25	0.6823495589894494	0.2857142857142857	0.4126152718540691	0.2	0.0	0.0	0.47571037139485073	0.3	RA1082_Kidney	RA1082_Kidney	Kidney	Kidney	D000	RA1082				Kidney	0.10653453
A0252_S24_L001	2.4885970377790283	0.6666666666666666	3.620115629392974	0.75	0.0	0.0	4.201654319238289	1.0	0.6187251576948429	0.25	1.469342671838063	0.42857142857142855	1.0726211782711443	0.4	0.9183670905801198	0.2222222222222222	0.9151455580797032	0.3	A0256	A0256	Adrenal Gland	Adrenal Gland	D000	A0256					0.015522534
A0253_S22_L001	2.2799738265276406	0.3333333333333333	4.864960951676073	0.75	0.0	0.0	4.683052595979222	1.0	0.8230851347059165	0.625	1.734931698886059	0.2857142857142857	1.1194799059381022	0.4	0.8917052386282326	0.6666666666666666	1.1267733673626554	0.6	RA1082_Brain-Gr	RA1082_Brain-Gr	Brain-Gr	Brain	D000	RA1082				Brain	0.07251818
A0254_S93_L002	2.9093057039874517	0.6666666666666666	3.8134601616211397	0.75	0.0	0.0	2.1328715335055337	1.0	0.5971529669165346	0.3125	1.567775728701965	0.5714285714285714	0.6250191984427009	0.4	0.5168159191822537	0.3333333333333333	0.6910095268837811	0.35	RA1082_Ovary	RA1082_Ovary	Ovary	Sex Organ	D000	RA1082	2.2634408602150536e-09	-8.645230848382248	4.21	Sex Organ	0.0050266106
A0256	0.0	0.0	0.0	0.0	0.0	0.0	0.0	0.0	0.5164312457979852	0.0625	1.3742048120522585	0.14285714285714285	0.0	0.0	0.0	0.0	0.4131449966383881	0.05	RA1082_LN-AX-R	RA1082_LN-AX-R	LN-AX-R	Lymph node	D000	RA1082	1.8313953488372092e-07	-6.737217893117949	1.26	Lymph node	0.00026881142
A0258_S72_L002	2.321582774203429	0.6666666666666666	4.185965728308824	1.0	0.0	0.0	4.106206643513392	1.0	0.7249697871870379	0.625	1.7845703982881764	0.8571428571428571	1.005853540707463	0.6	1.656003781213835	0.6666666666666666	0.9905964941009696	0.6	RA1082_LN-ING-L	RA1082_LN-ING-L	LN-ING-L	Lymph node	D000	RA1082	1.5562248995983936e-08	-7.807927640253407	1.55	Lymph node	0.017285958
A0259_S50_L001	2.81364497390291	0.6666666666666666	4.116023188082621	1.0	0.0	0.0	3.5389309033489846	1.0	0.7646184083609076	0.5625	1.690688493360225	0.5714285714285714	1.3229634733656845	0.6	1.1326145509244263	0.5555555555555556	0.9655878170236244	0.55	RA1082_LN-MES	RA1082_LN-MES	LN-MES	Lymph node	D000	RA1082				Lymph node	
A0259_S50_L001	2.81364497390291	0.6666666666666666	4.116023188082621	1.0	0.0	0.0	3.5389309033489846	1.0	0.7646184083609076	0.5625	1.690688493360225	0.5714285714285714	1.3229634733656845	0.6	1.1326145509244263	0.5555555555555556	0.9655878170236244	0.55	RA1082_LN-MES	RA1082_LN-MES	LN-MES	Lymph node	D000	RA1082				Lymph node	
A0259_S50_L001	2.81364497390291	0.6666666666666666	4.116023188082621	1.0	0.0	0.0	3.5389309033489846	1.0	0.7646184083609076	0.5625	1.690688493360225	0.5714285714285714	1.3229634733656845	0.6	1.1326145509244263	0.5555555555555556	0.9655878170236244	0.55	RA1082_LN-MES	RA1082_LN-MES	LN-MES	Lymph node	D000	RA1082	1.9723320158102766e-08	-7.705019975552428	0.998	Lymph node	
A0259_S50_L001	2.81364497390291	0.6666666666666666	4.116023188082621	1.0	0.0	0.0	3.5389309033489846	1.0	0.7646184083609076	0.5625	1.690688493360225	0.5714285714285714	1.3229634733656845	0.6	1.1326145509244263	0.5555555555555556	0.9655878170236244	0.55	RA1082_LN-MES	RA1082_LN-MES	LN-MES	Lymph node	D000	RA1082	1.9723320158102766e-08	-7.705019975552428	0.998	Lymph node	
A0260_S132_L002	2.262701533812698	0.6666666666666666	4.947390087003478	1.0	0.0	0.0	5.617063324614387	1.0	1.0509932788190728	0.8125	1.8109030031436812	0.42857142857142855	1.2448292871021316	0.4	0.9869687931764712	0.5555555555555556	1.4025009555166967	0.75	RA1082_Sex-Organ	RA1082_Sex-Organ	Sex-Organ	Sex Organ	D000	RA1082	1.4623115577889447e-08	-7.8349600874237995	2.91	Sex Organ	0.12904905
A0261_S131_L002	2.584381715953771	0.6666666666666666	4.591320329749167	1.0	0.34207771193173725	1.0	6.6776345392235195	1.0	0.987490747395167	0.6875	1.9999196964355352	0.5714285714285714	1.1674223391513578	0.4	0.8772151907499127	0.4444444444444444	1.4919638230316594	0.75	RA1082_Skin-Rash	RA1082_Skin-Rash	Rash	Skin	D000	RA1082	2.687687687687688e-06	-5.570621198190408	1.79	Skin	0.20129037
A0262_S130_L002	2.4009548433879977	0.3333333333333333	4.744342026138364	0.75	0.0	0.0	6.971294427544537	1.0	0.8973226293756628	0.5	1.9111349504985038	0.7142857142857143	1.2696363150259098	0.4	0.8400425669482616	0.5555555555555556	1.4149875462549841	0.5	RA1082_Skin-Non-Rash	RA1082_Skin-Non-Rash	Non-Rash	Skin	D000	RA1082	1.066350710900474e-06	-5.97209993718633	2.25	Skin	0.17299752
A0264_S49_L001	2.5275078891042124	0.3333333333333333	4.239078671936345	0.75	0.0	0.0	2.8118238811392406	0.5	0.6328794396682129	0.1875	1.5591486416344367	0.2857142857142857	1.011158775958473	0.2	0.7509190289247146	0.3333333333333333	0.7874859398484946	0.2	RA1074_Spleen	RA1074_Spleen	Spleen	Spleen	D000	RA1074	0.016185897435897437	-1.7908632158997815	101000.0	Spleen	
A0265_S23_L001	2.129186485642854	0.3333333333333333	3.716714799932047	0.75	0.0	0.0	4.59461451746268	1.0	0.6051510876922972	0.3125	1.547160026187931	0.42857142857142855	1.1836792519911215	0.4	0.8508624459993305	0.3333333333333333	0.9435823219001058	0.35	RA1074_Kidney	RA1074_Kidney	Kidney	Kidney	D000	RA1074	1.5121951219512196e-07	-6.820392167221482	62000.0	Kidney	0.021297527
A0266_S22_L001	2.372728316254722	0.6666666666666666	3.7934785143624703	0.75	0.23513163167388554	0.5	4.963733824843202	1.0	0.6090923846786329	0.1875	1.631157967745576	0.42857142857142855	1.1414451088511772	0.3	0.866447982216705	0.2222222222222222	1.0071604533946152	0.3	RA1074_Adrenal	RA1074_Adrenal	Adrenal Gland	Adrenal Gland	D000	RA1074	0.0008129496402877698	-3.0899363567706755	113000.0	Adrenal Gland	0.03221649
A0267_S11_L001	2.1314890041536523	1.0	4.703459249907645	1.0	0.15559794515516057	1.0	4.729147425664475	1.0	0.6641580364936079	0.625	1.6646327973687314	0.5714285714285714	1.0256654515303754	0.5	0.9287271939597631	0.4444444444444444	1.0198009662768501	0.7	RA1074_Brain-Gr	RA1074_Brain-Gr	Brain-Gr	Brain	D000	RA1074			1680.0	Brain	0.058743283
A0268_S92_L002	2.4699259743255073	0.6666666666666666	4.28435999207957	1.0	0.0783408900603996	0.5	5.183061851382351	1.0	0.7333498160502891	0.5625	1.5993628284291201	0.5714285714285714	0.8178098551014982	0.5	0.7011834360365177	0.5555555555555556	1.1128201269845062	0.6	RA1074_LN-AX-R	RA1074_LN-AX-R	LN-AX-R	Lymph node	D000	RA1074	0.8630952380952381	-0.06394127949088795	14500.0	Lymph node	0.017785734
A0270	2.295857734429746	1.0	4.343258115866078	0.75	0.0	0.0	3.1701457155912025	0.5	1.0154415777356947	0.5625	1.290816477631198	0.2857142857142857	1.165077185628829	0.4	1.7653442863335698	0.6666666666666666	1.129367833747676	0.5	RA1074_LN-ING-L	RA1074_LN-ING-L	LN-ING-L	Lymph node	D000	RA1074	1.8294573643410854e-05	-4.7376777073291425	23600.0	Lymph node	0.008084934
A0272_S71_L002	2.7153567377510863	0.6666666666666666	4.3530905869431935	1.0	0.10658339570916522	0.5	3.92618222653717	1.0	0.7913072944386776	0.5625	1.9625829929146046	0.8571428571428571	1.1367509226023702	0.6	1.4542170238502872	0.5555555555555556	1.0363223977755758	0.6	RA1074_LN-MES	RA1074_LN-MES	LN-MES	Lymph node	D000	RA1074	0.0004716049382716049	-3.326421655966941	19100.0	Lymph node	0.017425368
A0274_S129_L002	3.1826327210462773	0.6666666666666666	4.758899422965897	1.0	0.23950256663378622	1.0	6.179923461827389	1.0	0.8044628615749203	0.625	1.8219183019746352	0.2857142857142857	1.1164830383293558	0.6	0.6110970214075284	0.4444444444444444	1.2855128921060537	0.7	RA1074_Sex-Organ	RA1074_Sex-Organ	Sex-Organ	Sex Organ	D000	RA1074	4.916030534351145e-05	-4.308385428295952	3220.0	Sex Organ	0.086698785
A0275_S128_L002	2.935532205137284	0.6666666666666666	4.911719412682246	1.0	0.2448309252268698	0.5	5.455540756477477	1.0	0.9038322977064899	0.625	1.8458637452693343	0.42857142857142855	1.2272241974476505	0.4	0.6791390460766767	0.3333333333333333	1.2931030063356266	0.65	RA1074_Skin-Rash	RA1074_Skin-Rash	Rash	Skin	D000	RA1074	0.00043343653250773993	-3.363074486652865	140.0	Skin	0.08996877
A0276_S127_L002	2.8145760315956707	0.6666666666666666	4.635601166833639	0.75	0.13892579088929044	0.5	5.447583877886078	1.0	0.7600998086058613	0.5625	1.8737977992206538	0.5714285714285714	1.1334202759379401	0.4	0.6186587674015301	0.5555555555555556	1.166730813762226	0.6	RA1074_Skin-Non-Rash	RA1074_Skin-Non-Rash	Non-Rash	Skin	D000	RA1074	0.00011643518518518517	-3.9339157617589846	50.3	Skin	0.041515574
A0278_S104_L002	2.5167061713688876	0.6666666666666666	4.08686059695278	1.0	0.15325236390966587	0.5	5.898944315221026	1.0	1.1989099033279953	0.5	1.9343115071582935	0.42857142857142855	1.2023659967930111	0.5	0.8789761866599161	0.5555555555555556	1.5643475905754654	0.55	RA1819_Spleen	RA1819_Spleen	Spleen	Spleen	D006	RA1819	4.6579330422125185e-08	-7.331806758739645	3.2	Spleen	
A0279_S21_L001	2.0104421307059073	0.3333333333333333	4.026165412838866	0.75	0.0	0.0	6.013604835983753	1.0	0.6456808797752187	0.25	0.9869553716485031	0.2857142857142857	0.9292295347378031	0.2	0.7533236912046593	0.2222222222222222	1.1179051874185504	0.3	RA1819_Kidney	RA1819_Kidney	Kidney	Kidney	D006	RA1819	3.6754385964912283e-09	-8.434690828370178	4.19	Kidney	0.016935924
A0280_S20_L001	1.8544576722944885	0.3333333333333333	3.779604251541156	0.75	0.18956937032245158	0.5	4.643861279505559	1.0	0.5377146660658395	0.3125	1.3419942045342184	0.42857142857142855	1.072283980254431	0.3	0.9120091410798127	0.2222222222222222	0.9135147978354727	0.4	A0283	A0283	Liver	Liver	D006	A0283					0.01877785
A0281_S10_L001	2.516882406474212	0.6666666666666666	4.767616102144821	0.75	0.0	0.0	4.565609963976558	1.0	0.8834573730098663	0.4375	1.2194267245113655	0.2857142857142857	1.019182452340925	0.4	0.6494164919581331	0.2222222222222222	1.1633268948055489	0.45	RA1819_Adrenal	RA1819_Adrenal	Adrenal Gland	Adrenal Gland	D006	RA1819	1.5131578947368422e-09	-8.82011575192718	0.23	Adrenal Gland	0.2151084
A0282_S91_L002	2.502623485878384	0.6666666666666666	4.332970120099678	0.75	0.07317238591314765	0.5	3.2004950392983638	1.0	0.9146387046592228	0.5625	1.9344582752481951	0.42857142857142855	0.9492487505190222	0.6	0.6454573959152723	0.4444444444444444	1.0590777062485295	0.6	RA1819_Brain-Gr	RA1819_Brain-Gr	Brain-Gr	Brain	D006	RA1819	1.9329608938547484e-12	-11.713776932187116	0.346	Brain	0.17492266
A0283	1.952082659847435	0.3333333333333333	2.7306017926158574	0.75	0.0	0.0	4.126205618275546	1.0	0.6011696811953862	0.4375	1.1971124171530452	0.2857142857142857	0.6351590718799366	0.3	0.2779377966869363	0.2222222222222222	0.8935563067838634	0.45	RA1819_Ovary	RA1819_Ovary	Ovary	Sex Organ	D006	RA1819	1.1715210355987054e-06	-5.931249908891669	3.62	Sex Organ	0.11004012165
A0284	1.7201735803471632	0.3333333333333333	5.020155550555518	0.75	0.0	0.0	4.316457873924217	1.0	1.0851451993091346	0.5	1.5104185815330788	0.5714285714285714	0.9139500710390912	0.3	0.9964365557827762	0.5555555555555556	1.2997619468397295	0.5	RA1819_LN-AX-R	RA1819_LN-AX-R	LN-AX-R	Lymph node	D006	RA1819	1.0241935483870967e-09	-8.989617964206278	1.27	Lymph node	0.029165898
A0286_S70_L002	2.3059294293163215	1.0	4.173298849866929	0.75	0.0	0.0	4.543037507850195	1.0	0.7833412958935319	0.5625	1.5490031391741188	0.7142857142857143	0.9293326150859302	0.6	1.446054147290233	0.5555555555555556	1.080976787499845	0.55	RA1819_LN-ING-L	RA1819_LN-ING-L	LN-ING-L	Lymph node	D006	RA1819	7.658730158730159e-10	-9.11584323177377	1.93	Lymph node	0.02268745
A0287_S103_L002	2.493576374054132	0.6666666666666666	4.389236247875093	0.75	0.22223950479589386	0.5	4.103726450708742	1.0	0.8737546250106313	0.3125	1.4474190973806453	0.42857142857142855	1.2685673890212397	0.4	1.0712379103820482	0.5555555555555556	1.1316002955589686	0.4	RA1819_LN-MES	RA1819_LN-MES	LN-MES	Lymph node	D006	RA1819	2.826552462526767e-10	-9.548742949360262	1.32	Lymph node	
A0288_S126_L002	2.2461894142439127	0.6666666666666666	4.813480247997989	1.0	0.0	0.0	4.890634142692465	1.0	0.8600251986861513	0.625	1.7207711458732469	0.2857142857142857	1.173580655143806	0.4	0.8696903351278173	0.5555555555555556	1.1770835732181677	0.6	RA1819_Sex-Organ	RA1819_Sex-Organ	Sex-Organ	Sex Organ	D006	RA1819	7.584615384615385e-10	-9.120066437365626	0.493	Sex Organ	0.18946995
A0289_S125_L002	2.2316208760304046	0.3333333333333333	4.8446891759084325	1.0	0.0	0.0	4.954009502589082	1.0	0.726708886610038	0.5625	1.7018384033981395	0.2857142857142857	1.2559280287920072	0.5	0.8417194764025925	0.4444444444444444	1.0767680595469387	0.55	RA1819_Skin-Non-Rash	RA1819_Skin-Non-Rash	Non-Rash	Skin	D006	RA1819	0.27464008859357697	-0.5612360694872895	2.48	Skin	0.15533581
A0290_S124_L002	2.1757669658353795	0.3333333333333333	3.5529020185953466	1.0	0.0	0.0	3.8725093331086278	1.0	0.5323930590922146	0.375	1.2235489486423123	0.2857142857142857	0.7526583102703714	0.4	0.6078627426653727	0.5555555555555556	0.8131653805846343	0.4	RA1082_WholeBlood-Dm30b	RA1082_WholeBlood-Dm30b	Whole blood	Whole blood	D-30	RA1082					0.21614122
A0292_S102_L002	2.442252835185906	0.3333333333333333	3.685488192914673	0.75	0.0	0.0	3.383696116912131	1.0	0.41461568751396016	0.125	1.5586501026745538	0.2857142857142857	0.9866319767630817	0.3	0.8716592696504517	0.3333333333333333	0.6700621617023812	0.2	RA1082_WholeBlood-D0	RA1082_WholeBlood-D0	Whole blood	Whole blood	D000	RA1082	2.6918392204628504e-11	-10.56995088343433	0.221	Whole blood	
A0294_S18_L001	2.281729273017537	0.3333333333333333	3.7635606406495103	0.75	0.0	0.0	3.4696922887735817	1.0	0.6525232147614982	0.1875	1.6100959241384032	0.2857142857142857	1.3110636360451589	0.3	0.6883749905165669	0.2222222222222222	0.8689878006865566	0.25	RA1819_WholeBlood-BL	RA1819_WholeBlood-BL	Whole blood	Whole blood	D-28	RA1819	4.2337662337662336e-07	-6.373273125104543	1.63	Whole blood	0.02581297
A0294_S18_L001	2.281729273017537	0.3333333333333333	3.7635606406495103	0.75	0.0	0.0	3.4696922887735817	1.0	0.6525232147614982	0.1875	1.6100959241384032	0.2857142857142857	1.3110636360451589	0.3	0.6883749905165669	0.2222222222222222	0.8689878006865566	0.25	RA1819_WholeBlood-BL	RA1819_WholeBlood-BL	Whole blood	Whole blood	D-28	RA1819	4.2337662337662336e-07	-6.373273125104543	1.63	Whole blood	0.02581297
A0294_S18_L001	2.281729273017537	0.3333333333333333	3.7635606406495103	0.75	0.0	0.0	3.4696922887735817	1.0	0.6525232147614982	0.1875	1.6100959241384032	0.2857142857142857	1.3110636360451589	0.3	0.6883749905165669	0.2222222222222222	0.8689878006865566	0.25	RA1819_WholeBlood-BL	RA1819_WholeBlood-BL	Whole blood	Whole blood	D-28	RA1819	4.7019230769230767e-07	-6.32772448017516	0.489	Whole blood	0.02581297
A0294_S18_L001	2.281729273017537	0.3333333333333333	3.7635606406495103	0.75	0.0	0.0	3.4696922887735817	1.0	0.6525232147614982	0.1875	1.6100959241384032	0.2857142857142857	1.3110636360451589	0.3	0.6883749905165669	0.2222222222222222	0.8689878006865566	0.25	RA1819_WholeBlood-BL	RA1819_WholeBlood-BL	Whole blood	Whole blood	D-28	RA1819	4.7019230769230767e-07	-6.32772448017516	0.489	Whole blood	0.02581297
A0295_S16_L001	2.2988894670281677	0.3333333333333333	4.917793392584201	0.75	0.0	0.0	6.7483460103219155	1.0	0.6669356377979366	0.375	1.8416994071771717	0.2857142857142857	0.9813764297782847	0.4	0.593729668656904	0.4444444444444444	1.2083831112705408	0.4	RA1819_WholeBlood-BL	RA1819_WholeBlood-BL	Whole blood	Whole blood	D-14	RA1819	4.2337662337662336e-07	-6.373273125104543	1.63	Whole blood	
A0295_S16_L001	2.2988894670281677	0.3333333333333333	4.917793392584201	0.75	0.0	0.0	6.7483460103219155	1.0	0.6669356377979366	0.375	1.8416994071771717	0.2857142857142857	0.9813764297782847	0.4	0.593729668656904	0.4444444444444444	1.2083831112705408	0.4	RA1819_WholeBlood-BL	RA1819_WholeBlood-BL	Whole blood	Whole blood	D-14	RA1819	4.2337662337662336e-07	-6.373273125104543	1.63	Whole blood	
A0295_S16_L001	2.2988894670281677	0.3333333333333333	4.917793392584201	0.75	0.0	0.0	6.7483460103219155	1.0	0.6669356377979366	0.375	1.8416994071771717	0.2857142857142857	0.9813764297782847	0.4	0.593729668656904	0.4444444444444444	1.2083831112705408	0.4	RA1819_WholeBlood-BL	RA1819_WholeBlood-BL	Whole blood	Whole blood	D-14	RA1819	4.7019230769230767e-07	-6.32772448017516	0.489	Whole blood	
A0295_S16_L001	2.2988894670281677	0.3333333333333333	4.917793392584201	0.75	0.0	0.0	6.7483460103219155	1.0	0.6669356377979366	0.375	1.8416994071771717	0.2857142857142857	0.9813764297782847	0.4	0.593729668656904	0.4444444444444444	1.2083831112705408	0.4	RA1819_WholeBlood-BL	RA1819_WholeBlood-BL	Whole blood	Whole blood	D-14	RA1819	4.7019230769230767e-07	-6.32772448017516	0.489	Whole blood	
A0297_S14_L001	2.2492713455026725	0.3333333333333333	5.285098405675015	1.0	0.1395099487190992	0.5	6.8412443260792655	1.0	0.7404671033605371	0.375	1.8480291424181894	0.42857142857142855	0.9641329445842342	0.4	0.5770682983414755	0.3333333333333333	1.290449110168266	0.45	RA1819_WholeBlood-D0	RA1819_WholeBlood-D0	Whole blood	Whole blood	D000	RA1819	9.139344262295082e-08	-7.039084963290569	0.669	Whole blood	
A0298_S192_L002	2.5404230315301843	0.3333333333333333	4.832059948802283	0.75	0.0	0.0	6.343624748955188	1.0	0.7093131136498707	0.4375	1.8461984574869081	0.42857142857142855	1.046392381129818	0.5	0.5139205358357701	0.3333333333333333	1.2018129658154153	0.45	RA1856_WholeBlood-BL	RA1856_WholeBlood-BL	Whole blood	Whole blood	D-28	RA1856	2.3306451612903223e-07	-6.632523842405687	0.578	Whole blood	
A0298_S192_L002	2.5404230315301843	0.3333333333333333	4.832059948802283	0.75	0.0	0.0	6.343624748955188	1.0	0.7093131136498707	0.4375	1.8461984574869081	0.42857142857142855	1.046392381129818	0.5	0.5139205358357701	0.3333333333333333	1.2018129658154153	0.45	RA1856_WholeBlood-BL	RA1856_WholeBlood-BL	Whole blood	Whole blood	D-28	RA1856	2.3306451612903223e-07	-6.632523842405687	0.578	Whole blood	
A0298_S192_L002	2.5404230315301843	0.3333333333333333	4.832059948802283	0.75	0.0	0.0	6.343624748955188	1.0	0.7093131136498707	0.4375	1.8461984574869081	0.42857142857142855	1.046392381129818	0.5	0.5139205358357701	0.3333333333333333	1.2018129658154153	0.45	RA1856_WholeBlood-BL	RA1856_WholeBlood-BL	Whole blood	Whole blood	D-28	RA1856	4.5363636363636364e-06	-5.343292139534835	0.998	Whole blood	
A0298_S192_L002	2.5404230315301843	0.3333333333333333	4.832059948802283	0.75	0.0	0.0	6.343624748955188	1.0	0.7093131136498707	0.4375	1.8461984574869081	0.42857142857142855	1.046392381129818	0.5	0.5139205358357701	0.3333333333333333	1.2018129658154153	0.45	RA1856_WholeBlood-BL	RA1856_WholeBlood-BL	Whole blood	Whole blood	D-28	RA1856	4.5363636363636364e-06	-5.343292139534835	0.998	Whole blood	
A0299_S191_L002	2.3743483095220848	0.3333333333333333	4.844252006181405	1.0	0.0	0.0	5.780035217771278	1.0	0.7403385530740544	0.3125	1.8879878744971552	0.42857142857142855	1.011546049057227	0.4	0.3584992386694915	0.2222222222222222	1.1702743642363713	0.35	RA1856_WholeBlood-BL	RA1856_WholeBlood-BL	Whole blood	Whole blood	D-14	RA1856	2.3306451612903223e-07	-6.632523842405687	0.578	Whole blood	
A0299_S191_L002	2.3743483095220848	0.3333333333333333	4.844252006181405	1.0	0.0	0.0	5.780035217771278	1.0	0.7403385530740544	0.3125	1.8879878744971552	0.42857142857142855	1.011546049057227	0.4	0.3584992386694915	0.2222222222222222	1.1702743642363713	0.35	RA1856_WholeBlood-BL	RA1856_WholeBlood-BL	Whole blood	Whole blood	D-14	RA1856	2.3306451612903223e-07	-6.632523842405687	0.578	Whole blood	
A0299_S191_L002	2.3743483095220848	0.3333333333333333	4.844252006181405	1.0	0.0	0.0	5.780035217771278	1.0	0.7403385530740544	0.3125	1.8879878744971552	0.42857142857142855	1.011546049057227	0.4	0.3584992386694915	0.2222222222222222	1.1702743642363713	0.35	RA1856_WholeBlood-BL	RA1856_WholeBlood-BL	Whole blood	Whole blood	D-14	RA1856	4.5363636363636364e-06	-5.343292139534835	0.998	Whole blood	
A0299_S191_L002	2.3743483095220848	0.3333333333333333	4.844252006181405	1.0	0.0	0.0	5.780035217771278	1.0	0.7403385530740544	0.3125	1.8879878744971552	0.42857142857142855	1.011546049057227	0.4	0.3584992386694915	0.2222222222222222	1.1702743642363713	0.35	RA1856_WholeBlood-BL	RA1856_WholeBlood-BL	Whole blood	Whole blood	D-14	RA1856	4.5363636363636364e-06	-5.343292139534835	0.998	Whole blood	
A0300_S190_L002	2.414617468070086	0.6666666666666666	5.33721251143253	0.75	0.0	0.0	6.532568297168606	1.0	0.7784760744674193	0.4375	1.8932954333242809	0.42857142857142855	1.0061560019041882	0.4	0.26254082994803973	0.2222222222222222	1.276037689290796	0.45	RA1856_WholeBlood-D0	RA1856_WholeBlood-D0	Whole blood	Whole blood	D000	RA1856	6.792035398230088e-08	-7.1680000593341955	0.307	Whole blood	
A0301_S189_L002	2.652133155123998	0.3333333333333333	5.277909664687611	1.0	0.0	0.0	6.421633251191427	1.0	0.7078705102490382	0.375	1.8148622021483192	0.2857142857142857	1.251627136275469	0.4	0.43009624123418994	0.3333333333333333	1.208459733318373	0.4	RA0700_WholeBlood-Dm30	RA0700_WholeBlood-Dm30	Whole blood	Whole blood	D-30	RA0700					
A0302_S188_L002	2.665905258340558	0.3333333333333333	5.144429855404703	0.75	0.0	0.0	6.577918600806388	1.0	0.7046253844852897	0.3125	1.7855208769887778	0.2857142857142857	1.089018443166276	0.4	0.4602908991313769	0.2222222222222222	1.2214921676688708	0.35	RA0700_WholeBlood-Dm04	RA0700_WholeBlood-Dm04	Whole blood	Whole blood	D-04	RA0700					
A0303_S187_L002	2.8215159161353784	0.3333333333333333	5.27652649943839	0.75	0.0	0.0	6.573780434678863	1.0	0.616220523204978	0.3125	1.796829587438354	0.2857142857142857	1.1251190628551102	0.4	0.5666784902222043	0.3333333333333333	1.1503544620318689	0.35	RA0700_WholeBlood-D7-NEC	RA0700_WholeBlood-D7-NEC	Whole blood	Whole blood	D007	RA0700	0.00010606060606060606	-3.974445895527612	1400000.0	Whole blood	
A0304_S13_L001	2.235586222220857	0.3333333333333333	5.536301089292554	1.0	0.0	0.0	6.899217636329477	1.0	0.5918447003001932	0.375	1.9344875315644832	0.2857142857142857	0.9931092022430255	0.4	0.49559365909828884	0.3333333333333333	1.1633975238731025	0.4	RA1818_WholeBlood-BL	RA1818_WholeBlood-BL	Whole blood	Whole blood	D-30	RA1818				Whole blood	
A0304_S13_L001	2.235586222220857	0.3333333333333333	5.536301089292554	1.0	0.0	0.0	6.899217636329477	1.0	0.5918447003001932	0.375	1.9344875315644832	0.2857142857142857	0.9931092022430255	0.4	0.49559365909828884	0.3333333333333333	1.1633975238731025	0.4	RA1818_WholeBlood-BL	RA1818_WholeBlood-BL	Whole blood	Whole blood	D-30	RA1818				Whole blood	
A0304_S13_L001	2.235586222220857	0.3333333333333333	5.536301089292554	1.0	0.0	0.0	6.899217636329477	1.0	0.5918447003001932	0.375	1.9344875315644832	0.2857142857142857	0.9931092022430255	0.4	0.49559365909828884	0.3333333333333333	1.1633975238731025	0.4	RA1818_WholeBlood-BL	RA1818_WholeBlood-BL	Whole blood	Whole blood	D-30	RA1818				Whole blood	
A0304_S13_L001	2.235586222220857	0.3333333333333333	5.536301089292554	1.0	0.0	0.0	6.899217636329477	1.0	0.5918447003001932	0.375	1.9344875315644832	0.2857142857142857	0.9931092022430255	0.4	0.49559365909828884	0.3333333333333333	1.1633975238731025	0.4	RA1818_WholeBlood-BL	RA1818_WholeBlood-BL	Whole blood	Whole blood	D-30	RA1818				Whole blood	
A0305_S12_L001	2.0853343680614445	0.3333333333333333	5.251833794296438	0.75	0.0	0.0	6.390505865878914	1.0	0.8026353438881377	0.25	1.9345431355438016	0.2857142857142857	1.1060762082343216	0.3	0.36212181821978695	0.2222222222222222	1.2811588616984015	0.3	RA1818_WholeBlood-BL	RA1818_WholeBlood-BL	Whole blood	Whole blood	D-04	RA1818				Whole blood	
A0305_S12_L001	2.0853343680614445	0.3333333333333333	5.251833794296438	0.75	0.0	0.0	6.390505865878914	1.0	0.8026353438881377	0.25	1.9345431355438016	0.2857142857142857	1.1060762082343216	0.3	0.36212181821978695	0.2222222222222222	1.2811588616984015	0.3	RA1818_WholeBlood-BL	RA1818_WholeBlood-BL	Whole blood	Whole blood	D-04	RA1818				Whole blood	
A0305_S12_L001	2.0853343680614445	0.3333333333333333	5.251833794296438	0.75	0.0	0.0	6.390505865878914	1.0	0.8026353438881377	0.25	1.9345431355438016	0.2857142857142857	1.1060762082343216	0.3	0.36212181821978695	0.2222222222222222	1.2811588616984015	0.3	RA1818_WholeBlood-BL	RA1818_WholeBlood-BL	Whole blood	Whole blood	D-04	RA1818				Whole blood	
A0305_S12_L001	2.0853343680614445	0.3333333333333333	5.251833794296438	0.75	0.0	0.0	6.390505865878914	1.0	0.8026353438881377	0.25	1.9345431355438016	0.2857142857142857	1.1060762082343216	0.3	0.36212181821978695	0.2222222222222222	1.2811588616984015	0.3	RA1818_WholeBlood-BL	RA1818_WholeBlood-BL	Whole blood	Whole blood	D-04	RA1818				Whole blood	
A0306_S11_L001	2.402620246110288	1.0	4.922652245420007	0.75	0.12599437405719077	0.5	5.960514449189605	1.0	0.6003123631095657	0.3125	1.8569918053907604	0.42857142857142855	0.9296129109883584	0.4	0.5307817356587261	0.3333333333333333	1.088900772812332	0.4	RA1818_WholeBlood-D6-NEC	RA1818_WholeBlood-D6-NEC	Whole blood	Whole blood	D006	RA1818	0.0011554054054054054	-2.9372656050028034	1710000.0	Whole blood	
A0307_S48_L001	2.418911604439504	0.3333333333333333	5.02096753288208	1.0	0.0	0.0	6.060836959757292	1.0	0.6790084327479309	0.1875	1.8794247347675892	0.42857142857142855	1.0908551280931498	0.4	0.6947425122415242	0.3333333333333333	1.149290442174074	0.25	RA1779_WholeBlood-BL	RA1779_WholeBlood-BL	Whole blood	Whole blood	D-30	RA1779	2.67192429022082e-08	-7.5731758518870445	0.847	Whole blood	
A0307_S48_L001	2.418911604439504	0.3333333333333333	5.02096753288208	1.0	0.0	0.0	6.060836959757292	1.0	0.6790084327479309	0.1875	1.8794247347675892	0.42857142857142855	1.0908551280931498	0.4	0.6947425122415242	0.3333333333333333	1.149290442174074	0.25	RA1779_WholeBlood-BL	RA1779_WholeBlood-BL	Whole blood	Whole blood	D-30	RA1779	2.67192429022082e-08	-7.5731758518870445	0.847	Whole blood	
A0307_S48_L001	2.418911604439504	0.3333333333333333	5.02096753288208	1.0	0.0	0.0	6.060836959757292	1.0	0.6790084327479309	0.1875	1.8794247347675892	0.42857142857142855	1.0908551280931498	0.4	0.6947425122415242	0.3333333333333333	1.149290442174074	0.25	RA1779_WholeBlood-BL	RA1779_WholeBlood-BL	Whole blood	Whole blood	D-30	RA1779				Whole blood	
A0307_S48_L001	2.418911604439504	0.3333333333333333	5.02096753288208	1.0	0.0	0.0	6.060836959757292	1.0	0.6790084327479309	0.1875	1.8794247347675892	0.42857142857142855	1.0908551280931498	0.4	0.6947425122415242	0.3333333333333333	1.149290442174074	0.25	RA1779_WholeBlood-BL	RA1779_WholeBlood-BL	Whole blood	Whole blood	D-30	RA1779				Whole blood	
A0308_S47_L001	2.291612043191195	0.6666666666666666	5.259177953530992	1.0	0.0	0.0	6.606220081384858	1.0	0.7775547215252034	0.3125	1.941739945755291	0.5714285714285714	1.0941461068026574	0.5	0.596294767025571	0.3333333333333333	1.2826657853586485	0.35	RA1779_WholeBlood-BL	RA1779_WholeBlood-BL	Whole blood	Whole blood	D-04	RA1779	2.67192429022082e-08	-7.5731758518870445	0.847	Whole blood	
A0308_S47_L001	2.291612043191195	0.6666666666666666	5.259177953530992	1.0	0.0	0.0	6.606220081384858	1.0	0.7775547215252034	0.3125	1.941739945755291	0.5714285714285714	1.0941461068026574	0.5	0.596294767025571	0.3333333333333333	1.2826657853586485	0.35	RA1779_WholeBlood-BL	RA1779_WholeBlood-BL	Whole blood	Whole blood	D-04	RA1779	2.67192429022082e-08	-7.5731758518870445	0.847	Whole blood	
A0308_S47_L001	2.291612043191195	0.6666666666666666	5.259177953530992	1.0	0.0	0.0	6.606220081384858	1.0	0.7775547215252034	0.3125	1.941739945755291	0.5714285714285714	1.0941461068026574	0.5	0.596294767025571	0.3333333333333333	1.2826657853586485	0.35	RA1779_WholeBlood-BL	RA1779_WholeBlood-BL	Whole blood	Whole blood	D-04	RA1779				Whole blood	
A0308_S47_L001	2.291612043191195	0.6666666666666666	5.259177953530992	1.0	0.0	0.0	6.606220081384858	1.0	0.7775547215252034	0.3125	1.941739945755291	0.5714285714285714	1.0941461068026574	0.5	0.596294767025571	0.3333333333333333	1.2826657853586485	0.35	RA1779_WholeBlood-BL	RA1779_WholeBlood-BL	Whole blood	Whole blood	D-04	RA1779				Whole blood	
A0309_S10_L001	2.1933573318508244	0.3333333333333333	4.901417982407583	1.0	0.11156948841081221	0.5	6.367852084094255	1.0	0.7091358700071334	0.375	1.7965824057685837	0.42857142857142855	1.0390934311833422	0.5	0.5720775896763433	0.3333333333333333	1.2152508532562134	0.45	RA1779_WholeBlood-D8-NEC	RA1779_WholeBlood-D8-NEC	Whole blood	Whole blood	D008	RA1779	0.0006343283582089552	-3.197685872650515	34000.0	Whole blood	
A0310_S46_L001	2.2329388549238502	0.3333333333333333	5.109442655473693	1.0	0.13982127700818486	0.5	6.562461749306341	1.0	0.7156507395984666	0.375	1.8014806300190152	0.42857142857142855	0.9779256105563565	0.4	0.6688571140172982	0.4444444444444444	1.242748894310226	0.45	RA1790_WholeBlood-BL	RA1790_WholeBlood-BL	Whole blood	Whole blood	D-30	RA1790	4.078947368421052e-06	-5.389451898446518	15.5	Whole blood	
A0310_S46_L001	2.2329388549238502	0.3333333333333333	5.109442655473693	1.0	0.13982127700818486	0.5	6.562461749306341	1.0	0.7156507395984666	0.375	1.8014806300190152	0.42857142857142855	0.9779256105563565	0.4	0.6688571140172982	0.4444444444444444	1.242748894310226	0.45	RA1790_WholeBlood-BL	RA1790_WholeBlood-BL	Whole blood	Whole blood	D-30	RA1790	4.078947368421052e-06	-5.389451898446518	15.5	Whole blood	
A0310_S46_L001	2.2329388549238502	0.3333333333333333	5.109442655473693	1.0	0.13982127700818486	0.5	6.562461749306341	1.0	0.7156507395984666	0.375	1.8014806300190152	0.42857142857142855	0.9779256105563565	0.4	0.6688571140172982	0.4444444444444444	1.242748894310226	0.45	RA1790_WholeBlood-BL	RA1790_WholeBlood-BL	Whole blood	Whole blood	D-30	RA1790				Whole blood	
A0310_S46_L001	2.2329388549238502	0.3333333333333333	5.109442655473693	1.0	0.13982127700818486	0.5	6.562461749306341	1.0	0.7156507395984666	0.375	1.8014806300190152	0.42857142857142855	0.9779256105563565	0.4	0.6688571140172982	0.4444444444444444	1.242748894310226	0.45	RA1790_WholeBlood-BL	RA1790_WholeBlood-BL	Whole blood	Whole blood	D-30	RA1790				Whole blood	
A0311_S45_L001	1.8370773262505171	0.3333333333333333	5.8036722908709075	1.0	0.0	0.0	6.853066856746652	1.0	0.7265784182437018	0.5	1.8587745230631705	0.42857142857142855	0.9788347126269853	0.4	0.5124390813577011	0.6666666666666666	1.2665694202696265	0.5	RA1790_WholeBlood-BL	RA1790_WholeBlood-BL	Whole blood	Whole blood	D-04	RA1790	4.078947368421052e-06	-5.389451898446518	15.5	Whole blood	
A0311_S45_L001	1.8370773262505171	0.3333333333333333	5.8036722908709075	1.0	0.0	0.0	6.853066856746652	1.0	0.7265784182437018	0.5	1.8587745230631705	0.42857142857142855	0.9788347126269853	0.4	0.5124390813577011	0.6666666666666666	1.2665694202696265	0.5	RA1790_WholeBlood-BL	RA1790_WholeBlood-BL	Whole blood	Whole blood	D-04	RA1790	4.078947368421052e-06	-5.389451898446518	15.5	Whole blood	
A0311_S45_L001	1.8370773262505171	0.3333333333333333	5.8036722908709075	1.0	0.0	0.0	6.853066856746652	1.0	0.7265784182437018	0.5	1.8587745230631705	0.42857142857142855	0.9788347126269853	0.4	0.5124390813577011	0.6666666666666666	1.2665694202696265	0.5	RA1790_WholeBlood-BL	RA1790_WholeBlood-BL	Whole blood	Whole blood	D-04	RA1790				Whole blood	
A0311_S45_L001	1.8370773262505171	0.3333333333333333	5.8036722908709075	1.0	0.0	0.0	6.853066856746652	1.0	0.7265784182437018	0.5	1.8587745230631705	0.42857142857142855	0.9788347126269853	0.4	0.5124390813577011	0.6666666666666666	1.2665694202696265	0.5	RA1790_WholeBlood-BL	RA1790_WholeBlood-BL	Whole blood	Whole blood	D-04	RA1790				Whole blood	
A0312_S44_L001	1.8318094586689264	0.6666666666666666	5.184666372395401	1.0	0.0	0.0	6.722418920248353	1.0	0.6026318279882474	0.5	1.7457940412551196	0.2857142857142857	0.9970676999556473	0.3	0.3818253851276118	0.4444444444444444	1.154347354415433	0.5	RA1790_WholeBlood-D8-NEC	RA1790_WholeBlood-D8-NEC	Whole blood	Whole blood	D007	RA1790	0.0040296296296296295	-2.394734868796826	54400.0	Whole blood	
A0313_S43_L001	2.3410770598715853	0.6666666666666666	4.91179127605373	0.75	0.0	0.0	6.418945845935407	1.0	0.7000316509017341	0.375	1.8731655361234516	0.42857142857142855	1.2392667784256617	0.6	0.6514158554886956	0.4444444444444444	1.2019199053149279	0.4	RA0917_WholeBlood-BL	RA0917_WholeBlood-BL	Whole blood	Whole blood	D-30	RA0917				Whole blood	
A0313_S43_L001	2.3410770598715853	0.6666666666666666	4.91179127605373	0.75	0.0	0.0	6.418945845935407	1.0	0.7000316509017341	0.375	1.8731655361234516	0.42857142857142855	1.2392667784256617	0.6	0.6514158554886956	0.4444444444444444	1.2019199053149279	0.4	RA0917_WholeBlood-BL	RA0917_WholeBlood-BL	Whole blood	Whole blood	D-30	RA0917				Whole blood	
A0313_S43_L001	2.3410770598715853	0.6666666666666666	4.91179127605373	0.75	0.0	0.0	6.418945845935407	1.0	0.7000316509017341	0.375	1.8731655361234516	0.42857142857142855	1.2392667784256617	0.6	0.6514158554886956	0.4444444444444444	1.2019199053149279	0.4	RA0917_WholeBlood-BL	RA0917_WholeBlood-BL	Whole blood	Whole blood	D-30	RA0917	3.539651837524178e-07	-6.451039453363513	1.83	Whole blood	
A0313_S43_L001	2.3410770598715853	0.6666666666666666	4.91179127605373	0.75	0.0	0.0	6.418945845935407	1.0	0.7000316509017341	0.375	1.8731655361234516	0.42857142857142855	1.2392667784256617	0.6	0.6514158554886956	0.4444444444444444	1.2019199053149279	0.4	RA0917_WholeBlood-BL	RA0917_WholeBlood-BL	Whole blood	Whole blood	D-30	RA0917	3.539651837524178e-07	-6.451039453363513	1.83	Whole blood	
A0314_S42_L001	2.320490410731408	0.6666666666666666	5.568423733578653	1.0	0.0	0.0	6.850519417030395	1.0	0.7586889033046329	0.4375	1.8148580472006444	0.42857142857142855	1.1483384983941645	0.4	0.5855452210175565	0.3333333333333333	1.2920030643467457	0.45	RA0917_WholeBlood-BL	RA0917_WholeBlood-BL	Whole blood	Whole blood	D-04	RA0917				Whole blood	
A0314_S42_L001	2.320490410731408	0.6666666666666666	5.568423733578653	1.0	0.0	0.0	6.850519417030395	1.0	0.7586889033046329	0.4375	1.8148580472006444	0.42857142857142855	1.1483384983941645	0.4	0.5855452210175565	0.3333333333333333	1.2920030643467457	0.45	RA0917_WholeBlood-BL	RA0917_WholeBlood-BL	Whole blood	Whole blood	D-04	RA0917				Whole blood	
A0314_S42_L001	2.320490410731408	0.6666666666666666	5.568423733578653	1.0	0.0	0.0	6.850519417030395	1.0	0.7586889033046329	0.4375	1.8148580472006444	0.42857142857142855	1.1483384983941645	0.4	0.5855452210175565	0.3333333333333333	1.2920030643467457	0.45	RA0917_WholeBlood-BL	RA0917_WholeBlood-BL	Whole blood	Whole blood	D-04	RA0917	3.539651837524178e-07	-6.451039453363513	1.83	Whole blood	
A0314_S42_L001	2.320490410731408	0.6666666666666666	5.568423733578653	1.0	0.0	0.0	6.850519417030395	1.0	0.7586889033046329	0.4375	1.8148580472006444	0.42857142857142855	1.1483384983941645	0.4	0.5855452210175565	0.3333333333333333	1.2920030643467457	0.45	RA0917_WholeBlood-BL	RA0917_WholeBlood-BL	Whole blood	Whole blood	D-04	RA0917	3.539651837524178e-07	-6.451039453363513	1.83	Whole blood	
A0315_S41_L001	2.018097610684746	0.3333333333333333	5.113246534242368	0.75	0.0	0.0	6.2501965052185025	1.0	0.6688696632329175	0.375	1.7193259796310654	0.2857142857142857	1.1397048405175099	0.4	0.43919778213928495	0.3333333333333333	1.1601153811081844	0.4	RA0917_WholeBlood-D6-NEC	RA0917_WholeBlood-D6-NEC	Whole blood	Whole blood	D006	RA0917	0.04216216216216216	-1.3750771257125334	234000.0	Whole blood	
A0316_S40_L001	2.421649566663331	0.6666666666666666	5.057863484756087	0.75	0.0	0.0	6.685490291399351	1.0	0.7079604872381098	0.5	1.8436682323771525	0.42857142857142855	1.0490740976826662	0.4	0.5572623008399114	0.4444444444444444	1.2349174189304228	0.5	RA1423_WholeBlood-BL	RA1423_WholeBlood-BL	Whole blood	Whole blood	D-30	RA1423				Whole blood	
A0316_S40_L001	2.421649566663331	0.6666666666666666	5.057863484756087	0.75	0.0	0.0	6.685490291399351	1.0	0.7079604872381098	0.5	1.8436682323771525	0.42857142857142855	1.0490740976826662	0.4	0.5572623008399114	0.4444444444444444	1.2349174189304228	0.5	RA1423_WholeBlood-BL	RA1423_WholeBlood-BL	Whole blood	Whole blood	D-30	RA1423				Whole blood	
A0316_S40_L001	2.421649566663331	0.6666666666666666	5.057863484756087	0.75	0.0	0.0	6.685490291399351	1.0	0.7079604872381098	0.5	1.8436682323771525	0.42857142857142855	1.0490740976826662	0.4	0.5572623008399114	0.4444444444444444	1.2349174189304228	0.5	RA1423_WholeBlood-BL	RA1423_WholeBlood-BL	Whole blood	Whole blood	D-30	RA1423	7.989031078610604e-08	-7.097505889363009	0.437	Whole blood	
A0316_S40_L001	2.421649566663331	0.6666666666666666	5.057863484756087	0.75	0.0	0.0	6.685490291399351	1.0	0.7079604872381098	0.5	1.8436682323771525	0.42857142857142855	1.0490740976826662	0.4	0.5572623008399114	0.4444444444444444	1.2349174189304228	0.5	RA1423_WholeBlood-BL	RA1423_WholeBlood-BL	Whole blood	Whole blood	D-30	RA1423	7.989031078610604e-08	-7.097505889363009	0.437	Whole blood	
A0317_S39_L001	2.000030703365073	0.3333333333333333	5.354676533736405	1.0	0.0	0.0	6.975917319476933	1.0	0.5723585042056416	0.375	1.839292143522187	0.42857142857142855	1.0764944155850162	0.4	0.524601005890466	0.3333333333333333	1.1554785353122066	0.4	RA1423_WholeBlood-BL	RA1423_WholeBlood-BL	Whole blood	Whole blood	D-04	RA1423				Whole blood	
A0317_S39_L001	2.000030703365073	0.3333333333333333	5.354676533736405	1.0	0.0	0.0	6.975917319476933	1.0	0.5723585042056416	0.375	1.839292143522187	0.42857142857142855	1.0764944155850162	0.4	0.524601005890466	0.3333333333333333	1.1554785353122066	0.4	RA1423_WholeBlood-BL	RA1423_WholeBlood-BL	Whole blood	Whole blood	D-04	RA1423				Whole blood	
A0317_S39_L001	2.000030703365073	0.3333333333333333	5.354676533736405	1.0	0.0	0.0	6.975917319476933	1.0	0.5723585042056416	0.375	1.839292143522187	0.42857142857142855	1.0764944155850162	0.4	0.524601005890466	0.3333333333333333	1.1554785353122066	0.4	RA1423_WholeBlood-BL	RA1423_WholeBlood-BL	Whole blood	Whole blood	D-04	RA1423	7.989031078610604e-08	-7.097505889363009	0.437	Whole blood	
A0317_S39_L001	2.000030703365073	0.3333333333333333	5.354676533736405	1.0	0.0	0.0	6.975917319476933	1.0	0.5723585042056416	0.375	1.839292143522187	0.42857142857142855	1.0764944155850162	0.4	0.524601005890466	0.3333333333333333	1.1554785353122066	0.4	RA1423_WholeBlood-BL	RA1423_WholeBlood-BL	Whole blood	Whole blood	D-04	RA1423	7.989031078610604e-08	-7.097505889363009	0.437	Whole blood	
A0318_S38_L001	1.6118239138612303	0.6666666666666666	5.1544775040129025	0.75	0.19880997519501	0.5	6.685477890362478	1.0	0.5183279807631369	0.4375	1.7849980164791321	0.42857142857142855	0.9538864126181663	0.4	0.1696271229683077	0.2222222222222222	1.1030911711662585	0.5	RA1423_WholeBlood-D8-NEC	RA1423_WholeBlood-D8-NEC	Whole blood	Whole blood	D008	RA1423	0.0006939890710382513	-3.1586473687744725	254000.0	Whole blood	
A0319_S37_L001	2.4156859124217154	0.3333333333333333	4.936490166377801	1.0	0.0	0.0	6.2867852975669605	1.0	0.5969472437616073	0.3125	1.7101001316971807	0.2857142857142857	1.1876001636995137	0.4	0.5320353499407883	0.5555555555555556	1.1062363247659819	0.35	RA0223_WholeBlood-BL	RA0223_WholeBlood-BL	Whole blood	Whole blood	D-30	RA0223	1.3867924528301886e-07	-6.857988530516594	1.47	Whole blood	
A0319_S37_L001	2.4156859124217154	0.3333333333333333	4.936490166377801	1.0	0.0	0.0	6.2867852975669605	1.0	0.5969472437616073	0.3125	1.7101001316971807	0.2857142857142857	1.1876001636995137	0.4	0.5320353499407883	0.5555555555555556	1.1062363247659819	0.35	RA0223_WholeBlood-BL	RA0223_WholeBlood-BL	Whole blood	Whole blood	D-30	RA0223	1.3867924528301886e-07	-6.857988530516594	1.47	Whole blood	
A0319_S37_L001	2.4156859124217154	0.3333333333333333	4.936490166377801	1.0	0.0	0.0	6.2867852975669605	1.0	0.5969472437616073	0.3125	1.7101001316971807	0.2857142857142857	1.1876001636995137	0.4	0.5320353499407883	0.5555555555555556	1.1062363247659819	0.35	RA0223_WholeBlood-BL	RA0223_WholeBlood-BL	Whole blood	Whole blood	D-30	RA0223	1.4477848101265823e-08	-7.839295984215937	0.915	Whole blood	
A0319_S37_L001	2.4156859124217154	0.3333333333333333	4.936490166377801	1.0	0.0	0.0	6.2867852975669605	1.0	0.5969472437616073	0.3125	1.7101001316971807	0.2857142857142857	1.1876001636995137	0.4	0.5320353499407883	0.5555555555555556	1.1062363247659819	0.35	RA0223_WholeBlood-BL	RA0223_WholeBlood-BL	Whole blood	Whole blood	D-30	RA0223	1.4477848101265823e-08	-7.839295984215937	0.915	Whole blood	
A0320_S36_L001	2.11256963024061	0.6666666666666666	5.74158044596499	1.0	0.0	0.0	6.627905691596454	1.0	0.690085300271184	0.375	1.7591786176992894	0.42857142857142855	1.0391099432931787	0.4	0.44993046607005144	0.3333333333333333	1.2148588093765926	0.4	RA0223_WholeBlood-BL	RA0223_WholeBlood-BL	Whole blood	Whole blood	D000	RA0223	1.3867924528301886e-07	-6.857988530516594	1.47	Whole blood	
A0320_S36_L001	2.11256963024061	0.6666666666666666	5.74158044596499	1.0	0.0	0.0	6.627905691596454	1.0	0.690085300271184	0.375	1.7591786176992894	0.42857142857142855	1.0391099432931787	0.4	0.44993046607005144	0.3333333333333333	1.2148588093765926	0.4	RA0223_WholeBlood-BL	RA0223_WholeBlood-BL	Whole blood	Whole blood	D000	RA0223	1.3867924528301886e-07	-6.857988530516594	1.47	Whole blood	
A0320_S36_L001	2.11256963024061	0.6666666666666666	5.74158044596499	1.0	0.0	0.0	6.627905691596454	1.0	0.690085300271184	0.375	1.7591786176992894	0.42857142857142855	1.0391099432931787	0.4	0.44993046607005144	0.3333333333333333	1.2148588093765926	0.4	RA0223_WholeBlood-BL	RA0223_WholeBlood-BL	Whole blood	Whole blood	D000	RA0223	1.4477848101265823e-08	-7.839295984215937	0.915	Whole blood	
A0320_S36_L001	2.11256963024061	0.6666666666666666	5.74158044596499	1.0	0.0	0.0	6.627905691596454	1.0	0.690085300271184	0.375	1.7591786176992894	0.42857142857142855	1.0391099432931787	0.4	0.44993046607005144	0.3333333333333333	1.2148588093765926	0.4	RA0223_WholeBlood-BL	RA0223_WholeBlood-BL	Whole blood	Whole blood	D000	RA0223	1.4477848101265823e-08	-7.839295984215937	0.915	Whole blood	
A0321_S35_L001	2.337890489345124	0.6666666666666666	5.253266315484051	1.0	0.0	0.0	6.239963278816644	1.0	0.706300403423215	0.4375	1.6482558069226185	0.2857142857142857	1.2858039826732923	0.4	0.5422959317869555	0.3333333333333333	1.1890366506202363	0.45	RA0223_WholeBlood-D1	RA0223_WholeBlood-D1	Whole blood	Whole blood	D001	RA0223	2.6875e-08	-7.570651527076338	0.516	Whole blood	
A0322_S34_L001	2.367002841479916	0.3333333333333333	4.97427505714865	0.75	0.0	0.0	6.581088076566253	1.0	0.7029133695336709	0.375	1.9443509263721062	0.42857142857142855	1.1371352298443402	0.5	0.4761833020784903	0.3333333333333333	1.220439503283562	0.4	RA0223_WholeBlood-D3	RA0223_WholeBlood-D3	Whole blood	Whole blood	D003	RA0223	4.971428571428571e-08	-7.303518796067676	2.61	Whole blood	
A0323_S33_L001	2.321025723175443	0.3333333333333333	5.0502913209358695	1.0	0.0	0.0	6.378922172244092	1.0	0.7593698033282884	0.4375	1.92588436360179	0.42857142857142855	1.12837276761108	0.6	0.5809399956047283	0.3333333333333333	1.24538805988704	0.45	RA0449_WholeBlood-BL	RA0449_WholeBlood-BL	Whole blood	Whole blood	D-30	RA0449	1.6382608695652172e-07	-6.785616941896754	0.942	Whole blood	
A0323_S33_L001	2.321025723175443	0.3333333333333333	5.0502913209358695	1.0	0.0	0.0	6.378922172244092	1.0	0.7593698033282884	0.4375	1.92588436360179	0.42857142857142855	1.12837276761108	0.6	0.5809399956047283	0.3333333333333333	1.24538805988704	0.45	RA0449_WholeBlood-BL	RA0449_WholeBlood-BL	Whole blood	Whole blood	D-30	RA0449	1.6382608695652172e-07	-6.785616941896754	0.942	Whole blood	
A0323_S33_L001	2.321025723175443	0.3333333333333333	5.0502913209358695	1.0	0.0	0.0	6.378922172244092	1.0	0.7593698033282884	0.4375	1.92588436360179	0.42857142857142855	1.12837276761108	0.6	0.5809399956047283	0.3333333333333333	1.24538805988704	0.45	RA0449_WholeBlood-BL	RA0449_WholeBlood-BL	Whole blood	Whole blood	D-30	RA0449	1.3716632443531828e-05	-4.862752498739089	0.668	Whole blood	
A0323_S33_L001	2.321025723175443	0.3333333333333333	5.0502913209358695	1.0	0.0	0.0	6.378922172244092	1.0	0.7593698033282884	0.4375	1.92588436360179	0.42857142857142855	1.12837276761108	0.6	0.5809399956047283	0.3333333333333333	1.24538805988704	0.45	RA0449_WholeBlood-BL	RA0449_WholeBlood-BL	Whole blood	Whole blood	D-30	RA0449	1.3716632443531828e-05	-4.862752498739089	0.668	Whole blood	
A0324_S32_L001	2.221640056253566	0.3333333333333333	5.229177049841815	1.0	0.0	0.0	6.6891510280134785	1.0	0.643769608598233	0.3125	1.9330049254906905	0.42857142857142855	1.2051305591325558	0.4	0.5303202590244722	0.5555555555555556	1.1839307896799345	0.35	RA0449_WholeBlood-BL	RA0449_WholeBlood-BL	Whole blood	Whole blood	D000	RA0449	1.6382608695652172e-07	-6.785616941896754	0.942	Whole blood	
A0324_S32_L001	2.221640056253566	0.3333333333333333	5.229177049841815	1.0	0.0	0.0	6.6891510280134785	1.0	0.643769608598233	0.3125	1.9330049254906905	0.42857142857142855	1.2051305591325558	0.4	0.5303202590244722	0.5555555555555556	1.1839307896799345	0.35	RA0449_WholeBlood-BL	RA0449_WholeBlood-BL	Whole blood	Whole blood	D000	RA0449	1.6382608695652172e-07	-6.785616941896754	0.942	Whole blood	
A0324_S32_L001	2.221640056253566	0.3333333333333333	5.229177049841815	1.0	0.0	0.0	6.6891510280134785	1.0	0.643769608598233	0.3125	1.9330049254906905	0.42857142857142855	1.2051305591325558	0.4	0.5303202590244722	0.5555555555555556	1.1839307896799345	0.35	RA0449_WholeBlood-BL	RA0449_WholeBlood-BL	Whole blood	Whole blood	D000	RA0449	1.3716632443531828e-05	-4.862752498739089	0.668	Whole blood	
A0324_S32_L001	2.221640056253566	0.3333333333333333	5.229177049841815	1.0	0.0	0.0	6.6891510280134785	1.0	0.643769608598233	0.3125	1.9330049254906905	0.42857142857142855	1.2051305591325558	0.4	0.5303202590244722	0.5555555555555556	1.1839307896799345	0.35	RA0449_WholeBlood-BL	RA0449_WholeBlood-BL	Whole blood	Whole blood	D000	RA0449	1.3716632443531828e-05	-4.862752498739089	0.668	Whole blood	
A0325_S31_L001	1.7136764874013621	0.3333333333333333	5.018294974736634	1.0	0.12325736132585932	0.5	6.383607207952512	1.0	0.539761756221897	0.3125	1.683182653365255	0.42857142857142855	0.8822289253001612	0.5	0.3656955708724594	0.3333333333333333	1.0824958619053546	0.4	RA0449_WholeBlood-D1	RA0449_WholeBlood-D1	Whole blood	Whole blood	D001	RA0449				Whole blood	
A0326_S30_L001	2.2820326617416926	0.3333333333333333	4.759223679244148	0.75	0.0	0.0	6.032248331087937	1.0	0.6240322204130849	0.1875	1.7588758307068189	0.42857142857142855	1.1112363457023222	0.5	0.5204205931071643	0.2222222222222222	1.1024506094392617	0.25	RA0449_WholeBlood-D3	RA0449_WholeBlood-D3	Whole blood	Whole blood	D003	RA0449	1.1773049645390072e-05	-4.929111024615325	16.6	Whole blood	
A0327_S29_L001	2.302762738264365	0.6666666666666666	5.032438042859164	1.0	0.0	0.0	5.744402270123864	1.0	0.6950496620413029	0.4375	1.9634355835794293	0.5714285714285714	1.1376784993502915	0.5	0.4329466098336724	0.2222222222222222	1.1304799566454287	0.45	RA1834_WholeBlood-BL	RA1834_WholeBlood-BL	Whole blood	Whole blood	D-30	RA1834	2.0695443645083933e-07	-6.684125259258548	0.863	Whole blood	
A0327_S29_L001	2.302762738264365	0.6666666666666666	5.032438042859164	1.0	0.0	0.0	5.744402270123864	1.0	0.6950496620413029	0.4375	1.9634355835794293	0.5714285714285714	1.1376784993502915	0.5	0.4329466098336724	0.2222222222222222	1.1304799566454287	0.45	RA1834_WholeBlood-BL	RA1834_WholeBlood-BL	Whole blood	Whole blood	D-30	RA1834	2.0695443645083933e-07	-6.684125259258548	0.863	Whole blood	
A0327_S29_L001	2.302762738264365	0.6666666666666666	5.032438042859164	1.0	0.0	0.0	5.744402270123864	1.0	0.6950496620413029	0.4375	1.9634355835794293	0.5714285714285714	1.1376784993502915	0.5	0.4329466098336724	0.2222222222222222	1.1304799566454287	0.45	RA1834_WholeBlood-BL	RA1834_WholeBlood-BL	Whole blood	Whole blood	D-30	RA1834	4.291866028708134e-07	-6.367353843066962	0.897	Whole blood	
A0327_S29_L001	2.302762738264365	0.6666666666666666	5.032438042859164	1.0	0.0	0.0	5.744402270123864	1.0	0.6950496620413029	0.4375	1.9634355835794293	0.5714285714285714	1.1376784993502915	0.5	0.4329466098336724	0.2222222222222222	1.1304799566454287	0.45	RA1834_WholeBlood-BL	RA1834_WholeBlood-BL	Whole blood	Whole blood	D-30	RA1834	4.291866028708134e-07	-6.367353843066962	0.897	Whole blood	
A0328_S28_L001	2.1832715808264127	0.3333333333333333	4.771245894243242	1.0	0.0	0.0	5.461341061024893	1.0	0.7245259700313538	0.375	1.8693616580199242	0.42857142857142855	1.0357283463334133	0.5	0.4617409786206207	0.3333333333333333	1.1257548821275722	0.4	RA1834_WholeBlood-BL	RA1834_WholeBlood-BL	Whole blood	Whole blood	D000	RA1834	2.0695443645083933e-07	-6.684125259258548	0.863	Whole blood	
A0328_S28_L001	2.1832715808264127	0.3333333333333333	4.771245894243242	1.0	0.0	0.0	5.461341061024893	1.0	0.7245259700313538	0.375	1.8693616580199242	0.42857142857142855	1.0357283463334133	0.5	0.4617409786206207	0.3333333333333333	1.1257548821275722	0.4	RA1834_WholeBlood-BL	RA1834_WholeBlood-BL	Whole blood	Whole blood	D000	RA1834	2.0695443645083933e-07	-6.684125259258548	0.863	Whole blood	
A0328_S28_L001	2.1832715808264127	0.3333333333333333	4.771245894243242	1.0	0.0	0.0	5.461341061024893	1.0	0.7245259700313538	0.375	1.8693616580199242	0.42857142857142855	1.0357283463334133	0.5	0.4617409786206207	0.3333333333333333	1.1257548821275722	0.4	RA1834_WholeBlood-BL	RA1834_WholeBlood-BL	Whole blood	Whole blood	D000	RA1834	4.291866028708134e-07	-6.367353843066962	0.897	Whole blood	
A0328_S28_L001	2.1832715808264127	0.3333333333333333	4.771245894243242	1.0	0.0	0.0	5.461341061024893	1.0	0.7245259700313538	0.375	1.8693616580199242	0.42857142857142855	1.0357283463334133	0.5	0.4617409786206207	0.3333333333333333	1.1257548821275722	0.4	RA1834_WholeBlood-BL	RA1834_WholeBlood-BL	Whole blood	Whole blood	D000	RA1834	4.291866028708134e-07	-6.367353843066962	0.897	Whole blood	
A0329_S27_L001	1.9869850364754607	0.3333333333333333	4.932035166258505	0.75	0.0	0.0	6.084092019963121	1.0	0.7455665766188893	0.4375	1.6736499953049169	0.42857142857142855	1.0516343923376985	0.6	0.46071462330265395	0.4444444444444444	1.2048624632914235	0.45	RA1834_WholeBlood-D1	RA1834_WholeBlood-D1	Whole blood	Whole blood	D001	RA1834	3.374570446735395e-07	-6.471781501198958	0.982	Whole blood	
A0330_S26_L001	2.2398333473660803	0.3333333333333333	4.7118233070603655	0.75	0.0	0.0	6.206278672605263	1.0	0.7222628293289128	0.25	1.9246501457224932	0.5714285714285714	1.0155175796466973	0.5	0.49170624952948255	0.3333333333333333	1.1984381307236567	0.3	RA1834_WholeBlood-D3	RA1834_WholeBlood-D3	Whole blood	Whole blood	D003	RA1834	7.160664819944599e-08	-7.1450466544756965	0.517	Whole blood	
A0331_S96_L001	2.1494673652157186	0.3333333333333333	4.684605581565025	0.75	0.0	0.0	5.789179804120055	1.0	0.7580983338648923	0.25	1.775095133314561	0.42857142857142855	0.9460873305903814	0.4	0.45803518567841134	0.3333333333333333	1.1853966475039193	0.3	RA0452_WholeBlood-BL	RA0452_WholeBlood-BL	Whole blood	Whole blood	D-30	RA0452	1.7379518072289156e-08	-7.7599622705483045	0.577	Whole blood	
A0331_S96_L001	2.1494673652157186	0.3333333333333333	4.684605581565025	0.75	0.0	0.0	5.789179804120055	1.0	0.7580983338648923	0.25	1.775095133314561	0.42857142857142855	0.9460873305903814	0.4	0.45803518567841134	0.3333333333333333	1.1853966475039193	0.3	RA0452_WholeBlood-BL	RA0452_WholeBlood-BL	Whole blood	Whole blood	D-30	RA0452	1.7379518072289156e-08	-7.7599622705483045	0.577	Whole blood	
A0331_S96_L001	2.1494673652157186	0.3333333333333333	4.684605581565025	0.75	0.0	0.0	5.789179804120055	1.0	0.7580983338648923	0.25	1.775095133314561	0.42857142857142855	0.9460873305903814	0.4	0.45803518567841134	0.3333333333333333	1.1853966475039193	0.3	RA0452_WholeBlood-BL	RA0452_WholeBlood-BL	Whole blood	Whole blood	D-30	RA0452	3.662551440329218e-09	-8.4362162669534	0.089	Whole blood	
A0331_S96_L001	2.1494673652157186	0.3333333333333333	4.684605581565025	0.75	0.0	0.0	5.789179804120055	1.0	0.7580983338648923	0.25	1.775095133314561	0.42857142857142855	0.9460873305903814	0.4	0.45803518567841134	0.3333333333333333	1.1853966475039193	0.3	RA0452_WholeBlood-BL	RA0452_WholeBlood-BL	Whole blood	Whole blood	D-30	RA0452	3.662551440329218e-09	-8.4362162669534	0.089	Whole blood	
A0332_S95_L001	2.1363251879535556	0.3333333333333333	5.04272525349133	1.0	0.0	0.0	6.208507706382386	1.0	0.7162460930745611	0.3125	1.8379210105098305	0.42857142857142855	1.159205063763468	0.5	0.44192393237613636	0.3333333333333333	1.1938476450978874	0.35	RA0452_WholeBlood-BL	RA0452_WholeBlood-BL	Whole blood	Whole blood	D000	RA0452	1.7379518072289156e-08	-7.7599622705483045	0.577	Whole blood	
A0332_S95_L001	2.1363251879535556	0.3333333333333333	5.04272525349133	1.0	0.0	0.0	6.208507706382386	1.0	0.7162460930745611	0.3125	1.8379210105098305	0.42857142857142855	1.159205063763468	0.5	0.44192393237613636	0.3333333333333333	1.1938476450978874	0.35	RA0452_WholeBlood-BL	RA0452_WholeBlood-BL	Whole blood	Whole blood	D000	RA0452	1.7379518072289156e-08	-7.7599622705483045	0.577	Whole blood	
A0332_S95_L001	2.1363251879535556	0.3333333333333333	5.04272525349133	1.0	0.0	0.0	6.208507706382386	1.0	0.7162460930745611	0.3125	1.8379210105098305	0.42857142857142855	1.159205063763468	0.5	0.44192393237613636	0.3333333333333333	1.1938476450978874	0.35	RA0452_WholeBlood-BL	RA0452_WholeBlood-BL	Whole blood	Whole blood	D000	RA0452	3.662551440329218e-09	-8.4362162669534	0.089	Whole blood	
A0332_S95_L001	2.1363251879535556	0.3333333333333333	5.04272525349133	1.0	0.0	0.0	6.208507706382386	1.0	0.7162460930745611	0.3125	1.8379210105098305	0.42857142857142855	1.159205063763468	0.5	0.44192393237613636	0.3333333333333333	1.1938476450978874	0.35	RA0452_WholeBlood-BL	RA0452_WholeBlood-BL	Whole blood	Whole blood	D000	RA0452	3.662551440329218e-09	-8.4362162669534	0.089	Whole blood	
A0333_S94_L001	2.0593076075214487	0.6666666666666666	5.085995126091374	1.0	0.17706222576476313	0.5	6.129762761666154	1.0	0.69124669690941	0.3125	1.7185561769396218	0.42857142857142855	1.015102729911921	0.5	0.3239020805473834	0.3333333333333333	1.1836798562706197	0.4	RA0452_WholeBlood-D1	RA0452_WholeBlood-D1	Whole blood	Whole blood	D001	RA0452	5.1324503311258276e-09	-8.28967524478686	0.775	Whole blood	
A0334_S93_L001	2.4198507756027485	0.3333333333333333	4.830166543636318	0.75	0.0	0.0	5.907075299677691	1.0	0.5243907481524877	0.25	1.9198216776759953	0.42857142857142855	1.1206886349110876	0.4	0.6780944276477544	0.3333333333333333	1.0102201284897592	0.3	RA0452_WholeBlood-D3	RA0452_WholeBlood-D3	Whole blood	Whole blood	D003	RA0452	4.819148936170213e-08	-7.317029651586867	9.06	Whole blood	
A0335_S92_L001	2.466956002280435	0.6666666666666666	5.273989136952116	1.0	0.0	0.0	6.354537768565139	1.0	0.5920632705507304	0.3125	2.0309999373277665	0.42857142857142855	1.3967745916685117	0.5	0.5248325247440563	0.3333333333333333	1.109104393297098	0.35	RA0452_WholeBlood-D5	RA0452_WholeBlood-D5	Whole blood	Whole blood	D005	RA0452	5.180722891566265e-05	-4.2856096367964875	2150.0	Whole blood	
A0336_S91_L001	2.544908400944551	0.3333333333333333	5.152830811078544	1.0	0.0	0.0	6.052762618244872	1.0	0.7072476502029772	0.4375	1.8771273965020454	0.42857142857142855	1.2588797373069829	0.5	0.6246451654156302	0.3333333333333333	1.1710743819868692	0.45	RA0522_WholeBlood-BL	RA0522_WholeBlood-BL	Whole blood	Whole blood	D-30	RA0522	2.2712765957446807e-07	-6.643729974238656	0.427	Whole blood	
A0336_S91_L001	2.544908400944551	0.3333333333333333	5.152830811078544	1.0	0.0	0.0	6.052762618244872	1.0	0.7072476502029772	0.4375	1.8771273965020454	0.42857142857142855	1.2588797373069829	0.5	0.6246451654156302	0.3333333333333333	1.1710743819868692	0.45	RA0522_WholeBlood-BL	RA0522_WholeBlood-BL	Whole blood	Whole blood	D-30	RA0522	2.2712765957446807e-07	-6.643729974238656	0.427	Whole blood	
A0336_S91_L001	2.544908400944551	0.3333333333333333	5.152830811078544	1.0	0.0	0.0	6.052762618244872	1.0	0.7072476502029772	0.4375	1.8771273965020454	0.42857142857142855	1.2588797373069829	0.5	0.6246451654156302	0.3333333333333333	1.1710743819868692	0.45	RA0522_WholeBlood-BL	RA0522_WholeBlood-BL	Whole blood	Whole blood	D-30	RA0522	3.3780160857908845e-07	-6.471338286691124	1.26	Whole blood	
A0336_S91_L001	2.544908400944551	0.3333333333333333	5.152830811078544	1.0	0.0	0.0	6.052762618244872	1.0	0.7072476502029772	0.4375	1.8771273965020454	0.42857142857142855	1.2588797373069829	0.5	0.6246451654156302	0.3333333333333333	1.1710743819868692	0.45	RA0522_WholeBlood-BL	RA0522_WholeBlood-BL	Whole blood	Whole blood	D-30	RA0522	3.3780160857908845e-07	-6.471338286691124	1.26	Whole blood	
A0337_S90_L001	2.0872359795103996	0.3333333333333333	5.058446242272614	0.75	0.0	0.0	6.677996509561851	1.0	0.5102810183214641	0.3125	1.7619235101325235	0.42857142857142855	1.0584435168696626	0.5	0.33981731360157696	0.2222222222222222	1.0760244656133564	0.35	RA0522_WholeBlood-BL	RA0522_WholeBlood-BL	Whole blood	Whole blood	D000	RA0522	2.2712765957446807e-07	-6.643729974238656	0.427	Whole blood	
A0337_S90_L001	2.0872359795103996	0.3333333333333333	5.058446242272614	0.75	0.0	0.0	6.677996509561851	1.0	0.5102810183214641	0.3125	1.7619235101325235	0.42857142857142855	1.0584435168696626	0.5	0.33981731360157696	0.2222222222222222	1.0760244656133564	0.35	RA0522_WholeBlood-BL	RA0522_WholeBlood-BL	Whole blood	Whole blood	D000	RA0522	2.2712765957446807e-07	-6.643729974238656	0.427	Whole blood	
A0337_S90_L001	2.0872359795103996	0.3333333333333333	5.058446242272614	0.75	0.0	0.0	6.677996509561851	1.0	0.5102810183214641	0.3125	1.7619235101325235	0.42857142857142855	1.0584435168696626	0.5	0.33981731360157696	0.2222222222222222	1.0760244656133564	0.35	RA0522_WholeBlood-BL	RA0522_WholeBlood-BL	Whole blood	Whole blood	D000	RA0522	3.3780160857908845e-07	-6.471338286691124	1.26	Whole blood	
A0337_S90_L001	2.0872359795103996	0.3333333333333333	5.058446242272614	0.75	0.0	0.0	6.677996509561851	1.0	0.5102810183214641	0.3125	1.7619235101325235	0.42857142857142855	1.0584435168696626	0.5	0.33981731360157696	0.2222222222222222	1.0760244656133564	0.35	RA0522_WholeBlood-BL	RA0522_WholeBlood-BL	Whole blood	Whole blood	D000	RA0522	3.3780160857908845e-07	-6.471338286691124	1.26	Whole blood	
A0338_S89_L001	1.812919196480702	0.3333333333333333	5.240774160833565	1.0	0.16947591593572917	0.5	6.525838665120649	1.0	0.6283311948906214	0.3125	1.8746396195251986	0.42857142857142855	1.0062623780216744	0.5	0.3111911305070094	0.2222222222222222	1.172196414018135	0.4	RA0522_WholeBlood-D1	RA0522_WholeBlood-D1	Whole blood	Whole blood	D001	RA0522	2.7318932655654382e-08	-7.563536272443459	0.215	Whole blood	
A0339_S88_L001	2.2630303659425324	0.3333333333333333	5.268467403527203	0.75	0.0	0.0	6.9734420565833055	1.0	0.586867156667972	0.25	1.9665790010307493	0.42857142857142855	0.9637676414153953	0.3	0.5320550646552971	0.3333333333333333	1.1668379309927082	0.3	RA0522_WholeBlood-D3	RA0522_WholeBlood-D3	Whole blood	Whole blood	D003	RA0522	3.9809523809523804e-09	-8.400013017294903	0.418	Whole blood	
A0340_S87_L001	1.9968609911472537	0.3333333333333333	5.611172659844788	1.0	0.0	0.0	7.070999784183284	1.0	0.6774188800218471	0.375	1.8125004224179324	0.2857142857142857	1.0589485203538003	0.4	0.4336735047319809	0.3333333333333333	1.249035082435806	0.4	RA1639_WholeBlood-BL	RA1639_WholeBlood-BL	Whole blood	Whole blood	D000	RA1639	4.931034482758621e-08	-7.307061960433894	8.58	Whole blood	
A0340_S87_L001	1.9968609911472537	0.3333333333333333	5.611172659844788	1.0	0.0	0.0	7.070999784183284	1.0	0.6774188800218471	0.375	1.8125004224179324	0.2857142857142857	1.0589485203538003	0.4	0.4336735047319809	0.3333333333333333	1.249035082435806	0.4	RA1639_WholeBlood-BL	RA1639_WholeBlood-BL	Whole blood	Whole blood	D000	RA1639	4.931034482758621e-08	-7.307061960433894	8.58	Whole blood	
A0340_S87_L001	1.9968609911472537	0.3333333333333333	5.611172659844788	1.0	0.0	0.0	7.070999784183284	1.0	0.6774188800218471	0.375	1.8125004224179324	0.2857142857142857	1.0589485203538003	0.4	0.4336735047319809	0.3333333333333333	1.249035082435806	0.4	RA1639_WholeBlood-BL	RA1639_WholeBlood-BL	Whole blood	Whole blood	D000	RA1639	2.8237082066869304e-09	-8.549180183956333	0.929	Whole blood	
A0340_S87_L001	1.9968609911472537	0.3333333333333333	5.611172659844788	1.0	0.0	0.0	7.070999784183284	1.0	0.6774188800218471	0.375	1.8125004224179324	0.2857142857142857	1.0589485203538003	0.4	0.4336735047319809	0.3333333333333333	1.249035082435806	0.4	RA1639_WholeBlood-BL	RA1639_WholeBlood-BL	Whole blood	Whole blood	D000	RA1639	2.8237082066869304e-09	-8.549180183956333	0.929	Whole blood	
A0341_S86_L001	2.242455438274489	0.3333333333333333	5.403422918068923	0.75	0.0	0.0	6.649516697202969	1.0	0.508376700777235	0.1875	1.9034804099081637	0.42857142857142855	1.2284797894627644	0.4	0.2584696742552096	0.2222222222222222	1.0716530303420848	0.25	RA1639_WholeBlood-D1	RA1639_WholeBlood-D1	Whole blood	Whole blood	D001	RA1639	2.1266149870801034e-08	-7.6723111298066415	0.823	Whole blood	
A0342_S85_L001	1.9765868735809538	0.6666666666666666	5.3542615237968	0.75	0.0	0.0	6.797266454069985	1.0	0.49934968160116894	0.25	1.7289210912318962	0.2857142857142857	0.9965544183461432	0.5	0.3290869552651633	0.3333333333333333	1.0792063906879337	0.3	RA1639_WholeBlood-D3	RA1639_WholeBlood-D3	Whole blood	Whole blood	D003	RA1639	4.742857142857143e-07	-6.323959956310221	1.66	Whole blood	
A0345_S82_L001	1.9521708877464512	0.3333333333333333	5.315249086548535	1.0	0.0	0.0	6.186836217989599	1.0	0.804552257767108	0.375	2.006027708364817	0.42857142857142855	1.0383642131699324	0.4	0.5113002752892304	0.3333333333333333	1.2623254280126466	0.4	RA1639_WholeBlood-D5	RA1639_WholeBlood-D5	Whole blood	Whole blood	D005	RA1639	0.04	-1.3979400086720375	86000.0	Whole blood	
A0346_S81_L001	2.159416869577173	0.6666666666666666	5.013914524046239	0.75	0.0	0.0	6.054195465354278	1.0	0.7842303434271762	0.3125	1.9708614032522858	0.42857142857142855	1.073176869219834	0.6	0.5410822852736361	0.3333333333333333	1.2328038212771688	0.35	RA0717_WholeBlood-BL	RA0717_WholeBlood-BL	Whole blood	Whole blood	D-30	RA0717	1.2607758620689654e-07	-6.899362114472701	0.585	Whole blood	
A0346_S81_L001	2.159416869577173	0.6666666666666666	5.013914524046239	0.75	0.0	0.0	6.054195465354278	1.0	0.7842303434271762	0.3125	1.9708614032522858	0.42857142857142855	1.073176869219834	0.6	0.5410822852736361	0.3333333333333333	1.2328038212771688	0.35	RA0717_WholeBlood-BL	RA0717_WholeBlood-BL	Whole blood	Whole blood	D-30	RA0717	1.2607758620689654e-07	-6.899362114472701	0.585	Whole blood	
A0346_S81_L001	2.159416869577173	0.6666666666666666	5.013914524046239	0.75	0.0	0.0	6.054195465354278	1.0	0.7842303434271762	0.3125	1.9708614032522858	0.42857142857142855	1.073176869219834	0.6	0.5410822852736361	0.3333333333333333	1.2328038212771688	0.35	RA0717_WholeBlood-BL	RA0717_WholeBlood-BL	Whole blood	Whole blood	D-30	RA0717	1.0146082337317396e-08	-7.99370161762501	0.764	Whole blood	
A0346_S81_L001	2.159416869577173	0.6666666666666666	5.013914524046239	0.75	0.0	0.0	6.054195465354278	1.0	0.7842303434271762	0.3125	1.9708614032522858	0.42857142857142855	1.073176869219834	0.6	0.5410822852736361	0.3333333333333333	1.2328038212771688	0.35	RA0717_WholeBlood-BL	RA0717_WholeBlood-BL	Whole blood	Whole blood	D-30	RA0717	1.0146082337317396e-08	-7.99370161762501	0.764	Whole blood	
A0347_S80_L001	1.8173860647910571	0.3333333333333333	5.18172245581766	1.0	0.0	0.0	6.411906628007754	1.0	0.6566360242386626	0.375	1.6711822409620045	0.42857142857142855	0.8778614946390058	0.3	0.2680971128566102	0.2222222222222222	1.1664994821917056	0.4	RA0717_WholeBlood-BL	RA0717_WholeBlood-BL	Whole blood	Whole blood	D-14	RA0717	1.2607758620689654e-07	-6.899362114472701	0.585	Whole blood	
A0347_S80_L001	1.8173860647910571	0.3333333333333333	5.18172245581766	1.0	0.0	0.0	6.411906628007754	1.0	0.6566360242386626	0.375	1.6711822409620045	0.42857142857142855	0.8778614946390058	0.3	0.2680971128566102	0.2222222222222222	1.1664994821917056	0.4	RA0717_WholeBlood-BL	RA0717_WholeBlood-BL	Whole blood	Whole blood	D-14	RA0717	1.2607758620689654e-07	-6.899362114472701	0.585	Whole blood	
A0347_S80_L001	1.8173860647910571	0.3333333333333333	5.18172245581766	1.0	0.0	0.0	6.411906628007754	1.0	0.6566360242386626	0.375	1.6711822409620045	0.42857142857142855	0.8778614946390058	0.3	0.2680971128566102	0.2222222222222222	1.1664994821917056	0.4	RA0717_WholeBlood-BL	RA0717_WholeBlood-BL	Whole blood	Whole blood	D-14	RA0717	1.0146082337317396e-08	-7.99370161762501	0.764	Whole blood	
A0347_S80_L001	1.8173860647910571	0.3333333333333333	5.18172245581766	1.0	0.0	0.0	6.411906628007754	1.0	0.6566360242386626	0.375	1.6711822409620045	0.42857142857142855	0.8778614946390058	0.3	0.2680971128566102	0.2222222222222222	1.1664994821917056	0.4	RA0717_WholeBlood-BL	RA0717_WholeBlood-BL	Whole blood	Whole blood	D-14	RA0717	1.0146082337317396e-08	-7.99370161762501	0.764	Whole blood	
A0348_S79_L001	1.769177708740405	0.3333333333333333	4.908031705118958	0.75	0.0	0.0	5.986933292471405	1.0	0.7603508521605904	0.3125	1.8805651661358134	0.42857142857142855	0.9768108197060691	0.3	0.4012927814638264	0.3333333333333333	1.2069740109756126	0.35	RA0717_WholeBlood-D2	RA0717_WholeBlood-D2	Whole blood	Whole blood	D002	RA0717				Whole blood	
A0349_S78_L001	2.8181997933835916	0.6666666666666666	5.0289713705183345	0.75	0.0	0.0	6.119531670790617	1.0	0.6086449394283855	0.1875	1.7965698287266452	0.42857142857142855	0.9950628363757856	0.3	0.5079390074383228	0.3333333333333333	1.0988691186217703	0.25	RA0717_WholeBlood-D4	RA0717_WholeBlood-D4	Whole blood	Whole blood	D004	RA0717	1.2681159420289855e-05	-4.8968410377149425	3500.0	Whole blood	
A0350_S77_L001	2.4591738168601287	0.3333333333333333	4.92093420112557	0.75	0.0	0.0	6.534912184959476	1.0	0.622054540469233	0.25	1.9356169934415994	0.5714285714285714	1.2509724474621673	0.4	0.5449959914165851	0.3333333333333333	1.151134850871334	0.3	RA0850_WholeBlood-BL	RA0850_WholeBlood-BL	Whole blood	Whole blood	D-30	RA0850	1.0880503144654088e-08	-7.963351021191656	1.73	Whole blood	
A0350_S77_L001	2.4591738168601287	0.3333333333333333	4.92093420112557	0.75	0.0	0.0	6.534912184959476	1.0	0.622054540469233	0.25	1.9356169934415994	0.5714285714285714	1.2509724474621673	0.4	0.5449959914165851	0.3333333333333333	1.151134850871334	0.3	RA0850_WholeBlood-BL	RA0850_WholeBlood-BL	Whole blood	Whole blood	D-30	RA0850	1.0880503144654088e-08	-7.963351021191656	1.73	Whole blood	
A0350_S77_L001	2.4591738168601287	0.3333333333333333	4.92093420112557	0.75	0.0	0.0	6.534912184959476	1.0	0.622054540469233	0.25	1.9356169934415994	0.5714285714285714	1.2509724474621673	0.4	0.5449959914165851	0.3333333333333333	1.151134850871334	0.3	RA0850_WholeBlood-BL	RA0850_WholeBlood-BL	Whole blood	Whole blood	D-30	RA0850	3.372727272727273e-07	-6.472018775543179	3.71	Whole blood	
A0350_S77_L001	2.4591738168601287	0.3333333333333333	4.92093420112557	0.75	0.0	0.0	6.534912184959476	1.0	0.622054540469233	0.25	1.9356169934415994	0.5714285714285714	1.2509724474621673	0.4	0.5449959914165851	0.3333333333333333	1.151134850871334	0.3	RA0850_WholeBlood-BL	RA0850_WholeBlood-BL	Whole blood	Whole blood	D-30	RA0850	3.372727272727273e-07	-6.472018775543179	3.71	Whole blood	
A0351_S76_L001	2.5838859620753687	0.6666666666666666	4.984843541882233	0.75	0.23095160469636034	0.5	6.226993627106264	1.0	0.7429231584271523	0.4375	1.9636696020961806	0.42857142857142855	1.2719319045513529	0.5	0.6416855682935546	0.3333333333333333	1.2401330499219845	0.5	RA0850_WholeBlood-BL	RA0850_WholeBlood-BL	Whole blood	Whole blood	D-14	RA0850	1.0880503144654088e-08	-7.963351021191656	1.73	Whole blood	
A0351_S76_L001	2.5838859620753687	0.6666666666666666	4.984843541882233	0.75	0.23095160469636034	0.5	6.226993627106264	1.0	0.7429231584271523	0.4375	1.9636696020961806	0.42857142857142855	1.2719319045513529	0.5	0.6416855682935546	0.3333333333333333	1.2401330499219845	0.5	RA0850_WholeBlood-BL	RA0850_WholeBlood-BL	Whole blood	Whole blood	D-14	RA0850	1.0880503144654088e-08	-7.963351021191656	1.73	Whole blood	
A0351_S76_L001	2.5838859620753687	0.6666666666666666	4.984843541882233	0.75	0.23095160469636034	0.5	6.226993627106264	1.0	0.7429231584271523	0.4375	1.9636696020961806	0.42857142857142855	1.2719319045513529	0.5	0.6416855682935546	0.3333333333333333	1.2401330499219845	0.5	RA0850_WholeBlood-BL	RA0850_WholeBlood-BL	Whole blood	Whole blood	D-14	RA0850	3.372727272727273e-07	-6.472018775543179	3.71	Whole blood	
A0351_S76_L001	2.5838859620753687	0.6666666666666666	4.984843541882233	0.75	0.23095160469636034	0.5	6.226993627106264	1.0	0.7429231584271523	0.4375	1.9636696020961806	0.42857142857142855	1.2719319045513529	0.5	0.6416855682935546	0.3333333333333333	1.2401330499219845	0.5	RA0850_WholeBlood-BL	RA0850_WholeBlood-BL	Whole blood	Whole blood	D-14	RA0850	3.372727272727273e-07	-6.472018775543179	3.71	Whole blood	
A0352_S75_L001	1.692678068014979	0.3333333333333333	4.886498016339576	0.75	0.0	0.0	6.2860345734529375	1.0	0.48935883060703694	0.1875	1.6995909504816897	0.42857142857142855	0.7420826817034116	0.4	0.12740752964536417	0.1111111111111111	1.0200905218309233	0.25	RA0850_WholeBlood-D2	RA0850_WholeBlood-D2	Whole blood	Whole blood	D002	RA0850	6.613756613756614e-06	-5.179551791165188	2.5	Whole blood	
A0353_S74_L001	2.6272125505143844	0.6666666666666666	5.067627895698539	0.75	0.38250359281982754	0.5	6.21291135972932	1.0	0.8565230637918912	0.375	1.8328690496039646	0.42857142857142855	1.0747381612799702	0.4	0.5276303195099944	0.3333333333333333	1.3447599462884274	0.45	RA0850_WholeBlood-D4	RA0850_WholeBlood-D4	Whole blood	Whole blood	D004	RA0850	2.427007299270073e-06	-5.614928917517283	13.3	Whole blood	
A0354_S71_L001	2.236372923972447	0.3333333333333333	5.095671173223685	0.75	0.0	0.0	6.556241630945942	1.0	0.777587078323796	0.5	1.7349200994265865	0.42857142857142855	0.9956258546475111	0.4	0.6327758479580099	0.3333333333333333	1.277693825753631	0.5	RA1849_WholeBlood-BL	RA1849_WholeBlood-BL	Whole blood	Whole blood	D-30	RA1849	8.167641325536063e-07	-6.087903342145521	4.19	Whole blood	
A0354_S71_L001	2.236372923972447	0.3333333333333333	5.095671173223685	0.75	0.0	0.0	6.556241630945942	1.0	0.777587078323796	0.5	1.7349200994265865	0.42857142857142855	0.9956258546475111	0.4	0.6327758479580099	0.3333333333333333	1.277693825753631	0.5	RA1849_WholeBlood-BL	RA1849_WholeBlood-BL	Whole blood	Whole blood	D-30	RA1849	8.167641325536063e-07	-6.087903342145521	4.19	Whole blood	
A0354_S71_L001	2.236372923972447	0.3333333333333333	5.095671173223685	0.75	0.0	0.0	6.556241630945942	1.0	0.777587078323796	0.5	1.7349200994265865	0.42857142857142855	0.9956258546475111	0.4	0.6327758479580099	0.3333333333333333	1.277693825753631	0.5	RA1849_WholeBlood-BL	RA1849_WholeBlood-BL	Whole blood	Whole blood	D-30	RA1849	7.550335570469799e-07	-6.122033745964893	2.25	Whole blood	
A0354_S71_L001	2.236372923972447	0.3333333333333333	5.095671173223685	0.75	0.0	0.0	6.556241630945942	1.0	0.777587078323796	0.5	1.7349200994265865	0.42857142857142855	0.9956258546475111	0.4	0.6327758479580099	0.3333333333333333	1.277693825753631	0.5	RA1849_WholeBlood-BL	RA1849_WholeBlood-BL	Whole blood	Whole blood	D-30	RA1849	7.550335570469799e-07	-6.122033745964893	2.25	Whole blood	
A0355_S70_L001	2.087052149725828	0.3333333333333333	5.2025214584879915	1.0	0.0	0.0	6.265223161288191	1.0	0.8156139499511393	0.5	1.7839075757302951	0.42857142857142855	1.0764098269752753	0.4	0.5280438001122527	0.3333333333333333	1.2790134760897303	0.5	RA1849_WholeBlood-BL	RA1849_WholeBlood-BL	Whole blood	Whole blood	D-14	RA1849	8.167641325536063e-07	-6.087903342145521	4.19	Whole blood	
A0355_S70_L001	2.087052149725828	0.3333333333333333	5.2025214584879915	1.0	0.0	0.0	6.265223161288191	1.0	0.8156139499511393	0.5	1.7839075757302951	0.42857142857142855	1.0764098269752753	0.4	0.5280438001122527	0.3333333333333333	1.2790134760897303	0.5	RA1849_WholeBlood-BL	RA1849_WholeBlood-BL	Whole blood	Whole blood	D-14	RA1849	8.167641325536063e-07	-6.087903342145521	4.19	Whole blood	
A0355_S70_L001	2.087052149725828	0.3333333333333333	5.2025214584879915	1.0	0.0	0.0	6.265223161288191	1.0	0.8156139499511393	0.5	1.7839075757302951	0.42857142857142855	1.0764098269752753	0.4	0.5280438001122527	0.3333333333333333	1.2790134760897303	0.5	RA1849_WholeBlood-BL	RA1849_WholeBlood-BL	Whole blood	Whole blood	D-14	RA1849	7.550335570469799e-07	-6.122033745964893	2.25	Whole blood	
A0355_S70_L001	2.087052149725828	0.3333333333333333	5.2025214584879915	1.0	0.0	0.0	6.265223161288191	1.0	0.8156139499511393	0.5	1.7839075757302951	0.42857142857142855	1.0764098269752753	0.4	0.5280438001122527	0.3333333333333333	1.2790134760897303	0.5	RA1849_WholeBlood-BL	RA1849_WholeBlood-BL	Whole blood	Whole blood	D-14	RA1849	7.550335570469799e-07	-6.122033745964893	2.25	Whole blood	
A0356_S69_L001	1.788129112273098	0.3333333333333333	5.248966111117428	0.75	0.0	0.0	6.635627955416987	1.0	0.576930998067176	0.4375	1.6894932345652072	0.42857142857142855	0.8335719341737651	0.5	0.2562800307691238	0.3333333333333333	1.1251075939954394	0.45	RA1849_WholeBlood-D2	RA1849_WholeBlood-D2	Whole blood	Whole blood	D002	RA1849				Whole blood	
A0357_S68_L001	2.293154705268754	0.3333333333333333	4.787892786402254	1.0	0.0	0.0	5.982502709903229	1.0	0.791194020893017	0.375	1.898930102713747	0.5714285714285714	1.0645785870574795	0.5	0.5875020441616976	0.4444444444444444	1.2312054877047367	0.4	RA1849_WholeBlood-D4	RA1849_WholeBlood-D4	Whole blood	Whole blood	D004	RA1849	2.4932432432432433e-06	-5.603235349235897	36.9	Whole blood	
A0358_S67_L001	2.3143042451047555	0.3333333333333333	4.919085981479048	0.75	0.0	0.0	6.071740234552545	1.0	0.8232892167338892	0.375	2.0539451493034164	0.42857142857142855	0.9145811318792895	0.4	0.5635484553796132	0.3333333333333333	1.265805396842366	0.4	RA1074_WholeBlood-BL	RA1074_WholeBlood-BL	Whole blood	Whole blood	D-30	RA1074	3.212809917355372e-07	-6.4931149682815565	3.11	Whole blood	
A0358_S67_L001	2.3143042451047555	0.3333333333333333	4.919085981479048	0.75	0.0	0.0	6.071740234552545	1.0	0.8232892167338892	0.375	2.0539451493034164	0.42857142857142855	0.9145811318792895	0.4	0.5635484553796132	0.3333333333333333	1.265805396842366	0.4	RA1074_WholeBlood-BL	RA1074_WholeBlood-BL	Whole blood	Whole blood	D-30	RA1074	3.212809917355372e-07	-6.4931149682815565	3.11	Whole blood	
A0358_S67_L001	2.3143042451047555	0.3333333333333333	4.919085981479048	0.75	0.0	0.0	6.071740234552545	1.0	0.8232892167338892	0.375	2.0539451493034164	0.42857142857142855	0.9145811318792895	0.4	0.5635484553796132	0.3333333333333333	1.265805396842366	0.4	RA1074_WholeBlood-BL	RA1074_WholeBlood-BL	Whole blood	Whole blood	D-30	RA1074	6.940928270042195e-07	-6.158582443724111	3.29	Whole blood	
A0358_S67_L001	2.3143042451047555	0.3333333333333333	4.919085981479048	0.75	0.0	0.0	6.071740234552545	1.0	0.8232892167338892	0.375	2.0539451493034164	0.42857142857142855	0.9145811318792895	0.4	0.5635484553796132	0.3333333333333333	1.265805396842366	0.4	RA1074_WholeBlood-BL	RA1074_WholeBlood-BL	Whole blood	Whole blood	D-30	RA1074	6.940928270042195e-07	-6.158582443724111	3.29	Whole blood	
A0359_S66_L001	2.1715682161592857	0.3333333333333333	5.138255342495727	1.0	0.0	0.0	6.5411435885626945	1.0	0.8857212381701591	0.5625	1.9742501602165192	0.5714285714285714	1.1575789922089292	0.4	0.6981994090224624	0.3333333333333333	1.362691349392397	0.55	RA1074_WholeBlood-BL	RA1074_WholeBlood-BL	Whole blood	Whole blood	D-14	RA1074	3.212809917355372e-07	-6.4931149682815565	3.11	Whole blood	
A0359_S66_L001	2.1715682161592857	0.3333333333333333	5.138255342495727	1.0	0.0	0.0	6.5411435885626945	1.0	0.8857212381701591	0.5625	1.9742501602165192	0.5714285714285714	1.1575789922089292	0.4	0.6981994090224624	0.3333333333333333	1.362691349392397	0.55	RA1074_WholeBlood-BL	RA1074_WholeBlood-BL	Whole blood	Whole blood	D-14	RA1074	3.212809917355372e-07	-6.4931149682815565	3.11	Whole blood	
A0359_S66_L001	2.1715682161592857	0.3333333333333333	5.138255342495727	1.0	0.0	0.0	6.5411435885626945	1.0	0.8857212381701591	0.5625	1.9742501602165192	0.5714285714285714	1.1575789922089292	0.4	0.6981994090224624	0.3333333333333333	1.362691349392397	0.55	RA1074_WholeBlood-BL	RA1074_WholeBlood-BL	Whole blood	Whole blood	D-14	RA1074	6.940928270042195e-07	-6.158582443724111	3.29	Whole blood	
A0359_S66_L001	2.1715682161592857	0.3333333333333333	5.138255342495727	1.0	0.0	0.0	6.5411435885626945	1.0	0.8857212381701591	0.5625	1.9742501602165192	0.5714285714285714	1.1575789922089292	0.4	0.6981994090224624	0.3333333333333333	1.362691349392397	0.55	RA1074_WholeBlood-BL	RA1074_WholeBlood-BL	Whole blood	Whole blood	D-14	RA1074	6.940928270042195e-07	-6.158582443724111	3.29	Whole blood	
A0360_S65_L001	1.691280794538353	0.6666666666666666	5.25857439246244	0.75	0.0	0.0	6.666975730545319	1.0	0.695227507520758	0.375	1.7042112410686598	0.42857142857142855	0.703983760677868	0.3	0.2289163405571596	0.3333333333333333	1.2228795790711384	0.4	RA1074_WholeBlood-D2	RA1074_WholeBlood-D2	Whole blood	Whole blood	D002	RA1074	1.1199999999999999e-06	-5.950781977329818	2.8	Whole blood	
A0361_S64_L001	2.3664311287155892	0.3333333333333333	5.117297683338934	1.0	0.0	0.0	6.4930134721121675	1.0	0.7246361555058713	0.5	1.7585851788816222	0.42857142857142855	1.0223680517211275	0.3	0.5997385763196543	0.3333333333333333	1.229010271615914	0.5	RA1074_WholeBlood-D4	RA1074_WholeBlood-D4	Whole blood	Whole blood	D004	RA1074	0.00012472406181015454	-3.904049754193393	113.0	Whole blood	
A0362_S63_L001	2.3508335605486583	0.6666666666666666	5.478716785945206	1.0	0.0	0.0	6.968418886207084	1.0	0.6111988196057921	0.3125	1.7471515656045438	0.2857142857142857	1.0270997272428635	0.5	0.5864000602874118	0.3333333333333333	1.1858009443053423	0.35	RA1074_WholeBlood-D6	RA1074_WholeBlood-D6	Whole blood	Whole blood	D006	RA1074	0.1693548387096774	-0.7712023904283158	210000.0	Whole blood	
A0363_S62_L001	2.379001092136352	0.3333333333333333	5.1575025749495795	0.75	0.0	0.0	6.586125516208214	1.0	0.7140737534765452	0.4375	1.785851246532031	0.42857142857142855	1.0820892039385028	0.5	0.7117728350215676	0.3333333333333333	1.2298715544020575	0.45	RA1325_WholeBlood-BL	RA1325_WholeBlood-BL	Whole blood	Whole blood	D-30	RA1325	3.4174311926605503e-06	-5.466300220856312	2.98	Whole blood	
A0363_S62_L001	2.379001092136352	0.3333333333333333	5.1575025749495795	0.75	0.0	0.0	6.586125516208214	1.0	0.7140737534765452	0.4375	1.785851246532031	0.42857142857142855	1.0820892039385028	0.5	0.7117728350215676	0.3333333333333333	1.2298715544020575	0.45	RA1325_WholeBlood-BL	RA1325_WholeBlood-BL	Whole blood	Whole blood	D-30	RA1325	3.4174311926605503e-06	-5.466300220856312	2.98	Whole blood	
A0363_S62_L001	2.379001092136352	0.3333333333333333	5.1575025749495795	0.75	0.0	0.0	6.586125516208214	1.0	0.7140737534765452	0.4375	1.785851246532031	0.42857142857142855	1.0820892039385028	0.5	0.7117728350215676	0.3333333333333333	1.2298715544020575	0.45	RA1325_WholeBlood-BL	RA1325_WholeBlood-BL	Whole blood	Whole blood	D-30	RA1325	2.984771573604061e-06	-5.525088900085454	5.88	Whole blood	
A0363_S62_L001	2.379001092136352	0.3333333333333333	5.1575025749495795	0.75	0.0	0.0	6.586125516208214	1.0	0.7140737534765452	0.4375	1.785851246532031	0.42857142857142855	1.0820892039385028	0.5	0.7117728350215676	0.3333333333333333	1.2298715544020575	0.45	RA1325_WholeBlood-BL	RA1325_WholeBlood-BL	Whole blood	Whole blood	D-30	RA1325	2.984771573604061e-06	-5.525088900085454	5.88	Whole blood	
A0364_S61_L001	1.9366628904006158	0.3333333333333333	4.960781090358968	0.75	0.0	0.0	6.549608937629012	1.0	0.5454673032550401	0.1875	1.341878947104086	0.2857142857142857	0.779331266658602	0.4	0.36633439063970624	0.3333333333333333	1.0913347363669335	0.25	RA1325_WholeBlood-BL	RA1325_WholeBlood-BL	Whole blood	Whole blood	D-14	RA1325	3.4174311926605503e-06	-5.466300220856312	2.98	Whole blood	
A0364_S61_L001	1.9366628904006158	0.3333333333333333	4.960781090358968	0.75	0.0	0.0	6.549608937629012	1.0	0.5454673032550401	0.1875	1.341878947104086	0.2857142857142857	0.779331266658602	0.4	0.36633439063970624	0.3333333333333333	1.0913347363669335	0.25	RA1325_WholeBlood-BL	RA1325_WholeBlood-BL	Whole blood	Whole blood	D-14	RA1325	3.4174311926605503e-06	-5.466300220856312	2.98	Whole blood	
A0364_S61_L001	1.9366628904006158	0.3333333333333333	4.960781090358968	0.75	0.0	0.0	6.549608937629012	1.0	0.5454673032550401	0.1875	1.341878947104086	0.2857142857142857	0.779331266658602	0.4	0.36633439063970624	0.3333333333333333	1.0913347363669335	0.25	RA1325_WholeBlood-BL	RA1325_WholeBlood-BL	Whole blood	Whole blood	D-14	RA1325	2.984771573604061e-06	-5.525088900085454	5.88	Whole blood	
A0364_S61_L001	1.9366628904006158	0.3333333333333333	4.960781090358968	0.75	0.0	0.0	6.549608937629012	1.0	0.5454673032550401	0.1875	1.341878947104086	0.2857142857142857	0.779331266658602	0.4	0.36633439063970624	0.3333333333333333	1.0913347363669335	0.25	RA1325_WholeBlood-BL	RA1325_WholeBlood-BL	Whole blood	Whole blood	D-14	RA1325	2.984771573604061e-06	-5.525088900085454	5.88	Whole blood	
A0365_S60_L001	1.85308029975355	0.3333333333333333	4.952859674210529	0.75	0.0	0.0	6.3002788428722	1.0	0.586626567608852	0.375	1.622876653848507	0.42857142857142855	0.9935778380409321	0.3	0.2506977387920958	0.4444444444444444	1.0993291383743018	0.4	RA1325_WholeBlood-D2	RA1325_WholeBlood-D2	Whole blood	Whole blood	D002	RA1325	4.1822429906542056e-07	-6.378590738033279	1.79	Whole blood	
A0366_S59_L001	2.3332790182010847	0.3333333333333333	5.191638354852398	1.0	0.0	0.0	6.489571911566554	1.0	0.8847943071961509	0.4375	1.858403524702949	0.2857142857142857	1.005868795521086	0.4	0.5899441811852657	0.2222222222222222	1.356792636913576	0.45	RA1325_WholeBlood-D4	RA1325_WholeBlood-D4	Whole blood	Whole blood	D004	RA1325	0.00028012048192771087	-3.552655135150101	186.0	Whole blood	
A0367_S58_L001	2.2060608810027684	0.3333333333333333	5.50695194759935	1.0	0.0	0.0	6.824819911501068	1.0	0.7694306670821032	0.4375	1.8325023030728338	0.2857142857142857	1.2026906553058319	0.6	0.4016178543418232	0.2222222222222222	1.2980265248157894	0.45	RA1325_WholeBlood-D6	RA1325_WholeBlood-D6	Whole blood	Whole blood	D006	RA1325	0.0009716312056737589	-3.012498545498973	4110.0	Whole blood	
A0368_S57_L001	2.407205842329244	0.6666666666666666	5.515876067334002	1.0	0.0	0.0	6.7273920705662995	1.0	0.6705633303922707	0.375	1.8625639848838047	0.2857142857142857	1.1458871850462975	0.4	0.6485063796141879	0.4444444444444444	1.2091898713704465	0.4	RA1803_WholeBlood-BL	RA1803_WholeBlood-BL	Whole blood	Whole blood	D-30	RA1803	1.1105990783410138e-06	-5.954442691273661	4.82	Whole blood	
A0368_S57_L001	2.407205842329244	0.6666666666666666	5.515876067334002	1.0	0.0	0.0	6.7273920705662995	1.0	0.6705633303922707	0.375	1.8625639848838047	0.2857142857142857	1.1458871850462975	0.4	0.6485063796141879	0.4444444444444444	1.2091898713704465	0.4	RA1803_WholeBlood-BL	RA1803_WholeBlood-BL	Whole blood	Whole blood	D-30	RA1803	1.1105990783410138e-06	-5.954442691273661	4.82	Whole blood	
A0368_S57_L001	2.407205842329244	0.6666666666666666	5.515876067334002	1.0	0.0	0.0	6.7273920705662995	1.0	0.6705633303922707	0.375	1.8625639848838047	0.2857142857142857	1.1458871850462975	0.4	0.6485063796141879	0.4444444444444444	1.2091898713704465	0.4	RA1803_WholeBlood-BL	RA1803_WholeBlood-BL	Whole blood	Whole blood	D-30	RA1803	7.735849056603774e-07	-6.111492012881054	4.51	Whole blood	
A0368_S57_L001	2.407205842329244	0.6666666666666666	5.515876067334002	1.0	0.0	0.0	6.7273920705662995	1.0	0.6705633303922707	0.375	1.8625639848838047	0.2857142857142857	1.1458871850462975	0.4	0.6485063796141879	0.4444444444444444	1.2091898713704465	0.4	RA1803_WholeBlood-BL	RA1803_WholeBlood-BL	Whole blood	Whole blood	D-30	RA1803	7.735849056603774e-07	-6.111492012881054	4.51	Whole blood	
A0369_S56_L001	1.876293106100175	0.3333333333333333	4.773754813817675	0.75	0.28515192398900086	0.5	6.286464350961294	1.0	0.6046093627685336	0.25	1.5123855914140394	0.2857142857142857	0.7548548970822393	0.4	0.3240407542612129	0.3333333333333333	1.1408491177098565	0.35	RA1803_WholeBlood-BL	RA1803_WholeBlood-BL	Whole blood	Whole blood	D-14	RA1803	1.1105990783410138e-06	-5.954442691273661	4.82	Whole blood	
A0369_S56_L001	1.876293106100175	0.3333333333333333	4.773754813817675	0.75	0.28515192398900086	0.5	6.286464350961294	1.0	0.6046093627685336	0.25	1.5123855914140394	0.2857142857142857	0.7548548970822393	0.4	0.3240407542612129	0.3333333333333333	1.1408491177098565	0.35	RA1803_WholeBlood-BL	RA1803_WholeBlood-BL	Whole blood	Whole blood	D-14	RA1803	1.1105990783410138e-06	-5.954442691273661	4.82	Whole blood	
A0369_S56_L001	1.876293106100175	0.3333333333333333	4.773754813817675	0.75	0.28515192398900086	0.5	6.286464350961294	1.0	0.6046093627685336	0.25	1.5123855914140394	0.2857142857142857	0.7548548970822393	0.4	0.3240407542612129	0.3333333333333333	1.1408491177098565	0.35	RA1803_WholeBlood-BL	RA1803_WholeBlood-BL	Whole blood	Whole blood	D-14	RA1803	7.735849056603774e-07	-6.111492012881054	4.51	Whole blood	
A0369_S56_L001	1.876293106100175	0.3333333333333333	4.773754813817675	0.75	0.28515192398900086	0.5	6.286464350961294	1.0	0.6046093627685336	0.25	1.5123855914140394	0.2857142857142857	0.7548548970822393	0.4	0.3240407542612129	0.3333333333333333	1.1408491177098565	0.35	RA1803_WholeBlood-BL	RA1803_WholeBlood-BL	Whole blood	Whole blood	D-14	RA1803	7.735849056603774e-07	-6.111492012881054	4.51	Whole blood	
A0370_S55_L001	2.088486029855033	0.6666666666666666	5.089908115953807	1.0	0.299459407787337	0.5	6.744778308396985	1.0	0.5617252567821966	0.4375	1.8058577233287705	0.5714285714285714	0.8383714866746995	0.3	0.328235332351541	0.2222222222222222	1.1538039770441892	0.5	RA1803_WholeBlood-D2	RA1803_WholeBlood-D2	Whole blood	Whole blood	D002	RA1803	9.51219512195122e-07	-6.021719249693236	5.07	Whole blood	
A0371_S54_L001	2.4274332388789035	0.6666666666666666	5.300142033846848	1.0	0.14070798586222952	0.5	6.493052212126237	1.0	0.7807031281197871	0.5	1.7781959383551542	0.2857142857142857	1.234399297743734	0.5	0.7942273656750204	0.3333333333333333	1.2879385222946766	0.55	RA1803_WholeBlood-D4	RA1803_WholeBlood-D4	Whole blood	Whole blood	D004	RA1803	6.585365853658536e-05	-4.1814200925607485	243.0	Whole blood	
A0372_S53_L001	2.1390845258111733	0.3333333333333333	5.482782840663686	1.0	0.13075940693052515	0.5	6.488779353392742	1.0	0.7029251494378512	0.375	1.8527209666614957	0.42857142857142855	1.0622791958598055	0.4	0.7474349262908816	0.3333333333333333	1.2242939955826075	0.45	RA1803_WholeBlood-D6	RA1803_WholeBlood-D6	Whole blood	Whole blood	D006	RA1803	0.018166666666666668	-1.74072475244302	43600.0	Whole blood	
A0373_S52_L001	2.2980843352829248	0.3333333333333333	5.1699149151763555	1.0	0.14203568087321838	0.5	6.3338288762023005	1.0	0.8110549301052541	0.4375	1.8615903128747657	0.42857142857142855	1.172447862158827	0.4	0.7213678697921565	0.3333333333333333	1.296430399791755	0.5	RA0449_PBMC-D3	RA0449_PBMC-D3	PBMC	PBMC	D003	RA0449					
A0374_S51_L001	1.5111254377417016	0.3333333333333333	5.1065931417498724	1.0	0.10391147530309201	0.5	6.3792952224317165	1.0	0.5217873221439892	0.375	1.5571103443031968	0.42857142857142855	0.8621354101617849	0.5	0.19506341849418332	0.2222222222222222	1.065750527488672	0.45	RA0452_PBMC-D5	RA0452_PBMC-D5	PBMC	PBMC	D005	RA0452					
A0375_S50_L001	2.0220122995211125	0.3333333333333333	5.151960380238608	1.0	0.27136704839772274	0.5	6.576044404579895	1.0	0.6830405932348375	0.5	1.850140526829956	0.42857142857142855	1.1074587496255792	0.4	0.6218220276172195	0.4444444444444444	1.2311736198856316	0.55	RA0717_PBMC-D4	RA0717_PBMC-D4	PBMC	PBMC	D004	RA0717					
RA0449.D003_S105_L002	3.2633845654086735	0.3333333333333333	5.319928064918651	1.0	0.0	0.0	5.359284734687341	1.0	0.7250021037193812	0.3125	1.763076947331824	0.42857142857142855	0.7211269324901826	0.2	0.4833575100768738	0.2222222222222222	1.115930156444239	0.35	RA0717_Liver-L	RA0717_Liver-L	Liver	Liver	D004	RA0717	1.0607287449392713e-07	-6.97439566193992	2620.0	Liver	
RA0717_PBMC_D004_S9	2.7307848245666553	0.3333333333333333	4.753414707053956	0.75	0.0	0.0	4.982105274102409	1.0	0.23675198037200076	0.0625	1.6154369422037094	0.42857142857142855	1.082362196834054	0.3	0.0	0.0	0.6876121117078415	0.15	RA0850_Liver-L	RA0850_Liver-L	Liver	Liver	D004	RA0850	4.433962264150943e-09	-8.353208007329053	94.0	Liver	
RA0452_PBMC_D005_S10	3.2979648511659403	0.3333333333333333	5.0518755451176025	0.75	0.0	0.0	5.611394438382875	1.0	0.516184351018414	0.25	1.73343830084672	0.2857142857142857	0.9101605000377357	0.4	0.5211394609086395	0.2222222222222222	0.9740869246530186	0.3	RA1074_PBMC-D6	RA1074_PBMC-D6	PBMC	PBMC	D006	RA1074					
RA1074_PBMC_D006_S11	2.9346334465115658	0.3333333333333333	4.682836807320114	0.75	0.0	0.0	5.983756039250256	1.0	0.9469644004140758	0.3125	1.8779216644768166	0.42857142857142855	1.0364050818066977	0.3	1.0579809780892955	0.3333333333333333	1.3559471242562862	0.35	RA1325_PBMC-D6	RA1325_PBMC-D6	PBMC	PBMC	D006	RA1325					
RA1325_PBMC_D006_S12	3.216894688512489	0.3333333333333333	5.259381907352007	1.0	0.0	0.0	5.71513453256869	1.0	0.6548516385466143	0.4375	1.639072886556549	0.2857142857142857	0.8676695773943788	0.3	0.5884366563649923	0.2222222222222222	1.0953947640941606	0.45	RA1779_Liver-L	RA1779_Liver-L	Liver	Liver	D008	RA1779	3.5674157303370785e-08	-7.4476462770169185	1270.0	Liver	
RA1803_PBMC_D006_S13	3.1065543721275386	0.3333333333333333	4.961629775376398	0.75	0.0	0.0	5.6338204699163486	1.0	0.4925053433363477	0.25	1.853042237891788	0.42857142857142855	0.8594242002689821	0.3	0.5385355553601998	0.2222222222222222	0.9573863216607128	0.3	RA1803_PBMC-D6	RA1803_PBMC-D6	PBMC	PBMC	D006	RA1803					
Zyagen_D000_Adrenal.190507_long_S4	2.5874354917051905	0.6666666666666666	5.188252239746285	0.75	0.0	0.0	8.794503263214533	1.0	0.8686425855455294	0.3125	1.7363073064532293	0.5714285714285714	0.9608614711723321	0.4	0.7354371838471075	0.5555555555555556	1.574364394757877	0.35	Zyagen_D000_Adrenal.190507_long_S4	Zyagen_D000_Adrenal.190507_long_S4	Adrenal Gland	Adrenal Gland	NA	Zyagen					
Zyagen_D000_Brain.190507_long_S5	2.6138883161097723	1.0	5.060785344357276	1.0	0.0	0.0	4.5289748131805725	1.0	0.8143640374576304	0.625	1.7859353085242948	0.8571428571428571	0.9791756572052165	0.6	1.9626039022889725	0.6666666666666666	1.1043887112841617	0.6	Zyagen_D000_Brain.190507_long_S5	Zyagen_D000_Brain.190507_long_S5	Brain-Wh	Brain	NA	Zyagen					
Zyagen_D000_Kidney.190507_long_S7	2.4381860265003548	0.6666666666666666	5.261082484395823	1.0	0.0	0.0	4.493861284211706	1.0	1.1742193632968507	0.8125	1.8210191777032843	0.5714285714285714	0.9316150657452444	0.4	1.0331894465996496	0.8888888888888888	1.3887616190586514	0.75	Zyagen_D000_Kidney.190507_long_S7	Zyagen_D000_Kidney.190507_long_S7	Kidney	Kidney	NA	Zyagen					
Zyagen_D000_LN.190507_long_S6	3.1032143014777316	0.6666666666666666	5.167314192799859	1.0	0.07814683086129993	0.5	6.942605959769658	1.0	1.1848945858453859	0.6875	1.898729754259033	0.7142857142857143	1.3017126488607036	0.4	0.8582028226527072	0.6666666666666666	1.6499909477394046	0.7	Zyagen_D000_Liver.190507_long_S3	Zyagen_D000_Liver.190507_long_S3	Liver	Liver	NA	Zyagen					
Zyagen_D000_Liver.190507_long_S3	2.488238956415851	0.3333333333333333	4.578424213898655	0.75	0.0	0.0	6.513290314618297	1.0	1.031864899008244	0.4375	1.6616368569901812	0.42857142857142855	0.8182235251711862	0.4	1.0067697540838891	0.4444444444444444	1.4768209506684251	0.45	Zyagen_D000_LN.190507_long_S6	Zyagen_D000_LN.190507_long_S6	NA	Lymph node	NA	Zyagen					
Zyagen_D000_Ovary.160421_long_S15	2.9265733047246365	0.6666666666666666	4.860261771659992	1.0	0.0655757391559872	0.5	6.160041884522121	1.0	1.2910200059813728	0.875	2.7289134192686824	0.7142857142857143	1.4422036427168852	0.6	1.5558472586537841	0.7777777777777778	1.655377767152909	0.85	Zyagen_D000_Ovary.160421_long_S15	Zyagen_D000_Ovary.160421_long_S15	Ovary	Ovary	NA	Zyagen					
Zyagen_D000_Skin.190507_long_S2	2.960186634072615	0.6666666666666666	4.82423271225416	0.75	0.3451066077135287	0.5	7.528714732923985	1.0	1.2558160712849962	0.75	1.7179585124098058	0.7142857142857143	1.1950756165726342	0.6	1.375015323970966	0.6666666666666666	1.7920349910917484	0.75	Zyagen_D000_Skin.190507_long_S2	Zyagen_D000_Skin.190507_long_S2	Skin	Skin	NA	Zyagen					
Zyagen_D000_SpinalCord.190507_long_S8	3.11699631512167	0.6666666666666666	5.001342531240844	1.0	0.0	0.0	4.036893208821714	1.0	1.059496058230601	0.8125	1.7379646618804725	0.7142857142857143	0.8089056924322376	0.4	1.3500993286456215	0.7777777777777778	1.251286167466652	0.75	Zyagen_D000_SpinalCord.190507_long_S8	Zyagen_D000_SpinalCord.190507_long_S8	SpinalCord	SpinalCord	NA	Zyagen					
Zyagen_D000_Spleen.190507_long_S1	3.0778729141447836	0.6666666666666666	5.153110754031807	1.0	0.5058753603124818	0.5	5.160927758841137	1.0	1.1490819803669354	0.75	1.6894771246855114	0.5714285714285714	1.2180707551466634	0.4	0.8549862005956581	0.4444444444444444	1.48594589620891	0.75	Zyagen_D000_Spleen.190507_long_S1	Zyagen_D000_Spleen.190507_long_S1	Spleen	Spleen	NA	Zyagen					
Zyagen_D000_Testis.160421_long_S16	2.7651576111709253	0.6666666666666666	5.0991415278140595	1.0	0.0	0.0	5.37701093711468	1.0	1.4172725095045267	0.875	2.07373495801733	0.8571428571428571	1.5693135489395307	0.7	1.431873397740111	0.7777777777777778	1.671519101315089	0.8	Zyagen_D000_Testis.160421_long_S16	Zyagen_D000_Testis.160421_long_S16	Testis	Testis	NA	Zyagen					
