path	size_bytes	decision	reason	proposed_category
_coord/_round_S_20261002/analysis/__pycache__/s1_recompute.cpython-314.pyc	38921	no	轮次过程件（对齐/碰撞/校验 JSON、日志、说明文本），可重算且非数据	08_out_of_scope_and_superseded
_coord/_round_S_20261002/analysis/__pycache__/s2_refcheck.cpython-314.pyc	10903	no	轮次过程件（对齐/碰撞/校验 JSON、日志、说明文本），可重算且非数据	08_out_of_scope_and_superseded
_coord/_round_S_20261002/analysis/agent_analysis.S1.md	4530	no	轮次过程件（对齐/碰撞/校验 JSON、日志、说明文本），可重算且非数据	08_out_of_scope_and_superseded
_coord/_round_S_20261002/analysis/analysis_defect_table.md	32264	no	轮次过程件（对齐/碰撞/校验 JSON、日志、说明文本），可重算且非数据	08_out_of_scope_and_superseded
_coord/_round_S_20261002/analysis/analysis_evidence.md	10406	no	轮次过程件（对齐/碰撞/校验 JSON、日志、说明文本），可重算且非数据	08_out_of_scope_and_superseded
_coord/_round_S_20261002/analysis/analysis_new_findings.md	6803	no	轮次过程件（对齐/碰撞/校验 JSON、日志、说明文本），可重算且非数据	08_out_of_scope_and_superseded
_coord/_round_S_20261002/analysis/analysis_strengthening_plan.md	17725	no	轮次过程件（对齐/碰撞/校验 JSON、日志、说明文本），可重算且非数据	08_out_of_scope_and_superseded
_coord/_round_S_20261002/analysis/s1_gse46599_auc_grid.tsv	902	no	轮次过程件（对齐/碰撞/校验 JSON、日志、说明文本），可重算且非数据	08_out_of_scope_and_superseded
_coord/_round_S_20261002/analysis/s1_recompute_output.txt	8074	no	轮次过程件（对齐/碰撞/校验 JSON、日志、说明文本），可重算且非数据	08_out_of_scope_and_superseded
_coord/_round_S_20261002/analysis/s2_refcheck.json	10615	no	轮次过程件（对齐/碰撞/校验 JSON、日志、说明文本），可重算且非数据	08_out_of_scope_and_superseded
_coord/_round_S_20261002/editor/S_补充全文_v12_uncompressed.md	37709	no	轮次过程件（对齐/碰撞/校验 JSON、日志、说明文本），可重算且非数据	08_out_of_scope_and_superseded
_coord/_round_S_20261002/editor/_before_stats.py	1398	no	绘图样式脚本或一次性核查/装配过程脚本（非产出数值的分析脚本）	08_out_of_scope_and_superseded
_coord/_round_S_20261002/editor/_coverage_scan.py	1448	no	绘图样式脚本或一次性核查/装配过程脚本（非产出数值的分析脚本）	08_out_of_scope_and_superseded
_coord/_round_S_20261002/editor/_dedup_candidates.py	1895	no	绘图样式脚本或一次性核查/装配过程脚本（非产出数值的分析脚本）	08_out_of_scope_and_superseded
_coord/_round_S_20261002/editor/_dup_scan.py	1702	no	绘图样式脚本或一次性核查/装配过程脚本（非产出数值的分析脚本）	08_out_of_scope_and_superseded
_coord/_round_S_20261002/editor/_fix_diff.py	1195	no	绘图样式脚本或一次性核查/装配过程脚本（非产出数值的分析脚本）	08_out_of_scope_and_superseded
_coord/_round_S_20261002/editor/_long_sent.py	1134	no	绘图样式脚本或一次性核查/装配过程脚本（非产出数值的分析脚本）	08_out_of_scope_and_superseded
_coord/_round_S_20261002/editor/_long_sent_supp.py	2193	no	绘图样式脚本或一次性核查/装配过程脚本（非产出数值的分析脚本）	08_out_of_scope_and_superseded
_coord/_round_S_20261002/editor/_measure.py	2596	no	绘图样式脚本或一次性核查/装配过程脚本（非产出数值的分析脚本）	08_out_of_scope_and_superseded
_coord/_round_S_20261002/editor/_number_check.py	1801	no	绘图样式脚本或一次性核查/装配过程脚本（非产出数值的分析脚本）	08_out_of_scope_and_superseded
_coord/_round_S_20261002/editor/_section_coverage.py	1667	no	绘图样式脚本或一次性核查/装配过程脚本（非产出数值的分析脚本）	08_out_of_scope_and_superseded
_coord/_round_S_20261002/editor/_supp_measure.py	4312	no	绘图样式脚本或一次性核查/装配过程脚本（非产出数值的分析脚本）	08_out_of_scope_and_superseded
_coord/_round_S_20261002/editor/_supp_number_check.py	2523	no	绘图样式脚本或一次性核查/装配过程脚本（非产出数值的分析脚本）	08_out_of_scope_and_superseded
_coord/_round_S_20261002/editor/_variants.py	1242	no	绘图样式脚本或一次性核查/装配过程脚本（非产出数值的分析脚本）	08_out_of_scope_and_superseded
_coord/_round_S_20261002/editor/agent_editor.S1.md	5300	no	轮次过程件（对齐/碰撞/校验 JSON、日志、说明文本），可重算且非数据	08_out_of_scope_and_superseded
_coord/_round_S_20261002/editor/editor_author_placeholders.md	5961	no	轮次过程件（对齐/碰撞/校验 JSON、日志、说明文本），可重算且非数据	08_out_of_scope_and_superseded
_coord/_round_S_20261002/editor/editor_compression_audit.md	11684	no	轮次过程件（对齐/碰撞/校验 JSON、日志、说明文本），可重算且非数据	08_out_of_scope_and_superseded
_coord/_round_S_20261002/editor/editor_defect_table.md	8303	no	轮次过程件（对齐/碰撞/校验 JSON、日志、说明文本），可重算且非数据	08_out_of_scope_and_superseded
_coord/_round_S_20261002/editor/editor_fix_ledger.md	13962	no	轮次过程件（对齐/碰撞/校验 JSON、日志、说明文本），可重算且非数据	08_out_of_scope_and_superseded
_coord/_round_S_20261002/editor/editor_revised_fulltext.md	65627	no	轮次过程件（对齐/碰撞/校验 JSON、日志、说明文本），可重算且非数据	08_out_of_scope_and_superseded
_coord/_round_S_20261002/editor/editor_three_pieces.md	7926	no	轮次过程件（对齐/碰撞/校验 JSON、日志、说明文本），可重算且非数据	08_out_of_scope_and_superseded
_coord/_round_S_20261002/editor/supp_compressed.md	43398	no	轮次过程件（对齐/碰撞/校验 JSON、日志、说明文本），可重算且非数据	08_out_of_scope_and_superseded
_coord/_round_S_20261002/editor/supp_compression_audit.md	30084	no	轮次过程件（对齐/碰撞/校验 JSON、日志、说明文本），可重算且非数据	08_out_of_scope_and_superseded
_coord/_round_S_20261002/editor/supp_fix_ledger.md	13927	no	轮次过程件（对齐/碰撞/校验 JSON、日志、说明文本），可重算且非数据	08_out_of_scope_and_superseded
_coord/_round_S_20261002/figures/Fig1_configuration.alignment.json	2049	no	轮次过程件（对齐/碰撞/校验 JSON、日志、说明文本），可重算且非数据	08_out_of_scope_and_superseded
_coord/_round_S_20261002/figures/Fig1_configuration.alignment.svg	1169	no	渲染成图/布局 PDF，不是数值源数据	08_out_of_scope_and_superseded
_coord/_round_S_20261002/figures/Fig1_configuration.collision-audit.json	514	no	轮次过程件（对齐/碰撞/校验 JSON、日志、说明文本），可重算且非数据	08_out_of_scope_and_superseded
_coord/_round_S_20261002/figures/Fig1_configuration.eps	1240628	no	渲染成图/布局 PDF，不是数值源数据	08_out_of_scope_and_superseded
_coord/_round_S_20261002/figures/Fig1_configuration.pdf	208475	no	渲染成图/布局 PDF，不是数值源数据	08_out_of_scope_and_superseded
_coord/_round_S_20261002/figures/Fig1_configuration.png	1988208	no	渲染成图/布局 PDF，不是数值源数据	08_out_of_scope_and_superseded
_coord/_round_S_20261002/figures/Fig1_configuration.py	17289	no	绘图样式脚本或一次性核查/装配过程脚本（非产出数值的分析脚本）	08_out_of_scope_and_superseded
_coord/_round_S_20261002/figures/Fig1_configuration.svg	278888	no	渲染成图/布局 PDF，不是数值源数据	08_out_of_scope_and_superseded
_coord/_round_S_20261002/figures/Fig1_configuration.tiff	23712886	no	渲染成图/布局 PDF，不是数值源数据	08_out_of_scope_and_superseded
_coord/_round_S_20261002/figures/Fig2_partition.alignment.json	2613	no	轮次过程件（对齐/碰撞/校验 JSON、日志、说明文本），可重算且非数据	08_out_of_scope_and_superseded
_coord/_round_S_20261002/figures/Fig2_partition.alignment.svg	1169	no	渲染成图/布局 PDF，不是数值源数据	08_out_of_scope_and_superseded
_coord/_round_S_20261002/figures/Fig2_partition.collision-audit.json	572	no	轮次过程件（对齐/碰撞/校验 JSON、日志、说明文本），可重算且非数据	08_out_of_scope_and_superseded
_coord/_round_S_20261002/figures/Fig2_partition.collision-audit.pdf	65476	no	渲染成图/布局 PDF，不是数值源数据	08_out_of_scope_and_superseded
_coord/_round_S_20261002/figures/Fig2_partition.eps	665480	no	渲染成图/布局 PDF，不是数值源数据	08_out_of_scope_and_superseded
_coord/_round_S_20261002/figures/Fig2_partition.pdf	63997	no	渲染成图/布局 PDF，不是数值源数据	08_out_of_scope_and_superseded
_coord/_round_S_20261002/figures/Fig2_partition.png	665664	no	渲染成图/布局 PDF，不是数值源数据	08_out_of_scope_and_superseded
_coord/_round_S_20261002/figures/Fig2_partition.py	12465	no	绘图样式脚本或一次性核查/装配过程脚本（非产出数值的分析脚本）	08_out_of_scope_and_superseded
_coord/_round_S_20261002/figures/Fig2_partition.svg	88755	no	渲染成图/布局 PDF，不是数值源数据	08_out_of_scope_and_superseded
_coord/_round_S_20261002/figures/Fig2_partition.tiff	47859886	no	渲染成图/布局 PDF，不是数值源数据	08_out_of_scope_and_superseded
_coord/_round_S_20261002/figures/Fig2_partition_source.tsv	27444	no	S 轮 Fig. 2 源数据，已被 U 轮 _coord/_round_U_20261002/figures/Fig2_partition_source.tsv 取代（T/U 轮口径：Fig. 2 以 U 轮为准），不入库	08_out_of_scope_and_superseded
_coord/_round_S_20261002/figures/Fig3_joint_axis.alignment.json	2464	no	轮次过程件（对齐/碰撞/校验 JSON、日志、说明文本），可重算且非数据	08_out_of_scope_and_superseded
_coord/_round_S_20261002/figures/Fig3_joint_axis.alignment.svg	956	no	渲染成图/布局 PDF，不是数值源数据	08_out_of_scope_and_superseded
_coord/_round_S_20261002/figures/Fig3_joint_axis.collision-audit.json	574	no	轮次过程件（对齐/碰撞/校验 JSON、日志、说明文本），可重算且非数据	08_out_of_scope_and_superseded
_coord/_round_S_20261002/figures/Fig3_joint_axis.collision-audit.pdf	56033	no	渲染成图/布局 PDF，不是数值源数据	08_out_of_scope_and_superseded
_coord/_round_S_20261002/figures/Fig3_joint_axis.eps	234645	no	渲染成图/布局 PDF，不是数值源数据	08_out_of_scope_and_superseded
_coord/_round_S_20261002/figures/Fig3_joint_axis.pdf	55469	no	渲染成图/布局 PDF，不是数值源数据	08_out_of_scope_and_superseded
_coord/_round_S_20261002/figures/Fig3_joint_axis.png	502768	no	渲染成图/布局 PDF，不是数值源数据	08_out_of_scope_and_superseded
_coord/_round_S_20261002/figures/Fig3_joint_axis.py	18924	no	绘图样式脚本或一次性核查/装配过程脚本（非产出数值的分析脚本）	08_out_of_scope_and_superseded
_coord/_round_S_20261002/figures/Fig3_joint_axis.svg	98633	no	渲染成图/布局 PDF，不是数值源数据	08_out_of_scope_and_superseded
_coord/_round_S_20261002/figures/Fig3_joint_axis.tiff	39269526	no	渲染成图/布局 PDF，不是数值源数据	08_out_of_scope_and_superseded
_coord/_round_S_20261002/figures/Fig3_joint_axis_source.tsv	16565	no	S 轮 Fig. 3 源数据，已被 T 轮 _coord/_round_T_20261002/figures/Fig3_joint_axis_source.tsv 取代，不入库	08_out_of_scope_and_superseded
_coord/_round_S_20261002/figures/FigS1_tone_tracking.alignment.json	2975	no	轮次过程件（对齐/碰撞/校验 JSON、日志、说明文本），可重算且非数据	08_out_of_scope_and_superseded
_coord/_round_S_20261002/figures/FigS1_tone_tracking.alignment.svg	1165	no	渲染成图/布局 PDF，不是数值源数据	08_out_of_scope_and_superseded
_coord/_round_S_20261002/figures/FigS1_tone_tracking.collision-audit.json	574	no	轮次过程件（对齐/碰撞/校验 JSON、日志、说明文本），可重算且非数据	08_out_of_scope_and_superseded
_coord/_round_S_20261002/figures/FigS1_tone_tracking.eps	183163	no	渲染成图/布局 PDF，不是数值源数据	08_out_of_scope_and_superseded
_coord/_round_S_20261002/figures/FigS1_tone_tracking.pdf	48624	no	渲染成图/布局 PDF，不是数值源数据	08_out_of_scope_and_superseded
_coord/_round_S_20261002/figures/FigS1_tone_tracking.png	444453	no	渲染成图/布局 PDF，不是数值源数据	08_out_of_scope_and_superseded
_coord/_round_S_20261002/figures/FigS1_tone_tracking.py	12022	no	绘图样式脚本或一次性核查/装配过程脚本（非产出数值的分析脚本）	08_out_of_scope_and_superseded
_coord/_round_S_20261002/figures/FigS1_tone_tracking.svg	41569	no	渲染成图/布局 PDF，不是数值源数据	08_out_of_scope_and_superseded
_coord/_round_S_20261002/figures/FigS1_tone_tracking.tiff	29955374	no	渲染成图/布局 PDF，不是数值源数据	08_out_of_scope_and_superseded
_coord/_round_S_20261002/figures/FigS2_check_and_gaps.alignment.json	2983	no	轮次过程件（对齐/碰撞/校验 JSON、日志、说明文本），可重算且非数据	08_out_of_scope_and_superseded
_coord/_round_S_20261002/figures/FigS2_check_and_gaps.alignment.svg	1165	no	渲染成图/布局 PDF，不是数值源数据	08_out_of_scope_and_superseded
_coord/_round_S_20261002/figures/FigS2_check_and_gaps.collision-audit.json	576	no	轮次过程件（对齐/碰撞/校验 JSON、日志、说明文本），可重算且非数据	08_out_of_scope_and_superseded
_coord/_round_S_20261002/figures/FigS2_check_and_gaps.eps	218207	no	渲染成图/布局 PDF，不是数值源数据	08_out_of_scope_and_superseded
_coord/_round_S_20261002/figures/FigS2_check_and_gaps.pdf	53686	no	渲染成图/布局 PDF，不是数值源数据	08_out_of_scope_and_superseded
_coord/_round_S_20261002/figures/FigS2_check_and_gaps.png	387349	no	渲染成图/布局 PDF，不是数值源数据	08_out_of_scope_and_superseded
_coord/_round_S_20261002/figures/FigS2_check_and_gaps.py	12760	no	绘图样式脚本或一次性核查/装配过程脚本（非产出数值的分析脚本）	08_out_of_scope_and_superseded
_coord/_round_S_20261002/figures/FigS2_check_and_gaps.svg	55276	no	渲染成图/布局 PDF，不是数值源数据	08_out_of_scope_and_superseded
_coord/_round_S_20261002/figures/FigS2_check_and_gaps.tiff	35719106	no	渲染成图/布局 PDF，不是数值源数据	08_out_of_scope_and_superseded
_coord/_round_S_20261002/figures/FigS3_configuration_support.collision-audit.json	580	no	轮次过程件（对齐/碰撞/校验 JSON、日志、说明文本），可重算且非数据	08_out_of_scope_and_superseded
_coord/_round_S_20261002/figures/FigS3_configuration_support.py	7534	no	绘图样式脚本或一次性核查/装配过程脚本（非产出数值的分析脚本）	08_out_of_scope_and_superseded
_coord/_round_S_20261002/figures/FigS4_nasal_epithelium.alignment.json	2175	no	轮次过程件（对齐/碰撞/校验 JSON、日志、说明文本），可重算且非数据	08_out_of_scope_and_superseded
_coord/_round_S_20261002/figures/FigS4_nasal_epithelium.alignment.svg	1169	no	渲染成图/布局 PDF，不是数值源数据	08_out_of_scope_and_superseded
_coord/_round_S_20261002/figures/FigS4_nasal_epithelium.collision-audit.json	582	no	轮次过程件（对齐/碰撞/校验 JSON、日志、说明文本），可重算且非数据	08_out_of_scope_and_superseded
_coord/_round_S_20261002/figures/FigS4_nasal_epithelium.collision-audit.pdf	51402	no	渲染成图/布局 PDF，不是数值源数据	08_out_of_scope_and_superseded
_coord/_round_S_20261002/figures/FigS4_nasal_epithelium.pdf	50541	no	渲染成图/布局 PDF，不是数值源数据	08_out_of_scope_and_superseded
_coord/_round_S_20261002/figures/FigS4_nasal_epithelium.png	585512	no	渲染成图/布局 PDF，不是数值源数据	08_out_of_scope_and_superseded
_coord/_round_S_20261002/figures/FigS4_nasal_epithelium.py	11002	no	绘图样式脚本或一次性核查/装配过程脚本（非产出数值的分析脚本）	08_out_of_scope_and_superseded
_coord/_round_S_20261002/figures/FigS4_nasal_epithelium.svg	121597	no	渲染成图/布局 PDF，不是数值源数据	08_out_of_scope_and_superseded
_coord/_round_S_20261002/figures/FigS4_nasal_epithelium.tiff	86756126	no	渲染成图/布局 PDF，不是数值源数据	08_out_of_scope_and_superseded
_coord/_round_S_20261002/figures/FigS_configuration_support.alignment.json	1686	no	轮次过程件（对齐/碰撞/校验 JSON、日志、说明文本），可重算且非数据	08_out_of_scope_and_superseded
_coord/_round_S_20261002/figures/FigS_configuration_support.alignment.svg	741	no	渲染成图/布局 PDF，不是数值源数据	08_out_of_scope_and_superseded
_coord/_round_S_20261002/figures/FigS_configuration_support.eps	159084	no	渲染成图/布局 PDF，不是数值源数据	08_out_of_scope_and_superseded
_coord/_round_S_20261002/figures/FigS_configuration_support.pdf	44117	no	渲染成图/布局 PDF，不是数值源数据	08_out_of_scope_and_superseded
_coord/_round_S_20261002/figures/FigS_configuration_support.png	227719	no	渲染成图/布局 PDF，不是数值源数据	08_out_of_scope_and_superseded
_coord/_round_S_20261002/figures/FigS_configuration_support.svg	25660	no	渲染成图/布局 PDF，不是数值源数据	08_out_of_scope_and_superseded
_coord/_round_S_20261002/figures/FigS_configuration_support.tiff	27133422	no	渲染成图/布局 PDF，不是数值源数据	08_out_of_scope_and_superseded
_coord/_round_S_20261002/figures/__pycache__/Fig1_configuration.cpython-314.pyc	20348	no	轮次过程件（对齐/碰撞/校验 JSON、日志、说明文本），可重算且非数据	08_out_of_scope_and_superseded
_coord/_round_S_20261002/figures/__pycache__/figstyle.cpython-314.pyc	11049	no	轮次过程件（对齐/碰撞/校验 JSON、日志、说明文本），可重算且非数据	08_out_of_scope_and_superseded
_coord/_round_S_20261002/figures/_backup_pre_fig1a_palette_20261002/Fig1_configuration.png	1970985	no	渲染成图/布局 PDF，不是数值源数据	08_out_of_scope_and_superseded
_coord/_round_S_20261002/figures/_backup_pre_fig1a_palette_20261002/Fig1_configuration.py	16484	no	绘图样式脚本或一次性核查/装配过程脚本（非产出数值的分析脚本）	08_out_of_scope_and_superseded
_coord/_round_S_20261002/figures/_backup_pre_fig1a_relayout_20261002/Fig1_configuration.alignment.json	2049	no	轮次过程件（对齐/碰撞/校验 JSON、日志、说明文本），可重算且非数据	08_out_of_scope_and_superseded
_coord/_round_S_20261002/figures/_backup_pre_fig1a_relayout_20261002/Fig1_configuration.alignment.svg	1169	no	渲染成图/布局 PDF，不是数值源数据	08_out_of_scope_and_superseded
_coord/_round_S_20261002/figures/_backup_pre_fig1a_relayout_20261002/Fig1_configuration.collision-audit.json	574	no	轮次过程件（对齐/碰撞/校验 JSON、日志、说明文本），可重算且非数据	08_out_of_scope_and_superseded
_coord/_round_S_20261002/figures/_backup_pre_fig1a_relayout_20261002/Fig1_configuration.eps	1239960	no	渲染成图/布局 PDF，不是数值源数据	08_out_of_scope_and_superseded
_coord/_round_S_20261002/figures/_backup_pre_fig1a_relayout_20261002/Fig1_configuration.pdf	208624	no	渲染成图/布局 PDF，不是数值源数据	08_out_of_scope_and_superseded
_coord/_round_S_20261002/figures/_backup_pre_fig1a_relayout_20261002/Fig1_configuration.png	1967829	no	渲染成图/布局 PDF，不是数值源数据	08_out_of_scope_and_superseded
_coord/_round_S_20261002/figures/_backup_pre_fig1a_relayout_20261002/Fig1_configuration.py	15098	no	绘图样式脚本或一次性核查/装配过程脚本（非产出数值的分析脚本）	08_out_of_scope_and_superseded
_coord/_round_S_20261002/figures/_backup_pre_fig1a_relayout_20261002/Fig1_configuration.svg	279080	no	渲染成图/布局 PDF，不是数值源数据	08_out_of_scope_and_superseded
_coord/_round_S_20261002/figures/_backup_pre_fig1a_relayout_20261002/Fig1_configuration.tiff	24438942	no	渲染成图/布局 PDF，不是数值源数据	08_out_of_scope_and_superseded
_coord/_round_S_20261002/figures/_backup_pre_fig1b_dash_20261002/Fig1_configuration.pdf	208339	no	渲染成图/布局 PDF，不是数值源数据	08_out_of_scope_and_superseded
_coord/_round_S_20261002/figures/_backup_pre_fig1b_dash_20261002/Fig1_configuration.png	1966195	no	渲染成图/布局 PDF，不是数值源数据	08_out_of_scope_and_superseded
_coord/_round_S_20261002/figures/_backup_pre_fig1b_dash_20261002/Fig1_configuration.py	16593	no	绘图样式脚本或一次性核查/装配过程脚本（非产出数值的分析脚本）	08_out_of_scope_and_superseded
_coord/_round_S_20261002/figures/_backup_pre_fig1b_dash_20261002/Fig1_configuration.svg	278546	no	渲染成图/布局 PDF，不是数值源数据	08_out_of_scope_and_superseded
_coord/_round_S_20261002/figures/_source_media/BDBV_VP24_restriction_gradient_Supplementary_v11_20261002/document.xml	72054	no	轮次过程件（对齐/碰撞/校验 JSON、日志、说明文本），可重算且非数据	08_out_of_scope_and_superseded
_coord/_round_S_20261002/figures/_source_media/BDBV_VP24_restriction_gradient_Supplementary_v11_20261002/image1.png	446261	no	渲染成图/布局 PDF，不是数值源数据	08_out_of_scope_and_superseded
_coord/_round_S_20261002/figures/_source_media/BDBV_VP24_restriction_gradient_Supplementary_v11_20261002/image2.png	395991	no	渲染成图/布局 PDF，不是数值源数据	08_out_of_scope_and_superseded
_coord/_round_S_20261002/figures/_source_media/BDBV_VP24_restriction_gradient_Supplementary_v11_20261002/image3.png	230965	no	渲染成图/布局 PDF，不是数值源数据	08_out_of_scope_and_superseded
_coord/_round_S_20261002/figures/_source_media/BDBV_VP24_restriction_gradient_Supplementary_v11_20261002/image4.png	605323	no	渲染成图/布局 PDF，不是数值源数据	08_out_of_scope_and_superseded
_coord/_round_S_20261002/figures/_source_media/BDBV_VP24_restriction_gradient_v11_20261002/document.xml	112735	no	轮次过程件（对齐/碰撞/校验 JSON、日志、说明文本），可重算且非数据	08_out_of_scope_and_superseded
_coord/_round_S_20261002/figures/_source_media/BDBV_VP24_restriction_gradient_v11_20261002/image1.png	1983413	no	渲染成图/布局 PDF，不是数值源数据	08_out_of_scope_and_superseded
_coord/_round_S_20261002/figures/_source_media/BDBV_VP24_restriction_gradient_v11_20261002/image2.png	646554	no	渲染成图/布局 PDF，不是数值源数据	08_out_of_scope_and_superseded
_coord/_round_S_20261002/figures/_source_media/BDBV_VP24_restriction_gradient_v11_20261002/image3.png	597159	no	渲染成图/布局 PDF，不是数值源数据	08_out_of_scope_and_superseded
_coord/_round_S_20261002/figures/_source_media/BDBV_VP24_restriction_gradient_v11_20261002/image4.png	64121	no	渲染成图/布局 PDF，不是数值源数据	08_out_of_scope_and_superseded
_coord/_round_S_20261002/figures/agent_figures.S1.md	5356	no	轮次过程件（对齐/碰撞/校验 JSON、日志、说明文本），可重算且非数据	08_out_of_scope_and_superseded
_coord/_round_S_20261002/figures/build_number_consistency.py	10662	no	绘图样式脚本或一次性核查/装配过程脚本（非产出数值的分析脚本）	08_out_of_scope_and_superseded
_coord/_round_S_20261002/figures/figstyle.py	11910	no	绘图样式脚本或一次性核查/装配过程脚本（非产出数值的分析脚本）	08_out_of_scope_and_superseded
_coord/_round_S_20261002/figures/figures_captions_revised.md	16103	no	轮次过程件（对齐/碰撞/校验 JSON、日志、说明文本），可重算且非数据	08_out_of_scope_and_superseded
_coord/_round_S_20261002/figures/figures_diagnosis.md	16864	no	轮次过程件（对齐/碰撞/校验 JSON、日志、说明文本），可重算且非数据	08_out_of_scope_and_superseded
_coord/_round_S_20261002/figures/figures_new/Fig1_configuration.alignment.json	2049	no	轮次过程件（对齐/碰撞/校验 JSON、日志、说明文本），可重算且非数据	08_out_of_scope_and_superseded
_coord/_round_S_20261002/figures/figures_new/Fig1_configuration.collision-audit.json	574	no	轮次过程件（对齐/碰撞/校验 JSON、日志、说明文本），可重算且非数据	08_out_of_scope_and_superseded
_coord/_round_S_20261002/figures/figures_new/Fig1_configuration.pdf	208624	no	渲染成图/布局 PDF，不是数值源数据	08_out_of_scope_and_superseded
_coord/_round_S_20261002/figures/figures_new/Fig1_configuration.png	1988208	no	渲染成图/布局 PDF，不是数值源数据	08_out_of_scope_and_superseded
_coord/_round_S_20261002/figures/figures_new/Fig1_configuration.svg	279080	no	渲染成图/布局 PDF，不是数值源数据	08_out_of_scope_and_superseded
_coord/_round_S_20261002/figures/figures_new/Fig2_partition.alignment.json	2613	no	轮次过程件（对齐/碰撞/校验 JSON、日志、说明文本），可重算且非数据	08_out_of_scope_and_superseded
_coord/_round_S_20261002/figures/figures_new/Fig2_partition.collision-audit.json	572	no	轮次过程件（对齐/碰撞/校验 JSON、日志、说明文本），可重算且非数据	08_out_of_scope_and_superseded
_coord/_round_S_20261002/figures/figures_new/Fig2_partition.pdf	63997	no	渲染成图/布局 PDF，不是数值源数据	08_out_of_scope_and_superseded
_coord/_round_S_20261002/figures/figures_new/Fig2_partition.png	665664	no	渲染成图（位图/矢量/矢量导出），不是数值源数据；删掉后可由源表与脚本重算（§3.7 生成物对照）	08_out_of_scope_and_superseded
_coord/_round_S_20261002/figures/figures_new/Fig2_partition.svg	88755	no	渲染成图/布局 PDF，不是数值源数据	08_out_of_scope_and_superseded
_coord/_round_S_20261002/figures/figures_new/Fig2_partition_source.tsv	27444	no	S 轮 figures_new/Fig. 2 源数据，已被 U 轮同源数据取代，不入库	08_out_of_scope_and_superseded
_coord/_round_S_20261002/figures/figures_new/Fig3_joint_axis.alignment.json	2464	no	轮次过程件（对齐/碰撞/校验 JSON、日志、说明文本），可重算且非数据	08_out_of_scope_and_superseded
_coord/_round_S_20261002/figures/figures_new/Fig3_joint_axis.collision-audit.json	574	no	轮次过程件（对齐/碰撞/校验 JSON、日志、说明文本），可重算且非数据	08_out_of_scope_and_superseded
_coord/_round_S_20261002/figures/figures_new/Fig3_joint_axis.pdf	55469	no	渲染成图/布局 PDF，不是数值源数据	08_out_of_scope_and_superseded
_coord/_round_S_20261002/figures/figures_new/Fig3_joint_axis.png	502768	no	渲染成图/布局 PDF，不是数值源数据	08_out_of_scope_and_superseded
_coord/_round_S_20261002/figures/figures_new/Fig3_joint_axis.svg	98633	no	渲染成图/布局 PDF，不是数值源数据	08_out_of_scope_and_superseded
_coord/_round_S_20261002/figures/figures_new/Fig3_joint_axis_source.tsv	16565	no	S 轮 figures_new/Fig. 3 源数据，已被 T 轮同源数据取代，不入库	08_out_of_scope_and_superseded
_coord/_round_S_20261002/figures/figures_new/FigS1_tone_tracking.alignment.json	2975	no	轮次过程件（对齐/碰撞/校验 JSON、日志、说明文本），可重算且非数据	08_out_of_scope_and_superseded
_coord/_round_S_20261002/figures/figures_new/FigS1_tone_tracking.collision-audit.json	574	no	轮次过程件（对齐/碰撞/校验 JSON、日志、说明文本），可重算且非数据	08_out_of_scope_and_superseded
_coord/_round_S_20261002/figures/figures_new/FigS1_tone_tracking.pdf	48624	no	渲染成图/布局 PDF，不是数值源数据	08_out_of_scope_and_superseded
_coord/_round_S_20261002/figures/figures_new/FigS1_tone_tracking.png	444453	no	渲染成图（位图/矢量/矢量导出），不是数值源数据；删掉后可由源表与脚本重算（§3.7 生成物对照）	08_out_of_scope_and_superseded
_coord/_round_S_20261002/figures/figures_new/FigS1_tone_tracking.svg	41569	no	渲染成图/布局 PDF，不是数值源数据	08_out_of_scope_and_superseded
_coord/_round_S_20261002/figures/figures_new/FigS2_check_and_gaps.alignment.json	2983	no	轮次过程件（对齐/碰撞/校验 JSON、日志、说明文本），可重算且非数据	08_out_of_scope_and_superseded
_coord/_round_S_20261002/figures/figures_new/FigS2_check_and_gaps.collision-audit.json	576	no	轮次过程件（对齐/碰撞/校验 JSON、日志、说明文本），可重算且非数据	08_out_of_scope_and_superseded
_coord/_round_S_20261002/figures/figures_new/FigS2_check_and_gaps.pdf	53686	no	渲染成图/布局 PDF，不是数值源数据	08_out_of_scope_and_superseded
_coord/_round_S_20261002/figures/figures_new/FigS2_check_and_gaps.png	387349	no	渲染成图/布局 PDF，不是数值源数据	08_out_of_scope_and_superseded
_coord/_round_S_20261002/figures/figures_new/FigS2_check_and_gaps.svg	55276	no	渲染成图/布局 PDF，不是数值源数据	08_out_of_scope_and_superseded
_coord/_round_S_20261002/figures/figures_new/FigS3_configuration_support.alignment.json	1686	no	轮次过程件（对齐/碰撞/校验 JSON、日志、说明文本），可重算且非数据	08_out_of_scope_and_superseded
_coord/_round_S_20261002/figures/figures_new/FigS3_configuration_support.collision-audit.json	580	no	轮次过程件（对齐/碰撞/校验 JSON、日志、说明文本），可重算且非数据	08_out_of_scope_and_superseded
_coord/_round_S_20261002/figures/figures_new/FigS3_configuration_support.pdf	44117	no	渲染成图/布局 PDF，不是数值源数据	08_out_of_scope_and_superseded
_coord/_round_S_20261002/figures/figures_new/FigS3_configuration_support.png	227719	no	渲染成图/布局 PDF，不是数值源数据	08_out_of_scope_and_superseded
_coord/_round_S_20261002/figures/figures_new/FigS3_configuration_support.svg	25660	no	渲染成图/布局 PDF，不是数值源数据	08_out_of_scope_and_superseded
_coord/_round_S_20261002/figures/figures_new/FigS4_nasal_epithelium.alignment.json	2175	no	轮次过程件（对齐/碰撞/校验 JSON、日志、说明文本），可重算且非数据	08_out_of_scope_and_superseded
_coord/_round_S_20261002/figures/figures_new/FigS4_nasal_epithelium.collision-audit.json	582	no	轮次过程件（对齐/碰撞/校验 JSON、日志、说明文本），可重算且非数据	08_out_of_scope_and_superseded
_coord/_round_S_20261002/figures/figures_new/FigS4_nasal_epithelium.pdf	50541	no	渲染成图/布局 PDF，不是数值源数据	08_out_of_scope_and_superseded
_coord/_round_S_20261002/figures/figures_new/FigS4_nasal_epithelium.png	585512	no	渲染成图/布局 PDF，不是数值源数据	08_out_of_scope_and_superseded
_coord/_round_S_20261002/figures/figures_new/FigS4_nasal_epithelium.svg	121597	no	渲染成图/布局 PDF，不是数值源数据	08_out_of_scope_and_superseded
_coord/_round_S_20261002/figures/figures_number_consistency.md	11602	no	轮次过程件（对齐/碰撞/校验 JSON、日志、说明文本），可重算且非数据	08_out_of_scope_and_superseded
_coord/_round_S_20261002/figures/figures_redraw_spec.md	14276	no	轮次过程件（对齐/碰撞/校验 JSON、日志、说明文本），可重算且非数据	08_out_of_scope_and_superseded
_coord/_round_S_20261002/figures/qa_caption_wordcount.py	961	no	绘图样式脚本或一次性核查/装配过程脚本（非产出数值的分析脚本）	08_out_of_scope_and_superseded
_coord/_round_S_20261002/merge/insert_captions.py	2819	no	绘图样式脚本或一次性核查/装配过程脚本（非产出数值的分析脚本）	08_out_of_scope_and_superseded
_coord/_round_S_20261002/merge/merge_edits.py	9389	no	绘图样式脚本或一次性核查/装配过程脚本（非产出数值的分析脚本）	08_out_of_scope_and_superseded
_coord/_round_S_20261002/merge/place_captions.py	2855	no	绘图样式脚本或一次性核查/装配过程脚本（非产出数值的分析脚本）	08_out_of_scope_and_superseded
_coord/_round_S_20261002/merge/root_H_arbitration.md	5127	no	轮次过程件（对齐/碰撞/校验 JSON、日志、说明文本），可重算且非数据	08_out_of_scope_and_superseded
_coord/_round_S_20261002/recon/__pycache__/s1_recount.cpython-314.pyc	20976	no	轮次过程件（对齐/碰撞/校验 JSON、日志、说明文本），可重算且非数据	08_out_of_scope_and_superseded
_coord/_round_S_20261002/recon/__pycache__/s3_recompute.cpython-314.pyc	44174	no	轮次过程件（对齐/碰撞/校验 JSON、日志、说明文本），可重算且非数据	08_out_of_scope_and_superseded
_coord/_round_S_20261002/recon/agent_recon.S1.md	4835	no	轮次过程件（对齐/碰撞/校验 JSON、日志、说明文本），可重算且非数据	08_out_of_scope_and_superseded
_coord/_round_S_20261002/recon/recon_external_verification.md	13461	no	轮次过程件（对齐/碰撞/校验 JSON、日志、说明文本），可重算且非数据	08_out_of_scope_and_superseded
_coord/_round_S_20261002/recon/recon_factbase.md	17631	no	轮次过程件（对齐/碰撞/校验 JSON、日志、说明文本），可重算且非数据	08_out_of_scope_and_superseded
_coord/_round_S_20261002/recon/recon_frozen_index.tsv	10667	no	轮次过程件（对齐/碰撞/校验 JSON、日志、说明文本），可重算且非数据	08_out_of_scope_and_superseded
_coord/_round_S_20261002/recon/recon_notes.md	8800	no	轮次过程件（对齐/碰撞/校验 JSON、日志、说明文本），可重算且非数据	08_out_of_scope_and_superseded
_coord/_round_S_20261002/recon/s1_captions.tsv	199	no	轮次过程件（对齐/碰撞/校验 JSON、日志、说明文本），可重算且非数据	08_out_of_scope_and_superseded
_coord/_round_S_20261002/recon/s1_long_sentences_main.tsv	3606	no	轮次过程件（对齐/碰撞/校验 JSON、日志、说明文本），可重算且非数据	08_out_of_scope_and_superseded
_coord/_round_S_20261002/recon/s1_long_sentences_supp.tsv	2680	no	轮次过程件（对齐/碰撞/校验 JSON、日志、说明文本），可重算且非数据	08_out_of_scope_and_superseded
_coord/_round_S_20261002/recon/s1_marker_locations.tsv	2408	no	轮次过程件（对齐/碰撞/校验 JSON、日志、说明文本），可重算且非数据	08_out_of_scope_and_superseded
_coord/_round_S_20261002/recon/s1_placeholders.tsv	1138	no	轮次过程件（对齐/碰撞/校验 JSON、日志、说明文本），可重算且非数据	08_out_of_scope_and_superseded
_coord/_round_S_20261002/recon/s1_recount.py	12114	no	绘图样式脚本或一次性核查/装配过程脚本（非产出数值的分析脚本）	08_out_of_scope_and_superseded
_coord/_round_S_20261002/recon/s1_recount_v11.json	56551	no	轮次过程件（对齐/碰撞/校验 JSON、日志、说明文本），可重算且非数据	08_out_of_scope_and_superseded
_coord/_round_S_20261002/recon/s1_terms.tsv	1911	no	轮次过程件（对齐/碰撞/校验 JSON、日志、说明文本），可重算且非数据	08_out_of_scope_and_superseded
_coord/_round_S_20261002/recon/s1_vs_factbase.tsv	8285	no	轮次过程件（对齐/碰撞/校验 JSON、日志、说明文本），可重算且非数据	08_out_of_scope_and_superseded
_coord/_round_S_20261002/recon/s2_external.py	12532	no	绘图样式脚本或一次性核查/装配过程脚本（非产出数值的分析脚本）	08_out_of_scope_and_superseded
_coord/_round_S_20261002/recon/s2_external_console.txt	2958	no	轮次过程件（对齐/碰撞/校验 JSON、日志、说明文本），可重算且非数据	08_out_of_scope_and_superseded
_coord/_round_S_20261002/recon/s2_external_raw.json	28731	no	轮次过程件（对齐/碰撞/校验 JSON、日志、说明文本），可重算且非数据	08_out_of_scope_and_superseded
_coord/_round_S_20261002/recon/s3_recompute.py	23402	no	绘图样式脚本或一次性核查/装配过程脚本（非产出数值的分析脚本）	08_out_of_scope_and_superseded
_coord/_round_S_20261002/recon/s3_recompute_console.txt	7800	no	轮次过程件（对齐/碰撞/校验 JSON、日志、说明文本），可重算且非数据	08_out_of_scope_and_superseded
_coord/_round_S_20261002/recon/s3_recompute_output.txt	6907	no	轮次过程件（对齐/碰撞/校验 JSON、日志、说明文本），可重算且非数据	08_out_of_scope_and_superseded
_coord/_round_S_20261002/recon/scratch/_abstracts.py	1528	no	绘图样式脚本或一次性核查/装配过程脚本（非产出数值的分析脚本）	08_out_of_scope_and_superseded
_coord/_round_S_20261002/recon/scratch/_inspect.py	880	no	绘图样式脚本或一次性核查/装配过程脚本（非产出数值的分析脚本）	08_out_of_scope_and_superseded
_coord/_round_S_20261002/recon/scratch/_markers.py	1292	no	绘图样式脚本或一次性核查/装配过程脚本（非产出数值的分析脚本）	08_out_of_scope_and_superseded
_coord/_round_S_20261002/recon/scratch/_preprint.py	1072	no	绘图样式脚本或一次性核查/装配过程脚本（非产出数值的分析脚本）	08_out_of_scope_and_superseded
_coord/_round_S_20261002/verify_S.md	5299	no	轮次过程件（对齐/碰撞/校验 JSON、日志、说明文本），可重算且非数据	08_out_of_scope_and_superseded
_coord/_round_T_20261002/analysis/T1_outliers_output.txt	3950	no	轮次过程件（对齐/碰撞/校验 JSON、日志、说明文本），可重算且非数据	08_out_of_scope_and_superseded
_coord/_round_T_20261002/analysis/T1_panelb_recompute_output.txt	14155	no	轮次过程件（对齐/碰撞/校验 JSON、日志、说明文本），可重算且非数据	08_out_of_scope_and_superseded
_coord/_round_T_20261002/analysis/T1_report.md	22740	no	轮次过程件（对齐/碰撞/校验 JSON、日志、说明文本），可重算且非数据	08_out_of_scope_and_superseded
_coord/_round_T_20261002/figures/Fig3_joint_axis.alignment.json	2464	no	轮次过程件（对齐/碰撞/校验 JSON、日志、说明文本），可重算且非数据	08_out_of_scope_and_superseded
_coord/_round_T_20261002/figures/Fig3_joint_axis.alignment.svg	956	no	渲染成图/布局 PDF，不是数值源数据	08_out_of_scope_and_superseded
_coord/_round_T_20261002/figures/Fig3_joint_axis.collision-audit.json	511	no	轮次过程件（对齐/碰撞/校验 JSON、日志、说明文本），可重算且非数据	08_out_of_scope_and_superseded
_coord/_round_T_20261002/figures/Fig3_joint_axis.collision-audit.pdf	52108	no	渲染成图/布局 PDF，不是数值源数据	08_out_of_scope_and_superseded
_coord/_round_T_20261002/figures/Fig3_joint_axis.eps	208245	no	渲染成图/布局 PDF，不是数值源数据	08_out_of_scope_and_superseded
_coord/_round_T_20261002/figures/Fig3_joint_axis.pdf	52319	no	渲染成图/布局 PDF，不是数值源数据	08_out_of_scope_and_superseded
_coord/_round_T_20261002/figures/Fig3_joint_axis.png	407483	no	渲染成图/布局 PDF，不是数值源数据	08_out_of_scope_and_superseded
_coord/_round_T_20261002/figures/Fig3_joint_axis.py	29587	no	绘图样式脚本或一次性核查/装配过程脚本（非产出数值的分析脚本）	08_out_of_scope_and_superseded
_coord/_round_T_20261002/figures/Fig3_joint_axis.svg	82683	no	渲染成图/布局 PDF，不是数值源数据	08_out_of_scope_and_superseded
_coord/_round_T_20261002/figures/Fig3_joint_axis.tiff	39033158	no	渲染成图/布局 PDF，不是数值源数据	08_out_of_scope_and_superseded
_coord/_round_T_20261002/figures/T1_redraw_report.md	10899	no	轮次过程件（对齐/碰撞/校验 JSON、日志、说明文本），可重算且非数据	08_out_of_scope_and_superseded
_coord/_round_T_20261002/figures/__pycache__/figstyle.cpython-314.pyc	11049	no	轮次过程件（对齐/碰撞/校验 JSON、日志、说明文本），可重算且非数据	08_out_of_scope_and_superseded
_coord/_round_T_20261002/figures/_qa_before_after.png	937626	no	渲染成图/布局 PDF，不是数值源数据	08_out_of_scope_and_superseded
_coord/_round_T_20261002/figures/_qa_panel_a_zoom.png	750482	no	渲染成图/布局 PDF，不是数值源数据	08_out_of_scope_and_superseded
_coord/_round_T_20261002/figures/_qa_tuft_zoom.png	10835	no	渲染成图/布局 PDF，不是数值源数据	08_out_of_scope_and_superseded
_coord/_round_T_20261002/figures/figstyle.py	11910	no	绘图样式脚本或一次性核查/装配过程脚本（非产出数值的分析脚本）	08_out_of_scope_and_superseded
_coord/_round_T_20261002/figures/figures_new/Fig3_joint_axis.pdf	52319	no	渲染成图/布局 PDF，不是数值源数据	08_out_of_scope_and_superseded
_coord/_round_T_20261002/figures/figures_new/Fig3_joint_axis.png	407483	no	渲染成图（位图/矢量/矢量导出），不是数值源数据；删掉后可由源表与脚本重算（§3.7 生成物对照）	08_out_of_scope_and_superseded
_coord/_round_T_20261002/figures/figures_new/Fig3_joint_axis.svg	82683	no	渲染成图/布局 PDF，不是数值源数据	08_out_of_scope_and_superseded
_coord/_round_T_20261002/verify/rv_root_checks.txt	5067	no	轮次过程件（对齐/碰撞/校验 JSON、日志、说明文本），可重算且非数据	08_out_of_scope_and_superseded
_coord/_round_T_20261002/verify/v1_text_tokens.json	53208	no	轮次过程件（对齐/碰撞/校验 JSON、日志、说明文本），可重算且非数据	08_out_of_scope_and_superseded
_coord/_round_T_20261002/verify/v1_text_tokens.stdout.txt	4085	no	轮次过程件（对齐/碰撞/校验 JSON、日志、说明文本），可重算且非数据	08_out_of_scope_and_superseded
_coord/_round_T_20261002/verify/v2_geometry.json	237476	no	轮次过程件（对齐/碰撞/校验 JSON、日志、说明文本），可重算且非数据	08_out_of_scope_and_superseded
_coord/_round_T_20261002/verify/v2_geometry.stdout.txt	2010	no	轮次过程件（对齐/碰撞/校验 JSON、日志、说明文本），可重算且非数据	08_out_of_scope_and_superseded
_coord/_round_T_20261002/verify/v3_panels.stdout.txt	27207	no	轮次过程件（对齐/碰撞/校验 JSON、日志、说明文本），可重算且非数据	08_out_of_scope_and_superseded
_coord/_round_T_20261002/verify/v3_panels_base.json	111133	no	轮次过程件（对齐/碰撞/校验 JSON、日志、说明文本），可重算且非数据	08_out_of_scope_and_superseded
_coord/_round_T_20261002/verify/v3_panels_new.json	112166	no	轮次过程件（对齐/碰撞/校验 JSON、日志、说明文本），可重算且非数据	08_out_of_scope_and_superseded
_coord/_round_T_20261002/verify/v3b_lines.txt	1604	no	轮次过程件（对齐/碰撞/校验 JSON、日志、说明文本），可重算且非数据	08_out_of_scope_and_superseded
_coord/_round_T_20261002/verify/v4_checks.stdout.txt	5179	no	轮次过程件（对齐/碰撞/校验 JSON、日志、说明文本），可重算且非数据	08_out_of_scope_and_superseded
_coord/_round_T_20261002/verify/v4_checks.txt	5179	no	轮次过程件（对齐/碰撞/校验 JSON、日志、说明文本），可重算且非数据	08_out_of_scope_and_superseded
_coord/_round_T_20261002/verify/v4_panel_a.json	40736	no	轮次过程件（对齐/碰撞/校验 JSON、日志、说明文本），可重算且非数据	08_out_of_scope_and_superseded
_coord/_round_T_20261002/verify/v4_panel_b.json	14850	no	轮次过程件（对齐/碰撞/校验 JSON、日志、说明文本），可重算且非数据	08_out_of_scope_and_superseded
_coord/_round_T_20261002/verify/v4_panel_c.json	2083	no	轮次过程件（对齐/碰撞/校验 JSON、日志、说明文本），可重算且非数据	08_out_of_scope_and_superseded
_coord/_round_T_20261002/verify/v4b_base_spans.txt	4392	no	轮次过程件（对齐/碰撞/校验 JSON、日志、说明文本），可重算且非数据	08_out_of_scope_and_superseded
_coord/_round_T_20261002/verify/verify_T_report.md	6862	no	轮次过程件（对齐/碰撞/校验 JSON、日志、说明文本），可重算且非数据	08_out_of_scope_and_superseded
_coord/_round_U_20261002/editor/diff_v13_roundU_words.txt	1128	no	轮次过程件（对齐/碰撞/校验 JSON、日志、说明文本），可重算且非数据	08_out_of_scope_and_superseded
_coord/_round_U_20261002/editor/fig2_caption_roundU.md	18698	no	轮次过程件（对齐/碰撞/校验 JSON、日志、说明文本），可重算且非数据	08_out_of_scope_and_superseded
_coord/_round_U_20261002/editor/fig2_caption_roundU.txt	1543	no	轮次过程件（对齐/碰撞/校验 JSON、日志、说明文本），可重算且非数据	08_out_of_scope_and_superseded
_coord/_round_U_20261002/editor/v13_fig2_caption_backup.txt	1430	no	轮次过程件（对齐/碰撞/校验 JSON、日志、说明文本），可重算且非数据	08_out_of_scope_and_superseded
_coord/_round_U_20261002/figures/Fig2_partition.alignment.json	2613	no	轮次过程件（对齐/碰撞/校验 JSON、日志、说明文本），可重算且非数据	08_out_of_scope_and_superseded
_coord/_round_U_20261002/figures/Fig2_partition.alignment.svg	1169	no	渲染成图/布局 PDF，不是数值源数据	08_out_of_scope_and_superseded
_coord/_round_U_20261002/figures/Fig2_partition.collision-audit.json	510	no	轮次过程件（对齐/碰撞/校验 JSON、日志、说明文本），可重算且非数据	08_out_of_scope_and_superseded
_coord/_round_U_20261002/figures/Fig2_partition.collision-audit.pdf	63181	no	渲染成图/布局 PDF，不是数值源数据	08_out_of_scope_and_superseded
_coord/_round_U_20261002/figures/Fig2_partition.eps	674811	no	渲染成图/布局 PDF，不是数值源数据	08_out_of_scope_and_superseded
_coord/_round_U_20261002/figures/Fig2_partition.pdf	62936	no	渲染成图/布局 PDF，不是数值源数据	08_out_of_scope_and_superseded
_coord/_round_U_20261002/figures/Fig2_partition.png	589277	no	渲染成图/布局 PDF，不是数值源数据	08_out_of_scope_and_superseded
_coord/_round_U_20261002/figures/Fig2_partition.py	42228	no	绘图样式脚本或一次性核查/装配过程脚本（非产出数值的分析脚本）	08_out_of_scope_and_superseded
_coord/_round_U_20261002/figures/Fig2_partition.svg	122504	no	渲染成图/布局 PDF，不是数值源数据	08_out_of_scope_and_superseded
_coord/_round_U_20261002/figures/Fig2_partition.tiff	45423166	no	渲染成图/布局 PDF，不是数值源数据	08_out_of_scope_and_superseded
_coord/_round_U_20261002/figures/U1_redraw_report.md	26231	no	轮次过程件（对齐/碰撞/校验 JSON、日志、说明文本），可重算且非数据	08_out_of_scope_and_superseded
_coord/_round_U_20261002/figures/__pycache__/figstyle.cpython-314.pyc	11049	no	轮次过程件（对齐/碰撞/校验 JSON、日志、说明文本），可重算且非数据	08_out_of_scope_and_superseded
_coord/_round_U_20261002/figures/_qa_before_after.png	213475	no	渲染成图/布局 PDF，不是数值源数据	08_out_of_scope_and_superseded
_coord/_round_U_20261002/figures/_qa_panel_a_zoom.png	67026	no	渲染成图/布局 PDF，不是数值源数据	08_out_of_scope_and_superseded
_coord/_round_U_20261002/figures/figstyle.py	11910	no	绘图样式脚本或一次性核查/装配过程脚本（非产出数值的分析脚本）	08_out_of_scope_and_superseded
_coord/_round_U_20261002/figures/figures_new/Fig2_partition.pdf	62936	no	渲染成图/布局 PDF，不是数值源数据	08_out_of_scope_and_superseded
_coord/_round_U_20261002/figures/figures_new/Fig2_partition.png	589277	no	渲染成图（位图/矢量/矢量导出），不是数值源数据；删掉后可由源表与脚本重算（§3.7 生成物对照）	08_out_of_scope_and_superseded
_coord/_round_U_20261002/figures/figures_new/Fig2_partition.svg	122504	no	渲染成图/布局 PDF，不是数值源数据	08_out_of_scope_and_superseded
_coord/_round_U_20261002/inputs/_probe_panel_c_variants.png	171927	no	渲染成图/布局 PDF，不是数值源数据	08_out_of_scope_and_superseded
_coord/_round_U_20261002/inputs/_probe_panel_c_variants.py	3225	no	绘图样式脚本或一次性核查/装配过程脚本（非产出数值的分析脚本）	08_out_of_scope_and_superseded
_coord/_round_U_20261002/inputs/_probe_panel_d_variants.png	264666	no	渲染成图/布局 PDF，不是数值源数据	08_out_of_scope_and_superseded
_coord/_round_U_20261002/inputs/_probe_panel_d_variants.py	3058	no	绘图样式脚本或一次性核查/装配过程脚本（非产出数值的分析脚本）	08_out_of_scope_and_superseded
_coord/_round_U_20261002/inputs/_zoom_panel_c.png	178880	no	渲染成图/布局 PDF，不是数值源数据	08_out_of_scope_and_superseded
_coord/_round_U_20261002/inputs/_zoom_panel_d.png	101898	no	渲染成图/布局 PDF，不是数值源数据	08_out_of_scope_and_superseded
_coord/_round_U_20261002/inputs/apply_caption.py	2335	no	绘图样式脚本或一次性核查/装配过程脚本（非产出数值的分析脚本）	08_out_of_scope_and_superseded
_coord/_round_U_20261002/inputs/caption_candidates.py	5537	no	绘图样式脚本或一次性核查/装配过程脚本（非产出数值的分析脚本）	08_out_of_scope_and_superseded
_coord/_round_U_20261002/inputs/fig2_caption_inplace_root.txt	1542	no	轮次过程件（对齐/碰撞/校验 JSON、日志、说明文本），可重算且非数据	08_out_of_scope_and_superseded
_coord/_round_U_20261002/inputs/fig2_caption_root_A.txt	1749	no	轮次过程件（对齐/碰撞/校验 JSON、日志、说明文本），可重算且非数据	08_out_of_scope_and_superseded
_coord/_round_U_20261002/inputs/fig2_caption_root_B.txt	1696	no	轮次过程件（对齐/碰撞/校验 JSON、日志、说明文本），可重算且非数据	08_out_of_scope_and_superseded
_coord/_round_U_20261002/inputs/fig2_redesign_spec.md	10481	no	轮次过程件（对齐/碰撞/校验 JSON、日志、说明文本），可重算且非数据	08_out_of_scope_and_superseded
_coord/_round_U_20261002/verify/U_verify_report.md	25062	no	轮次过程件（对齐/碰撞/校验 JSON、日志、说明文本），可重算且非数据	08_out_of_scope_and_superseded
_coord/_round_U_20261002/verify/tools/_diff_svg.py	772	no	绘图样式脚本或一次性核查/装配过程脚本（非产出数值的分析脚本）	08_out_of_scope_and_superseded
_coord/_round_U_20261002/verify/tools/_imgs.py	1774	no	绘图样式脚本或一次性核查/装配过程脚本（非产出数值的分析脚本）	08_out_of_scope_and_superseded
_coord/_round_U_20261002/verify/tools/_panelb.py	2671	no	绘图样式脚本或一次性核查/装配过程脚本（非产出数值的分析脚本）	08_out_of_scope_and_superseded
_coord/_round_U_20261002/verify/tools/_stems.py	2222	no	绘图样式脚本或一次性核查/装配过程脚本（非产出数值的分析脚本）	08_out_of_scope_and_superseded
_coord/_round_U_20261002/verify/tools/_svg_axes.py	1984	no	绘图样式脚本或一次性核查/装配过程脚本（非产出数值的分析脚本）	08_out_of_scope_and_superseded
_coord/_round_U_20261002/verify/tools/_svg_probe.py	234	no	绘图样式脚本或一次性核查/装配过程脚本（非产出数值的分析脚本）	08_out_of_scope_and_superseded
_coord/_round_U_20261002/verify/u01_docx_media.json	3561	no	轮次过程件（对齐/碰撞/校验 JSON、日志、说明文本），可重算且非数据	08_out_of_scope_and_superseded
_coord/_round_U_20261002/verify/u01_media/A_new/image1.png	1970985	no	渲染成图/布局 PDF，不是数值源数据	08_out_of_scope_and_superseded
_coord/_round_U_20261002/verify/u01_media/A_new/image2.png	589277	no	渲染成图/布局 PDF，不是数值源数据	08_out_of_scope_and_superseded
_coord/_round_U_20261002/verify/u01_media/A_new/image3.png	407483	no	渲染成图/布局 PDF，不是数值源数据	08_out_of_scope_and_superseded
_coord/_round_U_20261002/verify/u01_media/B_base/image1.png	1970985	no	渲染成图/布局 PDF，不是数值源数据	08_out_of_scope_and_superseded
_coord/_round_U_20261002/verify/u01_media/B_base/image2.png	665664	no	渲染成图/布局 PDF，不是数值源数据	08_out_of_scope_and_superseded
_coord/_round_U_20261002/verify/u01_media/B_base/image3.png	407483	no	渲染成图/布局 PDF，不是数值源数据	08_out_of_scope_and_superseded
_coord/_round_U_20261002/verify/u01_media/S_supp/image1.png	444453	no	渲染成图/布局 PDF，不是数值源数据	08_out_of_scope_and_superseded
_coord/_round_U_20261002/verify/u01_media/S_supp/image2.png	387349	no	渲染成图/布局 PDF，不是数值源数据	08_out_of_scope_and_superseded
_coord/_round_U_20261002/verify/u01_media/S_supp/image3.png	227719	no	渲染成图/布局 PDF，不是数值源数据	08_out_of_scope_and_superseded
_coord/_round_U_20261002/verify/u01_media/S_supp/image4.png	585512	no	渲染成图/布局 PDF，不是数值源数据	08_out_of_scope_and_superseded
_coord/_round_U_20261002/verify/u02_caption_A_text.txt	1541	no	轮次过程件（对齐/碰撞/校验 JSON、日志、说明文本），可重算且非数据	08_out_of_scope_and_superseded
_coord/_round_U_20261002/verify/u02_caption_B_text.txt	1430	no	轮次过程件（对齐/碰撞/校验 JSON、日志、说明文本），可重算且非数据	08_out_of_scope_and_superseded
_coord/_round_U_20261002/verify/u02_docx_parts.json	1591	no	轮次过程件（对齐/碰撞/校验 JSON、日志、说明文本），可重算且非数据	08_out_of_scope_and_superseded
_coord/_round_U_20261002/verify/u02_docx_parts.txt	7043	no	轮次过程件（对齐/碰撞/校验 JSON、日志、说明文本），可重算且非数据	08_out_of_scope_and_superseded
_coord/_round_U_20261002/verify/u04_svg_probe.py	2143	no	绘图样式脚本或一次性核查/装配过程脚本（非产出数值的分析脚本）	08_out_of_scope_and_superseded
_coord/_round_U_20261002/verify/u05_svg_inventory.py	2060	no	绘图样式脚本或一次性核查/装配过程脚本（非产出数值的分析脚本）	08_out_of_scope_and_superseded
_coord/_round_U_20261002/verify/u05_svg_inventory.txt	6395	no	轮次过程件（对齐/碰撞/校验 JSON、日志、说明文本），可重算且非数据	08_out_of_scope_and_superseded
_coord/_round_U_20261002/verify/u06_S_embedded_image0.png	1151	no	渲染成图/布局 PDF，不是数值源数据	08_out_of_scope_and_superseded
_coord/_round_U_20261002/verify/u06_S_embedded_image1.png	304	no	渲染成图/布局 PDF，不是数值源数据	08_out_of_scope_and_superseded
_coord/_round_U_20261002/verify/u06_U_embedded_image0.png	1151	no	渲染成图/布局 PDF，不是数值源数据	08_out_of_scope_and_superseded
_coord/_round_U_20261002/verify/u06_U_embedded_image1.png	316	no	渲染成图/布局 PDF，不是数值源数据	08_out_of_scope_and_superseded
_coord/_round_U_20261002/verify/u06_image0_diffmap.png	343	no	渲染成图/布局 PDF，不是数值源数据	08_out_of_scope_and_superseded
_coord/_round_U_20261002/verify/u06_image1_diffmap.png	186	no	渲染成图/布局 PDF，不是数值源数据	08_out_of_scope_and_superseded
_coord/_round_U_20261002/verify/u06_panelb_image.txt	1348	no	轮次过程件（对齐/碰撞/校验 JSON、日志、说明文本），可重算且非数据	08_out_of_scope_and_superseded
_coord/_round_U_20261002/verify/u07_panelb_diffbin.png	172	no	渲染成图/布局 PDF，不是数值源数据	08_out_of_scope_and_superseded
_coord/_round_U_20261002/verify/u07_panelb_diffdetail.txt	6537	no	轮次过程件（对齐/碰撞/校验 JSON、日志、说明文本），可重算且非数据	08_out_of_scope_and_superseded
_coord/_round_U_20261002/verify/u07_panelb_diffmask.png	367	no	渲染成图/布局 PDF，不是数值源数据	08_out_of_scope_and_superseded
_coord/_round_U_20261002/verify/u09_axes_compare.txt	832	no	轮次过程件（对齐/碰撞/校验 JSON、日志、说明文本），可重算且非数据	08_out_of_scope_and_superseded
_coord/_round_U_20261002/verify/u10_numbers.txt	9296	no	轮次过程件（对齐/碰撞/校验 JSON、日志、说明文本），可重算且非数据	08_out_of_scope_and_superseded
_coord/_round_U_20261002/verify/u11_svg_values.py	13921	no	绘图样式脚本或一次性核查/装配过程脚本（非产出数值的分析脚本）	08_out_of_scope_and_superseded
_coord/_round_U_20261002/verify/u11_svg_values.txt	7383	no	轮次过程件（对齐/碰撞/校验 JSON、日志、说明文本），可重算且非数据	08_out_of_scope_and_superseded
_coord/_round_U_20261002/verify/u12_docx_to_pdf.ps1	1463	no	轮次过程件（对齐/碰撞/校验 JSON、日志、说明文本），可重算且非数据	08_out_of_scope_and_superseded
_coord/_round_U_20261002/verify/u12_pages/A_new.docx	2887522	no	渲染成图/布局 PDF，不是数值源数据	08_out_of_scope_and_superseded
_coord/_round_U_20261002/verify/u12_pages/A_new.pdf	737325	no	渲染成图/布局 PDF，不是数值源数据	08_out_of_scope_and_superseded
_coord/_round_U_20261002/verify/u12_pages/B_base.docx	2954209	no	渲染成图/布局 PDF，不是数值源数据	08_out_of_scope_and_superseded
_coord/_round_U_20261002/verify/u12_pages/B_base.pdf	764134	no	渲染成图/布局 PDF，不是数值源数据	08_out_of_scope_and_superseded
_coord/_round_U_20261002/verify/u13_A_new_page05.png	281200	no	渲染成图/布局 PDF，不是数值源数据	08_out_of_scope_and_superseded
_coord/_round_U_20261002/verify/u13_B_base_page05.png	286608	no	渲染成图/布局 PDF，不是数值源数据	08_out_of_scope_and_superseded
_coord/_round_U_20261002/verify/u13_pages.txt	1274	no	轮次过程件（对齐/碰撞/校验 JSON、日志、说明文本），可重算且非数据	08_out_of_scope_and_superseded
_coord/_round_U_20261002/verify/u14_colors.txt	4380	no	轮次过程件（对齐/碰撞/校验 JSON、日志、说明文本），可重算且非数据	08_out_of_scope_and_superseded
_coord/_round_U_20261002/verify/u14_crop_colorbar.png	13518	no	渲染成图/布局 PDF，不是数值源数据	08_out_of_scope_and_superseded
_coord/_round_U_20261002/verify/u14_crop_panels_top.png	51010	no	渲染成图/布局 PDF，不是数值源数据	08_out_of_scope_and_superseded
_coord/_round_U_20261002/verify/u15_caption.py	5251	no	绘图样式脚本或一次性核查/装配过程脚本（非产出数值的分析脚本）	08_out_of_scope_and_superseded
_coord/_round_U_20261002/verify/u15_caption.txt	2979	no	轮次过程件（对齐/碰撞/校验 JSON、日志、说明文本），可重算且非数据	08_out_of_scope_and_superseded
_coord/_round_U_20261002/verify/u16_panel_d_contrast.txt	1738	no	轮次过程件（对齐/碰撞/校验 JSON、日志、说明文本），可重算且非数据	08_out_of_scope_and_superseded
_coord/_round_U_20261002/verify/u17_repro/Fig2_partition.alignment.json	2613	no	轮次过程件（对齐/碰撞/校验 JSON、日志、说明文本），可重算且非数据	08_out_of_scope_and_superseded
_coord/_round_U_20261002/verify/u17_repro/Fig2_partition.alignment.svg	1169	no	渲染成图/布局 PDF，不是数值源数据	08_out_of_scope_and_superseded
_coord/_round_U_20261002/verify/u17_repro/Fig2_partition.eps	674811	no	渲染成图/布局 PDF，不是数值源数据	08_out_of_scope_and_superseded
_coord/_round_U_20261002/verify/u17_repro/Fig2_partition.pdf	62936	no	渲染成图/布局 PDF，不是数值源数据	08_out_of_scope_and_superseded
_coord/_round_U_20261002/verify/u17_repro/Fig2_partition.png	589277	no	渲染成图/布局 PDF，不是数值源数据	08_out_of_scope_and_superseded
_coord/_round_U_20261002/verify/u17_repro/Fig2_partition.py	42228	no	绘图样式脚本或一次性核查/装配过程脚本（非产出数值的分析脚本）	08_out_of_scope_and_superseded
_coord/_round_U_20261002/verify/u17_repro/Fig2_partition.svg	122504	no	渲染成图/布局 PDF，不是数值源数据	08_out_of_scope_and_superseded
_coord/_round_U_20261002/verify/u17_repro/Fig2_partition.tiff	45423166	no	渲染成图/布局 PDF，不是数值源数据	08_out_of_scope_and_superseded
_coord/_round_U_20261002/verify/u17_repro/Fig2_partition_source.tsv	29863	no	与 _coord/_round_U_20261002/figures/Fig2_partition_source.tsv 同内容的 u17 复现副本，去重后不重复入库	08_out_of_scope_and_superseded
_coord/_round_U_20261002/verify/u17_repro/__pycache__/figstyle.cpython-314.pyc	11058	no	轮次过程件（对齐/碰撞/校验 JSON、日志、说明文本），可重算且非数据	08_out_of_scope_and_superseded
_coord/_round_U_20261002/verify/u17_repro/_qa_before_after.png	213475	no	渲染成图/布局 PDF，不是数值源数据	08_out_of_scope_and_superseded
_coord/_round_U_20261002/verify/u17_repro/_qa_panel_a_zoom.png	67026	no	渲染成图/布局 PDF，不是数值源数据	08_out_of_scope_and_superseded
_coord/_round_U_20261002/verify/u17_repro/figstyle.py	11910	no	绘图样式脚本或一次性核查/装配过程脚本（非产出数值的分析脚本）	08_out_of_scope_and_superseded
_coord/_round_U_20261002/verify/u17_repro/figures_new/Fig2_partition.pdf	62936	no	渲染成图/布局 PDF，不是数值源数据	08_out_of_scope_and_superseded
_coord/_round_U_20261002/verify/u17_repro/figures_new/Fig2_partition.png	589277	no	渲染成图/布局 PDF，不是数值源数据	08_out_of_scope_and_superseded
_coord/_round_U_20261002/verify/u17_repro/figures_new/Fig2_partition.svg	122504	no	渲染成图/布局 PDF，不是数值源数据	08_out_of_scope_and_superseded
_coord/_round_U_20261002/verify/u17_repro/run.log	6814	no	轮次过程件（对齐/碰撞/校验 JSON、日志、说明文本），可重算且非数据	08_out_of_scope_and_superseded
_coord/_round_U_20261002/verify/u18_vector_diff.txt	6359	no	轮次过程件（对齐/碰撞/校验 JSON、日志、说明文本），可重算且非数据	08_out_of_scope_and_superseded
_coord/_round_U_20261002/verify/u19_svg_idcanon.py	3371	no	绘图样式脚本或一次性核查/装配过程脚本（非产出数值的分析脚本）	08_out_of_scope_and_superseded
_coord/_round_U_20261002/verify/u19_svg_idcanon.txt	1038	no	轮次过程件（对齐/碰撞/校验 JSON、日志、说明文本），可重算且非数据	08_out_of_scope_and_superseded
_coord/_round_U_20261002/verify/u21_misc_checks.txt	5348	no	轮次过程件（对齐/碰撞/校验 JSON、日志、说明文本），可重算且非数据	08_out_of_scope_and_superseded
_coord/_round_U_20261002/verify/u22_geom_only.txt	796	no	轮次过程件（对齐/碰撞/校验 JSON、日志、说明文本），可重算且非数据	08_out_of_scope_and_superseded
_coord/_round_U_20261002/verify/u24_reference_image.txt	2280	no	轮次过程件（对齐/碰撞/校验 JSON、日志、说明文本），可重算且非数据	08_out_of_scope_and_superseded
_coord/_round_U_20261002/verify/v1_docx_media.json	1303	no	轮次过程件（对齐/碰撞/校验 JSON、日志、说明文本），可重算且非数据	08_out_of_scope_and_superseded
_coord/_round_U_20261002/verify/v2_svg_axes_U.txt	4116	no	轮次过程件（对齐/碰撞/校验 JSON、日志、说明文本），可重算且非数据	08_out_of_scope_and_superseded
_coord/_round_U_20261002/verify/v3_stems_axes1.txt	865	no	轮次过程件（对齐/碰撞/校验 JSON、日志、说明文本），可重算且非数据	08_out_of_scope_and_superseded
_coord/_round_U_20261002/verify/v3_stems_axes3.txt	1759	no	轮次过程件（对齐/碰撞/校验 JSON、日志、说明文本），可重算且非数据	08_out_of_scope_and_superseded
_coord/_round_U_20261002/verify/v4_panelb_cmp.txt	631	no	轮次过程件（对齐/碰撞/校验 JSON、日志、说明文本），可重算且非数据	08_out_of_scope_and_superseded
_coord/_round_U_20261002/verify/v5_imgs_cmp.txt	1010	no	轮次过程件（对齐/碰撞/校验 JSON、日志、说明文本），可重算且非数据	08_out_of_scope_and_superseded
analysis/a1_level_calibration_20260926/FINDINGS.md	13781	no	叙述性分析记录/运行日志（方法、口径、结论留痕）；删除后仍可由脚本重算，非数值源数据，不入库	00_index_and_metadata
analysis/a2_filovirus_anchor_20260926/FINDINGS.md	4817	no	叙述性分析记录/运行日志（方法、口径、结论留痕）；删除后仍可由脚本重算，非数值源数据，不入库	00_index_and_metadata
analysis/a2_filovirus_anchor_20260926/SUPERSEDED_20260926.md	2344	no	叙述性分析记录/运行日志（方法、口径、结论留痕）；删除后仍可由脚本重算，非数值源数据，不入库	00_index_and_metadata
analysis/a2_filovirus_anchor_20260926/raw/GSE309699_raw_counts_All_samples.csv.gz	3234360	no	第三方公开库原始下载件（§1：默认只登记 accession/URL/大小/哈希，不进仓库）	05_external_public_datasets
analysis/a2_filovirus_anchor_20260926/raw/GSE309699_samples_brief.txt	169592	no	第三方公开库原始下载件（§1：默认只登记 accession/URL/大小/哈希，不进仓库）	05_external_public_datasets
analysis/a2_filovirus_anchor_20260926/raw/GSE309699_samples_fields.txt	71810	no	第三方公开库原始下载件（§1：默认只登记 accession/URL/大小/哈希，不进仓库）	05_external_public_datasets
analysis/a2_filovirus_anchor_20260926/raw/GSE309699_series_matrix.txt.gz	5369	no	第三方公开库原始下载件（§1：默认只登记 accession/URL/大小/哈希，不进仓库）	05_external_public_datasets
analysis/a2_filovirus_anchor_20260926/raw/GSE309699_soft_quick.txt	4597	no	第三方公开库原始下载件（§1：默认只登记 accession/URL/大小/哈希，不进仓库）	05_external_public_datasets
analysis/a2_filovirus_anchor_20260926/raw/PMC12737376.xml	211129	no	第三方公开库原始下载件（§1：默认只登记 accession/URL/大小/哈希，不进仓库）	05_external_public_datasets
analysis/a2_filovirus_anchor_20260926/raw/PMC12737376_suppl.zip	1521851	no	第三方公开库原始下载件（§1：默认只登记 accession/URL/大小/哈希，不进仓库）	05_external_public_datasets
analysis/a2_filovirus_anchor_20260926/raw/pmc_suppl/viruses-17-01577-g001.gif	7791	no	第三方公开库原始下载件（§1：默认只登记 accession/URL/大小/哈希，不进仓库）	05_external_public_datasets
analysis/a2_filovirus_anchor_20260926/raw/pmc_suppl/viruses-17-01577-g001.jpg	177563	no	第三方公开库原始下载件（§1：默认只登记 accession/URL/大小/哈希，不进仓库）	05_external_public_datasets
analysis/a2_filovirus_anchor_20260926/raw/pmc_suppl/viruses-17-01577-g002.gif	7058	no	第三方公开库原始下载件（§1：默认只登记 accession/URL/大小/哈希，不进仓库）	05_external_public_datasets
analysis/a2_filovirus_anchor_20260926/raw/pmc_suppl/viruses-17-01577-g002.jpg	86823	no	第三方公开库原始下载件（§1：默认只登记 accession/URL/大小/哈希，不进仓库）	05_external_public_datasets
analysis/a2_filovirus_anchor_20260926/raw/pmc_suppl/viruses-17-01577-g003.gif	6567	no	第三方公开库原始下载件（§1：默认只登记 accession/URL/大小/哈希，不进仓库）	05_external_public_datasets
analysis/a2_filovirus_anchor_20260926/raw/pmc_suppl/viruses-17-01577-g003.jpg	83511	no	第三方公开库原始下载件（§1：默认只登记 accession/URL/大小/哈希，不进仓库）	05_external_public_datasets
analysis/a2_filovirus_anchor_20260926/raw/pmc_suppl/viruses-17-01577-g004.gif	8864	no	第三方公开库原始下载件（§1：默认只登记 accession/URL/大小/哈希，不进仓库）	05_external_public_datasets
analysis/a2_filovirus_anchor_20260926/raw/pmc_suppl/viruses-17-01577-g004.jpg	175210	no	第三方公开库原始下载件（§1：默认只登记 accession/URL/大小/哈希，不进仓库）	05_external_public_datasets
analysis/a2_filovirus_anchor_20260926/raw/pmc_suppl/viruses-17-01577-g005.gif	7331	no	第三方公开库原始下载件（§1：默认只登记 accession/URL/大小/哈希，不进仓库）	05_external_public_datasets
analysis/a2_filovirus_anchor_20260926/raw/pmc_suppl/viruses-17-01577-g005.jpg	127985	no	第三方公开库原始下载件（§1：默认只登记 accession/URL/大小/哈希，不进仓库）	05_external_public_datasets
analysis/a2_filovirus_anchor_20260926/raw/pmc_suppl/viruses-17-01577-s001.zip	883044	no	第三方公开库原始下载件（§1：默认只登记 accession/URL/大小/哈希，不进仓库）	05_external_public_datasets
analysis/a2_filovirus_anchor_20260926/raw/pmc_suppl/viruses-3926161-supplementary.pdf	946748	no	第三方公开库原始下载件（§1：默认只登记 accession/URL/大小/哈希，不进仓库）	05_external_public_datasets
analysis/a2_layer_consistency_20260926/raw/IFNAR1_ENSG00000142166.json	8943	no	第三方公开库原始下载件（§1：默认只登记 accession/URL/大小/哈希，不进仓库）	05_external_public_datasets
analysis/a2_layer_consistency_20260926/raw/IFNAR2_ENSG00000159110.json	9189	no	第三方公开库原始下载件（§1：默认只登记 accession/URL/大小/哈希，不进仓库）	05_external_public_datasets
analysis/a2_layer_consistency_20260926/raw/IFNLR1_ENSG00000185436.json	9170	no	第三方公开库原始下载件（§1：默认只登记 accession/URL/大小/哈希，不进仓库）	05_external_public_datasets
analysis/a2_layer_consistency_20260926/raw/IL10RB_ENSG00000243646.json	9196	no	第三方公开库原始下载件（§1：默认只登记 accession/URL/大小/哈希，不进仓库）	05_external_public_datasets
analysis/a2_layer_consistency_20260926/raw/IRF9_ENSG00000213928.json	9174	no	第三方公开库原始下载件（§1：默认只登记 accession/URL/大小/哈希，不进仓库）	05_external_public_datasets
analysis/a2_layer_consistency_20260926/raw/ISG15_ENSG00000187608.json	9306	no	第三方公开库原始下载件（§1：默认只登记 accession/URL/大小/哈希，不进仓库）	05_external_public_datasets
analysis/a2_layer_consistency_20260926/raw/KPNA1_ENSG00000114030.json	8851	no	第三方公开库原始下载件（§1：默认只登记 accession/URL/大小/哈希，不进仓库）	05_external_public_datasets
analysis/a2_layer_consistency_20260926/raw/KPNA5_ENSG00000196911.json	8861	no	第三方公开库原始下载件（§1：默认只登记 accession/URL/大小/哈希，不进仓库）	05_external_public_datasets
analysis/a2_layer_consistency_20260926/raw/KPNA6_ENSG00000025800.json	8883	no	第三方公开库原始下载件（§1：默认只登记 accession/URL/大小/哈希，不进仓库）	05_external_public_datasets
analysis/a2_layer_consistency_20260926/raw/MX1_ENSG00000157601.json	8981	no	第三方公开库原始下载件（§1：默认只登记 accession/URL/大小/哈希，不进仓库）	05_external_public_datasets
analysis/a2_layer_consistency_20260926/raw/STAT1_ENSG00000115415.json	9124	no	第三方公开库原始下载件（§1：默认只登记 accession/URL/大小/哈希，不进仓库）	05_external_public_datasets
analysis/a2_layer_consistency_20260926/raw/STAT2_ENSG00000170581.json	9054	no	第三方公开库原始下载件（§1：默认只登记 accession/URL/大小/哈希，不进仓库）	05_external_public_datasets
analysis/a3_classcount40_independent_check_20260926/independent_check_log.txt	3731	no	叙述性分析记录/运行日志（方法、口径、结论留痕）；删除后仍可由脚本重算，非数值源数据，不入库	00_index_and_metadata
analysis/a3_classcount40_sensitivity_20260926/a3_log.txt	10136	no	叙述性分析记录/运行日志（方法、口径、结论留痕）；删除后仍可由脚本重算，非数值源数据，不入库	00_index_and_metadata
analysis/a3_classlist_sensitivity_20260926/classlist_sensitivity_log.txt	3785	no	叙述性分析记录/运行日志（方法、口径、结论留痕）；删除后仍可由脚本重算，非数值源数据，不入库	00_index_and_metadata
analysis/a3_deconvolution_20260926/a3_log.txt	10231	no	叙述性分析记录/运行日志（方法、口径、结论留痕）；删除后仍可由脚本重算，非数值源数据，不入库	00_index_and_metadata
analysis/a4_filovirus_independent_20260926/FINDINGS.md	18843	no	叙述性分析记录/运行日志（方法、口径、结论留痕）；删除后仍可由脚本重算，非数值源数据，不入库	00_index_and_metadata
analysis/a4_filovirus_independent_20260926/VERIFY_ADDENDUM_20260926.md	10997	no	叙述性分析记录/运行日志（方法、口径、结论留痕）；删除后仍可由脚本重算，非数值源数据，不入库	00_index_and_metadata
analysis/a4_filovirus_independent_20260926/__pycache__/a4f_05_mapping_independence.cpython-314.pyc	12590	no	Python 字节码缓存，非数据	08_out_of_scope_and_superseded
analysis/a4_filovirus_independent_20260926/__pycache__/a4f_06_pair_gate.cpython-314.pyc	14358	no	Python 字节码缓存，非数据	08_out_of_scope_and_superseded
analysis/a4_filovirus_independent_20260926/a4f_04_figure_check.py	4431	no	绘图/渲染脚本（含 PyMOL），按 §1 不收（§3.7 生成物对照）	08_out_of_scope_and_superseded
analysis/a4_filovirus_independent_20260926/paper_statements.txt	8939	no	叙述性分析记录/运行日志（方法、口径、结论留痕）；删除后仍可由脚本重算，非数值源数据，不入库	00_index_and_metadata
analysis/b4_mrna_protein_paired_20260926/FINDINGS.md	9607	no	叙述性分析记录/运行日志（方法、口径、结论留痕）；删除后仍可由脚本重算，非数值源数据，不入库	00_index_and_metadata
analysis/b4_mrna_protein_paired_20260926/raw/epmc/PMC6379049_supp.zip	180840840	no	第三方公开库原始下载件（§1：默认只登记 accession/URL/大小/哈希，不进仓库）	05_external_public_datasets
analysis/b4_mrna_protein_paired_20260926/raw/epmc/PMC7339254_supp.zip	296	no	第三方公开库原始下载件（§1：默认只登记 accession/URL/大小/哈希，不进仓库）	05_external_public_datasets
analysis/b4_mrna_protein_paired_20260926/raw/epmc/PMC9387775_supp.zip	155193551	no	第三方公开库原始下载件（§1：默认只登记 accession/URL/大小/哈希，不进仓库）	05_external_public_datasets
analysis/b4_mrna_protein_paired_20260926/raw/epmc/goncalves2022/mmc2.xlsx	960365	no	第三方补充材料工作簿（xlsx），§1 第三方再分发一律 link_only 登记	05_external_public_datasets
analysis/b4_mrna_protein_paired_20260926/raw/epmc/goncalves2022/mmc3.xlsx	76204947	no	第三方补充材料工作簿（xlsx），§1 第三方再分发一律 link_only 登记	05_external_public_datasets
analysis/b4_mrna_protein_paired_20260926/raw/epmc/goncalves2022/mmc4.xlsx	18204	no	第三方补充材料工作簿（xlsx），§1 第三方再分发一律 link_only 登记	05_external_public_datasets
analysis/b4_mrna_protein_paired_20260926/raw/epmc/goncalves2022/mmc5.xlsx	34179346	no	第三方补充材料工作簿（xlsx），§1 第三方再分发一律 link_only 登记	05_external_public_datasets
analysis/b4_mrna_protein_paired_20260926/raw/epmc/goncalves2022/mmc6.xlsx	32727885	no	第三方补充材料工作簿（xlsx），§1 第三方再分发一律 link_only 登记	05_external_public_datasets
analysis/b4_mrna_protein_paired_20260926/raw/epmc/wang2019/Table_EV1.xlsx	9027918	no	第三方补充材料工作簿（xlsx），§1 第三方再分发一律 link_only 登记	05_external_public_datasets
analysis/b4_mrna_protein_paired_20260926/raw/epmc/wang2019/Table_EV1_C.tsv	3831266	no	第三方公开库原始下载件（§1：默认只登记 accession/URL/大小/哈希，不进仓库）	05_external_public_datasets
analysis/b4_mrna_protein_paired_20260926/raw/epmc/wang2019/Table_EV2.xlsx	35829431	no	第三方补充材料工作簿（xlsx），§1 第三方再分发一律 link_only 登记	05_external_public_datasets
analysis/b4_mrna_protein_paired_20260926/raw/epmc/wang2019/Table_EV2_B.tsv	2365573	no	第三方公开库原始下载件（§1：默认只登记 accession/URL/大小/哈希，不进仓库）	05_external_public_datasets
analysis/b4_mrna_protein_paired_20260926/raw/epmc/wang2019/Table_EV3.xlsx	1617988	no	第三方补充材料工作簿（xlsx），§1 第三方再分发一律 link_only 登记	05_external_public_datasets
analysis/b4_mrna_protein_paired_20260926/raw/epmc/wang2019/Table_EV7.xlsx	87220975	no	第三方补充材料工作簿（xlsx），§1 第三方再分发一律 link_only 登记	05_external_public_datasets
analysis/b4_mrna_protein_paired_20260926/raw/hpa_ENSG00000142166.tsv	6696	no	第三方公开库原始下载件（§1：默认只登记 accession/URL/大小/哈希，不进仓库）	04_host_reference_and_atlas
analysis/b5_harmonised_atlas_20260926/FINDINGS.md	10806	no	叙述性分析记录/运行日志（方法、口径、结论留痕）；删除后仍可由脚本重算，非数值源数据，不入库	00_index_and_metadata
analysis/b5_harmonised_atlas_20260926/NOTE_coverage_column_inverted_20260927.md	2546	no	叙述性分析记录/运行日志（方法、口径、结论留痕）；删除后仍可由脚本重算，非数值源数据，不入库	00_index_and_metadata
analysis/b5_harmonised_atlas_20260926/__pycache__/b5_common.cpython-314.pyc	20334	no	Python 字节码缓存，非数据	08_out_of_scope_and_superseded
analysis/b5_harmonised_atlas_20260926/raw/cl.obo	17353259	no	第三方公开库原始下载件（§1：默认只登记 accession/URL/大小/哈希，不进仓库）	05_external_public_datasets
analysis/b5b_obo_fix_20260926/__pycache__/b5_common.cpython-314.pyc	20504	no	Python 字节码缓存，非数据	08_out_of_scope_and_superseded
analysis/bdbv_2026_sequence_20260919/raw/bdbv_2026_esummary.json	37564	no	第三方公开库原始下载件（§1：默认只登记 accession/URL/大小/哈希，不进仓库）	02_primary_sequence_data
analysis/bdbv_2026_sequence_20260919/raw/bdbv_2026_genomes.fasta	700653	no	第三方公开库原始下载件（§1：默认只登记 accession/URL/大小/哈希，不进仓库）	02_primary_sequence_data
analysis/bdbv_2026_sequence_20260919/raw/bdbv_comparator_genomes.fasta	39096	no	第三方公开库原始下载件（§1：默认只登记 accession/URL/大小/哈希，不进仓库）	02_primary_sequence_data
analysis/bdbv_2026_sequence_20260919/raw/bdbv_ref_NC_014373_1.gb	45441	no	第三方公开库原始下载件（§1：默认只登记 accession/URL/大小/哈希，不进仓库）	02_primary_sequence_data
analysis/bdbv_2026_sequence_20260919/raw/pubmed_2026_bdbv.xml	56962	no	第三方公开库原始下载件（§1：默认只登记 accession/URL/大小/哈希，不进仓库）	02_primary_sequence_data
analysis/bdbv_2026_sequence_20260919/run.log	2665	no	叙述性分析记录/运行日志（方法、口径、结论留痕）；删除后仍可由脚本重算，非数值源数据，不入库	00_index_and_metadata
analysis/bdbv_2026_sequence_20260919/vp24_interface_conservation.png	321819	no	渲染成图/导出 PDF/文档产物，非数值源数据（§1 不收）	08_out_of_scope_and_superseded
analysis/bdbv_2026_sequon_20260919/gp_encoded_region_sequons.tsv	3164	no	GP 序列/糖基化分析；v13 全文 0 次命中 GP/glycan/sequon，属 §1 已确认超范围	08_out_of_scope_and_superseded
analysis/bdbv_2026_sequon_20260919/gp_fullength_sequons.tsv	10284	no	GP 序列/糖基化分析；v13 全文 0 次命中 GP/glycan/sequon，属 §1 已确认超范围	08_out_of_scope_and_superseded
analysis/bdbv_2026_sequon_20260919/gp_fullength_summary.json	1683	no	GP 序列/糖基化分析；v13 全文 0 次命中 GP/glycan/sequon，属 §1 已确认超范围	08_out_of_scope_and_superseded
analysis/bdbv_2026_sequon_20260919/gp_region_variants.tsv	12497	no	GP 序列/糖基化分析；v13 全文 0 次命中 GP/glycan/sequon，属 §1 已确认超范围	08_out_of_scope_and_superseded
analysis/bdbv_2026_sequon_20260919/gp_sequon_changes.tsv	1733	no	GP 序列/糖基化分析；v13 全文 0 次命中 GP/glycan/sequon，属 §1 已确认超范围	08_out_of_scope_and_superseded
analysis/bdbv_2026_sequon_20260919/raw/comparator_gb.gb	76863	no	GP 序列/糖基化分析；v13 全文 0 次命中 GP/glycan/sequon，属 §1 已确认超范围	08_out_of_scope_and_superseded
analysis/bdbv_2026_sequon_20260919/sequon_scan_summary.json	10346	no	GP 序列/糖基化分析；v13 全文 0 次命中 GP/glycan/sequon，属 §1 已确认超范围	08_out_of_scope_and_superseded
analysis/bdbv_2026_sequon_20260919/sequon_scan_v2_summary.json	1766	no	GP 序列/糖基化分析；v13 全文 0 次命中 GP/glycan/sequon，属 §1 已确认超范围	08_out_of_scope_and_superseded
analysis/bdbv_seq_survey_20260924/refseq_nc014373.gb	45441	no	未归类扩展名，默认不入库（需人工复核）	02_primary_sequence_data
analysis/composite_axis_review_20260930/run_log.txt	1972	no	叙述性分析记录/运行日志（方法、口径、结论留痕）；删除后仍可由脚本重算，非数值源数据，不入库	00_index_and_metadata
analysis/composite_axis_review_main_20260930/run_log.txt	6750	no	叙述性分析记录/运行日志（方法、口径、结论留痕）；删除后仍可由脚本重算，非数值源数据，不入库	00_index_and_metadata
analysis/dvp_delta_alignment_20260926/FINDINGS.md	13996	no	叙述性分析记录/运行日志（方法、口径、结论留痕）；删除后仍可由脚本重算，非数值源数据，不入库	00_index_and_metadata
analysis/dvp_delta_alignment_20260926/PREREG.md	9319	no	叙述性分析记录/运行日志（方法、口径、结论留痕）；删除后仍可由脚本重算，非数值源数据，不入库	00_index_and_metadata
analysis/dvp_delta_alignment_20260926/dv_00_probe.txt	1170	no	叙述性分析记录/运行日志（方法、口径、结论留痕）；删除后仍可由脚本重算，非数值源数据，不入库	00_index_and_metadata
analysis/dvp_delta_alignment_20260926/dv_02_probe_genes.txt	8416	no	叙述性分析记录/运行日志（方法、口径、结论留痕）；删除后仍可由脚本重算，非数值源数据，不入库	00_index_and_metadata
analysis/dvp_delta_alignment_20260926/dv_03_runlog.txt	5242	no	叙述性分析记录/运行日志（方法、口径、结论留痕）；删除后仍可由脚本重算，非数值源数据，不入库	00_index_and_metadata
analysis/dvp_delta_alignment_20260926/p2_paired_values.txt	11652	no	叙述性分析记录/运行日志（方法、口径、结论留痕）；删除后仍可由脚本重算，非数值源数据，不入库	00_index_and_metadata
analysis/dvp_delta_alignment_20260926/repro.md	779	no	叙述性分析记录/运行日志（方法、口径、结论留痕）；删除后仍可由脚本重算，非数值源数据，不入库	00_index_and_metadata
analysis/g1_crossdb_census_20260926/g1_log.txt	9153	no	叙述性分析记录/运行日志（方法、口径、结论留痕）；删除后仍可由脚本重算，非数值源数据，不入库	00_index_and_metadata
analysis/g1_crossdb_census_20260926/raw/bvbrc_BDBV_features.json	923449	no	第三方公开库原始下载件（§1：默认只登记 accession/URL/大小/哈希，不进仓库）	02_primary_sequence_data
analysis/g1_crossdb_census_20260926/raw/bvbrc_BOMV_features.json	303065	no	第三方公开库原始下载件（§1：默认只登记 accession/URL/大小/哈希，不进仓库）	02_primary_sequence_data
analysis/g1_crossdb_census_20260926/raw/bvbrc_EBOV_features.json	16847772	no	第三方公开库原始下载件（§1：默认只登记 accession/URL/大小/哈希，不进仓库）	02_primary_sequence_data
analysis/g1_crossdb_census_20260926/raw/bvbrc_RESTV_features.json	604248	no	第三方公开库原始下载件（§1：默认只登记 accession/URL/大小/哈希，不进仓库）	02_primary_sequence_data
analysis/g1_crossdb_census_20260926/raw/bvbrc_SUDV_features.json	3753603	no	第三方公开库原始下载件（§1：默认只登记 accession/URL/大小/哈希，不进仓库）	02_primary_sequence_data
analysis/g1_crossdb_census_20260926/raw/bvbrc_TAFV_features.json	227266	no	第三方公开库原始下载件（§1：默认只登记 accession/URL/大小/哈希，不进仓库）	02_primary_sequence_data
analysis/g1_crossdb_census_20260926/raw/ena_count_186538.tsv	33106	no	第三方公开库原始下载件（§1：默认只登记 accession/URL/大小/哈希，不进仓库）	02_primary_sequence_data
analysis/g1_crossdb_census_20260926/raw/ena_count_186539.tsv	553	no	第三方公开库原始下载件（§1：默认只登记 accession/URL/大小/哈希，不进仓库）	02_primary_sequence_data
analysis/g1_crossdb_census_20260926/raw/ena_count_186540.tsv	1480	no	第三方公开库原始下载件（§1：默认只登记 accession/URL/大小/哈希，不进仓库）	02_primary_sequence_data
analysis/g1_crossdb_census_20260926/raw/ena_count_186541.tsv	89	no	第三方公开库原始下载件（§1：默认只登记 accession/URL/大小/哈希，不进仓库）	02_primary_sequence_data
analysis/g1_crossdb_census_20260926/raw/ena_count_2010960.tsv	118	no	第三方公开库原始下载件（§1：默认只登记 accession/URL/大小/哈希，不进仓库）	02_primary_sequence_data
analysis/g1_crossdb_census_20260926/raw/ena_count_565995.tsv	523	no	第三方公开库原始下载件（§1：默认只登记 accession/URL/大小/哈希，不进仓库）	02_primary_sequence_data
analysis/g1_crossdb_census_20260926/raw/px_ebola-bdbv_aaMutations.json	8302	no	第三方公开库原始下载件（§1：默认只登记 accession/URL/大小/哈希，不进仓库）	02_primary_sequence_data
analysis/g1_crossdb_census_20260926/raw/px_ebola-sudan_aaMutations.json	18775	no	第三方公开库原始下载件（§1：默认只登记 accession/URL/大小/哈希，不进仓库）	02_primary_sequence_data
analysis/g1_crossdb_census_20260926/raw/px_ebola-zaire_aaMutations.json	25896	no	第三方公开库原始下载件（§1：默认只登记 accession/URL/大小/哈希，不进仓库）	02_primary_sequence_data
analysis/g1_crossdb_census_20260926/raw/uniprot_BDBV_vp24.fasta	365	no	第三方公开库原始下载件（§1：默认只登记 accession/URL/大小/哈希，不进仓库）	02_primary_sequence_data
analysis/g1_crossdb_census_20260926/raw/uniprot_BOMV_vp24.fasta	734	no	第三方公开库原始下载件（§1：默认只登记 accession/URL/大小/哈希，不进仓库）	02_primary_sequence_data
analysis/g1_crossdb_census_20260926/raw/uniprot_EBOV_vp24.fasta	9863	no	第三方公开库原始下载件（§1：默认只登记 accession/URL/大小/哈希，不进仓库）	02_primary_sequence_data
analysis/g1_crossdb_census_20260926/raw/uniprot_RESTV_vp24.fasta	1834	no	第三方公开库原始下载件（§1：默认只登记 accession/URL/大小/哈希，不进仓库）	02_primary_sequence_data
analysis/g1_crossdb_census_20260926/raw/uniprot_SUDV_vp24.fasta	1460	no	第三方公开库原始下载件（§1：默认只登记 accession/URL/大小/哈希，不进仓库）	02_primary_sequence_data
analysis/g1_crossdb_census_20260926/raw/uniprot_TAFV_vp24.fasta	365	no	第三方公开库原始下载件（§1：默认只登记 accession/URL/大小/哈希，不进仓库）	02_primary_sequence_data
analysis/g1b_crossdb_screen_20260926/g1b_log.txt	26382	no	叙述性分析记录/运行日志（方法、口径、结论留痕）；删除后仍可由脚本重算，非数值源数据，不入库	00_index_and_metadata
analysis/g1b_crossdb_screen_20260926/g1b_probe_log.txt	530	no	叙述性分析记录/运行日志（方法、口径、结论留痕）；删除后仍可由脚本重算，非数值源数据，不入库	00_index_and_metadata
analysis/g1b_crossdb_screen_20260926/raw/g1b_bvbrc_BDBV_protein_000.fasta	800	no	第三方公开库原始下载件（§1：默认只登记 accession/URL/大小/哈希，不进仓库）	02_primary_sequence_data
analysis/g1b_crossdb_screen_20260926/raw/g1b_bvbrc_BOMV_protein_000.fasta	316	no	第三方公开库原始下载件（§1：默认只登记 accession/URL/大小/哈希，不进仓库）	02_primary_sequence_data
analysis/g1b_crossdb_screen_20260926/raw/g1b_bvbrc_EBOV_protein_000.fasta	11297	no	第三方公开库原始下载件（§1：默认只登记 accession/URL/大小/哈希，不进仓库）	02_primary_sequence_data
analysis/g1b_crossdb_screen_20260926/raw/g1b_bvbrc_EBOV_protein_001.fasta	3535	no	第三方公开库原始下载件（§1：默认只登记 accession/URL/大小/哈希，不进仓库）	02_primary_sequence_data
analysis/g1b_crossdb_screen_20260926/raw/g1b_bvbrc_RESTV_protein_000.fasta	1545	no	第三方公开库原始下载件（§1：默认只登记 accession/URL/大小/哈希，不进仓库）	02_primary_sequence_data
analysis/g1b_crossdb_screen_20260926/raw/g1b_bvbrc_SUDV_protein_000.fasta	951	no	第三方公开库原始下载件（§1：默认只登记 accession/URL/大小/哈希，不进仓库）	02_primary_sequence_data
analysis/g1b_crossdb_screen_20260926/raw/g1b_bvbrc_TAFV_protein_000.fasta	324	no	第三方公开库原始下载件（§1：默认只登记 accession/URL/大小/哈希，不进仓库）	02_primary_sequence_data
analysis/g1b_crossdb_screen_20260926/raw/g1b_ena_BDBV_FJ217161.embl	45487	no	第三方公开库原始下载件（§1：默认只登记 accession/URL/大小/哈希，不进仓库）	02_primary_sequence_data
analysis/g1b_crossdb_screen_20260926/raw/g1b_ena_BDBV_HC918458.embl	3655	no	第三方公开库原始下载件（§1：默认只登记 accession/URL/大小/哈希，不进仓库）	02_primary_sequence_data
analysis/g1b_crossdb_screen_20260926/raw/g1b_ena_BDBV_HC918461.embl	3657	no	第三方公开库原始下载件（§1：默认只登记 accession/URL/大小/哈希，不进仓库）	02_primary_sequence_data
analysis/g1b_crossdb_screen_20260926/raw/g1b_ena_BDBV_HV753272.embl	4080	no	第三方公开库原始下载件（§1：默认只登记 accession/URL/大小/哈希，不进仓库）	02_primary_sequence_data
analysis/g1b_crossdb_screen_20260926/raw/g1b_ena_BDBV_HV753275.embl	4081	no	第三方公开库原始下载件（§1：默认只登记 accession/URL/大小/哈希，不进仓库）	02_primary_sequence_data
analysis/g1b_crossdb_screen_20260926/raw/g1b_ena_BDBV_HZ164395.embl	4078	no	第三方公开库原始下载件（§1：默认只登记 accession/URL/大小/哈希，不进仓库）	02_primary_sequence_data
analysis/g1b_crossdb_screen_20260926/raw/g1b_ena_BDBV_HZ164398.embl	4079	no	第三方公开库原始下载件（§1：默认只登记 accession/URL/大小/哈希，不进仓库）	02_primary_sequence_data
analysis/g1b_crossdb_screen_20260926/raw/g1b_ena_BDBV_JA489018.embl	26624	no	第三方公开库原始下载件（§1：默认只登记 accession/URL/大小/哈希，不进仓库）	02_primary_sequence_data
analysis/g1b_crossdb_screen_20260926/raw/g1b_ena_BDBV_KC545393.embl	37205	no	第三方公开库原始下载件（§1：默认只登记 accession/URL/大小/哈希，不进仓库）	02_primary_sequence_data
analysis/g1b_crossdb_screen_20260926/raw/g1b_ena_BDBV_KC545394.embl	37205	no	第三方公开库原始下载件（§1：默认只登记 accession/URL/大小/哈希，不进仓库）	02_primary_sequence_data
analysis/g1b_crossdb_screen_20260926/raw/g1b_ena_BDBV_KC545395.embl	37205	no	第三方公开库原始下载件（§1：默认只登记 accession/URL/大小/哈希，不进仓库）	02_primary_sequence_data
analysis/g1b_crossdb_screen_20260926/raw/g1b_ena_BDBV_KC545396.embl	37241	no	第三方公开库原始下载件（§1：默认只登记 accession/URL/大小/哈希，不进仓库）	02_primary_sequence_data
analysis/g1b_crossdb_screen_20260926/raw/g1b_ena_BDBV_KR063673.embl	43552	no	第三方公开库原始下载件（§1：默认只登记 accession/URL/大小/哈希，不进仓库）	02_primary_sequence_data
analysis/g1b_crossdb_screen_20260926/raw/g1b_ena_BDBV_KU182911.embl	45293	no	第三方公开库原始下载件（§1：默认只登记 accession/URL/大小/哈希，不进仓库）	02_primary_sequence_data
analysis/g1b_crossdb_screen_20260926/raw/g1b_ena_BDBV_LQ278388.embl	1107	no	第三方公开库原始下载件（§1：默认只登记 accession/URL/大小/哈希，不进仓库）	02_primary_sequence_data
analysis/g1b_crossdb_screen_20260926/raw/g1b_ena_BDBV_LQ278392.embl	1188	no	第三方公开库原始下载件（§1：默认只登记 accession/URL/大小/哈希，不进仓库）	02_primary_sequence_data
analysis/g1b_crossdb_screen_20260926/raw/g1b_ena_BDBV_LQ278396.embl	1191	no	第三方公开库原始下载件（§1：默认只登记 accession/URL/大小/哈希，不进仓库）	02_primary_sequence_data
analysis/g1b_crossdb_screen_20260926/raw/g1b_ena_BDBV_MS811591.embl	10050	no	第三方公开库原始下载件（§1：默认只登记 accession/URL/大小/哈希，不进仓库）	02_primary_sequence_data
analysis/g1b_crossdb_screen_20260926/raw/g1b_ena_BDBV_MT583343.embl	38458	no	第三方公开库原始下载件（§1：默认只登记 accession/URL/大小/哈希，不进仓库）	02_primary_sequence_data
analysis/g1b_crossdb_screen_20260926/raw/g1b_ena_BDBV_MT583344.embl	38458	no	第三方公开库原始下载件（§1：默认只登记 accession/URL/大小/哈希，不进仓库）	02_primary_sequence_data
analysis/g1b_crossdb_screen_20260926/raw/g1b_ena_BDBV_OK573002.embl	27578	no	第三方公开库原始下载件（§1：默认只登记 accession/URL/大小/哈希，不进仓库）	02_primary_sequence_data
analysis/g1b_crossdb_screen_20260926/raw/g1b_ena_BDBV_OZ491521.embl	27050	no	第三方公开库原始下载件（§1：默认只登记 accession/URL/大小/哈希，不进仓库）	02_primary_sequence_data
analysis/g1b_crossdb_screen_20260926/raw/g1b_ena_BDBV_OZ491522.embl	27036	no	第三方公开库原始下载件（§1：默认只登记 accession/URL/大小/哈希，不进仓库）	02_primary_sequence_data
analysis/g1b_crossdb_screen_20260926/raw/g1b_ena_BDBV_OZ491524.embl	27036	no	第三方公开库原始下载件（§1：默认只登记 accession/URL/大小/哈希，不进仓库）	02_primary_sequence_data
analysis/g1b_crossdb_screen_20260926/raw/g1b_ena_BDBV_OZ491525.embl	27050	no	第三方公开库原始下载件（§1：默认只登记 accession/URL/大小/哈希，不进仓库）	02_primary_sequence_data
analysis/g1b_crossdb_screen_20260926/raw/g1b_ena_BDBV_OZ491526.embl	27028	no	第三方公开库原始下载件（§1：默认只登记 accession/URL/大小/哈希，不进仓库）	02_primary_sequence_data
analysis/g1b_crossdb_screen_20260926/raw/g1b_ena_BDBV_OZ491527.embl	27032	no	第三方公开库原始下载件（§1：默认只登记 accession/URL/大小/哈希，不进仓库）	02_primary_sequence_data
analysis/g1b_crossdb_screen_20260926/raw/g1b_ena_BDBV_OZ491529.embl	27032	no	第三方公开库原始下载件（§1：默认只登记 accession/URL/大小/哈希，不进仓库）	02_primary_sequence_data
analysis/g1b_crossdb_screen_20260926/raw/g1b_ena_BDBV_OZ491530.embl	27088	no	第三方公开库原始下载件（§1：默认只登记 accession/URL/大小/哈希，不进仓库）	02_primary_sequence_data
analysis/g1b_crossdb_screen_20260926/raw/g1b_ena_BDBV_OZ491531.embl	27028	no	第三方公开库原始下载件（§1：默认只登记 accession/URL/大小/哈希，不进仓库）	02_primary_sequence_data
analysis/g1b_crossdb_screen_20260926/raw/g1b_ena_BDBV_OZ491532.embl	27032	no	第三方公开库原始下载件（§1：默认只登记 accession/URL/大小/哈希，不进仓库）	02_primary_sequence_data
analysis/g1b_crossdb_screen_20260926/raw/g1b_ena_BDBV_OZ491533.embl	27497	no	第三方公开库原始下载件（§1：默认只登记 accession/URL/大小/哈希，不进仓库）	02_primary_sequence_data
analysis/g1b_crossdb_screen_20260926/raw/g1b_ena_BDBV_OZ491534.embl	27037	no	第三方公开库原始下载件（§1：默认只登记 accession/URL/大小/哈希，不进仓库）	02_primary_sequence_data
analysis/g1b_crossdb_screen_20260926/raw/g1b_ena_BDBV_OZ491535.embl	27131	no	第三方公开库原始下载件（§1：默认只登记 accession/URL/大小/哈希，不进仓库）	02_primary_sequence_data
analysis/g1b_crossdb_screen_20260926/raw/g1b_ena_BDBV_OZ491536.embl	27032	no	第三方公开库原始下载件（§1：默认只登记 accession/URL/大小/哈希，不进仓库）	02_primary_sequence_data
analysis/g1b_crossdb_screen_20260926/raw/g1b_ena_BDBV_OZ491537.embl	28085	no	第三方公开库原始下载件（§1：默认只登记 accession/URL/大小/哈希，不进仓库）	02_primary_sequence_data
analysis/g1b_crossdb_screen_20260926/raw/g1b_ena_BDBV_OZ491538.embl	27032	no	第三方公开库原始下载件（§1：默认只登记 accession/URL/大小/哈希，不进仓库）	02_primary_sequence_data
analysis/g1b_crossdb_screen_20260926/raw/g1b_ena_BDBV_OZ491539.embl	27029	no	第三方公开库原始下载件（§1：默认只登记 accession/URL/大小/哈希，不进仓库）	02_primary_sequence_data
analysis/g1b_crossdb_screen_20260926/raw/g1b_ena_BDBV_OZ491540.embl	27132	no	第三方公开库原始下载件（§1：默认只登记 accession/URL/大小/哈希，不进仓库）	02_primary_sequence_data
analysis/g1b_crossdb_screen_20260926/raw/g1b_ena_BDBV_OZ491541.embl	27493	no	第三方公开库原始下载件（§1：默认只登记 accession/URL/大小/哈希，不进仓库）	02_primary_sequence_data
analysis/g1b_crossdb_screen_20260926/raw/g1b_ena_BDBV_OZ492176.embl	27037	no	第三方公开库原始下载件（§1：默认只登记 accession/URL/大小/哈希，不进仓库）	02_primary_sequence_data
analysis/g1b_crossdb_screen_20260926/raw/g1b_ena_BDBV_OZ498939.embl	26958	no	第三方公开库原始下载件（§1：默认只登记 accession/URL/大小/哈希，不进仓库）	02_primary_sequence_data
analysis/g1b_crossdb_screen_20260926/raw/g1b_ena_BDBV_OZ532041.embl	27707	no	第三方公开库原始下载件（§1：默认只登记 accession/URL/大小/哈希，不进仓库）	02_primary_sequence_data
analysis/g1b_crossdb_screen_20260926/raw/g1b_ena_BDBV_OZ532042.embl	27590	no	第三方公开库原始下载件（§1：默认只登记 accession/URL/大小/哈希，不进仓库）	02_primary_sequence_data
analysis/g1b_crossdb_screen_20260926/raw/g1b_ena_BDBV_OZ532043.embl	27590	no	第三方公开库原始下载件（§1：默认只登记 accession/URL/大小/哈希，不进仓库）	02_primary_sequence_data
analysis/g1b_crossdb_screen_20260926/raw/g1b_ena_BDBV_OZ532044.embl	27474	no	第三方公开库原始下载件（§1：默认只登记 accession/URL/大小/哈希，不进仓库）	02_primary_sequence_data
analysis/g1b_crossdb_screen_20260926/raw/g1b_ena_BDBV_OZ532045.embl	27475	no	第三方公开库原始下载件（§1：默认只登记 accession/URL/大小/哈希，不进仓库）	02_primary_sequence_data
analysis/g1b_crossdb_screen_20260926/raw/g1b_ena_BDBV_OZ532046.embl	30485	no	第三方公开库原始下载件（§1：默认只登记 accession/URL/大小/哈希，不进仓库）	02_primary_sequence_data
analysis/g1b_crossdb_screen_20260926/raw/g1b_ena_BDBV_OZ538083.embl	27551	no	第三方公开库原始下载件（§1：默认只登记 accession/URL/大小/哈希，不进仓库）	02_primary_sequence_data
analysis/g1b_crossdb_screen_20260926/raw/g1b_ena_BDBV_OZ538098.embl	27470	no	第三方公开库原始下载件（§1：默认只登记 accession/URL/大小/哈希，不进仓库）	02_primary_sequence_data
analysis/g1b_crossdb_screen_20260926/raw/g1b_ena_BDBV_OZ538116.embl	27498	no	第三方公开库原始下载件（§1：默认只登记 accession/URL/大小/哈希，不进仓库）	02_primary_sequence_data
analysis/g1b_crossdb_screen_20260926/raw/g1b_ena_BDBV_OZ538117.embl	27682	no	第三方公开库原始下载件（§1：默认只登记 accession/URL/大小/哈希，不进仓库）	02_primary_sequence_data
analysis/g1b_crossdb_screen_20260926/raw/g1b_ena_BDBV_OZ538121.embl	27567	no	第三方公开库原始下载件（§1：默认只登记 accession/URL/大小/哈希，不进仓库）	02_primary_sequence_data
analysis/g1b_crossdb_screen_20260926/raw/g1b_ena_BDBV_OZ538122.embl	27764	no	第三方公开库原始下载件（§1：默认只登记 accession/URL/大小/哈希，不进仓库）	02_primary_sequence_data
analysis/g1b_crossdb_screen_20260926/raw/g1b_ena_BDBV_OZ538124.embl	29356	no	第三方公开库原始下载件（§1：默认只登记 accession/URL/大小/哈希，不进仓库）	02_primary_sequence_data
analysis/g1b_crossdb_screen_20260926/raw/g1b_ena_BDBV_OZ538125.embl	27417	no	第三方公开库原始下载件（§1：默认只登记 accession/URL/大小/哈希，不进仓库）	02_primary_sequence_data
analysis/g1b_crossdb_screen_20260926/raw/g1b_ena_BDBV_OZ542751.embl	27097	no	第三方公开库原始下载件（§1：默认只登记 accession/URL/大小/哈希，不进仓库）	02_primary_sequence_data
analysis/g1b_crossdb_screen_20260926/raw/g1b_ena_BDBV_list.tsv	4742	no	第三方公开库原始下载件（§1：默认只登记 accession/URL/大小/哈希，不进仓库）	02_primary_sequence_data
analysis/g1b_crossdb_screen_20260926/raw/g1b_ena_BOMV_MF319185.embl	44297	no	第三方公开库原始下载件（§1：默认只登记 accession/URL/大小/哈希，不进仓库）	02_primary_sequence_data
analysis/g1b_crossdb_screen_20260926/raw/g1b_ena_BOMV_MF319186.embl	44091	no	第三方公开库原始下载件（§1：默认只登记 accession/URL/大小/哈希，不进仓库）	02_primary_sequence_data
analysis/g1b_crossdb_screen_20260926/raw/g1b_ena_BOMV_MK340750.embl	39537	no	第三方公开库原始下载件（§1：默认只登记 accession/URL/大小/哈希，不进仓库）	02_primary_sequence_data
analysis/g1b_crossdb_screen_20260926/raw/g1b_ena_BOMV_MK543447.embl	3826	no	第三方公开库原始下载件（§1：默认只登记 accession/URL/大小/哈希，不进仓库）	02_primary_sequence_data
analysis/g1b_crossdb_screen_20260926/raw/g1b_ena_BOMV_MW056492.embl	37776	no	第三方公开库原始下载件（§1：默认只登记 accession/URL/大小/哈希，不进仓库）	02_primary_sequence_data
analysis/g1b_crossdb_screen_20260926/raw/g1b_ena_BOMV_MW056493.embl	37776	no	第三方公开库原始下载件（§1：默认只登记 accession/URL/大小/哈希，不进仓库）	02_primary_sequence_data
analysis/g1b_crossdb_screen_20260926/raw/g1b_ena_BOMV_MW056494.embl	27104	no	第三方公开库原始下载件（§1：默认只登记 accession/URL/大小/哈希，不进仓库）	02_primary_sequence_data
analysis/g1b_crossdb_screen_20260926/raw/g1b_ena_BOMV_OK633884.embl	36201	no	第三方公开库原始下载件（§1：默认只登记 accession/URL/大小/哈希，不进仓库）	02_primary_sequence_data
analysis/g1b_crossdb_screen_20260926/raw/g1b_ena_BOMV_ON556628.embl	3115	no	第三方公开库原始下载件（§1：默认只登记 accession/URL/大小/哈希，不进仓库）	02_primary_sequence_data
analysis/g1b_crossdb_screen_20260926/raw/g1b_ena_BOMV_ON556629.embl	3115	no	第三方公开库原始下载件（§1：默认只登记 accession/URL/大小/哈希，不进仓库）	02_primary_sequence_data
analysis/g1b_crossdb_screen_20260926/raw/g1b_ena_BOMV_ON556630.embl	3115	no	第三方公开库原始下载件（§1：默认只登记 accession/URL/大小/哈希，不进仓库）	02_primary_sequence_data
analysis/g1b_crossdb_screen_20260926/raw/g1b_ena_BOMV_ON871047.embl	37346	no	第三方公开库原始下载件（§1：默认只登记 accession/URL/大小/哈希，不进仓库）	02_primary_sequence_data
analysis/g1b_crossdb_screen_20260926/raw/g1b_ena_BOMV_list.tsv	1023	no	第三方公开库原始下载件（§1：默认只登记 accession/URL/大小/哈希，不进仓库）	02_primary_sequence_data
analysis/g1b_crossdb_screen_20260926/raw/g1b_ena_EBOV_AF272001.embl	45524	no	第三方公开库原始下载件（§1：默认只登记 accession/URL/大小/哈希，不进仓库）	02_primary_sequence_data
analysis/g1b_crossdb_screen_20260926/raw/g1b_ena_EBOV_AF499101.embl	45470	no	第三方公开库原始下载件（§1：默认只登记 accession/URL/大小/哈希，不进仓库）	02_primary_sequence_data
analysis/g1b_crossdb_screen_20260926/raw/g1b_ena_EBOV_AY142960.embl	41333	no	第三方公开库原始下载件（§1：默认只登记 accession/URL/大小/哈希，不进仓库）	02_primary_sequence_data
analysis/g1b_crossdb_screen_20260926/raw/g1b_ena_EBOV_AY354458.embl	46568	no	第三方公开库原始下载件（§1：默认只登记 accession/URL/大小/哈希，不进仓库）	02_primary_sequence_data
analysis/g1b_crossdb_screen_20260926/raw/g1b_ena_EBOV_AY526098.embl	4763	no	第三方公开库原始下载件（§1：默认只登记 accession/URL/大小/哈希，不进仓库）	02_primary_sequence_data
analysis/g1b_crossdb_screen_20260926/raw/g1b_ena_EBOV_AY526099.embl	4775	no	第三方公开库原始下载件（§1：默认只登记 accession/URL/大小/哈希，不进仓库）	02_primary_sequence_data
analysis/g1b_crossdb_screen_20260926/raw/g1b_ena_EBOV_AY526100.embl	4801	no	第三方公开库原始下载件（§1：默认只登记 accession/URL/大小/哈希，不进仓库）	02_primary_sequence_data
analysis/g1b_crossdb_screen_20260926/raw/g1b_ena_EBOV_AY526101.embl	4797	no	第三方公开库原始下载件（§1：默认只登记 accession/URL/大小/哈希，不进仓库）	02_primary_sequence_data
analysis/g1b_crossdb_screen_20260926/raw/g1b_ena_EBOV_AY526102.embl	4813	no	第三方公开库原始下载件（§1：默认只登记 accession/URL/大小/哈希，不进仓库）	02_primary_sequence_data
analysis/g1b_crossdb_screen_20260926/raw/g1b_ena_EBOV_AY526104.embl	4771	no	第三方公开库原始下载件（§1：默认只登记 accession/URL/大小/哈希，不进仓库）	02_primary_sequence_data
analysis/g1b_crossdb_screen_20260926/raw/g1b_ena_EBOV_AY526105.embl	4801	no	第三方公开库原始下载件（§1：默认只登记 accession/URL/大小/哈希，不进仓库）	02_primary_sequence_data
analysis/g1b_crossdb_screen_20260926/raw/g1b_ena_EBOV_EU224440.embl	41164	no	第三方公开库原始下载件（§1：默认只登记 accession/URL/大小/哈希，不进仓库）	02_primary_sequence_data
analysis/g1b_crossdb_screen_20260926/raw/g1b_ena_EBOV_JQ352763.embl	45074	no	第三方公开库原始下载件（§1：默认只登记 accession/URL/大小/哈希，不进仓库）	02_primary_sequence_data
analysis/g1b_crossdb_screen_20260926/raw/g1b_ena_EBOV_KC242784.embl	44820	no	第三方公开库原始下载件（§1：默认只登记 accession/URL/大小/哈希，不进仓库）	02_primary_sequence_data
analysis/g1b_crossdb_screen_20260926/raw/g1b_ena_EBOV_KC242785.embl	44858	no	第三方公开库原始下载件（§1：默认只登记 accession/URL/大小/哈希，不进仓库）	02_primary_sequence_data
analysis/g1b_crossdb_screen_20260926/raw/g1b_ena_EBOV_KC242786.embl	44782	no	第三方公开库原始下载件（§1：默认只登记 accession/URL/大小/哈希，不进仓库）	02_primary_sequence_data
analysis/g1b_crossdb_screen_20260926/raw/g1b_ena_EBOV_KC242787.embl	44784	no	第三方公开库原始下载件（§1：默认只登记 accession/URL/大小/哈希，不进仓库）	02_primary_sequence_data
analysis/g1b_crossdb_screen_20260926/raw/g1b_ena_EBOV_KC242788.embl	44784	no	第三方公开库原始下载件（§1：默认只登记 accession/URL/大小/哈希，不进仓库）	02_primary_sequence_data
analysis/g1b_crossdb_screen_20260926/raw/g1b_ena_EBOV_KC242789.embl	44782	no	第三方公开库原始下载件（§1：默认只登记 accession/URL/大小/哈希，不进仓库）	02_primary_sequence_data
analysis/g1b_crossdb_screen_20260926/raw/g1b_ena_EBOV_KC242790.embl	44782	no	第三方公开库原始下载件（§1：默认只登记 accession/URL/大小/哈希，不进仓库）	02_primary_sequence_data
analysis/g1b_crossdb_screen_20260926/raw/g1b_ena_EBOV_KC242791.embl	44828	no	第三方公开库原始下载件（§1：默认只登记 accession/URL/大小/哈希，不进仓库）	02_primary_sequence_data
analysis/g1b_crossdb_screen_20260926/raw/g1b_ena_EBOV_KC242792.embl	44814	no	第三方公开库原始下载件（§1：默认只登记 accession/URL/大小/哈希，不进仓库）	02_primary_sequence_data
analysis/g1b_crossdb_screen_20260926/raw/g1b_ena_EBOV_KC242793.embl	44782	no	第三方公开库原始下载件（§1：默认只登记 accession/URL/大小/哈希，不进仓库）	02_primary_sequence_data
analysis/g1b_crossdb_screen_20260926/raw/g1b_ena_EBOV_KC242794.embl	44774	no	第三方公开库原始下载件（§1：默认只登记 accession/URL/大小/哈希，不进仓库）	02_primary_sequence_data
analysis/g1b_crossdb_screen_20260926/raw/g1b_ena_EBOV_KC242795.embl	44746	no	第三方公开库原始下载件（§1：默认只登记 accession/URL/大小/哈希，不进仓库）	02_primary_sequence_data
analysis/g1b_crossdb_screen_20260926/raw/g1b_ena_EBOV_KC242796.embl	44952	no	第三方公开库原始下载件（§1：默认只登记 accession/URL/大小/哈希，不进仓库）	02_primary_sequence_data
analysis/g1b_crossdb_screen_20260926/raw/g1b_ena_EBOV_KC242797.embl	44744	no	第三方公开库原始下载件（§1：默认只登记 accession/URL/大小/哈希，不进仓库）	02_primary_sequence_data
analysis/g1b_crossdb_screen_20260926/raw/g1b_ena_EBOV_KC242798.embl	44738	no	第三方公开库原始下载件（§1：默认只登记 accession/URL/大小/哈希，不进仓库）	02_primary_sequence_data
analysis/g1b_crossdb_screen_20260926/raw/g1b_ena_EBOV_KC242799.embl	44800	no	第三方公开库原始下载件（§1：默认只登记 accession/URL/大小/哈希，不进仓库）	02_primary_sequence_data
analysis/g1b_crossdb_screen_20260926/raw/g1b_ena_EBOV_KC242800.embl	44976	no	第三方公开库原始下载件（§1：默认只登记 accession/URL/大小/哈希，不进仓库）	02_primary_sequence_data
analysis/g1b_crossdb_screen_20260926/raw/g1b_ena_EBOV_KC242801.embl	44830	no	第三方公开库原始下载件（§1：默认只登记 accession/URL/大小/哈希，不进仓库）	02_primary_sequence_data
analysis/g1b_crossdb_screen_20260926/raw/g1b_ena_EBOV_KF113529.embl	35148	no	第三方公开库原始下载件（§1：默认只登记 accession/URL/大小/哈希，不进仓库）	02_primary_sequence_data
analysis/g1b_crossdb_screen_20260926/raw/g1b_ena_EBOV_KF827427.embl	38609	no	第三方公开库原始下载件（§1：默认只登记 accession/URL/大小/哈希，不进仓库）	02_primary_sequence_data
analysis/g1b_crossdb_screen_20260926/raw/g1b_ena_EBOV_KJ660346.embl	46423	no	第三方公开库原始下载件（§1：默认只登记 accession/URL/大小/哈希，不进仓库）	02_primary_sequence_data
analysis/g1b_crossdb_screen_20260926/raw/g1b_ena_EBOV_KJ660347.embl	46563	no	第三方公开库原始下载件（§1：默认只登记 accession/URL/大小/哈希，不进仓库）	02_primary_sequence_data
analysis/g1b_crossdb_screen_20260926/raw/g1b_ena_EBOV_KJ660348.embl	46145	no	第三方公开库原始下载件（§1：默认只登记 accession/URL/大小/哈希，不进仓库）	02_primary_sequence_data
analysis/g1b_crossdb_screen_20260926/raw/g1b_ena_EBOV_KM034549.embl	45086	no	第三方公开库原始下载件（§1：默认只登记 accession/URL/大小/哈希，不进仓库）	02_primary_sequence_data
analysis/g1b_crossdb_screen_20260926/raw/g1b_ena_EBOV_KM034550.embl	45322	no	第三方公开库原始下载件（§1：默认只登记 accession/URL/大小/哈希，不进仓库）	02_primary_sequence_data
analysis/g1b_crossdb_screen_20260926/raw/g1b_ena_EBOV_KM034551.embl	45253	no	第三方公开库原始下载件（§1：默认只登记 accession/URL/大小/哈希，不进仓库）	02_primary_sequence_data
analysis/g1b_crossdb_screen_20260926/raw/g1b_ena_EBOV_KM034552.embl	44837	no	第三方公开库原始下载件（§1：默认只登记 accession/URL/大小/哈希，不进仓库）	02_primary_sequence_data
analysis/g1b_crossdb_screen_20260926/raw/g1b_ena_EBOV_KM034553.embl	45303	no	第三方公开库原始下载件（§1：默认只登记 accession/URL/大小/哈希，不进仓库）	02_primary_sequence_data
analysis/g1b_crossdb_screen_20260926/raw/g1b_ena_EBOV_KM034554.embl	45249	no	第三方公开库原始下载件（§1：默认只登记 accession/URL/大小/哈希，不进仓库）	02_primary_sequence_data
analysis/g1b_crossdb_screen_20260926/raw/g1b_ena_EBOV_KM034555.embl	45211	no	第三方公开库原始下载件（§1：默认只登记 accession/URL/大小/哈希，不进仓库）	02_primary_sequence_data
analysis/g1b_crossdb_screen_20260926/raw/g1b_ena_EBOV_KM034556.embl	45257	no	第三方公开库原始下载件（§1：默认只登记 accession/URL/大小/哈希，不进仓库）	02_primary_sequence_data
analysis/g1b_crossdb_screen_20260926/raw/g1b_ena_EBOV_KM034557.embl	45257	no	第三方公开库原始下载件（§1：默认只登记 accession/URL/大小/哈希，不进仓库）	02_primary_sequence_data
analysis/g1b_crossdb_screen_20260926/raw/g1b_ena_EBOV_KM034558.embl	45295	no	第三方公开库原始下载件（§1：默认只登记 accession/URL/大小/哈希，不进仓库）	02_primary_sequence_data
analysis/g1b_crossdb_screen_20260926/raw/g1b_ena_EBOV_KM034559.embl	45249	no	第三方公开库原始下载件（§1：默认只登记 accession/URL/大小/哈希，不进仓库）	02_primary_sequence_data
analysis/g1b_crossdb_screen_20260926/raw/g1b_ena_EBOV_KM034560.embl	45257	no	第三方公开库原始下载件（§1：默认只登记 accession/URL/大小/哈希，不进仓库）	02_primary_sequence_data
analysis/g1b_crossdb_screen_20260926/raw/g1b_ena_EBOV_KM034561.embl	45249	no	第三方公开库原始下载件（§1：默认只登记 accession/URL/大小/哈希，不进仓库）	02_primary_sequence_data
analysis/g1b_crossdb_screen_20260926/raw/g1b_ena_EBOV_KM034562.embl	45553	no	第三方公开库原始下载件（§1：默认只登记 accession/URL/大小/哈希，不进仓库）	02_primary_sequence_data
analysis/g1b_crossdb_screen_20260926/raw/g1b_ena_EBOV_KM034563.embl	44800	no	第三方公开库原始下载件（§1：默认只登记 accession/URL/大小/哈希，不进仓库）	02_primary_sequence_data
analysis/g1b_crossdb_screen_20260926/raw/g1b_ena_EBOV_KM233035.embl	44929	no	第三方公开库原始下载件（§1：默认只登记 accession/URL/大小/哈希，不进仓库）	02_primary_sequence_data
analysis/g1b_crossdb_screen_20260926/raw/g1b_ena_EBOV_KM233036.embl	44845	no	第三方公开库原始下载件（§1：默认只登记 accession/URL/大小/哈希，不进仓库）	02_primary_sequence_data
analysis/g1b_crossdb_screen_20260926/raw/g1b_ena_EBOV_KM233037.embl	44891	no	第三方公开库原始下载件（§1：默认只登记 accession/URL/大小/哈希，不进仓库）	02_primary_sequence_data
analysis/g1b_crossdb_screen_20260926/raw/g1b_ena_EBOV_KM233038.embl	44891	no	第三方公开库原始下载件（§1：默认只登记 accession/URL/大小/哈希，不进仓库）	02_primary_sequence_data
analysis/g1b_crossdb_screen_20260926/raw/g1b_ena_EBOV_KM233039.embl	44891	no	第三方公开库原始下载件（§1：默认只登记 accession/URL/大小/哈希，不进仓库）	02_primary_sequence_data
analysis/g1b_crossdb_screen_20260926/raw/g1b_ena_EBOV_KM233040.embl	44891	no	第三方公开库原始下载件（§1：默认只登记 accession/URL/大小/哈希，不进仓库）	02_primary_sequence_data
analysis/g1b_crossdb_screen_20260926/raw/g1b_ena_EBOV_KM233041.embl	44810	no	第三方公开库原始下载件（§1：默认只登记 accession/URL/大小/哈希，不进仓库）	02_primary_sequence_data
analysis/g1b_crossdb_screen_20260926/raw/g1b_ena_EBOV_KM233042.embl	44891	no	第三方公开库原始下载件（§1：默认只登记 accession/URL/大小/哈希，不进仓库）	02_primary_sequence_data
analysis/g1b_crossdb_screen_20260926/raw/g1b_ena_EBOV_KM233043.embl	44891	no	第三方公开库原始下载件（§1：默认只登记 accession/URL/大小/哈希，不进仓库）	02_primary_sequence_data
analysis/g1b_crossdb_screen_20260926/raw/g1b_ena_EBOV_list.tsv	373870	no	第三方公开库原始下载件（§1：默认只登记 accession/URL/大小/哈希，不进仓库）	02_primary_sequence_data
analysis/g1b_crossdb_screen_20260926/raw/g1b_ena_RESTV_AF034645.embl	8514	no	第三方公开库原始下载件（§1：默认只登记 accession/URL/大小/哈希，不进仓库）	02_primary_sequence_data
analysis/g1b_crossdb_screen_20260926/raw/g1b_ena_RESTV_AF522874.embl	41738	no	第三方公开库原始下载件（§1：默认只登记 accession/URL/大小/哈希，不进仓库）	02_primary_sequence_data
analysis/g1b_crossdb_screen_20260926/raw/g1b_ena_RESTV_AY769362.embl	42789	no	第三方公开库原始下载件（§1：默认只登记 accession/URL/大小/哈希，不进仓库）	02_primary_sequence_data
analysis/g1b_crossdb_screen_20260926/raw/g1b_ena_RESTV_HC069213.embl	26519	no	第三方公开库原始下载件（§1：默认只登记 accession/URL/大小/哈希，不进仓库）	02_primary_sequence_data
analysis/g1b_crossdb_screen_20260926/raw/g1b_ena_RESTV_HC069215.embl	26519	no	第三方公开库原始下载件（§1：默认只登记 accession/URL/大小/哈希，不进仓库）	02_primary_sequence_data
analysis/g1b_crossdb_screen_20260926/raw/g1b_ena_RESTV_HC069219.embl	26521	no	第三方公开库原始下载件（§1：默认只登记 accession/URL/大小/哈希，不进仓库）	02_primary_sequence_data
analysis/g1b_crossdb_screen_20260926/raw/g1b_ena_RESTV_HC069233.embl	26521	no	第三方公开库原始下载件（§1：默认只登记 accession/URL/大小/哈希，不进仓库）	02_primary_sequence_data
analysis/g1b_crossdb_screen_20260926/raw/g1b_ena_RESTV_HC874657.embl	26480	no	第三方公开库原始下载件（§1：默认只登记 accession/URL/大小/哈希，不进仓库）	02_primary_sequence_data
analysis/g1b_crossdb_screen_20260926/raw/g1b_ena_RESTV_HC874659.embl	26480	no	第三方公开库原始下载件（§1：默认只登记 accession/URL/大小/哈希，不进仓库）	02_primary_sequence_data
analysis/g1b_crossdb_screen_20260926/raw/g1b_ena_RESTV_HC874663.embl	26480	no	第三方公开库原始下载件（§1：默认只登记 accession/URL/大小/哈希，不进仓库）	02_primary_sequence_data
analysis/g1b_crossdb_screen_20260926/raw/g1b_ena_RESTV_HC874675.embl	26482	no	第三方公开库原始下载件（§1：默认只登记 accession/URL/大小/哈希，不进仓库）	02_primary_sequence_data
analysis/g1b_crossdb_screen_20260926/raw/g1b_ena_RESTV_JN872215.embl	2465	no	第三方公开库原始下载件（§1：默认只登记 accession/URL/大小/哈希，不进仓库）	02_primary_sequence_data
analysis/g1b_crossdb_screen_20260926/raw/g1b_ena_RESTV_JN872216.embl	2465	no	第三方公开库原始下载件（§1：默认只登记 accession/URL/大小/哈希，不进仓库）	02_primary_sequence_data
analysis/g1b_crossdb_screen_20260926/raw/g1b_ena_RESTV_JN872217.embl	2465	no	第三方公开库原始下载件（§1：默认只登记 accession/URL/大小/哈希，不进仓库）	02_primary_sequence_data
analysis/g1b_crossdb_screen_20260926/raw/g1b_ena_RESTV_JN872218.embl	2467	no	第三方公开库原始下载件（§1：默认只登记 accession/URL/大小/哈希，不进仓库）	02_primary_sequence_data
analysis/g1b_crossdb_screen_20260926/raw/g1b_ena_RESTV_JX477165.embl	41913	no	第三方公开库原始下载件（§1：默认只登记 accession/URL/大小/哈希，不进仓库）	02_primary_sequence_data
analysis/g1b_crossdb_screen_20260926/raw/g1b_ena_RESTV_JX477166.embl	41932	no	第三方公开库原始下载件（§1：默认只登记 accession/URL/大小/哈希，不进仓库）	02_primary_sequence_data
analysis/g1b_crossdb_screen_20260926/raw/g1b_ena_RESTV_KY008770.embl	39771	no	第三方公开库原始下载件（§1：默认只登记 accession/URL/大小/哈希，不进仓库）	02_primary_sequence_data
analysis/g1b_crossdb_screen_20260926/raw/g1b_ena_RESTV_KY798004.embl	37942	no	第三方公开库原始下载件（§1：默认只登记 accession/URL/大小/哈希，不进仓库）	02_primary_sequence_data
analysis/g1b_crossdb_screen_20260926/raw/g1b_ena_RESTV_KY798005.embl	37942	no	第三方公开库原始下载件（§1：默认只登记 accession/URL/大小/哈希，不进仓库）	02_primary_sequence_data
analysis/g1b_crossdb_screen_20260926/raw/g1b_ena_RESTV_KY798006.embl	37935	no	第三方公开库原始下载件（§1：默认只登记 accession/URL/大小/哈希，不进仓库）	02_primary_sequence_data
analysis/g1b_crossdb_screen_20260926/raw/g1b_ena_RESTV_KY798007.embl	37968	no	第三方公开库原始下载件（§1：默认只登记 accession/URL/大小/哈希，不进仓库）	02_primary_sequence_data
analysis/g1b_crossdb_screen_20260926/raw/g1b_ena_RESTV_KY798008.embl	37936	no	第三方公开库原始下载件（§1：默认只登记 accession/URL/大小/哈希，不进仓库）	02_primary_sequence_data
analysis/g1b_crossdb_screen_20260926/raw/g1b_ena_RESTV_KY798009.embl	37890	no	第三方公开库原始下载件（§1：默认只登记 accession/URL/大小/哈希，不进仓库）	02_primary_sequence_data
analysis/g1b_crossdb_screen_20260926/raw/g1b_ena_RESTV_KY798010.embl	37902	no	第三方公开库原始下载件（§1：默认只登记 accession/URL/大小/哈希，不进仓库）	02_primary_sequence_data
analysis/g1b_crossdb_screen_20260926/raw/g1b_ena_RESTV_KY798011.embl	37908	no	第三方公开库原始下载件（§1：默认只登记 accession/URL/大小/哈希，不进仓库）	02_primary_sequence_data
analysis/g1b_crossdb_screen_20260926/raw/g1b_ena_RESTV_KY798012.embl	37894	no	第三方公开库原始下载件（§1：默认只登记 accession/URL/大小/哈希，不进仓库）	02_primary_sequence_data
analysis/g1b_crossdb_screen_20260926/raw/g1b_ena_RESTV_MF540570.embl	40624	no	第三方公开库原始下载件（§1：默认只登记 accession/URL/大小/哈希，不进仓库）	02_primary_sequence_data
analysis/g1b_crossdb_screen_20260926/raw/g1b_ena_RESTV_MF540571.embl	40625	no	第三方公开库原始下载件（§1：默认只登记 accession/URL/大小/哈希，不进仓库）	02_primary_sequence_data
analysis/g1b_crossdb_screen_20260926/raw/g1b_ena_RESTV_MG431944.embl	3288	no	第三方公开库原始下载件（§1：默认只登记 accession/URL/大小/哈希，不进仓库）	02_primary_sequence_data
analysis/g1b_crossdb_screen_20260926/raw/g1b_ena_RESTV_MG431945.embl	3289	no	第三方公开库原始下载件（§1：默认只登记 accession/URL/大小/哈希，不进仓库）	02_primary_sequence_data
analysis/g1b_crossdb_screen_20260926/raw/g1b_ena_RESTV_MG431946.embl	3298	no	第三方公开库原始下载件（§1：默认只登记 accession/URL/大小/哈希，不进仓库）	02_primary_sequence_data
analysis/g1b_crossdb_screen_20260926/raw/g1b_ena_RESTV_MG431947.embl	3298	no	第三方公开库原始下载件（§1：默认只登记 accession/URL/大小/哈希，不进仓库）	02_primary_sequence_data
analysis/g1b_crossdb_screen_20260926/raw/g1b_ena_RESTV_MG431948.embl	3298	no	第三方公开库原始下载件（§1：默认只登记 accession/URL/大小/哈希，不进仓库）	02_primary_sequence_data
analysis/g1b_crossdb_screen_20260926/raw/g1b_ena_RESTV_MG431949.embl	3300	no	第三方公开库原始下载件（§1：默认只登记 accession/URL/大小/哈希，不进仓库）	02_primary_sequence_data
analysis/g1b_crossdb_screen_20260926/raw/g1b_ena_RESTV_MG431950.embl	3300	no	第三方公开库原始下载件（§1：默认只登记 accession/URL/大小/哈希，不进仓库）	02_primary_sequence_data
analysis/g1b_crossdb_screen_20260926/raw/g1b_ena_RESTV_MG431951.embl	3298	no	第三方公开库原始下载件（§1：默认只登记 accession/URL/大小/哈希，不进仓库）	02_primary_sequence_data
analysis/g1b_crossdb_screen_20260926/raw/g1b_ena_RESTV_MG431952.embl	3302	no	第三方公开库原始下载件（§1：默认只登记 accession/URL/大小/哈希，不进仓库）	02_primary_sequence_data
analysis/g1b_crossdb_screen_20260926/raw/g1b_ena_RESTV_MG431953.embl	3778	no	第三方公开库原始下载件（§1：默认只登记 accession/URL/大小/哈希，不进仓库）	02_primary_sequence_data
analysis/g1b_crossdb_screen_20260926/raw/g1b_ena_RESTV_MG431954.embl	3779	no	第三方公开库原始下载件（§1：默认只登记 accession/URL/大小/哈希，不进仓库）	02_primary_sequence_data
analysis/g1b_crossdb_screen_20260926/raw/g1b_ena_RESTV_MG431955.embl	3788	no	第三方公开库原始下载件（§1：默认只登记 accession/URL/大小/哈希，不进仓库）	02_primary_sequence_data
analysis/g1b_crossdb_screen_20260926/raw/g1b_ena_RESTV_MG431956.embl	3788	no	第三方公开库原始下载件（§1：默认只登记 accession/URL/大小/哈希，不进仓库）	02_primary_sequence_data
analysis/g1b_crossdb_screen_20260926/raw/g1b_ena_RESTV_MG431957.embl	3788	no	第三方公开库原始下载件（§1：默认只登记 accession/URL/大小/哈希，不进仓库）	02_primary_sequence_data
analysis/g1b_crossdb_screen_20260926/raw/g1b_ena_RESTV_MG431958.embl	3790	no	第三方公开库原始下载件（§1：默认只登记 accession/URL/大小/哈希，不进仓库）	02_primary_sequence_data
analysis/g1b_crossdb_screen_20260926/raw/g1b_ena_RESTV_MG431959.embl	3790	no	第三方公开库原始下载件（§1：默认只登记 accession/URL/大小/哈希，不进仓库）	02_primary_sequence_data
analysis/g1b_crossdb_screen_20260926/raw/g1b_ena_RESTV_MG431960.embl	3788	no	第三方公开库原始下载件（§1：默认只登记 accession/URL/大小/哈希，不进仓库）	02_primary_sequence_data
analysis/g1b_crossdb_screen_20260926/raw/g1b_ena_RESTV_MG431961.embl	3792	no	第三方公开库原始下载件（§1：默认只登记 accession/URL/大小/哈希，不进仓库）	02_primary_sequence_data
analysis/g1b_crossdb_screen_20260926/raw/g1b_ena_RESTV_MK088530.embl	38086	no	第三方公开库原始下载件（§1：默认只登记 accession/URL/大小/哈希，不进仓库）	02_primary_sequence_data
analysis/g1b_crossdb_screen_20260926/raw/g1b_ena_RESTV_MS811595.embl	9991	no	第三方公开库原始下载件（§1：默认只登记 accession/URL/大小/哈希，不进仓库）	02_primary_sequence_data
analysis/g1b_crossdb_screen_20260926/raw/g1b_ena_RESTV_MT796851.embl	36166	no	第三方公开库原始下载件（§1：默认只登记 accession/URL/大小/哈希，不进仓库）	02_primary_sequence_data
analysis/g1b_crossdb_screen_20260926/raw/g1b_ena_RESTV_OK572970.embl	3824	no	第三方公开库原始下载件（§1：默认只登记 accession/URL/大小/哈希，不进仓库）	02_primary_sequence_data
analysis/g1b_crossdb_screen_20260926/raw/g1b_ena_RESTV_OK572971.embl	2928	no	第三方公开库原始下载件（§1：默认只登记 accession/URL/大小/哈希，不进仓库）	02_primary_sequence_data
analysis/g1b_crossdb_screen_20260926/raw/g1b_ena_RESTV_OK572972.embl	6822	no	第三方公开库原始下载件（§1：默认只登记 accession/URL/大小/哈希，不进仓库）	02_primary_sequence_data
analysis/g1b_crossdb_screen_20260926/raw/g1b_ena_RESTV_OK572973.embl	17441	no	第三方公开库原始下载件（§1：默认只登记 accession/URL/大小/哈希，不进仓库）	02_primary_sequence_data
analysis/g1b_crossdb_screen_20260926/raw/g1b_ena_RESTV_PD222930.embl	2361	no	第三方公开库原始下载件（§1：默认只登记 accession/URL/大小/哈希，不进仓库）	02_primary_sequence_data
analysis/g1b_crossdb_screen_20260926/raw/g1b_ena_RESTV_PD222931.embl	2445	no	第三方公开库原始下载件（§1：默认只登记 accession/URL/大小/哈希，不进仓库）	02_primary_sequence_data
analysis/g1b_crossdb_screen_20260926/raw/g1b_ena_RESTV_PD223326.embl	2367	no	第三方公开库原始下载件（§1：默认只登记 accession/URL/大小/哈希，不进仓库）	02_primary_sequence_data
analysis/g1b_crossdb_screen_20260926/raw/g1b_ena_RESTV_PD223327.embl	2365	no	第三方公开库原始下载件（§1：默认只登记 accession/URL/大小/哈希，不进仓库）	02_primary_sequence_data
analysis/g1b_crossdb_screen_20260926/raw/g1b_ena_RESTV_U23152.embl	8110	no	第三方公开库原始下载件（§1：默认只登记 accession/URL/大小/哈希，不进仓库）	02_primary_sequence_data
analysis/g1b_crossdb_screen_20260926/raw/g1b_ena_RESTV_U23416.embl	7294	no	第三方公开库原始下载件（§1：默认只登记 accession/URL/大小/哈希，不进仓库）	02_primary_sequence_data
analysis/g1b_crossdb_screen_20260926/raw/g1b_ena_RESTV_list.tsv	5866	no	第三方公开库原始下载件（§1：默认只登记 accession/URL/大小/哈希，不进仓库）	02_primary_sequence_data
analysis/g1b_crossdb_screen_20260926/raw/g1b_ena_SUDV_AF173836.embl	6659	no	第三方公开库原始下载件（§1：默认只登记 accession/URL/大小/哈希，不进仓库）	02_primary_sequence_data
analysis/g1b_crossdb_screen_20260926/raw/g1b_ena_SUDV_AY316199.embl	7692	no	第三方公开库原始下载件（§1：默认只登记 accession/URL/大小/哈希，不进仓库）	02_primary_sequence_data
analysis/g1b_crossdb_screen_20260926/raw/g1b_ena_SUDV_AY344234.embl	7702	no	第三方公开库原始下载件（§1：默认只登记 accession/URL/大小/哈希，不进仓库）	02_primary_sequence_data
analysis/g1b_crossdb_screen_20260926/raw/g1b_ena_SUDV_AY729654.embl	44668	no	第三方公开库原始下载件（§1：默认只登记 accession/URL/大小/哈希，不进仓库）	02_primary_sequence_data
analysis/g1b_crossdb_screen_20260926/raw/g1b_ena_SUDV_CS402439.embl	11979	no	第三方公开库原始下载件（§1：默认只登记 accession/URL/大小/哈希，不进仓库）	02_primary_sequence_data
analysis/g1b_crossdb_screen_20260926/raw/g1b_ena_SUDV_EF490228.embl	3355	no	第三方公开库原始下载件（§1：默认只登记 accession/URL/大小/哈希，不进仓库）	02_primary_sequence_data
analysis/g1b_crossdb_screen_20260926/raw/g1b_ena_SUDV_EU338380.embl	42498	no	第三方公开库原始下载件（§1：默认只登记 accession/URL/大小/哈希，不进仓库）	02_primary_sequence_data
analysis/g1b_crossdb_screen_20260926/raw/g1b_ena_SUDV_FJ968794.embl	47735	no	第三方公开库原始下载件（§1：默认只登记 accession/URL/大小/哈希，不进仓库）	02_primary_sequence_data
analysis/g1b_crossdb_screen_20260926/raw/g1b_ena_SUDV_HC069211.embl	26517	no	第三方公开库原始下载件（§1：默认只登记 accession/URL/大小/哈希，不进仓库）	02_primary_sequence_data
analysis/g1b_crossdb_screen_20260926/raw/g1b_ena_SUDV_HC874655.embl	26478	no	第三方公开库原始下载件（§1：默认只登记 accession/URL/大小/哈希，不进仓库）	02_primary_sequence_data
analysis/g1b_crossdb_screen_20260926/raw/g1b_ena_SUDV_HC918459.embl	3686	no	第三方公开库原始下载件（§1：默认只登记 accession/URL/大小/哈希，不进仓库）	02_primary_sequence_data
analysis/g1b_crossdb_screen_20260926/raw/g1b_ena_SUDV_HC918462.embl	3688	no	第三方公开库原始下载件（§1：默认只登记 accession/URL/大小/哈希，不进仓库）	02_primary_sequence_data
analysis/g1b_crossdb_screen_20260926/raw/g1b_ena_SUDV_KC242783.embl	44186	no	第三方公开库原始下载件（§1：默认只登记 accession/URL/大小/哈希，不进仓库）	02_primary_sequence_data
analysis/g1b_crossdb_screen_20260926/raw/g1b_ena_SUDV_KC545389.embl	37180	no	第三方公开库原始下载件（§1：默认只登记 accession/URL/大小/哈希，不进仓库）	02_primary_sequence_data
analysis/g1b_crossdb_screen_20260926/raw/g1b_ena_SUDV_KC545390.embl	37104	no	第三方公开库原始下载件（§1：默认只登记 accession/URL/大小/哈希，不进仓库）	02_primary_sequence_data
analysis/g1b_crossdb_screen_20260926/raw/g1b_ena_SUDV_KC545391.embl	37104	no	第三方公开库原始下载件（§1：默认只登记 accession/URL/大小/哈希，不进仓库）	02_primary_sequence_data
analysis/g1b_crossdb_screen_20260926/raw/g1b_ena_SUDV_KC545392.embl	37142	no	第三方公开库原始下载件（§1：默认只登记 accession/URL/大小/哈希，不进仓库）	02_primary_sequence_data
analysis/g1b_crossdb_screen_20260926/raw/g1b_ena_SUDV_KC589025.embl	37120	no	第三方公开库原始下载件（§1：默认只登记 accession/URL/大小/哈希，不进仓库）	02_primary_sequence_data
analysis/g1b_crossdb_screen_20260926/raw/g1b_ena_SUDV_KR063670.embl	43301	no	第三方公开库原始下载件（§1：默认只登记 accession/URL/大小/哈希，不进仓库）	02_primary_sequence_data
analysis/g1b_crossdb_screen_20260926/raw/g1b_ena_SUDV_KT750754.embl	44124	no	第三方公开库原始下载件（§1：默认只登记 accession/URL/大小/哈希，不进仓库）	02_primary_sequence_data
analysis/g1b_crossdb_screen_20260926/raw/g1b_ena_SUDV_KT878488.embl	44385	no	第三方公开库原始下载件（§1：默认只登记 accession/URL/大小/哈希，不进仓库）	02_primary_sequence_data
analysis/g1b_crossdb_screen_20260926/raw/g1b_ena_SUDV_KU182912.embl	44981	no	第三方公开库原始下载件（§1：默认只登记 accession/URL/大小/哈希，不进仓库）	02_primary_sequence_data
analysis/g1b_crossdb_screen_20260926/raw/g1b_ena_SUDV_KY425631.embl	43858	no	第三方公开库原始下载件（§1：默认只登记 accession/URL/大小/哈希，不进仓库）	02_primary_sequence_data
analysis/g1b_crossdb_screen_20260926/raw/g1b_ena_SUDV_KY425644.embl	43818	no	第三方公开库原始下载件（§1：默认只登记 accession/URL/大小/哈希，不进仓库）	02_primary_sequence_data
analysis/g1b_crossdb_screen_20260926/raw/g1b_ena_SUDV_LQ278387.embl	1092	no	第三方公开库原始下载件（§1：默认只登记 accession/URL/大小/哈希，不进仓库）	02_primary_sequence_data
analysis/g1b_crossdb_screen_20260926/raw/g1b_ena_SUDV_LQ278391.embl	1092	no	第三方公开库原始下载件（§1：默认只登记 accession/URL/大小/哈希，不进仓库）	02_primary_sequence_data
analysis/g1b_crossdb_screen_20260926/raw/g1b_ena_SUDV_LQ278395.embl	1257	no	第三方公开库原始下载件（§1：默认只登记 accession/URL/大小/哈希，不进仓库）	02_primary_sequence_data
analysis/g1b_crossdb_screen_20260926/raw/g1b_ena_SUDV_MH121162.embl	40040	no	第三方公开库原始下载件（§1：默认只登记 accession/URL/大小/哈希，不进仓库）	02_primary_sequence_data
analysis/g1b_crossdb_screen_20260926/raw/g1b_ena_SUDV_MH121163.embl	39990	no	第三方公开库原始下载件（§1：默认只登记 accession/URL/大小/哈希，不进仓库）	02_primary_sequence_data
analysis/g1b_crossdb_screen_20260926/raw/g1b_ena_SUDV_MH121169.embl	39950	no	第三方公开库原始下载件（§1：默认只登记 accession/URL/大小/哈希，不进仓库）	02_primary_sequence_data
analysis/g1b_crossdb_screen_20260926/raw/g1b_ena_SUDV_MK952150.embl	37753	no	第三方公开库原始下载件（§1：默认只登记 accession/URL/大小/哈希，不进仓库）	02_primary_sequence_data
analysis/g1b_crossdb_screen_20260926/raw/g1b_ena_SUDV_MS811587.embl	9987	no	第三方公开库原始下载件（§1：默认只登记 accession/URL/大小/哈希，不进仓库）	02_primary_sequence_data
analysis/g1b_crossdb_screen_20260926/raw/g1b_ena_SUDV_MT583345.embl	38621	no	第三方公开库原始下载件（§1：默认只登记 accession/URL/大小/哈希，不进仓库）	02_primary_sequence_data
analysis/g1b_crossdb_screen_20260926/raw/g1b_ena_SUDV_MT583346.embl	38621	no	第三方公开库原始下载件（§1：默认只登记 accession/URL/大小/哈希，不进仓库）	02_primary_sequence_data
analysis/g1b_crossdb_screen_20260926/raw/g1b_ena_SUDV_MT583347.embl	38528	no	第三方公开库原始下载件（§1：默认只登记 accession/URL/大小/哈希，不进仓库）	02_primary_sequence_data
analysis/g1b_crossdb_screen_20260926/raw/g1b_ena_SUDV_MT583348.embl	38528	no	第三方公开库原始下载件（§1：默认只登记 accession/URL/大小/哈希，不进仓库）	02_primary_sequence_data
analysis/g1b_crossdb_screen_20260926/raw/g1b_ena_SUDV_OK572968.embl	27479	no	第三方公开库原始下载件（§1：默认只登记 accession/URL/大小/哈希，不进仓库）	02_primary_sequence_data
analysis/g1b_crossdb_screen_20260926/raw/g1b_ena_SUDV_OQ672950.embl	38051	no	第三方公开库原始下载件（§1：默认只登记 accession/URL/大小/哈希，不进仓库）	02_primary_sequence_data
analysis/g1b_crossdb_screen_20260926/raw/g1b_ena_SUDV_OQ672951.embl	37809	no	第三方公开库原始下载件（§1：默认只登记 accession/URL/大小/哈希，不进仓库）	02_primary_sequence_data
analysis/g1b_crossdb_screen_20260926/raw/g1b_ena_SUDV_OQ672952.embl	37319	no	第三方公开库原始下载件（§1：默认只登记 accession/URL/大小/哈希，不进仓库）	02_primary_sequence_data
analysis/g1b_crossdb_screen_20260926/raw/g1b_ena_SUDV_OQ672953.embl	37807	no	第三方公开库原始下载件（§1：默认只登记 accession/URL/大小/哈希，不进仓库）	02_primary_sequence_data
analysis/g1b_crossdb_screen_20260926/raw/g1b_ena_SUDV_OQ672954.embl	37807	no	第三方公开库原始下载件（§1：默认只登记 accession/URL/大小/哈希，不进仓库）	02_primary_sequence_data
analysis/g1b_crossdb_screen_20260926/raw/g1b_ena_SUDV_OQ672955.embl	37970	no	第三方公开库原始下载件（§1：默认只登记 accession/URL/大小/哈希，不进仓库）	02_primary_sequence_data
analysis/g1b_crossdb_screen_20260926/raw/g1b_ena_SUDV_OQ672956.embl	37807	no	第三方公开库原始下载件（§1：默认只登记 accession/URL/大小/哈希，不进仓库）	02_primary_sequence_data
analysis/g1b_crossdb_screen_20260926/raw/g1b_ena_SUDV_OQ672957.embl	37807	no	第三方公开库原始下载件（§1：默认只登记 accession/URL/大小/哈希，不进仓库）	02_primary_sequence_data
analysis/g1b_crossdb_screen_20260926/raw/g1b_ena_SUDV_OQ672958.embl	37807	no	第三方公开库原始下载件（§1：默认只登记 accession/URL/大小/哈希，不进仓库）	02_primary_sequence_data
analysis/g1b_crossdb_screen_20260926/raw/g1b_ena_SUDV_OQ672959.embl	37807	no	第三方公开库原始下载件（§1：默认只登记 accession/URL/大小/哈希，不进仓库）	02_primary_sequence_data
analysis/g1b_crossdb_screen_20260926/raw/g1b_ena_SUDV_OQ672960.embl	37692	no	第三方公开库原始下载件（§1：默认只登记 accession/URL/大小/哈希，不进仓库）	02_primary_sequence_data
analysis/g1b_crossdb_screen_20260926/raw/g1b_ena_SUDV_OQ672961.embl	37970	no	第三方公开库原始下载件（§1：默认只登记 accession/URL/大小/哈希，不进仓库）	02_primary_sequence_data
analysis/g1b_crossdb_screen_20260926/raw/g1b_ena_SUDV_OQ672962.embl	37807	no	第三方公开库原始下载件（§1：默认只登记 accession/URL/大小/哈希，不进仓库）	02_primary_sequence_data
analysis/g1b_crossdb_screen_20260926/raw/g1b_ena_SUDV_OQ672963.embl	37807	no	第三方公开库原始下载件（§1：默认只登记 accession/URL/大小/哈希，不进仓库）	02_primary_sequence_data
analysis/g1b_crossdb_screen_20260926/raw/g1b_ena_SUDV_OQ672964.embl	38051	no	第三方公开库原始下载件（§1：默认只登记 accession/URL/大小/哈希，不进仓库）	02_primary_sequence_data
analysis/g1b_crossdb_screen_20260926/raw/g1b_ena_SUDV_OQ672965.embl	37807	no	第三方公开库原始下载件（§1：默认只登记 accession/URL/大小/哈希，不进仓库）	02_primary_sequence_data
analysis/g1b_crossdb_screen_20260926/raw/g1b_ena_SUDV_OQ672966.embl	38051	no	第三方公开库原始下载件（§1：默认只登记 accession/URL/大小/哈希，不进仓库）	02_primary_sequence_data
analysis/g1b_crossdb_screen_20260926/raw/g1b_ena_SUDV_OQ672967.embl	37807	no	第三方公开库原始下载件（§1：默认只登记 accession/URL/大小/哈希，不进仓库）	02_primary_sequence_data
analysis/g1b_crossdb_screen_20260926/raw/g1b_ena_SUDV_OQ672968.embl	37807	no	第三方公开库原始下载件（§1：默认只登记 accession/URL/大小/哈希，不进仓库）	02_primary_sequence_data
analysis/g1b_crossdb_screen_20260926/raw/g1b_ena_SUDV_OQ672969.embl	37807	no	第三方公开库原始下载件（§1：默认只登记 accession/URL/大小/哈希，不进仓库）	02_primary_sequence_data
analysis/g1b_crossdb_screen_20260926/raw/g1b_ena_SUDV_OQ672970.embl	37970	no	第三方公开库原始下载件（§1：默认只登记 accession/URL/大小/哈希，不进仓库）	02_primary_sequence_data
analysis/g1b_crossdb_screen_20260926/raw/g1b_ena_SUDV_OQ672971.embl	37807	no	第三方公开库原始下载件（§1：默认只登记 accession/URL/大小/哈希，不进仓库）	02_primary_sequence_data
analysis/g1b_crossdb_screen_20260926/raw/g1b_ena_SUDV_OQ672972.embl	37970	no	第三方公开库原始下载件（§1：默认只登记 accession/URL/大小/哈希，不进仓库）	02_primary_sequence_data
analysis/g1b_crossdb_screen_20260926/raw/g1b_ena_SUDV_list.tsv	15749	no	第三方公开库原始下载件（§1：默认只登记 accession/URL/大小/哈希，不进仓库）	02_primary_sequence_data
analysis/g1b_crossdb_screen_20260926/raw/g1b_ena_TAFV_DQ978379.embl	3057	no	第三方公开库原始下载件（§1：默认只登记 accession/URL/大小/哈希，不进仓库）	02_primary_sequence_data
analysis/g1b_crossdb_screen_20260926/raw/g1b_ena_TAFV_EF490233.embl	3390	no	第三方公开库原始下载件（§1：默认只登记 accession/URL/大小/哈希，不进仓库）	02_primary_sequence_data
analysis/g1b_crossdb_screen_20260926/raw/g1b_ena_TAFV_FJ217162.embl	45243	no	第三方公开库原始下载件（§1：默认只登记 accession/URL/大小/哈希，不进仓库）	02_primary_sequence_data
analysis/g1b_crossdb_screen_20260926/raw/g1b_ena_TAFV_JA489027.embl	26547	no	第三方公开库原始下载件（§1：默认只登记 accession/URL/大小/哈希，不进仓库）	02_primary_sequence_data
analysis/g1b_crossdb_screen_20260926/raw/g1b_ena_TAFV_KU182910.embl	45596	no	第三方公开库原始下载件（§1：默认只登记 accession/URL/大小/哈希，不进仓库）	02_primary_sequence_data
analysis/g1b_crossdb_screen_20260926/raw/g1b_ena_TAFV_MH121167.embl	40017	no	第三方公开库原始下载件（§1：默认只登记 accession/URL/大小/哈希，不进仓库）	02_primary_sequence_data
analysis/g1b_crossdb_screen_20260926/raw/g1b_ena_TAFV_MS811583.embl	9997	no	第三方公开库原始下载件（§1：默认只登记 accession/URL/大小/哈希，不进仓库）	02_primary_sequence_data
analysis/g1b_crossdb_screen_20260926/raw/g1b_ena_TAFV_OK573000.embl	27489	no	第三方公开库原始下载件（§1：默认只登记 accession/URL/大小/哈希，不进仓库）	02_primary_sequence_data
analysis/g1b_crossdb_screen_20260926/raw/g1b_ena_TAFV_U28006.embl	8465	no	第三方公开库原始下载件（§1：默认只登记 accession/URL/大小/哈希，不进仓库）	02_primary_sequence_data
analysis/g1b_crossdb_screen_20260926/raw/g1b_ena_TAFV_list.tsv	784	no	第三方公开库原始下载件（§1：默认只登记 accession/URL/大小/哈希，不进仓库）	02_primary_sequence_data
analysis/g1b_crossdb_screen_20260926/raw/g1b_probe_ena_bdbv.tsv	1642	no	第三方公开库原始下载件（§1：默认只登记 accession/URL/大小/哈希，不进仓库）	02_primary_sequence_data
analysis/g1b_crossdb_screen_20260926/raw/g1b_probe_ncbi_000.fasta	324	no	第三方公开库原始下载件（§1：默认只登记 accession/URL/大小/哈希，不进仓库）	02_primary_sequence_data
analysis/g1b_crossdb_screen_20260926/run_stdout.log	26477	no	叙述性分析记录/运行日志（方法、口径、结论留痕）；删除后仍可由脚本重算，非数值源数据，不入库	00_index_and_metadata
analysis/g6_ifn_responsiveness_20260926/FINDINGS.md	14549	no	叙述性分析记录/运行日志（方法、口径、结论留痕）；删除后仍可由脚本重算，非数值源数据，不入库	00_index_and_metadata
analysis/g6_ifn_responsiveness_20260926/raw/GPL6098_data.txt	1602780	no	第三方公开库原始下载件（§1：默认只登记 accession/URL/大小/哈希，不进仓库）	05_external_public_datasets
analysis/g6_ifn_responsiveness_20260926/raw/GPL6098_full.txt	1603258	no	第三方公开库原始下载件（§1：默认只登记 accession/URL/大小/哈希，不进仓库）	05_external_public_datasets
analysis/g6_ifn_responsiveness_20260926/raw/GPL6098_platform_table.txt	10617126	no	第三方公开库原始下载件（§1：默认只登记 accession/URL/大小/哈希，不进仓库）	05_external_public_datasets
analysis/g6_ifn_responsiveness_20260926/raw/GPL6098_quick.txt	32783	no	第三方公开库原始下载件（§1：默认只登记 accession/URL/大小/哈希，不进仓库）	05_external_public_datasets
analysis/g6_ifn_responsiveness_20260926/raw/GSE186610_sample_titles.json	2	no	第三方公开库原始下载件（§1：默认只登记 accession/URL/大小/哈希，不进仓库）	05_external_public_datasets
analysis/g6_ifn_responsiveness_20260926/raw/GSE186610_series.txt	6682	no	第三方公开库原始下载件（§1：默认只登记 accession/URL/大小/哈希，不进仓库）	05_external_public_datasets
analysis/g6_ifn_responsiveness_20260926/raw/GSE21158_sample_titles.json	2	no	第三方公开库原始下载件（§1：默认只登记 accession/URL/大小/哈希，不进仓库）	05_external_public_datasets
analysis/g6_ifn_responsiveness_20260926/raw/GSE21158_series.txt	5325	no	第三方公开库原始下载件（§1：默认只登记 accession/URL/大小/哈希，不进仓库）	05_external_public_datasets
analysis/g6_ifn_responsiveness_20260926/raw/GSE21158_series_matrix.txt.gz	11049919	no	第三方公开库原始下载件（§1：默认只登记 accession/URL/大小/哈希，不进仓库）	05_external_public_datasets
analysis/g6_ifn_responsiveness_20260926/raw/GSE306664_sample_titles.json	2	no	第三方公开库原始下载件（§1：默认只登记 accession/URL/大小/哈希，不进仓库）	05_external_public_datasets
analysis/g6_ifn_responsiveness_20260926/raw/GSE306664_series.txt	9132	no	第三方公开库原始下载件（§1：默认只登记 accession/URL/大小/哈希，不进仓库）	05_external_public_datasets
analysis/g6_ifn_responsiveness_20260926/raw/GSE327707_sample_titles.json	2	no	第三方公开库原始下载件（§1：默认只登记 accession/URL/大小/哈希，不进仓库）	05_external_public_datasets
analysis/g6_ifn_responsiveness_20260926/raw/GSE327707_series.txt	7357	no	第三方公开库原始下载件（§1：默认只登记 accession/URL/大小/哈希，不进仓库）	05_external_public_datasets
analysis/g6_ifn_responsiveness_20260926/raw/GSE330780_sample_titles.json	2	no	第三方公开库原始下载件（§1：默认只登记 accession/URL/大小/哈希，不进仓库）	05_external_public_datasets
analysis/g6_ifn_responsiveness_20260926/raw/GSE330780_series.txt	6362	no	第三方公开库原始下载件（§1：默认只登记 accession/URL/大小/哈希，不进仓库）	05_external_public_datasets
analysis/g6_ifn_responsiveness_20260926/raw/GSE54648_sample_titles.json	2	no	第三方公开库原始下载件（§1：默认只登记 accession/URL/大小/哈希，不进仓库）	05_external_public_datasets
analysis/g6_ifn_responsiveness_20260926/raw/GSE54648_series.txt	9676	no	第三方公开库原始下载件（§1：默认只登记 accession/URL/大小/哈希，不进仓库）	05_external_public_datasets
analysis/g6_ifn_responsiveness_20260926/raw/esearch_27123641.json	894	no	第三方公开库原始下载件（§1：默认只登记 accession/URL/大小/哈希，不进仓库）	02_primary_sequence_data
analysis/g6_ifn_responsiveness_20260926/raw/esearch_37880219.json	1638	no	第三方公开库原始下载件（§1：默认只登记 accession/URL/大小/哈希，不进仓库）	02_primary_sequence_data
analysis/g6_ifn_responsiveness_20260926/raw/esearch_56356222.json	2002	no	第三方公开库原始下载件（§1：默认只登记 accession/URL/大小/哈希，不进仓库）	02_primary_sequence_data
analysis/g6_ifn_responsiveness_20260926/raw/esearch_63087629.json	714	no	第三方公开库原始下载件（§1：默认只登记 accession/URL/大小/哈希，不进仓库）	02_primary_sequence_data
analysis/g6_ifn_responsiveness_20260926/raw/esearch_75181963.json	688	no	第三方公开库原始下载件（§1：默认只登记 accession/URL/大小/哈希，不进仓库）	02_primary_sequence_data
analysis/g6_ifn_responsiveness_20260926/raw/esearch_80837909.json	971	no	第三方公开库原始下载件（§1：默认只登记 accession/URL/大小/哈希，不进仓库）	02_primary_sequence_data
analysis/g6_ifn_responsiveness_20260926/raw/esearch_83548052.json	1550	no	第三方公开库原始下载件（§1：默认只登记 accession/URL/大小/哈希，不进仓库）	02_primary_sequence_data
analysis/g6_ifn_responsiveness_20260926/raw/esearch_97538678.json	944	no	第三方公开库原始下载件（§1：默认只登记 accession/URL/大小/哈希，不进仓库）	02_primary_sequence_data
analysis/g6_ifn_responsiveness_20260926/raw/esummary_27123641.json	61471	no	第三方公开库原始下载件（§1：默认只登记 accession/URL/大小/哈希，不进仓库）	02_primary_sequence_data
analysis/g6_ifn_responsiveness_20260926/raw/esummary_37880219.json	250121	no	第三方公开库原始下载件（§1：默认只登记 accession/URL/大小/哈希，不进仓库）	02_primary_sequence_data
analysis/g6_ifn_responsiveness_20260926/raw/esummary_56356222.json	168655	no	第三方公开库原始下载件（§1：默认只登记 accession/URL/大小/哈希，不进仓库）	02_primary_sequence_data
analysis/g6_ifn_responsiveness_20260926/raw/esummary_75181963.json	27535	no	第三方公开库原始下载件（§1：默认只登记 accession/URL/大小/哈希，不进仓库）	02_primary_sequence_data
analysis/g6_ifn_responsiveness_20260926/raw/esummary_80837909.json	104629	no	第三方公开库原始下载件（§1：默认只登记 accession/URL/大小/哈希，不进仓库）	02_primary_sequence_data
analysis/g6_ifn_responsiveness_20260926/raw/esummary_83548052.json	184263	no	第三方公开库原始下载件（§1：默认只登记 accession/URL/大小/哈希，不进仓库）	02_primary_sequence_data
analysis/g6_ifn_responsiveness_20260926/raw/esummary_97538678.json	72613	no	第三方公开库原始下载件（§1：默认只登记 accession/URL/大小/哈希，不进仓库）	02_primary_sequence_data
analysis/g6b_primary_epithelial_20260926/FINDINGS.md	9494	no	叙述性分析记录/运行日志（方法、口径、结论留痕）；删除后仍可由脚本重算，非数值源数据，不入库	00_index_and_metadata
analysis/g6b_primary_epithelial_20260926/raw/GSE145496_design.txt	9173	no	第三方公开库原始下载件（§1：默认只登记 accession/URL/大小/哈希，不进仓库）	05_external_public_datasets
analysis/g6b_primary_epithelial_20260926/raw/GSE148712_design.txt	3226	no	第三方公开库原始下载件（§1：默认只登记 accession/URL/大小/哈希，不进仓库）	05_external_public_datasets
analysis/g6b_primary_epithelial_20260926/raw/GSE206680_design.txt	7429	no	第三方公开库原始下载件（§1：默认只登记 accession/URL/大小/哈希，不进仓库）	05_external_public_datasets
analysis/g6b_primary_epithelial_20260926/raw/GSE208684_design.txt	6246	no	第三方公开库原始下载件（§1：默认只登记 accession/URL/大小/哈希，不进仓库）	05_external_public_datasets
analysis/g6b_primary_epithelial_20260926/raw/GSE243230_design.txt	4932	no	第三方公开库原始下载件（§1：默认只登记 accession/URL/大小/哈希，不进仓库）	05_external_public_datasets
analysis/g6b_primary_epithelial_20260926/raw/GSE305982_design.txt	5447	no	第三方公开库原始下载件（§1：默认只登记 accession/URL/大小/哈希，不进仓库）	05_external_public_datasets
analysis/g6b_primary_epithelial_20260926/raw/GSE342661_design.txt	9791	no	第三方公开库原始下载件（§1：默认只登记 accession/URL/大小/哈希，不进仓库）	05_external_public_datasets
analysis/g6b_primary_epithelial_20260926/raw/GSE342661_full.txt	9791	no	第三方公开库原始下载件（§1：默认只登记 accession/URL/大小/哈希，不进仓库）	05_external_public_datasets
analysis/g6b_primary_epithelial_20260926/raw/GSE342661_quick.txt	9791	no	第三方公开库原始下载件（§1：默认只登记 accession/URL/大小/哈希，不进仓库）	05_external_public_datasets
analysis/g6b_primary_epithelial_20260926/raw/GSE46599_design.txt	4176	no	第三方公开库原始下载件（§1：默认只登记 accession/URL/大小/哈希，不进仓库）	05_external_public_datasets
analysis/g6c_primary_immune_20260926/FINDINGS.md	11777	no	叙述性分析记录/运行日志（方法、口径、结论留痕）；删除后仍可由脚本重算，非数值源数据，不入库	00_index_and_metadata
analysis/g6c_primary_immune_20260926/raw/GSE118305_brief.txt	21783676	no	第三方公开库原始下载件（§1：默认只登记 accession/URL/大小/哈希，不进仓库）	05_external_public_datasets
analysis/g6c_primary_immune_20260926/raw/GSE125352_brief.txt	7262612	no	第三方公开库原始下载件（§1：默认只登记 accession/URL/大小/哈希，不进仓库）	05_external_public_datasets
analysis/g6c_primary_immune_20260926/raw/GSE147306_brief.txt	2109479	no	第三方公开库原始下载件（§1：默认只登记 accession/URL/大小/哈希，不进仓库）	05_external_public_datasets
analysis/g6c_primary_immune_20260926/raw/GSE147309_brief.txt	13739962	no	第三方公开库原始下载件（§1：默认只登记 accession/URL/大小/哈希，不进仓库）	05_external_public_datasets
analysis/g6c_primary_immune_20260926/raw/GSE147310_brief.txt	13900940	no	第三方公开库原始下载件（§1：默认只登记 accession/URL/大小/哈希，不进仓库）	05_external_public_datasets
analysis/g6c_primary_immune_20260926/raw/GSE147311_brief.txt	13744762	no	第三方公开库原始下载件（§1：默认只登记 accession/URL/大小/哈希，不进仓库）	05_external_public_datasets
analysis/g6c_primary_immune_20260926/raw/GSE158434_brief.txt	13750327	no	第三方公开库原始下载件（§1：默认只登记 accession/URL/大小/哈希，不进仓库）	05_external_public_datasets
analysis/g6c_primary_immune_20260926/raw/GSE17762_brief.txt	567660	no	第三方公开库原始下载件（§1：默认只登记 accession/URL/大小/哈希，不进仓库）	05_external_public_datasets
analysis/g6c_primary_immune_20260926/raw/GSE190623_brief.txt	480331	no	第三方公开库原始下载件（§1：默认只登记 accession/URL/大小/哈希，不进仓库）	05_external_public_datasets
analysis/g6c_primary_immune_20260926/raw/GSE192709_brief.txt	41657805	no	第三方公开库原始下载件（§1：默认只登记 accession/URL/大小/哈希，不进仓库）	05_external_public_datasets
analysis/g6c_primary_immune_20260926/raw/GSE193152_brief.txt	41654407	no	第三方公开库原始下载件（§1：默认只登记 accession/URL/大小/哈希，不进仓库）	05_external_public_datasets
analysis/g6c_primary_immune_20260926/raw/GSE201250_brief.txt	8332999	no	第三方公开库原始下载件（§1：默认只登记 accession/URL/大小/哈希，不进仓库）	05_external_public_datasets
analysis/g6c_primary_immune_20260926/raw/GSE236156_brief.txt	41735945	no	第三方公开库原始下载件（§1：默认只登记 accession/URL/大小/哈希，不进仓库）	05_external_public_datasets
analysis/g6c_primary_immune_20260926/raw/GSE242722_brief.txt	8330675	no	第三方公开库原始下载件（§1：默认只登记 accession/URL/大小/哈希，不进仓库）	05_external_public_datasets
analysis/g6c_primary_immune_20260926/raw/GSE244130_brief.txt	13764363	no	第三方公开库原始下载件（§1：默认只登记 accession/URL/大小/哈希，不进仓库）	05_external_public_datasets
analysis/g6c_primary_immune_20260926/raw/GSE30536_brief.txt	6371378	no	第三方公开库原始下载件（§1：默认只登记 accession/URL/大小/哈希，不进仓库）	05_external_public_datasets
analysis/g6c_primary_immune_20260926/raw/GSE306664_RAW.tar	4741130240	no	第三方公开库原始下载件（§1：默认只登记 accession/URL/大小/哈希，不进仓库）	05_external_public_datasets
analysis/g6c_primary_immune_20260926/raw/GSE306664_brief.txt	43216724	no	第三方公开库原始下载件（§1：默认只登记 accession/URL/大小/哈希，不进仓库）	05_external_public_datasets
analysis/g6c_primary_immune_20260926/raw/GSE306664_filelist.txt	11308	no	第三方公开库原始下载件（§1：默认只登记 accession/URL/大小/哈希，不进仓库）	05_external_public_datasets
analysis/g6c_primary_immune_20260926/raw/GSE306664_probe_barcodes.txt	3200	no	第三方公开库原始下载件（§1：默认只登记 accession/URL/大小/哈希，不进仓库）	05_external_public_datasets
analysis/g6c_primary_immune_20260926/raw/GSE306664_probe_barcodes.txt.gz	660	no	第三方公开库原始下载件（§1：默认只登记 accession/URL/大小/哈希，不进仓库）	05_external_public_datasets
analysis/g6c_primary_immune_20260926/raw/GSE313066_brief.txt	41660445	no	第三方公开库原始下载件（§1：默认只登记 accession/URL/大小/哈希，不进仓库）	05_external_public_datasets
analysis/g6c_primary_immune_20260926/raw/GSE314416_brief.txt	43087601	no	第三方公开库原始下载件（§1：默认只登记 accession/URL/大小/哈希，不进仓库）	05_external_public_datasets
analysis/g6c_primary_immune_20260926/raw/GSE314922_brief.txt	8824041	no	第三方公开库原始下载件（§1：默认只登记 accession/URL/大小/哈希，不进仓库）	05_external_public_datasets
analysis/g6c_primary_immune_20260926/raw/GSE327707_gsm_brief.txt	637932	no	第三方公开库原始下载件（§1：默认只登记 accession/URL/大小/哈希，不进仓库）	05_external_public_datasets
analysis/g6c_primary_immune_20260926/raw/GSE327707_raw_counts.csv.gz	3098904	no	第三方公开库原始下载件（§1：默认只登记 accession/URL/大小/哈希，不进仓库）	05_external_public_datasets
analysis/g6c_primary_immune_20260926/raw/GSE72502_PBMC_RPKMs.xls.gz	5289179	no	第三方公开库原始下载件（§1：默认只登记 accession/URL/大小/哈希，不进仓库）	05_external_public_datasets
analysis/g6c_primary_immune_20260926/raw/GSE72502_brief.txt	324524	no	第三方公开库原始下载件（§1：默认只登记 accession/URL/大小/哈希，不进仓库）	05_external_public_datasets
analysis/g6c_primary_immune_20260926/raw/c01_ifna_healthy_donors_esearch.json	1266	no	第三方公开库原始下载件（§1：默认只登记 accession/URL/大小/哈希，不进仓库）	02_primary_sequence_data
analysis/g6c_primary_immune_20260926/raw/c01_ifna_healthy_donors_esummary.json	53479	no	第三方公开库原始下载件（§1：默认只登记 accession/URL/大小/哈希，不进仓库）	02_primary_sequence_data
analysis/g6c_primary_immune_20260926/raw/c02_ifna_monocyte_donors_esearch.json	1659	no	第三方公开库原始下载件（§1：默认只登记 accession/URL/大小/哈希，不进仓库）	02_primary_sequence_data
analysis/g6c_primary_immune_20260926/raw/c02_ifna_monocyte_donors_esummary.json	16266	no	第三方公开库原始下载件（§1：默认只登记 accession/URL/大小/哈希，不进仓库）	02_primary_sequence_data
analysis/g6c_primary_immune_20260926/raw/c03_pbmc_ifn_response_esearch.json	1197	no	第三方公开库原始下载件（§1：默认只登记 accession/URL/大小/哈希，不进仓库）	02_primary_sequence_data
analysis/g6c_primary_immune_20260926/raw/c03_pbmc_ifn_response_esummary.json	118607	no	第三方公开库原始下载件（§1：默认只登记 accession/URL/大小/哈希，不进仓库）	02_primary_sequence_data
analysis/g6c_primary_immune_20260926/raw/c04_interindividual_ifn_esearch.json	1443	no	第三方公开库原始下载件（§1：默认只登记 accession/URL/大小/哈希，不进仓库）	02_primary_sequence_data
analysis/g6c_primary_immune_20260926/raw/c04_interindividual_ifn_esummary.json	123832	no	第三方公开库原始下载件（§1：默认只登记 accession/URL/大小/哈希，不进仓库）	02_primary_sequence_data
analysis/g6c_primary_immune_20260926/raw/c05_blood_exvivo_ifn_esearch.json	1648	no	第三方公开库原始下载件（§1：默认只登记 accession/URL/大小/哈希，不进仓库）	02_primary_sequence_data
analysis/g6c_primary_immune_20260926/raw/c05_blood_exvivo_ifn_esummary.json	156023	no	第三方公开库原始下载件（§1：默认只登记 accession/URL/大小/哈希，不进仓库）	02_primary_sequence_data
analysis/g6c_primary_immune_20260926/raw/c06_ifnb_macrophage_donors_esearch.json	12033	no	第三方公开库原始下载件（§1：默认只登记 accession/URL/大小/哈希，不进仓库）	02_primary_sequence_data
analysis/g6c_primary_immune_20260926/raw/c06_ifnb_macrophage_donors_esummary.json	608420	no	第三方公开库原始下载件（§1：默认只登记 accession/URL/大小/哈希，不进仓库）	02_primary_sequence_data
analysis/g6c_primary_immune_20260926/raw/c07_isg_baseline_induction_esearch.json	1331	no	第三方公开库原始下载件（§1：默认只登记 accession/URL/大小/哈希，不进仓库）	02_primary_sequence_data
analysis/g6c_primary_immune_20260926/raw/c07_isg_baseline_induction_esummary.json	97159	no	第三方公开库原始下载件（§1：默认只登记 accession/URL/大小/哈希，不进仓库）	02_primary_sequence_data
analysis/g6c_primary_immune_20260926/raw/c08_lupus_ifn_monocyte_esearch.json	5878	no	第三方公开库原始下载件（§1：默认只登记 accession/URL/大小/哈希，不进仓库）	02_primary_sequence_data
analysis/g6c_primary_immune_20260926/raw/c08_lupus_ifn_monocyte_esummary.json	106248	no	第三方公开库原始下载件（§1：默认只登记 accession/URL/大小/哈希，不进仓库）	02_primary_sequence_data
analysis/g6c_primary_immune_20260926/raw/ensembl_symbols_20260926.json	716	no	第三方公开库原始下载件（§1：默认只登记 accession/URL/大小/哈希，不进仓库）	05_external_public_datasets
analysis/g6c_primary_immune_20260926/raw/ensembl_symbols_extra_20260926.json	420	no	第三方公开库原始下载件（§1：默认只登记 accession/URL/大小/哈希，不进仓库）	05_external_public_datasets
analysis/g6c_primary_immune_20260926/raw/gse306664_h5/GSM9205453_fRNA_EXP-00602_FIX00074_labeled.h5	25217966	no	第三方公开库原始下载件（§1：默认只登记 accession/URL/大小/哈希，不进仓库）	05_external_public_datasets
analysis/g6c_primary_immune_20260926/raw/gse306664_h5/GSM9205454_fRNA_EXP-00602_FIX00075_labeled.h5	32654194	no	第三方公开库原始下载件（§1：默认只登记 accession/URL/大小/哈希，不进仓库）	05_external_public_datasets
analysis/g6c_primary_immune_20260926/raw/gse306664_h5/GSM9205455_fRNA_EXP-00602_FIX00076_labeled.h5	48627663	no	第三方公开库原始下载件（§1：默认只登记 accession/URL/大小/哈希，不进仓库）	05_external_public_datasets
analysis/g6c_primary_immune_20260926/raw/gse306664_h5/GSM9205456_fRNA_EXP-00602_FIX00077_labeled.h5	38446254	no	第三方公开库原始下载件（§1：默认只登记 accession/URL/大小/哈希，不进仓库）	05_external_public_datasets
analysis/g6c_primary_immune_20260926/raw/gse306664_h5/GSM9205457_fRNA_EXP-00602_FIX00078_labeled.h5	34727322	no	第三方公开库原始下载件（§1：默认只登记 accession/URL/大小/哈希，不进仓库）	05_external_public_datasets
analysis/g6c_primary_immune_20260926/raw/gse306664_h5/GSM9205458_fRNA_EXP-00602_FIX00055_labeled.h5	40712098	no	第三方公开库原始下载件（§1：默认只登记 accession/URL/大小/哈希，不进仓库）	05_external_public_datasets
analysis/g6c_primary_immune_20260926/raw/gse306664_h5/GSM9205459_fRNA_EXP-00602_FIX00056_labeled.h5	45798542	no	第三方公开库原始下载件（§1：默认只登记 accession/URL/大小/哈希，不进仓库）	05_external_public_datasets
analysis/g6c_primary_immune_20260926/raw/gse306664_h5/GSM9205460_fRNA_EXP-00602_FIX00057_labeled.h5	48393676	no	第三方公开库原始下载件（§1：默认只登记 accession/URL/大小/哈希，不进仓库）	05_external_public_datasets
analysis/g6c_primary_immune_20260926/raw/gse306664_h5/GSM9205461_fRNA_EXP-00602_FIX00058_labeled.h5	28178558	no	第三方公开库原始下载件（§1：默认只登记 accession/URL/大小/哈希，不进仓库）	05_external_public_datasets
analysis/g6c_primary_immune_20260926/raw/gse306664_h5/GSM9205462_fRNA_EXP-00602_FIX00059_labeled.h5	36351172	no	第三方公开库原始下载件（§1：默认只登记 accession/URL/大小/哈希，不进仓库）	05_external_public_datasets
analysis/g6c_primary_immune_20260926/raw/gse306664_h5/GSM9205463_fRNA_EXP-00602_FIX00079_labeled.h5	33650670	no	第三方公开库原始下载件（§1：默认只登记 accession/URL/大小/哈希，不进仓库）	05_external_public_datasets
analysis/g6c_primary_immune_20260926/raw/gse306664_h5/GSM9205464_fRNA_EXP-00602_FIX00080_labeled.h5	32464673	no	第三方公开库原始下载件（§1：默认只登记 accession/URL/大小/哈希，不进仓库）	05_external_public_datasets
analysis/g6c_primary_immune_20260926/raw/gse306664_h5/GSM9205465_fRNA_EXP-00602_FIX00081_labeled.h5	33815287	no	第三方公开库原始下载件（§1：默认只登记 accession/URL/大小/哈希，不进仓库）	05_external_public_datasets
analysis/g6c_primary_immune_20260926/raw/gse306664_h5/GSM9205466_fRNA_EXP-00602_FIX00082_labeled.h5	36223050	no	第三方公开库原始下载件（§1：默认只登记 accession/URL/大小/哈希，不进仓库）	05_external_public_datasets
analysis/g6c_primary_immune_20260926/raw/gse306664_h5/GSM9205467_fRNA_EXP-00602_FIX00083_labeled.h5	34506641	no	第三方公开库原始下载件（§1：默认只登记 accession/URL/大小/哈希，不进仓库）	05_external_public_datasets
analysis/g6c_primary_immune_20260926/raw/gse306664_h5/GSM9205468_fRNA_EXP-00602_FIX00071_labeled.h5	35334442	no	第三方公开库原始下载件（§1：默认只登记 accession/URL/大小/哈希，不进仓库）	05_external_public_datasets
analysis/g6c_primary_immune_20260926/raw/gse306664_h5/GSM9205469_fRNA_EXP-00602_FIX00072_labeled.h5	39197715	no	第三方公开库原始下载件（§1：默认只登记 accession/URL/大小/哈希，不进仓库）	05_external_public_datasets
analysis/g6c_primary_immune_20260926/raw/gse306664_h5/GSM9205470_fRNA_EXP-00602_FIX00073_labeled.h5	41022354	no	第三方公开库原始下载件（§1：默认只登记 accession/URL/大小/哈希，不进仓库）	05_external_public_datasets
analysis/g6c_primary_immune_20260926/raw/gse306664_h5/GSM9205471_fRNA_EXP-00633_FIX04862-004_labeled.h5	29683720	no	第三方公开库原始下载件（§1：默认只登记 accession/URL/大小/哈希，不进仓库）	05_external_public_datasets
analysis/g6c_primary_immune_20260926/raw/gse306664_h5/GSM9205472_fRNA_EXP-00633_FIX04862-005_labeled.h5	30961722	no	第三方公开库原始下载件（§1：默认只登记 accession/URL/大小/哈希，不进仓库）	05_external_public_datasets
analysis/g6c_primary_immune_20260926/raw/gse306664_h5/GSM9205473_fRNA_EXP-00633_FIX04862-006_labeled.h5	31514431	no	第三方公开库原始下载件（§1：默认只登记 accession/URL/大小/哈希，不进仓库）	05_external_public_datasets
analysis/g6c_primary_immune_20260926/raw/gse306664_h5/GSM9205474_fRNA_EXP-00633_FIX04862-007_labeled.h5	26187834	no	第三方公开库原始下载件（§1：默认只登记 accession/URL/大小/哈希，不进仓库）	05_external_public_datasets
analysis/g6c_primary_immune_20260926/raw/gse306664_h5/GSM9205475_fRNA_EXP-00633_FIX04862-008_labeled.h5	33797693	no	第三方公开库原始下载件（§1：默认只登记 accession/URL/大小/哈希，不进仓库）	05_external_public_datasets
analysis/g6c_primary_immune_20260926/raw/gse306664_h5/GSM9205476_fRNA_EXP-00633_FIX04862-022_labeled.h5	4471580	no	第三方公开库原始下载件（§1：默认只登记 accession/URL/大小/哈希，不进仓库）	05_external_public_datasets
analysis/g6c_primary_immune_20260926/raw/gse306664_h5/GSM9205477_fRNA_EXP-00633_FIX04862-023_labeled.h5	36310914	no	第三方公开库原始下载件（§1：默认只登记 accession/URL/大小/哈希，不进仓库）	05_external_public_datasets
analysis/g6c_primary_immune_20260926/raw/gse306664_h5/GSM9205478_fRNA_EXP-00633_FIX04862-024_labeled.h5	35028532	no	第三方公开库原始下载件（§1：默认只登记 accession/URL/大小/哈希，不进仓库）	05_external_public_datasets
analysis/g6c_primary_immune_20260926/raw/gse306664_h5/GSM9205479_fRNA_EXP-00633_FIX04862-025_labeled.h5	34408648	no	第三方公开库原始下载件（§1：默认只登记 accession/URL/大小/哈希，不进仓库）	05_external_public_datasets
analysis/g6c_primary_immune_20260926/raw/gse306664_h5/GSM9205480_fRNA_EXP-00633_FIX04862-026_labeled.h5	26263602	no	第三方公开库原始下载件（§1：默认只登记 accession/URL/大小/哈希，不进仓库）	05_external_public_datasets
analysis/g6c_primary_immune_20260926/raw/gse306664_h5/GSM9205481_fRNA_EXP-00633_FIX04862-009_labeled.h5	21257675	no	第三方公开库原始下载件（§1：默认只登记 accession/URL/大小/哈希，不进仓库）	05_external_public_datasets
analysis/g6c_primary_immune_20260926/raw/gse306664_h5/GSM9205482_fRNA_EXP-00633_FIX04862-010_labeled.h5	31728665	no	第三方公开库原始下载件（§1：默认只登记 accession/URL/大小/哈希，不进仓库）	05_external_public_datasets
analysis/g6c_primary_immune_20260926/raw/gse306664_h5/GSM9205483_fRNA_EXP-00633_FIX04862-011_labeled.h5	25459407	no	第三方公开库原始下载件（§1：默认只登记 accession/URL/大小/哈希，不进仓库）	05_external_public_datasets
analysis/g6c_primary_immune_20260926/raw/gse306664_h5/GSM9205484_fRNA_EXP-00633_FIX04862-012_labeled.h5	27235314	no	第三方公开库原始下载件（§1：默认只登记 accession/URL/大小/哈希，不进仓库）	05_external_public_datasets
analysis/g6c_primary_immune_20260926/raw/gse306664_h5/GSM9205485_fRNA_EXP-00633_FIX04862-013_labeled.h5	25844463	no	第三方公开库原始下载件（§1：默认只登记 accession/URL/大小/哈希，不进仓库）	05_external_public_datasets
analysis/g6c_primary_immune_20260926/raw/gse306664_h5/GSM9205486_fRNA_EXP-00633_FIX04862-001_labeled.h5	30997206	no	第三方公开库原始下载件（§1：默认只登记 accession/URL/大小/哈希，不进仓库）	05_external_public_datasets
analysis/g6c_primary_immune_20260926/raw/gse306664_h5/GSM9205487_fRNA_EXP-00633_FIX04862-002_labeled.h5	36092671	no	第三方公开库原始下载件（§1：默认只登记 accession/URL/大小/哈希，不进仓库）	05_external_public_datasets
analysis/g6c_primary_immune_20260926/raw/gse306664_h5/GSM9205488_fRNA_EXP-00633_FIX04862-003_labeled.h5	40408086	no	第三方公开库原始下载件（§1：默认只登记 accession/URL/大小/哈希，不进仓库）	05_external_public_datasets
analysis/g6c_primary_immune_20260926/raw/gse306664_h5/GSM9205489_fRNA_EXP-00651_FIX00109_labeled.h5	33526724	no	第三方公开库原始下载件（§1：默认只登记 accession/URL/大小/哈希，不进仓库）	05_external_public_datasets
analysis/g6c_primary_immune_20260926/raw/gse306664_h5/GSM9205490_fRNA_EXP-00651_FIX00110_labeled.h5	39670059	no	第三方公开库原始下载件（§1：默认只登记 accession/URL/大小/哈希，不进仓库）	05_external_public_datasets
analysis/g6c_primary_immune_20260926/raw/gse306664_h5/GSM9205491_fRNA_EXP-00651_FIX00111_labeled.h5	40324119	no	第三方公开库原始下载件（§1：默认只登记 accession/URL/大小/哈希，不进仓库）	05_external_public_datasets
analysis/g6c_primary_immune_20260926/raw/gse306664_h5/GSM9205492_fRNA_EXP-00651_FIX04862-016_labeled.h5	35195596	no	第三方公开库原始下载件（§1：默认只登记 accession/URL/大小/哈希，不进仓库）	05_external_public_datasets
analysis/g6c_primary_immune_20260926/raw/gse306664_h5/GSM9205493_fRNA_EXP-00651_FIX04862-017_labeled.h5	32981405	no	第三方公开库原始下载件（§1：默认只登记 accession/URL/大小/哈希，不进仓库）	05_external_public_datasets
analysis/g6c_primary_immune_20260926/raw/gse306664_h5/GSM9205494_fRNA_EXP-00651_FIX04862-018_labeled.h5	34182222	no	第三方公开库原始下载件（§1：默认只登记 accession/URL/大小/哈希，不进仓库）	05_external_public_datasets
analysis/g6c_primary_immune_20260926/raw/gse306664_h5/GSM9205495_fRNA_EXP-00651_FIX00106_labeled.h5	39938222	no	第三方公开库原始下载件（§1：默认只登记 accession/URL/大小/哈希，不进仓库）	05_external_public_datasets
analysis/g6c_primary_immune_20260926/raw/gse306664_h5/GSM9205496_fRNA_EXP-00651_FIX00107_labeled.h5	32183288	no	第三方公开库原始下载件（§1：默认只登记 accession/URL/大小/哈希，不进仓库）	05_external_public_datasets
analysis/g6c_primary_immune_20260926/raw/gse306664_h5/GSM9205497_fRNA_EXP-00651_FIX00108_labeled.h5	35076682	no	第三方公开库原始下载件（§1：默认只登记 accession/URL/大小/哈希，不进仓库）	05_external_public_datasets
analysis/g6c_primary_immune_20260926/raw/gse306664_h5/GSM9205498_fRNA_EXP-00651_FIX00103_labeled.h5	41284615	no	第三方公开库原始下载件（§1：默认只登记 accession/URL/大小/哈希，不进仓库）	05_external_public_datasets
analysis/g6c_primary_immune_20260926/raw/gse306664_h5/GSM9205499_fRNA_EXP-00651_FIX00104_labeled.h5	35525957	no	第三方公开库原始下载件（§1：默认只登记 accession/URL/大小/哈希，不进仓库）	05_external_public_datasets
analysis/g6c_primary_immune_20260926/raw/gse306664_h5/GSM9205500_fRNA_EXP-00651_FIX00105_labeled.h5	35778641	no	第三方公开库原始下载件（§1：默认只登记 accession/URL/大小/哈希，不进仓库）	05_external_public_datasets
analysis/g6c_primary_immune_20260926/raw/gse306664_h5/GSM9205501_fRNA_EXP-00651_FIX04861-001_labeled.h5	46498707	no	第三方公开库原始下载件（§1：默认只登记 accession/URL/大小/哈希，不进仓库）	05_external_public_datasets
analysis/g6c_primary_immune_20260926/raw/gse306664_h5/GSM9205502_fRNA_EXP-00651_FIX04861-002_labeled.h5	45376679	no	第三方公开库原始下载件（§1：默认只登记 accession/URL/大小/哈希，不进仓库）	05_external_public_datasets
analysis/g6c_primary_immune_20260926/raw/gse306664_h5/GSM9205503_fRNA_EXP-00651_FIX04861-003_labeled.h5	40475852	no	第三方公开库原始下载件（§1：默认只登记 accession/URL/大小/哈希，不进仓库）	05_external_public_datasets
analysis/g6c_primary_immune_20260926/raw/gse306664_h5/GSM9205504_fRNA_EXP-00667_FIX00140_labeled.h5	24924589	no	第三方公开库原始下载件（§1：默认只登记 accession/URL/大小/哈希，不进仓库）	05_external_public_datasets
analysis/g6c_primary_immune_20260926/raw/gse306664_h5/GSM9205505_fRNA_EXP-00667_FIX00141_labeled.h5	35245759	no	第三方公开库原始下载件（§1：默认只登记 accession/URL/大小/哈希，不进仓库）	05_external_public_datasets
analysis/g6c_primary_immune_20260926/raw/gse306664_h5/GSM9205506_fRNA_EXP-00667_FIX00142_labeled.h5	30008357	no	第三方公开库原始下载件（§1：默认只登记 accession/URL/大小/哈希，不进仓库）	05_external_public_datasets
analysis/g6c_primary_immune_20260926/raw/gse306664_h5/GSM9205507_fRNA_EXP-00667_FIX00143_labeled.h5	34175325	no	第三方公开库原始下载件（§1：默认只登记 accession/URL/大小/哈希，不进仓库）	05_external_public_datasets
analysis/g6c_primary_immune_20260926/raw/gse306664_h5/GSM9205508_fRNA_EXP-00667_FIX00144_labeled.h5	24818817	no	第三方公开库原始下载件（§1：默认只登记 accession/URL/大小/哈希，不进仓库）	05_external_public_datasets
analysis/g6c_primary_immune_20260926/raw/gse306664_h5/GSM9205509_fRNA_EXP-00667_FIX00121_labeled.h5	33474817	no	第三方公开库原始下载件（§1：默认只登记 accession/URL/大小/哈希，不进仓库）	05_external_public_datasets
analysis/g6c_primary_immune_20260926/raw/gse306664_h5/GSM9205510_fRNA_EXP-00667_FIX00122_labeled.h5	80513404	no	第三方公开库原始下载件（§1：默认只登记 accession/URL/大小/哈希，不进仓库）	05_external_public_datasets
analysis/g6c_primary_immune_20260926/raw/gse306664_h5/GSM9205511_fRNA_EXP-00667_FIX00123_labeled.h5	61968492	no	第三方公开库原始下载件（§1：默认只登记 accession/URL/大小/哈希，不进仓库）	05_external_public_datasets
analysis/g6c_primary_immune_20260926/raw/gse306664_h5/GSM9205512_fRNA_EXP-00667_FIX00124_labeled.h5	53068406	no	第三方公开库原始下载件（§1：默认只登记 accession/URL/大小/哈希，不进仓库）	05_external_public_datasets
analysis/g6c_primary_immune_20260926/raw/gse306664_h5/GSM9205513_fRNA_EXP-00667_FIX00125_labeled.h5	42831978	no	第三方公开库原始下载件（§1：默认只登记 accession/URL/大小/哈希，不进仓库）	05_external_public_datasets
analysis/g6c_primary_immune_20260926/raw/gse306664_h5/GSM9205514_fRNA_EXP-00667_FIX00145_labeled.h5	28124874	no	第三方公开库原始下载件（§1：默认只登记 accession/URL/大小/哈希，不进仓库）	05_external_public_datasets
analysis/g6c_primary_immune_20260926/raw/gse306664_h5/GSM9205515_fRNA_EXP-00667_FIX00146_labeled.h5	29439717	no	第三方公开库原始下载件（§1：默认只登记 accession/URL/大小/哈希，不进仓库）	05_external_public_datasets
analysis/g6c_primary_immune_20260926/raw/gse306664_h5/GSM9205516_fRNA_EXP-00667_FIX00147_labeled.h5	28205358	no	第三方公开库原始下载件（§1：默认只登记 accession/URL/大小/哈希，不进仓库）	05_external_public_datasets
analysis/g6c_primary_immune_20260926/raw/gse306664_h5/GSM9205517_fRNA_EXP-00667_FIX00148_labeled.h5	25858470	no	第三方公开库原始下载件（§1：默认只登记 accession/URL/大小/哈希，不进仓库）	05_external_public_datasets
analysis/g6c_primary_immune_20260926/raw/gse306664_h5/GSM9205518_fRNA_EXP-00667_FIX00149_labeled.h5	24844848	no	第三方公开库原始下载件（§1：默认只登记 accession/URL/大小/哈希，不进仓库）	05_external_public_datasets
analysis/g6c_primary_immune_20260926/raw/gse306664_h5/GSM9205519_fRNA_EXP-00667_FIX00137_labeled.h5	28154771	no	第三方公开库原始下载件（§1：默认只登记 accession/URL/大小/哈希，不进仓库）	05_external_public_datasets
analysis/g6c_primary_immune_20260926/raw/gse306664_h5/GSM9205520_fRNA_EXP-00667_FIX00138_labeled.h5	27692310	no	第三方公开库原始下载件（§1：默认只登记 accession/URL/大小/哈希，不进仓库）	05_external_public_datasets
analysis/g6c_primary_immune_20260926/raw/gse306664_h5/GSM9205521_fRNA_EXP-00667_FIX00139_labeled.h5	31931078	no	第三方公开库原始下载件（§1：默认只登记 accession/URL/大小/哈希，不进仓库）	05_external_public_datasets
analysis/g6c_primary_immune_20260926/raw/gse306664_h5/GSM9205522_fRNA_EXP-00671_FIX04861-026_labeled.h5	34937483	no	第三方公开库原始下载件（§1：默认只登记 accession/URL/大小/哈希，不进仓库）	05_external_public_datasets
analysis/g6c_primary_immune_20260926/raw/gse306664_h5/GSM9205523_fRNA_EXP-00671_FIX04861-027_labeled.h5	41224273	no	第三方公开库原始下载件（§1：默认只登记 accession/URL/大小/哈希，不进仓库）	05_external_public_datasets
analysis/g6c_primary_immune_20260926/raw/gse306664_h5/GSM9205524_fRNA_EXP-00671_FIX04861-028_labeled.h5	35852721	no	第三方公开库原始下载件（§1：默认只登记 accession/URL/大小/哈希，不进仓库）	05_external_public_datasets
analysis/g6c_primary_immune_20260926/raw/gse306664_h5/GSM9205525_fRNA_EXP-00671_FIX04861-029_labeled.h5	39282566	no	第三方公开库原始下载件（§1：默认只登记 accession/URL/大小/哈希，不进仓库）	05_external_public_datasets
analysis/g6c_primary_immune_20260926/raw/gse306664_h5/GSM9205526_fRNA_EXP-00671_FIX04861-030_labeled.h5	36490268	no	第三方公开库原始下载件（§1：默认只登记 accession/URL/大小/哈希，不进仓库）	05_external_public_datasets
analysis/g6c_primary_immune_20260926/raw/gse306664_h5/GSM9205527_fRNA_EXP-00671_FIX04861-007_labeled.h5	39485056	no	第三方公开库原始下载件（§1：默认只登记 accession/URL/大小/哈希，不进仓库）	05_external_public_datasets
analysis/g6c_primary_immune_20260926/raw/gse306664_h5/GSM9205528_fRNA_EXP-00671_FIX04861-008_labeled.h5	59660916	no	第三方公开库原始下载件（§1：默认只登记 accession/URL/大小/哈希，不进仓库）	05_external_public_datasets
analysis/g6c_primary_immune_20260926/raw/gse306664_h5/GSM9205529_fRNA_EXP-00671_FIX04861-009_labeled.h5	47149421	no	第三方公开库原始下载件（§1：默认只登记 accession/URL/大小/哈希，不进仓库）	05_external_public_datasets
analysis/g6c_primary_immune_20260926/raw/gse306664_h5/GSM9205530_fRNA_EXP-00671_FIX04861-010_labeled.h5	44214123	no	第三方公开库原始下载件（§1：默认只登记 accession/URL/大小/哈希，不进仓库）	05_external_public_datasets
analysis/g6c_primary_immune_20260926/raw/gse306664_h5/GSM9205531_fRNA_EXP-00671_FIX04861-011_labeled.h5	47740753	no	第三方公开库原始下载件（§1：默认只登记 accession/URL/大小/哈希，不进仓库）	05_external_public_datasets
analysis/g6c_primary_immune_20260926/raw/gse306664_h5/GSM9205532_fRNA_EXP-00671_FIX04861-031_labeled.h5	29695782	no	第三方公开库原始下载件（§1：默认只登记 accession/URL/大小/哈希，不进仓库）	05_external_public_datasets
analysis/g6c_primary_immune_20260926/raw/gse306664_h5/GSM9205533_fRNA_EXP-00671_FIX04861-032_labeled.h5	34216757	no	第三方公开库原始下载件（§1：默认只登记 accession/URL/大小/哈希，不进仓库）	05_external_public_datasets
analysis/g6c_primary_immune_20260926/raw/gse306664_h5/GSM9205534_fRNA_EXP-00671_FIX04861-033_labeled.h5	33519151	no	第三方公开库原始下载件（§1：默认只登记 accession/URL/大小/哈希，不进仓库）	05_external_public_datasets
analysis/g6c_primary_immune_20260926/raw/gse306664_h5/GSM9205535_fRNA_EXP-00671_FIX04861-034_labeled.h5	35660531	no	第三方公开库原始下载件（§1：默认只登记 accession/URL/大小/哈希，不进仓库）	05_external_public_datasets
analysis/g6c_primary_immune_20260926/raw/gse306664_h5/GSM9205536_fRNA_EXP-00671_FIX04861-035_labeled.h5	34004017	no	第三方公开库原始下载件（§1：默认只登记 accession/URL/大小/哈希，不进仓库）	05_external_public_datasets
analysis/g6c_primary_immune_20260926/raw/gse306664_h5/GSM9205537_fRNA_EXP-00671_FIX04861-023_labeled.h5	35708508	no	第三方公开库原始下载件（§1：默认只登记 accession/URL/大小/哈希，不进仓库）	05_external_public_datasets
analysis/g6c_primary_immune_20260926/raw/gse306664_h5/GSM9205538_fRNA_EXP-00671_FIX04861-024_labeled.h5	46613744	no	第三方公开库原始下载件（§1：默认只登记 accession/URL/大小/哈希，不进仓库）	05_external_public_datasets
analysis/g6c_primary_immune_20260926/raw/gse306664_h5/GSM9205539_fRNA_EXP-00671_FIX04861-025_labeled.h5	38453352	no	第三方公开库原始下载件（§1：默认只登记 accession/URL/大小/哈希，不进仓库）	05_external_public_datasets
analysis/g6c_primary_immune_20260926/raw/gse306664_h5/GSM9205540_fRNA_EXP-00679_FIX00180_labeled.h5	40895561	no	第三方公开库原始下载件（§1：默认只登记 accession/URL/大小/哈希，不进仓库）	05_external_public_datasets
analysis/g6c_primary_immune_20260926/raw/gse306664_h5/GSM9205541_fRNA_EXP-00679_FIX00181_labeled.h5	59520369	no	第三方公开库原始下载件（§1：默认只登记 accession/URL/大小/哈希，不进仓库）	05_external_public_datasets
analysis/g6c_primary_immune_20260926/raw/gse306664_h5/GSM9205542_fRNA_EXP-00679_FIX00182_labeled.h5	55439667	no	第三方公开库原始下载件（§1：默认只登记 accession/URL/大小/哈希，不进仓库）	05_external_public_datasets
analysis/g6c_primary_immune_20260926/raw/gse306664_h5/GSM9205543_fRNA_EXP-00679_FIX00184_labeled.h5	52542993	no	第三方公开库原始下载件（§1：默认只登记 accession/URL/大小/哈希，不进仓库）	05_external_public_datasets
analysis/g6c_primary_immune_20260926/raw/gse306664_h5/GSM9205544_fRNA_EXP-00679_FIX00161_labeled.h5	51463744	no	第三方公开库原始下载件（§1：默认只登记 accession/URL/大小/哈希，不进仓库）	05_external_public_datasets
analysis/g6c_primary_immune_20260926/raw/gse306664_h5/GSM9205545_fRNA_EXP-00679_FIX00162_labeled.h5	42001453	no	第三方公开库原始下载件（§1：默认只登记 accession/URL/大小/哈希，不进仓库）	05_external_public_datasets
analysis/g6c_primary_immune_20260926/raw/gse306664_h5/GSM9205546_fRNA_EXP-00679_FIX00163_labeled.h5	47834963	no	第三方公开库原始下载件（§1：默认只登记 accession/URL/大小/哈希，不进仓库）	05_external_public_datasets
analysis/g6c_primary_immune_20260926/raw/gse306664_h5/GSM9205547_fRNA_EXP-00679_FIX00164_labeled.h5	41120932	no	第三方公开库原始下载件（§1：默认只登记 accession/URL/大小/哈希，不进仓库）	05_external_public_datasets
analysis/g6c_primary_immune_20260926/raw/gse306664_h5/GSM9205548_fRNA_EXP-00679_FIX00165_labeled.h5	34420865	no	第三方公开库原始下载件（§1：默认只登记 accession/URL/大小/哈希，不进仓库）	05_external_public_datasets
analysis/g6c_primary_immune_20260926/raw/gse306664_h5/GSM9205549_fRNA_EXP-00679_FIX00185_labeled.h5	38496713	no	第三方公开库原始下载件（§1：默认只登记 accession/URL/大小/哈希，不进仓库）	05_external_public_datasets
analysis/g6c_primary_immune_20260926/raw/gse306664_h5/GSM9205550_fRNA_EXP-00679_FIX00186_labeled.h5	45462661	no	第三方公开库原始下载件（§1：默认只登记 accession/URL/大小/哈希，不进仓库）	05_external_public_datasets
analysis/g6c_primary_immune_20260926/raw/gse306664_h5/GSM9205551_fRNA_EXP-00679_FIX00187_labeled.h5	44457185	no	第三方公开库原始下载件（§1：默认只登记 accession/URL/大小/哈希，不进仓库）	05_external_public_datasets
analysis/g6c_primary_immune_20260926/raw/gse306664_h5/GSM9205552_fRNA_EXP-00679_FIX00188_labeled.h5	40143960	no	第三方公开库原始下载件（§1：默认只登记 accession/URL/大小/哈希，不进仓库）	05_external_public_datasets
analysis/g6c_primary_immune_20260926/raw/gse306664_h5/GSM9205553_fRNA_EXP-00679_FIX00189_labeled.h5	56227253	no	第三方公开库原始下载件（§1：默认只登记 accession/URL/大小/哈希，不进仓库）	05_external_public_datasets
analysis/g6c_primary_immune_20260926/raw/gse306664_h5/GSM9205554_fRNA_EXP-00679_FIX00177_labeled.h5	44693774	no	第三方公开库原始下载件（§1：默认只登记 accession/URL/大小/哈希，不进仓库）	05_external_public_datasets
analysis/g6c_primary_immune_20260926/raw/gse306664_h5/GSM9205555_fRNA_EXP-00679_FIX00178_labeled.h5	30873072	no	第三方公开库原始下载件（§1：默认只登记 accession/URL/大小/哈希，不进仓库）	05_external_public_datasets
analysis/g6c_primary_immune_20260926/raw/gse306664_h5/GSM9205556_fRNA_EXP-00679_FIX00179_labeled.h5	31953741	no	第三方公开库原始下载件（§1：默认只登记 accession/URL/大小/哈希，不进仓库）	05_external_public_datasets
analysis/g6c_primary_immune_20260926/raw/gse306664_h5/GSM9205557_fRNA_EXP-00756_FIX00222_labeled.h5	27569904	no	第三方公开库原始下载件（§1：默认只登记 accession/URL/大小/哈希，不进仓库）	05_external_public_datasets
analysis/g6c_primary_immune_20260926/raw/gse306664_h5/GSM9205558_fRNA_EXP-00756_FIX00239_labeled.h5	25187541	no	第三方公开库原始下载件（§1：默认只登记 accession/URL/大小/哈希，不进仓库）	05_external_public_datasets
analysis/g6c_primary_immune_20260926/raw/gse306664_h5/GSM9205559_fRNA_EXP-00756_FIX00232_labeled.h5	26336506	no	第三方公开库原始下载件（§1：默认只登记 accession/URL/大小/哈希，不进仓库）	05_external_public_datasets
analysis/g6c_primary_immune_20260926/raw/gse306664_h5/GSM9205560_fRNA_EXP-00756_FIX00223_labeled.h5	35767966	no	第三方公开库原始下载件（§1：默认只登记 accession/URL/大小/哈希，不进仓库）	05_external_public_datasets
analysis/g6c_primary_immune_20260926/raw/gse306664_h5/GSM9205561_fRNA_EXP-00756_FIX00233_labeled.h5	23256847	no	第三方公开库原始下载件（§1：默认只登记 accession/URL/大小/哈希，不进仓库）	05_external_public_datasets
analysis/g6c_primary_immune_20260926/raw/gse306664_h5/GSM9205562_fRNA_EXP-00756_FIX00221_labeled.h5	30895616	no	第三方公开库原始下载件（§1：默认只登记 accession/URL/大小/哈希，不进仓库）	05_external_public_datasets
analysis/g6c_primary_immune_20260926/raw/gse306664_h5/GSM9205563_fRNA_EXP-00756_FIX00231_labeled.h5	44614317	no	第三方公开库原始下载件（§1：默认只登记 accession/URL/大小/哈希，不进仓库）	05_external_public_datasets
analysis/g6c_primary_immune_20260926/raw/gse306664_h5/GSM9205564_fRNA_EXP-00756_FIX04861-038_labeled.h5	24332298	no	第三方公开库原始下载件（§1：默认只登记 accession/URL/大小/哈希，不进仓库）	05_external_public_datasets
analysis/g6c_primary_immune_20260926/raw/gse306664_h5/GSM9205565_fRNA_EXP-00756_FIX04861-041_labeled.h5	14219205	no	第三方公开库原始下载件（§1：默认只登记 accession/URL/大小/哈希，不进仓库）	05_external_public_datasets
analysis/g6c_primary_immune_20260926/raw/gse306664_h5/GSM9205566_fRNA_EXP-00756_FIX00228_labeled.h5	32635162	no	第三方公开库原始下载件（§1：默认只登记 accession/URL/大小/哈希，不进仓库）	05_external_public_datasets
analysis/g6c_primary_immune_20260926/raw/gse306664_h5/GSM9205567_fRNA_EXP-00756_FIX04862-039_labeled.h5	34757048	no	第三方公开库原始下载件（§1：默认只登记 accession/URL/大小/哈希，不进仓库）	05_external_public_datasets
analysis/g6c_primary_immune_20260926/raw/gse306664_h5/GSM9205568_fRNA_EXP-00756_FIX04862-041_labeled.h5	38151823	no	第三方公开库原始下载件（§1：默认只登记 accession/URL/大小/哈希，不进仓库）	05_external_public_datasets
analysis/g6c_primary_immune_20260926/raw/gse306664_h5/GSM9205569_fRNA_EXP-00756_FIX00230_labeled.h5	37212551	no	第三方公开库原始下载件（§1：默认只登记 accession/URL/大小/哈希，不进仓库）	05_external_public_datasets
analysis/g6c_primary_immune_20260926/raw/gse306664_h5/GSM9205570_fRNA_EXP-00756_FIX00237_labeled.h5	39349805	no	第三方公开库原始下载件（§1：默认只登记 accession/URL/大小/哈希，不进仓库）	05_external_public_datasets
analysis/g6c_primary_immune_20260926/raw/gse306664_h5/GSM9205571_fRNA_EXP-00756_FIX00227_labeled.h5	39617939	no	第三方公开库原始下载件（§1：默认只登记 accession/URL/大小/哈希，不进仓库）	05_external_public_datasets
analysis/g6c_primary_immune_20260926/raw/gse306664_h5/GSM9205572_fRNA_EXP-00756_FIX00236_labeled.h5	34181696	no	第三方公开库原始下载件（§1：默认只登记 accession/URL/大小/哈希，不进仓库）	05_external_public_datasets
analysis/g6c_primary_immune_20260926/raw/gse306664_h5/GSM9205573_fRNA_EXP-00756_FIX04861-040_labeled.h5	36417377	no	第三方公开库原始下载件（§1：默认只登记 accession/URL/大小/哈希，不进仓库）	05_external_public_datasets
analysis/g6c_primary_immune_20260926/raw/gse306664_h5/GSM9205574_fRNA_EXP-00756_FIX04861-043_labeled.h5	30072188	no	第三方公开库原始下载件（§1：默认只登记 accession/URL/大小/哈希，不进仓库）	05_external_public_datasets
analysis/g6c_primary_immune_20260926/raw/gse306664_h5/GSM9205575_fRNA_EXP-00756_FIX00225_labeled.h5	24658990	no	第三方公开库原始下载件（§1：默认只登记 accession/URL/大小/哈希，不进仓库）	05_external_public_datasets
analysis/g6c_primary_immune_20260926/raw/gse306664_h5/GSM9205576_fRNA_EXP-00756_FIX04862-038_labeled.h5	31489381	no	第三方公开库原始下载件（§1：默认只登记 accession/URL/大小/哈希，不进仓库）	05_external_public_datasets
analysis/g6c_primary_immune_20260926/raw/gse306664_h5/GSM9205577_fRNA_EXP-00756_FIX04862-040_labeled.h5	45557323	no	第三方公开库原始下载件（§1：默认只登记 accession/URL/大小/哈希，不进仓库）	05_external_public_datasets
analysis/g6c_primary_immune_20260926/raw/gse306664_h5/GSM9205578_fRNA_EXP-00756_FIX00226_labeled.h5	29586998	no	第三方公开库原始下载件（§1：默认只登记 accession/URL/大小/哈希，不进仓库）	05_external_public_datasets
analysis/g6c_primary_immune_20260926/raw/gse306664_h5/GSM9205579_fRNA_EXP-00756_FIX00235_labeled.h5	27123806	no	第三方公开库原始下载件（§1：默认只登记 accession/URL/大小/哈希，不进仓库）	05_external_public_datasets
analysis/g6c_primary_immune_20260926/raw/gse306664_h5/GSM9205580_fRNA_EXP-00756_FIX00224_labeled.h5	31652307	no	第三方公开库原始下载件（§1：默认只登记 accession/URL/大小/哈希，不进仓库）	05_external_public_datasets
analysis/g6c_primary_immune_20260926/raw/gse306664_h5/GSM9205581_fRNA_EXP-00756_FIX00234_labeled.h5	32579166	no	第三方公开库原始下载件（§1：默认只登记 accession/URL/大小/哈希，不进仓库）	05_external_public_datasets
analysis/g6c_primary_immune_20260926/raw/gse306664_h5/GSM9205582_fRNA_EXP-00756_FIX04861-039_labeled.h5	29461892	no	第三方公开库原始下载件（§1：默认只登记 accession/URL/大小/哈希，不进仓库）	05_external_public_datasets
analysis/g6c_primary_immune_20260926/raw/gse306664_h5/GSM9205583_fRNA_EXP-00756_FIX04861-042_labeled.h5	36606007	no	第三方公开库原始下载件（§1：默认只登记 accession/URL/大小/哈希，不进仓库）	05_external_public_datasets
analysis/g6c_primary_immune_20260926/raw/q01_mono_mac_ifn_esearch.json	12697	no	第三方公开库原始下载件（§1：默认只登记 accession/URL/大小/哈希，不进仓库）	02_primary_sequence_data
analysis/g6c_primary_immune_20260926/raw/q01_mono_mac_ifn_esummary.json	231321	no	第三方公开库原始下载件（§1：默认只登记 accession/URL/大小/哈希，不进仓库）	02_primary_sequence_data
analysis/g6c_primary_immune_20260926/raw/q02_dc_microglia_ifn_esearch.json	7295	no	第三方公开库原始下载件（§1：默认只登记 accession/URL/大小/哈希，不进仓库）	02_primary_sequence_data
analysis/g6c_primary_immune_20260926/raw/q02_dc_microglia_ifn_esummary.json	776352	no	第三方公开库原始下载件（§1：默认只登记 accession/URL/大小/哈希，不进仓库）	02_primary_sequence_data
analysis/g6c_primary_immune_20260926/raw/q03_ifn_primary_all_esearch.json	1814	no	第三方公开库原始下载件（§1：默认只登记 accession/URL/大小/哈希，不进仓库）	02_primary_sequence_data
analysis/g6c_primary_immune_20260926/raw/q03_ifn_primary_all_esummary.json	300873	no	第三方公开库原始下载件（§1：默认只登记 accession/URL/大小/哈希，不进仓库）	02_primary_sequence_data
analysis/g6c_primary_immune_20260926/raw/q04_ifnalpha_stim_seq_esearch.json	2250	no	第三方公开库原始下载件（§1：默认只登记 accession/URL/大小/哈希，不进仓库）	02_primary_sequence_data
analysis/g6c_primary_immune_20260926/raw/q04_ifnalpha_stim_seq_esummary.json	254319	no	第三方公开库原始下载件（§1：默认只登记 accession/URL/大小/哈希，不进仓库）	02_primary_sequence_data
analysis/g6c_primary_immune_20260926/raw/q05_macrophage_polarization_esearch.json	2125	no	第三方公开库原始下载件（§1：默认只登记 accession/URL/大小/哈希，不进仓库）	02_primary_sequence_data
analysis/g6c_primary_immune_20260926/raw/q05_macrophage_polarization_esummary.json	257511	no	第三方公开库原始下载件（§1：默认只登记 accession/URL/大小/哈希，不进仓库）	02_primary_sequence_data
analysis/g6c_primary_immune_20260926/raw/q06_sc_ifn_pbmc_esearch.json	4109	no	第三方公开库原始下载件（§1：默认只登记 accession/URL/大小/哈希，不进仓库）	02_primary_sequence_data
analysis/g6c_primary_immune_20260926/raw/q06_sc_ifn_pbmc_esummary.json	245897	no	第三方公开库原始下载件（§1：默认只登记 accession/URL/大小/哈希，不进仓库）	02_primary_sequence_data
analysis/g6c_primary_immune_20260926/raw/q07_isg_primary_esearch.json	12394	no	第三方公开库原始下载件（§1：默认只登记 accession/URL/大小/哈希，不进仓库）	02_primary_sequence_data
analysis/g6c_primary_immune_20260926/raw/q07_isg_primary_esummary.json	162896	no	第三方公开库原始下载件（§1：默认只登记 accession/URL/大小/哈希，不进仓库）	02_primary_sequence_data
analysis/g6c_primary_immune_20260926/raw/q08_ifn_dose_time_esearch.json	1558	no	第三方公开库原始下载件（§1：默认只登记 accession/URL/大小/哈希，不进仓库）	02_primary_sequence_data
analysis/g6c_primary_immune_20260926/raw/q08_ifn_dose_time_esummary.json	208671	no	第三方公开库原始下载件（§1：默认只登记 accession/URL/大小/哈希，不进仓库）	02_primary_sequence_data
analysis/g6c_primary_immune_20260926/raw/q09_whole_blood_ifn_esearch.json	3073	no	第三方公开库原始下载件（§1：默认只登记 accession/URL/大小/哈希，不进仓库）	02_primary_sequence_data
analysis/g6c_primary_immune_20260926/raw/q09_whole_blood_ifn_esummary.json	480017	no	第三方公开库原始下载件（§1：默认只登记 accession/URL/大小/哈希，不进仓库）	02_primary_sequence_data
analysis/g6c_primary_immune_20260926/raw/q10_monocyte_donors_ifn_esearch.json	109020	no	第三方公开库原始下载件（§1：默认只登记 accession/URL/大小/哈希，不进仓库）	02_primary_sequence_data
analysis/g6c_primary_immune_20260926/raw/q10_monocyte_donors_ifn_esummary.json	258083	no	第三方公开库原始下载件（§1：默认只登记 accession/URL/大小/哈希，不进仓库）	02_primary_sequence_data
analysis/g6e_gse46599_20260926/FINDINGS.md	11440	no	叙述性分析记录/运行日志（方法、口径、结论留痕）；删除后仍可由脚本重算，非数值源数据，不入库	00_index_and_metadata
analysis/g6e_gse46599_20260926/raw/GPL10558.annot.gz	7290886	no	第三方公开库原始下载件（§1：默认只登记 accession/URL/大小/哈希，不进仓库）	05_external_public_datasets
analysis/g6e_gse46599_20260926/raw/GSE46599_design.txt	4176	no	第三方公开库原始下载件（§1：默认只登记 accession/URL/大小/哈希，不进仓库）	05_external_public_datasets
analysis/g6e_gse46599_20260926/raw/GSE46599_series_matrix.txt.gz	8968142	no	第三方公开库原始下载件（§1：默认只登记 accession/URL/大小/哈希，不进仓库）	05_external_public_datasets
analysis/g6g_gse342661_20260926/raw/design.txt	9791	no	第三方公开库原始下载件（§1：默认只登记 accession/URL/大小/哈希，不进仓库）	05_external_public_datasets
analysis/g6g_gse342661_20260926/raw/ena_runs.tsv	88	no	第三方公开库原始下载件（§1：默认只登记 accession/URL/大小/哈希，不进仓库）	02_primary_sequence_data
analysis/g7_kpna_axis_20260926/g7_report.txt	12957	no	叙述性分析记录/运行日志（方法、口径、结论留痕）；删除后仍可由脚本重算，非数值源数据，不入库	00_index_and_metadata
analysis/g7_kpna_axis_20260926/hpa_raw/KPNA1_ENSG00000114030.json	10616	no	第三方公开库原始下载件（§1：默认只登记 accession/URL/大小/哈希，不进仓库）	04_host_reference_and_atlas
analysis/g7_kpna_axis_20260926/hpa_raw/KPNA5_ENSG00000196911.json	10637	no	第三方公开库原始下载件（§1：默认只登记 accession/URL/大小/哈希，不进仓库）	04_host_reference_and_atlas
analysis/g7_kpna_axis_20260926/hpa_raw/KPNA6_ENSG00000025800.json	10646	no	第三方公开库原始下载件（§1：默认只登记 accession/URL/大小/哈希，不进仓库）	04_host_reference_and_atlas
analysis/gapd_enteric_organoid_20260926/FINDINGS.md	7816	no	叙述性分析记录/运行日志（方法、口径、结论留痕）；删除后仍可由脚本重算，非数值源数据，不入库	00_index_and_metadata
analysis/gapd_enteric_organoid_20260926/raw/GSE100839_Read_Counts.xlsx	1152413	no	第三方补充材料工作簿（xlsx），§1 第三方再分发一律 link_only 登记	05_external_public_datasets
analysis/gapd_enteric_organoid_20260926/raw/GSE298600_counts.csv.gz	807759	no	第三方公开库原始下载件（§1：默认只登记 accession/URL/大小/哈希，不进仓库）	05_external_public_datasets
analysis/gapd_enteric_organoid_20260926/raw/GSE300073_counts.csv.gz	1104564	no	第三方公开库原始下载件（§1：默认只登记 accession/URL/大小/哈希，不进仓库）	05_external_public_datasets
analysis/gse342661_matrix_20260926/FIG_S4_LABEL_FIX_20260926.md	3405	no	叙述性分析记录/运行日志（方法、口径、结论留痕）；删除后仍可由脚本重算，非数值源数据，不入库	00_index_and_metadata
analysis/gse342661_matrix_20260926/FINDINGS.md	14376	no	叙述性分析记录/运行日志（方法、口径、结论留痕）；删除后仍可由脚本重算，非数值源数据，不入库	00_index_and_metadata
analysis/gse342661_matrix_20260926/MANUSCRIPT_INSERT.md	5248	no	叙述性分析记录/运行日志（方法、口径、结论留痕）；删除后仍可由脚本重算，非数值源数据，不入库	00_index_and_metadata
analysis/gse342661_matrix_20260926/PUBLICATION_STATUS_20260926.md	3456	no	叙述性分析记录/运行日志（方法、口径、结论留痕）；删除后仍可由脚本重算，非数值源数据，不入库	00_index_and_metadata
analysis/gse342661_matrix_20260926/__pycache__/g342_03_module.cpython-314.pyc	27484	no	Python 字节码缓存，非数据	08_out_of_scope_and_superseded
analysis/gse342661_matrix_20260926/g342_05_figure.py	10211	no	绘图/渲染脚本（含 PyMOL），按 §1 不收（§3.7 生成物对照）	08_out_of_scope_and_superseded
analysis/gse342661_matrix_20260926/raw/GSE342661_counts_tpm.matrix.gz	10325209	no	第三方公开库原始下载件（§1：默认只登记 accession/URL/大小/哈希，不进仓库）	05_external_public_datasets
analysis/gse342661_matrix_20260926/raw/hgnc_complete_set.txt	16947244	no	第三方公开库原始下载件（§1：默认只登记 accession/URL/大小/哈希，不进仓库）	05_external_public_datasets
analysis/h2_lowend_atlas_hunt_20260926/FINDINGS.md	4826	no	叙述性分析记录/运行日志（方法、口径、结论留痕）；删除后仍可由脚本重算，非数值源数据，不入库	00_index_and_metadata
analysis/h2_lowend_atlas_hunt_20260926/raw/atlas_h5ad/2adb1f8a_Construction_of_a_human_cell_landscape_at_single.h5ad	1401701630	no	第三方公开库原始下载件（§1：默认只登记 accession/URL/大小/哈希，不进仓库）	05_external_public_datasets
analysis/h2_lowend_atlas_hunt_20260926/raw/atlas_h5ad/3e524d45_Human_adult_ureter.h5ad	398162696	no	第三方公开库原始下载件（§1：默认只登记 accession/URL/大小/哈希，不进仓库）	05_external_public_datasets
analysis/h2_lowend_atlas_hunt_20260926/raw/atlas_h5ad/43dc52cb_Human_embryonic_male_gonadal_tissue.h5ad	379591399	no	第三方公开库原始下载件（§1：默认只登记 accession/URL/大小/哈希，不进仓库）	05_external_public_datasets
analysis/h2_lowend_atlas_hunt_20260926/raw/atlas_h5ad/7b75b2c4_Photoreceptor_cells_of_the_human_fovea_and_perip.h5ad	58253310	no	第三方公开库原始下载件（§1：默认只登记 accession/URL/大小/哈希，不进仓库）	05_external_public_datasets
analysis/h2_lowend_atlas_hunt_20260926/raw/atlas_h5ad/8e5978bd_Adult_bladder_urothelial_subset.h5ad	348611390	no	第三方公开库原始下载件（§1：默认只登记 accession/URL/大小/哈希，不进仓库）	05_external_public_datasets
analysis/h2_lowend_atlas_hunt_20260926/raw/atlas_h5ad/cfa755c1_Supercluster	0	no	第三方公开库原始下载件（§1：默认只登记 accession/URL/大小/哈希，不进仓库）	05_external_public_datasets
analysis/h2_lowend_atlas_hunt_20260926/raw/atlas_h5ad/cfa755c1_Supercluster__Choroid_plexus.h5ad	86710964	no	第三方公开库原始下载件（§1：默认只登记 accession/URL/大小/哈希，不进仓库）	05_external_public_datasets
analysis/h2_lowend_atlas_hunt_20260926/raw/atlas_h5ad/e6dad530_All_cell_types_of_human_eye.h5ad	913470148	no	第三方公开库原始下载件（§1：默认只登记 accession/URL/大小/哈希，不进仓库）	05_external_public_datasets
analysis/h2_lowend_atlas_hunt_20260926/raw/cellxgene_collection_details/05e3d0fc-c9dd-4f14-9163-2b242b3bb5c2.json	53077	no	第三方公开库原始下载件（§1：默认只登记 accession/URL/大小/哈希，不进仓库）	05_external_public_datasets
analysis/h2_lowend_atlas_hunt_20260926/raw/cellxgene_collection_details/0cbf8ef8-87bd-4b51-8521-ec3f68183e11.json	22062	no	第三方公开库原始下载件（§1：默认只登记 accession/URL/大小/哈希，不进仓库）	05_external_public_datasets
analysis/h2_lowend_atlas_hunt_20260926/raw/cellxgene_collection_details/0e54d4de-44f0-4d50-8649-b5c2bbe8f5d1.json	13241	no	第三方公开库原始下载件（§1：默认只登记 accession/URL/大小/哈希，不进仓库）	05_external_public_datasets
analysis/h2_lowend_atlas_hunt_20260926/raw/cellxgene_collection_details/0f7d022a-46c7-4e64-be4c-e34adbb78089.json	40859	no	第三方公开库原始下载件（§1：默认只登记 accession/URL/大小/哈希，不进仓库）	05_external_public_datasets
analysis/h2_lowend_atlas_hunt_20260926/raw/cellxgene_collection_details/120e86b4-1195-48c5-845b-b98054105eec.json	39723	no	第三方公开库原始下载件（§1：默认只登记 accession/URL/大小/哈希，不进仓库）	05_external_public_datasets
analysis/h2_lowend_atlas_hunt_20260926/raw/cellxgene_collection_details/125eef58-0f61-4963-9b08-53e851ab65fb.json	11410	no	第三方公开库原始下载件（§1：默认只登记 accession/URL/大小/哈希，不进仓库）	05_external_public_datasets
analysis/h2_lowend_atlas_hunt_20260926/raw/cellxgene_collection_details/1a486c4c-c115-4721-8c9f-f9f096e10857.json	7030	no	第三方公开库原始下载件（§1：默认只登记 accession/URL/大小/哈希，不进仓库）	05_external_public_datasets
analysis/h2_lowend_atlas_hunt_20260926/raw/cellxgene_collection_details/1d1c7275-476a-49e2-9022-ad1b1c793594.json	24593	no	第三方公开库原始下载件（§1：默认只登记 accession/URL/大小/哈希，不进仓库）	05_external_public_datasets
analysis/h2_lowend_atlas_hunt_20260926/raw/cellxgene_collection_details/222e800b-c9cb-4572-831d-48f8c2ef66b9.json	11597	no	第三方公开库原始下载件（§1：默认只登记 accession/URL/大小/哈希，不进仓库）	05_external_public_datasets
analysis/h2_lowend_atlas_hunt_20260926/raw/cellxgene_collection_details/2600aac1-ef5e-4dcd-bbc9-f9f3d8a613ea.json	8636	no	第三方公开库原始下载件（§1：默认只登记 accession/URL/大小/哈希，不进仓库）	05_external_public_datasets
analysis/h2_lowend_atlas_hunt_20260926/raw/cellxgene_collection_details/283d65eb-dd53-496d-adb7-7570c7caa443.json	894166	no	第三方公开库原始下载件（§1：默认只登记 accession/URL/大小/哈希，不进仓库）	05_external_public_datasets
analysis/h2_lowend_atlas_hunt_20260926/raw/cellxgene_collection_details/2f4c738f-e2f3-4553-9db2-0582a38ea4dc.json	16649	no	第三方公开库原始下载件（§1：默认只登记 accession/URL/大小/哈希，不进仓库）	05_external_public_datasets
analysis/h2_lowend_atlas_hunt_20260926/raw/cellxgene_collection_details/3472f32d-4a33-48e2-aad5-666d4631bf4c.json	7953	no	第三方公开库原始下载件（§1：默认只登记 accession/URL/大小/哈希，不进仓库）	05_external_public_datasets
analysis/h2_lowend_atlas_hunt_20260926/raw/cellxgene_collection_details/348da6dc-5bf6-435d-adc5-37747b9ae38a.json	7966	no	第三方公开库原始下载件（§1：默认只登记 accession/URL/大小/哈希，不进仓库）	05_external_public_datasets
analysis/h2_lowend_atlas_hunt_20260926/raw/cellxgene_collection_details/38833785-fac5-48fd-944a-0f62a4c23ed1.json	21653	no	第三方公开库原始下载件（§1：默认只登记 accession/URL/大小/哈希，不进仓库）	05_external_public_datasets
analysis/h2_lowend_atlas_hunt_20260926/raw/cellxgene_collection_details/3a844375-60ea-474b-adf1-98e76928baee.json	44468	no	第三方公开库原始下载件（§1：默认只登记 accession/URL/大小/哈希，不进仓库）	05_external_public_datasets
analysis/h2_lowend_atlas_hunt_20260926/raw/cellxgene_collection_details/4796c91c-9d8f-4692-be43-347b1727f9d8.json	47054	no	第三方公开库原始下载件（§1：默认只登记 accession/URL/大小/哈希，不进仓库）	05_external_public_datasets
analysis/h2_lowend_atlas_hunt_20260926/raw/cellxgene_collection_details/48c15b0c-6039-4e0f-9668-b6b3c0b830ad.json	77300	no	第三方公开库原始下载件（§1：默认只登记 accession/URL/大小/哈希，不进仓库）	05_external_public_datasets
analysis/h2_lowend_atlas_hunt_20260926/raw/cellxgene_collection_details/4c6eaf5c-6d57-4c76-b1e9-60df8c655f1e.json	86148	no	第三方公开库原始下载件（§1：默认只登记 accession/URL/大小/哈希，不进仓库）	05_external_public_datasets
analysis/h2_lowend_atlas_hunt_20260926/raw/cellxgene_collection_details/4d74781b-8186-4c9a-b659-ff4dc4601d91.json	19973	no	第三方公开库原始下载件（§1：默认只登记 accession/URL/大小/哈希，不进仓库）	05_external_public_datasets
analysis/h2_lowend_atlas_hunt_20260926/raw/cellxgene_collection_details/4d8fed08-2d6d-4692-b5ea-464f1d072077.json	113532	no	第三方公开库原始下载件（§1：默认只登记 accession/URL/大小/哈希，不进仓库）	05_external_public_datasets
analysis/h2_lowend_atlas_hunt_20260926/raw/cellxgene_collection_details/5900dda8-2dc3-4770-b604-084eac1c2c82.json	10217	no	第三方公开库原始下载件（§1：默认只登记 accession/URL/大小/哈希，不进仓库）	05_external_public_datasets
analysis/h2_lowend_atlas_hunt_20260926/raw/cellxgene_collection_details/59c9ecfe-c47d-4a6a-bab0-895cc0c1942b.json	15662	no	第三方公开库原始下载件（§1：默认只登记 accession/URL/大小/哈希，不进仓库）	05_external_public_datasets
analysis/h2_lowend_atlas_hunt_20260926/raw/cellxgene_collection_details/6282a908-f162-44a2-99a3-8a942e4271b2.json	38628	no	第三方公开库原始下载件（§1：默认只登记 accession/URL/大小/哈希，不进仓库）	05_external_public_datasets
analysis/h2_lowend_atlas_hunt_20260926/raw/cellxgene_collection_details/62ef75e4-cbea-454e-a0ce-998ec40223d3.json	32312	no	第三方公开库原始下载件（§1：默认只登记 accession/URL/大小/哈希，不进仓库）	05_external_public_datasets
analysis/h2_lowend_atlas_hunt_20260926/raw/cellxgene_collection_details/63d03351-06be-478e-a0db-f7a653b6b19b.json	27480	no	第三方公开库原始下载件（§1：默认只登记 accession/URL/大小/哈希，不进仓库）	05_external_public_datasets
analysis/h2_lowend_atlas_hunt_20260926/raw/cellxgene_collection_details/7855daa4-3f34-4aae-b65a-87720c02e7cd.json	10065	no	第三方公开库原始下载件（§1：默认只登记 accession/URL/大小/哈希，不进仓库）	05_external_public_datasets
analysis/h2_lowend_atlas_hunt_20260926/raw/cellxgene_collection_details/854c0855-23ad-4362-8b77-6b1639e7a9fc.json	101518	no	第三方公开库原始下载件（§1：默认只登记 accession/URL/大小/哈希，不进仓库）	05_external_public_datasets
analysis/h2_lowend_atlas_hunt_20260926/raw/cellxgene_collection_details/8a05eaf6-5680-41f2-9be7-eddc383b178a.json	16522	no	第三方公开库原始下载件（§1：默认只登记 accession/URL/大小/哈希，不进仓库）	05_external_public_datasets
analysis/h2_lowend_atlas_hunt_20260926/raw/cellxgene_collection_details/939769a8-d8d2-4d01-abfc-55699893fd49.json	35372	no	第三方公开库原始下载件（§1：默认只登记 accession/URL/大小/哈希，不进仓库）	05_external_public_datasets
analysis/h2_lowend_atlas_hunt_20260926/raw/cellxgene_collection_details/a26f9885-1b18-410c-a8c2-955ec5bb2efc.json	7935	no	第三方公开库原始下载件（§1：默认只登记 accession/URL/大小/哈希，不进仓库）	05_external_public_datasets
analysis/h2_lowend_atlas_hunt_20260926/raw/cellxgene_collection_details/af286675-7167-4816-a907-c72d41b73d37.json	23820	no	第三方公开库原始下载件（§1：默认只登记 accession/URL/大小/哈希，不进仓库）	05_external_public_datasets
analysis/h2_lowend_atlas_hunt_20260926/raw/cellxgene_collection_details/af893e86-8e9f-41f1-a474-ef05359b1fb7.json	28447	no	第三方公开库原始下载件（§1：默认只登记 accession/URL/大小/哈希，不进仓库）	05_external_public_datasets
analysis/h2_lowend_atlas_hunt_20260926/raw/cellxgene_collection_details/afd343f4-bb60-4632-9902-73a4a1ff1557.json	8056	no	第三方公开库原始下载件（§1：默认只登记 accession/URL/大小/哈希，不进仓库）	05_external_public_datasets
analysis/h2_lowend_atlas_hunt_20260926/raw/cellxgene_collection_details/b1a879f6-5638-48d3-8f64-f6592c1b1561.json	107150	no	第三方公开库原始下载件（§1：默认只登记 accession/URL/大小/哈希，不进仓库）	05_external_public_datasets
analysis/h2_lowend_atlas_hunt_20260926/raw/cellxgene_collection_details/c11009b8-b113-4a99-9890-78b2f9df9d79.json	9769	no	第三方公开库原始下载件（§1：默认只登记 accession/URL/大小/哈希，不进仓库）	05_external_public_datasets
analysis/h2_lowend_atlas_hunt_20260926/raw/cellxgene_collection_details/c114c20f-1ef4-49a5-9c2e-d965787fb90c.json	28515	no	第三方公开库原始下载件（§1：默认只登记 accession/URL/大小/哈希，不进仓库）	05_external_public_datasets
analysis/h2_lowend_atlas_hunt_20260926/raw/cellxgene_collection_details/cc431242-35ea-41e1-a100-41e0dec2665b.json	41631	no	第三方公开库原始下载件（§1：默认只登记 accession/URL/大小/哈希，不进仓库）	05_external_public_datasets
analysis/h2_lowend_atlas_hunt_20260926/raw/cellxgene_collection_details/de379e5f-52d0-498c-9801-0f850823c847.json	32527	no	第三方公开库原始下载件（§1：默认只登记 accession/URL/大小/哈希，不进仓库）	05_external_public_datasets
analysis/h2_lowend_atlas_hunt_20260926/raw/cellxgene_collection_details/e5f58829-1a66-40b5-a624-9046778e74f5.json	280197	no	第三方公开库原始下载件（§1：默认只登记 accession/URL/大小/哈希，不进仓库）	05_external_public_datasets
analysis/h2_lowend_atlas_hunt_20260926/raw/cellxgene_collection_details/e9c73b68-e980-49c2-8d0d-1c9cab21507e.json	6397	no	第三方公开库原始下载件（§1：默认只登记 accession/URL/大小/哈希，不进仓库）	05_external_public_datasets
analysis/h2_lowend_atlas_hunt_20260926/raw/cellxgene_collection_details/ec691f5f-0aac-433c-8f78-e7f4b85a05e0.json	9519	no	第三方公开库原始下载件（§1：默认只登记 accession/URL/大小/哈希，不进仓库）	05_external_public_datasets
analysis/h2_lowend_atlas_hunt_20260926/raw/cellxgene_collection_details/f8057c47-fcd8-4fcf-88b0-e2f930080f6e.json	7743	no	第三方公开库原始下载件（§1：默认只登记 accession/URL/大小/哈希，不进仓库）	05_external_public_datasets
analysis/h2_lowend_atlas_hunt_20260926/raw/cellxgene_collections.json	4403384	no	第三方公开库原始下载件（§1：默认只登记 accession/URL/大小/哈希，不进仓库）	05_external_public_datasets
analysis/h2_lowend_atlas_hunt_20260926/raw/cellxgene_target_datasets.json	508626	no	第三方公开库原始下载件（§1：默认只登记 accession/URL/大小/哈希，不进仓库）	05_external_public_datasets
analysis/h2c_photoreceptor_20260926/FINDINGS.md	18287	no	叙述性分析记录/运行日志（方法、口径、结论留痕）；删除后仍可由脚本重算，非数值源数据，不入库	00_index_and_metadata
analysis/hpa_ntpm_20260919/raw/ENSG00000090659.json	9218	no	第三方公开库原始下载件（§1：默认只登记 accession/URL/大小/哈希，不进仓库）	04_host_reference_and_atlas
analysis/hpa_ntpm_20260919/raw/ENSG00000104938.json	6646	no	第三方公开库原始下载件（§1：默认只登记 accession/URL/大小/哈希，不进仓库）	04_host_reference_and_atlas
analysis/hpa_ntpm_20260919/raw/ENSG00000113249.json	7829	no	第三方公开库原始下载件（§1：默认只登记 accession/URL/大小/哈希，不进仓库）	04_host_reference_and_atlas
analysis/hpa_ntpm_20260919/raw/ENSG00000132514.json	8840	no	第三方公开库原始下载件（§1：默认只登记 accession/URL/大小/哈希，不进仓库）	04_host_reference_and_atlas
analysis/hpa_ntpm_20260919/raw/ENSG00000135047.json	9278	no	第三方公开库原始下载件（§1：默认只登记 accession/URL/大小/哈希，不进仓库）	04_host_reference_and_atlas
analysis/hpa_ntpm_20260919/raw/ENSG00000141458.json	9366	no	第三方公开库原始下载件（§1：默认只登记 accession/URL/大小/哈希，不进仓库）	04_host_reference_and_atlas
analysis/hpa_ntpm_20260919/raw/ENSG00000164733.json	9784	no	第三方公开库原始下载件（§1：默认只登记 accession/URL/大小/哈希，不进仓库）	04_host_reference_and_atlas
analysis/hpa_ntpm_20260919/raw/ENSG00000182566.json	6964	no	第三方公开库原始下载件（§1：默认只登记 accession/URL/大小/哈希，不进仓库）	04_host_reference_and_atlas
analysis/hpa_validation_20260919/raw/ENSG00000090659.json	11081	no	第三方公开库原始下载件（§1：默认只登记 accession/URL/大小/哈希，不进仓库）	04_host_reference_and_atlas
analysis/hpa_validation_20260919/raw/ENSG00000104938.json	7596	no	第三方公开库原始下载件（§1：默认只登记 accession/URL/大小/哈希，不进仓库）	04_host_reference_and_atlas
analysis/hpa_validation_20260919/raw/ENSG00000113249.json	9226	no	第三方公开库原始下载件（§1：默认只登记 accession/URL/大小/哈希，不进仓库）	04_host_reference_and_atlas
analysis/hpa_validation_20260919/raw/ENSG00000132514.json	10619	no	第三方公开库原始下载件（§1：默认只登记 accession/URL/大小/哈希，不进仓库）	04_host_reference_and_atlas
analysis/hpa_validation_20260919/raw/ENSG00000135047.json	11149	no	第三方公开库原始下载件（§1：默认只登记 accession/URL/大小/哈希，不进仓库）	04_host_reference_and_atlas
analysis/hpa_validation_20260919/raw/ENSG00000141458.json	11211	no	第三方公开库原始下载件（§1：默认只登记 accession/URL/大小/哈希，不进仓库）	04_host_reference_and_atlas
analysis/hpa_validation_20260919/raw/ENSG00000164733.json	11790	no	第三方公开库原始下载件（§1：默认只登记 accession/URL/大小/哈希，不进仓库）	04_host_reference_and_atlas
analysis/lowend_direction_check_20260926/FINDINGS.md	12856	no	叙述性分析记录/运行日志（方法、口径、结论留痕）；删除后仍可由脚本重算，非数值源数据，不入库	00_index_and_metadata
analysis/lowend_direction_check_20260926/__pycache__/ldc_01_combined_agreement.cpython-314.pyc	26451	no	Python 字节码缓存，非数据	08_out_of_scope_and_superseded
analysis/lowend_direction_check_20260926/_diag1.log	3072	no	叙述性分析记录/运行日志（方法、口径、结论留痕）；删除后仍可由脚本重算，非数值源数据，不入库	00_index_and_metadata
analysis/lowend_direction_check_20260926/_run1.log	5432	no	叙述性分析记录/运行日志（方法、口径、结论留痕）；删除后仍可由脚本重算，非数值源数据，不入库	00_index_and_metadata
analysis/lowend_direction_check_20260926/_run2.log	7241	no	叙述性分析记录/运行日志（方法、口径、结论留痕）；删除后仍可由脚本重算，非数值源数据，不入库	00_index_and_metadata
analysis/lowend_reference_scan_20260926/FINDINGS.md	16035	no	叙述性分析记录/运行日志（方法、口径、结论留痕）；删除后仍可由脚本重算，非数值源数据，不入库	00_index_and_metadata
analysis/lowend_reference_scan_20260926/_run1.log	20119	no	叙述性分析记录/运行日志（方法、口径、结论留痕）；删除后仍可由脚本重算，非数值源数据，不入库	00_index_and_metadata
analysis/protein_gse342661_20260926/gse342661_status/FINDINGS.md	6508	no	叙述性分析记录/运行日志（方法、口径、结论留痕）；删除后仍可由脚本重算，非数值源数据，不入库	00_index_and_metadata
analysis/protein_gse342661_20260926/protein_layer_scan/HANDOFF_UNFINISHED.md	3764	no	叙述性分析记录/运行日志（方法、口径、结论留痕）；删除后仍可由脚本重算，非数值源数据，不入库	00_index_and_metadata
analysis/protein_gse342661_20260926/raw/GSE342661_acc_page.html	21384	no	第三方公开库原始下载件（§1：默认只登记 accession/URL/大小/哈希，不进仓库）	05_external_public_datasets
analysis/protein_gse342661_20260926/raw/GSE342661_esearch.json	532	no	第三方公开库原始下载件（§1：默认只登记 accession/URL/大小/哈希，不进仓库）	02_primary_sequence_data
analysis/protein_gse342661_20260926/raw/GSE342661_series_matrix.txt.gz	9911	no	第三方公开库原始下载件（§1：默认只登记 accession/URL/大小/哈希，不进仓库）	05_external_public_datasets
analysis/protein_gse342661_20260926/raw/GSE342661_soft_brief.txt	9585	no	第三方公开库原始下载件（§1：默认只登记 accession/URL/大小/哈希，不进仓库）	05_external_public_datasets
analysis/protein_gse342661_20260926/raw/GSM9935959_soft_brief.txt	2619	no	第三方公开库原始下载件（§1：默认只登记 accession/URL/大小/哈希，不进仓库）	05_external_public_datasets
analysis/protein_gse342661_20260926/raw/GSM9935960_soft_brief.txt	2615	no	第三方公开库原始下载件（§1：默认只登记 accession/URL/大小/哈希，不进仓库）	05_external_public_datasets
analysis/protein_gse342661_20260926/raw/GSM9936039_soft_brief.txt	2623	no	第三方公开库原始下载件（§1：默认只登记 accession/URL/大小/哈希，不进仓库）	05_external_public_datasets
analysis/protein_gse342661_20260926/raw/GSM9936138_soft_brief.txt	2619	no	第三方公开库原始下载件（§1：默认只登记 accession/URL/大小/哈希，不进仓库）	05_external_public_datasets
analysis/protein_gse342661_20260926/raw/suppl_listing.html	612	no	第三方公开库原始下载件（§1：默认只登记 accession/URL/大小/哈希，不进仓库）	05_external_public_datasets
analysis/spleen_reference_rebuild_20260926/FINDINGS.md	18719	no	叙述性分析记录/运行日志（方法、口径、结论留痕）；删除后仍可由脚本重算，非数值源数据，不入库	00_index_and_metadata
analysis/spleen_reference_rebuild_20260926/_download.err	0	no	叙述性分析记录/运行日志（方法、口径、结论留痕）；删除后仍可由脚本重算，非数值源数据，不入库	00_index_and_metadata
analysis/spleen_reference_rebuild_20260926/_download.log	931	no	叙述性分析记录/运行日志（方法、口径、结论留痕）；删除后仍可由脚本重算，非数值源数据，不入库	00_index_and_metadata
analysis/spleen_reference_rebuild_20260926/raw/TS_spleen.h5ad	2654711797	no	第三方公开库原始下载件（§1：默认只登记 accession/URL/大小/哈希，不进仓库）	05_external_public_datasets
analysis/spleen_reference_rebuild_20260926/raw/cellxgene_datasets_20260926.json	10275353	no	第三方公开库原始下载件（§1：默认只登记 accession/URL/大小/哈希，不进仓库）	05_external_public_datasets
analysis/srb_verify_20260926/FINDINGS.md	13986	no	叙述性分析记录/运行日志（方法、口径、结论留痕）；删除后仍可由脚本重算，非数值源数据，不入库	00_index_and_metadata
analysis/srb_verify_20260926/raw/_sv05_stdout.txt	747	no	第三方公开库原始下载件（§1：默认只登记 accession/URL/大小/哈希，不进仓库）	05_external_public_datasets
analysis/srb_verify_20260926/scripts/__pycache__/sv_03_verify.cpython-314.pyc	31086	no	Python 字节码缓存，非数据	08_out_of_scope_and_superseded
analysis/srb_verify_20260926/scripts/__pycache__/sv_04_null_frozen_scale.cpython-314.pyc	13924	no	Python 字节码缓存，非数据	08_out_of_scope_and_superseded
analysis/t4_g8_tissue_ifn_env_20260926/ANNOTATION_FIX.md	3628	no	叙述性分析记录/运行日志（方法、口径、结论留痕）；删除后仍可由脚本重算，非数值源数据，不入库	00_index_and_metadata
analysis/t4_g8_tissue_ifn_env_20260926/g8_log.txt	6887	no	叙述性分析记录/运行日志（方法、口径、结论留痕）；删除后仍可由脚本重算，非数值源数据，不入库	00_index_and_metadata
analysis/t4_g8_tissue_ifn_env_20260926/ref/Mmul10_100.gtf.gz	18987120	no	第三方参考注释/单细胞对象下载件（Mmul10 GTF、se.qc.rds），§1 默认 link_only 登记	05_external_public_datasets
analysis/t4_g8_tissue_ifn_env_20260926/ref/Mmul10_102.gtf.gz	18991219	no	第三方参考注释/单细胞对象下载件（Mmul10 GTF、se.qc.rds），§1 默认 link_only 登记	05_external_public_datasets
analysis/t4_g8_tissue_ifn_env_20260926/ref/Mmul10_104.gtf.gz	19074279	no	第三方参考注释/单细胞对象下载件（Mmul10 GTF、se.qc.rds），§1 默认 link_only 登记	05_external_public_datasets
analysis/t4_g8_tissue_ifn_env_20260926/ref/Mmul10_106.gtf.gz	19068667	no	第三方参考注释/单细胞对象下载件（Mmul10 GTF、se.qc.rds），§1 默认 link_only 登记	05_external_public_datasets
analysis/t4_g8_tissue_ifn_env_20260926/ref/Mmul10_98.gtf.gz	18988158	no	第三方参考注释/单细胞对象下载件（Mmul10 GTF、se.qc.rds），§1 默认 link_only 登记	05_external_public_datasets
analysis/t4_g8_tissue_ifn_env_20260926/ref/se.qc.rds	15779764	no	第三方参考注释/单细胞对象下载件（Mmul10 GTF、se.qc.rds），§1 默认 link_only 登记	05_external_public_datasets
analysis/t4_g8_tissue_ifn_env_20260926/ref/se_qc_rownames.txt	778802	no	叙述性分析记录/运行日志（方法、口径、结论留痕）；删除后仍可由脚本重算，非数值源数据，不入库	00_index_and_metadata
analysis/t4_gse114905_20260925/GSE114905_RNA-468-469-470_SUDV_cells_D1-D3_GE_.xlsx	8298	no	第三方补充材料工作簿（xlsx），§1 第三方再分发一律 link_only 登记	05_external_public_datasets
analysis/t4_gse114905_20260925/GSE114905_RNA-472-473-474_BDBV_cells_D1-D3_GE_.xlsx	8277	no	第三方补充材料工作簿（xlsx），§1 第三方再分发一律 link_only 登记	05_external_public_datasets
analysis/t4_gse114905_20260925/GSE114905_RNA-476-477-478_EBOV_cells_D1-D3_GE_.xlsx	11338	no	第三方补充材料工作簿（xlsx），§1 第三方再分发一律 link_only 登记	05_external_public_datasets
analysis/t4_gse114905_20260925/GSE114905_RNA-480-481-482_RESTV_cells_D1-D3_GE_.xlsx	6444	no	第三方补充材料工作簿（xlsx），§1 第三方再分发一律 link_only 登记	05_external_public_datasets
analysis/t4_gse114905_20260925/lit/PMC6072132_full.xml	76202	no	第三方公开库原始下载件（§1：默认只登记 accession/URL/大小/哈希，不进仓库）	05_external_public_datasets
analysis/t4_gse114905_20260925/lit/epmc_30071116.json	10720	no	第三方公开库原始下载件（§1：默认只登记 accession/URL/大小/哈希，不进仓库）	05_external_public_datasets
analysis/t4_gse114905_20260925/lit/fetch_summary.json	332	no	第三方公开库原始下载件（§1：默认只登记 accession/URL/大小/哈希，不进仓库）	05_external_public_datasets
analysis/t4_p83_stability_20260925/vp24_AP83.pdb	140640	pending	Methods 所述 pilot MD 的 P83S 突变体坐标；是否入库由 root 定	03_primary_structure_and_interface
analysis/t4_p83_stability_20260925/vp24_WT.pdb	140804	pending	Methods 所述 pilot MD 的 WT 输入坐标（结果自述为 uninformative）；是否入库由 root 定	03_primary_structure_and_interface
analysis/t4_vp24_openmm_20260925/BDBV_iface5_plus83/A.pdb	285206	pending	pilot MD 的体系/最小化中间坐标（9 个体系 x 4 态，约 11.8 MB）；Methods 声明其结果 uninformative，是否入库由 root 定	03_primary_structure_and_interface
analysis/t4_vp24_openmm_20260925/BDBV_iface5_plus83/B.pdb	220508	pending	pilot MD 的体系/最小化中间坐标（9 个体系 x 4 态，约 11.8 MB）；Methods 声明其结果 uninformative，是否入库由 root 定	03_primary_structure_and_interface
analysis/t4_vp24_openmm_20260925/BDBV_iface5_plus83/D.pdb	10	pending	pilot MD 的体系/最小化中间坐标（9 个体系 x 4 态，约 11.8 MB）；Methods 声明其结果 uninformative，是否入库由 root 定	03_primary_structure_and_interface
analysis/t4_vp24_openmm_20260925/BDBV_iface5_plus83/minimised.pdb	505803	pending	pilot MD 的体系/最小化中间坐标（9 个体系 x 4 态，约 11.8 MB）；Methods 声明其结果 uninformative，是否入库由 root 定	03_primary_structure_and_interface
analysis/t4_vp24_openmm_20260925/BDBV_iface5_plus83/mutant.pdb	248229	pending	pilot MD 的体系/最小化中间坐标（9 个体系 x 4 态，约 11.8 MB）；Methods 声明其结果 uninformative，是否入库由 root 定	03_primary_structure_and_interface
analysis/t4_vp24_openmm_20260925/BDBV_interface5/A.pdb	285452	pending	pilot MD 的体系/最小化中间坐标（9 个体系 x 4 态，约 11.8 MB）；Methods 声明其结果 uninformative，是否入库由 root 定	03_primary_structure_and_interface
analysis/t4_vp24_openmm_20260925/BDBV_interface5/B.pdb	220508	pending	pilot MD 的体系/最小化中间坐标（9 个体系 x 4 态，约 11.8 MB）；Methods 声明其结果 uninformative，是否入库由 root 定	03_primary_structure_and_interface
analysis/t4_vp24_openmm_20260925/BDBV_interface5/D.pdb	10	pending	pilot MD 的体系/最小化中间坐标（9 个体系 x 4 态，约 11.8 MB）；Methods 声明其结果 uninformative，是否入库由 root 定	03_primary_structure_and_interface
analysis/t4_vp24_openmm_20260925/BDBV_interface5/minimised.pdb	506049	pending	pilot MD 的体系/最小化中间坐标（9 个体系 x 4 态，约 11.8 MB）；Methods 声明其结果 uninformative，是否入库由 root 定	03_primary_structure_and_interface
analysis/t4_vp24_openmm_20260925/BDBV_interface5/mutant.pdb	248393	pending	pilot MD 的体系/最小化中间坐标（9 个体系 x 4 态，约 11.8 MB）；Methods 声明其结果 uninformative，是否入库由 root 定	03_primary_structure_and_interface
analysis/t4_vp24_openmm_20260925/DBG/A.pdb	285206	pending	pilot MD 的体系/最小化中间坐标（9 个体系 x 4 态，约 11.8 MB）；Methods 声明其结果 uninformative，是否入库由 root 定	03_primary_structure_and_interface
analysis/t4_vp24_openmm_20260925/DBG/D.pdb	10	pending	pilot MD 的体系/最小化中间坐标（9 个体系 x 4 态，约 11.8 MB）；Methods 声明其结果 uninformative，是否入库由 root 定	03_primary_structure_and_interface
analysis/t4_vp24_openmm_20260925/DBG/minimised.pdb	505803	pending	pilot MD 的体系/最小化中间坐标（9 个体系 x 4 态，约 11.8 MB）；Methods 声明其结果 uninformative，是否入库由 root 定	03_primary_structure_and_interface
analysis/t4_vp24_openmm_20260925/DBG/mutant.pdb	249623	pending	pilot MD 的体系/最小化中间坐标（9 个体系 x 4 态，约 11.8 MB）；Methods 声明其结果 uninformative，是否入库由 root 定	03_primary_structure_and_interface
analysis/t4_vp24_openmm_20260925/EBOV_4x_BDBVres/A.pdb	284140	pending	pilot MD 的体系/最小化中间坐标（9 个体系 x 4 态，约 11.8 MB）；Methods 声明其结果 uninformative，是否入库由 root 定	03_primary_structure_and_interface
analysis/t4_vp24_openmm_20260925/EBOV_4x_BDBVres/B.pdb	220508	pending	pilot MD 的体系/最小化中间坐标（9 个体系 x 4 态，约 11.8 MB）；Methods 声明其结果 uninformative，是否入库由 root 定	03_primary_structure_and_interface
analysis/t4_vp24_openmm_20260925/EBOV_4x_BDBVres/D.pdb	10	pending	pilot MD 的体系/最小化中间坐标（9 个体系 x 4 态，约 11.8 MB）；Methods 声明其结果 uninformative，是否入库由 root 定	03_primary_structure_and_interface
analysis/t4_vp24_openmm_20260925/EBOV_4x_BDBVres/minimised.pdb	504737	pending	pilot MD 的体系/最小化中间坐标（9 个体系 x 4 态，约 11.8 MB）；Methods 声明其结果 uninformative，是否入库由 root 定	03_primary_structure_and_interface
analysis/t4_vp24_openmm_20260925/EBOV_4x_BDBVres/mutant.pdb	248557	pending	pilot MD 的体系/最小化中间坐标（9 个体系 x 4 态，约 11.8 MB）；Methods 声明其结果 uninformative，是否入库由 root 定	03_primary_structure_and_interface
analysis/t4_vp24_openmm_20260925/EBOV_N135A/A.pdb	284878	pending	pilot MD 的体系/最小化中间坐标（9 个体系 x 4 态，约 11.8 MB）；Methods 声明其结果 uninformative，是否入库由 root 定	03_primary_structure_and_interface
analysis/t4_vp24_openmm_20260925/EBOV_N135A/B.pdb	220508	pending	pilot MD 的体系/最小化中间坐标（9 个体系 x 4 态，约 11.8 MB）；Methods 声明其结果 uninformative，是否入库由 root 定	03_primary_structure_and_interface
analysis/t4_vp24_openmm_20260925/EBOV_N135A/D.pdb	10	pending	pilot MD 的体系/最小化中间坐标（9 个体系 x 4 态，约 11.8 MB）；Methods 声明其结果 uninformative，是否入库由 root 定	03_primary_structure_and_interface
analysis/t4_vp24_openmm_20260925/EBOV_N135A/minimised.pdb	505475	pending	pilot MD 的体系/最小化中间坐标（9 个体系 x 4 态，约 11.8 MB）；Methods 声明其结果 uninformative，是否入库由 root 定	03_primary_structure_and_interface
analysis/t4_vp24_openmm_20260925/EBOV_N135A/mutant.pdb	249377	pending	pilot MD 的体系/最小化中间坐标（9 个体系 x 4 态，约 11.8 MB）；Methods 声明其结果 uninformative，是否入库由 root 定	03_primary_structure_and_interface
analysis/t4_vp24_openmm_20260925/EBOV_R140A/A.pdb	284058	pending	pilot MD 的体系/最小化中间坐标（9 个体系 x 4 态，约 11.8 MB）；Methods 声明其结果 uninformative，是否入库由 root 定	03_primary_structure_and_interface
analysis/t4_vp24_openmm_20260925/EBOV_R140A/B.pdb	220508	pending	pilot MD 的体系/最小化中间坐标（9 个体系 x 4 态，约 11.8 MB）；Methods 声明其结果 uninformative，是否入库由 root 定	03_primary_structure_and_interface
analysis/t4_vp24_openmm_20260925/EBOV_R140A/D.pdb	10	pending	pilot MD 的体系/最小化中间坐标（9 个体系 x 4 态，约 11.8 MB）；Methods 声明其结果 uninformative，是否入库由 root 定	03_primary_structure_and_interface
analysis/t4_vp24_openmm_20260925/EBOV_R140A/minimised.pdb	504655	pending	pilot MD 的体系/最小化中间坐标（9 个体系 x 4 态，约 11.8 MB）；Methods 声明其结果 uninformative，是否入库由 root 定	03_primary_structure_and_interface
analysis/t4_vp24_openmm_20260925/EBOV_R140A/mutant.pdb	249131	pending	pilot MD 的体系/最小化中间坐标（9 个体系 x 4 态，约 11.8 MB）；Methods 声明其结果 uninformative，是否入库由 root 定	03_primary_structure_and_interface
analysis/t4_vp24_openmm_20260925/RESTV_interface/A.pdb	284386	pending	pilot MD 的体系/最小化中间坐标（9 个体系 x 4 态，约 11.8 MB）；Methods 声明其结果 uninformative，是否入库由 root 定	03_primary_structure_and_interface
analysis/t4_vp24_openmm_20260925/RESTV_interface/B.pdb	220508	pending	pilot MD 的体系/最小化中间坐标（9 个体系 x 4 态，约 11.8 MB）；Methods 声明其结果 uninformative，是否入库由 root 定	03_primary_structure_and_interface
analysis/t4_vp24_openmm_20260925/RESTV_interface/D.pdb	10	pending	pilot MD 的体系/最小化中间坐标（9 个体系 x 4 态，约 11.8 MB）；Methods 声明其结果 uninformative，是否入库由 root 定	03_primary_structure_and_interface
analysis/t4_vp24_openmm_20260925/RESTV_interface/minimised.pdb	504983	pending	pilot MD 的体系/最小化中间坐标（9 个体系 x 4 态，约 11.8 MB）；Methods 声明其结果 uninformative，是否入库由 root 定	03_primary_structure_and_interface
analysis/t4_vp24_openmm_20260925/RESTV_interface/mutant.pdb	247327	pending	pilot MD 的体系/最小化中间坐标（9 个体系 x 4 态，约 11.8 MB）；Methods 声明其结果 uninformative，是否入库由 root 定	03_primary_structure_and_interface
analysis/t4_vp24_openmm_20260925/SUDV_interface/A.pdb	284878	pending	pilot MD 的体系/最小化中间坐标（9 个体系 x 4 态，约 11.8 MB）；Methods 声明其结果 uninformative，是否入库由 root 定	03_primary_structure_and_interface
analysis/t4_vp24_openmm_20260925/SUDV_interface/B.pdb	220508	pending	pilot MD 的体系/最小化中间坐标（9 个体系 x 4 态，约 11.8 MB）；Methods 声明其结果 uninformative，是否入库由 root 定	03_primary_structure_and_interface
analysis/t4_vp24_openmm_20260925/SUDV_interface/D.pdb	10	pending	pilot MD 的体系/最小化中间坐标（9 个体系 x 4 态，约 11.8 MB）；Methods 声明其结果 uninformative，是否入库由 root 定	03_primary_structure_and_interface
analysis/t4_vp24_openmm_20260925/SUDV_interface/minimised.pdb	505475	pending	pilot MD 的体系/最小化中间坐标（9 个体系 x 4 态，约 11.8 MB）；Methods 声明其结果 uninformative，是否入库由 root 定	03_primary_structure_and_interface
analysis/t4_vp24_openmm_20260925/SUDV_interface/mutant.pdb	247901	pending	pilot MD 的体系/最小化中间坐标（9 个体系 x 4 态，约 11.8 MB）；Methods 声明其结果 uninformative，是否入库由 root 定	03_primary_structure_and_interface
analysis/t4_vp24_openmm_20260925/TAFV_interface/mutant.pdb	247901	pending	pilot MD 的体系/最小化中间坐标（9 个体系 x 4 态，约 11.8 MB）；Methods 声明其结果 uninformative，是否入库由 root 定	03_primary_structure_and_interface
analysis/t4_vp24_openmm_20260925/WT.pdb	249623	pending	pilot MD 的体系/最小化中间坐标（9 个体系 x 4 态，约 11.8 MB）；Methods 声明其结果 uninformative，是否入库由 root 定	03_primary_structure_and_interface
analysis/t4_vp24_openmm_20260925/WT/A.pdb	285206	pending	pilot MD 的体系/最小化中间坐标（9 个体系 x 4 态，约 11.8 MB）；Methods 声明其结果 uninformative，是否入库由 root 定	03_primary_structure_and_interface
analysis/t4_vp24_openmm_20260925/WT/B.pdb	220508	pending	pilot MD 的体系/最小化中间坐标（9 个体系 x 4 态，约 11.8 MB）；Methods 声明其结果 uninformative，是否入库由 root 定	03_primary_structure_and_interface
analysis/t4_vp24_openmm_20260925/WT/D.pdb	10	pending	pilot MD 的体系/最小化中间坐标（9 个体系 x 4 态，约 11.8 MB）；Methods 声明其结果 uninformative，是否入库由 root 定	03_primary_structure_and_interface
analysis/t4_vp24_openmm_20260925/WT/minimised.pdb	505803	pending	pilot MD 的体系/最小化中间坐标（9 个体系 x 4 态，约 11.8 MB）；Methods 声明其结果 uninformative，是否入库由 root 定	03_primary_structure_and_interface
analysis/t4_vp24_openmm_20260925/WT/mutant.pdb	249623	pending	pilot MD 的体系/最小化中间坐标（9 个体系 x 4 态，约 11.8 MB）；Methods 声明其结果 uninformative，是否入库由 root 定	03_primary_structure_and_interface
analysis/t4_vp24_openmm_20260925/_wtest.pdb	505803	pending	pilot MD 的体系/最小化中间坐标（9 个体系 x 4 态，约 11.8 MB）；Methods 声明其结果 uninformative，是否入库由 root 定	03_primary_structure_and_interface
analysis/t4_vp24_openmm_20260925/complex_wt.pdb	249623	pending	pilot MD 的体系/最小化中间坐标（9 个体系 x 4 态，约 11.8 MB）；Methods 声明其结果 uninformative，是否入库由 root 定	03_primary_structure_and_interface
analysis/third_anchor_gse107549_20260926/FINDINGS.md	4744	no	叙述性分析记录/运行日志（方法、口径、结论留痕）；删除后仍可由脚本重算，非数值源数据，不入库	00_index_and_metadata
analysis/third_anchor_gse107549_20260926/raw/GPL10558.annot.gz	7290886	no	第三方公开库原始下载件（§1：默认只登记 accession/URL/大小/哈希，不进仓库）	05_external_public_datasets
analysis/third_anchor_gse107549_20260926/raw/GSE107549_non_normalized.txt.gz	15163073	no	第三方公开库原始下载件（§1：默认只登记 accession/URL/大小/哈希，不进仓库）	05_external_public_datasets
analysis/third_anchor_gse107549_20260926/raw/GSE107549_series_matrix.txt.gz	4130127	no	第三方公开库原始下载件（§1：默认只登记 accession/URL/大小/哈希，不进仓库）	05_external_public_datasets
analysis/third_anchor_gse107549_20260926/raw/filelist.txt	261	no	第三方公开库原始下载件（§1：默认只登记 accession/URL/大小/哈希，不进仓库）	05_external_public_datasets
analysis/vp24_census_main_20260925/raw/BDBV_vp24.fasta	10020	no	第三方公开库原始下载件（§1：默认只登记 accession/URL/大小/哈希，不进仓库）	02_primary_sequence_data
analysis/vp24_census_main_20260925/raw/BDBV_vp24_esearch.json	1079	no	第三方公开库原始下载件（§1：默认只登记 accession/URL/大小/哈希，不进仓库）	02_primary_sequence_data
analysis/vp24_census_main_20260925/raw/BOMV_vp24.fasta	3082	no	第三方公开库原始下载件（§1：默认只登记 accession/URL/大小/哈希，不进仓库）	02_primary_sequence_data
analysis/vp24_census_main_20260925/raw/BOMV_vp24_esearch.json	700	no	第三方公开库原始下载件（§1：默认只登记 accession/URL/大小/哈希，不进仓库）	02_primary_sequence_data
analysis/vp24_census_main_20260925/raw/EBOV_vp24.fasta	457257	no	第三方公开库原始下载件（§1：默认只登记 accession/URL/大小/哈希，不进仓库）	02_primary_sequence_data
analysis/vp24_census_main_20260925/raw/EBOV_vp24_esearch.json	25729	no	第三方公开库原始下载件（§1：默认只登记 accession/URL/大小/哈希，不进仓库）	02_primary_sequence_data
analysis/vp24_census_main_20260925/raw/LLOV_vp24.fasta	2164	no	第三方公开库原始下载件（§1：默认只登记 accession/URL/大小/哈希，不进仓库）	02_primary_sequence_data
analysis/vp24_census_main_20260925/raw/LLOV_vp24_esearch.json	668	no	第三方公开库原始下载件（§1：默认只登记 accession/URL/大小/哈希，不进仓库）	02_primary_sequence_data
analysis/vp24_census_main_20260925/raw/MARV_vp24.fasta	51372	no	第三方公开库原始下载件（§1：默认只登记 accession/URL/大小/哈希，不进仓库）	02_primary_sequence_data
analysis/vp24_census_main_20260925/raw/MARV_vp24_esearch.json	2943	no	第三方公开库原始下载件（§1：默认只登记 accession/URL/大小/哈希，不进仓库）	02_primary_sequence_data
analysis/vp24_census_main_20260925/raw/RESTV_vp24.fasta	8572	no	第三方公开库原始下载件（§1：默认只登记 accession/URL/大小/哈希，不进仓库）	02_primary_sequence_data
analysis/vp24_census_main_20260925/raw/RESTV_vp24_esearch.json	988	no	第三方公开库原始下载件（§1：默认只登记 accession/URL/大小/哈希，不进仓库）	02_primary_sequence_data
analysis/vp24_census_main_20260925/raw/SUDV_vp24.fasta	47497	no	第三方公开库原始下载件（§1：默认只登记 accession/URL/大小/哈希，不进仓库）	02_primary_sequence_data
analysis/vp24_census_main_20260925/raw/SUDV_vp24_esearch.json	3041	no	第三方公开库原始下载件（§1：默认只登记 accession/URL/大小/哈希，不进仓库）	02_primary_sequence_data
analysis/vp24_census_main_20260925/raw/TAFV_vp24.fasta	1290	no	第三方公开库原始下载件（§1：默认只登记 accession/URL/大小/哈希，不进仓库）	02_primary_sequence_data
analysis/vp24_census_main_20260925/raw/TAFV_vp24_esearch.json	625	no	第三方公开库原始下载件（§1：默认只登记 accession/URL/大小/哈希，不进仓库）	02_primary_sequence_data
analysis/vp24_census_main_20260925/raw/_stale_MARV_vp24.fasta	0	no	第三方公开库原始下载件（§1：默认只登记 accession/URL/大小/哈希，不进仓库）	02_primary_sequence_data
analysis/vp24_census_main_20260925/raw/_stale_MARV_vp24_esearch.json	402	no	第三方公开库原始下载件（§1：默认只登记 accession/URL/大小/哈希，不进仓库）	02_primary_sequence_data
analysis/vp24_census_main_20260925/raw/bdbv_complete_esearch.json	1598	no	第三方公开库原始下载件（§1：默认只登记 accession/URL/大小/哈希，不进仓库）	02_primary_sequence_data
analysis/vp24_census_main_20260925/raw/bdbv_complete_genomes.gb	1919983	no	第三方公开库原始下载件（§1：默认只登记 accession/URL/大小/哈希，不进仓库）	02_primary_sequence_data
analysis/vp24_census_main_20260925/raw/bdbv_nuccore.gb	1192861	no	第三方公开库原始下载件（§1：默认只登记 accession/URL/大小/哈希，不进仓库）	02_primary_sequence_data
analysis/vp24_census_main_20260925/raw/bdbv_nuccore_esearch.json	1078	no	第三方公开库原始下载件（§1：默认只登记 accession/URL/大小/哈希，不进仓库）	02_primary_sequence_data
analysis/vp24_census_main_20260925/raw/bdbv_protein.gb	99136	no	第三方公开库原始下载件（§1：默认只登记 accession/URL/大小/哈希，不进仓库）	02_primary_sequence_data
analysis/vp24_census_main_20260925/raw/bdbv_protein_esearch.json	1079	no	第三方公开库原始下载件（§1：默认只登记 accession/URL/大小/哈希，不进仓库）	02_primary_sequence_data
analysis/w14_organ_20260924/expanded_panel_note.txt	423	no	叙述性分析记录/运行日志（方法、口径、结论留痕）；删除后仍可由脚本重算，非数值源数据，不入库	00_index_and_metadata
analysis/w14_organ_20260924/fixedeffects_joint_model.txt	259	no	叙述性分析记录/运行日志（方法、口径、结论留痕）；删除后仍可由脚本重算，非数值源数据，不入库	00_index_and_metadata
analysis/w14_organ_20260924/regression_summary.txt	1094	no	叙述性分析记录/运行日志（方法、口径、结论留痕）；删除后仍可由脚本重算，非数值源数据，不入库	00_index_and_metadata
data/hpa/rna_celline.tsv	1069805463	no	HPA 官方下载件（单细胞类型参考表/细胞系表及其 zip，最大 1.0 GB）；§1 第三方原件一律 link_only 登记，不入库	04_host_reference_and_atlas
data/hpa/rna_celline.tsv.zip	205861141	no	HPA 官方下载件（单细胞类型参考表/细胞系表及其 zip，最大 1.0 GB）；§1 第三方原件一律 link_only 登记，不入库	04_host_reference_and_atlas
data/hpa/rna_single_cell_type.tsv	148795332	no	HPA 官方下载件（单细胞类型参考表/细胞系表及其 zip，最大 1.0 GB）；§1 第三方原件一律 link_only 登记，不入库	04_host_reference_and_atlas
data/hpa/rna_single_cell_type.tsv.zip	16346850	no	HPA 官方下载件（单细胞类型参考表/细胞系表及其 zip，最大 1.0 GB）；§1 第三方原件一律 link_only 登记，不入库	04_host_reference_and_atlas
data/structures/1K9J.cif	315529	no	实验结构文件，但 v13 正文/图注/方法仅引用 4U2X；本件未被 v13 引用，按 §1（未引用资产）不入库，仅登记 PDB ID	03_primary_structure_and_interface
data/structures/1SL5.cif	212358	no	实验结构文件，但 v13 正文/图注/方法仅引用 4U2X；本件未被 v13 引用，按 §1（未引用资产）不入库，仅登记 PDB ID	03_primary_structure_and_interface
data/structures/1SL6.cif	1026281	no	实验结构文件，但 v13 正文/图注/方法仅引用 4U2X；本件未被 v13 引用，按 §1（未引用资产）不入库，仅登记 PDB ID	03_primary_structure_and_interface
data/structures/2IT5.cif	195393	no	实验结构文件，但 v13 正文/图注/方法仅引用 4U2X；本件未被 v13 引用，按 §1（未引用资产）不入库，仅登记 PDB ID	03_primary_structure_and_interface
data/structures/2KQ0.cif	1379486	no	实验结构文件，但 v13 正文/图注/方法仅引用 4U2X；本件未被 v13 引用，按 §1（未引用资产）不入库，仅登记 PDB ID	03_primary_structure_and_interface
data/structures/3L25.cif	602469	no	实验结构文件，但 v13 正文/图注/方法仅引用 4U2X；本件未被 v13 引用，按 §1（未引用资产）不入库，仅登记 PDB ID	03_primary_structure_and_interface
data/structures/4EJE.cif	308440	no	实验结构文件，但 v13 正文/图注/方法仅引用 4U2X；本件未被 v13 引用，按 §1（未引用资产）不入库，仅登记 PDB ID	03_primary_structure_and_interface
data/structures/4YPI.cif	2239554	no	实验结构文件，但 v13 正文/图注/方法仅引用 4U2X；本件未被 v13 引用，按 §1（未引用资产）不入库，仅登记 PDB ID	03_primary_structure_and_interface
data/structures/5F1B.cif	804430	no	实验结构文件，但 v13 正文/图注/方法仅引用 4U2X；本件未被 v13 引用，按 §1（未引用资产）不入库，仅登记 PDB ID	03_primary_structure_and_interface
data/structures/5F70.cif	226196	no	实验结构文件，但 v13 正文/图注/方法仅引用 4U2X；本件未被 v13 引用，按 §1（未引用资产）不入库，仅登记 PDB ID	03_primary_structure_and_interface
data/structures/5JNX.cif	2287973	no	实验结构文件，但 v13 正文/图注/方法仅引用 4U2X；本件未被 v13 引用，按 §1（未引用资产）不入库，仅登记 PDB ID	03_primary_structure_and_interface
data/structures/5JQ3.cif	674342	no	实验结构文件，但 v13 正文/图注/方法仅引用 4U2X；本件未被 v13 引用，按 §1（未引用资产）不入库，仅登记 PDB ID	03_primary_structure_and_interface
data/structures/6E5X.cif	203651	no	实验结构文件，但 v13 正文/图注/方法仅引用 4U2X；本件未被 v13 引用，按 §1（未引用资产）不入库，仅登记 PDB ID	03_primary_structure_and_interface
data/同源建模/L.zip	7051358	no	SWISS-MODEL 同源建模、模板与 web 资源；v13 结构分析仅用实验结构 4U2X，属 §1 超范围	08_out_of_scope_and_superseded
data/同源建模/NP.zip	2815795	no	SWISS-MODEL 同源建模、模板与 web 资源；v13 结构分析仅用实验结构 4U2X，属 §1 超范围	08_out_of_scope_and_superseded
data/同源建模/VP24.zip	1475081	no	SWISS-MODEL 同源建模、模板与 web 资源；v13 结构分析仅用实验结构 4U2X，属 §1 超范围	08_out_of_scope_and_superseded
data/同源建模/VP30.zip	2029098	no	SWISS-MODEL 同源建模、模板与 web 资源；v13 结构分析仅用实验结构 4U2X，属 §1 超范围	08_out_of_scope_and_superseded
data/同源建模/VP35.zip	1274302	no	SWISS-MODEL 同源建模、模板与 web 资源；v13 结构分析仅用实验结构 4U2X，属 §1 超范围	08_out_of_scope_and_superseded
data/同源建模/VP35__ (1).zip	1449308	no	SWISS-MODEL 同源建模、模板与 web 资源；v13 结构分析仅用实验结构 4U2X，属 §1 超范围	08_out_of_scope_and_superseded
data/同源建模/VP35__.zip	2725526	no	SWISS-MODEL 同源建模、模板与 web 资源；v13 结构分析仅用实验结构 4U2X，属 §1 超范围	08_out_of_scope_and_superseded
data/同源建模/VP35__6GBO.zip	919685	no	SWISS-MODEL 同源建模、模板与 web 资源；v13 结构分析仅用实验结构 4U2X，属 §1 超范围	08_out_of_scope_and_superseded
data/同源建模/VP35__6GBO1.zip	1819544	no	SWISS-MODEL 同源建模、模板与 web 资源；v13 结构分析仅用实验结构 4U2X，属 §1 超范围	08_out_of_scope_and_superseded
data/同源建模/VP35__6GBO2.zip	1822328	no	SWISS-MODEL 同源建模、模板与 web 资源；v13 结构分析仅用实验结构 4U2X，属 §1 超范围	08_out_of_scope_and_superseded
data/同源建模/curated/NP/model.pdb	255280	no	SWISS-MODEL 同源建模、模板与 web 资源；v13 结构分析仅用实验结构 4U2X，属 §1 超范围	08_out_of_scope_and_superseded
data/同源建模/curated/NP/model_metadata.json	1268	no	SWISS-MODEL 同源建模、模板与 web 资源；v13 结构分析仅用实验结构 4U2X，属 §1 超范围	08_out_of_scope_and_superseded
data/同源建模/curated/NP/target_sequence.fasta	779	no	SWISS-MODEL 同源建模、模板与 web 资源；v13 结构分析仅用实验结构 4U2X，属 §1 超范围	08_out_of_scope_and_superseded
data/同源建模/curated/README.md	1663	no	SWISS-MODEL 同源建模、模板与 web 资源；v13 结构分析仅用实验结构 4U2X，属 §1 超范围	08_out_of_scope_and_superseded
data/同源建模/curated/VP24/model.pdb	290971	no	SWISS-MODEL 同源建模、模板与 web 资源；v13 结构分析仅用实验结构 4U2X，属 §1 超范围	08_out_of_scope_and_superseded
data/同源建模/curated/VP24/model_metadata.json	1322	no	SWISS-MODEL 同源建模、模板与 web 资源；v13 结构分析仅用实验结构 4U2X，属 §1 超范围	08_out_of_scope_and_superseded
data/同源建模/curated/VP24/target_sequence.fasta	291	no	SWISS-MODEL 同源建模、模板与 web 资源；v13 结构分析仅用实验结构 4U2X，属 §1 超范围	08_out_of_scope_and_superseded
data/同源建模/curated/VP30/model.pdb	177133	no	SWISS-MODEL 同源建模、模板与 web 资源；v13 结构分析仅用实验结构 4U2X，属 §1 超范围	08_out_of_scope_and_superseded
data/同源建模/curated/VP30/model_metadata.json	1303	no	SWISS-MODEL 同源建模、模板与 web 资源；v13 结构分析仅用实验结构 4U2X，属 §1 超范围	08_out_of_scope_and_superseded
data/同源建模/curated/VP30/target_sequence.fasta	328	no	SWISS-MODEL 同源建模、模板与 web 资源；v13 结构分析仅用实验结构 4U2X，属 §1 超范围	08_out_of_scope_and_superseded
data/同源建模/curated/VP35/model.pdb	169723	no	SWISS-MODEL 同源建模、模板与 web 资源；v13 结构分析仅用实验结构 4U2X，属 §1 超范围	08_out_of_scope_and_superseded
data/同源建模/curated/VP35/model_metadata.json	1278	no	SWISS-MODEL 同源建模、模板与 web 资源；v13 结构分析仅用实验结构 4U2X，属 §1 超范围	08_out_of_scope_and_superseded
data/同源建模/curated/VP35/target_sequence.fasta	380	no	SWISS-MODEL 同源建模、模板与 web 资源；v13 结构分析仅用实验结构 4U2X，属 §1 超范围	08_out_of_scope_and_superseded
data/同源建模/curated/VP35_oligo_6GBO_evaluation.json	1178	no	SWISS-MODEL 同源建模、模板与 web 资源；v13 结构分析仅用实验结构 4U2X，属 §1 超范围	08_out_of_scope_and_superseded
data/同源建模/curated/curated_manifest.json	6103	no	SWISS-MODEL 同源建模、模板与 web 资源；v13 结构分析仅用实验结构 4U2X，属 §1 超范围	08_out_of_scope_and_superseded
data/同源建模/curated/swissmodel_evaluation.json	20102	no	SWISS-MODEL 同源建模、模板与 web 资源；v13 结构分析仅用实验结构 4U2X，属 §1 超范围	08_out_of_scope_and_superseded
data/同源建模/curated/swissmodel_evaluation.tsv	1592	no	SWISS-MODEL 同源建模、模板与 web 资源；v13 结构分析仅用实验结构 4U2X，属 §1 超范围	08_out_of_scope_and_superseded
data/同源建模/input/BDBV_VP35_oligo_82-147_6GBO.fasta	153	no	SWISS-MODEL 同源建模、模板与 web 资源；v13 结构分析仅用实验结构 4U2X，属 §1 超范围	08_out_of_scope_and_superseded
data/同源建模/input/EBOV_VP35_oligo_81-146_6GBO.fasta	155	no	SWISS-MODEL 同源建模、模板与 web 资源；v13 结构分析仅用实验结构 4U2X，属 §1 超范围	08_out_of_scope_and_superseded
data/同源建模/swissmodel/L/models.html	410412	no	SWISS-MODEL 同源建模、模板与 web 资源；v13 结构分析仅用实验结构 4U2X，属 §1 超范围	08_out_of_scope_and_superseded
data/同源建模/swissmodel/L/models/01/01.png	123005	no	SWISS-MODEL 同源建模、模板与 web 资源；v13 结构分析仅用实验结构 4U2X，属 §1 超范围	08_out_of_scope_and_superseded
data/同源建模/swissmodel/L/models/01/coords.js	900581	no	SWISS-MODEL 同源建模、模板与 web 资源；v13 结构分析仅用实验结构 4U2X，属 §1 超范围	08_out_of_scope_and_superseded
data/同源建模/swissmodel/L/models/01/info.json	40242	no	SWISS-MODEL 同源建模、模板与 web 资源；v13 结构分析仅用实验结构 4U2X，属 §1 超范围	08_out_of_scope_and_superseded
data/同源建模/swissmodel/L/models/01/model.cif.gz	236209	no	SWISS-MODEL 同源建模、模板与 web 资源；v13 结构分析仅用实验结构 4U2X，属 §1 超范围	08_out_of_scope_and_superseded
data/同源建模/swissmodel/L/models/01/model.json	52419	no	SWISS-MODEL 同源建模、模板与 web 资源；v13 结构分析仅用实验结构 4U2X，属 §1 超范围	08_out_of_scope_and_superseded
data/同源建模/swissmodel/L/models/01/model.pdb	913241	no	SWISS-MODEL 同源建模、模板与 web 资源；v13 结构分析仅用实验结构 4U2X，属 §1 超范围	08_out_of_scope_and_superseded
data/同源建模/swissmodel/L/models/01/report.json	36701	no	SWISS-MODEL 同源建模、模板与 web 资源；v13 结构分析仅用实验结构 4U2X，属 §1 超范围	08_out_of_scope_and_superseded
data/同源建模/swissmodel/L/models/01/templates/8jsm.1.A.pdb.gz	197367	no	SWISS-MODEL 同源建模、模板与 web 资源；v13 结构分析仅用实验结构 4U2X，属 §1 超范围	08_out_of_scope_and_superseded
data/同源建模/swissmodel/L/models/02/02.png	115629	no	SWISS-MODEL 同源建模、模板与 web 资源；v13 结构分析仅用实验结构 4U2X，属 §1 超范围	08_out_of_scope_and_superseded
data/同源建模/swissmodel/L/models/02/coords.js	893210	no	SWISS-MODEL 同源建模、模板与 web 资源；v13 结构分析仅用实验结构 4U2X，属 §1 超范围	08_out_of_scope_and_superseded
data/同源建模/swissmodel/L/models/02/info.json	40084	no	SWISS-MODEL 同源建模、模板与 web 资源；v13 结构分析仅用实验结构 4U2X，属 §1 超范围	08_out_of_scope_and_superseded
data/同源建模/swissmodel/L/models/02/model.cif.gz	234237	no	SWISS-MODEL 同源建模、模板与 web 资源；v13 结构分析仅用实验结构 4U2X，属 §1 超范围	08_out_of_scope_and_superseded
data/同源建模/swissmodel/L/models/02/model.json	52410	no	SWISS-MODEL 同源建模、模板与 web 资源；v13 结构分析仅用实验结构 4U2X，属 §1 超范围	08_out_of_scope_and_superseded
data/同源建模/swissmodel/L/models/02/model.pdb	905870	no	SWISS-MODEL 同源建模、模板与 web 资源；v13 结构分析仅用实验结构 4U2X，属 §1 超范围	08_out_of_scope_and_superseded
data/同源建模/swissmodel/L/models/02/report.json	36552	no	SWISS-MODEL 同源建模、模板与 web 资源；v13 结构分析仅用实验结构 4U2X，属 §1 超范围	08_out_of_scope_and_superseded
data/同源建模/swissmodel/L/models/02/templates/7yes.1.A.pdb.gz	196231	no	SWISS-MODEL 同源建模、模板与 web 资源；v13 结构分析仅用实验结构 4U2X，属 §1 超范围	08_out_of_scope_and_superseded
data/同源建模/swissmodel/L/models/03/03.png	123005	no	SWISS-MODEL 同源建模、模板与 web 资源；v13 结构分析仅用实验结构 4U2X，属 §1 超范围	08_out_of_scope_and_superseded
data/同源建模/swissmodel/L/models/03/coords.js	900581	no	SWISS-MODEL 同源建模、模板与 web 资源；v13 结构分析仅用实验结构 4U2X，属 §1 超范围	08_out_of_scope_and_superseded
data/同源建模/swissmodel/L/models/03/info.json	40268	no	SWISS-MODEL 同源建模、模板与 web 资源；v13 结构分析仅用实验结构 4U2X，属 §1 超范围	08_out_of_scope_and_superseded
data/同源建模/swissmodel/L/models/03/model.cif.gz	236230	no	SWISS-MODEL 同源建模、模板与 web 资源；v13 结构分析仅用实验结构 4U2X，属 §1 超范围	08_out_of_scope_and_superseded
data/同源建模/swissmodel/L/models/03/model.json	52447	no	SWISS-MODEL 同源建模、模板与 web 资源；v13 结构分析仅用实验结构 4U2X，属 §1 超范围	08_out_of_scope_and_superseded
data/同源建模/swissmodel/L/models/03/model.pdb	913269	no	SWISS-MODEL 同源建模、模板与 web 资源；v13 结构分析仅用实验结构 4U2X，属 §1 超范围	08_out_of_scope_and_superseded
data/同源建模/swissmodel/L/models/03/report.json	36758	no	SWISS-MODEL 同源建模、模板与 web 资源；v13 结构分析仅用实验结构 4U2X，属 §1 超范围	08_out_of_scope_and_superseded
data/同源建模/swissmodel/L/models/03/templates/8jsm.1.A.pdb.gz	197367	no	SWISS-MODEL 同源建模、模板与 web 资源；v13 结构分析仅用实验结构 4U2X，属 §1 超范围	08_out_of_scope_and_superseded
data/同源建模/swissmodel/L/models/04/04.png	115618	no	SWISS-MODEL 同源建模、模板与 web 资源；v13 结构分析仅用实验结构 4U2X，属 §1 超范围	08_out_of_scope_and_superseded
data/同源建模/swissmodel/L/models/04/coords.js	893210	no	SWISS-MODEL 同源建模、模板与 web 资源；v13 结构分析仅用实验结构 4U2X，属 §1 超范围	08_out_of_scope_and_superseded
data/同源建模/swissmodel/L/models/04/info.json	40111	no	SWISS-MODEL 同源建模、模板与 web 资源；v13 结构分析仅用实验结构 4U2X，属 §1 超范围	08_out_of_scope_and_superseded
data/同源建模/swissmodel/L/models/04/model.cif.gz	234262	no	SWISS-MODEL 同源建模、模板与 web 资源；v13 结构分析仅用实验结构 4U2X，属 §1 超范围	08_out_of_scope_and_superseded
data/同源建模/swissmodel/L/models/04/model.json	52439	no	SWISS-MODEL 同源建模、模板与 web 资源；v13 结构分析仅用实验结构 4U2X，属 §1 超范围	08_out_of_scope_and_superseded
data/同源建模/swissmodel/L/models/04/model.pdb	905898	no	SWISS-MODEL 同源建模、模板与 web 资源；v13 结构分析仅用实验结构 4U2X，属 §1 超范围	08_out_of_scope_and_superseded
data/同源建模/swissmodel/L/models/04/report.json	36609	no	SWISS-MODEL 同源建模、模板与 web 资源；v13 结构分析仅用实验结构 4U2X，属 §1 超范围	08_out_of_scope_and_superseded
data/同源建模/swissmodel/L/models/04/templates/7yes.1.A.pdb.gz	196231	no	SWISS-MODEL 同源建模、模板与 web 资源；v13 结构分析仅用实验结构 4U2X，属 §1 超范围	08_out_of_scope_and_superseded
data/同源建模/swissmodel/L/models/05/05.png	123074	no	SWISS-MODEL 同源建模、模板与 web 资源；v13 结构分析仅用实验结构 4U2X，属 §1 超范围	08_out_of_scope_and_superseded
data/同源建模/swissmodel/L/models/05/coords.js	900176	no	SWISS-MODEL 同源建模、模板与 web 资源；v13 结构分析仅用实验结构 4U2X，属 §1 超范围	08_out_of_scope_and_superseded
data/同源建模/swissmodel/L/models/05/info.json	40252	no	SWISS-MODEL 同源建模、模板与 web 资源；v13 结构分析仅用实验结构 4U2X，属 §1 超范围	08_out_of_scope_and_superseded
data/同源建模/swissmodel/L/models/05/model.cif.gz	234946	no	SWISS-MODEL 同源建模、模板与 web 资源；v13 结构分析仅用实验结构 4U2X，属 §1 超范围	08_out_of_scope_and_superseded
data/同源建模/swissmodel/L/models/05/model.json	52587	no	SWISS-MODEL 同源建模、模板与 web 资源；v13 结构分析仅用实验结构 4U2X，属 §1 超范围	08_out_of_scope_and_superseded
data/同源建模/swissmodel/L/models/05/model.pdb	912826	no	SWISS-MODEL 同源建模、模板与 web 资源；v13 结构分析仅用实验结构 4U2X，属 §1 超范围	08_out_of_scope_and_superseded
data/同源建模/swissmodel/L/models/05/report.json	36760	no	SWISS-MODEL 同源建模、模板与 web 资源；v13 结构分析仅用实验结构 4U2X，属 §1 超范围	08_out_of_scope_and_superseded
data/同源建模/swissmodel/L/models/05/templates/9ip3.1.A.pdb.gz	223108	no	SWISS-MODEL 同源建模、模板与 web 资源；v13 结构分析仅用实验结构 4U2X，属 §1 超范围	08_out_of_scope_and_superseded
data/同源建模/swissmodel/L/models/06/06.png	123074	no	SWISS-MODEL 同源建模、模板与 web 资源；v13 结构分析仅用实验结构 4U2X，属 §1 超范围	08_out_of_scope_and_superseded
data/同源建模/swissmodel/L/models/06/coords.js	900176	no	SWISS-MODEL 同源建模、模板与 web 资源；v13 结构分析仅用实验结构 4U2X，属 §1 超范围	08_out_of_scope_and_superseded
data/同源建模/swissmodel/L/models/06/info.json	40252	no	SWISS-MODEL 同源建模、模板与 web 资源；v13 结构分析仅用实验结构 4U2X，属 §1 超范围	08_out_of_scope_and_superseded
data/同源建模/swissmodel/L/models/06/model.cif.gz	234956	no	SWISS-MODEL 同源建模、模板与 web 资源；v13 结构分析仅用实验结构 4U2X，属 §1 超范围	08_out_of_scope_and_superseded
data/同源建模/swissmodel/L/models/06/model.json	52585	no	SWISS-MODEL 同源建模、模板与 web 资源；v13 结构分析仅用实验结构 4U2X，属 §1 超范围	08_out_of_scope_and_superseded
data/同源建模/swissmodel/L/models/06/model.pdb	912828	no	SWISS-MODEL 同源建模、模板与 web 资源；v13 结构分析仅用实验结构 4U2X，属 §1 超范围	08_out_of_scope_and_superseded
data/同源建模/swissmodel/L/models/06/report.json	36797	no	SWISS-MODEL 同源建模、模板与 web 资源；v13 结构分析仅用实验结构 4U2X，属 §1 超范围	08_out_of_scope_and_superseded
data/同源建模/swissmodel/L/models/06/templates/9ip3.1.A.pdb.gz	223108	no	SWISS-MODEL 同源建模、模板与 web 资源；v13 结构分析仅用实验结构 4U2X，属 §1 超范围	08_out_of_scope_and_superseded
data/同源建模/swissmodel/L/report.html	148902	no	SWISS-MODEL 同源建模、模板与 web 资源；v13 结构分析仅用实验结构 4U2X，属 §1 超范围	08_out_of_scope_and_superseded
data/同源建模/swissmodel/L/templates.html	2396927	no	SWISS-MODEL 同源建模、模板与 web 资源；v13 结构分析仅用实验结构 4U2X，属 §1 超范围	08_out_of_scope_and_superseded
data/同源建模/swissmodel/L/templates.txt	41724	no	SWISS-MODEL 同源建模、模板与 web 资源；v13 结构分析仅用实验结构 4U2X，属 §1 超范围	08_out_of_scope_and_superseded
data/同源建模/swissmodel/NP/models.html	216140	no	SWISS-MODEL 同源建模、模板与 web 资源；v13 结构分析仅用实验结构 4U2X，属 §1 超范围	08_out_of_scope_and_superseded
data/同源建模/swissmodel/NP/models/01/01.png	81452	no	SWISS-MODEL 同源建模、模板与 web 资源；v13 结构分析仅用实验结构 4U2X，属 §1 超范围	08_out_of_scope_and_superseded
data/同源建模/swissmodel/NP/models/01/coords.js	257360	no	SWISS-MODEL 同源建模、模板与 web 资源；v13 结构分析仅用实验结构 4U2X，属 §1 超范围	08_out_of_scope_and_superseded
data/同源建模/swissmodel/NP/models/01/info.json	13587	no	SWISS-MODEL 同源建模、模板与 web 资源；v13 结构分析仅用实验结构 4U2X，属 §1 超范围	08_out_of_scope_and_superseded
data/同源建模/swissmodel/NP/models/01/model.cif.gz	73354	no	SWISS-MODEL 同源建模、模板与 web 资源；v13 结构分析仅用实验结构 4U2X，属 §1 超范围	08_out_of_scope_and_superseded
data/同源建模/swissmodel/NP/models/01/model.json	19445	no	SWISS-MODEL 同源建模、模板与 web 资源；v13 结构分析仅用实验结构 4U2X，属 §1 超范围	08_out_of_scope_and_superseded
data/同源建模/swissmodel/NP/models/01/model.pdb	266291	no	SWISS-MODEL 同源建模、模板与 web 资源；v13 结构分析仅用实验结构 4U2X，属 §1 超范围	08_out_of_scope_and_superseded
data/同源建模/swissmodel/NP/models/01/report.json	12518	no	SWISS-MODEL 同源建模、模板与 web 资源；v13 结构分析仅用实验结构 4U2X，属 §1 超范围	08_out_of_scope_and_superseded
data/同源建模/swissmodel/NP/models/01/templates/8usn.1.A.pdb.gz	29407	no	SWISS-MODEL 同源建模、模板与 web 资源；v13 结构分析仅用实验结构 4U2X，属 §1 超范围	08_out_of_scope_and_superseded
data/同源建模/swissmodel/NP/models/02/02.png	81452	no	SWISS-MODEL 同源建模、模板与 web 资源；v13 结构分析仅用实验结构 4U2X，属 §1 超范围	08_out_of_scope_and_superseded
data/同源建模/swissmodel/NP/models/02/coords.js	257360	no	SWISS-MODEL 同源建模、模板与 web 资源；v13 结构分析仅用实验结构 4U2X，属 §1 超范围	08_out_of_scope_and_superseded
data/同源建模/swissmodel/NP/models/02/info.json	13597	no	SWISS-MODEL 同源建模、模板与 web 资源；v13 结构分析仅用实验结构 4U2X，属 §1 超范围	08_out_of_scope_and_superseded
data/同源建模/swissmodel/NP/models/02/model.cif.gz	73364	no	SWISS-MODEL 同源建模、模板与 web 资源；v13 结构分析仅用实验结构 4U2X，属 §1 超范围	08_out_of_scope_and_superseded
data/同源建模/swissmodel/NP/models/02/model.json	19456	no	SWISS-MODEL 同源建模、模板与 web 资源；v13 结构分析仅用实验结构 4U2X，属 §1 超范围	08_out_of_scope_and_superseded
data/同源建模/swissmodel/NP/models/02/model.pdb	266303	no	SWISS-MODEL 同源建模、模板与 web 资源；v13 结构分析仅用实验结构 4U2X，属 §1 超范围	08_out_of_scope_and_superseded
data/同源建模/swissmodel/NP/models/02/report.json	12567	no	SWISS-MODEL 同源建模、模板与 web 资源；v13 结构分析仅用实验结构 4U2X，属 §1 超范围	08_out_of_scope_and_superseded
data/同源建模/swissmodel/NP/models/02/templates/8usn.1.A.pdb.gz	29407	no	SWISS-MODEL 同源建模、模板与 web 资源；v13 结构分析仅用实验结构 4U2X，属 §1 超范围	08_out_of_scope_and_superseded
data/同源建模/swissmodel/NP/models/03/03.png	75211	no	SWISS-MODEL 同源建模、模板与 web 资源；v13 结构分析仅用实验结构 4U2X，属 §1 超范围	08_out_of_scope_and_superseded
data/同源建模/swissmodel/NP/models/03/coords.js	248450	no	SWISS-MODEL 同源建模、模板与 web 资源；v13 结构分析仅用实验结构 4U2X，属 §1 超范围	08_out_of_scope_and_superseded
data/同源建模/swissmodel/NP/models/03/info.json	12641	no	SWISS-MODEL 同源建模、模板与 web 资源；v13 结构分析仅用实验结构 4U2X，属 §1 超范围	08_out_of_scope_and_superseded
data/同源建模/swissmodel/NP/models/03/model.cif.gz	70870	no	SWISS-MODEL 同源建模、模板与 web 资源；v13 结构分析仅用实验结构 4U2X，属 §1 超范围	08_out_of_scope_and_superseded
data/同源建模/swissmodel/NP/models/03/model.json	19078	no	SWISS-MODEL 同源建模、模板与 web 资源；v13 结构分析仅用实验结构 4U2X，属 §1 超范围	08_out_of_scope_and_superseded
data/同源建模/swissmodel/NP/models/03/model.pdb	256755	no	SWISS-MODEL 同源建模、模板与 web 资源；v13 结构分析仅用实验结构 4U2X，属 §1 超范围	08_out_of_scope_and_superseded
data/同源建模/swissmodel/NP/models/03/report.json	12552	no	SWISS-MODEL 同源建模、模板与 web 资源；v13 结构分析仅用实验结构 4U2X，属 §1 超范围	08_out_of_scope_and_superseded
data/同源建模/swissmodel/NP/models/03/templates/8y9j.1.A.pdb.gz	55613	no	SWISS-MODEL 同源建模、模板与 web 资源；v13 结构分析仅用实验结构 4U2X，属 §1 超范围	08_out_of_scope_and_superseded
data/同源建模/swissmodel/NP/models/04/04.png	87969	no	SWISS-MODEL 同源建模、模板与 web 资源；v13 结构分析仅用实验结构 4U2X，属 §1 超范围	08_out_of_scope_and_superseded
data/同源建模/swissmodel/NP/models/04/coords.js	246911	no	SWISS-MODEL 同源建模、模板与 web 资源；v13 结构分析仅用实验结构 4U2X，属 §1 超范围	08_out_of_scope_and_superseded
data/同源建模/swissmodel/NP/models/04/info.json	13078	no	SWISS-MODEL 同源建模、模板与 web 资源；v13 结构分析仅用实验结构 4U2X，属 §1 超范围	08_out_of_scope_and_superseded
data/同源建模/swissmodel/NP/models/04/model.cif.gz	70386	no	SWISS-MODEL 同源建模、模板与 web 资源；v13 结构分析仅用实验结构 4U2X，属 §1 超范围	08_out_of_scope_and_superseded
data/同源建模/swissmodel/NP/models/04/model.json	19497	no	SWISS-MODEL 同源建模、模板与 web 资源；v13 结构分析仅用实验结构 4U2X，属 §1 超范围	08_out_of_scope_and_superseded
data/同源建模/swissmodel/NP/models/04/model.pdb	255280	no	SWISS-MODEL 同源建模、模板与 web 资源；v13 结构分析仅用实验结构 4U2X，属 §1 超范围	08_out_of_scope_and_superseded
data/同源建模/swissmodel/NP/models/04/report.json	12523	no	SWISS-MODEL 同源建模、模板与 web 资源；v13 结构分析仅用实验结构 4U2X，属 §1 超范围	08_out_of_scope_and_superseded
data/同源建模/swissmodel/NP/models/04/templates/8ust.1.B.pdb.gz	29261	no	SWISS-MODEL 同源建模、模板与 web 资源；v13 结构分析仅用实验结构 4U2X，属 §1 超范围	08_out_of_scope_and_superseded
data/同源建模/swissmodel/NP/models/05/05.png	72175	no	SWISS-MODEL 同源建模、模板与 web 资源；v13 结构分析仅用实验结构 4U2X，属 §1 超范围	08_out_of_scope_and_superseded
data/同源建模/swissmodel/NP/models/05/coords.js	248045	no	SWISS-MODEL 同源建模、模板与 web 资源；v13 结构分析仅用实验结构 4U2X，属 §1 超范围	08_out_of_scope_and_superseded
data/同源建模/swissmodel/NP/models/05/info.json	12621	no	SWISS-MODEL 同源建模、模板与 web 资源；v13 结构分析仅用实验结构 4U2X，属 §1 超范围	08_out_of_scope_and_superseded
data/同源建模/swissmodel/NP/models/05/model.cif.gz	70797	no	SWISS-MODEL 同源建模、模板与 web 资源；v13 结构分析仅用实验结构 4U2X，属 §1 超范围	08_out_of_scope_and_superseded
data/同源建模/swissmodel/NP/models/05/model.json	19074	no	SWISS-MODEL 同源建模、模板与 web 资源；v13 结构分析仅用实验结构 4U2X，属 §1 超范围	08_out_of_scope_and_superseded
data/同源建模/swissmodel/NP/models/05/model.pdb	256350	no	SWISS-MODEL 同源建模、模板与 web 资源；v13 结构分析仅用实验结构 4U2X，属 §1 超范围	08_out_of_scope_and_superseded
data/同源建模/swissmodel/NP/models/05/report.json	12532	no	SWISS-MODEL 同源建模、模板与 web 资源；v13 结构分析仅用实验结构 4U2X，属 §1 超范围	08_out_of_scope_and_superseded
data/同源建模/swissmodel/NP/models/05/templates/8y9j.1.B.pdb.gz	55693	no	SWISS-MODEL 同源建模、模板与 web 资源；v13 结构分析仅用实验结构 4U2X，属 §1 超范围	08_out_of_scope_and_superseded
data/同源建模/swissmodel/NP/models/06/06.png	72158	no	SWISS-MODEL 同源建模、模板与 web 资源；v13 结构分析仅用实验结构 4U2X，属 §1 超范围	08_out_of_scope_and_superseded
data/同源建模/swissmodel/NP/models/06/coords.js	248045	no	SWISS-MODEL 同源建模、模板与 web 资源；v13 结构分析仅用实验结构 4U2X，属 §1 超范围	08_out_of_scope_and_superseded
data/同源建模/swissmodel/NP/models/06/info.json	12630	no	SWISS-MODEL 同源建模、模板与 web 资源；v13 结构分析仅用实验结构 4U2X，属 §1 超范围	08_out_of_scope_and_superseded
data/同源建模/swissmodel/NP/models/06/model.cif.gz	70808	no	SWISS-MODEL 同源建模、模板与 web 资源；v13 结构分析仅用实验结构 4U2X，属 §1 超范围	08_out_of_scope_and_superseded
data/同源建模/swissmodel/NP/models/06/model.json	19083	no	SWISS-MODEL 同源建模、模板与 web 资源；v13 结构分析仅用实验结构 4U2X，属 §1 超范围	08_out_of_scope_and_superseded
data/同源建模/swissmodel/NP/models/06/model.pdb	256362	no	SWISS-MODEL 同源建模、模板与 web 资源；v13 结构分析仅用实验结构 4U2X，属 §1 超范围	08_out_of_scope_and_superseded
data/同源建模/swissmodel/NP/models/06/report.json	12581	no	SWISS-MODEL 同源建模、模板与 web 资源；v13 结构分析仅用实验结构 4U2X，属 §1 超范围	08_out_of_scope_and_superseded
data/同源建模/swissmodel/NP/models/06/templates/8y9j.1.B.pdb.gz	55693	no	SWISS-MODEL 同源建模、模板与 web 资源；v13 结构分析仅用实验结构 4U2X，属 §1 超范围	08_out_of_scope_and_superseded
data/同源建模/swissmodel/NP/report.html	79216	no	SWISS-MODEL 同源建模、模板与 web 资源；v13 结构分析仅用实验结构 4U2X，属 §1 超范围	08_out_of_scope_and_superseded
data/同源建模/swissmodel/NP/templates.html	585056	no	SWISS-MODEL 同源建模、模板与 web 资源；v13 结构分析仅用实验结构 4U2X，属 §1 超范围	08_out_of_scope_and_superseded
data/同源建模/swissmodel/NP/templates.txt	23166	no	SWISS-MODEL 同源建模、模板与 web 资源；v13 结构分析仅用实验结构 4U2X，属 §1 超范围	08_out_of_scope_and_superseded
data/同源建模/swissmodel/VP24/models.html	91763	no	SWISS-MODEL 同源建模、模板与 web 资源；v13 结构分析仅用实验结构 4U2X，属 §1 超范围	08_out_of_scope_and_superseded
data/同源建模/swissmodel/VP24/models/01/01.png	64686	no	SWISS-MODEL 同源建模、模板与 web 资源；v13 结构分析仅用实验结构 4U2X，属 §1 超范围	08_out_of_scope_and_superseded
data/同源建模/swissmodel/VP24/models/01/coords.js	284009	no	SWISS-MODEL 同源建模、模板与 web 资源；v13 结构分析仅用实验结构 4U2X，属 §1 超范围	08_out_of_scope_and_superseded
data/同源建模/swissmodel/VP24/models/01/info.json	12249	no	SWISS-MODEL 同源建模、模板与 web 资源；v13 结构分析仅用实验结构 4U2X，属 §1 超范围	08_out_of_scope_and_superseded
data/同源建模/swissmodel/VP24/models/01/model.cif.gz	73556	no	SWISS-MODEL 同源建模、模板与 web 资源；v13 结构分析仅用实验结构 4U2X，属 §1 超范围	08_out_of_scope_and_superseded
data/同源建模/swissmodel/VP24/models/01/model.json	14482	no	SWISS-MODEL 同源建模、模板与 web 资源；v13 结构分析仅用实验结构 4U2X，属 §1 超范围	08_out_of_scope_and_superseded
data/同源建模/swissmodel/VP24/models/01/model.pdb	290971	no	SWISS-MODEL 同源建模、模板与 web 资源；v13 结构分析仅用实验结构 4U2X，属 §1 超范围	08_out_of_scope_and_superseded
data/同源建模/swissmodel/VP24/models/01/report.json	11195	no	SWISS-MODEL 同源建模、模板与 web 资源；v13 结构分析仅用实验结构 4U2X，属 §1 超范围	08_out_of_scope_and_superseded
data/同源建模/swissmodel/VP24/models/01/templates/4m0q.1.A.pdb.gz	36159	no	SWISS-MODEL 同源建模、模板与 web 资源；v13 结构分析仅用实验结构 4U2X，属 §1 超范围	08_out_of_scope_and_superseded
data/同源建模/swissmodel/VP24/models/02/02.png	64342	no	SWISS-MODEL 同源建模、模板与 web 资源；v13 结构分析仅用实验结构 4U2X，属 §1 超范围	08_out_of_scope_and_superseded
data/同源建模/swissmodel/VP24/models/02/coords.js	284009	no	SWISS-MODEL 同源建模、模板与 web 资源；v13 结构分析仅用实验结构 4U2X，属 §1 超范围	08_out_of_scope_and_superseded
data/同源建模/swissmodel/VP24/models/02/info.json	12240	no	SWISS-MODEL 同源建模、模板与 web 资源；v13 结构分析仅用实验结构 4U2X，属 §1 超范围	08_out_of_scope_and_superseded
data/同源建模/swissmodel/VP24/models/02/model.cif.gz	73555	no	SWISS-MODEL 同源建模、模板与 web 资源；v13 结构分析仅用实验结构 4U2X，属 §1 超范围	08_out_of_scope_and_superseded
data/同源建模/swissmodel/VP24/models/02/model.json	14482	no	SWISS-MODEL 同源建模、模板与 web 资源；v13 结构分析仅用实验结构 4U2X，属 §1 超范围	08_out_of_scope_and_superseded
data/同源建模/swissmodel/VP24/models/02/model.pdb	290971	no	SWISS-MODEL 同源建模、模板与 web 资源；v13 结构分析仅用实验结构 4U2X，属 §1 超范围	08_out_of_scope_and_superseded
data/同源建模/swissmodel/VP24/models/02/report.json	11189	no	SWISS-MODEL 同源建模、模板与 web 资源；v13 结构分析仅用实验结构 4U2X，属 §1 超范围	08_out_of_scope_and_superseded
data/同源建模/swissmodel/VP24/models/02/templates/4m0q.1.A.pdb.gz	36159	no	SWISS-MODEL 同源建模、模板与 web 资源；v13 结构分析仅用实验结构 4U2X，属 §1 超范围	08_out_of_scope_and_superseded
data/同源建模/swissmodel/VP24/report.html	32071	no	SWISS-MODEL 同源建模、模板与 web 资源；v13 结构分析仅用实验结构 4U2X，属 §1 超范围	08_out_of_scope_and_superseded
data/同源建模/swissmodel/VP24/templates.html	56139	no	SWISS-MODEL 同源建模、模板与 web 资源；v13 结构分析仅用实验结构 4U2X，属 §1 超范围	08_out_of_scope_and_superseded
data/同源建模/swissmodel/VP24/templates.txt	4035	no	SWISS-MODEL 同源建模、模板与 web 资源；v13 结构分析仅用实验结构 4U2X，属 §1 超范围	08_out_of_scope_and_superseded
data/同源建模/swissmodel/VP30/models.html	221858	no	SWISS-MODEL 同源建模、模板与 web 资源；v13 结构分析仅用实验结构 4U2X，属 §1 超范围	08_out_of_scope_and_superseded
data/同源建模/swissmodel/VP30/models/01/01.png	73215	no	SWISS-MODEL 同源建模、模板与 web 资源；v13 结构分析仅用实验结构 4U2X，属 §1 超范围	08_out_of_scope_and_superseded
data/同源建模/swissmodel/VP30/models/01/coords.js	166640	no	SWISS-MODEL 同源建模、模板与 web 资源；v13 结构分析仅用实验结构 4U2X，属 §1 超范围	08_out_of_scope_and_superseded
data/同源建模/swissmodel/VP30/models/01/info.json	10391	no	SWISS-MODEL 同源建模、模板与 web 资源；v13 结构分析仅用实验结构 4U2X，属 §1 超范围	08_out_of_scope_and_superseded
data/同源建模/swissmodel/VP30/models/01/model.cif.gz	47306	no	SWISS-MODEL 同源建模、模板与 web 资源；v13 结构分析仅用实验结构 4U2X，属 §1 超范围	08_out_of_scope_and_superseded
data/同源建模/swissmodel/VP30/models/01/model.json	16400	no	SWISS-MODEL 同源建模、模板与 web 资源；v13 结构分析仅用实验结构 4U2X，属 §1 超范围	08_out_of_scope_and_superseded
data/同源建模/swissmodel/VP30/models/01/model.pdb	173678	no	SWISS-MODEL 同源建模、模板与 web 资源；v13 结构分析仅用实验结构 4U2X，属 §1 超范围	08_out_of_scope_and_superseded
data/同源建模/swissmodel/VP30/models/01/report.json	9059	no	SWISS-MODEL 同源建模、模板与 web 资源；v13 结构分析仅用实验结构 4U2X，属 §1 超范围	08_out_of_scope_and_superseded
data/同源建模/swissmodel/VP30/models/01/templates/5dvw.1.A.pdb.gz	20224	no	SWISS-MODEL 同源建模、模板与 web 资源；v13 结构分析仅用实验结构 4U2X，属 §1 超范围	08_out_of_scope_and_superseded
data/同源建模/swissmodel/VP30/models/02/02.png	66403	no	SWISS-MODEL 同源建模、模板与 web 资源；v13 结构分析仅用实验结构 4U2X，属 §1 超范围	08_out_of_scope_and_superseded
data/同源建模/swissmodel/VP30/models/02/coords.js	169691	no	SWISS-MODEL 同源建模、模板与 web 资源；v13 结构分析仅用实验结构 4U2X，属 §1 超范围	08_out_of_scope_and_superseded
data/同源建模/swissmodel/VP30/models/02/info.json	15183	no	SWISS-MODEL 同源建模、模板与 web 资源；v13 结构分析仅用实验结构 4U2X，属 §1 超范围	08_out_of_scope_and_superseded
data/同源建模/swissmodel/VP30/models/02/model.cif.gz	48354	no	SWISS-MODEL 同源建模、模板与 web 资源；v13 结构分析仅用实验结构 4U2X，属 §1 超范围	08_out_of_scope_and_superseded
data/同源建模/swissmodel/VP30/models/02/model.json	16707	no	SWISS-MODEL 同源建模、模板与 web 资源；v13 结构分析仅用实验结构 4U2X，属 §1 超范围	08_out_of_scope_and_superseded
data/同源建模/swissmodel/VP30/models/02/model.pdb	177131	no	SWISS-MODEL 同源建模、模板与 web 资源；v13 结构分析仅用实验结构 4U2X，属 §1 超范围	08_out_of_scope_and_superseded
data/同源建模/swissmodel/VP30/models/02/report.json	9004	no	SWISS-MODEL 同源建模、模板与 web 资源；v13 结构分析仅用实验结构 4U2X，属 §1 超范围	08_out_of_scope_and_superseded
data/同源建模/swissmodel/VP30/models/02/templates/9jqk.1.A.pdb.gz	20646	no	SWISS-MODEL 同源建模、模板与 web 资源；v13 结构分析仅用实验结构 4U2X，属 §1 超范围	08_out_of_scope_and_superseded
data/同源建模/swissmodel/VP30/models/03/03.png	66403	no	SWISS-MODEL 同源建模、模板与 web 资源；v13 结构分析仅用实验结构 4U2X，属 §1 超范围	08_out_of_scope_and_superseded
data/同源建模/swissmodel/VP30/models/03/coords.js	169691	no	SWISS-MODEL 同源建模、模板与 web 资源；v13 结构分析仅用实验结构 4U2X，属 §1 超范围	08_out_of_scope_and_superseded
data/同源建模/swissmodel/VP30/models/03/info.json	15184	no	SWISS-MODEL 同源建模、模板与 web 资源；v13 结构分析仅用实验结构 4U2X，属 §1 超范围	08_out_of_scope_and_superseded
data/同源建模/swissmodel/VP30/models/03/model.cif.gz	48361	no	SWISS-MODEL 同源建模、模板与 web 资源；v13 结构分析仅用实验结构 4U2X，属 §1 超范围	08_out_of_scope_and_superseded
data/同源建模/swissmodel/VP30/models/03/model.json	16712	no	SWISS-MODEL 同源建模、模板与 web 资源；v13 结构分析仅用实验结构 4U2X，属 §1 超范围	08_out_of_scope_and_superseded
data/同源建模/swissmodel/VP30/models/03/model.pdb	177133	no	SWISS-MODEL 同源建模、模板与 web 资源；v13 结构分析仅用实验结构 4U2X，属 §1 超范围	08_out_of_scope_and_superseded
data/同源建模/swissmodel/VP30/models/03/report.json	9034	no	SWISS-MODEL 同源建模、模板与 web 资源；v13 结构分析仅用实验结构 4U2X，属 §1 超范围	08_out_of_scope_and_superseded
data/同源建模/swissmodel/VP30/models/03/templates/9jqk.1.A.pdb.gz	20646	no	SWISS-MODEL 同源建模、模板与 web 资源；v13 结构分析仅用实验结构 4U2X，属 §1 超范围	08_out_of_scope_and_superseded
data/同源建模/swissmodel/VP30/models/04/04.png	95472	no	SWISS-MODEL 同源建模、模板与 web 资源；v13 结构分析仅用实验结构 4U2X，属 §1 超范围	08_out_of_scope_and_superseded
data/同源建模/swissmodel/VP30/models/04/coords.js	162995	no	SWISS-MODEL 同源建模、模板与 web 资源；v13 结构分析仅用实验结构 4U2X，属 §1 超范围	08_out_of_scope_and_superseded
data/同源建模/swissmodel/VP30/models/04/info.json	10972	no	SWISS-MODEL 同源建模、模板与 web 资源；v13 结构分析仅用实验结构 4U2X，属 §1 超范围	08_out_of_scope_and_superseded
data/同源建模/swissmodel/VP30/models/04/model.cif.gz	46729	no	SWISS-MODEL 同源建模、模板与 web 资源；v13 结构分析仅用实验结构 4U2X，属 §1 超范围	08_out_of_scope_and_superseded
data/同源建模/swissmodel/VP30/models/04/model.json	16765	no	SWISS-MODEL 同源建模、模板与 web 资源；v13 结构分析仅用实验结构 4U2X，属 §1 超范围	08_out_of_scope_and_superseded
data/同源建模/swissmodel/VP30/models/04/model.pdb	170034	no	SWISS-MODEL 同源建模、模板与 web 资源；v13 结构分析仅用实验结构 4U2X，属 §1 超范围	08_out_of_scope_and_superseded
data/同源建模/swissmodel/VP30/models/04/report.json	9027	no	SWISS-MODEL 同源建模、模板与 web 资源；v13 结构分析仅用实验结构 4U2X，属 §1 超范围	08_out_of_scope_and_superseded
data/同源建模/swissmodel/VP30/models/04/templates/5t3t.1.A.pdb.gz	22394	no	SWISS-MODEL 同源建模、模板与 web 资源；v13 结构分析仅用实验结构 4U2X，属 §1 超范围	08_out_of_scope_and_superseded
data/同源建模/swissmodel/VP30/models/05/05.png	90846	no	SWISS-MODEL 同源建模、模板与 web 资源；v13 结构分析仅用实验结构 4U2X，属 §1 超范围	08_out_of_scope_and_superseded
data/同源建模/swissmodel/VP30/models/05/coords.js	161537	no	SWISS-MODEL 同源建模、模板与 web 资源；v13 结构分析仅用实验结构 4U2X，属 §1 超范围	08_out_of_scope_and_superseded
data/同源建模/swissmodel/VP30/models/05/info.json	10258	no	SWISS-MODEL 同源建模、模板与 web 资源；v13 结构分析仅用实验结构 4U2X，属 §1 超范围	08_out_of_scope_and_superseded
data/同源建模/swissmodel/VP30/models/05/model.cif.gz	46786	no	SWISS-MODEL 同源建模、模板与 web 资源；v13 结构分析仅用实验结构 4U2X，属 §1 超范围	08_out_of_scope_and_superseded
data/同源建模/swissmodel/VP30/models/05/model.json	16376	no	SWISS-MODEL 同源建模、模板与 web 资源；v13 结构分析仅用实验结构 4U2X，属 §1 超范围	08_out_of_scope_and_superseded
data/同源建模/swissmodel/VP30/models/05/model.pdb	168575	no	SWISS-MODEL 同源建模、模板与 web 资源；v13 结构分析仅用实验结构 4U2X，属 §1 超范围	08_out_of_scope_and_superseded
data/同源建模/swissmodel/VP30/models/05/report.json	8927	no	SWISS-MODEL 同源建模、模板与 web 资源；v13 结构分析仅用实验结构 4U2X，属 §1 超范围	08_out_of_scope_and_superseded
data/同源建模/swissmodel/VP30/models/05/templates/5dvw.2.A.pdb.gz	20148	no	SWISS-MODEL 同源建模、模板与 web 资源；v13 结构分析仅用实验结构 4U2X，属 §1 超范围	08_out_of_scope_and_superseded
data/同源建模/swissmodel/VP30/report.html	59657	no	SWISS-MODEL 同源建模、模板与 web 资源；v13 结构分析仅用实验结构 4U2X，属 §1 超范围	08_out_of_scope_and_superseded
data/同源建模/swissmodel/VP30/templates.html	77701	no	SWISS-MODEL 同源建模、模板与 web 资源；v13 结构分析仅用实验结构 4U2X，属 §1 超范围	08_out_of_scope_and_superseded
data/同源建模/swissmodel/VP30/templates.txt	4948	no	SWISS-MODEL 同源建模、模板与 web 资源；v13 结构分析仅用实验结构 4U2X，属 §1 超范围	08_out_of_scope_and_superseded
data/同源建模/swissmodel/VP35/models.html	70112	no	SWISS-MODEL 同源建模、模板与 web 资源；v13 结构分析仅用实验结构 4U2X，属 §1 超范围	08_out_of_scope_and_superseded
data/同源建模/swissmodel/VP35/models/01/01.png	18350	no	SWISS-MODEL 同源建模、模板与 web 资源；v13 结构分析仅用实验结构 4U2X，属 §1 超范围	08_out_of_scope_and_superseded
data/同源建模/swissmodel/VP35/models/01/coords.js	162509	no	SWISS-MODEL 同源建模、模板与 web 资源；v13 结构分析仅用实验结构 4U2X，属 §1 超范围	08_out_of_scope_and_superseded
data/同源建模/swissmodel/VP35/models/01/info.json	8241	no	SWISS-MODEL 同源建模、模板与 web 资源；v13 结构分析仅用实验结构 4U2X，属 §1 超范围	08_out_of_scope_and_superseded
data/同源建模/swissmodel/VP35/models/01/model.cif.gz	47271	no	SWISS-MODEL 同源建模、模板与 web 资源；v13 结构分析仅用实验结构 4U2X，属 §1 超范围	08_out_of_scope_and_superseded
data/同源建模/swissmodel/VP35/models/01/model.json	10477	no	SWISS-MODEL 同源建模、模板与 web 资源；v13 结构分析仅用实验结构 4U2X，属 §1 超范围	08_out_of_scope_and_superseded
data/同源建模/swissmodel/VP35/models/01/model.pdb	169723	no	SWISS-MODEL 同源建模、模板与 web 资源；v13 结构分析仅用实验结构 4U2X，属 §1 超范围	08_out_of_scope_and_superseded
data/同源建模/swissmodel/VP35/models/01/report.json	8004	no	SWISS-MODEL 同源建模、模板与 web 资源；v13 结构分析仅用实验结构 4U2X，属 §1 超范围	08_out_of_scope_and_superseded
data/同源建模/swissmodel/VP35/models/01/templates/7yes.1.B.pdb.gz	36455	no	SWISS-MODEL 同源建模、模板与 web 资源；v13 结构分析仅用实验结构 4U2X，属 §1 超范围	08_out_of_scope_and_superseded
data/同源建模/swissmodel/VP35/report.html	63989	no	SWISS-MODEL 同源建模、模板与 web 资源；v13 结构分析仅用实验结构 4U2X，属 §1 超范围	08_out_of_scope_and_superseded
data/同源建模/swissmodel/VP35/templates.html	1952511	no	SWISS-MODEL 同源建模、模板与 web 资源；v13 结构分析仅用实验结构 4U2X，属 §1 超范围	08_out_of_scope_and_superseded
data/同源建模/swissmodel/VP35/templates.txt	449768	no	SWISS-MODEL 同源建模、模板与 web 资源；v13 结构分析仅用实验结构 4U2X，属 §1 超范围	08_out_of_scope_and_superseded
data/同源建模/swissmodel/VP35__/models.html	65460	no	SWISS-MODEL 同源建模、模板与 web 资源；v13 结构分析仅用实验结构 4U2X，属 §1 超范围	08_out_of_scope_and_superseded
data/同源建模/swissmodel/VP35__/models/01/01.png	17322	no	SWISS-MODEL 同源建模、模板与 web 资源；v13 结构分析仅用实验结构 4U2X，属 §1 超范围	08_out_of_scope_and_superseded
data/同源建模/swissmodel/VP35__/models/01/01_1.png	17322	no	SWISS-MODEL 同源建模、模板与 web 资源；v13 结构分析仅用实验结构 4U2X，属 §1 超范围	08_out_of_scope_and_superseded
data/同源建模/swissmodel/VP35__/models/01/coords.js	41414	no	SWISS-MODEL 同源建模、模板与 web 资源；v13 结构分析仅用实验结构 4U2X，属 §1 超范围	08_out_of_scope_and_superseded
data/同源建模/swissmodel/VP35__/models/01/coords_1.js	41414	no	SWISS-MODEL 同源建模、模板与 web 资源；v13 结构分析仅用实验结构 4U2X，属 §1 超范围	08_out_of_scope_and_superseded
data/同源建模/swissmodel/VP35__/models/01/info.json	3395	no	SWISS-MODEL 同源建模、模板与 web 资源；v13 结构分析仅用实验结构 4U2X，属 §1 超范围	08_out_of_scope_and_superseded
data/同源建模/swissmodel/VP35__/models/01/info_1.json	3395	no	SWISS-MODEL 同源建模、模板与 web 资源；v13 结构分析仅用实验结构 4U2X，属 §1 超范围	08_out_of_scope_and_superseded
data/同源建模/swissmodel/VP35__/models/01/model.cif.gz	25091	no	SWISS-MODEL 同源建模、模板与 web 资源；v13 结构分析仅用实验结构 4U2X，属 §1 超范围	08_out_of_scope_and_superseded
data/同源建模/swissmodel/VP35__/models/01/model.cif_1.gz	25091	no	SWISS-MODEL 同源建模、模板与 web 资源；v13 结构分析仅用实验结构 4U2X，属 §1 超范围	08_out_of_scope_and_superseded
data/同源建模/swissmodel/VP35__/models/01/model.json	3913	no	SWISS-MODEL 同源建模、模板与 web 资源；v13 结构分析仅用实验结构 4U2X，属 §1 超范围	08_out_of_scope_and_superseded
data/同源建模/swissmodel/VP35__/models/01/model.pdb	47871	no	SWISS-MODEL 同源建模、模板与 web 资源；v13 结构分析仅用实验结构 4U2X，属 §1 超范围	08_out_of_scope_and_superseded
data/同源建模/swissmodel/VP35__/models/01/model_1.json	3913	no	SWISS-MODEL 同源建模、模板与 web 资源；v13 结构分析仅用实验结构 4U2X，属 §1 超范围	08_out_of_scope_and_superseded
data/同源建模/swissmodel/VP35__/models/01/model_1.pdb	47871	no	SWISS-MODEL 同源建模、模板与 web 资源；v13 结构分析仅用实验结构 4U2X，属 §1 超范围	08_out_of_scope_and_superseded
data/同源建模/swissmodel/VP35__/models/01/report.json	3323	no	SWISS-MODEL 同源建模、模板与 web 资源；v13 结构分析仅用实验结构 4U2X，属 §1 超范围	08_out_of_scope_and_superseded
data/同源建模/swissmodel/VP35__/models/01/report_1.json	3323	no	SWISS-MODEL 同源建模、模板与 web 资源；v13 结构分析仅用实验结构 4U2X，属 §1 超范围	08_out_of_scope_and_superseded
data/同源建模/swissmodel/VP35__/models/01/templates/template_upload.1.D.pdb.gz	9390	no	SWISS-MODEL 同源建模、模板与 web 资源；v13 结构分析仅用实验结构 4U2X，属 §1 超范围	08_out_of_scope_and_superseded
data/同源建模/swissmodel/VP35__/models/01/templates/template_upload.1.D.pdb_1.gz	9390	no	SWISS-MODEL 同源建模、模板与 web 资源；v13 结构分析仅用实验结构 4U2X，属 §1 超范围	08_out_of_scope_and_superseded
data/同源建模/swissmodel/VP35__/models/02/02.png	43780	no	SWISS-MODEL 同源建模、模板与 web 资源；v13 结构分析仅用实验结构 4U2X，属 §1 超范围	08_out_of_scope_and_superseded
data/同源建模/swissmodel/VP35__/models/02/coords.js	124196	no	SWISS-MODEL 同源建模、模板与 web 资源；v13 结构分析仅用实验结构 4U2X，属 §1 超范围	08_out_of_scope_and_superseded
data/同源建模/swissmodel/VP35__/models/02/geo.png	89573	no	SWISS-MODEL 同源建模、模板与 web 资源；v13 结构分析仅用实验结构 4U2X，属 §1 超范围	08_out_of_scope_and_superseded
data/同源建模/swissmodel/VP35__/models/02/info.json	7141	no	SWISS-MODEL 同源建模、模板与 web 资源；v13 结构分析仅用实验结构 4U2X，属 §1 超范围	08_out_of_scope_and_superseded
data/同源建模/swissmodel/VP35__/models/02/model.cif.gz	62114	no	SWISS-MODEL 同源建模、模板与 web 资源；v13 结构分析仅用实验结构 4U2X，属 §1 超范围	08_out_of_scope_and_superseded
data/同源建模/swissmodel/VP35__/models/02/model.json	8536	no	SWISS-MODEL 同源建模、模板与 web 资源；v13 结构分析仅用实验结构 4U2X，属 §1 超范围	08_out_of_scope_and_superseded
data/同源建模/swissmodel/VP35__/models/02/model.pdb	130662	no	SWISS-MODEL 同源建模、模板与 web 资源；v13 结构分析仅用实验结构 4U2X，属 §1 超范围	08_out_of_scope_and_superseded
data/同源建模/swissmodel/VP35__/models/02/report.json	5817	no	SWISS-MODEL 同源建模、模板与 web 资源；v13 结构分析仅用实验结构 4U2X，属 §1 超范围	08_out_of_scope_and_superseded
data/同源建模/swissmodel/VP35__/models/03/03.png	42313	no	SWISS-MODEL 同源建模、模板与 web 资源；v13 结构分析仅用实验结构 4U2X，属 §1 超范围	08_out_of_scope_and_superseded
data/同源建模/swissmodel/VP35__/models/03/coords.js	124196	no	SWISS-MODEL 同源建模、模板与 web 资源；v13 结构分析仅用实验结构 4U2X，属 §1 超范围	08_out_of_scope_and_superseded
data/同源建模/swissmodel/VP35__/models/03/info.json	7154	no	SWISS-MODEL 同源建模、模板与 web 资源；v13 结构分析仅用实验结构 4U2X，属 §1 超范围	08_out_of_scope_and_superseded
data/同源建模/swissmodel/VP35__/models/03/model.cif.gz	62114	no	SWISS-MODEL 同源建模、模板与 web 资源；v13 结构分析仅用实验结构 4U2X，属 §1 超范围	08_out_of_scope_and_superseded
data/同源建模/swissmodel/VP35__/models/03/model.json	8536	no	SWISS-MODEL 同源建模、模板与 web 资源；v13 结构分析仅用实验结构 4U2X，属 §1 超范围	08_out_of_scope_and_superseded
data/同源建模/swissmodel/VP35__/models/03/model.pdb	130662	no	SWISS-MODEL 同源建模、模板与 web 资源；v13 结构分析仅用实验结构 4U2X，属 §1 超范围	08_out_of_scope_and_superseded
data/同源建模/swissmodel/VP35__/models/03/report.json	5829	no	SWISS-MODEL 同源建模、模板与 web 资源；v13 结构分析仅用实验结构 4U2X，属 §1 超范围	08_out_of_scope_and_superseded
data/同源建模/swissmodel/VP35__/models/03/templates/template_upload.1.A.pdb.gz	9248	no	SWISS-MODEL 同源建模、模板与 web 资源；v13 结构分析仅用实验结构 4U2X，属 §1 超范围	08_out_of_scope_and_superseded
data/同源建模/swissmodel/VP35__/models/04/04.png	44825	no	SWISS-MODEL 同源建模、模板与 web 资源；v13 结构分析仅用实验结构 4U2X，属 §1 超范围	08_out_of_scope_and_superseded
data/同源建模/swissmodel/VP35__/models/04/coords.js	124196	no	SWISS-MODEL 同源建模、模板与 web 资源；v13 结构分析仅用实验结构 4U2X，属 §1 超范围	08_out_of_scope_and_superseded
data/同源建模/swissmodel/VP35__/models/04/info.json	7141	no	SWISS-MODEL 同源建模、模板与 web 资源；v13 结构分析仅用实验结构 4U2X，属 §1 超范围	08_out_of_scope_and_superseded
data/同源建模/swissmodel/VP35__/models/04/model.cif.gz	62114	no	SWISS-MODEL 同源建模、模板与 web 资源；v13 结构分析仅用实验结构 4U2X，属 §1 超范围	08_out_of_scope_and_superseded
data/同源建模/swissmodel/VP35__/models/04/model.json	8536	no	SWISS-MODEL 同源建模、模板与 web 资源；v13 结构分析仅用实验结构 4U2X，属 §1 超范围	08_out_of_scope_and_superseded
data/同源建模/swissmodel/VP35__/models/04/model.pdb	130662	no	SWISS-MODEL 同源建模、模板与 web 资源；v13 结构分析仅用实验结构 4U2X，属 §1 超范围	08_out_of_scope_and_superseded
data/同源建模/swissmodel/VP35__/models/04/report.json	5816	no	SWISS-MODEL 同源建模、模板与 web 资源；v13 结构分析仅用实验结构 4U2X，属 §1 超范围	08_out_of_scope_and_superseded
data/同源建模/swissmodel/VP35__/models/04/templates/template_upload.1.A.pdb.gz	9248	no	SWISS-MODEL 同源建模、模板与 web 资源；v13 结构分析仅用实验结构 4U2X，属 §1 超范围	08_out_of_scope_and_superseded
data/同源建模/swissmodel/VP35__/models_1.html	116301	no	SWISS-MODEL 同源建模、模板与 web 资源；v13 结构分析仅用实验结构 4U2X，属 §1 超范围	08_out_of_scope_and_superseded
data/同源建模/swissmodel/VP35__/report.html	17701	no	SWISS-MODEL 同源建模、模板与 web 资源；v13 结构分析仅用实验结构 4U2X，属 §1 超范围	08_out_of_scope_and_superseded
data/同源建模/swissmodel/VP35__/report_1.html	35556	no	SWISS-MODEL 同源建模、模板与 web 资源；v13 结构分析仅用实验结构 4U2X，属 §1 超范围	08_out_of_scope_and_superseded
data/同源建模/swissmodel/VP35__/templates.html	19909	no	SWISS-MODEL 同源建模、模板与 web 资源；v13 结构分析仅用实验结构 4U2X，属 §1 超范围	08_out_of_scope_and_superseded
data/同源建模/swissmodel/VP35__/templates.txt	1622	no	SWISS-MODEL 同源建模、模板与 web 资源；v13 结构分析仅用实验结构 4U2X，属 §1 超范围	08_out_of_scope_and_superseded
data/同源建模/swissmodel/VP35__/templates_1.html	19941	no	SWISS-MODEL 同源建模、模板与 web 资源；v13 结构分析仅用实验结构 4U2X，属 §1 超范围	08_out_of_scope_and_superseded
data/同源建模/swissmodel/VP35__/templates_1.txt	1622	no	SWISS-MODEL 同源建模、模板与 web 资源；v13 结构分析仅用实验结构 4U2X，属 §1 超范围	08_out_of_scope_and_superseded
data/同源建模/swissmodel/VP35__6GBO/models.html	65454	no	SWISS-MODEL 同源建模、模板与 web 资源；v13 结构分析仅用实验结构 4U2X，属 §1 超范围	08_out_of_scope_and_superseded
data/同源建模/swissmodel/VP35__6GBO/models/01/01.png	19328	no	SWISS-MODEL 同源建模、模板与 web 资源；v13 结构分析仅用实验结构 4U2X，属 §1 超范围	08_out_of_scope_and_superseded
data/同源建模/swissmodel/VP35__6GBO/models/01/coords.js	40604	no	SWISS-MODEL 同源建模、模板与 web 资源；v13 结构分析仅用实验结构 4U2X，属 §1 超范围	08_out_of_scope_and_superseded
data/同源建模/swissmodel/VP35__6GBO/models/01/info.json	3395	no	SWISS-MODEL 同源建模、模板与 web 资源；v13 结构分析仅用实验结构 4U2X，属 §1 超范围	08_out_of_scope_and_superseded
data/同源建模/swissmodel/VP35__6GBO/models/01/model.cif.gz	26153	no	SWISS-MODEL 同源建模、模板与 web 资源；v13 结构分析仅用实验结构 4U2X，属 §1 超范围	08_out_of_scope_and_superseded
data/同源建模/swissmodel/VP35__6GBO/models/01/model.json	3907	no	SWISS-MODEL 同源建模、模板与 web 资源；v13 结构分析仅用实验结构 4U2X，属 §1 超范围	08_out_of_scope_and_superseded
data/同源建模/swissmodel/VP35__6GBO/models/01/model.pdb	47063	no	SWISS-MODEL 同源建模、模板与 web 资源；v13 结构分析仅用实验结构 4U2X，属 §1 超范围	08_out_of_scope_and_superseded
data/同源建模/swissmodel/VP35__6GBO/models/01/oligo_monomer.png	106135	no	SWISS-MODEL 同源建模、模板与 web 资源；v13 结构分析仅用实验结构 4U2X，属 §1 超范围	08_out_of_scope_and_superseded
data/同源建模/swissmodel/VP35__6GBO/models/01/report.json	3357	no	SWISS-MODEL 同源建模、模板与 web 资源；v13 结构分析仅用实验结构 4U2X，属 §1 超范围	08_out_of_scope_and_superseded
data/同源建模/swissmodel/VP35__6GBO/models/01/templates/template_upload.1.I.pdb.gz	10595	no	SWISS-MODEL 同源建模、模板与 web 资源；v13 结构分析仅用实验结构 4U2X，属 §1 超范围	08_out_of_scope_and_superseded
data/同源建模/swissmodel/VP35__6GBO/report.html	18673	no	SWISS-MODEL 同源建模、模板与 web 资源；v13 结构分析仅用实验结构 4U2X，属 §1 超范围	08_out_of_scope_and_superseded
data/同源建模/swissmodel/VP35__6GBO/templates.html	46281	no	SWISS-MODEL 同源建模、模板与 web 资源；v13 结构分析仅用实验结构 4U2X，属 §1 超范围	08_out_of_scope_and_superseded
data/同源建模/swissmodel/VP35__6GBO/templates.txt	4190	no	SWISS-MODEL 同源建模、模板与 web 资源；v13 结构分析仅用实验结构 4U2X，属 §1 超范围	08_out_of_scope_and_superseded
data/同源建模/swissmodel/VP35__6GBO1/models.html	143008	no	SWISS-MODEL 同源建模、模板与 web 资源；v13 结构分析仅用实验结构 4U2X，属 §1 超范围	08_out_of_scope_and_superseded
data/同源建模/swissmodel/VP35__6GBO1/models/01/01.png	17776	no	SWISS-MODEL 同源建模、模板与 web 资源；v13 结构分析仅用实验结构 4U2X，属 §1 超范围	08_out_of_scope_and_superseded
data/同源建模/swissmodel/VP35__6GBO1/models/01/coords.js	40604	no	SWISS-MODEL 同源建模、模板与 web 资源；v13 结构分析仅用实验结构 4U2X，属 §1 超范围	08_out_of_scope_and_superseded
data/同源建模/swissmodel/VP35__6GBO1/models/01/info.json	3387	no	SWISS-MODEL 同源建模、模板与 web 资源；v13 结构分析仅用实验结构 4U2X，属 §1 超范围	08_out_of_scope_and_superseded
data/同源建模/swissmodel/VP35__6GBO1/models/01/model.cif.gz	27554	no	SWISS-MODEL 同源建模、模板与 web 资源；v13 结构分析仅用实验结构 4U2X，属 §1 超范围	08_out_of_scope_and_superseded
data/同源建模/swissmodel/VP35__6GBO1/models/01/model.json	3934	no	SWISS-MODEL 同源建模、模板与 web 资源；v13 结构分析仅用实验结构 4U2X，属 §1 超范围	08_out_of_scope_and_superseded
data/同源建模/swissmodel/VP35__6GBO1/models/01/model.pdb	47070	no	SWISS-MODEL 同源建模、模板与 web 资源；v13 结构分析仅用实验结构 4U2X，属 §1 超范围	08_out_of_scope_and_superseded
data/同源建模/swissmodel/VP35__6GBO1/models/01/report.json	3355	no	SWISS-MODEL 同源建模、模板与 web 资源；v13 结构分析仅用实验结构 4U2X，属 §1 超范围	08_out_of_scope_and_superseded
data/同源建模/swissmodel/VP35__6GBO1/models/01/templates/template_upload.1.F.pdb.gz	12099	no	SWISS-MODEL 同源建模、模板与 web 资源；v13 结构分析仅用实验结构 4U2X，属 §1 超范围	08_out_of_scope_and_superseded
data/同源建模/swissmodel/VP35__6GBO1/models/02/02.png	33342	no	SWISS-MODEL 同源建模、模板与 web 资源；v13 结构分析仅用实验结构 4U2X，属 §1 超范围	08_out_of_scope_and_superseded
data/同源建模/swissmodel/VP35__6GBO1/models/02/coords.js	162347	no	SWISS-MODEL 同源建模、模板与 web 资源；v13 结构分析仅用实验结构 4U2X，属 §1 超范围	08_out_of_scope_and_superseded
data/同源建模/swissmodel/VP35__6GBO1/models/02/geo.png	92430	no	SWISS-MODEL 同源建模、模板与 web 资源；v13 结构分析仅用实验结构 4U2X，属 §1 超范围	08_out_of_scope_and_superseded
data/同源建模/swissmodel/VP35__6GBO1/models/02/info.json	8971	no	SWISS-MODEL 同源建模、模板与 web 资源；v13 结构分析仅用实验结构 4U2X，属 §1 超范围	08_out_of_scope_and_superseded
data/同源建模/swissmodel/VP35__6GBO1/models/02/model.cif.gz	90338	no	SWISS-MODEL 同源建模、模板与 web 资源；v13 结构分析仅用实验结构 4U2X，属 §1 超范围	08_out_of_scope_and_superseded
data/同源建模/swissmodel/VP35__6GBO1/models/02/model.json	10895	no	SWISS-MODEL 同源建模、模板与 web 资源；v13 结构分析仅用实验结构 4U2X，属 §1 超范围	08_out_of_scope_and_superseded
data/同源建模/swissmodel/VP35__6GBO1/models/02/model.pdb	168824	no	SWISS-MODEL 同源建模、模板与 web 资源；v13 结构分析仅用实验结构 4U2X，属 §1 超范围	08_out_of_scope_and_superseded
data/同源建模/swissmodel/VP35__6GBO1/models/02/report.json	7065	no	SWISS-MODEL 同源建模、模板与 web 资源；v13 结构分析仅用实验结构 4U2X，属 §1 超范围	08_out_of_scope_and_superseded
data/同源建模/swissmodel/VP35__6GBO1/models/03/03.png	32474	no	SWISS-MODEL 同源建模、模板与 web 资源；v13 结构分析仅用实验结构 4U2X，属 §1 超范围	08_out_of_scope_and_superseded
data/同源建模/swissmodel/VP35__6GBO1/models/03/coords.js	162347	no	SWISS-MODEL 同源建模、模板与 web 资源；v13 结构分析仅用实验结构 4U2X，属 §1 超范围	08_out_of_scope_and_superseded
data/同源建模/swissmodel/VP35__6GBO1/models/03/info.json	8975	no	SWISS-MODEL 同源建模、模板与 web 资源；v13 结构分析仅用实验结构 4U2X，属 §1 超范围	08_out_of_scope_and_superseded
data/同源建模/swissmodel/VP35__6GBO1/models/03/model.cif.gz	90339	no	SWISS-MODEL 同源建模、模板与 web 资源；v13 结构分析仅用实验结构 4U2X，属 §1 超范围	08_out_of_scope_and_superseded
data/同源建模/swissmodel/VP35__6GBO1/models/03/model.json	10896	no	SWISS-MODEL 同源建模、模板与 web 资源；v13 结构分析仅用实验结构 4U2X，属 §1 超范围	08_out_of_scope_and_superseded
data/同源建模/swissmodel/VP35__6GBO1/models/03/model.pdb	168824	no	SWISS-MODEL 同源建模、模板与 web 资源；v13 结构分析仅用实验结构 4U2X，属 §1 超范围	08_out_of_scope_and_superseded
data/同源建模/swissmodel/VP35__6GBO1/models/03/report.json	7069	no	SWISS-MODEL 同源建模、模板与 web 资源；v13 结构分析仅用实验结构 4U2X，属 §1 超范围	08_out_of_scope_and_superseded
data/同源建模/swissmodel/VP35__6GBO1/models/03/templates/template_upload.1.A.pdb.gz	12101	no	SWISS-MODEL 同源建模、模板与 web 资源；v13 结构分析仅用实验结构 4U2X，属 §1 超范围	08_out_of_scope_and_superseded
data/同源建模/swissmodel/VP35__6GBO1/models/04/04.png	44317	no	SWISS-MODEL 同源建模、模板与 web 资源；v13 结构分析仅用实验结构 4U2X，属 §1 超范围	08_out_of_scope_and_superseded
data/同源建模/swissmodel/VP35__6GBO1/models/04/coords.js	162347	no	SWISS-MODEL 同源建模、模板与 web 资源；v13 结构分析仅用实验结构 4U2X，属 §1 超范围	08_out_of_scope_and_superseded
data/同源建模/swissmodel/VP35__6GBO1/models/04/info.json	8975	no	SWISS-MODEL 同源建模、模板与 web 资源；v13 结构分析仅用实验结构 4U2X，属 §1 超范围	08_out_of_scope_and_superseded
data/同源建模/swissmodel/VP35__6GBO1/models/04/model.cif.gz	90338	no	SWISS-MODEL 同源建模、模板与 web 资源；v13 结构分析仅用实验结构 4U2X，属 §1 超范围	08_out_of_scope_and_superseded
data/同源建模/swissmodel/VP35__6GBO1/models/04/model.json	10897	no	SWISS-MODEL 同源建模、模板与 web 资源；v13 结构分析仅用实验结构 4U2X，属 §1 超范围	08_out_of_scope_and_superseded
data/同源建模/swissmodel/VP35__6GBO1/models/04/model.pdb	168824	no	SWISS-MODEL 同源建模、模板与 web 资源；v13 结构分析仅用实验结构 4U2X，属 §1 超范围	08_out_of_scope_and_superseded
data/同源建模/swissmodel/VP35__6GBO1/models/04/report.json	7068	no	SWISS-MODEL 同源建模、模板与 web 资源；v13 结构分析仅用实验结构 4U2X，属 §1 超范围	08_out_of_scope_and_superseded
data/同源建模/swissmodel/VP35__6GBO1/models/04/templates/template_upload.1.A.pdb.gz	12101	no	SWISS-MODEL 同源建模、模板与 web 资源；v13 结构分析仅用实验结构 4U2X，属 §1 超范围	08_out_of_scope_and_superseded
data/同源建模/swissmodel/VP35__6GBO1/models/05/05.png	45095	no	SWISS-MODEL 同源建模、模板与 web 资源；v13 结构分析仅用实验结构 4U2X，属 §1 超范围	08_out_of_scope_and_superseded
data/同源建模/swissmodel/VP35__6GBO1/models/05/coords.js	162347	no	SWISS-MODEL 同源建模、模板与 web 资源；v13 结构分析仅用实验结构 4U2X，属 §1 超范围	08_out_of_scope_and_superseded
data/同源建模/swissmodel/VP35__6GBO1/models/05/info.json	8972	no	SWISS-MODEL 同源建模、模板与 web 资源；v13 结构分析仅用实验结构 4U2X，属 §1 超范围	08_out_of_scope_and_superseded
data/同源建模/swissmodel/VP35__6GBO1/models/05/model.cif.gz	90338	no	SWISS-MODEL 同源建模、模板与 web 资源；v13 结构分析仅用实验结构 4U2X，属 §1 超范围	08_out_of_scope_and_superseded
data/同源建模/swissmodel/VP35__6GBO1/models/05/model.json	10897	no	SWISS-MODEL 同源建模、模板与 web 资源；v13 结构分析仅用实验结构 4U2X，属 §1 超范围	08_out_of_scope_and_superseded
data/同源建模/swissmodel/VP35__6GBO1/models/05/model.pdb	168824	no	SWISS-MODEL 同源建模、模板与 web 资源；v13 结构分析仅用实验结构 4U2X，属 §1 超范围	08_out_of_scope_and_superseded
data/同源建模/swissmodel/VP35__6GBO1/models/05/report.json	7065	no	SWISS-MODEL 同源建模、模板与 web 资源；v13 结构分析仅用实验结构 4U2X，属 §1 超范围	08_out_of_scope_and_superseded
data/同源建模/swissmodel/VP35__6GBO1/models/05/templates/template_upload.1.A.pdb.gz	12101	no	SWISS-MODEL 同源建模、模板与 web 资源；v13 结构分析仅用实验结构 4U2X，属 §1 超范围	08_out_of_scope_and_superseded
data/同源建模/swissmodel/VP35__6GBO1/report.html	43823	no	SWISS-MODEL 同源建模、模板与 web 资源；v13 结构分析仅用实验结构 4U2X，属 §1 超范围	08_out_of_scope_and_superseded
data/同源建模/swissmodel/VP35__6GBO1/templates.html	28661	no	SWISS-MODEL 同源建模、模板与 web 资源；v13 结构分析仅用实验结构 4U2X，属 §1 超范围	08_out_of_scope_and_superseded
data/同源建模/swissmodel/VP35__6GBO1/templates.txt	2483	no	SWISS-MODEL 同源建模、模板与 web 资源；v13 结构分析仅用实验结构 4U2X，属 §1 超范围	08_out_of_scope_and_superseded
data/同源建模/swissmodel/VP35__6GBO2/models.html	142823	no	SWISS-MODEL 同源建模、模板与 web 资源；v13 结构分析仅用实验结构 4U2X，属 §1 超范围	08_out_of_scope_and_superseded
data/同源建模/swissmodel/VP35__6GBO2/models/01/01.png	19328	no	SWISS-MODEL 同源建模、模板与 web 资源；v13 结构分析仅用实验结构 4U2X，属 §1 超范围	08_out_of_scope_and_superseded
data/同源建模/swissmodel/VP35__6GBO2/models/01/coords.js	40604	no	SWISS-MODEL 同源建模、模板与 web 资源；v13 结构分析仅用实验结构 4U2X，属 §1 超范围	08_out_of_scope_and_superseded
data/同源建模/swissmodel/VP35__6GBO2/models/01/info.json	3387	no	SWISS-MODEL 同源建模、模板与 web 资源；v13 结构分析仅用实验结构 4U2X，属 §1 超范围	08_out_of_scope_and_superseded
data/同源建模/swissmodel/VP35__6GBO2/models/01/model.cif.gz	26154	no	SWISS-MODEL 同源建模、模板与 web 资源；v13 结构分析仅用实验结构 4U2X，属 §1 超范围	08_out_of_scope_and_superseded
data/同源建模/swissmodel/VP35__6GBO2/models/01/model.json	3934	no	SWISS-MODEL 同源建模、模板与 web 资源；v13 结构分析仅用实验结构 4U2X，属 §1 超范围	08_out_of_scope_and_superseded
data/同源建模/swissmodel/VP35__6GBO2/models/01/model.pdb	47064	no	SWISS-MODEL 同源建模、模板与 web 资源；v13 结构分析仅用实验结构 4U2X，属 §1 超范围	08_out_of_scope_and_superseded
data/同源建模/swissmodel/VP35__6GBO2/models/01/report.json	3355	no	SWISS-MODEL 同源建模、模板与 web 资源；v13 结构分析仅用实验结构 4U2X，属 §1 超范围	08_out_of_scope_and_superseded
data/同源建模/swissmodel/VP35__6GBO2/models/01/templates/template_upload.1.C.pdb.gz	10594	no	SWISS-MODEL 同源建模、模板与 web 资源；v13 结构分析仅用实验结构 4U2X，属 §1 超范围	08_out_of_scope_and_superseded
data/同源建模/swissmodel/VP35__6GBO2/models/02/02.png	31193	no	SWISS-MODEL 同源建模、模板与 web 资源；v13 结构分析仅用实验结构 4U2X，属 §1 超范围	08_out_of_scope_and_superseded
data/同源建模/swissmodel/VP35__6GBO2/models/02/coords.js	162347	no	SWISS-MODEL 同源建模、模板与 web 资源；v13 结构分析仅用实验结构 4U2X，属 §1 超范围	08_out_of_scope_and_superseded
data/同源建模/swissmodel/VP35__6GBO2/models/02/geo.png	90699	no	SWISS-MODEL 同源建模、模板与 web 资源；v13 结构分析仅用实验结构 4U2X，属 §1 超范围	08_out_of_scope_and_superseded
data/同源建模/swissmodel/VP35__6GBO2/models/02/info.json	8974	no	SWISS-MODEL 同源建模、模板与 web 资源；v13 结构分析仅用实验结构 4U2X，属 §1 超范围	08_out_of_scope_and_superseded
data/同源建模/swissmodel/VP35__6GBO2/models/02/model.cif.gz	90153	no	SWISS-MODEL 同源建模、模板与 web 资源；v13 结构分析仅用实验结构 4U2X，属 §1 超范围	08_out_of_scope_and_superseded
data/同源建模/swissmodel/VP35__6GBO2/models/02/model.json	10885	no	SWISS-MODEL 同源建模、模板与 web 资源；v13 结构分析仅用实验结构 4U2X，属 §1 超范围	08_out_of_scope_and_superseded
data/同源建模/swissmodel/VP35__6GBO2/models/02/model.pdb	168824	no	SWISS-MODEL 同源建模、模板与 web 资源；v13 结构分析仅用实验结构 4U2X，属 §1 超范围	08_out_of_scope_and_superseded
data/同源建模/swissmodel/VP35__6GBO2/models/02/report.json	7063	no	SWISS-MODEL 同源建模、模板与 web 资源；v13 结构分析仅用实验结构 4U2X，属 §1 超范围	08_out_of_scope_and_superseded
data/同源建模/swissmodel/VP35__6GBO2/models/02/templates/template_upload.1.A.pdb.gz	11849	no	SWISS-MODEL 同源建模、模板与 web 资源；v13 结构分析仅用实验结构 4U2X，属 §1 超范围	08_out_of_scope_and_superseded
data/同源建模/swissmodel/VP35__6GBO2/models/03/03.png	30594	no	SWISS-MODEL 同源建模、模板与 web 资源；v13 结构分析仅用实验结构 4U2X，属 §1 超范围	08_out_of_scope_and_superseded
data/同源建模/swissmodel/VP35__6GBO2/models/03/coords.js	162347	no	SWISS-MODEL 同源建模、模板与 web 资源；v13 结构分析仅用实验结构 4U2X，属 §1 超范围	08_out_of_scope_and_superseded
data/同源建模/swissmodel/VP35__6GBO2/models/03/info.json	8973	no	SWISS-MODEL 同源建模、模板与 web 资源；v13 结构分析仅用实验结构 4U2X，属 §1 超范围	08_out_of_scope_and_superseded
data/同源建模/swissmodel/VP35__6GBO2/models/03/model.cif.gz	90152	no	SWISS-MODEL 同源建模、模板与 web 资源；v13 结构分析仅用实验结构 4U2X，属 §1 超范围	08_out_of_scope_and_superseded
data/同源建模/swissmodel/VP35__6GBO2/models/03/model.json	10888	no	SWISS-MODEL 同源建模、模板与 web 资源；v13 结构分析仅用实验结构 4U2X，属 §1 超范围	08_out_of_scope_and_superseded
data/同源建模/swissmodel/VP35__6GBO2/models/03/model.pdb	168824	no	SWISS-MODEL 同源建模、模板与 web 资源；v13 结构分析仅用实验结构 4U2X，属 §1 超范围	08_out_of_scope_and_superseded
data/同源建模/swissmodel/VP35__6GBO2/models/03/report.json	7064	no	SWISS-MODEL 同源建模、模板与 web 资源；v13 结构分析仅用实验结构 4U2X，属 §1 超范围	08_out_of_scope_and_superseded
data/同源建模/swissmodel/VP35__6GBO2/models/03/templates/template_upload.1.A.pdb.gz	11849	no	SWISS-MODEL 同源建模、模板与 web 资源；v13 结构分析仅用实验结构 4U2X，属 §1 超范围	08_out_of_scope_and_superseded
data/同源建模/swissmodel/VP35__6GBO2/models/04/04.png	42947	no	SWISS-MODEL 同源建模、模板与 web 资源；v13 结构分析仅用实验结构 4U2X，属 §1 超范围	08_out_of_scope_and_superseded
data/同源建模/swissmodel/VP35__6GBO2/models/04/coords.js	162347	no	SWISS-MODEL 同源建模、模板与 web 资源；v13 结构分析仅用实验结构 4U2X，属 §1 超范围	08_out_of_scope_and_superseded
data/同源建模/swissmodel/VP35__6GBO2/models/04/info.json	8979	no	SWISS-MODEL 同源建模、模板与 web 资源；v13 结构分析仅用实验结构 4U2X，属 §1 超范围	08_out_of_scope_and_superseded
data/同源建模/swissmodel/VP35__6GBO2/models/04/model.cif.gz	90151	no	SWISS-MODEL 同源建模、模板与 web 资源；v13 结构分析仅用实验结构 4U2X，属 §1 超范围	08_out_of_scope_and_superseded
data/同源建模/swissmodel/VP35__6GBO2/models/04/model.json	10887	no	SWISS-MODEL 同源建模、模板与 web 资源；v13 结构分析仅用实验结构 4U2X，属 §1 超范围	08_out_of_scope_and_superseded
data/同源建模/swissmodel/VP35__6GBO2/models/04/model.pdb	168824	no	SWISS-MODEL 同源建模、模板与 web 资源；v13 结构分析仅用实验结构 4U2X，属 §1 超范围	08_out_of_scope_and_superseded
data/同源建模/swissmodel/VP35__6GBO2/models/04/report.json	7069	no	SWISS-MODEL 同源建模、模板与 web 资源；v13 结构分析仅用实验结构 4U2X，属 §1 超范围	08_out_of_scope_and_superseded
data/同源建模/swissmodel/VP35__6GBO2/models/04/templates/template_upload.1.A.pdb.gz	11849	no	SWISS-MODEL 同源建模、模板与 web 资源；v13 结构分析仅用实验结构 4U2X，属 §1 超范围	08_out_of_scope_and_superseded
data/同源建模/swissmodel/VP35__6GBO2/models/05/05.png	43476	no	SWISS-MODEL 同源建模、模板与 web 资源；v13 结构分析仅用实验结构 4U2X，属 §1 超范围	08_out_of_scope_and_superseded
data/同源建模/swissmodel/VP35__6GBO2/models/05/coords.js	162347	no	SWISS-MODEL 同源建模、模板与 web 资源；v13 结构分析仅用实验结构 4U2X，属 §1 超范围	08_out_of_scope_and_superseded
data/同源建模/swissmodel/VP35__6GBO2/models/05/info.json	8983	no	SWISS-MODEL 同源建模、模板与 web 资源；v13 结构分析仅用实验结构 4U2X，属 §1 超范围	08_out_of_scope_and_superseded
data/同源建模/swissmodel/VP35__6GBO2/models/05/model.cif.gz	90152	no	SWISS-MODEL 同源建模、模板与 web 资源；v13 结构分析仅用实验结构 4U2X，属 §1 超范围	08_out_of_scope_and_superseded
data/同源建模/swissmodel/VP35__6GBO2/models/05/model.json	10889	no	SWISS-MODEL 同源建模、模板与 web 资源；v13 结构分析仅用实验结构 4U2X，属 §1 超范围	08_out_of_scope_and_superseded
data/同源建模/swissmodel/VP35__6GBO2/models/05/model.pdb	168824	no	SWISS-MODEL 同源建模、模板与 web 资源；v13 结构分析仅用实验结构 4U2X，属 §1 超范围	08_out_of_scope_and_superseded
data/同源建模/swissmodel/VP35__6GBO2/models/05/report.json	7074	no	SWISS-MODEL 同源建模、模板与 web 资源；v13 结构分析仅用实验结构 4U2X，属 §1 超范围	08_out_of_scope_and_superseded
data/同源建模/swissmodel/VP35__6GBO2/models/05/templates/template_upload.1.A.pdb.gz	11849	no	SWISS-MODEL 同源建模、模板与 web 资源；v13 结构分析仅用实验结构 4U2X，属 §1 超范围	08_out_of_scope_and_superseded
data/同源建模/swissmodel/VP35__6GBO2/report.html	43764	no	SWISS-MODEL 同源建模、模板与 web 资源；v13 结构分析仅用实验结构 4U2X，属 §1 超范围	08_out_of_scope_and_superseded
data/同源建模/swissmodel/VP35__6GBO2/templates.html	28665	no	SWISS-MODEL 同源建模、模板与 web 资源；v13 结构分析仅用实验结构 4U2X，属 §1 超范围	08_out_of_scope_and_superseded
data/同源建模/swissmodel/VP35__6GBO2/templates.txt	2483	no	SWISS-MODEL 同源建模、模板与 web 资源；v13 结构分析仅用实验结构 4U2X，属 §1 超范围	08_out_of_scope_and_superseded
data/同源建模/swissmodel/web/css/bootstrap-3.4.1.min.css	121411	no	SWISS-MODEL 同源建模、模板与 web 资源；v13 结构分析仅用实验结构 4U2X，属 §1 超范围	08_out_of_scope_and_superseded
data/同源建模/swissmodel/web/css/bootstrap-3.4.1.min_1.css	121411	no	SWISS-MODEL 同源建模、模板与 web 资源；v13 结构分析仅用实验结构 4U2X，属 §1 超范围	08_out_of_scope_and_superseded
data/同源建模/swissmodel/web/css/bootstrap-3.4.1.min_2.css	121411	no	SWISS-MODEL 同源建模、模板与 web 资源；v13 结构分析仅用实验结构 4U2X，属 §1 超范围	08_out_of_scope_and_superseded
data/同源建模/swissmodel/web/css/bootstrap-3.4.1.min_3.css	121411	no	SWISS-MODEL 同源建模、模板与 web 资源；v13 结构分析仅用实验结构 4U2X，属 §1 超范围	08_out_of_scope_and_superseded
data/同源建模/swissmodel/web/css/bootstrap-3.4.1.min_4.css	121411	no	SWISS-MODEL 同源建模、模板与 web 资源；v13 结构分析仅用实验结构 4U2X，属 §1 超范围	08_out_of_scope_and_superseded
data/同源建模/swissmodel/web/css/bootstrap-3.4.1.min_5.css	121411	no	SWISS-MODEL 同源建模、模板与 web 资源；v13 结构分析仅用实验结构 4U2X，属 §1 超范围	08_out_of_scope_and_superseded
data/同源建模/swissmodel/web/css/jquery-ui.min.css	32130	no	SWISS-MODEL 同源建模、模板与 web 资源；v13 结构分析仅用实验结构 4U2X，属 §1 超范围	08_out_of_scope_and_superseded
data/同源建模/swissmodel/web/css/jquery-ui.min_1.css	32130	no	SWISS-MODEL 同源建模、模板与 web 资源；v13 结构分析仅用实验结构 4U2X，属 §1 超范围	08_out_of_scope_and_superseded
data/同源建模/swissmodel/web/css/jquery-ui.min_2.css	32130	no	SWISS-MODEL 同源建模、模板与 web 资源；v13 结构分析仅用实验结构 4U2X，属 §1 超范围	08_out_of_scope_and_superseded
data/同源建模/swissmodel/web/css/jquery-ui.min_3.css	32130	no	SWISS-MODEL 同源建模、模板与 web 资源；v13 结构分析仅用实验结构 4U2X，属 §1 超范围	08_out_of_scope_and_superseded
data/同源建模/swissmodel/web/css/jquery-ui.min_4.css	32130	no	SWISS-MODEL 同源建模、模板与 web 资源；v13 结构分析仅用实验结构 4U2X，属 §1 超范围	08_out_of_scope_and_superseded
data/同源建模/swissmodel/web/css/jquery-ui.min_5.css	32130	no	SWISS-MODEL 同源建模、模板与 web 资源；v13 结构分析仅用实验结构 4U2X，属 §1 超范围	08_out_of_scope_and_superseded
data/同源建模/swissmodel/web/css/jquery.fancybox.css	4160	no	SWISS-MODEL 同源建模、模板与 web 资源；v13 结构分析仅用实验结构 4U2X，属 §1 超范围	08_out_of_scope_and_superseded
data/同源建模/swissmodel/web/css/jquery.fancybox_1.css	4160	no	SWISS-MODEL 同源建模、模板与 web 资源；v13 结构分析仅用实验结构 4U2X，属 §1 超范围	08_out_of_scope_and_superseded
data/同源建模/swissmodel/web/css/jquery.fancybox_2.css	4160	no	SWISS-MODEL 同源建模、模板与 web 资源；v13 结构分析仅用实验结构 4U2X，属 §1 超范围	08_out_of_scope_and_superseded
data/同源建模/swissmodel/web/css/jquery.fancybox_3.css	4160	no	SWISS-MODEL 同源建模、模板与 web 资源；v13 结构分析仅用实验结构 4U2X，属 §1 超范围	08_out_of_scope_and_superseded
data/同源建模/swissmodel/web/css/jquery.fancybox_4.css	4160	no	SWISS-MODEL 同源建模、模板与 web 资源；v13 结构分析仅用实验结构 4U2X，属 §1 超范围	08_out_of_scope_and_superseded
data/同源建模/swissmodel/web/css/jquery.fancybox_5.css	4160	no	SWISS-MODEL 同源建模、模板与 web 资源；v13 结构分析仅用实验结构 4U2X，属 §1 超范围	08_out_of_scope_and_superseded
data/同源建模/swissmodel/web/css/master.css	16432	no	SWISS-MODEL 同源建模、模板与 web 资源；v13 结构分析仅用实验结构 4U2X，属 §1 超范围	08_out_of_scope_and_superseded
data/同源建模/swissmodel/web/css/master_1.css	16432	no	SWISS-MODEL 同源建模、模板与 web 资源；v13 结构分析仅用实验结构 4U2X，属 §1 超范围	08_out_of_scope_and_superseded
data/同源建模/swissmodel/web/css/master_2.css	16432	no	SWISS-MODEL 同源建模、模板与 web 资源；v13 结构分析仅用实验结构 4U2X，属 §1 超范围	08_out_of_scope_and_superseded
data/同源建模/swissmodel/web/css/master_3.css	16432	no	SWISS-MODEL 同源建模、模板与 web 资源；v13 结构分析仅用实验结构 4U2X，属 §1 超范围	08_out_of_scope_and_superseded
data/同源建模/swissmodel/web/css/master_4.css	16432	no	SWISS-MODEL 同源建模、模板与 web 资源；v13 结构分析仅用实验结构 4U2X，属 §1 超范围	08_out_of_scope_and_superseded
data/同源建模/swissmodel/web/css/master_5.css	16432	no	SWISS-MODEL 同源建模、模板与 web 资源；v13 结构分析仅用实验结构 4U2X，属 §1 超范围	08_out_of_scope_and_superseded
data/同源建模/swissmodel/web/fonts/glyphicons-halflings-regular.eot	20127	no	SWISS-MODEL 同源建模、模板与 web 资源；v13 结构分析仅用实验结构 4U2X，属 §1 超范围	08_out_of_scope_and_superseded
data/同源建模/swissmodel/web/fonts/glyphicons-halflings-regular.svg	108738	no	SWISS-MODEL 同源建模、模板与 web 资源；v13 结构分析仅用实验结构 4U2X，属 §1 超范围	08_out_of_scope_and_superseded
data/同源建模/swissmodel/web/fonts/glyphicons-halflings-regular.ttf	45404	no	SWISS-MODEL 同源建模、模板与 web 资源；v13 结构分析仅用实验结构 4U2X，属 §1 超范围	08_out_of_scope_and_superseded
data/同源建模/swissmodel/web/fonts/glyphicons-halflings-regular.woff	23424	no	SWISS-MODEL 同源建模、模板与 web 资源；v13 结构分析仅用实验结构 4U2X，属 §1 超范围	08_out_of_scope_and_superseded
data/同源建模/swissmodel/web/fonts/glyphicons-halflings-regular.woff2	18028	no	SWISS-MODEL 同源建模、模板与 web 资源；v13 结构分析仅用实验结构 4U2X，属 §1 超范围	08_out_of_scope_and_superseded
data/同源建模/swissmodel/web/fonts/glyphicons-halflings-regular_1.eot	20127	no	SWISS-MODEL 同源建模、模板与 web 资源；v13 结构分析仅用实验结构 4U2X，属 §1 超范围	08_out_of_scope_and_superseded
data/同源建模/swissmodel/web/fonts/glyphicons-halflings-regular_1.svg	108738	no	SWISS-MODEL 同源建模、模板与 web 资源；v13 结构分析仅用实验结构 4U2X，属 §1 超范围	08_out_of_scope_and_superseded
data/同源建模/swissmodel/web/fonts/glyphicons-halflings-regular_1.ttf	45404	no	SWISS-MODEL 同源建模、模板与 web 资源；v13 结构分析仅用实验结构 4U2X，属 §1 超范围	08_out_of_scope_and_superseded
data/同源建模/swissmodel/web/fonts/glyphicons-halflings-regular_1.woff	23424	no	SWISS-MODEL 同源建模、模板与 web 资源；v13 结构分析仅用实验结构 4U2X，属 §1 超范围	08_out_of_scope_and_superseded
data/同源建模/swissmodel/web/fonts/glyphicons-halflings-regular_1.woff2	18028	no	SWISS-MODEL 同源建模、模板与 web 资源；v13 结构分析仅用实验结构 4U2X，属 §1 超范围	08_out_of_scope_and_superseded
data/同源建模/swissmodel/web/fonts/glyphicons-halflings-regular_2.eot	20127	no	SWISS-MODEL 同源建模、模板与 web 资源；v13 结构分析仅用实验结构 4U2X，属 §1 超范围	08_out_of_scope_and_superseded
data/同源建模/swissmodel/web/fonts/glyphicons-halflings-regular_2.svg	108738	no	SWISS-MODEL 同源建模、模板与 web 资源；v13 结构分析仅用实验结构 4U2X，属 §1 超范围	08_out_of_scope_and_superseded
data/同源建模/swissmodel/web/fonts/glyphicons-halflings-regular_2.ttf	45404	no	SWISS-MODEL 同源建模、模板与 web 资源；v13 结构分析仅用实验结构 4U2X，属 §1 超范围	08_out_of_scope_and_superseded
data/同源建模/swissmodel/web/fonts/glyphicons-halflings-regular_2.woff	23424	no	SWISS-MODEL 同源建模、模板与 web 资源；v13 结构分析仅用实验结构 4U2X，属 §1 超范围	08_out_of_scope_and_superseded
data/同源建模/swissmodel/web/fonts/glyphicons-halflings-regular_2.woff2	18028	no	SWISS-MODEL 同源建模、模板与 web 资源；v13 结构分析仅用实验结构 4U2X，属 §1 超范围	08_out_of_scope_and_superseded
data/同源建模/swissmodel/web/fonts/glyphicons-halflings-regular_3.eot	20127	no	SWISS-MODEL 同源建模、模板与 web 资源；v13 结构分析仅用实验结构 4U2X，属 §1 超范围	08_out_of_scope_and_superseded
data/同源建模/swissmodel/web/fonts/glyphicons-halflings-regular_3.svg	108738	no	SWISS-MODEL 同源建模、模板与 web 资源；v13 结构分析仅用实验结构 4U2X，属 §1 超范围	08_out_of_scope_and_superseded
data/同源建模/swissmodel/web/fonts/glyphicons-halflings-regular_3.ttf	45404	no	SWISS-MODEL 同源建模、模板与 web 资源；v13 结构分析仅用实验结构 4U2X，属 §1 超范围	08_out_of_scope_and_superseded
data/同源建模/swissmodel/web/fonts/glyphicons-halflings-regular_3.woff	23424	no	SWISS-MODEL 同源建模、模板与 web 资源；v13 结构分析仅用实验结构 4U2X，属 §1 超范围	08_out_of_scope_and_superseded
data/同源建模/swissmodel/web/fonts/glyphicons-halflings-regular_3.woff2	18028	no	SWISS-MODEL 同源建模、模板与 web 资源；v13 结构分析仅用实验结构 4U2X，属 §1 超范围	08_out_of_scope_and_superseded
data/同源建模/swissmodel/web/fonts/glyphicons-halflings-regular_4.eot	20127	no	SWISS-MODEL 同源建模、模板与 web 资源；v13 结构分析仅用实验结构 4U2X，属 §1 超范围	08_out_of_scope_and_superseded
data/同源建模/swissmodel/web/fonts/glyphicons-halflings-regular_4.svg	108738	no	SWISS-MODEL 同源建模、模板与 web 资源；v13 结构分析仅用实验结构 4U2X，属 §1 超范围	08_out_of_scope_and_superseded
data/同源建模/swissmodel/web/fonts/glyphicons-halflings-regular_4.ttf	45404	no	SWISS-MODEL 同源建模、模板与 web 资源；v13 结构分析仅用实验结构 4U2X，属 §1 超范围	08_out_of_scope_and_superseded
data/同源建模/swissmodel/web/fonts/glyphicons-halflings-regular_4.woff	23424	no	SWISS-MODEL 同源建模、模板与 web 资源；v13 结构分析仅用实验结构 4U2X，属 §1 超范围	08_out_of_scope_and_superseded
data/同源建模/swissmodel/web/fonts/glyphicons-halflings-regular_4.woff2	18028	no	SWISS-MODEL 同源建模、模板与 web 资源；v13 结构分析仅用实验结构 4U2X，属 §1 超范围	08_out_of_scope_and_superseded
data/同源建模/swissmodel/web/fonts/glyphicons-halflings-regular_5.eot	20127	no	SWISS-MODEL 同源建模、模板与 web 资源；v13 结构分析仅用实验结构 4U2X，属 §1 超范围	08_out_of_scope_and_superseded
data/同源建模/swissmodel/web/fonts/glyphicons-halflings-regular_5.svg	108738	no	SWISS-MODEL 同源建模、模板与 web 资源；v13 结构分析仅用实验结构 4U2X，属 §1 超范围	08_out_of_scope_and_superseded
data/同源建模/swissmodel/web/fonts/glyphicons-halflings-regular_5.ttf	45404	no	SWISS-MODEL 同源建模、模板与 web 资源；v13 结构分析仅用实验结构 4U2X，属 §1 超范围	08_out_of_scope_and_superseded
data/同源建模/swissmodel/web/fonts/glyphicons-halflings-regular_5.woff	23424	no	SWISS-MODEL 同源建模、模板与 web 资源；v13 结构分析仅用实验结构 4U2X，属 §1 超范围	08_out_of_scope_and_superseded
data/同源建模/swissmodel/web/fonts/glyphicons-halflings-regular_5.woff2	18028	no	SWISS-MODEL 同源建模、模板与 web 资源；v13 结构分析仅用实验结构 4U2X，属 §1 超范围	08_out_of_scope_and_superseded
data/同源建模/swissmodel/web/images/SWISS-MODEL.tsb.svg	8178	no	SWISS-MODEL 同源建模、模板与 web 资源；v13 结构分析仅用实验结构 4U2X，属 §1 超范围	08_out_of_scope_and_superseded
data/同源建模/swissmodel/web/images/SWISS-MODEL.tsb_1.svg	8178	no	SWISS-MODEL 同源建模、模板与 web 资源；v13 结构分析仅用实验结构 4U2X，属 §1 超范围	08_out_of_scope_and_superseded
data/同源建模/swissmodel/web/images/SWISS-MODEL.tsb_2.svg	8178	no	SWISS-MODEL 同源建模、模板与 web 资源；v13 结构分析仅用实验结构 4U2X，属 §1 超范围	08_out_of_scope_and_superseded
data/同源建模/swissmodel/web/images/SWISS-MODEL.tsb_3.svg	8178	no	SWISS-MODEL 同源建模、模板与 web 资源；v13 结构分析仅用实验结构 4U2X，属 §1 超范围	08_out_of_scope_and_superseded
data/同源建模/swissmodel/web/images/SWISS-MODEL.tsb_4.svg	8178	no	SWISS-MODEL 同源建模、模板与 web 资源；v13 结构分析仅用实验结构 4U2X，属 §1 超范围	08_out_of_scope_and_superseded
data/同源建模/swissmodel/web/images/SWISS-MODEL.tsb_5.svg	8178	no	SWISS-MODEL 同源建模、模板与 web 资源；v13 结构分析仅用实验结构 4U2X，属 §1 超范围	08_out_of_scope_and_superseded
data/同源建模/swissmodel/web/images/doi.png	4976	no	SWISS-MODEL 同源建模、模板与 web 资源；v13 结构分析仅用实验结构 4U2X，属 §1 超范围	08_out_of_scope_and_superseded
data/同源建模/swissmodel/web/images/doi_1.png	4976	no	SWISS-MODEL 同源建模、模板与 web 资源；v13 结构分析仅用实验结构 4U2X，属 §1 超范围	08_out_of_scope_and_superseded
data/同源建模/swissmodel/web/images/doi_2.png	4976	no	SWISS-MODEL 同源建模、模板与 web 资源；v13 结构分析仅用实验结构 4U2X，属 §1 超范围	08_out_of_scope_and_superseded
data/同源建模/swissmodel/web/images/doi_3.png	4976	no	SWISS-MODEL 同源建模、模板与 web 资源；v13 结构分析仅用实验结构 4U2X，属 §1 超范围	08_out_of_scope_and_superseded
data/同源建模/swissmodel/web/images/doi_4.png	4976	no	SWISS-MODEL 同源建模、模板与 web 资源；v13 结构分析仅用实验结构 4U2X，属 §1 超范围	08_out_of_scope_and_superseded
data/同源建模/swissmodel/web/images/doi_5.png	4976	no	SWISS-MODEL 同源建模、模板与 web 资源；v13 结构分析仅用实验结构 4U2X，属 §1 超范围	08_out_of_scope_and_superseded
data/同源建模/swissmodel/web/images/pubmed.png	5130	no	SWISS-MODEL 同源建模、模板与 web 资源；v13 结构分析仅用实验结构 4U2X，属 §1 超范围	08_out_of_scope_and_superseded
data/同源建模/swissmodel/web/images/pubmed_1.png	5130	no	SWISS-MODEL 同源建模、模板与 web 资源；v13 结构分析仅用实验结构 4U2X，属 §1 超范围	08_out_of_scope_and_superseded
data/同源建模/swissmodel/web/images/pubmed_2.png	5130	no	SWISS-MODEL 同源建模、模板与 web 资源；v13 结构分析仅用实验结构 4U2X，属 §1 超范围	08_out_of_scope_and_superseded
data/同源建模/swissmodel/web/images/pubmed_3.png	5130	no	SWISS-MODEL 同源建模、模板与 web 资源；v13 结构分析仅用实验结构 4U2X，属 §1 超范围	08_out_of_scope_and_superseded
data/同源建模/swissmodel/web/images/pubmed_4.png	5130	no	SWISS-MODEL 同源建模、模板与 web 资源；v13 结构分析仅用实验结构 4U2X，属 §1 超范围	08_out_of_scope_and_superseded
data/同源建模/swissmodel/web/images/pubmed_5.png	5130	no	SWISS-MODEL 同源建模、模板与 web 资源；v13 结构分析仅用实验结构 4U2X，属 §1 超范围	08_out_of_scope_and_superseded
data/同源建模/swissmodel/web/images/qmean_norm.png	51187	no	SWISS-MODEL 同源建模、模板与 web 资源；v13 结构分析仅用实验结构 4U2X，属 §1 超范围	08_out_of_scope_and_superseded
data/同源建模/swissmodel/web/images/qmean_norm_1.png	51187	no	SWISS-MODEL 同源建模、模板与 web 资源；v13 结构分析仅用实验结构 4U2X，属 §1 超范围	08_out_of_scope_and_superseded
data/同源建模/swissmodel/web/images/qmean_norm_2.png	51187	no	SWISS-MODEL 同源建模、模板与 web 资源；v13 结构分析仅用实验结构 4U2X，属 §1 超范围	08_out_of_scope_and_superseded
data/同源建模/swissmodel/web/images/qmean_norm_3.png	51187	no	SWISS-MODEL 同源建模、模板与 web 资源；v13 结构分析仅用实验结构 4U2X，属 §1 超范围	08_out_of_scope_and_superseded
data/同源建模/swissmodel/web/images/qmean_norm_4.png	51187	no	SWISS-MODEL 同源建模、模板与 web 资源；v13 结构分析仅用实验结构 4U2X，属 §1 超范围	08_out_of_scope_and_superseded
data/同源建模/swissmodel/web/images/qmean_norm_5.png	51187	no	SWISS-MODEL 同源建模、模板与 web 资源；v13 结构分析仅用实验结构 4U2X，属 §1 超范围	08_out_of_scope_and_superseded
data/同源建模/swissmodel/web/js/bio-pv.min.js	156744	no	SWISS-MODEL 同源建模、模板与 web 资源；v13 结构分析仅用实验结构 4U2X，属 §1 超范围	08_out_of_scope_and_superseded
data/同源建模/swissmodel/web/js/bio-pv.min_1.js	156744	no	SWISS-MODEL 同源建模、模板与 web 资源；v13 结构分析仅用实验结构 4U2X，属 §1 超范围	08_out_of_scope_and_superseded
data/同源建模/swissmodel/web/js/bio-pv.min_2.js	156744	no	SWISS-MODEL 同源建模、模板与 web 资源；v13 结构分析仅用实验结构 4U2X，属 §1 超范围	08_out_of_scope_and_superseded
data/同源建模/swissmodel/web/js/bio-pv.min_3.js	156744	no	SWISS-MODEL 同源建模、模板与 web 资源；v13 结构分析仅用实验结构 4U2X，属 §1 超范围	08_out_of_scope_and_superseded
data/同源建模/swissmodel/web/js/bio-pv.min_4.js	156744	no	SWISS-MODEL 同源建模、模板与 web 资源；v13 结构分析仅用实验结构 4U2X，属 §1 超范围	08_out_of_scope_and_superseded
data/同源建模/swissmodel/web/js/bio-pv.min_5.js	156744	no	SWISS-MODEL 同源建模、模板与 web 资源；v13 结构分析仅用实验结构 4U2X，属 §1 超范围	08_out_of_scope_and_superseded
data/同源建模/swissmodel/web/js/bootstrap-3.4.1.min.js	39680	no	SWISS-MODEL 同源建模、模板与 web 资源；v13 结构分析仅用实验结构 4U2X，属 §1 超范围	08_out_of_scope_and_superseded
data/同源建模/swissmodel/web/js/bootstrap-3.4.1.min_1.js	39680	no	SWISS-MODEL 同源建模、模板与 web 资源；v13 结构分析仅用实验结构 4U2X，属 §1 超范围	08_out_of_scope_and_superseded
data/同源建模/swissmodel/web/js/bootstrap-3.4.1.min_2.js	39680	no	SWISS-MODEL 同源建模、模板与 web 资源；v13 结构分析仅用实验结构 4U2X，属 §1 超范围	08_out_of_scope_and_superseded
data/同源建模/swissmodel/web/js/bootstrap-3.4.1.min_3.js	39680	no	SWISS-MODEL 同源建模、模板与 web 资源；v13 结构分析仅用实验结构 4U2X，属 §1 超范围	08_out_of_scope_and_superseded
data/同源建模/swissmodel/web/js/bootstrap-3.4.1.min_4.js	39680	no	SWISS-MODEL 同源建模、模板与 web 资源；v13 结构分析仅用实验结构 4U2X，属 §1 超范围	08_out_of_scope_and_superseded
data/同源建模/swissmodel/web/js/bootstrap-3.4.1.min_5.js	39680	no	SWISS-MODEL 同源建模、模板与 web 资源；v13 结构分析仅用实验结构 4U2X，属 §1 超范围	08_out_of_scope_and_superseded
data/同源建模/swissmodel/web/js/fancybox_sprite.png	1362	no	SWISS-MODEL 同源建模、模板与 web 资源；v13 结构分析仅用实验结构 4U2X，属 §1 超范围	08_out_of_scope_and_superseded
data/同源建模/swissmodel/web/js/fancybox_sprite_1.png	1362	no	SWISS-MODEL 同源建模、模板与 web 资源；v13 结构分析仅用实验结构 4U2X，属 §1 超范围	08_out_of_scope_and_superseded
data/同源建模/swissmodel/web/js/fancybox_sprite_2.png	1362	no	SWISS-MODEL 同源建模、模板与 web 资源；v13 结构分析仅用实验结构 4U2X，属 §1 超范围	08_out_of_scope_and_superseded
data/同源建模/swissmodel/web/js/fancybox_sprite_3.png	1362	no	SWISS-MODEL 同源建模、模板与 web 资源；v13 结构分析仅用实验结构 4U2X，属 §1 超范围	08_out_of_scope_and_superseded
data/同源建模/swissmodel/web/js/fancybox_sprite_4.png	1362	no	SWISS-MODEL 同源建模、模板与 web 资源；v13 结构分析仅用实验结构 4U2X，属 §1 超范围	08_out_of_scope_and_superseded
data/同源建模/swissmodel/web/js/fancybox_sprite_5.png	1362	no	SWISS-MODEL 同源建模、模板与 web 资源；v13 结构分析仅用实验结构 4U2X，属 §1 超范围	08_out_of_scope_and_superseded
data/同源建模/swissmodel/web/js/jquery-3.7.0.min.js	88788	no	SWISS-MODEL 同源建模、模板与 web 资源；v13 结构分析仅用实验结构 4U2X，属 §1 超范围	08_out_of_scope_and_superseded
data/同源建模/swissmodel/web/js/jquery-3.7.0.min_1.js	88788	no	SWISS-MODEL 同源建模、模板与 web 资源；v13 结构分析仅用实验结构 4U2X，属 §1 超范围	08_out_of_scope_and_superseded
data/同源建模/swissmodel/web/js/jquery-3.7.0.min_2.js	88788	no	SWISS-MODEL 同源建模、模板与 web 资源；v13 结构分析仅用实验结构 4U2X，属 §1 超范围	08_out_of_scope_and_superseded
data/同源建模/swissmodel/web/js/jquery-3.7.0.min_3.js	88788	no	SWISS-MODEL 同源建模、模板与 web 资源；v13 结构分析仅用实验结构 4U2X，属 §1 超范围	08_out_of_scope_and_superseded
data/同源建模/swissmodel/web/js/jquery-3.7.0.min_4.js	88788	no	SWISS-MODEL 同源建模、模板与 web 资源；v13 结构分析仅用实验结构 4U2X，属 §1 超范围	08_out_of_scope_and_superseded
data/同源建模/swissmodel/web/js/jquery-3.7.0.min_5.js	88788	no	SWISS-MODEL 同源建模、模板与 web 资源；v13 结构分析仅用实验结构 4U2X，属 §1 超范围	08_out_of_scope_and_superseded
data/同源建模/swissmodel/web/js/jquery-ui.min.js	255082	no	SWISS-MODEL 同源建模、模板与 web 资源；v13 结构分析仅用实验结构 4U2X，属 §1 超范围	08_out_of_scope_and_superseded
data/同源建模/swissmodel/web/js/jquery-ui.min_1.js	255082	no	SWISS-MODEL 同源建模、模板与 web 资源；v13 结构分析仅用实验结构 4U2X，属 §1 超范围	08_out_of_scope_and_superseded
data/同源建模/swissmodel/web/js/jquery-ui.min_2.js	255082	no	SWISS-MODEL 同源建模、模板与 web 资源；v13 结构分析仅用实验结构 4U2X，属 §1 超范围	08_out_of_scope_and_superseded
data/同源建模/swissmodel/web/js/jquery-ui.min_3.js	255082	no	SWISS-MODEL 同源建模、模板与 web 资源；v13 结构分析仅用实验结构 4U2X，属 §1 超范围	08_out_of_scope_and_superseded
data/同源建模/swissmodel/web/js/jquery-ui.min_4.js	255082	no	SWISS-MODEL 同源建模、模板与 web 资源；v13 结构分析仅用实验结构 4U2X，属 §1 超范围	08_out_of_scope_and_superseded
data/同源建模/swissmodel/web/js/jquery-ui.min_5.js	255082	no	SWISS-MODEL 同源建模、模板与 web 资源；v13 结构分析仅用实验结构 4U2X，属 §1 超范围	08_out_of_scope_and_superseded
data/同源建模/swissmodel/web/js/jquery.fancybox.css	4160	no	SWISS-MODEL 同源建模、模板与 web 资源；v13 结构分析仅用实验结构 4U2X，属 §1 超范围	08_out_of_scope_and_superseded
data/同源建模/swissmodel/web/js/jquery.fancybox.pack.js	22549	no	SWISS-MODEL 同源建模、模板与 web 资源；v13 结构分析仅用实验结构 4U2X，属 §1 超范围	08_out_of_scope_and_superseded
data/同源建模/swissmodel/web/js/jquery.fancybox.pack_1.js	22549	no	SWISS-MODEL 同源建模、模板与 web 资源；v13 结构分析仅用实验结构 4U2X，属 §1 超范围	08_out_of_scope_and_superseded
data/同源建模/swissmodel/web/js/jquery.fancybox.pack_2.js	22549	no	SWISS-MODEL 同源建模、模板与 web 资源；v13 结构分析仅用实验结构 4U2X，属 §1 超范围	08_out_of_scope_and_superseded
data/同源建模/swissmodel/web/js/jquery.fancybox.pack_3.js	22549	no	SWISS-MODEL 同源建模、模板与 web 资源；v13 结构分析仅用实验结构 4U2X，属 §1 超范围	08_out_of_scope_and_superseded
data/同源建模/swissmodel/web/js/jquery.fancybox.pack_4.js	22549	no	SWISS-MODEL 同源建模、模板与 web 资源；v13 结构分析仅用实验结构 4U2X，属 §1 超范围	08_out_of_scope_and_superseded
data/同源建模/swissmodel/web/js/jquery.fancybox.pack_5.js	22549	no	SWISS-MODEL 同源建模、模板与 web 资源；v13 结构分析仅用实验结构 4U2X，属 §1 超范围	08_out_of_scope_and_superseded
data/同源建模/swissmodel/web/js/jquery.fancybox_1.css	4160	no	SWISS-MODEL 同源建模、模板与 web 资源；v13 结构分析仅用实验结构 4U2X，属 §1 超范围	08_out_of_scope_and_superseded
data/同源建模/swissmodel/web/js/jquery.fancybox_2.css	4160	no	SWISS-MODEL 同源建模、模板与 web 资源；v13 结构分析仅用实验结构 4U2X，属 §1 超范围	08_out_of_scope_and_superseded
data/同源建模/swissmodel/web/js/jquery.fancybox_3.css	4160	no	SWISS-MODEL 同源建模、模板与 web 资源；v13 结构分析仅用实验结构 4U2X，属 §1 超范围	08_out_of_scope_and_superseded
data/同源建模/swissmodel/web/js/jquery.fancybox_4.css	4160	no	SWISS-MODEL 同源建模、模板与 web 资源；v13 结构分析仅用实验结构 4U2X，属 §1 超范围	08_out_of_scope_and_superseded
data/同源建模/swissmodel/web/js/jquery.fancybox_5.css	4160	no	SWISS-MODEL 同源建模、模板与 web 资源；v13 结构分析仅用实验结构 4U2X，属 §1 超范围	08_out_of_scope_and_superseded
data/同源建模/swissmodel/web/js/ngl.js	1296437	no	SWISS-MODEL 同源建模、模板与 web 资源；v13 结构分析仅用实验结构 4U2X，属 §1 超范围	08_out_of_scope_and_superseded
data/同源建模/swissmodel/web/js/ngl_1.js	1296437	no	SWISS-MODEL 同源建模、模板与 web 资源；v13 结构分析仅用实验结构 4U2X，属 §1 超范围	08_out_of_scope_and_superseded
data/同源建模/swissmodel/web/js/ngl_2.js	1296437	no	SWISS-MODEL 同源建模、模板与 web 资源；v13 结构分析仅用实验结构 4U2X，属 §1 超范围	08_out_of_scope_and_superseded
data/同源建模/swissmodel/web/js/ngl_3.js	1296437	no	SWISS-MODEL 同源建模、模板与 web 资源；v13 结构分析仅用实验结构 4U2X，属 §1 超范围	08_out_of_scope_and_superseded
data/同源建模/swissmodel/web/js/ngl_4.js	1296437	no	SWISS-MODEL 同源建模、模板与 web 资源；v13 结构分析仅用实验结构 4U2X，属 §1 超范围	08_out_of_scope_and_superseded
data/同源建模/swissmodel/web/js/ngl_5.js	1296437	no	SWISS-MODEL 同源建模、模板与 web 资源；v13 结构分析仅用实验结构 4U2X，属 §1 超范围	08_out_of_scope_and_superseded
data/同源建模/swissmodel/web/js/raphael-min.js	92540	no	SWISS-MODEL 同源建模、模板与 web 资源；v13 结构分析仅用实验结构 4U2X，属 §1 超范围	08_out_of_scope_and_superseded
data/同源建模/swissmodel/web/js/raphael-min_1.js	92540	no	SWISS-MODEL 同源建模、模板与 web 资源；v13 结构分析仅用实验结构 4U2X，属 §1 超范围	08_out_of_scope_and_superseded
data/同源建模/swissmodel/web/js/raphael-min_2.js	92540	no	SWISS-MODEL 同源建模、模板与 web 资源；v13 结构分析仅用实验结构 4U2X，属 §1 超范围	08_out_of_scope_and_superseded
data/同源建模/swissmodel/web/js/raphael-min_3.js	92540	no	SWISS-MODEL 同源建模、模板与 web 资源；v13 结构分析仅用实验结构 4U2X，属 §1 超范围	08_out_of_scope_and_superseded
data/同源建模/swissmodel/web/js/raphael-min_4.js	92540	no	SWISS-MODEL 同源建模、模板与 web 资源；v13 结构分析仅用实验结构 4U2X，属 §1 超范围	08_out_of_scope_and_superseded
data/同源建模/swissmodel/web/js/raphael-min_5.js	92540	no	SWISS-MODEL 同源建模、模板与 web 资源；v13 结构分析仅用实验结构 4U2X，属 §1 超范围	08_out_of_scope_and_superseded
data/同源建模/swissmodel/web/js/smng.min.js	212097	no	SWISS-MODEL 同源建模、模板与 web 资源；v13 结构分析仅用实验结构 4U2X，属 §1 超范围	08_out_of_scope_and_superseded
data/同源建模/swissmodel/web/js/smng.min_1.js	212097	no	SWISS-MODEL 同源建模、模板与 web 资源；v13 结构分析仅用实验结构 4U2X，属 §1 超范围	08_out_of_scope_and_superseded
data/同源建模/swissmodel/web/js/smng.min_2.js	212097	no	SWISS-MODEL 同源建模、模板与 web 资源；v13 结构分析仅用实验结构 4U2X，属 §1 超范围	08_out_of_scope_and_superseded
data/同源建模/swissmodel/web/js/smng.min_3.js	212097	no	SWISS-MODEL 同源建模、模板与 web 资源；v13 结构分析仅用实验结构 4U2X，属 §1 超范围	08_out_of_scope_and_superseded
data/同源建模/swissmodel/web/js/smng.min_4.js	212097	no	SWISS-MODEL 同源建模、模板与 web 资源；v13 结构分析仅用实验结构 4U2X，属 §1 超范围	08_out_of_scope_and_superseded
data/同源建模/swissmodel/web/js/smng.min_5.js	212097	no	SWISS-MODEL 同源建模、模板与 web 资源；v13 结构分析仅用实验结构 4U2X，属 §1 超范围	08_out_of_scope_and_superseded
data/同源建模/templates/6GBO-assembly1.cif	693267	no	SWISS-MODEL 同源建模、模板与 web 资源；v13 结构分析仅用实验结构 4U2X，属 §1 超范围	08_out_of_scope_and_superseded
data/同源建模/templates/6GBO-assembly2.cif	688088	no	SWISS-MODEL 同源建模、模板与 web 资源；v13 结构分析仅用实验结构 4U2X，属 §1 超范围	08_out_of_scope_and_superseded
data/同源建模/templates/6GBO_assembly_check.md	1958	no	SWISS-MODEL 同源建模、模板与 web 资源；v13 结构分析仅用实验结构 4U2X，属 §1 超范围	08_out_of_scope_and_superseded
data/同源建模/templates/7YER.cif	1664345	no	SWISS-MODEL 同源建模、模板与 web 资源；v13 结构分析仅用实验结构 4U2X，属 §1 超范围	08_out_of_scope_and_superseded
data/同源建模/templates/BDBV_VP35_tetramer_backbone.pdb	86604	no	SWISS-MODEL 同源建模、模板与 web 资源；v13 结构分析仅用实验结构 4U2X，属 §1 超范围	08_out_of_scope_and_superseded
data/同源建模/templates/BDBV_VP35_tetramer_backbone.png	128818	no	SWISS-MODEL 同源建模、模板与 web 资源；v13 结构分析仅用实验结构 4U2X，属 §1 超范围	08_out_of_scope_and_superseded
data/同源建模/templates/BDBV_VP35_tetramer_full.pdb	343499	no	SWISS-MODEL 同源建模、模板与 web 资源；v13 结构分析仅用实验结构 4U2X，属 §1 超范围	08_out_of_scope_and_superseded
data/同源建模/templates/BDBV_VP35_tetramer_min.pdb	343499	no	SWISS-MODEL 同源建模、模板与 web 资源；v13 结构分析仅用实验结构 4U2X，属 §1 超范围	08_out_of_scope_and_superseded
data/同源建模/templates/BDBV_VP35_tetramer_min.png	131734	no	SWISS-MODEL 同源建模、模板与 web 资源；v13 结构分析仅用实验结构 4U2X，属 §1 超范围	08_out_of_scope_and_superseded
data/同源建模/templates/VP35_oligotetramer_7YER.pdb	163356	no	SWISS-MODEL 同源建模、模板与 web 资源；v13 结构分析仅用实验结构 4U2X，属 §1 超范围	08_out_of_scope_and_superseded
data/同源建模/templates/VP35_oligotetramer_7YER.png	128858	no	SWISS-MODEL 同源建模、模板与 web 资源；v13 结构分析仅用实验结构 4U2X，属 §1 超范围	08_out_of_scope_and_superseded
figures/_backup_pre_v2_reexport_20260927/Fig1_configuration.png	1974676	no	渲染成图（位图/矢量/矢量导出），不是数值源数据；删掉后可由源表与脚本重算（§3.7 生成物对照）	08_out_of_scope_and_superseded
figures/_backup_pre_v2_reexport_20260927/Fig2_partition.pdf	67830	no	渲染成图（位图/矢量/矢量导出），不是数值源数据；删掉后可由源表与脚本重算（§3.7 生成物对照）	08_out_of_scope_and_superseded
figures/main_v1_20260926/Fig1_configuration.png	1983413	no	渲染成图（位图/矢量/矢量导出），不是数值源数据；删掉后可由源表与脚本重算（§3.7 生成物对照）	08_out_of_scope_and_superseded
figures/main_v1_20260926/Fig2_partition.tiff	46719626	no	渲染成图（位图/矢量/矢量导出），不是数值源数据；删掉后可由源表与脚本重算（§3.7 生成物对照）	08_out_of_scope_and_superseded
figures/main_v1_20260926/Fig3_tone_tracking.pdf	48731	no	渲染成图（位图/矢量/矢量导出），不是数值源数据；删掉后可由源表与脚本重算（§3.7 生成物对照）	08_out_of_scope_and_superseded
figures/main_v1_20260926/Fig4_check_and_gaps.svg	55283	no	渲染成图（位图/矢量/矢量导出），不是数值源数据；删掉后可由源表与脚本重算（§3.7 生成物对照）	08_out_of_scope_and_superseded
figures/main_v1_20260926/Fig5_joint_axis.png	597213	no	渲染成图（位图/矢量/矢量导出），不是数值源数据；删掉后可由源表与脚本重算（§3.7 生成物对照）	08_out_of_scope_and_superseded
figures/main_v1_20260926/FigS4_nasal_epithelium.png	611567	no	渲染成图（位图/矢量/矢量导出），不是数值源数据；删掉后可由源表与脚本重算（§3.7 生成物对照）	08_out_of_scope_and_superseded
figures/main_v1_20260926/FigS_configuration_support.eps	159432	no	渲染成图（位图/矢量/矢量导出），不是数值源数据；删掉后可由源表与脚本重算（§3.7 生成物对照）	08_out_of_scope_and_superseded
figures/pymol_publication/interfaces/gp_npc1_interface_fig2_clean.png	901200	no	渲染成图（位图/矢量/矢量导出），不是数值源数据；删掉后可由源表与脚本重算（§3.7 生成物对照）	08_out_of_scope_and_superseded
manuscript/BDBV_VP24_restriction_gradient_Supplementary_v12_20261002.docx	1471794	no	手稿/补充稿 DOCX 产物（含历史版本），§1 明确不收（§3.7 生成物对照）	08_out_of_scope_and_superseded
manuscript/BDBV_VP24_restriction_gradient_Supplementary_v13_20261002.docx	1471794	no	手稿/补充稿 DOCX 产物（含历史版本），§1 明确不收（§3.7 生成物对照）	08_out_of_scope_and_superseded
manuscript/BDBV_VP24_restriction_gradient_v12_20261002.docx	3048083	no	手稿/补充稿 DOCX 产物（含历史版本），§1 明确不收（§3.7 生成物对照）	08_out_of_scope_and_superseded
manuscript/BDBV_VP24_restriction_gradient_v13_20261002.docx	2906789	no	手稿/补充稿 DOCX 产物（含历史版本），§1 明确不收（§3.7 生成物对照）	08_out_of_scope_and_superseded
manuscript/editorial_20260927/_render_qa_v3_20260927/manuscript_v3.pdf	931842	no	渲染成图（位图/矢量/矢量导出），不是数值源数据；删掉后可由源表与脚本重算（§3.7 生成物对照）	08_out_of_scope_and_superseded
manuscript/editorial_20260927/_render_qa_v3_20260927/page-05.png	389371	no	渲染成图（位图/矢量/矢量导出），不是数值源数据；删掉后可由源表与脚本重算（§3.7 生成物对照）	08_out_of_scope_and_superseded
manuscript/v5_20260930/_main_t1.docx	3207469	no	手稿/补充稿 DOCX 产物（含历史版本），§1 明确不收（§3.7 生成物对照）	08_out_of_scope_and_superseded
manuscript/v5_20260930/figures/Fig1_configuration.tiff	24438942	no	渲染成图（位图/矢量/矢量导出），不是数值源数据；删掉后可由源表与脚本重算（§3.7 生成物对照）	08_out_of_scope_and_superseded
manuscript/v5_20260930/figures/Fig2_partition.eps	659723	no	渲染成图（位图/矢量/矢量导出），不是数值源数据；删掉后可由源表与脚本重算（§3.7 生成物对照）	08_out_of_scope_and_superseded
manuscript/v5_20260930/figures/Fig3_joint_axis.png	597159	no	渲染成图（位图/矢量/矢量导出），不是数值源数据；删掉后可由源表与脚本重算（§3.7 生成物对照）	08_out_of_scope_and_superseded
manuscript/v5_20260930/figures/FigS4_nasal_epithelium.pdf	51079	no	渲染成图（位图/矢量/矢量导出），不是数值源数据；删掉后可由源表与脚本重算（§3.7 生成物对照）	08_out_of_scope_and_superseded
manuscript/v5_20260930/figures/figstyle.py	11593	no	手稿装配/导出/渲染产物与旧版图件，§1 明确不收	08_out_of_scope_and_superseded
report/AI提示词_原始数据提取整理与投稿打包_20261002.md	52667	no	叙述性报告/历史记录文本（report/ 共 243 个文件，同类规则；抽样登记）	08_out_of_scope_and_superseded
report/S_修订全文_v12_clean.md	69864	no	叙述性报告/历史记录文本（report/ 共 243 个文件，同类规则；抽样登记）	08_out_of_scope_and_superseded
report/S_修订全文_v13_clean.md	70322	no	叙述性报告/历史记录文本（report/ 共 243 个文件，同类规则；抽样登记）	08_out_of_scope_and_superseded
report/S_全面复盘报告_20261002.md	22064	no	叙述性报告/历史记录文本（report/ 共 243 个文件，同类规则；抽样登记）	08_out_of_scope_and_superseded
report/T_Fig3_修改说明_20261002.md	4319	no	叙述性报告/历史记录文本（report/ 共 243 个文件，同类规则；抽样登记）	08_out_of_scope_and_superseded
report/U_Fig2_修改说明_20261002.md	11405	no	叙述性报告/历史记录文本（report/ 共 243 个文件，同类规则；抽样登记）	08_out_of_scope_and_superseded
report/W14_多器官外部资源检验_20260924.md	7923	no	叙述性报告/历史记录文本（report/ 共 243 个文件，同类规则；抽样登记）	08_out_of_scope_and_superseded
report/全文_带段落号_主稿_v11_20261002.txt	76332	no	叙述性报告/历史记录文本（report/ 共 243 个文件，同类规则；抽样登记）	08_out_of_scope_and_superseded
report/全文_带段落号_补充_v11_20261002.txt	52131	no	叙述性报告/历史记录文本（report/ 共 243 个文件，同类规则；抽样登记）	08_out_of_scope_and_superseded
report/外部评审_两份模型结果_综合评价_20261002.md	33652	no	叙述性报告/历史记录文本（report/ 共 243 个文件，同类规则；抽样登记）	08_out_of_scope_and_superseded
report/生信计算执行记录_20261002.md	24044	no	叙述性报告/历史记录文本（report/ 共 243 个文件，同类规则；抽样登记）	08_out_of_scope_and_superseded
report/研究进展快照.json	26399	no	叙述性报告/历史记录文本（report/ 共 243 个文件，同类规则；抽样登记）	08_out_of_scope_and_superseded
tools/analyze_af3_glyco_20260919.py	10887	no	对应结构预测/对接/FoldX/静电/旧 two-gate 框架或 DOCX 装配，§1 已确认超范围/非数据	08_out_of_scope_and_superseded
tools/analyze_haddock_results.py	12581	no	对应结构预测/对接/FoldX/静电/旧 two-gate 框架或 DOCX 装配，§1 已确认超范围/非数据	08_out_of_scope_and_superseded
tools/apbs_electrostatics_20260919.py	16303	no	对应结构预测/对接/FoldX/静电/旧 two-gate 框架或 DOCX 装配，§1 已确认超范围/非数据	08_out_of_scope_and_superseded
tools/b1_foldx_run_20260924.py	10745	no	对应结构预测/对接/FoldX/静电/旧 two-gate 框架或 DOCX 装配，§1 已确认超范围/非数据	08_out_of_scope_and_superseded
tools/bdbv_2026_sequon_scan_v3_20260919.py	8713	no	对应结构预测/对接/FoldX/静电/旧 two-gate 框架或 DOCX 装配，§1 已确认超范围/非数据	08_out_of_scope_and_superseded
tools/build_manuscript_docx.py	53230	no	对应结构预测/对接/FoldX/静电/旧 two-gate 框架或 DOCX 装配，§1 已确认超范围/非数据	08_out_of_scope_and_superseded
tools/build_manuscript_docx_v2_20260927.py	120863	no	对应结构预测/对接/FoldX/静电/旧 two-gate 框架或 DOCX 装配，§1 已确认超范围/非数据	08_out_of_scope_and_superseded
tools/build_supplementary_docx_v2_20260927.py	7783	no	对应结构预测/对接/FoldX/静电/旧 two-gate 框架或 DOCX 装配，§1 已确认超范围/非数据	08_out_of_scope_and_superseded
tools/build_uniform_figures.py	28720	no	绘图/成图脚本（风格与版式），删掉后源数据仍可重算，按 §1 不属于数据	08_out_of_scope_and_superseded
tools/compute_ebov_bdbv_prodigy_delta.py	2584	no	对应结构预测/对接/FoldX/静电/旧 two-gate 框架或 DOCX 装配，§1 已确认超范围/非数据	08_out_of_scope_and_superseded
tools/d4_kotliar_contrast_20260924.py	8001	no	对应结构预测/对接/FoldX/静电/旧 two-gate 框架或 DOCX 装配，§1 已确认超范围/非数据	08_out_of_scope_and_superseded
tools/g7_kpna_axis_figure_20260926.py	3341	no	绘图/成图脚本（风格与版式），删掉后源数据仍可重算，按 §1 不属于数据	08_out_of_scope_and_superseded
tools/gp_sequon_exposure_20260919.py	10942	no	对应结构预测/对接/FoldX/静电/旧 two-gate 框架或 DOCX 装配，§1 已确认超范围/非数据	08_out_of_scope_and_superseded
tools/make_alphafold3_jobs.py	6758	no	对应结构预测/对接/FoldX/静电/旧 two-gate 框架或 DOCX 装配，§1 已确认超范围/非数据	08_out_of_scope_and_superseded
tools/make_boltz_gp_yamls.py	1233	no	对应结构预测/对接/FoldX/静电/旧 two-gate 框架或 DOCX 装配，§1 已确认超范围/非数据	08_out_of_scope_and_superseded
tools/make_new_figures_20260918.py	15965	no	绘图/成图脚本（风格与版式），删掉后源数据仍可重算，按 §1 不属于数据	08_out_of_scope_and_superseded
tools/nma_flexibility_20260919.py	7842	no	对应结构预测/对接/FoldX/静电/旧 two-gate 框架或 DOCX 装配，§1 已确认超范围/非数据	08_out_of_scope_and_superseded
tools/prepare_prodigy_inputs.py	6067	no	对应结构预测/对接/FoldX/静电/旧 two-gate 框架或 DOCX 装配，§1 已确认超范围/非数据	08_out_of_scope_and_superseded
tools/redesign_publication_figures.py	52323	no	绘图/成图脚本（风格与版式），删掉后源数据仍可重算，按 §1 不属于数据	08_out_of_scope_and_superseded
tools/redraw_publication_figures.py	51771	no	绘图/成图脚本（风格与版式），删掉后源数据仍可重算，按 §1 不属于数据	08_out_of_scope_and_superseded
tools/render_pymol_publication.py	33398	no	绘图/成图脚本（风格与版式），删掉后源数据仍可重算，按 §1 不属于数据	08_out_of_scope_and_superseded
tools/run_foldx_ddg_20260919.py	27019	no	对应结构预测/对接/FoldX/静电/旧 two-gate 框架或 DOCX 装配，§1 已确认超范围/非数据	08_out_of_scope_and_superseded
tools/shape_complementarity_20260919.py	16660	no	对应结构预测/对接/FoldX/静电/旧 two-gate 框架或 DOCX 装配，§1 已确认超范围/非数据	08_out_of_scope_and_superseded
tools/two_gate_analysis_20260924.py	10520	no	对应结构预测/对接/FoldX/静电/旧 two-gate 框架或 DOCX 装配，§1 已确认超范围/非数据	08_out_of_scope_and_superseded
tools/visualize_stageC.py	3067	no	绘图/成图脚本（风格与版式），删掉后源数据仍可重算，按 §1 不属于数据	08_out_of_scope_and_superseded
tools/w10_panels_20260924.py	3707	no	绘图/成图脚本（风格与版式），删掉后源数据仍可重算，按 §1 不属于数据	08_out_of_scope_and_superseded
tools/w13_kotliar_two_gate_20260924.py	13427	no	对应结构预测/对接/FoldX/静电/旧 two-gate 框架或 DOCX 装配，§1 已确认超范围/非数据	08_out_of_scope_and_superseded
tools/w16_figure_20260924.py	3712	no	绘图/成图脚本（风格与版式），删掉后源数据仍可重算，按 §1 不属于数据	08_out_of_scope_and_superseded
