column	tissue	animal	day	is_vendor	hepatocytes	cholangiocytes	hepatic_stellate	macrophages	kidney_tubule	podocytes	neurons	astrocytes	oligodendrocytes	microglia	ependymal	adrenal_cortex	adrenal_medulla	t_cells	b_cells	nk_cells	plasma_cells	innate_lymphoid	monocytes	neutrophils	mast_cells	dendritic_cells	lymphatic_endothelial	vascular_endothelial	fibroblasts	smooth_muscle	keratinocytes	melanocytes	alveolar_epithelium	airway_epithelium	germ_cells	sertoli	leydig	peritubular_myoid	granulosa	oocytes	ovarian_stroma	epididymal_epithelium	adipocytes	hematopoietic_progenitors	megakaryocytes_platelets	erythrocytes
A0002_S124_L002	kidney	RA1803	6.0	False	0.03205741019498825	0.03545010791913281	0.07121784712054684	0.03519214218158951	0.10118925413756923	0.05847047897418872	0.0033886519673206996	0.007245853947730281	0.009070917669125168	0.023797778005611604	0.006482485948877611	0.05575218695068807	0.004460876903640197	0.009270972730893452	0.015437582266452718	0.007410811630240971	0.009614927047617875	0.009604397833840596	0.010090496536558271	0.015395465411343602	0.015505103257539494	0.015570952307631574	0.01956503406714577	0.03453231145154673	0.05545561409596138	0.023811816957314647	0.008095210525764054	0.020161689514524867	0.03455152064428228	0.015951758872576473	0.0003316702339842632	0.009864118440346792	0.02072324758264637	0.02191655847740457	0.03313719062605737	0.0031359508366660227	0.06184509198980639	0.01707136527089372	0.022867697455285368	0.010255454219068965	0.025694791354484565	0.00935520644111168
A0003	liver	RA1803	6.0	False	0.3293025460555063	0.08111316737046945	0.028600922260552962	0.02182469967672407	0.015031906070240797	0.016216402769575845	0.001142737722246015	0.0070287649690816386	0.003804043960539374	0.014135745165091945	0.001708141015213446	0.07256185683990342	0.0008656702234647887	0.006025886678038587	0.006723195311334879	0.006625757698127125	0.012096846537697084	0.006388460653716413	0.012589337330985245	0.02012848979782178	0.016706185980627435	0.013804324712004356	0.012959202556631	0.025980712158442464	0.028638041351298778	0.01775551935371462	0.0036834069156154903	0.02472529148214667	0.01919052064261209	0.005424689976137697	0.0001080430677065548	0.003513719643634643	0.023973629894544008	0.027820095673078603	0.03053045213842892	0.001236861130922891	0.03703822415525686	0.003279073962848629	0.015350069705204883	0.005443912362416776	0.013222350396382546	0.005701094634012746
A0006_S89_L002	brain	RA1803	6.0	False	0.002562645529387118	0.005994884582242437	0.018770517366604563	0.011200435948051875	0.015672167642320295	0.04706334248046352	0.1091168432094306	0.08014016297860835	0.0493719700869904	0.030571771784893717	0.017437614023104148	0.04437613994803556	0.07758711817966939	0.008918597946553981	0.014870690837942175	0.011294115055057112	0.007601886053647064	0.015881499967850515	0.0058242960849180896	0.007040389677708273	0.014075467959091406	0.014713402460748195	0.022317023312673136	0.027219563245947122	0.013925804042593073	0.027117210147552508	0.003691072469224798	0.035619456507416554	0.019802923337404306	0.004766647401507129	0.0005308482730296669	0.030987545105491034	0.023427872476605584	0.03238926211401381	0.022845558521332306	0.008355945038429942	0.03025835156269101	0.00594457543218407	0.021442106714531645	0.011878163808608268	0.03111649844414639	0.01627761224129858
A0008_S140_L002	lymph node	RA1803	6.0	False	0.003747918824286906	0.00396194814997425	0.04200853518242541	0.051799816388208596	0.009119211954964622	0.02016312927612327	0.003749378846882327	0.005119926624389341	0.005326069931369684	0.038468339410507875	0.0024737196837641188	0.019193414332062668	0.0019462662733016587	0.06637761897188742	0.0818998944620374	0.05881184408023894	0.03552974553447176	0.04015009016490364	0.027027385873098834	0.030130052993466234	0.03322333813877715	0.042792090099263956	0.03272945698939439	0.03975831270648437	0.030218926000812354	0.03181864013304247	0.0016691297356010442	0.02003849671552546	0.010023091595692007	0.0016680779840348178	0.000449623794561718	0.007197135967686167	0.03353299518599123	0.025115301525699525	0.022539561940011454	0.0020503896783580565	0.05043096172476514	0.0040566057909346125	0.012542137427247923	0.018730117767140012	0.0245294759033115	0.00788182623729945
A0009_S139_L002	lymph node	RA1803	6.0	False	0.0035359480292633796	0.0042941699749043175	0.0375726886402994	0.05566014813943265	0.008434234656354404	0.019737165323161523	0.0037879840422107625	0.0047681736162874045	0.005740422181169975	0.0390102832458092	0.002252274836635802	0.028753190750309427	0.0018289181596744695	0.05761503439010482	0.08513927871312058	0.05268972532009863	0.0382371594983113	0.03658139335375394	0.02836013567599358	0.032625302688365776	0.03385566270653116	0.05374162381193509	0.030695090599847805	0.03770688145201516	0.02357724413842122	0.03407848097523612	0.0021968661917983277	0.019314674406275774	0.011336474421511547	0.0016163740611182173	0.0003662165119726868	0.007157238544865724	0.02581739833399882	0.022384659634302133	0.026542905277339515	0.0018977460856835211	0.05295724518345458	0.00427901917358157	0.012044021291508349	0.01902464478095462	0.024137823787362865	0.008648077395024037
A0010_S19_L001	lymph node	RA1082	6.0	False	0.0035474265512394727	0.002734855319815816	0.021996312254608772	0.04050828572922681	0.009126904067469604	0.019118528027012274	0.0027053656752596047	0.004642509585850987	0.005953435661901847	0.04127786856705837	0.0024686502290743122	0.07462898923916804	0.0017499858146396159	0.09018858746244152	0.08372998744210235	0.07414615752257141	0.029915467051331687	0.05401908739003175	0.019824239509179355	0.029081119552162006	0.02988558758819526	0.04100049715539652	0.026420855256094226	0.02992261349672072	0.01582133678564688	0.023803916285197464	0.0020291438376487426	0.01668293010786225	0.009861185867036267	0.0018000109323628509	0.0006418401265025847	0.007433196510268628	0.016864271159608972	0.016708835972397494	0.022324155436830685	0.0027129693308119004	0.05453497141655261	0.0027692475882505406	0.009278319379149753	0.017592315283616777	0.03147607206316191	0.009071965768541407
A0012_S16_L001	sex organ	RA1803	6.0	False	0.0017397167239053982	0.0027900883804872633	0.08991397141298814	0.019672081802827122	0.005406068281692949	0.021526337107175907	0.002692260526886197	0.005212372598492197	0.004337477490102274	0.01414413758563707	0.0014146313941628091	0.09943552887369929	0.0028314391443166383	0.010207109597882421	0.013447703668510766	0.009351801693411679	0.006156911098594751	0.00783270521167992	0.008929588631153855	0.010605382744239026	0.01371083867526085	0.019082289329260788	0.02153286617514897	0.029755139109221427	0.058202288267840005	0.15936149108642697	0.013647928419684579	0.013719748167388227	0.007277515363540189	0.0018116550483382422	0.0001414631394162809	0.00532989582200726	0.06504039879162393	0.09126548848341137	0.035065447727309504	0.0008509551924887051	0.07724975590124446	0.0035148149254968257	0.014446651068388813	0.008413792261282187	0.01848814414371241	0.00444411893366224
A0013_S47_L001	skin	RA1803	6.0	False	0.0015854109959753295	0.0022068321150966797	0.027343388251365175	0.010241123012437504	0.0032323117224836123	0.021023699257575308	0.0034893652774019373	0.005789174210235034	0.0038421302623430414	0.018745767223033137	0.0018376594564373837	0.03456823391194192	0.0035139767879792234	0.004389052719616073	0.005923170212266923	0.004987932810330041	0.012163555449752204	0.004873079094302704	0.0031612118030381183	0.005198497956380158	0.017904621788956746	0.01310973130083455	0.019667331563538185	0.011641244503056461	0.09502230772661636	0.08796974264008064	0.006691596264735531	0.027296899842496978	0.011933793204354988	0.0011195701158760582	8.750759316368492e-05	0.00372454193402934	0.030518273115835118	0.0331489701353184	0.022369128502466962	0.008105390816786318	0.03796462237160743	0.009210174180477839	0.35431824471976003	0.0061911622163307095	0.018589894322710316	0.005299678610975668
A0014	skin	A0014 [A0014]	6.0	False	0.001376459406140173	0.003273419000990082	0.01928619559008917	0.009103567479998251	0.004767193231454193	0.02408559958662076	0.003869318154921858	0.006373705139689178	0.004847720144147676	0.0206994429078598	0.002158121260185343	0.019165405221048946	0.003941792376345991	0.0039740031414233845	0.006579048767057559	0.004924220711206484	0.010234970603341683	0.005624804851639786	0.0035472105041479255	0.005274512781423136	0.016882033410073854	0.012546092997644646	0.023968835563215198	0.012340749370276264	0.08127178663589771	0.0940916711367002	0.010903343978697595	0.02837365768754872	0.013895059505788714	0.0015718115038179375	0.00010871133213620199	0.005185933177460305	0.02062294234080099	0.026557775806310687	0.019153326184144927	0.007782926111825129	0.030918308128662784	0.010528893834672905	0.38749147753540514	0.008419088722103644	0.017474340054485806	0.006804524122599312
A0016_S123_L002	kidney	RA0850	4.0	False	0.040739437789153135	0.04548833081592401	0.060440821877086395	0.02482982401863066	0.1291327289362035	0.0534431292998709	0.0043146042106396824	0.008776245031724215	0.008061328532696137	0.024061642495227954	0.010927652656855283	0.08004651217697523	0.005909920907565069	0.006254479033988383	0.014325794758754758	0.005494620170644217	0.007370547747837804	0.009005950449339757	0.009263120645148462	0.012761966933756199	0.012994723653746843	0.010537319900110033	0.017376881936213364	0.02196932575651248	0.045050558896845116	0.019722207540708272	0.010024644040504332	0.018729314195725155	0.036177830324064776	0.012514783930017736	0.00031126748618917556	0.012440712255496783	0.022577712206791327	0.02732578977018503	0.0203755363553032	0.003859217469142265	0.056466751699136356	0.01601779154865474	0.034933533329691055	0.009655117933905416	0.020811643742370396	0.009478677540664495
A0018	adrenal gland	RA0850	4.0	False	0.005301037184081323	0.006554500680397461	0.030254678101741313	0.01845046070220747	0.009092713230038156	0.024311794903184986	0.04554511514776959	0.010020333077497204	0.008073350760302937	0.022894881070253028	0.008267029629552627	0.19632921167100328	0.12259872423505479	0.004209967000006456	0.013170163108979033	0.006340434561753064	0.0061977238159901344	0.006574887929792164	0.006105981193713964	0.009612588089603115	0.017956037940328975	0.006982632917686252	0.027216977941930353	0.02414869690802735	0.03598349518165324	0.03206914329787001	0.003924545508480594	0.019276144302692998	0.016279218641671454	0.004118224377730287	0.00012232349636822633	0.014107976581135433	0.04375103720103561	0.04448497817924497	0.021426999113834305	0.0020285313147730866	0.06336357111874123	0.004546356615019077	0.026360713467352765	0.011712474777257668	0.013883716837793688	0.006350628186450415
A0020_S88_L002	brain	RA0850	4.0	False	0.002454247218234825	0.0053881482372065284	0.025169815562411834	0.012261413876857068	0.014845747286063334	0.04084826570384471	0.10221462078633173	0.07930032492887804	0.045470349715116695	0.030960748381361196	0.01603601190336925	0.05117655477670848	0.07300772029554235	0.007823547826516867	0.014172831727343271	0.010123278956407834	0.007040891558399803	0.014230716936695531	0.0053338808534387815	0.0066266505289726664	0.01299511717043874	0.013069394924065746	0.025505067399910358	0.02928931296131459	0.01847864714384862	0.029844046217607112	0.0043317431665277194	0.03337926478461046	0.019325719735976413	0.004574137480690323	0.0004558460236490751	0.028743624268983352	0.032145586260290335	0.03767060889877774	0.020386447168750304	0.00709093814565228	0.032279445806917446	0.005131885591636612	0.021349391745162434	0.01077207567789779	0.0336083937382965	0.01508753862929518
A0022_S185_L002	lymph node	RA0850	4.0	False	0.0032779602012949216	0.0026407446184733025	0.029192262510576498	0.034262560580042796	0.007283530203161672	0.018809694305259573	0.0019947964468267037	0.005376824521052083	0.005132714892243885	0.05122283587615302	0.0031943732862607277	0.06137069972732688	0.0030562867536774556	0.06319147539999609	0.1276069190439114	0.05762056021085483	0.0417936205118909	0.03947778538184883	0.018961888749840516	0.02359270398495511	0.03220425949859665	0.05832510078576885	0.028031993626889174	0.024511428314742886	0.022152841936223026	0.022556841234338168	0.0033003963824856557	0.016368170504692785	0.012827939618246704	0.0015292121580506724	0.00032961212576378764	0.007320296276852576	0.02253290053519061	0.019684384849115225	0.011222630237905564	0.0021324322740723383	0.041172444871508555	0.003112290889183365	0.017844371114630997	0.01684698448764407	0.026544677692346752	0.010388553380103813
A0023_S184_L002	lymph node	RA0850	4.0	False	0.002972082072076713	0.0029174626954196915	0.030170332894822485	0.03536708848546311	0.008009534280980392	0.019105636188663427	0.0019327583052814738	0.005567175916308041	0.005377939445586644	0.04854599946344782	0.0030036256842162433	0.06476235711190537	0.0029625573437618118	0.062306309300414905	0.12651223066224163	0.05840240117251132	0.04715813113456131	0.03886635267065391	0.018497261066833567	0.02276434216620673	0.02970516962613246	0.05309250633022664	0.02853685978478692	0.027481161856634784	0.021613220741116344	0.023188312386780416	0.002685547361088786	0.01650907023189258	0.013002693303797884	0.0017011150825487437	0.0003901492343170964	0.007100393959940141	0.02449968086580083	0.022685829162396785	0.011547853652681779	0.00206509331559586	0.039226707226602105	0.0027986866127328557	0.01654047543341655	0.015936529250263152	0.02547445000541042	0.009016916514480266
A0024_S183_L002	lymph node	RA0850	4.0	False	0.002681771954488847	0.0025640398265696397	0.013503990228350915	0.023654080595306406	0.008881505852651595	0.02010642813808085	0.0017130262501333176	0.005728429849707848	0.004475402113171332	0.05381018717111692	0.0032287385129942028	0.04767515972067065	0.0021136003975776763	0.10741177209489847	0.12573199929477882	0.08930085426861561	0.03459332387082553	0.06577829915806979	0.019546384138455043	0.022239120944736675	0.03060554861186886	0.04460411036413672	0.02202415456104192	0.020088749981527005	0.008090938691563658	0.017420762594420748	0.0023844297559825777	0.017084877619897704	0.009852390210588749	0.0020216739834976838	0.0005126665400614973	0.0068350824499785285	0.014397090697451154	0.01708912037747063	0.009158699347415882	0.0028659827405093084	0.041349915305705	0.0028094126395370057	0.009854511589375208	0.019598004355592273	0.033411715886766544	0.013202047314411249
A0025	lung	A0025 [A0025]	4.0	False	0.0027893269910394492	0.007152935486756092	0.07177650914250981	0.016457567014243692	0.011790712763738196	0.03660790966595903	0.0025006197230122923	0.005233855234211776	0.0065423190427647175	0.024817196902220832	0.0026896200509143836	0.08070314001419324	0.003954468399182228	0.012299559800397668	0.01815856996536251	0.012081482498972179	0.006673165423620011	0.012982868678197541	0.010831172637466031	0.01298286867819754	0.0182535076965776	0.014436717354367475	0.06642634601420444	0.07820252029118094	0.04027160832990727	0.055682404297308606	0.004201622674131119	0.016559336421575588	0.0788601936033145	0.009556503607935063	0.0004216161160892818	0.00834509140121544	0.04275768956615786	0.05896810230545266	0.018347570293264608	0.001221232887982747	0.052004167146598654	0.003998083859467327	0.03156305475964934	0.010932942044797929	0.024351965325846454	0.005611855890015958
A0026_S14_L001	sex organ	RA0850	4.0	False	0.0016892383159788323	0.008469094781559718	0.038476177153861965	0.012078243072891239	0.011612280953161849	0.022010535747499903	0.001144041087197281	0.008663931710304044	0.0060136006429622095	0.01928391641791733	0.0021788805834224664	0.06950903479327171	0.002341884999864903	0.007869765412013792	0.01470168115570217	0.008786322231740619	0.005508122301064955	0.012888325627332439	0.010321417695678315	0.00987411601419486	0.021055129916931602	0.014787299637065873	0.03527810734036002	0.035511911654853213	0.03217827924585875	0.023348598937017274	0.3243222585692916	0.01673731543376613	0.03176681979219912	0.007418436306166311	0.00015586954299546104	0.0066370788149440535	0.028437959050386676	0.023098329529954137	0.013624315265208894	0.009820330045133049	0.051172410034545084	0.007105236280349434	0.011009658565101934	0.009618907079360745	0.014094119239871269	0.009401019021018496
A0030_S122_L002	kidney	RA0717	4.0	False	0.03198995455512669	0.048202542220027206	0.08108425818970008	0.02935416504121824	0.09596448372097509	0.050865362765242	0.004030928869188791	0.008744757574001751	0.00804199256413063	0.026106622046384125	0.008441415645912848	0.053598185293861914	0.005388780134285178	0.006909607538459396	0.01426667873554767	0.006151939012192096	0.008737894634452225	0.009264968391855564	0.009267713567675374	0.014015495148035137	0.014416378452831705	0.01197720210182691	0.01580946754628036	0.02484658634509177	0.06370866783821866	0.023556353709781517	0.008409846123985043	0.018937595392952776	0.03375012322799331	0.013832940956017833	0.00032530333464737317	0.012152893354294696	0.022017682662778537	0.02324340366632328	0.02329418941898975	0.0035138250493555925	0.07423641710718641	0.013412929055587051	0.03478824057653027	0.008946527996757716	0.024395004922733173	0.010000675511564394
A0034_S87_L002	brain	RA0717	4.0	False	0.003102563562548622	0.006015064953573574	0.017121945846283973	0.010207340689822628	0.015330303499033604	0.046966225921213745	0.11886522668991935	0.0690405241092876	0.05367837079828095	0.03232859162233662	0.017222359636373773	0.04691276487556408	0.08406958623805183	0.009226911600473632	0.014474926768639032	0.01096509290207434	0.007230722643781078	0.016379069751082602	0.0053186767241545155	0.007215381648072916	0.013022501868789204	0.013529363578626769	0.0207010466328643	0.025642706765524256	0.013249041747959416	0.025649215066733785	0.003784112274680339	0.03626192994617819	0.019943294420612597	0.004484684412019806	0.0006424623051115759	0.031159421797911428	0.021000428488502414	0.030495110195882164	0.020485807814292194	0.00864116449161648	0.028291120479142666	0.0066063906063246036	0.023222083594239183	0.011393246145929452	0.03301800667188833	0.01710521021460234
A0036_S182_L002	lymph node	RA0717	4.0	False	0.004567910468026441	0.0024961144336988514	0.036612156508778186	0.05007717291533336	0.007132729082942384	0.01881471810300333	0.0022643670389158816	0.0046397123340706625	0.004761761116259461	0.04358876227643337	0.0033479777611587465	0.03570329578049916	0.002162184009334572	0.06528432726866472	0.09963765200150197	0.05197543417739672	0.049136715801817644	0.03932077212161794	0.023748090958685613	0.025452437150570835	0.03384263151648457	0.03906490335489725	0.03705822312388446	0.032534983739313766	0.035368126282204024	0.023602499771810656	0.001570526207353335	0.01633657024130181	0.009516066967752458	0.001312798829736377	0.00029489959554248034	0.007018114744338692	0.03493321133247541	0.021445272058199485	0.01202397342497575	0.002155988639680318	0.05094824188872144	0.004220905345443107	0.019205645928186743	0.015203437131538794	0.024871931013967254	0.006746757553482376
A0037_S181_L002	lymph node	RA0717	4.0	False	0.0029579491838869917	0.0029467679603816235	0.04693941759944545	0.03800993782171874	0.007885130944423996	0.01925882296312897	0.0020597667100518725	0.005475796387442168	0.004981756605620985	0.03819859438515407	0.0028112205975772513	0.039940496898385705	0.0021580566972801535	0.05871697734533655	0.08452527449075287	0.05172994676382106	0.034542382625299274	0.03775469658883565	0.02078828867383679	0.02045695067587055	0.02767588367599948	0.03721686684811772	0.03662870226799582	0.032556732661410646	0.04676027313164552	0.034598662524475354	0.0019261993661674102	0.018684530189142016	0.010341826177284932	0.0016400438224692887	0.0003380757323746504	0.006304934056994067	0.047460204835483306	0.036834004998793086	0.012676056446117752	0.002010222877613396	0.05660608478891523	0.0035828893559986404	0.017036163282991762	0.015295846119032687	0.023171068630503146	0.008516496292223315
A0038_S180_L002	lymph node	RA0717	4.0	False	0.008329677120943983	0.0038757310722081976	0.07379888055061651	0.022560475542081033	0.007951759926228116	0.023346783862010625	0.002980714345825208	0.007232424239226274	0.006480798690899359	0.01829841159659512	0.002417836072086362	0.04687154129485705	0.0023806290537931635	0.013747373142365366	0.02464716915135792	0.014043168937796297	0.01079127553897073	0.014397255728553235	0.013566298986671799	0.01189632398227873	0.017832484258363934	0.019720339812366865	0.05294124621242087	0.07037769521855687	0.06674753046708379	0.08442210439029628	0.0024203165399725754	0.017883553342625952	0.016062446836066006	0.001571996522887645	0.00025796866016617766	0.005903513569187526	0.07614354282005958	0.0657354995695088	0.016904388644543272	0.0013530952319293261	0.07302621480406106	0.0033039832244360443	0.046872161411828615	0.010181080438962271	0.016454803840167127	0.004269505349144551
A0040_S13_L001	sex organ	RA0717	4.0	False	0.0028180649404545254	0.03041778888215848	0.06075791532461783	0.015176535091204603	0.020015875864956515	0.027437492758704437	0.0017611799594052814	0.009199763169359205	0.007135236647357388	0.019879966595483044	0.009510412928155718	0.06280302623669487	0.00286703839889281	0.014325484189501659	0.018949635286587236	0.01275605572058178	0.009757961954696689	0.014259147522258653	0.017085736733808164	0.03037733969481518	0.028200787678443164	0.017478902834785003	0.022051278972071164	0.020121043752049084	0.03710970243623334	0.06479474422147875	0.08471354203681136	0.019396194314857222	0.042198394775308755	0.032743241235662704	0.00038184032852071274	0.007672401855276356	0.039876426850514776	0.042669038744695915	0.018716647967489855	0.0019092016426035642	0.06928136808159713	0.009421424716000468	0.011909858721360028	0.012953447754817065	0.020430075543351873	0.008678777636377559
A0044_S121_L002	kidney	RA0700	7.0	False	0.04101535640855983	0.025885106197966155	0.08598916354403557	0.04208155804621112	0.044859506362923504	0.02411560731259635	0.0017624303145893578	0.004820765272259125	0.006809389851822518	0.023606670216404772	0.003293953983684388	0.028870399257571396	0.002801510219313832	0.01129793229740103	0.012631535984643777	0.009347006761999975	0.008298502096234917	0.008663711586557578	0.013185240695778136	0.016351960405414624	0.0177117443558834	0.01835707831679904	0.01721668223088828	0.04131108383114333	0.07166352676234666	0.023957742565166563	0.007810770712384653	0.030227564847415605	0.019401679002055496	0.008472860175485736	0.0001343028448283334	0.007860250707847722	0.041355851446086084	0.01924064966435387	0.049303281193559235	0.004029085344850002	0.11053359748397851	0.027569782233970698	0.01545896429681922	0.008201898295568921	0.03514257773008056	0.009351719142520268
A0046	adrenal gland	A0046 [A0046]	7.0	False	0.003565021508527814	0.007083903181287763	0.02715849179293407	0.01261125364561095	0.010721153917868247	0.030801036926511042	0.020606167173096757	0.009529914593660664	0.0073574470261057985	0.021193471176902026	0.007210968709203236	0.21273063611749082	0.033199398765915634	0.010807629068810724	0.015216096967878193	0.011727089347199099	0.00950167780967945	0.011499430276350536	0.007289429436928128	0.015840835813462614	0.02422284667646952	0.015133151414933373	0.03903911865303103	0.030617497830633125	0.03849556056139261	0.03227287929153196	0.004574359004957119	0.02326887479952146	0.018840057029607896	0.0032242877708551928	0.0002753086438168637	0.01757210363131097	0.04387113831181675	0.04001152290138419	0.024592474048640994	0.0026542576942343776	0.09038594552387494	0.00691801207539811	0.022624723164949952	0.014930199530068375	0.014891373952094202	0.005933254234053177
A0048_S86_L002	brain	RA0700	7.0	False	0.002314901265960402	0.006214921660677727	0.016659783255864882	0.011667976756973016	0.015826310265871564	0.047197665918638616	0.11148123026492703	0.0792437992397749	0.056569301171982854	0.03170100325175048	0.015924365911753134	0.045323641897020525	0.08012759025857584	0.009155300831257868	0.015503758799155887	0.010818376193643914	0.006990980489595653	0.015616651812506377	0.00646940205394272	0.007673499393166031	0.016030130644412038	0.013855520804238762	0.023999764432446904	0.02735494478922341	0.012766587052606625	0.024839688451774533	0.0032048713732869983	0.03428851111774368	0.01991592493248554	0.004010604937142768	0.00040318933339460026	0.035376799766442375	0.018384788499860343	0.02806004229546388	0.021329683390974505	0.007936056287072597	0.031254592021815984	0.005658197829126463	0.02005302468571384	0.011255110879576946	0.031534566694925194	0.01600693908723235
A0050_S179_L002	lymph node	RA0700	7.0	False	0.0033151780849040896	0.004393167091280268	0.03139544337606947	0.02914839128069362	0.008974990428001178	0.02302407282466925	0.0025721433490973468	0.0047997192974846324	0.005292388473476128	0.040476978520179376	0.002227425437145292	0.05174989013733764	0.0019418375326884334	0.0679222565193154	0.0942456106469456	0.05774122797024885	0.0441199266141978	0.04148755114703023	0.022532605280814324	0.026750734624201668	0.034234375391234806	0.05237433830430573	0.02409192325002968	0.031226814332904893	0.022479733466805474	0.037971575515442134	0.00320675562844546	0.016649814884239438	0.012902457695642711	0.0016202006641346353	0.00034887386364926265	0.007767750674799254	0.021119085344168793	0.017844637772030193	0.017741297408285638	0.002395253392218818	0.05472312858724405	0.003483131019855324	0.011753564471784113	0.01953733690840423	0.026656206229458586	0.01576020655913609
A0051_S178_L002	lymph node	RA0700	7.0	False	0.0043508512603437546	0.0035576513923822064	0.026696269290866513	0.0371281185954283	0.00959610938105149	0.021469847094975878	0.002894110268944386	0.005118737716281117	0.005571825243694728	0.041053522644590175	0.002904094645066609	0.03882465709493667	0.0021442079398975946	0.0764532714792419	0.10229686932464692	0.06502381690131649	0.0459216738359938	0.04578283535599412	0.023853128124824152	0.02700374572949996	0.03501811165069924	0.04115714355893139	0.022982170635655393	0.02961661819700626	0.017398831957033855	0.024172117998384406	0.0022891417677997064	0.0198261349439552	0.011707101102345263	0.002278982854628997	0.00045444204916970503	0.007425488266910052	0.021983210840535693	0.019679169333418945	0.020684224476441075	0.0027131070774572847	0.05516018947343636	0.003907795266332636	0.011692909059485777	0.020241973123076216	0.027287518037401762	0.014678275009918055
A0052_S177_L002	lymph node	RA0700	7.0	False	0.003106447719438104	0.0039215250434163585	0.02741555486508458	0.03383719202652585	0.00906609042366831	0.021475569436168025	0.002385969347118071	0.004447173809200541	0.0053695677520964255	0.04068259008725569	0.002197536029644006	0.057786629736318415	0.001762582902596448	0.06592492307265543	0.10573606315026307	0.057149058692944336	0.05501095725208943	0.03933836493951245	0.025075221446791425	0.02649238904441221	0.032757521909186516	0.04939323079485409	0.021134785397851255	0.027859384586561682	0.018051133680806013	0.030971595781336757	0.002429871240365062	0.01715845703230468	0.011484383497386145	0.0017456015915138462	0.00039828893266466713	0.00744090176528564	0.01830045020260967	0.016155401861766436	0.01824680469714418	0.0026973268899160453	0.05470915304148502	0.003200977139070492	0.011134722864639835	0.020682465020832857	0.027246899570923282	0.018619235724296704
A0055_S46_L001	skin	RA0700	7.0	False	0.0014628699075026179	0.0021215236242546386	0.013972419644579948	0.011734338717289175	0.005008349850614761	0.030840700965367788	0.006001345788883862	0.006995245272137738	0.003926806503837587	0.02582512275487481	0.0027449696637502513	0.032824885751936435	0.006171212246021796	0.0055974611806888785	0.007814760573329796	0.005981467799218784	0.013304699900830304	0.008121062323168947	0.003658453643359041	0.006304936903768682	0.027510761089056035	0.015686444480700494	0.020967664916717692	0.015135282039986986	0.041723900306997734	0.07992126453841378	0.0043288840220630205	0.03773926692413447	0.017211755454178888	0.0019453323522232696	0.00015992746230539647	0.005123100063681343	0.016543908671253157	0.02662566361138657	0.02910950877453649	0.00927037154380434	0.04430261769354916	0.006200125685534637	0.36177941190441065	0.0065136557952519955	0.02266090821818838	0.009127611436209689
A0056_S45_L001	skin	RA0700	7.0	False	0.0018641961042239986	0.0024853009389720687	0.015595706843842965	0.01441119783169212	0.005731368065448672	0.03187531489769649	0.007026247301693438	0.0075544476598572085	0.004395099995168687	0.029667910415818035	0.002487271835830889	0.03575601081271313	0.0051026519674850805	0.005386461115155166	0.00862070286047885	0.005861447258130795	0.015079331866832116	0.01018756586324078	0.0041861849281337625	0.0059186032670365775	0.02148545806352932	0.013815986980328468	0.02188680961719653	0.016198801282641895	0.07680782148507574	0.10422693858498011	0.009608122186747689	0.03298690072607099	0.02065696997729283	0.002236967934760744	0.000204973273317284	0.0061472273026597	0.01618500500463016	0.0242932746818158	0.023970047596969305	0.006945440530481817	0.048417052233773065	0.011381929359685723	0.2840062373559677	0.006829157615811435	0.02161088405696172	0.010904972319851275
A0058_S120_L002	kidney	RA0223	3.0	False	0.008691102525384499	0.027949868116006336	0.051334620607204236	0.018624126979743645	0.1119539494114986	0.04984617085290469	0.003984878928076867	0.010559947581179167	0.009437576009693839	0.02394151315604941	0.008200955862473087	0.049725485737691213	0.005556342704428444	0.011981618238393919	0.018357010591404484	0.00958963925486282	0.010093298469020393	0.01355213387103862	0.01060098052035175	0.01179898143070419	0.019367840177995158	0.014446812858487859	0.03144812732232763	0.044054894457527354	0.027731830341187313	0.042685520683571766	0.010512478102528535	0.023172346688422187	0.04063106268662683	0.021055529767577817	0.0003620553456404286	0.01188667928109265	0.041579240460781576	0.03486351608286901	0.019648341324188683	0.0030501151451619224	0.051327379500291426	0.020876111229627112	0.025150778010488446	0.016035028974697205	0.02311844067029351	0.01121567004050572
A0062_S84_L002	brain	RA0223	3.0	False	0.0022196166641921247	0.005806678492250808	0.01662287085944224	0.008607129897313402	0.015451332837256434	0.046156004263001385	0.11809330104387013	0.07808322532961032	0.05687397142754149	0.033141989274115255	0.017382857517376792	0.04015565454051469	0.08801406350143773	0.008295007959299328	0.014563384830773176	0.010962310393574754	0.006823452450989188	0.015574106563566685	0.004900573807932935	0.007375069615678888	0.012803530860638547	0.012263538971722082	0.021941048257571292	0.0261093027261748	0.012380260472087455	0.024787323659073622	0.003301056951074091	0.03695748543050341	0.019241300913589	0.0045849934550932165	0.0005118453941948303	0.03543059528498302	0.01859157349893823	0.029051549139088664	0.02063549666089191	0.00793879123225833	0.029419005714313	0.00538734569464187	0.019948136714295822	0.011724026258922124	0.036349669024897044	0.01553952241531028
A0064_S176_L002	lymph node	RA0223	3.0	False	0.002511613824018866	0.0032822662865267535	0.029500259151008394	0.050641430081563986	0.008083377852384574	0.02005483456875198	0.0022768858682155006	0.005310894409673803	0.005528461774952149	0.04960573439960965	0.0031933637596802565	0.03774493694661657	0.003060947759778093	0.058441970359086694	0.1215485100065117	0.056132755357959994	0.044125287491477545	0.03453356761187879	0.021333980630129833	0.024197242180422258	0.03099626786832754	0.050899509990721736	0.037830838544286816	0.030846551002704916	0.024986861669923838	0.02108265281161864	0.001754043103519897	0.019609571702225437	0.01136245109245735	0.0016718926673199705	0.00033610406774033953	0.00812614109314618	0.02524719227596379	0.02459936669004016	0.012889741044300835	0.0022825817546874624	0.0443466060182262	0.0034983331872169726	0.012252043594347067	0.018285411703203785	0.025815493238716708	0.010172024559056683
A0065_S175_L002	lymph node	RA0223	3.0	False	0.0026731327678015484	0.0031570528861140784	0.030590799729371294	0.0370939293286528	0.00854290080342296	0.02071363918897785	0.002399306203697984	0.005461279960968667	0.0054417563731978995	0.04969329920935684	0.0030474545638554448	0.03536520437513202	0.0029054648346134903	0.07244315985924508	0.11024437552668438	0.06561922221545755	0.03795696065170156	0.04204271511063879	0.02021711885453489	0.024373868178093103	0.032568864661703105	0.050818567813599336	0.03254892683919862	0.03122930979305621	0.02250093490581095	0.027081878545479502	0.0024666278276750755	0.01854208376738371	0.011725034990604675	0.0017145259805965984	0.00035763663052817247	0.007549860134537041	0.02455313021126107	0.02199199047005932	0.012807029859720398	0.0025496030757008424	0.04640401838788619	0.0036189632240543096	0.011822419831008221	0.018078842275731834	0.02876001965795785	0.010327090494928888
A0066_S174_L002	lymph node	RA0223	3.0	False	0.0043836060840731165	0.0031078875107203425	0.11598741662916276	0.016128090404749388	0.007492139738638608	0.019424118778306274	0.002251781848369902	0.007616141670962695	0.0046222152466592415	0.015132511672239344	0.0024130490968353774	0.034546653283577027	0.002520659969139614	0.010681982549458202	0.01810927070280088	0.011156610635250395	0.006809416456072662	0.010726167146033453	0.00768740714930987	0.007735155019802477	0.012726483249111156	0.013464899478915424	0.04679006246362183	0.04434636921109718	0.09760021056080787	0.10614707937898468	0.002383117595929564	0.016817940235150056	0.016283716670368237	0.0021329757669309763	0.00019384210110431858	0.00577107843655431	0.09164027860663357	0.08156048934920898	0.01798099284177597	0.0010112571377464267	0.06432992199442877	0.0023824049411460923	0.03953167349396197	0.009518217288048818	0.014809679055326633	0.004045028550985707
A0069_S44_L001	skin	RA0223	3.0	False	0.0009566510631884283	0.0011337366092712166	0.039967317741164105	0.005861587484351484	0.002679228305491681	0.013507823044192579	0.0038597189897613036	0.004331889133931813	0.007891032419753391	0.02794632539450332	0.003373007424597948	0.01762086152917055	0.005514133876734037	0.0012803891059928664	0.0035896018812945386	0.004462748284852668	0.012640317121277589	0.004101757523691685	0.0017699828258174516	0.002917256588632205	0.02101077010326621	0.019645794080057944	0.015471838404134063	0.007983536302300894	0.11605401732874193	0.12145872588099904	0.0033211150026810562	0.008011738705516596	0.0068800657748688205	0.0005956347559156241	7.671053674670917e-05	0.004066786543704215	0.048874764772811406	0.0649027545683591	0.0223678900384375	0.01676350847141321	0.02242203865261164	0.006713300061465682	0.29784445226489903	0.004656780818976698	0.019456273930448437	0.006016136653973531
A0070_S43_L001	skin	RA0223	3.0	False	0.000676274881121489	0.0011886835897491571	0.019090258451371456	0.004881313098013159	0.002085015269587035	0.016356928726618532	0.003575046212629356	0.00467120524187912	0.007790053968712855	0.033774677240629436	0.0027018456729163277	0.011038051561243658	0.006281389607236625	0.0013236152404774398	0.0037369641935032956	0.003952854834668547	0.00807405296691238	0.003532639122400468	0.001118304127127737	0.002356806166054004	0.017465719716349103	0.01690179558289274	0.015339801092795338	0.007046644826367028	0.11254456227745019	0.11262937645790796	0.0039926917982168976	0.008028433218332822	0.007569586601128242	0.000567355464728922	0.0001098729155930302	0.003916873061141006	0.02993940570159553	0.04673389849557579	0.0197302199948256	0.015318597547680892	0.011541796390629246	0.007025441281252585	0.3927487684331629	0.004636508531691846	0.022006067170442626	0.006000603267387771
A0072_S119_L002	kidney	RA1779	8.0	False	0.0056235469596112135	0.031230179246468853	0.037882967095142016	0.019088632064993564	0.11669355963372194	0.05910824348628741	0.004029237452676004	0.010079075278739707	0.010469078666379963	0.028545616050564767	0.00746509551802205	0.038263399847502766	0.006350116507958498	0.013573553485172788	0.02247783328335197	0.011299331276877928	0.01223725353427044	0.014224356684179838	0.011728813535046184	0.014738778330453789	0.020632554635956594	0.018564639783440095	0.03303663665547739	0.04653003607018424	0.024260364104161717	0.03226739684488634	0.012618882616041119	0.023915821234099167	0.047656927864448695	0.024205332951304514	0.00034932818770231386	0.015128781718094045	0.03668783401461253	0.02590651337223838	0.023761494740216986	0.003030302395376579	0.04386102515660936	0.01926808147648448	0.024003153281024744	0.015960230658001954	0.022915689847389804	0.010330304454826989
A0074_S61_L001	adrenal gland	RA1779	8.0	False	0.003873435353469818	0.005307845834350502	0.036044859521216756	0.018353403306580814	0.009064819157167335	0.02518612284788287	0.03544341905194903	0.007511025431635671	0.010259887803745647	0.01643036813170303	0.005256724589385652	0.16901676798138968	0.06937006881030347	0.008359638098052192	0.012043288949519438	0.00994001487096558	0.008577560662302358	0.008821189909734847	0.008618892846844953	0.015592271835679279	0.025856695851330134	0.016019937564985223	0.02386018381419454	0.03272957375489624	0.026096665251056812	0.03547580703440803	0.0021955844408903897	0.01930951664812343	0.0213270506933716	0.0017924569091675663	0.00034411900896339534	0.01290884465712431	0.04437002729409266	0.04599801985517332	0.03909694390631825	0.0019125188044850164	0.09860002819560591	0.002690438092150145	0.021117748112880145	0.02034187367501361	0.01792310848467667	0.0069612529572136775
A0076_S83_L002	brain	RA1779	8.0	False	0.0021679181548416404	0.004672506647154148	0.015576026511341852	0.012176538763702532	0.014803175984180772	0.04618196195878989	0.10343162271338134	0.08761006458335606	0.054391525699794496	0.03643997768220686	0.01793374790511784	0.04286006057011509	0.07640900479886754	0.00886894942182701	0.016730782708357383	0.011225164284360977	0.007009136603541731	0.015521038121007776	0.0068178071358039995	0.008114930535191304	0.016861743304151758	0.012788190447966467	0.024267205246609386	0.02496698900853205	0.016279576601369576	0.02410148680998616	0.0029859449217022483	0.033367407214087916	0.019274924896506312	0.00489246020849044	0.00041278956031605256	0.036140177965043006	0.020406718938909083	0.02938639840702525	0.019825951145106754	0.006805754885867764	0.030928333133242336	0.0060479696711269815	0.024558719041942078	0.013087236899509299	0.02983911104525509	0.01383296986431385
A0078_S173_L002	lymph node	RA1779	8.0	False	0.0028234028456965896	0.00353164588097849	0.03261961133187281	0.02139490613423833	0.006381532744686293	0.020067446694706347	0.001784163085414673	0.004560154410723266	0.005302290610335272	0.03984307034142968	0.0020373106180309256	0.06354950013016573	0.0016062846218720885	0.05079565893253974	0.1491043867937987	0.0513206049901184	0.09071042717799975	0.028978531807900675	0.02016807533194187	0.02015423889432199	0.02784431347540704	0.04339232623392438	0.022784839186054034	0.02698818122057967	0.02196639293653842	0.030640581466240793	0.0018473740652488694	0.01423937145481545	0.010178586656373481	0.0014754673934659038	0.00037148738579448456	0.006532475700539579	0.02144983259872939	0.017237685558445653	0.01224357014964418	0.002013411316687488	0.043830060805898914	0.002429762303249478	0.015184442072852435	0.01927876975037291	0.0253118758386312	0.016025949051734524
A0079_S172_L002	lymph node	RA1779	8.0	False	0.0027484689149137255	0.0035550832024085223	0.02622260844708333	0.021709742487857564	0.007079852741806668	0.020183094820930683	0.0020014470579773277	0.004813422703115894	0.005427435621964391	0.04476747552234681	0.002479915622870241	0.06035063322434104	0.0017807664589713228	0.06528466560794505	0.13104209536454128	0.061620582213009846	0.06515438135415576	0.036491845520513766	0.02341827213284671	0.022904874776330526	0.030627739990298015	0.0467617275654976	0.02249789772612738	0.025934306162708042	0.01838104430069675	0.02834456485780975	0.0025250636316091015	0.01548899185519606	0.010591386745764902	0.0015885649360544614	0.00037085864321206467	0.00693924894316279	0.020167615503648782	0.0169401778503737	0.011059327226360476	0.002338021881119538	0.04618641293985384	0.002686306519962172	0.01093678263121214	0.022693324106811293	0.028121404700329103	0.019782567486261646
A0080_S171_L002	lymph node	RA1779	8.0	False	0.0027767412723032512	0.003220500323379145	0.029843973934214122	0.024439571829043494	0.007760399372992685	0.019535353680347686	0.002199875150601626	0.005590587280115984	0.005420504606787524	0.03942093677086284	0.002655906360436739	0.08756540379267898	0.001806499400145489	0.07331670267442836	0.09661199048232119	0.0642248276989886	0.036822395572436294	0.04415406583987913	0.022118798783508385	0.022118798783508396	0.029574693510937857	0.03474215364480358	0.023580100805241686	0.02464487872465891	0.026393006556443152	0.024669032477084255	0.0017924097112307054	0.017876796013807424	0.010446556203060694	0.001641448758572308	0.0005042095818790475	0.006519500342140658	0.027244426329436515	0.01941458491822097	0.01446105285832342	0.002699181833532146	0.054534140944670545	0.003313089707676296	0.018289422617740376	0.022065459246902425	0.027167939446756256	0.016822082157900754
A0083_S42_L001	skin	RA1779	8.0	False	0.0009767471434160295	0.0022573207149364422	0.019403218350862953	0.008397597426092127	0.003981755381848929	0.02145207936916938	0.00418951437361632	0.005815850359761745	0.0044438702387480725	0.028835056154185013	0.0016655754584522496	0.01505114044911835	0.0060320178098806024	0.002316179923396681	0.005539071939026098	0.003758230530672546	0.008821523867978373	0.004920699897762271	0.0027222383912860705	0.003521041934675034	0.01773907693418914	0.013363142435062203	0.035687249005764525	0.011713683188450254	0.12638823818569947	0.13861098345684456	0.003056474610756716	0.022870656363547414	0.015634396284807024	0.0006726766681170213	0.0001751762156554743	0.005756640798870196	0.02224492692122606	0.03436256646297784	0.021227853813130373	0.0079358329216243	0.026229835474956793	0.010882997573812	0.2990720466448276	0.005333765414277882	0.021381308178044574	0.005559742732473443
A0084_S41_L001	skin	RA1779	8.0	False	0.0013032463303341748	0.002874464807410333	0.019064697497024607	0.009312202955540973	0.006279003334927821	0.02367662616478616	0.004706738601439259	0.0066122746169464085	0.005442233844514766	0.030899419294051107	0.0019392940979529984	0.016304435564271504	0.006789684114055444	0.003402383756297538	0.00632640830176667	0.005094597421029859	0.010681200937281126	0.006742279147216591	0.0035560907699871457	0.004534356903843437	0.029868678782492237	0.01593022362907391	0.026598495939035346	0.012631268891333864	0.0731724393440599	0.10283573821493429	0.016348967502817096	0.03277981631199223	0.017655334782332787	0.0012066531942713362	0.00022194143565462096	0.00534814216791038	0.02358828054476831	0.03887063629371126	0.02457875704887097	0.011270171737400188	0.03223394093627211	0.008027241051378782	0.31780648897302394	0.005627544169430275	0.021282675339424184	0.006574925249133983
A0086_S60_L001	kidney	RA1834	3.0	False	0.012289842531198013	0.026435092826353077	0.060667398705718474	0.015636332524851672	0.0963978590581517	0.04743806611224681	0.0040608312932115045	0.011005673244460086	0.00846771575424547	0.025809115695123678	0.007095280537658823	0.049224327214750806	0.005738560228132329	0.00990039144789603	0.017113533788506	0.008653675487790604	0.009976346832020101	0.012663595939306166	0.011723320666873717	0.012640023578715942	0.020717518339834356	0.012812887556377614	0.03108408616498151	0.045065115146163785	0.036911697533121374	0.04742497035636336	0.011000434942106702	0.023808084196130935	0.036375649266815725	0.014339852692389094	0.0003169172923797407	0.010851143325035255	0.049397191192412475	0.03222865522919595	0.01851216051685957	0.003169172923797407	0.062435325749985615	0.017370210603821816	0.026922254945217806	0.01669708875141196	0.02109726272825464	0.008525337080132693
A0088	adrenal gland	A0088 [A0088]	3.0	False	0.005366414998176822	0.005427185612008692	0.05917463576038314	0.015690559629810405	0.008781719050106088	0.02032697433209391	0.045064045190689815	0.008423791164651528	0.008873281997547954	0.014949732145962593	0.0068921927710785215	0.10947598952321827	0.16032672097070463	0.008615240963848154	0.013459753273954074	0.00810748280076145	0.01200307001919714	0.01022175449623723	0.007474866072981298	0.009297801117505685	0.020236024892059286	0.009106351318309064	0.02597890536055081	0.02374809900469448	0.04941901990566811	0.036167364239536454	0.0018895262790275661	0.019386373144736572	0.00994995965531314	0.0037707286537422362	0.00018312589488372888	0.013551316221395935	0.061363822594674974	0.03641708136892336	0.019852511786258787	0.0022058346429176426	0.07043687829573243	0.005127525056744408	0.02016882015014887	0.015099562423594734	0.012735573598732052	0.00525238362143786
A0090_S82_L002	brain	RA1834	3.0	False	0.0026218264038935946	0.0057012289462514245	0.01616442678198965	0.008551843419377139	0.01616343180311595	0.045831711858844576	0.11446216947002813	0.0728533481105542	0.05914458485424097	0.03403922224785472	0.017611126064336863	0.04537501655582024	0.08353743125625192	0.008618507003914458	0.015103779302634667	0.011019391026131684	0.007430502228726988	0.0163415330215067	0.005315177143259181	0.007474281299169409	0.013777289845759521	0.011781544843379253	0.022892473925890545	0.02459786771539751	0.015528635281700872	0.02369442689808577	0.0035699841988045566	0.03629881927000776	0.019217754919026143	0.004455515396389858	0.0005711178734988339	0.03569188215705604	0.020378162312072505	0.029492168795085254	0.020394081974051573	0.007677256989402441	0.02853897903408894	0.005973853157642856	0.021859685854998923	0.012988454217166863	0.03187016830320757	0.015389338239384084
A0092_S170_L002	lymph node	RA1834	3.0	False	0.0023979723588242303	0.0025015956096888638	0.02809046198801695	0.02775743073764356	0.007618210515787965	0.019672976471332832	0.002007482576975909	0.005211215087364588	0.005440958384723626	0.05480391215383782	0.0030175527207746042	0.05306780576602172	0.0028211125484529052	0.06655460609817218	0.14931094120001712	0.06154272710704559	0.052115529451548216	0.039489301176522044	0.01970290101846783	0.02295261030653172	0.032474689232503906	0.05547480119444509	0.025886663887719954	0.023639426928678597	0.02124015396403199	0.020847756273374634	0.0021564980096642566	0.0162104167754216	0.010863330171628697	0.002114989766864094	0.0003624731435223493	0.006789493621742861	0.020727575430848594	0.01829258607123441	0.008780923968178561	0.0023790014972325693	0.03543549034770152	0.0028075982368435492	0.010476487421166598	0.016189180000035473	0.02863586099225164	0.012137299787159142
A0093_S169_L002	lymph node	RA1834	3.0	False	0.00257311169848318	0.002509743450849163	0.031467468892166874	0.02949112804973608	0.0070906822495522505	0.01965089701960693	0.0020888486068762154	0.0052498478434402085	0.005611198340290218	0.052763742549135156	0.0031318411812216243	0.05924259270743001	0.003075996104435714	0.0642526352211425	0.13002047877566736	0.0572986912846028	0.046647885389948754	0.03879672459475306	0.019156093214261177	0.023772345811520067	0.03258993230634961	0.05469121894937829	0.02831920268836116	0.02601189764086092	0.02322128630382379	0.025457142503083233	0.0023036094174188164	0.016250506719135416	0.011104062020960323	0.001986606481545853	0.0003157710591791569	0.006557279641133882	0.02258029979747963	0.020442993733724737	0.00938895353463124	0.0022038274052204616	0.042534238483763046	0.0030234360321666214	0.010233199695453533	0.016391351287794	0.0286308674918943	0.011870363821522843
A0094_S168_L002	lymph node	RA1834	3.0	False	0.0020766407843537484	0.002339812569502776	0.016785030757801262	0.02548330570555294	0.008069379309961872	0.01820255216880252	0.0019802675719112445	0.004892153101616771	0.004828662043603987	0.052980280440500876	0.0034605968251600616	0.04070244647468096	0.0025189241857914773	0.07492880503205775	0.15690244419582894	0.065107072520943	0.05250844163042691	0.046039705309313686	0.026817954577674347	0.02624653505555928	0.03715660466953662	0.048676255034160426	0.018171809130185797	0.015483129905075922	0.011288710114673346	0.015778530406566987	0.0017122535855658705	0.018292776303873316	0.011462475115550444	0.002232880261270715	0.0003488666556070977	0.006107839780830013	0.014815471305551997	0.014247393418069174	0.008792509044381183	0.0031237600542290698	0.052475693611030834	0.003852236404059983	0.009907946684626866	0.025195256800252832	0.02805168608390175	0.019954905369955405
A0096_S62_L001	sex organ	RA1834	3.0	False	0.0009611246935573586	0.004867162954662435	0.12756325594607815	0.013620791850734426	0.008281441445246531	0.021212113175543747	0.0017797834684959652	0.008717306784470032	0.004431297615438933	0.019214397037436035	0.0034869227137880126	0.04202468312346595	0.003668533271797806	0.010024902802140537	0.013366537069520717	0.010606056587771872	0.006973845427576025	0.011405143043014957	0.01020651336015033	0.009298460570101367	0.018523472611573468	0.0190691085910282	0.029094011393168733	0.026951006808653186	0.07446032878401487	0.10115708081145434	0.05197694170240258	0.017253003010930273	0.014892065756802974	0.005012451401070269	0.00010896633480587539	0.008027186664032822	0.06948419949454657	0.07387917499838353	0.01848795480539686	0.001162307571262671	0.0811799194303772	0.004322331280633056	0.015327931096026473	0.01042444602976208	0.02019509405068891	0.007300744431993651
A0097_S40_L001	skin	RA1834	3.0	False	0.0011066367316548754	0.0015831809547498937	0.08258555058395753	0.008627350821049937	0.004231888676555525	0.013581196289833737	0.0033095708091410627	0.005426172068976812	0.00694760239727588	0.02509111890733286	0.003294461613307351	0.02346458112975579	0.004781075099033081	0.001962224693708686	0.0043074346557240885	0.00456232022022324	0.008528812587351815	0.004642464650297718	0.0037510220961086693	0.0030297222254383857	0.016774012980379567	0.014625044645475881	0.022674961417054804	0.011886338670225965	0.1335390143077006	0.10139387171069787	0.009964843113112505	0.01292099012405629	0.009781855527761783	0.001060577472049477	0.00011233358641586382	0.004109701266769848	0.06844202944048648	0.06361431291083629	0.017240906289382144	0.011224161739774556	0.030144816452930757	0.006114625861747724	0.22188773771988274	0.006308417721354035	0.016087352033556074	0.005277707796871638
A0098_S39_L001	skin	RA1834	3.0	False	0.0007919280642081655	0.0012544437162355212	0.08283854481632741	0.006348405481562326	0.0028347561549086522	0.012962333625851587	0.005253878823560079	0.005134695355631505	0.006074585235625167	0.027692052475479383	0.0028219326172201358	0.01076800002962241	0.005419076162018033	0.0014120977972296425	0.003257932898629715	0.004279289959232779	0.010532650396750805	0.0037331581188512304	0.00230371082945477	0.0026808737026464474	0.014367790392560479	0.01226609096193975	0.025646321051287724	0.008045638410924877	0.14767963164969428	0.12719591600665428	0.00634237087559126	0.010896989732253965	0.008109132096206626	0.0007799728217603904	9.730802128345292e-05	0.003696196157278445	0.05098487719805103	0.054382360359761676	0.017231063024635007	0.011729765356261194	0.021149030951350154	0.008277970740810952	0.24183834294199663	0.007003914555169461	0.018807603834576223	0.005077366598906368
A0100_S114_L002	kidney	RA0449	3.0	False	0.08720962807337779	0.058825584207915935	0.11192134312309325	0.02986228165596706	0.06528226573123909	0.027009811626954372	0.0023966294216870056	0.008042078351516685	0.006176722632798465	0.022531506263339038	0.006988603415320069	0.029514925254760502	0.004420239815950956	0.004782112604073615	0.00929463516541975	0.004398465235576815	0.007459349105313441	0.00713376728448102	0.016367226247897226	0.014201173943059892	0.011885384176753265	0.0066899805987604	0.007782857156586416	0.011269900670788403	0.09837859101515621	0.00918057783965043	0.0059496448660395496	0.0166907342991702	0.01841922122696524	0.004832919958279947	9.539339973433922e-05	0.009105922135510511	0.02185545738696089	0.02025969171097015	0.030190974131138634	0.0050081534860528095	0.11358761696410498	0.010370921566770231	0.030831768925006272	0.0072270869146559185	0.025021066619449348	0.011547785791753652
A0101	liver	A0101 [A0101]	3.0	False	0.3629453626235517	0.08600818586688602	0.03018777234162922	0.021214193674202655	0.018055612838615075	0.019040626523466712	0.001015430308947444	0.005672371415932889	0.0037068011217267047	0.012992375073947906	0.002128996395765277	0.07168611660298005	0.0014262641590611768	0.003446805051064511	0.007813253346357008	0.004012853639191914	0.008795295647543921	0.0062785336835338885	0.009333116090856575	0.01176519362042235	0.013142106666849701	0.013393511868683863	0.011612167361689747	0.017176083273860693	0.018673660640874924	0.011534911386407266	0.0021171108611064346	0.03732057882876746	0.010628639368670477	0.002354821554283297	0.0001545119505649608	0.0038464561539681102	0.03891472616488478	0.043811566444328154	0.016315867702926916	0.001772430355999983	0.025243389923550474	0.002085911332626971	0.02059317448827809	0.004825527071490315	0.009199403825944589	0.007758282748559859
A0103	brain	RA0449	3.0	False	0.004634353792599165	0.009738871631031938	0.018944707109326626	0.011444428835305687	0.01264045841885092	0.04121494700505661	0.06230320162132448	0.09655878588816852	0.11203227187113049	0.03443524485822459	0.012128289390031528	0.056712880696609014	0.053769823801763386	0.007307983765005712	0.016125532253942736	0.011015992442966829	0.008215043303409936	0.011444428835305689	0.005713557542682824	0.008359264185171352	0.016201304617526228	0.013836752143205235	0.0227137323141868	0.02809560129933125	0.014459596171032013	0.02713941157043687	0.0031699538498512142	0.04631656259175992	0.01863178372412172	0.0028704181723467333	0.0005092634799194353	0.0230349275380364	0.022242240969966787	0.02780583883176298	0.020043797015936983	0.006181951495868495	0.028314574030064238	0.005108483247739561	0.024368310342306795	0.011763510932682597	0.030926926631933138	0.011524991782077176
A0104_S29_L001	brain	RA0449	3.0	False	0.002349376593797636	0.004964939445266232	0.02330164207947799	0.01102411001140908	0.015606770877320483	0.0428890126019104	0.09847903834689636	0.0930308523714938	0.0446171006426541	0.03308444837535953	0.01608379285098227	0.047189922036496156	0.07146240849077658	0.007485829817625574	0.013368182769974616	0.011034851268321788	0.006717141406257179	0.014337925477401385	0.005025806567771576	0.0066783076312650815	0.013100270439858173	0.014629316498264072	0.0242050093275211	0.0320871639835412	0.014864247066124069	0.03271704230557614	0.0036564340198232933	0.03358322827969066	0.01922697148596076	0.004827781856996271	0.0004855598958231746	0.02879372936399864	0.02799226634820429	0.03677283074907703	0.020233223021414462	0.00806117560456523	0.03308252045745212	0.004710729698332149	0.020483576932533727	0.010794412363583484	0.03181284880700128	0.015148201832201039
A0106_S167_L002	lymph node	RA0449	3.0	False	0.002540100801257538	0.0029749636480592857	0.028739596167568868	0.04065445354296145	0.007767029091239919	0.01937874199522688	0.0019383168559178156	0.0049906316908262405	0.005323781728542759	0.052425019445064905	0.0029674622564815623	0.07079901622720498	0.00294054549846738	0.06330291974941933	0.13311175228836492	0.05932365214660138	0.04324993502885357	0.03807353358189667	0.018539909913506222	0.02158900496068653	0.02848145213398794	0.054804725608515466	0.031270212679230094	0.026459173127941108	0.021777863525113902	0.021916418640137734	0.002395150204934115	0.015991201810392836	0.009845797074925368	0.001962717043394794	0.0004258142866178004	0.007206189756223108	0.022847473712431576	0.021891708173764055	0.00919449978264778	0.0022490936983325686	0.03731368674090615	0.00260342413579795	0.010843923413090617	0.01458888284368675	0.02697676914680399	0.00832345584297572
A0107_S166_L002	lymph node	RA0449	3.0	False	0.003478678617018719	0.0030881012870535296	0.05853562753639166	0.02619163462921345	0.008533608652710554	0.02079116648960302	0.0022024684297873294	0.007402859142317239	0.005644739706757252	0.03761941096035338	0.0033233650089910336	0.028642828272643386	0.002800380113602935	0.06277143427776193	0.08391284698403316	0.05506972662379435	0.02535920375722287	0.04136720444067761	0.015868114146086493	0.018390840677943367	0.025150748394042233	0.03496527586308997	0.036040388682484555	0.038271684928157586	0.04673323081919359	0.03803483158647726	0.002015637833896985	0.021160488143185097	0.014022827408774996	0.001772426013245377	0.000422838851590377	0.006582615355021621	0.044546973799567145	0.03690408207608394	0.012434535501593208	0.0021523451317795885	0.047599043705783405	0.003135260006090553	0.03269741836333206	0.01439930550371992	0.02315387130068259	0.006809930978245018
A0108_S165_L002	lymph node	RA0449	3.0	False	0.0023359229430967906	0.0024961369832186635	0.016307158100548856	0.027522501233687564	0.007637136915815395	0.018187897483635498	0.0018917472780703827	0.004687795610520436	0.004445383996386604	0.05254183906055838	0.0029458280934959173	0.06807433395941868	0.0022092246862969785	0.0689737161799732	0.15512879466315663	0.05932877872100585	0.048779774759085265	0.04178614113779421	0.026102578131575137	0.02187911201382796	0.034167763522679626	0.06250179451083972	0.021843394360537706	0.01686400217069686	0.010526168085226818	0.01722234977419905	0.0021969284450003347	0.01624392028816612	0.010731542504300246	0.0017244014580293137	0.0004643294927732584	0.006373551738760299	0.013479022602320815	0.012754129901118677	0.008400674946806984	0.0032936360616009812	0.04090549604683459	0.0028398462042248467	0.008130157638280823	0.02293951644183852	0.030603587981446568	0.022531983873149752
A0111_S38_L001	skin	RA0449	3.0	False	0.0007662402597770555	0.001199268359299393	0.05261519116128174	0.006566367383574638	0.003080737949079413	0.015124454238213743	0.0045524535287566675	0.005850946756549788	0.006659766846322161	0.026573591473259457	0.0031683601254714196	0.013498629569665346	0.004617977560176549	0.0017307787040069524	0.003716720888715903	0.004898657388948747	0.008068461836009046	0.003924703197514513	0.0019320208453907932	0.0028650525918067797	0.015759033862968307	0.013252132018496628	0.018843582329577772	0.007934139928243274	0.13582015069396644	0.11589429005378848	0.005787878047168728	0.011240673485717475	0.00844119289499075	0.0008887392176903573	0.00014298783729904443	0.0041721636297424895	0.041991242994015694	0.046371388932556795	0.01723653384168481	0.01038707942668985	0.02027683078627561	0.006931780745561086	0.3169063028644674	0.005418131720415644	0.01912426215834997	0.0057691018665133
A0112_S37_L001	skin	RA0449	3.0	False	0.0008148576258721435	0.0011997754431508016	0.0314207043721541	0.006627223678465677	0.002728094373082682	0.015703589712935756	0.0049439314057125325	0.0059137827620594245	0.0072149953023295955	0.029078070968125046	0.0033102306026621927	0.012511702390246172	0.0053153038890551224	0.0014668931322318164	0.0034950715351908268	0.004831223520024343	0.00885207734195058	0.004121727379617173	0.001536772021358495	0.00270329863823128	0.017862104522877082	0.015324891217023438	0.017677668330764434	0.006232746078557006	0.12738696072022188	0.13065718002346477	0.008349400171781247	0.010226550007918082	0.008619044917592422	0.0008278394203797686	0.0001465202513946493	0.004214711385309932	0.029897457297078198	0.04217190958795073	0.017226836788011672	0.011027339535732683	0.015176680347343463	0.007297835598310416	0.3443068116734296	0.005328265295909267	0.02032855780215071	0.005923362932342919
A0114_S112_L002	kidney	RA0552	5.0	False	0.05472014610127163	0.043979091263287785	0.1123984714118226	0.03470716348689166	0.07293631665579817	0.03956592221632636	0.00310081587255381	0.006830340475172662	0.008148797617833336	0.023787164282169673	0.006396958729205497	0.06647831824406207	0.005188373015099878	0.006049032538781153	0.013288338886908746	0.0051151253960631735	0.008222045236870042	0.007379697617947944	0.008307500792412862	0.016016812696025975	0.012413597091276108	0.010712464284117982	0.010157003173089645	0.014411469045471545	0.0954355436365725	0.016755392854646074	0.007428529363972413	0.015504079362769048	0.02496812281575696	0.007263722221139829	0.00018311904759176043	0.009363487300192016	0.019593738092318364	0.01770150793387017	0.023072999996561806	0.00337549444394145	0.08353280554310802	0.012696253966362056	0.02816370951961275	0.008185421427351689	0.025453547615254694	0.01101155872851786
A0115	liver	A0115 [A0115]	5.0	False	0.3456536394020144	0.09359186691317335	0.025652596226025438	0.023548159605885813	0.014958516074672343	0.02034983266339638	0.0010817359854348077	0.007176267781383725	0.004120320214184267	0.015267583499082284	0.0027416711412545126	0.037147126279923406	0.001220642693034783	0.004575239681574187	0.010603790791413116	0.005393052922569041	0.01082777785741808	0.007910736997818595	0.012482504011702783	0.018768032530601664	0.016387788269733455	0.015503724902002247	0.012640510391597753	0.021742372407086135	0.03157002196978438	0.014062567810652501	0.0029535038703444754	0.024956326354180575	0.016972663334871976	0.003991831509654291	0.00010938903223498053	0.004380770290934221	0.039331434256932994	0.032922626035039156	0.017785267574331836	0.0016911891650296992	0.031092530162409475	0.002371832032269578	0.021698964060961144	0.006127522139003911	0.010056845630238212	0.008579225528143476
A0117_S115_L002	brain	RA0552	5.0	False	0.00730360995557287	0.01399255338097751	0.018026483988350165	0.015442749139714435	0.008921457452482873	0.037572002141706425	0.01858861755286021	0.11928777961028152	0.16834045942981862	0.03446050617834048	0.007099534299892491	0.038746844275366725	0.02420358364423594	0.006255116516324154	0.019641891922133076	0.011509781528203212	0.00787511367719167	0.007921005948037779	0.007016928212369501	0.010082531904889336	0.022794690929260508	0.012973744968193968	0.023570270306559685	0.02771893159104761	0.017966824036250235	0.02595207916347255	0.0029967652862506774	0.05475865757357285	0.017205012340204884	0.002487361079858908	0.00040385198344572676	0.015805298079398667	0.025630833267549818	0.03139490248582065	0.021399565895538906	0.004350587276210783	0.028834113772607965	0.007907238266783943	0.028948844449723225	0.012207344045064012	0.02407967451295146	0.008324857931483505
A0118_S28_L001	brain	RA0552	5.0	False	0.0030507886131666195	0.006182997695624983	0.02038862381110557	0.011710848476544083	0.013377928616223745	0.04129334135704188	0.10685848865022538	0.089208652212844	0.05250533844707059	0.030497828938499467	0.014824549092571936	0.055413665942010804	0.07276259503113973	0.008555860361729773	0.013664993584201292	0.010074928713307032	0.0068903382408722425	0.013813394877009229	0.00518469713534485	0.0066457292857977504	0.01320114935392141	0.014166286140221787	0.020696722033181875	0.02934333699130075	0.011746682909453087	0.027130171254464347	0.00411122216689692	0.038554733772441944	0.018105209931309117	0.004107327119841593	0.00047091118898895086	0.026256901704660184	0.0195737799671313	0.03201417075713801	0.02358256239647314	0.008372014140718372	0.03456270004543801	0.005501753965648412	0.020112464974882935	0.010384584954205476	0.03875260216285252	0.01634712298649899
A0120_S164_L002	lymph node	RA0552	5.0	False	0.004929799247543233	0.002796830674369689	0.035619027428157535	0.04901851393533439	0.007139755945721324	0.01939575946921784	0.0022818503862377113	0.0047075857899567695	0.005360454621908945	0.04228521971397083	0.003460699823625188	0.05112067457199931	0.0024585709172925295	0.05381740235890875	0.10766945571732296	0.04956357965771401	0.04484829364564493	0.033428864253066064	0.021408817535725818	0.024345352239847698	0.030896116561481564	0.04619748256289741	0.033898577801917934	0.03301140221140499	0.03476210271022873	0.02429090066919625	0.0021863130640353027	0.01740415202145134	0.00991377405792433	0.0017017490868239565	0.00034706001091981784	0.007174956961091955	0.031864069116668475	0.024563158522453478	0.014201959654454227	0.002012508050642811	0.04647579059067145	0.003645505154321002	0.020056328523282336	0.01696248928172295	0.02376508550209745	0.009012009950746776
A0121_S163_L002	lymph node	RA0552	5.0	False	0.00274441695305813	0.003555249006945938	0.04490020315218472	0.04925217416649716	0.008265253120865049	0.0207575591141468	0.0025083233193412234	0.005649349196678379	0.0057383656678717965	0.0340731445150406	0.0027639368403702	0.06684104198838324	0.002491477585999187	0.04391905475422412	0.07260498144908409	0.04265167659806148	0.028502483911682374	0.03070232189868876	0.020071001137428508	0.01952165639531223	0.027115621855694903	0.038400525343940485	0.04384971043136074	0.040248231875839216	0.04508561315019533	0.033050192801878674	0.002013444381579288	0.02234854411033854	0.010569326522898713	0.0018698376987700176	0.00034327898835914586	0.006526727012198029	0.042641840523896475	0.04212544663023301	0.01584689908726131	0.0016883621304254264	0.05423070310512128	0.0033147569936112357	0.01702083453885627	0.014553455334561382	0.021987068384774117	0.007655908326342152
A0122_S162_L002	lymph node	RA0552	5.0	False	0.0036141633117491453	0.0030710924175933563	0.026439319744664454	0.048557448692277544	0.008305063816347108	0.020962636134450166	0.0023156820120848612	0.005295954355981576	0.005393169731002058	0.04250595471029786	0.0035362908228927115	0.07174690412165995	0.0025824057337655634	0.08414545292376886	0.08180119223619442	0.06992069046607387	0.024751425951523593	0.05078753024811653	0.01935434150743347	0.02395217202937534	0.028972356849266696	0.03561932193619591	0.033427082606874964	0.028007162336437737	0.02792103864850012	0.020582908964907085	0.002329254287403502	0.017904592760483725	0.010250341732266246	0.002500196758916027	0.00045802143130455416	0.007329647805235557	0.026205089411561418	0.02396391616863956	0.01293225468644953	0.0026391690735426236	0.04808703066952742	0.0034814848396596894	0.012487282298771883	0.017975710048250385	0.029295102942413793	0.008592142776139136
A0125_S36_L001	skin	RA0552	5.0	False	0.0011692893673984617	0.002446537649947933	0.03141119370486731	0.008301257806470732	0.0055653564326961415	0.021222544692233985	0.004011761457984934	0.007424463966605001	0.007942272735557962	0.03718432634527357	0.003944484445847578	0.023498292475111295	0.006801135343474644	0.0037856607478073843	0.007175350084062502	0.005178087689529642	0.009116045134087897	0.005871037659746107	0.003719134233513616	0.00460371157606921	0.019398193980251974	0.016141274188495966	0.022994625542285197	0.013668628533390745	0.08737587842661981	0.08812213224069909	0.011318908069234433	0.016662346458093592	0.015374687550912881	0.0014853877935760251	0.0004971399315367742	0.00574702463524897	0.037439967229105385	0.04744259670499299	0.020774357270367128	0.013081198417351664	0.022694383482976335	0.00696213470861128	0.3184230214002707	0.006820716347342615	0.020967991641950384	0.006235461898399978
A0126_S35_L001	skin	RA0552	5.0	False	0.0011446617333614616	0.0024392892950627723	0.027826434877184135	0.007044027118039647	0.00536657688030074	0.02087158154742111	0.0038200568721499495	0.007255376017813367	0.008018619386763636	0.038052632140654	0.003694041733254246	0.02155126837460037	0.007069304727314913	0.0032594072848823818	0.006573582723194498	0.004788000490222524	0.009858969773165343	0.005676227593922698	0.0029596154643040154	0.00430421513492654	0.01854456513323337	0.015665096192530363	0.021054142058853555	0.011971756615089313	0.08538144472951592	0.0919220261294899	0.013722231057401203	0.015156735383772317	0.014943442430752135	0.001559115153640414	0.0004571034343943194	0.005357448854729119	0.03376948168012349	0.04731476947259787	0.020813302614925363	0.014191973296433147	0.018298180492036804	0.0072293962527249025	0.337527703717693	0.006468961507027439	0.02109908003089847	0.005978154593599439
A0128_S55_L001	kidney	RA0452	5.0	False	0.011291076021673587	0.033339236055971846	0.054533622992507004	0.025837353890042443	0.07992773421395685	0.05094705106581205	0.004789836439482342	0.00952232999693058	0.010238905644488582	0.024836364196804198	0.006678189540128197	0.058918031722668594	0.004384408730161598	0.01378484699322922	0.020444568088832722	0.01140611133844904	0.011867822451566309	0.011601876850410765	0.012951543661160856	0.015923492869188413	0.019650579033049866	0.02168934124979689	0.025818885445517747	0.0504003851078812	0.03180266147151756	0.04752669513983932	0.009138186350817012	0.023717176458607936	0.04176454044813579	0.018981867282477215	0.00036567520158887795	0.010966562358761402	0.03435130681592491	0.022431772719689456	0.023443843479642512	0.0028773836569468275	0.06022559759501673	0.015598448245553854	0.024134563304865946	0.012998091256477391	0.021109432091721593	0.007782602522704705
A0129	liver	A0129 [A0129]	5.0	False	0.42044441299834767	0.11784753628048783	0.02307082532701871	0.015761218512760328	0.012836406343182402	0.01644952366370508	0.001054754935532245	0.004245194726742372	0.0030217565570349334	0.011090437925081693	0.0011342493332469916	0.06865504575317838	0.0006417718449653917	0.0041220753546719726	0.006667834969292997	0.004616491730702711	0.0085727921828232	0.00447398348114091	0.010393407779265808	0.01648248475544047	0.013009678371274674	0.011488879357529994	0.009888327520614795	0.016118943302476693	0.03242305038499626	0.011692462571189713	0.0033688174641310215	0.013166017260536232	0.017046701090440253	0.006625179438811915	6.883051509447555e-05	0.002930628832825346	0.021277354159064073	0.016150934950337502	0.01676847069843864	0.0008928578084790419	0.022682078333316112	0.0021996681513995068	0.011322135011103941	0.0038225171974298174	0.009736124832307293	0.005738138293580289
A0131_S58_L001	brain	RA0452	5.0	False	0.0050735956788027555	0.011900655814777955	0.017547360752462986	0.014825670806060665	0.011252471946870655	0.04119174365610448	0.054970310672700654	0.11912732503685278	0.12493374393471372	0.03109849738457541	0.009727534110267702	0.030411422484593668	0.04757191981273725	0.0074902763177750456	0.01788168716854148	0.012238393724898069	0.007488229421350075	0.012030292588359411	0.006613522349079388	0.009661351125860326	0.018603607307746826	0.013073527466285997	0.020263592308398713	0.02626236343117866	0.015033771942599323	0.025244373609160035	0.003285268762077505	0.048433663207649795	0.017618319828528625	0.002763992472518375	0.0005130887038592489	0.021132158691394492	0.023063064318949913	0.028385677322681293	0.02137983315881591	0.0052721228919154475	0.02710500245945814	0.00726307081460333	0.02692965166571901	0.012434895781695229	0.03088698475399513	0.012015964313384617
A0132_S81_L002	brain	RA0452	5.0	False	0.00244875613024474	0.006765302128334764	0.020270784985431847	0.012490250643941261	0.013403358906661292	0.04363368658780198	0.10400736464547755	0.0938043982382587	0.045316825383590054	0.03113579030051258	0.016062950557047984	0.04064751674297356	0.08224363937849777	0.007950376847295569	0.01438309348998649	0.011714217844105639	0.007952015199441597	0.014341042451571756	0.006307918813347864	0.007402074995757941	0.013995899905311847	0.01568012227225926	0.02300737918668189	0.028551562848843214	0.013564463534354124	0.028020736753529903	0.003905285398750556	0.037579429290843694	0.018619872139616873	0.004745213932281303	0.0005089814000329351	0.030229781563758676	0.019509497354910484	0.03148039036856064	0.022322547989641863	0.0068570498485123746	0.029911941247429095	0.0061869638207866125	0.021372303744945188	0.011428598453314627	0.03480133016856093	0.015439284506793034
A0134_S161_L002	lymph node	RA0452	5.0	False	0.0033899859339821007	0.0025774794968066415	0.02166825298667533	0.03985097923973477	0.007350051860846733	0.019073832310077466	0.002047260976848334	0.004314192442260582	0.005634152364850574	0.04741255383111754	0.002580867732764885	0.06427241595933708	0.002184928159358719	0.06601880957895741	0.12128771452982491	0.0582321593132056	0.04279826048969826	0.03941583293595463	0.02329315414550723	0.026374512732675513	0.02894452832900241	0.060904025383134726	0.02704683555353268	0.02591080844010447	0.019394746658693958	0.021491096649430025	0.0021399130244849135	0.015663330801251252	0.00988689120943136	0.0015339028216676523	0.0003707698205735	0.007439114063177704	0.020758753648741118	0.0179503900730656	0.013793508586009175	0.002200417238024975	0.04352866735555389	0.0027551198677602646	0.010582428965011005	0.021542404222511996	0.028526042566160117	0.017858907702193023
A0135_S160_L002	lymph node	RA0452	5.0	False	0.0031607505053728568	0.0030304083045916167	0.02965805621450608	0.06087117956009089	0.008174787360311426	0.01968943480896243	0.00262480887339134	0.00464670825874931	0.006080131660758472	0.043147359467817066	0.0027061620132541086	0.03692832381913455	0.002174792615662983	0.05842145567838889	0.09761868161979767	0.051903653168106405	0.05538570491272327	0.03579284536163703	0.026392990581202525	0.026812168296239607	0.02911328807772433	0.05407803482522524	0.033601614404207884	0.033921340151559704	0.023902170845085117	0.02623271674898246	0.0020868474872140262	0.017659299600841654	0.009689112669607735	0.001766710781318058	0.0003756161093567586	0.0076524590506916864	0.027968605639488973	0.02277039101448499	0.016553821117067387	0.002105751580245111	0.04518982343226246	0.003618489981275994	0.011094647816525615	0.018363682545521617	0.025441210592941854	0.011593962447672726
A0136_S159_L002	lymph node	RA0452	5.0	False	0.003099121950752772	0.00260388977120347	0.01879236283457192	0.034653364587071876	0.008450731219602933	0.01904316862115682	0.002196889325186662	0.005203946266192761	0.005366586699851524	0.04720843941028574	0.002759411263321616	0.05868033989755	0.0020874927040646953	0.08730888949770693	0.11237796832755416	0.07237499297815068	0.034745910827099935	0.05255859778350507	0.021440609087682326	0.025264575916770404	0.03050348847325661	0.05025589400055859	0.026048754708014016	0.023344104533466394	0.01573724169187073	0.020618645145184654	0.002128563520645192	0.016741012449098057	0.009402584714056353	0.0017047126935344694	0.00046382642191573886	0.007162750411638567	0.017941923125911773	0.017502191583056593	0.013161827686829735	0.00260115171676477	0.050450843476593996	0.0030863349633023663	0.008757940927625045	0.02038591051789518	0.031298700288776925	0.014484307980721723
A0137	lung	A0137 [A0137]	5.0	False	0.006200345545357071	0.009777092984769673	0.04507744871712328	0.027447744056358976	0.010150160283397458	0.03702465458820642	0.00332301046204783	0.005841687944366804	0.00855325026122242	0.025791689218547825	0.0024203878398778344	0.0253230802946617	0.002766157531288954	0.018239351221936536	0.02935402696032291	0.016842623652683728	0.010154709884600238	0.01248865530162529	0.028257573070453446	0.03765704915539255	0.03074584057036406	0.030818998547617393	0.040609740335995397	0.04766617180150389	0.03350326325725633	0.04209745992930378	0.009558712127036337	0.016073741049414263	0.11924748677077565	0.010385829198616348	0.00014103763728611442	0.008489555844383531	0.025486865937961706	0.037165692225492535	0.023439545396711663	0.0016196580281889264	0.07184730219426837	0.005482269449347349	0.028039192212720096	0.012302121652311399	0.03595549830555362	0.006633318553650155
A0139_S34_L001	skin	RA0452	5.0	False	0.0013118757745492027	0.0018418575204936123	0.02286826422931101	0.0082382376674841	0.0035452122527822607	0.02110751883892638	0.0050107641144129895	0.0060535666159638405	0.004898101366298137	0.02069507130940995	0.0022512442149115936	0.01776432170264197	0.007306978588780019	0.0028840718715165865	0.004652469349647346	0.006054331824738455	0.011431453883944358	0.00426450850091853	0.002854993938081291	0.00401887648426774	0.017157468332530432	0.010862903764406864	0.028471888085802376	0.008229055162188744	0.12715856812132365	0.1194460288819987	0.0042377261938070735	0.019820437680027236	0.011724008109458638	0.0010253797579814876	0.00015380696369722316	0.00457594847218604	0.02680985462734283	0.03916185466714669	0.019462319973508318	0.008269611227243238	0.0231842954532262	0.008582581616059974	0.331351468791718	0.005502616298242445	0.019637552782894713	0.00612090498812979
A0140_S33_L001	skin	RA0452	5.0	False	0.0011011371108988362	0.0018330508347049795	0.02372598649589261	0.008045791720320593	0.004751373643747925	0.020880456319274772	0.006921917592423859	0.005986642557628538	0.004971957378369463	0.032949695359092215	0.00263487271005427	0.01634415181678284	0.006456485912372413	0.003732276789796421	0.0050061478572358	0.004934458143483802	0.011288372619257202	0.004526378234433957	0.00257752093905267	0.004196605551174758	0.02861743081112522	0.012992381969208574	0.026407181790217397	0.013114805941923536	0.10289348885156255	0.11901815985239694	0.005862012747567368	0.030714079208702935	0.012478180465757603	0.0011062274291270123	0.00010036559925279972	0.004206531819232726	0.0281575137244393	0.04271714312813391	0.02404252415507451	0.012951573978303599	0.030568493943852717	0.0069450788845591225	0.2905584098368555	0.005104307619142385	0.022480791313954022	0.006098037343612415
A0142_S105_L002	kidney	RA1790	7.0	False	0.06178246834956715	0.04853094744879513	0.11394222444499734	0.0436701642947088	0.062429882759337245	0.0292672110472755	0.002366321500319707	0.007701223222159624	0.009982117953514719	0.023073770297341256	0.0053776151063222215	0.05430579703080277	0.005809020289593504	0.006654745302343146	0.012668789837451714	0.005407514475459835	0.00757735440716094	0.007000723716649818	0.008683631065252643	0.015581842659144925	0.0133223746495237	0.013125823051412381	0.010336639044717853	0.017491130945503964	0.10053876439444996	0.013732353111061114	0.00759871109940209	0.02072453415081447	0.02245104099721381	0.008188155805257901	0.00016231086103275964	0.007957503529053455	0.017414246853435816	0.017123795838956145	0.03224433394569217	0.0039808874337508415	0.06537283495016806	0.019349163170484244	0.02692651757764518	0.008055744313362756	0.03098001776501594	0.011109751303847577
A0144	adrenal gland	RA1790	7.0	False	0.005383752978420825	0.01507450833957831	0.03502430409850437	0.023269776762285567	0.009481387189774452	0.025094270827194846	0.012891097409440977	0.0071783373045610985	0.006550232790412002	0.0202488931466161	0.011156332560838709	0.18044545399340464	0.04465523998212385	0.013070555842055	0.020398441840461117	0.012233083156522872	0.020308712624154103	0.012292902634060882	0.013220104535900024	0.018125301694016775	0.02027659688248597	0.015194147294654329	0.021415372958607275	0.021505102174914293	0.02353896441120661	0.027427230451177204	0.0023329596239823574	0.022013567733987372	0.013937938266356135	0.010199220920230562	0.0001196389550760183	0.018065482216478766	0.05045772930331073	0.03305026133975006	0.036968437118489655	0.002392779101520367	0.10839289329887257	0.008075629467631237	0.01770656535125071	0.02273140146444348	0.012891097409440977	0.005204294545806796
A0145	brain	RA1790	7.0	False	0.005581338453326	0.01289452071583317	0.017517663188366794	0.020391798511974403	0.009707679469017058	0.04016584953839474	0.016695723033896482	0.11099987263381214	0.15717522220456998	0.03532810496169843	0.008576419805645103	0.03600256871763834	0.022148470021763383	0.006988364234841113	0.020132743114806576	0.012338088117182741	0.007820713824557875	0.00837561355103572	0.010117654929959698	0.011950271457517286	0.022752266796435168	0.013713074455996623	0.02292563621326687	0.027873747586389733	0.017393500542386947	0.025208082878254462	0.0025047131300132432	0.053051173021192374	0.016587908370465143	0.002080107538205613	0.0003295675171070057	0.016142676849552916	0.02446004125803019	0.028548211342329648	0.027473667949343555	0.0034842184482987157	0.038442901216402786	0.009583516823037206	0.029020335971487593	0.013598109043052316	0.025441079448488255	0.008476783114426706
A0146_S80_L002	brain	RA1790	7.0	False	0.0022401828668505925	0.004907696693726791	0.01692570225172789	0.011809493463424706	0.015496767474419287	0.04699834748220347	0.10677573758804441	0.07410306220836337	0.05325147234576899	0.0352078940986844	0.018457732095842637	0.05830118906326103	0.07544190490026478	0.007976400303884497	0.016538863555108432	0.009978395047133569	0.006158769261185154	0.014655753213221403	0.005964653324586194	0.007324393665164548	0.01651709822253786	0.01324632290801126	0.025521137348642087	0.02528290415372518	0.01625326235652384	0.025617266532555916	0.003406781126531012	0.032302192148206677	0.020471481171536663	0.005672550635302114	0.00039705532486150705	0.03605448106619612	0.022009403586533645	0.03081427956240987	0.019564378691333838	0.007286777897546089	0.03010701025274428	0.006113723218481568	0.022606147554307957	0.01170546961223292	0.02612577598369434	0.014410089743219372
A0148_S158_L002	lymph node	RA1790	7.0	False	0.0034598203507617623	0.004095939796081437	0.03190521525368697	0.039727612976315906	0.008386541302817173	0.01980186867113159	0.0029335212313963545	0.004884239285507949	0.005241923475608278	0.039124858808890474	0.0023150264597648017	0.03319813366797766	0.002047969898040718	0.06590076479974437	0.10442662324830192	0.059896818484357135	0.04950038161258039	0.04247539976803119	0.025167667780792602	0.02628791106882797	0.03172018726827788	0.043903991495808224	0.026682597071697296	0.029687787778327354	0.026221415057474984	0.023965376994878156	0.0017449840398597789	0.01927043683846378	0.010070608515280948	0.001692430740564678	0.00033355257307706896	0.00686088684879103	0.027294467627775976	0.02308698613523147	0.023327229789151933	0.002251747997348252	0.054717100954853264	0.003471199044257021	0.013385539833724626	0.019805622478224094	0.025873919772340034	0.013853693203975882
A0149_S157_L002	lymph node	RA1790	7.0	False	0.0033205059005622954	0.004715014135643957	0.042871839676059335	0.03691001559280746	0.007078278241482594	0.018923383960759082	0.0027313403325504096	0.004670191482514251	0.00501314646150667	0.03492260382605643	0.002105842263093729	0.04453809096488102	0.0017410927830382448	0.054572197010916965	0.09841327515878102	0.04987527642332535	0.04890686038552303	0.03571666385535423	0.023566023904193607	0.024739226008588532	0.030996133335069148	0.045680451794186686	0.02552094952785063	0.031013575012744782	0.03417048793088001	0.031149276623137462	0.0018319717403012233	0.01676038253449995	0.01060264208298066	0.0014499511461957602	0.0002541321067353886	0.006329452082315696	0.032334404020566886	0.02494689059418945	0.025362219765391304	0.0018619905813880896	0.062387787335533136	0.003439007780951544	0.013719432810700276	0.018626074068898744	0.023498584315998456	0.012733334441846775
A0150_S156_L002	lymph node	RA1790	7.0	False	0.003946345213200232	0.00342677289054426	0.0232619599068973	0.02755233354090518	0.008662352397792459	0.020517585818107777	0.0023037251482620025	0.004516554781105495	0.005634609315053931	0.04393504526363468	0.0027527273697902886	0.047790405725525835	0.0017946702950103356	0.08823699233122602	0.11002170662114201	0.07492186241600791	0.041169466692304764	0.05147356008678588	0.02240157196381859	0.0236198658697762	0.03160141803059415	0.043208309816568216	0.024588846465864844	0.028429428045985413	0.016739332565454436	0.024007972156273233	0.0019713743161803472	0.016875555301774592	0.009916886485907718	0.0018698498240172128	0.00040417028842158997	0.007295627114052041	0.018196016259972317	0.017025914359788348	0.016297251232490918	0.0027623657709450163	0.046252759461308246	0.002887664985956479	0.01219450514096174	0.02052272629872363	0.03211065472701449	0.016901257704853866
A0153_S32_L001	skin	RA1790	7.0	False	0.002784043577516549	0.002960519790053173	0.044605395946855	0.01359273781826521	0.004894910940931008	0.020307640433409237	0.004908777544163105	0.006215704898788455	0.004211980731750123	0.02354895893891242	0.0026485212173309423	0.03688516459738381	0.0054183752129427516	0.004697311844873594	0.008025296620577394	0.005435708466982876	0.012271943860407765	0.00720370037907552	0.005837839960713751	0.006319704423029197	0.026956499629836848	0.017506586580525205	0.025226817929996415	0.019780709510589467	0.11293308337302366	0.09569689555552438	0.00810849623996999	0.028291337244290327	0.014493429067787033	0.0012237277352327518	0.0002218656517135868	0.004076781350237158	0.052436560122183035	0.05570907848495842	0.028506269594387876	0.009900754707718807	0.052852558219146	0.007210633680691568	0.18194023435756518	0.006843168695040941	0.019808442717053665	0.00750183234856565
A0154_S31_L001	skin	RA1790	7.0	False	0.0012677877324674912	0.0020522382280206866	0.03081558010637672	0.011693109309598744	0.00459981802611692	0.021266156699274154	0.005405319625455156	0.006686349132065913	0.004001597822256453	0.029303645221715365	0.0018944909895504745	0.01885422428498322	0.0049008332879320595	0.0030116767460593224	0.005765013811725399	0.0042591754386957364	0.009970844773643768	0.005639273259321605	0.004416160613211986	0.00446569477021954	0.021367731171323553	0.013148651461666888	0.028607118767793743	0.01316541686865406	0.13440826781616064	0.10704407535727956	0.006888296079865945	0.026795692749225178	0.014318759424425563	0.000789853195349132	0.00010516482564680831	0.00395282572920286	0.036319968045846994	0.042246539415812405	0.022717126467618518	0.009782614977015058	0.0394230924663818	0.00859150901697186	0.2589036077191789	0.005316920206795519	0.019104181261882878	0.006733597097211581
A0156_S101_L002	kidney	RA1818	6.0	False	0.018815984059813856	0.035945043951340655	0.055821002053276614	0.028098342816302087	0.08378235980899416	0.04190020287255954	0.003419182012066069	0.007927087577776774	0.008700602021676144	0.02660463146705421	0.007353718970899087	0.05729748773622344	0.005132428287887963	0.015530988844952966	0.022531991791592532	0.011782355749915726	0.011847157066000617	0.014195589571709941	0.013769049263303074	0.017046027209621187	0.02106642174124814	0.021924992121936607	0.02244668372991116	0.035855634540539985	0.04412395436504226	0.025649837392081924	0.011970197539579518	0.024315258388662764	0.04410436513071254	0.023692247034495687	0.0003133430727142723	0.012865111917410074	0.024337405673906968	0.02076266978152791	0.027905579407695138	0.0033934562613061377	0.05885025851278918	0.020312341648229128	0.02039108755131962	0.014280897633391314	0.0232530089667649	0.010684014455768057
A0157_S56_L001	liver	RA1818	6.0	False	0.2981124879308593	0.09970863740218255	0.028240645522558828	0.018635327735949617	0.019660222932984323	0.018323759596051065	0.001076080982791279	0.006526532614716974	0.004172006715395923	0.016000663816105744	0.00174642141574713	0.06411061089184397	0.0012654039366055102	0.006152104236066963	0.009828061676098091	0.006623556026702926	0.010186091731595544	0.005880165377120422	0.011819091412204169	0.019720350117877025	0.015476515942241097	0.01576015507653494	0.013658436659149108	0.022376878468590964	0.032733786066358954	0.01465190173680808	0.0035256394777993705	0.02294262061735413	0.02321025552488107	0.007972318106000591	0.00011342173513850688	0.004092748153491904	0.028364999473132375	0.027349669964603338	0.029881844364743743	0.0016370992613967616	0.04310572546035014	0.0026141660159031766	0.017013260270776032	0.005975822262176994	0.013264876903487786	0.006489636387623725
A0160_S79_L002	brain	RA1818	6.0	False	0.002550240366459314	0.006459360394304271	0.0230079581233761	0.01523322519804372	0.017645285496876894	0.04572760051414471	0.08718239318234755	0.10346690590840572	0.04821982303786473	0.03575985471450107	0.013958108071190994	0.034608042429266635	0.06661471536168614	0.008702783189159489	0.014255852997569292	0.01148584599674418	0.006624733946592339	0.014473449776895695	0.007289475662579507	0.008192518741639074	0.015838182545549077	0.014763941477296441	0.025449756648717216	0.03351425595185258	0.013578401691266426	0.03109385444314524	0.0043095042145594115	0.03419750983893749	0.01996158966238581	0.003983648737866201	0.0004225004131920991	0.02848450639772279	0.023575160394820247	0.03256952326827711	0.020903434605990905	0.007265193800409721	0.03277225093434956	0.0060796540143796965	0.022716741100377594	0.011352023977458445	0.031023498151163023	0.014686694620635567
A0162_S155_L002	lymph node	RA1818	6.0	False	0.004310098571722626	0.0035000248622866653	0.029149401070979648	0.04342999868274926	0.007126493974771407	0.01912509298249153	0.00260330564299509	0.004142249614083864	0.00545991074035687	0.04243885182281053	0.0023576250701489686	0.06268633759582612	0.0016985944369963294	0.06238943369188001	0.11043304694673	0.05434781946330164	0.0422451840471907	0.03726904260585114	0.02199849855423962	0.03189196085217466	0.03228675603412343	0.058213972455117544	0.023213723832250895	0.029090980626267877	0.021652377426323997	0.031104885408694858	0.0026097132904805797	0.015510227930942692	0.012021006849527383	0.0016153653102836706	0.0003537237885287998	0.00698684510350834	0.019817735378355048	0.016715449708147156	0.020349521481245074	0.0018270393873557691	0.049933074487240256	0.0033267642283127162	0.011117090516624033	0.017574950497468263	0.02600510069738315	0.010070724332231712
A0163_S154_L002	lymph node	RA1818	6.0	False	0.0035653671457213437	0.003111390460163193	0.033932238244906	0.03989601641380829	0.007031924701164264	0.01910001401335265	0.0025045510695205398	0.00430664019451292	0.005982004288446947	0.04522475820699667	0.0020264567125311377	0.06092847873361964	0.0016921513093041073	0.05189216051726778	0.1286524222490478	0.049577443335096116	0.04810112765197875	0.029773805180374646	0.021440631470666726	0.03186980892801041	0.030929553541194792	0.059775436855057526	0.02320856506649862	0.029730638055137298	0.023316962514316864	0.03135420159878651	0.002265314805511139	0.014786658932691705	0.011928035972529434	0.0016389118548447094	0.00034965371442253226	0.007196919046515911	0.021931297794197932	0.01895036797919651	0.019319686717338278	0.001554975777994307	0.04662289342996195	0.0027646145540898173	0.010718876831158781	0.01616225132358858	0.025547263984913263	0.009337528823563595
A0164_S153_L002	lymph node	RA1818	6.0	False	0.003035635357561226	0.00289476094339638	0.012107284821650547	0.0322086175040186	0.009858151825889212	0.01869034214953656	0.002425800335887284	0.004785863895469197	0.005393928035241834	0.04948796912072367	0.0022010043669376364	0.06218688391620706	0.0020084898516428244	0.07226807085127927	0.15274383372049352	0.0712409354800417	0.05067122906838933	0.04277226459632354	0.019826647337374232	0.028765659739630287	0.028990229928392404	0.05749610340938957	0.01663254980007433	0.019841907634318326	0.007478719371605163	0.014951569398231824	0.0017185442097049067	0.018697385363510757	0.011048454987529084	0.0018793642621158164	0.0006374108646651397	0.007105429030972539	0.011407658900213308	0.015445768245421557	0.02462894539878322	0.0020871390743547294	0.04824132024729019	0.0027538966639123704	0.008075044821420801	0.017977803669146614	0.027727959547431416	0.009603422253822295
A0166_S117_L002	sex organ	RA1818	6.0	False	0.0027815417020175324	0.0037606383029027486	0.08718074335986033	0.028103148398719177	0.005234401962148419	0.02086137869380511	0.0025155621080227833	0.005132763089096993	0.003989325767268455	0.01837122630404518	0.0019311385879770867	0.09404136729083153	0.0024647426714970713	0.013162234060159619	0.02345316995661646	0.011612241246125378	0.008131109844114049	0.010138477586879704	0.012145845329645362	0.014559768564616717	0.015742680676891163	0.03155887008246766	0.020886788412067966	0.034455577964433284	0.06047512946559823	0.10684786529531116	0.013695838143679603	0.01476304631071957	0.007800783506696915	0.002718839854125635	0.00020327774610285124	0.005742596327405548	0.06436281635981526	0.06878410733755227	0.040274403446627395	0.0013213053496685331	0.08885778476520884	0.004421290977737014	0.01341633124278818	0.008918811110262596	0.02053105235638798	0.0046499784421027215
A0171	liver	A0171 [A0171]	4.0	False	0.3804696093170488	0.09045965962581083	0.0231968703813559	0.019323424801086325	0.012549588224928314	0.019457962894746734	0.0008322589049690677	0.005882130606548298	0.0028503303098752664	0.012950073713033727	0.0021838974273248476	0.06798554039877022	0.0007634254617009494	0.003976695745171749	0.009032825032502627	0.004226999175237634	0.00993078858786399	0.005935320085437298	0.012605906496693135	0.021907807716516587	0.01603791364762137	0.013353687994014965	0.011783033970351539	0.017718354055788837	0.033693970479743963	0.013979446569179679	0.0025875117083060863	0.017023762037356012	0.015460886367297071	0.0028127847953653834	0.00012202292215711895	0.004496075362558461	0.03492045728706679	0.02030586576409493	0.018065650065005257	0.001451759894382133	0.027893188487967072	0.001949237961638079	0.017971786278730546	0.005578637697593413	0.008741847295051034	0.007531004452107317
A0172	adrenal gland	RA1849	4.0	False	0.0019995585132522122	0.004404405928830873	0.042373383393179746	0.014515913402884833	0.008756567744013934	0.021983414429719024	0.09298495611199027	0.009308538162119089	0.008084737471239943	0.015506280078991208	0.007280103662662685	0.07672388811661701	0.22127767187211128	0.006862150753480179	0.011310850604751586	0.007314175910693868	0.009760563319332779	0.009056403526688338	0.009885494895447114	0.009037095919470668	0.019528400933116863	0.00848285401816343	0.03147594273120649	0.0236336469760293	0.03784518162983555	0.03491383255755283	0.003102846054039697	0.015652790745525294	0.009960391569325745	0.0021317869851509917	0.00021011219619229276	0.013429008690690103	0.05040875522053365	0.03380307727173627	0.01836039872240327	0.0023975505197942164	0.051233303622888256	0.00411592756216686	0.018104856862169404	0.015180322239492896	0.012286452640044448	0.005316406434465527
A0173_S111_L002	brain	RA1849	4.0	False	0.00390960381399921	0.009683788292650623	0.016994831128395598	0.011645287590045617	0.013566665310902986	0.04419280206795664	0.06953414898366451	0.09894538018296871	0.11258930161579028	0.03243272218948391	0.011202835759894588	0.035934444230628845	0.05541904208083149	0.008177000196015381	0.016196857550591724	0.011751163972575461	0.008004254519256161	0.012970414104024395	0.0065320155579727595	0.009502126709994157	0.017153550037553294	0.011918337208148897	0.021032622011612677	0.027731810805158873	0.013259066557447866	0.023473351250984858	0.003529584247073832	0.04675946847812747	0.019212662720336532	0.0028608913047800844	0.0004914893125859047	0.023823300557451924	0.021558660459550426	0.028578821865397633	0.02018115299842531	0.006251164522209386	0.027915701364289662	0.006885308329151291	0.02674771769174991	0.012747516456593146	0.035655822171339786	0.013047313792388174
A0174_S78_L002	brain	RA1849	4.0	False	0.0022150065280721605	0.005521874204822515	0.016990763101875295	0.009830723804047726	0.015632888650539183	0.043548301400007594	0.11310861816456892	0.08594077531299164	0.05371402033707286	0.03376536566472498	0.01616202389899018	0.04599663520285433	0.0785529379671646	0.007633463067148258	0.015726483935478104	0.010935049123697445	0.0071006137200885725	0.015243651116348747	0.005628467063163751	0.007760980452713191	0.014646815292654282	0.012638829958789313	0.02361201049486928	0.0275385555439736	0.012844343415136683	0.02524051893149174	0.0036271887012441157	0.03491029846249635	0.019095541193722754	0.004154343097103813	0.0004773854745032873	0.035072975981556856	0.017003391037144832	0.027477396720217213	0.020609285573032477	0.007561904767287547	0.03289329531140518	0.005222022643814485	0.022762472339775516	0.012084934052947064	0.035308449833347647	0.014209398457116258
A0176_S152_L002	lymph node	RA1849	4.0	False	0.002605315090312194	0.002445794554081061	0.023654306277810684	0.03868570080580435	0.007904253900325035	0.01967147794993576	0.0020575290358239456	0.005079235928740344	0.005038955721181668	0.04979910831565168	0.0031153301992331976	0.06467724156610508	0.0025435477407173596	0.07316310236581387	0.117429085584625	0.06179131206113892	0.04362248234195911	0.045006746060256064	0.021040022562843944	0.024260474279364418	0.031103161447717246	0.05474817040289145	0.026610480534982772	0.02613988981740703	0.018382511308058135	0.021687453216043144	0.003497009726953821	0.01713529853986938	0.01079067462733454	0.0020066420472828147	0.00043522273045105834	0.007214578151393562	0.020951111372988815	0.01936397295076831	0.011746592723787991	0.0024015845701751974	0.043337573556788016	0.002795053426937384	0.0092457813008463	0.01685186342082845	0.029406516406006954	0.010557835378763654
A0177_S151_L002	lymph node	RA1849	4.0	False	0.0029846633058421613	0.0025299771044897516	0.02763531544969298	0.03730442224537693	0.007709099742314141	0.020324489140623587	0.00239371910907348	0.005217538776070436	0.005058386203336807	0.053481536461070005	0.003868269920530658	0.056366666843630356	0.0030325229129737714	0.06881114362688598	0.11761218324450887	0.05603973766712828	0.03853765868335722	0.04229930422018457	0.02185486264789474	0.026504783381309276	0.03512570394120992	0.04936473764617205	0.030097084308725465	0.027425986696393092	0.02462239260725291	0.019662006756584596	0.0028647463092053155	0.018125361226742662	0.01056790678873639	0.0017459742831418272	0.00037083333449756825	0.008429598335132881	0.025951277389437644	0.018403682228321172	0.01040685345057235	0.002475096906995397	0.042507848970663106	0.0041058227753990794	0.011223784390416885	0.019682390829939642	0.026244494444621767	0.011030135693543946
A0178_S150_L002	lymph node	RA1849	4.0	False	0.005148369990211689	0.0027487025572978697	0.015332446792659682	0.053085595415955124	0.007111884683566236	0.01807029248576748	0.0020718712972701255	0.0047163495319806625	0.004580958049139783	0.05239714249849065	0.0031791452904806686	0.0784159368495298	0.0021426340798639297	0.07527127806882936	0.12126478661238836	0.062260922934704775	0.03645671131118701	0.04520862112652392	0.02297312462618935	0.02589617564959836	0.034112902977655714	0.049322734015490664	0.024892873670621835	0.023503833693362803	0.01084217549146049	0.014296574221112947	0.0025449766939665457	0.017853793841036074	0.008716784666486671	0.0016572683866607743	0.0004298040941127943	0.00705376852819586	0.012962457203874274	0.013951709123310707	0.011747127053656374	0.002666318117267335	0.05231092622404009	0.003331780028211661	0.009112740889889245	0.017434207972043345	0.031314389519513576	0.011607903736395468
A0179	lung	A0179 [A0179]	4.0	False	0.0024995522420699517	0.0130368755976068	0.04263301243565207	0.01815850529666662	0.015496472468894426	0.04598332751547183	0.0022065519256818968	0.00798609848331659	0.008664258937539924	0.0199399417137309	0.01099227243711257	0.031397816850758	0.0030972701342140384	0.011376900754433266	0.019808358342015924	0.01240932413250461	0.007328181624741712	0.010597522321967643	0.014089542571326606	0.021832717906861702	0.022965827442660753	0.016296094497008508	0.03401936248723328	0.04096291579465429	0.03044636785528049	0.039151113984117324	0.010374842769834606	0.019322512046452942	0.20182107494712404	0.01890277420652321	0.00031377573255109544	0.0076217137616443505	0.024110122417313203	0.043139102326863514	0.016670601016504975	0.0014372952910405013	0.05128714957536775	0.006204662066252307	0.05461722105953907	0.008148047248504252	0.02725800154064839	0.0053949182403139955
A0180_S116_L002	sex organ	RA1849	4.0	False	0.0015372312583534133	0.004188643668873885	0.09560339366361004	0.010178510696627379	0.005973879838177639	0.01641884369440259	0.003378626063697255	0.00887289021459926	0.004611963421539334	0.014351167175925406	0.002131625276780602	0.09152133125857514	0.0035491560858397033	0.0048441184414839186	0.00873966363480047	0.005067939095545883	0.0054782769613261496	0.008228073568373127	0.008675714876497055	0.006085790165208619	0.01264989721033767	0.011238994271825727	0.026528076569534598	0.02181718470784947	0.055912531009955205	0.20078844294634887	0.004359173691016332	0.01312015357858461	0.009801313886662655	0.0035404663640661456	0.000378363486628557	0.006341585198422293	0.05647741170830207	0.10244058173888382	0.016365553062483076	0.0009485732481673682	0.09112698058237077	0.005195836612152719	0.021646654685707017	0.006815871822505978	0.018166776421362683	0.004902738136595386
A0184_S99_L002	kidney	RA0917	6.0	False	0.04039401239669745	0.02325056164194002	0.11229949683917524	0.03605308609035004	0.0391513049612141	0.025366418431798404	0.002453916615305679	0.007135050904146494	0.0060095105441278435	0.020013141666480022	0.0035197993590689223	0.02815441769813435	0.002326647033960813	0.008216842345577846	0.01291388533208677	0.007262320485491357	0.008813418508131898	0.006769150857780007	0.014695659470914876	0.02241933218878137	0.020610103434730347	0.013383191913295959	0.01852965560892894	0.030043575546222192	0.11052169987476415	0.026965242547443268	0.004844198439938924	0.01895521327155083	0.01669709120883748	0.005659519195429464	8.352066275756766e-05	0.0053811169862375725	0.047996540864682205	0.02680615557076219	0.03169410292928841	0.0028039079640040567	0.07743956307393332	0.01248435049504785	0.06439443098608465	0.007902645566632711	0.022622168084049755	0.006964032404214331
A0185_S54_L001	liver	RA0917	6.0	False	0.3162769452542134	0.09405924151623292	0.024883343290465435	0.014383612201084282	0.017339847167997424	0.021468382207996805	0.0010601670226171262	0.009378400584689965	0.00443435245036971	0.012885106890269686	0.002650417556542816	0.05900237237411471	0.0011009426773331695	0.0044139646230116885	0.008542499663011075	0.005545489041381891	0.010326434556837969	0.008257070079998772	0.010316240643158957	0.01971502905520695	0.015929963547465897	0.013211312127998035	0.013700619984590552	0.02017375517076243	0.03251858463604454	0.01427147915061516	0.003588257615011811	0.02608622510458872	0.022181956165527563	0.007125545661628571	0.00010193913679010831	0.005076569012147393	0.03496512391900715	0.028981296589427795	0.02878761222952659	0.0016208322749627216	0.03839027891515479	0.0026300297291847936	0.019174751630219367	0.006524104754566932	0.012130757278022887	0.00678914651022121
A0188_S77_L002	brain	RA0917	6.0	False	0.0019457310712912644	0.005122730049893653	0.01632291976799106	0.010396156682897196	0.017231868145862715	0.0475800616773403	0.11189138364870638	0.08753563926999436	0.05230840912714561	0.035712228869515555	0.015908027276517644	0.05015621022784539	0.0815020532905441	0.007971658491344473	0.01607589182479194	0.010396156682897196	0.006013556686758421	0.015392034545742648	0.006168068373238178	0.007156180146034644	0.014744653033932856	0.012133936267873222	0.02219817895759168	0.027815918669726027	0.012617500620004307	0.02526266073944018	0.0027611810639437957	0.033452733898709744	0.01919042312727241	0.00417753819000823	0.00036624992350757084	0.03326293250605867	0.01964587480314829	0.03003917015851808	0.019126066969003437	0.007425144933610519	0.030464554184258644	0.005773205174456578	0.02073699436693126	0.01198896233981814	0.02992567083326443	0.014103483382568885
A0190_S149_L002	lymph node	RA0917	6.0	False	0.010854399830645314	0.003925404789013166	0.07996074308851081	0.04379568781528927	0.005525271062132372	0.016848103130274895	0.0037060906355232386	0.005891364240264698	0.004544245570553576	0.021525236616022413	0.0018851844439767844	0.025669515618296196	0.000978419846182837	0.02787780009137196	0.033189408231035646	0.02395630377045273	0.019856320739910276	0.018715048056479965	0.040414862914031666	0.04141803639147613	0.03382347674339344	0.027978117439116407	0.03337180340875282	0.04308174097679634	0.05721085313638738	0.047844860760610515	0.0032805075535131604	0.017922931856108243	0.013349182159338687	0.0014278936769858716	0.00013419073789192038	0.004266744335883876	0.05205037242968935	0.03101108868001341	0.03501205718550939	0.0014318021450798104	0.07167088226126526	0.005277734749516208	0.051095403392070145	0.014639818657199117	0.01804670001241632	0.00553439082101823
A0191_S148_L002	lymph node	RA0917	6.0	False	0.0030911583446036404	0.004189297320001231	0.024928264548118778	0.061019341975745475	0.009956606530405402	0.02003426602774583	0.00273870591499537	0.005196630937710505	0.005460353472818943	0.03845593360310728	0.0018460577457590564	0.0770329201731496	0.0017120348180809984	0.05519150628187381	0.09244555685612625	0.05084224611270844	0.03453900545870984	0.03692980155567649	0.03520047345660478	0.033453852076542334	0.032784765623462	0.04967927296608271	0.02122750241610531	0.03224332240719214	0.014323159980561488	0.022658521418087156	0.0033116633097223357	0.020276371961615865	0.010449465038640844	0.0018676743469974528	0.00038477550204345674	0.0062212578364104956	0.020367161686817133	0.01823144148446356	0.030444821184157558	0.0016428616941181297	0.05501425015171895	0.003571062524583092	0.011759431073687668	0.015922788472202822	0.023812847924217524	0.00954156778662819
A0192_S147_L002	lymph node	RA0917	6.0	False	0.0034142429692122197	0.005046261073120317	0.026223619528491927	0.05299852470303405	0.010027007040478146	0.02022019873947577	0.002568907332802577	0.004662758014998442	0.004969560461495942	0.03703041612048455	0.0023010183487312402	0.03146003420126434	0.002059731007996228	0.06908328213242895	0.07767215270495008	0.06301914002587683	0.03559227965252753	0.04389671879027492	0.03398156680841566	0.038706644070358905	0.03328818254283999	0.036867427320782756	0.03694732379122481	0.03788211249539688	0.013684667457315515	0.019002576529938826	0.002748438583206759	0.021853282595311413	0.012346377502067617	0.0025838518540961214	0.00040427614043680803	0.00722423885737079	0.020234580104155343	0.018999380671121145	0.0330196133042933	0.0024176671955766426	0.059275191420962055	0.004493377497661283	0.01286812552939769	0.020333651727503496	0.03014813415660577	0.008443458996316579
A0198_S98_L002	kidney	RA1423	8.0	False	0.05246737421136514	0.027180428064744584	0.09547491401704215	0.0456077466802355	0.03951677514133876	0.01972644191574509	0.0017756459862080939	0.004573552929993263	0.005505301198618198	0.02211171748342494	0.003375590870332629	0.0287324544664827	0.003317023836304775	0.0107630235715732	0.015387157121863247	0.00926423992804223	0.009258915652221518	0.007613714423620914	0.019199338609494417	0.022111717483424935	0.021978167421048043	0.017242667245382048	0.016132555736763195	0.030808922036561128	0.08869444875936294	0.017838986137302008	0.00587267623024746	0.02831716095246702	0.014959537578346211	0.00531096513116214	7.720199940035191e-05	0.006237389123966364	0.04076797995920653	0.015986138151693557	0.043866708486862034	0.004256758518660784	0.10197851693204417	0.025647036628378975	0.021480790798670327	0.008513517037321568	0.031695413960709996	0.009373387582366867
A0199_S53_L001	liver	RA1423	8.0	False	0.13813778625162712	0.046604945298558194	0.06611634322181577	0.036192126717752356	0.007935983093138437	0.01794442036983532	0.001364786901367757	0.0049031233123212	0.0037405270630079266	0.02208932873695221	0.0014658822273949982	0.048475208830062164	0.0021735495095856865	0.01238417743833705	0.015922513849290495	0.012738011079432395	0.012131439123268948	0.012535820427377914	0.02370685395338807	0.02699245204927341	0.01872719468118105	0.016731276457508427	0.01855099232599877	0.031390098731458406	0.03573719775062978	0.04149963133418253	0.0032350504328717204	0.01769168205476722	0.016529085805453942	0.002123001846572066	0.0	0.005256956953416544	0.06293184045195767	0.023605758627360827	0.04079196405199185	0.001769168205476722	0.08234214304918798	0.004700932660266718	0.01319294004655498	0.011979796134228086	0.026638618408178074	0.011019390536969298
A0201_S109_L002	brain	RA1423	8.0	False	0.005550788639856946	0.010272217885035443	0.01737290717896088	0.028897232336085845	0.008792041255134072	0.03496543670248132	0.020563690331700413	0.14654723291398816	0.1234510400163993	0.03396868913871104	0.0075548786987986016	0.038502785944440523	0.021313113976029315	0.007407380852008605	0.02040148631503212	0.011768638771191216	0.008274174365743644	0.009320954238777494	0.012924148515333765	0.012522372261395597	0.021974376477737693	0.019207858365458453	0.02117536268299197	0.026960916990560795	0.013949267730782521	0.024379379786610783	0.003022081433569476	0.044890677273922666	0.01535948741299414	0.0017966147417371747	0.0002716039645736489	0.017101303214387235	0.02285112015819637	0.026635382095222523	0.03267564634086041	0.0035724368354687116	0.04546247509407772	0.007063002619415223	0.02315911125677988	0.013951217041533048	0.02473610365395751	0.009433364492057976
A0202_S76_L002	brain	RA1423	8.0	False	0.0018538116769692458	0.004866798539483993	0.016252020555217926	0.017563811385126887	0.013630777203474703	0.04107549907627594	0.10284798822578452	0.11252406117090745	0.04673807920996844	0.03213770617873221	0.015509218023486945	0.04155563166761515	0.07110171306355041	0.008390628808062968	0.01567835564089054	0.011675172216997234	0.006633780007935339	0.014796034060702214	0.008859069859028675	0.008581590634163796	0.01594707318703927	0.015103131854513344	0.02332150530107312	0.02961701007420127	0.011622170567303943	0.025153179959591272	0.002639170380315951	0.034782332611222475	0.01812812306715546	0.0045791866462953955	0.00031333328201034027	0.0296333782307242	0.015777344016053005	0.028214804665403753	0.02442752502040812	0.007472453170729186	0.03441677711554375	0.005036715592912487	0.019559167608874328	0.011863795735023358	0.03607853472063343	0.014041539988597711
A0204_S146_L002	lymph node	RA1423	8.0	False	0.0025190281165420737	0.0028984371958434303	0.02200135514718536	0.02695978920119806	0.006584723156599553	0.023049520550125248	0.0020789397406856805	0.0033151277860424375	0.0049869493041146155	0.04184658944795466	0.0022789203912098057	0.05886191513780288	0.001550401743444653	0.06333926932719289	0.14032032628782157	0.05474284126824183	0.08506926967502132	0.038310698435316724	0.02624322856154016	0.02367179689509132	0.03321321741758558	0.046219541028100546	0.019427163940404075	0.022168307337298212	0.01315150930103822	0.025234156646643226	0.002306515794534243	0.015121821098403066	0.00991927803127392	0.0012238561374388077	0.00035966008999517015	0.0066891257658436756	0.014950729597791554	0.012627656561262647	0.011889479522333941	0.0024785271419232374	0.04429982080349716	0.0027898952761006425	0.009230202488635639	0.024444928111564315	0.028251254076781734	0.02337422646257613
A0205_S145_L002	lymph node	RA1423	8.0	False	0.002416202857670382	0.0039375872108176994	0.03378029034337516	0.02675689114271281	0.008502167300690859	0.02289363195962253	0.0027834543139046604	0.004897857375489635	0.0054463262897685525	0.037852147539764965	0.0021752936501838074	0.028040248460167633	0.0018120453856449847	0.06269269429018302	0.11892844088133601	0.05724756683957137	0.0738826589806298	0.04144446907339725	0.026786862121635155	0.024303466808129646	0.033952643199626764	0.03904858901834498	0.022341566527872933	0.025960262522956877	0.02062662711393634	0.031253137400643026	0.002148919188732143	0.017598359403622595	0.011027216467926019	0.0017029510223676486	0.00038302911062757037	0.006790824404224954	0.02523856135050681	0.01993309866167328	0.016548176302183627	0.0026566275716766695	0.04981536348640825	0.0037187990646845807	0.013965876758234368	0.023961198228836456	0.024962828344421227	0.0197850420257969
A0206_S144_L002	lymph node	RA1423	8.0	False	0.0033461713186385914	0.004196985958048822	0.03152187886833166	0.08366507768353729	0.005135666688451138	0.016524906924225407	0.0018786508574123294	0.0029875319400304514	0.004661168736819199	0.03220525907041026	0.0017252126610965664	0.028596237965470592	0.0018141810270275555	0.04133547644950203	0.05499147592160497	0.03914737040624278	0.028624604690839883	0.024422461146360284	0.03501872246840182	0.022596675549863467	0.03063081697310095	0.03772000836152388	0.06052298736861862	0.04688246065580802	0.017908429484282663	0.027878044054984195	0.0047062976180885395	0.01807605104328308	0.008234712976504018	0.0015253561869037653	0.00011475629808489864	0.00585901818536831	0.02631916355628035	0.02115255134924452	0.0399106931979985	0.002595555371291022	0.09742551828086356	0.0045090199371111295	0.010771619260688127	0.023027334016833767	0.036072159496889036	0.01376172999393397
A0212_S97_L002	kidney	RA1639	5.0	False	0.029822403495015193	0.04023707171524841	0.09121865416291922	0.043339648630803175	0.06728276745387234	0.039550020883132544	0.002498601535629151	0.005727834305639581	0.008772554309016174	0.024280617477441854	0.004785248778070104	0.04805498697332466	0.0038619488878933526	0.011267633646700085	0.016532612654914243	0.009269159471878865	0.011629239347813692	0.009028089004469794	0.020158312484746702	0.027036052919927566	0.0180614973644477	0.020717595969135756	0.01097352767646101	0.0244782952607173	0.07897468512321237	0.020437954226941227	0.00809996770494486	0.021288932976895256	0.033477400310206906	0.014473870863240751	0.00017116003186044197	0.0077697011645944305	0.01510306478317844	0.014047176135926698	0.04029733933210068	0.0028566850387975176	0.07181248153648884	0.020249919262362154	0.016882164832657396	0.009493355006569306	0.026864892888067114	0.009114874372737058
A0213_S52_L001	liver	RA1639	5.0	False	0.28460376692176437	0.07282469622176121	0.026591265609450323	0.022005485254200794	0.017826634213751573	0.027984215956266732	0.0012990435818624937	0.008874189288144988	0.005164872072465337	0.020221256720076408	0.0022381112314016453	0.04582650129751062	0.0009077653945545136	0.00765340134374409	0.011440974196885336	0.008122935168513664	0.01137836968691606	0.011018393754592718	0.01729449587901272	0.0305666519924994	0.022943399435556743	0.01734144926148968	0.01677800867176618	0.024728781437864337	0.03202220684928508	0.019751722895306835	0.004163199912956907	0.017607518428859104	0.0251826641351416	0.006761287076681893	0.00015651127492319198	0.006150893104481447	0.03275780984142408	0.0189065620107216	0.02734251972908165	0.0014242526018010473	0.039331283388198156	0.003458899175802543	0.018937864265706233	0.008154237423498306	0.014790315480241645	0.0074655878138362615
A0215_S108_L002	brain	RA1639	5.0	False	0.00357641278731126	0.00830605587027299	0.0177784833436625	0.01257285160096595	0.01519806865329769	0.045773415407760774	0.09380054368210534	0.084669919952261	0.07682115652811745	0.03127305544756601	0.012973555872040944	0.04273943972714651	0.06861657924298792	0.009076253778243764	0.01514168815284493	0.012009549993763802	0.007126092539368756	0.01590785888221193	0.006709019661993003	0.008194301664018409	0.015338021111056262	0.013100411998059657	0.019604808840471617	0.028363418906343116	0.011775973634745219	0.025050057710092402	0.0038087041645142707	0.03949252697785799	0.021273540119828325	0.00354995793922213	0.0005658185938295055	0.028115244024885865	0.01976035861404218	0.02951619878167192	0.02270372277607165	0.007889242884782927	0.030228505997213502	0.0066438379015674506	0.023315853923844495	0.01165767526325951	0.034534566719293204	0.01544725032940588
A0216_S75_L002	brain	RA1639	5.0	False	0.0027848188269435116	0.006578508551447197	0.01740890163229032	0.010214540903877304	0.01541878078096907	0.047182368244038306	0.11497222553651461	0.07568816833093693	0.052960373204059503	0.029802364784806856	0.01606802640235848	0.04856562746112316	0.0838560764006223	0.008969992917475052	0.014018824841672424	0.011475143430867819	0.006692174698812107	0.016215728175770515	0.005533679049962953	0.007051796407989228	0.012690544385129565	0.013383707216000686	0.0205234825064136	0.027107128510849038	0.01179944515075076	0.026407150541200724	0.0039474904398424365	0.03635004861832459	0.021229547492784533	0.004393806668196185	0.0005413591086362735	0.03160111551231601	0.02020303387627185	0.030883156457208818	0.02140648223876814	0.009072099795616417	0.02956347322085349	0.006166227949140569	0.021213827751708967	0.010734708018937071	0.03254126940916475	0.01678277454934801
A0218_S143_L002	lymph node	RA1639	5.0	False	0.003373729425841053	0.003584821695424248	0.0223230954358254	0.04595969362603901	0.010944566008813536	0.022683513022000036	0.004513861974597406	0.005071221668955886	0.006152904520064702	0.04153877194550322	0.0024085184756299683	0.053730606450625135	0.002240352274920805	0.06271868129057424	0.09604139458608474	0.056471156401824096	0.0377565377535943	0.04079471177356753	0.021466351006637026	0.028939639762448885	0.029079848255098354	0.056833724450923384	0.03099634250360289	0.03572865121563085	0.0186273098534882	0.02213686534654901	0.00198659764980979	0.020332196860166272	0.010225231940757357	0.001714349043546617	0.0003096666611524246	0.0097497688078671	0.022063749607110248	0.023498538470449814	0.029983904558668444	0.0017388643208878503	0.05279902591165825	0.0036205193799737634	0.010572966015430629	0.017616162186308553	0.023654662078780832	0.008016925783168326
A0219_S142_L002	lymph node	RA1639	5.0	False	0.0030663915092597315	0.0033476706278671555	0.020785324026251918	0.05426101091679074	0.009803115876366971	0.019942290040488777	0.0037210514703844336	0.0046626813190817195	0.006098319606002014	0.042433390208832966	0.002307894732488197	0.06033860296409398	0.0023415345408681044	0.05730694265737145	0.10629669753984396	0.05214034380467959	0.04196005431920457	0.038403069328084655	0.023565535260235783	0.029554780336036274	0.028477569600470886	0.05954823736518834	0.02664272823688671	0.02729513664183037	0.018308210863731453	0.019843069595570265	0.0021719763147916007	0.020566835169804638	0.01020066749539096	0.0017934435215065819	0.0003506695176572171	0.008334177577111013	0.01982302162896002	0.023380006620079934	0.03145084226290379	0.001751308812020637	0.055467966465936505	0.003159083823313129	0.010120825177732766	0.017083246124240888	0.023018123832962745	0.008876152267676189
A0220_S141_L002	lymph node	RA1639	5.0	False	0.004188196658061615	0.0028869964927314353	0.01912004827855377	0.04792540247650024	0.008640503149370338	0.015627917149791292	0.004389323951475059	0.004330494739097154	0.005340628337263557	0.04144384321088648	0.0022077958986445093	0.022325370803780713	0.0019115320664209777	0.06463279156816984	0.11327363968206092	0.05999185015381716	0.03886729339341055	0.03705031361386943	0.028359382578163173	0.025177698124656204	0.031192815747023334	0.056658882041302434	0.025926237062455018	0.028887299513242332	0.01442552723496919	0.018858453618186184	0.0018721352802210404	0.02208899008658107	0.008157473107056643	0.0024756940448040863	0.0002348048457516288	0.007162335731148677	0.020185337377400085	0.021146618960678567	0.03479839331468098	0.0024725423019080913	0.08202410886827032	0.0032667815116988346	0.007880933111435543	0.02065967468324734	0.02851066623717093	0.013423272994042779
A0224_S27_L001	skin	RA1639	5.0	False	0.0020385337582218234	0.0023372018196096576	0.02607956382866623	0.00753151119625357	0.0047361276080459805	0.019691133055106457	0.003909976025289088	0.006305340815523869	0.005728459106874659	0.02133512722481665	0.0026161466787301604	0.02905655832515227	0.006026395956403369	0.002660065656549133	0.005229919358659295	0.005143268402421863	0.009460385222086835	0.004974714487549049	0.0033888832884639776	0.005011511468964944	0.01575962726038748	0.013912819973410264	0.027708127006169744	0.01339291423598566	0.0826460202601026	0.10119882089011731	0.005241789352664423	0.015657709092164036	0.016049611931018563	0.001112218438280472	0.0002563918705107598	0.006149843894056698	0.028143755786157944	0.03636253963530841	0.017714779053252683	0.008333922791000207	0.02392397291733502	0.008497728708270971	0.3773423614254097	0.005670296136249536	0.01653727564794401	0.005126650410814683
A0226_S96_L002	kidney	RA1325	6.0	False	0.06366626839282023	0.046678087205500915	0.11501195929468884	0.040561199572048005	0.06161764787317658	0.0297621776119253	0.0018353836207901076	0.006386589095604207	0.008045728171711041	0.022516052149139754	0.005396952836111405	0.041468975225142556	0.0035412021249945497	0.006586855221971288	0.011450252319951417	0.005536554405951232	0.006767387095010225	0.007352105712140388	0.011448751641117277	0.016582619981811424	0.012937723187659117	0.014879627009419824	0.00882048033940851	0.014699095136380886	0.09909372584159154	0.013670721268503213	0.007168650246015798	0.029249817923665006	0.02160708388710243	0.009073371141317305	0.000157874026625144	0.0077767576078311695	0.01531670417572462	0.014917633719533287	0.03336769878480417	0.0036332953071925495	0.07590670907929493	0.02813373626321781	0.024558181919466848	0.008436027848645429	0.03300663503872629	0.011375700696267322
A0227_S51_L001	liver	RA1325	6.0	False	0.3868005569811021	0.09975289267934505	0.021986251299010995	0.01580368130030293	0.014866910494995828	0.016676514711885238	0.0009053838576239397	0.00551973279770806	0.003602784149152274	0.01373539460054537	0.001749772894321269	0.07845118210030487	0.0007625560719469156	0.004539554954459369	0.007832624022082433	0.0050035409951593775	0.008461439490641738	0.005544955806241688	0.0115116637784294	0.016481183041148068	0.012562479186026381	0.011878277274557725	0.010338500590818759	0.014953137989285213	0.027237916308350024	0.01051388848736655	0.0022137589350212767	0.021682402033419843	0.013822208676428558	0.002426688053572608	0.00011848948194867461	0.0034238767630416513	0.026402037537177434	0.025440043723336726	0.025258790010850872	0.001460588168575246	0.03335772207652092	0.001987925021406229	0.013096020663297571	0.004758349888948754	0.010427074411483366	0.00665124869215852
A0229_S107_L002	brain	RA1325	6.0	False	0.005509209840444705	0.01043957748397069	0.019707838034605282	0.016084793990805885	0.011499289158033646	0.038336944849355084	0.045302892013084226	0.11454503510582559	0.114208563417803	0.0330667363680518	0.009346491889932165	0.05348332162794471	0.038062417443104436	0.006962948056838309	0.01780301258051582	0.011189952394389125	0.007803755524609899	0.010687190438628133	0.007011422246800388	0.009255700473224434	0.019946251461882693	0.01502831205093412	0.022327511323010144	0.02764473037976288	0.015125562936024217	0.02613429135635245	0.002863697649516554	0.04679884843025738	0.01724600560402758	0.0024258892369338225	0.0003771611816593858	0.01929514977684287	0.023977187775996063	0.03162376290330166	0.026226877069833062	0.005039103056956324	0.036307954058582316	0.007423723468113906	0.024055060255939058	0.01272156411971953	0.026096252264767396	0.011008010701619086
A0230_S74_L002	brain	RA1325	6.0	False	0.0026826066879809705	0.00610502207979955	0.019261479326766782	0.0123152707636215	0.014110386520336958	0.04107282475457635	0.10281938035400325	0.09563720338202455	0.04923059771881633	0.03022884740076803	0.014783085167480151	0.06177240100298257	0.07130167215534437	0.008485773995806334	0.01476993184197735	0.010160630776496187	0.007129102422517543	0.01411414461333776	0.005428239193219641	0.006963746330482345	0.014469916564123319	0.014802501981317617	0.02037136945966971	0.030654764607525357	0.01167263686048471	0.02631792528460219	0.0037136222336238375	0.036198578132538774	0.018296865350891558	0.0041288915102122336	0.000534901903780529	0.028051032506804446	0.018172885054201723	0.030709883304870424	0.02407559646079155	0.007697200814471807	0.033150138360056536	0.005762409267893288	0.020068842973105305	0.011452162071104442	0.03524464885916905	0.016080879950423073
A0232_S138_L002	lymph node	RA1325	6.0	False	0.003388000985240692	0.0038010748973515652	0.021324437103997756	0.04696758138387441	0.00915898466114458	0.01948931472348752	0.0035450386205825614	0.004543174934868344	0.0053618477946524795	0.044200458366624354	0.0025492186430263863	0.03202931765697417	0.0021768559473148426	0.07070515628675486	0.1099471962423296	0.06289866644634398	0.045091328458832	0.04429147063537641	0.026380431168565203	0.03380755736951437	0.032112187577105614	0.057777913652087586	0.025410800459168274	0.029735633460828553	0.01517279534253055	0.02103258526141304	0.0021803564191899215	0.019568075340676797	0.01236058671242095	0.0017318584601954067	0.0004585618156353678	0.007816553697051727	0.017697510682431375	0.017937293005874298	0.024836285512670916	0.0019786417273884864	0.04795427689366235	0.0038347669391492027	0.00949240460724587	0.02173968058017902	0.026614525225211114	0.010899594301027684
A0233_S137_L002	lymph node	RA1325	6.0	False	0.004112691526033401	0.003157568740062506	0.01910944854020245	0.04508923366763809	0.0073866717568437925	0.017674511211558316	0.003301781517405435	0.0035250096036759174	0.005259249723697458	0.04428570914171426	0.0023823088959550875	0.06543475731084775	0.0019573292157868283	0.06862563799733674	0.11617541316238605	0.0579774238494629	0.048302322318411396	0.04101558640084709	0.02674595989524492	0.03551053489063901	0.03379300928593168	0.060577774576573214	0.02423292684588891	0.0274576242052654	0.013473168150132435	0.02063069409367885	0.0025054621524409006	0.015013088582666114	0.011150921703037232	0.0015227597328594273	0.0003835921103656496	0.007749570082308137	0.014092467517788554	0.011916087017924503	0.020087103695173844	0.002069883216591486	0.04224308115401716	0.00372891909392292	0.007738970826626982	0.022658685014006724	0.026382556843319572	0.01356250473373075
A0234_S136_L002	lymph node	RA1325	6.0	False	0.004529219121456407	0.002860083885762196	0.016977034444619364	0.033753921031107297	0.011285873609056052	0.021388989404299185	0.003012801629123883	0.005128426277918419	0.0050740382729914015	0.0434465886825012	0.002536656549796187	0.04513189166183974	0.002103728030577112	0.10064899157114417	0.10153080242436088	0.08429053003589475	0.03457191662520967	0.059456241812818646	0.020452065372756394	0.029231739714775395	0.03083353914151274	0.045342191947557585	0.02275956712846007	0.0262882608881251	0.011723153168669287	0.021323723798386766	0.0022828458601367634	0.01755572281704285	0.012135329080179046	0.0019826240729396154	0.0005540324768565715	0.008288731950877764	0.014722470347044653	0.01591247989484784	0.021312846197401362	0.002383644962601506	0.043961461795810314	0.003105192494633298	0.00952297707602159	0.019573880386534785	0.032119380189700605	0.008904404166651626
A0235	lung	A0235 [A0235]	6.0	False	0.004053294542251946	0.009020962010752266	0.04157781738790331	0.02493312507633483	0.012954915368824687	0.03137666936972931	0.0024146334404720354	0.005534665414115675	0.006891201054830303	0.02831089882171426	0.0025095909353220593	0.10486020502724058	0.0030522051916079098	0.020076727482576474	0.0408724188547317	0.020076727482576474	0.01998176998772645	0.018245404367611726	0.019547678582697767	0.026805144260521028	0.022448433104757713	0.027754719209021256	0.04056041565736733	0.05687953941516429	0.02250492627945565	0.03733186083246652	0.006945462480458888	0.015776509501511108	0.08405415305197075	0.007370384282741063	0.00013565356407146264	0.0063214560857301596	0.02684584032974245	0.03278746643607252	0.03868839647318116	0.0016549734816718442	0.06497805719023061	0.0036355155171151994	0.02045655746197656	0.014325016365946457	0.018991498970004773	0.006457109649801623
A0238_S25_L001	skin	RA1325	6.0	False	0.0011623114263829132	0.002409642328068948	0.016238966053992526	0.006655787005830637	0.0040275687253601145	0.019824076022897857	0.004059901359995198	0.0066667323873621275	0.006005034322049319	0.02415612536177034	0.0026109710126027193	0.019116274683861505	0.0060839737403673416	0.0023207525629041193	0.004681306513195475	0.005717137619948309	0.011988509559263888	0.006303213049225367	0.001826883681074159	0.0033844446408280177	0.011975188475898891	0.011037588078937163	0.02230668756117675	0.007778517808378937	0.11088865533021047	0.1269641040176871	0.009868754002665311	0.013234624662712618	0.013220078087992543	0.0010572183598564246	0.00022388280405320575	0.004408667009592905	0.017216753470805635	0.027571747756051687	0.016058533097837058	0.00987372917608872	0.02064763306358543	0.010716523554013452	0.3776780183433137	0.006445834687362965	0.018450264801581746	0.007137383793216201
A0240_S95_L002	kidney	RA1856	0.0	False	0.08014937471569733	0.042995425260592524	0.10163951982573784	0.027731735361378247	0.07487105911376872	0.03173023390609556	0.0034534336108566605	0.008365453773513946	0.006792490709641683	0.023705148190520362	0.008225010642811066	0.03133699314012749	0.005662336575514973	0.005110477685458945	0.009627789677713956	0.00472549828012046	0.005721818372047955	0.007688022201888286	0.008631469585786462	0.012786933982465817	0.012169411826595214	0.007610365411970222	0.01139572085244434	0.01378490634651923	0.08030868668015911	0.017809841245251205	0.006893279309322574	0.017808188973125288	0.023289155016338468	0.005525197989063922	0.00017514084534712198	0.010500189360197736	0.024838606868898907	0.02347217782076617	0.02114082185109835	0.004117462137783283	0.1254999815960943	0.012479611367045394	0.03152204761823012	0.008613294592401384	0.02870822818779475	0.011387459491814758
A0242	adrenal gland	RA1856	0.0	False	0.0026707593496666125	0.0043779486468598925	0.03606996701080445	0.008822047616680583	0.00713220754831845	0.020296121817516673	0.11454830470520222	0.01104710393445278	0.012020229328576007	0.013512706881173321	0.009868425452605883	0.06349829637663958	0.2254703689790083	0.0040051013719899576	0.0060256930551560615	0.006206103026867321	0.005755078097589173	0.010331477713331452	0.0029286552074461094	0.005340135162653277	0.0159782606486082	0.007378767842990505	0.02620755522392227	0.022394891155090996	0.032269330273420584	0.04015925970292633	0.0014553071051374921	0.01986915155113336	0.010890748625636352	0.0024295209523782922	0.00015635530881642477	0.015328833929733334	0.06495360348177709	0.05137474627764294	0.01508828730078499	0.004071251694950752	0.046473608712820406	0.003006832861854322	0.01790869652520434	0.014312524422426575	0.011684552501165898	0.006681182619040303
A0243_S106_L002	brain	RA1856	0.0	False	0.0038820898678249777	0.010886813669916472	0.01963092137151157	0.010596424788685327	0.01197082665979841	0.041084092316525406	0.06671153902744842	0.0927448281627967	0.12364446672090301	0.03142925545335797	0.010660516067649149	0.0399810893180616	0.053287546581451774	0.007157650734651096	0.016281558607883658	0.01101420497748654	0.006606940485776768	0.01289579832780716	0.0054034486919005455	0.007214620760396715	0.017295956814084724	0.012292074304975106	0.021734856072311622	0.029219293204642456	0.014109576376331898	0.026198299339409432	0.003028115118451221	0.04766729529157483	0.019023241096891623	0.00250747238316486	0.00038375642342535724	0.022611561468508113	0.023773908243790273	0.031587505524873584	0.020126244095355437	0.006389346637442804	0.0264989744752891	0.005517388743391785	0.027006165954496633	0.012012762928750047	0.03578904492361305	0.01214252798739285
A0244_S73_L002	brain	RA1856	0.0	False	0.001961084779171197	0.005195656227198874	0.021737813211909564	0.010625670922819786	0.014991130030063022	0.04283646696448629	0.10769768941510792	0.08472555757480593	0.04954967042553795	0.0336588473056439	0.01608622323705327	0.04929978945269529	0.07800373059415566	0.007547763037543692	0.01382785981407727	0.010540449661575413	0.006499541524237849	0.014171585567762924	0.005181083455728202	0.0063553755572994435	0.013472101624574441	0.014181528048241436	0.024206389079288355	0.029019259808064576	0.013350620751108756	0.027811958607102564	0.003291671215564077	0.035694215095030436	0.018714929918512372	0.004619702536622292	0.0003799447897145158	0.03152547506582631	0.020214483167166317	0.02899156289816015	0.021550326437171932	0.007656420145630273	0.03243947309267225	0.004543003401502352	0.019951007434485787	0.011499188850574658	0.04022869637040834	0.01616505290370432
A0246_S135_L002	lymph node	RA1856	0.0	False	0.002251919118424029	0.003295314901615867	0.05428354102956535	0.0318354886776645	0.008913967180332305	0.02157699052665217	0.002156757381726232	0.0069609069554280355	0.0063303735261757265	0.04886140879678916	0.0037080828745560067	0.023813069968296654	0.0034918349475561174	0.070268436040466	0.10956334005264246	0.06430833966648657	0.03580686288790107	0.04535895114404709	0.01866561054104313	0.023283452238310957	0.03202585855374995	0.04139744087434034	0.02755681478169124	0.024488370512261215	0.036342550735135884	0.023751610031149315	0.002174619504497139	0.021979894559062494	0.01115192832471807	0.002076738863855083	0.00040745662034716106	0.008174171640595838	0.03630840632560958	0.029197263968265833	0.009118833637490097	0.002338512670223371	0.03865678293636278	0.004021452677541813	0.01262508511351287	0.018343135562183643	0.024257706056794674	0.008870717594932326
A0247_S134_L002	lymph node	RA1856	0.0	False	0.002828088715488691	0.0031233588374174554	0.04825037717090711	0.0411400667788294	0.007619963837485954	0.020476891475774014	0.0017335189549439775	0.006106765978954299	0.006082883436995151	0.04829145514307685	0.0034548485198104377	0.03483507570161418	0.003110462264759515	0.06137813283501192	0.10947327348318457	0.05643014779191551	0.04191290583662744	0.03735707213250025	0.018298803649099665	0.022316324857467647	0.032311851831734364	0.04578904239659726	0.03394282393402037	0.029460548459127354	0.035875876880193856	0.029394154992480926	0.002305620600736207	0.016865851131550747	0.0116718619906685	0.001879556052184995	0.00035011806512111863	0.007247396182923234	0.03200069562190241	0.025297343744808565	0.009050050449999776	0.002081602357159393	0.04159861158444504	0.003742394324998588	0.014409770516471906	0.01633613635089683	0.026024805972884237	0.008143469157230491
A0248_S133_L002	lymph node	RA1856	0.0	False	0.0068600033883431	0.004364578490902207	0.03699972220696643	0.037867678156861755	0.0090019431374858	0.020260571744699443	0.0023062829525790068	0.009547515448848576	0.004835754577988241	0.041413898180719805	0.002678264073962718	0.016391968082308854	0.0017359118997906503	0.08300138755141867	0.07791764555917462	0.07571055757229793	0.0227652446286831	0.046398445207261524	0.02105413147031803	0.018326269913504153	0.02621226968683883	0.03018006831493173	0.025195521288390015	0.02249245847300171	0.02464994897702724	0.022368464765873806	0.0031246414196231705	0.019343018311952963	0.009051540620336961	0.002355880435430168	0.00014879244855348433	0.007464421169099798	0.02876654005367363	0.02266604966298078	0.01969020069191109	0.0023062829525790063	0.11320625460777599	0.0025542703668348142	0.017111131583650695	0.01619357815090421	0.03387508078734326	0.011605810987171778
A0252_S24_L001	skin	RA1856	0.0	False	0.0006497527925749642	0.0011518992876281546	0.04661432894817562	0.00495752948849474	0.002409613658890161	0.014812255303763167	0.004467858652437112	0.004773745395867527	0.007986254206891735	0.0240840699565574	0.002844012423281761	0.020481716100566368	0.004521274319127108	0.0011927401971008691	0.0026862180003190002	0.003694245902304637	0.00938691176130824	0.0035540873266141854	0.0013319705703033053	0.002488510870371541	0.013847852918714298	0.012590138547452294	0.016015205728232212	0.0071610821950452985	0.13393497800830342	0.10673864510942759	0.004693919981898129	0.008108776935309876	0.0074197408938381434	0.0007462748003650573	0.00014387138564251727	0.003771286708809986	0.03394529318924194	0.04479783667912784	0.013936032155075837	0.014559784227022742	0.017220012557677297	0.0061363466482753665	0.3641356924537475	0.004697632791850195	0.016728993441516706	0.004581607480848163
A0254_S93_L002	kidney	RA1082	0.0	False	0.06803295007849323	0.05280226149124198	0.07190804521178883	0.032368199636787415	0.0991064445477224	0.04520520449821603	0.0037311801888052004	0.008917792377734903	0.007781854348396429	0.02334103739567001	0.009581554307228828	0.06206023185784255	0.005483578667523702	0.0048590390338635065	0.011191176986251602	0.0042608990223990915	0.006454330489408572	0.007862561764823531	0.01835075452574747	0.011461961682488333	0.011642897550677628	0.008838593511147559	0.012172488657014788	0.013264678741000253	0.052959904949496796	0.01654351181771628	0.0086643560046554	0.018841033223669125	0.026007751606703086	0.0070207909542380495	0.00022854530072347756	0.011048619026394386	0.024252955773804288	0.027515194802282966	0.022351428700788153	0.004678767328012315	0.0859609412440631	0.01348040136808578	0.03603925567184078	0.008086581416027732	0.024284635320439216	0.011355608918785329
A0256	adrenal gland	A0256 [A0256]	0.0	False	0.005427974947807932	0.006578746372014869	0.01879932786801772	0.005305769132847902	0.005611283670247976	0.038046743724222225	0.08868068638932732	0.008635877590508684	0.017444880085544075	0.019491827486124554	0.004939151687967821	0.09863027649065634	0.29327358826824174	9.165436122002144e-05	0.007413819440908396	0.004837313508834459	0.011548449513722695	0.02514384642802587	0.007790620703701821	0.016426498294210497	0.019389989306991193	0.016986608279443965	0.01715973318397067	0.017862416619990842	0.02280156830795865	0.026386272213452824	0.001985844493100464	0.0222720097764652	0.012841794388716332	0.012291868221396204	1.0183817913335712e-05	0.006874077091501607	0.0249503538876725	0.029034064870920112	0.01420642598910332	0.0029125719232140123	0.01435918325780335	3.055145374000714e-05	0.022200723051071847	0.01306583838280971	0.009817200468455628	0.008442385050155302
A0258_S72_L002	brain	RA1082	0.0	False	0.0023712202912030958	0.005664439985831323	0.022574493945692862	0.01119057373830708	0.014683982203948086	0.042767204015605964	0.10942719090020164	0.0837787656404535	0.04668909194604291	0.03040855416361903	0.017297217327384103	0.04192889888689976	0.07986573418109422	0.0076383616020216935	0.013343728942621503	0.01094500960969617	0.007258254674976456	0.013755354637132122	0.0048411885968100785	0.006036549613668927	0.012980957860995856	0.015020809629399069	0.023200165001349006	0.029390545017423615	0.014443592798353886	0.029063596608640906	0.0032534894894119624	0.036970573378166095	0.019075020684116407	0.0044479096475404985	0.00046337292467767236	0.029983756446884068	0.024615216531735238	0.035315602871550805	0.02231293521866668	0.007903213334603955	0.03050828518903189	0.004690651199960478	0.019860116508748527	0.010984055247004035	0.03711358390517321	0.015936735603355852
A0260_S132_L002	lymph node	RA1082	0.0	False	0.003096007526628953	0.0031027812286417516	0.034743990025980026	0.03369894411848541	0.008561390583401118	0.021389019301679746	0.002353989678590777	0.006523619907390557	0.005883374390941294	0.0472432347535637	0.0044383471446757	0.02687585453404601	0.0037464689252869787	0.06906596875993487	0.11196517210619229	0.059949010292905204	0.04261487926207082	0.04507053061387137	0.0190744973379137	0.026181222570500522	0.036812599466852745	0.03960572533475927	0.031950316578935815	0.0296523170801104	0.02858317591124405	0.02324986191561776	0.0018229786317824188	0.022325980751021088	0.013048259446647439	0.001998529821776571	0.0003951622864966421	0.0076030876168448	0.030033710645823188	0.02682559870318494	0.01003326683519523	0.002381300259567744	0.04652657283676405	0.0046028833580427685	0.014728400622489828	0.019763621813145643	0.02377100799728668	0.00870733902370998
A0261_S131_L002	lymph node	RA1082	0.0	False	0.0021366818956271745	0.0021473766828608316	0.15074360682786056	0.020102077315155804	0.005534084592473266	0.014477760256110396	0.00135292942486748	0.00519265742068878	0.003949945726889808	0.024826149995893596	0.0032811333233637658	0.022639767924024626	0.0020191789709874497	0.031306765361630774	0.062056013696372044	0.029743949442038432	0.027475396017325678	0.021723401318260338	0.011594741936556264	0.012415415321287284	0.018478084848877568	0.027838146135101268	0.03238617449344906	0.022621825445080897	0.12034904749716659	0.033781527276233174	0.0023850495198836945	0.01637966302414674	0.014663424203755115	0.001490005860110507	0.00022441100476009902	0.0036584454530357285	0.08693703127280372	0.051632993645619955	0.009343870954860532	0.0014200561958225965	0.045359886949406014	0.0025774761056571276	0.022923727156003805	0.009308246032899774	0.01612820828300767	0.005393665192044002
A0262_S130_L002	lymph node	RA1082	0.0	False	0.00317211880213821	0.002776543830931694	0.07139139039404306	0.024408275028627885	0.0078043394166728685	0.019063141978013853	0.0017735103112001731	0.007059009739656849	0.005111104619605594	0.03371599273580065	0.003240149065184834	0.03929579016424654	0.002523436995221476	0.05069195723944028	0.07200126339767647	0.04566797733463946	0.026029939428278786	0.03422538614133805	0.017522878771757195	0.017606823752445003	0.02367197944161423	0.03094580837310288	0.035102992757619716	0.03449057596669272	0.05853826914645706	0.038205141362128374	0.0020216749515647864	0.019273004429733377	0.017892056408897336	0.001822623595842931	0.00026455387853128374	0.006229735081953017	0.05381191235500393	0.039246186312021904	0.01130522667944863	0.002065555282378869	0.05149515807738502	0.00341948606938152	0.03736887128936722	0.016692968167229972	0.021917907268222826	0.00913728395850357
A0264_S49_L001	sex organ	RA1082	0.0	False	0.0009615913256347137	0.002851689742179661	0.19636607398818037	0.007679269380626127	0.005180035673996763	0.013585578097575015	0.0014223575208569836	0.005281500290291545	0.003321631122913388	0.011470841884273244	0.001682176533308227	0.041579131709009065	0.002590017836998381	0.008389521694689601	0.009826047051705198	0.007444298690259265	0.005409666121400742	0.007118543869523388	0.0058582465302829375	0.005089251543627747	0.012821509044805673	0.023395604420391566	0.017665523721217824	0.019123410050084957	0.07911569949511549	0.14829320683630529	0.04516243473710374	0.011641729659085508	0.009671517329182248	0.00271818366810758	4.27219437030661e-05	0.0042882150991952585	0.08354276091134576	0.07792482531439253	0.013083595259063985	0.0010093059199849364	0.05654783273397085	0.0030439384888434583	0.016880508005673988	0.009863428752445384	0.015609530180507774	0.0054470478221409265
A0265_S23_L001	skin	RA1082	0.0	False	0.0006867127432836205	0.0012590749596458589	0.04750486086616348	0.006185781725579605	0.003166990724410899	0.014889713370450931	0.0031600671059082252	0.005284129627870801	0.007413722289586347	0.019855026786977172	0.003067360658365727	0.03142581358229833	0.004072378949596397	0.0016339330831408175	0.0034758439291509317	0.004379986778510867	0.011151095142105853	0.004408630422498854	0.0021271019100644177	0.0029154248076468394	0.013797489970461988	0.012360355068729132	0.020899897104625916	0.008880775012101503	0.1401907113079868	0.09656395076263163	0.008417495204991455	0.00922325336413178	0.00811814785433108	0.0009265596142200977	0.00010834769682412435	0.004411121174149983	0.04553218555846908	0.05460225769605643	0.014269516209319736	0.011598185063483566	0.02262847875050965	0.005873192393362876	0.31799550867550275	0.0054061764587761355	0.01484737059238173	0.005285375003696364
A0266_S22_L001	skin	RA1082	0.0	False	0.0010389329681613107	0.002505698467163244	0.06178475130781387	0.009341066258125136	0.005339514324677041	0.018540688428179356	0.00301757750424959	0.007084539643784492	0.008480888838810152	0.023688595354481257	0.004184113488981485	0.023119529604800602	0.004670944303737193	0.0027696726082723356	0.005326356735089049	0.004492494494950049	0.009956183571363766	0.00535678366101128	0.004113391444946028	0.0036627440015572998	0.016121534881306816	0.013984873033337094	0.020287358445985303	0.012553985165642958	0.14903766196188495	0.10323280320868748	0.01888936455226115	0.012843452136578783	0.012381397961939952	0.001522168645460835	0.0001669369178976497	0.005402835224569253	0.046651056233575204	0.04897419314520506	0.012878813158596507	0.009288435899773167	0.023746982158277977	0.006632247501697266	0.24780181880675034	0.0064209037189401404	0.015334348315455533	0.007372361916021819
A0268_S92_L002	kidney	RA1074	0.0	False	0.035575724984515444	0.0386054671117162	0.07363635393531053	0.020844210096544073	0.10610529499623998	0.04885129148824524	0.004925078108375248	0.010182493912976926	0.007113251550518313	0.023713014806317125	0.009995114087827892	0.03989231601544007	0.005923030570564676	0.005994848622015526	0.013443033448845532	0.005571775009832335	0.006395723927386637	0.00962296600303712	0.011032558485604263	0.013264141211595235	0.01487958440678659	0.00963732961332729	0.02026052520566171	0.023688857825374575	0.06126145077895216	0.025997481733831	0.00684556608601969	0.0189325441451978	0.034282066638547194	0.007919572400898316	0.00022590041638176562	0.011411888375540122	0.05065784192792253	0.035413481170414304	0.016213904452094707	0.003912778021317692	0.07163393608258543	0.010408394329358693	0.04861625059258791	0.009620354437529819	0.019557361192820203	0.007935241793942139
A0270	adrenal gland	RA1074	0.0	False	0.0025567270434766224	0.00529673746888269	0.034628988998519475	0.009052211166082302	0.008413032919609664	0.020370892114310972	0.11101240714690862	0.01065377477233827	0.010626470326037498	0.013640626578182106	0.007864706423893511	0.07919297874126836	0.24529651105134073	0.005223573669600915	0.0076050151363329325	0.005180961786502739	0.007572855224560724	0.009889172869954017	0.004387415963523503	0.005513012875550789	0.01641356514412657	0.008831915770442674	0.023017652853163713	0.0232170443061514	0.03015956525997684	0.03308852922463071	0.0019842665563452456	0.02341161177237326	0.010428655389932814	0.0022190339122823656	0.00032803110007652357	0.013347971381055009	0.0493702885571054	0.041357646539059725	0.01562328513893874	0.002949063909511491	0.04833795538921752	0.004352844058368379	0.01654064662224098	0.013243451667795333	0.011638672070362148	0.006160231099966479
A0272_S71_L002	brain	RA1074	0.0	False	0.002104873522347455	0.005099468170614281	0.04292911360708356	0.010525543205664907	0.01353449580781251	0.039023729398291525	0.08671311834720913	0.06809000306257074	0.040814162262443054	0.030146855949807958	0.015318093578138653	0.04399174409687203	0.06741420481647636	0.007569866900553017	0.01257146882987343	0.009497079036801522	0.007203302813339886	0.013080489102638584	0.006309766657621303	0.006844845988719147	0.013731342467512966	0.012620112405427781	0.023529592403860943	0.025779936863434768	0.027719888983757032	0.03813945868553567	0.0040820067152691425	0.031781048452360024	0.017766461162030945	0.004946588361729183	0.00045979760702563464	0.02884158667243292	0.03930748358902523	0.03920730098699066	0.02443123582217191	0.00799086546517221	0.048860734373788316	0.004592185168404638	0.02059128880430418	0.012184636586179319	0.029336708780753964	0.015317514487953479
A0274_S129_L002	lymph node	RA1074	0.0	False	0.002874935102089206	0.0025889882812339194	0.033881626246798115	0.025985557802251213	0.006570066877533211	0.018089105120797037	0.001805487781215458	0.0047468627525027954	0.004785857295658788	0.048051514913367496	0.0027976289218854507	0.0732720570332298	0.002284288413763082	0.06924333306042808	0.12131665568226625	0.060183026786831226	0.03870994722364368	0.04192908403281225	0.017793242702193575	0.021282498057178027	0.02962583506995329	0.054435611127778526	0.0253888378852497	0.021835799203657226	0.02396716132832397	0.024583093090689356	0.002674673111556739	0.017092394583319927	0.01344691286422819	0.0017160020279000715	0.0003680989571715783	0.005631376113054961	0.022319937706826526	0.01814289828781585	0.009339262268280146	0.0022585445409755087	0.052991264593323456	0.0027484465977539656	0.018318110317534258	0.014561810311992144	0.029693443957476407	0.010668721967459334
A0275_S128_L002	lymph node	RA1074	0.0	False	0.0027284608682237445	0.002595176323369461	0.0328208735276844	0.028454491734072284	0.0069819440471797665	0.01825062253277873	0.0018411237535762642	0.004400516374409086	0.004761055397528443	0.04919978321342939	0.0030782754599265457	0.05192770512878706	0.0023723533653892547	0.07373069452145023	0.12720630807109984	0.06307454212459686	0.040020899618844794	0.04480305957021999	0.02182527168846118	0.02486941256759076	0.03308028689964639	0.0561409554002128	0.024771749739199437	0.022699970321383475	0.020914068017742125	0.023578935776905396	0.0024529489033820956	0.017113277264279764	0.01094849248931824	0.0016213925878559657	0.0003683690177672765	0.005952691617871201	0.020447087988783606	0.0159218855761856	0.009768653296132216	0.002511262145576915	0.051252124883847075	0.0034447481120939904	0.0111838161250065	0.01858722742674883	0.02879631163344192	0.01350117488800064
A0276_S127_L002	lymph node	RA1074	0.0	False	0.0022694606116315974	0.0023567631305831767	0.018909603847850016	0.02234923897545361	0.0086319998999673	0.01994902329353986	0.00186535544046203	0.00551202066977577	0.004519065338380009	0.05284002331110365	0.003249476437622259	0.05065922150224524	0.0020194680786705796	0.10542105220734585	0.11261653657372109	0.08558302652017517	0.03089949645212577	0.06316538204312194	0.019916326324221797	0.02179382072032713	0.033036888032914234	0.040975755904734124	0.0217779024589486	0.018484973469995766	0.01155579731425048	0.020788819137077343	0.0021631626543578346	0.019607856232102747	0.010821616357294828	0.0019463301209854493	0.000420328145049245	0.006962303348343842	0.01599053888965234	0.01666814055644104	0.008978759864050914	0.0031720362471321225	0.04949847909145424	0.003287766309586828	0.011418125864490238	0.019976127360211402	0.03420361124637162	0.013738320016230847
A0278_S104_L002	sex organ	RA1074	0.0	False	0.0013155605308734068	0.013708705723104035	0.13294830742424713	0.009902264294958447	0.010089434033920056	0.017343082338590176	0.0011931037494139632	0.006075464053101248	0.005334976872033207	0.014392367822258549	0.0016910950099163018	0.04718384935240647	0.0020253735963424754	0.012866770265739878	0.017044924228103955	0.010828261950873783	0.008498819620709462	0.010883427768672991	0.022353320719425692	0.025770974479272075	0.021279968389305064	0.017329290884140373	0.015167972951078414	0.017958443901421855	0.05372231223346536	0.08110951382706912	0.15311863792504685	0.013423682331141442	0.03292829069063223	0.016570581093091803	0.0002377384052775539	0.004932743541546154	0.05437051059260611	0.04331633148312604	0.011926981155374742	0.001368637670161388	0.04318695450566836	0.004607002522160334	0.0113589045792281	0.010122927566155293	0.013945130656529227	0.006567359261810882
A0279_S21_L001	skin	RA1074	0.0	False	0.0007846859535249466	0.000990408869372459	0.03077595102441388	0.005384609557113272	0.002240829613759167	0.015168147290603977	0.0033976505096978775	0.0050962327502792875	0.006795764915145152	0.023840725194488346	0.0025977550058241816	0.013404794029143706	0.00546970435257248	0.0012976956307529353	0.0031154150115343692	0.004585663977524033	0.00988281499485979	0.0033517894433655044	0.0015364338069023822	0.0033399707217739477	0.014416073837118775	0.013097507267763228	0.014217922074642807	0.006086641619651746	0.11117398652313809	0.09841685843721168	0.004214556119549149	0.007261422545852489	0.009006815777050725	0.0005271149829834327	0.00010400475000569972	0.003833993284301022	0.03102650792215487	0.04960081077544552	0.015945819171328417	0.01251366242114032	0.015165783546285666	0.005975545636691113	0.4178036269831239	0.004831493386628414	0.016971684205475544	0.004751126079805829
A0280_S20_L001	skin	RA1074	0.0	False	0.0005732510016429879	0.0013499600226127427	0.03405261839887152	0.006465889725096343	0.0029167019466669474	0.013588283731262567	0.003610445415261714	0.004857269479172764	0.0074026092480863	0.02543184267052609	0.002600151101948448	0.01546110691956793	0.004439102118153581	0.0014885279993864043	0.003248033375574637	0.00454995649957251	0.009609227295997547	0.0040363311989981355	0.001685602455242279	0.0029284032424833897	0.014414204441829658	0.012751333151549651	0.02353808032128604	0.0069813625986943646	0.10402451980817445	0.11380249210699855	0.008497604193435501	0.008729782536740706	0.007971012444356187	0.000748554801629681	9.607379722973897e-05	0.004363351624183978	0.030733145533049126	0.04467677914252682	0.016292514780209905	0.014157336222546413	0.014564418145423698	0.006779361281442094	0.38729441579401286	0.006619854143733744	0.01712638607155008	0.00554210321327193
A0282_S91_L002	kidney	RA1819	6.0	False	0.02025620344047997	0.03670765838104852	0.05808469515179583	0.04142561579349738	0.06789440095398504	0.03552629430467056	0.0029166273521692076	0.006487696175304114	0.008084960397711609	0.02704908411597409	0.005470154070455137	0.06014400655446642	0.0046187412888468084	0.014227130654192293	0.019470587418975293	0.011648665116394709	0.011246032242707302	0.011346978880093112	0.02020893996671151	0.024819028686639533	0.02384939323820699	0.0188124153432198	0.019143520313845266	0.0371368257994202	0.044397484798135656	0.028726528810362317	0.011294486628652492	0.023612860579361065	0.04428470701212882	0.024664140390366532	0.00025842339170767707	0.010510563884610677	0.022307476348480553	0.019314264340509268	0.03396825506136156	0.0030831987247266377	0.06645288297211564	0.018133477102059228	0.016655618330730954	0.011815948115491196	0.02548758384509757	0.008456444023291397
A0283	liver	A0283 [A0283]	6.0	False	0.3873367828801255	0.11488761871438259	0.024999058029888027	0.014270251587681207	0.013590580297135614	0.014810899205160653	0.0007581261703753157	0.004206888867138949	0.0023642154460605013	0.01166254146277094	0.0012357659828101657	0.08719345263645793	0.0006524356586876041	0.003914613952125625	0.006293463469035193	0.004004044385092149	0.006722323045306484	0.0042812787272883766	0.010914984343564398	0.01969217483726081	0.013861021592136306	0.008973530944254739	0.009839786638125946	0.016501134388227985	0.03738192098000751	0.011872702980242275	0.0026593358748500345	0.012512943579888984	0.02041371583051346	0.008346298407584976	6.016229126838965e-05	0.0026516123374574706	0.021327125752676108	0.016195038406301644	0.020676316101860624	0.0009040603768979634	0.02946285614082171	0.0019373883796293587	0.010894659245162915	0.0038369720762319597	0.010586530753396432	0.005313387224115684
A0284	adrenal gland	RA1819	6.0	False	0.003238139277108073	0.00829449322941376	0.031135565445035956	0.02100900001037982	0.0104268320354342	0.026216098537734014	0.0237037857075223	0.00694032058927112	0.007062954225727508	0.0169999949494965	0.006857078363312846	0.22140945636580284	0.03511855731030733	0.012018096372725853	0.015184273895781645	0.010788787071520624	0.013646522418034596	0.01257849492962352	0.012264788688060782	0.018363086399563244	0.025710321879043572	0.015697848700577784	0.021098188109620827	0.022497698033544317	0.02583333294515802	0.024879763517439573	0.003430768884137448	0.027974590561102557	0.01703567018919291	0.005323043056367503	0.0002601319561196072	0.012940449965709946	0.03721745057911236	0.03730217927339134	0.03153914159410151	0.0021033526737671096	0.11893158710372402	0.0064884342197833456	0.017441476040739493	0.013386390461914987	0.014910020490615543	0.0047418339429802685
A0286_S70_L002	brain	RA1819	6.0	False	0.0026476264272970863	0.006763510007430344	0.0176556406770348	0.013030155166898084	0.0155000502507728	0.047094255564213074	0.11007230688777114	0.0836207227901306	0.052500500552733774	0.031820052971605096	0.01629992737343987	0.04236462918947814	0.0810567245153539	0.009491247834376559	0.014200798861719068	0.01130932148260336	0.006801151283791148	0.015594153441674806	0.00654770002296174	0.007183837593459314	0.014359414383955573	0.013702051949938426	0.019497553800290106	0.026165078553000404	0.012652487694078023	0.024838850915888104	0.003215192355818617	0.03724917973204496	0.018926963616081156	0.004102899123327564	0.0005395249611715143	0.028841373302253524	0.021022025492902646	0.03246811027961692	0.023194554493527014	0.00838083018173286	0.030371491186320175	0.006163131649475532	0.02057974049566321	0.010936672846631409	0.034084175744707415	0.017154384346830108
A0288_S126_L002	lymph node	RA1819	6.0	False	0.0030868989819075178	0.0037963465808580335	0.023664142527693034	0.048308524597592196	0.009430283399009321	0.0206855236024305	0.0038034827323214213	0.00443376069441913	0.005877991771541798	0.040746266524181306	0.0027810779747535095	0.02206314203345129	0.0021700792208535027	0.07236315505071006	0.10530655402978487	0.06055319229440598	0.050239717087597585	0.048345276402338065	0.02713144560668575	0.03249031813619221	0.03706541964159062	0.05361112092608154	0.026815609784650977	0.03240130985907331	0.015766524235976125	0.021813344610569243	0.0018106006306830103	0.02059823806615908	0.011541766824769784	0.0019288955022087632	0.000408289580848595	0.0076506921035806325	0.019638671414122504	0.0192430152661553	0.023918533926168314	0.0020954271174634647	0.048175299305388435	0.004368296542215558	0.010676973525622963	0.01960593933802072	0.024087936776168797	0.009500915773755279
A0289_S125_L002	lymph node	RA1819	6.0	False	0.002939817645567697	0.0034144311891066356	0.022667393260212644	0.03857788560425149	0.010209181965184316	0.02194497494649171	0.004013485585691543	0.0045331048262657	0.00566065682562444	0.04034374511754477	0.002742946637478576	0.027529932052308394	0.0021289377990378862	0.07908471221693766	0.1057539104180986	0.06455316970717466	0.047739888112095175	0.05524444058192582	0.023749618884130935	0.03152332591327806	0.037986650839229245	0.050799652095435854	0.02470427646170653	0.03002615367708021	0.014655372298337408	0.021381899870143894	0.0015518442560590031	0.020907141133571793	0.011333134068381625	0.0019191280817929322	0.00035700361687114677	0.008005479010780744	0.018914649743076283	0.018770726818997337	0.021098726844196357	0.0021658530944996934	0.05165337671326776	0.004661140154829437	0.010796555717025976	0.019570713981410172	0.024358020335919207	0.010026941898980455
A0290_S124_L002	lymph node	RA1819	6.0	False	0.023588176746095105	0.008605113888656047	0.024409375674249233	0.04753695184489745	0.009503126065347159	0.019692303332719513	0.003037917039753524	0.004910220211935348	0.005781894042662057	0.041308560127791216	0.002105813470201647	0.058877491092999466	0.001997951672442659	0.04313593965494059	0.10640064666143939	0.04232070513699475	0.03831100551565188	0.030305402549423707	0.02495871831864966	0.028478023022274326	0.029649139982182954	0.05235185232858068	0.02234495103342022	0.03099647057925165	0.020600349165016112	0.02490353321281948	0.0018399215966562335	0.021463243547088024	0.011936796358883539	0.0020380862948646077	0.0004000920172688062	0.006676143598501112	0.024811976105419405	0.026537764869563225	0.030383163380366236	0.0018110748367904579	0.05773867118177667	0.0027630179123610656	0.011064613718951122	0.017124941704665452	0.02480068824286324	0.012498172263585119
A0292_S102_L002	sex organ	RA1819	6.0	False	0.003824291535164963	0.007524959213717305	0.06577020082483517	0.0200902959449298	0.01040517493800027	0.02404663622553827	0.003149246863364341	0.007430007046982701	0.005625915879025241	0.018135863846309216	0.0018832179735696305	0.11740835416733689	0.0025557958212730695	0.014678022441057413	0.01685400959539207	0.013277477981722014	0.009202447492695297	0.009542692756827623	0.011449648772080906	0.016070654219831594	0.019376808553130627	0.020952778126102443	0.019734225319675034	0.0313975164669088	0.03609764872027166	0.12532103472855383	0.04552956394924225	0.014179523565700746	0.019683904231605816	0.0074667254450868645	0.00011077752785703708	0.007833553755604766	0.03802043009664737	0.058466796666831945	0.03586026830343515	0.0014796712649475668	0.07888151251477162	0.0059661611431575685	0.014076658718404926	0.008767250061828366	0.02427610396181355	0.007596173338768259
A0294_S18_L001	skin	RA1819	6.0	False	0.0021333145353789724	0.004066759929199058	0.0219048089726497	0.010250967211714935	0.00684361086276715	0.021959978196495422	0.004258538659710383	0.006904034298407702	0.004789214050988295	0.023386496698791996	0.002482615073057564	0.04424309041837294	0.006063360411234771	0.00443718186073463	0.006307681259694403	0.005256838900728239	0.01680034221397156	0.006932932463279272	0.0052673473243179	0.007403184418916628	0.019411619671239347	0.012843920732463949	0.027229952626710737	0.0159728038562857	0.08196307689346344	0.11623630043114491	0.02185489396059881	0.027505798745939364	0.01693168023344341	0.0017391441040890024	0.0001366095066656014	0.007954876657373865	0.026743938035688888	0.029329010238745665	0.019099059874210043	0.00615005490584948	0.03346670202717493	0.013148665016564136	0.27829983613680426	0.009010973228134862	0.015917634632439982	0.007361150724557983
RA0717.Liver_S10	liver	RA0717	4.0	False	0.3057797839768227	0.08151510909673215	0.027437465153337205	0.01884861298721082	0.017704634282452107	0.02690841476068234	0.0015701876383203523	0.00852311845000494	0.0050827005659066634	0.018294117285089593	0.001962469492593499	0.02648008538466517	0.0009223924681557776	0.005393345385641887	0.01164440974454587	0.006353905817997213	0.01232189110908787	0.0090309644181045	0.014614089403516366	0.02047393212937497	0.02171004339936901	0.01820929958686837	0.017511674018998825	0.02954836561781784	0.03814781999622187	0.021316808005448346	0.004538807076063086	0.02240247454267998	0.02180681563147333	0.005502548172101708	0.00016645473275914605	0.005942539981624291	0.04371822232690056	0.026148236140374644	0.015195090636331733	0.001296650561556915	0.03928861803729729	0.0027109856793957744	0.019623634704707228	0.0071490717388211595	0.01011981161901942	0.00708439824392748
RA0850.Liver_S11	liver	RA0850	4.0	False	0.36912537010921864	0.06823271370889447	0.022082135751218607	0.01926128253236416	0.021258233716730558	0.019428049955365612	0.0011570690941275007	0.011374957545916475	0.004137961036261713	0.01739206809753079	0.003295608137952219	0.03933014518122049	0.0010680211558178488	0.005117985764623472	0.010344547766350019	0.00614129905810476	0.01044105997710831	0.0077273636981399045	0.011044970942956147	0.020934633951246874	0.0178177387005012	0.01321081849614955	0.01624385664895054	0.024212500873986173	0.022015428782018027	0.013217205333626202	0.002848529514586608	0.02322467001093072	0.01681404634383461	0.001774121521292108	0.00019586301595064868	0.0068772046651367266	0.040156885810142595	0.027287408294689647	0.01566833162744338	0.0024702868062471306	0.0240074124261248	0.0025306069379710623	0.03188096373761918	0.006569926817648934	0.010794464984149698	0.011286251469851872
RA1779.Liver_S7	liver	RA1779	8.0	False	0.30830055420780317	0.08328641283098558	0.02830857622506727	0.01342812867510452	0.025000112335297545	0.019468421831234574	0.0011841757539209847	0.009368402641902373	0.0059660764601202655	0.01772178282367086	0.0035038284277954914	0.06131244989475384	0.0017015268982244337	0.00712189235827272	0.012116967045598242	0.008633875635805484	0.011340966003495887	0.007817855787031185	0.012650672403668638	0.025656420764717445	0.019594882880447462	0.01330479798908825	0.015792148727416338	0.02292641053502402	0.022833275857678408	0.01447334714390905	0.003433977419786279	0.01971108132259992	0.022089653668246986	0.005478574633389298	0.0002226500880293678	0.006457943974851812	0.02964229390924319	0.023690769742458175	0.02421210565119361	0.002864255135711132	0.030901794897409324	0.002559384590337586	0.02414771175318511	0.007798210191028594	0.015278452772681916	0.008697178111813832
Zyagen_D000_Adrenal.190507_long_S4	adrenal gland	Zyagen		True	0.015643555394231574	0.0034700699555746378	0.06822836719336087	0.023734465385320806	0.012552398124963735	0.030464750962492362	0.0018491381948472314	0.012376024824327191	0.005023948627962386	0.01995230436895879	0.005550079151895134	0.040169467626670084	0.002328725443997797	0.007710801553591679	0.011224516427628922	0.007371208215416903	0.009832662041588645	0.009552258387356304	0.007486000329729504	0.02907409232764283	0.015013124540655317	0.013842015784194353	0.03548511233688247	0.044217085407379994	0.06107956869942463	0.036392687490666466	0.0026336419976406406	0.029350310852707538	0.025699330372508565	0.0014549193358514786	0.00019610319528402502	0.006529997252719881	0.05427634229961695	0.038179737645251684	0.01599496580315098	0.0029983461108212977	0.04161273931391288	0.005828689179341341	0.2026415627950802	0.011074449653189008	0.02286037126487799	0.009044064131284897
Zyagen_D000_Brain.190507_long_S5	brain	Zyagen		True	0.004395070757426874	0.00635640395542868	0.016961292507805148	0.009466802951633626	0.013200989377724983	0.03642577064407556	0.1110357911493703	0.08053135899378165	0.07062741469039366	0.030315466399310608	0.01792811279969833	0.04644755355547126	0.07399766279781361	0.009888185925606812	0.017973314787371263	0.011007688486973005	0.009395986504279372	0.015920140058405363	0.005903379590084441	0.007912859064299844	0.014512960533174211	0.01319345571311283	0.018862789455912996	0.026420059550519133	0.013327554943209181	0.0237807657147276	0.0023520100919147044	0.048111488946142505	0.016076307520557026	0.0032324443629218533	0.0002521266423534447	0.025998676576545948	0.017087858073289348	0.028848410777170343	0.02622418427060312	0.008080608662997157	0.028118649798406295	0.004983268018786612	0.017028593245007058	0.015006557663104733	0.03774918439427742	0.015060800048312251
Zyagen_D000_Kidney.190507_long_S7	kidney	Zyagen		True	0.028940519893338915	0.036786334028721175	0.06039111519337283	0.027516049524068817	0.15690064517873628	0.06159938210308622	0.0042588114248382275	0.011022183107801503	0.007505104469212224	0.023216508900334366	0.011574151160848494	0.04295069303579334	0.007529501047651532	0.007548699936453167	0.012906200379940844	0.0056641774303979936	0.012528032793940228	0.009614854035250116	0.01039594566912714	0.01739217231861748	0.014891505846475644	0.010099878594449302	0.017790044027335566	0.024670319493142353	0.04209255322975186	0.026420955011501913	0.007713658809972471	0.021054360357529254	0.04360912112962695	0.00855840991724439	0.000252869574874159	0.010002368448693632	0.03339495136869563	0.03128206313268417	0.018925557253169075	0.004453889585021277	0.042030156841146554	0.013412192146647076	0.03335301695368152	0.011845714390608454	0.019151396813546197	0.008753935442671558
Zyagen_D000_Liver.190507_long_S3	liver	Zyagen		True	0.48623059253749495	0.2140454394330019	0.02645602219111441	0.01139513280763529	0.010906230818543259	0.008511273696962795	0.0006538324634828326	0.0038714584145071924	0.0016211263951802337	0.008396322669474451	0.002445662336713169	0.023318637004778403	0.0008818674063704807	0.0023154421251223626	0.004560300285997498	0.0024883008130747604	0.008093531867744502	0.00306507263520926	0.00449058061519003	0.01250200460615714	0.01317972775717616	0.0054150864979221015	0.00752828395814016	0.007891575300653448	0.007864206008394319	0.006009720384478347	0.0011486459814436807	0.009791004183437044	0.007447328472615788	0.0035899868509580387	7.116015987373692e-05	0.002659719011960888	0.019134880560703886	0.011158604502953763	0.006969950396053916	0.0010728762565578797	0.01748552057982476	0.0026643285769729513	0.0191504378426196	0.0037109879325247174	0.005757922895694356	0.004049214765284908
Zyagen_D000_LN.190507_long_S6	lymph node	Zyagen		True	0.004377729486514906	0.003173437474454627	0.03961738338310695	0.04590479509241679	0.007074886694838142	0.018519495621905153	0.0019247682584743982	0.005149764312807241	0.00461498684063956	0.0452936451298673	0.004157884441155972	0.02868647077591262	0.002631248352273895	0.06150770139980365	0.09380573810305268	0.05285910355140058	0.04330493011659814	0.03793011395947369	0.024704085479407684	0.026828657477594938	0.03497502661007742	0.04636480932098443	0.031776081600098635	0.0273291397442233	0.03327670252165597	0.02475941932736824	0.001911908328786587	0.020199332140588486	0.011573434298092055	0.0014304212636969192	0.00027460454398338667	0.006227535530546549	0.03144490439066303	0.021754873970942494	0.012659063008052184	0.0023190663443769925	0.05561464659200378	0.004587754110760038	0.020595340798754	0.020998782361869445	0.025938360640259322	0.01192196660051783
Zyagen_D000_Skin.190507_long_S2	skin	Zyagen		True	0.0053978448829360235	0.006557233029269014	0.25957441969535766	0.014272357864635526	0.006911004457021375	0.014266819368702024	0.0015076334492121093	0.007526123661635797	0.0051179671501407654	0.012643001592198782	0.0033012897323622765	0.018337960035820902	0.0023251298240827734	0.0060615376432206994	0.008838401041879627	0.005593188580844046	0.007141198194257497	0.007704740155491196	0.008562496481789307	0.008280051420583584	0.013842905358193885	0.008232628049152984	0.01806726604707105	0.017587839992827398	0.11628141443583942	0.03634118722366086	0.07055213044889898	0.0168456815377383	0.01876481166135256	0.005225685941688637	0.0001941935136683692	0.004673798255882923	0.10935864067495932	0.03276539578659444	0.01113999225824502	0.0016688180559629368	0.046888214261025456	0.00524253255705428	0.030049801999199873	0.010157947698036175	0.010281871544548252	0.005916844436957993
