matched_targets	cell_count	tissues	dataset_name	collection_name	collection_doi	dataset_id	collection_id	assay	disease	explorer_url
choroid_plexus	None	{'label': 'apex of heart', 'ontology_term_id': 'UBERON:0002098', 'tissue_type': 'tissue'};{'label': 'heart left ventricle', 'ontology_term_id': 'UBERON:0002084', 'tissue_type': 'tissue'};{'label': 'heart right ventricle', 'ontology_term_id': 'UBERON:0002080', 'tissue_type': 'tissue'};{'label': 'interventricular septum', 'ontology_term_id': 'UBERON:0002094', 'tissue_type': 'tissue'}	None	Pathogenic variants damage cell composition and single cell transcription in cardiomyopathies	10.1126/science.abo1984	f7995301-7551-4e1d-8396-ffe3c9497ace	e75342a8-0f3b-4ec5-8ee1-245a23e0f7cb	10x 3' v2;10x 3' v3	arrhythmogenic right ventricular cardiomyopathy;dilated cardiomyopathy;non-compaction cardiomyopathy;normal	None
choroid_plexus	None	{'label': 'apex of heart', 'ontology_term_id': 'UBERON:0002098', 'tissue_type': 'tissue'};{'label': 'heart left ventricle', 'ontology_term_id': 'UBERON:0002084', 'tissue_type': 'tissue'};{'label': 'heart right ventricle', 'ontology_term_id': 'UBERON:0002080', 'tissue_type': 'tissue'};{'label': 'interventricular septum', 'ontology_term_id': 'UBERON:0002094', 'tissue_type': 'tissue'}	None	Pathogenic variants damage cell composition and single cell transcription in cardiomyopathies	10.1126/science.abo1984	ed2b673b-0279-454a-998c-3eec361edf54	e75342a8-0f3b-4ec5-8ee1-245a23e0f7cb	10x 3' v2;10x 3' v3	arrhythmogenic right ventricular cardiomyopathy;dilated cardiomyopathy;non-compaction cardiomyopathy;normal	None
choroid_plexus	None	{'label': 'apex of heart', 'ontology_term_id': 'UBERON:0002098', 'tissue_type': 'tissue'};{'label': 'heart left ventricle', 'ontology_term_id': 'UBERON:0002084', 'tissue_type': 'tissue'};{'label': 'heart right ventricle', 'ontology_term_id': 'UBERON:0002080', 'tissue_type': 'tissue'};{'label': 'interventricular septum', 'ontology_term_id': 'UBERON:0002094', 'tissue_type': 'tissue'}	None	Pathogenic variants damage cell composition and single cell transcription in cardiomyopathies	10.1126/science.abo1984	bdf69f8d-5a96-4d6f-a9f5-9ee0e33597b7	e75342a8-0f3b-4ec5-8ee1-245a23e0f7cb	10x 3' v2;10x 3' v3	arrhythmogenic right ventricular cardiomyopathy;dilated cardiomyopathy;non-compaction cardiomyopathy;normal	None
choroid_plexus	None	{'label': 'apex of heart', 'ontology_term_id': 'UBERON:0002098', 'tissue_type': 'tissue'};{'label': 'heart left ventricle', 'ontology_term_id': 'UBERON:0002084', 'tissue_type': 'tissue'};{'label': 'heart right ventricle', 'ontology_term_id': 'UBERON:0002080', 'tissue_type': 'tissue'};{'label': 'interventricular septum', 'ontology_term_id': 'UBERON:0002094', 'tissue_type': 'tissue'}	None	Pathogenic variants damage cell composition and single cell transcription in cardiomyopathies	10.1126/science.abo1984	9434b020-de42-43eb-bcc4-542b2be69015	e75342a8-0f3b-4ec5-8ee1-245a23e0f7cb	10x 3' v2;10x 3' v3	arrhythmogenic right ventricular cardiomyopathy;dilated cardiomyopathy;non-compaction cardiomyopathy;normal	None
choroid_plexus	None	{'label': 'apex of heart', 'ontology_term_id': 'UBERON:0002098', 'tissue_type': 'tissue'};{'label': 'heart left ventricle', 'ontology_term_id': 'UBERON:0002084', 'tissue_type': 'tissue'};{'label': 'heart right ventricle', 'ontology_term_id': 'UBERON:0002080', 'tissue_type': 'tissue'};{'label': 'interventricular septum', 'ontology_term_id': 'UBERON:0002094', 'tissue_type': 'tissue'}	None	Pathogenic variants damage cell composition and single cell transcription in cardiomyopathies	10.1126/science.abo1984	83b5e943-a1d5-4164-b3f2-f7a37f01b524	e75342a8-0f3b-4ec5-8ee1-245a23e0f7cb	10x 3' v2;10x 3' v3	arrhythmogenic right ventricular cardiomyopathy;dilated cardiomyopathy;non-compaction cardiomyopathy;normal	None
choroid_plexus	None	{'label': 'apex of heart', 'ontology_term_id': 'UBERON:0002098', 'tissue_type': 'tissue'};{'label': 'heart left ventricle', 'ontology_term_id': 'UBERON:0002084', 'tissue_type': 'tissue'};{'label': 'heart right ventricle', 'ontology_term_id': 'UBERON:0002080', 'tissue_type': 'tissue'};{'label': 'interventricular septum', 'ontology_term_id': 'UBERON:0002094', 'tissue_type': 'tissue'}	None	Pathogenic variants damage cell composition and single cell transcription in cardiomyopathies	10.1126/science.abo1984	65badd7a-9262-4fd1-9ce2-eb5dc0ca8039	e75342a8-0f3b-4ec5-8ee1-245a23e0f7cb	10x 3' v2;10x 3' v3	arrhythmogenic right ventricular cardiomyopathy;dilated cardiomyopathy;non-compaction cardiomyopathy;normal	None
choroid_plexus	None	{'label': 'apex of heart', 'ontology_term_id': 'UBERON:0002098', 'tissue_type': 'tissue'};{'label': 'heart left ventricle', 'ontology_term_id': 'UBERON:0002084', 'tissue_type': 'tissue'};{'label': 'heart right ventricle', 'ontology_term_id': 'UBERON:0002080', 'tissue_type': 'tissue'};{'label': 'interventricular septum', 'ontology_term_id': 'UBERON:0002094', 'tissue_type': 'tissue'}	None	Pathogenic variants damage cell composition and single cell transcription in cardiomyopathies	10.1126/science.abo1984	1252c5fb-945f-42d6-b1a8-8a3bd864384b	e75342a8-0f3b-4ec5-8ee1-245a23e0f7cb	10x 3' v2;10x 3' v3	arrhythmogenic right ventricular cardiomyopathy;dilated cardiomyopathy;non-compaction cardiomyopathy;normal	None
choroid_plexus	None	{'label': 'apex of heart', 'ontology_term_id': 'UBERON:0002098', 'tissue_type': 'tissue'};{'label': 'heart left ventricle', 'ontology_term_id': 'UBERON:0002084', 'tissue_type': 'tissue'};{'label': 'heart right ventricle', 'ontology_term_id': 'UBERON:0002080', 'tissue_type': 'tissue'};{'label': 'interventricular septum', 'ontology_term_id': 'UBERON:0002094', 'tissue_type': 'tissue'}	None	Pathogenic variants damage cell composition and single cell transcription in cardiomyopathies	10.1126/science.abo1984	1062c0f2-2a44-4cf9-a7c8-b5ed58b4728d	e75342a8-0f3b-4ec5-8ee1-245a23e0f7cb	10x 3' v2;10x 3' v3	arrhythmogenic right ventricular cardiomyopathy;dilated cardiomyopathy;non-compaction cardiomyopathy;normal	None
choroid_plexus	None	{'label': 'apex of heart', 'ontology_term_id': 'UBERON:0002098', 'tissue_type': 'tissue'};{'label': 'heart left ventricle', 'ontology_term_id': 'UBERON:0002084', 'tissue_type': 'tissue'};{'label': 'heart right ventricle', 'ontology_term_id': 'UBERON:0002080', 'tissue_type': 'tissue'};{'label': 'interventricular septum', 'ontology_term_id': 'UBERON:0002094', 'tissue_type': 'tissue'}	None	Pathogenic variants damage cell composition and single cell transcription in cardiomyopathies	10.1126/science.abo1984	0fdb6122-4600-40f0-a703-2da47cc7080d	e75342a8-0f3b-4ec5-8ee1-245a23e0f7cb	10x 3' v2;10x 3' v3	arrhythmogenic right ventricular cardiomyopathy;dilated cardiomyopathy;non-compaction cardiomyopathy;normal	None
choroid_plexus	None	{'label': 'axilla', 'ontology_term_id': 'UBERON:0009472', 'tissue_type': 'tissue'};{'label': 'bone spine', 'ontology_term_id': 'UBERON:0013706', 'tissue_type': 'tissue'};{'label': 'brain', 'ontology_term_id': 'UBERON:0000955', 'tissue_type': 'tissue'};{'label': 'breast', 'ontology_term_id': 'UBERON:0000310', 'tissue_type': 'tissue'};{'label': 'chest wall', 'ontology_term_id': 'UBERON:0016435', 'tissue_type': 'tissue'};{'label': 'liver', 'ontology_term_id': 'UBERON:0002107', 'tissue_type': 'tissue'};{'label': 'skin epidermis', 'ontology_term_id': 'UBERON:0001003', 'tissue_type': 'tissue'}	None	HTAN/HTAPP Broad - Spatio-molecular dissection of the breast cancer metastatic microenvironment	10.1038/s41591-024-03215-z	34f5307e-7b4d-4a48-b68f-2ba844c6414b	a96133de-e951-4e2d-ace6-59db8b3bfb1d	10x 3' v2;10x 3' v3	breast cancer	None
choroid_plexus	None	{'label': 'apex of heart', 'ontology_term_id': 'UBERON:0002098', 'tissue_type': 'tissue'};{'label': 'heart left ventricle', 'ontology_term_id': 'UBERON:0002084', 'tissue_type': 'tissue'};{'label': 'heart right ventricle', 'ontology_term_id': 'UBERON:0002080', 'tissue_type': 'tissue'};{'label': 'interventricular septum', 'ontology_term_id': 'UBERON:0002094', 'tissue_type': 'tissue'};{'label': 'left cardiac atrium', 'ontology_term_id': 'UBERON:0002079', 'tissue_type': 'tissue'};{'label': 'right cardiac atrium', 'ontology_term_id': 'UBERON:0002078', 'tissue_type': 'tissue'}	None	Cells of the adult human heart	10.1038/s41586-020-2797-4	f75f2ff4-2884-4c2d-b375-70de37a34507	b52eb423-5d0d-4645-b217-e1c6d38b2e72	10x 3' v2;10x 3' v3	normal	None
choroid_plexus	None	{'label': 'apex of heart', 'ontology_term_id': 'UBERON:0002098', 'tissue_type': 'tissue'};{'label': 'heart left ventricle', 'ontology_term_id': 'UBERON:0002084', 'tissue_type': 'tissue'};{'label': 'heart right ventricle', 'ontology_term_id': 'UBERON:0002080', 'tissue_type': 'tissue'};{'label': 'interventricular septum', 'ontology_term_id': 'UBERON:0002094', 'tissue_type': 'tissue'};{'label': 'left cardiac atrium', 'ontology_term_id': 'UBERON:0002079', 'tissue_type': 'tissue'};{'label': 'right cardiac atrium', 'ontology_term_id': 'UBERON:0002078', 'tissue_type': 'tissue'}	None	Cells of the adult human heart	10.1038/s41586-020-2797-4	ed852810-a003-4386-9846-1638362cee39	b52eb423-5d0d-4645-b217-e1c6d38b2e72	10x 3' v2;10x 3' v3	normal	None
choroid_plexus	None	{'label': 'apex of heart', 'ontology_term_id': 'UBERON:0002098', 'tissue_type': 'tissue'};{'label': 'heart left ventricle', 'ontology_term_id': 'UBERON:0002084', 'tissue_type': 'tissue'};{'label': 'heart right ventricle', 'ontology_term_id': 'UBERON:0002080', 'tissue_type': 'tissue'};{'label': 'interventricular septum', 'ontology_term_id': 'UBERON:0002094', 'tissue_type': 'tissue'};{'label': 'left cardiac atrium', 'ontology_term_id': 'UBERON:0002079', 'tissue_type': 'tissue'};{'label': 'right cardiac atrium', 'ontology_term_id': 'UBERON:0002078', 'tissue_type': 'tissue'}	None	Cells of the adult human heart	10.1038/s41586-020-2797-4	d4e69e01-3ba2-4d6b-a15d-e7048f78f22e	b52eb423-5d0d-4645-b217-e1c6d38b2e72	10x 3' v2;10x 3' v3	normal	None
choroid_plexus	None	{'label': 'apex of heart', 'ontology_term_id': 'UBERON:0002098', 'tissue_type': 'tissue'};{'label': 'heart left ventricle', 'ontology_term_id': 'UBERON:0002084', 'tissue_type': 'tissue'};{'label': 'heart right ventricle', 'ontology_term_id': 'UBERON:0002080', 'tissue_type': 'tissue'};{'label': 'interventricular septum', 'ontology_term_id': 'UBERON:0002094', 'tissue_type': 'tissue'};{'label': 'left cardiac atrium', 'ontology_term_id': 'UBERON:0002079', 'tissue_type': 'tissue'};{'label': 'right cardiac atrium', 'ontology_term_id': 'UBERON:0002078', 'tissue_type': 'tissue'}	None	Cells of the adult human heart	10.1038/s41586-020-2797-4	9d584fcb-a28a-4b91-a886-ceb66a88ef81	b52eb423-5d0d-4645-b217-e1c6d38b2e72	10x 3' v2;10x 3' v3	normal	None
choroid_plexus	None	{'label': 'apex of heart', 'ontology_term_id': 'UBERON:0002098', 'tissue_type': 'tissue'};{'label': 'heart left ventricle', 'ontology_term_id': 'UBERON:0002084', 'tissue_type': 'tissue'};{'label': 'heart right ventricle', 'ontology_term_id': 'UBERON:0002080', 'tissue_type': 'tissue'};{'label': 'interventricular septum', 'ontology_term_id': 'UBERON:0002094', 'tissue_type': 'tissue'}	None	Cells of the adult human heart	10.1038/s41586-020-2797-4	78fd69d2-75e4-4207-819a-563139f273c6	b52eb423-5d0d-4645-b217-e1c6d38b2e72	10x 3' v2;10x 3' v3	normal	None
choroid_plexus	None	{'label': 'apex of heart', 'ontology_term_id': 'UBERON:0002098', 'tissue_type': 'tissue'};{'label': 'heart left ventricle', 'ontology_term_id': 'UBERON:0002084', 'tissue_type': 'tissue'};{'label': 'heart right ventricle', 'ontology_term_id': 'UBERON:0002080', 'tissue_type': 'tissue'};{'label': 'interventricular septum', 'ontology_term_id': 'UBERON:0002094', 'tissue_type': 'tissue'};{'label': 'left cardiac atrium', 'ontology_term_id': 'UBERON:0002079', 'tissue_type': 'tissue'};{'label': 'right cardiac atrium', 'ontology_term_id': 'UBERON:0002078', 'tissue_type': 'tissue'}	None	Cells of the adult human heart	10.1038/s41586-020-2797-4	572f3f3e-d3e4-4d13-8e2b-88215e508481	b52eb423-5d0d-4645-b217-e1c6d38b2e72	10x 3' v2;10x 3' v3	normal	None
choroid_plexus	None	{'label': 'apex of heart', 'ontology_term_id': 'UBERON:0002098', 'tissue_type': 'tissue'};{'label': 'heart left ventricle', 'ontology_term_id': 'UBERON:0002084', 'tissue_type': 'tissue'};{'label': 'heart right ventricle', 'ontology_term_id': 'UBERON:0002080', 'tissue_type': 'tissue'};{'label': 'interventricular septum', 'ontology_term_id': 'UBERON:0002094', 'tissue_type': 'tissue'};{'label': 'left cardiac atrium', 'ontology_term_id': 'UBERON:0002079', 'tissue_type': 'tissue'};{'label': 'right cardiac atrium', 'ontology_term_id': 'UBERON:0002078', 'tissue_type': 'tissue'}	None	Cells of the adult human heart	10.1038/s41586-020-2797-4	1009f384-b12d-448e-ba9f-1b7d2ecfbb4e	b52eb423-5d0d-4645-b217-e1c6d38b2e72	10x 3' v2;10x 3' v3	normal	None
choroid_plexus	None	{'label': 'apex of heart', 'ontology_term_id': 'UBERON:0002098', 'tissue_type': 'tissue'};{'label': 'heart left ventricle', 'ontology_term_id': 'UBERON:0002084', 'tissue_type': 'tissue'};{'label': 'heart right ventricle', 'ontology_term_id': 'UBERON:0002080', 'tissue_type': 'tissue'};{'label': 'interventricular septum', 'ontology_term_id': 'UBERON:0002094', 'tissue_type': 'tissue'}	None	Single-cell genomics improves the discovery of risk variants and genes of atrial fibrillation	10.1038/s41467-023-40505-5	2e9d2f32-4cfb-49b5-b990-cbf4c241214e	20eea6c8-9d64-42c9-9b6f-c11b5249e0e9	10x 3' v3	normal	None
choroid_plexus	None	{'label': 'apex of heart', 'ontology_term_id': 'UBERON:0002098', 'tissue_type': 'tissue'};{'label': 'heart left ventricle', 'ontology_term_id': 'UBERON:0002084', 'tissue_type': 'tissue'}	None	The cellular and molecular cardiac tissue responses in human inflammatory cardiomyopathies after SARS-CoV-2 infection and COVID-19 vaccination	10.1038/s44161-025-00612-6	fe7aae33-6f7c-41a5-8d29-9996a9ddf1ab	328d71f0-0ed7-4518-966f-be6bd0797324	10x 3' v2;10x 3' v3	myocarditis;normal	None
choroid_plexus	None	{'label': 'apex of heart', 'ontology_term_id': 'UBERON:0002098', 'tissue_type': 'tissue'};{'label': 'heart left ventricle', 'ontology_term_id': 'UBERON:0002084', 'tissue_type': 'tissue'}	None	The cellular and molecular cardiac tissue responses in human inflammatory cardiomyopathies after SARS-CoV-2 infection and COVID-19 vaccination	10.1038/s44161-025-00612-6	de916989-3523-4eed-a8e6-6999540f27d4	328d71f0-0ed7-4518-966f-be6bd0797324	10x 3' v2;10x 3' v3	myocarditis;normal	None
choroid_plexus	None	{'label': 'apex of heart', 'ontology_term_id': 'UBERON:0002098', 'tissue_type': 'tissue'};{'label': 'heart left ventricle', 'ontology_term_id': 'UBERON:0002084', 'tissue_type': 'tissue'}	None	The cellular and molecular cardiac tissue responses in human inflammatory cardiomyopathies after SARS-CoV-2 infection and COVID-19 vaccination	10.1038/s44161-025-00612-6	af33f944-ab2f-4b80-a17e-49c13e03b01d	328d71f0-0ed7-4518-966f-be6bd0797324	10x 3' v2;10x 3' v3	myocarditis;normal	None
choroid_plexus	None	{'label': 'apex of heart', 'ontology_term_id': 'UBERON:0002098', 'tissue_type': 'tissue'};{'label': 'heart left ventricle', 'ontology_term_id': 'UBERON:0002084', 'tissue_type': 'tissue'}	None	The cellular and molecular cardiac tissue responses in human inflammatory cardiomyopathies after SARS-CoV-2 infection and COVID-19 vaccination	10.1038/s44161-025-00612-6	a49167b8-fe43-4b8f-ac37-d9c2af16f116	328d71f0-0ed7-4518-966f-be6bd0797324	10x 3' v2;10x 3' v3	myocarditis;normal	None
choroid_plexus	None	{'label': 'apex of heart', 'ontology_term_id': 'UBERON:0002098', 'tissue_type': 'tissue'};{'label': 'heart left ventricle', 'ontology_term_id': 'UBERON:0002084', 'tissue_type': 'tissue'}	None	The cellular and molecular cardiac tissue responses in human inflammatory cardiomyopathies after SARS-CoV-2 infection and COVID-19 vaccination	10.1038/s44161-025-00612-6	064fa88b-78dc-4edd-b9cd-bcc16964c81e	328d71f0-0ed7-4518-966f-be6bd0797324	10x 3' v2;10x 3' v3	myocarditis;normal	None
choroid_plexus	None	{'label': 'apex of heart', 'ontology_term_id': 'UBERON:0002098', 'tissue_type': 'tissue'};{'label': 'heart left ventricle', 'ontology_term_id': 'UBERON:0002084', 'tissue_type': 'tissue'}	None	The cellular and molecular cardiac tissue responses in human inflammatory cardiomyopathies after SARS-CoV-2 infection and COVID-19 vaccination	10.1038/s44161-025-00612-6	02474d5c-7faa-4567-80f8-56abc0a1df62	328d71f0-0ed7-4518-966f-be6bd0797324	10x 3' v2;10x 3' v3	myocarditis;normal	None
choroid_plexus	None	{'label': 'Brodmann (1909) area 13', 'ontology_term_id': 'UBERON:0013544', 'tissue_type': 'tissue'};{'label': 'Brodmann (1909) area 14', 'ontology_term_id': 'UBERON:0013545', 'tissue_type': 'tissue'};{'label': 'Brodmann (1909) area 19', 'ontology_term_id': 'UBERON:0013550', 'tissue_type': 'tissue'};{'label': 'Brodmann (1909) area 23', 'ontology_term_id': 'UBERON:0013554', 'tissue_type': 'tissue'};{'label': 'Brodmann (1909) area 24', 'ontology_term_id': 'UBERON:0006101', 'tissue_type': 'tissue'};{'label': 'Brodmann (1909) area 25', 'ontology_term_id': 'UBERON:0013556', 'tissue_type': 'tissue'};{'label': 'Brodmann (1909) area 32', 'ontology_term_id': 'UBERON:0013560', 'tissue_type': 'tissue'};{'label': 'Brodmann (1909) area 35', 'ontology_term_id': 'UBERON:0006102', 'tissue_type': 'tissue'};{'label': 'Brodmann (1909) area 38', 'ontology_term_id': 'UBERON:0006479', 'tissue_type': 'tissue'};{'label': 'Brodmann (1909) area 40', 'ontology_term_id': 'UBERON:0013573', 'tissue_type': 'tissue'};{'label': 'Brodmann (1909) area 43', 'ontology_term_id': 'UBERON:0013561', 'tissue_type': 'tissue'};{'label': 'Brodmann (1909) area 46', 'ontology_term_id': 'UBERON:0006483', 'tissue_type': 'tissue'};{'label': 'accessory basal amygdaloid nucleus', 'ontology_term_id': 'UBERON:0002885', 'tissue_type': 'tissue'};{'label': 'agranular insular cortex', 'ontology_term_id': 'UBERON:0034893', 'tissue_type': 'tissue'};{'label': 'anterior cortical amygdaloid nucleus', 'ontology_term_id': 'UBERON:0034991', 'tissue_type': 'tissue'};{'label': 'anterior nuclear group', 'ontology_term_id': 'UBERON:0002788', 'tissue_type': 'tissue'};{'label': 'anterior olfactory nucleus', 'ontology_term_id': 'UBERON:0002266', 'tissue_type': 'tissue'};{'label': 'basolateral amygdaloid nuclear complex', 'ontology_term_id': 'UBERON:0006107', 'tissue_type': 'tissue'};{'label': 'bed nucleus of stria terminalis', 'ontology_term_id': 'UBERON:0001880', 'tissue_type': 'tissue'};{'label': 'body of caudate nucleus', 'ontology_term_id': 'UBERON:0002630', 'tissue_type': 'tissue'};{'label': 'central amygdaloid nucleus', 'ontology_term_id': 'UBERON:0002883', 'tissue_type': 'tissue'};{'label': 'centromedian nucleus of thalamus', 'ontology_term_id': 'UBERON:0002972', 'tissue_type': 'tissue'};{'label': 'cerebellar nuclear complex', 'ontology_term_id': 'UBERON:0002130', 'tissue_type': 'tissue'};{'label': 'cerebellar vermis', 'ontology_term_id': 'UBERON:0004720', 'tissue_type': 'tissue'};{'label': 'cerebrocerebellum', 'ontology_term_id': 'UBERON:0014644', 'tissue_type': 'tissue'};{'label': 'claustrum of brain', 'ontology_term_id': 'UBERON:0002023', 'tissue_type': 'tissue'};{'label': 'corticomedial nuclear complex', 'ontology_term_id': 'UBERON:0006108', 'tissue_type': 'tissue'};{'label': 'cuneus cortex', 'ontology_term_id': 'UBERON:0006092', 'tissue_type': 'tissue'};{'label': 'dentate gyrus of hippocampal formation', 'ontology_term_id': 'UBERON:0001885', 'tissue_type': 'tissue'};{'label': 'dorsal tegmental nucleus', 'ontology_term_id': 'UBERON:0002143', 'tissue_type': 'tissue'};{'label': 'epithalamus', 'ontology_term_id': 'UBERON:0001899', 'tissue_type': 'tissue'};{'label': 'extrastriate cortex', 'ontology_term_id': 'UBERON:0014370', 'tissue_type': 'tissue'};{'label': 'globus pallidus', 'ontology_term_id': 'UBERON:0001875', 'tissue_type': 'tissue'};{'label': 'granular insular cortex', 'ontology_term_id': 'UBERON:0034892', 'tissue_type': 'tissue'};{'label': 'gray matter of midbrain', 'ontology_term_id': 'UBERON:0019267', 'tissue_type': 'tissue'};{'label': 'hippocampal field', 'ontology_term_id': 'UBERON:0003876', 'tissue_type': 'tissue'};{'label': 'hypothalamus', 'ontology_term_id': 'UBERON:0001898', 'tissue_type': 'tissue'};{'label': 'inferior frontal gyrus', 'ontology_term_id': 'UBERON:0002998', 'tissue_type': 'tissue'};{'label': 'inferior olivary complex', 'ontology_term_id': 'UBERON:0002127', 'tissue_type': 'tissue'};{'label': 'inferior temporal gyrus', 'ontology_term_id': 'UBERON:0002751', 'tissue_type': 'tissue'};{'label': 'intralaminar nuclear group', 'ontology_term_id': 'UBERON:0002733', 'tissue_type': 'tissue'};{'label': 'lateral amygdaloid nucleus', 'ontology_term_id': 'UBERON:0002886', 'tissue_type': 'tissue'};{'label': 'lateral entorhinal cortex', 'ontology_term_id': 'UBERON:0007225', 'tissue_type': 'tissue'};{'label': 'lateral geniculate body', 'ontology_term_id': 'UBERON:0001926', 'tissue_type': 'tissue'};{'label': 'lateral nuclear group of thalamus', 'ontology_term_id': 'UBERON:0002736', 'tissue_type': 'tissue'};{'label': 'lateral posterior nucleus of thalamus', 'ontology_term_id': 'UBERON:0002983', 'tissue_type': 'tissue'};{'label': 'mammillary body', 'ontology_term_id': 'UBERON:0002206', 'tissue_type': 'tissue'};{'label': 'medial dorsal nucleus of thalamus', 'ontology_term_id': 'UBERON:0002739', 'tissue_type': 'tissue'};{'label': 'medial entorhinal cortex', 'ontology_term_id': 'UBERON:0007224', 'tissue_type': 'tissue'};{'label': 'medial geniculate body', 'ontology_term_id': 'UBERON:0001927', 'tissue_type': 'tissue'};{'label': 'medial zone of hypothalamus', 'ontology_term_id': 'UBERON:0002272', 'tissue_type': 'tissue'};{'label': 'median tuberal portion', 'ontology_term_id': 'UBERON:2000392', 'tissue_type': 'tissue'};{'label': 'midbrain nucleus', 'ontology_term_id': 'UBERON:0009661', 'tissue_type': 'tissue'};{'label': 'midbrain tectum', 'ontology_term_id': 'UBERON:0002314', 'tissue_type': 'tissue'};{'label': 'middle temporal gyrus', 'ontology_term_id': 'UBERON:0002771', 'tissue_type': 'tissue'};{'label': 'nucleus accumbens', 'ontology_term_id': 'UBERON:0001882', 'tissue_type': 'tissue'};{'label': 'nucleus of dorsal thalamus', 'ontology_term_id': 'UBERON:0015233', 'tissue_type': 'tissue'};{'label': 'nucleus of medulla oblongata', 'ontology_term_id': 'UBERON:0007635', 'tissue_type': 'tissue'};{'label': 'parabrachial nucleus', 'ontology_term_id': 'UBERON:0007634', 'tissue_type': 'tissue'};{'label': 'perirhinal cortex', 'ontology_term_id': 'UBERON:0006083', 'tissue_type': 'tissue'};{'label': 'piriform cortex', 'ontology_term_id': 'UBERON:0004725', 'tissue_type': 'tissue'};{'label': 'pontine nuclear group', 'ontology_term_id': 'UBERON:0002151', 'tissue_type': 'tissue'};{'label': 'pontine reticular formation', 'ontology_term_id': 'UBERON:0002573', 'tissue_type': 'tissue'};{'label': 'pontine tegmentum', 'ontology_term_id': 'UBERON:0003023', 'tissue_type': 'tissue'};{'label': 'posterior parahippocampal gyrus', 'ontology_term_id': 'UBERON:0002657', 'tissue_type': 'tissue'};{'label': 'preoptic area', 'ontology_term_id': 'UBERON:0001928', 'tissue_type': 'tissue'};{'label': 'pretectal region', 'ontology_term_id': 'UBERON:0001944', 'tissue_type': 'tissue'};{'label': 'primary auditory cortex', 'ontology_term_id': 'UBERON:0034751', 'tissue_type': 'tissue'};{'label': 'primary motor cortex', 'ontology_term_id': 'UBERON:0001384', 'tissue_type': 'tissue'};{'label': 'primary somatosensory cortex', 'ontology_term_id': 'UBERON:0008933', 'tissue_type': 'tissue'};{'label': 'primary visual cortex', 'ontology_term_id': 'UBERON:0002436', 'tissue_type': 'tissue'};{'label': 'pulvinar nucleus', 'ontology_term_id': 'UBERON:0002981', 'tissue_type': 'tissue'};{'label': 'putamen', 'ontology_term_id': 'UBERON:0001874', 'tissue_type': 'tissue'};{'label': 'red nucleus', 'ontology_term_id': 'UBERON:0001947', 'tissue_type': 'tissue'};{'label': 'retrosplenial region', 'ontology_term_id': 'UBERON:0013531', 'tissue_type': 'tissue'};{'label': 'rostral CA3', 'ontology_term_id': 'UBERON:0034779', 'tissue_type': 'tissue'};{'label': 'septal nuclear complex', 'ontology_term_id': 'UBERON:0002663', 'tissue_type': 'tissue'};{'label': 'spinal cord', 'ontology_term_id': 'UBERON:0002240', 'tissue_type': 'tissue'};{'label': 'subicular complex', 'ontology_term_id': 'UBERON:0023787', 'tissue_type': 'tissue'};{'label': 'substantia innominata', 'ontology_term_id': 'UBERON:0003017', 'tissue_type': 'tissue'};{'label': 'substantia nigra', 'ontology_term_id': 'UBERON:0002038', 'tissue_type': 'tissue'};{'label': 'subthalamic nucleus', 'ontology_term_id': 'UBERON:0001906', 'tissue_type': 'tissue'};{'label': 'superior parietal cortex', 'ontology_term_id': 'UBERON:0006094', 'tissue_type': 'tissue'};{'label': 'superior temporal gyrus', 'ontology_term_id': 'UBERON:0002769', 'tissue_type': 'tissue'};{'label': 'supraoptic nucleus', 'ontology_term_id': 'UBERON:0001929', 'tissue_type': 'tissue'};{'label': 'temporal fusiform gyrus', 'ontology_term_id': 'UBERON:0022395', 'tissue_type': 'tissue'};{'label': 'uncal CA1', 'ontology_term_id': 'UBERON:0034774', 'tissue_type': 'tissue'};{'label': 'ventral anterior nucleus of thalamus', 'ontology_term_id': 'UBERON:0002637', 'tissue_type': 'tissue'}	None	Human Brain Cell Atlas v1.0	10.1126/science.add7046	f7d003d4-40d5-4de8-858c-a9a8b48fcc67	283d65eb-dd53-496d-adb7-7570c7caa443	10x 3' v3	normal	None
choroid_plexus	None	{'label': 'Brodmann (1909) area 13', 'ontology_term_id': 'UBERON:0013544', 'tissue_type': 'tissue'};{'label': 'Brodmann (1909) area 14', 'ontology_term_id': 'UBERON:0013545', 'tissue_type': 'tissue'};{'label': 'Brodmann (1909) area 19', 'ontology_term_id': 'UBERON:0013550', 'tissue_type': 'tissue'};{'label': 'Brodmann (1909) area 23', 'ontology_term_id': 'UBERON:0013554', 'tissue_type': 'tissue'};{'label': 'Brodmann (1909) area 24', 'ontology_term_id': 'UBERON:0006101', 'tissue_type': 'tissue'};{'label': 'Brodmann (1909) area 25', 'ontology_term_id': 'UBERON:0013556', 'tissue_type': 'tissue'};{'label': 'Brodmann (1909) area 32', 'ontology_term_id': 'UBERON:0013560', 'tissue_type': 'tissue'};{'label': 'Brodmann (1909) area 35', 'ontology_term_id': 'UBERON:0006102', 'tissue_type': 'tissue'};{'label': 'Brodmann (1909) area 38', 'ontology_term_id': 'UBERON:0006479', 'tissue_type': 'tissue'};{'label': 'Brodmann (1909) area 40', 'ontology_term_id': 'UBERON:0013573', 'tissue_type': 'tissue'};{'label': 'Brodmann (1909) area 43', 'ontology_term_id': 'UBERON:0013561', 'tissue_type': 'tissue'};{'label': 'Brodmann (1909) area 46', 'ontology_term_id': 'UBERON:0006483', 'tissue_type': 'tissue'};{'label': 'accessory basal amygdaloid nucleus', 'ontology_term_id': 'UBERON:0002885', 'tissue_type': 'tissue'};{'label': 'agranular insular cortex', 'ontology_term_id': 'UBERON:0034893', 'tissue_type': 'tissue'};{'label': 'anterior cortical amygdaloid nucleus', 'ontology_term_id': 'UBERON:0034991', 'tissue_type': 'tissue'};{'label': 'anterior nuclear group', 'ontology_term_id': 'UBERON:0002788', 'tissue_type': 'tissue'};{'label': 'anterior olfactory nucleus', 'ontology_term_id': 'UBERON:0002266', 'tissue_type': 'tissue'};{'label': 'basolateral amygdaloid nuclear complex', 'ontology_term_id': 'UBERON:0006107', 'tissue_type': 'tissue'};{'label': 'bed nucleus of stria terminalis', 'ontology_term_id': 'UBERON:0001880', 'tissue_type': 'tissue'};{'label': 'body of caudate nucleus', 'ontology_term_id': 'UBERON:0002630', 'tissue_type': 'tissue'};{'label': 'central amygdaloid nucleus', 'ontology_term_id': 'UBERON:0002883', 'tissue_type': 'tissue'};{'label': 'centromedian nucleus of thalamus', 'ontology_term_id': 'UBERON:0002972', 'tissue_type': 'tissue'};{'label': 'cerebellar nuclear complex', 'ontology_term_id': 'UBERON:0002130', 'tissue_type': 'tissue'};{'label': 'cerebellar vermis', 'ontology_term_id': 'UBERON:0004720', 'tissue_type': 'tissue'};{'label': 'cerebrocerebellum', 'ontology_term_id': 'UBERON:0014644', 'tissue_type': 'tissue'};{'label': 'claustrum of brain', 'ontology_term_id': 'UBERON:0002023', 'tissue_type': 'tissue'};{'label': 'corticomedial nuclear complex', 'ontology_term_id': 'UBERON:0006108', 'tissue_type': 'tissue'};{'label': 'cuneus cortex', 'ontology_term_id': 'UBERON:0006092', 'tissue_type': 'tissue'};{'label': 'dentate gyrus of hippocampal formation', 'ontology_term_id': 'UBERON:0001885', 'tissue_type': 'tissue'};{'label': 'dorsal tegmental nucleus', 'ontology_term_id': 'UBERON:0002143', 'tissue_type': 'tissue'};{'label': 'epithalamus', 'ontology_term_id': 'UBERON:0001899', 'tissue_type': 'tissue'};{'label': 'extrastriate cortex', 'ontology_term_id': 'UBERON:0014370', 'tissue_type': 'tissue'};{'label': 'globus pallidus', 'ontology_term_id': 'UBERON:0001875', 'tissue_type': 'tissue'};{'label': 'granular insular cortex', 'ontology_term_id': 'UBERON:0034892', 'tissue_type': 'tissue'};{'label': 'gray matter of midbrain', 'ontology_term_id': 'UBERON:0019267', 'tissue_type': 'tissue'};{'label': 'hippocampal field', 'ontology_term_id': 'UBERON:0003876', 'tissue_type': 'tissue'};{'label': 'hypothalamus', 'ontology_term_id': 'UBERON:0001898', 'tissue_type': 'tissue'};{'label': 'inferior frontal gyrus', 'ontology_term_id': 'UBERON:0002998', 'tissue_type': 'tissue'};{'label': 'inferior olivary complex', 'ontology_term_id': 'UBERON:0002127', 'tissue_type': 'tissue'};{'label': 'inferior temporal gyrus', 'ontology_term_id': 'UBERON:0002751', 'tissue_type': 'tissue'};{'label': 'intralaminar nuclear group', 'ontology_term_id': 'UBERON:0002733', 'tissue_type': 'tissue'};{'label': 'lateral amygdaloid nucleus', 'ontology_term_id': 'UBERON:0002886', 'tissue_type': 'tissue'};{'label': 'lateral entorhinal cortex', 'ontology_term_id': 'UBERON:0007225', 'tissue_type': 'tissue'};{'label': 'lateral geniculate body', 'ontology_term_id': 'UBERON:0001926', 'tissue_type': 'tissue'};{'label': 'lateral nuclear group of thalamus', 'ontology_term_id': 'UBERON:0002736', 'tissue_type': 'tissue'};{'label': 'lateral posterior nucleus of thalamus', 'ontology_term_id': 'UBERON:0002983', 'tissue_type': 'tissue'};{'label': 'mammillary body', 'ontology_term_id': 'UBERON:0002206', 'tissue_type': 'tissue'};{'label': 'medial dorsal nucleus of thalamus', 'ontology_term_id': 'UBERON:0002739', 'tissue_type': 'tissue'};{'label': 'medial entorhinal cortex', 'ontology_term_id': 'UBERON:0007224', 'tissue_type': 'tissue'};{'label': 'medial geniculate body', 'ontology_term_id': 'UBERON:0001927', 'tissue_type': 'tissue'};{'label': 'medial zone of hypothalamus', 'ontology_term_id': 'UBERON:0002272', 'tissue_type': 'tissue'};{'label': 'median tuberal portion', 'ontology_term_id': 'UBERON:2000392', 'tissue_type': 'tissue'};{'label': 'midbrain nucleus', 'ontology_term_id': 'UBERON:0009661', 'tissue_type': 'tissue'};{'label': 'midbrain tectum', 'ontology_term_id': 'UBERON:0002314', 'tissue_type': 'tissue'};{'label': 'middle temporal gyrus', 'ontology_term_id': 'UBERON:0002771', 'tissue_type': 'tissue'};{'label': 'nucleus accumbens', 'ontology_term_id': 'UBERON:0001882', 'tissue_type': 'tissue'};{'label': 'nucleus of dorsal thalamus', 'ontology_term_id': 'UBERON:0015233', 'tissue_type': 'tissue'};{'label': 'nucleus of medulla oblongata', 'ontology_term_id': 'UBERON:0007635', 'tissue_type': 'tissue'};{'label': 'parabrachial nucleus', 'ontology_term_id': 'UBERON:0007634', 'tissue_type': 'tissue'};{'label': 'perirhinal cortex', 'ontology_term_id': 'UBERON:0006083', 'tissue_type': 'tissue'};{'label': 'piriform cortex', 'ontology_term_id': 'UBERON:0004725', 'tissue_type': 'tissue'};{'label': 'pontine nuclear group', 'ontology_term_id': 'UBERON:0002151', 'tissue_type': 'tissue'};{'label': 'pontine reticular formation', 'ontology_term_id': 'UBERON:0002573', 'tissue_type': 'tissue'};{'label': 'pontine tegmentum', 'ontology_term_id': 'UBERON:0003023', 'tissue_type': 'tissue'};{'label': 'posterior parahippocampal gyrus', 'ontology_term_id': 'UBERON:0002657', 'tissue_type': 'tissue'};{'label': 'preoptic area', 'ontology_term_id': 'UBERON:0001928', 'tissue_type': 'tissue'};{'label': 'pretectal region', 'ontology_term_id': 'UBERON:0001944', 'tissue_type': 'tissue'};{'label': 'primary auditory cortex', 'ontology_term_id': 'UBERON:0034751', 'tissue_type': 'tissue'};{'label': 'primary motor cortex', 'ontology_term_id': 'UBERON:0001384', 'tissue_type': 'tissue'};{'label': 'primary somatosensory cortex', 'ontology_term_id': 'UBERON:0008933', 'tissue_type': 'tissue'};{'label': 'primary visual cortex', 'ontology_term_id': 'UBERON:0002436', 'tissue_type': 'tissue'};{'label': 'pulvinar nucleus', 'ontology_term_id': 'UBERON:0002981', 'tissue_type': 'tissue'};{'label': 'putamen', 'ontology_term_id': 'UBERON:0001874', 'tissue_type': 'tissue'};{'label': 'red nucleus', 'ontology_term_id': 'UBERON:0001947', 'tissue_type': 'tissue'};{'label': 'retrosplenial region', 'ontology_term_id': 'UBERON:0013531', 'tissue_type': 'tissue'};{'label': 'rostral CA3', 'ontology_term_id': 'UBERON:0034779', 'tissue_type': 'tissue'};{'label': 'septal nuclear complex', 'ontology_term_id': 'UBERON:0002663', 'tissue_type': 'tissue'};{'label': 'spinal cord', 'ontology_term_id': 'UBERON:0002240', 'tissue_type': 'tissue'};{'label': 'subicular complex', 'ontology_term_id': 'UBERON:0023787', 'tissue_type': 'tissue'};{'label': 'substantia innominata', 'ontology_term_id': 'UBERON:0003017', 'tissue_type': 'tissue'};{'label': 'substantia nigra', 'ontology_term_id': 'UBERON:0002038', 'tissue_type': 'tissue'};{'label': 'subthalamic nucleus', 'ontology_term_id': 'UBERON:0001906', 'tissue_type': 'tissue'};{'label': 'superior parietal cortex', 'ontology_term_id': 'UBERON:0006094', 'tissue_type': 'tissue'};{'label': 'superior temporal gyrus', 'ontology_term_id': 'UBERON:0002769', 'tissue_type': 'tissue'};{'label': 'supraoptic nucleus', 'ontology_term_id': 'UBERON:0001929', 'tissue_type': 'tissue'};{'label': 'temporal fusiform gyrus', 'ontology_term_id': 'UBERON:0022395', 'tissue_type': 'tissue'};{'label': 'uncal CA1', 'ontology_term_id': 'UBERON:0034774', 'tissue_type': 'tissue'};{'label': 'ventral anterior nucleus of thalamus', 'ontology_term_id': 'UBERON:0002637', 'tissue_type': 'tissue'}	None	Human Brain Cell Atlas v1.0	10.1126/science.add7046	f16f4108-7873-4035-9989-3748da1a7ff1	283d65eb-dd53-496d-adb7-7570c7caa443	10x 3' v3	normal	None
choroid_plexus	None	{'label': 'Brodmann (1909) area 13', 'ontology_term_id': 'UBERON:0013544', 'tissue_type': 'tissue'};{'label': 'Brodmann (1909) area 14', 'ontology_term_id': 'UBERON:0013545', 'tissue_type': 'tissue'};{'label': 'Brodmann (1909) area 24', 'ontology_term_id': 'UBERON:0006101', 'tissue_type': 'tissue'};{'label': 'Brodmann (1909) area 25', 'ontology_term_id': 'UBERON:0013556', 'tissue_type': 'tissue'};{'label': 'Brodmann (1909) area 40', 'ontology_term_id': 'UBERON:0013573', 'tissue_type': 'tissue'};{'label': 'Brodmann (1909) area 43', 'ontology_term_id': 'UBERON:0013561', 'tissue_type': 'tissue'};{'label': 'Brodmann (1909) area 46', 'ontology_term_id': 'UBERON:0006483', 'tissue_type': 'tissue'};{'label': 'accessory basal amygdaloid nucleus', 'ontology_term_id': 'UBERON:0002885', 'tissue_type': 'tissue'};{'label': 'agranular insular cortex', 'ontology_term_id': 'UBERON:0034893', 'tissue_type': 'tissue'};{'label': 'anterior cortical amygdaloid nucleus', 'ontology_term_id': 'UBERON:0034991', 'tissue_type': 'tissue'};{'label': 'anterior nuclear group', 'ontology_term_id': 'UBERON:0002788', 'tissue_type': 'tissue'};{'label': 'anterior olfactory nucleus', 'ontology_term_id': 'UBERON:0002266', 'tissue_type': 'tissue'};{'label': 'basolateral amygdaloid nuclear complex', 'ontology_term_id': 'UBERON:0006107', 'tissue_type': 'tissue'};{'label': 'bed nucleus of stria terminalis', 'ontology_term_id': 'UBERON:0001880', 'tissue_type': 'tissue'};{'label': 'body of caudate nucleus', 'ontology_term_id': 'UBERON:0002630', 'tissue_type': 'tissue'};{'label': 'central amygdaloid nucleus', 'ontology_term_id': 'UBERON:0002883', 'tissue_type': 'tissue'};{'label': 'claustrum of brain', 'ontology_term_id': 'UBERON:0002023', 'tissue_type': 'tissue'};{'label': 'corticomedial nuclear complex', 'ontology_term_id': 'UBERON:0006108', 'tissue_type': 'tissue'};{'label': 'dentate gyrus of hippocampal formation', 'ontology_term_id': 'UBERON:0001885', 'tissue_type': 'tissue'};{'label': 'epithalamus', 'ontology_term_id': 'UBERON:0001899', 'tissue_type': 'tissue'};{'label': 'globus pallidus', 'ontology_term_id': 'UBERON:0001875', 'tissue_type': 'tissue'};{'label': 'granular insular cortex', 'ontology_term_id': 'UBERON:0034892', 'tissue_type': 'tissue'};{'label': 'hippocampal field', 'ontology_term_id': 'UBERON:0003876', 'tissue_type': 'tissue'};{'label': 'hypothalamus', 'ontology_term_id': 'UBERON:0001898', 'tissue_type': 'tissue'};{'label': 'inferior frontal gyrus', 'ontology_term_id': 'UBERON:0002998', 'tissue_type': 'tissue'};{'label': 'lateral amygdaloid nucleus', 'ontology_term_id': 'UBERON:0002886', 'tissue_type': 'tissue'};{'label': 'lateral entorhinal cortex', 'ontology_term_id': 'UBERON:0007225', 'tissue_type': 'tissue'};{'label': 'lateral geniculate body', 'ontology_term_id': 'UBERON:0001926', 'tissue_type': 'tissue'};{'label': 'lateral nuclear group of thalamus', 'ontology_term_id': 'UBERON:0002736', 'tissue_type': 'tissue'};{'label': 'lateral posterior nucleus of thalamus', 'ontology_term_id': 'UBERON:0002983', 'tissue_type': 'tissue'};{'label': 'medial dorsal nucleus of thalamus', 'ontology_term_id': 'UBERON:0002739', 'tissue_type': 'tissue'};{'label': 'medial entorhinal cortex', 'ontology_term_id': 'UBERON:0007224', 'tissue_type': 'tissue'};{'label': 'nucleus accumbens', 'ontology_term_id': 'UBERON:0001882', 'tissue_type': 'tissue'};{'label': 'perirhinal cortex', 'ontology_term_id': 'UBERON:0006083', 'tissue_type': 'tissue'};{'label': 'piriform cortex', 'ontology_term_id': 'UBERON:0004725', 'tissue_type': 'tissue'};{'label': 'preoptic area', 'ontology_term_id': 'UBERON:0001928', 'tissue_type': 'tissue'};{'label': 'primary auditory cortex', 'ontology_term_id': 'UBERON:0034751', 'tissue_type': 'tissue'};{'label': 'primary motor cortex', 'ontology_term_id': 'UBERON:0001384', 'tissue_type': 'tissue'};{'label': 'putamen', 'ontology_term_id': 'UBERON:0001874', 'tissue_type': 'tissue'};{'label': 'septal nuclear complex', 'ontology_term_id': 'UBERON:0002663', 'tissue_type': 'tissue'};{'label': 'substantia innominata', 'ontology_term_id': 'UBERON:0003017', 'tissue_type': 'tissue'};{'label': 'substantia nigra', 'ontology_term_id': 'UBERON:0002038', 'tissue_type': 'tissue'};{'label': 'superior parietal cortex', 'ontology_term_id': 'UBERON:0006094', 'tissue_type': 'tissue'};{'label': 'superior temporal gyrus', 'ontology_term_id': 'UBERON:0002769', 'tissue_type': 'tissue'};{'label': 'supraoptic nucleus', 'ontology_term_id': 'UBERON:0001929', 'tissue_type': 'tissue'};{'label': 'uncal CA1', 'ontology_term_id': 'UBERON:0034774', 'tissue_type': 'tissue'};{'label': 'ventral anterior nucleus of thalamus', 'ontology_term_id': 'UBERON:0002637', 'tissue_type': 'tissue'}	None	Human Brain Cell Atlas v1.0	10.1126/science.add7046	e6b2ce27-681b-4409-a053-2681875936e5	283d65eb-dd53-496d-adb7-7570c7caa443	10x 3' v3	normal	None
choroid_plexus	None	{'label': 'Brodmann (1909) area 13', 'ontology_term_id': 'UBERON:0013544', 'tissue_type': 'tissue'};{'label': 'Brodmann (1909) area 14', 'ontology_term_id': 'UBERON:0013545', 'tissue_type': 'tissue'};{'label': 'Brodmann (1909) area 19', 'ontology_term_id': 'UBERON:0013550', 'tissue_type': 'tissue'};{'label': 'Brodmann (1909) area 23', 'ontology_term_id': 'UBERON:0013554', 'tissue_type': 'tissue'};{'label': 'Brodmann (1909) area 24', 'ontology_term_id': 'UBERON:0006101', 'tissue_type': 'tissue'};{'label': 'Brodmann (1909) area 25', 'ontology_term_id': 'UBERON:0013556', 'tissue_type': 'tissue'};{'label': 'Brodmann (1909) area 32', 'ontology_term_id': 'UBERON:0013560', 'tissue_type': 'tissue'};{'label': 'Brodmann (1909) area 38', 'ontology_term_id': 'UBERON:0006479', 'tissue_type': 'tissue'};{'label': 'Brodmann (1909) area 40', 'ontology_term_id': 'UBERON:0013573', 'tissue_type': 'tissue'};{'label': 'Brodmann (1909) area 43', 'ontology_term_id': 'UBERON:0013561', 'tissue_type': 'tissue'};{'label': 'Brodmann (1909) area 46', 'ontology_term_id': 'UBERON:0006483', 'tissue_type': 'tissue'};{'label': 'accessory basal amygdaloid nucleus', 'ontology_term_id': 'UBERON:0002885', 'tissue_type': 'tissue'};{'label': 'agranular insular cortex', 'ontology_term_id': 'UBERON:0034893', 'tissue_type': 'tissue'};{'label': 'anterior cortical amygdaloid nucleus', 'ontology_term_id': 'UBERON:0034991', 'tissue_type': 'tissue'};{'label': 'anterior nuclear group', 'ontology_term_id': 'UBERON:0002788', 'tissue_type': 'tissue'};{'label': 'anterior olfactory nucleus', 'ontology_term_id': 'UBERON:0002266', 'tissue_type': 'tissue'};{'label': 'basolateral amygdaloid nuclear complex', 'ontology_term_id': 'UBERON:0006107', 'tissue_type': 'tissue'};{'label': 'bed nucleus of stria terminalis', 'ontology_term_id': 'UBERON:0001880', 'tissue_type': 'tissue'};{'label': 'body of caudate nucleus', 'ontology_term_id': 'UBERON:0002630', 'tissue_type': 'tissue'};{'label': 'central amygdaloid nucleus', 'ontology_term_id': 'UBERON:0002883', 'tissue_type': 'tissue'};{'label': 'centromedian nucleus of thalamus', 'ontology_term_id': 'UBERON:0002972', 'tissue_type': 'tissue'};{'label': 'cerebellar nuclear complex', 'ontology_term_id': 'UBERON:0002130', 'tissue_type': 'tissue'};{'label': 'claustrum of brain', 'ontology_term_id': 'UBERON:0002023', 'tissue_type': 'tissue'};{'label': 'corticomedial nuclear complex', 'ontology_term_id': 'UBERON:0006108', 'tissue_type': 'tissue'};{'label': 'cuneus cortex', 'ontology_term_id': 'UBERON:0006092', 'tissue_type': 'tissue'};{'label': 'dentate gyrus of hippocampal formation', 'ontology_term_id': 'UBERON:0001885', 'tissue_type': 'tissue'};{'label': 'epithalamus', 'ontology_term_id': 'UBERON:0001899', 'tissue_type': 'tissue'};{'label': 'extrastriate cortex', 'ontology_term_id': 'UBERON:0014370', 'tissue_type': 'tissue'};{'label': 'globus pallidus', 'ontology_term_id': 'UBERON:0001875', 'tissue_type': 'tissue'};{'label': 'granular insular cortex', 'ontology_term_id': 'UBERON:0034892', 'tissue_type': 'tissue'};{'label': 'gray matter of midbrain', 'ontology_term_id': 'UBERON:0019267', 'tissue_type': 'tissue'};{'label': 'hippocampal field', 'ontology_term_id': 'UBERON:0003876', 'tissue_type': 'tissue'};{'label': 'hypothalamus', 'ontology_term_id': 'UBERON:0001898', 'tissue_type': 'tissue'};{'label': 'inferior frontal gyrus', 'ontology_term_id': 'UBERON:0002998', 'tissue_type': 'tissue'};{'label': 'inferior olivary complex', 'ontology_term_id': 'UBERON:0002127', 'tissue_type': 'tissue'};{'label': 'inferior temporal gyrus', 'ontology_term_id': 'UBERON:0002751', 'tissue_type': 'tissue'};{'label': 'intralaminar nuclear group', 'ontology_term_id': 'UBERON:0002733', 'tissue_type': 'tissue'};{'label': 'lateral amygdaloid nucleus', 'ontology_term_id': 'UBERON:0002886', 'tissue_type': 'tissue'};{'label': 'lateral entorhinal cortex', 'ontology_term_id': 'UBERON:0007225', 'tissue_type': 'tissue'};{'label': 'lateral geniculate body', 'ontology_term_id': 'UBERON:0001926', 'tissue_type': 'tissue'};{'label': 'lateral nuclear group of thalamus', 'ontology_term_id': 'UBERON:0002736', 'tissue_type': 'tissue'};{'label': 'lateral posterior nucleus of thalamus', 'ontology_term_id': 'UBERON:0002983', 'tissue_type': 'tissue'};{'label': 'mammillary body', 'ontology_term_id': 'UBERON:0002206', 'tissue_type': 'tissue'};{'label': 'medial dorsal nucleus of thalamus', 'ontology_term_id': 'UBERON:0002739', 'tissue_type': 'tissue'};{'label': 'medial entorhinal cortex', 'ontology_term_id': 'UBERON:0007224', 'tissue_type': 'tissue'};{'label': 'medial geniculate body', 'ontology_term_id': 'UBERON:0001927', 'tissue_type': 'tissue'};{'label': 'medial zone of hypothalamus', 'ontology_term_id': 'UBERON:0002272', 'tissue_type': 'tissue'};{'label': 'median tuberal portion', 'ontology_term_id': 'UBERON:2000392', 'tissue_type': 'tissue'};{'label': 'midbrain tectum', 'ontology_term_id': 'UBERON:0002314', 'tissue_type': 'tissue'};{'label': 'middle temporal gyrus', 'ontology_term_id': 'UBERON:0002771', 'tissue_type': 'tissue'};{'label': 'nucleus accumbens', 'ontology_term_id': 'UBERON:0001882', 'tissue_type': 'tissue'};{'label': 'nucleus of dorsal thalamus', 'ontology_term_id': 'UBERON:0015233', 'tissue_type': 'tissue'};{'label': 'nucleus of medulla oblongata', 'ontology_term_id': 'UBERON:0007635', 'tissue_type': 'tissue'};{'label': 'parabrachial nucleus', 'ontology_term_id': 'UBERON:0007634', 'tissue_type': 'tissue'};{'label': 'perirhinal cortex', 'ontology_term_id': 'UBERON:0006083', 'tissue_type': 'tissue'};{'label': 'piriform cortex', 'ontology_term_id': 'UBERON:0004725', 'tissue_type': 'tissue'};{'label': 'pontine nuclear group', 'ontology_term_id': 'UBERON:0002151', 'tissue_type': 'tissue'};{'label': 'posterior parahippocampal gyrus', 'ontology_term_id': 'UBERON:0002657', 'tissue_type': 'tissue'};{'label': 'preoptic area', 'ontology_term_id': 'UBERON:0001928', 'tissue_type': 'tissue'};{'label': 'pretectal region', 'ontology_term_id': 'UBERON:0001944', 'tissue_type': 'tissue'};{'label': 'primary auditory cortex', 'ontology_term_id': 'UBERON:0034751', 'tissue_type': 'tissue'};{'label': 'primary motor cortex', 'ontology_term_id': 'UBERON:0001384', 'tissue_type': 'tissue'};{'label': 'primary somatosensory cortex', 'ontology_term_id': 'UBERON:0008933', 'tissue_type': 'tissue'};{'label': 'primary visual cortex', 'ontology_term_id': 'UBERON:0002436', 'tissue_type': 'tissue'};{'label': 'pulvinar nucleus', 'ontology_term_id': 'UBERON:0002981', 'tissue_type': 'tissue'};{'label': 'putamen', 'ontology_term_id': 'UBERON:0001874', 'tissue_type': 'tissue'};{'label': 'red nucleus', 'ontology_term_id': 'UBERON:0001947', 'tissue_type': 'tissue'};{'label': 'retrosplenial region', 'ontology_term_id': 'UBERON:0013531', 'tissue_type': 'tissue'};{'label': 'rostral CA3', 'ontology_term_id': 'UBERON:0034779', 'tissue_type': 'tissue'};{'label': 'septal nuclear complex', 'ontology_term_id': 'UBERON:0002663', 'tissue_type': 'tissue'};{'label': 'subicular complex', 'ontology_term_id': 'UBERON:0023787', 'tissue_type': 'tissue'};{'label': 'substantia innominata', 'ontology_term_id': 'UBERON:0003017', 'tissue_type': 'tissue'};{'label': 'substantia nigra', 'ontology_term_id': 'UBERON:0002038', 'tissue_type': 'tissue'};{'label': 'subthalamic nucleus', 'ontology_term_id': 'UBERON:0001906', 'tissue_type': 'tissue'};{'label': 'superior parietal cortex', 'ontology_term_id': 'UBERON:0006094', 'tissue_type': 'tissue'};{'label': 'superior temporal gyrus', 'ontology_term_id': 'UBERON:0002769', 'tissue_type': 'tissue'};{'label': 'supraoptic nucleus', 'ontology_term_id': 'UBERON:0001929', 'tissue_type': 'tissue'};{'label': 'temporal fusiform gyrus', 'ontology_term_id': 'UBERON:0022395', 'tissue_type': 'tissue'};{'label': 'uncal CA1', 'ontology_term_id': 'UBERON:0034774', 'tissue_type': 'tissue'};{'label': 'ventral anterior nucleus of thalamus', 'ontology_term_id': 'UBERON:0002637', 'tissue_type': 'tissue'}	None	Human Brain Cell Atlas v1.0	10.1126/science.add7046	e4710a02-8abc-48d5-a3e8-9ae7e9d79bdb	283d65eb-dd53-496d-adb7-7570c7caa443	10x 3' v3	normal	None
choroid_plexus	None	{'label': 'anterior nuclear group', 'ontology_term_id': 'UBERON:0002788', 'tissue_type': 'tissue'};{'label': 'cerebellar nuclear complex', 'ontology_term_id': 'UBERON:0002130', 'tissue_type': 'tissue'};{'label': 'dentate gyrus of hippocampal formation', 'ontology_term_id': 'UBERON:0001885', 'tissue_type': 'tissue'};{'label': 'hippocampal field', 'ontology_term_id': 'UBERON:0003876', 'tissue_type': 'tissue'};{'label': 'hypothalamus', 'ontology_term_id': 'UBERON:0001898', 'tissue_type': 'tissue'};{'label': 'intralaminar nuclear group', 'ontology_term_id': 'UBERON:0002733', 'tissue_type': 'tissue'};{'label': 'lateral geniculate body', 'ontology_term_id': 'UBERON:0001926', 'tissue_type': 'tissue'};{'label': 'mammillary body', 'ontology_term_id': 'UBERON:0002206', 'tissue_type': 'tissue'};{'label': 'midbrain nucleus', 'ontology_term_id': 'UBERON:0009661', 'tissue_type': 'tissue'};{'label': 'midbrain tectum', 'ontology_term_id': 'UBERON:0002314', 'tissue_type': 'tissue'};{'label': 'nucleus of dorsal thalamus', 'ontology_term_id': 'UBERON:0015233', 'tissue_type': 'tissue'};{'label': 'nucleus of medulla oblongata', 'ontology_term_id': 'UBERON:0007635', 'tissue_type': 'tissue'};{'label': 'pontine reticular formation', 'ontology_term_id': 'UBERON:0002573', 'tissue_type': 'tissue'};{'label': 'pontine tegmentum', 'ontology_term_id': 'UBERON:0003023', 'tissue_type': 'tissue'};{'label': 'primary motor cortex', 'ontology_term_id': 'UBERON:0001384', 'tissue_type': 'tissue'};{'label': 'pulvinar nucleus', 'ontology_term_id': 'UBERON:0002981', 'tissue_type': 'tissue'};{'label': 'septal nuclear complex', 'ontology_term_id': 'UBERON:0002663', 'tissue_type': 'tissue'};{'label': 'spinal cord', 'ontology_term_id': 'UBERON:0002240', 'tissue_type': 'tissue'};{'label': 'superior parietal cortex', 'ontology_term_id': 'UBERON:0006094', 'tissue_type': 'tissue'};{'label': 'superior temporal gyrus', 'ontology_term_id': 'UBERON:0002769', 'tissue_type': 'tissue'}	None	Human Brain Cell Atlas v1.0	10.1126/science.add7046	cfa755c1-48c5-4336-94f4-aa95eca4fbd5	283d65eb-dd53-496d-adb7-7570c7caa443	10x 3' v3	normal	None
choroid_plexus	None	{'label': 'Brodmann (1909) area 13', 'ontology_term_id': 'UBERON:0013544', 'tissue_type': 'tissue'};{'label': 'Brodmann (1909) area 14', 'ontology_term_id': 'UBERON:0013545', 'tissue_type': 'tissue'};{'label': 'Brodmann (1909) area 19', 'ontology_term_id': 'UBERON:0013550', 'tissue_type': 'tissue'};{'label': 'Brodmann (1909) area 23', 'ontology_term_id': 'UBERON:0013554', 'tissue_type': 'tissue'};{'label': 'Brodmann (1909) area 24', 'ontology_term_id': 'UBERON:0006101', 'tissue_type': 'tissue'};{'label': 'Brodmann (1909) area 25', 'ontology_term_id': 'UBERON:0013556', 'tissue_type': 'tissue'};{'label': 'Brodmann (1909) area 32', 'ontology_term_id': 'UBERON:0013560', 'tissue_type': 'tissue'};{'label': 'Brodmann (1909) area 38', 'ontology_term_id': 'UBERON:0006479', 'tissue_type': 'tissue'};{'label': 'Brodmann (1909) area 40', 'ontology_term_id': 'UBERON:0013573', 'tissue_type': 'tissue'};{'label': 'Brodmann (1909) area 43', 'ontology_term_id': 'UBERON:0013561', 'tissue_type': 'tissue'};{'label': 'Brodmann (1909) area 46', 'ontology_term_id': 'UBERON:0006483', 'tissue_type': 'tissue'};{'label': 'accessory basal amygdaloid nucleus', 'ontology_term_id': 'UBERON:0002885', 'tissue_type': 'tissue'};{'label': 'agranular insular cortex', 'ontology_term_id': 'UBERON:0034893', 'tissue_type': 'tissue'};{'label': 'anterior cortical amygdaloid nucleus', 'ontology_term_id': 'UBERON:0034991', 'tissue_type': 'tissue'};{'label': 'anterior olfactory nucleus', 'ontology_term_id': 'UBERON:0002266', 'tissue_type': 'tissue'};{'label': 'basolateral amygdaloid nuclear complex', 'ontology_term_id': 'UBERON:0006107', 'tissue_type': 'tissue'};{'label': 'bed nucleus of stria terminalis', 'ontology_term_id': 'UBERON:0001880', 'tissue_type': 'tissue'};{'label': 'central amygdaloid nucleus', 'ontology_term_id': 'UBERON:0002883', 'tissue_type': 'tissue'};{'label': 'claustrum of brain', 'ontology_term_id': 'UBERON:0002023', 'tissue_type': 'tissue'};{'label': 'corticomedial nuclear complex', 'ontology_term_id': 'UBERON:0006108', 'tissue_type': 'tissue'};{'label': 'cuneus cortex', 'ontology_term_id': 'UBERON:0006092', 'tissue_type': 'tissue'};{'label': 'dentate gyrus of hippocampal formation', 'ontology_term_id': 'UBERON:0001885', 'tissue_type': 'tissue'};{'label': 'epithalamus', 'ontology_term_id': 'UBERON:0001899', 'tissue_type': 'tissue'};{'label': 'extrastriate cortex', 'ontology_term_id': 'UBERON:0014370', 'tissue_type': 'tissue'};{'label': 'globus pallidus', 'ontology_term_id': 'UBERON:0001875', 'tissue_type': 'tissue'};{'label': 'granular insular cortex', 'ontology_term_id': 'UBERON:0034892', 'tissue_type': 'tissue'};{'label': 'gray matter of midbrain', 'ontology_term_id': 'UBERON:0019267', 'tissue_type': 'tissue'};{'label': 'hippocampal field', 'ontology_term_id': 'UBERON:0003876', 'tissue_type': 'tissue'};{'label': 'inferior frontal gyrus', 'ontology_term_id': 'UBERON:0002998', 'tissue_type': 'tissue'};{'label': 'inferior temporal gyrus', 'ontology_term_id': 'UBERON:0002751', 'tissue_type': 'tissue'};{'label': 'intralaminar nuclear group', 'ontology_term_id': 'UBERON:0002733', 'tissue_type': 'tissue'};{'label': 'lateral amygdaloid nucleus', 'ontology_term_id': 'UBERON:0002886', 'tissue_type': 'tissue'};{'label': 'lateral entorhinal cortex', 'ontology_term_id': 'UBERON:0007225', 'tissue_type': 'tissue'};{'label': 'lateral geniculate body', 'ontology_term_id': 'UBERON:0001926', 'tissue_type': 'tissue'};{'label': 'lateral posterior nucleus of thalamus', 'ontology_term_id': 'UBERON:0002983', 'tissue_type': 'tissue'};{'label': 'mammillary body', 'ontology_term_id': 'UBERON:0002206', 'tissue_type': 'tissue'};{'label': 'medial entorhinal cortex', 'ontology_term_id': 'UBERON:0007224', 'tissue_type': 'tissue'};{'label': 'medial zone of hypothalamus', 'ontology_term_id': 'UBERON:0002272', 'tissue_type': 'tissue'};{'label': 'midbrain tectum', 'ontology_term_id': 'UBERON:0002314', 'tissue_type': 'tissue'};{'label': 'middle temporal gyrus', 'ontology_term_id': 'UBERON:0002771', 'tissue_type': 'tissue'};{'label': 'nucleus accumbens', 'ontology_term_id': 'UBERON:0001882', 'tissue_type': 'tissue'};{'label': 'perirhinal cortex', 'ontology_term_id': 'UBERON:0006083', 'tissue_type': 'tissue'};{'label': 'piriform cortex', 'ontology_term_id': 'UBERON:0004725', 'tissue_type': 'tissue'};{'label': 'posterior parahippocampal gyrus', 'ontology_term_id': 'UBERON:0002657', 'tissue_type': 'tissue'};{'label': 'preoptic area', 'ontology_term_id': 'UBERON:0001928', 'tissue_type': 'tissue'};{'label': 'pretectal region', 'ontology_term_id': 'UBERON:0001944', 'tissue_type': 'tissue'};{'label': 'primary auditory cortex', 'ontology_term_id': 'UBERON:0034751', 'tissue_type': 'tissue'};{'label': 'primary motor cortex', 'ontology_term_id': 'UBERON:0001384', 'tissue_type': 'tissue'};{'label': 'primary somatosensory cortex', 'ontology_term_id': 'UBERON:0008933', 'tissue_type': 'tissue'};{'label': 'primary visual cortex', 'ontology_term_id': 'UBERON:0002436', 'tissue_type': 'tissue'};{'label': 'putamen', 'ontology_term_id': 'UBERON:0001874', 'tissue_type': 'tissue'};{'label': 'red nucleus', 'ontology_term_id': 'UBERON:0001947', 'tissue_type': 'tissue'};{'label': 'retrosplenial region', 'ontology_term_id': 'UBERON:0013531', 'tissue_type': 'tissue'};{'label': 'septal nuclear complex', 'ontology_term_id': 'UBERON:0002663', 'tissue_type': 'tissue'};{'label': 'subicular complex', 'ontology_term_id': 'UBERON:0023787', 'tissue_type': 'tissue'};{'label': 'substantia innominata', 'ontology_term_id': 'UBERON:0003017', 'tissue_type': 'tissue'};{'label': 'substantia nigra', 'ontology_term_id': 'UBERON:0002038', 'tissue_type': 'tissue'};{'label': 'subthalamic nucleus', 'ontology_term_id': 'UBERON:0001906', 'tissue_type': 'tissue'};{'label': 'superior parietal cortex', 'ontology_term_id': 'UBERON:0006094', 'tissue_type': 'tissue'};{'label': 'superior temporal gyrus', 'ontology_term_id': 'UBERON:0002769', 'tissue_type': 'tissue'};{'label': 'supraoptic nucleus', 'ontology_term_id': 'UBERON:0001929', 'tissue_type': 'tissue'};{'label': 'temporal fusiform gyrus', 'ontology_term_id': 'UBERON:0022395', 'tissue_type': 'tissue'};{'label': 'uncal CA1', 'ontology_term_id': 'UBERON:0034774', 'tissue_type': 'tissue'};{'label': 'ventral anterior nucleus of thalamus', 'ontology_term_id': 'UBERON:0002637', 'tissue_type': 'tissue'}	None	Human Brain Cell Atlas v1.0	10.1126/science.add7046	caf8670f-e647-4f0c-bfba-163aa84ce602	283d65eb-dd53-496d-adb7-7570c7caa443	10x 3' v3	normal	None
choroid_plexus	None	{'label': 'gray matter of midbrain', 'ontology_term_id': 'UBERON:0019267', 'tissue_type': 'tissue'}	None	Human Brain Cell Atlas v1.0	10.1126/science.add7046	c5cfa2b7-abb1-4a50-908f-707b54ca606b	283d65eb-dd53-496d-adb7-7570c7caa443	10x 3' v3	normal	None
choroid_plexus	None	{'label': 'Brodmann (1909) area 13', 'ontology_term_id': 'UBERON:0013544', 'tissue_type': 'tissue'};{'label': 'Brodmann (1909) area 24', 'ontology_term_id': 'UBERON:0006101', 'tissue_type': 'tissue'};{'label': 'Brodmann (1909) area 25', 'ontology_term_id': 'UBERON:0013556', 'tissue_type': 'tissue'};{'label': 'Brodmann (1909) area 38', 'ontology_term_id': 'UBERON:0006479', 'tissue_type': 'tissue'};{'label': 'accessory basal amygdaloid nucleus', 'ontology_term_id': 'UBERON:0002885', 'tissue_type': 'tissue'};{'label': 'agranular insular cortex', 'ontology_term_id': 'UBERON:0034893', 'tissue_type': 'tissue'};{'label': 'anterior cortical amygdaloid nucleus', 'ontology_term_id': 'UBERON:0034991', 'tissue_type': 'tissue'};{'label': 'anterior nuclear group', 'ontology_term_id': 'UBERON:0002788', 'tissue_type': 'tissue'};{'label': 'anterior olfactory nucleus', 'ontology_term_id': 'UBERON:0002266', 'tissue_type': 'tissue'};{'label': 'basolateral amygdaloid nuclear complex', 'ontology_term_id': 'UBERON:0006107', 'tissue_type': 'tissue'};{'label': 'bed nucleus of stria terminalis', 'ontology_term_id': 'UBERON:0001880', 'tissue_type': 'tissue'};{'label': 'body of caudate nucleus', 'ontology_term_id': 'UBERON:0002630', 'tissue_type': 'tissue'};{'label': 'central amygdaloid nucleus', 'ontology_term_id': 'UBERON:0002883', 'tissue_type': 'tissue'};{'label': 'cerebellar nuclear complex', 'ontology_term_id': 'UBERON:0002130', 'tissue_type': 'tissue'};{'label': 'claustrum of brain', 'ontology_term_id': 'UBERON:0002023', 'tissue_type': 'tissue'};{'label': 'corticomedial nuclear complex', 'ontology_term_id': 'UBERON:0006108', 'tissue_type': 'tissue'};{'label': 'dentate gyrus of hippocampal formation', 'ontology_term_id': 'UBERON:0001885', 'tissue_type': 'tissue'};{'label': 'globus pallidus', 'ontology_term_id': 'UBERON:0001875', 'tissue_type': 'tissue'};{'label': 'granular insular cortex', 'ontology_term_id': 'UBERON:0034892', 'tissue_type': 'tissue'};{'label': 'gray matter of midbrain', 'ontology_term_id': 'UBERON:0019267', 'tissue_type': 'tissue'};{'label': 'hippocampal field', 'ontology_term_id': 'UBERON:0003876', 'tissue_type': 'tissue'};{'label': 'hypothalamus', 'ontology_term_id': 'UBERON:0001898', 'tissue_type': 'tissue'};{'label': 'lateral amygdaloid nucleus', 'ontology_term_id': 'UBERON:0002886', 'tissue_type': 'tissue'};{'label': 'lateral geniculate body', 'ontology_term_id': 'UBERON:0001926', 'tissue_type': 'tissue'};{'label': 'lateral nuclear group of thalamus', 'ontology_term_id': 'UBERON:0002736', 'tissue_type': 'tissue'};{'label': 'lateral posterior nucleus of thalamus', 'ontology_term_id': 'UBERON:0002983', 'tissue_type': 'tissue'};{'label': 'mammillary body', 'ontology_term_id': 'UBERON:0002206', 'tissue_type': 'tissue'};{'label': 'medial entorhinal cortex', 'ontology_term_id': 'UBERON:0007224', 'tissue_type': 'tissue'};{'label': 'middle temporal gyrus', 'ontology_term_id': 'UBERON:0002771', 'tissue_type': 'tissue'};{'label': 'nucleus accumbens', 'ontology_term_id': 'UBERON:0001882', 'tissue_type': 'tissue'};{'label': 'perirhinal cortex', 'ontology_term_id': 'UBERON:0006083', 'tissue_type': 'tissue'};{'label': 'piriform cortex', 'ontology_term_id': 'UBERON:0004725', 'tissue_type': 'tissue'};{'label': 'preoptic area', 'ontology_term_id': 'UBERON:0001928', 'tissue_type': 'tissue'};{'label': 'pretectal region', 'ontology_term_id': 'UBERON:0001944', 'tissue_type': 'tissue'};{'label': 'primary auditory cortex', 'ontology_term_id': 'UBERON:0034751', 'tissue_type': 'tissue'};{'label': 'primary motor cortex', 'ontology_term_id': 'UBERON:0001384', 'tissue_type': 'tissue'};{'label': 'pulvinar nucleus', 'ontology_term_id': 'UBERON:0002981', 'tissue_type': 'tissue'};{'label': 'putamen', 'ontology_term_id': 'UBERON:0001874', 'tissue_type': 'tissue'};{'label': 'septal nuclear complex', 'ontology_term_id': 'UBERON:0002663', 'tissue_type': 'tissue'};{'label': 'substantia innominata', 'ontology_term_id': 'UBERON:0003017', 'tissue_type': 'tissue'};{'label': 'substantia nigra', 'ontology_term_id': 'UBERON:0002038', 'tissue_type': 'tissue'};{'label': 'superior temporal gyrus', 'ontology_term_id': 'UBERON:0002769', 'tissue_type': 'tissue'};{'label': 'supraoptic nucleus', 'ontology_term_id': 'UBERON:0001929', 'tissue_type': 'tissue'};{'label': 'uncal CA1', 'ontology_term_id': 'UBERON:0034774', 'tissue_type': 'tissue'};{'label': 'ventral anterior nucleus of thalamus', 'ontology_term_id': 'UBERON:0002637', 'tissue_type': 'tissue'}	None	Human Brain Cell Atlas v1.0	10.1126/science.add7046	c4b03352-af8d-492a-8d6b-40f304e0a122	283d65eb-dd53-496d-adb7-7570c7caa443	10x 3' v3	normal	None
choroid_plexus	None	{'label': 'Brodmann (1909) area 24', 'ontology_term_id': 'UBERON:0006101', 'tissue_type': 'tissue'};{'label': 'Brodmann (1909) area 25', 'ontology_term_id': 'UBERON:0013556', 'tissue_type': 'tissue'};{'label': 'Brodmann (1909) area 35', 'ontology_term_id': 'UBERON:0006102', 'tissue_type': 'tissue'};{'label': 'Brodmann (1909) area 38', 'ontology_term_id': 'UBERON:0006479', 'tissue_type': 'tissue'};{'label': 'Brodmann (1909) area 40', 'ontology_term_id': 'UBERON:0013573', 'tissue_type': 'tissue'};{'label': 'Brodmann (1909) area 43', 'ontology_term_id': 'UBERON:0013561', 'tissue_type': 'tissue'};{'label': 'accessory basal amygdaloid nucleus', 'ontology_term_id': 'UBERON:0002885', 'tissue_type': 'tissue'};{'label': 'agranular insular cortex', 'ontology_term_id': 'UBERON:0034893', 'tissue_type': 'tissue'};{'label': 'anterior cortical amygdaloid nucleus', 'ontology_term_id': 'UBERON:0034991', 'tissue_type': 'tissue'};{'label': 'anterior nuclear group', 'ontology_term_id': 'UBERON:0002788', 'tissue_type': 'tissue'};{'label': 'anterior olfactory nucleus', 'ontology_term_id': 'UBERON:0002266', 'tissue_type': 'tissue'};{'label': 'basolateral amygdaloid nuclear complex', 'ontology_term_id': 'UBERON:0006107', 'tissue_type': 'tissue'};{'label': 'bed nucleus of stria terminalis', 'ontology_term_id': 'UBERON:0001880', 'tissue_type': 'tissue'};{'label': 'central amygdaloid nucleus', 'ontology_term_id': 'UBERON:0002883', 'tissue_type': 'tissue'};{'label': 'claustrum of brain', 'ontology_term_id': 'UBERON:0002023', 'tissue_type': 'tissue'};{'label': 'corticomedial nuclear complex', 'ontology_term_id': 'UBERON:0006108', 'tissue_type': 'tissue'};{'label': 'dentate gyrus of hippocampal formation', 'ontology_term_id': 'UBERON:0001885', 'tissue_type': 'tissue'};{'label': 'globus pallidus', 'ontology_term_id': 'UBERON:0001875', 'tissue_type': 'tissue'};{'label': 'gray matter of midbrain', 'ontology_term_id': 'UBERON:0019267', 'tissue_type': 'tissue'};{'label': 'hippocampal field', 'ontology_term_id': 'UBERON:0003876', 'tissue_type': 'tissue'};{'label': 'hypothalamus', 'ontology_term_id': 'UBERON:0001898', 'tissue_type': 'tissue'};{'label': 'lateral amygdaloid nucleus', 'ontology_term_id': 'UBERON:0002886', 'tissue_type': 'tissue'};{'label': 'lateral entorhinal cortex', 'ontology_term_id': 'UBERON:0007225', 'tissue_type': 'tissue'};{'label': 'lateral nuclear group of thalamus', 'ontology_term_id': 'UBERON:0002736', 'tissue_type': 'tissue'};{'label': 'mammillary body', 'ontology_term_id': 'UBERON:0002206', 'tissue_type': 'tissue'};{'label': 'medial dorsal nucleus of thalamus', 'ontology_term_id': 'UBERON:0002739', 'tissue_type': 'tissue'};{'label': 'medial entorhinal cortex', 'ontology_term_id': 'UBERON:0007224', 'tissue_type': 'tissue'};{'label': 'medial geniculate body', 'ontology_term_id': 'UBERON:0001927', 'tissue_type': 'tissue'};{'label': 'median tuberal portion', 'ontology_term_id': 'UBERON:2000392', 'tissue_type': 'tissue'};{'label': 'midbrain tectum', 'ontology_term_id': 'UBERON:0002314', 'tissue_type': 'tissue'};{'label': 'middle temporal gyrus', 'ontology_term_id': 'UBERON:0002771', 'tissue_type': 'tissue'};{'label': 'nucleus accumbens', 'ontology_term_id': 'UBERON:0001882', 'tissue_type': 'tissue'};{'label': 'parabrachial nucleus', 'ontology_term_id': 'UBERON:0007634', 'tissue_type': 'tissue'};{'label': 'perirhinal cortex', 'ontology_term_id': 'UBERON:0006083', 'tissue_type': 'tissue'};{'label': 'piriform cortex', 'ontology_term_id': 'UBERON:0004725', 'tissue_type': 'tissue'};{'label': 'pontine tegmentum', 'ontology_term_id': 'UBERON:0003023', 'tissue_type': 'tissue'};{'label': 'posterior parahippocampal gyrus', 'ontology_term_id': 'UBERON:0002657', 'tissue_type': 'tissue'};{'label': 'preoptic area', 'ontology_term_id': 'UBERON:0001928', 'tissue_type': 'tissue'};{'label': 'pretectal region', 'ontology_term_id': 'UBERON:0001944', 'tissue_type': 'tissue'};{'label': 'primary auditory cortex', 'ontology_term_id': 'UBERON:0034751', 'tissue_type': 'tissue'};{'label': 'primary motor cortex', 'ontology_term_id': 'UBERON:0001384', 'tissue_type': 'tissue'};{'label': 'primary somatosensory cortex', 'ontology_term_id': 'UBERON:0008933', 'tissue_type': 'tissue'};{'label': 'putamen', 'ontology_term_id': 'UBERON:0001874', 'tissue_type': 'tissue'};{'label': 'rostral CA3', 'ontology_term_id': 'UBERON:0034779', 'tissue_type': 'tissue'};{'label': 'septal nuclear complex', 'ontology_term_id': 'UBERON:0002663', 'tissue_type': 'tissue'};{'label': 'subicular complex', 'ontology_term_id': 'UBERON:0023787', 'tissue_type': 'tissue'};{'label': 'substantia innominata', 'ontology_term_id': 'UBERON:0003017', 'tissue_type': 'tissue'};{'label': 'substantia nigra', 'ontology_term_id': 'UBERON:0002038', 'tissue_type': 'tissue'};{'label': 'superior temporal gyrus', 'ontology_term_id': 'UBERON:0002769', 'tissue_type': 'tissue'};{'label': 'supraoptic nucleus', 'ontology_term_id': 'UBERON:0001929', 'tissue_type': 'tissue'};{'label': 'uncal CA1', 'ontology_term_id': 'UBERON:0034774', 'tissue_type': 'tissue'};{'label': 'ventral anterior nucleus of thalamus', 'ontology_term_id': 'UBERON:0002637', 'tissue_type': 'tissue'}	None	Human Brain Cell Atlas v1.0	10.1126/science.add7046	c202b243-1aa1-4b16-bc9a-b36241f3b1e3	283d65eb-dd53-496d-adb7-7570c7caa443	10x 3' v3	normal	None
choroid_plexus	None	{'label': 'Brodmann (1909) area 13', 'ontology_term_id': 'UBERON:0013544', 'tissue_type': 'tissue'};{'label': 'Brodmann (1909) area 14', 'ontology_term_id': 'UBERON:0013545', 'tissue_type': 'tissue'};{'label': 'Brodmann (1909) area 19', 'ontology_term_id': 'UBERON:0013550', 'tissue_type': 'tissue'};{'label': 'Brodmann (1909) area 23', 'ontology_term_id': 'UBERON:0013554', 'tissue_type': 'tissue'};{'label': 'Brodmann (1909) area 24', 'ontology_term_id': 'UBERON:0006101', 'tissue_type': 'tissue'};{'label': 'Brodmann (1909) area 25', 'ontology_term_id': 'UBERON:0013556', 'tissue_type': 'tissue'};{'label': 'Brodmann (1909) area 32', 'ontology_term_id': 'UBERON:0013560', 'tissue_type': 'tissue'};{'label': 'Brodmann (1909) area 38', 'ontology_term_id': 'UBERON:0006479', 'tissue_type': 'tissue'};{'label': 'Brodmann (1909) area 40', 'ontology_term_id': 'UBERON:0013573', 'tissue_type': 'tissue'};{'label': 'Brodmann (1909) area 43', 'ontology_term_id': 'UBERON:0013561', 'tissue_type': 'tissue'};{'label': 'Brodmann (1909) area 46', 'ontology_term_id': 'UBERON:0006483', 'tissue_type': 'tissue'};{'label': 'accessory basal amygdaloid nucleus', 'ontology_term_id': 'UBERON:0002885', 'tissue_type': 'tissue'};{'label': 'agranular insular cortex', 'ontology_term_id': 'UBERON:0034893', 'tissue_type': 'tissue'};{'label': 'anterior cortical amygdaloid nucleus', 'ontology_term_id': 'UBERON:0034991', 'tissue_type': 'tissue'};{'label': 'anterior nuclear group', 'ontology_term_id': 'UBERON:0002788', 'tissue_type': 'tissue'};{'label': 'anterior olfactory nucleus', 'ontology_term_id': 'UBERON:0002266', 'tissue_type': 'tissue'};{'label': 'basolateral amygdaloid nuclear complex', 'ontology_term_id': 'UBERON:0006107', 'tissue_type': 'tissue'};{'label': 'bed nucleus of stria terminalis', 'ontology_term_id': 'UBERON:0001880', 'tissue_type': 'tissue'};{'label': 'body of caudate nucleus', 'ontology_term_id': 'UBERON:0002630', 'tissue_type': 'tissue'};{'label': 'central amygdaloid nucleus', 'ontology_term_id': 'UBERON:0002883', 'tissue_type': 'tissue'};{'label': 'centromedian nucleus of thalamus', 'ontology_term_id': 'UBERON:0002972', 'tissue_type': 'tissue'};{'label': 'claustrum of brain', 'ontology_term_id': 'UBERON:0002023', 'tissue_type': 'tissue'};{'label': 'corticomedial nuclear complex', 'ontology_term_id': 'UBERON:0006108', 'tissue_type': 'tissue'};{'label': 'cuneus cortex', 'ontology_term_id': 'UBERON:0006092', 'tissue_type': 'tissue'};{'label': 'dentate gyrus of hippocampal formation', 'ontology_term_id': 'UBERON:0001885', 'tissue_type': 'tissue'};{'label': 'dorsal tegmental nucleus', 'ontology_term_id': 'UBERON:0002143', 'tissue_type': 'tissue'};{'label': 'epithalamus', 'ontology_term_id': 'UBERON:0001899', 'tissue_type': 'tissue'};{'label': 'extrastriate cortex', 'ontology_term_id': 'UBERON:0014370', 'tissue_type': 'tissue'};{'label': 'globus pallidus', 'ontology_term_id': 'UBERON:0001875', 'tissue_type': 'tissue'};{'label': 'granular insular cortex', 'ontology_term_id': 'UBERON:0034892', 'tissue_type': 'tissue'};{'label': 'gray matter of midbrain', 'ontology_term_id': 'UBERON:0019267', 'tissue_type': 'tissue'};{'label': 'hippocampal field', 'ontology_term_id': 'UBERON:0003876', 'tissue_type': 'tissue'};{'label': 'hypothalamus', 'ontology_term_id': 'UBERON:0001898', 'tissue_type': 'tissue'};{'label': 'inferior frontal gyrus', 'ontology_term_id': 'UBERON:0002998', 'tissue_type': 'tissue'};{'label': 'inferior olivary complex', 'ontology_term_id': 'UBERON:0002127', 'tissue_type': 'tissue'};{'label': 'inferior temporal gyrus', 'ontology_term_id': 'UBERON:0002751', 'tissue_type': 'tissue'};{'label': 'intralaminar nuclear group', 'ontology_term_id': 'UBERON:0002733', 'tissue_type': 'tissue'};{'label': 'lateral amygdaloid nucleus', 'ontology_term_id': 'UBERON:0002886', 'tissue_type': 'tissue'};{'label': 'lateral entorhinal cortex', 'ontology_term_id': 'UBERON:0007225', 'tissue_type': 'tissue'};{'label': 'lateral geniculate body', 'ontology_term_id': 'UBERON:0001926', 'tissue_type': 'tissue'};{'label': 'lateral nuclear group of thalamus', 'ontology_term_id': 'UBERON:0002736', 'tissue_type': 'tissue'};{'label': 'lateral posterior nucleus of thalamus', 'ontology_term_id': 'UBERON:0002983', 'tissue_type': 'tissue'};{'label': 'mammillary body', 'ontology_term_id': 'UBERON:0002206', 'tissue_type': 'tissue'};{'label': 'medial dorsal nucleus of thalamus', 'ontology_term_id': 'UBERON:0002739', 'tissue_type': 'tissue'};{'label': 'medial entorhinal cortex', 'ontology_term_id': 'UBERON:0007224', 'tissue_type': 'tissue'};{'label': 'medial geniculate body', 'ontology_term_id': 'UBERON:0001927', 'tissue_type': 'tissue'};{'label': 'medial zone of hypothalamus', 'ontology_term_id': 'UBERON:0002272', 'tissue_type': 'tissue'};{'label': 'median tuberal portion', 'ontology_term_id': 'UBERON:2000392', 'tissue_type': 'tissue'};{'label': 'midbrain nucleus', 'ontology_term_id': 'UBERON:0009661', 'tissue_type': 'tissue'};{'label': 'midbrain tectum', 'ontology_term_id': 'UBERON:0002314', 'tissue_type': 'tissue'};{'label': 'middle temporal gyrus', 'ontology_term_id': 'UBERON:0002771', 'tissue_type': 'tissue'};{'label': 'nucleus accumbens', 'ontology_term_id': 'UBERON:0001882', 'tissue_type': 'tissue'};{'label': 'nucleus of dorsal thalamus', 'ontology_term_id': 'UBERON:0015233', 'tissue_type': 'tissue'};{'label': 'nucleus of medulla oblongata', 'ontology_term_id': 'UBERON:0007635', 'tissue_type': 'tissue'};{'label': 'parabrachial nucleus', 'ontology_term_id': 'UBERON:0007634', 'tissue_type': 'tissue'};{'label': 'perirhinal cortex', 'ontology_term_id': 'UBERON:0006083', 'tissue_type': 'tissue'};{'label': 'piriform cortex', 'ontology_term_id': 'UBERON:0004725', 'tissue_type': 'tissue'};{'label': 'pontine nuclear group', 'ontology_term_id': 'UBERON:0002151', 'tissue_type': 'tissue'};{'label': 'pontine reticular formation', 'ontology_term_id': 'UBERON:0002573', 'tissue_type': 'tissue'};{'label': 'pontine tegmentum', 'ontology_term_id': 'UBERON:0003023', 'tissue_type': 'tissue'};{'label': 'posterior parahippocampal gyrus', 'ontology_term_id': 'UBERON:0002657', 'tissue_type': 'tissue'};{'label': 'preoptic area', 'ontology_term_id': 'UBERON:0001928', 'tissue_type': 'tissue'};{'label': 'pretectal region', 'ontology_term_id': 'UBERON:0001944', 'tissue_type': 'tissue'};{'label': 'primary auditory cortex', 'ontology_term_id': 'UBERON:0034751', 'tissue_type': 'tissue'};{'label': 'primary motor cortex', 'ontology_term_id': 'UBERON:0001384', 'tissue_type': 'tissue'};{'label': 'primary somatosensory cortex', 'ontology_term_id': 'UBERON:0008933', 'tissue_type': 'tissue'};{'label': 'primary visual cortex', 'ontology_term_id': 'UBERON:0002436', 'tissue_type': 'tissue'};{'label': 'pulvinar nucleus', 'ontology_term_id': 'UBERON:0002981', 'tissue_type': 'tissue'};{'label': 'putamen', 'ontology_term_id': 'UBERON:0001874', 'tissue_type': 'tissue'};{'label': 'red nucleus', 'ontology_term_id': 'UBERON:0001947', 'tissue_type': 'tissue'};{'label': 'retrosplenial region', 'ontology_term_id': 'UBERON:0013531', 'tissue_type': 'tissue'};{'label': 'rostral CA3', 'ontology_term_id': 'UBERON:0034779', 'tissue_type': 'tissue'};{'label': 'septal nuclear complex', 'ontology_term_id': 'UBERON:0002663', 'tissue_type': 'tissue'};{'label': 'spinal cord', 'ontology_term_id': 'UBERON:0002240', 'tissue_type': 'tissue'};{'label': 'subicular complex', 'ontology_term_id': 'UBERON:0023787', 'tissue_type': 'tissue'};{'label': 'substantia innominata', 'ontology_term_id': 'UBERON:0003017', 'tissue_type': 'tissue'};{'label': 'substantia nigra', 'ontology_term_id': 'UBERON:0002038', 'tissue_type': 'tissue'};{'label': 'subthalamic nucleus', 'ontology_term_id': 'UBERON:0001906', 'tissue_type': 'tissue'};{'label': 'superior parietal cortex', 'ontology_term_id': 'UBERON:0006094', 'tissue_type': 'tissue'};{'label': 'superior temporal gyrus', 'ontology_term_id': 'UBERON:0002769', 'tissue_type': 'tissue'};{'label': 'supraoptic nucleus', 'ontology_term_id': 'UBERON:0001929', 'tissue_type': 'tissue'};{'label': 'temporal fusiform gyrus', 'ontology_term_id': 'UBERON:0022395', 'tissue_type': 'tissue'};{'label': 'uncal CA1', 'ontology_term_id': 'UBERON:0034774', 'tissue_type': 'tissue'};{'label': 'ventral anterior nucleus of thalamus', 'ontology_term_id': 'UBERON:0002637', 'tissue_type': 'tissue'}	None	Human Brain Cell Atlas v1.0	10.1126/science.add7046	bdb26abd-f4ba-4ea3-8862-c2340e7a4f55	283d65eb-dd53-496d-adb7-7570c7caa443	10x 3' v3	normal	None
choroid_plexus	None	{'label': 'bed nucleus of stria terminalis', 'ontology_term_id': 'UBERON:0001880', 'tissue_type': 'tissue'};{'label': 'cerebellar nuclear complex', 'ontology_term_id': 'UBERON:0002130', 'tissue_type': 'tissue'};{'label': 'cerebellar vermis', 'ontology_term_id': 'UBERON:0004720', 'tissue_type': 'tissue'};{'label': 'cerebrocerebellum', 'ontology_term_id': 'UBERON:0014644', 'tissue_type': 'tissue'};{'label': 'dorsal tegmental nucleus', 'ontology_term_id': 'UBERON:0002143', 'tissue_type': 'tissue'};{'label': 'epithalamus', 'ontology_term_id': 'UBERON:0001899', 'tissue_type': 'tissue'};{'label': 'extrastriate cortex', 'ontology_term_id': 'UBERON:0014370', 'tissue_type': 'tissue'};{'label': 'globus pallidus', 'ontology_term_id': 'UBERON:0001875', 'tissue_type': 'tissue'};{'label': 'gray matter of midbrain', 'ontology_term_id': 'UBERON:0019267', 'tissue_type': 'tissue'};{'label': 'hypothalamus', 'ontology_term_id': 'UBERON:0001898', 'tissue_type': 'tissue'};{'label': 'inferior olivary complex', 'ontology_term_id': 'UBERON:0002127', 'tissue_type': 'tissue'};{'label': 'lateral geniculate body', 'ontology_term_id': 'UBERON:0001926', 'tissue_type': 'tissue'};{'label': 'mammillary body', 'ontology_term_id': 'UBERON:0002206', 'tissue_type': 'tissue'};{'label': 'medial dorsal nucleus of thalamus', 'ontology_term_id': 'UBERON:0002739', 'tissue_type': 'tissue'};{'label': 'medial zone of hypothalamus', 'ontology_term_id': 'UBERON:0002272', 'tissue_type': 'tissue'};{'label': 'midbrain nucleus', 'ontology_term_id': 'UBERON:0009661', 'tissue_type': 'tissue'};{'label': 'midbrain tectum', 'ontology_term_id': 'UBERON:0002314', 'tissue_type': 'tissue'};{'label': 'nucleus of medulla oblongata', 'ontology_term_id': 'UBERON:0007635', 'tissue_type': 'tissue'};{'label': 'parabrachial nucleus', 'ontology_term_id': 'UBERON:0007634', 'tissue_type': 'tissue'};{'label': 'pontine nuclear group', 'ontology_term_id': 'UBERON:0002151', 'tissue_type': 'tissue'};{'label': 'pontine reticular formation', 'ontology_term_id': 'UBERON:0002573', 'tissue_type': 'tissue'};{'label': 'pontine tegmentum', 'ontology_term_id': 'UBERON:0003023', 'tissue_type': 'tissue'};{'label': 'posterior parahippocampal gyrus', 'ontology_term_id': 'UBERON:0002657', 'tissue_type': 'tissue'};{'label': 'pretectal region', 'ontology_term_id': 'UBERON:0001944', 'tissue_type': 'tissue'};{'label': 'primary motor cortex', 'ontology_term_id': 'UBERON:0001384', 'tissue_type': 'tissue'};{'label': 'red nucleus', 'ontology_term_id': 'UBERON:0001947', 'tissue_type': 'tissue'};{'label': 'septal nuclear complex', 'ontology_term_id': 'UBERON:0002663', 'tissue_type': 'tissue'};{'label': 'spinal cord', 'ontology_term_id': 'UBERON:0002240', 'tissue_type': 'tissue'};{'label': 'substantia innominata', 'ontology_term_id': 'UBERON:0003017', 'tissue_type': 'tissue'};{'label': 'substantia nigra', 'ontology_term_id': 'UBERON:0002038', 'tissue_type': 'tissue'}	None	Human Brain Cell Atlas v1.0	10.1126/science.add7046	bd6b68e8-179a-42f0-9bde-b4fdf7d34dd1	283d65eb-dd53-496d-adb7-7570c7caa443	10x 3' v3	normal	None
choroid_plexus	None	{'label': 'Brodmann (1909) area 13', 'ontology_term_id': 'UBERON:0013544', 'tissue_type': 'tissue'};{'label': 'Brodmann (1909) area 14', 'ontology_term_id': 'UBERON:0013545', 'tissue_type': 'tissue'};{'label': 'Brodmann (1909) area 19', 'ontology_term_id': 'UBERON:0013550', 'tissue_type': 'tissue'};{'label': 'Brodmann (1909) area 23', 'ontology_term_id': 'UBERON:0013554', 'tissue_type': 'tissue'};{'label': 'Brodmann (1909) area 24', 'ontology_term_id': 'UBERON:0006101', 'tissue_type': 'tissue'};{'label': 'Brodmann (1909) area 25', 'ontology_term_id': 'UBERON:0013556', 'tissue_type': 'tissue'};{'label': 'Brodmann (1909) area 32', 'ontology_term_id': 'UBERON:0013560', 'tissue_type': 'tissue'};{'label': 'Brodmann (1909) area 35', 'ontology_term_id': 'UBERON:0006102', 'tissue_type': 'tissue'};{'label': 'Brodmann (1909) area 38', 'ontology_term_id': 'UBERON:0006479', 'tissue_type': 'tissue'};{'label': 'Brodmann (1909) area 40', 'ontology_term_id': 'UBERON:0013573', 'tissue_type': 'tissue'};{'label': 'Brodmann (1909) area 43', 'ontology_term_id': 'UBERON:0013561', 'tissue_type': 'tissue'};{'label': 'Brodmann (1909) area 46', 'ontology_term_id': 'UBERON:0006483', 'tissue_type': 'tissue'};{'label': 'accessory basal amygdaloid nucleus', 'ontology_term_id': 'UBERON:0002885', 'tissue_type': 'tissue'};{'label': 'agranular insular cortex', 'ontology_term_id': 'UBERON:0034893', 'tissue_type': 'tissue'};{'label': 'anterior cortical amygdaloid nucleus', 'ontology_term_id': 'UBERON:0034991', 'tissue_type': 'tissue'};{'label': 'anterior nuclear group', 'ontology_term_id': 'UBERON:0002788', 'tissue_type': 'tissue'};{'label': 'anterior olfactory nucleus', 'ontology_term_id': 'UBERON:0002266', 'tissue_type': 'tissue'};{'label': 'basolateral amygdaloid nuclear complex', 'ontology_term_id': 'UBERON:0006107', 'tissue_type': 'tissue'};{'label': 'bed nucleus of stria terminalis', 'ontology_term_id': 'UBERON:0001880', 'tissue_type': 'tissue'};{'label': 'body of caudate nucleus', 'ontology_term_id': 'UBERON:0002630', 'tissue_type': 'tissue'};{'label': 'central amygdaloid nucleus', 'ontology_term_id': 'UBERON:0002883', 'tissue_type': 'tissue'};{'label': 'centromedian nucleus of thalamus', 'ontology_term_id': 'UBERON:0002972', 'tissue_type': 'tissue'};{'label': 'cerebellar nuclear complex', 'ontology_term_id': 'UBERON:0002130', 'tissue_type': 'tissue'};{'label': 'cerebellar vermis', 'ontology_term_id': 'UBERON:0004720', 'tissue_type': 'tissue'};{'label': 'cerebrocerebellum', 'ontology_term_id': 'UBERON:0014644', 'tissue_type': 'tissue'};{'label': 'claustrum of brain', 'ontology_term_id': 'UBERON:0002023', 'tissue_type': 'tissue'};{'label': 'corticomedial nuclear complex', 'ontology_term_id': 'UBERON:0006108', 'tissue_type': 'tissue'};{'label': 'cuneus cortex', 'ontology_term_id': 'UBERON:0006092', 'tissue_type': 'tissue'};{'label': 'dentate gyrus of hippocampal formation', 'ontology_term_id': 'UBERON:0001885', 'tissue_type': 'tissue'};{'label': 'dorsal tegmental nucleus', 'ontology_term_id': 'UBERON:0002143', 'tissue_type': 'tissue'};{'label': 'epithalamus', 'ontology_term_id': 'UBERON:0001899', 'tissue_type': 'tissue'};{'label': 'extrastriate cortex', 'ontology_term_id': 'UBERON:0014370', 'tissue_type': 'tissue'};{'label': 'globus pallidus', 'ontology_term_id': 'UBERON:0001875', 'tissue_type': 'tissue'};{'label': 'granular insular cortex', 'ontology_term_id': 'UBERON:0034892', 'tissue_type': 'tissue'};{'label': 'gray matter of midbrain', 'ontology_term_id': 'UBERON:0019267', 'tissue_type': 'tissue'};{'label': 'hippocampal field', 'ontology_term_id': 'UBERON:0003876', 'tissue_type': 'tissue'};{'label': 'hypothalamus', 'ontology_term_id': 'UBERON:0001898', 'tissue_type': 'tissue'};{'label': 'inferior frontal gyrus', 'ontology_term_id': 'UBERON:0002998', 'tissue_type': 'tissue'};{'label': 'inferior olivary complex', 'ontology_term_id': 'UBERON:0002127', 'tissue_type': 'tissue'};{'label': 'inferior temporal gyrus', 'ontology_term_id': 'UBERON:0002751', 'tissue_type': 'tissue'};{'label': 'intralaminar nuclear group', 'ontology_term_id': 'UBERON:0002733', 'tissue_type': 'tissue'};{'label': 'lateral amygdaloid nucleus', 'ontology_term_id': 'UBERON:0002886', 'tissue_type': 'tissue'};{'label': 'lateral entorhinal cortex', 'ontology_term_id': 'UBERON:0007225', 'tissue_type': 'tissue'};{'label': 'lateral geniculate body', 'ontology_term_id': 'UBERON:0001926', 'tissue_type': 'tissue'};{'label': 'lateral nuclear group of thalamus', 'ontology_term_id': 'UBERON:0002736', 'tissue_type': 'tissue'};{'label': 'lateral posterior nucleus of thalamus', 'ontology_term_id': 'UBERON:0002983', 'tissue_type': 'tissue'};{'label': 'mammillary body', 'ontology_term_id': 'UBERON:0002206', 'tissue_type': 'tissue'};{'label': 'medial dorsal nucleus of thalamus', 'ontology_term_id': 'UBERON:0002739', 'tissue_type': 'tissue'};{'label': 'medial entorhinal cortex', 'ontology_term_id': 'UBERON:0007224', 'tissue_type': 'tissue'};{'label': 'medial geniculate body', 'ontology_term_id': 'UBERON:0001927', 'tissue_type': 'tissue'};{'label': 'medial zone of hypothalamus', 'ontology_term_id': 'UBERON:0002272', 'tissue_type': 'tissue'};{'label': 'median tuberal portion', 'ontology_term_id': 'UBERON:2000392', 'tissue_type': 'tissue'};{'label': 'midbrain nucleus', 'ontology_term_id': 'UBERON:0009661', 'tissue_type': 'tissue'};{'label': 'midbrain tectum', 'ontology_term_id': 'UBERON:0002314', 'tissue_type': 'tissue'};{'label': 'middle temporal gyrus', 'ontology_term_id': 'UBERON:0002771', 'tissue_type': 'tissue'};{'label': 'nucleus accumbens', 'ontology_term_id': 'UBERON:0001882', 'tissue_type': 'tissue'};{'label': 'nucleus of dorsal thalamus', 'ontology_term_id': 'UBERON:0015233', 'tissue_type': 'tissue'};{'label': 'nucleus of medulla oblongata', 'ontology_term_id': 'UBERON:0007635', 'tissue_type': 'tissue'};{'label': 'parabrachial nucleus', 'ontology_term_id': 'UBERON:0007634', 'tissue_type': 'tissue'};{'label': 'perirhinal cortex', 'ontology_term_id': 'UBERON:0006083', 'tissue_type': 'tissue'};{'label': 'piriform cortex', 'ontology_term_id': 'UBERON:0004725', 'tissue_type': 'tissue'};{'label': 'pontine nuclear group', 'ontology_term_id': 'UBERON:0002151', 'tissue_type': 'tissue'};{'label': 'pontine reticular formation', 'ontology_term_id': 'UBERON:0002573', 'tissue_type': 'tissue'};{'label': 'pontine tegmentum', 'ontology_term_id': 'UBERON:0003023', 'tissue_type': 'tissue'};{'label': 'posterior parahippocampal gyrus', 'ontology_term_id': 'UBERON:0002657', 'tissue_type': 'tissue'};{'label': 'preoptic area', 'ontology_term_id': 'UBERON:0001928', 'tissue_type': 'tissue'};{'label': 'pretectal region', 'ontology_term_id': 'UBERON:0001944', 'tissue_type': 'tissue'};{'label': 'primary auditory cortex', 'ontology_term_id': 'UBERON:0034751', 'tissue_type': 'tissue'};{'label': 'primary motor cortex', 'ontology_term_id': 'UBERON:0001384', 'tissue_type': 'tissue'};{'label': 'primary somatosensory cortex', 'ontology_term_id': 'UBERON:0008933', 'tissue_type': 'tissue'};{'label': 'primary visual cortex', 'ontology_term_id': 'UBERON:0002436', 'tissue_type': 'tissue'};{'label': 'pulvinar nucleus', 'ontology_term_id': 'UBERON:0002981', 'tissue_type': 'tissue'};{'label': 'putamen', 'ontology_term_id': 'UBERON:0001874', 'tissue_type': 'tissue'};{'label': 'red nucleus', 'ontology_term_id': 'UBERON:0001947', 'tissue_type': 'tissue'};{'label': 'retrosplenial region', 'ontology_term_id': 'UBERON:0013531', 'tissue_type': 'tissue'};{'label': 'rostral CA3', 'ontology_term_id': 'UBERON:0034779', 'tissue_type': 'tissue'};{'label': 'septal nuclear complex', 'ontology_term_id': 'UBERON:0002663', 'tissue_type': 'tissue'};{'label': 'spinal cord', 'ontology_term_id': 'UBERON:0002240', 'tissue_type': 'tissue'};{'label': 'subicular complex', 'ontology_term_id': 'UBERON:0023787', 'tissue_type': 'tissue'};{'label': 'substantia innominata', 'ontology_term_id': 'UBERON:0003017', 'tissue_type': 'tissue'};{'label': 'substantia nigra', 'ontology_term_id': 'UBERON:0002038', 'tissue_type': 'tissue'};{'label': 'subthalamic nucleus', 'ontology_term_id': 'UBERON:0001906', 'tissue_type': 'tissue'};{'label': 'superior parietal cortex', 'ontology_term_id': 'UBERON:0006094', 'tissue_type': 'tissue'};{'label': 'superior temporal gyrus', 'ontology_term_id': 'UBERON:0002769', 'tissue_type': 'tissue'};{'label': 'supraoptic nucleus', 'ontology_term_id': 'UBERON:0001929', 'tissue_type': 'tissue'};{'label': 'temporal fusiform gyrus', 'ontology_term_id': 'UBERON:0022395', 'tissue_type': 'tissue'};{'label': 'uncal CA1', 'ontology_term_id': 'UBERON:0034774', 'tissue_type': 'tissue'};{'label': 'ventral anterior nucleus of thalamus', 'ontology_term_id': 'UBERON:0002637', 'tissue_type': 'tissue'}	None	Human Brain Cell Atlas v1.0	10.1126/science.add7046	b165f033-9dec-468a-9248-802fc6902a74	283d65eb-dd53-496d-adb7-7570c7caa443	10x 3' v3	normal	None
choroid_plexus	None	{'label': 'midbrain tectum', 'ontology_term_id': 'UBERON:0002314', 'tissue_type': 'tissue'}	None	Human Brain Cell Atlas v1.0	10.1126/science.add7046	a4116666-d295-4443-a174-0acc283f92c4	283d65eb-dd53-496d-adb7-7570c7caa443	10x 3' v3	normal	None
choroid_plexus	None	{'label': 'midbrain nucleus', 'ontology_term_id': 'UBERON:0009661', 'tissue_type': 'tissue'}	None	Human Brain Cell Atlas v1.0	10.1126/science.add7046	9ec34295-ab16-47e2-af33-b884143e520b	283d65eb-dd53-496d-adb7-7570c7caa443	10x 3' v3	normal	None
choroid_plexus	None	{'label': 'Brodmann (1909) area 13', 'ontology_term_id': 'UBERON:0013544', 'tissue_type': 'tissue'};{'label': 'Brodmann (1909) area 14', 'ontology_term_id': 'UBERON:0013545', 'tissue_type': 'tissue'};{'label': 'Brodmann (1909) area 19', 'ontology_term_id': 'UBERON:0013550', 'tissue_type': 'tissue'};{'label': 'Brodmann (1909) area 23', 'ontology_term_id': 'UBERON:0013554', 'tissue_type': 'tissue'};{'label': 'Brodmann (1909) area 24', 'ontology_term_id': 'UBERON:0006101', 'tissue_type': 'tissue'};{'label': 'Brodmann (1909) area 25', 'ontology_term_id': 'UBERON:0013556', 'tissue_type': 'tissue'};{'label': 'Brodmann (1909) area 32', 'ontology_term_id': 'UBERON:0013560', 'tissue_type': 'tissue'};{'label': 'Brodmann (1909) area 38', 'ontology_term_id': 'UBERON:0006479', 'tissue_type': 'tissue'};{'label': 'Brodmann (1909) area 40', 'ontology_term_id': 'UBERON:0013573', 'tissue_type': 'tissue'};{'label': 'Brodmann (1909) area 43', 'ontology_term_id': 'UBERON:0013561', 'tissue_type': 'tissue'};{'label': 'Brodmann (1909) area 46', 'ontology_term_id': 'UBERON:0006483', 'tissue_type': 'tissue'};{'label': 'accessory basal amygdaloid nucleus', 'ontology_term_id': 'UBERON:0002885', 'tissue_type': 'tissue'};{'label': 'agranular insular cortex', 'ontology_term_id': 'UBERON:0034893', 'tissue_type': 'tissue'};{'label': 'anterior cortical amygdaloid nucleus', 'ontology_term_id': 'UBERON:0034991', 'tissue_type': 'tissue'};{'label': 'anterior olfactory nucleus', 'ontology_term_id': 'UBERON:0002266', 'tissue_type': 'tissue'};{'label': 'basolateral amygdaloid nuclear complex', 'ontology_term_id': 'UBERON:0006107', 'tissue_type': 'tissue'};{'label': 'bed nucleus of stria terminalis', 'ontology_term_id': 'UBERON:0001880', 'tissue_type': 'tissue'};{'label': 'body of caudate nucleus', 'ontology_term_id': 'UBERON:0002630', 'tissue_type': 'tissue'};{'label': 'central amygdaloid nucleus', 'ontology_term_id': 'UBERON:0002883', 'tissue_type': 'tissue'};{'label': 'cerebrocerebellum', 'ontology_term_id': 'UBERON:0014644', 'tissue_type': 'tissue'};{'label': 'claustrum of brain', 'ontology_term_id': 'UBERON:0002023', 'tissue_type': 'tissue'};{'label': 'corticomedial nuclear complex', 'ontology_term_id': 'UBERON:0006108', 'tissue_type': 'tissue'};{'label': 'cuneus cortex', 'ontology_term_id': 'UBERON:0006092', 'tissue_type': 'tissue'};{'label': 'dentate gyrus of hippocampal formation', 'ontology_term_id': 'UBERON:0001885', 'tissue_type': 'tissue'};{'label': 'epithalamus', 'ontology_term_id': 'UBERON:0001899', 'tissue_type': 'tissue'};{'label': 'extrastriate cortex', 'ontology_term_id': 'UBERON:0014370', 'tissue_type': 'tissue'};{'label': 'globus pallidus', 'ontology_term_id': 'UBERON:0001875', 'tissue_type': 'tissue'};{'label': 'granular insular cortex', 'ontology_term_id': 'UBERON:0034892', 'tissue_type': 'tissue'};{'label': 'gray matter of midbrain', 'ontology_term_id': 'UBERON:0019267', 'tissue_type': 'tissue'};{'label': 'hippocampal field', 'ontology_term_id': 'UBERON:0003876', 'tissue_type': 'tissue'};{'label': 'hypothalamus', 'ontology_term_id': 'UBERON:0001898', 'tissue_type': 'tissue'};{'label': 'inferior frontal gyrus', 'ontology_term_id': 'UBERON:0002998', 'tissue_type': 'tissue'};{'label': 'inferior temporal gyrus', 'ontology_term_id': 'UBERON:0002751', 'tissue_type': 'tissue'};{'label': 'intralaminar nuclear group', 'ontology_term_id': 'UBERON:0002733', 'tissue_type': 'tissue'};{'label': 'lateral amygdaloid nucleus', 'ontology_term_id': 'UBERON:0002886', 'tissue_type': 'tissue'};{'label': 'lateral entorhinal cortex', 'ontology_term_id': 'UBERON:0007225', 'tissue_type': 'tissue'};{'label': 'lateral posterior nucleus of thalamus', 'ontology_term_id': 'UBERON:0002983', 'tissue_type': 'tissue'};{'label': 'mammillary body', 'ontology_term_id': 'UBERON:0002206', 'tissue_type': 'tissue'};{'label': 'medial dorsal nucleus of thalamus', 'ontology_term_id': 'UBERON:0002739', 'tissue_type': 'tissue'};{'label': 'medial entorhinal cortex', 'ontology_term_id': 'UBERON:0007224', 'tissue_type': 'tissue'};{'label': 'medial zone of hypothalamus', 'ontology_term_id': 'UBERON:0002272', 'tissue_type': 'tissue'};{'label': 'midbrain tectum', 'ontology_term_id': 'UBERON:0002314', 'tissue_type': 'tissue'};{'label': 'middle temporal gyrus', 'ontology_term_id': 'UBERON:0002771', 'tissue_type': 'tissue'};{'label': 'nucleus accumbens', 'ontology_term_id': 'UBERON:0001882', 'tissue_type': 'tissue'};{'label': 'perirhinal cortex', 'ontology_term_id': 'UBERON:0006083', 'tissue_type': 'tissue'};{'label': 'piriform cortex', 'ontology_term_id': 'UBERON:0004725', 'tissue_type': 'tissue'};{'label': 'pontine nuclear group', 'ontology_term_id': 'UBERON:0002151', 'tissue_type': 'tissue'};{'label': 'posterior parahippocampal gyrus', 'ontology_term_id': 'UBERON:0002657', 'tissue_type': 'tissue'};{'label': 'pretectal region', 'ontology_term_id': 'UBERON:0001944', 'tissue_type': 'tissue'};{'label': 'primary auditory cortex', 'ontology_term_id': 'UBERON:0034751', 'tissue_type': 'tissue'};{'label': 'primary motor cortex', 'ontology_term_id': 'UBERON:0001384', 'tissue_type': 'tissue'};{'label': 'primary somatosensory cortex', 'ontology_term_id': 'UBERON:0008933', 'tissue_type': 'tissue'};{'label': 'primary visual cortex', 'ontology_term_id': 'UBERON:0002436', 'tissue_type': 'tissue'};{'label': 'pulvinar nucleus', 'ontology_term_id': 'UBERON:0002981', 'tissue_type': 'tissue'};{'label': 'putamen', 'ontology_term_id': 'UBERON:0001874', 'tissue_type': 'tissue'};{'label': 'red nucleus', 'ontology_term_id': 'UBERON:0001947', 'tissue_type': 'tissue'};{'label': 'retrosplenial region', 'ontology_term_id': 'UBERON:0013531', 'tissue_type': 'tissue'};{'label': 'septal nuclear complex', 'ontology_term_id': 'UBERON:0002663', 'tissue_type': 'tissue'};{'label': 'subicular complex', 'ontology_term_id': 'UBERON:0023787', 'tissue_type': 'tissue'};{'label': 'substantia innominata', 'ontology_term_id': 'UBERON:0003017', 'tissue_type': 'tissue'};{'label': 'substantia nigra', 'ontology_term_id': 'UBERON:0002038', 'tissue_type': 'tissue'};{'label': 'subthalamic nucleus', 'ontology_term_id': 'UBERON:0001906', 'tissue_type': 'tissue'};{'label': 'superior parietal cortex', 'ontology_term_id': 'UBERON:0006094', 'tissue_type': 'tissue'};{'label': 'superior temporal gyrus', 'ontology_term_id': 'UBERON:0002769', 'tissue_type': 'tissue'};{'label': 'supraoptic nucleus', 'ontology_term_id': 'UBERON:0001929', 'tissue_type': 'tissue'};{'label': 'temporal fusiform gyrus', 'ontology_term_id': 'UBERON:0022395', 'tissue_type': 'tissue'};{'label': 'uncal CA1', 'ontology_term_id': 'UBERON:0034774', 'tissue_type': 'tissue'};{'label': 'ventral anterior nucleus of thalamus', 'ontology_term_id': 'UBERON:0002637', 'tissue_type': 'tissue'}	None	Human Brain Cell Atlas v1.0	10.1126/science.add7046	98113e7e-f586-4065-a26a-60aa702f8d1c	283d65eb-dd53-496d-adb7-7570c7caa443	10x 3' v3	normal	None
choroid_plexus	None	{'label': 'gray matter of midbrain', 'ontology_term_id': 'UBERON:0019267', 'tissue_type': 'tissue'}	None	Human Brain Cell Atlas v1.0	10.1126/science.add7046	9372df2d-13d6-4fac-980b-919a5b7eb483	283d65eb-dd53-496d-adb7-7570c7caa443	10x 3' v3	normal	None
choroid_plexus	None	{'label': 'Brodmann (1909) area 13', 'ontology_term_id': 'UBERON:0013544', 'tissue_type': 'tissue'};{'label': 'Brodmann (1909) area 14', 'ontology_term_id': 'UBERON:0013545', 'tissue_type': 'tissue'};{'label': 'Brodmann (1909) area 19', 'ontology_term_id': 'UBERON:0013550', 'tissue_type': 'tissue'};{'label': 'Brodmann (1909) area 23', 'ontology_term_id': 'UBERON:0013554', 'tissue_type': 'tissue'};{'label': 'Brodmann (1909) area 24', 'ontology_term_id': 'UBERON:0006101', 'tissue_type': 'tissue'};{'label': 'Brodmann (1909) area 25', 'ontology_term_id': 'UBERON:0013556', 'tissue_type': 'tissue'};{'label': 'Brodmann (1909) area 32', 'ontology_term_id': 'UBERON:0013560', 'tissue_type': 'tissue'};{'label': 'Brodmann (1909) area 38', 'ontology_term_id': 'UBERON:0006479', 'tissue_type': 'tissue'};{'label': 'Brodmann (1909) area 40', 'ontology_term_id': 'UBERON:0013573', 'tissue_type': 'tissue'};{'label': 'Brodmann (1909) area 43', 'ontology_term_id': 'UBERON:0013561', 'tissue_type': 'tissue'};{'label': 'Brodmann (1909) area 46', 'ontology_term_id': 'UBERON:0006483', 'tissue_type': 'tissue'};{'label': 'accessory basal amygdaloid nucleus', 'ontology_term_id': 'UBERON:0002885', 'tissue_type': 'tissue'};{'label': 'agranular insular cortex', 'ontology_term_id': 'UBERON:0034893', 'tissue_type': 'tissue'};{'label': 'anterior cortical amygdaloid nucleus', 'ontology_term_id': 'UBERON:0034991', 'tissue_type': 'tissue'};{'label': 'anterior nuclear group', 'ontology_term_id': 'UBERON:0002788', 'tissue_type': 'tissue'};{'label': 'anterior olfactory nucleus', 'ontology_term_id': 'UBERON:0002266', 'tissue_type': 'tissue'};{'label': 'basolateral amygdaloid nuclear complex', 'ontology_term_id': 'UBERON:0006107', 'tissue_type': 'tissue'};{'label': 'bed nucleus of stria terminalis', 'ontology_term_id': 'UBERON:0001880', 'tissue_type': 'tissue'};{'label': 'body of caudate nucleus', 'ontology_term_id': 'UBERON:0002630', 'tissue_type': 'tissue'};{'label': 'central amygdaloid nucleus', 'ontology_term_id': 'UBERON:0002883', 'tissue_type': 'tissue'};{'label': 'centromedian nucleus of thalamus', 'ontology_term_id': 'UBERON:0002972', 'tissue_type': 'tissue'};{'label': 'claustrum of brain', 'ontology_term_id': 'UBERON:0002023', 'tissue_type': 'tissue'};{'label': 'corticomedial nuclear complex', 'ontology_term_id': 'UBERON:0006108', 'tissue_type': 'tissue'};{'label': 'cuneus cortex', 'ontology_term_id': 'UBERON:0006092', 'tissue_type': 'tissue'};{'label': 'dentate gyrus of hippocampal formation', 'ontology_term_id': 'UBERON:0001885', 'tissue_type': 'tissue'};{'label': 'dorsal tegmental nucleus', 'ontology_term_id': 'UBERON:0002143', 'tissue_type': 'tissue'};{'label': 'epithalamus', 'ontology_term_id': 'UBERON:0001899', 'tissue_type': 'tissue'};{'label': 'extrastriate cortex', 'ontology_term_id': 'UBERON:0014370', 'tissue_type': 'tissue'};{'label': 'globus pallidus', 'ontology_term_id': 'UBERON:0001875', 'tissue_type': 'tissue'};{'label': 'granular insular cortex', 'ontology_term_id': 'UBERON:0034892', 'tissue_type': 'tissue'};{'label': 'gray matter of midbrain', 'ontology_term_id': 'UBERON:0019267', 'tissue_type': 'tissue'};{'label': 'hippocampal field', 'ontology_term_id': 'UBERON:0003876', 'tissue_type': 'tissue'};{'label': 'hypothalamus', 'ontology_term_id': 'UBERON:0001898', 'tissue_type': 'tissue'};{'label': 'inferior frontal gyrus', 'ontology_term_id': 'UBERON:0002998', 'tissue_type': 'tissue'};{'label': 'inferior temporal gyrus', 'ontology_term_id': 'UBERON:0002751', 'tissue_type': 'tissue'};{'label': 'intralaminar nuclear group', 'ontology_term_id': 'UBERON:0002733', 'tissue_type': 'tissue'};{'label': 'lateral amygdaloid nucleus', 'ontology_term_id': 'UBERON:0002886', 'tissue_type': 'tissue'};{'label': 'lateral entorhinal cortex', 'ontology_term_id': 'UBERON:0007225', 'tissue_type': 'tissue'};{'label': 'lateral geniculate body', 'ontology_term_id': 'UBERON:0001926', 'tissue_type': 'tissue'};{'label': 'lateral nuclear group of thalamus', 'ontology_term_id': 'UBERON:0002736', 'tissue_type': 'tissue'};{'label': 'lateral posterior nucleus of thalamus', 'ontology_term_id': 'UBERON:0002983', 'tissue_type': 'tissue'};{'label': 'mammillary body', 'ontology_term_id': 'UBERON:0002206', 'tissue_type': 'tissue'};{'label': 'medial dorsal nucleus of thalamus', 'ontology_term_id': 'UBERON:0002739', 'tissue_type': 'tissue'};{'label': 'medial entorhinal cortex', 'ontology_term_id': 'UBERON:0007224', 'tissue_type': 'tissue'};{'label': 'medial geniculate body', 'ontology_term_id': 'UBERON:0001927', 'tissue_type': 'tissue'};{'label': 'medial zone of hypothalamus', 'ontology_term_id': 'UBERON:0002272', 'tissue_type': 'tissue'};{'label': 'median tuberal portion', 'ontology_term_id': 'UBERON:2000392', 'tissue_type': 'tissue'};{'label': 'midbrain tectum', 'ontology_term_id': 'UBERON:0002314', 'tissue_type': 'tissue'};{'label': 'middle temporal gyrus', 'ontology_term_id': 'UBERON:0002771', 'tissue_type': 'tissue'};{'label': 'nucleus accumbens', 'ontology_term_id': 'UBERON:0001882', 'tissue_type': 'tissue'};{'label': 'nucleus of dorsal thalamus', 'ontology_term_id': 'UBERON:0015233', 'tissue_type': 'tissue'};{'label': 'nucleus of medulla oblongata', 'ontology_term_id': 'UBERON:0007635', 'tissue_type': 'tissue'};{'label': 'perirhinal cortex', 'ontology_term_id': 'UBERON:0006083', 'tissue_type': 'tissue'};{'label': 'piriform cortex', 'ontology_term_id': 'UBERON:0004725', 'tissue_type': 'tissue'};{'label': 'pontine nuclear group', 'ontology_term_id': 'UBERON:0002151', 'tissue_type': 'tissue'};{'label': 'pontine tegmentum', 'ontology_term_id': 'UBERON:0003023', 'tissue_type': 'tissue'};{'label': 'posterior parahippocampal gyrus', 'ontology_term_id': 'UBERON:0002657', 'tissue_type': 'tissue'};{'label': 'preoptic area', 'ontology_term_id': 'UBERON:0001928', 'tissue_type': 'tissue'};{'label': 'pretectal region', 'ontology_term_id': 'UBERON:0001944', 'tissue_type': 'tissue'};{'label': 'primary auditory cortex', 'ontology_term_id': 'UBERON:0034751', 'tissue_type': 'tissue'};{'label': 'primary motor cortex', 'ontology_term_id': 'UBERON:0001384', 'tissue_type': 'tissue'};{'label': 'primary somatosensory cortex', 'ontology_term_id': 'UBERON:0008933', 'tissue_type': 'tissue'};{'label': 'primary visual cortex', 'ontology_term_id': 'UBERON:0002436', 'tissue_type': 'tissue'};{'label': 'pulvinar nucleus', 'ontology_term_id': 'UBERON:0002981', 'tissue_type': 'tissue'};{'label': 'putamen', 'ontology_term_id': 'UBERON:0001874', 'tissue_type': 'tissue'};{'label': 'red nucleus', 'ontology_term_id': 'UBERON:0001947', 'tissue_type': 'tissue'};{'label': 'retrosplenial region', 'ontology_term_id': 'UBERON:0013531', 'tissue_type': 'tissue'};{'label': 'rostral CA3', 'ontology_term_id': 'UBERON:0034779', 'tissue_type': 'tissue'};{'label': 'septal nuclear complex', 'ontology_term_id': 'UBERON:0002663', 'tissue_type': 'tissue'};{'label': 'subicular complex', 'ontology_term_id': 'UBERON:0023787', 'tissue_type': 'tissue'};{'label': 'substantia innominata', 'ontology_term_id': 'UBERON:0003017', 'tissue_type': 'tissue'};{'label': 'substantia nigra', 'ontology_term_id': 'UBERON:0002038', 'tissue_type': 'tissue'};{'label': 'subthalamic nucleus', 'ontology_term_id': 'UBERON:0001906', 'tissue_type': 'tissue'};{'label': 'superior parietal cortex', 'ontology_term_id': 'UBERON:0006094', 'tissue_type': 'tissue'};{'label': 'superior temporal gyrus', 'ontology_term_id': 'UBERON:0002769', 'tissue_type': 'tissue'};{'label': 'supraoptic nucleus', 'ontology_term_id': 'UBERON:0001929', 'tissue_type': 'tissue'};{'label': 'temporal fusiform gyrus', 'ontology_term_id': 'UBERON:0022395', 'tissue_type': 'tissue'};{'label': 'uncal CA1', 'ontology_term_id': 'UBERON:0034774', 'tissue_type': 'tissue'};{'label': 'ventral anterior nucleus of thalamus', 'ontology_term_id': 'UBERON:0002637', 'tissue_type': 'tissue'}	None	Human Brain Cell Atlas v1.0	10.1126/science.add7046	8f48c031-6692-4c82-b6c2-e4ad35cbc0aa	283d65eb-dd53-496d-adb7-7570c7caa443	10x 3' v3	normal	None
choroid_plexus	None	{'label': 'Brodmann (1909) area 13', 'ontology_term_id': 'UBERON:0013544', 'tissue_type': 'tissue'};{'label': 'Brodmann (1909) area 14', 'ontology_term_id': 'UBERON:0013545', 'tissue_type': 'tissue'};{'label': 'Brodmann (1909) area 19', 'ontology_term_id': 'UBERON:0013550', 'tissue_type': 'tissue'};{'label': 'Brodmann (1909) area 23', 'ontology_term_id': 'UBERON:0013554', 'tissue_type': 'tissue'};{'label': 'Brodmann (1909) area 24', 'ontology_term_id': 'UBERON:0006101', 'tissue_type': 'tissue'};{'label': 'Brodmann (1909) area 25', 'ontology_term_id': 'UBERON:0013556', 'tissue_type': 'tissue'};{'label': 'Brodmann (1909) area 32', 'ontology_term_id': 'UBERON:0013560', 'tissue_type': 'tissue'};{'label': 'Brodmann (1909) area 35', 'ontology_term_id': 'UBERON:0006102', 'tissue_type': 'tissue'};{'label': 'Brodmann (1909) area 38', 'ontology_term_id': 'UBERON:0006479', 'tissue_type': 'tissue'};{'label': 'Brodmann (1909) area 40', 'ontology_term_id': 'UBERON:0013573', 'tissue_type': 'tissue'};{'label': 'Brodmann (1909) area 43', 'ontology_term_id': 'UBERON:0013561', 'tissue_type': 'tissue'};{'label': 'Brodmann (1909) area 46', 'ontology_term_id': 'UBERON:0006483', 'tissue_type': 'tissue'};{'label': 'accessory basal amygdaloid nucleus', 'ontology_term_id': 'UBERON:0002885', 'tissue_type': 'tissue'};{'label': 'agranular insular cortex', 'ontology_term_id': 'UBERON:0034893', 'tissue_type': 'tissue'};{'label': 'anterior cortical amygdaloid nucleus', 'ontology_term_id': 'UBERON:0034991', 'tissue_type': 'tissue'};{'label': 'anterior nuclear group', 'ontology_term_id': 'UBERON:0002788', 'tissue_type': 'tissue'};{'label': 'anterior olfactory nucleus', 'ontology_term_id': 'UBERON:0002266', 'tissue_type': 'tissue'};{'label': 'basolateral amygdaloid nuclear complex', 'ontology_term_id': 'UBERON:0006107', 'tissue_type': 'tissue'};{'label': 'bed nucleus of stria terminalis', 'ontology_term_id': 'UBERON:0001880', 'tissue_type': 'tissue'};{'label': 'body of caudate nucleus', 'ontology_term_id': 'UBERON:0002630', 'tissue_type': 'tissue'};{'label': 'central amygdaloid nucleus', 'ontology_term_id': 'UBERON:0002883', 'tissue_type': 'tissue'};{'label': 'centromedian nucleus of thalamus', 'ontology_term_id': 'UBERON:0002972', 'tissue_type': 'tissue'};{'label': 'cerebellar nuclear complex', 'ontology_term_id': 'UBERON:0002130', 'tissue_type': 'tissue'};{'label': 'cerebellar vermis', 'ontology_term_id': 'UBERON:0004720', 'tissue_type': 'tissue'};{'label': 'cerebrocerebellum', 'ontology_term_id': 'UBERON:0014644', 'tissue_type': 'tissue'};{'label': 'claustrum of brain', 'ontology_term_id': 'UBERON:0002023', 'tissue_type': 'tissue'};{'label': 'corticomedial nuclear complex', 'ontology_term_id': 'UBERON:0006108', 'tissue_type': 'tissue'};{'label': 'cuneus cortex', 'ontology_term_id': 'UBERON:0006092', 'tissue_type': 'tissue'};{'label': 'dentate gyrus of hippocampal formation', 'ontology_term_id': 'UBERON:0001885', 'tissue_type': 'tissue'};{'label': 'dorsal tegmental nucleus', 'ontology_term_id': 'UBERON:0002143', 'tissue_type': 'tissue'};{'label': 'epithalamus', 'ontology_term_id': 'UBERON:0001899', 'tissue_type': 'tissue'};{'label': 'extrastriate cortex', 'ontology_term_id': 'UBERON:0014370', 'tissue_type': 'tissue'};{'label': 'globus pallidus', 'ontology_term_id': 'UBERON:0001875', 'tissue_type': 'tissue'};{'label': 'granular insular cortex', 'ontology_term_id': 'UBERON:0034892', 'tissue_type': 'tissue'};{'label': 'gray matter of midbrain', 'ontology_term_id': 'UBERON:0019267', 'tissue_type': 'tissue'};{'label': 'hippocampal field', 'ontology_term_id': 'UBERON:0003876', 'tissue_type': 'tissue'};{'label': 'hypothalamus', 'ontology_term_id': 'UBERON:0001898', 'tissue_type': 'tissue'};{'label': 'inferior frontal gyrus', 'ontology_term_id': 'UBERON:0002998', 'tissue_type': 'tissue'};{'label': 'inferior olivary complex', 'ontology_term_id': 'UBERON:0002127', 'tissue_type': 'tissue'};{'label': 'inferior temporal gyrus', 'ontology_term_id': 'UBERON:0002751', 'tissue_type': 'tissue'};{'label': 'intralaminar nuclear group', 'ontology_term_id': 'UBERON:0002733', 'tissue_type': 'tissue'};{'label': 'lateral amygdaloid nucleus', 'ontology_term_id': 'UBERON:0002886', 'tissue_type': 'tissue'};{'label': 'lateral entorhinal cortex', 'ontology_term_id': 'UBERON:0007225', 'tissue_type': 'tissue'};{'label': 'lateral geniculate body', 'ontology_term_id': 'UBERON:0001926', 'tissue_type': 'tissue'};{'label': 'lateral nuclear group of thalamus', 'ontology_term_id': 'UBERON:0002736', 'tissue_type': 'tissue'};{'label': 'lateral posterior nucleus of thalamus', 'ontology_term_id': 'UBERON:0002983', 'tissue_type': 'tissue'};{'label': 'mammillary body', 'ontology_term_id': 'UBERON:0002206', 'tissue_type': 'tissue'};{'label': 'medial dorsal nucleus of thalamus', 'ontology_term_id': 'UBERON:0002739', 'tissue_type': 'tissue'};{'label': 'medial entorhinal cortex', 'ontology_term_id': 'UBERON:0007224', 'tissue_type': 'tissue'};{'label': 'medial geniculate body', 'ontology_term_id': 'UBERON:0001927', 'tissue_type': 'tissue'};{'label': 'medial zone of hypothalamus', 'ontology_term_id': 'UBERON:0002272', 'tissue_type': 'tissue'};{'label': 'median tuberal portion', 'ontology_term_id': 'UBERON:2000392', 'tissue_type': 'tissue'};{'label': 'midbrain nucleus', 'ontology_term_id': 'UBERON:0009661', 'tissue_type': 'tissue'};{'label': 'midbrain tectum', 'ontology_term_id': 'UBERON:0002314', 'tissue_type': 'tissue'};{'label': 'middle temporal gyrus', 'ontology_term_id': 'UBERON:0002771', 'tissue_type': 'tissue'};{'label': 'nucleus accumbens', 'ontology_term_id': 'UBERON:0001882', 'tissue_type': 'tissue'};{'label': 'nucleus of dorsal thalamus', 'ontology_term_id': 'UBERON:0015233', 'tissue_type': 'tissue'};{'label': 'nucleus of medulla oblongata', 'ontology_term_id': 'UBERON:0007635', 'tissue_type': 'tissue'};{'label': 'parabrachial nucleus', 'ontology_term_id': 'UBERON:0007634', 'tissue_type': 'tissue'};{'label': 'perirhinal cortex', 'ontology_term_id': 'UBERON:0006083', 'tissue_type': 'tissue'};{'label': 'piriform cortex', 'ontology_term_id': 'UBERON:0004725', 'tissue_type': 'tissue'};{'label': 'pontine nuclear group', 'ontology_term_id': 'UBERON:0002151', 'tissue_type': 'tissue'};{'label': 'pontine reticular formation', 'ontology_term_id': 'UBERON:0002573', 'tissue_type': 'tissue'};{'label': 'pontine tegmentum', 'ontology_term_id': 'UBERON:0003023', 'tissue_type': 'tissue'};{'label': 'posterior parahippocampal gyrus', 'ontology_term_id': 'UBERON:0002657', 'tissue_type': 'tissue'};{'label': 'preoptic area', 'ontology_term_id': 'UBERON:0001928', 'tissue_type': 'tissue'};{'label': 'pretectal region', 'ontology_term_id': 'UBERON:0001944', 'tissue_type': 'tissue'};{'label': 'primary auditory cortex', 'ontology_term_id': 'UBERON:0034751', 'tissue_type': 'tissue'};{'label': 'primary motor cortex', 'ontology_term_id': 'UBERON:0001384', 'tissue_type': 'tissue'};{'label': 'primary somatosensory cortex', 'ontology_term_id': 'UBERON:0008933', 'tissue_type': 'tissue'};{'label': 'primary visual cortex', 'ontology_term_id': 'UBERON:0002436', 'tissue_type': 'tissue'};{'label': 'pulvinar nucleus', 'ontology_term_id': 'UBERON:0002981', 'tissue_type': 'tissue'};{'label': 'putamen', 'ontology_term_id': 'UBERON:0001874', 'tissue_type': 'tissue'};{'label': 'red nucleus', 'ontology_term_id': 'UBERON:0001947', 'tissue_type': 'tissue'};{'label': 'retrosplenial region', 'ontology_term_id': 'UBERON:0013531', 'tissue_type': 'tissue'};{'label': 'rostral CA3', 'ontology_term_id': 'UBERON:0034779', 'tissue_type': 'tissue'};{'label': 'septal nuclear complex', 'ontology_term_id': 'UBERON:0002663', 'tissue_type': 'tissue'};{'label': 'spinal cord', 'ontology_term_id': 'UBERON:0002240', 'tissue_type': 'tissue'};{'label': 'subicular complex', 'ontology_term_id': 'UBERON:0023787', 'tissue_type': 'tissue'};{'label': 'substantia innominata', 'ontology_term_id': 'UBERON:0003017', 'tissue_type': 'tissue'};{'label': 'substantia nigra', 'ontology_term_id': 'UBERON:0002038', 'tissue_type': 'tissue'};{'label': 'subthalamic nucleus', 'ontology_term_id': 'UBERON:0001906', 'tissue_type': 'tissue'};{'label': 'superior parietal cortex', 'ontology_term_id': 'UBERON:0006094', 'tissue_type': 'tissue'};{'label': 'superior temporal gyrus', 'ontology_term_id': 'UBERON:0002769', 'tissue_type': 'tissue'};{'label': 'supraoptic nucleus', 'ontology_term_id': 'UBERON:0001929', 'tissue_type': 'tissue'};{'label': 'temporal fusiform gyrus', 'ontology_term_id': 'UBERON:0022395', 'tissue_type': 'tissue'};{'label': 'uncal CA1', 'ontology_term_id': 'UBERON:0034774', 'tissue_type': 'tissue'};{'label': 'ventral anterior nucleus of thalamus', 'ontology_term_id': 'UBERON:0002637', 'tissue_type': 'tissue'}	None	Human Brain Cell Atlas v1.0	10.1126/science.add7046	8e10f1c4-8e98-41e5-b65f-8cd89a887122	283d65eb-dd53-496d-adb7-7570c7caa443	10x 3' v3	normal	None
choroid_plexus	None	{'label': 'accessory basal amygdaloid nucleus', 'ontology_term_id': 'UBERON:0002885', 'tissue_type': 'tissue'};{'label': 'anterior nuclear group', 'ontology_term_id': 'UBERON:0002788', 'tissue_type': 'tissue'};{'label': 'bed nucleus of stria terminalis', 'ontology_term_id': 'UBERON:0001880', 'tissue_type': 'tissue'};{'label': 'central amygdaloid nucleus', 'ontology_term_id': 'UBERON:0002883', 'tissue_type': 'tissue'};{'label': 'centromedian nucleus of thalamus', 'ontology_term_id': 'UBERON:0002972', 'tissue_type': 'tissue'};{'label': 'dentate gyrus of hippocampal formation', 'ontology_term_id': 'UBERON:0001885', 'tissue_type': 'tissue'};{'label': 'epithalamus', 'ontology_term_id': 'UBERON:0001899', 'tissue_type': 'tissue'};{'label': 'globus pallidus', 'ontology_term_id': 'UBERON:0001875', 'tissue_type': 'tissue'};{'label': 'gray matter of midbrain', 'ontology_term_id': 'UBERON:0019267', 'tissue_type': 'tissue'};{'label': 'hypothalamus', 'ontology_term_id': 'UBERON:0001898', 'tissue_type': 'tissue'};{'label': 'intralaminar nuclear group', 'ontology_term_id': 'UBERON:0002733', 'tissue_type': 'tissue'};{'label': 'lateral geniculate body', 'ontology_term_id': 'UBERON:0001926', 'tissue_type': 'tissue'};{'label': 'lateral nuclear group of thalamus', 'ontology_term_id': 'UBERON:0002736', 'tissue_type': 'tissue'};{'label': 'lateral posterior nucleus of thalamus', 'ontology_term_id': 'UBERON:0002983', 'tissue_type': 'tissue'};{'label': 'medial dorsal nucleus of thalamus', 'ontology_term_id': 'UBERON:0002739', 'tissue_type': 'tissue'};{'label': 'medial geniculate body', 'ontology_term_id': 'UBERON:0001927', 'tissue_type': 'tissue'};{'label': 'medial zone of hypothalamus', 'ontology_term_id': 'UBERON:0002272', 'tissue_type': 'tissue'};{'label': 'midbrain nucleus', 'ontology_term_id': 'UBERON:0009661', 'tissue_type': 'tissue'};{'label': 'midbrain tectum', 'ontology_term_id': 'UBERON:0002314', 'tissue_type': 'tissue'};{'label': 'nucleus of dorsal thalamus', 'ontology_term_id': 'UBERON:0015233', 'tissue_type': 'tissue'};{'label': 'piriform cortex', 'ontology_term_id': 'UBERON:0004725', 'tissue_type': 'tissue'};{'label': 'pretectal region', 'ontology_term_id': 'UBERON:0001944', 'tissue_type': 'tissue'};{'label': 'primary motor cortex', 'ontology_term_id': 'UBERON:0001384', 'tissue_type': 'tissue'};{'label': 'pulvinar nucleus', 'ontology_term_id': 'UBERON:0002981', 'tissue_type': 'tissue'};{'label': 'septal nuclear complex', 'ontology_term_id': 'UBERON:0002663', 'tissue_type': 'tissue'};{'label': 'substantia nigra', 'ontology_term_id': 'UBERON:0002038', 'tissue_type': 'tissue'};{'label': 'subthalamic nucleus', 'ontology_term_id': 'UBERON:0001906', 'tissue_type': 'tissue'};{'label': 'ventral anterior nucleus of thalamus', 'ontology_term_id': 'UBERON:0002637', 'tissue_type': 'tissue'}	None	Human Brain Cell Atlas v1.0	10.1126/science.add7046	8ba5453f-7fab-4702-a3a6-4021b1f31a7a	283d65eb-dd53-496d-adb7-7570c7caa443	10x 3' v3	normal	None
choroid_plexus	None	{'label': 'Brodmann (1909) area 13', 'ontology_term_id': 'UBERON:0013544', 'tissue_type': 'tissue'};{'label': 'Brodmann (1909) area 14', 'ontology_term_id': 'UBERON:0013545', 'tissue_type': 'tissue'};{'label': 'Brodmann (1909) area 19', 'ontology_term_id': 'UBERON:0013550', 'tissue_type': 'tissue'};{'label': 'Brodmann (1909) area 23', 'ontology_term_id': 'UBERON:0013554', 'tissue_type': 'tissue'};{'label': 'Brodmann (1909) area 24', 'ontology_term_id': 'UBERON:0006101', 'tissue_type': 'tissue'};{'label': 'Brodmann (1909) area 25', 'ontology_term_id': 'UBERON:0013556', 'tissue_type': 'tissue'};{'label': 'Brodmann (1909) area 32', 'ontology_term_id': 'UBERON:0013560', 'tissue_type': 'tissue'};{'label': 'Brodmann (1909) area 35', 'ontology_term_id': 'UBERON:0006102', 'tissue_type': 'tissue'};{'label': 'Brodmann (1909) area 38', 'ontology_term_id': 'UBERON:0006479', 'tissue_type': 'tissue'};{'label': 'Brodmann (1909) area 40', 'ontology_term_id': 'UBERON:0013573', 'tissue_type': 'tissue'};{'label': 'Brodmann (1909) area 43', 'ontology_term_id': 'UBERON:0013561', 'tissue_type': 'tissue'};{'label': 'Brodmann (1909) area 46', 'ontology_term_id': 'UBERON:0006483', 'tissue_type': 'tissue'};{'label': 'accessory basal amygdaloid nucleus', 'ontology_term_id': 'UBERON:0002885', 'tissue_type': 'tissue'};{'label': 'agranular insular cortex', 'ontology_term_id': 'UBERON:0034893', 'tissue_type': 'tissue'};{'label': 'anterior cortical amygdaloid nucleus', 'ontology_term_id': 'UBERON:0034991', 'tissue_type': 'tissue'};{'label': 'anterior nuclear group', 'ontology_term_id': 'UBERON:0002788', 'tissue_type': 'tissue'};{'label': 'anterior olfactory nucleus', 'ontology_term_id': 'UBERON:0002266', 'tissue_type': 'tissue'};{'label': 'basolateral amygdaloid nuclear complex', 'ontology_term_id': 'UBERON:0006107', 'tissue_type': 'tissue'};{'label': 'bed nucleus of stria terminalis', 'ontology_term_id': 'UBERON:0001880', 'tissue_type': 'tissue'};{'label': 'body of caudate nucleus', 'ontology_term_id': 'UBERON:0002630', 'tissue_type': 'tissue'};{'label': 'central amygdaloid nucleus', 'ontology_term_id': 'UBERON:0002883', 'tissue_type': 'tissue'};{'label': 'centromedian nucleus of thalamus', 'ontology_term_id': 'UBERON:0002972', 'tissue_type': 'tissue'};{'label': 'cerebellar nuclear complex', 'ontology_term_id': 'UBERON:0002130', 'tissue_type': 'tissue'};{'label': 'cerebellar vermis', 'ontology_term_id': 'UBERON:0004720', 'tissue_type': 'tissue'};{'label': 'cerebrocerebellum', 'ontology_term_id': 'UBERON:0014644', 'tissue_type': 'tissue'};{'label': 'claustrum of brain', 'ontology_term_id': 'UBERON:0002023', 'tissue_type': 'tissue'};{'label': 'corticomedial nuclear complex', 'ontology_term_id': 'UBERON:0006108', 'tissue_type': 'tissue'};{'label': 'cuneus cortex', 'ontology_term_id': 'UBERON:0006092', 'tissue_type': 'tissue'};{'label': 'dentate gyrus of hippocampal formation', 'ontology_term_id': 'UBERON:0001885', 'tissue_type': 'tissue'};{'label': 'dorsal tegmental nucleus', 'ontology_term_id': 'UBERON:0002143', 'tissue_type': 'tissue'};{'label': 'epithalamus', 'ontology_term_id': 'UBERON:0001899', 'tissue_type': 'tissue'};{'label': 'extrastriate cortex', 'ontology_term_id': 'UBERON:0014370', 'tissue_type': 'tissue'};{'label': 'globus pallidus', 'ontology_term_id': 'UBERON:0001875', 'tissue_type': 'tissue'};{'label': 'granular insular cortex', 'ontology_term_id': 'UBERON:0034892', 'tissue_type': 'tissue'};{'label': 'gray matter of midbrain', 'ontology_term_id': 'UBERON:0019267', 'tissue_type': 'tissue'};{'label': 'hippocampal field', 'ontology_term_id': 'UBERON:0003876', 'tissue_type': 'tissue'};{'label': 'hypothalamus', 'ontology_term_id': 'UBERON:0001898', 'tissue_type': 'tissue'};{'label': 'inferior frontal gyrus', 'ontology_term_id': 'UBERON:0002998', 'tissue_type': 'tissue'};{'label': 'inferior olivary complex', 'ontology_term_id': 'UBERON:0002127', 'tissue_type': 'tissue'};{'label': 'inferior temporal gyrus', 'ontology_term_id': 'UBERON:0002751', 'tissue_type': 'tissue'};{'label': 'intralaminar nuclear group', 'ontology_term_id': 'UBERON:0002733', 'tissue_type': 'tissue'};{'label': 'lateral amygdaloid nucleus', 'ontology_term_id': 'UBERON:0002886', 'tissue_type': 'tissue'};{'label': 'lateral entorhinal cortex', 'ontology_term_id': 'UBERON:0007225', 'tissue_type': 'tissue'};{'label': 'lateral geniculate body', 'ontology_term_id': 'UBERON:0001926', 'tissue_type': 'tissue'};{'label': 'lateral nuclear group of thalamus', 'ontology_term_id': 'UBERON:0002736', 'tissue_type': 'tissue'};{'label': 'lateral posterior nucleus of thalamus', 'ontology_term_id': 'UBERON:0002983', 'tissue_type': 'tissue'};{'label': 'mammillary body', 'ontology_term_id': 'UBERON:0002206', 'tissue_type': 'tissue'};{'label': 'medial dorsal nucleus of thalamus', 'ontology_term_id': 'UBERON:0002739', 'tissue_type': 'tissue'};{'label': 'medial entorhinal cortex', 'ontology_term_id': 'UBERON:0007224', 'tissue_type': 'tissue'};{'label': 'medial geniculate body', 'ontology_term_id': 'UBERON:0001927', 'tissue_type': 'tissue'};{'label': 'medial zone of hypothalamus', 'ontology_term_id': 'UBERON:0002272', 'tissue_type': 'tissue'};{'label': 'median tuberal portion', 'ontology_term_id': 'UBERON:2000392', 'tissue_type': 'tissue'};{'label': 'midbrain nucleus', 'ontology_term_id': 'UBERON:0009661', 'tissue_type': 'tissue'};{'label': 'midbrain tectum', 'ontology_term_id': 'UBERON:0002314', 'tissue_type': 'tissue'};{'label': 'middle temporal gyrus', 'ontology_term_id': 'UBERON:0002771', 'tissue_type': 'tissue'};{'label': 'nucleus accumbens', 'ontology_term_id': 'UBERON:0001882', 'tissue_type': 'tissue'};{'label': 'nucleus of dorsal thalamus', 'ontology_term_id': 'UBERON:0015233', 'tissue_type': 'tissue'};{'label': 'nucleus of medulla oblongata', 'ontology_term_id': 'UBERON:0007635', 'tissue_type': 'tissue'};{'label': 'parabrachial nucleus', 'ontology_term_id': 'UBERON:0007634', 'tissue_type': 'tissue'};{'label': 'perirhinal cortex', 'ontology_term_id': 'UBERON:0006083', 'tissue_type': 'tissue'};{'label': 'piriform cortex', 'ontology_term_id': 'UBERON:0004725', 'tissue_type': 'tissue'};{'label': 'pontine nuclear group', 'ontology_term_id': 'UBERON:0002151', 'tissue_type': 'tissue'};{'label': 'pontine reticular formation', 'ontology_term_id': 'UBERON:0002573', 'tissue_type': 'tissue'};{'label': 'pontine tegmentum', 'ontology_term_id': 'UBERON:0003023', 'tissue_type': 'tissue'};{'label': 'posterior parahippocampal gyrus', 'ontology_term_id': 'UBERON:0002657', 'tissue_type': 'tissue'};{'label': 'preoptic area', 'ontology_term_id': 'UBERON:0001928', 'tissue_type': 'tissue'};{'label': 'pretectal region', 'ontology_term_id': 'UBERON:0001944', 'tissue_type': 'tissue'};{'label': 'primary auditory cortex', 'ontology_term_id': 'UBERON:0034751', 'tissue_type': 'tissue'};{'label': 'primary motor cortex', 'ontology_term_id': 'UBERON:0001384', 'tissue_type': 'tissue'};{'label': 'primary somatosensory cortex', 'ontology_term_id': 'UBERON:0008933', 'tissue_type': 'tissue'};{'label': 'primary visual cortex', 'ontology_term_id': 'UBERON:0002436', 'tissue_type': 'tissue'};{'label': 'pulvinar nucleus', 'ontology_term_id': 'UBERON:0002981', 'tissue_type': 'tissue'};{'label': 'putamen', 'ontology_term_id': 'UBERON:0001874', 'tissue_type': 'tissue'};{'label': 'red nucleus', 'ontology_term_id': 'UBERON:0001947', 'tissue_type': 'tissue'};{'label': 'retrosplenial region', 'ontology_term_id': 'UBERON:0013531', 'tissue_type': 'tissue'};{'label': 'rostral CA3', 'ontology_term_id': 'UBERON:0034779', 'tissue_type': 'tissue'};{'label': 'septal nuclear complex', 'ontology_term_id': 'UBERON:0002663', 'tissue_type': 'tissue'};{'label': 'spinal cord', 'ontology_term_id': 'UBERON:0002240', 'tissue_type': 'tissue'};{'label': 'subicular complex', 'ontology_term_id': 'UBERON:0023787', 'tissue_type': 'tissue'};{'label': 'substantia innominata', 'ontology_term_id': 'UBERON:0003017', 'tissue_type': 'tissue'};{'label': 'substantia nigra', 'ontology_term_id': 'UBERON:0002038', 'tissue_type': 'tissue'};{'label': 'subthalamic nucleus', 'ontology_term_id': 'UBERON:0001906', 'tissue_type': 'tissue'};{'label': 'superior parietal cortex', 'ontology_term_id': 'UBERON:0006094', 'tissue_type': 'tissue'};{'label': 'superior temporal gyrus', 'ontology_term_id': 'UBERON:0002769', 'tissue_type': 'tissue'};{'label': 'supraoptic nucleus', 'ontology_term_id': 'UBERON:0001929', 'tissue_type': 'tissue'};{'label': 'temporal fusiform gyrus', 'ontology_term_id': 'UBERON:0022395', 'tissue_type': 'tissue'};{'label': 'uncal CA1', 'ontology_term_id': 'UBERON:0034774', 'tissue_type': 'tissue'};{'label': 'ventral anterior nucleus of thalamus', 'ontology_term_id': 'UBERON:0002637', 'tissue_type': 'tissue'}	None	Human Brain Cell Atlas v1.0	10.1126/science.add7046	700aed19-c16e-4ba8-9191-07da098a8626	283d65eb-dd53-496d-adb7-7570c7caa443	10x 3' v3	normal	None
choroid_plexus	None	{'label': 'Brodmann (1909) area 43', 'ontology_term_id': 'UBERON:0013561', 'tissue_type': 'tissue'};{'label': 'accessory basal amygdaloid nucleus', 'ontology_term_id': 'UBERON:0002885', 'tissue_type': 'tissue'};{'label': 'anterior nuclear group', 'ontology_term_id': 'UBERON:0002788', 'tissue_type': 'tissue'};{'label': 'basolateral amygdaloid nuclear complex', 'ontology_term_id': 'UBERON:0006107', 'tissue_type': 'tissue'};{'label': 'bed nucleus of stria terminalis', 'ontology_term_id': 'UBERON:0001880', 'tissue_type': 'tissue'};{'label': 'body of caudate nucleus', 'ontology_term_id': 'UBERON:0002630', 'tissue_type': 'tissue'};{'label': 'central amygdaloid nucleus', 'ontology_term_id': 'UBERON:0002883', 'tissue_type': 'tissue'};{'label': 'cerebellar nuclear complex', 'ontology_term_id': 'UBERON:0002130', 'tissue_type': 'tissue'};{'label': 'cerebellar vermis', 'ontology_term_id': 'UBERON:0004720', 'tissue_type': 'tissue'};{'label': 'corticomedial nuclear complex', 'ontology_term_id': 'UBERON:0006108', 'tissue_type': 'tissue'};{'label': 'dentate gyrus of hippocampal formation', 'ontology_term_id': 'UBERON:0001885', 'tissue_type': 'tissue'};{'label': 'dorsal tegmental nucleus', 'ontology_term_id': 'UBERON:0002143', 'tissue_type': 'tissue'};{'label': 'epithalamus', 'ontology_term_id': 'UBERON:0001899', 'tissue_type': 'tissue'};{'label': 'gray matter of midbrain', 'ontology_term_id': 'UBERON:0019267', 'tissue_type': 'tissue'};{'label': 'hippocampal field', 'ontology_term_id': 'UBERON:0003876', 'tissue_type': 'tissue'};{'label': 'hypothalamus', 'ontology_term_id': 'UBERON:0001898', 'tissue_type': 'tissue'};{'label': 'inferior olivary complex', 'ontology_term_id': 'UBERON:0002127', 'tissue_type': 'tissue'};{'label': 'intralaminar nuclear group', 'ontology_term_id': 'UBERON:0002733', 'tissue_type': 'tissue'};{'label': 'lateral amygdaloid nucleus', 'ontology_term_id': 'UBERON:0002886', 'tissue_type': 'tissue'};{'label': 'lateral nuclear group of thalamus', 'ontology_term_id': 'UBERON:0002736', 'tissue_type': 'tissue'};{'label': 'mammillary body', 'ontology_term_id': 'UBERON:0002206', 'tissue_type': 'tissue'};{'label': 'medial dorsal nucleus of thalamus', 'ontology_term_id': 'UBERON:0002739', 'tissue_type': 'tissue'};{'label': 'medial geniculate body', 'ontology_term_id': 'UBERON:0001927', 'tissue_type': 'tissue'};{'label': 'medial zone of hypothalamus', 'ontology_term_id': 'UBERON:0002272', 'tissue_type': 'tissue'};{'label': 'median tuberal portion', 'ontology_term_id': 'UBERON:2000392', 'tissue_type': 'tissue'};{'label': 'midbrain nucleus', 'ontology_term_id': 'UBERON:0009661', 'tissue_type': 'tissue'};{'label': 'midbrain tectum', 'ontology_term_id': 'UBERON:0002314', 'tissue_type': 'tissue'};{'label': 'nucleus accumbens', 'ontology_term_id': 'UBERON:0001882', 'tissue_type': 'tissue'};{'label': 'nucleus of dorsal thalamus', 'ontology_term_id': 'UBERON:0015233', 'tissue_type': 'tissue'};{'label': 'nucleus of medulla oblongata', 'ontology_term_id': 'UBERON:0007635', 'tissue_type': 'tissue'};{'label': 'parabrachial nucleus', 'ontology_term_id': 'UBERON:0007634', 'tissue_type': 'tissue'};{'label': 'pontine reticular formation', 'ontology_term_id': 'UBERON:0002573', 'tissue_type': 'tissue'};{'label': 'pontine tegmentum', 'ontology_term_id': 'UBERON:0003023', 'tissue_type': 'tissue'};{'label': 'preoptic area', 'ontology_term_id': 'UBERON:0001928', 'tissue_type': 'tissue'};{'label': 'pretectal region', 'ontology_term_id': 'UBERON:0001944', 'tissue_type': 'tissue'};{'label': 'pulvinar nucleus', 'ontology_term_id': 'UBERON:0002981', 'tissue_type': 'tissue'};{'label': 'rostral CA3', 'ontology_term_id': 'UBERON:0034779', 'tissue_type': 'tissue'};{'label': 'septal nuclear complex', 'ontology_term_id': 'UBERON:0002663', 'tissue_type': 'tissue'};{'label': 'spinal cord', 'ontology_term_id': 'UBERON:0002240', 'tissue_type': 'tissue'};{'label': 'subicular complex', 'ontology_term_id': 'UBERON:0023787', 'tissue_type': 'tissue'};{'label': 'substantia innominata', 'ontology_term_id': 'UBERON:0003017', 'tissue_type': 'tissue'};{'label': 'substantia nigra', 'ontology_term_id': 'UBERON:0002038', 'tissue_type': 'tissue'};{'label': 'supraoptic nucleus', 'ontology_term_id': 'UBERON:0001929', 'tissue_type': 'tissue'};{'label': 'uncal CA1', 'ontology_term_id': 'UBERON:0034774', 'tissue_type': 'tissue'};{'label': 'ventral anterior nucleus of thalamus', 'ontology_term_id': 'UBERON:0002637', 'tissue_type': 'tissue'}	None	Human Brain Cell Atlas v1.0	10.1126/science.add7046	6dafb698-7a53-4699-ad13-1b5e2c164be7	283d65eb-dd53-496d-adb7-7570c7caa443	10x 3' v3	normal	None
choroid_plexus	None	{'label': 'cerebellar nuclear complex', 'ontology_term_id': 'UBERON:0002130', 'tissue_type': 'tissue'};{'label': 'dorsal tegmental nucleus', 'ontology_term_id': 'UBERON:0002143', 'tissue_type': 'tissue'};{'label': 'globus pallidus', 'ontology_term_id': 'UBERON:0001875', 'tissue_type': 'tissue'};{'label': 'gray matter of midbrain', 'ontology_term_id': 'UBERON:0019267', 'tissue_type': 'tissue'};{'label': 'inferior olivary complex', 'ontology_term_id': 'UBERON:0002127', 'tissue_type': 'tissue'};{'label': 'intralaminar nuclear group', 'ontology_term_id': 'UBERON:0002733', 'tissue_type': 'tissue'};{'label': 'mammillary body', 'ontology_term_id': 'UBERON:0002206', 'tissue_type': 'tissue'};{'label': 'midbrain tectum', 'ontology_term_id': 'UBERON:0002314', 'tissue_type': 'tissue'};{'label': 'nucleus of medulla oblongata', 'ontology_term_id': 'UBERON:0007635', 'tissue_type': 'tissue'};{'label': 'parabrachial nucleus', 'ontology_term_id': 'UBERON:0007634', 'tissue_type': 'tissue'};{'label': 'pontine nuclear group', 'ontology_term_id': 'UBERON:0002151', 'tissue_type': 'tissue'};{'label': 'pontine reticular formation', 'ontology_term_id': 'UBERON:0002573', 'tissue_type': 'tissue'};{'label': 'pontine tegmentum', 'ontology_term_id': 'UBERON:0003023', 'tissue_type': 'tissue'};{'label': 'primary motor cortex', 'ontology_term_id': 'UBERON:0001384', 'tissue_type': 'tissue'};{'label': 'pulvinar nucleus', 'ontology_term_id': 'UBERON:0002981', 'tissue_type': 'tissue'};{'label': 'septal nuclear complex', 'ontology_term_id': 'UBERON:0002663', 'tissue_type': 'tissue'};{'label': 'substantia nigra', 'ontology_term_id': 'UBERON:0002038', 'tissue_type': 'tissue'};{'label': 'temporal fusiform gyrus', 'ontology_term_id': 'UBERON:0022395', 'tissue_type': 'tissue'}	None	Human Brain Cell Atlas v1.0	10.1126/science.add7046	6538ce1b-7949-405f-b01c-a2c3e876baee	283d65eb-dd53-496d-adb7-7570c7caa443	10x 3' v3	normal	None
choroid_plexus	None	{'label': 'midbrain tectum', 'ontology_term_id': 'UBERON:0002314', 'tissue_type': 'tissue'}	None	Human Brain Cell Atlas v1.0	10.1126/science.add7046	5e5ab909-f73f-4b57-98a0-6d2c5662f6a4	283d65eb-dd53-496d-adb7-7570c7caa443	10x 3' v3	normal	None
choroid_plexus	None	{'label': 'dorsal tegmental nucleus', 'ontology_term_id': 'UBERON:0002143', 'tissue_type': 'tissue'};{'label': 'hypothalamus', 'ontology_term_id': 'UBERON:0001898', 'tissue_type': 'tissue'};{'label': 'intralaminar nuclear group', 'ontology_term_id': 'UBERON:0002733', 'tissue_type': 'tissue'};{'label': 'mammillary body', 'ontology_term_id': 'UBERON:0002206', 'tissue_type': 'tissue'};{'label': 'medial geniculate body', 'ontology_term_id': 'UBERON:0001927', 'tissue_type': 'tissue'};{'label': 'medial zone of hypothalamus', 'ontology_term_id': 'UBERON:0002272', 'tissue_type': 'tissue'};{'label': 'median tuberal portion', 'ontology_term_id': 'UBERON:2000392', 'tissue_type': 'tissue'};{'label': 'midbrain nucleus', 'ontology_term_id': 'UBERON:0009661', 'tissue_type': 'tissue'};{'label': 'primary motor cortex', 'ontology_term_id': 'UBERON:0001384', 'tissue_type': 'tissue'};{'label': 'substantia nigra', 'ontology_term_id': 'UBERON:0002038', 'tissue_type': 'tissue'};{'label': 'subthalamic nucleus', 'ontology_term_id': 'UBERON:0001906', 'tissue_type': 'tissue'}	None	Human Brain Cell Atlas v1.0	10.1126/science.add7046	599504e5-d4ad-45bd-9128-823faf0fb9c9	283d65eb-dd53-496d-adb7-7570c7caa443	10x 3' v3	normal	None
choroid_plexus	None	{'label': 'Brodmann (1909) area 13', 'ontology_term_id': 'UBERON:0013544', 'tissue_type': 'tissue'};{'label': 'Brodmann (1909) area 14', 'ontology_term_id': 'UBERON:0013545', 'tissue_type': 'tissue'};{'label': 'Brodmann (1909) area 19', 'ontology_term_id': 'UBERON:0013550', 'tissue_type': 'tissue'};{'label': 'Brodmann (1909) area 23', 'ontology_term_id': 'UBERON:0013554', 'tissue_type': 'tissue'};{'label': 'Brodmann (1909) area 24', 'ontology_term_id': 'UBERON:0006101', 'tissue_type': 'tissue'};{'label': 'Brodmann (1909) area 25', 'ontology_term_id': 'UBERON:0013556', 'tissue_type': 'tissue'};{'label': 'Brodmann (1909) area 32', 'ontology_term_id': 'UBERON:0013560', 'tissue_type': 'tissue'};{'label': 'Brodmann (1909) area 35', 'ontology_term_id': 'UBERON:0006102', 'tissue_type': 'tissue'};{'label': 'Brodmann (1909) area 38', 'ontology_term_id': 'UBERON:0006479', 'tissue_type': 'tissue'};{'label': 'Brodmann (1909) area 40', 'ontology_term_id': 'UBERON:0013573', 'tissue_type': 'tissue'};{'label': 'Brodmann (1909) area 43', 'ontology_term_id': 'UBERON:0013561', 'tissue_type': 'tissue'};{'label': 'Brodmann (1909) area 46', 'ontology_term_id': 'UBERON:0006483', 'tissue_type': 'tissue'};{'label': 'accessory basal amygdaloid nucleus', 'ontology_term_id': 'UBERON:0002885', 'tissue_type': 'tissue'};{'label': 'agranular insular cortex', 'ontology_term_id': 'UBERON:0034893', 'tissue_type': 'tissue'};{'label': 'anterior cortical amygdaloid nucleus', 'ontology_term_id': 'UBERON:0034991', 'tissue_type': 'tissue'};{'label': 'anterior nuclear group', 'ontology_term_id': 'UBERON:0002788', 'tissue_type': 'tissue'};{'label': 'anterior olfactory nucleus', 'ontology_term_id': 'UBERON:0002266', 'tissue_type': 'tissue'};{'label': 'basolateral amygdaloid nuclear complex', 'ontology_term_id': 'UBERON:0006107', 'tissue_type': 'tissue'};{'label': 'bed nucleus of stria terminalis', 'ontology_term_id': 'UBERON:0001880', 'tissue_type': 'tissue'};{'label': 'body of caudate nucleus', 'ontology_term_id': 'UBERON:0002630', 'tissue_type': 'tissue'};{'label': 'central amygdaloid nucleus', 'ontology_term_id': 'UBERON:0002883', 'tissue_type': 'tissue'};{'label': 'centromedian nucleus of thalamus', 'ontology_term_id': 'UBERON:0002972', 'tissue_type': 'tissue'};{'label': 'cerebellar nuclear complex', 'ontology_term_id': 'UBERON:0002130', 'tissue_type': 'tissue'};{'label': 'cerebellar vermis', 'ontology_term_id': 'UBERON:0004720', 'tissue_type': 'tissue'};{'label': 'cerebrocerebellum', 'ontology_term_id': 'UBERON:0014644', 'tissue_type': 'tissue'};{'label': 'claustrum of brain', 'ontology_term_id': 'UBERON:0002023', 'tissue_type': 'tissue'};{'label': 'corticomedial nuclear complex', 'ontology_term_id': 'UBERON:0006108', 'tissue_type': 'tissue'};{'label': 'cuneus cortex', 'ontology_term_id': 'UBERON:0006092', 'tissue_type': 'tissue'};{'label': 'dentate gyrus of hippocampal formation', 'ontology_term_id': 'UBERON:0001885', 'tissue_type': 'tissue'};{'label': 'dorsal tegmental nucleus', 'ontology_term_id': 'UBERON:0002143', 'tissue_type': 'tissue'};{'label': 'epithalamus', 'ontology_term_id': 'UBERON:0001899', 'tissue_type': 'tissue'};{'label': 'extrastriate cortex', 'ontology_term_id': 'UBERON:0014370', 'tissue_type': 'tissue'};{'label': 'globus pallidus', 'ontology_term_id': 'UBERON:0001875', 'tissue_type': 'tissue'};{'label': 'granular insular cortex', 'ontology_term_id': 'UBERON:0034892', 'tissue_type': 'tissue'};{'label': 'gray matter of midbrain', 'ontology_term_id': 'UBERON:0019267', 'tissue_type': 'tissue'};{'label': 'hippocampal field', 'ontology_term_id': 'UBERON:0003876', 'tissue_type': 'tissue'};{'label': 'hypothalamus', 'ontology_term_id': 'UBERON:0001898', 'tissue_type': 'tissue'};{'label': 'inferior frontal gyrus', 'ontology_term_id': 'UBERON:0002998', 'tissue_type': 'tissue'};{'label': 'inferior olivary complex', 'ontology_term_id': 'UBERON:0002127', 'tissue_type': 'tissue'};{'label': 'inferior temporal gyrus', 'ontology_term_id': 'UBERON:0002751', 'tissue_type': 'tissue'};{'label': 'intralaminar nuclear group', 'ontology_term_id': 'UBERON:0002733', 'tissue_type': 'tissue'};{'label': 'lateral amygdaloid nucleus', 'ontology_term_id': 'UBERON:0002886', 'tissue_type': 'tissue'};{'label': 'lateral entorhinal cortex', 'ontology_term_id': 'UBERON:0007225', 'tissue_type': 'tissue'};{'label': 'lateral geniculate body', 'ontology_term_id': 'UBERON:0001926', 'tissue_type': 'tissue'};{'label': 'lateral nuclear group of thalamus', 'ontology_term_id': 'UBERON:0002736', 'tissue_type': 'tissue'};{'label': 'lateral posterior nucleus of thalamus', 'ontology_term_id': 'UBERON:0002983', 'tissue_type': 'tissue'};{'label': 'mammillary body', 'ontology_term_id': 'UBERON:0002206', 'tissue_type': 'tissue'};{'label': 'medial dorsal nucleus of thalamus', 'ontology_term_id': 'UBERON:0002739', 'tissue_type': 'tissue'};{'label': 'medial entorhinal cortex', 'ontology_term_id': 'UBERON:0007224', 'tissue_type': 'tissue'};{'label': 'medial geniculate body', 'ontology_term_id': 'UBERON:0001927', 'tissue_type': 'tissue'};{'label': 'medial zone of hypothalamus', 'ontology_term_id': 'UBERON:0002272', 'tissue_type': 'tissue'};{'label': 'median tuberal portion', 'ontology_term_id': 'UBERON:2000392', 'tissue_type': 'tissue'};{'label': 'midbrain nucleus', 'ontology_term_id': 'UBERON:0009661', 'tissue_type': 'tissue'};{'label': 'midbrain tectum', 'ontology_term_id': 'UBERON:0002314', 'tissue_type': 'tissue'};{'label': 'middle temporal gyrus', 'ontology_term_id': 'UBERON:0002771', 'tissue_type': 'tissue'};{'label': 'nucleus accumbens', 'ontology_term_id': 'UBERON:0001882', 'tissue_type': 'tissue'};{'label': 'nucleus of dorsal thalamus', 'ontology_term_id': 'UBERON:0015233', 'tissue_type': 'tissue'};{'label': 'nucleus of medulla oblongata', 'ontology_term_id': 'UBERON:0007635', 'tissue_type': 'tissue'};{'label': 'parabrachial nucleus', 'ontology_term_id': 'UBERON:0007634', 'tissue_type': 'tissue'};{'label': 'perirhinal cortex', 'ontology_term_id': 'UBERON:0006083', 'tissue_type': 'tissue'};{'label': 'piriform cortex', 'ontology_term_id': 'UBERON:0004725', 'tissue_type': 'tissue'};{'label': 'pontine nuclear group', 'ontology_term_id': 'UBERON:0002151', 'tissue_type': 'tissue'};{'label': 'pontine reticular formation', 'ontology_term_id': 'UBERON:0002573', 'tissue_type': 'tissue'};{'label': 'pontine tegmentum', 'ontology_term_id': 'UBERON:0003023', 'tissue_type': 'tissue'};{'label': 'posterior parahippocampal gyrus', 'ontology_term_id': 'UBERON:0002657', 'tissue_type': 'tissue'};{'label': 'preoptic area', 'ontology_term_id': 'UBERON:0001928', 'tissue_type': 'tissue'};{'label': 'pretectal region', 'ontology_term_id': 'UBERON:0001944', 'tissue_type': 'tissue'};{'label': 'primary auditory cortex', 'ontology_term_id': 'UBERON:0034751', 'tissue_type': 'tissue'};{'label': 'primary motor cortex', 'ontology_term_id': 'UBERON:0001384', 'tissue_type': 'tissue'};{'label': 'primary somatosensory cortex', 'ontology_term_id': 'UBERON:0008933', 'tissue_type': 'tissue'};{'label': 'primary visual cortex', 'ontology_term_id': 'UBERON:0002436', 'tissue_type': 'tissue'};{'label': 'pulvinar nucleus', 'ontology_term_id': 'UBERON:0002981', 'tissue_type': 'tissue'};{'label': 'putamen', 'ontology_term_id': 'UBERON:0001874', 'tissue_type': 'tissue'};{'label': 'red nucleus', 'ontology_term_id': 'UBERON:0001947', 'tissue_type': 'tissue'};{'label': 'retrosplenial region', 'ontology_term_id': 'UBERON:0013531', 'tissue_type': 'tissue'};{'label': 'rostral CA3', 'ontology_term_id': 'UBERON:0034779', 'tissue_type': 'tissue'};{'label': 'septal nuclear complex', 'ontology_term_id': 'UBERON:0002663', 'tissue_type': 'tissue'};{'label': 'spinal cord', 'ontology_term_id': 'UBERON:0002240', 'tissue_type': 'tissue'};{'label': 'subicular complex', 'ontology_term_id': 'UBERON:0023787', 'tissue_type': 'tissue'};{'label': 'substantia innominata', 'ontology_term_id': 'UBERON:0003017', 'tissue_type': 'tissue'};{'label': 'substantia nigra', 'ontology_term_id': 'UBERON:0002038', 'tissue_type': 'tissue'};{'label': 'subthalamic nucleus', 'ontology_term_id': 'UBERON:0001906', 'tissue_type': 'tissue'};{'label': 'superior parietal cortex', 'ontology_term_id': 'UBERON:0006094', 'tissue_type': 'tissue'};{'label': 'superior temporal gyrus', 'ontology_term_id': 'UBERON:0002769', 'tissue_type': 'tissue'};{'label': 'supraoptic nucleus', 'ontology_term_id': 'UBERON:0001929', 'tissue_type': 'tissue'};{'label': 'temporal fusiform gyrus', 'ontology_term_id': 'UBERON:0022395', 'tissue_type': 'tissue'};{'label': 'uncal CA1', 'ontology_term_id': 'UBERON:0034774', 'tissue_type': 'tissue'};{'label': 'ventral anterior nucleus of thalamus', 'ontology_term_id': 'UBERON:0002637', 'tissue_type': 'tissue'}	None	Human Brain Cell Atlas v1.0	10.1126/science.add7046	59923449-e303-43e6-9e63-03ef92f5ebd1	283d65eb-dd53-496d-adb7-7570c7caa443	10x 3' v3	normal	None
choroid_plexus	None	{'label': 'Brodmann (1909) area 13', 'ontology_term_id': 'UBERON:0013544', 'tissue_type': 'tissue'};{'label': 'Brodmann (1909) area 14', 'ontology_term_id': 'UBERON:0013545', 'tissue_type': 'tissue'};{'label': 'Brodmann (1909) area 19', 'ontology_term_id': 'UBERON:0013550', 'tissue_type': 'tissue'};{'label': 'Brodmann (1909) area 23', 'ontology_term_id': 'UBERON:0013554', 'tissue_type': 'tissue'};{'label': 'Brodmann (1909) area 24', 'ontology_term_id': 'UBERON:0006101', 'tissue_type': 'tissue'};{'label': 'Brodmann (1909) area 25', 'ontology_term_id': 'UBERON:0013556', 'tissue_type': 'tissue'};{'label': 'Brodmann (1909) area 32', 'ontology_term_id': 'UBERON:0013560', 'tissue_type': 'tissue'};{'label': 'Brodmann (1909) area 35', 'ontology_term_id': 'UBERON:0006102', 'tissue_type': 'tissue'};{'label': 'Brodmann (1909) area 38', 'ontology_term_id': 'UBERON:0006479', 'tissue_type': 'tissue'};{'label': 'Brodmann (1909) area 40', 'ontology_term_id': 'UBERON:0013573', 'tissue_type': 'tissue'};{'label': 'Brodmann (1909) area 43', 'ontology_term_id': 'UBERON:0013561', 'tissue_type': 'tissue'};{'label': 'Brodmann (1909) area 46', 'ontology_term_id': 'UBERON:0006483', 'tissue_type': 'tissue'};{'label': 'accessory basal amygdaloid nucleus', 'ontology_term_id': 'UBERON:0002885', 'tissue_type': 'tissue'};{'label': 'agranular insular cortex', 'ontology_term_id': 'UBERON:0034893', 'tissue_type': 'tissue'};{'label': 'anterior cortical amygdaloid nucleus', 'ontology_term_id': 'UBERON:0034991', 'tissue_type': 'tissue'};{'label': 'anterior nuclear group', 'ontology_term_id': 'UBERON:0002788', 'tissue_type': 'tissue'};{'label': 'anterior olfactory nucleus', 'ontology_term_id': 'UBERON:0002266', 'tissue_type': 'tissue'};{'label': 'basolateral amygdaloid nuclear complex', 'ontology_term_id': 'UBERON:0006107', 'tissue_type': 'tissue'};{'label': 'bed nucleus of stria terminalis', 'ontology_term_id': 'UBERON:0001880', 'tissue_type': 'tissue'};{'label': 'body of caudate nucleus', 'ontology_term_id': 'UBERON:0002630', 'tissue_type': 'tissue'};{'label': 'central amygdaloid nucleus', 'ontology_term_id': 'UBERON:0002883', 'tissue_type': 'tissue'};{'label': 'centromedian nucleus of thalamus', 'ontology_term_id': 'UBERON:0002972', 'tissue_type': 'tissue'};{'label': 'cerebellar nuclear complex', 'ontology_term_id': 'UBERON:0002130', 'tissue_type': 'tissue'};{'label': 'cerebellar vermis', 'ontology_term_id': 'UBERON:0004720', 'tissue_type': 'tissue'};{'label': 'cerebrocerebellum', 'ontology_term_id': 'UBERON:0014644', 'tissue_type': 'tissue'};{'label': 'claustrum of brain', 'ontology_term_id': 'UBERON:0002023', 'tissue_type': 'tissue'};{'label': 'corticomedial nuclear complex', 'ontology_term_id': 'UBERON:0006108', 'tissue_type': 'tissue'};{'label': 'cuneus cortex', 'ontology_term_id': 'UBERON:0006092', 'tissue_type': 'tissue'};{'label': 'dentate gyrus of hippocampal formation', 'ontology_term_id': 'UBERON:0001885', 'tissue_type': 'tissue'};{'label': 'dorsal tegmental nucleus', 'ontology_term_id': 'UBERON:0002143', 'tissue_type': 'tissue'};{'label': 'epithalamus', 'ontology_term_id': 'UBERON:0001899', 'tissue_type': 'tissue'};{'label': 'extrastriate cortex', 'ontology_term_id': 'UBERON:0014370', 'tissue_type': 'tissue'};{'label': 'globus pallidus', 'ontology_term_id': 'UBERON:0001875', 'tissue_type': 'tissue'};{'label': 'granular insular cortex', 'ontology_term_id': 'UBERON:0034892', 'tissue_type': 'tissue'};{'label': 'gray matter of midbrain', 'ontology_term_id': 'UBERON:0019267', 'tissue_type': 'tissue'};{'label': 'hippocampal field', 'ontology_term_id': 'UBERON:0003876', 'tissue_type': 'tissue'};{'label': 'hypothalamus', 'ontology_term_id': 'UBERON:0001898', 'tissue_type': 'tissue'};{'label': 'inferior frontal gyrus', 'ontology_term_id': 'UBERON:0002998', 'tissue_type': 'tissue'};{'label': 'inferior olivary complex', 'ontology_term_id': 'UBERON:0002127', 'tissue_type': 'tissue'};{'label': 'inferior temporal gyrus', 'ontology_term_id': 'UBERON:0002751', 'tissue_type': 'tissue'};{'label': 'intralaminar nuclear group', 'ontology_term_id': 'UBERON:0002733', 'tissue_type': 'tissue'};{'label': 'lateral amygdaloid nucleus', 'ontology_term_id': 'UBERON:0002886', 'tissue_type': 'tissue'};{'label': 'lateral entorhinal cortex', 'ontology_term_id': 'UBERON:0007225', 'tissue_type': 'tissue'};{'label': 'lateral geniculate body', 'ontology_term_id': 'UBERON:0001926', 'tissue_type': 'tissue'};{'label': 'lateral nuclear group of thalamus', 'ontology_term_id': 'UBERON:0002736', 'tissue_type': 'tissue'};{'label': 'lateral posterior nucleus of thalamus', 'ontology_term_id': 'UBERON:0002983', 'tissue_type': 'tissue'};{'label': 'mammillary body', 'ontology_term_id': 'UBERON:0002206', 'tissue_type': 'tissue'};{'label': 'medial dorsal nucleus of thalamus', 'ontology_term_id': 'UBERON:0002739', 'tissue_type': 'tissue'};{'label': 'medial entorhinal cortex', 'ontology_term_id': 'UBERON:0007224', 'tissue_type': 'tissue'};{'label': 'medial geniculate body', 'ontology_term_id': 'UBERON:0001927', 'tissue_type': 'tissue'};{'label': 'medial zone of hypothalamus', 'ontology_term_id': 'UBERON:0002272', 'tissue_type': 'tissue'};{'label': 'median tuberal portion', 'ontology_term_id': 'UBERON:2000392', 'tissue_type': 'tissue'};{'label': 'midbrain nucleus', 'ontology_term_id': 'UBERON:0009661', 'tissue_type': 'tissue'};{'label': 'midbrain tectum', 'ontology_term_id': 'UBERON:0002314', 'tissue_type': 'tissue'};{'label': 'middle temporal gyrus', 'ontology_term_id': 'UBERON:0002771', 'tissue_type': 'tissue'};{'label': 'nucleus accumbens', 'ontology_term_id': 'UBERON:0001882', 'tissue_type': 'tissue'};{'label': 'nucleus of dorsal thalamus', 'ontology_term_id': 'UBERON:0015233', 'tissue_type': 'tissue'};{'label': 'nucleus of medulla oblongata', 'ontology_term_id': 'UBERON:0007635', 'tissue_type': 'tissue'};{'label': 'parabrachial nucleus', 'ontology_term_id': 'UBERON:0007634', 'tissue_type': 'tissue'};{'label': 'perirhinal cortex', 'ontology_term_id': 'UBERON:0006083', 'tissue_type': 'tissue'};{'label': 'piriform cortex', 'ontology_term_id': 'UBERON:0004725', 'tissue_type': 'tissue'};{'label': 'pontine nuclear group', 'ontology_term_id': 'UBERON:0002151', 'tissue_type': 'tissue'};{'label': 'pontine reticular formation', 'ontology_term_id': 'UBERON:0002573', 'tissue_type': 'tissue'};{'label': 'pontine tegmentum', 'ontology_term_id': 'UBERON:0003023', 'tissue_type': 'tissue'};{'label': 'posterior parahippocampal gyrus', 'ontology_term_id': 'UBERON:0002657', 'tissue_type': 'tissue'};{'label': 'preoptic area', 'ontology_term_id': 'UBERON:0001928', 'tissue_type': 'tissue'};{'label': 'pretectal region', 'ontology_term_id': 'UBERON:0001944', 'tissue_type': 'tissue'};{'label': 'primary auditory cortex', 'ontology_term_id': 'UBERON:0034751', 'tissue_type': 'tissue'};{'label': 'primary motor cortex', 'ontology_term_id': 'UBERON:0001384', 'tissue_type': 'tissue'};{'label': 'primary somatosensory cortex', 'ontology_term_id': 'UBERON:0008933', 'tissue_type': 'tissue'};{'label': 'primary visual cortex', 'ontology_term_id': 'UBERON:0002436', 'tissue_type': 'tissue'};{'label': 'pulvinar nucleus', 'ontology_term_id': 'UBERON:0002981', 'tissue_type': 'tissue'};{'label': 'putamen', 'ontology_term_id': 'UBERON:0001874', 'tissue_type': 'tissue'};{'label': 'red nucleus', 'ontology_term_id': 'UBERON:0001947', 'tissue_type': 'tissue'};{'label': 'retrosplenial region', 'ontology_term_id': 'UBERON:0013531', 'tissue_type': 'tissue'};{'label': 'rostral CA3', 'ontology_term_id': 'UBERON:0034779', 'tissue_type': 'tissue'};{'label': 'septal nuclear complex', 'ontology_term_id': 'UBERON:0002663', 'tissue_type': 'tissue'};{'label': 'spinal cord', 'ontology_term_id': 'UBERON:0002240', 'tissue_type': 'tissue'};{'label': 'subicular complex', 'ontology_term_id': 'UBERON:0023787', 'tissue_type': 'tissue'};{'label': 'substantia innominata', 'ontology_term_id': 'UBERON:0003017', 'tissue_type': 'tissue'};{'label': 'substantia nigra', 'ontology_term_id': 'UBERON:0002038', 'tissue_type': 'tissue'};{'label': 'subthalamic nucleus', 'ontology_term_id': 'UBERON:0001906', 'tissue_type': 'tissue'};{'label': 'superior parietal cortex', 'ontology_term_id': 'UBERON:0006094', 'tissue_type': 'tissue'};{'label': 'superior temporal gyrus', 'ontology_term_id': 'UBERON:0002769', 'tissue_type': 'tissue'};{'label': 'supraoptic nucleus', 'ontology_term_id': 'UBERON:0001929', 'tissue_type': 'tissue'};{'label': 'temporal fusiform gyrus', 'ontology_term_id': 'UBERON:0022395', 'tissue_type': 'tissue'};{'label': 'uncal CA1', 'ontology_term_id': 'UBERON:0034774', 'tissue_type': 'tissue'};{'label': 'ventral anterior nucleus of thalamus', 'ontology_term_id': 'UBERON:0002637', 'tissue_type': 'tissue'}	None	Human Brain Cell Atlas v1.0	10.1126/science.add7046	531c9543-9093-45ed-93ac-ebc5815bfb8a	283d65eb-dd53-496d-adb7-7570c7caa443	10x 3' v3	normal	None
choroid_plexus	None	{'label': 'cerebellar nuclear complex', 'ontology_term_id': 'UBERON:0002130', 'tissue_type': 'tissue'};{'label': 'cerebellar vermis', 'ontology_term_id': 'UBERON:0004720', 'tissue_type': 'tissue'};{'label': 'cerebrocerebellum', 'ontology_term_id': 'UBERON:0014644', 'tissue_type': 'tissue'};{'label': 'dorsal tegmental nucleus', 'ontology_term_id': 'UBERON:0002143', 'tissue_type': 'tissue'};{'label': 'globus pallidus', 'ontology_term_id': 'UBERON:0001875', 'tissue_type': 'tissue'};{'label': 'inferior olivary complex', 'ontology_term_id': 'UBERON:0002127', 'tissue_type': 'tissue'};{'label': 'mammillary body', 'ontology_term_id': 'UBERON:0002206', 'tissue_type': 'tissue'};{'label': 'midbrain tectum', 'ontology_term_id': 'UBERON:0002314', 'tissue_type': 'tissue'};{'label': 'nucleus of medulla oblongata', 'ontology_term_id': 'UBERON:0007635', 'tissue_type': 'tissue'};{'label': 'parabrachial nucleus', 'ontology_term_id': 'UBERON:0007634', 'tissue_type': 'tissue'};{'label': 'pontine reticular formation', 'ontology_term_id': 'UBERON:0002573', 'tissue_type': 'tissue'};{'label': 'pontine tegmentum', 'ontology_term_id': 'UBERON:0003023', 'tissue_type': 'tissue'};{'label': 'pulvinar nucleus', 'ontology_term_id': 'UBERON:0002981', 'tissue_type': 'tissue'};{'label': 'red nucleus', 'ontology_term_id': 'UBERON:0001947', 'tissue_type': 'tissue'};{'label': 'septal nuclear complex', 'ontology_term_id': 'UBERON:0002663', 'tissue_type': 'tissue'};{'label': 'spinal cord', 'ontology_term_id': 'UBERON:0002240', 'tissue_type': 'tissue'}	None	Human Brain Cell Atlas v1.0	10.1126/science.add7046	50dc91a1-36b6-472a-b884-7307b6961ab1	283d65eb-dd53-496d-adb7-7570c7caa443	10x 3' v3	normal	None
choroid_plexus	None	{'label': 'Brodmann (1909) area 13', 'ontology_term_id': 'UBERON:0013544', 'tissue_type': 'tissue'};{'label': 'Brodmann (1909) area 14', 'ontology_term_id': 'UBERON:0013545', 'tissue_type': 'tissue'};{'label': 'Brodmann (1909) area 19', 'ontology_term_id': 'UBERON:0013550', 'tissue_type': 'tissue'};{'label': 'Brodmann (1909) area 23', 'ontology_term_id': 'UBERON:0013554', 'tissue_type': 'tissue'};{'label': 'Brodmann (1909) area 24', 'ontology_term_id': 'UBERON:0006101', 'tissue_type': 'tissue'};{'label': 'Brodmann (1909) area 25', 'ontology_term_id': 'UBERON:0013556', 'tissue_type': 'tissue'};{'label': 'Brodmann (1909) area 32', 'ontology_term_id': 'UBERON:0013560', 'tissue_type': 'tissue'};{'label': 'Brodmann (1909) area 35', 'ontology_term_id': 'UBERON:0006102', 'tissue_type': 'tissue'};{'label': 'Brodmann (1909) area 38', 'ontology_term_id': 'UBERON:0006479', 'tissue_type': 'tissue'};{'label': 'Brodmann (1909) area 40', 'ontology_term_id': 'UBERON:0013573', 'tissue_type': 'tissue'};{'label': 'Brodmann (1909) area 43', 'ontology_term_id': 'UBERON:0013561', 'tissue_type': 'tissue'};{'label': 'Brodmann (1909) area 46', 'ontology_term_id': 'UBERON:0006483', 'tissue_type': 'tissue'};{'label': 'accessory basal amygdaloid nucleus', 'ontology_term_id': 'UBERON:0002885', 'tissue_type': 'tissue'};{'label': 'agranular insular cortex', 'ontology_term_id': 'UBERON:0034893', 'tissue_type': 'tissue'};{'label': 'anterior cortical amygdaloid nucleus', 'ontology_term_id': 'UBERON:0034991', 'tissue_type': 'tissue'};{'label': 'anterior nuclear group', 'ontology_term_id': 'UBERON:0002788', 'tissue_type': 'tissue'};{'label': 'anterior olfactory nucleus', 'ontology_term_id': 'UBERON:0002266', 'tissue_type': 'tissue'};{'label': 'basolateral amygdaloid nuclear complex', 'ontology_term_id': 'UBERON:0006107', 'tissue_type': 'tissue'};{'label': 'bed nucleus of stria terminalis', 'ontology_term_id': 'UBERON:0001880', 'tissue_type': 'tissue'};{'label': 'body of caudate nucleus', 'ontology_term_id': 'UBERON:0002630', 'tissue_type': 'tissue'};{'label': 'central amygdaloid nucleus', 'ontology_term_id': 'UBERON:0002883', 'tissue_type': 'tissue'};{'label': 'centromedian nucleus of thalamus', 'ontology_term_id': 'UBERON:0002972', 'tissue_type': 'tissue'};{'label': 'cerebellar nuclear complex', 'ontology_term_id': 'UBERON:0002130', 'tissue_type': 'tissue'};{'label': 'cerebellar vermis', 'ontology_term_id': 'UBERON:0004720', 'tissue_type': 'tissue'};{'label': 'cerebrocerebellum', 'ontology_term_id': 'UBERON:0014644', 'tissue_type': 'tissue'};{'label': 'claustrum of brain', 'ontology_term_id': 'UBERON:0002023', 'tissue_type': 'tissue'};{'label': 'corticomedial nuclear complex', 'ontology_term_id': 'UBERON:0006108', 'tissue_type': 'tissue'};{'label': 'cuneus cortex', 'ontology_term_id': 'UBERON:0006092', 'tissue_type': 'tissue'};{'label': 'dentate gyrus of hippocampal formation', 'ontology_term_id': 'UBERON:0001885', 'tissue_type': 'tissue'};{'label': 'dorsal tegmental nucleus', 'ontology_term_id': 'UBERON:0002143', 'tissue_type': 'tissue'};{'label': 'epithalamus', 'ontology_term_id': 'UBERON:0001899', 'tissue_type': 'tissue'};{'label': 'extrastriate cortex', 'ontology_term_id': 'UBERON:0014370', 'tissue_type': 'tissue'};{'label': 'globus pallidus', 'ontology_term_id': 'UBERON:0001875', 'tissue_type': 'tissue'};{'label': 'granular insular cortex', 'ontology_term_id': 'UBERON:0034892', 'tissue_type': 'tissue'};{'label': 'gray matter of midbrain', 'ontology_term_id': 'UBERON:0019267', 'tissue_type': 'tissue'};{'label': 'hippocampal field', 'ontology_term_id': 'UBERON:0003876', 'tissue_type': 'tissue'};{'label': 'hypothalamus', 'ontology_term_id': 'UBERON:0001898', 'tissue_type': 'tissue'};{'label': 'inferior frontal gyrus', 'ontology_term_id': 'UBERON:0002998', 'tissue_type': 'tissue'};{'label': 'inferior olivary complex', 'ontology_term_id': 'UBERON:0002127', 'tissue_type': 'tissue'};{'label': 'inferior temporal gyrus', 'ontology_term_id': 'UBERON:0002751', 'tissue_type': 'tissue'};{'label': 'intralaminar nuclear group', 'ontology_term_id': 'UBERON:0002733', 'tissue_type': 'tissue'};{'label': 'lateral amygdaloid nucleus', 'ontology_term_id': 'UBERON:0002886', 'tissue_type': 'tissue'};{'label': 'lateral entorhinal cortex', 'ontology_term_id': 'UBERON:0007225', 'tissue_type': 'tissue'};{'label': 'lateral geniculate body', 'ontology_term_id': 'UBERON:0001926', 'tissue_type': 'tissue'};{'label': 'lateral nuclear group of thalamus', 'ontology_term_id': 'UBERON:0002736', 'tissue_type': 'tissue'};{'label': 'lateral posterior nucleus of thalamus', 'ontology_term_id': 'UBERON:0002983', 'tissue_type': 'tissue'};{'label': 'mammillary body', 'ontology_term_id': 'UBERON:0002206', 'tissue_type': 'tissue'};{'label': 'medial dorsal nucleus of thalamus', 'ontology_term_id': 'UBERON:0002739', 'tissue_type': 'tissue'};{'label': 'medial entorhinal cortex', 'ontology_term_id': 'UBERON:0007224', 'tissue_type': 'tissue'};{'label': 'medial geniculate body', 'ontology_term_id': 'UBERON:0001927', 'tissue_type': 'tissue'};{'label': 'medial zone of hypothalamus', 'ontology_term_id': 'UBERON:0002272', 'tissue_type': 'tissue'};{'label': 'median tuberal portion', 'ontology_term_id': 'UBERON:2000392', 'tissue_type': 'tissue'};{'label': 'midbrain nucleus', 'ontology_term_id': 'UBERON:0009661', 'tissue_type': 'tissue'};{'label': 'midbrain tectum', 'ontology_term_id': 'UBERON:0002314', 'tissue_type': 'tissue'};{'label': 'middle temporal gyrus', 'ontology_term_id': 'UBERON:0002771', 'tissue_type': 'tissue'};{'label': 'nucleus accumbens', 'ontology_term_id': 'UBERON:0001882', 'tissue_type': 'tissue'};{'label': 'nucleus of dorsal thalamus', 'ontology_term_id': 'UBERON:0015233', 'tissue_type': 'tissue'};{'label': 'nucleus of medulla oblongata', 'ontology_term_id': 'UBERON:0007635', 'tissue_type': 'tissue'};{'label': 'parabrachial nucleus', 'ontology_term_id': 'UBERON:0007634', 'tissue_type': 'tissue'};{'label': 'perirhinal cortex', 'ontology_term_id': 'UBERON:0006083', 'tissue_type': 'tissue'};{'label': 'piriform cortex', 'ontology_term_id': 'UBERON:0004725', 'tissue_type': 'tissue'};{'label': 'pontine nuclear group', 'ontology_term_id': 'UBERON:0002151', 'tissue_type': 'tissue'};{'label': 'pontine reticular formation', 'ontology_term_id': 'UBERON:0002573', 'tissue_type': 'tissue'};{'label': 'pontine tegmentum', 'ontology_term_id': 'UBERON:0003023', 'tissue_type': 'tissue'};{'label': 'posterior parahippocampal gyrus', 'ontology_term_id': 'UBERON:0002657', 'tissue_type': 'tissue'};{'label': 'preoptic area', 'ontology_term_id': 'UBERON:0001928', 'tissue_type': 'tissue'};{'label': 'pretectal region', 'ontology_term_id': 'UBERON:0001944', 'tissue_type': 'tissue'};{'label': 'primary auditory cortex', 'ontology_term_id': 'UBERON:0034751', 'tissue_type': 'tissue'};{'label': 'primary motor cortex', 'ontology_term_id': 'UBERON:0001384', 'tissue_type': 'tissue'};{'label': 'primary somatosensory cortex', 'ontology_term_id': 'UBERON:0008933', 'tissue_type': 'tissue'};{'label': 'primary visual cortex', 'ontology_term_id': 'UBERON:0002436', 'tissue_type': 'tissue'};{'label': 'pulvinar nucleus', 'ontology_term_id': 'UBERON:0002981', 'tissue_type': 'tissue'};{'label': 'putamen', 'ontology_term_id': 'UBERON:0001874', 'tissue_type': 'tissue'};{'label': 'red nucleus', 'ontology_term_id': 'UBERON:0001947', 'tissue_type': 'tissue'};{'label': 'retrosplenial region', 'ontology_term_id': 'UBERON:0013531', 'tissue_type': 'tissue'};{'label': 'rostral CA3', 'ontology_term_id': 'UBERON:0034779', 'tissue_type': 'tissue'};{'label': 'septal nuclear complex', 'ontology_term_id': 'UBERON:0002663', 'tissue_type': 'tissue'};{'label': 'spinal cord', 'ontology_term_id': 'UBERON:0002240', 'tissue_type': 'tissue'};{'label': 'subicular complex', 'ontology_term_id': 'UBERON:0023787', 'tissue_type': 'tissue'};{'label': 'substantia innominata', 'ontology_term_id': 'UBERON:0003017', 'tissue_type': 'tissue'};{'label': 'substantia nigra', 'ontology_term_id': 'UBERON:0002038', 'tissue_type': 'tissue'};{'label': 'subthalamic nucleus', 'ontology_term_id': 'UBERON:0001906', 'tissue_type': 'tissue'};{'label': 'superior parietal cortex', 'ontology_term_id': 'UBERON:0006094', 'tissue_type': 'tissue'};{'label': 'superior temporal gyrus', 'ontology_term_id': 'UBERON:0002769', 'tissue_type': 'tissue'};{'label': 'supraoptic nucleus', 'ontology_term_id': 'UBERON:0001929', 'tissue_type': 'tissue'};{'label': 'temporal fusiform gyrus', 'ontology_term_id': 'UBERON:0022395', 'tissue_type': 'tissue'};{'label': 'uncal CA1', 'ontology_term_id': 'UBERON:0034774', 'tissue_type': 'tissue'};{'label': 'ventral anterior nucleus of thalamus', 'ontology_term_id': 'UBERON:0002637', 'tissue_type': 'tissue'}	None	Human Brain Cell Atlas v1.0	10.1126/science.add7046	40e79234-65e8-45e9-b555-5c663154a108	283d65eb-dd53-496d-adb7-7570c7caa443	10x 3' v3	normal	None
choroid_plexus	None	{'label': 'Brodmann (1909) area 13', 'ontology_term_id': 'UBERON:0013544', 'tissue_type': 'tissue'};{'label': 'Brodmann (1909) area 14', 'ontology_term_id': 'UBERON:0013545', 'tissue_type': 'tissue'};{'label': 'Brodmann (1909) area 19', 'ontology_term_id': 'UBERON:0013550', 'tissue_type': 'tissue'};{'label': 'Brodmann (1909) area 23', 'ontology_term_id': 'UBERON:0013554', 'tissue_type': 'tissue'};{'label': 'Brodmann (1909) area 24', 'ontology_term_id': 'UBERON:0006101', 'tissue_type': 'tissue'};{'label': 'Brodmann (1909) area 25', 'ontology_term_id': 'UBERON:0013556', 'tissue_type': 'tissue'};{'label': 'Brodmann (1909) area 32', 'ontology_term_id': 'UBERON:0013560', 'tissue_type': 'tissue'};{'label': 'Brodmann (1909) area 38', 'ontology_term_id': 'UBERON:0006479', 'tissue_type': 'tissue'};{'label': 'Brodmann (1909) area 40', 'ontology_term_id': 'UBERON:0013573', 'tissue_type': 'tissue'};{'label': 'Brodmann (1909) area 43', 'ontology_term_id': 'UBERON:0013561', 'tissue_type': 'tissue'};{'label': 'Brodmann (1909) area 46', 'ontology_term_id': 'UBERON:0006483', 'tissue_type': 'tissue'};{'label': 'accessory basal amygdaloid nucleus', 'ontology_term_id': 'UBERON:0002885', 'tissue_type': 'tissue'};{'label': 'agranular insular cortex', 'ontology_term_id': 'UBERON:0034893', 'tissue_type': 'tissue'};{'label': 'anterior cortical amygdaloid nucleus', 'ontology_term_id': 'UBERON:0034991', 'tissue_type': 'tissue'};{'label': 'anterior nuclear group', 'ontology_term_id': 'UBERON:0002788', 'tissue_type': 'tissue'};{'label': 'anterior olfactory nucleus', 'ontology_term_id': 'UBERON:0002266', 'tissue_type': 'tissue'};{'label': 'basolateral amygdaloid nuclear complex', 'ontology_term_id': 'UBERON:0006107', 'tissue_type': 'tissue'};{'label': 'bed nucleus of stria terminalis', 'ontology_term_id': 'UBERON:0001880', 'tissue_type': 'tissue'};{'label': 'body of caudate nucleus', 'ontology_term_id': 'UBERON:0002630', 'tissue_type': 'tissue'};{'label': 'central amygdaloid nucleus', 'ontology_term_id': 'UBERON:0002883', 'tissue_type': 'tissue'};{'label': 'centromedian nucleus of thalamus', 'ontology_term_id': 'UBERON:0002972', 'tissue_type': 'tissue'};{'label': 'cerebellar nuclear complex', 'ontology_term_id': 'UBERON:0002130', 'tissue_type': 'tissue'};{'label': 'cerebellar vermis', 'ontology_term_id': 'UBERON:0004720', 'tissue_type': 'tissue'};{'label': 'cerebrocerebellum', 'ontology_term_id': 'UBERON:0014644', 'tissue_type': 'tissue'};{'label': 'claustrum of brain', 'ontology_term_id': 'UBERON:0002023', 'tissue_type': 'tissue'};{'label': 'corticomedial nuclear complex', 'ontology_term_id': 'UBERON:0006108', 'tissue_type': 'tissue'};{'label': 'cuneus cortex', 'ontology_term_id': 'UBERON:0006092', 'tissue_type': 'tissue'};{'label': 'dentate gyrus of hippocampal formation', 'ontology_term_id': 'UBERON:0001885', 'tissue_type': 'tissue'};{'label': 'dorsal tegmental nucleus', 'ontology_term_id': 'UBERON:0002143', 'tissue_type': 'tissue'};{'label': 'epithalamus', 'ontology_term_id': 'UBERON:0001899', 'tissue_type': 'tissue'};{'label': 'extrastriate cortex', 'ontology_term_id': 'UBERON:0014370', 'tissue_type': 'tissue'};{'label': 'globus pallidus', 'ontology_term_id': 'UBERON:0001875', 'tissue_type': 'tissue'};{'label': 'granular insular cortex', 'ontology_term_id': 'UBERON:0034892', 'tissue_type': 'tissue'};{'label': 'gray matter of midbrain', 'ontology_term_id': 'UBERON:0019267', 'tissue_type': 'tissue'};{'label': 'hippocampal field', 'ontology_term_id': 'UBERON:0003876', 'tissue_type': 'tissue'};{'label': 'hypothalamus', 'ontology_term_id': 'UBERON:0001898', 'tissue_type': 'tissue'};{'label': 'inferior frontal gyrus', 'ontology_term_id': 'UBERON:0002998', 'tissue_type': 'tissue'};{'label': 'inferior olivary complex', 'ontology_term_id': 'UBERON:0002127', 'tissue_type': 'tissue'};{'label': 'inferior temporal gyrus', 'ontology_term_id': 'UBERON:0002751', 'tissue_type': 'tissue'};{'label': 'intralaminar nuclear group', 'ontology_term_id': 'UBERON:0002733', 'tissue_type': 'tissue'};{'label': 'lateral amygdaloid nucleus', 'ontology_term_id': 'UBERON:0002886', 'tissue_type': 'tissue'};{'label': 'lateral entorhinal cortex', 'ontology_term_id': 'UBERON:0007225', 'tissue_type': 'tissue'};{'label': 'lateral geniculate body', 'ontology_term_id': 'UBERON:0001926', 'tissue_type': 'tissue'};{'label': 'lateral nuclear group of thalamus', 'ontology_term_id': 'UBERON:0002736', 'tissue_type': 'tissue'};{'label': 'lateral posterior nucleus of thalamus', 'ontology_term_id': 'UBERON:0002983', 'tissue_type': 'tissue'};{'label': 'mammillary body', 'ontology_term_id': 'UBERON:0002206', 'tissue_type': 'tissue'};{'label': 'medial dorsal nucleus of thalamus', 'ontology_term_id': 'UBERON:0002739', 'tissue_type': 'tissue'};{'label': 'medial entorhinal cortex', 'ontology_term_id': 'UBERON:0007224', 'tissue_type': 'tissue'};{'label': 'medial geniculate body', 'ontology_term_id': 'UBERON:0001927', 'tissue_type': 'tissue'};{'label': 'medial zone of hypothalamus', 'ontology_term_id': 'UBERON:0002272', 'tissue_type': 'tissue'};{'label': 'median tuberal portion', 'ontology_term_id': 'UBERON:2000392', 'tissue_type': 'tissue'};{'label': 'midbrain nucleus', 'ontology_term_id': 'UBERON:0009661', 'tissue_type': 'tissue'};{'label': 'midbrain tectum', 'ontology_term_id': 'UBERON:0002314', 'tissue_type': 'tissue'};{'label': 'middle temporal gyrus', 'ontology_term_id': 'UBERON:0002771', 'tissue_type': 'tissue'};{'label': 'nucleus accumbens', 'ontology_term_id': 'UBERON:0001882', 'tissue_type': 'tissue'};{'label': 'nucleus of dorsal thalamus', 'ontology_term_id': 'UBERON:0015233', 'tissue_type': 'tissue'};{'label': 'nucleus of medulla oblongata', 'ontology_term_id': 'UBERON:0007635', 'tissue_type': 'tissue'};{'label': 'parabrachial nucleus', 'ontology_term_id': 'UBERON:0007634', 'tissue_type': 'tissue'};{'label': 'perirhinal cortex', 'ontology_term_id': 'UBERON:0006083', 'tissue_type': 'tissue'};{'label': 'piriform cortex', 'ontology_term_id': 'UBERON:0004725', 'tissue_type': 'tissue'};{'label': 'pontine nuclear group', 'ontology_term_id': 'UBERON:0002151', 'tissue_type': 'tissue'};{'label': 'pontine reticular formation', 'ontology_term_id': 'UBERON:0002573', 'tissue_type': 'tissue'};{'label': 'pontine tegmentum', 'ontology_term_id': 'UBERON:0003023', 'tissue_type': 'tissue'};{'label': 'posterior parahippocampal gyrus', 'ontology_term_id': 'UBERON:0002657', 'tissue_type': 'tissue'};{'label': 'preoptic area', 'ontology_term_id': 'UBERON:0001928', 'tissue_type': 'tissue'};{'label': 'pretectal region', 'ontology_term_id': 'UBERON:0001944', 'tissue_type': 'tissue'};{'label': 'primary auditory cortex', 'ontology_term_id': 'UBERON:0034751', 'tissue_type': 'tissue'};{'label': 'primary motor cortex', 'ontology_term_id': 'UBERON:0001384', 'tissue_type': 'tissue'};{'label': 'primary somatosensory cortex', 'ontology_term_id': 'UBERON:0008933', 'tissue_type': 'tissue'};{'label': 'primary visual cortex', 'ontology_term_id': 'UBERON:0002436', 'tissue_type': 'tissue'};{'label': 'pulvinar nucleus', 'ontology_term_id': 'UBERON:0002981', 'tissue_type': 'tissue'};{'label': 'putamen', 'ontology_term_id': 'UBERON:0001874', 'tissue_type': 'tissue'};{'label': 'red nucleus', 'ontology_term_id': 'UBERON:0001947', 'tissue_type': 'tissue'};{'label': 'retrosplenial region', 'ontology_term_id': 'UBERON:0013531', 'tissue_type': 'tissue'};{'label': 'rostral CA3', 'ontology_term_id': 'UBERON:0034779', 'tissue_type': 'tissue'};{'label': 'septal nuclear complex', 'ontology_term_id': 'UBERON:0002663', 'tissue_type': 'tissue'};{'label': 'spinal cord', 'ontology_term_id': 'UBERON:0002240', 'tissue_type': 'tissue'};{'label': 'subicular complex', 'ontology_term_id': 'UBERON:0023787', 'tissue_type': 'tissue'};{'label': 'substantia innominata', 'ontology_term_id': 'UBERON:0003017', 'tissue_type': 'tissue'};{'label': 'substantia nigra', 'ontology_term_id': 'UBERON:0002038', 'tissue_type': 'tissue'};{'label': 'subthalamic nucleus', 'ontology_term_id': 'UBERON:0001906', 'tissue_type': 'tissue'};{'label': 'superior parietal cortex', 'ontology_term_id': 'UBERON:0006094', 'tissue_type': 'tissue'};{'label': 'superior temporal gyrus', 'ontology_term_id': 'UBERON:0002769', 'tissue_type': 'tissue'};{'label': 'supraoptic nucleus', 'ontology_term_id': 'UBERON:0001929', 'tissue_type': 'tissue'};{'label': 'temporal fusiform gyrus', 'ontology_term_id': 'UBERON:0022395', 'tissue_type': 'tissue'};{'label': 'uncal CA1', 'ontology_term_id': 'UBERON:0034774', 'tissue_type': 'tissue'};{'label': 'ventral anterior nucleus of thalamus', 'ontology_term_id': 'UBERON:0002637', 'tissue_type': 'tissue'}	None	Human Brain Cell Atlas v1.0	10.1126/science.add7046	3a7f3ab4-a280-4b3b-b2c0-6dd05614a78c	283d65eb-dd53-496d-adb7-7570c7caa443	10x 3' v3	normal	None
choroid_plexus	None	{'label': 'Brodmann (1909) area 13', 'ontology_term_id': 'UBERON:0013544', 'tissue_type': 'tissue'};{'label': 'Brodmann (1909) area 14', 'ontology_term_id': 'UBERON:0013545', 'tissue_type': 'tissue'};{'label': 'Brodmann (1909) area 19', 'ontology_term_id': 'UBERON:0013550', 'tissue_type': 'tissue'};{'label': 'Brodmann (1909) area 23', 'ontology_term_id': 'UBERON:0013554', 'tissue_type': 'tissue'};{'label': 'Brodmann (1909) area 24', 'ontology_term_id': 'UBERON:0006101', 'tissue_type': 'tissue'};{'label': 'Brodmann (1909) area 25', 'ontology_term_id': 'UBERON:0013556', 'tissue_type': 'tissue'};{'label': 'Brodmann (1909) area 32', 'ontology_term_id': 'UBERON:0013560', 'tissue_type': 'tissue'};{'label': 'Brodmann (1909) area 38', 'ontology_term_id': 'UBERON:0006479', 'tissue_type': 'tissue'};{'label': 'Brodmann (1909) area 40', 'ontology_term_id': 'UBERON:0013573', 'tissue_type': 'tissue'};{'label': 'Brodmann (1909) area 43', 'ontology_term_id': 'UBERON:0013561', 'tissue_type': 'tissue'};{'label': 'Brodmann (1909) area 46', 'ontology_term_id': 'UBERON:0006483', 'tissue_type': 'tissue'};{'label': 'accessory basal amygdaloid nucleus', 'ontology_term_id': 'UBERON:0002885', 'tissue_type': 'tissue'};{'label': 'agranular insular cortex', 'ontology_term_id': 'UBERON:0034893', 'tissue_type': 'tissue'};{'label': 'anterior cortical amygdaloid nucleus', 'ontology_term_id': 'UBERON:0034991', 'tissue_type': 'tissue'};{'label': 'anterior olfactory nucleus', 'ontology_term_id': 'UBERON:0002266', 'tissue_type': 'tissue'};{'label': 'bed nucleus of stria terminalis', 'ontology_term_id': 'UBERON:0001880', 'tissue_type': 'tissue'};{'label': 'central amygdaloid nucleus', 'ontology_term_id': 'UBERON:0002883', 'tissue_type': 'tissue'};{'label': 'claustrum of brain', 'ontology_term_id': 'UBERON:0002023', 'tissue_type': 'tissue'};{'label': 'cuneus cortex', 'ontology_term_id': 'UBERON:0006092', 'tissue_type': 'tissue'};{'label': 'extrastriate cortex', 'ontology_term_id': 'UBERON:0014370', 'tissue_type': 'tissue'};{'label': 'granular insular cortex', 'ontology_term_id': 'UBERON:0034892', 'tissue_type': 'tissue'};{'label': 'hippocampal field', 'ontology_term_id': 'UBERON:0003876', 'tissue_type': 'tissue'};{'label': 'hypothalamus', 'ontology_term_id': 'UBERON:0001898', 'tissue_type': 'tissue'};{'label': 'inferior frontal gyrus', 'ontology_term_id': 'UBERON:0002998', 'tissue_type': 'tissue'};{'label': 'inferior temporal gyrus', 'ontology_term_id': 'UBERON:0002751', 'tissue_type': 'tissue'};{'label': 'lateral amygdaloid nucleus', 'ontology_term_id': 'UBERON:0002886', 'tissue_type': 'tissue'};{'label': 'lateral entorhinal cortex', 'ontology_term_id': 'UBERON:0007225', 'tissue_type': 'tissue'};{'label': 'lateral posterior nucleus of thalamus', 'ontology_term_id': 'UBERON:0002983', 'tissue_type': 'tissue'};{'label': 'medial zone of hypothalamus', 'ontology_term_id': 'UBERON:0002272', 'tissue_type': 'tissue'};{'label': 'midbrain tectum', 'ontology_term_id': 'UBERON:0002314', 'tissue_type': 'tissue'};{'label': 'middle temporal gyrus', 'ontology_term_id': 'UBERON:0002771', 'tissue_type': 'tissue'};{'label': 'nucleus accumbens', 'ontology_term_id': 'UBERON:0001882', 'tissue_type': 'tissue'};{'label': 'perirhinal cortex', 'ontology_term_id': 'UBERON:0006083', 'tissue_type': 'tissue'};{'label': 'piriform cortex', 'ontology_term_id': 'UBERON:0004725', 'tissue_type': 'tissue'};{'label': 'posterior parahippocampal gyrus', 'ontology_term_id': 'UBERON:0002657', 'tissue_type': 'tissue'};{'label': 'preoptic area', 'ontology_term_id': 'UBERON:0001928', 'tissue_type': 'tissue'};{'label': 'primary auditory cortex', 'ontology_term_id': 'UBERON:0034751', 'tissue_type': 'tissue'};{'label': 'primary motor cortex', 'ontology_term_id': 'UBERON:0001384', 'tissue_type': 'tissue'};{'label': 'primary somatosensory cortex', 'ontology_term_id': 'UBERON:0008933', 'tissue_type': 'tissue'};{'label': 'primary visual cortex', 'ontology_term_id': 'UBERON:0002436', 'tissue_type': 'tissue'};{'label': 'retrosplenial region', 'ontology_term_id': 'UBERON:0013531', 'tissue_type': 'tissue'};{'label': 'septal nuclear complex', 'ontology_term_id': 'UBERON:0002663', 'tissue_type': 'tissue'};{'label': 'subicular complex', 'ontology_term_id': 'UBERON:0023787', 'tissue_type': 'tissue'};{'label': 'substantia innominata', 'ontology_term_id': 'UBERON:0003017', 'tissue_type': 'tissue'};{'label': 'superior parietal cortex', 'ontology_term_id': 'UBERON:0006094', 'tissue_type': 'tissue'};{'label': 'superior temporal gyrus', 'ontology_term_id': 'UBERON:0002769', 'tissue_type': 'tissue'};{'label': 'supraoptic nucleus', 'ontology_term_id': 'UBERON:0001929', 'tissue_type': 'tissue'};{'label': 'temporal fusiform gyrus', 'ontology_term_id': 'UBERON:0022395', 'tissue_type': 'tissue'}	None	Human Brain Cell Atlas v1.0	10.1126/science.add7046	35090826-f636-40c1-a3ef-4466beeab9f8	283d65eb-dd53-496d-adb7-7570c7caa443	10x 3' v3	normal	None
choroid_plexus	None	{'label': 'claustrum of brain', 'ontology_term_id': 'UBERON:0002023', 'tissue_type': 'tissue'}	None	Human Brain Cell Atlas v1.0	10.1126/science.add7046	31f04740-c712-4c4b-a3f8-55c0506b3034	283d65eb-dd53-496d-adb7-7570c7caa443	10x 3' v3	normal	None
choroid_plexus	None	{'label': 'accessory basal amygdaloid nucleus', 'ontology_term_id': 'UBERON:0002885', 'tissue_type': 'tissue'};{'label': 'anterior nuclear group', 'ontology_term_id': 'UBERON:0002788', 'tissue_type': 'tissue'};{'label': 'anterior olfactory nucleus', 'ontology_term_id': 'UBERON:0002266', 'tissue_type': 'tissue'};{'label': 'basolateral amygdaloid nuclear complex', 'ontology_term_id': 'UBERON:0006107', 'tissue_type': 'tissue'};{'label': 'bed nucleus of stria terminalis', 'ontology_term_id': 'UBERON:0001880', 'tissue_type': 'tissue'};{'label': 'central amygdaloid nucleus', 'ontology_term_id': 'UBERON:0002883', 'tissue_type': 'tissue'};{'label': 'centromedian nucleus of thalamus', 'ontology_term_id': 'UBERON:0002972', 'tissue_type': 'tissue'};{'label': 'cerebellar nuclear complex', 'ontology_term_id': 'UBERON:0002130', 'tissue_type': 'tissue'};{'label': 'corticomedial nuclear complex', 'ontology_term_id': 'UBERON:0006108', 'tissue_type': 'tissue'};{'label': 'dentate gyrus of hippocampal formation', 'ontology_term_id': 'UBERON:0001885', 'tissue_type': 'tissue'};{'label': 'dorsal tegmental nucleus', 'ontology_term_id': 'UBERON:0002143', 'tissue_type': 'tissue'};{'label': 'epithalamus', 'ontology_term_id': 'UBERON:0001899', 'tissue_type': 'tissue'};{'label': 'globus pallidus', 'ontology_term_id': 'UBERON:0001875', 'tissue_type': 'tissue'};{'label': 'gray matter of midbrain', 'ontology_term_id': 'UBERON:0019267', 'tissue_type': 'tissue'};{'label': 'hypothalamus', 'ontology_term_id': 'UBERON:0001898', 'tissue_type': 'tissue'};{'label': 'inferior olivary complex', 'ontology_term_id': 'UBERON:0002127', 'tissue_type': 'tissue'};{'label': 'intralaminar nuclear group', 'ontology_term_id': 'UBERON:0002733', 'tissue_type': 'tissue'};{'label': 'lateral amygdaloid nucleus', 'ontology_term_id': 'UBERON:0002886', 'tissue_type': 'tissue'};{'label': 'lateral geniculate body', 'ontology_term_id': 'UBERON:0001926', 'tissue_type': 'tissue'};{'label': 'lateral nuclear group of thalamus', 'ontology_term_id': 'UBERON:0002736', 'tissue_type': 'tissue'};{'label': 'lateral posterior nucleus of thalamus', 'ontology_term_id': 'UBERON:0002983', 'tissue_type': 'tissue'};{'label': 'mammillary body', 'ontology_term_id': 'UBERON:0002206', 'tissue_type': 'tissue'};{'label': 'medial dorsal nucleus of thalamus', 'ontology_term_id': 'UBERON:0002739', 'tissue_type': 'tissue'};{'label': 'medial geniculate body', 'ontology_term_id': 'UBERON:0001927', 'tissue_type': 'tissue'};{'label': 'medial zone of hypothalamus', 'ontology_term_id': 'UBERON:0002272', 'tissue_type': 'tissue'};{'label': 'median tuberal portion', 'ontology_term_id': 'UBERON:2000392', 'tissue_type': 'tissue'};{'label': 'midbrain nucleus', 'ontology_term_id': 'UBERON:0009661', 'tissue_type': 'tissue'};{'label': 'midbrain tectum', 'ontology_term_id': 'UBERON:0002314', 'tissue_type': 'tissue'};{'label': 'nucleus of dorsal thalamus', 'ontology_term_id': 'UBERON:0015233', 'tissue_type': 'tissue'};{'label': 'nucleus of medulla oblongata', 'ontology_term_id': 'UBERON:0007635', 'tissue_type': 'tissue'};{'label': 'parabrachial nucleus', 'ontology_term_id': 'UBERON:0007634', 'tissue_type': 'tissue'};{'label': 'pontine nuclear group', 'ontology_term_id': 'UBERON:0002151', 'tissue_type': 'tissue'};{'label': 'pontine reticular formation', 'ontology_term_id': 'UBERON:0002573', 'tissue_type': 'tissue'};{'label': 'pontine tegmentum', 'ontology_term_id': 'UBERON:0003023', 'tissue_type': 'tissue'};{'label': 'preoptic area', 'ontology_term_id': 'UBERON:0001928', 'tissue_type': 'tissue'};{'label': 'pretectal region', 'ontology_term_id': 'UBERON:0001944', 'tissue_type': 'tissue'};{'label': 'primary motor cortex', 'ontology_term_id': 'UBERON:0001384', 'tissue_type': 'tissue'};{'label': 'pulvinar nucleus', 'ontology_term_id': 'UBERON:0002981', 'tissue_type': 'tissue'};{'label': 'red nucleus', 'ontology_term_id': 'UBERON:0001947', 'tissue_type': 'tissue'};{'label': 'septal nuclear complex', 'ontology_term_id': 'UBERON:0002663', 'tissue_type': 'tissue'};{'label': 'spinal cord', 'ontology_term_id': 'UBERON:0002240', 'tissue_type': 'tissue'};{'label': 'substantia innominata', 'ontology_term_id': 'UBERON:0003017', 'tissue_type': 'tissue'};{'label': 'substantia nigra', 'ontology_term_id': 'UBERON:0002038', 'tissue_type': 'tissue'};{'label': 'subthalamic nucleus', 'ontology_term_id': 'UBERON:0001906', 'tissue_type': 'tissue'};{'label': 'ventral anterior nucleus of thalamus', 'ontology_term_id': 'UBERON:0002637', 'tissue_type': 'tissue'}	None	Human Brain Cell Atlas v1.0	10.1126/science.add7046	2190bd4d-3be0-4bf7-8ca8-8d6f71228936	283d65eb-dd53-496d-adb7-7570c7caa443	10x 3' v3	normal	None
choroid_plexus	None	{'label': 'Brodmann (1909) area 13', 'ontology_term_id': 'UBERON:0013544', 'tissue_type': 'tissue'};{'label': 'Brodmann (1909) area 14', 'ontology_term_id': 'UBERON:0013545', 'tissue_type': 'tissue'};{'label': 'Brodmann (1909) area 19', 'ontology_term_id': 'UBERON:0013550', 'tissue_type': 'tissue'};{'label': 'Brodmann (1909) area 23', 'ontology_term_id': 'UBERON:0013554', 'tissue_type': 'tissue'};{'label': 'Brodmann (1909) area 24', 'ontology_term_id': 'UBERON:0006101', 'tissue_type': 'tissue'};{'label': 'Brodmann (1909) area 25', 'ontology_term_id': 'UBERON:0013556', 'tissue_type': 'tissue'};{'label': 'Brodmann (1909) area 32', 'ontology_term_id': 'UBERON:0013560', 'tissue_type': 'tissue'};{'label': 'Brodmann (1909) area 35', 'ontology_term_id': 'UBERON:0006102', 'tissue_type': 'tissue'};{'label': 'Brodmann (1909) area 38', 'ontology_term_id': 'UBERON:0006479', 'tissue_type': 'tissue'};{'label': 'Brodmann (1909) area 40', 'ontology_term_id': 'UBERON:0013573', 'tissue_type': 'tissue'};{'label': 'Brodmann (1909) area 43', 'ontology_term_id': 'UBERON:0013561', 'tissue_type': 'tissue'};{'label': 'Brodmann (1909) area 46', 'ontology_term_id': 'UBERON:0006483', 'tissue_type': 'tissue'};{'label': 'accessory basal amygdaloid nucleus', 'ontology_term_id': 'UBERON:0002885', 'tissue_type': 'tissue'};{'label': 'agranular insular cortex', 'ontology_term_id': 'UBERON:0034893', 'tissue_type': 'tissue'};{'label': 'anterior cortical amygdaloid nucleus', 'ontology_term_id': 'UBERON:0034991', 'tissue_type': 'tissue'};{'label': 'anterior nuclear group', 'ontology_term_id': 'UBERON:0002788', 'tissue_type': 'tissue'};{'label': 'anterior olfactory nucleus', 'ontology_term_id': 'UBERON:0002266', 'tissue_type': 'tissue'};{'label': 'basolateral amygdaloid nuclear complex', 'ontology_term_id': 'UBERON:0006107', 'tissue_type': 'tissue'};{'label': 'bed nucleus of stria terminalis', 'ontology_term_id': 'UBERON:0001880', 'tissue_type': 'tissue'};{'label': 'body of caudate nucleus', 'ontology_term_id': 'UBERON:0002630', 'tissue_type': 'tissue'};{'label': 'central amygdaloid nucleus', 'ontology_term_id': 'UBERON:0002883', 'tissue_type': 'tissue'};{'label': 'centromedian nucleus of thalamus', 'ontology_term_id': 'UBERON:0002972', 'tissue_type': 'tissue'};{'label': 'cerebellar nuclear complex', 'ontology_term_id': 'UBERON:0002130', 'tissue_type': 'tissue'};{'label': 'cerebellar vermis', 'ontology_term_id': 'UBERON:0004720', 'tissue_type': 'tissue'};{'label': 'cerebrocerebellum', 'ontology_term_id': 'UBERON:0014644', 'tissue_type': 'tissue'};{'label': 'claustrum of brain', 'ontology_term_id': 'UBERON:0002023', 'tissue_type': 'tissue'};{'label': 'corticomedial nuclear complex', 'ontology_term_id': 'UBERON:0006108', 'tissue_type': 'tissue'};{'label': 'cuneus cortex', 'ontology_term_id': 'UBERON:0006092', 'tissue_type': 'tissue'};{'label': 'dentate gyrus of hippocampal formation', 'ontology_term_id': 'UBERON:0001885', 'tissue_type': 'tissue'};{'label': 'dorsal tegmental nucleus', 'ontology_term_id': 'UBERON:0002143', 'tissue_type': 'tissue'};{'label': 'epithalamus', 'ontology_term_id': 'UBERON:0001899', 'tissue_type': 'tissue'};{'label': 'extrastriate cortex', 'ontology_term_id': 'UBERON:0014370', 'tissue_type': 'tissue'};{'label': 'globus pallidus', 'ontology_term_id': 'UBERON:0001875', 'tissue_type': 'tissue'};{'label': 'granular insular cortex', 'ontology_term_id': 'UBERON:0034892', 'tissue_type': 'tissue'};{'label': 'gray matter of midbrain', 'ontology_term_id': 'UBERON:0019267', 'tissue_type': 'tissue'};{'label': 'hippocampal field', 'ontology_term_id': 'UBERON:0003876', 'tissue_type': 'tissue'};{'label': 'hypothalamus', 'ontology_term_id': 'UBERON:0001898', 'tissue_type': 'tissue'};{'label': 'inferior frontal gyrus', 'ontology_term_id': 'UBERON:0002998', 'tissue_type': 'tissue'};{'label': 'inferior olivary complex', 'ontology_term_id': 'UBERON:0002127', 'tissue_type': 'tissue'};{'label': 'inferior temporal gyrus', 'ontology_term_id': 'UBERON:0002751', 'tissue_type': 'tissue'};{'label': 'intralaminar nuclear group', 'ontology_term_id': 'UBERON:0002733', 'tissue_type': 'tissue'};{'label': 'lateral amygdaloid nucleus', 'ontology_term_id': 'UBERON:0002886', 'tissue_type': 'tissue'};{'label': 'lateral entorhinal cortex', 'ontology_term_id': 'UBERON:0007225', 'tissue_type': 'tissue'};{'label': 'lateral geniculate body', 'ontology_term_id': 'UBERON:0001926', 'tissue_type': 'tissue'};{'label': 'lateral nuclear group of thalamus', 'ontology_term_id': 'UBERON:0002736', 'tissue_type': 'tissue'};{'label': 'lateral posterior nucleus of thalamus', 'ontology_term_id': 'UBERON:0002983', 'tissue_type': 'tissue'};{'label': 'mammillary body', 'ontology_term_id': 'UBERON:0002206', 'tissue_type': 'tissue'};{'label': 'medial dorsal nucleus of thalamus', 'ontology_term_id': 'UBERON:0002739', 'tissue_type': 'tissue'};{'label': 'medial entorhinal cortex', 'ontology_term_id': 'UBERON:0007224', 'tissue_type': 'tissue'};{'label': 'medial geniculate body', 'ontology_term_id': 'UBERON:0001927', 'tissue_type': 'tissue'};{'label': 'medial zone of hypothalamus', 'ontology_term_id': 'UBERON:0002272', 'tissue_type': 'tissue'};{'label': 'median tuberal portion', 'ontology_term_id': 'UBERON:2000392', 'tissue_type': 'tissue'};{'label': 'midbrain nucleus', 'ontology_term_id': 'UBERON:0009661', 'tissue_type': 'tissue'};{'label': 'midbrain tectum', 'ontology_term_id': 'UBERON:0002314', 'tissue_type': 'tissue'};{'label': 'middle temporal gyrus', 'ontology_term_id': 'UBERON:0002771', 'tissue_type': 'tissue'};{'label': 'nucleus accumbens', 'ontology_term_id': 'UBERON:0001882', 'tissue_type': 'tissue'};{'label': 'nucleus of dorsal thalamus', 'ontology_term_id': 'UBERON:0015233', 'tissue_type': 'tissue'};{'label': 'nucleus of medulla oblongata', 'ontology_term_id': 'UBERON:0007635', 'tissue_type': 'tissue'};{'label': 'parabrachial nucleus', 'ontology_term_id': 'UBERON:0007634', 'tissue_type': 'tissue'};{'label': 'perirhinal cortex', 'ontology_term_id': 'UBERON:0006083', 'tissue_type': 'tissue'};{'label': 'piriform cortex', 'ontology_term_id': 'UBERON:0004725', 'tissue_type': 'tissue'};{'label': 'pontine nuclear group', 'ontology_term_id': 'UBERON:0002151', 'tissue_type': 'tissue'};{'label': 'pontine reticular formation', 'ontology_term_id': 'UBERON:0002573', 'tissue_type': 'tissue'};{'label': 'pontine tegmentum', 'ontology_term_id': 'UBERON:0003023', 'tissue_type': 'tissue'};{'label': 'posterior parahippocampal gyrus', 'ontology_term_id': 'UBERON:0002657', 'tissue_type': 'tissue'};{'label': 'preoptic area', 'ontology_term_id': 'UBERON:0001928', 'tissue_type': 'tissue'};{'label': 'pretectal region', 'ontology_term_id': 'UBERON:0001944', 'tissue_type': 'tissue'};{'label': 'primary auditory cortex', 'ontology_term_id': 'UBERON:0034751', 'tissue_type': 'tissue'};{'label': 'primary motor cortex', 'ontology_term_id': 'UBERON:0001384', 'tissue_type': 'tissue'};{'label': 'primary somatosensory cortex', 'ontology_term_id': 'UBERON:0008933', 'tissue_type': 'tissue'};{'label': 'primary visual cortex', 'ontology_term_id': 'UBERON:0002436', 'tissue_type': 'tissue'};{'label': 'pulvinar nucleus', 'ontology_term_id': 'UBERON:0002981', 'tissue_type': 'tissue'};{'label': 'putamen', 'ontology_term_id': 'UBERON:0001874', 'tissue_type': 'tissue'};{'label': 'red nucleus', 'ontology_term_id': 'UBERON:0001947', 'tissue_type': 'tissue'};{'label': 'retrosplenial region', 'ontology_term_id': 'UBERON:0013531', 'tissue_type': 'tissue'};{'label': 'rostral CA3', 'ontology_term_id': 'UBERON:0034779', 'tissue_type': 'tissue'};{'label': 'septal nuclear complex', 'ontology_term_id': 'UBERON:0002663', 'tissue_type': 'tissue'};{'label': 'spinal cord', 'ontology_term_id': 'UBERON:0002240', 'tissue_type': 'tissue'};{'label': 'subicular complex', 'ontology_term_id': 'UBERON:0023787', 'tissue_type': 'tissue'};{'label': 'substantia innominata', 'ontology_term_id': 'UBERON:0003017', 'tissue_type': 'tissue'};{'label': 'substantia nigra', 'ontology_term_id': 'UBERON:0002038', 'tissue_type': 'tissue'};{'label': 'subthalamic nucleus', 'ontology_term_id': 'UBERON:0001906', 'tissue_type': 'tissue'};{'label': 'superior parietal cortex', 'ontology_term_id': 'UBERON:0006094', 'tissue_type': 'tissue'};{'label': 'superior temporal gyrus', 'ontology_term_id': 'UBERON:0002769', 'tissue_type': 'tissue'};{'label': 'supraoptic nucleus', 'ontology_term_id': 'UBERON:0001929', 'tissue_type': 'tissue'};{'label': 'temporal fusiform gyrus', 'ontology_term_id': 'UBERON:0022395', 'tissue_type': 'tissue'};{'label': 'uncal CA1', 'ontology_term_id': 'UBERON:0034774', 'tissue_type': 'tissue'};{'label': 'ventral anterior nucleus of thalamus', 'ontology_term_id': 'UBERON:0002637', 'tissue_type': 'tissue'}	None	Human Brain Cell Atlas v1.0	10.1126/science.add7046	2185eb07-22e2-4209-b3c8-7111afc6aa90	283d65eb-dd53-496d-adb7-7570c7caa443	10x 3' v3	normal	None
choroid_plexus	None	{'label': 'Brodmann (1909) area 13', 'ontology_term_id': 'UBERON:0013544', 'tissue_type': 'tissue'};{'label': 'Brodmann (1909) area 14', 'ontology_term_id': 'UBERON:0013545', 'tissue_type': 'tissue'};{'label': 'Brodmann (1909) area 19', 'ontology_term_id': 'UBERON:0013550', 'tissue_type': 'tissue'};{'label': 'Brodmann (1909) area 23', 'ontology_term_id': 'UBERON:0013554', 'tissue_type': 'tissue'};{'label': 'Brodmann (1909) area 24', 'ontology_term_id': 'UBERON:0006101', 'tissue_type': 'tissue'};{'label': 'Brodmann (1909) area 25', 'ontology_term_id': 'UBERON:0013556', 'tissue_type': 'tissue'};{'label': 'Brodmann (1909) area 32', 'ontology_term_id': 'UBERON:0013560', 'tissue_type': 'tissue'};{'label': 'Brodmann (1909) area 35', 'ontology_term_id': 'UBERON:0006102', 'tissue_type': 'tissue'};{'label': 'Brodmann (1909) area 38', 'ontology_term_id': 'UBERON:0006479', 'tissue_type': 'tissue'};{'label': 'Brodmann (1909) area 40', 'ontology_term_id': 'UBERON:0013573', 'tissue_type': 'tissue'};{'label': 'Brodmann (1909) area 43', 'ontology_term_id': 'UBERON:0013561', 'tissue_type': 'tissue'};{'label': 'Brodmann (1909) area 46', 'ontology_term_id': 'UBERON:0006483', 'tissue_type': 'tissue'};{'label': 'accessory basal amygdaloid nucleus', 'ontology_term_id': 'UBERON:0002885', 'tissue_type': 'tissue'};{'label': 'agranular insular cortex', 'ontology_term_id': 'UBERON:0034893', 'tissue_type': 'tissue'};{'label': 'anterior cortical amygdaloid nucleus', 'ontology_term_id': 'UBERON:0034991', 'tissue_type': 'tissue'};{'label': 'anterior nuclear group', 'ontology_term_id': 'UBERON:0002788', 'tissue_type': 'tissue'};{'label': 'anterior olfactory nucleus', 'ontology_term_id': 'UBERON:0002266', 'tissue_type': 'tissue'};{'label': 'basolateral amygdaloid nuclear complex', 'ontology_term_id': 'UBERON:0006107', 'tissue_type': 'tissue'};{'label': 'bed nucleus of stria terminalis', 'ontology_term_id': 'UBERON:0001880', 'tissue_type': 'tissue'};{'label': 'body of caudate nucleus', 'ontology_term_id': 'UBERON:0002630', 'tissue_type': 'tissue'};{'label': 'central amygdaloid nucleus', 'ontology_term_id': 'UBERON:0002883', 'tissue_type': 'tissue'};{'label': 'centromedian nucleus of thalamus', 'ontology_term_id': 'UBERON:0002972', 'tissue_type': 'tissue'};{'label': 'cerebellar nuclear complex', 'ontology_term_id': 'UBERON:0002130', 'tissue_type': 'tissue'};{'label': 'cerebellar vermis', 'ontology_term_id': 'UBERON:0004720', 'tissue_type': 'tissue'};{'label': 'cerebrocerebellum', 'ontology_term_id': 'UBERON:0014644', 'tissue_type': 'tissue'};{'label': 'claustrum of brain', 'ontology_term_id': 'UBERON:0002023', 'tissue_type': 'tissue'};{'label': 'corticomedial nuclear complex', 'ontology_term_id': 'UBERON:0006108', 'tissue_type': 'tissue'};{'label': 'cuneus cortex', 'ontology_term_id': 'UBERON:0006092', 'tissue_type': 'tissue'};{'label': 'dentate gyrus of hippocampal formation', 'ontology_term_id': 'UBERON:0001885', 'tissue_type': 'tissue'};{'label': 'dorsal tegmental nucleus', 'ontology_term_id': 'UBERON:0002143', 'tissue_type': 'tissue'};{'label': 'epithalamus', 'ontology_term_id': 'UBERON:0001899', 'tissue_type': 'tissue'};{'label': 'extrastriate cortex', 'ontology_term_id': 'UBERON:0014370', 'tissue_type': 'tissue'};{'label': 'globus pallidus', 'ontology_term_id': 'UBERON:0001875', 'tissue_type': 'tissue'};{'label': 'granular insular cortex', 'ontology_term_id': 'UBERON:0034892', 'tissue_type': 'tissue'};{'label': 'gray matter of midbrain', 'ontology_term_id': 'UBERON:0019267', 'tissue_type': 'tissue'};{'label': 'hippocampal field', 'ontology_term_id': 'UBERON:0003876', 'tissue_type': 'tissue'};{'label': 'hypothalamus', 'ontology_term_id': 'UBERON:0001898', 'tissue_type': 'tissue'};{'label': 'inferior frontal gyrus', 'ontology_term_id': 'UBERON:0002998', 'tissue_type': 'tissue'};{'label': 'inferior olivary complex', 'ontology_term_id': 'UBERON:0002127', 'tissue_type': 'tissue'};{'label': 'inferior temporal gyrus', 'ontology_term_id': 'UBERON:0002751', 'tissue_type': 'tissue'};{'label': 'intralaminar nuclear group', 'ontology_term_id': 'UBERON:0002733', 'tissue_type': 'tissue'};{'label': 'lateral amygdaloid nucleus', 'ontology_term_id': 'UBERON:0002886', 'tissue_type': 'tissue'};{'label': 'lateral entorhinal cortex', 'ontology_term_id': 'UBERON:0007225', 'tissue_type': 'tissue'};{'label': 'lateral geniculate body', 'ontology_term_id': 'UBERON:0001926', 'tissue_type': 'tissue'};{'label': 'lateral nuclear group of thalamus', 'ontology_term_id': 'UBERON:0002736', 'tissue_type': 'tissue'};{'label': 'lateral posterior nucleus of thalamus', 'ontology_term_id': 'UBERON:0002983', 'tissue_type': 'tissue'};{'label': 'mammillary body', 'ontology_term_id': 'UBERON:0002206', 'tissue_type': 'tissue'};{'label': 'medial dorsal nucleus of thalamus', 'ontology_term_id': 'UBERON:0002739', 'tissue_type': 'tissue'};{'label': 'medial entorhinal cortex', 'ontology_term_id': 'UBERON:0007224', 'tissue_type': 'tissue'};{'label': 'medial geniculate body', 'ontology_term_id': 'UBERON:0001927', 'tissue_type': 'tissue'};{'label': 'medial zone of hypothalamus', 'ontology_term_id': 'UBERON:0002272', 'tissue_type': 'tissue'};{'label': 'median tuberal portion', 'ontology_term_id': 'UBERON:2000392', 'tissue_type': 'tissue'};{'label': 'midbrain nucleus', 'ontology_term_id': 'UBERON:0009661', 'tissue_type': 'tissue'};{'label': 'midbrain tectum', 'ontology_term_id': 'UBERON:0002314', 'tissue_type': 'tissue'};{'label': 'middle temporal gyrus', 'ontology_term_id': 'UBERON:0002771', 'tissue_type': 'tissue'};{'label': 'nucleus accumbens', 'ontology_term_id': 'UBERON:0001882', 'tissue_type': 'tissue'};{'label': 'nucleus of dorsal thalamus', 'ontology_term_id': 'UBERON:0015233', 'tissue_type': 'tissue'};{'label': 'nucleus of medulla oblongata', 'ontology_term_id': 'UBERON:0007635', 'tissue_type': 'tissue'};{'label': 'parabrachial nucleus', 'ontology_term_id': 'UBERON:0007634', 'tissue_type': 'tissue'};{'label': 'perirhinal cortex', 'ontology_term_id': 'UBERON:0006083', 'tissue_type': 'tissue'};{'label': 'piriform cortex', 'ontology_term_id': 'UBERON:0004725', 'tissue_type': 'tissue'};{'label': 'pontine nuclear group', 'ontology_term_id': 'UBERON:0002151', 'tissue_type': 'tissue'};{'label': 'pontine reticular formation', 'ontology_term_id': 'UBERON:0002573', 'tissue_type': 'tissue'};{'label': 'pontine tegmentum', 'ontology_term_id': 'UBERON:0003023', 'tissue_type': 'tissue'};{'label': 'posterior parahippocampal gyrus', 'ontology_term_id': 'UBERON:0002657', 'tissue_type': 'tissue'};{'label': 'preoptic area', 'ontology_term_id': 'UBERON:0001928', 'tissue_type': 'tissue'};{'label': 'pretectal region', 'ontology_term_id': 'UBERON:0001944', 'tissue_type': 'tissue'};{'label': 'primary auditory cortex', 'ontology_term_id': 'UBERON:0034751', 'tissue_type': 'tissue'};{'label': 'primary motor cortex', 'ontology_term_id': 'UBERON:0001384', 'tissue_type': 'tissue'};{'label': 'primary somatosensory cortex', 'ontology_term_id': 'UBERON:0008933', 'tissue_type': 'tissue'};{'label': 'primary visual cortex', 'ontology_term_id': 'UBERON:0002436', 'tissue_type': 'tissue'};{'label': 'pulvinar nucleus', 'ontology_term_id': 'UBERON:0002981', 'tissue_type': 'tissue'};{'label': 'putamen', 'ontology_term_id': 'UBERON:0001874', 'tissue_type': 'tissue'};{'label': 'red nucleus', 'ontology_term_id': 'UBERON:0001947', 'tissue_type': 'tissue'};{'label': 'retrosplenial region', 'ontology_term_id': 'UBERON:0013531', 'tissue_type': 'tissue'};{'label': 'rostral CA3', 'ontology_term_id': 'UBERON:0034779', 'tissue_type': 'tissue'};{'label': 'septal nuclear complex', 'ontology_term_id': 'UBERON:0002663', 'tissue_type': 'tissue'};{'label': 'spinal cord', 'ontology_term_id': 'UBERON:0002240', 'tissue_type': 'tissue'};{'label': 'subicular complex', 'ontology_term_id': 'UBERON:0023787', 'tissue_type': 'tissue'};{'label': 'substantia innominata', 'ontology_term_id': 'UBERON:0003017', 'tissue_type': 'tissue'};{'label': 'substantia nigra', 'ontology_term_id': 'UBERON:0002038', 'tissue_type': 'tissue'};{'label': 'subthalamic nucleus', 'ontology_term_id': 'UBERON:0001906', 'tissue_type': 'tissue'};{'label': 'superior parietal cortex', 'ontology_term_id': 'UBERON:0006094', 'tissue_type': 'tissue'};{'label': 'superior temporal gyrus', 'ontology_term_id': 'UBERON:0002769', 'tissue_type': 'tissue'};{'label': 'supraoptic nucleus', 'ontology_term_id': 'UBERON:0001929', 'tissue_type': 'tissue'};{'label': 'temporal fusiform gyrus', 'ontology_term_id': 'UBERON:0022395', 'tissue_type': 'tissue'};{'label': 'uncal CA1', 'ontology_term_id': 'UBERON:0034774', 'tissue_type': 'tissue'};{'label': 'ventral anterior nucleus of thalamus', 'ontology_term_id': 'UBERON:0002637', 'tissue_type': 'tissue'}	None	Human Brain Cell Atlas v1.0	10.1126/science.add7046	0d7f4c06-a6bd-47d2-a42b-3a7196704f77	283d65eb-dd53-496d-adb7-7570c7caa443	10x 3' v3	normal	None
choroid_plexus	None	{'label': 'Brodmann (1909) area 19', 'ontology_term_id': 'UBERON:0013550', 'tissue_type': 'tissue'};{'label': 'Brodmann (1909) area 38', 'ontology_term_id': 'UBERON:0006479', 'tissue_type': 'tissue'};{'label': 'anterior nuclear group', 'ontology_term_id': 'UBERON:0002788', 'tissue_type': 'tissue'};{'label': 'basolateral amygdaloid nuclear complex', 'ontology_term_id': 'UBERON:0006107', 'tissue_type': 'tissue'};{'label': 'bed nucleus of stria terminalis', 'ontology_term_id': 'UBERON:0001880', 'tissue_type': 'tissue'};{'label': 'body of caudate nucleus', 'ontology_term_id': 'UBERON:0002630', 'tissue_type': 'tissue'};{'label': 'central amygdaloid nucleus', 'ontology_term_id': 'UBERON:0002883', 'tissue_type': 'tissue'};{'label': 'cerebellar nuclear complex', 'ontology_term_id': 'UBERON:0002130', 'tissue_type': 'tissue'};{'label': 'cerebellar vermis', 'ontology_term_id': 'UBERON:0004720', 'tissue_type': 'tissue'};{'label': 'cerebrocerebellum', 'ontology_term_id': 'UBERON:0014644', 'tissue_type': 'tissue'};{'label': 'corticomedial nuclear complex', 'ontology_term_id': 'UBERON:0006108', 'tissue_type': 'tissue'};{'label': 'dentate gyrus of hippocampal formation', 'ontology_term_id': 'UBERON:0001885', 'tissue_type': 'tissue'};{'label': 'dorsal tegmental nucleus', 'ontology_term_id': 'UBERON:0002143', 'tissue_type': 'tissue'};{'label': 'epithalamus', 'ontology_term_id': 'UBERON:0001899', 'tissue_type': 'tissue'};{'label': 'globus pallidus', 'ontology_term_id': 'UBERON:0001875', 'tissue_type': 'tissue'};{'label': 'gray matter of midbrain', 'ontology_term_id': 'UBERON:0019267', 'tissue_type': 'tissue'};{'label': 'hippocampal field', 'ontology_term_id': 'UBERON:0003876', 'tissue_type': 'tissue'};{'label': 'hypothalamus', 'ontology_term_id': 'UBERON:0001898', 'tissue_type': 'tissue'};{'label': 'inferior olivary complex', 'ontology_term_id': 'UBERON:0002127', 'tissue_type': 'tissue'};{'label': 'intralaminar nuclear group', 'ontology_term_id': 'UBERON:0002733', 'tissue_type': 'tissue'};{'label': 'lateral entorhinal cortex', 'ontology_term_id': 'UBERON:0007225', 'tissue_type': 'tissue'};{'label': 'lateral geniculate body', 'ontology_term_id': 'UBERON:0001926', 'tissue_type': 'tissue'};{'label': 'lateral nuclear group of thalamus', 'ontology_term_id': 'UBERON:0002736', 'tissue_type': 'tissue'};{'label': 'lateral posterior nucleus of thalamus', 'ontology_term_id': 'UBERON:0002983', 'tissue_type': 'tissue'};{'label': 'mammillary body', 'ontology_term_id': 'UBERON:0002206', 'tissue_type': 'tissue'};{'label': 'medial dorsal nucleus of thalamus', 'ontology_term_id': 'UBERON:0002739', 'tissue_type': 'tissue'};{'label': 'medial entorhinal cortex', 'ontology_term_id': 'UBERON:0007224', 'tissue_type': 'tissue'};{'label': 'medial geniculate body', 'ontology_term_id': 'UBERON:0001927', 'tissue_type': 'tissue'};{'label': 'medial zone of hypothalamus', 'ontology_term_id': 'UBERON:0002272', 'tissue_type': 'tissue'};{'label': 'midbrain nucleus', 'ontology_term_id': 'UBERON:0009661', 'tissue_type': 'tissue'};{'label': 'midbrain tectum', 'ontology_term_id': 'UBERON:0002314', 'tissue_type': 'tissue'};{'label': 'middle temporal gyrus', 'ontology_term_id': 'UBERON:0002771', 'tissue_type': 'tissue'};{'label': 'nucleus of medulla oblongata', 'ontology_term_id': 'UBERON:0007635', 'tissue_type': 'tissue'};{'label': 'parabrachial nucleus', 'ontology_term_id': 'UBERON:0007634', 'tissue_type': 'tissue'};{'label': 'pontine nuclear group', 'ontology_term_id': 'UBERON:0002151', 'tissue_type': 'tissue'};{'label': 'pontine reticular formation', 'ontology_term_id': 'UBERON:0002573', 'tissue_type': 'tissue'};{'label': 'pontine tegmentum', 'ontology_term_id': 'UBERON:0003023', 'tissue_type': 'tissue'};{'label': 'posterior parahippocampal gyrus', 'ontology_term_id': 'UBERON:0002657', 'tissue_type': 'tissue'};{'label': 'pretectal region', 'ontology_term_id': 'UBERON:0001944', 'tissue_type': 'tissue'};{'label': 'primary motor cortex', 'ontology_term_id': 'UBERON:0001384', 'tissue_type': 'tissue'};{'label': 'pulvinar nucleus', 'ontology_term_id': 'UBERON:0002981', 'tissue_type': 'tissue'};{'label': 'red nucleus', 'ontology_term_id': 'UBERON:0001947', 'tissue_type': 'tissue'};{'label': 'retrosplenial region', 'ontology_term_id': 'UBERON:0013531', 'tissue_type': 'tissue'};{'label': 'septal nuclear complex', 'ontology_term_id': 'UBERON:0002663', 'tissue_type': 'tissue'};{'label': 'spinal cord', 'ontology_term_id': 'UBERON:0002240', 'tissue_type': 'tissue'};{'label': 'substantia innominata', 'ontology_term_id': 'UBERON:0003017', 'tissue_type': 'tissue'};{'label': 'substantia nigra', 'ontology_term_id': 'UBERON:0002038', 'tissue_type': 'tissue'};{'label': 'temporal fusiform gyrus', 'ontology_term_id': 'UBERON:0022395', 'tissue_type': 'tissue'}	None	Human Brain Cell Atlas v1.0	10.1126/science.add7046	04a23820-ffa8-4be5-9f65-64db15631d1e	283d65eb-dd53-496d-adb7-7570c7caa443	10x 3' v3	normal	None
choroid_plexus	None	{'label': 'Brodmann (1909) area 13', 'ontology_term_id': 'UBERON:0013544', 'tissue_type': 'tissue'};{'label': 'Brodmann (1909) area 14', 'ontology_term_id': 'UBERON:0013545', 'tissue_type': 'tissue'};{'label': 'Brodmann (1909) area 19', 'ontology_term_id': 'UBERON:0013550', 'tissue_type': 'tissue'};{'label': 'Brodmann (1909) area 23', 'ontology_term_id': 'UBERON:0013554', 'tissue_type': 'tissue'};{'label': 'Brodmann (1909) area 24', 'ontology_term_id': 'UBERON:0006101', 'tissue_type': 'tissue'};{'label': 'Brodmann (1909) area 25', 'ontology_term_id': 'UBERON:0013556', 'tissue_type': 'tissue'};{'label': 'Brodmann (1909) area 32', 'ontology_term_id': 'UBERON:0013560', 'tissue_type': 'tissue'};{'label': 'Brodmann (1909) area 38', 'ontology_term_id': 'UBERON:0006479', 'tissue_type': 'tissue'};{'label': 'Brodmann (1909) area 40', 'ontology_term_id': 'UBERON:0013573', 'tissue_type': 'tissue'};{'label': 'Brodmann (1909) area 43', 'ontology_term_id': 'UBERON:0013561', 'tissue_type': 'tissue'};{'label': 'Brodmann (1909) area 46', 'ontology_term_id': 'UBERON:0006483', 'tissue_type': 'tissue'};{'label': 'accessory basal amygdaloid nucleus', 'ontology_term_id': 'UBERON:0002885', 'tissue_type': 'tissue'};{'label': 'agranular insular cortex', 'ontology_term_id': 'UBERON:0034893', 'tissue_type': 'tissue'};{'label': 'anterior cortical amygdaloid nucleus', 'ontology_term_id': 'UBERON:0034991', 'tissue_type': 'tissue'};{'label': 'anterior nuclear group', 'ontology_term_id': 'UBERON:0002788', 'tissue_type': 'tissue'};{'label': 'anterior olfactory nucleus', 'ontology_term_id': 'UBERON:0002266', 'tissue_type': 'tissue'};{'label': 'basolateral amygdaloid nuclear complex', 'ontology_term_id': 'UBERON:0006107', 'tissue_type': 'tissue'};{'label': 'bed nucleus of stria terminalis', 'ontology_term_id': 'UBERON:0001880', 'tissue_type': 'tissue'};{'label': 'body of caudate nucleus', 'ontology_term_id': 'UBERON:0002630', 'tissue_type': 'tissue'};{'label': 'central amygdaloid nucleus', 'ontology_term_id': 'UBERON:0002883', 'tissue_type': 'tissue'};{'label': 'claustrum of brain', 'ontology_term_id': 'UBERON:0002023', 'tissue_type': 'tissue'};{'label': 'corticomedial nuclear complex', 'ontology_term_id': 'UBERON:0006108', 'tissue_type': 'tissue'};{'label': 'cuneus cortex', 'ontology_term_id': 'UBERON:0006092', 'tissue_type': 'tissue'};{'label': 'dentate gyrus of hippocampal formation', 'ontology_term_id': 'UBERON:0001885', 'tissue_type': 'tissue'};{'label': 'dorsal tegmental nucleus', 'ontology_term_id': 'UBERON:0002143', 'tissue_type': 'tissue'};{'label': 'epithalamus', 'ontology_term_id': 'UBERON:0001899', 'tissue_type': 'tissue'};{'label': 'extrastriate cortex', 'ontology_term_id': 'UBERON:0014370', 'tissue_type': 'tissue'};{'label': 'globus pallidus', 'ontology_term_id': 'UBERON:0001875', 'tissue_type': 'tissue'};{'label': 'granular insular cortex', 'ontology_term_id': 'UBERON:0034892', 'tissue_type': 'tissue'};{'label': 'gray matter of midbrain', 'ontology_term_id': 'UBERON:0019267', 'tissue_type': 'tissue'};{'label': 'hippocampal field', 'ontology_term_id': 'UBERON:0003876', 'tissue_type': 'tissue'};{'label': 'hypothalamus', 'ontology_term_id': 'UBERON:0001898', 'tissue_type': 'tissue'};{'label': 'inferior frontal gyrus', 'ontology_term_id': 'UBERON:0002998', 'tissue_type': 'tissue'};{'label': 'inferior olivary complex', 'ontology_term_id': 'UBERON:0002127', 'tissue_type': 'tissue'};{'label': 'inferior temporal gyrus', 'ontology_term_id': 'UBERON:0002751', 'tissue_type': 'tissue'};{'label': 'intralaminar nuclear group', 'ontology_term_id': 'UBERON:0002733', 'tissue_type': 'tissue'};{'label': 'lateral amygdaloid nucleus', 'ontology_term_id': 'UBERON:0002886', 'tissue_type': 'tissue'};{'label': 'lateral entorhinal cortex', 'ontology_term_id': 'UBERON:0007225', 'tissue_type': 'tissue'};{'label': 'lateral geniculate body', 'ontology_term_id': 'UBERON:0001926', 'tissue_type': 'tissue'};{'label': 'lateral nuclear group of thalamus', 'ontology_term_id': 'UBERON:0002736', 'tissue_type': 'tissue'};{'label': 'lateral posterior nucleus of thalamus', 'ontology_term_id': 'UBERON:0002983', 'tissue_type': 'tissue'};{'label': 'mammillary body', 'ontology_term_id': 'UBERON:0002206', 'tissue_type': 'tissue'};{'label': 'medial dorsal nucleus of thalamus', 'ontology_term_id': 'UBERON:0002739', 'tissue_type': 'tissue'};{'label': 'medial entorhinal cortex', 'ontology_term_id': 'UBERON:0007224', 'tissue_type': 'tissue'};{'label': 'medial geniculate body', 'ontology_term_id': 'UBERON:0001927', 'tissue_type': 'tissue'};{'label': 'medial zone of hypothalamus', 'ontology_term_id': 'UBERON:0002272', 'tissue_type': 'tissue'};{'label': 'midbrain nucleus', 'ontology_term_id': 'UBERON:0009661', 'tissue_type': 'tissue'};{'label': 'midbrain tectum', 'ontology_term_id': 'UBERON:0002314', 'tissue_type': 'tissue'};{'label': 'middle temporal gyrus', 'ontology_term_id': 'UBERON:0002771', 'tissue_type': 'tissue'};{'label': 'nucleus accumbens', 'ontology_term_id': 'UBERON:0001882', 'tissue_type': 'tissue'};{'label': 'nucleus of dorsal thalamus', 'ontology_term_id': 'UBERON:0015233', 'tissue_type': 'tissue'};{'label': 'nucleus of medulla oblongata', 'ontology_term_id': 'UBERON:0007635', 'tissue_type': 'tissue'};{'label': 'parabrachial nucleus', 'ontology_term_id': 'UBERON:0007634', 'tissue_type': 'tissue'};{'label': 'perirhinal cortex', 'ontology_term_id': 'UBERON:0006083', 'tissue_type': 'tissue'};{'label': 'piriform cortex', 'ontology_term_id': 'UBERON:0004725', 'tissue_type': 'tissue'};{'label': 'pontine nuclear group', 'ontology_term_id': 'UBERON:0002151', 'tissue_type': 'tissue'};{'label': 'pontine reticular formation', 'ontology_term_id': 'UBERON:0002573', 'tissue_type': 'tissue'};{'label': 'pontine tegmentum', 'ontology_term_id': 'UBERON:0003023', 'tissue_type': 'tissue'};{'label': 'posterior parahippocampal gyrus', 'ontology_term_id': 'UBERON:0002657', 'tissue_type': 'tissue'};{'label': 'preoptic area', 'ontology_term_id': 'UBERON:0001928', 'tissue_type': 'tissue'};{'label': 'pretectal region', 'ontology_term_id': 'UBERON:0001944', 'tissue_type': 'tissue'};{'label': 'primary auditory cortex', 'ontology_term_id': 'UBERON:0034751', 'tissue_type': 'tissue'};{'label': 'primary motor cortex', 'ontology_term_id': 'UBERON:0001384', 'tissue_type': 'tissue'};{'label': 'primary somatosensory cortex', 'ontology_term_id': 'UBERON:0008933', 'tissue_type': 'tissue'};{'label': 'primary visual cortex', 'ontology_term_id': 'UBERON:0002436', 'tissue_type': 'tissue'};{'label': 'pulvinar nucleus', 'ontology_term_id': 'UBERON:0002981', 'tissue_type': 'tissue'};{'label': 'putamen', 'ontology_term_id': 'UBERON:0001874', 'tissue_type': 'tissue'};{'label': 'red nucleus', 'ontology_term_id': 'UBERON:0001947', 'tissue_type': 'tissue'};{'label': 'retrosplenial region', 'ontology_term_id': 'UBERON:0013531', 'tissue_type': 'tissue'};{'label': 'septal nuclear complex', 'ontology_term_id': 'UBERON:0002663', 'tissue_type': 'tissue'};{'label': 'spinal cord', 'ontology_term_id': 'UBERON:0002240', 'tissue_type': 'tissue'};{'label': 'subicular complex', 'ontology_term_id': 'UBERON:0023787', 'tissue_type': 'tissue'};{'label': 'substantia innominata', 'ontology_term_id': 'UBERON:0003017', 'tissue_type': 'tissue'};{'label': 'substantia nigra', 'ontology_term_id': 'UBERON:0002038', 'tissue_type': 'tissue'};{'label': 'subthalamic nucleus', 'ontology_term_id': 'UBERON:0001906', 'tissue_type': 'tissue'};{'label': 'superior parietal cortex', 'ontology_term_id': 'UBERON:0006094', 'tissue_type': 'tissue'};{'label': 'superior temporal gyrus', 'ontology_term_id': 'UBERON:0002769', 'tissue_type': 'tissue'};{'label': 'supraoptic nucleus', 'ontology_term_id': 'UBERON:0001929', 'tissue_type': 'tissue'};{'label': 'temporal fusiform gyrus', 'ontology_term_id': 'UBERON:0022395', 'tissue_type': 'tissue'};{'label': 'ventral anterior nucleus of thalamus', 'ontology_term_id': 'UBERON:0002637', 'tissue_type': 'tissue'}	None	Human Brain Cell Atlas v1.0	10.1126/science.add7046	0325478a-9b52-45b5-b40a-2e2ab0d72eb1	283d65eb-dd53-496d-adb7-7570c7caa443	10x 3' v3	normal	None
choroid_plexus	None	{'label': 'brain', 'ontology_term_id': 'UBERON:0000955', 'tissue_type': 'tissue'};{'label': 'forebrain', 'ontology_term_id': 'UBERON:0001890', 'tissue_type': 'tissue'};{'label': 'frontal lobe', 'ontology_term_id': 'UBERON:0016525', 'tissue_type': 'tissue'};{'label': 'left frontal lobe', 'ontology_term_id': 'UBERON:0002811', 'tissue_type': 'tissue'};{'label': 'left parietal lobe', 'ontology_term_id': 'UBERON:0002802', 'tissue_type': 'tissue'};{'label': 'left temporal lobe', 'ontology_term_id': 'UBERON:0002808', 'tissue_type': 'tissue'};{'label': 'right frontal lobe', 'ontology_term_id': 'UBERON:0002810', 'tissue_type': 'tissue'};{'label': 'right parietal lobe', 'ontology_term_id': 'UBERON:0002803', 'tissue_type': 'tissue'};{'label': 'right temporal lobe', 'ontology_term_id': 'UBERON:0002809', 'tissue_type': 'tissue'};{'label': 'temporal lobe', 'ontology_term_id': 'UBERON:0001871', 'tissue_type': 'tissue'};{'label': 'temporoparietal junction', 'ontology_term_id': 'UBERON:0023852', 'tissue_type': 'tissue'}	None	Harmonized single-cell landscape, intercellular crosstalk and tumor architecture of glioblastoma	10.1101/2022.08.27.505439	c888b684-6c51-431f-972a-6c963044cef0	999f2a15-3d7e-440b-96ae-2c806799c08c	10x 3' v2;10x 3' v3;10x 5' v1;BD Rhapsody Whole Transcriptome Analysis;CEL-seq2;STRT-seq;Smart-seq2;microwell-seq	glioblastoma	None
choroid_plexus	None	{'label': 'basal ganglion', 'ontology_term_id': 'UBERON:0002420', 'tissue_type': 'tissue'};{'label': 'brain', 'ontology_term_id': 'UBERON:0000955', 'tissue_type': 'tissue'};{'label': 'forebrain', 'ontology_term_id': 'UBERON:0001890', 'tissue_type': 'tissue'};{'label': 'frontal lobe', 'ontology_term_id': 'UBERON:0016525', 'tissue_type': 'tissue'};{'label': 'left frontal lobe', 'ontology_term_id': 'UBERON:0002811', 'tissue_type': 'tissue'};{'label': 'left parietal lobe', 'ontology_term_id': 'UBERON:0002802', 'tissue_type': 'tissue'};{'label': 'left temporal lobe', 'ontology_term_id': 'UBERON:0002808', 'tissue_type': 'tissue'};{'label': 'occipital lobe', 'ontology_term_id': 'UBERON:0002021', 'tissue_type': 'tissue'};{'label': 'parietal lobe', 'ontology_term_id': 'UBERON:0001872', 'tissue_type': 'tissue'};{'label': 'right frontal lobe', 'ontology_term_id': 'UBERON:0002810', 'tissue_type': 'tissue'};{'label': 'right occipital lobe', 'ontology_term_id': 'UBERON:0002807', 'tissue_type': 'tissue'};{'label': 'right parietal lobe', 'ontology_term_id': 'UBERON:0002803', 'tissue_type': 'tissue'};{'label': 'right temporal lobe', 'ontology_term_id': 'UBERON:0002809', 'tissue_type': 'tissue'};{'label': 'temporal lobe', 'ontology_term_id': 'UBERON:0001871', 'tissue_type': 'tissue'};{'label': 'temporoparietal junction', 'ontology_term_id': 'UBERON:0023852', 'tissue_type': 'tissue'}	None	Harmonized single-cell landscape, intercellular crosstalk and tumor architecture of glioblastoma	10.1101/2022.08.27.505439	56c4912d-2bae-4b64-98f2-af8a84389208	999f2a15-3d7e-440b-96ae-2c806799c08c	10x 3' v2;10x 3' v3;10x 5' v1;BD Rhapsody Whole Transcriptome Analysis;CEL-seq2;Drop-seq;STRT-seq;Smart-seq2;microwell-seq	glioblastoma	None
choroid_plexus	None	{'label': 'choroid plexus', 'ontology_term_id': 'UBERON:0001886', 'tissue_type': 'tissue'}	None	Dysregulation of brain and choroid plexus cell types in severe COVID-19	10.1038/s41586-021-03710-0	595c9010-99ec-462d-b6a1-2b2fe5407871	59c9ecfe-c47d-4a6a-bab0-895cc0c1942b	10x 3' v3	COVID-19;aspiration pneumonia;influenza;malignant pancreatic neoplasm	None
choroid_plexus	None	{'label': 'Brodmann (1909) area 19', 'ontology_term_id': 'UBERON:0013550', 'tissue_type': 'tissue'};{'label': 'Brodmann (1909) area 24', 'ontology_term_id': 'UBERON:0006101', 'tissue_type': 'tissue'};{'label': 'Brodmann (1909) area 25', 'ontology_term_id': 'UBERON:0013556', 'tissue_type': 'tissue'};{'label': 'Brodmann (1909) area 38', 'ontology_term_id': 'UBERON:0006479', 'tissue_type': 'tissue'};{'label': 'Brodmann (1909) area 46', 'ontology_term_id': 'UBERON:0006483', 'tissue_type': 'tissue'};{'label': 'agranular insular cortex', 'ontology_term_id': 'UBERON:0034893', 'tissue_type': 'tissue'};{'label': 'amygdala', 'ontology_term_id': 'UBERON:0001876', 'tissue_type': 'tissue'};{'label': 'anterior cingulate cortex', 'ontology_term_id': 'UBERON:0009835', 'tissue_type': 'tissue'};{'label': 'basolateral amygdaloid nuclear complex', 'ontology_term_id': 'UBERON:0006107', 'tissue_type': 'tissue'};{'label': 'bed nucleus of stria terminalis', 'ontology_term_id': 'UBERON:0001880', 'tissue_type': 'tissue'};{'label': 'body of caudate nucleus', 'ontology_term_id': 'UBERON:0002630', 'tissue_type': 'tissue'};{'label': 'central amygdaloid nucleus', 'ontology_term_id': 'UBERON:0002883', 'tissue_type': 'tissue'};{'label': 'central nucleus of inferior colliculus', 'ontology_term_id': 'UBERON:0002563', 'tissue_type': 'tissue'};{'label': 'cerebellum', 'ontology_term_id': 'UBERON:0002037', 'tissue_type': 'tissue'};{'label': 'claustrum of brain', 'ontology_term_id': 'UBERON:0002023', 'tissue_type': 'tissue'};{'label': 'corticomedial nuclear complex', 'ontology_term_id': 'UBERON:0006108', 'tissue_type': 'tissue'};{'label': 'cuneus cortex', 'ontology_term_id': 'UBERON:0006092', 'tissue_type': 'tissue'};{'label': 'dentate gyrus of hippocampal formation', 'ontology_term_id': 'UBERON:0001885', 'tissue_type': 'tissue'};{'label': 'globus pallidus', 'ontology_term_id': 'UBERON:0001875', 'tissue_type': 'tissue'};{'label': 'granular insular cortex', 'ontology_term_id': 'UBERON:0034892', 'tissue_type': 'tissue'};{'label': 'hippocampal field', 'ontology_term_id': 'UBERON:0003876', 'tissue_type': 'tissue'};{'label': 'hippocampal formation', 'ontology_term_id': 'UBERON:0002421', 'tissue_type': 'tissue'};{'label': 'inferior temporal gyrus', 'ontology_term_id': 'UBERON:0002751', 'tissue_type': 'tissue'};{'label': 'insula', 'ontology_term_id': 'UBERON:0002022', 'tissue_type': 'tissue'};{'label': 'lateral entorhinal cortex', 'ontology_term_id': 'UBERON:0007225', 'tissue_type': 'tissue'};{'label': 'medial dorsal nucleus of thalamus', 'ontology_term_id': 'UBERON:0002739', 'tissue_type': 'tissue'};{'label': 'medial entorhinal cortex', 'ontology_term_id': 'UBERON:0007224', 'tissue_type': 'tissue'};{'label': 'middle temporal gyrus', 'ontology_term_id': 'UBERON:0002771', 'tissue_type': 'tissue'};{'label': 'nucleus accumbens', 'ontology_term_id': 'UBERON:0001882', 'tissue_type': 'tissue'};{'label': 'parietal cortex', 'ontology_term_id': 'UBERON:0016530', 'tissue_type': 'tissue'};{'label': 'piriform cortex', 'ontology_term_id': 'UBERON:0004725', 'tissue_type': 'tissue'};{'label': 'pontine nuclear group', 'ontology_term_id': 'UBERON:0002151', 'tissue_type': 'tissue'};{'label': 'posterior parahippocampal gyrus', 'ontology_term_id': 'UBERON:0002657', 'tissue_type': 'tissue'};{'label': 'prefrontal cortex', 'ontology_term_id': 'UBERON:0000451', 'tissue_type': 'tissue'};{'label': 'primary auditory cortex', 'ontology_term_id': 'UBERON:0034751', 'tissue_type': 'tissue'};{'label': 'primary motor cortex', 'ontology_term_id': 'UBERON:0001384', 'tissue_type': 'tissue'};{'label': 'primary somatosensory cortex', 'ontology_term_id': 'UBERON:0008933', 'tissue_type': 'tissue'};{'label': 'primary visual cortex', 'ontology_term_id': 'UBERON:0002436', 'tissue_type': 'tissue'};{'label': 'pulvinar nucleus', 'ontology_term_id': 'UBERON:0002981', 'tissue_type': 'tissue'};{'label': 'putamen', 'ontology_term_id': 'UBERON:0001874', 'tissue_type': 'tissue'};{'label': 'secondary visual cortex', 'ontology_term_id': 'UBERON:0022232', 'tissue_type': 'tissue'};{'label': 'septal nuclear complex', 'ontology_term_id': 'UBERON:0002663', 'tissue_type': 'tissue'};{'label': 'subiculum', 'ontology_term_id': 'UBERON:0002191', 'tissue_type': 'tissue'};{'label': 'substantia innominata', 'ontology_term_id': 'UBERON:0003017', 'tissue_type': 'tissue'}	None	Single-Cell DNA Methylation and 3D Genome Human Brain Atlas	10.1126/science.adf5357	f0939ae1-0877-42b2-bc0e-3249a42c2c0f	fdebfda9-bb9a-4b4b-97e5-651097ea07b0	snmC-Seq2	normal	None
choroid_plexus	None	{'label': 'Brodmann (1909) area 19', 'ontology_term_id': 'UBERON:0013550', 'tissue_type': 'tissue'};{'label': 'Brodmann (1909) area 24', 'ontology_term_id': 'UBERON:0006101', 'tissue_type': 'tissue'};{'label': 'Brodmann (1909) area 25', 'ontology_term_id': 'UBERON:0013556', 'tissue_type': 'tissue'};{'label': 'Brodmann (1909) area 38', 'ontology_term_id': 'UBERON:0006479', 'tissue_type': 'tissue'};{'label': 'Brodmann (1909) area 46', 'ontology_term_id': 'UBERON:0006483', 'tissue_type': 'tissue'};{'label': 'agranular insular cortex', 'ontology_term_id': 'UBERON:0034893', 'tissue_type': 'tissue'};{'label': 'amygdala', 'ontology_term_id': 'UBERON:0001876', 'tissue_type': 'tissue'};{'label': 'anterior cingulate cortex', 'ontology_term_id': 'UBERON:0009835', 'tissue_type': 'tissue'};{'label': 'basolateral amygdaloid nuclear complex', 'ontology_term_id': 'UBERON:0006107', 'tissue_type': 'tissue'};{'label': 'bed nucleus of stria terminalis', 'ontology_term_id': 'UBERON:0001880', 'tissue_type': 'tissue'};{'label': 'body of caudate nucleus', 'ontology_term_id': 'UBERON:0002630', 'tissue_type': 'tissue'};{'label': 'central amygdaloid nucleus', 'ontology_term_id': 'UBERON:0002883', 'tissue_type': 'tissue'};{'label': 'central nucleus of inferior colliculus', 'ontology_term_id': 'UBERON:0002563', 'tissue_type': 'tissue'};{'label': 'cerebellum', 'ontology_term_id': 'UBERON:0002037', 'tissue_type': 'tissue'};{'label': 'claustrum of brain', 'ontology_term_id': 'UBERON:0002023', 'tissue_type': 'tissue'};{'label': 'corticomedial nuclear complex', 'ontology_term_id': 'UBERON:0006108', 'tissue_type': 'tissue'};{'label': 'cuneus cortex', 'ontology_term_id': 'UBERON:0006092', 'tissue_type': 'tissue'};{'label': 'dentate gyrus of hippocampal formation', 'ontology_term_id': 'UBERON:0001885', 'tissue_type': 'tissue'};{'label': 'globus pallidus', 'ontology_term_id': 'UBERON:0001875', 'tissue_type': 'tissue'};{'label': 'granular insular cortex', 'ontology_term_id': 'UBERON:0034892', 'tissue_type': 'tissue'};{'label': 'hippocampal field', 'ontology_term_id': 'UBERON:0003876', 'tissue_type': 'tissue'};{'label': 'hippocampal formation', 'ontology_term_id': 'UBERON:0002421', 'tissue_type': 'tissue'};{'label': 'inferior temporal gyrus', 'ontology_term_id': 'UBERON:0002751', 'tissue_type': 'tissue'};{'label': 'insula', 'ontology_term_id': 'UBERON:0002022', 'tissue_type': 'tissue'};{'label': 'lateral entorhinal cortex', 'ontology_term_id': 'UBERON:0007225', 'tissue_type': 'tissue'};{'label': 'medial dorsal nucleus of thalamus', 'ontology_term_id': 'UBERON:0002739', 'tissue_type': 'tissue'};{'label': 'medial entorhinal cortex', 'ontology_term_id': 'UBERON:0007224', 'tissue_type': 'tissue'};{'label': 'middle temporal gyrus', 'ontology_term_id': 'UBERON:0002771', 'tissue_type': 'tissue'};{'label': 'nucleus accumbens', 'ontology_term_id': 'UBERON:0001882', 'tissue_type': 'tissue'};{'label': 'parietal cortex', 'ontology_term_id': 'UBERON:0016530', 'tissue_type': 'tissue'};{'label': 'piriform cortex', 'ontology_term_id': 'UBERON:0004725', 'tissue_type': 'tissue'};{'label': 'pontine nuclear group', 'ontology_term_id': 'UBERON:0002151', 'tissue_type': 'tissue'};{'label': 'posterior parahippocampal gyrus', 'ontology_term_id': 'UBERON:0002657', 'tissue_type': 'tissue'};{'label': 'prefrontal cortex', 'ontology_term_id': 'UBERON:0000451', 'tissue_type': 'tissue'};{'label': 'primary auditory cortex', 'ontology_term_id': 'UBERON:0034751', 'tissue_type': 'tissue'};{'label': 'primary motor cortex', 'ontology_term_id': 'UBERON:0001384', 'tissue_type': 'tissue'};{'label': 'primary somatosensory cortex', 'ontology_term_id': 'UBERON:0008933', 'tissue_type': 'tissue'};{'label': 'primary visual cortex', 'ontology_term_id': 'UBERON:0002436', 'tissue_type': 'tissue'};{'label': 'pulvinar nucleus', 'ontology_term_id': 'UBERON:0002981', 'tissue_type': 'tissue'};{'label': 'putamen', 'ontology_term_id': 'UBERON:0001874', 'tissue_type': 'tissue'};{'label': 'secondary visual cortex', 'ontology_term_id': 'UBERON:0022232', 'tissue_type': 'tissue'};{'label': 'septal nuclear complex', 'ontology_term_id': 'UBERON:0002663', 'tissue_type': 'tissue'};{'label': 'subiculum', 'ontology_term_id': 'UBERON:0002191', 'tissue_type': 'tissue'};{'label': 'substantia innominata', 'ontology_term_id': 'UBERON:0003017', 'tissue_type': 'tissue'}	None	Single-Cell DNA Methylation and 3D Genome Human Brain Atlas	10.1126/science.adf5357	8f83f50e-c091-4095-8456-a7acf6c9d423	fdebfda9-bb9a-4b4b-97e5-651097ea07b0	snmC-Seq2	normal	None
choroid_plexus	None	{'label': 'Brodmann (1909) area 19', 'ontology_term_id': 'UBERON:0013550', 'tissue_type': 'tissue'};{'label': 'Brodmann (1909) area 24', 'ontology_term_id': 'UBERON:0006101', 'tissue_type': 'tissue'};{'label': 'Brodmann (1909) area 25', 'ontology_term_id': 'UBERON:0013556', 'tissue_type': 'tissue'};{'label': 'Brodmann (1909) area 38', 'ontology_term_id': 'UBERON:0006479', 'tissue_type': 'tissue'};{'label': 'Brodmann (1909) area 46', 'ontology_term_id': 'UBERON:0006483', 'tissue_type': 'tissue'};{'label': 'agranular insular cortex', 'ontology_term_id': 'UBERON:0034893', 'tissue_type': 'tissue'};{'label': 'amygdala', 'ontology_term_id': 'UBERON:0001876', 'tissue_type': 'tissue'};{'label': 'anterior cingulate cortex', 'ontology_term_id': 'UBERON:0009835', 'tissue_type': 'tissue'};{'label': 'basolateral amygdaloid nuclear complex', 'ontology_term_id': 'UBERON:0006107', 'tissue_type': 'tissue'};{'label': 'bed nucleus of stria terminalis', 'ontology_term_id': 'UBERON:0001880', 'tissue_type': 'tissue'};{'label': 'body of caudate nucleus', 'ontology_term_id': 'UBERON:0002630', 'tissue_type': 'tissue'};{'label': 'central amygdaloid nucleus', 'ontology_term_id': 'UBERON:0002883', 'tissue_type': 'tissue'};{'label': 'central nucleus of inferior colliculus', 'ontology_term_id': 'UBERON:0002563', 'tissue_type': 'tissue'};{'label': 'cerebellum', 'ontology_term_id': 'UBERON:0002037', 'tissue_type': 'tissue'};{'label': 'claustrum of brain', 'ontology_term_id': 'UBERON:0002023', 'tissue_type': 'tissue'};{'label': 'corticomedial nuclear complex', 'ontology_term_id': 'UBERON:0006108', 'tissue_type': 'tissue'};{'label': 'cuneus cortex', 'ontology_term_id': 'UBERON:0006092', 'tissue_type': 'tissue'};{'label': 'dentate gyrus of hippocampal formation', 'ontology_term_id': 'UBERON:0001885', 'tissue_type': 'tissue'};{'label': 'globus pallidus', 'ontology_term_id': 'UBERON:0001875', 'tissue_type': 'tissue'};{'label': 'granular insular cortex', 'ontology_term_id': 'UBERON:0034892', 'tissue_type': 'tissue'};{'label': 'hippocampal field', 'ontology_term_id': 'UBERON:0003876', 'tissue_type': 'tissue'};{'label': 'hippocampal formation', 'ontology_term_id': 'UBERON:0002421', 'tissue_type': 'tissue'};{'label': 'inferior temporal gyrus', 'ontology_term_id': 'UBERON:0002751', 'tissue_type': 'tissue'};{'label': 'insula', 'ontology_term_id': 'UBERON:0002022', 'tissue_type': 'tissue'};{'label': 'lateral entorhinal cortex', 'ontology_term_id': 'UBERON:0007225', 'tissue_type': 'tissue'};{'label': 'medial dorsal nucleus of thalamus', 'ontology_term_id': 'UBERON:0002739', 'tissue_type': 'tissue'};{'label': 'medial entorhinal cortex', 'ontology_term_id': 'UBERON:0007224', 'tissue_type': 'tissue'};{'label': 'middle temporal gyrus', 'ontology_term_id': 'UBERON:0002771', 'tissue_type': 'tissue'};{'label': 'nucleus accumbens', 'ontology_term_id': 'UBERON:0001882', 'tissue_type': 'tissue'};{'label': 'parietal cortex', 'ontology_term_id': 'UBERON:0016530', 'tissue_type': 'tissue'};{'label': 'piriform cortex', 'ontology_term_id': 'UBERON:0004725', 'tissue_type': 'tissue'};{'label': 'pontine nuclear group', 'ontology_term_id': 'UBERON:0002151', 'tissue_type': 'tissue'};{'label': 'posterior parahippocampal gyrus', 'ontology_term_id': 'UBERON:0002657', 'tissue_type': 'tissue'};{'label': 'prefrontal cortex', 'ontology_term_id': 'UBERON:0000451', 'tissue_type': 'tissue'};{'label': 'primary auditory cortex', 'ontology_term_id': 'UBERON:0034751', 'tissue_type': 'tissue'};{'label': 'primary motor cortex', 'ontology_term_id': 'UBERON:0001384', 'tissue_type': 'tissue'};{'label': 'primary somatosensory cortex', 'ontology_term_id': 'UBERON:0008933', 'tissue_type': 'tissue'};{'label': 'primary visual cortex', 'ontology_term_id': 'UBERON:0002436', 'tissue_type': 'tissue'};{'label': 'pulvinar nucleus', 'ontology_term_id': 'UBERON:0002981', 'tissue_type': 'tissue'};{'label': 'putamen', 'ontology_term_id': 'UBERON:0001874', 'tissue_type': 'tissue'};{'label': 'secondary visual cortex', 'ontology_term_id': 'UBERON:0022232', 'tissue_type': 'tissue'};{'label': 'septal nuclear complex', 'ontology_term_id': 'UBERON:0002663', 'tissue_type': 'tissue'};{'label': 'subiculum', 'ontology_term_id': 'UBERON:0002191', 'tissue_type': 'tissue'};{'label': 'substantia innominata', 'ontology_term_id': 'UBERON:0003017', 'tissue_type': 'tissue'}	None	Single-Cell DNA Methylation and 3D Genome Human Brain Atlas	10.1126/science.adf5357	52f0b078-0fb7-4cdb-81f8-d1bcf7b4468b	fdebfda9-bb9a-4b4b-97e5-651097ea07b0	snmC-Seq2	normal	None
choroid_plexus	None	{'label': 'Brodmann (1909) area 19', 'ontology_term_id': 'UBERON:0013550', 'tissue_type': 'tissue'};{'label': 'Brodmann (1909) area 24', 'ontology_term_id': 'UBERON:0006101', 'tissue_type': 'tissue'};{'label': 'Brodmann (1909) area 25', 'ontology_term_id': 'UBERON:0013556', 'tissue_type': 'tissue'};{'label': 'Brodmann (1909) area 38', 'ontology_term_id': 'UBERON:0006479', 'tissue_type': 'tissue'};{'label': 'Brodmann (1909) area 46', 'ontology_term_id': 'UBERON:0006483', 'tissue_type': 'tissue'};{'label': 'agranular insular cortex', 'ontology_term_id': 'UBERON:0034893', 'tissue_type': 'tissue'};{'label': 'amygdala', 'ontology_term_id': 'UBERON:0001876', 'tissue_type': 'tissue'};{'label': 'anterior cingulate cortex', 'ontology_term_id': 'UBERON:0009835', 'tissue_type': 'tissue'};{'label': 'basolateral amygdaloid nuclear complex', 'ontology_term_id': 'UBERON:0006107', 'tissue_type': 'tissue'};{'label': 'bed nucleus of stria terminalis', 'ontology_term_id': 'UBERON:0001880', 'tissue_type': 'tissue'};{'label': 'body of caudate nucleus', 'ontology_term_id': 'UBERON:0002630', 'tissue_type': 'tissue'};{'label': 'central amygdaloid nucleus', 'ontology_term_id': 'UBERON:0002883', 'tissue_type': 'tissue'};{'label': 'central nucleus of inferior colliculus', 'ontology_term_id': 'UBERON:0002563', 'tissue_type': 'tissue'};{'label': 'claustrum of brain', 'ontology_term_id': 'UBERON:0002023', 'tissue_type': 'tissue'};{'label': 'corticomedial nuclear complex', 'ontology_term_id': 'UBERON:0006108', 'tissue_type': 'tissue'};{'label': 'cuneus cortex', 'ontology_term_id': 'UBERON:0006092', 'tissue_type': 'tissue'};{'label': 'dentate gyrus of hippocampal formation', 'ontology_term_id': 'UBERON:0001885', 'tissue_type': 'tissue'};{'label': 'globus pallidus', 'ontology_term_id': 'UBERON:0001875', 'tissue_type': 'tissue'};{'label': 'granular insular cortex', 'ontology_term_id': 'UBERON:0034892', 'tissue_type': 'tissue'};{'label': 'hippocampal field', 'ontology_term_id': 'UBERON:0003876', 'tissue_type': 'tissue'};{'label': 'hippocampal formation', 'ontology_term_id': 'UBERON:0002421', 'tissue_type': 'tissue'};{'label': 'inferior temporal gyrus', 'ontology_term_id': 'UBERON:0002751', 'tissue_type': 'tissue'};{'label': 'insula', 'ontology_term_id': 'UBERON:0002022', 'tissue_type': 'tissue'};{'label': 'lateral entorhinal cortex', 'ontology_term_id': 'UBERON:0007225', 'tissue_type': 'tissue'};{'label': 'medial dorsal nucleus of thalamus', 'ontology_term_id': 'UBERON:0002739', 'tissue_type': 'tissue'};{'label': 'medial entorhinal cortex', 'ontology_term_id': 'UBERON:0007224', 'tissue_type': 'tissue'};{'label': 'middle temporal gyrus', 'ontology_term_id': 'UBERON:0002771', 'tissue_type': 'tissue'};{'label': 'nucleus accumbens', 'ontology_term_id': 'UBERON:0001882', 'tissue_type': 'tissue'};{'label': 'parietal cortex', 'ontology_term_id': 'UBERON:0016530', 'tissue_type': 'tissue'};{'label': 'piriform cortex', 'ontology_term_id': 'UBERON:0004725', 'tissue_type': 'tissue'};{'label': 'pontine nuclear group', 'ontology_term_id': 'UBERON:0002151', 'tissue_type': 'tissue'};{'label': 'posterior parahippocampal gyrus', 'ontology_term_id': 'UBERON:0002657', 'tissue_type': 'tissue'};{'label': 'prefrontal cortex', 'ontology_term_id': 'UBERON:0000451', 'tissue_type': 'tissue'};{'label': 'primary auditory cortex', 'ontology_term_id': 'UBERON:0034751', 'tissue_type': 'tissue'};{'label': 'primary motor cortex', 'ontology_term_id': 'UBERON:0001384', 'tissue_type': 'tissue'};{'label': 'primary somatosensory cortex', 'ontology_term_id': 'UBERON:0008933', 'tissue_type': 'tissue'};{'label': 'primary visual cortex', 'ontology_term_id': 'UBERON:0002436', 'tissue_type': 'tissue'};{'label': 'pulvinar nucleus', 'ontology_term_id': 'UBERON:0002981', 'tissue_type': 'tissue'};{'label': 'putamen', 'ontology_term_id': 'UBERON:0001874', 'tissue_type': 'tissue'};{'label': 'secondary visual cortex', 'ontology_term_id': 'UBERON:0022232', 'tissue_type': 'tissue'};{'label': 'septal nuclear complex', 'ontology_term_id': 'UBERON:0002663', 'tissue_type': 'tissue'};{'label': 'subiculum', 'ontology_term_id': 'UBERON:0002191', 'tissue_type': 'tissue'};{'label': 'substantia innominata', 'ontology_term_id': 'UBERON:0003017', 'tissue_type': 'tissue'}	None	Single-Cell DNA Methylation and 3D Genome Human Brain Atlas	10.1126/science.adf5357	38e5738d-3870-433b-858a-5c364f322439	fdebfda9-bb9a-4b4b-97e5-651097ea07b0	snmC-Seq2	normal	None
choroid_plexus	None	{'label': 'Brodmann (1909) area 19', 'ontology_term_id': 'UBERON:0013550', 'tissue_type': 'tissue'};{'label': 'Brodmann (1909) area 24', 'ontology_term_id': 'UBERON:0006101', 'tissue_type': 'tissue'};{'label': 'Brodmann (1909) area 25', 'ontology_term_id': 'UBERON:0013556', 'tissue_type': 'tissue'};{'label': 'Brodmann (1909) area 38', 'ontology_term_id': 'UBERON:0006479', 'tissue_type': 'tissue'};{'label': 'Brodmann (1909) area 46', 'ontology_term_id': 'UBERON:0006483', 'tissue_type': 'tissue'};{'label': 'agranular insular cortex', 'ontology_term_id': 'UBERON:0034893', 'tissue_type': 'tissue'};{'label': 'amygdala', 'ontology_term_id': 'UBERON:0001876', 'tissue_type': 'tissue'};{'label': 'anterior cingulate cortex', 'ontology_term_id': 'UBERON:0009835', 'tissue_type': 'tissue'};{'label': 'basolateral amygdaloid nuclear complex', 'ontology_term_id': 'UBERON:0006107', 'tissue_type': 'tissue'};{'label': 'bed nucleus of stria terminalis', 'ontology_term_id': 'UBERON:0001880', 'tissue_type': 'tissue'};{'label': 'body of caudate nucleus', 'ontology_term_id': 'UBERON:0002630', 'tissue_type': 'tissue'};{'label': 'central amygdaloid nucleus', 'ontology_term_id': 'UBERON:0002883', 'tissue_type': 'tissue'};{'label': 'central nucleus of inferior colliculus', 'ontology_term_id': 'UBERON:0002563', 'tissue_type': 'tissue'};{'label': 'claustrum of brain', 'ontology_term_id': 'UBERON:0002023', 'tissue_type': 'tissue'};{'label': 'corticomedial nuclear complex', 'ontology_term_id': 'UBERON:0006108', 'tissue_type': 'tissue'};{'label': 'cuneus cortex', 'ontology_term_id': 'UBERON:0006092', 'tissue_type': 'tissue'};{'label': 'dentate gyrus of hippocampal formation', 'ontology_term_id': 'UBERON:0001885', 'tissue_type': 'tissue'};{'label': 'globus pallidus', 'ontology_term_id': 'UBERON:0001875', 'tissue_type': 'tissue'};{'label': 'granular insular cortex', 'ontology_term_id': 'UBERON:0034892', 'tissue_type': 'tissue'};{'label': 'hippocampal field', 'ontology_term_id': 'UBERON:0003876', 'tissue_type': 'tissue'};{'label': 'hippocampal formation', 'ontology_term_id': 'UBERON:0002421', 'tissue_type': 'tissue'};{'label': 'inferior temporal gyrus', 'ontology_term_id': 'UBERON:0002751', 'tissue_type': 'tissue'};{'label': 'insula', 'ontology_term_id': 'UBERON:0002022', 'tissue_type': 'tissue'};{'label': 'lateral entorhinal cortex', 'ontology_term_id': 'UBERON:0007225', 'tissue_type': 'tissue'};{'label': 'medial dorsal nucleus of thalamus', 'ontology_term_id': 'UBERON:0002739', 'tissue_type': 'tissue'};{'label': 'medial entorhinal cortex', 'ontology_term_id': 'UBERON:0007224', 'tissue_type': 'tissue'};{'label': 'middle temporal gyrus', 'ontology_term_id': 'UBERON:0002771', 'tissue_type': 'tissue'};{'label': 'nucleus accumbens', 'ontology_term_id': 'UBERON:0001882', 'tissue_type': 'tissue'};{'label': 'parietal cortex', 'ontology_term_id': 'UBERON:0016530', 'tissue_type': 'tissue'};{'label': 'piriform cortex', 'ontology_term_id': 'UBERON:0004725', 'tissue_type': 'tissue'};{'label': 'pontine nuclear group', 'ontology_term_id': 'UBERON:0002151', 'tissue_type': 'tissue'};{'label': 'posterior parahippocampal gyrus', 'ontology_term_id': 'UBERON:0002657', 'tissue_type': 'tissue'};{'label': 'prefrontal cortex', 'ontology_term_id': 'UBERON:0000451', 'tissue_type': 'tissue'};{'label': 'primary auditory cortex', 'ontology_term_id': 'UBERON:0034751', 'tissue_type': 'tissue'};{'label': 'primary motor cortex', 'ontology_term_id': 'UBERON:0001384', 'tissue_type': 'tissue'};{'label': 'primary somatosensory cortex', 'ontology_term_id': 'UBERON:0008933', 'tissue_type': 'tissue'};{'label': 'primary visual cortex', 'ontology_term_id': 'UBERON:0002436', 'tissue_type': 'tissue'};{'label': 'pulvinar nucleus', 'ontology_term_id': 'UBERON:0002981', 'tissue_type': 'tissue'};{'label': 'putamen', 'ontology_term_id': 'UBERON:0001874', 'tissue_type': 'tissue'};{'label': 'secondary visual cortex', 'ontology_term_id': 'UBERON:0022232', 'tissue_type': 'tissue'};{'label': 'septal nuclear complex', 'ontology_term_id': 'UBERON:0002663', 'tissue_type': 'tissue'};{'label': 'subiculum', 'ontology_term_id': 'UBERON:0002191', 'tissue_type': 'tissue'};{'label': 'substantia innominata', 'ontology_term_id': 'UBERON:0003017', 'tissue_type': 'tissue'}	None	Single-Cell DNA Methylation and 3D Genome Human Brain Atlas	10.1126/science.adf5357	346c5aad-b034-4248-8cbe-0a05fd634b9c	fdebfda9-bb9a-4b4b-97e5-651097ea07b0	snmC-Seq2	normal	None
choroid_plexus	None	{'label': 'Brodmann (1909) area 19', 'ontology_term_id': 'UBERON:0013550', 'tissue_type': 'tissue'};{'label': 'Brodmann (1909) area 24', 'ontology_term_id': 'UBERON:0006101', 'tissue_type': 'tissue'};{'label': 'Brodmann (1909) area 25', 'ontology_term_id': 'UBERON:0013556', 'tissue_type': 'tissue'};{'label': 'Brodmann (1909) area 38', 'ontology_term_id': 'UBERON:0006479', 'tissue_type': 'tissue'};{'label': 'Brodmann (1909) area 46', 'ontology_term_id': 'UBERON:0006483', 'tissue_type': 'tissue'};{'label': 'agranular insular cortex', 'ontology_term_id': 'UBERON:0034893', 'tissue_type': 'tissue'};{'label': 'amygdala', 'ontology_term_id': 'UBERON:0001876', 'tissue_type': 'tissue'};{'label': 'anterior cingulate cortex', 'ontology_term_id': 'UBERON:0009835', 'tissue_type': 'tissue'};{'label': 'basolateral amygdaloid nuclear complex', 'ontology_term_id': 'UBERON:0006107', 'tissue_type': 'tissue'};{'label': 'bed nucleus of stria terminalis', 'ontology_term_id': 'UBERON:0001880', 'tissue_type': 'tissue'};{'label': 'body of caudate nucleus', 'ontology_term_id': 'UBERON:0002630', 'tissue_type': 'tissue'};{'label': 'central amygdaloid nucleus', 'ontology_term_id': 'UBERON:0002883', 'tissue_type': 'tissue'};{'label': 'central nucleus of inferior colliculus', 'ontology_term_id': 'UBERON:0002563', 'tissue_type': 'tissue'};{'label': 'cerebellum', 'ontology_term_id': 'UBERON:0002037', 'tissue_type': 'tissue'};{'label': 'claustrum of brain', 'ontology_term_id': 'UBERON:0002023', 'tissue_type': 'tissue'};{'label': 'corticomedial nuclear complex', 'ontology_term_id': 'UBERON:0006108', 'tissue_type': 'tissue'};{'label': 'cuneus cortex', 'ontology_term_id': 'UBERON:0006092', 'tissue_type': 'tissue'};{'label': 'dentate gyrus of hippocampal formation', 'ontology_term_id': 'UBERON:0001885', 'tissue_type': 'tissue'};{'label': 'globus pallidus', 'ontology_term_id': 'UBERON:0001875', 'tissue_type': 'tissue'};{'label': 'granular insular cortex', 'ontology_term_id': 'UBERON:0034892', 'tissue_type': 'tissue'};{'label': 'hippocampal field', 'ontology_term_id': 'UBERON:0003876', 'tissue_type': 'tissue'};{'label': 'hippocampal formation', 'ontology_term_id': 'UBERON:0002421', 'tissue_type': 'tissue'};{'label': 'inferior temporal gyrus', 'ontology_term_id': 'UBERON:0002751', 'tissue_type': 'tissue'};{'label': 'insula', 'ontology_term_id': 'UBERON:0002022', 'tissue_type': 'tissue'};{'label': 'lateral entorhinal cortex', 'ontology_term_id': 'UBERON:0007225', 'tissue_type': 'tissue'};{'label': 'medial dorsal nucleus of thalamus', 'ontology_term_id': 'UBERON:0002739', 'tissue_type': 'tissue'};{'label': 'medial entorhinal cortex', 'ontology_term_id': 'UBERON:0007224', 'tissue_type': 'tissue'};{'label': 'middle temporal gyrus', 'ontology_term_id': 'UBERON:0002771', 'tissue_type': 'tissue'};{'label': 'nucleus accumbens', 'ontology_term_id': 'UBERON:0001882', 'tissue_type': 'tissue'};{'label': 'parietal cortex', 'ontology_term_id': 'UBERON:0016530', 'tissue_type': 'tissue'};{'label': 'piriform cortex', 'ontology_term_id': 'UBERON:0004725', 'tissue_type': 'tissue'};{'label': 'pontine nuclear group', 'ontology_term_id': 'UBERON:0002151', 'tissue_type': 'tissue'};{'label': 'posterior parahippocampal gyrus', 'ontology_term_id': 'UBERON:0002657', 'tissue_type': 'tissue'};{'label': 'prefrontal cortex', 'ontology_term_id': 'UBERON:0000451', 'tissue_type': 'tissue'};{'label': 'primary auditory cortex', 'ontology_term_id': 'UBERON:0034751', 'tissue_type': 'tissue'};{'label': 'primary motor cortex', 'ontology_term_id': 'UBERON:0001384', 'tissue_type': 'tissue'};{'label': 'primary somatosensory cortex', 'ontology_term_id': 'UBERON:0008933', 'tissue_type': 'tissue'};{'label': 'primary visual cortex', 'ontology_term_id': 'UBERON:0002436', 'tissue_type': 'tissue'};{'label': 'pulvinar nucleus', 'ontology_term_id': 'UBERON:0002981', 'tissue_type': 'tissue'};{'label': 'putamen', 'ontology_term_id': 'UBERON:0001874', 'tissue_type': 'tissue'};{'label': 'secondary visual cortex', 'ontology_term_id': 'UBERON:0022232', 'tissue_type': 'tissue'};{'label': 'septal nuclear complex', 'ontology_term_id': 'UBERON:0002663', 'tissue_type': 'tissue'};{'label': 'subiculum', 'ontology_term_id': 'UBERON:0002191', 'tissue_type': 'tissue'};{'label': 'substantia innominata', 'ontology_term_id': 'UBERON:0003017', 'tissue_type': 'tissue'}	None	Single-Cell DNA Methylation and 3D Genome Human Brain Atlas	10.1126/science.adf5357	0500e103-38db-456d-9c3f-b96b8a693ab2	fdebfda9-bb9a-4b4b-97e5-651097ea07b0	snmC-Seq2	normal	None
choroid_plexus	None	{'label': 'heart left ventricle', 'ontology_term_id': 'UBERON:0002084', 'tissue_type': 'tissue'};{'label': 'left atrium auricular region', 'ontology_term_id': 'UBERON:0006630', 'tissue_type': 'tissue'}	None	Single-cell reconstruction of the adult human heart during heart failure and recovery reveals the cellular landscape underlying cardiac function	10.1038/s41556-019-0446-7	07e6773a-6c01-47aa-ac14-fbc1965edf33	18778eff-8382-4388-9d54-d5a5939eb9ee	Smart-seq2	normal	None
choroid_plexus	None	{'label': 'heart left ventricle', 'ontology_term_id': 'UBERON:0002084', 'tissue_type': 'tissue'}	None	Spatial multi-omic map of human myocardial infarction	10.1038/s41586-022-05060-x	fcfd30bb-8367-490f-b5e0-7dcb69ea83f4	8191c283-0816-424b-9b61-c3e1d6258a77	Visium Spatial Gene Expression V1	myocardial infarction	None
choroid_plexus	None	{'label': 'heart left ventricle', 'ontology_term_id': 'UBERON:0002084', 'tissue_type': 'tissue'}	None	Spatial multi-omic map of human myocardial infarction	10.1038/s41586-022-05060-x	f7cd2a61-2bdc-41c0-a845-32f66a62c2b6	8191c283-0816-424b-9b61-c3e1d6258a77	Visium Spatial Gene Expression V1	myocardial infarction	None
choroid_plexus	None	{'label': 'heart left ventricle', 'ontology_term_id': 'UBERON:0002084', 'tissue_type': 'tissue'}	None	Spatial multi-omic map of human myocardial infarction	10.1038/s41586-022-05060-x	f15e263b-6544-46cb-a46e-e33ab7ce8347	8191c283-0816-424b-9b61-c3e1d6258a77	10x 3' v3	myocardial infarction	None
choroid_plexus	None	{'label': 'heart left ventricle', 'ontology_term_id': 'UBERON:0002084', 'tissue_type': 'tissue'}	None	Spatial multi-omic map of human myocardial infarction	10.1038/s41586-022-05060-x	eaf8f9a3-52fd-46c9-a05d-92a52451a42c	8191c283-0816-424b-9b61-c3e1d6258a77	Visium Spatial Gene Expression V1	myocardial infarction	None
choroid_plexus	None	{'label': 'heart left ventricle', 'ontology_term_id': 'UBERON:0002084', 'tissue_type': 'tissue'}	None	Spatial multi-omic map of human myocardial infarction	10.1038/s41586-022-05060-x	bc86f972-c8d0-4ef1-b296-9f6dead700aa	8191c283-0816-424b-9b61-c3e1d6258a77	Visium Spatial Gene Expression V1	myocardial infarction	None
choroid_plexus	None	{'label': 'heart left ventricle', 'ontology_term_id': 'UBERON:0002084', 'tissue_type': 'tissue'}	None	Spatial multi-omic map of human myocardial infarction	10.1038/s41586-022-05060-x	9eb5e239-740e-408b-a494-bfcf2fe8d05b	8191c283-0816-424b-9b61-c3e1d6258a77	Visium Spatial Gene Expression V1	myocardial infarction	None
choroid_plexus	None	{'label': 'heart left ventricle', 'ontology_term_id': 'UBERON:0002084', 'tissue_type': 'tissue'}	None	Spatial multi-omic map of human myocardial infarction	10.1038/s41586-022-05060-x	9849b046-445b-4460-a6d5-ce247c911a42	8191c283-0816-424b-9b61-c3e1d6258a77	Visium Spatial Gene Expression V1	myocardial infarction	None
choroid_plexus	None	{'label': 'heart left ventricle', 'ontology_term_id': 'UBERON:0002084', 'tissue_type': 'tissue'}	None	Spatial multi-omic map of human myocardial infarction	10.1038/s41586-022-05060-x	95e1779d-25d6-4274-bf2b-7db1f4380c0c	8191c283-0816-424b-9b61-c3e1d6258a77	Visium Spatial Gene Expression V1	myocardial infarction	None
choroid_plexus	None	{'label': 'heart left ventricle', 'ontology_term_id': 'UBERON:0002084', 'tissue_type': 'tissue'}	None	Spatial multi-omic map of human myocardial infarction	10.1038/s41586-022-05060-x	91d3b939-744f-45d3-b782-79196ed93612	8191c283-0816-424b-9b61-c3e1d6258a77	Visium Spatial Gene Expression V1	myocardial infarction	None
choroid_plexus	None	{'label': 'heart left ventricle', 'ontology_term_id': 'UBERON:0002084', 'tissue_type': 'tissue'}	None	Spatial multi-omic map of human myocardial infarction	10.1038/s41586-022-05060-x	8fb329fb-2801-494b-b1c9-8c01ca0e91bc	8191c283-0816-424b-9b61-c3e1d6258a77	Visium Spatial Gene Expression V1	myocardial infarction	None
choroid_plexus	None	{'label': 'heart left ventricle', 'ontology_term_id': 'UBERON:0002084', 'tissue_type': 'tissue'}	None	Spatial multi-omic map of human myocardial infarction	10.1038/s41586-022-05060-x	87789c9c-c10d-47c8-ab63-5125a8e70216	8191c283-0816-424b-9b61-c3e1d6258a77	Visium Spatial Gene Expression V1	myocardial infarction	None
choroid_plexus	None	{'label': 'heart left ventricle', 'ontology_term_id': 'UBERON:0002084', 'tissue_type': 'tissue'}	None	Spatial multi-omic map of human myocardial infarction	10.1038/s41586-022-05060-x	7f7d11a9-aa45-4b02-a263-35d88e4dcdd4	8191c283-0816-424b-9b61-c3e1d6258a77	Visium Spatial Gene Expression V1	myocardial infarction	None
choroid_plexus	None	{'label': 'heart left ventricle', 'ontology_term_id': 'UBERON:0002084', 'tissue_type': 'tissue'}	None	Spatial multi-omic map of human myocardial infarction	10.1038/s41586-022-05060-x	77e04629-a8fa-4d34-bf5f-622d9aed9f35	8191c283-0816-424b-9b61-c3e1d6258a77	Visium Spatial Gene Expression V1	normal	None
choroid_plexus	None	{'label': 'heart left ventricle', 'ontology_term_id': 'UBERON:0002084', 'tissue_type': 'tissue'}	None	Spatial multi-omic map of human myocardial infarction	10.1038/s41586-022-05060-x	72a69193-d84a-42f6-98a3-d7ef0ec0c381	8191c283-0816-424b-9b61-c3e1d6258a77	10x scATAC-seq	myocardial infarction;normal	None
choroid_plexus	None	{'label': 'heart left ventricle', 'ontology_term_id': 'UBERON:0002084', 'tissue_type': 'tissue'}	None	Spatial multi-omic map of human myocardial infarction	10.1038/s41586-022-05060-x	66dc396c-7d51-4ad0-b1a5-abd0d59d3d67	8191c283-0816-424b-9b61-c3e1d6258a77	Visium Spatial Gene Expression V1	myocardial infarction	None
choroid_plexus	None	{'label': 'heart left ventricle', 'ontology_term_id': 'UBERON:0002084', 'tissue_type': 'tissue'}	None	Spatial multi-omic map of human myocardial infarction	10.1038/s41586-022-05060-x	6476d8b6-1ad0-47b3-b243-846a08007311	8191c283-0816-424b-9b61-c3e1d6258a77	Visium Spatial Gene Expression V1	myocardial infarction	None
choroid_plexus	None	{'label': 'heart left ventricle', 'ontology_term_id': 'UBERON:0002084', 'tissue_type': 'tissue'}	None	Spatial multi-omic map of human myocardial infarction	10.1038/s41586-022-05060-x	58af04fb-de1f-4ba3-8d19-d26610526f14	8191c283-0816-424b-9b61-c3e1d6258a77	Visium Spatial Gene Expression V1	normal	None
choroid_plexus	None	{'label': 'heart left ventricle', 'ontology_term_id': 'UBERON:0002084', 'tissue_type': 'tissue'}	None	Spatial multi-omic map of human myocardial infarction	10.1038/s41586-022-05060-x	51a4096f-9fe3-49df-b201-6877a1f67868	8191c283-0816-424b-9b61-c3e1d6258a77	Visium Spatial Gene Expression V1	myocardial infarction	None
choroid_plexus	None	{'label': 'heart left ventricle', 'ontology_term_id': 'UBERON:0002084', 'tissue_type': 'tissue'}	None	Spatial multi-omic map of human myocardial infarction	10.1038/s41586-022-05060-x	4fd2ee79-ab3a-4827-a773-1b7dcd099307	8191c283-0816-424b-9b61-c3e1d6258a77	Visium Spatial Gene Expression V1	normal	None
choroid_plexus	None	{'label': 'heart left ventricle', 'ontology_term_id': 'UBERON:0002084', 'tissue_type': 'tissue'}	None	Spatial multi-omic map of human myocardial infarction	10.1038/s41586-022-05060-x	4c367cfb-fd4c-4505-bac9-5456f4fb3a44	8191c283-0816-424b-9b61-c3e1d6258a77	Visium Spatial Gene Expression V1	myocardial infarction	None
choroid_plexus	None	{'label': 'heart left ventricle', 'ontology_term_id': 'UBERON:0002084', 'tissue_type': 'tissue'}	None	Spatial multi-omic map of human myocardial infarction	10.1038/s41586-022-05060-x	4a6e55f0-a01e-46b5-9c49-8ecfdf042c71	8191c283-0816-424b-9b61-c3e1d6258a77	Visium Spatial Gene Expression V1	myocardial infarction	None
choroid_plexus	None	{'label': 'heart left ventricle', 'ontology_term_id': 'UBERON:0002084', 'tissue_type': 'tissue'}	None	Spatial multi-omic map of human myocardial infarction	10.1038/s41586-022-05060-x	49a896ee-ac93-480a-8b58-19afa747d6b9	8191c283-0816-424b-9b61-c3e1d6258a77	Visium Spatial Gene Expression V1	myocardial infarction	None
choroid_plexus	None	{'label': 'heart left ventricle', 'ontology_term_id': 'UBERON:0002084', 'tissue_type': 'tissue'}	None	Spatial multi-omic map of human myocardial infarction	10.1038/s41586-022-05060-x	32513e13-8f4a-4418-b4d5-faac85fa430d	8191c283-0816-424b-9b61-c3e1d6258a77	Visium Spatial Gene Expression V1	myocardial infarction	None
choroid_plexus	None	{'label': 'heart left ventricle', 'ontology_term_id': 'UBERON:0002084', 'tissue_type': 'tissue'}	None	Spatial multi-omic map of human myocardial infarction	10.1038/s41586-022-05060-x	2257d8b0-7385-48b8-8dca-c5772592c5ea	8191c283-0816-424b-9b61-c3e1d6258a77	Visium Spatial Gene Expression V1	normal	None
choroid_plexus	None	{'label': 'heart left ventricle', 'ontology_term_id': 'UBERON:0002084', 'tissue_type': 'tissue'}	None	Spatial multi-omic map of human myocardial infarction	10.1038/s41586-022-05060-x	1f2630df-fa28-4ebc-9e91-b870c93fc68a	8191c283-0816-424b-9b61-c3e1d6258a77	Visium Spatial Gene Expression V1	myocardial infarction	None
choroid_plexus	None	{'label': 'heart left ventricle', 'ontology_term_id': 'UBERON:0002084', 'tissue_type': 'tissue'}	None	Spatial multi-omic map of human myocardial infarction	10.1038/s41586-022-05060-x	1c739a3e-c3f5-49d5-98e0-73975e751201	8191c283-0816-424b-9b61-c3e1d6258a77	10x 3' v3	myocardial infarction;normal	None
choroid_plexus	None	{'label': 'heart left ventricle', 'ontology_term_id': 'UBERON:0002084', 'tissue_type': 'tissue'}	None	Spatial multi-omic map of human myocardial infarction	10.1038/s41586-022-05060-x	1c50055f-6add-4035-b592-9e52a729663e	8191c283-0816-424b-9b61-c3e1d6258a77	Visium Spatial Gene Expression V1	myocardial infarction	None
choroid_plexus	None	{'label': 'heart left ventricle', 'ontology_term_id': 'UBERON:0002084', 'tissue_type': 'tissue'}	None	Spatial multi-omic map of human myocardial infarction	10.1038/s41586-022-05060-x	1a0aec1a-e465-4bea-aaba-a6d58d0ba2c1	8191c283-0816-424b-9b61-c3e1d6258a77	Visium Spatial Gene Expression V1	myocardial infarction	None
choroid_plexus	None	{'label': 'heart left ventricle', 'ontology_term_id': 'UBERON:0002084', 'tissue_type': 'tissue'}	None	Spatial multi-omic map of human myocardial infarction	10.1038/s41586-022-05060-x	1017c6ce-80a5-492e-a82e-54b34a3c9f0b	8191c283-0816-424b-9b61-c3e1d6258a77	Visium Spatial Gene Expression V1	myocardial infarction	None
choroid_plexus	None	{'label': 'heart left ventricle', 'ontology_term_id': 'UBERON:0002084', 'tissue_type': 'tissue'}	None	Spatial multi-omic map of human myocardial infarction	10.1038/s41586-022-05060-x	0fe5eed4-bcbc-4c00-a388-00bc1455a9b7	8191c283-0816-424b-9b61-c3e1d6258a77	Visium Spatial Gene Expression V1	myocardial infarction	None
choroid_plexus	None	{'label': 'heart left ventricle', 'ontology_term_id': 'UBERON:0002084', 'tissue_type': 'tissue'}	None	Spatial multi-omic map of human myocardial infarction	10.1038/s41586-022-05060-x	05d4a216-5384-4724-bd2a-2ea38f02e7cc	8191c283-0816-424b-9b61-c3e1d6258a77	Visium Spatial Gene Expression V1	myocardial infarction	None
choroid_plexus	None	{'label': 'cardiac atrium', 'ontology_term_id': 'UBERON:0002081', 'tissue_type': 'tissue'};{'label': 'cardiac ventricle', 'ontology_term_id': 'UBERON:0002082', 'tissue_type': 'tissue'};{'label': 'heart', 'ontology_term_id': 'UBERON:0000948', 'tissue_type': 'tissue'};{'label': 'heart right ventricle', 'ontology_term_id': 'UBERON:0002080', 'tissue_type': 'tissue'};{'label': 'right cardiac atrium', 'ontology_term_id': 'UBERON:0002078', 'tissue_type': 'tissue'}	None	Tabula Sapiens	10.1126/science.abl4896	e6a11140-2545-46bc-929e-da243eed2cae	e5f58829-1a66-40b5-a624-9046778e74f5	10x 3' v3;Smart-seq2	normal	None
choroid_plexus	None	{'label': 'brain meninx', 'ontology_term_id': 'UBERON:0003547', 'tissue_type': 'tissue'};{'label': 'forebrain meninges', 'ontology_term_id': 'UBERON:0003548', 'tissue_type': 'tissue'};{'label': 'meninx', 'ontology_term_id': 'UBERON:0002360', 'tissue_type': 'tissue'}	None	Single cell RNA sequencing of the human embryonic meninges at 5-13 weeks post conception	None	f43f70fc-0aa9-493e-8e5a-5649f090d433	7d66d871-091f-4602-9f42-85f86d2853e0	10x 3' v3	normal	None
choroid_plexus	None	{'label': 'brain meninx', 'ontology_term_id': 'UBERON:0003547', 'tissue_type': 'tissue'};{'label': 'forebrain meninges', 'ontology_term_id': 'UBERON:0003548', 'tissue_type': 'tissue'};{'label': 'meninx', 'ontology_term_id': 'UBERON:0002360', 'tissue_type': 'tissue'}	None	Single cell RNA sequencing of the human embryonic meninges at 5-13 weeks post conception	None	ce5132bd-7600-4299-bb2c-2b00d409170f	7d66d871-091f-4602-9f42-85f86d2853e0	10x 3' v3	normal	None
choroid_plexus	None	{'label': 'brain meninx', 'ontology_term_id': 'UBERON:0003547', 'tissue_type': 'tissue'};{'label': 'forebrain meninges', 'ontology_term_id': 'UBERON:0003548', 'tissue_type': 'tissue'};{'label': 'meninx', 'ontology_term_id': 'UBERON:0002360', 'tissue_type': 'tissue'}	None	Single cell RNA sequencing of the human embryonic meninges at 5-13 weeks post conception	None	b89f6f68-c599-4850-a570-5f1992dbb5ad	7d66d871-091f-4602-9f42-85f86d2853e0	10x 3' v3	normal	None
choroid_plexus	None	{'label': 'brain meninx', 'ontology_term_id': 'UBERON:0003547', 'tissue_type': 'tissue'};{'label': 'forebrain meninges', 'ontology_term_id': 'UBERON:0003548', 'tissue_type': 'tissue'};{'label': 'meninx', 'ontology_term_id': 'UBERON:0002360', 'tissue_type': 'tissue'}	None	Single cell RNA sequencing of the human embryonic meninges at 5-13 weeks post conception	None	8e948521-3c3d-4e92-9ff1-3add0e069e41	7d66d871-091f-4602-9f42-85f86d2853e0	10x 3' v3	normal	None
choroid_plexus	None	{'label': 'brain meninx', 'ontology_term_id': 'UBERON:0003547', 'tissue_type': 'tissue'};{'label': 'forebrain meninges', 'ontology_term_id': 'UBERON:0003548', 'tissue_type': 'tissue'};{'label': 'meninx', 'ontology_term_id': 'UBERON:0002360', 'tissue_type': 'tissue'}	None	Single cell RNA sequencing of the human embryonic meninges at 5-13 weeks post conception	None	5f2d5734-b90a-4d19-bb5f-1ff473259d10	7d66d871-091f-4602-9f42-85f86d2853e0	10x 3' v3	normal	None
choroid_plexus	None	{'label': 'brain meninx', 'ontology_term_id': 'UBERON:0003547', 'tissue_type': 'tissue'};{'label': 'forebrain meninges', 'ontology_term_id': 'UBERON:0003548', 'tissue_type': 'tissue'};{'label': 'meninx', 'ontology_term_id': 'UBERON:0002360', 'tissue_type': 'tissue'}	None	Single cell RNA sequencing of the human embryonic meninges at 5-13 weeks post conception	None	58f43044-cd3c-42b8-bc0b-3498eb236359	7d66d871-091f-4602-9f42-85f86d2853e0	10x 3' v3	normal	None
choroid_plexus	None	{'label': 'brain meninx', 'ontology_term_id': 'UBERON:0003547', 'tissue_type': 'tissue'};{'label': 'forebrain meninges', 'ontology_term_id': 'UBERON:0003548', 'tissue_type': 'tissue'};{'label': 'meninx', 'ontology_term_id': 'UBERON:0002360', 'tissue_type': 'tissue'}	None	Single cell RNA sequencing of the human embryonic meninges at 5-13 weeks post conception	None	5263b821-82f6-4344-acf7-a3821ef0c1bf	7d66d871-091f-4602-9f42-85f86d2853e0	10x 3' v3	normal	None
choroid_plexus	None	{'label': 'brain meninx', 'ontology_term_id': 'UBERON:0003547', 'tissue_type': 'tissue'};{'label': 'forebrain meninges', 'ontology_term_id': 'UBERON:0003548', 'tissue_type': 'tissue'};{'label': 'meninx', 'ontology_term_id': 'UBERON:0002360', 'tissue_type': 'tissue'}	None	Single cell RNA sequencing of the human embryonic meninges at 5-13 weeks post conception	None	3c4c21e0-00c9-4e9d-8cfd-62ebef62b8eb	7d66d871-091f-4602-9f42-85f86d2853e0	10x 3' v3	normal	None
choroid_plexus	None	{'label': 'brain meninx', 'ontology_term_id': 'UBERON:0003547', 'tissue_type': 'tissue'};{'label': 'forebrain meninges', 'ontology_term_id': 'UBERON:0003548', 'tissue_type': 'tissue'};{'label': 'meninx', 'ontology_term_id': 'UBERON:0002360', 'tissue_type': 'tissue'}	None	Single cell RNA sequencing of the human embryonic meninges at 5-13 weeks post conception	None	186c1742-7f10-424e-a1d9-87ed7c4d6024	7d66d871-091f-4602-9f42-85f86d2853e0	10x 3' v3	normal	None
choroid_plexus	None	{'label': 'forebrain', 'ontology_term_id': 'UBERON:0001890', 'tissue_type': 'organoid'}	None	Neural Organoid Hormonal Atlas (NOHA)	10.1101/2025.08.14.669814	64267fb5-7b70-4705-a13b-cc38966c22a8	2bebc4ae-69a2-4001-9d2f-091ec9b4020c	10x 3' v3	normal	None
choroid_plexus	None	{'label': 'arm skin', 'ontology_term_id': 'UBERON:0002427', 'tissue_type': 'tissue'};{'label': 'brain', 'ontology_term_id': 'UBERON:0000955', 'tissue_type': 'tissue'};{'label': 'breast', 'ontology_term_id': 'UBERON:0000310', 'tissue_type': 'tissue'};{'label': 'kidney', 'ontology_term_id': 'UBERON:0002113', 'tissue_type': 'tissue'};{'label': 'liver', 'ontology_term_id': 'UBERON:0002107', 'tissue_type': 'tissue'};{'label': 'nose skin', 'ontology_term_id': 'UBERON:0015476', 'tissue_type': 'tissue'};{'label': 'skin of body', 'ontology_term_id': 'UBERON:0002097', 'tissue_type': 'tissue'};{'label': 'skin of calf', 'ontology_term_id': 'UBERON:8480050', 'tissue_type': 'tissue'};{'label': 'skin of cheek', 'ontology_term_id': 'UBERON:0008803', 'tissue_type': 'tissue'};{'label': 'skin of external ear', 'ontology_term_id': 'UBERON:0001459', 'tissue_type': 'tissue'};{'label': 'skin of forehead', 'ontology_term_id': 'UBERON:0016475', 'tissue_type': 'tissue'};{'label': 'skin of knee', 'ontology_term_id': 'UBERON:0001510', 'tissue_type': 'tissue'};{'label': 'skin of neck', 'ontology_term_id': 'UBERON:0001417', 'tissue_type': 'tissue'};{'label': 'skin of scalp', 'ontology_term_id': 'UBERON:8300000', 'tissue_type': 'tissue'}	None	Integrated cancer cell-specific single-cell RNA-seq datasets of immune checkpoint blockade-treated patients	10.1038/s41597-025-04381-6	7b20c613-9add-43d1-87e9-defd3d9b9f8c	61e422dd-c9cd-460e-9b91-72d9517348ef	10x 3' v2;10x 3' v3;10x 5' transcription profiling;Smart-seq2	HER2 positive breast carcinoma;basal cell carcinoma;estrogen-receptor positive breast cancer;hepatocellular carcinoma;intrahepatic cholangiocarcinoma;melanoma;metastatic melanoma;nonpapillary renal cell carcinoma;squamous cell carcinoma;triple-negative breast carcinoma	None
choroid_plexus	None	{'label': 'apex of heart', 'ontology_term_id': 'UBERON:0002098', 'tissue_type': 'tissue'};{'label': 'basal zone of heart', 'ontology_term_id': 'UBERON:0035213', 'tissue_type': 'tissue'};{'label': 'heart left ventricle', 'ontology_term_id': 'UBERON:0002084', 'tissue_type': 'tissue'};{'label': 'heart right ventricle', 'ontology_term_id': 'UBERON:0002080', 'tissue_type': 'tissue'};{'label': 'interventricular septum', 'ontology_term_id': 'UBERON:0002094', 'tissue_type': 'tissue'};{'label': 'left cardiac atrium', 'ontology_term_id': 'UBERON:0002079', 'tissue_type': 'tissue'};{'label': 'right cardiac atrium', 'ontology_term_id': 'UBERON:0002078', 'tissue_type': 'tissue'}	None	Integrated adult and foetal heart single-cell RNA sequencing	10.1038/s44161-022-00183-w	5500c673-1610-40a0-86d9-64d987ae50e6	43b45a20-a969-49ac-a8e8-8c84b211bd01	10x 3' v2;10x 3' v3	normal	None
choroid_plexus	None	{'label': 'brain', 'ontology_term_id': 'UBERON:0000955', 'tissue_type': 'tissue'};{'label': 'brain white matter', 'ontology_term_id': 'UBERON:0003544', 'tissue_type': 'tissue'}	None	Single nuclei RNA- sequencing from the white matter of individuals with progressive MS and non-neurological controls	10.1038/s41586-019-0903-2	dc30c3ec-46d6-4cd8-8ec1-b544a3d0f503	16c1e722-96ae-4bf6-b408-cd7f8918484f	10x 3' v2	multiple sclerosis;normal	None
choroid_plexus	None	{'label': 'arcuate nucleus of hypothalamus', 'ontology_term_id': 'UBERON:0001932', 'tissue_type': 'organoid'};{'label': 'brain', 'ontology_term_id': 'UBERON:0000955', 'tissue_type': 'organoid'};{'label': 'cerebellum', 'ontology_term_id': 'UBERON:0002037', 'tissue_type': 'organoid'};{'label': 'cerebral cortex', 'ontology_term_id': 'UBERON:0000956', 'tissue_type': 'organoid'};{'label': 'choroid plexus', 'ontology_term_id': 'UBERON:0001886', 'tissue_type': 'organoid'};{'label': 'dorsal plus ventral thalamus', 'ontology_term_id': 'UBERON:0001897', 'tissue_type': 'organoid'};{'label': 'hindbrain', 'ontology_term_id': 'UBERON:0002028', 'tissue_type': 'organoid'};{'label': 'midbrain tectum', 'ontology_term_id': 'UBERON:0002314', 'tissue_type': 'organoid'};{'label': 'midbrain tegmentum', 'ontology_term_id': 'UBERON:0001943', 'tissue_type': 'organoid'};{'label': 'telencephalon', 'ontology_term_id': 'UBERON:0001893', 'tissue_type': 'organoid'};{'label': 'ventral part of telencephalon', 'ontology_term_id': 'UBERON:0000204', 'tissue_type': 'organoid'}	None	An integrated transcriptomic cell atlas of human neural organoids	10.1038/s41586-024-08172-8	d7f5d8d0-6150-48d7-b094-c34286ad11a1	de379e5f-52d0-498c-9801-0f850823c847	10x 3' v2;10x 3' v3;10x multiome;BD Rhapsody Whole Transcriptome Analysis;Drop-seq;Quartz-seq;SPLiT-seq;Smart-seq2	normal	None
choroid_plexus	None	{'label': 'arcuate nucleus of hypothalamus', 'ontology_term_id': 'UBERON:0001932', 'tissue_type': 'organoid'};{'label': 'brain', 'ontology_term_id': 'UBERON:0000955', 'tissue_type': 'organoid'};{'label': 'cerebellum', 'ontology_term_id': 'UBERON:0002037', 'tissue_type': 'organoid'};{'label': 'cerebral cortex', 'ontology_term_id': 'UBERON:0000956', 'tissue_type': 'organoid'};{'label': 'choroid plexus', 'ontology_term_id': 'UBERON:0001886', 'tissue_type': 'organoid'};{'label': 'dorsal plus ventral thalamus', 'ontology_term_id': 'UBERON:0001897', 'tissue_type': 'organoid'};{'label': 'hindbrain', 'ontology_term_id': 'UBERON:0002028', 'tissue_type': 'organoid'};{'label': 'midbrain tectum', 'ontology_term_id': 'UBERON:0002314', 'tissue_type': 'organoid'};{'label': 'midbrain tegmentum', 'ontology_term_id': 'UBERON:0001943', 'tissue_type': 'organoid'};{'label': 'telencephalon', 'ontology_term_id': 'UBERON:0001893', 'tissue_type': 'organoid'};{'label': 'ventral part of telencephalon', 'ontology_term_id': 'UBERON:0000204', 'tissue_type': 'organoid'}	None	An integrated transcriptomic cell atlas of human neural organoids	10.1038/s41586-024-08172-8	3a805b8d-c9d8-4c9b-881f-0eefa635974d	de379e5f-52d0-498c-9801-0f850823c847	10x 3' v2;10x 3' v3;10x multiome;BD Rhapsody Whole Transcriptome Analysis;Drop-seq;Quartz-seq;SPLiT-seq;Smart-seq2	normal	None
choroid_plexus	None	{'label': 'Brodmann (1909) area 10', 'ontology_term_id': 'UBERON:0013541', 'tissue_type': 'tissue'};{'label': 'Brodmann (1909) area 17', 'ontology_term_id': 'UBERON:8440010', 'tissue_type': 'tissue'};{'label': 'Brodmann (1909) area 9', 'ontology_term_id': 'UBERON:0013540', 'tissue_type': 'tissue'};{'label': 'forebrain', 'ontology_term_id': 'UBERON:0001890', 'tissue_type': 'tissue'};{'label': 'neocortex', 'ontology_term_id': 'UBERON:0001950', 'tissue_type': 'tissue'};{'label': 'prefrontal cortex', 'ontology_term_id': 'UBERON:0000451', 'tissue_type': 'tissue'};{'label': 'telencephalon', 'ontology_term_id': 'UBERON:0001893', 'tissue_type': 'tissue'};{'label': 'visual cortex', 'ontology_term_id': 'UBERON:0000411', 'tissue_type': 'tissue'}	None	Molecular and cellular dynamics of the developing human neocortex at single-cell resolution	10.1038/s41586-024-08351-7	aa369999-a034-4ad9-b459-8a93c86ea77b	ad2149fc-19c5-41de-8cfe-44710fbada73	10x multiome	normal	None
choroid_plexus	None	{'label': 'adrenal tissue', 'ontology_term_id': 'UBERON:0018303', 'tissue_type': 'tissue'};{'label': 'brain', 'ontology_term_id': 'UBERON:0000955', 'tissue_type': 'tissue'};{'label': 'liver', 'ontology_term_id': 'UBERON:0002107', 'tissue_type': 'tissue'};{'label': 'lung', 'ontology_term_id': 'UBERON:0002048', 'tissue_type': 'tissue'};{'label': 'lymph node', 'ontology_term_id': 'UBERON:0000029', 'tissue_type': 'tissue'};{'label': 'pleural effusion', 'ontology_term_id': 'UBERON:0000175', 'tissue_type': 'tissue'}	None	High-resolution single-cell atlas reveals diversity and plasticity of tumor-associated neutrophils in non-small cell lung cancer	10.1016/j.ccell.2022.10.008	232f6a5a-a04c-4758-a6e8-88ab2e3a6e69	edb893ee-4066-4128-9aec-5eb2b03f8287	10x 3' v1;10x 3' v2;10x 3' v3;10x 5' v1;BD Rhapsody Whole Transcriptome Analysis;Drop-seq;GEXSCOPE technology;Smart-seq2;inDrop	chronic obstructive pulmonary disease;lung adenocarcinoma;non-small cell lung carcinoma;normal;squamous cell lung carcinoma	None
choroid_plexus	None	{'label': 'adrenal tissue', 'ontology_term_id': 'UBERON:0018303', 'tissue_type': 'tissue'};{'label': 'brain', 'ontology_term_id': 'UBERON:0000955', 'tissue_type': 'tissue'};{'label': 'liver', 'ontology_term_id': 'UBERON:0002107', 'tissue_type': 'tissue'};{'label': 'lung', 'ontology_term_id': 'UBERON:0002048', 'tissue_type': 'tissue'};{'label': 'lymph node', 'ontology_term_id': 'UBERON:0000029', 'tissue_type': 'tissue'};{'label': 'pleural effusion', 'ontology_term_id': 'UBERON:0000175', 'tissue_type': 'tissue'}	None	High-resolution single-cell atlas reveals diversity and plasticity of tumor-associated neutrophils in non-small cell lung cancer	10.1016/j.ccell.2022.10.008	1e6a6ef9-7ec9-4c90-bbfb-2ad3c3165fd1	edb893ee-4066-4128-9aec-5eb2b03f8287	10x 3' v1;10x 3' v2;10x 3' v3;10x 5' v1;BD Rhapsody Whole Transcriptome Analysis;Drop-seq;GEXSCOPE technology;Smart-seq2;inDrop	chronic obstructive pulmonary disease;lung adenocarcinoma;non-small cell lung carcinoma;normal;squamous cell lung carcinoma	None
choroid_plexus	None	{'label': 'anterior wall of left ventricle', 'ontology_term_id': 'UBERON:0036288', 'tissue_type': 'tissue'};{'label': 'breast', 'ontology_term_id': 'UBERON:0000310', 'tissue_type': 'tissue'};{'label': 'esophagus muscularis mucosa', 'ontology_term_id': 'UBERON:0004648', 'tissue_type': 'tissue'};{'label': 'gastrocnemius', 'ontology_term_id': 'UBERON:0001388', 'tissue_type': 'tissue'};{'label': 'lingula of left lung', 'ontology_term_id': 'UBERON:0008954', 'tissue_type': 'tissue'};{'label': 'mucosa', 'ontology_term_id': 'UBERON:0000344', 'tissue_type': 'tissue'};{'label': 'prostate gland', 'ontology_term_id': 'UBERON:0002367', 'tissue_type': 'tissue'};{'label': 'skin of leg', 'ontology_term_id': 'UBERON:0001511', 'tissue_type': 'tissue'}	None	Single-nucleus cross-tissue molecular reference maps to decipher disease gene function	10.1126/science.abl4290	4ed927e9-c099-49af-b8ce-a2652d069333	a3ffde6c-7ad2-498a-903c-d58e732f7470	10x 3' v2	normal	None
choroid_plexus	None	{'label': 'basal forebrain', 'ontology_term_id': 'UBERON:0002743', 'tissue_type': 'tissue'};{'label': 'brain', 'ontology_term_id': 'UBERON:0000955', 'tissue_type': 'tissue'};{'label': 'caudate-putamen', 'ontology_term_id': 'UBERON:0005383', 'tissue_type': 'tissue'};{'label': 'cerebellar peduncular complex', 'ontology_term_id': 'UBERON:0002474', 'tissue_type': 'tissue'};{'label': 'cerebellum', 'ontology_term_id': 'UBERON:0002037', 'tissue_type': 'tissue'};{'label': 'cerebral subcortex', 'ontology_term_id': 'UBERON:0000454', 'tissue_type': 'tissue'};{'label': 'choroid plexus epithelium', 'ontology_term_id': 'UBERON:0003911', 'tissue_type': 'tissue'};{'label': 'cortex', 'ontology_term_id': 'UBERON:0001851', 'tissue_type': 'tissue'};{'label': 'diencephalon', 'ontology_term_id': 'UBERON:0001894', 'tissue_type': 'tissue'};{'label': 'dorsal plus ventral thalamus', 'ontology_term_id': 'UBERON:0001897', 'tissue_type': 'tissue'};{'label': 'entorhinal cortex', 'ontology_term_id': 'UBERON:0002728', 'tissue_type': 'tissue'};{'label': 'forebrain', 'ontology_term_id': 'UBERON:0001890', 'tissue_type': 'tissue'};{'label': 'frontal cortex', 'ontology_term_id': 'UBERON:0001870', 'tissue_type': 'tissue'};{'label': 'head', 'ontology_term_id': 'UBERON:0000033', 'tissue_type': 'tissue'};{'label': 'hindbrain', 'ontology_term_id': 'UBERON:0002028', 'tissue_type': 'tissue'};{'label': 'hippocampal formation', 'ontology_term_id': 'UBERON:0002421', 'tissue_type': 'tissue'};{'label': 'hypothalamus', 'ontology_term_id': 'UBERON:0001898', 'tissue_type': 'tissue'};{'label': 'lower layers of the cortex', 'ontology_term_id': 'UBERON:8440051', 'tissue_type': 'tissue'};{'label': 'medulla oblongata', 'ontology_term_id': 'UBERON:0001896', 'tissue_type': 'tissue'};{'label': 'metencephalon', 'ontology_term_id': 'UBERON:0001895', 'tissue_type': 'tissue'};{'label': 'midbrain', 'ontology_term_id': 'UBERON:0001891', 'tissue_type': 'tissue'};{'label': 'midbrain tectum', 'ontology_term_id': 'UBERON:0002314', 'tissue_type': 'tissue'};{'label': 'occipital cortex', 'ontology_term_id': 'UBERON:0016540', 'tissue_type': 'tissue'};{'label': 'pons', 'ontology_term_id': 'UBERON:0000988', 'tissue_type': 'tissue'};{'label': 'striatum', 'ontology_term_id': 'UBERON:0002435', 'tissue_type': 'tissue'};{'label': 'telencephalon', 'ontology_term_id': 'UBERON:0001893', 'tissue_type': 'tissue'};{'label': 'upper layers of the cortex', 'ontology_term_id': 'UBERON:8440044', 'tissue_type': 'tissue'}	None	Comprehensive cell atlas of the first-trimester developing human brain	10.1126/science.adf1226	ea7b95cf-1967-4431-9ee8-ec85ff793360	4d8fed08-2d6d-4692-b5ea-464f1d072077	10x 3' v2;10x 3' v3	normal	None
choroid_plexus	None	{'label': 'basal forebrain', 'ontology_term_id': 'UBERON:0002743', 'tissue_type': 'tissue'};{'label': 'brain', 'ontology_term_id': 'UBERON:0000955', 'tissue_type': 'tissue'};{'label': 'cerebellar peduncular complex', 'ontology_term_id': 'UBERON:0002474', 'tissue_type': 'tissue'};{'label': 'cerebellum', 'ontology_term_id': 'UBERON:0002037', 'tissue_type': 'tissue'};{'label': 'cerebral subcortex', 'ontology_term_id': 'UBERON:0000454', 'tissue_type': 'tissue'};{'label': 'cortex', 'ontology_term_id': 'UBERON:0001851', 'tissue_type': 'tissue'};{'label': 'dorsal plus ventral thalamus', 'ontology_term_id': 'UBERON:0001897', 'tissue_type': 'tissue'};{'label': 'forebrain', 'ontology_term_id': 'UBERON:0001890', 'tissue_type': 'tissue'};{'label': 'head', 'ontology_term_id': 'UBERON:0000033', 'tissue_type': 'tissue'};{'label': 'hindbrain', 'ontology_term_id': 'UBERON:0002028', 'tissue_type': 'tissue'};{'label': 'hippocampal formation', 'ontology_term_id': 'UBERON:0002421', 'tissue_type': 'tissue'};{'label': 'hypothalamus', 'ontology_term_id': 'UBERON:0001898', 'tissue_type': 'tissue'};{'label': 'lower layers of the cortex', 'ontology_term_id': 'UBERON:8440051', 'tissue_type': 'tissue'};{'label': 'medulla oblongata', 'ontology_term_id': 'UBERON:0001896', 'tissue_type': 'tissue'};{'label': 'metencephalon', 'ontology_term_id': 'UBERON:0001895', 'tissue_type': 'tissue'};{'label': 'midbrain', 'ontology_term_id': 'UBERON:0001891', 'tissue_type': 'tissue'};{'label': 'midbrain tectum', 'ontology_term_id': 'UBERON:0002314', 'tissue_type': 'tissue'};{'label': 'occipital cortex', 'ontology_term_id': 'UBERON:0016540', 'tissue_type': 'tissue'};{'label': 'pons', 'ontology_term_id': 'UBERON:0000988', 'tissue_type': 'tissue'};{'label': 'upper layers of the cortex', 'ontology_term_id': 'UBERON:8440044', 'tissue_type': 'tissue'}	None	Comprehensive cell atlas of the first-trimester developing human brain	10.1126/science.adf1226	ea251de5-c764-4f7c-add0-8141b1061faf	4d8fed08-2d6d-4692-b5ea-464f1d072077	10x 3' v2;10x 3' v3	normal	None
choroid_plexus	None	{'label': 'basal forebrain', 'ontology_term_id': 'UBERON:0002743', 'tissue_type': 'tissue'};{'label': 'brain', 'ontology_term_id': 'UBERON:0000955', 'tissue_type': 'tissue'};{'label': 'caudate-putamen', 'ontology_term_id': 'UBERON:0005383', 'tissue_type': 'tissue'};{'label': 'cerebellar peduncular complex', 'ontology_term_id': 'UBERON:0002474', 'tissue_type': 'tissue'};{'label': 'cerebellum', 'ontology_term_id': 'UBERON:0002037', 'tissue_type': 'tissue'};{'label': 'cerebral subcortex', 'ontology_term_id': 'UBERON:0000454', 'tissue_type': 'tissue'};{'label': 'choroid plexus epithelium', 'ontology_term_id': 'UBERON:0003911', 'tissue_type': 'tissue'};{'label': 'cortex', 'ontology_term_id': 'UBERON:0001851', 'tissue_type': 'tissue'};{'label': 'diencephalon', 'ontology_term_id': 'UBERON:0001894', 'tissue_type': 'tissue'};{'label': 'dorsal plus ventral thalamus', 'ontology_term_id': 'UBERON:0001897', 'tissue_type': 'tissue'};{'label': 'entorhinal cortex', 'ontology_term_id': 'UBERON:0002728', 'tissue_type': 'tissue'};{'label': 'forebrain', 'ontology_term_id': 'UBERON:0001890', 'tissue_type': 'tissue'};{'label': 'frontal cortex', 'ontology_term_id': 'UBERON:0001870', 'tissue_type': 'tissue'};{'label': 'head', 'ontology_term_id': 'UBERON:0000033', 'tissue_type': 'tissue'};{'label': 'hindbrain', 'ontology_term_id': 'UBERON:0002028', 'tissue_type': 'tissue'};{'label': 'hippocampal formation', 'ontology_term_id': 'UBERON:0002421', 'tissue_type': 'tissue'};{'label': 'hypothalamus', 'ontology_term_id': 'UBERON:0001898', 'tissue_type': 'tissue'};{'label': 'lower layers of the cortex', 'ontology_term_id': 'UBERON:8440051', 'tissue_type': 'tissue'};{'label': 'medulla oblongata', 'ontology_term_id': 'UBERON:0001896', 'tissue_type': 'tissue'};{'label': 'metencephalon', 'ontology_term_id': 'UBERON:0001895', 'tissue_type': 'tissue'};{'label': 'midbrain', 'ontology_term_id': 'UBERON:0001891', 'tissue_type': 'tissue'};{'label': 'midbrain tectum', 'ontology_term_id': 'UBERON:0002314', 'tissue_type': 'tissue'};{'label': 'occipital cortex', 'ontology_term_id': 'UBERON:0016540', 'tissue_type': 'tissue'};{'label': 'pons', 'ontology_term_id': 'UBERON:0000988', 'tissue_type': 'tissue'};{'label': 'striatum', 'ontology_term_id': 'UBERON:0002435', 'tissue_type': 'tissue'};{'label': 'telencephalon', 'ontology_term_id': 'UBERON:0001893', 'tissue_type': 'tissue'};{'label': 'upper layers of the cortex', 'ontology_term_id': 'UBERON:8440044', 'tissue_type': 'tissue'}	None	Comprehensive cell atlas of the first-trimester developing human brain	10.1126/science.adf1226	e59a4394-80db-42e4-85e6-8f0e59b81f42	4d8fed08-2d6d-4692-b5ea-464f1d072077	10x 3' v2;10x 3' v3	normal	None
choroid_plexus	None	{'label': 'cerebellar peduncular complex', 'ontology_term_id': 'UBERON:0002474', 'tissue_type': 'tissue'};{'label': 'midbrain', 'ontology_term_id': 'UBERON:0001891', 'tissue_type': 'tissue'};{'label': 'midbrain tectum', 'ontology_term_id': 'UBERON:0002314', 'tissue_type': 'tissue'}	None	Comprehensive cell atlas of the first-trimester developing human brain	10.1126/science.adf1226	bfbd9097-65a2-4019-aff3-f875aca51952	4d8fed08-2d6d-4692-b5ea-464f1d072077	10x 3' v2;10x 3' v3	normal	None
choroid_plexus	None	{'label': 'basal forebrain', 'ontology_term_id': 'UBERON:0002743', 'tissue_type': 'tissue'};{'label': 'brain', 'ontology_term_id': 'UBERON:0000955', 'tissue_type': 'tissue'};{'label': 'caudate-putamen', 'ontology_term_id': 'UBERON:0005383', 'tissue_type': 'tissue'};{'label': 'cerebellar peduncular complex', 'ontology_term_id': 'UBERON:0002474', 'tissue_type': 'tissue'};{'label': 'cerebellum', 'ontology_term_id': 'UBERON:0002037', 'tissue_type': 'tissue'};{'label': 'cerebral subcortex', 'ontology_term_id': 'UBERON:0000454', 'tissue_type': 'tissue'};{'label': 'cortex', 'ontology_term_id': 'UBERON:0001851', 'tissue_type': 'tissue'};{'label': 'diencephalon', 'ontology_term_id': 'UBERON:0001894', 'tissue_type': 'tissue'};{'label': 'dorsal plus ventral thalamus', 'ontology_term_id': 'UBERON:0001897', 'tissue_type': 'tissue'};{'label': 'entorhinal cortex', 'ontology_term_id': 'UBERON:0002728', 'tissue_type': 'tissue'};{'label': 'forebrain', 'ontology_term_id': 'UBERON:0001890', 'tissue_type': 'tissue'};{'label': 'frontal cortex', 'ontology_term_id': 'UBERON:0001870', 'tissue_type': 'tissue'};{'label': 'hindbrain', 'ontology_term_id': 'UBERON:0002028', 'tissue_type': 'tissue'};{'label': 'hippocampal formation', 'ontology_term_id': 'UBERON:0002421', 'tissue_type': 'tissue'};{'label': 'hypothalamus', 'ontology_term_id': 'UBERON:0001898', 'tissue_type': 'tissue'};{'label': 'lower layers of the cortex', 'ontology_term_id': 'UBERON:8440051', 'tissue_type': 'tissue'};{'label': 'medulla oblongata', 'ontology_term_id': 'UBERON:0001896', 'tissue_type': 'tissue'};{'label': 'metencephalon', 'ontology_term_id': 'UBERON:0001895', 'tissue_type': 'tissue'};{'label': 'midbrain', 'ontology_term_id': 'UBERON:0001891', 'tissue_type': 'tissue'};{'label': 'midbrain tectum', 'ontology_term_id': 'UBERON:0002314', 'tissue_type': 'tissue'};{'label': 'occipital cortex', 'ontology_term_id': 'UBERON:0016540', 'tissue_type': 'tissue'};{'label': 'pons', 'ontology_term_id': 'UBERON:0000988', 'tissue_type': 'tissue'};{'label': 'striatum', 'ontology_term_id': 'UBERON:0002435', 'tissue_type': 'tissue'};{'label': 'telencephalon', 'ontology_term_id': 'UBERON:0001893', 'tissue_type': 'tissue'};{'label': 'upper layers of the cortex', 'ontology_term_id': 'UBERON:8440044', 'tissue_type': 'tissue'}	None	Comprehensive cell atlas of the first-trimester developing human brain	10.1126/science.adf1226	b15ec84b-46e9-4678-b511-a0f81f9b545b	4d8fed08-2d6d-4692-b5ea-464f1d072077	10x 3' v2;10x 3' v3	normal	None
choroid_plexus	None	{'label': 'cerebellum', 'ontology_term_id': 'UBERON:0002037', 'tissue_type': 'tissue'};{'label': 'forebrain', 'ontology_term_id': 'UBERON:0001890', 'tissue_type': 'tissue'};{'label': 'head', 'ontology_term_id': 'UBERON:0000033', 'tissue_type': 'tissue'};{'label': 'hindbrain', 'ontology_term_id': 'UBERON:0002028', 'tissue_type': 'tissue'};{'label': 'medulla oblongata', 'ontology_term_id': 'UBERON:0001896', 'tissue_type': 'tissue'};{'label': 'midbrain', 'ontology_term_id': 'UBERON:0001891', 'tissue_type': 'tissue'}	None	Comprehensive cell atlas of the first-trimester developing human brain	10.1126/science.adf1226	a24ecf77-c059-4dc5-8ca4-3b89d667b7f8	4d8fed08-2d6d-4692-b5ea-464f1d072077	10x 3' v2;10x 3' v3	normal	None
choroid_plexus	None	{'label': 'basal forebrain', 'ontology_term_id': 'UBERON:0002743', 'tissue_type': 'tissue'};{'label': 'brain', 'ontology_term_id': 'UBERON:0000955', 'tissue_type': 'tissue'};{'label': 'caudate-putamen', 'ontology_term_id': 'UBERON:0005383', 'tissue_type': 'tissue'};{'label': 'cerebellar peduncular complex', 'ontology_term_id': 'UBERON:0002474', 'tissue_type': 'tissue'};{'label': 'cerebellum', 'ontology_term_id': 'UBERON:0002037', 'tissue_type': 'tissue'};{'label': 'cerebral subcortex', 'ontology_term_id': 'UBERON:0000454', 'tissue_type': 'tissue'};{'label': 'cortex', 'ontology_term_id': 'UBERON:0001851', 'tissue_type': 'tissue'};{'label': 'dorsal plus ventral thalamus', 'ontology_term_id': 'UBERON:0001897', 'tissue_type': 'tissue'};{'label': 'entorhinal cortex', 'ontology_term_id': 'UBERON:0002728', 'tissue_type': 'tissue'};{'label': 'forebrain', 'ontology_term_id': 'UBERON:0001890', 'tissue_type': 'tissue'};{'label': 'frontal cortex', 'ontology_term_id': 'UBERON:0001870', 'tissue_type': 'tissue'};{'label': 'hindbrain', 'ontology_term_id': 'UBERON:0002028', 'tissue_type': 'tissue'};{'label': 'hippocampal formation', 'ontology_term_id': 'UBERON:0002421', 'tissue_type': 'tissue'};{'label': 'hypothalamus', 'ontology_term_id': 'UBERON:0001898', 'tissue_type': 'tissue'};{'label': 'lower layers of the cortex', 'ontology_term_id': 'UBERON:8440051', 'tissue_type': 'tissue'};{'label': 'medulla oblongata', 'ontology_term_id': 'UBERON:0001896', 'tissue_type': 'tissue'};{'label': 'metencephalon', 'ontology_term_id': 'UBERON:0001895', 'tissue_type': 'tissue'};{'label': 'midbrain', 'ontology_term_id': 'UBERON:0001891', 'tissue_type': 'tissue'};{'label': 'midbrain tectum', 'ontology_term_id': 'UBERON:0002314', 'tissue_type': 'tissue'};{'label': 'occipital cortex', 'ontology_term_id': 'UBERON:0016540', 'tissue_type': 'tissue'};{'label': 'pons', 'ontology_term_id': 'UBERON:0000988', 'tissue_type': 'tissue'};{'label': 'striatum', 'ontology_term_id': 'UBERON:0002435', 'tissue_type': 'tissue'};{'label': 'upper layers of the cortex', 'ontology_term_id': 'UBERON:8440044', 'tissue_type': 'tissue'}	None	Comprehensive cell atlas of the first-trimester developing human brain	10.1126/science.adf1226	91b2327d-e3f3-4f63-b446-20774d20fc33	4d8fed08-2d6d-4692-b5ea-464f1d072077	10x 3' v2;10x 3' v3	normal	None
choroid_plexus	None	{'label': 'basal forebrain', 'ontology_term_id': 'UBERON:0002743', 'tissue_type': 'tissue'};{'label': 'brain', 'ontology_term_id': 'UBERON:0000955', 'tissue_type': 'tissue'};{'label': 'caudate-putamen', 'ontology_term_id': 'UBERON:0005383', 'tissue_type': 'tissue'};{'label': 'cerebellar peduncular complex', 'ontology_term_id': 'UBERON:0002474', 'tissue_type': 'tissue'};{'label': 'cerebellum', 'ontology_term_id': 'UBERON:0002037', 'tissue_type': 'tissue'};{'label': 'cerebral subcortex', 'ontology_term_id': 'UBERON:0000454', 'tissue_type': 'tissue'};{'label': 'choroid plexus epithelium', 'ontology_term_id': 'UBERON:0003911', 'tissue_type': 'tissue'};{'label': 'cortex', 'ontology_term_id': 'UBERON:0001851', 'tissue_type': 'tissue'};{'label': 'diencephalon', 'ontology_term_id': 'UBERON:0001894', 'tissue_type': 'tissue'};{'label': 'dorsal plus ventral thalamus', 'ontology_term_id': 'UBERON:0001897', 'tissue_type': 'tissue'};{'label': 'entorhinal cortex', 'ontology_term_id': 'UBERON:0002728', 'tissue_type': 'tissue'};{'label': 'forebrain', 'ontology_term_id': 'UBERON:0001890', 'tissue_type': 'tissue'};{'label': 'frontal cortex', 'ontology_term_id': 'UBERON:0001870', 'tissue_type': 'tissue'};{'label': 'head', 'ontology_term_id': 'UBERON:0000033', 'tissue_type': 'tissue'};{'label': 'hindbrain', 'ontology_term_id': 'UBERON:0002028', 'tissue_type': 'tissue'};{'label': 'hippocampal formation', 'ontology_term_id': 'UBERON:0002421', 'tissue_type': 'tissue'};{'label': 'hypothalamus', 'ontology_term_id': 'UBERON:0001898', 'tissue_type': 'tissue'};{'label': 'lower layers of the cortex', 'ontology_term_id': 'UBERON:8440051', 'tissue_type': 'tissue'};{'label': 'medulla oblongata', 'ontology_term_id': 'UBERON:0001896', 'tissue_type': 'tissue'};{'label': 'metencephalon', 'ontology_term_id': 'UBERON:0001895', 'tissue_type': 'tissue'};{'label': 'midbrain', 'ontology_term_id': 'UBERON:0001891', 'tissue_type': 'tissue'};{'label': 'midbrain tectum', 'ontology_term_id': 'UBERON:0002314', 'tissue_type': 'tissue'};{'label': 'occipital cortex', 'ontology_term_id': 'UBERON:0016540', 'tissue_type': 'tissue'};{'label': 'pons', 'ontology_term_id': 'UBERON:0000988', 'tissue_type': 'tissue'};{'label': 'striatum', 'ontology_term_id': 'UBERON:0002435', 'tissue_type': 'tissue'};{'label': 'telencephalon', 'ontology_term_id': 'UBERON:0001893', 'tissue_type': 'tissue'};{'label': 'upper layers of the cortex', 'ontology_term_id': 'UBERON:8440044', 'tissue_type': 'tissue'}	None	Comprehensive cell atlas of the first-trimester developing human brain	10.1126/science.adf1226	8775a6c6-b960-43ae-9f76-45c4acda3621	4d8fed08-2d6d-4692-b5ea-464f1d072077	10x 3' v2;10x 3' v3	normal	None
choroid_plexus	None	{'label': 'caudate-putamen', 'ontology_term_id': 'UBERON:0005383', 'tissue_type': 'tissue'};{'label': 'choroid plexus epithelium', 'ontology_term_id': 'UBERON:0003911', 'tissue_type': 'tissue'};{'label': 'cortex', 'ontology_term_id': 'UBERON:0001851', 'tissue_type': 'tissue'};{'label': 'entorhinal cortex', 'ontology_term_id': 'UBERON:0002728', 'tissue_type': 'tissue'};{'label': 'forebrain', 'ontology_term_id': 'UBERON:0001890', 'tissue_type': 'tissue'};{'label': 'frontal cortex', 'ontology_term_id': 'UBERON:0001870', 'tissue_type': 'tissue'};{'label': 'hippocampal formation', 'ontology_term_id': 'UBERON:0002421', 'tissue_type': 'tissue'};{'label': 'lower layers of the cortex', 'ontology_term_id': 'UBERON:8440051', 'tissue_type': 'tissue'};{'label': 'occipital cortex', 'ontology_term_id': 'UBERON:0016540', 'tissue_type': 'tissue'};{'label': 'striatum', 'ontology_term_id': 'UBERON:0002435', 'tissue_type': 'tissue'};{'label': 'telencephalon', 'ontology_term_id': 'UBERON:0001893', 'tissue_type': 'tissue'};{'label': 'upper layers of the cortex', 'ontology_term_id': 'UBERON:8440044', 'tissue_type': 'tissue'}	None	Comprehensive cell atlas of the first-trimester developing human brain	10.1126/science.adf1226	675873e1-3f1d-4bd5-9fad-3ce8a5ad98e1	4d8fed08-2d6d-4692-b5ea-464f1d072077	10x 3' v2;10x 3' v3	normal	None
choroid_plexus	None	{'label': 'basal forebrain', 'ontology_term_id': 'UBERON:0002743', 'tissue_type': 'tissue'};{'label': 'cerebellar peduncular complex', 'ontology_term_id': 'UBERON:0002474', 'tissue_type': 'tissue'};{'label': 'cerebellum', 'ontology_term_id': 'UBERON:0002037', 'tissue_type': 'tissue'};{'label': 'cerebral subcortex', 'ontology_term_id': 'UBERON:0000454', 'tissue_type': 'tissue'};{'label': 'cortex', 'ontology_term_id': 'UBERON:0001851', 'tissue_type': 'tissue'};{'label': 'forebrain', 'ontology_term_id': 'UBERON:0001890', 'tissue_type': 'tissue'};{'label': 'head', 'ontology_term_id': 'UBERON:0000033', 'tissue_type': 'tissue'};{'label': 'hindbrain', 'ontology_term_id': 'UBERON:0002028', 'tissue_type': 'tissue'};{'label': 'hypothalamus', 'ontology_term_id': 'UBERON:0001898', 'tissue_type': 'tissue'};{'label': 'lower layers of the cortex', 'ontology_term_id': 'UBERON:8440051', 'tissue_type': 'tissue'};{'label': 'medulla oblongata', 'ontology_term_id': 'UBERON:0001896', 'tissue_type': 'tissue'};{'label': 'metencephalon', 'ontology_term_id': 'UBERON:0001895', 'tissue_type': 'tissue'};{'label': 'midbrain', 'ontology_term_id': 'UBERON:0001891', 'tissue_type': 'tissue'};{'label': 'pons', 'ontology_term_id': 'UBERON:0000988', 'tissue_type': 'tissue'};{'label': 'striatum', 'ontology_term_id': 'UBERON:0002435', 'tissue_type': 'tissue'}	None	Comprehensive cell atlas of the first-trimester developing human brain	10.1126/science.adf1226	6701d782-76f2-40e6-82f1-495350dd9a63	4d8fed08-2d6d-4692-b5ea-464f1d072077	10x 3' v2;10x 3' v3	normal	None
choroid_plexus	None	{'label': 'basal forebrain', 'ontology_term_id': 'UBERON:0002743', 'tissue_type': 'tissue'};{'label': 'brain', 'ontology_term_id': 'UBERON:0000955', 'tissue_type': 'tissue'};{'label': 'caudate-putamen', 'ontology_term_id': 'UBERON:0005383', 'tissue_type': 'tissue'};{'label': 'cerebellar peduncular complex', 'ontology_term_id': 'UBERON:0002474', 'tissue_type': 'tissue'};{'label': 'cerebellum', 'ontology_term_id': 'UBERON:0002037', 'tissue_type': 'tissue'};{'label': 'cerebral subcortex', 'ontology_term_id': 'UBERON:0000454', 'tissue_type': 'tissue'};{'label': 'choroid plexus epithelium', 'ontology_term_id': 'UBERON:0003911', 'tissue_type': 'tissue'};{'label': 'cortex', 'ontology_term_id': 'UBERON:0001851', 'tissue_type': 'tissue'};{'label': 'diencephalon', 'ontology_term_id': 'UBERON:0001894', 'tissue_type': 'tissue'};{'label': 'dorsal plus ventral thalamus', 'ontology_term_id': 'UBERON:0001897', 'tissue_type': 'tissue'};{'label': 'entorhinal cortex', 'ontology_term_id': 'UBERON:0002728', 'tissue_type': 'tissue'};{'label': 'forebrain', 'ontology_term_id': 'UBERON:0001890', 'tissue_type': 'tissue'};{'label': 'frontal cortex', 'ontology_term_id': 'UBERON:0001870', 'tissue_type': 'tissue'};{'label': 'head', 'ontology_term_id': 'UBERON:0000033', 'tissue_type': 'tissue'};{'label': 'hindbrain', 'ontology_term_id': 'UBERON:0002028', 'tissue_type': 'tissue'};{'label': 'hippocampal formation', 'ontology_term_id': 'UBERON:0002421', 'tissue_type': 'tissue'};{'label': 'hypothalamus', 'ontology_term_id': 'UBERON:0001898', 'tissue_type': 'tissue'};{'label': 'lower layers of the cortex', 'ontology_term_id': 'UBERON:8440051', 'tissue_type': 'tissue'};{'label': 'medulla oblongata', 'ontology_term_id': 'UBERON:0001896', 'tissue_type': 'tissue'};{'label': 'metencephalon', 'ontology_term_id': 'UBERON:0001895', 'tissue_type': 'tissue'};{'label': 'midbrain', 'ontology_term_id': 'UBERON:0001891', 'tissue_type': 'tissue'};{'label': 'midbrain tectum', 'ontology_term_id': 'UBERON:0002314', 'tissue_type': 'tissue'};{'label': 'occipital cortex', 'ontology_term_id': 'UBERON:0016540', 'tissue_type': 'tissue'};{'label': 'pons', 'ontology_term_id': 'UBERON:0000988', 'tissue_type': 'tissue'};{'label': 'striatum', 'ontology_term_id': 'UBERON:0002435', 'tissue_type': 'tissue'};{'label': 'telencephalon', 'ontology_term_id': 'UBERON:0001893', 'tissue_type': 'tissue'};{'label': 'upper layers of the cortex', 'ontology_term_id': 'UBERON:8440044', 'tissue_type': 'tissue'}	None	Comprehensive cell atlas of the first-trimester developing human brain	10.1126/science.adf1226	598100f7-01da-4de4-998a-05917fd6c446	4d8fed08-2d6d-4692-b5ea-464f1d072077	10x 3' v2;10x 3' v3	normal	None
choroid_plexus	None	{'label': 'basal forebrain', 'ontology_term_id': 'UBERON:0002743', 'tissue_type': 'tissue'};{'label': 'brain', 'ontology_term_id': 'UBERON:0000955', 'tissue_type': 'tissue'};{'label': 'caudate-putamen', 'ontology_term_id': 'UBERON:0005383', 'tissue_type': 'tissue'};{'label': 'cerebellar peduncular complex', 'ontology_term_id': 'UBERON:0002474', 'tissue_type': 'tissue'};{'label': 'cerebellum', 'ontology_term_id': 'UBERON:0002037', 'tissue_type': 'tissue'};{'label': 'cerebral subcortex', 'ontology_term_id': 'UBERON:0000454', 'tissue_type': 'tissue'};{'label': 'choroid plexus epithelium', 'ontology_term_id': 'UBERON:0003911', 'tissue_type': 'tissue'};{'label': 'cortex', 'ontology_term_id': 'UBERON:0001851', 'tissue_type': 'tissue'};{'label': 'diencephalon', 'ontology_term_id': 'UBERON:0001894', 'tissue_type': 'tissue'};{'label': 'dorsal plus ventral thalamus', 'ontology_term_id': 'UBERON:0001897', 'tissue_type': 'tissue'};{'label': 'entorhinal cortex', 'ontology_term_id': 'UBERON:0002728', 'tissue_type': 'tissue'};{'label': 'forebrain', 'ontology_term_id': 'UBERON:0001890', 'tissue_type': 'tissue'};{'label': 'frontal cortex', 'ontology_term_id': 'UBERON:0001870', 'tissue_type': 'tissue'};{'label': 'head', 'ontology_term_id': 'UBERON:0000033', 'tissue_type': 'tissue'};{'label': 'hindbrain', 'ontology_term_id': 'UBERON:0002028', 'tissue_type': 'tissue'};{'label': 'hippocampal formation', 'ontology_term_id': 'UBERON:0002421', 'tissue_type': 'tissue'};{'label': 'hypothalamus', 'ontology_term_id': 'UBERON:0001898', 'tissue_type': 'tissue'};{'label': 'lower layers of the cortex', 'ontology_term_id': 'UBERON:8440051', 'tissue_type': 'tissue'};{'label': 'medulla oblongata', 'ontology_term_id': 'UBERON:0001896', 'tissue_type': 'tissue'};{'label': 'metencephalon', 'ontology_term_id': 'UBERON:0001895', 'tissue_type': 'tissue'};{'label': 'midbrain', 'ontology_term_id': 'UBERON:0001891', 'tissue_type': 'tissue'};{'label': 'midbrain tectum', 'ontology_term_id': 'UBERON:0002314', 'tissue_type': 'tissue'};{'label': 'occipital cortex', 'ontology_term_id': 'UBERON:0016540', 'tissue_type': 'tissue'};{'label': 'pons', 'ontology_term_id': 'UBERON:0000988', 'tissue_type': 'tissue'};{'label': 'striatum', 'ontology_term_id': 'UBERON:0002435', 'tissue_type': 'tissue'};{'label': 'telencephalon', 'ontology_term_id': 'UBERON:0001893', 'tissue_type': 'tissue'};{'label': 'upper layers of the cortex', 'ontology_term_id': 'UBERON:8440044', 'tissue_type': 'tissue'}	None	Comprehensive cell atlas of the first-trimester developing human brain	10.1126/science.adf1226	48c4a72a-bc2a-4d7c-9146-a7c2ab1d7d9f	4d8fed08-2d6d-4692-b5ea-464f1d072077	10x 3' v2;10x 3' v3	normal	None
choroid_plexus	None	{'label': 'basal forebrain', 'ontology_term_id': 'UBERON:0002743', 'tissue_type': 'tissue'};{'label': 'brain', 'ontology_term_id': 'UBERON:0000955', 'tissue_type': 'tissue'};{'label': 'caudate-putamen', 'ontology_term_id': 'UBERON:0005383', 'tissue_type': 'tissue'};{'label': 'cerebellar peduncular complex', 'ontology_term_id': 'UBERON:0002474', 'tissue_type': 'tissue'};{'label': 'cerebellum', 'ontology_term_id': 'UBERON:0002037', 'tissue_type': 'tissue'};{'label': 'cerebral subcortex', 'ontology_term_id': 'UBERON:0000454', 'tissue_type': 'tissue'};{'label': 'choroid plexus epithelium', 'ontology_term_id': 'UBERON:0003911', 'tissue_type': 'tissue'};{'label': 'cortex', 'ontology_term_id': 'UBERON:0001851', 'tissue_type': 'tissue'};{'label': 'diencephalon', 'ontology_term_id': 'UBERON:0001894', 'tissue_type': 'tissue'};{'label': 'dorsal plus ventral thalamus', 'ontology_term_id': 'UBERON:0001897', 'tissue_type': 'tissue'};{'label': 'entorhinal cortex', 'ontology_term_id': 'UBERON:0002728', 'tissue_type': 'tissue'};{'label': 'forebrain', 'ontology_term_id': 'UBERON:0001890', 'tissue_type': 'tissue'};{'label': 'frontal cortex', 'ontology_term_id': 'UBERON:0001870', 'tissue_type': 'tissue'};{'label': 'head', 'ontology_term_id': 'UBERON:0000033', 'tissue_type': 'tissue'};{'label': 'hindbrain', 'ontology_term_id': 'UBERON:0002028', 'tissue_type': 'tissue'};{'label': 'hippocampal formation', 'ontology_term_id': 'UBERON:0002421', 'tissue_type': 'tissue'};{'label': 'hypothalamus', 'ontology_term_id': 'UBERON:0001898', 'tissue_type': 'tissue'};{'label': 'lower layers of the cortex', 'ontology_term_id': 'UBERON:8440051', 'tissue_type': 'tissue'};{'label': 'medulla oblongata', 'ontology_term_id': 'UBERON:0001896', 'tissue_type': 'tissue'};{'label': 'metencephalon', 'ontology_term_id': 'UBERON:0001895', 'tissue_type': 'tissue'};{'label': 'midbrain', 'ontology_term_id': 'UBERON:0001891', 'tissue_type': 'tissue'};{'label': 'midbrain tectum', 'ontology_term_id': 'UBERON:0002314', 'tissue_type': 'tissue'};{'label': 'occipital cortex', 'ontology_term_id': 'UBERON:0016540', 'tissue_type': 'tissue'};{'label': 'pons', 'ontology_term_id': 'UBERON:0000988', 'tissue_type': 'tissue'};{'label': 'striatum', 'ontology_term_id': 'UBERON:0002435', 'tissue_type': 'tissue'};{'label': 'telencephalon', 'ontology_term_id': 'UBERON:0001893', 'tissue_type': 'tissue'};{'label': 'upper layers of the cortex', 'ontology_term_id': 'UBERON:8440044', 'tissue_type': 'tissue'}	None	Comprehensive cell atlas of the first-trimester developing human brain	10.1126/science.adf1226	1b52ee22-c71a-4a0f-a4d2-c1be36d0b82a	4d8fed08-2d6d-4692-b5ea-464f1d072077	10x 3' v2;10x 3' v3	normal	None
choroid_plexus	None	{'label': 'basal forebrain', 'ontology_term_id': 'UBERON:0002743', 'tissue_type': 'tissue'};{'label': 'brain', 'ontology_term_id': 'UBERON:0000955', 'tissue_type': 'tissue'};{'label': 'caudate-putamen', 'ontology_term_id': 'UBERON:0005383', 'tissue_type': 'tissue'};{'label': 'cerebellar peduncular complex', 'ontology_term_id': 'UBERON:0002474', 'tissue_type': 'tissue'};{'label': 'cerebellum', 'ontology_term_id': 'UBERON:0002037', 'tissue_type': 'tissue'};{'label': 'cerebral subcortex', 'ontology_term_id': 'UBERON:0000454', 'tissue_type': 'tissue'};{'label': 'choroid plexus epithelium', 'ontology_term_id': 'UBERON:0003911', 'tissue_type': 'tissue'};{'label': 'cortex', 'ontology_term_id': 'UBERON:0001851', 'tissue_type': 'tissue'};{'label': 'diencephalon', 'ontology_term_id': 'UBERON:0001894', 'tissue_type': 'tissue'};{'label': 'dorsal plus ventral thalamus', 'ontology_term_id': 'UBERON:0001897', 'tissue_type': 'tissue'};{'label': 'entorhinal cortex', 'ontology_term_id': 'UBERON:0002728', 'tissue_type': 'tissue'};{'label': 'forebrain', 'ontology_term_id': 'UBERON:0001890', 'tissue_type': 'tissue'};{'label': 'frontal cortex', 'ontology_term_id': 'UBERON:0001870', 'tissue_type': 'tissue'};{'label': 'head', 'ontology_term_id': 'UBERON:0000033', 'tissue_type': 'tissue'};{'label': 'hindbrain', 'ontology_term_id': 'UBERON:0002028', 'tissue_type': 'tissue'};{'label': 'hippocampal formation', 'ontology_term_id': 'UBERON:0002421', 'tissue_type': 'tissue'};{'label': 'hypothalamus', 'ontology_term_id': 'UBERON:0001898', 'tissue_type': 'tissue'};{'label': 'lower layers of the cortex', 'ontology_term_id': 'UBERON:8440051', 'tissue_type': 'tissue'};{'label': 'medulla oblongata', 'ontology_term_id': 'UBERON:0001896', 'tissue_type': 'tissue'};{'label': 'metencephalon', 'ontology_term_id': 'UBERON:0001895', 'tissue_type': 'tissue'};{'label': 'midbrain', 'ontology_term_id': 'UBERON:0001891', 'tissue_type': 'tissue'};{'label': 'midbrain tectum', 'ontology_term_id': 'UBERON:0002314', 'tissue_type': 'tissue'};{'label': 'occipital cortex', 'ontology_term_id': 'UBERON:0016540', 'tissue_type': 'tissue'};{'label': 'pons', 'ontology_term_id': 'UBERON:0000988', 'tissue_type': 'tissue'};{'label': 'striatum', 'ontology_term_id': 'UBERON:0002435', 'tissue_type': 'tissue'};{'label': 'telencephalon', 'ontology_term_id': 'UBERON:0001893', 'tissue_type': 'tissue'};{'label': 'upper layers of the cortex', 'ontology_term_id': 'UBERON:8440044', 'tissue_type': 'tissue'}	None	Comprehensive cell atlas of the first-trimester developing human brain	10.1126/science.adf1226	13149914-ea03-4f01-8bf6-b793b667127b	4d8fed08-2d6d-4692-b5ea-464f1d072077	10x 3' v2;10x 3' v3	normal	None
choroid_plexus	None	{'label': 'basal forebrain', 'ontology_term_id': 'UBERON:0002743', 'tissue_type': 'tissue'};{'label': 'brain', 'ontology_term_id': 'UBERON:0000955', 'tissue_type': 'tissue'};{'label': 'caudate-putamen', 'ontology_term_id': 'UBERON:0005383', 'tissue_type': 'tissue'};{'label': 'cerebellar peduncular complex', 'ontology_term_id': 'UBERON:0002474', 'tissue_type': 'tissue'};{'label': 'cerebellum', 'ontology_term_id': 'UBERON:0002037', 'tissue_type': 'tissue'};{'label': 'cerebral subcortex', 'ontology_term_id': 'UBERON:0000454', 'tissue_type': 'tissue'};{'label': 'cortex', 'ontology_term_id': 'UBERON:0001851', 'tissue_type': 'tissue'};{'label': 'diencephalon', 'ontology_term_id': 'UBERON:0001894', 'tissue_type': 'tissue'};{'label': 'dorsal plus ventral thalamus', 'ontology_term_id': 'UBERON:0001897', 'tissue_type': 'tissue'};{'label': 'entorhinal cortex', 'ontology_term_id': 'UBERON:0002728', 'tissue_type': 'tissue'};{'label': 'forebrain', 'ontology_term_id': 'UBERON:0001890', 'tissue_type': 'tissue'};{'label': 'frontal cortex', 'ontology_term_id': 'UBERON:0001870', 'tissue_type': 'tissue'};{'label': 'hindbrain', 'ontology_term_id': 'UBERON:0002028', 'tissue_type': 'tissue'};{'label': 'hippocampal formation', 'ontology_term_id': 'UBERON:0002421', 'tissue_type': 'tissue'};{'label': 'hypothalamus', 'ontology_term_id': 'UBERON:0001898', 'tissue_type': 'tissue'};{'label': 'lower layers of the cortex', 'ontology_term_id': 'UBERON:8440051', 'tissue_type': 'tissue'};{'label': 'medulla oblongata', 'ontology_term_id': 'UBERON:0001896', 'tissue_type': 'tissue'};{'label': 'metencephalon', 'ontology_term_id': 'UBERON:0001895', 'tissue_type': 'tissue'};{'label': 'midbrain', 'ontology_term_id': 'UBERON:0001891', 'tissue_type': 'tissue'};{'label': 'midbrain tectum', 'ontology_term_id': 'UBERON:0002314', 'tissue_type': 'tissue'};{'label': 'occipital cortex', 'ontology_term_id': 'UBERON:0016540', 'tissue_type': 'tissue'};{'label': 'pons', 'ontology_term_id': 'UBERON:0000988', 'tissue_type': 'tissue'};{'label': 'striatum', 'ontology_term_id': 'UBERON:0002435', 'tissue_type': 'tissue'};{'label': 'telencephalon', 'ontology_term_id': 'UBERON:0001893', 'tissue_type': 'tissue'};{'label': 'upper layers of the cortex', 'ontology_term_id': 'UBERON:8440044', 'tissue_type': 'tissue'}	None	Comprehensive cell atlas of the first-trimester developing human brain	10.1126/science.adf1226	059022cf-885a-4ef8-944b-d9e5381aa1c6	4d8fed08-2d6d-4692-b5ea-464f1d072077	10x 3' v2;10x 3' v3	normal	None
choroid_plexus	None	{'label': 'apical region of left ventricle', 'ontology_term_id': 'UBERON:0035835', 'tissue_type': 'tissue'}	None	Sex-Specific Control of Human Heart Maturation by the Progesterone Receptor	10.1161/CIRCULATIONAHA.120.051921	99e317c0-1fab-4f73-b511-859e752fd1c3	68e7e5b7-4dc9-4609-832e-7656aa6182ba	10x 3' v3	normal	None
choroid_plexus	None	{'label': 'brain', 'ontology_term_id': 'UBERON:0000955', 'tissue_type': 'tissue'}	None	Single-Cell Multiomic Atlas of Human Cortical Development in Down Syndrome	10.1038/s41591-026-04211-1	0df5d172-5888-4cec-9a96-e637636bbfef	0e9fd1d3-ef4c-47c6-a2e4-ef4bfadf7c79	10x multiome	complete trisomy 21;normal	None
choroid_plexus	None	{'label': 'brain', 'ontology_term_id': 'UBERON:0000955', 'tissue_type': 'tissue'}	None	Single-Cell Multiomic Atlas of Human Cortical Development in Down Syndrome	10.1038/s41591-026-04211-1	0b024b1e-7588-45fc-b794-6fc7192f31ab	0e9fd1d3-ef4c-47c6-a2e4-ef4bfadf7c79	10x multiome	complete trisomy 21;normal	None
choroid_plexus	None	{'label': 'heart left ventricle', 'ontology_term_id': 'UBERON:0002084', 'tissue_type': 'tissue'}	None	Spatially resolved multiomics of human cardiac niches	10.1038/s41586-023-06311-1	fc93b28c-5789-41ce-8441-ff0da3cc46cf	3116d060-0a8e-4767-99bb-e866badea1ed	Visium Spatial Gene Expression V1	normal	None
choroid_plexus	None	{'label': 'apex of heart', 'ontology_term_id': 'UBERON:0002098', 'tissue_type': 'tissue'};{'label': 'atrioventricular node', 'ontology_term_id': 'UBERON:0002352', 'tissue_type': 'tissue'};{'label': 'heart left ventricle', 'ontology_term_id': 'UBERON:0002084', 'tissue_type': 'tissue'};{'label': 'heart right ventricle', 'ontology_term_id': 'UBERON:0002080', 'tissue_type': 'tissue'};{'label': 'interventricular septum', 'ontology_term_id': 'UBERON:0002094', 'tissue_type': 'tissue'};{'label': 'left cardiac atrium', 'ontology_term_id': 'UBERON:0002079', 'tissue_type': 'tissue'};{'label': 'right cardiac atrium', 'ontology_term_id': 'UBERON:0002078', 'tissue_type': 'tissue'};{'label': 'sinoatrial node', 'ontology_term_id': 'UBERON:0002351', 'tissue_type': 'tissue'}	None	Spatially resolved multiomics of human cardiac niches	10.1038/s41586-023-06311-1	d567b692-c374-4628-a508-8008f6778f22	3116d060-0a8e-4767-99bb-e866badea1ed	10x 3' v2;10x 3' v3;10x multiome	normal	None
choroid_plexus	None	{'label': 'heart right ventricle', 'ontology_term_id': 'UBERON:0002080', 'tissue_type': 'tissue'}	None	Spatially resolved multiomics of human cardiac niches	10.1038/s41586-023-06311-1	83ec9e14-87a4-4d41-aa3b-f7c51af70a64	3116d060-0a8e-4767-99bb-e866badea1ed	Visium Spatial Gene Expression V1	normal	None
choroid_plexus	None	{'label': 'heart left ventricle', 'ontology_term_id': 'UBERON:0002084', 'tissue_type': 'tissue'}	None	Spatially resolved multiomics of human cardiac niches	10.1038/s41586-023-06311-1	619db5f3-03fa-4153-b293-5a5e2d2bec2e	3116d060-0a8e-4767-99bb-e866badea1ed	Visium Spatial Gene Expression V1	normal	None
choroid_plexus	None	{'label': 'apex of heart', 'ontology_term_id': 'UBERON:0002098', 'tissue_type': 'tissue'};{'label': 'atrioventricular node', 'ontology_term_id': 'UBERON:0002352', 'tissue_type': 'tissue'};{'label': 'heart left ventricle', 'ontology_term_id': 'UBERON:0002084', 'tissue_type': 'tissue'};{'label': 'heart right ventricle', 'ontology_term_id': 'UBERON:0002080', 'tissue_type': 'tissue'};{'label': 'interventricular septum', 'ontology_term_id': 'UBERON:0002094', 'tissue_type': 'tissue'};{'label': 'left cardiac atrium', 'ontology_term_id': 'UBERON:0002079', 'tissue_type': 'tissue'};{'label': 'right cardiac atrium', 'ontology_term_id': 'UBERON:0002078', 'tissue_type': 'tissue'};{'label': 'sinoatrial node', 'ontology_term_id': 'UBERON:0002351', 'tissue_type': 'tissue'}	None	Spatially resolved multiomics of human cardiac niches	10.1038/s41586-023-06311-1	5a4ba05e-6bd0-4cc1-927d-94b397587f4c	3116d060-0a8e-4767-99bb-e866badea1ed	Visium Spatial Gene Expression V1	normal	None
choroid_plexus	None	{'label': 'heart right ventricle', 'ontology_term_id': 'UBERON:0002080', 'tissue_type': 'tissue'}	None	Spatially resolved multiomics of human cardiac niches	10.1038/s41586-023-06311-1	5260e91f-5d80-4e36-820c-394720d144c3	3116d060-0a8e-4767-99bb-e866badea1ed	Visium Spatial Gene Expression V1	normal	None
choroid_plexus	None	{'label': 'heart left ventricle', 'ontology_term_id': 'UBERON:0002084', 'tissue_type': 'tissue'}	None	Spatially resolved multiomics of human cardiac niches	10.1038/s41586-023-06311-1	4a9f7ec6-5de7-4e8a-acaa-d6d100a5ea58	3116d060-0a8e-4767-99bb-e866badea1ed	Visium Spatial Gene Expression V1	normal	None
choroid_plexus	None	{'label': 'heart right ventricle', 'ontology_term_id': 'UBERON:0002080', 'tissue_type': 'tissue'}	None	Spatially resolved multiomics of human cardiac niches	10.1038/s41586-023-06311-1	2ba63296-1a3d-4469-814e-ed9708e6c104	3116d060-0a8e-4767-99bb-e866badea1ed	Visium Spatial Gene Expression V1	normal	None
choroid_plexus	None	{'label': 'heart right ventricle', 'ontology_term_id': 'UBERON:0002080', 'tissue_type': 'tissue'}	None	Spatially resolved multiomics of human cardiac niches	10.1038/s41586-023-06311-1	1df5fa02-4a6e-4b00-a203-cb0a60e75637	3116d060-0a8e-4767-99bb-e866badea1ed	Visium Spatial Gene Expression V1	normal	None
choroid_plexus	None	{'label': 'heart left ventricle', 'ontology_term_id': 'UBERON:0002084', 'tissue_type': 'tissue'}	None	Spatially resolved multiomics of human cardiac niches	10.1038/s41586-023-06311-1	1b0f8473-f847-4e41-be8b-4dc861860650	3116d060-0a8e-4767-99bb-e866badea1ed	Visium Spatial Gene Expression V1	normal	None
choroid_plexus	None	{'label': 'heart left ventricle', 'ontology_term_id': 'UBERON:0002084', 'tissue_type': 'tissue'}	None	Spatially resolved multiomics of human cardiac niches	10.1038/s41586-023-06311-1	090fede8-fac6-4bea-b6c4-6dedea5cca1c	3116d060-0a8e-4767-99bb-e866badea1ed	Visium Spatial Gene Expression V1	normal	None
choroid_plexus	None	{'label': 'heart left ventricle', 'ontology_term_id': 'UBERON:0002084', 'tissue_type': 'tissue'}	None	Spatially resolved multiomics of human cardiac niches	10.1038/s41586-023-06311-1	04a0a043-1d65-489a-b203-7908780cc922	3116d060-0a8e-4767-99bb-e866badea1ed	Visium Spatial Gene Expression V1	normal	None
choroid_plexus	None	{'label': 'adrenal gland', 'ontology_term_id': 'UBERON:0002369', 'tissue_type': 'tissue'};{'label': 'axilla', 'ontology_term_id': 'UBERON:0009472', 'tissue_type': 'tissue'};{'label': 'bone spine', 'ontology_term_id': 'UBERON:0013706', 'tissue_type': 'tissue'};{'label': 'brain', 'ontology_term_id': 'UBERON:0000955', 'tissue_type': 'tissue'};{'label': 'liver', 'ontology_term_id': 'UBERON:0002107', 'tissue_type': 'tissue'};{'label': 'lung', 'ontology_term_id': 'UBERON:0002048', 'tissue_type': 'tissue'};{'label': 'lymph node', 'ontology_term_id': 'UBERON:0000029', 'tissue_type': 'tissue'};{'label': 'pleural effusion', 'ontology_term_id': 'UBERON:0000175', 'tissue_type': 'tissue'}	None	HTAN MSK - Single cell profiling reveals novel tumor and myeloid subpopulations in small cell lung cancer	10.1016/j.ccell.2021.09.008	f64e1be1-de15-4d27-8da4-82225cd4c035	62e8f058-9c37-48bc-9200-e767f318a8ec	10x 3' transcription profiling;10x 3' v2;10x 3' v3	lung adenocarcinoma;normal;small cell lung carcinoma	None
choroid_plexus	None	{'label': 'adrenal gland', 'ontology_term_id': 'UBERON:0002369', 'tissue_type': 'tissue'};{'label': 'axilla', 'ontology_term_id': 'UBERON:0009472', 'tissue_type': 'tissue'};{'label': 'bone spine', 'ontology_term_id': 'UBERON:0013706', 'tissue_type': 'tissue'};{'label': 'brain', 'ontology_term_id': 'UBERON:0000955', 'tissue_type': 'tissue'};{'label': 'liver', 'ontology_term_id': 'UBERON:0002107', 'tissue_type': 'tissue'};{'label': 'lung', 'ontology_term_id': 'UBERON:0002048', 'tissue_type': 'tissue'};{'label': 'lymph node', 'ontology_term_id': 'UBERON:0000029', 'tissue_type': 'tissue'};{'label': 'pleural effusion', 'ontology_term_id': 'UBERON:0000175', 'tissue_type': 'tissue'}	None	HTAN MSK - Single cell profiling reveals novel tumor and myeloid subpopulations in small cell lung cancer	10.1016/j.ccell.2021.09.008	e9175006-8978-4417-939f-819855eab80e	62e8f058-9c37-48bc-9200-e767f318a8ec	10x 3' transcription profiling;10x 3' v2;10x 3' v3	lung adenocarcinoma;normal;small cell lung carcinoma	None
choroid_plexus	None	{'label': 'adrenal gland', 'ontology_term_id': 'UBERON:0002369', 'tissue_type': 'tissue'};{'label': 'axilla', 'ontology_term_id': 'UBERON:0009472', 'tissue_type': 'tissue'};{'label': 'bone spine', 'ontology_term_id': 'UBERON:0013706', 'tissue_type': 'tissue'};{'label': 'brain', 'ontology_term_id': 'UBERON:0000955', 'tissue_type': 'tissue'};{'label': 'liver', 'ontology_term_id': 'UBERON:0002107', 'tissue_type': 'tissue'};{'label': 'lung', 'ontology_term_id': 'UBERON:0002048', 'tissue_type': 'tissue'};{'label': 'lymph node', 'ontology_term_id': 'UBERON:0000029', 'tissue_type': 'tissue'};{'label': 'pleural effusion', 'ontology_term_id': 'UBERON:0000175', 'tissue_type': 'tissue'}	None	HTAN MSK - Single cell profiling reveals novel tumor and myeloid subpopulations in small cell lung cancer	10.1016/j.ccell.2021.09.008	d4cfefa0-3a35-44eb-b848-d7a725b481e7	62e8f058-9c37-48bc-9200-e767f318a8ec	10x 3' transcription profiling;10x 3' v2;10x 3' v3	lung adenocarcinoma;normal;small cell lung carcinoma	None
choroid_plexus	None	{'label': 'adrenal gland', 'ontology_term_id': 'UBERON:0002369', 'tissue_type': 'tissue'};{'label': 'axilla', 'ontology_term_id': 'UBERON:0009472', 'tissue_type': 'tissue'};{'label': 'bone spine', 'ontology_term_id': 'UBERON:0013706', 'tissue_type': 'tissue'};{'label': 'brain', 'ontology_term_id': 'UBERON:0000955', 'tissue_type': 'tissue'};{'label': 'liver', 'ontology_term_id': 'UBERON:0002107', 'tissue_type': 'tissue'};{'label': 'lung', 'ontology_term_id': 'UBERON:0002048', 'tissue_type': 'tissue'};{'label': 'lymph node', 'ontology_term_id': 'UBERON:0000029', 'tissue_type': 'tissue'};{'label': 'pleural effusion', 'ontology_term_id': 'UBERON:0000175', 'tissue_type': 'tissue'}	None	HTAN MSK - Single cell profiling reveals novel tumor and myeloid subpopulations in small cell lung cancer	10.1016/j.ccell.2021.09.008	d224c8e0-c28e-4360-9e42-b3977cd83f9f	62e8f058-9c37-48bc-9200-e767f318a8ec	10x 3' transcription profiling;10x 3' v2;10x 3' v3	lung adenocarcinoma;normal;small cell lung carcinoma	None
choroid_plexus	None	{'label': 'adrenal gland', 'ontology_term_id': 'UBERON:0002369', 'tissue_type': 'tissue'};{'label': 'axilla', 'ontology_term_id': 'UBERON:0009472', 'tissue_type': 'tissue'};{'label': 'bone spine', 'ontology_term_id': 'UBERON:0013706', 'tissue_type': 'tissue'};{'label': 'brain', 'ontology_term_id': 'UBERON:0000955', 'tissue_type': 'tissue'};{'label': 'liver', 'ontology_term_id': 'UBERON:0002107', 'tissue_type': 'tissue'};{'label': 'lung', 'ontology_term_id': 'UBERON:0002048', 'tissue_type': 'tissue'};{'label': 'lymph node', 'ontology_term_id': 'UBERON:0000029', 'tissue_type': 'tissue'};{'label': 'pleural effusion', 'ontology_term_id': 'UBERON:0000175', 'tissue_type': 'tissue'}	None	HTAN MSK - Single cell profiling reveals novel tumor and myeloid subpopulations in small cell lung cancer	10.1016/j.ccell.2021.09.008	a6858c10-c52a-4a1d-bc12-a90dbd51ca66	62e8f058-9c37-48bc-9200-e767f318a8ec	10x 3' transcription profiling;10x 3' v2;10x 3' v3	lung adenocarcinoma;normal;small cell lung carcinoma	None
choroid_plexus	None	{'label': 'adrenal gland', 'ontology_term_id': 'UBERON:0002369', 'tissue_type': 'tissue'};{'label': 'axilla', 'ontology_term_id': 'UBERON:0009472', 'tissue_type': 'tissue'};{'label': 'bone spine', 'ontology_term_id': 'UBERON:0013706', 'tissue_type': 'tissue'};{'label': 'brain', 'ontology_term_id': 'UBERON:0000955', 'tissue_type': 'tissue'};{'label': 'liver', 'ontology_term_id': 'UBERON:0002107', 'tissue_type': 'tissue'};{'label': 'lung', 'ontology_term_id': 'UBERON:0002048', 'tissue_type': 'tissue'};{'label': 'lymph node', 'ontology_term_id': 'UBERON:0000029', 'tissue_type': 'tissue'};{'label': 'pleural effusion', 'ontology_term_id': 'UBERON:0000175', 'tissue_type': 'tissue'}	None	HTAN MSK - Single cell profiling reveals novel tumor and myeloid subpopulations in small cell lung cancer	10.1016/j.ccell.2021.09.008	576f193c-75d0-4a11-bd25-8676587e6dc2	62e8f058-9c37-48bc-9200-e767f318a8ec	10x 3' transcription profiling;10x 3' v2;10x 3' v3	lung adenocarcinoma;normal;small cell lung carcinoma	None
choroid_plexus	None	{'label': 'adrenal gland', 'ontology_term_id': 'UBERON:0002369', 'tissue_type': 'tissue'};{'label': 'axilla', 'ontology_term_id': 'UBERON:0009472', 'tissue_type': 'tissue'};{'label': 'bone spine', 'ontology_term_id': 'UBERON:0013706', 'tissue_type': 'tissue'};{'label': 'brain', 'ontology_term_id': 'UBERON:0000955', 'tissue_type': 'tissue'};{'label': 'liver', 'ontology_term_id': 'UBERON:0002107', 'tissue_type': 'tissue'};{'label': 'lung', 'ontology_term_id': 'UBERON:0002048', 'tissue_type': 'tissue'};{'label': 'lymph node', 'ontology_term_id': 'UBERON:0000029', 'tissue_type': 'tissue'};{'label': 'pleural effusion', 'ontology_term_id': 'UBERON:0000175', 'tissue_type': 'tissue'}	None	HTAN MSK - Single cell profiling reveals novel tumor and myeloid subpopulations in small cell lung cancer	10.1016/j.ccell.2021.09.008	486486d4-9462-43e5-9249-eb43fa5a49a6	62e8f058-9c37-48bc-9200-e767f318a8ec	10x 3' transcription profiling;10x 3' v2;10x 3' v3	lung adenocarcinoma;normal;small cell lung carcinoma	None
choroid_plexus	None	{'label': 'brain', 'ontology_term_id': 'UBERON:0000955', 'tissue_type': 'tissue'};{'label': 'cerebellum', 'ontology_term_id': 'UBERON:0002037', 'tissue_type': 'tissue'};{'label': 'diencephalon', 'ontology_term_id': 'UBERON:0001894', 'tissue_type': 'tissue'};{'label': 'hindbrain', 'ontology_term_id': 'UBERON:0002028', 'tissue_type': 'tissue'};{'label': 'medulla oblongata', 'ontology_term_id': 'UBERON:0001896', 'tissue_type': 'tissue'};{'label': 'midbrain', 'ontology_term_id': 'UBERON:0001891', 'tissue_type': 'tissue'};{'label': 'pons', 'ontology_term_id': 'UBERON:0000988', 'tissue_type': 'tissue'};{'label': 'telencephalon', 'ontology_term_id': 'UBERON:0001893', 'tissue_type': 'tissue'}	None	Chromatin accessibility during human first-trimester neurodevelopment	10.1038/s41586-024-07234-1	f13b63f5-779f-478a-90a7-5ee65d9d6828	a66d41a7-f1de-4b70-b983-7a4b790a0d5d	10x multiome	normal	None
choroid_plexus	None	{'label': 'brain', 'ontology_term_id': 'UBERON:0000955', 'tissue_type': 'tissue'};{'label': 'cerebellum', 'ontology_term_id': 'UBERON:0002037', 'tissue_type': 'tissue'};{'label': 'diencephalon', 'ontology_term_id': 'UBERON:0001894', 'tissue_type': 'tissue'};{'label': 'hindbrain', 'ontology_term_id': 'UBERON:0002028', 'tissue_type': 'tissue'};{'label': 'medulla oblongata', 'ontology_term_id': 'UBERON:0001896', 'tissue_type': 'tissue'};{'label': 'midbrain', 'ontology_term_id': 'UBERON:0001891', 'tissue_type': 'tissue'};{'label': 'pons', 'ontology_term_id': 'UBERON:0000988', 'tissue_type': 'tissue'};{'label': 'telencephalon', 'ontology_term_id': 'UBERON:0001893', 'tissue_type': 'tissue'}	None	Chromatin accessibility during human first-trimester neurodevelopment	10.1038/s41586-024-07234-1	e73e4eb8-d5f3-47c3-b446-330f37d042da	a66d41a7-f1de-4b70-b983-7a4b790a0d5d	10x multiome	normal	None
choroid_plexus	None	{'label': 'brain', 'ontology_term_id': 'UBERON:0000955', 'tissue_type': 'tissue'};{'label': 'cerebellum', 'ontology_term_id': 'UBERON:0002037', 'tissue_type': 'tissue'};{'label': 'diencephalon', 'ontology_term_id': 'UBERON:0001894', 'tissue_type': 'tissue'};{'label': 'hindbrain', 'ontology_term_id': 'UBERON:0002028', 'tissue_type': 'tissue'};{'label': 'medulla oblongata', 'ontology_term_id': 'UBERON:0001896', 'tissue_type': 'tissue'};{'label': 'midbrain', 'ontology_term_id': 'UBERON:0001891', 'tissue_type': 'tissue'};{'label': 'pons', 'ontology_term_id': 'UBERON:0000988', 'tissue_type': 'tissue'};{'label': 'telencephalon', 'ontology_term_id': 'UBERON:0001893', 'tissue_type': 'tissue'}	None	Chromatin accessibility during human first-trimester neurodevelopment	10.1038/s41586-024-07234-1	bdc7e498-c27d-4156-a342-8653e87001fb	a66d41a7-f1de-4b70-b983-7a4b790a0d5d	10x multiome	normal	None
choroid_plexus	None	{'label': 'brain', 'ontology_term_id': 'UBERON:0000955', 'tissue_type': 'tissue'};{'label': 'cerebellum', 'ontology_term_id': 'UBERON:0002037', 'tissue_type': 'tissue'};{'label': 'diencephalon', 'ontology_term_id': 'UBERON:0001894', 'tissue_type': 'tissue'};{'label': 'hindbrain', 'ontology_term_id': 'UBERON:0002028', 'tissue_type': 'tissue'};{'label': 'medulla oblongata', 'ontology_term_id': 'UBERON:0001896', 'tissue_type': 'tissue'};{'label': 'midbrain', 'ontology_term_id': 'UBERON:0001891', 'tissue_type': 'tissue'};{'label': 'pons', 'ontology_term_id': 'UBERON:0000988', 'tissue_type': 'tissue'};{'label': 'telencephalon', 'ontology_term_id': 'UBERON:0001893', 'tissue_type': 'tissue'}	None	Chromatin accessibility during human first-trimester neurodevelopment	10.1038/s41586-024-07234-1	5e9fbc0b-16ff-4245-bd59-c22d4113c017	a66d41a7-f1de-4b70-b983-7a4b790a0d5d	10x multiome	normal	None
choroid_plexus	None	{'label': 'brain', 'ontology_term_id': 'UBERON:0000955', 'tissue_type': 'tissue'};{'label': 'cerebellum', 'ontology_term_id': 'UBERON:0002037', 'tissue_type': 'tissue'};{'label': 'diencephalon', 'ontology_term_id': 'UBERON:0001894', 'tissue_type': 'tissue'};{'label': 'hindbrain', 'ontology_term_id': 'UBERON:0002028', 'tissue_type': 'tissue'};{'label': 'medulla oblongata', 'ontology_term_id': 'UBERON:0001896', 'tissue_type': 'tissue'};{'label': 'midbrain', 'ontology_term_id': 'UBERON:0001891', 'tissue_type': 'tissue'};{'label': 'pons', 'ontology_term_id': 'UBERON:0000988', 'tissue_type': 'tissue'};{'label': 'telencephalon', 'ontology_term_id': 'UBERON:0001893', 'tissue_type': 'tissue'}	None	Chromatin accessibility during human first-trimester neurodevelopment	10.1038/s41586-024-07234-1	5662e542-8cf7-487b-8423-f50b64dc6421	a66d41a7-f1de-4b70-b983-7a4b790a0d5d	10x multiome	normal	None
choroid_plexus	None	{'label': 'brain', 'ontology_term_id': 'UBERON:0000955', 'tissue_type': 'tissue'};{'label': 'cerebellum', 'ontology_term_id': 'UBERON:0002037', 'tissue_type': 'tissue'};{'label': 'diencephalon', 'ontology_term_id': 'UBERON:0001894', 'tissue_type': 'tissue'};{'label': 'hindbrain', 'ontology_term_id': 'UBERON:0002028', 'tissue_type': 'tissue'};{'label': 'medulla oblongata', 'ontology_term_id': 'UBERON:0001896', 'tissue_type': 'tissue'};{'label': 'midbrain', 'ontology_term_id': 'UBERON:0001891', 'tissue_type': 'tissue'};{'label': 'pons', 'ontology_term_id': 'UBERON:0000988', 'tissue_type': 'tissue'};{'label': 'telencephalon', 'ontology_term_id': 'UBERON:0001893', 'tissue_type': 'tissue'}	None	Chromatin accessibility during human first-trimester neurodevelopment	10.1038/s41586-024-07234-1	4398dcfc-f86b-4d52-aa9f-1f2cf902c0cf	a66d41a7-f1de-4b70-b983-7a4b790a0d5d	10x multiome	normal	None
choroid_plexus	None	{'label': 'brain', 'ontology_term_id': 'UBERON:0000955', 'tissue_type': 'tissue'};{'label': 'cerebellum', 'ontology_term_id': 'UBERON:0002037', 'tissue_type': 'tissue'};{'label': 'diencephalon', 'ontology_term_id': 'UBERON:0001894', 'tissue_type': 'tissue'};{'label': 'hindbrain', 'ontology_term_id': 'UBERON:0002028', 'tissue_type': 'tissue'};{'label': 'medulla oblongata', 'ontology_term_id': 'UBERON:0001896', 'tissue_type': 'tissue'};{'label': 'midbrain', 'ontology_term_id': 'UBERON:0001891', 'tissue_type': 'tissue'};{'label': 'pons', 'ontology_term_id': 'UBERON:0000988', 'tissue_type': 'tissue'};{'label': 'telencephalon', 'ontology_term_id': 'UBERON:0001893', 'tissue_type': 'tissue'}	None	Chromatin accessibility during human first-trimester neurodevelopment	10.1038/s41586-024-07234-1	2ad168af-ae8c-469e-b21f-dd7f93146d7e	a66d41a7-f1de-4b70-b983-7a4b790a0d5d	10x multiome	normal	None
choroid_plexus	None	{'label': 'brain', 'ontology_term_id': 'UBERON:0000955', 'tissue_type': 'tissue'};{'label': 'cerebellum', 'ontology_term_id': 'UBERON:0002037', 'tissue_type': 'tissue'};{'label': 'diencephalon', 'ontology_term_id': 'UBERON:0001894', 'tissue_type': 'tissue'};{'label': 'hindbrain', 'ontology_term_id': 'UBERON:0002028', 'tissue_type': 'tissue'};{'label': 'medulla oblongata', 'ontology_term_id': 'UBERON:0001896', 'tissue_type': 'tissue'};{'label': 'midbrain', 'ontology_term_id': 'UBERON:0001891', 'tissue_type': 'tissue'};{'label': 'pons', 'ontology_term_id': 'UBERON:0000988', 'tissue_type': 'tissue'};{'label': 'telencephalon', 'ontology_term_id': 'UBERON:0001893', 'tissue_type': 'tissue'}	None	Chromatin accessibility during human first-trimester neurodevelopment	10.1038/s41586-024-07234-1	19f1bec6-eeb7-4133-accc-992d745fef89	a66d41a7-f1de-4b70-b983-7a4b790a0d5d	10x multiome	normal	None
choroid_plexus	None	{'label': 'brain', 'ontology_term_id': 'UBERON:0000955', 'tissue_type': 'tissue'};{'label': 'cerebellum', 'ontology_term_id': 'UBERON:0002037', 'tissue_type': 'tissue'};{'label': 'diencephalon', 'ontology_term_id': 'UBERON:0001894', 'tissue_type': 'tissue'};{'label': 'hindbrain', 'ontology_term_id': 'UBERON:0002028', 'tissue_type': 'tissue'};{'label': 'medulla oblongata', 'ontology_term_id': 'UBERON:0001896', 'tissue_type': 'tissue'};{'label': 'midbrain', 'ontology_term_id': 'UBERON:0001891', 'tissue_type': 'tissue'};{'label': 'pons', 'ontology_term_id': 'UBERON:0000988', 'tissue_type': 'tissue'};{'label': 'telencephalon', 'ontology_term_id': 'UBERON:0001893', 'tissue_type': 'tissue'}	None	Chromatin accessibility during human first-trimester neurodevelopment	10.1038/s41586-024-07234-1	00f15b43-f871-46d8-8105-814387ad8658	a66d41a7-f1de-4b70-b983-7a4b790a0d5d	10x multiome	normal	None
choroid_plexus	None	{'label': 'apex of heart', 'ontology_term_id': 'UBERON:0002098', 'tissue_type': 'tissue'};{'label': 'heart left ventricle', 'ontology_term_id': 'UBERON:0002084', 'tissue_type': 'tissue'};{'label': 'heart right ventricle', 'ontology_term_id': 'UBERON:0002080', 'tissue_type': 'tissue'};{'label': 'interventricular septum', 'ontology_term_id': 'UBERON:0002094', 'tissue_type': 'tissue'};{'label': 'left cardiac atrium', 'ontology_term_id': 'UBERON:0002079', 'tissue_type': 'tissue'};{'label': 'right cardiac atrium', 'ontology_term_id': 'UBERON:0002078', 'tissue_type': 'tissue'}	None	Automatic cell-type harmonization and integration across Human Cell Atlas datasets	10.1016/j.cell.2023.11.026	364bd0c7-f7fd-48ed-99c1-ae26872b1042	854c0855-23ad-4362-8b77-6b1639e7a9fc	10x 3' v2;10x 3' v3;10x 5' v1	normal	None
rpe;photoreceptor	None	{'label': 'fovea centralis', 'ontology_term_id': 'UBERON:0001786', 'tissue_type': 'tissue'};{'label': 'macula lutea proper', 'ontology_term_id': 'UBERON:0002822', 'tissue_type': 'tissue'};{'label': 'peripheral region of retina', 'ontology_term_id': 'UBERON:0013682', 'tissue_type': 'tissue'}	None	Single-cell transcriptomic atlas for adult human retina	10.1016/j.xgen.2023.100298	ed419b4e-db9b-40f1-8593-68fdf8dfb076	af893e86-8e9f-41f1-a474-ef05359b1fb7	10x 3' v3	normal	None
rpe;photoreceptor	None	{'label': 'fovea centralis', 'ontology_term_id': 'UBERON:0001786', 'tissue_type': 'tissue'};{'label': 'macula lutea proper', 'ontology_term_id': 'UBERON:0002822', 'tissue_type': 'tissue'};{'label': 'peripheral region of retina', 'ontology_term_id': 'UBERON:0013682', 'tissue_type': 'tissue'}	None	Single-cell transcriptomic atlas for adult human retina	10.1016/j.xgen.2023.100298	aad97cb5-f375-45ef-ae9d-178e7f5d5180	af893e86-8e9f-41f1-a474-ef05359b1fb7	10x 3' v3	normal	None
rpe;photoreceptor	None	{'label': 'fovea centralis', 'ontology_term_id': 'UBERON:0001786', 'tissue_type': 'tissue'};{'label': 'macula lutea proper', 'ontology_term_id': 'UBERON:0002822', 'tissue_type': 'tissue'};{'label': 'peripheral region of retina', 'ontology_term_id': 'UBERON:0013682', 'tissue_type': 'tissue'}	None	Single-cell transcriptomic atlas for adult human retina	10.1016/j.xgen.2023.100298	8f10185b-e0b3-46a5-8706-7f1799225d79	af893e86-8e9f-41f1-a474-ef05359b1fb7	10x 3' v3	normal	None
rpe;photoreceptor	None	{'label': 'fovea centralis', 'ontology_term_id': 'UBERON:0001786', 'tissue_type': 'tissue'};{'label': 'macula lutea proper', 'ontology_term_id': 'UBERON:0002822', 'tissue_type': 'tissue'};{'label': 'peripheral region of retina', 'ontology_term_id': 'UBERON:0013682', 'tissue_type': 'tissue'}	None	Single-cell transcriptomic atlas for adult human retina	10.1016/j.xgen.2023.100298	359f7af4-87d4-4117-9d6c-ca4cfa1f3f0b	af893e86-8e9f-41f1-a474-ef05359b1fb7	10x 3' v3	normal	None
rpe;photoreceptor	None	{'label': 'fovea centralis', 'ontology_term_id': 'UBERON:0001786', 'tissue_type': 'tissue'};{'label': 'macula lutea proper', 'ontology_term_id': 'UBERON:0002822', 'tissue_type': 'tissue'};{'label': 'peripheral region of retina', 'ontology_term_id': 'UBERON:0013682', 'tissue_type': 'tissue'}	None	Single-cell transcriptomic atlas for adult human retina	10.1016/j.xgen.2023.100298	11ef37ee-2173-458e-aab8-7fe35da8e47b	af893e86-8e9f-41f1-a474-ef05359b1fb7	10x 3' v3	normal	None
rpe;photoreceptor	None	{'label': 'fovea centralis', 'ontology_term_id': 'UBERON:0001786', 'tissue_type': 'tissue'};{'label': 'macula lutea proper', 'ontology_term_id': 'UBERON:0002822', 'tissue_type': 'tissue'};{'label': 'peripheral region of retina', 'ontology_term_id': 'UBERON:0013682', 'tissue_type': 'tissue'}	None	Single-cell transcriptomic atlas for adult human retina	10.1016/j.xgen.2023.100298	0129dbd9-a7d3-4f6b-96b9-1da155a93748	af893e86-8e9f-41f1-a474-ef05359b1fb7	10x 3' v3	normal	None
rpe;photoreceptor	None	{'label': 'fovea centralis', 'ontology_term_id': 'UBERON:0001786', 'tissue_type': 'tissue'};{'label': 'macula lutea proper', 'ontology_term_id': 'UBERON:0002822', 'tissue_type': 'tissue'};{'label': 'peripheral region of retina', 'ontology_term_id': 'UBERON:0013682', 'tissue_type': 'tissue'}	None	Single-cell transcriptomic atlas for adult human retina	10.1016/j.xgen.2023.100298	00e5dedd-b9b7-43be-8c28-b0e5c6414a62	af893e86-8e9f-41f1-a474-ef05359b1fb7	10x 3' v3	normal	None
rpe;photoreceptor	None	{'label': 'corneo-scleral junction', 'ontology_term_id': 'UBERON:0006761', 'tissue_type': 'tissue'};{'label': 'eye trabecular meshwork', 'ontology_term_id': 'UBERON:0005969', 'tissue_type': 'tissue'}	None	Cell atlas of the human ocular anterior segment: Tissue-specific and shared cell types	10.1073/pnas.2200914119	d967b47c-a9e6-4337-b2f4-977f690cb67f	63d03351-06be-478e-a0db-f7a653b6b19b	10x 3' v3	normal	None
rpe;photoreceptor	None	{'label': 'ciliary body', 'ontology_term_id': 'UBERON:0001775', 'tissue_type': 'tissue'};{'label': 'cornea', 'ontology_term_id': 'UBERON:0000964', 'tissue_type': 'tissue'};{'label': 'corneo-scleral junction', 'ontology_term_id': 'UBERON:0006761', 'tissue_type': 'tissue'};{'label': 'eye trabecular meshwork', 'ontology_term_id': 'UBERON:0005969', 'tissue_type': 'tissue'};{'label': 'iris', 'ontology_term_id': 'UBERON:0001769', 'tissue_type': 'tissue'}	None	Cell atlas of the human ocular anterior segment: Tissue-specific and shared cell types	10.1073/pnas.2200914119	9ff99bf8-2524-4ab5-ab6e-4bc218e4a449	63d03351-06be-478e-a0db-f7a653b6b19b	10x 3' v3	normal	None
rpe;photoreceptor	None	{'label': 'lens of camera-type eye', 'ontology_term_id': 'UBERON:0000965', 'tissue_type': 'tissue'}	None	Cell atlas of the human ocular anterior segment: Tissue-specific and shared cell types	10.1073/pnas.2200914119	489318a0-24c3-4f5c-b105-f084ed0ea026	63d03351-06be-478e-a0db-f7a653b6b19b	10x 3' v3	normal	None
rpe;photoreceptor	None	{'label': 'chorioretinal region', 'ontology_term_id': 'UBERON:0019207', 'tissue_type': 'tissue'}	None	Single cell atlas of the human retinal pigment epithelium and the choroid	10.64898/2026.07.23.740352	f28376c8-2ca0-419f-8e22-543f71457eb3	48c15b0c-6039-4e0f-9668-b6b3c0b830ad	10x 3' v3;10x 5' v2	normal	None
rpe;photoreceptor	None	{'label': 'chorioretinal region', 'ontology_term_id': 'UBERON:0019207', 'tissue_type': 'tissue'}	None	Single cell atlas of the human retinal pigment epithelium and the choroid	10.64898/2026.07.23.740352	ea2943a9-f722-40ff-9189-2cfc23e9f36a	48c15b0c-6039-4e0f-9668-b6b3c0b830ad	10x 3' v3;10x 5' v2	normal	None
rpe;photoreceptor	None	{'label': 'chorioretinal region', 'ontology_term_id': 'UBERON:0019207', 'tissue_type': 'tissue'}	None	Single cell atlas of the human retinal pigment epithelium and the choroid	10.64898/2026.07.23.740352	d994a2ce-e270-43ba-b9db-323a8fbed058	48c15b0c-6039-4e0f-9668-b6b3c0b830ad	10x 3' v3;10x 5' v2	normal	None
rpe;photoreceptor	None	{'label': 'chorioretinal region', 'ontology_term_id': 'UBERON:0019207', 'tissue_type': 'tissue'}	None	Single cell atlas of the human retinal pigment epithelium and the choroid	10.64898/2026.07.23.740352	d45130d1-5588-40f0-90f4-2a7f69312b97	48c15b0c-6039-4e0f-9668-b6b3c0b830ad	10x 3' v3;10x 5' v2	normal	None
rpe;photoreceptor	None	{'label': 'chorioretinal region', 'ontology_term_id': 'UBERON:0019207', 'tissue_type': 'tissue'}	None	Single cell atlas of the human retinal pigment epithelium and the choroid	10.64898/2026.07.23.740352	647f6028-4173-4188-9db6-f94e0a65e967	48c15b0c-6039-4e0f-9668-b6b3c0b830ad	10x 3' v3;10x 5' v2	normal	None
rpe;photoreceptor	None	{'label': 'chorioretinal region', 'ontology_term_id': 'UBERON:0019207', 'tissue_type': 'tissue'};{'label': 'eyeball of camera-type eye', 'ontology_term_id': 'UBERON:0010230', 'tissue_type': 'tissue'};{'label': 'optic choroid', 'ontology_term_id': 'UBERON:0001776', 'tissue_type': 'tissue'};{'label': 'pigmented layer of retina', 'ontology_term_id': 'UBERON:0001782', 'tissue_type': 'tissue'}	None	Single cell atlas of the human retinal pigment epithelium and the choroid	10.64898/2026.07.23.740352	5ed90bc0-12f3-4354-b314-0ce0dbb96458	48c15b0c-6039-4e0f-9668-b6b3c0b830ad	10x 3' v2;10x 3' v3;10x 5' v2	normal	None
rpe;photoreceptor	None	{'label': 'chorioretinal region', 'ontology_term_id': 'UBERON:0019207', 'tissue_type': 'tissue'}	None	Single cell atlas of the human retinal pigment epithelium and the choroid	10.64898/2026.07.23.740352	53d9dafe-deb9-40b2-8bb4-38774fc8fc02	48c15b0c-6039-4e0f-9668-b6b3c0b830ad	10x 3' v3;10x 5' v2	normal	None
rpe;photoreceptor	None	{'label': 'chorioretinal region', 'ontology_term_id': 'UBERON:0019207', 'tissue_type': 'tissue'}	None	Single cell atlas of the human retinal pigment epithelium and the choroid	10.64898/2026.07.23.740352	46f6fd9d-1bef-4ac7-a26a-b074e105b475	48c15b0c-6039-4e0f-9668-b6b3c0b830ad	10x 3' v3;10x 5' v2	normal	None
rpe;photoreceptor	None	{'label': 'chorioretinal region', 'ontology_term_id': 'UBERON:0019207', 'tissue_type': 'tissue'}	None	Single cell atlas of the human retinal pigment epithelium and the choroid	10.64898/2026.07.23.740352	1a9f3b38-b86d-416d-bbdc-9058ad3ff42d	48c15b0c-6039-4e0f-9668-b6b3c0b830ad	10x 3' v3;10x 5' v2	normal	None
rpe;photoreceptor	None	{'label': 'central retina', 'ontology_term_id': 'UBERON:8000004', 'tissue_type': 'tissue'};{'label': 'peripheral region of retina', 'ontology_term_id': 'UBERON:0013682', 'tissue_type': 'tissue'};{'label': 'retina', 'ontology_term_id': 'UBERON:0000966', 'tissue_type': 'tissue'}	None	Human fetal retina atlas v1 - Unraveling the developmental heterogeneity within the human retina to reconstruct the continuity of retinal ganglion cell maturation and stage-specific intrinsic and extrinsic factors	10.1016/j.ydbio.2025.08.025	aecc2743-4ff2-4b55-ac8c-a1ff76fc4bb4	c11009b8-b113-4a99-9890-78b2f9df9d79	10x 3' v1;10x 3' v2;10x 3' v3	normal	None
rpe;photoreceptor	None	{'label': 'fovea centralis', 'ontology_term_id': 'UBERON:0001786', 'tissue_type': 'tissue'};{'label': 'peripheral region of retina', 'ontology_term_id': 'UBERON:0013682', 'tissue_type': 'tissue'}	None	Cell Atlas of The Human Fovea and Peripheral Retina	10.1038/s41598-020-66092-9	d319af7f-be2e-441e-8caa-3b8a88480e89	1d1c7275-476a-49e2-9022-ad1b1c793594	10x 3' v2;10x 3' v3	normal	None
rpe;photoreceptor	None	{'label': 'fovea centralis', 'ontology_term_id': 'UBERON:0001786', 'tissue_type': 'tissue'};{'label': 'peripheral region of retina', 'ontology_term_id': 'UBERON:0013682', 'tissue_type': 'tissue'}	None	Cell Atlas of The Human Fovea and Peripheral Retina	10.1038/s41598-020-66092-9	bc7260e0-54cf-4b0b-823d-93f5b850f757	1d1c7275-476a-49e2-9022-ad1b1c793594	10x 3' v2;10x 3' v3	normal	None
rpe;photoreceptor	None	{'label': 'fovea centralis', 'ontology_term_id': 'UBERON:0001786', 'tissue_type': 'tissue'};{'label': 'peripheral region of retina', 'ontology_term_id': 'UBERON:0013682', 'tissue_type': 'tissue'}	None	Cell Atlas of The Human Fovea and Peripheral Retina	10.1038/s41598-020-66092-9	8623d55f-d91c-41c2-ae68-ed2072fd268d	1d1c7275-476a-49e2-9022-ad1b1c793594	10x 3' v2;10x 3' v3	normal	None
rpe;photoreceptor	None	{'label': 'fovea centralis', 'ontology_term_id': 'UBERON:0001786', 'tissue_type': 'tissue'};{'label': 'peripheral region of retina', 'ontology_term_id': 'UBERON:0013682', 'tissue_type': 'tissue'}	None	Cell Atlas of The Human Fovea and Peripheral Retina	10.1038/s41598-020-66092-9	7b75b2c4-6d99-40be-9a61-391455d859e6	1d1c7275-476a-49e2-9022-ad1b1c793594	10x 3' v2;10x 3' v3	normal	None
rpe;photoreceptor	None	{'label': 'fovea centralis', 'ontology_term_id': 'UBERON:0001786', 'tissue_type': 'tissue'};{'label': 'peripheral region of retina', 'ontology_term_id': 'UBERON:0013682', 'tissue_type': 'tissue'}	None	Cell Atlas of The Human Fovea and Peripheral Retina	10.1038/s41598-020-66092-9	5cdbb2ea-c622-466d-9ead-7884ad8cb99f	1d1c7275-476a-49e2-9022-ad1b1c793594	10x 3' v2;10x 3' v3	normal	None
rpe;photoreceptor	None	{'label': 'fovea centralis', 'ontology_term_id': 'UBERON:0001786', 'tissue_type': 'tissue'};{'label': 'peripheral region of retina', 'ontology_term_id': 'UBERON:0013682', 'tissue_type': 'tissue'}	None	Cell Atlas of The Human Fovea and Peripheral Retina	10.1038/s41598-020-66092-9	2f6a20f1-173d-4b8d-860b-c47ffea120fa	1d1c7275-476a-49e2-9022-ad1b1c793594	10x 3' v2;10x 3' v3	normal	None
rpe;photoreceptor	None	{'label': 'macula lutea', 'ontology_term_id': 'UBERON:0000053', 'tissue_type': 'tissue'};{'label': 'peripheral region of retina', 'ontology_term_id': 'UBERON:0013682', 'tissue_type': 'tissue'}	None	Single-cell transcriptomic atlas of the human retina identifies cell types associated with age-related macular degeneration	10.1038/s41467-019-12780-8	856c1b98-5727-49da-bf0f-151bdb8cb056	1a486c4c-c115-4721-8c9f-f9f096e10857	10x 3' v3	normal	None
rpe;photoreceptor	None	{'label': 'cranial nerve II', 'ontology_term_id': 'UBERON:0000941', 'tissue_type': 'tissue'};{'label': 'macula lutea', 'ontology_term_id': 'UBERON:0000053', 'tissue_type': 'tissue'};{'label': 'optic disc', 'ontology_term_id': 'UBERON:0001783', 'tissue_type': 'tissue'};{'label': 'peripheral region of retina', 'ontology_term_id': 'UBERON:0013682', 'tissue_type': 'tissue'};{'label': 'pigmented layer of retina', 'ontology_term_id': 'UBERON:0001782', 'tissue_type': 'tissue'};{'label': 'sclera', 'ontology_term_id': 'UBERON:0001773', 'tissue_type': 'tissue'}	None	Transcriptomic Analysis of the Ocular Posterior Segment Completes a Cell Atlas of the Human Eye	10.1073/pnas.2306153120	9f1a899f-05a0-44c5-8aa9-39df61ae4324	7855daa4-3f34-4aae-b65a-87720c02e7cd	10x 3' v3	normal	None
rpe;photoreceptor	None	{'label': 'retina', 'ontology_term_id': 'UBERON:0000966', 'tissue_type': 'tissue'}	None	Single-cell multiome of the human retina and deep learning nominate causal variants in complex eye diseases	10.1016/j.xgen.2022.100164	322c816f-608a-4da1-99c4-36ca4ad45146	348da6dc-5bf6-435d-adc5-37747b9ae38a	10x multiome	normal	None
rpe;photoreceptor	None	{'label': 'retina', 'ontology_term_id': 'UBERON:0000966', 'tissue_type': 'tissue'}	None	Integration of eQTL and a Single-Cell Atlas in the Human Eye Identifies Causal Genes for Age-Related Macular Degeneration	10.1016/j.celrep.2019.12.082	f8c77961-67a7-4161-b8c2-61c3f917b54f	939769a8-d8d2-4d01-abfc-55699893fd49	10x 3' v3	normal	None
rpe;photoreceptor	None	{'label': 'retina', 'ontology_term_id': 'UBERON:0000966', 'tissue_type': 'tissue'}	None	Integration of eQTL and a Single-Cell Atlas in the Human Eye Identifies Causal Genes for Age-Related Macular Degeneration	10.1016/j.celrep.2019.12.082	e6dad530-418b-47f9-af6e-472e56a7b314	939769a8-d8d2-4d01-abfc-55699893fd49	10x 3' v3	normal	None
rpe;photoreceptor	None	{'label': 'retina', 'ontology_term_id': 'UBERON:0000966', 'tissue_type': 'tissue'}	None	Integration of eQTL and a Single-Cell Atlas in the Human Eye Identifies Causal Genes for Age-Related Macular Degeneration	10.1016/j.celrep.2019.12.082	de17ac25-550a-4018-be75-bbb485a0636e	939769a8-d8d2-4d01-abfc-55699893fd49	10x 3' v3	normal	None
rpe;photoreceptor	None	{'label': 'retina', 'ontology_term_id': 'UBERON:0000966', 'tissue_type': 'tissue'}	None	Integration of eQTL and a Single-Cell Atlas in the Human Eye Identifies Causal Genes for Age-Related Macular Degeneration	10.1016/j.celrep.2019.12.082	d95ab381-2b7c-4885-b168-0097ed4e397f	939769a8-d8d2-4d01-abfc-55699893fd49	10x 3' v3	normal	None
rpe;photoreceptor	None	{'label': 'retina', 'ontology_term_id': 'UBERON:0000966', 'tissue_type': 'tissue'}	None	Integration of eQTL and a Single-Cell Atlas in the Human Eye Identifies Causal Genes for Age-Related Macular Degeneration	10.1016/j.celrep.2019.12.082	cec9f9a5-8832-437d-99af-fb8237cde54b	939769a8-d8d2-4d01-abfc-55699893fd49	10x 3' v3	normal	None
rpe;photoreceptor	None	{'label': 'retina', 'ontology_term_id': 'UBERON:0000966', 'tissue_type': 'tissue'}	None	Integration of eQTL and a Single-Cell Atlas in the Human Eye Identifies Causal Genes for Age-Related Macular Degeneration	10.1016/j.celrep.2019.12.082	c3d381b2-3104-444e-8ad5-d3524407bbb6	939769a8-d8d2-4d01-abfc-55699893fd49	10x 3' v3	normal	None
rpe;photoreceptor	None	{'label': 'retina', 'ontology_term_id': 'UBERON:0000966', 'tissue_type': 'tissue'}	None	Integration of eQTL and a Single-Cell Atlas in the Human Eye Identifies Causal Genes for Age-Related Macular Degeneration	10.1016/j.celrep.2019.12.082	ab5b2256-b209-48b5-a801-c5d9a8c0de56	939769a8-d8d2-4d01-abfc-55699893fd49	10x 3' v3	normal	None
rpe;photoreceptor	None	{'label': 'retina', 'ontology_term_id': 'UBERON:0000966', 'tissue_type': 'tissue'}	None	Integration of eQTL and a Single-Cell Atlas in the Human Eye Identifies Causal Genes for Age-Related Macular Degeneration	10.1016/j.celrep.2019.12.082	9cfee1e6-b24f-433d-a269-f01841655d6a	939769a8-d8d2-4d01-abfc-55699893fd49	10x 3' v3	normal	None
rpe;photoreceptor	None	{'label': 'retina', 'ontology_term_id': 'UBERON:0000966', 'tissue_type': 'tissue'}	None	Integration of eQTL and a Single-Cell Atlas in the Human Eye Identifies Causal Genes for Age-Related Macular Degeneration	10.1016/j.celrep.2019.12.082	4e38f019-f8e8-44ae-ad32-ba500de6f64c	939769a8-d8d2-4d01-abfc-55699893fd49	10x 3' v3	normal	None
rpe;photoreceptor	None	{'label': 'retina', 'ontology_term_id': 'UBERON:0000966', 'tissue_type': 'tissue'}	None	Integration of eQTL and a Single-Cell Atlas in the Human Eye Identifies Causal Genes for Age-Related Macular Degeneration	10.1016/j.celrep.2019.12.082	389bfbb9-8ef1-4582-8c41-410131c3d0eb	939769a8-d8d2-4d01-abfc-55699893fd49	10x 3' v3	normal	None
rpe;photoreceptor	None	{'label': 'fovea centralis', 'ontology_term_id': 'UBERON:0001786', 'tissue_type': 'tissue'};{'label': 'peripheral region of retina', 'ontology_term_id': 'UBERON:0013682', 'tissue_type': 'tissue'}	None	Single-cell transcriptomics of the human retinal pigment epithelium and choroid in health and macular degeneration	10.1073/pnas.1914143116	af8b241a-c72c-4470-b1a4-80e7336c6ab6	f8057c47-fcd8-4fcf-88b0-e2f930080f6e	10x 3' v3	age related macular degeneration 7;basal laminar drusen;cataract	None
rpe;photoreceptor	None	{'label': 'pigment epithelium of eye', 'ontology_term_id': 'UBERON:0007625', 'tissue_type': 'tissue'};{'label': 'retina', 'ontology_term_id': 'UBERON:0000966', 'tissue_type': 'tissue'}	None	Cell Types of the Human Retina and Its Organoids at Single-Cell Resolution	10.1016/j.cell.2020.08.013	ccfdcad0-7104-46b9-addf-fd66a2a15907	2f4c738f-e2f3-4553-9db2-0582a38ea4dc	10x 3' v2	normal	None
rpe;photoreceptor	None	{'label': 'retina', 'ontology_term_id': 'UBERON:0000966', 'tissue_type': 'organoid'}	None	Cell Types of the Human Retina and Its Organoids at Single-Cell Resolution	10.1016/j.cell.2020.08.013	7e7f63c5-d964-40be-83de-ecbcccafd233	2f4c738f-e2f3-4553-9db2-0582a38ea4dc	10x 3' v2	normal	None
rpe;photoreceptor	None	{'label': 'macula lutea', 'ontology_term_id': 'UBERON:0000053', 'tissue_type': 'tissue'};{'label': 'peripheral region of retina', 'ontology_term_id': 'UBERON:0013682', 'tissue_type': 'tissue'};{'label': 'retina', 'ontology_term_id': 'UBERON:0000966', 'tissue_type': 'tissue'}	None	Single Cell Multiome Atlas of the Human Fetal Retina	10.1038/s41467-024-50853-5	963a08cb-d995-4862-9614-f9d38a7d7540	5900dda8-2dc3-4770-b604-084eac1c2c82	10x multiome	normal	None
rpe;photoreceptor	None	{'label': 'anterior segment of eyeball', 'ontology_term_id': 'UBERON:0001801', 'tissue_type': 'tissue'};{'label': 'chorioretinal region', 'ontology_term_id': 'UBERON:0019207', 'tissue_type': 'tissue'};{'label': 'conjunctiva', 'ontology_term_id': 'UBERON:0001811', 'tissue_type': 'tissue'};{'label': 'cornea', 'ontology_term_id': 'UBERON:0000964', 'tissue_type': 'tissue'};{'label': 'eye', 'ontology_term_id': 'UBERON:0000970', 'tissue_type': 'tissue'};{'label': 'eyelid', 'ontology_term_id': 'UBERON:0001711', 'tissue_type': 'tissue'};{'label': 'lacrimal gland', 'ontology_term_id': 'UBERON:0001817', 'tissue_type': 'tissue'};{'label': 'ocular surface region', 'ontology_term_id': 'UBERON:0010409', 'tissue_type': 'tissue'};{'label': 'posterior segment of eyeball', 'ontology_term_id': 'UBERON:0001802', 'tissue_type': 'tissue'};{'label': 'retinal neural layer', 'ontology_term_id': 'UBERON:0003902', 'tissue_type': 'tissue'};{'label': 'sclera', 'ontology_term_id': 'UBERON:0001773', 'tissue_type': 'tissue'}	None	Tabula Sapiens	10.1126/science.abl4896	a0754256-f44b-4c4a-962c-a552e47d3fdc	e5f58829-1a66-40b5-a624-9046778e74f5	10x 3' v3;Smart-seq2	normal	None
rpe;photoreceptor	None	{'label': 'ciliary body', 'ontology_term_id': 'UBERON:0001775', 'tissue_type': 'tissue'};{'label': 'eye trabecular meshwork', 'ontology_term_id': 'UBERON:0005969', 'tissue_type': 'tissue'};{'label': 'uvea', 'ontology_term_id': 'UBERON:0001768', 'tissue_type': 'tissue'}	None	Single cell atlas of the human trabecular meshwork and ciliary body	10.64898/2026.06.17.732980	978a566a-dc27-478d-b306-26daba116c1f	0cbf8ef8-87bd-4b51-8521-ec3f68183e11	10x 3' v3	normal	None
rpe;photoreceptor	None	{'label': 'ciliary body', 'ontology_term_id': 'UBERON:0001775', 'tissue_type': 'tissue'};{'label': 'eye trabecular meshwork', 'ontology_term_id': 'UBERON:0005969', 'tissue_type': 'tissue'}	None	Single cell atlas of the human trabecular meshwork and ciliary body	10.64898/2026.06.17.732980	8560f809-5794-484e-9152-b63efa91d134	0cbf8ef8-87bd-4b51-8521-ec3f68183e11	10x 3' v2;10x 3' v3;10x 5' v2	normal	None
rpe;photoreceptor	None	{'label': 'cornea', 'ontology_term_id': 'UBERON:0000964', 'tissue_type': 'tissue'};{'label': 'corneal endothelium', 'ontology_term_id': 'UBERON:0001985', 'tissue_type': 'tissue'};{'label': 'corneal epithelium', 'ontology_term_id': 'UBERON:0001772', 'tissue_type': 'tissue'};{'label': 'corneo-scleral junction', 'ontology_term_id': 'UBERON:0006761', 'tissue_type': 'tissue'};{'label': 'ocular surface region', 'ontology_term_id': 'UBERON:0010409', 'tissue_type': 'tissue'};{'label': 'sclera', 'ontology_term_id': 'UBERON:0001773', 'tissue_type': 'tissue'};{'label': 'substantia propria of cornea', 'ontology_term_id': 'UBERON:0001777', 'tissue_type': 'tissue'};{'label': 'tunica fibrosa of eyeball', 'ontology_term_id': 'UBERON:0012430', 'tissue_type': 'tissue'}	None	Single cell atlas of the human ocular surface	None	8ef06ea4-8d0f-4303-a652-7d4604402b1f	0f7d022a-46c7-4e64-be4c-e34adbb78089	10x 3' v2;10x 3' v3;10x multiome	normal	None
rpe;photoreceptor	None	{'label': 'cornea', 'ontology_term_id': 'UBERON:0000964', 'tissue_type': 'tissue'};{'label': 'corneal endothelium', 'ontology_term_id': 'UBERON:0001985', 'tissue_type': 'tissue'};{'label': 'corneal epithelium', 'ontology_term_id': 'UBERON:0001772', 'tissue_type': 'tissue'};{'label': 'corneo-scleral junction', 'ontology_term_id': 'UBERON:0006761', 'tissue_type': 'tissue'};{'label': 'ocular surface region', 'ontology_term_id': 'UBERON:0010409', 'tissue_type': 'tissue'};{'label': 'sclera', 'ontology_term_id': 'UBERON:0001773', 'tissue_type': 'tissue'};{'label': 'substantia propria of cornea', 'ontology_term_id': 'UBERON:0001777', 'tissue_type': 'tissue'};{'label': 'tunica fibrosa of eyeball', 'ontology_term_id': 'UBERON:0012430', 'tissue_type': 'tissue'}	None	Single cell atlas of the human ocular surface	None	61adb974-beea-432e-9b4f-677d9cb22ece	0f7d022a-46c7-4e64-be4c-e34adbb78089	10x 3' v2;10x 3' v3	normal	None
rpe;photoreceptor	None	{'label': 'cornea', 'ontology_term_id': 'UBERON:0000964', 'tissue_type': 'tissue'};{'label': 'corneal epithelium', 'ontology_term_id': 'UBERON:0001772', 'tissue_type': 'tissue'};{'label': 'corneo-scleral junction', 'ontology_term_id': 'UBERON:0006761', 'tissue_type': 'tissue'};{'label': 'ocular surface region', 'ontology_term_id': 'UBERON:0010409', 'tissue_type': 'tissue'};{'label': 'sclera', 'ontology_term_id': 'UBERON:0001773', 'tissue_type': 'tissue'};{'label': 'substantia propria of cornea', 'ontology_term_id': 'UBERON:0001777', 'tissue_type': 'tissue'};{'label': 'tunica fibrosa of eyeball', 'ontology_term_id': 'UBERON:0012430', 'tissue_type': 'tissue'}	None	Single cell atlas of the human ocular surface	None	22875b17-dc4a-4870-8ca7-477a088ab898	0f7d022a-46c7-4e64-be4c-e34adbb78089	10x 3' v2;10x 3' v3	normal	None
rpe;photoreceptor	None	{'label': 'retinal pigment epithelial cell', 'ontology_term_id': 'CL:0002586', 'tissue_type': 'primary cell culture'}	None	HiPSC-derived retinal pigmented epithelium from healthy and AMD-GA donors	10.1038/s41467-022-31707-4	a41fb1c7-87d1-4840-a375-a1a6b3ab6737	a26f9885-1b18-410c-a8c2-955ec5bb2efc	10x 3' v3	age-related macular degeneration;normal	None
rpe;photoreceptor	None	{'label': 'retina', 'ontology_term_id': 'UBERON:0000966', 'tissue_type': 'tissue'}	None	A single-cell transcriptome atlas of the adult human retina	10.15252/embj.2018100811	d5c67a4e-a8d9-456d-a273-fa01adb1b308	3472f32d-4a33-48e2-aad5-666d4631bf4c	10x 3' v2	cataract;normal	None
rpe;photoreceptor	None	{'label': 'fovea centralis', 'ontology_term_id': 'UBERON:0001786', 'tissue_type': 'tissue'};{'label': 'perifoveal part of retina', 'ontology_term_id': 'UBERON:0018105', 'tissue_type': 'tissue'}	None	Human photoreceptor cells from different macular subregions have distinct transcriptional profiles	10.1093/hmg/ddab140	f5be9ed2-5d41-4a52-91e4-4ff24ff84900	e9c73b68-e980-49c2-8d0d-1c9cab21507e	10x 3' v3	macular degeneration;normal	None
rpe;photoreceptor	None	{'label': 'fovea centralis', 'ontology_term_id': 'UBERON:0001786', 'tissue_type': 'tissue'};{'label': 'macula lutea', 'ontology_term_id': 'UBERON:0000053', 'tissue_type': 'tissue'};{'label': 'macula lutea proper', 'ontology_term_id': 'UBERON:0002822', 'tissue_type': 'tissue'};{'label': 'peripheral region of retina', 'ontology_term_id': 'UBERON:0013682', 'tissue_type': 'tissue'}	None	Single cell atlas of the human retina	10.1038/s41588-025-02454-1	e404d417-56e4-40a5-b3c6-69e9f92d8cbd	4c6eaf5c-6d57-4c76-b1e9-60df8c655f1e	10x 3' v3	normal	None
rpe;photoreceptor	None	{'label': 'fovea centralis', 'ontology_term_id': 'UBERON:0001786', 'tissue_type': 'tissue'};{'label': 'macula lutea', 'ontology_term_id': 'UBERON:0000053', 'tissue_type': 'tissue'};{'label': 'macula lutea proper', 'ontology_term_id': 'UBERON:0002822', 'tissue_type': 'tissue'};{'label': 'peripheral region of retina', 'ontology_term_id': 'UBERON:0013682', 'tissue_type': 'tissue'}	None	Single cell atlas of the human retina	10.1038/s41588-025-02454-1	d6505c89-c43d-4c28-8c4f-7351a5fd5528	4c6eaf5c-6d57-4c76-b1e9-60df8c655f1e	10x 3' v3	normal	None
rpe;photoreceptor	None	{'label': 'chorioretinal region', 'ontology_term_id': 'UBERON:0019207', 'tissue_type': 'tissue'};{'label': 'fovea centralis', 'ontology_term_id': 'UBERON:0001786', 'tissue_type': 'tissue'};{'label': 'macula lutea proper', 'ontology_term_id': 'UBERON:0002822', 'tissue_type': 'tissue'};{'label': 'peripheral region of retina', 'ontology_term_id': 'UBERON:0013682', 'tissue_type': 'tissue'};{'label': 'retinal neural layer', 'ontology_term_id': 'UBERON:0003902', 'tissue_type': 'tissue'}	None	Single cell atlas of the human retina	10.1038/s41588-025-02454-1	be41a86a-b606-4b1c-8055-32f334898775	4c6eaf5c-6d57-4c76-b1e9-60df8c655f1e	10x 3' v2;10x 3' v3	normal	None
rpe;photoreceptor	None	{'label': 'fovea centralis', 'ontology_term_id': 'UBERON:0001786', 'tissue_type': 'tissue'};{'label': 'macula lutea', 'ontology_term_id': 'UBERON:0000053', 'tissue_type': 'tissue'};{'label': 'macula lutea proper', 'ontology_term_id': 'UBERON:0002822', 'tissue_type': 'tissue'};{'label': 'peripheral region of retina', 'ontology_term_id': 'UBERON:0013682', 'tissue_type': 'tissue'}	None	Single cell atlas of the human retina	10.1038/s41588-025-02454-1	975fd2d3-1982-47a1-9ef7-8cde3345f219	4c6eaf5c-6d57-4c76-b1e9-60df8c655f1e	10x 3' v3	normal	None
rpe;photoreceptor	None	{'label': 'fovea centralis', 'ontology_term_id': 'UBERON:0001786', 'tissue_type': 'tissue'};{'label': 'macula lutea', 'ontology_term_id': 'UBERON:0000053', 'tissue_type': 'tissue'};{'label': 'macula lutea proper', 'ontology_term_id': 'UBERON:0002822', 'tissue_type': 'tissue'};{'label': 'peripheral region of retina', 'ontology_term_id': 'UBERON:0013682', 'tissue_type': 'tissue'}	None	Single cell atlas of the human retina	10.1038/s41588-025-02454-1	95ce06a0-7de9-4ab2-bcd1-a6625f55e7e3	4c6eaf5c-6d57-4c76-b1e9-60df8c655f1e	10x 3' v3	normal	None
rpe;photoreceptor	None	{'label': 'fovea centralis', 'ontology_term_id': 'UBERON:0001786', 'tissue_type': 'tissue'};{'label': 'macula lutea', 'ontology_term_id': 'UBERON:0000053', 'tissue_type': 'tissue'};{'label': 'macula lutea proper', 'ontology_term_id': 'UBERON:0002822', 'tissue_type': 'tissue'};{'label': 'peripheral region of retina', 'ontology_term_id': 'UBERON:0013682', 'tissue_type': 'tissue'}	None	Single cell atlas of the human retina	10.1038/s41588-025-02454-1	8c0a3574-b0ad-4e4f-b5d3-d1a743b00d4a	4c6eaf5c-6d57-4c76-b1e9-60df8c655f1e	10x 3' v3	normal	None
rpe;photoreceptor	None	{'label': 'fovea centralis', 'ontology_term_id': 'UBERON:0001786', 'tissue_type': 'tissue'};{'label': 'macula lutea', 'ontology_term_id': 'UBERON:0000053', 'tissue_type': 'tissue'};{'label': 'macula lutea proper', 'ontology_term_id': 'UBERON:0002822', 'tissue_type': 'tissue'};{'label': 'peripheral region of retina', 'ontology_term_id': 'UBERON:0013682', 'tissue_type': 'tissue'}	None	Single cell atlas of the human retina	10.1038/s41588-025-02454-1	547b47fa-d4e4-439e-bace-5b3b0f45fa23	4c6eaf5c-6d57-4c76-b1e9-60df8c655f1e	10x 3' v3	normal	None
rpe;photoreceptor	None	{'label': 'chorioretinal region', 'ontology_term_id': 'UBERON:0019207', 'tissue_type': 'tissue'};{'label': 'fovea centralis', 'ontology_term_id': 'UBERON:0001786', 'tissue_type': 'tissue'};{'label': 'macula lutea proper', 'ontology_term_id': 'UBERON:0002822', 'tissue_type': 'tissue'};{'label': 'peripheral region of retina', 'ontology_term_id': 'UBERON:0013682', 'tissue_type': 'tissue'};{'label': 'retinal neural layer', 'ontology_term_id': 'UBERON:0003902', 'tissue_type': 'tissue'}	None	Single cell atlas of the human retina	10.1038/s41588-025-02454-1	459dc9de-9ab8-4e4d-ac44-182595b1c18b	4c6eaf5c-6d57-4c76-b1e9-60df8c655f1e	10x 3' v2;10x 3' v3	normal	None
rpe;photoreceptor;choroid_plexus	None	{'label': 'anterior segment of eyeball', 'ontology_term_id': 'UBERON:0001801', 'tissue_type': 'tissue'};{'label': 'ascending colon', 'ontology_term_id': 'UBERON:0001156', 'tissue_type': 'tissue'};{'label': 'cornea', 'ontology_term_id': 'UBERON:0000964', 'tissue_type': 'tissue'};{'label': 'duodenum', 'ontology_term_id': 'UBERON:0002114', 'tissue_type': 'tissue'};{'label': 'eye', 'ontology_term_id': 'UBERON:0000970', 'tissue_type': 'tissue'};{'label': 'heart', 'ontology_term_id': 'UBERON:0000948', 'tissue_type': 'tissue'};{'label': 'heart right ventricle', 'ontology_term_id': 'UBERON:0002080', 'tissue_type': 'tissue'};{'label': 'ileum', 'ontology_term_id': 'UBERON:0002116', 'tissue_type': 'tissue'};{'label': 'lacrimal gland', 'ontology_term_id': 'UBERON:0001817', 'tissue_type': 'tissue'};{'label': 'large intestine', 'ontology_term_id': 'UBERON:0000059', 'tissue_type': 'tissue'};{'label': 'posterior segment of eyeball', 'ontology_term_id': 'UBERON:0001802', 'tissue_type': 'tissue'};{'label': 'retinal neural layer', 'ontology_term_id': 'UBERON:0003902', 'tissue_type': 'tissue'};{'label': 'right cardiac atrium', 'ontology_term_id': 'UBERON:0002078', 'tissue_type': 'tissue'};{'label': 'sclera', 'ontology_term_id': 'UBERON:0001773', 'tissue_type': 'tissue'};{'label': 'sigmoid colon', 'ontology_term_id': 'UBERON:0001159', 'tissue_type': 'tissue'};{'label': 'small intestine', 'ontology_term_id': 'UBERON:0002108', 'tissue_type': 'tissue'}	None	Tabula Sapiens	10.1126/science.abl4896	6e4acdae-59ef-452b-a6d4-260cba368586	e5f58829-1a66-40b5-a624-9046778e74f5	10x 3' v3;Smart-seq2	normal	None
rpe;photoreceptor;spleen	None	{'label': 'adrenal gland', 'ontology_term_id': 'UBERON:0002369', 'tissue_type': 'tissue'};{'label': 'cerebellum', 'ontology_term_id': 'UBERON:0002037', 'tissue_type': 'tissue'};{'label': 'eye', 'ontology_term_id': 'UBERON:0000970', 'tissue_type': 'tissue'};{'label': 'heart', 'ontology_term_id': 'UBERON:0000948', 'tissue_type': 'tissue'};{'label': 'intestine', 'ontology_term_id': 'UBERON:0000160', 'tissue_type': 'tissue'};{'label': 'kidney', 'ontology_term_id': 'UBERON:0002113', 'tissue_type': 'tissue'};{'label': 'liver', 'ontology_term_id': 'UBERON:0002107', 'tissue_type': 'tissue'};{'label': 'lung', 'ontology_term_id': 'UBERON:0002048', 'tissue_type': 'tissue'};{'label': 'muscle organ', 'ontology_term_id': 'UBERON:0001630', 'tissue_type': 'tissue'};{'label': 'pancreas', 'ontology_term_id': 'UBERON:0001264', 'tissue_type': 'tissue'};{'label': 'placenta', 'ontology_term_id': 'UBERON:0001987', 'tissue_type': 'tissue'};{'label': 'spleen', 'ontology_term_id': 'UBERON:0002106', 'tissue_type': 'tissue'};{'label': 'stomach', 'ontology_term_id': 'UBERON:0000945', 'tissue_type': 'tissue'};{'label': 'telencephalon', 'ontology_term_id': 'UBERON:0001893', 'tissue_type': 'tissue'};{'label': 'thymus', 'ontology_term_id': 'UBERON:0002370', 'tissue_type': 'tissue'}	None	A human cell atlas of fetal gene expression	10.1126/science.aba7721	fa27492b-82ff-4ab7-ac61-0e2b184eee67	c114c20f-1ef4-49a5-9c2e-d965787fb90c	sci-RNA-seq3	normal;trisomy 18	None
rpe;photoreceptor;spleen	None	{'label': 'adrenal gland', 'ontology_term_id': 'UBERON:0002369', 'tissue_type': 'tissue'};{'label': 'cerebellum', 'ontology_term_id': 'UBERON:0002037', 'tissue_type': 'tissue'};{'label': 'eye', 'ontology_term_id': 'UBERON:0000970', 'tissue_type': 'tissue'};{'label': 'heart', 'ontology_term_id': 'UBERON:0000948', 'tissue_type': 'tissue'};{'label': 'intestine', 'ontology_term_id': 'UBERON:0000160', 'tissue_type': 'tissue'};{'label': 'kidney', 'ontology_term_id': 'UBERON:0002113', 'tissue_type': 'tissue'};{'label': 'liver', 'ontology_term_id': 'UBERON:0002107', 'tissue_type': 'tissue'};{'label': 'lung', 'ontology_term_id': 'UBERON:0002048', 'tissue_type': 'tissue'};{'label': 'muscle organ', 'ontology_term_id': 'UBERON:0001630', 'tissue_type': 'tissue'};{'label': 'pancreas', 'ontology_term_id': 'UBERON:0001264', 'tissue_type': 'tissue'};{'label': 'placenta', 'ontology_term_id': 'UBERON:0001987', 'tissue_type': 'tissue'};{'label': 'spleen', 'ontology_term_id': 'UBERON:0002106', 'tissue_type': 'tissue'};{'label': 'stomach', 'ontology_term_id': 'UBERON:0000945', 'tissue_type': 'tissue'};{'label': 'telencephalon', 'ontology_term_id': 'UBERON:0001893', 'tissue_type': 'tissue'};{'label': 'thymus', 'ontology_term_id': 'UBERON:0002370', 'tissue_type': 'tissue'}	None	A human cell atlas of fetal gene expression	10.1126/science.aba7721	f7c1c579-2dc0-47e2-ba19-8165c5a0e353	c114c20f-1ef4-49a5-9c2e-d965787fb90c	sci-RNA-seq3	normal;trisomy 18	None
sertoli	None	{'label': 'testis', 'ontology_term_id': 'UBERON:0000473', 'tissue_type': 'tissue'}	None	Tabula Sapiens	10.1126/science.abl4896	ec6ef004-5f30-4a40-b282-980cca20a561	e5f58829-1a66-40b5-a624-9046778e74f5	10x 3' v3	normal	None
sertoli	None	{'label': 'left ovary', 'ontology_term_id': 'UBERON:0002119', 'tissue_type': 'tissue'};{'label': 'ovary', 'ontology_term_id': 'UBERON:0000992', 'tissue_type': 'tissue'};{'label': 'right ovary', 'ontology_term_id': 'UBERON:0002118', 'tissue_type': 'tissue'};{'label': 'testis', 'ontology_term_id': 'UBERON:0000473', 'tissue_type': 'tissue'}	None	Tabula Sapiens	10.1126/science.abl4896	b806712d-18b0-454c-a0fe-9909159e07c7	e5f58829-1a66-40b5-a624-9046778e74f5	10x 3' v3;Smart-seq2	normal	None
sertoli	None	{'label': 'epididymis', 'ontology_term_id': 'UBERON:0001301', 'tissue_type': 'tissue'};{'label': 'mesonephros', 'ontology_term_id': 'UBERON:0000080', 'tissue_type': 'tissue'};{'label': 'testis', 'ontology_term_id': 'UBERON:0000473', 'tissue_type': 'tissue'}	None	Characterization of the human fetal gonad and reproductive tract by single-cell transcriptomics	10.1016/j.devcel.2024.01.006	43dc52cb-92eb-4256-b3a8-5ef220b3d292	222e800b-c9cb-4572-831d-48f8c2ef66b9	10x 3' v2;10x 3' v3	normal	None
spleen	None	{'label': 'bone marrow', 'ontology_term_id': 'UBERON:0002371', 'tissue_type': 'tissue'};{'label': 'gut wall', 'ontology_term_id': 'UBERON:0000328', 'tissue_type': 'tissue'};{'label': 'kidney', 'ontology_term_id': 'UBERON:0002113', 'tissue_type': 'tissue'};{'label': 'liver', 'ontology_term_id': 'UBERON:0002107', 'tissue_type': 'tissue'};{'label': 'mesenteric lymph node', 'ontology_term_id': 'UBERON:0002509', 'tissue_type': 'tissue'};{'label': 'skin of body', 'ontology_term_id': 'UBERON:0002097', 'tissue_type': 'tissue'};{'label': 'spleen', 'ontology_term_id': 'UBERON:0002106', 'tissue_type': 'tissue'};{'label': 'thymus', 'ontology_term_id': 'UBERON:0002370', 'tissue_type': 'tissue'};{'label': 'yolk sac', 'ontology_term_id': 'UBERON:0001040', 'tissue_type': 'tissue'}	None	Mapping the developing human immune system across organs	10.1126/science.abo0510	fd072bc3-2dfb-46f8-b4e3-467cb3223182	b1a879f6-5638-48d3-8f64-f6592c1b1561	10x 3' v2;10x 5' v1	normal	None
spleen	None	{'label': 'spleen', 'ontology_term_id': 'UBERON:0002106', 'tissue_type': 'tissue'}	None	Mapping the developing human immune system across organs	10.1126/science.abo0510	f1e4a73c-33ab-4564-bf92-742f8b286da6	b1a879f6-5638-48d3-8f64-f6592c1b1561	Visium Spatial Gene Expression V1	normal	None
spleen	None	{'label': 'bone marrow', 'ontology_term_id': 'UBERON:0002371', 'tissue_type': 'tissue'};{'label': 'gut wall', 'ontology_term_id': 'UBERON:0000328', 'tissue_type': 'tissue'};{'label': 'kidney', 'ontology_term_id': 'UBERON:0002113', 'tissue_type': 'tissue'};{'label': 'liver', 'ontology_term_id': 'UBERON:0002107', 'tissue_type': 'tissue'};{'label': 'mesenteric lymph node', 'ontology_term_id': 'UBERON:0002509', 'tissue_type': 'tissue'};{'label': 'skin of body', 'ontology_term_id': 'UBERON:0002097', 'tissue_type': 'tissue'};{'label': 'spleen', 'ontology_term_id': 'UBERON:0002106', 'tissue_type': 'tissue'};{'label': 'thymus', 'ontology_term_id': 'UBERON:0002370', 'tissue_type': 'tissue'};{'label': 'yolk sac', 'ontology_term_id': 'UBERON:0001040', 'tissue_type': 'tissue'}	None	Mapping the developing human immune system across organs	10.1126/science.abo0510	d0c12af4-c0e4-4c7b-873a-70752b449689	b1a879f6-5638-48d3-8f64-f6592c1b1561	10x 3' v2;10x 5' v1	normal	None
spleen	None	{'label': 'spleen', 'ontology_term_id': 'UBERON:0002106', 'tissue_type': 'tissue'}	None	Mapping the developing human immune system across organs	10.1126/science.abo0510	c4e2bde2-3c51-4d10-9fd6-053e212b4824	b1a879f6-5638-48d3-8f64-f6592c1b1561	Visium Spatial Gene Expression V1	normal	None
spleen	None	{'label': 'bone marrow', 'ontology_term_id': 'UBERON:0002371', 'tissue_type': 'tissue'};{'label': 'gut wall', 'ontology_term_id': 'UBERON:0000328', 'tissue_type': 'tissue'};{'label': 'kidney', 'ontology_term_id': 'UBERON:0002113', 'tissue_type': 'tissue'};{'label': 'liver', 'ontology_term_id': 'UBERON:0002107', 'tissue_type': 'tissue'};{'label': 'mesenteric lymph node', 'ontology_term_id': 'UBERON:0002509', 'tissue_type': 'tissue'};{'label': 'skin of body', 'ontology_term_id': 'UBERON:0002097', 'tissue_type': 'tissue'};{'label': 'spleen', 'ontology_term_id': 'UBERON:0002106', 'tissue_type': 'tissue'};{'label': 'thymus', 'ontology_term_id': 'UBERON:0002370', 'tissue_type': 'tissue'};{'label': 'yolk sac', 'ontology_term_id': 'UBERON:0001040', 'tissue_type': 'tissue'}	None	Mapping the developing human immune system across organs	10.1126/science.abo0510	aa633105-e8e5-4dcc-b72d-6da6c191b3e9	b1a879f6-5638-48d3-8f64-f6592c1b1561	10x 3' v2;10x 5' v1	normal	None
spleen	None	{'label': 'bone marrow', 'ontology_term_id': 'UBERON:0002371', 'tissue_type': 'tissue'};{'label': 'gut wall', 'ontology_term_id': 'UBERON:0000328', 'tissue_type': 'tissue'};{'label': 'kidney', 'ontology_term_id': 'UBERON:0002113', 'tissue_type': 'tissue'};{'label': 'liver', 'ontology_term_id': 'UBERON:0002107', 'tissue_type': 'tissue'};{'label': 'mesenteric lymph node', 'ontology_term_id': 'UBERON:0002509', 'tissue_type': 'tissue'};{'label': 'skin of body', 'ontology_term_id': 'UBERON:0002097', 'tissue_type': 'tissue'};{'label': 'spleen', 'ontology_term_id': 'UBERON:0002106', 'tissue_type': 'tissue'};{'label': 'thymus', 'ontology_term_id': 'UBERON:0002370', 'tissue_type': 'tissue'};{'label': 'yolk sac', 'ontology_term_id': 'UBERON:0001040', 'tissue_type': 'tissue'}	None	Mapping the developing human immune system across organs	10.1126/science.abo0510	804d9a85-665b-45c6-b204-13457fdcc7ac	b1a879f6-5638-48d3-8f64-f6592c1b1561	10x 3' v2;10x 5' v1	normal	None
spleen	None	{'label': 'bone marrow', 'ontology_term_id': 'UBERON:0002371', 'tissue_type': 'tissue'};{'label': 'gut wall', 'ontology_term_id': 'UBERON:0000328', 'tissue_type': 'tissue'};{'label': 'kidney', 'ontology_term_id': 'UBERON:0002113', 'tissue_type': 'tissue'};{'label': 'liver', 'ontology_term_id': 'UBERON:0002107', 'tissue_type': 'tissue'};{'label': 'mesenteric lymph node', 'ontology_term_id': 'UBERON:0002509', 'tissue_type': 'tissue'};{'label': 'skin of body', 'ontology_term_id': 'UBERON:0002097', 'tissue_type': 'tissue'};{'label': 'spleen', 'ontology_term_id': 'UBERON:0002106', 'tissue_type': 'tissue'};{'label': 'thymus', 'ontology_term_id': 'UBERON:0002370', 'tissue_type': 'tissue'};{'label': 'yolk sac', 'ontology_term_id': 'UBERON:0001040', 'tissue_type': 'tissue'}	None	Mapping the developing human immune system across organs	10.1126/science.abo0510	6a30bf44-c490-41ac-965b-0bb58432b10a	b1a879f6-5638-48d3-8f64-f6592c1b1561	10x 3' v2;10x 5' v1	normal	None
spleen	None	{'label': 'spleen', 'ontology_term_id': 'UBERON:0002106', 'tissue_type': 'tissue'}	None	Mapping the developing human immune system across organs	10.1126/science.abo0510	4ee03124-5782-4187-968a-c178f8b212e1	b1a879f6-5638-48d3-8f64-f6592c1b1561	Visium Spatial Gene Expression V1	normal	None
spleen	None	{'label': 'bone marrow', 'ontology_term_id': 'UBERON:0002371', 'tissue_type': 'tissue'};{'label': 'gut wall', 'ontology_term_id': 'UBERON:0000328', 'tissue_type': 'tissue'};{'label': 'kidney', 'ontology_term_id': 'UBERON:0002113', 'tissue_type': 'tissue'};{'label': 'liver', 'ontology_term_id': 'UBERON:0002107', 'tissue_type': 'tissue'};{'label': 'mesenteric lymph node', 'ontology_term_id': 'UBERON:0002509', 'tissue_type': 'tissue'};{'label': 'skin of body', 'ontology_term_id': 'UBERON:0002097', 'tissue_type': 'tissue'};{'label': 'spleen', 'ontology_term_id': 'UBERON:0002106', 'tissue_type': 'tissue'};{'label': 'thymus', 'ontology_term_id': 'UBERON:0002370', 'tissue_type': 'tissue'};{'label': 'yolk sac', 'ontology_term_id': 'UBERON:0001040', 'tissue_type': 'tissue'}	None	Mapping the developing human immune system across organs	10.1126/science.abo0510	48101fa2-1a63-4514-b892-53ea1d3a8657	b1a879f6-5638-48d3-8f64-f6592c1b1561	10x 3' v2;10x 5' v1	normal	None
spleen	None	{'label': 'spleen', 'ontology_term_id': 'UBERON:0002106', 'tissue_type': 'tissue'}	None	Mapping the developing human immune system across organs	10.1126/science.abo0510	41bc3efb-b4e1-4676-8cb9-3a128450d9e1	b1a879f6-5638-48d3-8f64-f6592c1b1561	Visium Spatial Gene Expression V1	normal	None
spleen	None	{'label': 'bone marrow', 'ontology_term_id': 'UBERON:0002371', 'tissue_type': 'tissue'};{'label': 'gut wall', 'ontology_term_id': 'UBERON:0000328', 'tissue_type': 'tissue'};{'label': 'kidney', 'ontology_term_id': 'UBERON:0002113', 'tissue_type': 'tissue'};{'label': 'liver', 'ontology_term_id': 'UBERON:0002107', 'tissue_type': 'tissue'};{'label': 'mesenteric lymph node', 'ontology_term_id': 'UBERON:0002509', 'tissue_type': 'tissue'};{'label': 'skin of body', 'ontology_term_id': 'UBERON:0002097', 'tissue_type': 'tissue'};{'label': 'spleen', 'ontology_term_id': 'UBERON:0002106', 'tissue_type': 'tissue'};{'label': 'thymus', 'ontology_term_id': 'UBERON:0002370', 'tissue_type': 'tissue'};{'label': 'yolk sac', 'ontology_term_id': 'UBERON:0001040', 'tissue_type': 'tissue'}	None	Mapping the developing human immune system across organs	10.1126/science.abo0510	3affa268-8a74-460a-ac9b-a984c0832469	b1a879f6-5638-48d3-8f64-f6592c1b1561	10x 3' v2;10x 5' v1	normal	None
spleen	None	{'label': 'bone marrow', 'ontology_term_id': 'UBERON:0002371', 'tissue_type': 'tissue'};{'label': 'gut wall', 'ontology_term_id': 'UBERON:0000328', 'tissue_type': 'tissue'};{'label': 'kidney', 'ontology_term_id': 'UBERON:0002113', 'tissue_type': 'tissue'};{'label': 'liver', 'ontology_term_id': 'UBERON:0002107', 'tissue_type': 'tissue'};{'label': 'mesenteric lymph node', 'ontology_term_id': 'UBERON:0002509', 'tissue_type': 'tissue'};{'label': 'skin of body', 'ontology_term_id': 'UBERON:0002097', 'tissue_type': 'tissue'};{'label': 'spleen', 'ontology_term_id': 'UBERON:0002106', 'tissue_type': 'tissue'};{'label': 'thymus', 'ontology_term_id': 'UBERON:0002370', 'tissue_type': 'tissue'};{'label': 'yolk sac', 'ontology_term_id': 'UBERON:0001040', 'tissue_type': 'tissue'}	None	Mapping the developing human immune system across organs	10.1126/science.abo0510	2aa1c93c-4ef3-4e9a-98e7-0bd37933953c	b1a879f6-5638-48d3-8f64-f6592c1b1561	10x 3' v2;10x 5' v1	normal	None
spleen	None	{'label': 'spleen', 'ontology_term_id': 'UBERON:0002106', 'tissue_type': 'tissue'}	None	scRNA-seq assessment of the human lung, spleen, and esophagus tissue stability after cold preservation	10.1186/s13059-019-1906-x	644a578d-ffdc-446b-9679-e7ab4c919c13	4d74781b-8186-4c9a-b659-ff4dc4601d91	10x 3' v2	normal	None
spleen	None	{'label': 'spleen', 'ontology_term_id': 'UBERON:0002106', 'tissue_type': 'tissue'}	None	Tabula Sapiens	10.1126/science.abl4896	cee11228-9f0b-4e57-afe2-cfe15ee56312	e5f58829-1a66-40b5-a624-9046778e74f5	10x 3' v3;10x 5' v2;Smart-seq2	normal	None
spleen	None	{'label': 'ascending colon', 'ontology_term_id': 'UBERON:0001156', 'tissue_type': 'tissue'};{'label': 'blood', 'ontology_term_id': 'UBERON:0000178', 'tissue_type': 'tissue'};{'label': 'caecum', 'ontology_term_id': 'UBERON:0001153', 'tissue_type': 'tissue'};{'label': 'caecum epithelium', 'ontology_term_id': 'UBERON:0005636', 'tissue_type': 'tissue'};{'label': 'colon', 'ontology_term_id': 'UBERON:0001155', 'tissue_type': 'tissue'};{'label': 'colonic epithelium', 'ontology_term_id': 'UBERON:0000397', 'tissue_type': 'tissue'};{'label': 'colorectal mucosa', 'ontology_term_id': 'UBERON:0013067', 'tissue_type': 'tissue'};{'label': 'colorectum', 'ontology_term_id': 'UBERON:0012652', 'tissue_type': 'tissue'};{'label': 'descending colon', 'ontology_term_id': 'UBERON:0001158', 'tissue_type': 'tissue'};{'label': 'hepatic cecum', 'ontology_term_id': 'UBERON:0012474', 'tissue_type': 'tissue'};{'label': 'hepatic flexure of colon', 'ontology_term_id': 'UBERON:0022277', 'tissue_type': 'tissue'};{'label': 'left colon', 'ontology_term_id': 'UBERON:0008971', 'tissue_type': 'tissue'};{'label': 'liver', 'ontology_term_id': 'UBERON:0002107', 'tissue_type': 'tissue'};{'label': 'lymph node', 'ontology_term_id': 'UBERON:0000029', 'tissue_type': 'tissue'};{'label': 'mesenteric lymph node', 'ontology_term_id': 'UBERON:0002509', 'tissue_type': 'tissue'};{'label': 'mucosa of transverse colon', 'ontology_term_id': 'UBERON:0004991', 'tissue_type': 'tissue'};{'label': 'rectosigmoid junction', 'ontology_term_id': 'UBERON:0036214', 'tissue_type': 'tissue'};{'label': 'rectum', 'ontology_term_id': 'UBERON:0001052', 'tissue_type': 'tissue'};{'label': 'right colon', 'ontology_term_id': 'UBERON:0008972', 'tissue_type': 'tissue'};{'label': 'sigmoid colon', 'ontology_term_id': 'UBERON:0001159', 'tissue_type': 'tissue'};{'label': 'splenic flexure of colon', 'ontology_term_id': 'UBERON:0022276', 'tissue_type': 'tissue'};{'label': 'transverse colon', 'ontology_term_id': 'UBERON:0001157', 'tissue_type': 'tissue'}	None	Single-cell integration and multi-modal profiling reveals phenotypes and spatial organization of neutrophils in colorectal cancer	10.1016/j.ccell.2025.12.003	05a8c945-bc12-414f-960d-a31943bbcdd1	3a844375-60ea-474b-adf1-98e76928baee	10x 3' v1;10x 3' v2;10x 3' v3;10x 5' transcription profiling;10x 5' v1;10x 5' v2;BD Rhapsody Whole Transcriptome Analysis;Fluidigm C1-based SMARTer library preparation;GEXSCOPE technology;Smart-seq2;TruDrop	colon adenocarcinoma;colon adenocarcinoma || mucinous adenocarcinoma;colon adenoma;colon adenoma || colorectal tubulovillous adenoma;colon adenoma || tubular adenoma;colon carcinoma;colon sessile serrated adenoma/polyp;colorectal adenocarcinoma;colorectal cancer;colorectal neoplasm;colorectal tubulovillous adenoma;hyperplastic polyp;metastasis from malignant tumor of colon;mucinous adenocarcinoma;normal;polyp of colon;rectum adenocarcinoma;tubular adenoma	None
spleen	None	{'label': 'blood', 'ontology_term_id': 'UBERON:0000178', 'tissue_type': 'tissue'};{'label': 'bone marrow', 'ontology_term_id': 'UBERON:0002371', 'tissue_type': 'tissue'};{'label': 'epithelial lining fluid', 'ontology_term_id': 'UBERON:0035963', 'tissue_type': 'tissue'};{'label': 'inguinal lymph node', 'ontology_term_id': 'UBERON:0001542', 'tissue_type': 'tissue'};{'label': 'jejunal epithelium', 'ontology_term_id': 'UBERON:0000400', 'tissue_type': 'tissue'};{'label': 'jejunum lamina propria', 'ontology_term_id': 'UBERON:8600034', 'tissue_type': 'tissue'};{'label': 'lung', 'ontology_term_id': 'UBERON:0002048', 'tissue_type': 'tissue'};{'label': 'mesenteric lymph node', 'ontology_term_id': 'UBERON:0002509', 'tissue_type': 'tissue'};{'label': 'spleen', 'ontology_term_id': 'UBERON:0002106', 'tissue_type': 'tissue'};{'label': 'thoracic lymph node', 'ontology_term_id': 'UBERON:0007644', 'tissue_type': 'tissue'}	None	Multimodal profiling reveals tissue-directed signatures of human immune cells altered with age	10.1038/s41590-025-02241-4	e3da8320-0b3c-4bae-ad55-a89eb59ca870	cc431242-35ea-41e1-a100-41e0dec2665b	10x 3' v3;10x 5' v2	normal	None
spleen	None	{'label': 'blood', 'ontology_term_id': 'UBERON:0000178', 'tissue_type': 'tissue'};{'label': 'bone marrow', 'ontology_term_id': 'UBERON:0002371', 'tissue_type': 'tissue'};{'label': 'epithelial lining fluid', 'ontology_term_id': 'UBERON:0035963', 'tissue_type': 'tissue'};{'label': 'inguinal lymph node', 'ontology_term_id': 'UBERON:0001542', 'tissue_type': 'tissue'};{'label': 'jejunal epithelium', 'ontology_term_id': 'UBERON:0000400', 'tissue_type': 'tissue'};{'label': 'jejunum lamina propria', 'ontology_term_id': 'UBERON:8600034', 'tissue_type': 'tissue'};{'label': 'lung', 'ontology_term_id': 'UBERON:0002048', 'tissue_type': 'tissue'};{'label': 'mesenteric lymph node', 'ontology_term_id': 'UBERON:0002509', 'tissue_type': 'tissue'};{'label': 'spleen', 'ontology_term_id': 'UBERON:0002106', 'tissue_type': 'tissue'};{'label': 'thoracic lymph node', 'ontology_term_id': 'UBERON:0007644', 'tissue_type': 'tissue'}	None	Multimodal profiling reveals tissue-directed signatures of human immune cells altered with age	10.1038/s41590-025-02241-4	960ecd06-e7c2-463d-9a5b-6832994376c6	cc431242-35ea-41e1-a100-41e0dec2665b	10x 3' v3;10x 5' v2	normal	None
spleen	None	{'label': 'blood', 'ontology_term_id': 'UBERON:0000178', 'tissue_type': 'tissue'};{'label': 'bone marrow', 'ontology_term_id': 'UBERON:0002371', 'tissue_type': 'tissue'};{'label': 'epithelial lining fluid', 'ontology_term_id': 'UBERON:0035963', 'tissue_type': 'tissue'};{'label': 'inguinal lymph node', 'ontology_term_id': 'UBERON:0001542', 'tissue_type': 'tissue'};{'label': 'jejunal epithelium', 'ontology_term_id': 'UBERON:0000400', 'tissue_type': 'tissue'};{'label': 'jejunum lamina propria', 'ontology_term_id': 'UBERON:8600034', 'tissue_type': 'tissue'};{'label': 'lung', 'ontology_term_id': 'UBERON:0002048', 'tissue_type': 'tissue'};{'label': 'mesenteric lymph node', 'ontology_term_id': 'UBERON:0002509', 'tissue_type': 'tissue'};{'label': 'spleen', 'ontology_term_id': 'UBERON:0002106', 'tissue_type': 'tissue'};{'label': 'thoracic lymph node', 'ontology_term_id': 'UBERON:0007644', 'tissue_type': 'tissue'}	None	Multimodal profiling reveals tissue-directed signatures of human immune cells altered with age	10.1038/s41590-025-02241-4	3f766409-fcd6-4553-99e8-259bc24a6be6	cc431242-35ea-41e1-a100-41e0dec2665b	10x 3' v3;10x 5' v2	normal	None
spleen	None	{'label': 'blood', 'ontology_term_id': 'UBERON:0000178', 'tissue_type': 'tissue'};{'label': 'bone marrow', 'ontology_term_id': 'UBERON:0002371', 'tissue_type': 'tissue'};{'label': 'colonic epithelium', 'ontology_term_id': 'UBERON:0000397', 'tissue_type': 'tissue'};{'label': 'epithelial lining fluid', 'ontology_term_id': 'UBERON:0035963', 'tissue_type': 'tissue'};{'label': 'inguinal lymph node', 'ontology_term_id': 'UBERON:0001542', 'tissue_type': 'tissue'};{'label': 'jejunal epithelium', 'ontology_term_id': 'UBERON:0000400', 'tissue_type': 'tissue'};{'label': 'jejunum lamina propria', 'ontology_term_id': 'UBERON:8600034', 'tissue_type': 'tissue'};{'label': 'lamina propria of mucosa of colon', 'ontology_term_id': 'UBERON:0007177', 'tissue_type': 'tissue'};{'label': 'liver', 'ontology_term_id': 'UBERON:0002107', 'tissue_type': 'tissue'};{'label': 'lung', 'ontology_term_id': 'UBERON:0002048', 'tissue_type': 'tissue'};{'label': 'mesenteric lymph node', 'ontology_term_id': 'UBERON:0002509', 'tissue_type': 'tissue'};{'label': 'skin of body', 'ontology_term_id': 'UBERON:0002097', 'tissue_type': 'tissue'};{'label': 'spleen', 'ontology_term_id': 'UBERON:0002106', 'tissue_type': 'tissue'};{'label': 'thoracic lymph node', 'ontology_term_id': 'UBERON:0007644', 'tissue_type': 'tissue'}	None	Multimodal profiling reveals tissue-directed signatures of human immune cells altered with age	10.1038/s41590-025-02241-4	1b350d0a-4535-4879-beb6-1142f3f94947	cc431242-35ea-41e1-a100-41e0dec2665b	10x 3' v3;10x 5' v2	normal	None
spleen	None	{'label': 'blood', 'ontology_term_id': 'UBERON:0000178', 'tissue_type': 'tissue'};{'label': 'bone marrow', 'ontology_term_id': 'UBERON:0002371', 'tissue_type': 'tissue'};{'label': 'epithelial lining fluid', 'ontology_term_id': 'UBERON:0035963', 'tissue_type': 'tissue'};{'label': 'inguinal lymph node', 'ontology_term_id': 'UBERON:0001542', 'tissue_type': 'tissue'};{'label': 'jejunal epithelium', 'ontology_term_id': 'UBERON:0000400', 'tissue_type': 'tissue'};{'label': 'jejunum lamina propria', 'ontology_term_id': 'UBERON:8600034', 'tissue_type': 'tissue'};{'label': 'lung', 'ontology_term_id': 'UBERON:0002048', 'tissue_type': 'tissue'};{'label': 'mesenteric lymph node', 'ontology_term_id': 'UBERON:0002509', 'tissue_type': 'tissue'};{'label': 'spleen', 'ontology_term_id': 'UBERON:0002106', 'tissue_type': 'tissue'};{'label': 'thoracic lymph node', 'ontology_term_id': 'UBERON:0007644', 'tissue_type': 'tissue'}	None	Multimodal profiling reveals tissue-directed signatures of human immune cells altered with age	10.1038/s41590-025-02241-4	11ae668a-88c2-4d86-ba08-524fe576a882	cc431242-35ea-41e1-a100-41e0dec2665b	10x 3' v3;10x 5' v2	normal	None
spleen	None	{'label': 'blood', 'ontology_term_id': 'UBERON:0000178', 'tissue_type': 'tissue'};{'label': 'bone marrow', 'ontology_term_id': 'UBERON:0002371', 'tissue_type': 'tissue'};{'label': 'caecum', 'ontology_term_id': 'UBERON:0001153', 'tissue_type': 'tissue'};{'label': 'duodenum', 'ontology_term_id': 'UBERON:0002114', 'tissue_type': 'tissue'};{'label': 'ileum', 'ontology_term_id': 'UBERON:0002116', 'tissue_type': 'tissue'};{'label': 'jejunal epithelium', 'ontology_term_id': 'UBERON:0000400', 'tissue_type': 'tissue'};{'label': 'jejunum lamina propria', 'ontology_term_id': 'UBERON:8600034', 'tissue_type': 'tissue'};{'label': 'liver', 'ontology_term_id': 'UBERON:0002107', 'tissue_type': 'tissue'};{'label': 'lung', 'ontology_term_id': 'UBERON:0002048', 'tissue_type': 'tissue'};{'label': 'mesenteric lymph node', 'ontology_term_id': 'UBERON:0002509', 'tissue_type': 'tissue'};{'label': 'omentum', 'ontology_term_id': 'UBERON:0003688', 'tissue_type': 'tissue'};{'label': 'sigmoid colon', 'ontology_term_id': 'UBERON:0001159', 'tissue_type': 'tissue'};{'label': 'skeletal muscle tissue', 'ontology_term_id': 'UBERON:0001134', 'tissue_type': 'tissue'};{'label': 'spleen', 'ontology_term_id': 'UBERON:0002106', 'tissue_type': 'tissue'};{'label': 'thoracic lymph node', 'ontology_term_id': 'UBERON:0007644', 'tissue_type': 'tissue'};{'label': 'thymus', 'ontology_term_id': 'UBERON:0002370', 'tissue_type': 'tissue'};{'label': 'transverse colon', 'ontology_term_id': 'UBERON:0001157', 'tissue_type': 'tissue'}	None	Cross-tissue immune cell analysis reveals tissue-specific features in humans	10.1126/science.abl5197	fe52003e-1460-4a65-a213-2bb1a508332f	62ef75e4-cbea-454e-a0ce-998ec40223d3	10x 3' v3;10x 5' v1;10x 5' v2	normal	None
spleen	None	{'label': 'blood', 'ontology_term_id': 'UBERON:0000178', 'tissue_type': 'tissue'};{'label': 'bone marrow', 'ontology_term_id': 'UBERON:0002371', 'tissue_type': 'tissue'};{'label': 'caecum', 'ontology_term_id': 'UBERON:0001153', 'tissue_type': 'tissue'};{'label': 'duodenum', 'ontology_term_id': 'UBERON:0002114', 'tissue_type': 'tissue'};{'label': 'ileum', 'ontology_term_id': 'UBERON:0002116', 'tissue_type': 'tissue'};{'label': 'jejunal epithelium', 'ontology_term_id': 'UBERON:0000400', 'tissue_type': 'tissue'};{'label': 'jejunum lamina propria', 'ontology_term_id': 'UBERON:8600034', 'tissue_type': 'tissue'};{'label': 'liver', 'ontology_term_id': 'UBERON:0002107', 'tissue_type': 'tissue'};{'label': 'lung', 'ontology_term_id': 'UBERON:0002048', 'tissue_type': 'tissue'};{'label': 'mesenteric lymph node', 'ontology_term_id': 'UBERON:0002509', 'tissue_type': 'tissue'};{'label': 'omentum', 'ontology_term_id': 'UBERON:0003688', 'tissue_type': 'tissue'};{'label': 'sigmoid colon', 'ontology_term_id': 'UBERON:0001159', 'tissue_type': 'tissue'};{'label': 'skeletal muscle tissue', 'ontology_term_id': 'UBERON:0001134', 'tissue_type': 'tissue'};{'label': 'spleen', 'ontology_term_id': 'UBERON:0002106', 'tissue_type': 'tissue'};{'label': 'thoracic lymph node', 'ontology_term_id': 'UBERON:0007644', 'tissue_type': 'tissue'};{'label': 'thymus', 'ontology_term_id': 'UBERON:0002370', 'tissue_type': 'tissue'};{'label': 'transverse colon', 'ontology_term_id': 'UBERON:0001157', 'tissue_type': 'tissue'}	None	Cross-tissue immune cell analysis reveals tissue-specific features in humans	10.1126/science.abl5197	ae29ebd0-1973-40a4-a6af-d15a5f77a80f	62ef75e4-cbea-454e-a0ce-998ec40223d3	10x 3' v3;10x 5' v1;10x 5' v2	normal	None
spleen	None	{'label': 'blood', 'ontology_term_id': 'UBERON:0000178', 'tissue_type': 'tissue'};{'label': 'bone marrow', 'ontology_term_id': 'UBERON:0002371', 'tissue_type': 'tissue'};{'label': 'caecum', 'ontology_term_id': 'UBERON:0001153', 'tissue_type': 'tissue'};{'label': 'duodenum', 'ontology_term_id': 'UBERON:0002114', 'tissue_type': 'tissue'};{'label': 'ileum', 'ontology_term_id': 'UBERON:0002116', 'tissue_type': 'tissue'};{'label': 'jejunal epithelium', 'ontology_term_id': 'UBERON:0000400', 'tissue_type': 'tissue'};{'label': 'jejunum lamina propria', 'ontology_term_id': 'UBERON:8600034', 'tissue_type': 'tissue'};{'label': 'liver', 'ontology_term_id': 'UBERON:0002107', 'tissue_type': 'tissue'};{'label': 'lung', 'ontology_term_id': 'UBERON:0002048', 'tissue_type': 'tissue'};{'label': 'mesenteric lymph node', 'ontology_term_id': 'UBERON:0002509', 'tissue_type': 'tissue'};{'label': 'omentum', 'ontology_term_id': 'UBERON:0003688', 'tissue_type': 'tissue'};{'label': 'sigmoid colon', 'ontology_term_id': 'UBERON:0001159', 'tissue_type': 'tissue'};{'label': 'skeletal muscle tissue', 'ontology_term_id': 'UBERON:0001134', 'tissue_type': 'tissue'};{'label': 'spleen', 'ontology_term_id': 'UBERON:0002106', 'tissue_type': 'tissue'};{'label': 'thoracic lymph node', 'ontology_term_id': 'UBERON:0007644', 'tissue_type': 'tissue'};{'label': 'thymus', 'ontology_term_id': 'UBERON:0002370', 'tissue_type': 'tissue'};{'label': 'transverse colon', 'ontology_term_id': 'UBERON:0001157', 'tissue_type': 'tissue'}	None	Cross-tissue immune cell analysis reveals tissue-specific features in humans	10.1126/science.abl5197	71be997d-ff75-41b9-8a9f-1288c865f921	62ef75e4-cbea-454e-a0ce-998ec40223d3	10x 3' v3;10x 5' v1;10x 5' v2	normal	None
spleen	None	{'label': 'blood', 'ontology_term_id': 'UBERON:0000178', 'tissue_type': 'tissue'};{'label': 'bone marrow', 'ontology_term_id': 'UBERON:0002371', 'tissue_type': 'tissue'};{'label': 'caecum', 'ontology_term_id': 'UBERON:0001153', 'tissue_type': 'tissue'};{'label': 'duodenum', 'ontology_term_id': 'UBERON:0002114', 'tissue_type': 'tissue'};{'label': 'ileum', 'ontology_term_id': 'UBERON:0002116', 'tissue_type': 'tissue'};{'label': 'jejunal epithelium', 'ontology_term_id': 'UBERON:0000400', 'tissue_type': 'tissue'};{'label': 'jejunum lamina propria', 'ontology_term_id': 'UBERON:8600034', 'tissue_type': 'tissue'};{'label': 'liver', 'ontology_term_id': 'UBERON:0002107', 'tissue_type': 'tissue'};{'label': 'lung', 'ontology_term_id': 'UBERON:0002048', 'tissue_type': 'tissue'};{'label': 'mesenteric lymph node', 'ontology_term_id': 'UBERON:0002509', 'tissue_type': 'tissue'};{'label': 'omentum', 'ontology_term_id': 'UBERON:0003688', 'tissue_type': 'tissue'};{'label': 'sigmoid colon', 'ontology_term_id': 'UBERON:0001159', 'tissue_type': 'tissue'};{'label': 'skeletal muscle tissue', 'ontology_term_id': 'UBERON:0001134', 'tissue_type': 'tissue'};{'label': 'spleen', 'ontology_term_id': 'UBERON:0002106', 'tissue_type': 'tissue'};{'label': 'thoracic lymph node', 'ontology_term_id': 'UBERON:0007644', 'tissue_type': 'tissue'};{'label': 'thymus', 'ontology_term_id': 'UBERON:0002370', 'tissue_type': 'tissue'};{'label': 'transverse colon', 'ontology_term_id': 'UBERON:0001157', 'tissue_type': 'tissue'}	None	Cross-tissue immune cell analysis reveals tissue-specific features in humans	10.1126/science.abl5197	1b9d8702-5af8-4142-85ed-020eb06ec4f6	62ef75e4-cbea-454e-a0ce-998ec40223d3	10x 3' v3;10x 5' v1;10x 5' v2	normal	None
spleen	None	{'label': 'jejunum', 'ontology_term_id': 'UBERON:0002115', 'tissue_type': 'tissue'};{'label': 'lung', 'ontology_term_id': 'UBERON:0002048', 'tissue_type': 'tissue'};{'label': 'mesenteric lymph node', 'ontology_term_id': 'UBERON:0002509', 'tissue_type': 'tissue'};{'label': 'spleen', 'ontology_term_id': 'UBERON:0002106', 'tissue_type': 'tissue'};{'label': 'thoracic lymph node', 'ontology_term_id': 'UBERON:0007644', 'tissue_type': 'tissue'}	None	Human γδ T cells in diverse tissues exhibit site-specific maturation dynamics across the lifespan	10.1126/sciimmunol.adn3954	5f4556b6-017e-49b3-b31c-c6e8e226c9fb	ec691f5f-0aac-433c-8f78-e7f4b85a05e0	10x 3' v3;10x 5' v2	normal	None
spleen	None	{'label': 'spleen', 'ontology_term_id': 'UBERON:0002106', 'tissue_type': 'tissue'}	None	Automatic cell-type harmonization and integration across Human Cell Atlas datasets	10.1016/j.cell.2023.11.026	72f4798d-ba94-48ec-be01-9bb8a1f11f56	854c0855-23ad-4362-8b77-6b1639e7a9fc	10x 3' v2;10x 3' v3;10x 5' transcription profiling;10x 5' v1;10x 5' v2;Smart-seq2	normal	None
urothelium	None	{'label': 'urinary bladder', 'ontology_term_id': 'UBERON:0001255', 'tissue_type': 'organoid'}	None	Determinants of Sensitivity to HER2-targeted Antibody Drug Conjugates in Urothelial Cancer	10.1038/s41467-025-67643-2	f0e0575d-d64d-4418-809e-60789bf6c155	8a05eaf6-5680-41f2-9be7-eddc383b178a	10x 3' v3	urinary bladder cancer	None
urothelium	None	{'label': 'urinary bladder', 'ontology_term_id': 'UBERON:0001255', 'tissue_type': 'organoid'}	None	Determinants of Sensitivity to HER2-targeted Antibody Drug Conjugates in Urothelial Cancer	10.1038/s41467-025-67643-2	e2094676-d4d5-400c-afa5-7ca3ec09025c	8a05eaf6-5680-41f2-9be7-eddc383b178a	10x 3' v3	urinary bladder cancer	None
urothelium	None	{'label': 'urinary bladder', 'ontology_term_id': 'UBERON:0001255', 'tissue_type': 'organoid'}	None	Determinants of Sensitivity to HER2-targeted Antibody Drug Conjugates in Urothelial Cancer	10.1038/s41467-025-67643-2	7ee4b15b-b543-4a8f-a602-ab0344729caf	8a05eaf6-5680-41f2-9be7-eddc383b178a	10x 3' v3	urinary bladder cancer	None
urothelium	None	{'label': 'urinary bladder', 'ontology_term_id': 'UBERON:0001255', 'tissue_type': 'organoid'}	None	Determinants of Sensitivity to HER2-targeted Antibody Drug Conjugates in Urothelial Cancer	10.1038/s41467-025-67643-2	670a9f65-363c-4bb1-a942-bf6d1edea179	8a05eaf6-5680-41f2-9be7-eddc383b178a	10x 3' v3	urinary bladder cancer	None
urothelium	None	{'label': 'urinary bladder', 'ontology_term_id': 'UBERON:0001255', 'tissue_type': 'organoid'}	None	Determinants of Sensitivity to HER2-targeted Antibody Drug Conjugates in Urothelial Cancer	10.1038/s41467-025-67643-2	024581e3-5375-4e33-8060-d8448694f556	8a05eaf6-5680-41f2-9be7-eddc383b178a	10x 3' v3	urinary bladder cancer	None
urothelium	None	{'label': 'abdomen', 'ontology_term_id': 'UBERON:0000916', 'tissue_type': 'tissue'};{'label': 'abdominal wall', 'ontology_term_id': 'UBERON:0003697', 'tissue_type': 'tissue'};{'label': 'adnexa of uterus', 'ontology_term_id': 'UBERON:0036292', 'tissue_type': 'tissue'};{'label': 'ascitic fluid', 'ontology_term_id': 'UBERON:0007795', 'tissue_type': 'tissue'};{'label': 'caecum', 'ontology_term_id': 'UBERON:0001153', 'tissue_type': 'tissue'};{'label': 'diaphragm', 'ontology_term_id': 'UBERON:0001103', 'tissue_type': 'tissue'};{'label': 'fallopian tube', 'ontology_term_id': 'UBERON:0003889', 'tissue_type': 'tissue'};{'label': 'intestine', 'ontology_term_id': 'UBERON:0000160', 'tissue_type': 'tissue'};{'label': 'large intestine', 'ontology_term_id': 'UBERON:0000059', 'tissue_type': 'tissue'};{'label': 'left ovary', 'ontology_term_id': 'UBERON:0002119', 'tissue_type': 'tissue'};{'label': 'liver', 'ontology_term_id': 'UBERON:0002107', 'tissue_type': 'tissue'};{'label': 'lymph node', 'ontology_term_id': 'UBERON:0000029', 'tissue_type': 'tissue'};{'label': 'omentum', 'ontology_term_id': 'UBERON:0003688', 'tissue_type': 'tissue'};{'label': 'paracolic gutter', 'ontology_term_id': 'UBERON:0035210', 'tissue_type': 'tissue'};{'label': 'parietal peritoneum', 'ontology_term_id': 'UBERON:0001366', 'tissue_type': 'tissue'};{'label': 'peritoneum', 'ontology_term_id': 'UBERON:0002358', 'tissue_type': 'tissue'};{'label': 'right ovary', 'ontology_term_id': 'UBERON:0002118', 'tissue_type': 'tissue'};{'label': 'transverse colon', 'ontology_term_id': 'UBERON:0001157', 'tissue_type': 'tissue'};{'label': 'urinary bladder', 'ontology_term_id': 'UBERON:0001255', 'tissue_type': 'tissue'}	None	MSK SPECTRUM – Ovarian cancer mutational processes drive site-specific immune evasion	10.1038/s41586-022-05496-1	e3a7e927-2632-4575-993d-d0905cd5da8b	4796c91c-9d8f-4692-be43-347b1727f9d8	10x 3' v3	malignant ovarian serous tumor	None
urothelium	None	{'label': 'abdomen', 'ontology_term_id': 'UBERON:0000916', 'tissue_type': 'tissue'};{'label': 'abdominal wall', 'ontology_term_id': 'UBERON:0003697', 'tissue_type': 'tissue'};{'label': 'adnexa of uterus', 'ontology_term_id': 'UBERON:0036292', 'tissue_type': 'tissue'};{'label': 'ascitic fluid', 'ontology_term_id': 'UBERON:0007795', 'tissue_type': 'tissue'};{'label': 'caecum', 'ontology_term_id': 'UBERON:0001153', 'tissue_type': 'tissue'};{'label': 'diaphragm', 'ontology_term_id': 'UBERON:0001103', 'tissue_type': 'tissue'};{'label': 'fallopian tube', 'ontology_term_id': 'UBERON:0003889', 'tissue_type': 'tissue'};{'label': 'intestine', 'ontology_term_id': 'UBERON:0000160', 'tissue_type': 'tissue'};{'label': 'large intestine', 'ontology_term_id': 'UBERON:0000059', 'tissue_type': 'tissue'};{'label': 'left ovary', 'ontology_term_id': 'UBERON:0002119', 'tissue_type': 'tissue'};{'label': 'liver', 'ontology_term_id': 'UBERON:0002107', 'tissue_type': 'tissue'};{'label': 'lymph node', 'ontology_term_id': 'UBERON:0000029', 'tissue_type': 'tissue'};{'label': 'omentum', 'ontology_term_id': 'UBERON:0003688', 'tissue_type': 'tissue'};{'label': 'paracolic gutter', 'ontology_term_id': 'UBERON:0035210', 'tissue_type': 'tissue'};{'label': 'parietal peritoneum', 'ontology_term_id': 'UBERON:0001366', 'tissue_type': 'tissue'};{'label': 'peritoneum', 'ontology_term_id': 'UBERON:0002358', 'tissue_type': 'tissue'};{'label': 'right ovary', 'ontology_term_id': 'UBERON:0002118', 'tissue_type': 'tissue'};{'label': 'transverse colon', 'ontology_term_id': 'UBERON:0001157', 'tissue_type': 'tissue'};{'label': 'urinary bladder', 'ontology_term_id': 'UBERON:0001255', 'tissue_type': 'tissue'}	None	MSK SPECTRUM – Ovarian cancer mutational processes drive site-specific immune evasion	10.1038/s41586-022-05496-1	b252b015-b488-4d5c-b16e-968c13e48a2c	4796c91c-9d8f-4692-be43-347b1727f9d8	10x 3' v3	malignant ovarian serous tumor	None
urothelium	None	{'label': 'abdomen', 'ontology_term_id': 'UBERON:0000916', 'tissue_type': 'tissue'};{'label': 'abdominal wall', 'ontology_term_id': 'UBERON:0003697', 'tissue_type': 'tissue'};{'label': 'adnexa of uterus', 'ontology_term_id': 'UBERON:0036292', 'tissue_type': 'tissue'};{'label': 'ascitic fluid', 'ontology_term_id': 'UBERON:0007795', 'tissue_type': 'tissue'};{'label': 'caecum', 'ontology_term_id': 'UBERON:0001153', 'tissue_type': 'tissue'};{'label': 'diaphragm', 'ontology_term_id': 'UBERON:0001103', 'tissue_type': 'tissue'};{'label': 'fallopian tube', 'ontology_term_id': 'UBERON:0003889', 'tissue_type': 'tissue'};{'label': 'intestine', 'ontology_term_id': 'UBERON:0000160', 'tissue_type': 'tissue'};{'label': 'large intestine', 'ontology_term_id': 'UBERON:0000059', 'tissue_type': 'tissue'};{'label': 'left ovary', 'ontology_term_id': 'UBERON:0002119', 'tissue_type': 'tissue'};{'label': 'liver', 'ontology_term_id': 'UBERON:0002107', 'tissue_type': 'tissue'};{'label': 'lymph node', 'ontology_term_id': 'UBERON:0000029', 'tissue_type': 'tissue'};{'label': 'omentum', 'ontology_term_id': 'UBERON:0003688', 'tissue_type': 'tissue'};{'label': 'paracolic gutter', 'ontology_term_id': 'UBERON:0035210', 'tissue_type': 'tissue'};{'label': 'parietal peritoneum', 'ontology_term_id': 'UBERON:0001366', 'tissue_type': 'tissue'};{'label': 'peritoneum', 'ontology_term_id': 'UBERON:0002358', 'tissue_type': 'tissue'};{'label': 'right ovary', 'ontology_term_id': 'UBERON:0002118', 'tissue_type': 'tissue'};{'label': 'transverse colon', 'ontology_term_id': 'UBERON:0001157', 'tissue_type': 'tissue'};{'label': 'urinary bladder', 'ontology_term_id': 'UBERON:0001255', 'tissue_type': 'tissue'}	None	MSK SPECTRUM – Ovarian cancer mutational processes drive site-specific immune evasion	10.1038/s41586-022-05496-1	97d9238c-1a39-4873-b0bb-963ec2d788e6	4796c91c-9d8f-4692-be43-347b1727f9d8	10x 3' v3	malignant ovarian serous tumor	None
urothelium	None	{'label': 'abdomen', 'ontology_term_id': 'UBERON:0000916', 'tissue_type': 'tissue'};{'label': 'abdominal wall', 'ontology_term_id': 'UBERON:0003697', 'tissue_type': 'tissue'};{'label': 'adnexa of uterus', 'ontology_term_id': 'UBERON:0036292', 'tissue_type': 'tissue'};{'label': 'ascitic fluid', 'ontology_term_id': 'UBERON:0007795', 'tissue_type': 'tissue'};{'label': 'caecum', 'ontology_term_id': 'UBERON:0001153', 'tissue_type': 'tissue'};{'label': 'diaphragm', 'ontology_term_id': 'UBERON:0001103', 'tissue_type': 'tissue'};{'label': 'fallopian tube', 'ontology_term_id': 'UBERON:0003889', 'tissue_type': 'tissue'};{'label': 'intestine', 'ontology_term_id': 'UBERON:0000160', 'tissue_type': 'tissue'};{'label': 'large intestine', 'ontology_term_id': 'UBERON:0000059', 'tissue_type': 'tissue'};{'label': 'left ovary', 'ontology_term_id': 'UBERON:0002119', 'tissue_type': 'tissue'};{'label': 'liver', 'ontology_term_id': 'UBERON:0002107', 'tissue_type': 'tissue'};{'label': 'lymph node', 'ontology_term_id': 'UBERON:0000029', 'tissue_type': 'tissue'};{'label': 'omentum', 'ontology_term_id': 'UBERON:0003688', 'tissue_type': 'tissue'};{'label': 'paracolic gutter', 'ontology_term_id': 'UBERON:0035210', 'tissue_type': 'tissue'};{'label': 'parietal peritoneum', 'ontology_term_id': 'UBERON:0001366', 'tissue_type': 'tissue'};{'label': 'peritoneum', 'ontology_term_id': 'UBERON:0002358', 'tissue_type': 'tissue'};{'label': 'right ovary', 'ontology_term_id': 'UBERON:0002118', 'tissue_type': 'tissue'};{'label': 'transverse colon', 'ontology_term_id': 'UBERON:0001157', 'tissue_type': 'tissue'};{'label': 'urinary bladder', 'ontology_term_id': 'UBERON:0001255', 'tissue_type': 'tissue'}	None	MSK SPECTRUM – Ovarian cancer mutational processes drive site-specific immune evasion	10.1038/s41586-022-05496-1	44c93f2b-dd66-4d15-81ef-de9394c76290	4796c91c-9d8f-4692-be43-347b1727f9d8	10x 3' v3	malignant ovarian serous tumor	None
urothelium	None	{'label': 'abdomen', 'ontology_term_id': 'UBERON:0000916', 'tissue_type': 'tissue'};{'label': 'abdominal wall', 'ontology_term_id': 'UBERON:0003697', 'tissue_type': 'tissue'};{'label': 'adnexa of uterus', 'ontology_term_id': 'UBERON:0036292', 'tissue_type': 'tissue'};{'label': 'ascitic fluid', 'ontology_term_id': 'UBERON:0007795', 'tissue_type': 'tissue'};{'label': 'caecum', 'ontology_term_id': 'UBERON:0001153', 'tissue_type': 'tissue'};{'label': 'diaphragm', 'ontology_term_id': 'UBERON:0001103', 'tissue_type': 'tissue'};{'label': 'fallopian tube', 'ontology_term_id': 'UBERON:0003889', 'tissue_type': 'tissue'};{'label': 'intestine', 'ontology_term_id': 'UBERON:0000160', 'tissue_type': 'tissue'};{'label': 'large intestine', 'ontology_term_id': 'UBERON:0000059', 'tissue_type': 'tissue'};{'label': 'left ovary', 'ontology_term_id': 'UBERON:0002119', 'tissue_type': 'tissue'};{'label': 'liver', 'ontology_term_id': 'UBERON:0002107', 'tissue_type': 'tissue'};{'label': 'lymph node', 'ontology_term_id': 'UBERON:0000029', 'tissue_type': 'tissue'};{'label': 'omentum', 'ontology_term_id': 'UBERON:0003688', 'tissue_type': 'tissue'};{'label': 'paracolic gutter', 'ontology_term_id': 'UBERON:0035210', 'tissue_type': 'tissue'};{'label': 'parietal peritoneum', 'ontology_term_id': 'UBERON:0001366', 'tissue_type': 'tissue'};{'label': 'peritoneum', 'ontology_term_id': 'UBERON:0002358', 'tissue_type': 'tissue'};{'label': 'right ovary', 'ontology_term_id': 'UBERON:0002118', 'tissue_type': 'tissue'};{'label': 'transverse colon', 'ontology_term_id': 'UBERON:0001157', 'tissue_type': 'tissue'};{'label': 'urinary bladder', 'ontology_term_id': 'UBERON:0001255', 'tissue_type': 'tissue'}	None	MSK SPECTRUM – Ovarian cancer mutational processes drive site-specific immune evasion	10.1038/s41586-022-05496-1	0caedec7-1c7d-4e79-aba2-50f6916e643f	4796c91c-9d8f-4692-be43-347b1727f9d8	10x 3' v3	malignant ovarian serous tumor	None
urothelium	None	{'label': 'cortex of kidney', 'ontology_term_id': 'UBERON:0001225', 'tissue_type': 'tissue'};{'label': 'kidney', 'ontology_term_id': 'UBERON:0002113', 'tissue_type': 'tissue'};{'label': 'kidney blood vessel', 'ontology_term_id': 'UBERON:0003517', 'tissue_type': 'tissue'};{'label': 'renal medulla', 'ontology_term_id': 'UBERON:0000362', 'tissue_type': 'tissue'};{'label': 'renal pelvis', 'ontology_term_id': 'UBERON:0001224', 'tissue_type': 'tissue'}	None	Single-cell transcriptomes from human kidneys reveal the cellular identity of renal tumors	10.1126/science.aat1699	105c7dad-0468-4628-a5be-2bb42c6a8ae4	125eef58-0f61-4963-9b08-53e851ab65fb	10x 3' v2	normal	None
urothelium	None	{'label': 'dome of urinary bladder', 'ontology_term_id': 'UBERON:8600049', 'tissue_type': 'tissue'};{'label': 'neck of urinary bladder', 'ontology_term_id': 'UBERON:0001258', 'tissue_type': 'tissue'};{'label': 'ureteral orifice', 'ontology_term_id': 'UBERON:0012303', 'tissue_type': 'tissue'};{'label': 'ureterovesical junction', 'ontology_term_id': 'UBERON:0009973', 'tissue_type': 'tissue'}	None	Exploring the Utility of snRNA-seq in Profiling Human Bladder Tissue: A Comprehensive Comparison with scRNA-seq	10.1016/j.isci.2024.111628	8e5978bd-0e48-4a09-a92d-fa2985059f05	0e54d4de-44f0-4d50-8649-b5c2bbe8f5d1	10x 3' v3	normal	None
urothelium	None	{'label': 'dome of urinary bladder', 'ontology_term_id': 'UBERON:8600049', 'tissue_type': 'tissue'};{'label': 'neck of urinary bladder', 'ontology_term_id': 'UBERON:0001258', 'tissue_type': 'tissue'};{'label': 'ureteral orifice', 'ontology_term_id': 'UBERON:0012303', 'tissue_type': 'tissue'};{'label': 'ureterovesical junction', 'ontology_term_id': 'UBERON:0009973', 'tissue_type': 'tissue'}	None	Exploring the Utility of snRNA-seq in Profiling Human Bladder Tissue: A Comprehensive Comparison with scRNA-seq	10.1016/j.isci.2024.111628	601c7454-17ff-432c-8e0d-902bfddb8013	0e54d4de-44f0-4d50-8649-b5c2bbe8f5d1	10x 3' v3	normal	None
urothelium	None	{'label': 'dome of urinary bladder', 'ontology_term_id': 'UBERON:8600049', 'tissue_type': 'tissue'};{'label': 'neck of urinary bladder', 'ontology_term_id': 'UBERON:0001258', 'tissue_type': 'tissue'};{'label': 'ureteral orifice', 'ontology_term_id': 'UBERON:0012303', 'tissue_type': 'tissue'};{'label': 'ureterovesical junction', 'ontology_term_id': 'UBERON:0009973', 'tissue_type': 'tissue'}	None	Exploring the Utility of snRNA-seq in Profiling Human Bladder Tissue: A Comprehensive Comparison with scRNA-seq	10.1016/j.isci.2024.111628	2dd9d7a2-4bee-4c3f-a1f5-89bc3271c4f0	0e54d4de-44f0-4d50-8649-b5c2bbe8f5d1	10x 3' v3	normal	None
urothelium	None	{'label': 'ureter', 'ontology_term_id': 'UBERON:0000056', 'tissue_type': 'tissue'}	None	Single-cell and spatial mapping Identify cell types and signaling Networks in the human ureter	10.1016/j.devcel.2022.07.004	54ea5aba-3413-4c6b-a925-b4f1635d6580	af286675-7167-4816-a907-c72d41b73d37	10x 3' v3	normal	None
urothelium	None	{'label': 'ureter', 'ontology_term_id': 'UBERON:0000056', 'tissue_type': 'tissue'}	None	Single-cell and spatial mapping Identify cell types and signaling Networks in the human ureter	10.1016/j.devcel.2022.07.004	5467c340-864c-4810-86ef-647039c07148	af286675-7167-4816-a907-c72d41b73d37	10x 3' v3	normal	None
urothelium	None	{'label': 'ureter', 'ontology_term_id': 'UBERON:0000056', 'tissue_type': 'tissue'}	None	Single-cell and spatial mapping Identify cell types and signaling Networks in the human ureter	10.1016/j.devcel.2022.07.004	3e524d45-2265-4440-b903-3c30d51a0b17	af286675-7167-4816-a907-c72d41b73d37	10x 3' v3	normal	None
urothelium	None	{'label': 'ureter', 'ontology_term_id': 'UBERON:0000056', 'tissue_type': 'tissue'}	None	Single-cell and spatial mapping Identify cell types and signaling Networks in the human ureter	10.1016/j.devcel.2022.07.004	305c1196-76b3-42d1-818f-2694d01dbd97	af286675-7167-4816-a907-c72d41b73d37	10x 3' v3	normal	None
urothelium	None	{'label': 'ureter', 'ontology_term_id': 'UBERON:0000056', 'tissue_type': 'organoid'};{'label': 'ureter', 'ontology_term_id': 'UBERON:0000056', 'tissue_type': 'tissue'}	None	Single-cell and spatial mapping Identify cell types and signaling Networks in the human ureter	10.1016/j.devcel.2022.07.004	12c3efd8-d515-42e6-b93c-4961e599d524	af286675-7167-4816-a907-c72d41b73d37	10x 3' v3	normal	None
urothelium	None	{'label': 'cortex of kidney', 'ontology_term_id': 'UBERON:0001225', 'tissue_type': 'tissue'};{'label': 'kidney', 'ontology_term_id': 'UBERON:0002113', 'tissue_type': 'tissue'};{'label': 'kidney blood vessel', 'ontology_term_id': 'UBERON:0003517', 'tissue_type': 'tissue'};{'label': 'renal medulla', 'ontology_term_id': 'UBERON:0000362', 'tissue_type': 'tissue'};{'label': 'renal pelvis', 'ontology_term_id': 'UBERON:0001224', 'tissue_type': 'tissue'}	None	Spatiotemporal immune zonation of the human kidney	10.1126/science.aat5031	9ea768a2-87ab-46b6-a73d-c4e915f25af3	120e86b4-1195-48c5-845b-b98054105eec	10x 3' v2	normal	None
urothelium	None	{'label': 'cortex of kidney', 'ontology_term_id': 'UBERON:0001225', 'tissue_type': 'tissue'};{'label': 'kidney', 'ontology_term_id': 'UBERON:0002113', 'tissue_type': 'tissue'};{'label': 'kidney blood vessel', 'ontology_term_id': 'UBERON:0003517', 'tissue_type': 'tissue'};{'label': 'renal medulla', 'ontology_term_id': 'UBERON:0000362', 'tissue_type': 'tissue'};{'label': 'renal pelvis', 'ontology_term_id': 'UBERON:0001224', 'tissue_type': 'tissue'}	None	Spatiotemporal immune zonation of the human kidney	10.1126/science.aat5031	2fc9c59f-3cfd-48d9-9b23-e369ea31bff3	120e86b4-1195-48c5-845b-b98054105eec	10x 3' v2	normal	None
urothelium	None	{'label': 'cortex of kidney', 'ontology_term_id': 'UBERON:0001225', 'tissue_type': 'tissue'};{'label': 'kidney', 'ontology_term_id': 'UBERON:0002113', 'tissue_type': 'tissue'};{'label': 'kidney blood vessel', 'ontology_term_id': 'UBERON:0003517', 'tissue_type': 'tissue'};{'label': 'renal medulla', 'ontology_term_id': 'UBERON:0000362', 'tissue_type': 'tissue'};{'label': 'renal pelvis', 'ontology_term_id': 'UBERON:0001224', 'tissue_type': 'tissue'}	None	Spatiotemporal immune zonation of the human kidney	10.1126/science.aat5031	20d87640-4be8-487f-93d4-dce38378d00f	120e86b4-1195-48c5-845b-b98054105eec	10x 3' v2	normal	None
urothelium	None	{'label': 'bladder organ', 'ontology_term_id': 'UBERON:0018707', 'tissue_type': 'tissue'}	None	Tabula Sapiens	10.1126/science.abl4896	e5c63d94-593c-4338-a489-e1048599e751	e5f58829-1a66-40b5-a624-9046778e74f5	10x 3' v3;Smart-seq2	normal	None
urothelium	None	{'label': 'alveolar sac', 'ontology_term_id': 'UBERON:0002169', 'tissue_type': 'organoid'};{'label': 'biliary system', 'ontology_term_id': 'UBERON:0002294', 'tissue_type': 'organoid'};{'label': 'bronchus', 'ontology_term_id': 'UBERON:0002185', 'tissue_type': 'organoid'};{'label': 'colon', 'ontology_term_id': 'UBERON:0001155', 'tissue_type': 'organoid'};{'label': 'common bile duct', 'ontology_term_id': 'UBERON:0001174', 'tissue_type': 'organoid'};{'label': 'corpus', 'ontology_term_id': 'UBERON:3000645', 'tissue_type': 'organoid'};{'label': 'duodenum', 'ontology_term_id': 'UBERON:0002114', 'tissue_type': 'organoid'};{'label': 'gallbladder', 'ontology_term_id': 'UBERON:0002110', 'tissue_type': 'organoid'};{'label': 'ileum', 'ontology_term_id': 'UBERON:0002116', 'tissue_type': 'organoid'};{'label': 'intestine', 'ontology_term_id': 'UBERON:0000160', 'tissue_type': 'organoid'};{'label': 'intrahepatic bile duct', 'ontology_term_id': 'UBERON:0003704', 'tissue_type': 'organoid'};{'label': 'liver', 'ontology_term_id': 'UBERON:0002107', 'tissue_type': 'organoid'};{'label': 'lung', 'ontology_term_id': 'UBERON:0002048', 'tissue_type': 'organoid'};{'label': 'lung epithelium', 'ontology_term_id': 'UBERON:0000115', 'tissue_type': 'organoid'};{'label': 'nasopharynx', 'ontology_term_id': 'UBERON:0001728', 'tissue_type': 'organoid'};{'label': 'pancreas', 'ontology_term_id': 'UBERON:0001264', 'tissue_type': 'organoid'};{'label': 'prostate gland', 'ontology_term_id': 'UBERON:0002367', 'tissue_type': 'organoid'};{'label': 'pyloric antrum', 'ontology_term_id': 'UBERON:0001165', 'tissue_type': 'organoid'};{'label': 'salivary gland epithelium', 'ontology_term_id': 'UBERON:0004809', 'tissue_type': 'organoid'};{'label': 'stomach', 'ontology_term_id': 'UBERON:0000945', 'tissue_type': 'organoid'};{'label': 'thyroid gland', 'ontology_term_id': 'UBERON:0002046', 'tissue_type': 'organoid'}	None	Integrated human endoderm-derived organoids cell atlas (HEOCA)	10.1038/s41588-025-02182-6	6725ee8e-ef5b-4e68-8901-61bd14a1fe73	6282a908-f162-44a2-99a3-8a942e4271b2	10x 3' v2;10x 3' v3;10x 5' v1;10x multiome;CEL-seq2;SORT-seq;Seq-Well S3;Smart-seq	normal	None
urothelium	None	{'label': 'dome of urinary bladder', 'ontology_term_id': 'UBERON:8600049', 'tissue_type': 'tissue'};{'label': 'neck of urinary bladder', 'ontology_term_id': 'UBERON:0001258', 'tissue_type': 'tissue'};{'label': 'ureteral orifice', 'ontology_term_id': 'UBERON:0012303', 'tissue_type': 'tissue'};{'label': 'ureterovesical junction', 'ontology_term_id': 'UBERON:0009973', 'tissue_type': 'tissue'}	None	A poly(A) isoform–aware single-cell and spatial atlas defines fibroblast niches in the human bladder	10.64898/2025.12.18.695268	fb5eeccf-3c2a-473c-b6e3-7a1dda18d42d	afd343f4-bb60-4632-9902-73a4a1ff1557	10x 3' v3	normal	None
urothelium	None	{'label': 'cortex of kidney', 'ontology_term_id': 'UBERON:0001225', 'tissue_type': 'tissue'};{'label': 'kidney', 'ontology_term_id': 'UBERON:0002113', 'tissue_type': 'tissue'};{'label': 'renal medulla', 'ontology_term_id': 'UBERON:0000362', 'tissue_type': 'tissue'};{'label': 'renal papilla', 'ontology_term_id': 'UBERON:0001228', 'tissue_type': 'tissue'};{'label': 'renal pelvis', 'ontology_term_id': 'UBERON:0001224', 'tissue_type': 'tissue'}	None	Automatic cell-type harmonization and integration across Human Cell Atlas datasets	10.1016/j.cell.2023.11.026	f95d8919-1f2a-405f-8776-bfecc0ab0f3f	854c0855-23ad-4362-8b77-6b1639e7a9fc	10x 3' v2;10x 3' v3;10x 5' v1	normal	None
urothelium;rpe;photoreceptor;sertoli;choroid_plexus	None	{'label': 'anterior part of tongue', 'ontology_term_id': 'UBERON:0010032', 'tissue_type': 'tissue'};{'label': 'anterior segment of eyeball', 'ontology_term_id': 'UBERON:0001801', 'tissue_type': 'tissue'};{'label': 'ascending colon', 'ontology_term_id': 'UBERON:0001156', 'tissue_type': 'tissue'};{'label': 'bladder organ', 'ontology_term_id': 'UBERON:0018707', 'tissue_type': 'tissue'};{'label': 'buccal mucosa', 'ontology_term_id': 'UBERON:0006956', 'tissue_type': 'tissue'};{'label': 'cardiac atrium', 'ontology_term_id': 'UBERON:0002081', 'tissue_type': 'tissue'};{'label': 'cardiac ventricle', 'ontology_term_id': 'UBERON:0002082', 'tissue_type': 'tissue'};{'label': 'chorioretinal region', 'ontology_term_id': 'UBERON:0019207', 'tissue_type': 'tissue'};{'label': 'conjunctiva', 'ontology_term_id': 'UBERON:0001811', 'tissue_type': 'tissue'};{'label': 'cornea', 'ontology_term_id': 'UBERON:0000964', 'tissue_type': 'tissue'};{'label': 'cortex of kidney', 'ontology_term_id': 'UBERON:0001225', 'tissue_type': 'tissue'};{'label': 'crista ampullaris', 'ontology_term_id': 'UBERON:0004721', 'tissue_type': 'tissue'};{'label': 'duodenum', 'ontology_term_id': 'UBERON:0002114', 'tissue_type': 'tissue'};{'label': 'endocrine pancreas', 'ontology_term_id': 'UBERON:0000016', 'tissue_type': 'tissue'};{'label': 'endometrium', 'ontology_term_id': 'UBERON:0001295', 'tissue_type': 'tissue'};{'label': 'exocrine pancreas', 'ontology_term_id': 'UBERON:0000017', 'tissue_type': 'tissue'};{'label': 'eye', 'ontology_term_id': 'UBERON:0000970', 'tissue_type': 'tissue'};{'label': 'eyelid', 'ontology_term_id': 'UBERON:0001711', 'tissue_type': 'tissue'};{'label': 'heart', 'ontology_term_id': 'UBERON:0000948', 'tissue_type': 'tissue'};{'label': 'heart right ventricle', 'ontology_term_id': 'UBERON:0002080', 'tissue_type': 'tissue'};{'label': 'ileum', 'ontology_term_id': 'UBERON:0002116', 'tissue_type': 'tissue'};{'label': 'jejunum', 'ontology_term_id': 'UBERON:0002115', 'tissue_type': 'tissue'};{'label': 'kidney', 'ontology_term_id': 'UBERON:0002113', 'tissue_type': 'tissue'};{'label': 'lacrimal gland', 'ontology_term_id': 'UBERON:0001817', 'tissue_type': 'tissue'};{'label': 'large intestine', 'ontology_term_id': 'UBERON:0000059', 'tissue_type': 'tissue'};{'label': 'left ovary', 'ontology_term_id': 'UBERON:0002119', 'tissue_type': 'tissue'};{'label': 'liver', 'ontology_term_id': 'UBERON:0002107', 'tissue_type': 'tissue'};{'label': 'lung', 'ontology_term_id': 'UBERON:0002048', 'tissue_type': 'tissue'};{'label': 'mammary gland', 'ontology_term_id': 'UBERON:0001911', 'tissue_type': 'tissue'};{'label': 'mucosa of stomach', 'ontology_term_id': 'UBERON:0001199', 'tissue_type': 'tissue'};{'label': 'muscle of abdomen', 'ontology_term_id': 'UBERON:0002378', 'tissue_type': 'tissue'};{'label': 'muscle of pelvic diaphragm', 'ontology_term_id': 'UBERON:0008612', 'tissue_type': 'tissue'};{'label': 'myometrium', 'ontology_term_id': 'UBERON:0001296', 'tissue_type': 'tissue'};{'label': 'ocular surface region', 'ontology_term_id': 'UBERON:0010409', 'tissue_type': 'tissue'};{'label': 'ovary', 'ontology_term_id': 'UBERON:0000992', 'tissue_type': 'tissue'};{'label': 'parotid gland', 'ontology_term_id': 'UBERON:0001831', 'tissue_type': 'tissue'};{'label': 'posterior part of tongue', 'ontology_term_id': 'UBERON:0010033', 'tissue_type': 'tissue'};{'label': 'posterior segment of eyeball', 'ontology_term_id': 'UBERON:0001802', 'tissue_type': 'tissue'};{'label': 'prostate gland', 'ontology_term_id': 'UBERON:0002367', 'tissue_type': 'tissue'};{'label': 'right ovary', 'ontology_term_id': 'UBERON:0002118', 'tissue_type': 'tissue'};{'label': 'sclera', 'ontology_term_id': 'UBERON:0001773', 'tissue_type': 'tissue'};{'label': 'sigmoid colon', 'ontology_term_id': 'UBERON:0001159', 'tissue_type': 'tissue'};{'label': 'skin of abdomen', 'ontology_term_id': 'UBERON:0001416', 'tissue_type': 'tissue'};{'label': 'skin of body', 'ontology_term_id': 'UBERON:0002097', 'tissue_type': 'tissue'};{'label': 'skin of chest', 'ontology_term_id': 'UBERON:0001868', 'tissue_type': 'tissue'};{'label': 'small intestine', 'ontology_term_id': 'UBERON:0002108', 'tissue_type': 'tissue'};{'label': 'stomach', 'ontology_term_id': 'UBERON:0000945', 'tissue_type': 'tissue'};{'label': 'stomach smooth muscle', 'ontology_term_id': 'UBERON:0004222', 'tissue_type': 'tissue'};{'label': 'sublingual gland', 'ontology_term_id': 'UBERON:0001832', 'tissue_type': 'tissue'};{'label': 'submandibular gland', 'ontology_term_id': 'UBERON:0001736', 'tissue_type': 'tissue'};{'label': 'testis', 'ontology_term_id': 'UBERON:0000473', 'tissue_type': 'tissue'};{'label': 'thymus', 'ontology_term_id': 'UBERON:0002370', 'tissue_type': 'tissue'};{'label': 'tongue', 'ontology_term_id': 'UBERON:0001723', 'tissue_type': 'tissue'};{'label': 'trachea', 'ontology_term_id': 'UBERON:0003126', 'tissue_type': 'tissue'};{'label': 'uterus', 'ontology_term_id': 'UBERON:0000995', 'tissue_type': 'tissue'};{'label': 'utricle of membranous labyrinth', 'ontology_term_id': 'UBERON:0001853', 'tissue_type': 'tissue'}	None	Tabula Sapiens	10.1126/science.abl4896	97a17473-e2b1-4f31-a544-44a60773e2dd	e5f58829-1a66-40b5-a624-9046778e74f5	10x 3' v3;10x 5' v2;Smart-seq2	normal	None
urothelium;rpe;photoreceptor;sertoli;choroid_plexus;spleen	None	{'label': 'adipose tissue', 'ontology_term_id': 'UBERON:0001013', 'tissue_type': 'tissue'};{'label': 'adrenal gland', 'ontology_term_id': 'UBERON:0002369', 'tissue_type': 'tissue'};{'label': 'artery', 'ontology_term_id': 'UBERON:0001637', 'tissue_type': 'tissue'};{'label': 'ascending colon', 'ontology_term_id': 'UBERON:0001156', 'tissue_type': 'tissue'};{'label': 'bladder organ', 'ontology_term_id': 'UBERON:0018707', 'tissue_type': 'tissue'};{'label': 'blood', 'ontology_term_id': 'UBERON:0000178', 'tissue_type': 'tissue'};{'label': 'bone marrow', 'ontology_term_id': 'UBERON:0002371', 'tissue_type': 'tissue'};{'label': 'brain', 'ontology_term_id': 'UBERON:0000955', 'tissue_type': 'tissue'};{'label': 'cerebellum', 'ontology_term_id': 'UBERON:0002037', 'tissue_type': 'tissue'};{'label': 'chorionic villus', 'ontology_term_id': 'UBERON:0007106', 'tissue_type': 'tissue'};{'label': 'duodenum', 'ontology_term_id': 'UBERON:0002114', 'tissue_type': 'tissue'};{'label': 'embryonic stem cell', 'ontology_term_id': 'CL:0002322', 'tissue_type': 'primary cell culture'};{'label': 'esophagus', 'ontology_term_id': 'UBERON:0001043', 'tissue_type': 'tissue'};{'label': 'eye', 'ontology_term_id': 'UBERON:0000970', 'tissue_type': 'tissue'};{'label': 'fallopian tube', 'ontology_term_id': 'UBERON:0003889', 'tissue_type': 'tissue'};{'label': 'gallbladder', 'ontology_term_id': 'UBERON:0002110', 'tissue_type': 'tissue'};{'label': 'heart', 'ontology_term_id': 'UBERON:0000948', 'tissue_type': 'tissue'};{'label': 'ileum', 'ontology_term_id': 'UBERON:0002116', 'tissue_type': 'tissue'};{'label': 'intestine', 'ontology_term_id': 'UBERON:0000160', 'tissue_type': 'tissue'};{'label': 'jejunum', 'ontology_term_id': 'UBERON:0002115', 'tissue_type': 'tissue'};{'label': 'kidney', 'ontology_term_id': 'UBERON:0002113', 'tissue_type': 'tissue'};{'label': 'liver', 'ontology_term_id': 'UBERON:0002107', 'tissue_type': 'tissue'};{'label': 'lung', 'ontology_term_id': 'UBERON:0002048', 'tissue_type': 'tissue'};{'label': 'muscle organ', 'ontology_term_id': 'UBERON:0001630', 'tissue_type': 'tissue'};{'label': 'omentum', 'ontology_term_id': 'UBERON:0003688', 'tissue_type': 'tissue'};{'label': 'ovary', 'ontology_term_id': 'UBERON:0000992', 'tissue_type': 'tissue'};{'label': 'pancreas', 'ontology_term_id': 'UBERON:0001264', 'tissue_type': 'tissue'};{'label': 'placenta', 'ontology_term_id': 'UBERON:0001987', 'tissue_type': 'tissue'};{'label': 'pleura', 'ontology_term_id': 'UBERON:0000977', 'tissue_type': 'tissue'};{'label': 'prostate gland', 'ontology_term_id': 'UBERON:0002367', 'tissue_type': 'tissue'};{'label': 'rectum', 'ontology_term_id': 'UBERON:0001052', 'tissue_type': 'tissue'};{'label': 'rib', 'ontology_term_id': 'UBERON:0002228', 'tissue_type': 'tissue'};{'label': 'sigmoid colon', 'ontology_term_id': 'UBERON:0001159', 'tissue_type': 'tissue'};{'label': 'skin of body', 'ontology_term_id': 'UBERON:0002097', 'tissue_type': 'tissue'};{'label': 'spinal cord', 'ontology_term_id': 'UBERON:0002240', 'tissue_type': 'tissue'};{'label': 'spleen', 'ontology_term_id': 'UBERON:0002106', 'tissue_type': 'tissue'};{'label': 'stomach', 'ontology_term_id': 'UBERON:0000945', 'tissue_type': 'tissue'};{'label': 'temporal lobe', 'ontology_term_id': 'UBERON:0001871', 'tissue_type': 'tissue'};{'label': 'testis', 'ontology_term_id': 'UBERON:0000473', 'tissue_type': 'tissue'};{'label': 'thymus', 'ontology_term_id': 'UBERON:0002370', 'tissue_type': 'tissue'};{'label': 'thyroid gland', 'ontology_term_id': 'UBERON:0002046', 'tissue_type': 'tissue'};{'label': 'trachea', 'ontology_term_id': 'UBERON:0003126', 'tissue_type': 'tissue'};{'label': 'transverse colon', 'ontology_term_id': 'UBERON:0001157', 'tissue_type': 'tissue'};{'label': 'umbilical cord blood', 'ontology_term_id': 'UBERON:0012168', 'tissue_type': 'tissue'};{'label': 'ureter', 'ontology_term_id': 'UBERON:0000056', 'tissue_type': 'tissue'};{'label': 'uterine cervix', 'ontology_term_id': 'UBERON:0000002', 'tissue_type': 'tissue'};{'label': 'uterus', 'ontology_term_id': 'UBERON:0000995', 'tissue_type': 'tissue'};{'label': 'vault of skull', 'ontology_term_id': 'UBERON:0004339', 'tissue_type': 'tissue'};{'label': 'vermiform appendix', 'ontology_term_id': 'UBERON:0001154', 'tissue_type': 'tissue'}	None	Construction of a human cell landscape at single-cell level	10.1038/s41586-020-2157-4	2adb1f8a-a6b1-4909-8ee8-484814e2d4bf	38833785-fac5-48fd-944a-0f62a4c23ed1	microwell-seq	normal	None
urothelium;rpe;photoreceptor;sertoli;choroid_plexus;spleen	None	{'label': 'abdominal aorta', 'ontology_term_id': 'UBERON:0001516', 'tissue_type': 'tissue'};{'label': 'adipose tissue', 'ontology_term_id': 'UBERON:0001013', 'tissue_type': 'tissue'};{'label': 'anterior part of tongue', 'ontology_term_id': 'UBERON:0010032', 'tissue_type': 'tissue'};{'label': 'anterior segment of eyeball', 'ontology_term_id': 'UBERON:0001801', 'tissue_type': 'tissue'};{'label': 'aorta', 'ontology_term_id': 'UBERON:0000947', 'tissue_type': 'tissue'};{'label': 'ascending colon', 'ontology_term_id': 'UBERON:0001156', 'tissue_type': 'tissue'};{'label': 'bladder organ', 'ontology_term_id': 'UBERON:0018707', 'tissue_type': 'tissue'};{'label': 'blood', 'ontology_term_id': 'UBERON:0000178', 'tissue_type': 'tissue'};{'label': 'bone marrow', 'ontology_term_id': 'UBERON:0002371', 'tissue_type': 'tissue'};{'label': 'brown adipose tissue', 'ontology_term_id': 'UBERON:0001348', 'tissue_type': 'tissue'};{'label': 'buccal mucosa', 'ontology_term_id': 'UBERON:0006956', 'tissue_type': 'tissue'};{'label': 'cardiac atrium', 'ontology_term_id': 'UBERON:0002081', 'tissue_type': 'tissue'};{'label': 'cardiac ventricle', 'ontology_term_id': 'UBERON:0002082', 'tissue_type': 'tissue'};{'label': 'chorioretinal region', 'ontology_term_id': 'UBERON:0019207', 'tissue_type': 'tissue'};{'label': 'conjunctiva', 'ontology_term_id': 'UBERON:0001811', 'tissue_type': 'tissue'};{'label': 'cornea', 'ontology_term_id': 'UBERON:0000964', 'tissue_type': 'tissue'};{'label': 'coronary artery', 'ontology_term_id': 'UBERON:0001621', 'tissue_type': 'tissue'};{'label': 'cortex of kidney', 'ontology_term_id': 'UBERON:0001225', 'tissue_type': 'tissue'};{'label': 'crista ampullaris', 'ontology_term_id': 'UBERON:0004721', 'tissue_type': 'tissue'};{'label': 'duodenum', 'ontology_term_id': 'UBERON:0002114', 'tissue_type': 'tissue'};{'label': 'endocrine pancreas', 'ontology_term_id': 'UBERON:0000016', 'tissue_type': 'tissue'};{'label': 'endometrium', 'ontology_term_id': 'UBERON:0001295', 'tissue_type': 'tissue'};{'label': 'exocrine pancreas', 'ontology_term_id': 'UBERON:0000017', 'tissue_type': 'tissue'};{'label': 'eye', 'ontology_term_id': 'UBERON:0000970', 'tissue_type': 'tissue'};{'label': 'eyelid', 'ontology_term_id': 'UBERON:0001711', 'tissue_type': 'tissue'};{'label': 'heart', 'ontology_term_id': 'UBERON:0000948', 'tissue_type': 'tissue'};{'label': 'heart right ventricle', 'ontology_term_id': 'UBERON:0002080', 'tissue_type': 'tissue'};{'label': 'ileum', 'ontology_term_id': 'UBERON:0002116', 'tissue_type': 'tissue'};{'label': 'inferior vena cava', 'ontology_term_id': 'UBERON:0001072', 'tissue_type': 'tissue'};{'label': 'inguinal lymph node', 'ontology_term_id': 'UBERON:0001542', 'tissue_type': 'tissue'};{'label': 'jejunum', 'ontology_term_id': 'UBERON:0002115', 'tissue_type': 'tissue'};{'label': 'kidney', 'ontology_term_id': 'UBERON:0002113', 'tissue_type': 'tissue'};{'label': 'lacrimal gland', 'ontology_term_id': 'UBERON:0001817', 'tissue_type': 'tissue'};{'label': 'large intestine', 'ontology_term_id': 'UBERON:0000059', 'tissue_type': 'tissue'};{'label': 'left coronary artery', 'ontology_term_id': 'UBERON:0001626', 'tissue_type': 'tissue'};{'label': 'left ovary', 'ontology_term_id': 'UBERON:0002119', 'tissue_type': 'tissue'};{'label': 'liver', 'ontology_term_id': 'UBERON:0002107', 'tissue_type': 'tissue'};{'label': 'lung', 'ontology_term_id': 'UBERON:0002048', 'tissue_type': 'tissue'};{'label': 'lymph node', 'ontology_term_id': 'UBERON:0000029', 'tissue_type': 'tissue'};{'label': 'mammary gland', 'ontology_term_id': 'UBERON:0001911', 'tissue_type': 'tissue'};{'label': 'mesenteric lymph node', 'ontology_term_id': 'UBERON:0002509', 'tissue_type': 'tissue'};{'label': 'mucosa of stomach', 'ontology_term_id': 'UBERON:0001199', 'tissue_type': 'tissue'};{'label': 'muscle of abdomen', 'ontology_term_id': 'UBERON:0002378', 'tissue_type': 'tissue'};{'label': 'muscle of pelvic diaphragm', 'ontology_term_id': 'UBERON:0008612', 'tissue_type': 'tissue'};{'label': 'muscularis mucosae of stomach', 'ontology_term_id': 'UBERON:0001203', 'tissue_type': 'tissue'};{'label': 'myometrium', 'ontology_term_id': 'UBERON:0001296', 'tissue_type': 'tissue'};{'label': 'ocular surface region', 'ontology_term_id': 'UBERON:0010409', 'tissue_type': 'tissue'};{'label': 'ovary', 'ontology_term_id': 'UBERON:0000992', 'tissue_type': 'tissue'};{'label': 'parotid gland', 'ontology_term_id': 'UBERON:0001831', 'tissue_type': 'tissue'};{'label': 'posterior part of tongue', 'ontology_term_id': 'UBERON:0010033', 'tissue_type': 'tissue'};{'label': 'posterior segment of eyeball', 'ontology_term_id': 'UBERON:0001802', 'tissue_type': 'tissue'};{'label': 'prostate gland', 'ontology_term_id': 'UBERON:0002367', 'tissue_type': 'tissue'};{'label': 'retinal neural layer', 'ontology_term_id': 'UBERON:0003902', 'tissue_type': 'tissue'};{'label': 'right cardiac atrium', 'ontology_term_id': 'UBERON:0002078', 'tissue_type': 'tissue'};{'label': 'right ovary', 'ontology_term_id': 'UBERON:0002118', 'tissue_type': 'tissue'};{'label': 'sclera', 'ontology_term_id': 'UBERON:0001773', 'tissue_type': 'tissue'};{'label': 'sigmoid colon', 'ontology_term_id': 'UBERON:0001159', 'tissue_type': 'tissue'};{'label': 'skin of abdomen', 'ontology_term_id': 'UBERON:0001416', 'tissue_type': 'tissue'};{'label': 'skin of body', 'ontology_term_id': 'UBERON:0002097', 'tissue_type': 'tissue'};{'label': 'skin of chest', 'ontology_term_id': 'UBERON:0001868', 'tissue_type': 'tissue'};{'label': 'small intestine', 'ontology_term_id': 'UBERON:0002108', 'tissue_type': 'tissue'};{'label': 'spleen', 'ontology_term_id': 'UBERON:0002106', 'tissue_type': 'tissue'};{'label': 'stomach', 'ontology_term_id': 'UBERON:0000945', 'tissue_type': 'tissue'};{'label': 'stomach smooth muscle', 'ontology_term_id': 'UBERON:0004222', 'tissue_type': 'tissue'};{'label': 'subcutaneous adipose tissue', 'ontology_term_id': 'UBERON:0002190', 'tissue_type': 'tissue'};{'label': 'sublingual gland', 'ontology_term_id': 'UBERON:0001832', 'tissue_type': 'tissue'};{'label': 'submandibular gland', 'ontology_term_id': 'UBERON:0001736', 'tissue_type': 'tissue'};{'label': 'testis', 'ontology_term_id': 'UBERON:0000473', 'tissue_type': 'tissue'};{'label': 'thoracic aorta', 'ontology_term_id': 'UBERON:0001515', 'tissue_type': 'tissue'};{'label': 'thymus', 'ontology_term_id': 'UBERON:0002370', 'tissue_type': 'tissue'};{'label': 'trachea', 'ontology_term_id': 'UBERON:0003126', 'tissue_type': 'tissue'};{'label': 'uterus', 'ontology_term_id': 'UBERON:0000995', 'tissue_type': 'tissue'};{'label': 'utricle of membranous labyrinth', 'ontology_term_id': 'UBERON:0001853', 'tissue_type': 'tissue'};{'label': 'vasculature', 'ontology_term_id': 'UBERON:0002049', 'tissue_type': 'tissue'}	None	Tabula Sapiens	10.1126/science.abl4896	c5d88abe-f23a-45fa-a534-788985e93dad	e5f58829-1a66-40b5-a624-9046778e74f5	10x 3' v3;10x 5' v2;Smart-seq2;Smart-seq3	normal	None
urothelium;rpe;photoreceptor;sertoli;choroid_plexus;spleen	None	{'label': 'abdominal aorta', 'ontology_term_id': 'UBERON:0001516', 'tissue_type': 'tissue'};{'label': 'adipose tissue', 'ontology_term_id': 'UBERON:0001013', 'tissue_type': 'tissue'};{'label': 'anterior part of tongue', 'ontology_term_id': 'UBERON:0010032', 'tissue_type': 'tissue'};{'label': 'anterior segment of eyeball', 'ontology_term_id': 'UBERON:0001801', 'tissue_type': 'tissue'};{'label': 'aorta', 'ontology_term_id': 'UBERON:0000947', 'tissue_type': 'tissue'};{'label': 'ascending colon', 'ontology_term_id': 'UBERON:0001156', 'tissue_type': 'tissue'};{'label': 'bladder organ', 'ontology_term_id': 'UBERON:0018707', 'tissue_type': 'tissue'};{'label': 'bone marrow', 'ontology_term_id': 'UBERON:0002371', 'tissue_type': 'tissue'};{'label': 'brown adipose tissue', 'ontology_term_id': 'UBERON:0001348', 'tissue_type': 'tissue'};{'label': 'buccal mucosa', 'ontology_term_id': 'UBERON:0006956', 'tissue_type': 'tissue'};{'label': 'cardiac atrium', 'ontology_term_id': 'UBERON:0002081', 'tissue_type': 'tissue'};{'label': 'cardiac ventricle', 'ontology_term_id': 'UBERON:0002082', 'tissue_type': 'tissue'};{'label': 'chorioretinal region', 'ontology_term_id': 'UBERON:0019207', 'tissue_type': 'tissue'};{'label': 'conjunctiva', 'ontology_term_id': 'UBERON:0001811', 'tissue_type': 'tissue'};{'label': 'cornea', 'ontology_term_id': 'UBERON:0000964', 'tissue_type': 'tissue'};{'label': 'coronary artery', 'ontology_term_id': 'UBERON:0001621', 'tissue_type': 'tissue'};{'label': 'crista ampullaris', 'ontology_term_id': 'UBERON:0004721', 'tissue_type': 'tissue'};{'label': 'duodenum', 'ontology_term_id': 'UBERON:0002114', 'tissue_type': 'tissue'};{'label': 'endocrine pancreas', 'ontology_term_id': 'UBERON:0000016', 'tissue_type': 'tissue'};{'label': 'endometrium', 'ontology_term_id': 'UBERON:0001295', 'tissue_type': 'tissue'};{'label': 'exocrine pancreas', 'ontology_term_id': 'UBERON:0000017', 'tissue_type': 'tissue'};{'label': 'eye', 'ontology_term_id': 'UBERON:0000970', 'tissue_type': 'tissue'};{'label': 'eyelid', 'ontology_term_id': 'UBERON:0001711', 'tissue_type': 'tissue'};{'label': 'heart', 'ontology_term_id': 'UBERON:0000948', 'tissue_type': 'tissue'};{'label': 'heart right ventricle', 'ontology_term_id': 'UBERON:0002080', 'tissue_type': 'tissue'};{'label': 'ileum', 'ontology_term_id': 'UBERON:0002116', 'tissue_type': 'tissue'};{'label': 'inferior vena cava', 'ontology_term_id': 'UBERON:0001072', 'tissue_type': 'tissue'};{'label': 'inguinal lymph node', 'ontology_term_id': 'UBERON:0001542', 'tissue_type': 'tissue'};{'label': 'jejunum', 'ontology_term_id': 'UBERON:0002115', 'tissue_type': 'tissue'};{'label': 'lacrimal gland', 'ontology_term_id': 'UBERON:0001817', 'tissue_type': 'tissue'};{'label': 'large intestine', 'ontology_term_id': 'UBERON:0000059', 'tissue_type': 'tissue'};{'label': 'left coronary artery', 'ontology_term_id': 'UBERON:0001626', 'tissue_type': 'tissue'};{'label': 'left ovary', 'ontology_term_id': 'UBERON:0002119', 'tissue_type': 'tissue'};{'label': 'liver', 'ontology_term_id': 'UBERON:0002107', 'tissue_type': 'tissue'};{'label': 'lung', 'ontology_term_id': 'UBERON:0002048', 'tissue_type': 'tissue'};{'label': 'lymph node', 'ontology_term_id': 'UBERON:0000029', 'tissue_type': 'tissue'};{'label': 'mammary gland', 'ontology_term_id': 'UBERON:0001911', 'tissue_type': 'tissue'};{'label': 'mesenteric lymph node', 'ontology_term_id': 'UBERON:0002509', 'tissue_type': 'tissue'};{'label': 'mucosa of stomach', 'ontology_term_id': 'UBERON:0001199', 'tissue_type': 'tissue'};{'label': 'muscle of abdomen', 'ontology_term_id': 'UBERON:0002378', 'tissue_type': 'tissue'};{'label': 'muscle of pelvic diaphragm', 'ontology_term_id': 'UBERON:0008612', 'tissue_type': 'tissue'};{'label': 'muscularis mucosae of stomach', 'ontology_term_id': 'UBERON:0001203', 'tissue_type': 'tissue'};{'label': 'myometrium', 'ontology_term_id': 'UBERON:0001296', 'tissue_type': 'tissue'};{'label': 'ocular surface region', 'ontology_term_id': 'UBERON:0010409', 'tissue_type': 'tissue'};{'label': 'ovary', 'ontology_term_id': 'UBERON:0000992', 'tissue_type': 'tissue'};{'label': 'parotid gland', 'ontology_term_id': 'UBERON:0001831', 'tissue_type': 'tissue'};{'label': 'posterior part of tongue', 'ontology_term_id': 'UBERON:0010033', 'tissue_type': 'tissue'};{'label': 'posterior segment of eyeball', 'ontology_term_id': 'UBERON:0001802', 'tissue_type': 'tissue'};{'label': 'prostate gland', 'ontology_term_id': 'UBERON:0002367', 'tissue_type': 'tissue'};{'label': 'retinal neural layer', 'ontology_term_id': 'UBERON:0003902', 'tissue_type': 'tissue'};{'label': 'right cardiac atrium', 'ontology_term_id': 'UBERON:0002078', 'tissue_type': 'tissue'};{'label': 'right ovary', 'ontology_term_id': 'UBERON:0002118', 'tissue_type': 'tissue'};{'label': 'sclera', 'ontology_term_id': 'UBERON:0001773', 'tissue_type': 'tissue'};{'label': 'sigmoid colon', 'ontology_term_id': 'UBERON:0001159', 'tissue_type': 'tissue'};{'label': 'skin of abdomen', 'ontology_term_id': 'UBERON:0001416', 'tissue_type': 'tissue'};{'label': 'skin of body', 'ontology_term_id': 'UBERON:0002097', 'tissue_type': 'tissue'};{'label': 'skin of chest', 'ontology_term_id': 'UBERON:0001868', 'tissue_type': 'tissue'};{'label': 'small intestine', 'ontology_term_id': 'UBERON:0002108', 'tissue_type': 'tissue'};{'label': 'spleen', 'ontology_term_id': 'UBERON:0002106', 'tissue_type': 'tissue'};{'label': 'stomach', 'ontology_term_id': 'UBERON:0000945', 'tissue_type': 'tissue'};{'label': 'stomach smooth muscle', 'ontology_term_id': 'UBERON:0004222', 'tissue_type': 'tissue'};{'label': 'subcutaneous adipose tissue', 'ontology_term_id': 'UBERON:0002190', 'tissue_type': 'tissue'};{'label': 'sublingual gland', 'ontology_term_id': 'UBERON:0001832', 'tissue_type': 'tissue'};{'label': 'submandibular gland', 'ontology_term_id': 'UBERON:0001736', 'tissue_type': 'tissue'};{'label': 'testis', 'ontology_term_id': 'UBERON:0000473', 'tissue_type': 'tissue'};{'label': 'thoracic aorta', 'ontology_term_id': 'UBERON:0001515', 'tissue_type': 'tissue'};{'label': 'thymus', 'ontology_term_id': 'UBERON:0002370', 'tissue_type': 'tissue'};{'label': 'tongue', 'ontology_term_id': 'UBERON:0001723', 'tissue_type': 'tissue'};{'label': 'trachea', 'ontology_term_id': 'UBERON:0003126', 'tissue_type': 'tissue'};{'label': 'uterus', 'ontology_term_id': 'UBERON:0000995', 'tissue_type': 'tissue'};{'label': 'utricle of membranous labyrinth', 'ontology_term_id': 'UBERON:0001853', 'tissue_type': 'tissue'};{'label': 'vasculature', 'ontology_term_id': 'UBERON:0002049', 'tissue_type': 'tissue'}	None	Tabula Sapiens	10.1126/science.abl4896	a68b64d8-aee3-4947-81b7-36b8fe5a44d2	e5f58829-1a66-40b5-a624-9046778e74f5	10x 3' v3;10x 5' v2;Smart-seq2;Smart-seq3	normal	None
urothelium;rpe;photoreceptor;sertoli;choroid_plexus;spleen	None	{'label': 'abdominal aorta', 'ontology_term_id': 'UBERON:0001516', 'tissue_type': 'tissue'};{'label': 'adipose tissue', 'ontology_term_id': 'UBERON:0001013', 'tissue_type': 'tissue'};{'label': 'anterior part of tongue', 'ontology_term_id': 'UBERON:0010032', 'tissue_type': 'tissue'};{'label': 'anterior segment of eyeball', 'ontology_term_id': 'UBERON:0001801', 'tissue_type': 'tissue'};{'label': 'aorta', 'ontology_term_id': 'UBERON:0000947', 'tissue_type': 'tissue'};{'label': 'ascending colon', 'ontology_term_id': 'UBERON:0001156', 'tissue_type': 'tissue'};{'label': 'bladder organ', 'ontology_term_id': 'UBERON:0018707', 'tissue_type': 'tissue'};{'label': 'bone marrow', 'ontology_term_id': 'UBERON:0002371', 'tissue_type': 'tissue'};{'label': 'brown adipose tissue', 'ontology_term_id': 'UBERON:0001348', 'tissue_type': 'tissue'};{'label': 'buccal mucosa', 'ontology_term_id': 'UBERON:0006956', 'tissue_type': 'tissue'};{'label': 'cardiac atrium', 'ontology_term_id': 'UBERON:0002081', 'tissue_type': 'tissue'};{'label': 'cardiac ventricle', 'ontology_term_id': 'UBERON:0002082', 'tissue_type': 'tissue'};{'label': 'chorioretinal region', 'ontology_term_id': 'UBERON:0019207', 'tissue_type': 'tissue'};{'label': 'conjunctiva', 'ontology_term_id': 'UBERON:0001811', 'tissue_type': 'tissue'};{'label': 'cornea', 'ontology_term_id': 'UBERON:0000964', 'tissue_type': 'tissue'};{'label': 'coronary artery', 'ontology_term_id': 'UBERON:0001621', 'tissue_type': 'tissue'};{'label': 'crista ampullaris', 'ontology_term_id': 'UBERON:0004721', 'tissue_type': 'tissue'};{'label': 'duodenum', 'ontology_term_id': 'UBERON:0002114', 'tissue_type': 'tissue'};{'label': 'endocrine pancreas', 'ontology_term_id': 'UBERON:0000016', 'tissue_type': 'tissue'};{'label': 'endometrium', 'ontology_term_id': 'UBERON:0001295', 'tissue_type': 'tissue'};{'label': 'exocrine pancreas', 'ontology_term_id': 'UBERON:0000017', 'tissue_type': 'tissue'};{'label': 'eye', 'ontology_term_id': 'UBERON:0000970', 'tissue_type': 'tissue'};{'label': 'eyelid', 'ontology_term_id': 'UBERON:0001711', 'tissue_type': 'tissue'};{'label': 'heart', 'ontology_term_id': 'UBERON:0000948', 'tissue_type': 'tissue'};{'label': 'heart right ventricle', 'ontology_term_id': 'UBERON:0002080', 'tissue_type': 'tissue'};{'label': 'ileum', 'ontology_term_id': 'UBERON:0002116', 'tissue_type': 'tissue'};{'label': 'inferior vena cava', 'ontology_term_id': 'UBERON:0001072', 'tissue_type': 'tissue'};{'label': 'inguinal lymph node', 'ontology_term_id': 'UBERON:0001542', 'tissue_type': 'tissue'};{'label': 'jejunum', 'ontology_term_id': 'UBERON:0002115', 'tissue_type': 'tissue'};{'label': 'kidney', 'ontology_term_id': 'UBERON:0002113', 'tissue_type': 'tissue'};{'label': 'lacrimal gland', 'ontology_term_id': 'UBERON:0001817', 'tissue_type': 'tissue'};{'label': 'large intestine', 'ontology_term_id': 'UBERON:0000059', 'tissue_type': 'tissue'};{'label': 'left coronary artery', 'ontology_term_id': 'UBERON:0001626', 'tissue_type': 'tissue'};{'label': 'left ovary', 'ontology_term_id': 'UBERON:0002119', 'tissue_type': 'tissue'};{'label': 'liver', 'ontology_term_id': 'UBERON:0002107', 'tissue_type': 'tissue'};{'label': 'lung', 'ontology_term_id': 'UBERON:0002048', 'tissue_type': 'tissue'};{'label': 'lymph node', 'ontology_term_id': 'UBERON:0000029', 'tissue_type': 'tissue'};{'label': 'mammary gland', 'ontology_term_id': 'UBERON:0001911', 'tissue_type': 'tissue'};{'label': 'mesenteric lymph node', 'ontology_term_id': 'UBERON:0002509', 'tissue_type': 'tissue'};{'label': 'mucosa of stomach', 'ontology_term_id': 'UBERON:0001199', 'tissue_type': 'tissue'};{'label': 'muscle of abdomen', 'ontology_term_id': 'UBERON:0002378', 'tissue_type': 'tissue'};{'label': 'muscle of pelvic diaphragm', 'ontology_term_id': 'UBERON:0008612', 'tissue_type': 'tissue'};{'label': 'myometrium', 'ontology_term_id': 'UBERON:0001296', 'tissue_type': 'tissue'};{'label': 'ovary', 'ontology_term_id': 'UBERON:0000992', 'tissue_type': 'tissue'};{'label': 'parotid gland', 'ontology_term_id': 'UBERON:0001831', 'tissue_type': 'tissue'};{'label': 'posterior part of tongue', 'ontology_term_id': 'UBERON:0010033', 'tissue_type': 'tissue'};{'label': 'posterior segment of eyeball', 'ontology_term_id': 'UBERON:0001802', 'tissue_type': 'tissue'};{'label': 'prostate gland', 'ontology_term_id': 'UBERON:0002367', 'tissue_type': 'tissue'};{'label': 'right cardiac atrium', 'ontology_term_id': 'UBERON:0002078', 'tissue_type': 'tissue'};{'label': 'right ovary', 'ontology_term_id': 'UBERON:0002118', 'tissue_type': 'tissue'};{'label': 'sclera', 'ontology_term_id': 'UBERON:0001773', 'tissue_type': 'tissue'};{'label': 'sigmoid colon', 'ontology_term_id': 'UBERON:0001159', 'tissue_type': 'tissue'};{'label': 'skin of abdomen', 'ontology_term_id': 'UBERON:0001416', 'tissue_type': 'tissue'};{'label': 'skin of body', 'ontology_term_id': 'UBERON:0002097', 'tissue_type': 'tissue'};{'label': 'skin of chest', 'ontology_term_id': 'UBERON:0001868', 'tissue_type': 'tissue'};{'label': 'small intestine', 'ontology_term_id': 'UBERON:0002108', 'tissue_type': 'tissue'};{'label': 'spleen', 'ontology_term_id': 'UBERON:0002106', 'tissue_type': 'tissue'};{'label': 'stomach', 'ontology_term_id': 'UBERON:0000945', 'tissue_type': 'tissue'};{'label': 'stomach smooth muscle', 'ontology_term_id': 'UBERON:0004222', 'tissue_type': 'tissue'};{'label': 'subcutaneous adipose tissue', 'ontology_term_id': 'UBERON:0002190', 'tissue_type': 'tissue'};{'label': 'sublingual gland', 'ontology_term_id': 'UBERON:0001832', 'tissue_type': 'tissue'};{'label': 'submandibular gland', 'ontology_term_id': 'UBERON:0001736', 'tissue_type': 'tissue'};{'label': 'testis', 'ontology_term_id': 'UBERON:0000473', 'tissue_type': 'tissue'};{'label': 'thoracic aorta', 'ontology_term_id': 'UBERON:0001515', 'tissue_type': 'tissue'};{'label': 'thymus', 'ontology_term_id': 'UBERON:0002370', 'tissue_type': 'tissue'};{'label': 'trachea', 'ontology_term_id': 'UBERON:0003126', 'tissue_type': 'tissue'};{'label': 'uterus', 'ontology_term_id': 'UBERON:0000995', 'tissue_type': 'tissue'};{'label': 'utricle of membranous labyrinth', 'ontology_term_id': 'UBERON:0001853', 'tissue_type': 'tissue'};{'label': 'vasculature', 'ontology_term_id': 'UBERON:0002049', 'tissue_type': 'tissue'}	None	Tabula Sapiens	10.1126/science.abl4896	5a11f879-d1ef-458a-910c-9b0bdfca5ebf	e5f58829-1a66-40b5-a624-9046778e74f5	10x 3' v3;10x 5' v2;Smart-seq2;Smart-seq3	normal	None
urothelium;rpe;photoreceptor;sertoli;choroid_plexus;spleen	None	{'label': 'abdominal aorta', 'ontology_term_id': 'UBERON:0001516', 'tissue_type': 'tissue'};{'label': 'adipose tissue', 'ontology_term_id': 'UBERON:0001013', 'tissue_type': 'tissue'};{'label': 'anterior part of tongue', 'ontology_term_id': 'UBERON:0010032', 'tissue_type': 'tissue'};{'label': 'anterior segment of eyeball', 'ontology_term_id': 'UBERON:0001801', 'tissue_type': 'tissue'};{'label': 'aorta', 'ontology_term_id': 'UBERON:0000947', 'tissue_type': 'tissue'};{'label': 'ascending colon', 'ontology_term_id': 'UBERON:0001156', 'tissue_type': 'tissue'};{'label': 'bladder organ', 'ontology_term_id': 'UBERON:0018707', 'tissue_type': 'tissue'};{'label': 'blood', 'ontology_term_id': 'UBERON:0000178', 'tissue_type': 'tissue'};{'label': 'bone marrow', 'ontology_term_id': 'UBERON:0002371', 'tissue_type': 'tissue'};{'label': 'brown adipose tissue', 'ontology_term_id': 'UBERON:0001348', 'tissue_type': 'tissue'};{'label': 'buccal mucosa', 'ontology_term_id': 'UBERON:0006956', 'tissue_type': 'tissue'};{'label': 'cardiac atrium', 'ontology_term_id': 'UBERON:0002081', 'tissue_type': 'tissue'};{'label': 'cardiac ventricle', 'ontology_term_id': 'UBERON:0002082', 'tissue_type': 'tissue'};{'label': 'chorioretinal region', 'ontology_term_id': 'UBERON:0019207', 'tissue_type': 'tissue'};{'label': 'conjunctiva', 'ontology_term_id': 'UBERON:0001811', 'tissue_type': 'tissue'};{'label': 'cornea', 'ontology_term_id': 'UBERON:0000964', 'tissue_type': 'tissue'};{'label': 'coronary artery', 'ontology_term_id': 'UBERON:0001621', 'tissue_type': 'tissue'};{'label': 'cortex of kidney', 'ontology_term_id': 'UBERON:0001225', 'tissue_type': 'tissue'};{'label': 'crista ampullaris', 'ontology_term_id': 'UBERON:0004721', 'tissue_type': 'tissue'};{'label': 'duodenum', 'ontology_term_id': 'UBERON:0002114', 'tissue_type': 'tissue'};{'label': 'endocrine pancreas', 'ontology_term_id': 'UBERON:0000016', 'tissue_type': 'tissue'};{'label': 'endometrium', 'ontology_term_id': 'UBERON:0001295', 'tissue_type': 'tissue'};{'label': 'exocrine pancreas', 'ontology_term_id': 'UBERON:0000017', 'tissue_type': 'tissue'};{'label': 'eye', 'ontology_term_id': 'UBERON:0000970', 'tissue_type': 'tissue'};{'label': 'eyelid', 'ontology_term_id': 'UBERON:0001711', 'tissue_type': 'tissue'};{'label': 'heart', 'ontology_term_id': 'UBERON:0000948', 'tissue_type': 'tissue'};{'label': 'heart right ventricle', 'ontology_term_id': 'UBERON:0002080', 'tissue_type': 'tissue'};{'label': 'ileum', 'ontology_term_id': 'UBERON:0002116', 'tissue_type': 'tissue'};{'label': 'inferior vena cava', 'ontology_term_id': 'UBERON:0001072', 'tissue_type': 'tissue'};{'label': 'inguinal lymph node', 'ontology_term_id': 'UBERON:0001542', 'tissue_type': 'tissue'};{'label': 'jejunum', 'ontology_term_id': 'UBERON:0002115', 'tissue_type': 'tissue'};{'label': 'kidney', 'ontology_term_id': 'UBERON:0002113', 'tissue_type': 'tissue'};{'label': 'lacrimal gland', 'ontology_term_id': 'UBERON:0001817', 'tissue_type': 'tissue'};{'label': 'large intestine', 'ontology_term_id': 'UBERON:0000059', 'tissue_type': 'tissue'};{'label': 'left coronary artery', 'ontology_term_id': 'UBERON:0001626', 'tissue_type': 'tissue'};{'label': 'left ovary', 'ontology_term_id': 'UBERON:0002119', 'tissue_type': 'tissue'};{'label': 'liver', 'ontology_term_id': 'UBERON:0002107', 'tissue_type': 'tissue'};{'label': 'lung', 'ontology_term_id': 'UBERON:0002048', 'tissue_type': 'tissue'};{'label': 'lymph node', 'ontology_term_id': 'UBERON:0000029', 'tissue_type': 'tissue'};{'label': 'mammary gland', 'ontology_term_id': 'UBERON:0001911', 'tissue_type': 'tissue'};{'label': 'mesenteric lymph node', 'ontology_term_id': 'UBERON:0002509', 'tissue_type': 'tissue'};{'label': 'mucosa of stomach', 'ontology_term_id': 'UBERON:0001199', 'tissue_type': 'tissue'};{'label': 'muscle of abdomen', 'ontology_term_id': 'UBERON:0002378', 'tissue_type': 'tissue'};{'label': 'muscle of pelvic diaphragm', 'ontology_term_id': 'UBERON:0008612', 'tissue_type': 'tissue'};{'label': 'muscularis mucosae of stomach', 'ontology_term_id': 'UBERON:0001203', 'tissue_type': 'tissue'};{'label': 'myometrium', 'ontology_term_id': 'UBERON:0001296', 'tissue_type': 'tissue'};{'label': 'ocular surface region', 'ontology_term_id': 'UBERON:0010409', 'tissue_type': 'tissue'};{'label': 'ovary', 'ontology_term_id': 'UBERON:0000992', 'tissue_type': 'tissue'};{'label': 'parotid gland', 'ontology_term_id': 'UBERON:0001831', 'tissue_type': 'tissue'};{'label': 'posterior part of tongue', 'ontology_term_id': 'UBERON:0010033', 'tissue_type': 'tissue'};{'label': 'posterior segment of eyeball', 'ontology_term_id': 'UBERON:0001802', 'tissue_type': 'tissue'};{'label': 'prostate gland', 'ontology_term_id': 'UBERON:0002367', 'tissue_type': 'tissue'};{'label': 'retinal neural layer', 'ontology_term_id': 'UBERON:0003902', 'tissue_type': 'tissue'};{'label': 'right cardiac atrium', 'ontology_term_id': 'UBERON:0002078', 'tissue_type': 'tissue'};{'label': 'right ovary', 'ontology_term_id': 'UBERON:0002118', 'tissue_type': 'tissue'};{'label': 'sclera', 'ontology_term_id': 'UBERON:0001773', 'tissue_type': 'tissue'};{'label': 'sigmoid colon', 'ontology_term_id': 'UBERON:0001159', 'tissue_type': 'tissue'};{'label': 'skin of abdomen', 'ontology_term_id': 'UBERON:0001416', 'tissue_type': 'tissue'};{'label': 'skin of body', 'ontology_term_id': 'UBERON:0002097', 'tissue_type': 'tissue'};{'label': 'skin of chest', 'ontology_term_id': 'UBERON:0001868', 'tissue_type': 'tissue'};{'label': 'small intestine', 'ontology_term_id': 'UBERON:0002108', 'tissue_type': 'tissue'};{'label': 'spleen', 'ontology_term_id': 'UBERON:0002106', 'tissue_type': 'tissue'};{'label': 'stomach', 'ontology_term_id': 'UBERON:0000945', 'tissue_type': 'tissue'};{'label': 'stomach smooth muscle', 'ontology_term_id': 'UBERON:0004222', 'tissue_type': 'tissue'};{'label': 'subcutaneous adipose tissue', 'ontology_term_id': 'UBERON:0002190', 'tissue_type': 'tissue'};{'label': 'sublingual gland', 'ontology_term_id': 'UBERON:0001832', 'tissue_type': 'tissue'};{'label': 'submandibular gland', 'ontology_term_id': 'UBERON:0001736', 'tissue_type': 'tissue'};{'label': 'testis', 'ontology_term_id': 'UBERON:0000473', 'tissue_type': 'tissue'};{'label': 'thoracic aorta', 'ontology_term_id': 'UBERON:0001515', 'tissue_type': 'tissue'};{'label': 'thymus', 'ontology_term_id': 'UBERON:0002370', 'tissue_type': 'tissue'};{'label': 'tongue', 'ontology_term_id': 'UBERON:0001723', 'tissue_type': 'tissue'};{'label': 'trachea', 'ontology_term_id': 'UBERON:0003126', 'tissue_type': 'tissue'};{'label': 'uterus', 'ontology_term_id': 'UBERON:0000995', 'tissue_type': 'tissue'};{'label': 'utricle of membranous labyrinth', 'ontology_term_id': 'UBERON:0001853', 'tissue_type': 'tissue'};{'label': 'vasculature', 'ontology_term_id': 'UBERON:0002049', 'tissue_type': 'tissue'}	None	Tabula Sapiens	10.1126/science.abl4896	53d208b0-2cfd-4366-9866-c3c6114081bc	e5f58829-1a66-40b5-a624-9046778e74f5	10x 3' v3;10x 5' v2;Smart-seq2;Smart-seq3	normal	None
