collection_id	collection_name	collection_doi	dataset_id	dataset_title	cell_count	primary_cell_count	is_primary_data	tissue	tissue_hits	celltype_hits	n_cell_types	cell_type_labels	assay	suspension_type	disease	h5ad_url	h5ad_size	rds_url	explorer_url
c114c20f-1ef4-49a5-9c2e-d965787fb90c	A human cell atlas of fetal gene expression	10.1126/science.aba7721	f7c1c579-2dc0-47e2-ba19-8165c5a0e353	Survey of human embryonic development	4062980	4062980	[True]	adrenal gland;cerebellum;eye;heart;intestine;kidney;liver;lung;muscle organ;pancreas;placenta;spleen;stomach;telencephalon;thymus	eye;spleen	RPE;photoreceptor	72	GABAergic neuron|Mueller cell|Purkinje cell|Schwann cell|acinar cell|amacrine cell|astrocyte|bipolar neuron|blood vessel endothelial cell|cardiac muscle cell|cell of skeletal muscle|chorionic trophoblast cell|chromaffin cell|ciliated epithelial cell|corneal epithelial cell|cortical cell of adrenal gland|dermis microvascular lymphatic vessel endothelial cell|endocardial cell|endocrine cell|endothelial cell of lymphatic vessel|endothelial cell of vascular tree|enteric neuron|epicardial adipocyte|epithelial cell of lower respiratory tract|epithelial cell of thymus|erythroblast|extravillous trophoblast|ganglion interneuron|glial cell|glutamatergic neuron|goblet cell|granule cell|hematopoietic cell|hematopoietic stem cell|hepatic stellate cell|hepatoblast|inhibitory interneuron|innate lymphoid cell|intestinal epithelial cell|lens fiber cell|macroglial cell|megakaryocyte|mesangial cell|mesothelial cell|microglial cell|myeloid cell|neuroendocrine cell|neuron|neuron associated cell (sensu Vertebrata)|oligodendrocyte|pancreatic ductal cell|photoreceptor cell|professional antigen presenting cell|regular atrial cardiac myocyte|retina horizontal cell|retinal ganglion cell|retinal pigment epithelial cell|skeletal muscle satellite cell|smooth muscle cell|squamous epithelial cell|stellate neuron|stromal cell|sympathetic neuron|syncytiotrophoblast cell|taste receptor cell|thymocyte|trophoblast giant cell|tuft cell|unipolar brush cell|unknown|ventricular cardiac muscle cell|visceromotor neuron	sci-RNA-seq3	nucleus;cell	normal;trisomy 18	https://datasets.cellxgene.cziscience.com/ec0f91c4-01ac-448f-bf17-b3ed236156c6.h5ad	20030067233		https://cellxgene.cziscience.com/e/f7c1c579-2dc0-47e2-ba19-8165c5a0e353.cxg/
4c6eaf5c-6d57-4c76-b1e9-60df8c655f1e	Single cell atlas of the human retina	10.1038/s41588-025-02454-1	d6505c89-c43d-4c28-8c4f-7351a5fd5528	snRNA-seq of human retina - all cells	3177310	2907910	[True, False]	fovea centralis;macula lutea;macula lutea proper;peripheral region of retina	eye	RPE;photoreceptor	31	GABAergic amacrine cell|H1 horizontal cell|H2 horizontal cell|Mueller cell|OFF midget ganglion cell|OFF parasol ganglion cell|OFFx cell|ON midget ganglion cell|ON parasol ganglion cell|ON-blue cone bipolar cell|S cone cell|amacrine cell|astrocyte|diffuse bipolar 1 cell|diffuse bipolar 2 cell|diffuse bipolar 3a cell|diffuse bipolar 3b cell|diffuse bipolar 4 cell|diffuse bipolar 6 cell|flat midget bipolar cell|giant bipolar cell|glycinergic amacrine cell|invaginating midget bipolar cell|microglial cell|retinal bipolar neuron|retinal cone cell|retinal ganglion cell|retinal pigment epithelial cell|retinal rod cell|rod bipolar cell|starburst amacrine cell	10x 3' v3	nucleus	normal	https://datasets.cellxgene.cziscience.com/25f1558d-c1f8-49f8-addc-b778d8cbd4aa.h5ad	37673332249		https://cellxgene.cziscience.com/e/d6505c89-c43d-4c28-8c4f-7351a5fd5528.cxg/
de379e5f-52d0-498c-9801-0f850823c847	An integrated transcriptomic cell atlas of human neural organoids	10.1038/s41586-024-08172-8	d7f5d8d0-6150-48d7-b094-c34286ad11a1	HNOCA Extended: The Human Neural Organoid Atlas	1920454	1920454	[True]	arcuate nucleus of hypothalamus;brain;cerebellum;cerebral cortex;choroid plexus;dorsal plus ventral thalamus;hindbrain;midbrain tectum;midbrain tegmentum;telencephalon;ventral part of telencephalon	choroid_plexus	choroid_plexus_epithelium;photoreceptor	61	Bergmann glial cell|Cajal-Retzius cell|GABAergic interneuron|GABAergic neuron|L6b glutamatergic cortical neuron|Mueller cell|Purkinje cell|amacrine cell|astrocyte|caudal ganglionic eminence derived interneuron|central nervous system neuron|cerebellar granule cell|cerebellar neuron|cerebellum glutamatergic neuron|cerebral cortex GABAergic interneuron|cerebral cortex neuron|cerebral cortex pyramidal neuron|choroid plexus epithelial cell|ciliated cell|endothelial cell|epithelial cell|extracellular matrix secreting cell|extratelencephalic-projecting glutamatergic cortical neuron|eye photoreceptor cell|fibroblast of choroid plexus|forebrain neuroblast|forebrain radial glial cell|glial cell|glioblast|glutamatergic neuron|hypothalamus cell|immature astrocyte|interneuron|mature astrocyte|medial ganglionic eminence derived GABAergic interneuron|medium spiny neuron|mesenchymal cell|mesodermal cell|microglial cell|midbrain dopaminergic neuron|neural cell|neural crest cell|neural crest derived neuron|neural progenitor cell|neural stem cell|neurectodermal cell|neuroblast (sensu Vertebrata)|neuroepithelial stem cell|neuron|neuron of the forebrain|neuroplacodal cell|oligodendrocyte precursor cell|pigmented epithelial cell|pluripotent stem cell|premigratory neural crest cell|pyramidal neuron|radial glial cell|retinal progenitor cell|sst GABAergic interneuron|stem cell|unknown	10x 3' v2;10x 3' v3;10x multiome;BD Rhapsody Whole Transcriptome Analysis;Drop-seq;Quartz-seq;SPLiT-seq;Smart-seq2	cell;nucleus	normal	https://datasets.cellxgene.cziscience.com/a0866f01-2a0e-4984-8a93-e5e829685e75.h5ad	20088621029		https://cellxgene.cziscience.com/e/d7f5d8d0-6150-48d7-b094-c34286ad11a1.cxg/
de379e5f-52d0-498c-9801-0f850823c847	An integrated transcriptomic cell atlas of human neural organoids	10.1038/s41586-024-08172-8	3a805b8d-c9d8-4c9b-881f-0eefa635974d	The Human Neural Organoid Atlas	1767346	0	[False]	arcuate nucleus of hypothalamus;brain;cerebellum;cerebral cortex;choroid plexus;dorsal plus ventral thalamus;hindbrain;midbrain tectum;midbrain tegmentum;telencephalon;ventral part of telencephalon	choroid_plexus	choroid_plexus_epithelium;photoreceptor	61	Bergmann glial cell|Cajal-Retzius cell|GABAergic interneuron|GABAergic neuron|L6b glutamatergic cortical neuron|Mueller cell|Purkinje cell|amacrine cell|astrocyte|caudal ganglionic eminence derived interneuron|central nervous system neuron|cerebellar granule cell|cerebellar neuron|cerebellum glutamatergic neuron|cerebral cortex GABAergic interneuron|cerebral cortex neuron|cerebral cortex pyramidal neuron|choroid plexus epithelial cell|ciliated cell|endothelial cell|epithelial cell|extracellular matrix secreting cell|extratelencephalic-projecting glutamatergic cortical neuron|eye photoreceptor cell|fibroblast of choroid plexus|forebrain neuroblast|forebrain radial glial cell|glial cell|glioblast|glutamatergic neuron|hypothalamus cell|immature astrocyte|interneuron|mature astrocyte|medial ganglionic eminence derived GABAergic interneuron|medium spiny neuron|mesenchymal cell|mesodermal cell|microglial cell|midbrain dopaminergic neuron|neural cell|neural crest cell|neural crest derived neuron|neural progenitor cell|neural stem cell|neurectodermal cell|neuroblast (sensu Vertebrata)|neuroepithelial stem cell|neuron|neuron of the forebrain|neuroplacodal cell|oligodendrocyte precursor cell|pigmented epithelial cell|pluripotent stem cell|premigratory neural crest cell|pyramidal neuron|radial glial cell|retinal progenitor cell|sst GABAergic interneuron|stem cell|unknown	10x 3' v2;10x 3' v3;10x multiome;BD Rhapsody Whole Transcriptome Analysis;Drop-seq;Quartz-seq;SPLiT-seq;Smart-seq2	cell;nucleus	normal	https://datasets.cellxgene.cziscience.com/127a3c9a-7bcb-4362-a73e-e60fd67f5bae.h5ad	18777180012		https://cellxgene.cziscience.com/e/3a805b8d-c9d8-4c9b-881f-0eefa635974d.cxg/
e5f58829-1a66-40b5-a624-9046778e74f5	Tabula Sapiens	10.1126/science.abl4896	53d208b0-2cfd-4366-9866-c3c6114081bc	Tabula Sapiens - All Cells	1136218	1136218	[True]	abdominal aorta;adipose tissue;anterior part of tongue;anterior segment of eyeball;aorta;ascending colon;bladder organ;blood;bone marrow;brown adipose tissue;buccal mucosa;cardiac atrium;cardiac ventricle;chorioretinal region;conjunctiva;cornea;coronary artery;cortex of kidney;crista ampullaris;duodenum;endocrine pancreas;endometrium;exocrine pancreas;eye;eyelid;heart;heart right ventricle;ileum;inferior vena cava;inguinal lymph node;jejunum;kidney;lacrimal gland;large intestine;left coronary artery;left ovary;liver;lung;lymph node;mammary gland;mesenteric lymph node;mucosa of stomach;muscle of abdomen;muscle of pelvic diaphragm;muscularis mucosae of stomach;myometrium;ocular surface region;ovary;parotid gland;posterior part of tongue;posterior segment of eyeball;prostate gland;retinal neural layer;right cardiac atrium;right ovary;sclera;sigmoid colon;skin of abdomen;skin of body;skin of chest;small intestine;spleen;stomach;stomach smooth muscle;subcutaneous adipose tissue;sublingual gland;submandibular gland;testis;thoracic aorta;thymus;tongue;trachea;uterus;utricle of membranous labyrinth;vasculature	eye;spleen;testis;urothelium	RPE;photoreceptor;urothelium	180	B cell|BEST4+ enterocyte|CD4-positive, alpha-beta T cell|CD4-positive, alpha-beta thymocyte|CD8-positive, alpha-beta T cell|CD8-positive, alpha-beta thymocyte|Langerhans cell|Leydig cell|Mueller cell|Schwann cell|T cell|T follicular helper cell|acinar cell|acinar cell of salivary gland|activated CD4-positive, alpha-beta T cell|activated CD8-positive, alpha-beta T cell|adipocyte|adventitial cell|alveolar adventitial fibroblast|basal cell|basal cell of prostate epithelium|basophil|bladder urothelial cell|blood vessel smooth muscle cell|bronchial smooth muscle cell|capillary endothelial cell|cardiac endothelial cell|ciliated epithelial cell|classical monocyte|club cell|colon endothelial cell|colon macrophage|common myeloid progenitor|conjunctival epithelial cell|connective tissue cell|corneal epithelial cell|duct epithelial cell|endothelial cell|endothelial cell of arteriole|endothelial cell of artery|endothelial cell of lymphatic vessel|endothelial cell of vascular tree|endothelial cell of venule|enterochromaffin-like cell|enterocyte of epithelium of large intestine|enterocyte of epithelium proper of duodenum|enterocyte of epithelium proper of ileum|enterocyte of epithelium proper of jejunum|enterocyte of epithelium proper of small intestine|enteroendocrine cell|enteroendocrine cell of small intestine|enteroglial cell|epithelial cell|epithelial cell of uterus|epithelial fate stem cell|erythrocyte|erythroid lineage cell|erythroid progenitor cell|eye photoreceptor cell|fast muscle cell|fibroblast|fibroblast of breast|fibroblast of cardiac tissue|gamma-delta T cell|glandular secretory epithelial cell|glial cell|granulocyte|hematopoietic cell|hematopoietic precursor cell|hematopoietic stem cell|hepatic stellate cell|hepatocyte|innate lymphoid cell|intermediate monocyte|interstitial cell of Cajal|intestinal crypt stem cell of colon|intestinal crypt stem cell of small intestine|intestinal tuft cell|intrahepatic cholangiocyte|ionocyte|keratocyte|kidney epithelial cell|large intestine goblet cell|leukocyte|luminal cell of prostate epithelium|luminal epithelial cell of mammary gland|lung multiciliated epithelial cell|macrophage|male germ cell|mast cell|mature NK T cell|medullary thymic epithelial cell|melanocyte|mesenchymal cell|mesenchymal stem cell|mesenchymal stem cell of adipose tissue|mesothelial cell|microglial cell|monocyte|mononuclear phagocyte|mucus secreting cell|multiciliated columnar cell of tracheobronchial tree|mural cell|muscle cell|myeloid cell|myeloid dendritic cell|myeloid leukocyte|myo-medullary thymic epithelial cell|myoepithelial cell|myofibroblast cell|myometrial cell|naive thymus-derived CD4-positive, alpha-beta T cell|naive thymus-derived CD8-positive, alpha-beta T cell|natural killer cell|neuro-medullary thymic epithelial cell|neuron|neutrophil|non-classical monocyte|oocyte|ovarian surface epithelial cell|pancreatic A cell|pancreatic D cell|pancreatic PP cell|pancreatic acinar cell|pancreatic ductal cell|pancreatic stellate cell|paneth cell of colon|paneth cell of epithelium of small intestine|pericyte|peritubular myoid cell|plasma cell|plasmacytoid dendritic cell|platelet|progenitor cell of mammary luminal epithelium|pulmonary alveolar type 1 cell|pulmonary alveolar type 2 cell|pulmonary ionocyte|radial glial cell|regular atrial cardiac myocyte|regulatory T cell|respiratory tract goblet cell|retina horizontal cell|retinal bipolar neuron|retinal blood vessel endothelial cell|retinal ganglion cell|retinal pigment epithelial cell|salivary gland cell|sebocyte|serous cell of epithelium of bronchus|serous cell of epithelium of trachea|skeletal muscle satellite stem cell|slow muscle cell|small intestine goblet cell|smooth muscle cell|spermatid|spermatocyte|spermatogonium|stratified squamous epithelial cell|stromal cell|stromal cell of ovary|supporting cell of vestibular epithelium|taste receptor cell|tendon cell|theca cell|thymic fibroblast type 1|thymic fibroblast type 2|thymocyte|tissue-resident macrophage|tongue muscle cell|tracheal goblet cell|transit amplifying cell of colon|transit amplifying cell of small intestine|tuft cell of colon|type B pancreatic cell|type L enteroendocrine cell|unknown|vascular associated smooth muscle cell|vein endothelial cell|ventricular cardiac muscle cell|vestibular dark cell	10x 3' v3;10x 5' v2;Smart-seq2;Smart-seq3	cell	normal	https://datasets.cellxgene.cziscience.com/1c88f927-bcbb-4bb1-9881-281842945a2d.h5ad	45013733785		https://cellxgene.cziscience.com/e/53d208b0-2cfd-4366-9866-c3c6114081bc.cxg/
c114c20f-1ef4-49a5-9c2e-d965787fb90c	A human cell atlas of fetal gene expression	10.1126/science.aba7721	fa27492b-82ff-4ab7-ac61-0e2b184eee67	Survey of human embryonic development (1 million cells subset)	1001288	0	[False]	adrenal gland;cerebellum;eye;heart;intestine;kidney;liver;lung;muscle organ;pancreas;placenta;spleen;stomach;telencephalon;thymus	eye;spleen	RPE;photoreceptor	72	GABAergic neuron|Mueller cell|Purkinje cell|Schwann cell|acinar cell|amacrine cell|astrocyte|bipolar neuron|blood vessel endothelial cell|cardiac muscle cell|cell of skeletal muscle|chorionic trophoblast cell|chromaffin cell|ciliated epithelial cell|corneal epithelial cell|cortical cell of adrenal gland|dermis microvascular lymphatic vessel endothelial cell|endocardial cell|endocrine cell|endothelial cell of lymphatic vessel|endothelial cell of vascular tree|enteric neuron|epicardial adipocyte|epithelial cell of lower respiratory tract|epithelial cell of thymus|erythroblast|extravillous trophoblast|ganglion interneuron|glial cell|glutamatergic neuron|goblet cell|granule cell|hematopoietic cell|hematopoietic stem cell|hepatic stellate cell|hepatoblast|inhibitory interneuron|innate lymphoid cell|intestinal epithelial cell|lens fiber cell|macroglial cell|megakaryocyte|mesangial cell|mesothelial cell|microglial cell|myeloid cell|neuroendocrine cell|neuron|neuron associated cell (sensu Vertebrata)|oligodendrocyte|pancreatic ductal cell|photoreceptor cell|professional antigen presenting cell|regular atrial cardiac myocyte|retina horizontal cell|retinal ganglion cell|retinal pigment epithelial cell|skeletal muscle satellite cell|smooth muscle cell|squamous epithelial cell|stellate neuron|stromal cell|sympathetic neuron|syncytiotrophoblast cell|taste receptor cell|thymocyte|trophoblast giant cell|tuft cell|unipolar brush cell|unknown|ventricular cardiac muscle cell|visceromotor neuron	sci-RNA-seq3	nucleus;cell	normal;trisomy 18	https://datasets.cellxgene.cziscience.com/f6271b1a-71f7-4c4e-a109-c9949ac42bc1.h5ad	4941803071		https://cellxgene.cziscience.com/e/fa27492b-82ff-4ab7-ac61-0e2b184eee67.cxg/
05e3d0fc-c9dd-4f14-9163-2b242b3bb5c2	Single cell atlas of the human optic nerve	None	3c364ffe-d599-44d5-a77f-6c5fd7038cf6	snRNA-seq of human optic nerve and optic nerve head - all cells	959629	813508	[True, False]	cranial nerve II;optic disc	eye	RPE;photoreceptor	52	B cell|GABAergic amacrine cell|H1 horizontal cell|H2 horizontal cell|Mueller cell|OFF midget ganglion cell|OFF parasol ganglion cell|OFFx cell|ON midget ganglion cell|ON parasol ganglion cell|ON-blue cone bipolar cell|S cone cell|T cell|adipocyte|amacrine cell|astrocyte|blood vessel endothelial cell|capillary endothelial cell|dendritic cell|diffuse bipolar 1 cell|diffuse bipolar 2 cell|diffuse bipolar 3a cell|diffuse bipolar 3b cell|diffuse bipolar 4a cell|diffuse bipolar 4b cell|diffuse bipolar 5 cell|diffuse bipolar 6 cell|endothelial cell of venule|fenestrated endothelial cell|fibroblast|flat midget bipolar cell|giant bipolar cell|glycinergic amacrine cell|invaginating midget bipolar cell|macrophage|mast cell|melanocyte|microglial cell|myelinating Schwann cell|natural killer cell|non-myelinating Schwann cell|oligodendrocyte|oligodendrocyte precursor cell|pericyte|pigmented epithelial cell|retinal astrocyte|retinal cone cell|retinal ganglion cell|retinal pigment epithelial cell|retinal rod cell|rod bipolar cell|vascular associated smooth muscle cell	10x 3' v3	nucleus	normal	https://datasets.cellxgene.cziscience.com/b27057d6-a6a0-40e8-a4ba-5373a03746d2.h5ad	9317415100		https://cellxgene.cziscience.com/e/3c364ffe-d599-44d5-a77f-6c5fd7038cf6.cxg/
283d65eb-dd53-496d-adb7-7570c7caa443	Human Brain Cell Atlas v1.0	10.1126/science.add7046	b165f033-9dec-468a-9248-802fc6902a74	All non-neuronal cells	888263	0	[False]	Brodmann (1909) area 13;Brodmann (1909) area 14;Brodmann (1909) area 19;Brodmann (1909) area 23;Brodmann (1909) area 24;Brodmann (1909) area 25;Brodmann (1909) area 32;Brodmann (1909) area 35;Brodmann (1909) area 38;Brodmann (1909) area 40;Brodmann (1909) area 43;Brodmann (1909) area 46;accessory basal amygdaloid nucleus;agranular insular cortex;anterior cortical amygdaloid nucleus;anterior nuclear group;anterior olfactory nucleus;basolateral amygdaloid nuclear complex;bed nucleus of stria terminalis;body of caudate nucleus;central amygdaloid nucleus;centromedian nucleus of thalamus;cerebellar nuclear complex;cerebellar vermis;cerebrocerebellum;claustrum of brain;corticomedial nuclear complex;cuneus cortex;dentate gyrus of hippocampal formation;dorsal tegmental nucleus;epithalamus;extrastriate cortex;globus pallidus;granular insular cortex;gray matter of midbrain;hippocampal field;hypothalamus;inferior frontal gyrus;inferior olivary complex;inferior temporal gyrus;intralaminar nuclear group;lateral amygdaloid nucleus;lateral entorhinal cortex;lateral geniculate body;lateral nuclear group of thalamus;lateral posterior nucleus of thalamus;mammillary body;medial dorsal nucleus of thalamus;medial entorhinal cortex;medial geniculate body;medial zone of hypothalamus;median tuberal portion;midbrain nucleus;midbrain tectum;middle temporal gyrus;nucleus accumbens;nucleus of dorsal thalamus;nucleus of medulla oblongata;parabrachial nucleus;perirhinal cortex;piriform cortex;pontine nuclear group;pontine reticular formation;pontine tegmentum;posterior parahippocampal gyrus;preoptic area;pretectal region;primary auditory cortex;primary motor cortex;primary somatosensory cortex;primary visual cortex;pulvinar nucleus;putamen;red nucleus;retrosplenial region;rostral CA3;septal nuclear complex;spinal cord;subicular complex;substantia innominata;substantia nigra;subthalamic nucleus;superior parietal cortex;superior temporal gyrus;supraoptic nucleus;temporal fusiform gyrus;uncal CA1;ventral anterior nucleus of thalamus	eye	choroid_plexus_epithelium	13	Bergmann glial cell|astrocyte|central nervous system macrophage|choroid plexus epithelial cell|committed oligodendrocyte precursor|endothelial cell|ependymal cell|fibroblast|microglial cell|oligodendrocyte|oligodendrocyte precursor cell|pericyte|vascular associated smooth muscle cell	10x 3' v3	nucleus	normal	https://datasets.cellxgene.cziscience.com/bef677f9-90fa-4cc4-a0f8-6892c6f646bb.h5ad	4666925886		https://cellxgene.cziscience.com/e/b165f033-9dec-468a-9248-802fc6902a74.cxg/
48c15b0c-6039-4e0f-9668-b6b3c0b830ad	Single cell atlas of the human retinal pigment epithelium and the choroid	10.64898/2026.07.23.740352	1a9f3b38-b86d-416d-bbdc-9058ad3ff42d	snRNA-seq of human of the human retinal pigment epithelium and the choroid - v1	715619	670494	[True, False]	chorioretinal region	eye	RPE	21	B cell|T cell|blood vessel smooth muscle cell|classical monocyte|dendritic cell|endothelial cell of arteriole|endothelial cell of artery|endothelial cell of venule|fenestrated endothelial cell|fibroblast|macrophage|mast cell|melanocyte|monocyte|myelinating Schwann cell|natural killer cell|non-myelinating Schwann cell|pericyte|plasma cell|platelet|retinal pigment epithelial cell	10x 3' v3;10x 5' v2	nucleus	normal	https://datasets.cellxgene.cziscience.com/79fa1bd5-eccd-43d3-a3f8-b1f3f6971b9e.h5ad	5712023760		https://cellxgene.cziscience.com/e/1a9f3b38-b86d-416d-bbdc-9058ad3ff42d.cxg/
4c6eaf5c-6d57-4c76-b1e9-60df8c655f1e	Single cell atlas of the human retina	10.1038/s41588-025-02454-1	975fd2d3-1982-47a1-9ef7-8cde3345f219	snRNA-seq of human retina - bipolar cell subset	691008	0	[False]	fovea centralis;macula lutea;macula lutea proper;peripheral region of retina	eye	photoreceptor	13	OFFx cell|ON-blue cone bipolar cell|diffuse bipolar 1 cell|diffuse bipolar 2 cell|diffuse bipolar 3a cell|diffuse bipolar 3b cell|diffuse bipolar 4 cell|diffuse bipolar 6 cell|flat midget bipolar cell|giant bipolar cell|invaginating midget bipolar cell|retinal bipolar neuron|rod bipolar cell	10x 3' v3	nucleus	normal	https://datasets.cellxgene.cziscience.com/6c9f72ef-bc79-4a98-a323-d26252cf5dab.h5ad	6990850926		https://cellxgene.cziscience.com/e/975fd2d3-1982-47a1-9ef7-8cde3345f219.cxg/
38833785-fac5-48fd-944a-0f62a4c23ed1	Construction of a human cell landscape at single-cell level	10.1038/s41586-020-2157-4	2adb1f8a-a6b1-4909-8ee8-484814e2d4bf	Construction of a human cell landscape at single-cell level	599926	599926	[True]	adipose tissue;adrenal gland;artery;ascending colon;bladder organ;blood;bone marrow;brain;cerebellum;chorionic villus;duodenum;embryonic stem cell;esophagus;eye;fallopian tube;gallbladder;heart;ileum;intestine;jejunum;kidney;liver;lung;muscle organ;omentum;ovary;pancreas;placenta;pleura;prostate gland;rectum;rib;sigmoid colon;skin of body;spinal cord;spleen;stomach;temporal lobe;testis;thymus;thyroid gland;trachea;transverse colon;umbilical cord blood;ureter;uterine cervix;uterus;vault of skull;vermiform appendix	eye;spleen;testis;urothelium	Sertoli	44	B cell|M2 macrophage|Sertoli cell|T cell|acinar cell|astrocyte|basal cell|cell of skeletal muscle|chondrocyte|cord blood hematopoietic stem cell|dendritic cell|embryonic stem cell|endocrine cell|endothelial cell|enterocyte|epithelial cell|epithelial cell of exocrine pancreas|epithelial cell of proximal tubule|erythroid lineage cell|erythroid progenitor cell|fibroblast|goblet cell|inflammatory cell|kidney loop of Henle epithelial cell|macrophage|mast cell|mesenchymal stem cell|mesothelial cell|monocyte|myeloid cell|neuron|neutrophil|oligodendrocyte|peptic cell|plasma cell|primordial germ cell|professional antigen presenting cell|pulmonary alveolar type 2 cell|renal intercalated cell|smooth muscle cell|stratified epithelial cell|stromal cell|thyroid follicular cell|ventricular cardiac muscle cell	microwell-seq	cell	normal	https://datasets.cellxgene.cziscience.com/f56c02aa-01c0-4fe0-b0ef-7a92bdba5a29.h5ad	1401701630		https://cellxgene.cziscience.com/e/2adb1f8a-a6b1-4909-8ee8-484814e2d4bf.cxg/
48c15b0c-6039-4e0f-9668-b6b3c0b830ad	Single cell atlas of the human retinal pigment epithelium and the choroid	10.64898/2026.07.23.740352	53d9dafe-deb9-40b2-8bb4-38774fc8fc02	snRNA-seq of human of the human retinal pigment epithelium and the choroid - all cells	566546	0	[False]	chorioretinal region	eye	RPE	28	B cell|Schwann cell|T cell|classical monocyte|cytotoxic T cell|dendritic cell|endothelial cell of arteriole|endothelial cell of artery|endothelial cell of venule|fenestrated endothelial cell|fibroblast|helper T cell|innate lymphoid cell|macrophage|mast cell|megakaryocyte|melanocyte|myelinating Schwann cell|natural killer cell|non-classical monocyte|non-myelinating Schwann cell|pericyte|plasma cell|plasmacytoid dendritic cell|retinal pigment epithelial cell|smooth muscle cell|vascular associated smooth muscle cell|vein endothelial cell	10x 3' v3;10x 5' v2	nucleus	normal	https://datasets.cellxgene.cziscience.com/00ad64f9-ff32-445d-a51b-05e499fa3491.h5ad	4966942389		https://cellxgene.cziscience.com/e/53d9dafe-deb9-40b2-8bb4-38774fc8fc02.cxg/
4c6eaf5c-6d57-4c76-b1e9-60df8c655f1e	Single cell atlas of the human retina	10.1038/s41588-025-02454-1	be41a86a-b606-4b1c-8055-32f334898775	scRNA-seq of human retina - all cells	265767	6061	[True, False]	chorioretinal region;fovea centralis;macula lutea proper;peripheral region of retina;retinal neural layer	eye	RPE;photoreceptor	18	GABAergic amacrine cell|H1 horizontal cell|H2 horizontal cell|Mueller cell|S cone cell|amacrine cell|astrocyte|glycinergic amacrine cell|microglial cell|midget ganglion cell of retina|parasol ganglion cell of retina|retinal bipolar neuron|retinal cone cell|retinal ganglion cell|retinal pigment epithelial cell|retinal rod cell|rod bipolar cell|starburst amacrine cell	10x 3' v2;10x 3' v3	cell	normal	https://datasets.cellxgene.cziscience.com/9847a0f8-18a0-411c-bff9-827a607e7fcf.h5ad	2539032977		https://cellxgene.cziscience.com/e/be41a86a-b606-4b1c-8055-32f334898775.cxg/
2600aac1-ef5e-4dcd-bbc9-f9f3d8a613ea	HiPSC-derived retinal organoid subpopulations from healthy and POAG donors	10.1016/j.xgen.2022.100142	d71c6645-7ecb-4396-9c80-04d2749ab2e0	HiPSC-derived retinal organoid subpopulations from healthy and POAG donors	247520	247520	[True]	optic cup	eye	RPE;photoreceptor	6	lens fiber cell|retina horizontal cell|retinal cone cell|retinal ganglion cell|retinal pigment epithelial cell|retinal progenitor cell	10x 3' v2	cell	normal;open-angle glaucoma	https://datasets.cellxgene.cziscience.com/a41c6cfe-959d-42e0-b36f-42ce6c14de87.h5ad	2107118094		https://cellxgene.cziscience.com/e/d71c6645-7ecb-4396-9c80-04d2749ab2e0.cxg/
af893e86-8e9f-41f1-a474-ef05359b1fb7	Single-cell transcriptomic atlas for adult human retina	10.1016/j.xgen.2023.100298	0129dbd9-a7d3-4f6b-96b9-1da155a93748	All major cell types in adult human retina	244474	244474	[True]	fovea centralis;macula lutea proper;peripheral region of retina	eye	photoreceptor	6	amacrine cell|glial cell|retina horizontal cell|retinal bipolar neuron|retinal cone cell|retinal rod cell	10x 3' v3	nucleus	normal	https://datasets.cellxgene.cziscience.com/7f2413c4-38c2-4559-a959-e649e2118586.h5ad	18859417847		https://cellxgene.cziscience.com/e/0129dbd9-a7d3-4f6b-96b9-1da155a93748.cxg/
e5f58829-1a66-40b5-a624-9046778e74f5	Tabula Sapiens	10.1126/science.abl4896	97a17473-e2b1-4f31-a544-44a60773e2dd	Tabula Sapiens - Epithelium	228032	0	[False]	anterior part of tongue;anterior segment of eyeball;ascending colon;bladder organ;buccal mucosa;cardiac atrium;cardiac ventricle;chorioretinal region;conjunctiva;cornea;cortex of kidney;crista ampullaris;duodenum;endocrine pancreas;endometrium;exocrine pancreas;eye;eyelid;heart;heart right ventricle;ileum;jejunum;kidney;lacrimal gland;large intestine;left ovary;liver;lung;mammary gland;mucosa of stomach;muscle of abdomen;muscle of pelvic diaphragm;myometrium;ocular surface region;ovary;parotid gland;posterior part of tongue;posterior segment of eyeball;prostate gland;right ovary;sclera;sigmoid colon;skin of abdomen;skin of body;skin of chest;small intestine;stomach;stomach smooth muscle;sublingual gland;submandibular gland;testis;thymus;tongue;trachea;uterus;utricle of membranous labyrinth	eye;testis;urothelium	RPE;urothelium	74	BEST4+ enterocyte|acinar cell|acinar cell of salivary gland|basal cell|basal cell of prostate epithelium|bladder urothelial cell|blood vessel smooth muscle cell|ciliated epithelial cell|club cell|conjunctival epithelial cell|corneal epithelial cell|duct epithelial cell|enterochromaffin-like cell|enterocyte of epithelium of large intestine|enterocyte of epithelium proper of duodenum|enterocyte of epithelium proper of ileum|enterocyte of epithelium proper of jejunum|enterocyte of epithelium proper of small intestine|enteroendocrine cell|enteroendocrine cell of small intestine|epithelial cell|epithelial cell of uterus|epithelial fate stem cell|glandular secretory epithelial cell|hepatocyte|interstitial cell of Cajal|intestinal crypt stem cell of colon|intestinal crypt stem cell of small intestine|intestinal tuft cell|intrahepatic cholangiocyte|ionocyte|keratocyte|kidney epithelial cell|large intestine goblet cell|luminal cell of prostate epithelium|luminal epithelial cell of mammary gland|lung multiciliated epithelial cell|medullary thymic epithelial cell|mesothelial cell|mucus secreting cell|multiciliated columnar cell of tracheobronchial tree|myo-medullary thymic epithelial cell|myoepithelial cell|neuro-medullary thymic epithelial cell|ovarian surface epithelial cell|pancreatic A cell|pancreatic D cell|pancreatic PP cell|pancreatic acinar cell|pancreatic ductal cell|paneth cell of colon|paneth cell of epithelium of small intestine|peritubular myoid cell|progenitor cell of mammary luminal epithelium|pulmonary alveolar type 1 cell|pulmonary alveolar type 2 cell|pulmonary ionocyte|respiratory tract goblet cell|retinal pigment epithelial cell|salivary gland cell|sebocyte|serous cell of epithelium of bronchus|serous cell of epithelium of trachea|small intestine goblet cell|stratified squamous epithelial cell|supporting cell of vestibular epithelium|taste receptor cell|tracheal goblet cell|transit amplifying cell of colon|transit amplifying cell of small intestine|tuft cell of colon|type B pancreatic cell|type L enteroendocrine cell|vestibular dark cell	10x 3' v3;10x 5' v2;Smart-seq2	cell	normal	https://datasets.cellxgene.cziscience.com/1536d673-07ba-4f84-abd1-7e08c21a8c30.h5ad	11603985730		https://cellxgene.cziscience.com/e/97a17473-e2b1-4f31-a544-44a60773e2dd.cxg/
5900dda8-2dc3-4770-b604-084eac1c2c82	Single Cell Multiome Atlas of the Human Fetal Retina	10.1038/s41467-024-50853-5	963a08cb-d995-4862-9614-f9d38a7d7540	snRNA-seq of the developing human retina	226506	226506	[True]	macula lutea;peripheral region of retina;retina	eye	photoreceptor	28	GABAergic amacrine cell|H1 horizontal cell|H2 horizontal cell|Mueller cell|OFF parasol ganglion cell|OFFx cell|ON parasol ganglion cell|ON-bipolar cell|S cone cell|amacrine cell|diffuse bipolar 1 cell|diffuse bipolar 2 cell|diffuse bipolar 3a cell|diffuse bipolar 3b cell|diffuse bipolar 4 cell|diffuse bipolar 6 cell|flat midget bipolar cell|glycinergic amacrine cell|invaginating midget bipolar cell|midget ganglion cell of retina|retina horizontal cell|retinal bipolar neuron|retinal cone cell|retinal ganglion cell|retinal progenitor cell|retinal rod cell|rod bipolar cell|starburst amacrine cell	10x multiome	nucleus	normal	https://datasets.cellxgene.cziscience.com/883270e9-41e6-4c2c-b352-b15c292d2a34.h5ad	3076605124		https://cellxgene.cziscience.com/e/963a08cb-d995-4862-9614-f9d38a7d7540.cxg/
48c15b0c-6039-4e0f-9668-b6b3c0b830ad	Single cell atlas of the human retinal pigment epithelium and the choroid	10.64898/2026.07.23.740352	5ed90bc0-12f3-4354-b314-0ce0dbb96458	scRNA-seq of human of the human retinal pigment epithelium and the choroid	182151	173736	[True, False]	chorioretinal region;eyeball of camera-type eye;optic choroid;pigmented layer of retina	eye	RPE	18	B cell|T cell|blood vessel smooth muscle cell|dendritic cell|endothelial cell of arteriole|endothelial cell of venule|fenestrated endothelial cell|fibroblast|macrophage|mast cell|melanocyte|monocyte|myelinating Schwann cell|natural killer cell|non-myelinating Schwann cell|pericyte|plasma cell|retinal pigment epithelial cell	10x 3' v2;10x 3' v3;10x 5' v2	cell	normal	https://datasets.cellxgene.cziscience.com/68493594-1bde-4b8b-8916-473a10caf035.h5ad	2778527352		https://cellxgene.cziscience.com/e/5ed90bc0-12f3-4354-b314-0ce0dbb96458.cxg/
a26f9885-1b18-410c-a8c2-955ec5bb2efc	HiPSC-derived retinal pigmented epithelium from healthy and AMD-GA donors	10.1038/s41467-022-31707-4	a41fb1c7-87d1-4840-a375-a1a6b3ab6737	HiPSC-derived retinal pigmented epithelium from healthy and AMD-GA donors	127659	127659	[True]	retinal pigment epithelial cell	eye	RPE	2	retinal pigment epithelial cell|retinal progenitor cell	10x 3' v3	cell	age-related macular degeneration;normal	https://datasets.cellxgene.cziscience.com/577b178e-0999-4b6e-bd87-d37081c913aa.h5ad	1843011041		https://cellxgene.cziscience.com/e/a41fb1c7-87d1-4840-a375-a1a6b3ab6737.cxg/
283d65eb-dd53-496d-adb7-7570c7caa443	Human Brain Cell Atlas v1.0	10.1126/science.add7046	f32c2c13-bb1a-4ffd-a457-60b64ecfa4cb	Dissection: Cerebral cortex (Cx) - Precentral gyrus (PrCG) - Primary motor cortex - M1C	116576	116576	[True]	primary motor cortex		choroid_plexus_epithelium	35	Lamp5 Lhx6 neuron|T cell|amygdala excitatory neuron|astrocyte|caudal ganglionic eminence derived interneuron|central nervous system macrophage|cerebellar granule cell|cerebellar inhibitory GABAergic interneuron|cerebral cortex neuron|choroid plexus epithelial cell|committed oligodendrocyte precursor|dentate gyrus granule cell|eccentric medium spiny neuron|endothelial cell|fibroblast|hippocampal CA1-3 neuron|hippocampal CA4 neuron|intratelencephalic-projecting glutamatergic cortical neuron|mammillary body neuron|medial ganglionic eminence derived interneuron|medium spiny neuron|microglial cell|midbrain-derived inhibitory neuron|monocyte|natural killer cell|near-projecting glutamatergic cortical neuron|neuron|oligodendrocyte|oligodendrocyte precursor cell|pericyte|pvalb chandelier GABAergic interneuron|sst chodl GABAergic interneuron|thalamic excitatory neuron|unipolar brush cell|vascular associated smooth muscle cell	10x 3' v3	nucleus	normal	https://datasets.cellxgene.cziscience.com/87e73a20-47e3-476c-8955-13eced77d320.h5ad	1493677400		https://cellxgene.cziscience.com/e/f32c2c13-bb1a-4ffd-a457-60b64ecfa4cb.cxg/
c11009b8-b113-4a99-9890-78b2f9df9d79	Human fetal retina atlas v1 - Unraveling the developmental heterogeneity within the human retina to reconstruct the continuity of retinal ganglion cell maturation and stage-specific intrinsic and extrinsic factors	10.1016/j.ydbio.2025.08.025	aecc2743-4ff2-4b55-ac8c-a1ff76fc4bb4	Human Fetal Retina Atlas	108838	108838	[True]	central retina;peripheral region of retina;retina	eye	photoreceptor	9	Mueller cell|amacrine cell|microglial cell|retina horizontal cell|retinal astrocyte|retinal cone cell|retinal ganglion cell|retinal progenitor cell|retinal rod cell	10x 3' v1;10x 3' v2;10x 3' v3	cell	normal	https://datasets.cellxgene.cziscience.com/3fdf264b-40f6-4f5a-b433-bddba1bbebf4.h5ad	726874325		https://cellxgene.cziscience.com/e/aecc2743-4ff2-4b55-ac8c-a1ff76fc4bb4.cxg/
939769a8-d8d2-4d01-abfc-55699893fd49	Integration of eQTL and a Single-Cell Atlas in the Human Eye Identifies Causal Genes for Age-Related Macular Degeneration	10.1016/j.celrep.2019.12.082	e6dad530-418b-47f9-af6e-472e56a7b314	All cell types of human eye	100055	100055	[True]	retina	eye	RPE;photoreceptor	11	Mueller cell|amacrine cell|astrocyte|myeloid cell|retina horizontal cell|retinal bipolar neuron|retinal cone cell|retinal ganglion cell|retinal pigment epithelial cell|retinal rod cell|unknown	10x 3' v3	nucleus	normal	https://datasets.cellxgene.cziscience.com/4c30d8ad-425e-46b4-8333-c4c809783918.h5ad	913470148		https://cellxgene.cziscience.com/e/e6dad530-418b-47f9-af6e-472e56a7b314.cxg/
afd343f4-bb60-4632-9902-73a4a1ff1557	A poly(A) isoform–aware single-cell and spatial atlas defines fibroblast niches in the human bladder	10.64898/2025.12.18.695268	fb5eeccf-3c2a-473c-b6e3-7a1dda18d42d	scRNA-seq bladder atlas dataset	74694	64981	[True, False]	dome of urinary bladder;neck of urinary bladder;ureteral orifice;ureterovesical junction	urothelium	urothelium	16	Schwann cell|T cell|adipocyte|dendritic cell|endothelial cell of artery|endothelial cell of lymphatic vessel|fibroblast|macrophage|mast cell|mature NK T cell|monocyte|plasma cell|smooth muscle cell|urothelial cell|vascular associated smooth muscle cell|vein endothelial cell	10x 3' v3	nucleus	normal	https://datasets.cellxgene.cziscience.com/1352a8d5-e392-4e1d-8acd-c47f3c93f22e.h5ad	978374763		https://cellxgene.cziscience.com/e/fb5eeccf-3c2a-473c-b6e3-7a1dda18d42d.cxg/
4c6eaf5c-6d57-4c76-b1e9-60df8c655f1e	Single cell atlas of the human retina	10.1038/s41588-025-02454-1	459dc9de-9ab8-4e4d-ac44-182595b1c18b	scRNA-seq of human retina - bipolar cell subclass	72788	0	[False]	chorioretinal region;fovea centralis;macula lutea proper;peripheral region of retina;retinal neural layer	eye	photoreceptor	13	OFFx cell|ON-blue cone bipolar cell|diffuse bipolar 1 cell|diffuse bipolar 2 cell|diffuse bipolar 3a cell|diffuse bipolar 3b cell|diffuse bipolar 4 cell|diffuse bipolar 6 cell|flat midget bipolar cell|giant bipolar cell|invaginating midget bipolar cell|retinal bipolar neuron|rod bipolar cell	10x 3' v2;10x 3' v3	cell	normal	https://datasets.cellxgene.cziscience.com/a11a14b3-13ea-4c22-a961-45a377091fea.h5ad	631438805		https://cellxgene.cziscience.com/e/459dc9de-9ab8-4e4d-ac44-182595b1c18b.cxg/
48c15b0c-6039-4e0f-9668-b6b3c0b830ad	Single cell atlas of the human retinal pigment epithelium and the choroid	10.64898/2026.07.23.740352	f28376c8-2ca0-419f-8e22-543f71457eb3	snRNA-seq of human of the human retinal pigment epithelium and the choroid - retinal pigment epithelial cells	69244	0	[False]	chorioretinal region	eye	RPE	1	retinal pigment epithelial cell	10x 3' v3;10x 5' v2	nucleus	normal	https://datasets.cellxgene.cziscience.com/469d0939-0439-4255-a9d0-e85a51770d01.h5ad	829524220		https://cellxgene.cziscience.com/e/f28376c8-2ca0-419f-8e22-543f71457eb3.cxg/
e5f58829-1a66-40b5-a624-9046778e74f5	Tabula Sapiens	10.1126/science.abl4896	e5c63d94-593c-4338-a489-e1048599e751	Tabula Sapiens - Bladder	66385	0	[False]	bladder organ	urothelium	urothelium	22	B cell|CD4-positive, alpha-beta T cell|CD8-positive, alpha-beta T cell|T cell|bladder urothelial cell|capillary endothelial cell|endothelial cell|endothelial cell of lymphatic vessel|erythrocyte|fibroblast|macrophage|mast cell|mature NK T cell|monocyte|myofibroblast cell|natural killer cell|neutrophil|pericyte|plasma cell|regulatory T cell|smooth muscle cell|vein endothelial cell	10x 3' v3;Smart-seq2	cell	normal	https://datasets.cellxgene.cziscience.com/8ffc335d-36fa-461e-be47-cd6503833420.h5ad	3317048769		https://cellxgene.cziscience.com/e/e5c63d94-593c-4338-a489-e1048599e751.cxg/
939769a8-d8d2-4d01-abfc-55699893fd49	Integration of eQTL and a Single-Cell Atlas in the Human Eye Identifies Causal Genes for Age-Related Macular Degeneration	10.1016/j.celrep.2019.12.082	389bfbb9-8ef1-4582-8c41-410131c3d0eb	Rod cells of human eye	62509	0	[False]	retina	eye	photoreceptor	1	retinal rod cell	10x 3' v3	nucleus	normal	https://datasets.cellxgene.cziscience.com/489e1de0-74ae-4fd3-91ed-ba9f0c99fb7d.h5ad	513017842		https://cellxgene.cziscience.com/e/389bfbb9-8ef1-4582-8c41-410131c3d0eb.cxg/
283d65eb-dd53-496d-adb7-7570c7caa443	Human Brain Cell Atlas v1.0	10.1126/science.add7046	095940cb-7422-4510-96e2-cbafd961eb88	Dissection: Cerebellum (CB) - Cerebellar deep nuclei - CbDN	52045	52045	[True]	cerebellar nuclear complex		choroid_plexus_epithelium	24	B cell|Bergmann glial cell|T cell|astrocyte|central nervous system macrophage|cerebellar granule cell|cerebellar inhibitory GABAergic interneuron|choroid plexus epithelial cell|committed oligodendrocyte precursor|endothelial cell|ependymal cell|fibroblast|medial ganglionic eminence derived interneuron|medium spiny neuron|microglial cell|midbrain-derived inhibitory neuron|monocyte|natural killer cell|neuron|oligodendrocyte|oligodendrocyte precursor cell|pericyte|unipolar brush cell|vascular associated smooth muscle cell	10x 3' v3	nucleus	normal	https://datasets.cellxgene.cziscience.com/25fc7a45-fd9c-470c-8631-3ea159cd8da0.h5ad	320300397		https://cellxgene.cziscience.com/e/095940cb-7422-4510-96e2-cbafd961eb88.cxg/
348da6dc-5bf6-435d-adc5-37747b9ae38a	Single-cell multiome of the human retina and deep learning nominate causal variants in complex eye diseases	10.1016/j.xgen.2022.100164	322c816f-608a-4da1-99c4-36ca4ad45146	Joint scRNA-seq and scATAC-seq atlas of the adult human retina	51645	51645	[True]	retina	eye	photoreceptor	11	Mueller cell|OFF-bipolar cell|ON-bipolar cell|amacrine cell|astrocyte|microglial cell|retina horizontal cell|retinal cone cell|retinal ganglion cell|retinal rod cell|rod bipolar cell	10x multiome	nucleus	normal	https://datasets.cellxgene.cziscience.com/74ec3a77-f1ff-4e90-af45-b8937cea0a8f.h5ad	417344323		https://cellxgene.cziscience.com/e/322c816f-608a-4da1-99c4-36ca4ad45146.cxg/
283d65eb-dd53-496d-adb7-7570c7caa443	Human Brain Cell Atlas v1.0	10.1126/science.add7046	7c1c3d47-3166-43e5-9a95-65ceb2d45f78	Dissection: Pons (Pn) - Pontine reticular formation - PnRF	49512	49512	[True]	pontine reticular formation		choroid_plexus_epithelium	25	B cell|Bergmann glial cell|Purkinje cell|T cell|astrocyte|caudal ganglionic eminence derived interneuron|central nervous system macrophage|cerebellar granule cell|cerebellar inhibitory GABAergic interneuron|choroid plexus epithelial cell|committed oligodendrocyte precursor|endothelial cell|ependymal cell|fibroblast|intratelencephalic-projecting glutamatergic cortical neuron|microglial cell|midbrain-derived inhibitory neuron|monocyte|natural killer cell|neuron|oligodendrocyte|oligodendrocyte precursor cell|pericyte|unipolar brush cell|vascular associated smooth muscle cell	10x 3' v3	nucleus	normal	https://datasets.cellxgene.cziscience.com/43ed6161-81cf-4794-85d5-1173b51b398c.h5ad	421535519		https://cellxgene.cziscience.com/e/7c1c3d47-3166-43e5-9a95-65ceb2d45f78.cxg/
283d65eb-dd53-496d-adb7-7570c7caa443	Human Brain Cell Atlas v1.0	10.1126/science.add7046	9ec34295-ab16-47e2-af33-b884143e520b	Dissection: Midbrain (M) - Substantia Nigra, Red Nucleus, and nearby nuclei - SN-RN	49110	49110	[True]	midbrain nucleus		choroid_plexus_epithelium	25	B cell|T cell|astrocyte|caudal ganglionic eminence derived interneuron|central nervous system macrophage|cerebellar granule cell|cerebellar inhibitory GABAergic interneuron|choroid plexus epithelial cell|committed oligodendrocyte precursor|endothelial cell|ependymal cell|fibroblast|intratelencephalic-projecting glutamatergic cortical neuron|mammillary body neuron|microglial cell|midbrain-derived inhibitory neuron|monocyte|natural killer cell|neuron|oligodendrocyte|oligodendrocyte precursor cell|pericyte|thalamic excitatory neuron|unipolar brush cell|vascular associated smooth muscle cell	10x 3' v3	nucleus	normal	https://datasets.cellxgene.cziscience.com/0beb5c17-8951-4e94-a5d9-9b8e13784395.h5ad	384782997		https://cellxgene.cziscience.com/e/9ec34295-ab16-47e2-af33-b884143e520b.cxg/
283d65eb-dd53-496d-adb7-7570c7caa443	Human Brain Cell Atlas v1.0	10.1126/science.add7046	d2514440-d747-4d8d-b2c7-b58ef8b71fbe	Dissection: Thalamus (THM) - posterior nuclear complex of thalamus (PoN) - lateral geniculate nucleus (LG)	48856	48856	[True]	lateral geniculate body		choroid_plexus_epithelium	31	B cell|Lamp5 Lhx6 neuron|T cell|astrocyte|caudal ganglionic eminence derived interneuron|central nervous system macrophage|cerebellar granule cell|cerebellar inhibitory GABAergic interneuron|cerebral cortex neuron|choroid plexus epithelial cell|committed oligodendrocyte precursor|dentate gyrus granule cell|eccentric medium spiny neuron|endothelial cell|fibroblast|hippocampal CA1-3 neuron|intratelencephalic-projecting glutamatergic cortical neuron|medial ganglionic eminence derived interneuron|medium spiny neuron|microglial cell|midbrain-derived inhibitory neuron|monocyte|natural killer cell|neuron|oligodendrocyte|oligodendrocyte precursor cell|pericyte|pvalb chandelier GABAergic interneuron|thalamic excitatory neuron|unipolar brush cell|vascular associated smooth muscle cell	10x 3' v3	nucleus	normal	https://datasets.cellxgene.cziscience.com/9bbf6fa5-82de-41c1-9957-8790fb2d989d.h5ad	498063468		https://cellxgene.cziscience.com/e/d2514440-d747-4d8d-b2c7-b58ef8b71fbe.cxg/
283d65eb-dd53-496d-adb7-7570c7caa443	Human Brain Cell Atlas v1.0	10.1126/science.add7046	900fdf13-150d-4695-9f8c-4c09105ba2eb	Dissection: Pons (Pn) - efferent nuclei of cranial nerves in pons - PnEN	47416	47416	[True]	pontine tegmentum		choroid_plexus_epithelium	26	B cell|Bergmann glial cell|Purkinje cell|T cell|astrocyte|caudal ganglionic eminence derived interneuron|central nervous system macrophage|cerebellar granule cell|cerebellar inhibitory GABAergic interneuron|choroid plexus epithelial cell|committed oligodendrocyte precursor|endothelial cell|ependymal cell|fibroblast|intratelencephalic-projecting glutamatergic cortical neuron|microglial cell|midbrain-derived inhibitory neuron|monocyte|natural killer cell|neuron|oligodendrocyte|oligodendrocyte precursor cell|pericyte|pvalb chandelier GABAergic interneuron|unipolar brush cell|vascular associated smooth muscle cell	10x 3' v3	nucleus	normal	https://datasets.cellxgene.cziscience.com/92678be5-dd0f-4441-a9aa-cb96176b7f91.h5ad	427700271		https://cellxgene.cziscience.com/e/900fdf13-150d-4695-9f8c-4c09105ba2eb.cxg/
283d65eb-dd53-496d-adb7-7570c7caa443	Human Brain Cell Atlas v1.0	10.1126/science.add7046	ecd9230d-c571-4dab-abd3-8b54c74833f0	Dissection: Thalamus (THM) - lateral nuclear complex of thalamus (LNC) - Pulvinar of thalamus - Pul	46453	46453	[True]	pulvinar nucleus		choroid_plexus_epithelium	30	Bergmann glial cell|Lamp5 Lhx6 neuron|T cell|astrocyte|caudal ganglionic eminence derived interneuron|central nervous system macrophage|cerebellar granule cell|choroid plexus epithelial cell|committed oligodendrocyte precursor|dentate gyrus granule cell|endothelial cell|ependymal cell|fibroblast|hippocampal CA1-3 neuron|hippocampal CA4 neuron|intratelencephalic-projecting glutamatergic cortical neuron|medial ganglionic eminence derived interneuron|medium spiny neuron|microglial cell|midbrain-derived inhibitory neuron|monocyte|natural killer cell|neuron|oligodendrocyte|oligodendrocyte precursor cell|pericyte|pvalb chandelier GABAergic interneuron|sst chodl GABAergic interneuron|thalamic excitatory neuron|vascular associated smooth muscle cell	10x 3' v3	nucleus	normal	https://datasets.cellxgene.cziscience.com/cc594962-643a-4e37-9ad8-b074097326fe.h5ad	472019182		https://cellxgene.cziscience.com/e/ecd9230d-c571-4dab-abd3-8b54c74833f0.cxg/
2f4c738f-e2f3-4553-9db2-0582a38ea4dc	Cell Types of the Human Retina and Its Organoids at Single-Cell Resolution	10.1016/j.cell.2020.08.013	7e7f63c5-d964-40be-83de-ecbcccafd233	Organoid - Cell Types of the Human Retina and Its Organoids at Single-Cell Resolution	43857	43857	[True]	retina	eye	RPE;photoreceptor	11	Mueller cell|OFF-bipolar cell|ON-bipolar cell|amacrine cell|astrocyte|retina horizontal cell|retinal cone cell|retinal pigment epithelial cell|retinal rod cell|rod bipolar cell|unknown	10x 3' v2	cell	normal	https://datasets.cellxgene.cziscience.com/a3085c21-e8b8-42a0-b760-4f6db4f36578.h5ad	395321209		https://cellxgene.cziscience.com/e/7e7f63c5-d964-40be-83de-ecbcccafd233.cxg/
283d65eb-dd53-496d-adb7-7570c7caa443	Human Brain Cell Atlas v1.0	10.1126/science.add7046	70e4f35b-c98c-45a1-9aa9-2053b07315dd	Dissection: Basal forebrain (BF) - septal nuclei - SEP	40815	40815	[True]	septal nuclear complex		choroid_plexus_epithelium	35	B cell|Bergmann glial cell|Lamp5 Lhx6 neuron|T cell|amygdala excitatory neuron|astrocyte|caudal ganglionic eminence derived interneuron|central nervous system macrophage|cerebellar granule cell|cerebellar inhibitory GABAergic interneuron|cerebral cortex neuron|choroid plexus epithelial cell|committed oligodendrocyte precursor|eccentric medium spiny neuron|endothelial cell|ependymal cell|fibroblast|hippocampal CA1-3 neuron|hippocampal CA4 neuron|intratelencephalic-projecting glutamatergic cortical neuron|medial ganglionic eminence derived interneuron|medium spiny neuron|microglial cell|midbrain-derived inhibitory neuron|monocyte|natural killer cell|near-projecting glutamatergic cortical neuron|neuron|oligodendrocyte|oligodendrocyte precursor cell|pericyte|pvalb chandelier GABAergic interneuron|sst chodl GABAergic interneuron|thalamic excitatory neuron|vascular associated smooth muscle cell	10x 3' v3	nucleus	normal	https://datasets.cellxgene.cziscience.com/816e6677-96a8-4c9f-90cd-833c71c468c5.h5ad	394374678		https://cellxgene.cziscience.com/e/70e4f35b-c98c-45a1-9aa9-2053b07315dd.cxg/
283d65eb-dd53-496d-adb7-7570c7caa443	Human Brain Cell Atlas v1.0	10.1126/science.add7046	88a01d4a-5197-45be-b5ae-e019aef43376	Dissection: Cerebral cortex (Cx) - Superior Temporal Gyrus - STG	40565	40565	[True]	superior temporal gyrus		choroid_plexus_epithelium	26	Lamp5 Lhx6 neuron|T cell|amygdala excitatory neuron|astrocyte|caudal ganglionic eminence derived interneuron|central nervous system macrophage|cerebral cortex neuron|choroid plexus epithelial cell|committed oligodendrocyte precursor|eccentric medium spiny neuron|endothelial cell|fibroblast|intratelencephalic-projecting glutamatergic cortical neuron|medial ganglionic eminence derived interneuron|medium spiny neuron|microglial cell|monocyte|natural killer cell|near-projecting glutamatergic cortical neuron|neuron|oligodendrocyte|oligodendrocyte precursor cell|pericyte|pvalb chandelier GABAergic interneuron|sst chodl GABAergic interneuron|vascular associated smooth muscle cell	10x 3' v3	nucleus	normal	https://datasets.cellxgene.cziscience.com/e4160cbf-d71f-4768-aa8b-1758564e3873.h5ad	395031198		https://cellxgene.cziscience.com/e/88a01d4a-5197-45be-b5ae-e019aef43376.cxg/
120e86b4-1195-48c5-845b-b98054105eec	Spatiotemporal immune zonation of the human kidney	10.1126/science.aat5031	9ea768a2-87ab-46b6-a73d-c4e915f25af3	Mature kidney dataset: full	40268	40268	[True]	cortex of kidney;kidney;kidney blood vessel;renal medulla;renal pelvis	urothelium	urothelium	29	B cell|CD4-positive, alpha-beta T cell|CD8-positive, alpha-beta T cell|capillary endothelial cell|classical monocyte|dendritic cell|epithelial cell of proximal tubule|glomerular endothelial cell|kidney connecting tubule epithelial cell|kidney epithelial cell|kidney interstitial fibroblast|kidney loop of Henle thick ascending limb epithelial cell|kidney resident macrophage|mast cell|mature NK T cell|myofibroblast cell|natural killer cell|neutrophil|non-classical monocyte|plasmacytoid dendritic cell|podocyte|progenitor cell|renal alpha-intercalated cell|renal beta-intercalated cell|renal intercalated cell|renal principal cell|urothelial cell|vasa recta ascending limb cell|vasa recta descending limb cell	10x 3' v2	cell	normal	https://datasets.cellxgene.cziscience.com/c171ca0b-5e46-4260-9dc2-c03486499308.h5ad	191551036		https://cellxgene.cziscience.com/e/9ea768a2-87ab-46b6-a73d-c4e915f25af3.cxg/
125eef58-0f61-4963-9b08-53e851ab65fb	Single-cell transcriptomes from human kidneys reveal the cellular identity of renal tumors	10.1126/science.aat1699	105c7dad-0468-4628-a5be-2bb42c6a8ae4	mature	40268	0	[False]	cortex of kidney;kidney;kidney blood vessel;renal medulla;renal pelvis	urothelium	urothelium	26	B cell|CD4-positive, alpha-beta T cell|CD8-positive, alpha-beta T cell|epithelial cell of glomerular capsule|epithelial cell of proximal tubule|fibroblast|glomerular endothelial cell|kidney connecting tubule epithelial cell|kidney epithelial cell|kidney loop of Henle thick ascending limb epithelial cell|lymphocyte|mast cell|mononuclear phagocyte|myofibroblast cell|natural killer cell|neutrophil|peritubular capillary endothelial cell|plasmacytoid dendritic cell|progenitor cell|renal alpha-intercalated cell|renal beta-intercalated cell|renal intercalated cell|renal principal cell|urothelial cell|vasa recta ascending limb cell|vasa recta descending limb cell	10x 3' v2	cell	normal	https://datasets.cellxgene.cziscience.com/b3831acc-a883-4564-b90f-18e53c6e7232.h5ad	231809772		https://cellxgene.cziscience.com/e/105c7dad-0468-4628-a5be-2bb42c6a8ae4.cxg/
283d65eb-dd53-496d-adb7-7570c7caa443	Human Brain Cell Atlas v1.0	10.1126/science.add7046	715327a6-7978-4896-ba91-69d6b04dbbfb	Dissection: Body of hippocampus (HiB) - Rostral DG-CA4	40191	40191	[True]	dentate gyrus of hippocampal formation		choroid_plexus_epithelium	33	B cell|Lamp5 Lhx6 neuron|T cell|amygdala excitatory neuron|astrocyte|caudal ganglionic eminence derived interneuron|central nervous system macrophage|cerebellar granule cell|cerebral cortex neuron|choroid plexus epithelial cell|committed oligodendrocyte precursor|dentate gyrus granule cell|eccentric medium spiny neuron|endothelial cell|ependymal cell|fibroblast|hippocampal CA1-3 neuron|hippocampal CA4 neuron|intratelencephalic-projecting glutamatergic cortical neuron|medial ganglionic eminence derived interneuron|medium spiny neuron|microglial cell|midbrain-derived inhibitory neuron|monocyte|natural killer cell|neuron|oligodendrocyte|oligodendrocyte precursor cell|pericyte|pvalb chandelier GABAergic interneuron|sst chodl GABAergic interneuron|thalamic excitatory neuron|vascular associated smooth muscle cell	10x 3' v3	nucleus	normal	https://datasets.cellxgene.cziscience.com/da0a72cd-2cdb-48cb-99c0-c8c6466d0204.h5ad	433787006		https://cellxgene.cziscience.com/e/715327a6-7978-4896-ba91-69d6b04dbbfb.cxg/
283d65eb-dd53-496d-adb7-7570c7caa443	Human Brain Cell Atlas v1.0	10.1126/science.add7046	639ffc23-14db-4060-9027-3c90314200f8	Dissection: Cerebral cortex (Cx) - Supraparietal lobule (SPL) - Posterosuperior (dorsal) parietal cortex - A5-A7	35290	35290	[True]	superior parietal cortex		choroid_plexus_epithelium	24	Lamp5 Lhx6 neuron|T cell|astrocyte|caudal ganglionic eminence derived interneuron|central nervous system macrophage|cerebral cortex neuron|choroid plexus epithelial cell|committed oligodendrocyte precursor|eccentric medium spiny neuron|endothelial cell|fibroblast|intratelencephalic-projecting glutamatergic cortical neuron|medial ganglionic eminence derived interneuron|microglial cell|monocyte|natural killer cell|near-projecting glutamatergic cortical neuron|neuron|oligodendrocyte|oligodendrocyte precursor cell|pericyte|pvalb chandelier GABAergic interneuron|sst chodl GABAergic interneuron|vascular associated smooth muscle cell	10x 3' v3	nucleus	normal	https://datasets.cellxgene.cziscience.com/5b75b7fe-4224-40d4-a7bc-78ef7bf37082.h5ad	453048176		https://cellxgene.cziscience.com/e/639ffc23-14db-4060-9027-3c90314200f8.cxg/
2f4c738f-e2f3-4553-9db2-0582a38ea4dc	Cell Types of the Human Retina and Its Organoids at Single-Cell Resolution	10.1016/j.cell.2020.08.013	ccfdcad0-7104-46b9-addf-fd66a2a15907	Periphery - Cell Types of the Human Retina and Its Organoids at Single-Cell Resolution	34723	34723	[True]	pigment epithelium of eye;retina	eye	RPE;photoreceptor	20	Mueller cell|OFF-bipolar cell|ON-bipolar cell|T cell|amacrine cell|astrocyte|endothelial cell of vascular tree|fibroblast|mast cell|melanocyte|microglial cell|monocyte|natural killer cell|pericyte|retina horizontal cell|retinal cone cell|retinal ganglion cell|retinal pigment epithelial cell|retinal rod cell|rod bipolar cell	10x 3' v2	cell	normal	https://datasets.cellxgene.cziscience.com/052ea638-dead-4657-a01b-3c0278bea59f.h5ad	286391243		https://cellxgene.cziscience.com/e/ccfdcad0-7104-46b9-addf-fd66a2a15907.cxg/
e9c73b68-e980-49c2-8d0d-1c9cab21507e	Human photoreceptor cells from different macular subregions have distinct transcriptional profiles	10.1093/hmg/ddab140	f5be9ed2-5d41-4a52-91e4-4ff24ff84900	scRNA-seq of foveal and parafoveal retina	34323	34323	[True]	fovea centralis;perifoveal part of retina	eye	photoreceptor	12	Mueller cell|amacrine cell|cone retinal bipolar cell|microglial cell|pericyte|retina horizontal cell|retinal astrocyte|retinal blood vessel endothelial cell|retinal cone cell|retinal ganglion cell|retinal rod cell|rod bipolar cell	10x 3' v3	cell	macular degeneration;normal	https://datasets.cellxgene.cziscience.com/5d37ddd9-06bf-4e8b-bfde-3f07fd49e774.h5ad	264438607		https://cellxgene.cziscience.com/e/f5be9ed2-5d41-4a52-91e4-4ff24ff84900.cxg/
e5f58829-1a66-40b5-a624-9046778e74f5	Tabula Sapiens	10.1126/science.abl4896	a0754256-f44b-4c4a-962c-a552e47d3fdc	Tabula Sapiens - Eye	34273	0	[False]	anterior segment of eyeball;chorioretinal region;conjunctiva;cornea;eye;eyelid;lacrimal gland;ocular surface region;posterior segment of eyeball;retinal neural layer;sclera	eye	RPE;photoreceptor	39	B cell|CD4-positive, alpha-beta T cell|CD8-positive, alpha-beta T cell|Mueller cell|Schwann cell|T cell|acinar cell|adipocyte|basophil|classical monocyte|conjunctival epithelial cell|corneal epithelial cell|endothelial cell|erythrocyte|erythroid lineage cell|eye photoreceptor cell|fibroblast|intermediate monocyte|keratocyte|macrophage|mast cell|mature NK T cell|microglial cell|monocyte|muscle cell|myeloid dendritic cell|myeloid leukocyte|natural killer cell|neutrophil|non-classical monocyte|plasma cell|radial glial cell|retina horizontal cell|retinal bipolar neuron|retinal blood vessel endothelial cell|retinal ganglion cell|retinal pigment epithelial cell|smooth muscle cell|stromal cell	10x 3' v3;Smart-seq2	cell	normal	https://datasets.cellxgene.cziscience.com/e9b8ea4b-7901-4992-94c7-8e85ccd06fb5.h5ad	1386005287		https://cellxgene.cziscience.com/e/a0754256-f44b-4c4a-962c-a552e47d3fdc.cxg/
283d65eb-dd53-496d-adb7-7570c7caa443	Human Brain Cell Atlas v1.0	10.1126/science.add7046	5e5ab909-f73f-4b57-98a0-6d2c5662f6a4	Dissection: Midbrain (M) - Inferior colliculus and nearby nuclei - IC	32306	32306	[True]	midbrain tectum		choroid_plexus_epithelium	28	B cell|Bergmann glial cell|Purkinje cell|T cell|astrocyte|caudal ganglionic eminence derived interneuron|central nervous system macrophage|cerebellar granule cell|cerebellar inhibitory GABAergic interneuron|cerebral cortex neuron|choroid plexus epithelial cell|committed oligodendrocyte precursor|endothelial cell|ependymal cell|fibroblast|intratelencephalic-projecting glutamatergic cortical neuron|medial ganglionic eminence derived interneuron|microglial cell|midbrain-derived inhibitory neuron|monocyte|natural killer cell|neuron|oligodendrocyte|oligodendrocyte precursor cell|pericyte|thalamic excitatory neuron|unipolar brush cell|vascular associated smooth muscle cell	10x 3' v3	nucleus	normal	https://datasets.cellxgene.cziscience.com/7bcea090-23e7-47f4-ad08-58ab0455830c.h5ad	345977706		https://cellxgene.cziscience.com/e/5e5ab909-f73f-4b57-98a0-6d2c5662f6a4.cxg/
222e800b-c9cb-4572-831d-48f8c2ef66b9	Characterization of the human fetal gonad and reproductive tract by single-cell transcriptomics	10.1016/j.devcel.2024.01.006	43dc52cb-92eb-4256-b3a8-5ef220b3d292	Human embryonic male gonadal tissue	31749	31749	[True]	epididymis;mesonephros;testis	testis	Sertoli	6	Sertoli cell|endothelial cell|epithelial cell|germ cell|smooth muscle cell|stromal cell	10x 3' v2;10x 3' v3	cell	normal	https://datasets.cellxgene.cziscience.com/ac7034f8-a5d5-4ab7-ac05-06e951f461c8.h5ad	379591399		https://cellxgene.cziscience.com/e/43dc52cb-92eb-4256-b3a8-5ef220b3d292.cxg/
283d65eb-dd53-496d-adb7-7570c7caa443	Human Brain Cell Atlas v1.0	10.1126/science.add7046	e8681d74-ac9e-4be5-be14-1cf1bbd54dd7	Dissection: Thalamus (THM) - Anterior nuclear complex - ANC	31307	31307	[True]	anterior nuclear group		choroid_plexus_epithelium	29	B cell|Lamp5 Lhx6 neuron|T cell|amygdala excitatory neuron|astrocyte|caudal ganglionic eminence derived interneuron|central nervous system macrophage|cerebellar granule cell|choroid plexus epithelial cell|committed oligodendrocyte precursor|eccentric medium spiny neuron|endothelial cell|ependymal cell|fibroblast|intratelencephalic-projecting glutamatergic cortical neuron|medial ganglionic eminence derived interneuron|medium spiny neuron|microglial cell|midbrain-derived inhibitory neuron|monocyte|natural killer cell|neuron|oligodendrocyte|oligodendrocyte precursor cell|pericyte|pvalb chandelier GABAergic interneuron|sst chodl GABAergic interneuron|thalamic excitatory neuron|vascular associated smooth muscle cell	10x 3' v3	nucleus	normal	https://datasets.cellxgene.cziscience.com/dcb9afe2-cbd4-41f1-a16f-175a172df9a9.h5ad	407285666		https://cellxgene.cziscience.com/e/e8681d74-ac9e-4be5-be14-1cf1bbd54dd7.cxg/
af286675-7167-4816-a907-c72d41b73d37	Single-cell and spatial mapping Identify cell types and signaling Networks in the human ureter	10.1016/j.devcel.2022.07.004	3e524d45-2265-4440-b903-3c30d51a0b17	Human adult ureter	30942	30942	[True]	ureter	urothelium	urothelium	13	B cell|T cell|basal cell of urothelium|cytotoxic T cell|endothelial cell|fibroblast|intermediate cell of urothelium|leukocyte|mast cell|mature NK T cell|smooth muscle cell|umbrella cell of urothelium|urothelial cell	10x 3' v3	cell	normal	https://datasets.cellxgene.cziscience.com/54132d65-74d1-489a-bc1d-9c1039e3b96c.h5ad	398162696		https://cellxgene.cziscience.com/e/3e524d45-2265-4440-b903-3c30d51a0b17.cxg/
283d65eb-dd53-496d-adb7-7570c7caa443	Human Brain Cell Atlas v1.0	10.1126/science.add7046	a4116666-d295-4443-a174-0acc283f92c4	Dissection: Midbrain (M) - Superior colliculus and nearby nuclei - SC	29907	29907	[True]	midbrain tectum		choroid_plexus_epithelium	26	Lamp5 Lhx6 neuron|T cell|amygdala excitatory neuron|astrocyte|caudal ganglionic eminence derived interneuron|central nervous system macrophage|cerebellar granule cell|cerebellar inhibitory GABAergic interneuron|cerebral cortex neuron|choroid plexus epithelial cell|committed oligodendrocyte precursor|endothelial cell|ependymal cell|fibroblast|intratelencephalic-projecting glutamatergic cortical neuron|medial ganglionic eminence derived interneuron|microglial cell|midbrain-derived inhibitory neuron|near-projecting glutamatergic cortical neuron|neuron|oligodendrocyte|oligodendrocyte precursor cell|pericyte|pvalb chandelier GABAergic interneuron|thalamic excitatory neuron|vascular associated smooth muscle cell	10x 3' v3	nucleus	normal	https://datasets.cellxgene.cziscience.com/391f4c73-6509-4c0b-a432-22036f320b16.h5ad	287329277		https://cellxgene.cziscience.com/e/a4116666-d295-4443-a174-0acc283f92c4.cxg/
283d65eb-dd53-496d-adb7-7570c7caa443	Human Brain Cell Atlas v1.0	10.1126/science.add7046	182f6a56-7360-4924-a74e-1772e07b3031	Dissection: Body of hippocampus (HiB) - Rostral CA1-CA3	28724	28724	[True]	hippocampal field		choroid_plexus_epithelium	31	Lamp5 Lhx6 neuron|T cell|amygdala excitatory neuron|astrocyte|caudal ganglionic eminence derived interneuron|central nervous system macrophage|cerebellar granule cell|cerebral cortex neuron|choroid plexus epithelial cell|committed oligodendrocyte precursor|dentate gyrus granule cell|eccentric medium spiny neuron|endothelial cell|ependymal cell|fibroblast|hippocampal CA1-3 neuron|hippocampal CA4 neuron|intratelencephalic-projecting glutamatergic cortical neuron|medial ganglionic eminence derived interneuron|medium spiny neuron|microglial cell|monocyte|natural killer cell|near-projecting glutamatergic cortical neuron|neuron|oligodendrocyte|oligodendrocyte precursor cell|pericyte|pvalb chandelier GABAergic interneuron|sst chodl GABAergic interneuron|vascular associated smooth muscle cell	10x 3' v3	nucleus	normal	https://datasets.cellxgene.cziscience.com/e819e64e-fef6-4abd-90be-4d5818ba8d9e.h5ad	359424934		https://cellxgene.cziscience.com/e/182f6a56-7360-4924-a74e-1772e07b3031.cxg/
283d65eb-dd53-496d-adb7-7570c7caa443	Human Brain Cell Atlas v1.0	10.1126/science.add7046	5bc23cb2-8cfc-4960-bab1-c3027fbeefc4	Dissection: Hypothalamus (HTH) - mammillary region of HTH (HTHma) - mammillary nucleus - MN	28155	28155	[True]	mammillary body		choroid_plexus_epithelium	32	B cell|Bergmann glial cell|Lamp5 Lhx6 neuron|T cell|amygdala excitatory neuron|astrocyte|caudal ganglionic eminence derived interneuron|central nervous system macrophage|cerebellar granule cell|cerebellar inhibitory GABAergic interneuron|cerebral cortex neuron|choroid plexus epithelial cell|committed oligodendrocyte precursor|endothelial cell|ependymal cell|fibroblast|hippocampal CA1-3 neuron|intratelencephalic-projecting glutamatergic cortical neuron|mammillary body neuron|medial ganglionic eminence derived interneuron|medium spiny neuron|microglial cell|midbrain-derived inhibitory neuron|monocyte|natural killer cell|neuron|oligodendrocyte|oligodendrocyte precursor cell|pericyte|pvalb chandelier GABAergic interneuron|sst chodl GABAergic interneuron|vascular associated smooth muscle cell	10x 3' v3	nucleus	normal	https://datasets.cellxgene.cziscience.com/fc9069ab-76f7-425b-ad81-01e88f81e89a.h5ad	400537522		https://cellxgene.cziscience.com/e/5bc23cb2-8cfc-4960-bab1-c3027fbeefc4.cxg/
283d65eb-dd53-496d-adb7-7570c7caa443	Human Brain Cell Atlas v1.0	10.1126/science.add7046	07b1d7c8-5c2e-42f7-9246-26f746cd6013	Dissection: Myelencephalon (medulla oblongata) (Mo) - afferent nuclei of cranial nerves in medulla oblongata - MoAN	27210	27210	[True]	nucleus of medulla oblongata		choroid_plexus_epithelium	25	Bergmann glial cell|Purkinje cell|T cell|astrocyte|caudal ganglionic eminence derived interneuron|central nervous system macrophage|cerebellar granule cell|cerebellar inhibitory GABAergic interneuron|choroid plexus epithelial cell|committed oligodendrocyte precursor|endothelial cell|ependymal cell|fibroblast|intratelencephalic-projecting glutamatergic cortical neuron|medial ganglionic eminence derived interneuron|microglial cell|midbrain-derived inhibitory neuron|monocyte|natural killer cell|neuron|oligodendrocyte|oligodendrocyte precursor cell|pericyte|unipolar brush cell|vascular associated smooth muscle cell	10x 3' v3	nucleus	normal	https://datasets.cellxgene.cziscience.com/662fd10e-d3a1-4098-a54d-2d4e1efa6d83.h5ad	199167205		https://cellxgene.cziscience.com/e/07b1d7c8-5c2e-42f7-9246-26f746cd6013.cxg/
59c9ecfe-c47d-4a6a-bab0-895cc0c1942b	Dysregulation of brain and choroid plexus cell types in severe COVID-19	10.1038/s41586-021-03710-0	595c9010-99ec-462d-b6a1-2b2fe5407871	A total of 27,092 droplet-based single-nucleus transcriptomes profiled across 11 cell types in the choroid plexus	27092	27092	[True]	choroid plexus	choroid_plexus	choroid_plexus_epithelium	7	cerebral cortex endothelial cell|choroid plexus epithelial cell|ependymal cell|glial cell|macrophage|mesenchymal cell|neural cell	10x 3' v3	nucleus	COVID-19;aspiration pneumonia;influenza;malignant pancreatic neoplasm	https://datasets.cellxgene.cziscience.com/6dd04cc1-f4b6-49c4-b34c-56508ea8af8c.h5ad	326449953		https://cellxgene.cziscience.com/e/595c9010-99ec-462d-b6a1-2b2fe5407871.cxg/
283d65eb-dd53-496d-adb7-7570c7caa443	Human Brain Cell Atlas v1.0	10.1126/science.add7046	367b55f4-d543-49aa-90e8-4765fcb8c687	Dissection: Thalamus (THM) - intralaminar nuclear complex (ILN) - posterior group of intralaminar nuclei (PILN) - centromedian and parafasicular nuclei - CM and Pf	24354	24354	[True]	intralaminar nuclear group		choroid_plexus_epithelium	28	B cell|Lamp5 Lhx6 neuron|T cell|astrocyte|caudal ganglionic eminence derived interneuron|central nervous system macrophage|cerebellar granule cell|cerebral cortex neuron|choroid plexus epithelial cell|committed oligodendrocyte precursor|endothelial cell|ependymal cell|fibroblast|intratelencephalic-projecting glutamatergic cortical neuron|mammillary body neuron|medial ganglionic eminence derived interneuron|microglial cell|midbrain-derived inhibitory neuron|monocyte|natural killer cell|neuron|oligodendrocyte|oligodendrocyte precursor cell|pericyte|pvalb chandelier GABAergic interneuron|sst chodl GABAergic interneuron|thalamic excitatory neuron|vascular associated smooth muscle cell	10x 3' v3	nucleus	normal	https://datasets.cellxgene.cziscience.com/c7b341b9-1747-4c93-9788-d0c7ca627101.h5ad	357253518		https://cellxgene.cziscience.com/e/367b55f4-d543-49aa-90e8-4765fcb8c687.cxg/
283d65eb-dd53-496d-adb7-7570c7caa443	Human Brain Cell Atlas v1.0	10.1126/science.add7046	090da8ea-46e8-40df-bffc-1f78e1538d27	Dissection: Spinal cord - SpC	24190	24190	[True]	spinal cord		choroid_plexus_epithelium	22	Bergmann glial cell|T cell|astrocyte|caudal ganglionic eminence derived interneuron|central nervous system macrophage|cerebellar granule cell|cerebellar inhibitory GABAergic interneuron|choroid plexus epithelial cell|committed oligodendrocyte precursor|endothelial cell|ependymal cell|fibroblast|intratelencephalic-projecting glutamatergic cortical neuron|microglial cell|midbrain-derived inhibitory neuron|monocyte|natural killer cell|neuron|oligodendrocyte|oligodendrocyte precursor cell|pericyte|vascular associated smooth muscle cell	10x 3' v3	nucleus	normal	https://datasets.cellxgene.cziscience.com/46464ef8-4cbc-4792-bd5e-b6ee3f03bc40.h5ad	154428861		https://cellxgene.cziscience.com/e/090da8ea-46e8-40df-bffc-1f78e1538d27.cxg/
283d65eb-dd53-496d-adb7-7570c7caa443	Human Brain Cell Atlas v1.0	10.1126/science.add7046	77044335-0ac5-4406-9b3f-8cdd3656d67b	Dissection: Pons (Pn) - afferent nuclei of cranial nerves in pons - PnAN	23349	23349	[True]	pontine tegmentum		choroid_plexus_epithelium	25	Bergmann glial cell|Purkinje cell|T cell|amygdala excitatory neuron|astrocyte|caudal ganglionic eminence derived interneuron|central nervous system macrophage|cerebellar granule cell|cerebellar inhibitory GABAergic interneuron|choroid plexus epithelial cell|committed oligodendrocyte precursor|endothelial cell|ependymal cell|fibroblast|intratelencephalic-projecting glutamatergic cortical neuron|microglial cell|midbrain-derived inhibitory neuron|monocyte|natural killer cell|neuron|oligodendrocyte|oligodendrocyte precursor cell|pericyte|unipolar brush cell|vascular associated smooth muscle cell	10x 3' v3	nucleus	normal	https://datasets.cellxgene.cziscience.com/6e6c4ff6-becd-4cc3-ae56-fefb2e5c97c9.h5ad	130070961		https://cellxgene.cziscience.com/e/77044335-0ac5-4406-9b3f-8cdd3656d67b.cxg/
283d65eb-dd53-496d-adb7-7570c7caa443	Human Brain Cell Atlas v1.0	10.1126/science.add7046	f9034091-2e8f-4ac6-9874-e7b7eb566824	Dissection: Myelencephalon (medulla oblongata) (Mo) - medullary reticular formation (MoRF) & efferent nuclei of cranial nerves in the medulla oblongata (MoEN) - MoRF-MoEN	23120	23120	[True]	nucleus of medulla oblongata		choroid_plexus_epithelium	25	B cell|Bergmann glial cell|Lamp5 Lhx6 neuron|T cell|astrocyte|caudal ganglionic eminence derived interneuron|central nervous system macrophage|cerebellar granule cell|cerebellar inhibitory GABAergic interneuron|choroid plexus epithelial cell|committed oligodendrocyte precursor|endothelial cell|ependymal cell|fibroblast|intratelencephalic-projecting glutamatergic cortical neuron|microglial cell|midbrain-derived inhibitory neuron|monocyte|natural killer cell|neuron|oligodendrocyte|oligodendrocyte precursor cell|pericyte|unipolar brush cell|vascular associated smooth muscle cell	10x 3' v3	nucleus	normal	https://datasets.cellxgene.cziscience.com/c835d94f-cbde-4b27-a454-946d9ed77437.h5ad	234882473		https://cellxgene.cziscience.com/e/f9034091-2e8f-4ac6-9874-e7b7eb566824.cxg/
af893e86-8e9f-41f1-a474-ef05359b1fb7	Single-cell transcriptomic atlas for adult human retina	10.1016/j.xgen.2023.100298	00e5dedd-b9b7-43be-8c28-b0e5c6414a62	Photoreceptor cells in human retina (rod cells downsampled)	21422	0	[False]	fovea centralis;macula lutea proper;peripheral region of retina	eye	photoreceptor	2	retinal cone cell|retinal rod cell	10x 3' v3	nucleus	normal	https://datasets.cellxgene.cziscience.com/3d0dcefd-cdf2-4b12-89df-c871e9a3c4b8.h5ad	1393176026		https://cellxgene.cziscience.com/e/00e5dedd-b9b7-43be-8c28-b0e5c6414a62.cxg/
1a486c4c-c115-4721-8c9f-f9f096e10857	Single-cell transcriptomic atlas of the human retina identifies cell types associated with age-related macular degeneration	10.1038/s41467-019-12780-8	856c1b98-5727-49da-bf0f-151bdb8cb056	Retina	20091	20091	[True]	macula lutea;peripheral region of retina	eye	photoreceptor	9	amacrine cell|macroglial cell|microglial cell|retina horizontal cell|retinal bipolar neuron|retinal blood vessel endothelial cell|retinal cone cell|retinal ganglion cell|retinal rod cell	10x 3' v3	cell	normal	https://datasets.cellxgene.cziscience.com/20236e1d-6c4d-451d-b6eb-a8f58075e6c3.h5ad	54661565		https://cellxgene.cziscience.com/e/856c1b98-5727-49da-bf0f-151bdb8cb056.cxg/
2f4c738f-e2f3-4553-9db2-0582a38ea4dc	Cell Types of the Human Retina and Its Organoids at Single-Cell Resolution	10.1016/j.cell.2020.08.013	babbf9f3-f482-45a5-ba76-c41f4c2f503e	Fovea - Cell Types of the Human Retina and Its Organoids at Single-Cell Resolution	19768	19768	[True]	fovea centralis	eye	RPE;photoreceptor	18	B cell|Mueller cell|OFF-bipolar cell|T cell|amacrine cell|astrocyte|endothelial cell of vascular tree|fibroblast|microglial cell|monocyte|natural killer cell|pericyte|retina horizontal cell|retinal cone cell|retinal ganglion cell|retinal pigment epithelial cell|retinal rod cell|rod bipolar cell	10x 3' v2	cell	normal	https://datasets.cellxgene.cziscience.com/6fb40509-2cc3-420a-af01-7b744dd98a67.h5ad	248303406		https://cellxgene.cziscience.com/e/babbf9f3-f482-45a5-ba76-c41f4c2f503e.cxg/
3472f32d-4a33-48e2-aad5-666d4631bf4c	A single-cell transcriptome atlas of the adult human retina	10.15252/embj.2018100811	d5c67a4e-a8d9-456d-a273-fa01adb1b308	Retina	19694	19694	[True]	retina	eye	photoreceptor	9	Mueller cell|OFF-bipolar cell|ON-bipolar cell|amacrine cell|microglial cell|retinal cone cell|retinal ganglion cell|retinal rod cell|unknown	10x 3' v2	cell	cataract;normal	https://datasets.cellxgene.cziscience.com/6c032332-4b89-49cb-a0b7-70564dbccf19.h5ad	187547891		https://cellxgene.cziscience.com/e/d5c67a4e-a8d9-456d-a273-fa01adb1b308.cxg/
283d65eb-dd53-496d-adb7-7570c7caa443	Human Brain Cell Atlas v1.0	10.1126/science.add7046	f20f44ef-a0d4-4d94-87de-037fd47141f0	Dissection: Hypothalamus (HTH) - mammillary region of HTH (HTHma) - tuberal region of HTH - HTHtub	18728	18728	[True]	hypothalamus		choroid_plexus_epithelium	27	Lamp5 Lhx6 neuron|T cell|amygdala excitatory neuron|astrocyte|caudal ganglionic eminence derived interneuron|central nervous system macrophage|choroid plexus epithelial cell|committed oligodendrocyte precursor|endothelial cell|ependymal cell|fibroblast|hippocampal CA1-3 neuron|intratelencephalic-projecting glutamatergic cortical neuron|mammillary body neuron|medial ganglionic eminence derived interneuron|microglial cell|midbrain-derived inhibitory neuron|monocyte|natural killer cell|near-projecting glutamatergic cortical neuron|neuron|oligodendrocyte|oligodendrocyte precursor cell|pericyte|pvalb chandelier GABAergic interneuron|sst chodl GABAergic interneuron|thalamic excitatory neuron	10x 3' v3	nucleus	normal	https://datasets.cellxgene.cziscience.com/a1049b82-4193-4d0c-bfe2-a8fad8aff7c8.h5ad	209218748		https://cellxgene.cziscience.com/e/f20f44ef-a0d4-4d94-87de-037fd47141f0.cxg/
af893e86-8e9f-41f1-a474-ef05359b1fb7	Single-cell transcriptomic atlas for adult human retina	10.1016/j.xgen.2023.100298	ed419b4e-db9b-40f1-8593-68fdf8dfb076	Non-neuronal cells in human retina	18011	0	[False]	fovea centralis;macula lutea proper;peripheral region of retina	eye	RPE	4	Mueller cell|astrocyte|microglial cell|retinal pigment epithelial cell	10x 3' v3	nucleus	normal	https://datasets.cellxgene.cziscience.com/c8da6eeb-84d7-4379-a332-1bf6107859d6.h5ad	1433774383		https://cellxgene.cziscience.com/e/ed419b4e-db9b-40f1-8593-68fdf8dfb076.cxg/
0e54d4de-44f0-4d50-8649-b5c2bbe8f5d1	Exploring the Utility of snRNA-seq in Profiling Human Bladder Tissue: A Comprehensive Comparison with scRNA-seq	10.1016/j.isci.2024.111628	8e5978bd-0e48-4a09-a92d-fa2985059f05	Adult bladder urothelial subset	14776	14776	[True]	dome of urinary bladder;neck of urinary bladder;ureteral orifice;ureterovesical junction	urothelium	urothelium	3	basal cell of urothelium|intermediate cell of urothelium|umbrella cell of urothelium	10x 3' v3	cell;nucleus	normal	https://datasets.cellxgene.cziscience.com/ed684fcd-895a-45ac-9053-223b62bb631a.h5ad	348611390		https://cellxgene.cziscience.com/e/8e5978bd-0e48-4a09-a92d-fa2985059f05.cxg/
283d65eb-dd53-496d-adb7-7570c7caa443	Human Brain Cell Atlas v1.0	10.1126/science.add7046	0ee5ae70-c3f5-473f-bd1c-287f4690ffc5	Dissection: Myelencephalon (medulla oblongata) (Mo) - sensory relay nuclei in medulla oblongata - MoSR	13623	13623	[True]	nucleus of medulla oblongata		choroid_plexus_epithelium	26	Bergmann glial cell|Lamp5 Lhx6 neuron|Purkinje cell|T cell|astrocyte|caudal ganglionic eminence derived interneuron|central nervous system macrophage|cerebellar granule cell|cerebellar inhibitory GABAergic interneuron|choroid plexus epithelial cell|committed oligodendrocyte precursor|endothelial cell|ependymal cell|fibroblast|intratelencephalic-projecting glutamatergic cortical neuron|medial ganglionic eminence derived interneuron|microglial cell|midbrain-derived inhibitory neuron|monocyte|natural killer cell|neuron|oligodendrocyte|oligodendrocyte precursor cell|pericyte|unipolar brush cell|vascular associated smooth muscle cell	10x 3' v3	nucleus	normal	https://datasets.cellxgene.cziscience.com/b79f4d5c-4443-4002-95f1-c553ae72d433.h5ad	73036082		https://cellxgene.cziscience.com/e/0ee5ae70-c3f5-473f-bd1c-287f4690ffc5.cxg/
af286675-7167-4816-a907-c72d41b73d37	Single-cell and spatial mapping Identify cell types and signaling Networks in the human ureter	10.1016/j.devcel.2022.07.004	5467c340-864c-4810-86ef-647039c07148	Adult ureter urothelial subset	13544	0	[False]	ureter	urothelium	urothelium	3	basal cell of urothelium|intermediate cell of urothelium|umbrella cell of urothelium	10x 3' v3	cell	normal	https://datasets.cellxgene.cziscience.com/59c361b6-d832-41c2-819b-5af0c7c281ab.h5ad	230829450		https://cellxgene.cziscience.com/e/5467c340-864c-4810-86ef-647039c07148.cxg/
283d65eb-dd53-496d-adb7-7570c7caa443	Human Brain Cell Atlas v1.0	10.1126/science.add7046	b8681124-aabf-4904-b9c9-66d834bf5bba	Dissection: Thalamus (THM) - medial nuclear complex of thalamus (MNC) - mediodorsal nucleus of thalamus + reuniens nucleus (medioventral nucleus) of thalamus - MD + Re	13382	13382	[True]	nucleus of dorsal thalamus		choroid_plexus_epithelium	23	B cell|Lamp5 Lhx6 neuron|T cell|astrocyte|caudal ganglionic eminence derived interneuron|central nervous system macrophage|choroid plexus epithelial cell|committed oligodendrocyte precursor|endothelial cell|ependymal cell|fibroblast|intratelencephalic-projecting glutamatergic cortical neuron|medial ganglionic eminence derived interneuron|microglial cell|midbrain-derived inhibitory neuron|monocyte|natural killer cell|neuron|oligodendrocyte|oligodendrocyte precursor cell|pericyte|thalamic excitatory neuron|vascular associated smooth muscle cell	10x 3' v3	nucleus	normal	https://datasets.cellxgene.cziscience.com/cea5ca3d-f0bd-4762-aebb-90f13a5f8aa7.h5ad	192740437		https://cellxgene.cziscience.com/e/b8681124-aabf-4904-b9c9-66d834bf5bba.cxg/
af286675-7167-4816-a907-c72d41b73d37	Single-cell and spatial mapping Identify cell types and signaling Networks in the human ureter	10.1016/j.devcel.2022.07.004	12c3efd8-d515-42e6-b93c-4961e599d524	Adult ureter trio	13161	10396	[True, False]	ureter;ureter	urothelium	urothelium	8	basal cell of urothelium|endothelial cell|fibroblast|intermediate cell of urothelium|leukocyte|monocyte|smooth muscle cell|umbrella cell of urothelium	10x 3' v3	cell	normal	https://datasets.cellxgene.cziscience.com/a677ef35-e47a-47ef-b30a-28aeb4139d3a.h5ad	284878065		https://cellxgene.cziscience.com/e/12c3efd8-d515-42e6-b93c-4961e599d524.cxg/
1d1c7275-476a-49e2-9022-ad1b1c793594	Cell Atlas of The Human Fovea and Peripheral Retina	10.1038/s41598-020-66092-9	7b75b2c4-6d99-40be-9a61-391455d859e6	Photoreceptor cells of the human fovea and peripheral retina	9070	9070	[True]	fovea centralis;peripheral region of retina	eye	photoreceptor	2	retinal cone cell|retinal rod cell	10x 3' v2;10x 3' v3	cell	normal	https://datasets.cellxgene.cziscience.com/b1fa038c-4865-41a2-935b-c29e4244f44f.h5ad	58253310		https://cellxgene.cziscience.com/e/7b75b2c4-6d99-40be-9a61-391455d859e6.cxg/
939769a8-d8d2-4d01-abfc-55699893fd49	Integration of eQTL and a Single-Cell Atlas in the Human Eye Identifies Causal Genes for Age-Related Macular Degeneration	10.1016/j.celrep.2019.12.082	ab5b2256-b209-48b5-a801-c5d9a8c0de56	Non-neuronal cells of human eye	8193	0	[False]	retina	eye	RPE	11	B cell|Mueller cell|Schwann cell|T cell|astrocyte|endothelial cell|melanocyte|myeloid cell|pericyte|retinal pigment epithelial cell|unknown	10x 3' v3	nucleus	normal	https://datasets.cellxgene.cziscience.com/8886566a-d9ac-4a0e-b944-ac7741049d40.h5ad	86319263		https://cellxgene.cziscience.com/e/ab5b2256-b209-48b5-a801-c5d9a8c0de56.cxg/
283d65eb-dd53-496d-adb7-7570c7caa443	Human Brain Cell Atlas v1.0	10.1126/science.add7046	cfa755c1-48c5-4336-94f4-aa95eca4fbd5	Supercluster: Choroid plexus	7689	0	[False]	anterior nuclear group;cerebellar nuclear complex;dentate gyrus of hippocampal formation;hippocampal field;hypothalamus;intralaminar nuclear group;lateral geniculate body;mammillary body;midbrain nucleus;midbrain tectum;nucleus of dorsal thalamus;nucleus of medulla oblongata;pontine reticular formation;pontine tegmentum;primary motor cortex;pulvinar nucleus;septal nuclear complex;spinal cord;superior parietal cortex;superior temporal gyrus		choroid_plexus_epithelium	1	choroid plexus epithelial cell	10x 3' v3	nucleus	normal	https://datasets.cellxgene.cziscience.com/9a3a5e91-a599-407a-9cad-a4293c0bdf37.h5ad	86710964		https://cellxgene.cziscience.com/e/cfa755c1-48c5-4336-94f4-aa95eca4fbd5.cxg/
120e86b4-1195-48c5-845b-b98054105eec	Spatiotemporal immune zonation of the human kidney	10.1126/science.aat5031	2fc9c59f-3cfd-48d9-9b23-e369ea31bff3	Mature kidney dataset: non PT parenchyma	4620	0	[False]	cortex of kidney;kidney;kidney blood vessel;renal medulla;renal pelvis	urothelium	urothelium	17	capillary endothelial cell|epithelial cell of proximal tubule|glomerular endothelial cell|kidney connecting tubule epithelial cell|kidney epithelial cell|kidney interstitial fibroblast|kidney loop of Henle thick ascending limb epithelial cell|myofibroblast cell|podocyte|progenitor cell|renal alpha-intercalated cell|renal beta-intercalated cell|renal intercalated cell|renal principal cell|urothelial cell|vasa recta ascending limb cell|vasa recta descending limb cell	10x 3' v2	cell	normal	https://datasets.cellxgene.cziscience.com/0ba0c399-e569-4d00-8b8a-3889a7034aa8.h5ad	38427139		https://cellxgene.cziscience.com/e/2fc9c59f-3cfd-48d9-9b23-e369ea31bff3.cxg/
f8057c47-fcd8-4fcf-88b0-e2f930080f6e	Single-cell transcriptomics of the human retinal pigment epithelium and choroid in health and macular degeneration	10.1073/pnas.1914143116	af8b241a-c72c-4470-b1a4-80e7336c6ab6	Retina	4335	1701	[True, False]	fovea centralis;peripheral region of retina	eye	RPE	10	B cell|Schwann cell|endothelial cell|fibroblast|macrophage|mast cell|mature NK T cell|melanocyte|pericyte|retinal pigment epithelial cell	10x 3' v3	cell	age related macular degeneration 7;basal laminar drusen;cataract	https://datasets.cellxgene.cziscience.com/96d8896a-905d-409a-8cb4-92e1073563ac.h5ad	52044457		https://cellxgene.cziscience.com/e/af8b241a-c72c-4470-b1a4-80e7336c6ab6.cxg/
e5f58829-1a66-40b5-a624-9046778e74f5	Tabula Sapiens	10.1126/science.abl4896	6e4acdae-59ef-452b-a6d4-260cba368586	Tabula Sapiens - Neural	2685	0	[False]	anterior segment of eyeball;ascending colon;cornea;duodenum;eye;heart;heart right ventricle;ileum;lacrimal gland;large intestine;posterior segment of eyeball;retinal neural layer;right cardiac atrium;sclera;sigmoid colon;small intestine	eye	photoreceptor	7	enteroglial cell|eye photoreceptor cell|neuron|radial glial cell|retina horizontal cell|retinal bipolar neuron|retinal ganglion cell	10x 3' v3;Smart-seq2	cell	normal	https://datasets.cellxgene.cziscience.com/45d6f910-8ca8-4b61-9fe1-7ebad766c96b.h5ad	128421908		https://cellxgene.cziscience.com/e/6e4acdae-59ef-452b-a6d4-260cba368586.cxg/
939769a8-d8d2-4d01-abfc-55699893fd49	Integration of eQTL and a Single-Cell Atlas in the Human Eye Identifies Causal Genes for Age-Related Macular Degeneration	10.1016/j.celrep.2019.12.082	9cfee1e6-b24f-433d-a269-f01841655d6a	Retinal pigment epithelial cells of human eye	1635	0	[False]	retina	eye	RPE	1	retinal pigment epithelial cell	10x 3' v3	nucleus	normal	https://datasets.cellxgene.cziscience.com/8046fc7c-811f-4ee7-a9f4-a65030c5f704.h5ad	26211429		https://cellxgene.cziscience.com/e/9cfee1e6-b24f-433d-a269-f01841655d6a.cxg/
939769a8-d8d2-4d01-abfc-55699893fd49	Integration of eQTL and a Single-Cell Atlas in the Human Eye Identifies Causal Genes for Age-Related Macular Degeneration	10.1016/j.celrep.2019.12.082	d95ab381-2b7c-4885-b168-0097ed4e397f	Cone cells of human eye	1378	0	[False]	retina	eye	photoreceptor	3	S cone cell|retinal cone cell|unknown	10x 3' v3	nucleus	normal	https://datasets.cellxgene.cziscience.com/055f3d09-f8cf-43c6-858c-c193d3aee133.h5ad	24961536		https://cellxgene.cziscience.com/e/d95ab381-2b7c-4885-b168-0097ed4e397f.cxg/
3a844375-60ea-474b-adf1-98e76928baee	Single-cell integration and multi-modal profiling reveals phenotypes and spatial organization of neutrophils in colorectal cancer	10.1016/j.ccell.2025.12.003	05a8c945-bc12-414f-960d-a31943bbcdd1	The single-cell Colorectal Cancer Atlas -- core atlas	3790266	2945593	[True, False]	ascending colon;blood;caecum;caecum epithelium;colon;colonic epithelium;colorectal mucosa;colorectum;descending colon;hepatic cecum;hepatic flexure of colon;left colon;liver;lymph node;mesenteric lymph node;mucosa of transverse colon;rectosigmoid junction;rectum;right colon;sigmoid colon;splenic flexure of colon;transverse colon	spleen		43	BEST4+ enterocyte|CD1c-positive myeloid dendritic cell|CD4-positive, alpha-beta T cell|CD8-positive, alpha-beta T cell|IgA plasma cell|IgG plasma cell|IgM plasma cell|Schwann cell|classical monocyte|colon goblet cell|colonocyte|endothelial cell of artery|endothelial cell of lymphatic vessel|enteroendocrine cell of colon|eosinophil|fibroblast|gamma-delta T cell|germinal center B cell|granulocyte monocyte progenitor cell|innate lymphoid cell|intestinal crypt stem cell of colon|macrophage|malignant cell|mast cell|mature B cell|mature NK T cell|mature conventional dendritic cell|memory B cell|naive B cell|naive thymus-derived CD4-positive, alpha-beta T cell|naive thymus-derived CD8-positive, alpha-beta T cell|natural killer cell|neutrophil|non-classical monocyte|pericyte|plasmablast|plasmacytoid dendritic cell|platelet|regulatory T cell|reticular cell|transit amplifying cell of colon|tuft cell of colon|vein endothelial cell	10x 3' v1;10x 3' v2;10x 3' v3;10x 5' transcription profiling;10x 5' v1;10x 5' v2;BD Rhapsody Whole Transcriptome Analysis;Fluidigm C1-based SMARTer library preparation;GEXSCOPE technology;Smart-seq2;TruDrop	cell	colon adenocarcinoma;colon adenocarcinoma || mucinous adenocarcinoma;colon adenoma;colon adenoma || colorectal tubulovillous adenoma;colon adenoma || tubular adenoma;colon carcinoma;colon sessile serrated adenoma/polyp;colorectal adenocarcinoma;colorectal cancer;colorectal neoplasm;colorectal tubulovillous adenoma;hyperplastic polyp;metastasis from malignant tumor of colon;mucinous adenocarcinoma;normal;polyp of colon;rectum adenocarcinoma;tubular adenoma	https://datasets.cellxgene.cziscience.com/4a8b9568-965e-46b8-a427-baab6bf018e5.h5ad	30875155333		https://cellxgene.cziscience.com/e/05a8c945-bc12-414f-960d-a31943bbcdd1.cxg/
283d65eb-dd53-496d-adb7-7570c7caa443	Human Brain Cell Atlas v1.0	10.1126/science.add7046	8e10f1c4-8e98-41e5-b65f-8cd89a887122	All neurons	2480956	0	[False]	Brodmann (1909) area 13;Brodmann (1909) area 14;Brodmann (1909) area 19;Brodmann (1909) area 23;Brodmann (1909) area 24;Brodmann (1909) area 25;Brodmann (1909) area 32;Brodmann (1909) area 35;Brodmann (1909) area 38;Brodmann (1909) area 40;Brodmann (1909) area 43;Brodmann (1909) area 46;accessory basal amygdaloid nucleus;agranular insular cortex;anterior cortical amygdaloid nucleus;anterior nuclear group;anterior olfactory nucleus;basolateral amygdaloid nuclear complex;bed nucleus of stria terminalis;body of caudate nucleus;central amygdaloid nucleus;centromedian nucleus of thalamus;cerebellar nuclear complex;cerebellar vermis;cerebrocerebellum;claustrum of brain;corticomedial nuclear complex;cuneus cortex;dentate gyrus of hippocampal formation;dorsal tegmental nucleus;epithalamus;extrastriate cortex;globus pallidus;granular insular cortex;gray matter of midbrain;hippocampal field;hypothalamus;inferior frontal gyrus;inferior olivary complex;inferior temporal gyrus;intralaminar nuclear group;lateral amygdaloid nucleus;lateral entorhinal cortex;lateral geniculate body;lateral nuclear group of thalamus;lateral posterior nucleus of thalamus;mammillary body;medial dorsal nucleus of thalamus;medial entorhinal cortex;medial geniculate body;medial zone of hypothalamus;median tuberal portion;midbrain nucleus;midbrain tectum;middle temporal gyrus;nucleus accumbens;nucleus of dorsal thalamus;nucleus of medulla oblongata;parabrachial nucleus;perirhinal cortex;piriform cortex;pontine nuclear group;pontine reticular formation;pontine tegmentum;posterior parahippocampal gyrus;preoptic area;pretectal region;primary auditory cortex;primary motor cortex;primary somatosensory cortex;primary visual cortex;pulvinar nucleus;putamen;red nucleus;retrosplenial region;rostral CA3;septal nuclear complex;spinal cord;subicular complex;substantia innominata;substantia nigra;subthalamic nucleus;superior parietal cortex;superior temporal gyrus;supraoptic nucleus;temporal fusiform gyrus;uncal CA1;ventral anterior nucleus of thalamus	eye		26	B cell|Lamp5 Lhx6 neuron|Purkinje cell|T cell|amygdala excitatory neuron|caudal ganglionic eminence derived interneuron|cerebellar granule cell|cerebellar inhibitory GABAergic interneuron|cerebral cortex neuron|dentate gyrus granule cell|eccentric medium spiny neuron|hippocampal CA1-3 neuron|hippocampal CA4 neuron|intratelencephalic-projecting glutamatergic cortical neuron|mammillary body neuron|medial ganglionic eminence derived interneuron|medium spiny neuron|midbrain-derived inhibitory neuron|monocyte|natural killer cell|near-projecting glutamatergic cortical neuron|neuron|pvalb chandelier GABAergic interneuron|sst chodl GABAergic interneuron|thalamic excitatory neuron|unipolar brush cell	10x 3' v3	nucleus	normal	https://datasets.cellxgene.cziscience.com/937f8304-300e-46ff-a84c-28df40b59d2b.h5ad	32875537618		https://cellxgene.cziscience.com/e/8e10f1c4-8e98-41e5-b65f-8cd89a887122.cxg/
4d8fed08-2d6d-4692-b5ea-464f1d072077	Comprehensive cell atlas of the first-trimester developing human brain	10.1126/science.adf1226	13149914-ea03-4f01-8bf6-b793b667127b	All	1665937	1665937	[True]	basal forebrain;brain;caudate-putamen;cerebellar peduncular complex;cerebellum;cerebral subcortex;choroid plexus epithelium;cortex;diencephalon;dorsal plus ventral thalamus;entorhinal cortex;forebrain;frontal cortex;head;hindbrain;hippocampal formation;hypothalamus;lower layers of the cortex;medulla oblongata;metencephalon;midbrain;midbrain tectum;occipital cortex;pons;striatum;telencephalon;upper layers of the cortex	choroid_plexus		12	cell|erythrocyte|fibroblast|glioblast|macrophage|neural crest cell|neuroblast (sensu Nematoda and Protostomia)|neuroblast (sensu Vertebrata)|neuron|neuroplacodal cell|oligodendrocyte|radial glial cell	10x 3' v2;10x 3' v3	cell	normal	https://datasets.cellxgene.cziscience.com/52ff91e6-8c26-45ae-9003-542dada98506.h5ad	11932827832		https://cellxgene.cziscience.com/e/13149914-ea03-4f01-8bf6-b793b667127b.cxg/
cc431242-35ea-41e1-a100-41e0dec2665b	Multimodal profiling reveals tissue-directed signatures of human immune cells altered with age	10.1038/s41590-025-02241-4	1b350d0a-4535-4879-beb6-1142f3f94947	Immune aging project - all cells	1281499	1281499	[True]	blood;bone marrow;colonic epithelium;epithelial lining fluid;inguinal lymph node;jejunal epithelium;jejunum lamina propria;lamina propria of mucosa of colon;liver;lung;mesenteric lymph node;skin of body;spleen;thoracic lymph node	spleen		31	B cell|CD16-negative, CD56-bright natural killer cell, human|CD16-positive, CD56-dim natural killer cell, human|CD4-positive, CD25-positive, alpha-beta regulatory T cell|CD4-positive, alpha-beta memory T cell|CD8-positive, alpha-beta memory T cell|central memory CD4-positive, alpha-beta T cell|central memory CD8-positive, alpha-beta T cell|classical monocyte|conventional dendritic cell|effector memory CD4-positive, alpha-beta T cell|effector memory CD4-positive, alpha-beta T cell, terminally differentiated|effector memory CD8-positive, alpha-beta T cell|effector memory CD8-positive, alpha-beta T cell, terminally differentiated|gamma-delta T cell|germinal center B cell|group 1 innate lymphoid cell|group 3 innate lymphoid cell|immature innate lymphoid cell|macrophage|mast cell|memory B cell|mucosal-associated invariant T cell|naive B cell|naive thymus-derived CD4-positive, alpha-beta T cell|naive thymus-derived CD8-positive, alpha-beta T cell|non-classical monocyte|plasma cell|plasmablast|plasmacytoid dendritic cell|progenitor cell	10x 3' v3;10x 5' v2	cell	normal	https://datasets.cellxgene.cziscience.com/589324ee-ce60-4295-843f-29a52894a522.h5ad	12689317573		https://cellxgene.cziscience.com/e/1b350d0a-4535-4879-beb6-1142f3f94947.cxg/
0cbf8ef8-87bd-4b51-8521-ec3f68183e11	Single cell atlas of the human trabecular meshwork and ciliary body	10.64898/2026.06.17.732980	978a566a-dc27-478d-b306-26daba116c1f	snRNA-seq of human ocular anterior segment: trabecular meshwork and ciliary body	1102250	1044541	[True, False]	ciliary body;eye trabecular meshwork;uvea	eye		15	B cell|Schwann cell|blood vessel endothelial cell|ciliary muscle cell|endothelial cell|fibroblast|lymphocyte|macrophage|mast cell|melanocyte|myelinating Schwann cell|non-pigmented ciliary epithelial cell|pericyte|pigmented ciliary epithelial cell|trabecular meshwork cell	10x 3' v3	nucleus	normal	https://datasets.cellxgene.cziscience.com/aa6ebee3-68cc-41b4-80b2-5ef5c3317e14.h5ad	9663215939		https://cellxgene.cziscience.com/e/978a566a-dc27-478d-b306-26daba116c1f.cxg/
854c0855-23ad-4362-8b77-6b1639e7a9fc	Automatic cell-type harmonization and integration across Human Cell Atlas datasets	10.1016/j.cell.2023.11.026	364bd0c7-f7fd-48ed-99c1-ae26872b1042	Heart	931012	437851	[True, False]	apex of heart;heart left ventricle;heart right ventricle;interventricular septum;left cardiac atrium;right cardiac atrium			19	adipocyte|capillary endothelial cell|cardiac muscle cell|endothelial cell|endothelial cell of artery|endothelial cell of lymphatic vessel|fibroblast|lymphocyte|mast cell|mesothelial cell|myeloid cell|natural killer cell|neuron|pericyte|regular atrial cardiac myocyte|regular ventricular cardiac myocyte|smooth muscle cell|vascular associated smooth muscle cell|vein endothelial cell	10x 3' v2;10x 3' v3;10x 5' v1	nucleus;cell	normal	https://datasets.cellxgene.cziscience.com/5be599c4-a77a-42eb-bd4e-be8210b05339.h5ad	6449336820		https://cellxgene.cziscience.com/e/364bd0c7-f7fd-48ed-99c1-ae26872b1042.cxg/
4796c91c-9d8f-4692-be43-347b1727f9d8	MSK SPECTRUM – Ovarian cancer mutational processes drive site-specific immune evasion	10.1038/s41586-022-05496-1	b252b015-b488-4d5c-b16e-968c13e48a2c	MSK SPECTRUM – All cells	927205	927205	[True]	abdomen;abdominal wall;adnexa of uterus;ascitic fluid;caecum;diaphragm;fallopian tube;intestine;large intestine;left ovary;liver;lymph node;omentum;paracolic gutter;parietal peritoneum;peritoneum;right ovary;transverse colon;urinary bladder	urothelium		10	B cell|T cell|dendritic cell|endothelial cell|fallopian tube secretory epithelial cell|fibroblast|mast cell|monocyte|plasma cell|unknown	10x 3' v3	cell	malignant ovarian serous tumor	https://datasets.cellxgene.cziscience.com/f8f7f2b0-b8a5-4087-8048-8d3f5b6a49dd.h5ad	11407955923		https://cellxgene.cziscience.com/e/b252b015-b488-4d5c-b16e-968c13e48a2c.cxg/
b1a879f6-5638-48d3-8f64-f6592c1b1561	Mapping the developing human immune system across organs	10.1126/science.abo0510	fd072bc3-2dfb-46f8-b4e3-467cb3223182	Full dataset of single-cell RNA-seq profiles from 9 developmental tissues across gestation (4-17 pcw)	908046	610392	[True, False]	bone marrow;gut wall;kidney;liver;mesenteric lymph node;skin of body;spleen;thymus;yolk sac	spleen		66	B-1 B cell|B-2 B cell|CD8-alpha-alpha-positive, alpha-beta intraepithelial T cell|Kupffer cell|Langerhans cell|T cell|cell of skeletal muscle|chondrocyte|common dendritic progenitor|common myeloid progenitor|dendritic cell|double negative thymocyte|double-positive, alpha-beta thymocyte|early lymphoid progenitor|endothelial cell|enteroendocrine cell|epithelial cell|epithelial cell of nephron|erythrocyte|eurydendroid cell|fibroblast|fraction A pre-pro B cell|glial cell|granulocyte|granulocyte monocyte progenitor cell|group 2 innate lymphoid cell|group 3 innate lymphoid cell|hematopoietic multipotent progenitor cell|hematopoietic stem cell|hepatocyte|immature B cell|innate lymphoid cell|interstitial cell of Cajal|keratinocyte|large pre-B-II cell|late pro-B cell|macrophage|mast cell|mature B cell|megakaryocyte|megakaryocyte-erythroid progenitor cell|melanocyte|mesothelial cell|monocyte|myelocyte|myofibroblast cell|naive thymus-derived CD4-positive, alpha-beta T cell|naive thymus-derived CD8-positive, alpha-beta T cell|natural killer cell|neuron|neutrophil|osteoblast|osteoclast|plasma cell|plasmacytoid dendritic cell|pre-conventional dendritic cell|pro-B cell|promonocyte|promyelocyte|regulatory T cell|skeletal muscle satellite cell|small pre-B-II cell|smooth muscle cell|stromal cell|unknown|vascular associated smooth muscle cell	10x 3' v2;10x 5' v1	cell	normal	https://datasets.cellxgene.cziscience.com/df38503b-8dba-4800-957d-6613747924bb.h5ad	9670043316		https://cellxgene.cziscience.com/e/fd072bc3-2dfb-46f8-b4e3-467cb3223182.cxg/
0f7d022a-46c7-4e64-be4c-e34adbb78089	Single cell atlas of the human ocular surface	None	8ef06ea4-8d0f-4303-a652-7d4604402b1f	scRNA-seq of human ocular surface: cornea, limbus, sclera – fetal data included	815769	815769	[True]	cornea;corneal endothelium;corneal epithelium;corneo-scleral junction;ocular surface region;sclera;substantia propria of cornea;tunica fibrosa of eyeball	eye		20	B cell|Schwann cell|blood vessel endothelial cell|conjunctival epithelial cell|corneal endothelial cell|endothelial cell|endothelial cell of lymphatic vessel|epithelial cell|fibroblast|keratocyte|leukocyte|lymphocyte|macrophage|mast cell|melanocyte|monocyte|myelinating Schwann cell|pericyte|progenitor cell|smooth muscle cell	10x 3' v2;10x 3' v3;10x multiome	cell;nucleus	normal	https://datasets.cellxgene.cziscience.com/30127f02-d0b9-4b56-bf4c-e5b77e4989bd.h5ad	10293731327		https://cellxgene.cziscience.com/e/8ef06ea4-8d0f-4303-a652-7d4604402b1f.cxg/
6282a908-f162-44a2-99a3-8a942e4271b2	Integrated human endoderm-derived organoids cell atlas (HEOCA)	10.1038/s41588-025-02182-6	6725ee8e-ef5b-4e68-8901-61bd14a1fe73	human endoderm organoid cell atlas	806646	731294	[True, False]	alveolar sac;biliary system;bronchus;colon;common bile duct;corpus;duodenum;gallbladder;ileum;intestine;intrahepatic bile duct;liver;lung;lung epithelium;nasopharynx;pancreas;prostate gland;pyloric antrum;salivary gland epithelium;stomach;thyroid gland	urothelium		40	BEST4+ enterocyte|Kupffer cell|M cell of gut|Schwann cell|acinar cell|basal cell|ciliated cell|club cell|colon epithelial cell|endothelial cell|enterocyte|enteroendocrine cell|epithelial cell|epithelial cell of pancreas|epithelial cell of stomach|goblet cell|hematopoietic cell|hepatic stellate cell|hepatoblast|interstitial cell of Cajal|intestinal tuft cell|luminal cell of prostate epithelium|lung secretory cell|mesodermal cell|mesothelial cell|neuroendocrine cell|neuron|pancreatic A cell|pancreatic D cell|pancreatic ductal cell|pancreatic epsilon cell|paneth cell|pericyte|pulmonary alveolar type 1 cell|pulmonary alveolar type 2 cell|smooth muscle cell|stem cell|stromal cell|thymocyte|type B pancreatic cell	10x 3' v2;10x 3' v3;10x 5' v1;10x multiome;CEL-seq2;SORT-seq;Seq-Well S3;Smart-seq	cell;nucleus	normal	https://datasets.cellxgene.cziscience.com/40f7635e-7fcd-4ede-82e9-0d32753a6b82.h5ad	12560986056		https://cellxgene.cziscience.com/e/6725ee8e-ef5b-4e68-8901-61bd14a1fe73.cxg/
854c0855-23ad-4362-8b77-6b1639e7a9fc	Automatic cell-type harmonization and integration across Human Cell Atlas datasets	10.1016/j.cell.2023.11.026	74014ef8-d2d0-4cbc-8ba2-037f30753ffd	Hippocampus	676845	191529	[True, False]	hippocampal formation			15	T cell|endothelial cell|ependymal cell|hippocampal astrocyte|hippocampal granule cell|hippocampal interneuron|hippocampal pyramidal neuron|macrophage|mature microglial cell|oligodendrocyte|oligodendrocyte precursor cell|pericyte|smooth muscle cell of the brain vasculature|vascular associated smooth muscle cell|vascular leptomeningeal cell	10x 3' v2;10x 3' v3	nucleus	normal	https://datasets.cellxgene.cziscience.com/1ac0e7df-bfa9-4ae3-b930-7b77b16fcea8.h5ad	9373178308		https://cellxgene.cziscience.com/e/74014ef8-d2d0-4cbc-8ba2-037f30753ffd.cxg/
cc431242-35ea-41e1-a100-41e0dec2665b	Multimodal profiling reveals tissue-directed signatures of human immune cells altered with age	10.1038/s41590-025-02241-4	960ecd06-e7c2-463d-9a5b-6832994376c6	Immune aging project - t cell subset	610429	0	[False]	blood;bone marrow;epithelial lining fluid;inguinal lymph node;jejunal epithelium;jejunum lamina propria;lung;mesenteric lymph node;spleen;thoracic lymph node	spleen		17	CD16-positive, CD56-dim natural killer cell, human|CD4-positive, CD25-positive, alpha-beta regulatory T cell|CD4-positive, alpha-beta memory T cell|CD8-positive, alpha-beta memory T cell|central memory CD4-positive, alpha-beta T cell|central memory CD8-positive, alpha-beta T cell|effector memory CD4-positive, alpha-beta T cell|effector memory CD4-positive, alpha-beta T cell, terminally differentiated|effector memory CD8-positive, alpha-beta T cell|effector memory CD8-positive, alpha-beta T cell, terminally differentiated|gamma-delta T cell|germinal center T cell|group 3 innate lymphoid cell|innate lymphoid cell|mucosal-associated invariant T cell|naive thymus-derived CD4-positive, alpha-beta T cell|naive thymus-derived CD8-positive, alpha-beta T cell	10x 3' v3;10x 5' v2	cell	normal	https://datasets.cellxgene.cziscience.com/f7a60ae3-282c-4a49-bf14-e8c6433fdb43.h5ad	5465441237		https://cellxgene.cziscience.com/e/960ecd06-e7c2-463d-9a5b-6832994376c6.cxg/
e5f58829-1a66-40b5-a624-9046778e74f5	Tabula Sapiens	10.1126/science.abl4896	c5d88abe-f23a-45fa-a534-788985e93dad	Tabula Sapiens - Immune	592317	0	[False]	abdominal aorta;adipose tissue;anterior part of tongue;anterior segment of eyeball;aorta;ascending colon;bladder organ;blood;bone marrow;brown adipose tissue;buccal mucosa;cardiac atrium;cardiac ventricle;chorioretinal region;conjunctiva;cornea;coronary artery;cortex of kidney;crista ampullaris;duodenum;endocrine pancreas;endometrium;exocrine pancreas;eye;eyelid;heart;heart right ventricle;ileum;inferior vena cava;inguinal lymph node;jejunum;kidney;lacrimal gland;large intestine;left coronary artery;left ovary;liver;lung;lymph node;mammary gland;mesenteric lymph node;mucosa of stomach;muscle of abdomen;muscle of pelvic diaphragm;muscularis mucosae of stomach;myometrium;ocular surface region;ovary;parotid gland;posterior part of tongue;posterior segment of eyeball;prostate gland;retinal neural layer;right cardiac atrium;right ovary;sclera;sigmoid colon;skin of abdomen;skin of body;skin of chest;small intestine;spleen;stomach;stomach smooth muscle;subcutaneous adipose tissue;sublingual gland;submandibular gland;testis;thoracic aorta;thymus;trachea;uterus;utricle of membranous labyrinth;vasculature	eye;spleen;testis;urothelium		45	B cell|CD4-positive, alpha-beta T cell|CD4-positive, alpha-beta thymocyte|CD8-positive, alpha-beta T cell|CD8-positive, alpha-beta thymocyte|Langerhans cell|T cell|T follicular helper cell|activated CD4-positive, alpha-beta T cell|activated CD8-positive, alpha-beta T cell|basophil|classical monocyte|colon macrophage|common myeloid progenitor|erythrocyte|erythroid lineage cell|erythroid progenitor cell|gamma-delta T cell|granulocyte|hematopoietic cell|hematopoietic precursor cell|hematopoietic stem cell|innate lymphoid cell|intermediate monocyte|leukocyte|macrophage|mast cell|mature NK T cell|microglial cell|monocyte|mononuclear phagocyte|myeloid cell|myeloid dendritic cell|myeloid leukocyte|naive thymus-derived CD4-positive, alpha-beta T cell|naive thymus-derived CD8-positive, alpha-beta T cell|natural killer cell|neutrophil|non-classical monocyte|plasma cell|plasmacytoid dendritic cell|platelet|regulatory T cell|thymocyte|tissue-resident macrophage	10x 3' v3;10x 5' v2;Smart-seq2;Smart-seq3	cell	normal	https://datasets.cellxgene.cziscience.com/78b60b70-129a-4a6d-b15f-825b241eec66.h5ad	19773784766		https://cellxgene.cziscience.com/e/c5d88abe-f23a-45fa-a534-788985e93dad.cxg/
b1a879f6-5638-48d3-8f64-f6592c1b1561	Mapping the developing human immune system across organs	10.1126/science.abo0510	48101fa2-1a63-4514-b892-53ea1d3a8657	HSC/immune cells (all hematopoietic-derived cells)	589390	0	[False]	bone marrow;gut wall;kidney;liver;mesenteric lymph node;skin of body;spleen;thymus;yolk sac	spleen		47	B-1 B cell|B-2 B cell|CD8-alpha-alpha-positive, alpha-beta intraepithelial T cell|Kupffer cell|Langerhans cell|T cell|common dendritic progenitor|common myeloid progenitor|dendritic cell|double negative thymocyte|double-positive, alpha-beta thymocyte|early lymphoid progenitor|erythrocyte|fibroblast|fraction A pre-pro B cell|granulocyte|granulocyte monocyte progenitor cell|group 2 innate lymphoid cell|group 3 innate lymphoid cell|hematopoietic multipotent progenitor cell|hematopoietic stem cell|immature B cell|innate lymphoid cell|large pre-B-II cell|late pro-B cell|macrophage|mast cell|mature B cell|megakaryocyte|megakaryocyte-erythroid progenitor cell|monocyte|myelocyte|naive thymus-derived CD4-positive, alpha-beta T cell|naive thymus-derived CD8-positive, alpha-beta T cell|natural killer cell|neutrophil|osteoclast|plasma cell|plasmacytoid dendritic cell|pre-conventional dendritic cell|pro-B cell|promonocyte|promyelocyte|regulatory T cell|small pre-B-II cell|unknown|vascular associated smooth muscle cell	10x 3' v2;10x 5' v1	cell	normal	https://datasets.cellxgene.cziscience.com/85029212-43df-4054-9733-6edf667a8b13.h5ad	7212726991		https://cellxgene.cziscience.com/e/48101fa2-1a63-4514-b892-53ea1d3a8657.cxg/
0f7d022a-46c7-4e64-be4c-e34adbb78089	Single cell atlas of the human ocular surface	None	61adb974-beea-432e-9b4f-677d9cb22ece	scRNA-seq of human ocular surface: cornea, limbus, sclera - all cells	577857	0	[False]	cornea;corneal endothelium;corneal epithelium;corneo-scleral junction;ocular surface region;sclera;substantia propria of cornea;tunica fibrosa of eyeball	eye		19	B cell|Schwann cell|capillary endothelial cell|conjunctival epithelial cell|corneal endothelial cell|endothelial cell of artery|endothelial cell of lymphatic vessel|endothelial cell of venule|epithelial cell|fibroblast|keratocyte|lymphocyte|macrophage|mast cell|melanocyte|monocyte|myelinating Schwann cell|pericyte|smooth muscle cell	10x 3' v2;10x 3' v3	cell	normal	https://datasets.cellxgene.cziscience.com/2153e987-eff9-4ad1-b7e5-75a48d39afa4.h5ad	7199875064		https://cellxgene.cziscience.com/e/61adb974-beea-432e-9b4f-677d9cb22ece.cxg/
4c6eaf5c-6d57-4c76-b1e9-60df8c655f1e	Single cell atlas of the human retina	10.1038/s41588-025-02454-1	8c0a3574-b0ad-4e4f-b5d3-d1a743b00d4a	snRNA-seq of human retina - amacrine cell subset	571579	0	[False]	fovea centralis;macula lutea;macula lutea proper;peripheral region of retina	eye		4	GABAergic amacrine cell|amacrine cell|glycinergic amacrine cell|starburst amacrine cell	10x 3' v3	nucleus	normal	https://datasets.cellxgene.cziscience.com/7710a02a-55b2-4a81-a3d4-aba6b217386e.h5ad	7758244648		https://cellxgene.cziscience.com/e/8c0a3574-b0ad-4e4f-b5d3-d1a743b00d4a.cxg/
4d8fed08-2d6d-4692-b5ea-464f1d072077	Comprehensive cell atlas of the first-trimester developing human brain	10.1126/science.adf1226	1b52ee22-c71a-4a0f-a4d2-c1be36d0b82a	ClassNeuron	561754	0	[False]	basal forebrain;brain;caudate-putamen;cerebellar peduncular complex;cerebellum;cerebral subcortex;choroid plexus epithelium;cortex;diencephalon;dorsal plus ventral thalamus;entorhinal cortex;forebrain;frontal cortex;head;hindbrain;hippocampal formation;hypothalamus;lower layers of the cortex;medulla oblongata;metencephalon;midbrain;midbrain tectum;occipital cortex;pons;striatum;telencephalon;upper layers of the cortex	choroid_plexus		1	neuron	10x 3' v2;10x 3' v3	cell	normal	https://datasets.cellxgene.cziscience.com/489b22f6-61cd-4ec2-a48b-390bd0a00f80.h5ad	3770091260		https://cellxgene.cziscience.com/e/1b52ee22-c71a-4a0f-a4d2-c1be36d0b82a.cxg/
4d8fed08-2d6d-4692-b5ea-464f1d072077	Comprehensive cell atlas of the first-trimester developing human brain	10.1126/science.adf1226	598100f7-01da-4de4-998a-05917fd6c446	ClassRadialGlia	519908	0	[False]	basal forebrain;brain;caudate-putamen;cerebellar peduncular complex;cerebellum;cerebral subcortex;choroid plexus epithelium;cortex;diencephalon;dorsal plus ventral thalamus;entorhinal cortex;forebrain;frontal cortex;head;hindbrain;hippocampal formation;hypothalamus;lower layers of the cortex;medulla oblongata;metencephalon;midbrain;midbrain tectum;occipital cortex;pons;striatum;telencephalon;upper layers of the cortex	choroid_plexus		1	radial glial cell	10x 3' v2;10x 3' v3	cell	normal	https://datasets.cellxgene.cziscience.com/e9697a7a-f6fd-4011-994e-2bc116a0000e.h5ad	3865257208		https://cellxgene.cziscience.com/e/598100f7-01da-4de4-998a-05917fd6c446.cxg/
283d65eb-dd53-496d-adb7-7570c7caa443	Human Brain Cell Atlas v1.0	10.1126/science.add7046	40e79234-65e8-45e9-b555-5c663154a108	Supercluster: Oligodendrocyte	490246	0	[False]	Brodmann (1909) area 13;Brodmann (1909) area 14;Brodmann (1909) area 19;Brodmann (1909) area 23;Brodmann (1909) area 24;Brodmann (1909) area 25;Brodmann (1909) area 32;Brodmann (1909) area 35;Brodmann (1909) area 38;Brodmann (1909) area 40;Brodmann (1909) area 43;Brodmann (1909) area 46;accessory basal amygdaloid nucleus;agranular insular cortex;anterior cortical amygdaloid nucleus;anterior nuclear group;anterior olfactory nucleus;basolateral amygdaloid nuclear complex;bed nucleus of stria terminalis;body of caudate nucleus;central amygdaloid nucleus;centromedian nucleus of thalamus;cerebellar nuclear complex;cerebellar vermis;cerebrocerebellum;claustrum of brain;corticomedial nuclear complex;cuneus cortex;dentate gyrus of hippocampal formation;dorsal tegmental nucleus;epithalamus;extrastriate cortex;globus pallidus;granular insular cortex;gray matter of midbrain;hippocampal field;hypothalamus;inferior frontal gyrus;inferior olivary complex;inferior temporal gyrus;intralaminar nuclear group;lateral amygdaloid nucleus;lateral entorhinal cortex;lateral geniculate body;lateral nuclear group of thalamus;lateral posterior nucleus of thalamus;mammillary body;medial dorsal nucleus of thalamus;medial entorhinal cortex;medial geniculate body;medial zone of hypothalamus;median tuberal portion;midbrain nucleus;midbrain tectum;middle temporal gyrus;nucleus accumbens;nucleus of dorsal thalamus;nucleus of medulla oblongata;parabrachial nucleus;perirhinal cortex;piriform cortex;pontine nuclear group;pontine reticular formation;pontine tegmentum;posterior parahippocampal gyrus;preoptic area;pretectal region;primary auditory cortex;primary motor cortex;primary somatosensory cortex;primary visual cortex;pulvinar nucleus;putamen;red nucleus;retrosplenial region;rostral CA3;septal nuclear complex;spinal cord;subicular complex;substantia innominata;substantia nigra;subthalamic nucleus;superior parietal cortex;superior temporal gyrus;supraoptic nucleus;temporal fusiform gyrus;uncal CA1;ventral anterior nucleus of thalamus	eye		1	oligodendrocyte	10x 3' v3	nucleus	normal	https://datasets.cellxgene.cziscience.com/e5de1555-9551-4f2d-9084-84f1dd8b3fb6.h5ad	2526544291		https://cellxgene.cziscience.com/e/40e79234-65e8-45e9-b555-5c663154a108.cxg/
283d65eb-dd53-496d-adb7-7570c7caa443	Human Brain Cell Atlas v1.0	10.1126/science.add7046	0325478a-9b52-45b5-b40a-2e2ab0d72eb1	Supercluster: Upper-layer intratelencephalic	455006	0	[False]	Brodmann (1909) area 13;Brodmann (1909) area 14;Brodmann (1909) area 19;Brodmann (1909) area 23;Brodmann (1909) area 24;Brodmann (1909) area 25;Brodmann (1909) area 32;Brodmann (1909) area 38;Brodmann (1909) area 40;Brodmann (1909) area 43;Brodmann (1909) area 46;accessory basal amygdaloid nucleus;agranular insular cortex;anterior cortical amygdaloid nucleus;anterior nuclear group;anterior olfactory nucleus;basolateral amygdaloid nuclear complex;bed nucleus of stria terminalis;body of caudate nucleus;central amygdaloid nucleus;claustrum of brain;corticomedial nuclear complex;cuneus cortex;dentate gyrus of hippocampal formation;dorsal tegmental nucleus;epithalamus;extrastriate cortex;globus pallidus;granular insular cortex;gray matter of midbrain;hippocampal field;hypothalamus;inferior frontal gyrus;inferior olivary complex;inferior temporal gyrus;intralaminar nuclear group;lateral amygdaloid nucleus;lateral entorhinal cortex;lateral geniculate body;lateral nuclear group of thalamus;lateral posterior nucleus of thalamus;mammillary body;medial dorsal nucleus of thalamus;medial entorhinal cortex;medial geniculate body;medial zone of hypothalamus;midbrain nucleus;midbrain tectum;middle temporal gyrus;nucleus accumbens;nucleus of dorsal thalamus;nucleus of medulla oblongata;parabrachial nucleus;perirhinal cortex;piriform cortex;pontine nuclear group;pontine reticular formation;pontine tegmentum;posterior parahippocampal gyrus;preoptic area;pretectal region;primary auditory cortex;primary motor cortex;primary somatosensory cortex;primary visual cortex;pulvinar nucleus;putamen;red nucleus;retrosplenial region;septal nuclear complex;spinal cord;subicular complex;substantia innominata;substantia nigra;subthalamic nucleus;superior parietal cortex;superior temporal gyrus;supraoptic nucleus;temporal fusiform gyrus;ventral anterior nucleus of thalamus	eye		1	intratelencephalic-projecting glutamatergic cortical neuron	10x 3' v3	nucleus	normal	https://datasets.cellxgene.cziscience.com/ec51ccf4-3128-4e61-a772-38cbcc8a4947.h5ad	6584209774		https://cellxgene.cziscience.com/e/0325478a-9b52-45b5-b40a-2e2ab0d72eb1.cxg/
4d8fed08-2d6d-4692-b5ea-464f1d072077	Comprehensive cell atlas of the first-trimester developing human brain	10.1126/science.adf1226	675873e1-3f1d-4bd5-9fad-3ce8a5ad98e1	Telencephalon	377022	0	[False]	caudate-putamen;choroid plexus epithelium;cortex;entorhinal cortex;forebrain;frontal cortex;hippocampal formation;lower layers of the cortex;occipital cortex;striatum;telencephalon;upper layers of the cortex	choroid_plexus		6	glioblast|neuroblast (sensu Nematoda and Protostomia)|neuroblast (sensu Vertebrata)|neuron|oligodendrocyte|radial glial cell	10x 3' v2;10x 3' v3	cell	normal	https://datasets.cellxgene.cziscience.com/d247ed2d-eb4b-4abe-a3d4-65afcde97a29.h5ad	2933360861		https://cellxgene.cziscience.com/e/675873e1-3f1d-4bd5-9fad-3ce8a5ad98e1.cxg/
4c6eaf5c-6d57-4c76-b1e9-60df8c655f1e	Single cell atlas of the human retina	10.1038/s41588-025-02454-1	95ce06a0-7de9-4ab2-bcd1-a6625f55e7e3	snRNA-seq of human retina - retinal ganglion cell subset	372816	0	[False]	fovea centralis;macula lutea;macula lutea proper;peripheral region of retina	eye		5	OFF midget ganglion cell|OFF parasol ganglion cell|ON midget ganglion cell|ON parasol ganglion cell|retinal ganglion cell	10x 3' v3	nucleus	normal	https://datasets.cellxgene.cziscience.com/3a22048d-c63a-4117-9945-ccf96c063ac3.h5ad	7337437943		https://cellxgene.cziscience.com/e/95ce06a0-7de9-4ab2-bcd1-a6625f55e7e3.cxg/
6282a908-f162-44a2-99a3-8a942e4271b2	Integrated human endoderm-derived organoids cell atlas (HEOCA)	10.1038/s41588-025-02182-6	776a1e4a-f141-49bb-9978-d0588a4cee9f	human intestine organoid cell atlas	353140	0	[False]	colon;duodenum;ileum;intestine			22	M cell of gut|Schwann cell|basal cell|ciliated cell|colon endothelial cell|colon epithelial cell|endothelial cell|enterocyte|enteroendocrine cell|epithelial cell|goblet cell|hematopoietic cell|interstitial cell of Cajal|intestinal tuft cell|mesodermal cell|mesothelial cell|neuron|paneth cell|pericyte|smooth muscle cell|stem cell|stromal cell	10x 3' v2;10x 3' v3;10x 5' v2;SORT-seq;Seq-Well S3	cell;nucleus	normal	https://datasets.cellxgene.cziscience.com/a8d79867-3e4d-4026-b2b1-5d0ddd6cb58e.h5ad	5779034312		https://cellxgene.cziscience.com/e/776a1e4a-f141-49bb-9978-d0588a4cee9f.cxg/
4c6eaf5c-6d57-4c76-b1e9-60df8c655f1e	Single cell atlas of the human retina	10.1038/s41588-025-02454-1	547b47fa-d4e4-439e-bace-5b3b0f45fa23	snRNA-seq of human retina - retinal ganglion cell subset - refined clustering	345257	0	[False]	fovea centralis;macula lutea;macula lutea proper;peripheral region of retina	eye		5	OFF midget ganglion cell|OFF parasol ganglion cell|ON midget ganglion cell|ON parasol ganglion cell|retinal ganglion cell	10x 3' v3	nucleus	normal	https://datasets.cellxgene.cziscience.com/e4c0ab7b-35da-4d47-a285-f25db28c1624.h5ad	6585832537		https://cellxgene.cziscience.com/e/547b47fa-d4e4-439e-bace-5b3b0f45fa23.cxg/
854c0855-23ad-4362-8b77-6b1639e7a9fc	Automatic cell-type harmonization and integration across Human Cell Atlas datasets	10.1016/j.cell.2023.11.026	d86edd6a-4b5d-437a-ad80-1fd976a5e23a	Blood	335916	0	[False]	blood			24	CD16-negative, CD56-bright natural killer cell, human|CD16-positive, CD56-dim natural killer cell, human|central memory CD4-positive, alpha-beta T cell|central memory CD8-positive, alpha-beta T cell|class switched memory B cell|classical monocyte|conventional dendritic cell|effector memory CD4-positive, alpha-beta T cell|effector memory CD4-positive, alpha-beta T cell, terminally differentiated|effector memory CD8-positive, alpha-beta T cell|effector memory CD8-positive, alpha-beta T cell, terminally differentiated|gamma-delta T cell|hematopoietic multipotent progenitor cell|leukocyte|megakaryocyte|memory B cell|mucosal-associated invariant T cell|naive B cell|non-classical monocyte|plasma cell|plasmablast|plasmacytoid dendritic cell|regulatory T cell|unswitched memory B cell	10x 3' v2;10x 3' v3;10x 5' v1;10x 5' v2	cell	normal	https://datasets.cellxgene.cziscience.com/e1ce4d49-a850-4167-a18c-9e9e68bbfe66.h5ad	2416003445		https://cellxgene.cziscience.com/e/d86edd6a-4b5d-437a-ad80-1fd976a5e23a.cxg/
0cbf8ef8-87bd-4b51-8521-ec3f68183e11	Single cell atlas of the human trabecular meshwork and ciliary body	10.64898/2026.06.17.732980	8560f809-5794-484e-9152-b63efa91d134	scRNA-seq of human ocular anterior segment: trabecular meshwork and ciliary body	332995	332995	[True]	ciliary body;eye trabecular meshwork	eye		15	B cell|Schwann cell|blood vessel endothelial cell|ciliary muscle cell|endothelial cell|fibroblast|lymphocyte|macrophage|mast cell|melanocyte|myelinating Schwann cell|non-pigmented ciliary epithelial cell|pericyte|pigmented ciliary epithelial cell|trabecular meshwork cell	10x 3' v2;10x 3' v3;10x 5' v2	cell	normal	https://datasets.cellxgene.cziscience.com/95d527ff-21f6-4124-86b6-feed8ac2e4bd.h5ad	3291729206		https://cellxgene.cziscience.com/e/8560f809-5794-484e-9152-b63efa91d134.cxg/
62ef75e4-cbea-454e-a0ce-998ec40223d3	Cross-tissue immune cell analysis reveals tissue-specific features in humans	10.1126/science.abl5197	1b9d8702-5af8-4142-85ed-020eb06ec4f6	Global	329762	87003	[True, False]	blood;bone marrow;caecum;duodenum;ileum;jejunal epithelium;jejunum lamina propria;liver;lung;mesenteric lymph node;omentum;sigmoid colon;skeletal muscle tissue;spleen;thoracic lymph node;thymus;transverse colon	spleen		35	CD16-negative, CD56-bright natural killer cell, human|CD16-positive, CD56-dim natural killer cell, human|CD4-positive helper T cell|CD8-positive, alpha-beta memory T cell|CD8-positive, alpha-beta memory T cell, CD45RO-positive|T follicular helper cell|alpha-beta T cell|alveolar macrophage|classical monocyte|conventional dendritic cell|dendritic cell, human|effector memory CD4-positive, alpha-beta T cell|effector memory CD8-positive, alpha-beta T cell, terminally differentiated|erythroid lineage cell|gamma-delta T cell|germinal center B cell|group 3 innate lymphoid cell|lymphocyte|macrophage|mast cell|megakaryocyte|memory B cell|mucosal-associated invariant T cell|naive B cell|naive thymus-derived CD4-positive, alpha-beta T cell|naive thymus-derived CD8-positive, alpha-beta T cell|non-classical monocyte|plasma cell|plasmablast|plasmacytoid dendritic cell|precursor B cell|pro-B cell|progenitor cell|regulatory T cell|unknown	10x 3' v3;10x 5' v1;10x 5' v2	cell	normal	https://datasets.cellxgene.cziscience.com/09a381ce-feaf-48c8-a928-58f6768f4265.h5ad	3036698635		https://cellxgene.cziscience.com/e/1b9d8702-5af8-4142-85ed-020eb06ec4f6.cxg/
b1a879f6-5638-48d3-8f64-f6592c1b1561	Mapping the developing human immune system across organs	10.1126/science.abo0510	d0c12af4-c0e4-4c7b-873a-70752b449689	Stromal cells (all non-immune cells)	318656	0	[False]	bone marrow;gut wall;kidney;liver;mesenteric lymph node;skin of body;spleen;thymus;yolk sac	spleen		22	cell of skeletal muscle|chondrocyte|endothelial cell|enteroendocrine cell|epithelial cell|epithelial cell of nephron|eurydendroid cell|fibroblast|glial cell|hepatocyte|interstitial cell of Cajal|keratinocyte|melanocyte|mesothelial cell|myofibroblast cell|neuron|osteoblast|skeletal muscle satellite cell|smooth muscle cell|stromal cell|unknown|vascular associated smooth muscle cell	10x 3' v2;10x 5' v1	cell	normal	https://datasets.cellxgene.cziscience.com/dbec7f42-587b-4ae4-932e-21dae985908f.h5ad	4395808997		https://cellxgene.cziscience.com/e/d0c12af4-c0e4-4c7b-873a-70752b449689.cxg/
854c0855-23ad-4362-8b77-6b1639e7a9fc	Automatic cell-type harmonization and integration across Human Cell Atlas datasets	10.1016/j.cell.2023.11.026	493a8b60-d676-44d1-b022-d14c1ad0b36c	Lung	318426	0	[False]	bronchus;lower lobe of left lung;lung;lung parenchyma;upper lobe of left lung			43	CD16-negative, CD56-bright natural killer cell, human|CD16-positive, CD56-dim natural killer cell, human|T cell|T follicular helper cell|alveolar capillary type 2 endothelial cell|alveolar macrophage|alveolar type 1 fibroblast cell|basal cell|capillary endothelial cell|central memory CD4-positive, alpha-beta T cell|classical monocyte|club cell|conventional dendritic cell|dendritic cell, human|effector memory CD4-positive, alpha-beta T cell|effector memory CD8-positive, alpha-beta T cell|effector memory CD8-positive, alpha-beta T cell, terminally differentiated|endothelial cell of artery|endothelial cell of lymphatic vessel|erythrocyte|fibroblast|fibroblast of lung|goblet cell|ionocyte|lung multiciliated epithelial cell|macrophage|mast cell|memory B cell|mesothelial cell|muscle cell|myofibroblast cell|naive B cell|natural killer cell|non-classical monocyte|pericyte|plasma cell|plasmablast|plasmacytoid dendritic cell|pulmonary alveolar type 1 cell|pulmonary alveolar type 2 cell|regulatory T cell|smooth muscle cell of the pulmonary artery|vein endothelial cell	10x 3' v2;10x 5' transcription profiling	cell	normal	https://datasets.cellxgene.cziscience.com/06f0f972-8b12-497a-b731-1d44674f1c5e.h5ad	3026412040		https://cellxgene.cziscience.com/e/493a8b60-d676-44d1-b022-d14c1ad0b36c.cxg/
283d65eb-dd53-496d-adb7-7570c7caa443	Human Brain Cell Atlas v1.0	10.1126/science.add7046	3a7f3ab4-a280-4b3b-b2c0-6dd05614a78c	Supercluster: Splatter	291833	0	[False]	Brodmann (1909) area 13;Brodmann (1909) area 14;Brodmann (1909) area 19;Brodmann (1909) area 23;Brodmann (1909) area 24;Brodmann (1909) area 25;Brodmann (1909) area 32;Brodmann (1909) area 38;Brodmann (1909) area 40;Brodmann (1909) area 43;Brodmann (1909) area 46;accessory basal amygdaloid nucleus;agranular insular cortex;anterior cortical amygdaloid nucleus;anterior nuclear group;anterior olfactory nucleus;basolateral amygdaloid nuclear complex;bed nucleus of stria terminalis;body of caudate nucleus;central amygdaloid nucleus;centromedian nucleus of thalamus;cerebellar nuclear complex;cerebellar vermis;cerebrocerebellum;claustrum of brain;corticomedial nuclear complex;cuneus cortex;dentate gyrus of hippocampal formation;dorsal tegmental nucleus;epithalamus;extrastriate cortex;globus pallidus;granular insular cortex;gray matter of midbrain;hippocampal field;hypothalamus;inferior frontal gyrus;inferior olivary complex;inferior temporal gyrus;intralaminar nuclear group;lateral amygdaloid nucleus;lateral entorhinal cortex;lateral geniculate body;lateral nuclear group of thalamus;lateral posterior nucleus of thalamus;mammillary body;medial dorsal nucleus of thalamus;medial entorhinal cortex;medial geniculate body;medial zone of hypothalamus;median tuberal portion;midbrain nucleus;midbrain tectum;middle temporal gyrus;nucleus accumbens;nucleus of dorsal thalamus;nucleus of medulla oblongata;parabrachial nucleus;perirhinal cortex;piriform cortex;pontine nuclear group;pontine reticular formation;pontine tegmentum;posterior parahippocampal gyrus;preoptic area;pretectal region;primary auditory cortex;primary motor cortex;primary somatosensory cortex;primary visual cortex;pulvinar nucleus;putamen;red nucleus;retrosplenial region;rostral CA3;septal nuclear complex;spinal cord;subicular complex;substantia innominata;substantia nigra;subthalamic nucleus;superior parietal cortex;superior temporal gyrus;supraoptic nucleus;temporal fusiform gyrus;uncal CA1;ventral anterior nucleus of thalamus	eye		2	neuron|sst chodl GABAergic interneuron	10x 3' v3	nucleus	normal	https://datasets.cellxgene.cziscience.com/c4a41c58-06df-47a6-96cf-24c930d7de47.h5ad	3726629323		https://cellxgene.cziscience.com/e/3a7f3ab4-a280-4b3b-b2c0-6dd05614a78c.cxg/
4d8fed08-2d6d-4692-b5ea-464f1d072077	Comprehensive cell atlas of the first-trimester developing human brain	10.1126/science.adf1226	e59a4394-80db-42e4-85e6-8f0e59b81f42	ClassNeuroblast	285699	0	[False]	basal forebrain;brain;caudate-putamen;cerebellar peduncular complex;cerebellum;cerebral subcortex;choroid plexus epithelium;cortex;diencephalon;dorsal plus ventral thalamus;entorhinal cortex;forebrain;frontal cortex;head;hindbrain;hippocampal formation;hypothalamus;lower layers of the cortex;medulla oblongata;metencephalon;midbrain;midbrain tectum;occipital cortex;pons;striatum;telencephalon;upper layers of the cortex	choroid_plexus		1	neuroblast (sensu Vertebrata)	10x 3' v2;10x 3' v3	cell	normal	https://datasets.cellxgene.cziscience.com/10d36870-cb38-45ab-bb97-583849b5c257.h5ad	1997692094		https://cellxgene.cziscience.com/e/e59a4394-80db-42e4-85e6-8f0e59b81f42.cxg/
05e3d0fc-c9dd-4f14-9163-2b242b3bb5c2	Single cell atlas of the human optic nerve	None	cc47b200-9c67-452f-990c-f84d3b33b990	snRNA-seq of human optic nerve and optic nerve head - oligodendrocytes	278040	0	[False]	cranial nerve II;optic disc	eye		1	oligodendrocyte	10x 3' v3	nucleus	normal	https://datasets.cellxgene.cziscience.com/a919683d-af1a-49c3-92c3-547194718ada.h5ad	2747139024		https://cellxgene.cziscience.com/e/cc47b200-9c67-452f-990c-f84d3b33b990.cxg/
05e3d0fc-c9dd-4f14-9163-2b242b3bb5c2	Single cell atlas of the human optic nerve	None	f628a4aa-d935-46cb-872d-454a7d133acf	snRNA-seq of human optic nerve and optic nerve head - astrocytes	273711	0	[False]	cranial nerve II;optic disc	eye		2	astrocyte|retinal astrocyte	10x 3' v3	nucleus	normal	https://datasets.cellxgene.cziscience.com/83e8f25e-47c2-49a9-a045-2443788e256e.h5ad	2920917415		https://cellxgene.cziscience.com/e/f628a4aa-d935-46cb-872d-454a7d133acf.cxg/
cc431242-35ea-41e1-a100-41e0dec2665b	Multimodal profiling reveals tissue-directed signatures of human immune cells altered with age	10.1038/s41590-025-02241-4	3f766409-fcd6-4553-99e8-259bc24a6be6	Immune aging project - b cell subset	272162	0	[False]	blood;bone marrow;epithelial lining fluid;inguinal lymph node;jejunal epithelium;jejunum lamina propria;lung;mesenteric lymph node;spleen;thoracic lymph node	spleen		7	B cell|germinal center B cell|memory B cell|naive B cell|plasma cell|plasmablast|precursor B cell	10x 3' v3;10x 5' v2	cell	normal	https://datasets.cellxgene.cziscience.com/eb33715b-4b80-471f-b2d8-d5189e6d33a3.h5ad	2655416182		https://cellxgene.cziscience.com/e/3f766409-fcd6-4553-99e8-259bc24a6be6.cxg/
854c0855-23ad-4362-8b77-6b1639e7a9fc	Automatic cell-type harmonization and integration across Human Cell Atlas datasets	10.1016/j.cell.2023.11.026	cbec7853-d996-4493-bbf8-5d82857a4e51	Intestine	263275	109884	[True, False]	caecum epithelium;caecum lamina propria;cecum mucosa;colonic epithelium;duodenal mucosa;ileal mucosa;jejunal mucosa;lamina propria of mucosa of colon;mucosa of appendix;mucosa of ascending colon;mucosa of descending colon;mucosa of rectum;mucosa of sigmoid colon;mucosa of transverse colon;transverse colon epithelium;transverse colon lamina propria			38	B cell|BEST4+ enterocyte|T follicular helper cell|T-helper 1 cell|T-helper 17 cell|capillary endothelial cell|central memory CD4-positive, alpha-beta T cell|conventional dendritic cell|effector memory CD4-positive, alpha-beta T cell|effector memory CD8-positive, alpha-beta T cell|endothelial cell of artery|endothelial cell of lymphatic vessel|enterocyte|enterocyte of epithelium of large intestine|enteroendocrine cell|follicular B cell|gamma-delta T cell|gastrointestinal tract (lamina propria) macrophage of large intestine|germinal center B cell|glial cell|goblet cell|innate lymphoid cell|macrophage|mast cell|memory B cell|monocyte|myofibroblast cell|naive B cell|natural killer cell|paneth cell|pericyte|plasma cell|regulatory T cell|stem cell|stromal cell|transit amplifying cell|tuft cell of colon|vein endothelial cell	10x 3' v1;10x 3' v2;10x 3' v3;10x 5' v2	cell	normal	https://datasets.cellxgene.cziscience.com/595e055a-8d3c-4801-bf33-7c043ebc80d2.h5ad	1450670990		https://cellxgene.cziscience.com/e/cbec7853-d996-4493-bbf8-5d82857a4e51.cxg/
854c0855-23ad-4362-8b77-6b1639e7a9fc	Automatic cell-type harmonization and integration across Human Cell Atlas datasets	10.1016/j.cell.2023.11.026	1d89d081-f43d-401a-be76-bd6ef9259f4e	Liver	259678	10352	[True, False]	caudate lobe of liver;liver			26	B cell|CD16-negative, CD56-bright natural killer cell, human|CD16-positive, CD56-dim natural killer cell, human|CD4-positive, alpha-beta T cell|M1 macrophage|centrilobular region hepatocyte|cholangiocyte|classical monocyte|conventional dendritic cell|dendritic cell, human|effector memory CD8-positive, alpha-beta T cell|effector memory CD8-positive, alpha-beta T cell, terminally differentiated|endothelial cell of pericentral hepatic sinusoid|endothelial cell of periportal hepatic sinusoid|fibroblast|hepatic stellate cell|leukocyte|macrophage|midzonal region hepatocyte|mucosal-associated invariant T cell|natural killer cell|neutrophil|non-classical monocyte|periportal region hepatocyte|plasma cell|plasmacytoid dendritic cell	10x 3' v2;10x 3' v3;CEL-seq2	cell;nucleus	normal	https://datasets.cellxgene.cziscience.com/78760442-8f3a-491e-b4c8-23027f9f8e19.h5ad	1875534453		https://cellxgene.cziscience.com/e/1d89d081-f43d-401a-be76-bd6ef9259f4e.cxg/
4d8fed08-2d6d-4692-b5ea-464f1d072077	Comprehensive cell atlas of the first-trimester developing human brain	10.1126/science.adf1226	bfbd9097-65a2-4019-aff3-f875aca51952	Midbrain	256434	0	[False]	cerebellar peduncular complex;midbrain;midbrain tectum			12	cell|erythrocyte|fibroblast|glioblast|macrophage|neural crest cell|neuroblast (sensu Nematoda and Protostomia)|neuroblast (sensu Vertebrata)|neuron|neuroplacodal cell|oligodendrocyte|radial glial cell	10x 3' v2;10x 3' v3	cell	normal	https://datasets.cellxgene.cziscience.com/a02344cd-9d5b-4191-a44f-b5f95111de94.h5ad	1734113456		https://cellxgene.cziscience.com/e/bfbd9097-65a2-4019-aff3-f875aca51952.cxg/
0f7d022a-46c7-4e64-be4c-e34adbb78089	Single cell atlas of the human ocular surface	None	22875b17-dc4a-4870-8ca7-477a088ab898	scRNA-seq of human ocular surface: cornea, limbus, sclera - epithelial cells	250321	0	[False]	cornea;corneal epithelium;corneo-scleral junction;ocular surface region;sclera;substantia propria of cornea;tunica fibrosa of eyeball	eye		2	conjunctival epithelial cell|epithelial cell	10x 3' v2;10x 3' v3	cell	normal	https://datasets.cellxgene.cziscience.com/ce72c454-9b5e-4043-b2f9-abd8f5e9446b.h5ad	3832292215		https://cellxgene.cziscience.com/e/22875b17-dc4a-4870-8ca7-477a088ab898.cxg/
b1a879f6-5638-48d3-8f64-f6592c1b1561	Mapping the developing human immune system across organs	10.1126/science.abo0510	3affa268-8a74-460a-ac9b-a984c0832469	Lymphoid cells	239698	0	[False]	bone marrow;gut wall;kidney;liver;mesenteric lymph node;skin of body;spleen;thymus;yolk sac	spleen		31	B-1 B cell|B-2 B cell|CD8-alpha-alpha-positive, alpha-beta intraepithelial T cell|T cell|common myeloid progenitor|double negative thymocyte|double-positive, alpha-beta thymocyte|early lymphoid progenitor|fraction A pre-pro B cell|granulocyte monocyte progenitor cell|group 2 innate lymphoid cell|group 3 innate lymphoid cell|hematopoietic multipotent progenitor cell|hematopoietic stem cell|immature B cell|innate lymphoid cell|large pre-B-II cell|late pro-B cell|mature B cell|megakaryocyte|megakaryocyte-erythroid progenitor cell|naive thymus-derived CD4-positive, alpha-beta T cell|naive thymus-derived CD8-positive, alpha-beta T cell|natural killer cell|plasma cell|pro-B cell|promonocyte|promyelocyte|regulatory T cell|small pre-B-II cell|unknown	10x 3' v2;10x 5' v1	cell	normal	https://datasets.cellxgene.cziscience.com/cdbeb9ec-9e91-45f1-a91a-1d75c3f9fe29.h5ad	3071273888		https://cellxgene.cziscience.com/e/3affa268-8a74-460a-ac9b-a984c0832469.cxg/
e5f58829-1a66-40b5-a624-9046778e74f5	Tabula Sapiens	10.1126/science.abl4896	a68b64d8-aee3-4947-81b7-36b8fe5a44d2	Tabula Sapiens - Stromal	232684	0	[False]	abdominal aorta;adipose tissue;anterior part of tongue;anterior segment of eyeball;aorta;ascending colon;bladder organ;bone marrow;brown adipose tissue;buccal mucosa;cardiac atrium;cardiac ventricle;chorioretinal region;conjunctiva;cornea;coronary artery;crista ampullaris;duodenum;endocrine pancreas;endometrium;exocrine pancreas;eye;eyelid;heart;heart right ventricle;ileum;inferior vena cava;inguinal lymph node;jejunum;lacrimal gland;large intestine;left coronary artery;left ovary;liver;lung;lymph node;mammary gland;mesenteric lymph node;mucosa of stomach;muscle of abdomen;muscle of pelvic diaphragm;muscularis mucosae of stomach;myometrium;ocular surface region;ovary;parotid gland;posterior part of tongue;posterior segment of eyeball;prostate gland;retinal neural layer;right cardiac atrium;right ovary;sclera;sigmoid colon;skin of abdomen;skin of body;skin of chest;small intestine;spleen;stomach;stomach smooth muscle;subcutaneous adipose tissue;sublingual gland;submandibular gland;testis;thoracic aorta;thymus;tongue;trachea;uterus;utricle of membranous labyrinth;vasculature	eye;spleen;testis;urothelium		39	Leydig cell|Mueller cell|Schwann cell|adipocyte|adventitial cell|alveolar adventitial fibroblast|blood vessel smooth muscle cell|bronchial smooth muscle cell|connective tissue cell|fast muscle cell|fibroblast|fibroblast of breast|fibroblast of cardiac tissue|glial cell|hepatic stellate cell|keratocyte|melanocyte|mesenchymal cell|mesenchymal stem cell|mesenchymal stem cell of adipose tissue|mural cell|muscle cell|myofibroblast cell|myometrial cell|pancreatic stellate cell|pericyte|regular atrial cardiac myocyte|skeletal muscle satellite stem cell|slow muscle cell|smooth muscle cell|stromal cell|stromal cell of ovary|tendon cell|theca cell|thymic fibroblast type 1|thymic fibroblast type 2|tongue muscle cell|vascular associated smooth muscle cell|ventricular cardiac muscle cell	10x 3' v3;10x 5' v2;Smart-seq2;Smart-seq3	cell	normal	https://datasets.cellxgene.cziscience.com/2776ea76-6919-458a-b82a-bba8bb6ce5a9.h5ad	10060140924		https://cellxgene.cziscience.com/e/a68b64d8-aee3-4947-81b7-36b8fe5a44d2.cxg/
283d65eb-dd53-496d-adb7-7570c7caa443	Human Brain Cell Atlas v1.0	10.1126/science.add7046	98113e7e-f586-4065-a26a-60aa702f8d1c	Supercluster: Deep-layer intratelencephalic	228467	0	[False]	Brodmann (1909) area 13;Brodmann (1909) area 14;Brodmann (1909) area 19;Brodmann (1909) area 23;Brodmann (1909) area 24;Brodmann (1909) area 25;Brodmann (1909) area 32;Brodmann (1909) area 38;Brodmann (1909) area 40;Brodmann (1909) area 43;Brodmann (1909) area 46;accessory basal amygdaloid nucleus;agranular insular cortex;anterior cortical amygdaloid nucleus;anterior olfactory nucleus;basolateral amygdaloid nuclear complex;bed nucleus of stria terminalis;body of caudate nucleus;central amygdaloid nucleus;cerebrocerebellum;claustrum of brain;corticomedial nuclear complex;cuneus cortex;dentate gyrus of hippocampal formation;epithalamus;extrastriate cortex;globus pallidus;granular insular cortex;gray matter of midbrain;hippocampal field;hypothalamus;inferior frontal gyrus;inferior temporal gyrus;intralaminar nuclear group;lateral amygdaloid nucleus;lateral entorhinal cortex;lateral posterior nucleus of thalamus;mammillary body;medial dorsal nucleus of thalamus;medial entorhinal cortex;medial zone of hypothalamus;midbrain tectum;middle temporal gyrus;nucleus accumbens;perirhinal cortex;piriform cortex;pontine nuclear group;posterior parahippocampal gyrus;pretectal region;primary auditory cortex;primary motor cortex;primary somatosensory cortex;primary visual cortex;pulvinar nucleus;putamen;red nucleus;retrosplenial region;septal nuclear complex;subicular complex;substantia innominata;substantia nigra;subthalamic nucleus;superior parietal cortex;superior temporal gyrus;supraoptic nucleus;temporal fusiform gyrus;uncal CA1;ventral anterior nucleus of thalamus	eye		1	intratelencephalic-projecting glutamatergic cortical neuron	10x 3' v3	nucleus	normal	https://datasets.cellxgene.cziscience.com/0e551560-97af-48ba-92ef-9f33723eeeff.h5ad	3674042539		https://cellxgene.cziscience.com/e/98113e7e-f586-4065-a26a-60aa702f8d1c.cxg/
283d65eb-dd53-496d-adb7-7570c7caa443	Human Brain Cell Atlas v1.0	10.1126/science.add7046	bdb26abd-f4ba-4ea3-8862-c2340e7a4f55	Supercluster: CGE interneuron	227671	0	[False]	Brodmann (1909) area 13;Brodmann (1909) area 14;Brodmann (1909) area 19;Brodmann (1909) area 23;Brodmann (1909) area 24;Brodmann (1909) area 25;Brodmann (1909) area 32;Brodmann (1909) area 38;Brodmann (1909) area 40;Brodmann (1909) area 43;Brodmann (1909) area 46;accessory basal amygdaloid nucleus;agranular insular cortex;anterior cortical amygdaloid nucleus;anterior nuclear group;anterior olfactory nucleus;basolateral amygdaloid nuclear complex;bed nucleus of stria terminalis;body of caudate nucleus;central amygdaloid nucleus;centromedian nucleus of thalamus;claustrum of brain;corticomedial nuclear complex;cuneus cortex;dentate gyrus of hippocampal formation;dorsal tegmental nucleus;epithalamus;extrastriate cortex;globus pallidus;granular insular cortex;gray matter of midbrain;hippocampal field;hypothalamus;inferior frontal gyrus;inferior olivary complex;inferior temporal gyrus;intralaminar nuclear group;lateral amygdaloid nucleus;lateral entorhinal cortex;lateral geniculate body;lateral nuclear group of thalamus;lateral posterior nucleus of thalamus;mammillary body;medial dorsal nucleus of thalamus;medial entorhinal cortex;medial geniculate body;medial zone of hypothalamus;median tuberal portion;midbrain nucleus;midbrain tectum;middle temporal gyrus;nucleus accumbens;nucleus of dorsal thalamus;nucleus of medulla oblongata;parabrachial nucleus;perirhinal cortex;piriform cortex;pontine nuclear group;pontine reticular formation;pontine tegmentum;posterior parahippocampal gyrus;preoptic area;pretectal region;primary auditory cortex;primary motor cortex;primary somatosensory cortex;primary visual cortex;pulvinar nucleus;putamen;red nucleus;retrosplenial region;rostral CA3;septal nuclear complex;spinal cord;subicular complex;substantia innominata;substantia nigra;subthalamic nucleus;superior parietal cortex;superior temporal gyrus;supraoptic nucleus;temporal fusiform gyrus;uncal CA1;ventral anterior nucleus of thalamus	eye		1	caudal ganglionic eminence derived interneuron	10x 3' v3	nucleus	normal	https://datasets.cellxgene.cziscience.com/3723412a-c4ac-4778-b76f-88a9ff4a9332.h5ad	2416846134		https://cellxgene.cziscience.com/e/bdb26abd-f4ba-4ea3-8862-c2340e7a4f55.cxg/
cc431242-35ea-41e1-a100-41e0dec2665b	Multimodal profiling reveals tissue-directed signatures of human immune cells altered with age	10.1038/s41590-025-02241-4	11ae668a-88c2-4d86-ba08-524fe576a882	Immune aging project - myeloid cell subset	225268	0	[False]	blood;bone marrow;epithelial lining fluid;inguinal lymph node;jejunal epithelium;jejunum lamina propria;lung;mesenteric lymph node;spleen;thoracic lymph node	spleen		5	classical monocyte|conventional dendritic cell|macrophage|non-classical monocyte|plasmacytoid dendritic cell	10x 3' v3;10x 5' v2	cell	normal	https://datasets.cellxgene.cziscience.com/4fd4c4f7-3501-4c00-b15d-e2ea3e1b4792.h5ad	2971978651		https://cellxgene.cziscience.com/e/11ae668a-88c2-4d86-ba08-524fe576a882.cxg/
283d65eb-dd53-496d-adb7-7570c7caa443	Human Brain Cell Atlas v1.0	10.1126/science.add7046	e4710a02-8abc-48d5-a3e8-9ae7e9d79bdb	Supercluster: MGE interneuron	222434	0	[False]	Brodmann (1909) area 13;Brodmann (1909) area 14;Brodmann (1909) area 19;Brodmann (1909) area 23;Brodmann (1909) area 24;Brodmann (1909) area 25;Brodmann (1909) area 32;Brodmann (1909) area 38;Brodmann (1909) area 40;Brodmann (1909) area 43;Brodmann (1909) area 46;accessory basal amygdaloid nucleus;agranular insular cortex;anterior cortical amygdaloid nucleus;anterior nuclear group;anterior olfactory nucleus;basolateral amygdaloid nuclear complex;bed nucleus of stria terminalis;body of caudate nucleus;central amygdaloid nucleus;centromedian nucleus of thalamus;cerebellar nuclear complex;claustrum of brain;corticomedial nuclear complex;cuneus cortex;dentate gyrus of hippocampal formation;epithalamus;extrastriate cortex;globus pallidus;granular insular cortex;gray matter of midbrain;hippocampal field;hypothalamus;inferior frontal gyrus;inferior olivary complex;inferior temporal gyrus;intralaminar nuclear group;lateral amygdaloid nucleus;lateral entorhinal cortex;lateral geniculate body;lateral nuclear group of thalamus;lateral posterior nucleus of thalamus;mammillary body;medial dorsal nucleus of thalamus;medial entorhinal cortex;medial geniculate body;medial zone of hypothalamus;median tuberal portion;midbrain tectum;middle temporal gyrus;nucleus accumbens;nucleus of dorsal thalamus;nucleus of medulla oblongata;parabrachial nucleus;perirhinal cortex;piriform cortex;pontine nuclear group;posterior parahippocampal gyrus;preoptic area;pretectal region;primary auditory cortex;primary motor cortex;primary somatosensory cortex;primary visual cortex;pulvinar nucleus;putamen;red nucleus;retrosplenial region;rostral CA3;septal nuclear complex;subicular complex;substantia innominata;substantia nigra;subthalamic nucleus;superior parietal cortex;superior temporal gyrus;supraoptic nucleus;temporal fusiform gyrus;uncal CA1;ventral anterior nucleus of thalamus	eye		1	medial ganglionic eminence derived interneuron	10x 3' v3	nucleus	normal	https://datasets.cellxgene.cziscience.com/da51fd3b-9b48-4687-9ed3-745b59feb337.h5ad	2548398308		https://cellxgene.cziscience.com/e/e4710a02-8abc-48d5-a3e8-9ae7e9d79bdb.cxg/
6282a908-f162-44a2-99a3-8a942e4271b2	Integrated human endoderm-derived organoids cell atlas (HEOCA)	10.1038/s41588-025-02182-6	569bce19-14c3-436f-bebf-543e5ea025dc	human lung organoid cell atlas	221425	0	[False]	alveolar sac;bronchus;lung;lung epithelium;nasopharynx			9	basal cell|ciliated cell|club cell|goblet cell|lung secretory cell|neuroendocrine cell|pulmonary alveolar type 1 cell|pulmonary alveolar type 2 cell|stem cell	10x 3' v2;10x 3' v3;10x 5' v1	cell	normal	https://datasets.cellxgene.cziscience.com/a489d69e-dd99-4663-9cfd-3d7e0e876103.h5ad	2843812627		https://cellxgene.cziscience.com/e/569bce19-14c3-436f-bebf-543e5ea025dc.cxg/
4796c91c-9d8f-4692-be43-347b1727f9d8	MSK SPECTRUM – Ovarian cancer mutational processes drive site-specific immune evasion	10.1038/s41586-022-05496-1	e3a7e927-2632-4575-993d-d0905cd5da8b	MSK SPECTRUM - CD4+ T cells, CD8+ T cells, ILCs and NK cells	221315	0	[False]	abdomen;abdominal wall;adnexa of uterus;ascitic fluid;caecum;diaphragm;fallopian tube;intestine;large intestine;left ovary;liver;lymph node;omentum;paracolic gutter;parietal peritoneum;peritoneum;right ovary;transverse colon;urinary bladder	urothelium		1	T cell	10x 3' v3	cell	malignant ovarian serous tumor	https://datasets.cellxgene.cziscience.com/1818d826-ae96-4890-8d32-8f4cbeb98d57.h5ad	1108709347		https://cellxgene.cziscience.com/e/e3a7e927-2632-4575-993d-d0905cd5da8b.cxg/
b1a879f6-5638-48d3-8f64-f6592c1b1561	Mapping the developing human immune system across organs	10.1126/science.abo0510	2aa1c93c-4ef3-4e9a-98e7-0bd37933953c	Myeloid cells	218758	0	[False]	bone marrow;gut wall;kidney;liver;mesenteric lymph node;skin of body;spleen;thymus;yolk sac	spleen		24	Kupffer cell|Langerhans cell|common dendritic progenitor|common myeloid progenitor|dendritic cell|early lymphoid progenitor|fibroblast|granulocyte|granulocyte monocyte progenitor cell|hematopoietic multipotent progenitor cell|hematopoietic stem cell|macrophage|mast cell|megakaryocyte|megakaryocyte-erythroid progenitor cell|monocyte|myelocyte|neutrophil|osteoclast|plasmacytoid dendritic cell|pre-conventional dendritic cell|promonocyte|promyelocyte|unknown	10x 3' v2;10x 5' v1	cell	normal	https://datasets.cellxgene.cziscience.com/c644e88a-1108-4f15-a003-bf777903d239.h5ad	3141184616		https://cellxgene.cziscience.com/e/2aa1c93c-4ef3-4e9a-98e7-0bd37933953c.cxg/
62ef75e4-cbea-454e-a0ce-998ec40223d3	Cross-tissue immune cell analysis reveals tissue-specific features in humans	10.1126/science.abl5197	ae29ebd0-1973-40a4-a6af-d15a5f77a80f	T & innate lymphoid cells	216611	0	[False]	blood;bone marrow;caecum;duodenum;ileum;jejunal epithelium;jejunum lamina propria;liver;lung;mesenteric lymph node;omentum;sigmoid colon;skeletal muscle tissue;spleen;thoracic lymph node;thymus;transverse colon	spleen		16	CD16-negative, CD56-bright natural killer cell, human|CD16-positive, CD56-dim natural killer cell, human|CD4-positive helper T cell|CD8-positive, alpha-beta memory T cell|CD8-positive, alpha-beta memory T cell, CD45RO-positive|T follicular helper cell|alpha-beta T cell|effector memory CD4-positive, alpha-beta T cell|effector memory CD8-positive, alpha-beta T cell, terminally differentiated|gamma-delta T cell|group 3 innate lymphoid cell|lymphocyte|mucosal-associated invariant T cell|naive thymus-derived CD4-positive, alpha-beta T cell|naive thymus-derived CD8-positive, alpha-beta T cell|regulatory T cell	10x 3' v3;10x 5' v1;10x 5' v2	cell	normal	https://datasets.cellxgene.cziscience.com/e0fc280d-c750-4c13-b7b8-3f01fcd53095.h5ad	1762461938		https://cellxgene.cziscience.com/e/ae29ebd0-1973-40a4-a6af-d15a5f77a80f.cxg/
48c15b0c-6039-4e0f-9668-b6b3c0b830ad	Single cell atlas of the human retinal pigment epithelium and the choroid	10.64898/2026.07.23.740352	46f6fd9d-1bef-4ac7-a26a-b074e105b475	snRNA-seq of human of the human retinal pigment epithelium and the choroid - stromal cells	212984	0	[False]	chorioretinal region	eye		4	fibroblast|pericyte|smooth muscle cell|vascular associated smooth muscle cell	10x 3' v3;10x 5' v2	nucleus	normal	https://datasets.cellxgene.cziscience.com/2c6ef9b1-9961-474d-ac4f-6a59296d5993.h5ad	1996441257		https://cellxgene.cziscience.com/e/46f6fd9d-1bef-4ac7-a26a-b074e105b475.cxg/
4796c91c-9d8f-4692-be43-347b1727f9d8	MSK SPECTRUM – Ovarian cancer mutational processes drive site-specific immune evasion	10.1038/s41586-022-05496-1	44c93f2b-dd66-4d15-81ef-de9394c76290	MSK SPECTRUM - Malignant and non-malignant epithelial cells	210107	0	[False]	abdomen;abdominal wall;adnexa of uterus;ascitic fluid;caecum;diaphragm;fallopian tube;intestine;large intestine;left ovary;liver;lymph node;omentum;paracolic gutter;parietal peritoneum;peritoneum;right ovary;transverse colon;urinary bladder	urothelium		1	fallopian tube secretory epithelial cell	10x 3' v3	cell	malignant ovarian serous tumor	https://datasets.cellxgene.cziscience.com/c9e5378d-a8b6-4cb9-bbc5-63de145b1e2e.h5ad	1934762315		https://cellxgene.cziscience.com/e/44c93f2b-dd66-4d15-81ef-de9394c76290.cxg/
854c0855-23ad-4362-8b77-6b1639e7a9fc	Automatic cell-type harmonization and integration across Human Cell Atlas datasets	10.1016/j.cell.2023.11.026	15d374d6-0dfd-4d8e-ade7-81f73dc921ee	Skeletal_muscle	201575	165109	[True, False]	muscle of abdomen;muscle of pelvic diaphragm;muscle tissue;rectus abdominis muscle;skeletal muscle organ, vertebrate			19	adipocyte|capillary endothelial cell|cell of skeletal muscle|endothelial cell of artery|endothelial cell of lymphatic vessel|erythroid lineage cell|fast muscle cell|fibroblast|lymphocyte|macrophage|mast cell|mesenchymal stem cell|mural cell|pericyte|secondary lymphoid organ macrophage|skeletal muscle satellite stem cell|slow muscle cell|tendon cell|vein endothelial cell	10x 3' v2;10x 3' v3;10x 5' transcription profiling;10x 5' v1;Smart-seq2	cell;nucleus	normal	https://datasets.cellxgene.cziscience.com/1cb67ec8-c9e3-4d4a-ba23-a1a8ef3f8450.h5ad	1443090454		https://cellxgene.cziscience.com/e/15d374d6-0dfd-4d8e-ade7-81f73dc921ee.cxg/
854c0855-23ad-4362-8b77-6b1639e7a9fc	Automatic cell-type harmonization and integration across Human Cell Atlas datasets	10.1016/j.cell.2023.11.026	72f4798d-ba94-48ec-be01-9bb8a1f11f56	Spleen	200664	0	[False]	spleen	spleen		31	B cell|CD16-negative, CD56-bright natural killer cell, human|CD16-positive, CD56-dim natural killer cell, human|T follicular helper cell|central memory CD4-positive, alpha-beta T cell|central memory CD8-positive, alpha-beta T cell|classical monocyte|conventional dendritic cell|dendritic cell, human|effector memory CD4-positive, alpha-beta T cell|effector memory CD8-positive, alpha-beta T cell|effector memory CD8-positive, alpha-beta T cell, terminally differentiated|endothelial cell|erythrocyte|erythroid lineage cell|gamma-delta T cell|hematopoietic multipotent progenitor cell|innate lymphoid cell|leukocyte|macrophage|mast cell|megakaryocyte|memory B cell|mucosal-associated invariant T cell|naive B cell|neutrophil|non-classical monocyte|plasma cell|plasmablast|plasmacytoid dendritic cell|regulatory T cell	10x 3' v2;10x 3' v3;10x 5' transcription profiling;10x 5' v1;10x 5' v2;Smart-seq2	cell	normal	https://datasets.cellxgene.cziscience.com/9a60d205-3983-4937-9e16-d6f71842baba.h5ad	1802867494		https://cellxgene.cziscience.com/e/72f4798d-ba94-48ec-be01-9bb8a1f11f56.cxg/
854c0855-23ad-4362-8b77-6b1639e7a9fc	Automatic cell-type harmonization and integration across Human Cell Atlas datasets	10.1016/j.cell.2023.11.026	f95d8919-1f2a-405f-8776-bfecc0ab0f3f	Kidney	194504	0	[False]	cortex of kidney;kidney;renal medulla;renal papilla;renal pelvis	urothelium		29	B cell|T cell|classical monocyte|conventional dendritic cell|dendritic cell, human|endothelial cell of lymphatic vessel|epithelial cell of proximal tubule|glomerular capillary endothelial cell|kidney arterial blood vessel cell|kidney collecting duct intercalated cell|kidney collecting duct principal cell|kidney connecting tubule epithelial cell|kidney distal convoluted tubule epithelial cell|kidney inner medulla collecting duct epithelial cell|kidney interstitial fibroblast|kidney loop of Henle thick ascending limb epithelial cell|kidney loop of Henle thin ascending limb epithelial cell|kidney loop of Henle thin descending limb epithelial cell|lymphocyte|mural cell|myeloid cell|natural killer cell|non-classical monocyte|parietal epithelial cell|peritubular capillary endothelial cell|podocyte|renal medullary fibroblast|vasa recta cell|vascular associated smooth muscle cell	10x 3' v2;10x 3' v3;10x 5' v1	nucleus;cell	normal	https://datasets.cellxgene.cziscience.com/386349d9-bd94-48c9-813d-129602c1939d.h5ad	1425143821		https://cellxgene.cziscience.com/e/f95d8919-1f2a-405f-8776-bfecc0ab0f3f.cxg/
4d8fed08-2d6d-4692-b5ea-464f1d072077	Comprehensive cell atlas of the first-trimester developing human brain	10.1126/science.adf1226	6c105286-54e3-4587-969f-30683390ff8c	Diencephalon	186271	0	[False]	diencephalon;dorsal plus ventral thalamus;hypothalamus			6	glioblast|neuroblast (sensu Nematoda and Protostomia)|neuroblast (sensu Vertebrata)|neuron|oligodendrocyte|radial glial cell	10x 3' v2;10x 3' v3	cell	normal	https://datasets.cellxgene.cziscience.com/d98452fd-79d7-43a1-ac77-5257fe9bc8cb.h5ad	1146282488		https://cellxgene.cziscience.com/e/6c105286-54e3-4587-969f-30683390ff8c.cxg/
b1a879f6-5638-48d3-8f64-f6592c1b1561	Mapping the developing human immune system across organs	10.1126/science.abo0510	aa633105-e8e5-4dcc-b72d-6da6c191b3e9	NK/T cells	172175	0	[False]	bone marrow;gut wall;kidney;liver;mesenteric lymph node;skin of body;spleen;thymus;yolk sac	spleen		21	CD8-alpha-alpha-positive, alpha-beta intraepithelial T cell|T cell|common myeloid progenitor|double negative thymocyte|double-positive, alpha-beta thymocyte|early lymphoid progenitor|fraction A pre-pro B cell|granulocyte monocyte progenitor cell|group 2 innate lymphoid cell|group 3 innate lymphoid cell|hematopoietic multipotent progenitor cell|hematopoietic stem cell|innate lymphoid cell|megakaryocyte|megakaryocyte-erythroid progenitor cell|naive thymus-derived CD4-positive, alpha-beta T cell|naive thymus-derived CD8-positive, alpha-beta T cell|natural killer cell|promonocyte|regulatory T cell|unknown	10x 3' v2;10x 5' v1	cell	normal	https://datasets.cellxgene.cziscience.com/f46734e3-3188-4d56-9e30-db5d3e36df12.h5ad	2147342748		https://cellxgene.cziscience.com/e/aa633105-e8e5-4dcc-b72d-6da6c191b3e9.cxg/
4796c91c-9d8f-4692-be43-347b1727f9d8	MSK SPECTRUM – Ovarian cancer mutational processes drive site-specific immune evasion	10.1038/s41586-022-05496-1	0caedec7-1c7d-4e79-aba2-50f6916e643f	MSK SPECTRUM - Macrophages	166895	0	[False]	abdomen;abdominal wall;adnexa of uterus;ascitic fluid;caecum;diaphragm;fallopian tube;intestine;large intestine;left ovary;liver;lymph node;omentum;paracolic gutter;parietal peritoneum;peritoneum;right ovary;transverse colon;urinary bladder	urothelium		3	dendritic cell|mast cell|monocyte	10x 3' v3	cell	malignant ovarian serous tumor	https://datasets.cellxgene.cziscience.com/5e8621dd-74ba-492c-a717-015241c41588.h5ad	1443533618		https://cellxgene.cziscience.com/e/0caedec7-1c7d-4e79-aba2-50f6916e643f.cxg/
283d65eb-dd53-496d-adb7-7570c7caa443	Human Brain Cell Atlas v1.0	10.1126/science.add7046	f7d003d4-40d5-4de8-858c-a9a8b48fcc67	Supercluster: Astrocyte	155025	0	[False]	Brodmann (1909) area 13;Brodmann (1909) area 14;Brodmann (1909) area 19;Brodmann (1909) area 23;Brodmann (1909) area 24;Brodmann (1909) area 25;Brodmann (1909) area 32;Brodmann (1909) area 35;Brodmann (1909) area 38;Brodmann (1909) area 40;Brodmann (1909) area 43;Brodmann (1909) area 46;accessory basal amygdaloid nucleus;agranular insular cortex;anterior cortical amygdaloid nucleus;anterior nuclear group;anterior olfactory nucleus;basolateral amygdaloid nuclear complex;bed nucleus of stria terminalis;body of caudate nucleus;central amygdaloid nucleus;centromedian nucleus of thalamus;cerebellar nuclear complex;cerebellar vermis;cerebrocerebellum;claustrum of brain;corticomedial nuclear complex;cuneus cortex;dentate gyrus of hippocampal formation;dorsal tegmental nucleus;epithalamus;extrastriate cortex;globus pallidus;granular insular cortex;gray matter of midbrain;hippocampal field;hypothalamus;inferior frontal gyrus;inferior olivary complex;inferior temporal gyrus;intralaminar nuclear group;lateral amygdaloid nucleus;lateral entorhinal cortex;lateral geniculate body;lateral nuclear group of thalamus;lateral posterior nucleus of thalamus;mammillary body;medial dorsal nucleus of thalamus;medial entorhinal cortex;medial geniculate body;medial zone of hypothalamus;median tuberal portion;midbrain nucleus;midbrain tectum;middle temporal gyrus;nucleus accumbens;nucleus of dorsal thalamus;nucleus of medulla oblongata;parabrachial nucleus;perirhinal cortex;piriform cortex;pontine nuclear group;pontine reticular formation;pontine tegmentum;posterior parahippocampal gyrus;preoptic area;pretectal region;primary auditory cortex;primary motor cortex;primary somatosensory cortex;primary visual cortex;pulvinar nucleus;putamen;red nucleus;retrosplenial region;rostral CA3;septal nuclear complex;spinal cord;subicular complex;substantia innominata;substantia nigra;subthalamic nucleus;superior parietal cortex;superior temporal gyrus;supraoptic nucleus;temporal fusiform gyrus;uncal CA1;ventral anterior nucleus of thalamus	eye		1	astrocyte	10x 3' v3	nucleus	normal	https://datasets.cellxgene.cziscience.com/408cd809-01a3-44f7-a2a8-8c84e8e96dd6.h5ad	863993811		https://cellxgene.cziscience.com/e/f7d003d4-40d5-4de8-858c-a9a8b48fcc67.cxg/
283d65eb-dd53-496d-adb7-7570c7caa443	Human Brain Cell Atlas v1.0	10.1126/science.add7046	c4b03352-af8d-492a-8d6b-40f304e0a122	Supercluster: Medium spiny neuron	152189	0	[False]	Brodmann (1909) area 13;Brodmann (1909) area 24;Brodmann (1909) area 25;Brodmann (1909) area 38;accessory basal amygdaloid nucleus;agranular insular cortex;anterior cortical amygdaloid nucleus;anterior nuclear group;anterior olfactory nucleus;basolateral amygdaloid nuclear complex;bed nucleus of stria terminalis;body of caudate nucleus;central amygdaloid nucleus;cerebellar nuclear complex;claustrum of brain;corticomedial nuclear complex;dentate gyrus of hippocampal formation;globus pallidus;granular insular cortex;gray matter of midbrain;hippocampal field;hypothalamus;lateral amygdaloid nucleus;lateral geniculate body;lateral nuclear group of thalamus;lateral posterior nucleus of thalamus;mammillary body;medial entorhinal cortex;middle temporal gyrus;nucleus accumbens;perirhinal cortex;piriform cortex;preoptic area;pretectal region;primary auditory cortex;primary motor cortex;pulvinar nucleus;putamen;septal nuclear complex;substantia innominata;substantia nigra;superior temporal gyrus;supraoptic nucleus;uncal CA1;ventral anterior nucleus of thalamus	eye		1	medium spiny neuron	10x 3' v3	nucleus	normal	https://datasets.cellxgene.cziscience.com/8de752f2-18c1-4299-b60e-e769ffc81198.h5ad	2182606469		https://cellxgene.cziscience.com/e/c4b03352-af8d-492a-8d6b-40f304e0a122.cxg/
b1a879f6-5638-48d3-8f64-f6592c1b1561	Mapping the developing human immune system across organs	10.1126/science.abo0510	804d9a85-665b-45c6-b204-13457fdcc7ac	Megakaryocyte/erythroid cells	149107	0	[False]	bone marrow;gut wall;kidney;liver;mesenteric lymph node;skin of body;spleen;thymus;yolk sac	spleen		15	common myeloid progenitor|double negative thymocyte|early lymphoid progenitor|erythrocyte|fraction A pre-pro B cell|granulocyte monocyte progenitor cell|hematopoietic multipotent progenitor cell|hematopoietic stem cell|macrophage|megakaryocyte|megakaryocyte-erythroid progenitor cell|promonocyte|promyelocyte|unknown|vascular associated smooth muscle cell	10x 3' v2;10x 5' v1	cell	normal	https://datasets.cellxgene.cziscience.com/1ff1899a-d704-4291-ac2d-323b32ed1a94.h5ad	2384791262		https://cellxgene.cziscience.com/e/804d9a85-665b-45c6-b204-13457fdcc7ac.cxg/
0f7d022a-46c7-4e64-be4c-e34adbb78089	Single cell atlas of the human ocular surface	None	8058d760-09e6-4bdd-86a1-36917ffca3ef	snRNA-seq of human ocular surface: cornea, limbus, sclera	147484	92617	[True, False]	cornea;corneo-scleral junction;sclera	eye		17	Schwann cell|blood vessel endothelial cell|conjunctiva goblet cell|conjunctival epithelial cell|corneal endothelial cell|endothelial cell|endothelial cell of lymphatic vessel|epithelial cell|fibroblast|keratocyte|lymphocyte|melanocyte|myelinating Schwann cell|myeloid leukocyte|pericyte|progenitor cell|smooth muscle cell	10x 3' v3	nucleus	normal	https://datasets.cellxgene.cziscience.com/9ddcf89a-1329-46a6-b476-d8d3de1f7051.h5ad	1696863705		https://cellxgene.cziscience.com/e/8058d760-09e6-4bdd-86a1-36917ffca3ef.cxg/
4d8fed08-2d6d-4692-b5ea-464f1d072077	Comprehensive cell atlas of the first-trimester developing human brain	10.1126/science.adf1226	e47a4c13-22ba-4c77-99bc-13f7d60af799	Cerebellum	142362	0	[False]	cerebellum			12	cell|erythrocyte|fibroblast|glioblast|macrophage|neural crest cell|neuroblast (sensu Nematoda and Protostomia)|neuroblast (sensu Vertebrata)|neuron|neuroplacodal cell|oligodendrocyte|radial glial cell	10x 3' v2;10x 3' v3	cell	normal	https://datasets.cellxgene.cziscience.com/9ece5e62-8227-4bfa-9527-09f24ca1c8c5.h5ad	1036555565		https://cellxgene.cziscience.com/e/e47a4c13-22ba-4c77-99bc-13f7d60af799.cxg/
7855daa4-3f34-4aae-b65a-87720c02e7cd	Transcriptomic Analysis of the Ocular Posterior Segment Completes a Cell Atlas of the Human Eye	10.1073/pnas.2306153120	9f1a899f-05a0-44c5-8aa9-39df61ae4324	Transcriptome of human posterior ocular segment	139978	139978	[True]	cranial nerve II;macula lutea;optic disc;peripheral region of retina;pigmented layer of retina;sclera	eye		16	B cell|Schwann cell|T cell|astrocyte|endothelial cell|fibroblast|macrophage|melanocyte|microglial cell|myelinating Schwann cell|natural killer cell|oligodendrocyte|oligodendrocyte precursor cell|pericyte|pigmented epithelial cell|vascular associated smooth muscle cell	10x 3' v3	nucleus	normal	https://datasets.cellxgene.cziscience.com/bcd39ae8-da6a-4c50-8764-057d54b3bc9c.h5ad	1660638605		https://cellxgene.cziscience.com/e/9f1a899f-05a0-44c5-8aa9-39df61ae4324.cxg/
4d8fed08-2d6d-4692-b5ea-464f1d072077	Comprehensive cell atlas of the first-trimester developing human brain	10.1126/science.adf1226	b15ec84b-46e9-4678-b511-a0f81f9b545b	ClassGlioblastOligo	138610	0	[False]	basal forebrain;brain;caudate-putamen;cerebellar peduncular complex;cerebellum;cerebral subcortex;cortex;diencephalon;dorsal plus ventral thalamus;entorhinal cortex;forebrain;frontal cortex;hindbrain;hippocampal formation;hypothalamus;lower layers of the cortex;medulla oblongata;metencephalon;midbrain;midbrain tectum;occipital cortex;pons;striatum;telencephalon;upper layers of the cortex			2	glioblast|oligodendrocyte	10x 3' v2;10x 3' v3	cell	normal	https://datasets.cellxgene.cziscience.com/903238ed-1c9a-4770-a3ac-987d06d503d3.h5ad	1108335006		https://cellxgene.cziscience.com/e/b15ec84b-46e9-4678-b511-a0f81f9b545b.cxg/
283d65eb-dd53-496d-adb7-7570c7caa443	Human Brain Cell Atlas v1.0	10.1126/science.add7046	04a23820-ffa8-4be5-9f65-64db15631d1e	Supercluster: Upper rhombic lip	137162	0	[False]	Brodmann (1909) area 19;Brodmann (1909) area 38;anterior nuclear group;basolateral amygdaloid nuclear complex;bed nucleus of stria terminalis;body of caudate nucleus;central amygdaloid nucleus;cerebellar nuclear complex;cerebellar vermis;cerebrocerebellum;corticomedial nuclear complex;dentate gyrus of hippocampal formation;dorsal tegmental nucleus;epithalamus;globus pallidus;gray matter of midbrain;hippocampal field;hypothalamus;inferior olivary complex;intralaminar nuclear group;lateral entorhinal cortex;lateral geniculate body;lateral nuclear group of thalamus;lateral posterior nucleus of thalamus;mammillary body;medial dorsal nucleus of thalamus;medial entorhinal cortex;medial geniculate body;medial zone of hypothalamus;midbrain nucleus;midbrain tectum;middle temporal gyrus;nucleus of medulla oblongata;parabrachial nucleus;pontine nuclear group;pontine reticular formation;pontine tegmentum;posterior parahippocampal gyrus;pretectal region;primary motor cortex;pulvinar nucleus;red nucleus;retrosplenial region;septal nuclear complex;spinal cord;substantia innominata;substantia nigra;temporal fusiform gyrus			3	cerebellar granule cell|neuron|unipolar brush cell	10x 3' v3	nucleus	normal	https://datasets.cellxgene.cziscience.com/2261e61f-461f-4883-adc5-24661af7fb93.h5ad	691561607		https://cellxgene.cziscience.com/e/04a23820-ffa8-4be5-9f65-64db15631d1e.cxg/
4d8fed08-2d6d-4692-b5ea-464f1d072077	Comprehensive cell atlas of the first-trimester developing human brain	10.1126/science.adf1226	059022cf-885a-4ef8-944b-d9e5381aa1c6	ClassGlioblast	132420	0	[False]	basal forebrain;brain;caudate-putamen;cerebellar peduncular complex;cerebellum;cerebral subcortex;cortex;diencephalon;dorsal plus ventral thalamus;entorhinal cortex;forebrain;frontal cortex;hindbrain;hippocampal formation;hypothalamus;lower layers of the cortex;medulla oblongata;metencephalon;midbrain;midbrain tectum;occipital cortex;pons;striatum;telencephalon;upper layers of the cortex			1	glioblast	10x 3' v2;10x 3' v3	cell	normal	https://datasets.cellxgene.cziscience.com/0713fbc5-51d9-441a-9ffc-36e306050492.h5ad	1066512239		https://cellxgene.cziscience.com/e/059022cf-885a-4ef8-944b-d9e5381aa1c6.cxg/
cc431242-35ea-41e1-a100-41e0dec2665b	Multimodal profiling reveals tissue-directed signatures of human immune cells altered with age	10.1038/s41590-025-02241-4	e3da8320-0b3c-4bae-ad55-a89eb59ca870	Immune aging project - innate lymphoid cell subset	130414	0	[False]	blood;bone marrow;epithelial lining fluid;inguinal lymph node;jejunal epithelium;jejunum lamina propria;lung;mesenteric lymph node;spleen;thoracic lymph node	spleen		6	CD16-negative, CD56-bright natural killer cell, human|CD16-positive, CD56-dim natural killer cell, human|group 1 innate lymphoid cell|group 3 innate lymphoid cell|immature innate lymphoid cell|innate lymphoid cell	10x 3' v3;10x 5' v2	cell	normal	https://datasets.cellxgene.cziscience.com/644ba356-40ca-4c75-a491-a8c1b3e47a11.h5ad	1184337617		https://cellxgene.cziscience.com/e/e3da8320-0b3c-4bae-ad55-a89eb59ca870.cxg/
e5f58829-1a66-40b5-a624-9046778e74f5	Tabula Sapiens	10.1126/science.abl4896	18eb630b-a754-4111-8cd4-c24ec80aa5ec	Tabula Sapiens - Lymph_Node	129062	0	[False]	inguinal lymph node;lymph node;mesenteric lymph node			25	B cell|CD4-positive, alpha-beta T cell|CD4-positive, alpha-beta thymocyte|CD8-positive, alpha-beta T cell|CD8-positive, alpha-beta thymocyte|T cell|classical monocyte|endothelial cell|erythrocyte|hematopoietic precursor cell|innate lymphoid cell|intermediate monocyte|macrophage|mast cell|mature NK T cell|monocyte|myeloid dendritic cell|naive thymus-derived CD4-positive, alpha-beta T cell|natural killer cell|neutrophil|non-classical monocyte|plasma cell|plasmacytoid dendritic cell|regulatory T cell|stromal cell	10x 3' v3;10x 5' v2;Smart-seq2	cell	normal	https://datasets.cellxgene.cziscience.com/6dd28080-1d36-4905-8b44-a9954a4438a2.h5ad	4086623268		https://cellxgene.cziscience.com/e/18eb630b-a754-4111-8cd4-c24ec80aa5ec.cxg/
283d65eb-dd53-496d-adb7-7570c7caa443	Human Brain Cell Atlas v1.0	10.1126/science.add7046	2190bd4d-3be0-4bf7-8ca8-8d6f71228936	Supercluster: Midbrain-derived inhibitory	126782	0	[False]	accessory basal amygdaloid nucleus;anterior nuclear group;anterior olfactory nucleus;basolateral amygdaloid nuclear complex;bed nucleus of stria terminalis;central amygdaloid nucleus;centromedian nucleus of thalamus;cerebellar nuclear complex;corticomedial nuclear complex;dentate gyrus of hippocampal formation;dorsal tegmental nucleus;epithalamus;globus pallidus;gray matter of midbrain;hypothalamus;inferior olivary complex;intralaminar nuclear group;lateral amygdaloid nucleus;lateral geniculate body;lateral nuclear group of thalamus;lateral posterior nucleus of thalamus;mammillary body;medial dorsal nucleus of thalamus;medial geniculate body;medial zone of hypothalamus;median tuberal portion;midbrain nucleus;midbrain tectum;nucleus of dorsal thalamus;nucleus of medulla oblongata;parabrachial nucleus;pontine nuclear group;pontine reticular formation;pontine tegmentum;preoptic area;pretectal region;primary motor cortex;pulvinar nucleus;red nucleus;septal nuclear complex;spinal cord;substantia innominata;substantia nigra;subthalamic nucleus;ventral anterior nucleus of thalamus	eye		1	midbrain-derived inhibitory neuron	10x 3' v3	nucleus	normal	https://datasets.cellxgene.cziscience.com/2181616c-e56b-4fd2-aea6-3da1aa2f59f1.h5ad	1479040889		https://cellxgene.cziscience.com/e/2190bd4d-3be0-4bf7-8ca8-8d6f71228936.cxg/
854c0855-23ad-4362-8b77-6b1639e7a9fc	Automatic cell-type harmonization and integration across Human Cell Atlas datasets	10.1016/j.cell.2023.11.026	ec062e17-ed4b-41a5-b13a-4712b6de5543	Lymph_node	124440	0	[False]	bronchopulmonary lymph node;mesenteric lymph node;thoracic lymph node			28	B cell|CD16-negative, CD56-bright natural killer cell, human|CD16-positive, CD56-dim natural killer cell, human|T cell|T follicular helper cell|activated CD4-positive, alpha-beta T cell|central memory CD4-positive, alpha-beta T cell|central memory CD8-positive, alpha-beta T cell|classical monocyte|conventional dendritic cell|dendritic cell, human|effector memory CD4-positive, alpha-beta T cell|effector memory CD8-positive, alpha-beta T cell|endothelial cell|endothelial cell of lymphatic vessel|germinal center B cell|innate lymphoid cell|macrophage|mast cell|memory B cell|mucosal-associated invariant T cell|naive B cell|non-classical monocyte|plasma cell|plasmablast|plasmacytoid dendritic cell|regulatory T cell|stromal cell	10x 3' v2;10x 3' v3;10x 5' v1;10x 5' v2	cell	normal	https://datasets.cellxgene.cziscience.com/19dd2dfa-c149-4980-8f03-76eed57cf9fb.h5ad	811535499		https://cellxgene.cziscience.com/e/ec062e17-ed4b-41a5-b13a-4712b6de5543.cxg/
4d8fed08-2d6d-4692-b5ea-464f1d072077	Comprehensive cell atlas of the first-trimester developing human brain	10.1126/science.adf1226	9f984b44-9c72-4aa3-b8c5-65823071c3d6	Medulla	123161	0	[False]	medulla oblongata			6	glioblast|neuroblast (sensu Nematoda and Protostomia)|neuroblast (sensu Vertebrata)|neuron|oligodendrocyte|radial glial cell	10x 3' v2;10x 3' v3	cell	normal	https://datasets.cellxgene.cziscience.com/4c2c8c1b-c595-42d2-b383-26f0e319d936.h5ad	645879871		https://cellxgene.cziscience.com/e/9f984b44-9c72-4aa3-b8c5-65823071c3d6.cxg/
854c0855-23ad-4362-8b77-6b1639e7a9fc	Automatic cell-type harmonization and integration across Human Cell Atlas datasets	10.1016/j.cell.2023.11.026	31f657dc-1875-4c4b-a5ca-ce63b3ef3a82	Pancreas	121916	79367	[True, False]	islet of Langerhans;pancreas			9	endothelial cell|macrophage|pancreatic A cell|pancreatic D cell|pancreatic PP cell|pancreatic acinar cell|pancreatic ductal cell|pancreatic stellate cell|type B pancreatic cell	10x 3' v2;10x 3' v3;CEL-seq2	cell;nucleus	normal	https://datasets.cellxgene.cziscience.com/30747cff-bc75-41f1-8d64-e6144075ff5a.h5ad	959554022		https://cellxgene.cziscience.com/e/31f657dc-1875-4c4b-a5ca-ce63b3ef3a82.cxg/
05e3d0fc-c9dd-4f14-9163-2b242b3bb5c2	Single cell atlas of the human optic nerve	None	62527b1a-826c-423d-b123-e495846979a9	snRNA-seq of human optic nerve and optic nerve head - fibroblasts	118925	0	[False]	cranial nerve II;optic disc	eye		1	fibroblast	10x 3' v3	nucleus	normal	https://datasets.cellxgene.cziscience.com/69979adf-04d7-44a2-9842-61f889cca211.h5ad	923735039		https://cellxgene.cziscience.com/e/62527b1a-826c-423d-b123-e495846979a9.cxg/
4d8fed08-2d6d-4692-b5ea-464f1d072077	Comprehensive cell atlas of the first-trimester developing human brain	10.1126/science.adf1226	48c4a72a-bc2a-4d7c-9146-a7c2ab1d7d9f	ClassNeuronalIPC	110260	0	[False]	basal forebrain;brain;caudate-putamen;cerebellar peduncular complex;cerebellum;cerebral subcortex;choroid plexus epithelium;cortex;diencephalon;dorsal plus ventral thalamus;entorhinal cortex;forebrain;frontal cortex;head;hindbrain;hippocampal formation;hypothalamus;lower layers of the cortex;medulla oblongata;metencephalon;midbrain;midbrain tectum;occipital cortex;pons;striatum;telencephalon;upper layers of the cortex	choroid_plexus		1	neuroblast (sensu Nematoda and Protostomia)	10x 3' v2;10x 3' v3	cell	normal	https://datasets.cellxgene.cziscience.com/f7a29bcc-4de8-4c01-9d1d-eab9ac28f222.h5ad	839250038		https://cellxgene.cziscience.com/e/48c4a72a-bc2a-4d7c-9146-a7c2ab1d7d9f.cxg/
283d65eb-dd53-496d-adb7-7570c7caa443	Human Brain Cell Atlas v1.0	10.1126/science.add7046	c202b243-1aa1-4b16-bc9a-b36241f3b1e3	Supercluster: Amygdala excitatory	109452	0	[False]	Brodmann (1909) area 24;Brodmann (1909) area 25;Brodmann (1909) area 35;Brodmann (1909) area 38;Brodmann (1909) area 40;Brodmann (1909) area 43;accessory basal amygdaloid nucleus;agranular insular cortex;anterior cortical amygdaloid nucleus;anterior nuclear group;anterior olfactory nucleus;basolateral amygdaloid nuclear complex;bed nucleus of stria terminalis;central amygdaloid nucleus;claustrum of brain;corticomedial nuclear complex;dentate gyrus of hippocampal formation;globus pallidus;gray matter of midbrain;hippocampal field;hypothalamus;lateral amygdaloid nucleus;lateral entorhinal cortex;lateral nuclear group of thalamus;mammillary body;medial dorsal nucleus of thalamus;medial entorhinal cortex;medial geniculate body;median tuberal portion;midbrain tectum;middle temporal gyrus;nucleus accumbens;parabrachial nucleus;perirhinal cortex;piriform cortex;pontine tegmentum;posterior parahippocampal gyrus;preoptic area;pretectal region;primary auditory cortex;primary motor cortex;primary somatosensory cortex;putamen;rostral CA3;septal nuclear complex;subicular complex;substantia innominata;substantia nigra;superior temporal gyrus;supraoptic nucleus;uncal CA1;ventral anterior nucleus of thalamus	eye		1	amygdala excitatory neuron	10x 3' v3	nucleus	normal	https://datasets.cellxgene.cziscience.com/7a29d6f4-91a6-41bb-b3d4-2e278f51ce27.h5ad	1729392300		https://cellxgene.cziscience.com/e/c202b243-1aa1-4b16-bc9a-b36241f3b1e3.cxg/
283d65eb-dd53-496d-adb7-7570c7caa443	Human Brain Cell Atlas v1.0	10.1126/science.add7046	e1f595f6-ba2c-495e-9bee-7056f116b1e4	Dissection: Cerebral cortex (Cx) - Middle Temporal Gyrus - MTG	107301	107301	[True]	middle temporal gyrus			28	B cell|Lamp5 Lhx6 neuron|T cell|amygdala excitatory neuron|astrocyte|caudal ganglionic eminence derived interneuron|central nervous system macrophage|cerebral cortex neuron|committed oligodendrocyte precursor|dentate gyrus granule cell|endothelial cell|fibroblast|hippocampal CA1-3 neuron|intratelencephalic-projecting glutamatergic cortical neuron|medial ganglionic eminence derived interneuron|medium spiny neuron|microglial cell|monocyte|natural killer cell|near-projecting glutamatergic cortical neuron|neuron|oligodendrocyte|oligodendrocyte precursor cell|pericyte|pvalb chandelier GABAergic interneuron|sst chodl GABAergic interneuron|unipolar brush cell|vascular associated smooth muscle cell	10x 3' v3	nucleus	normal	https://datasets.cellxgene.cziscience.com/77ccb16a-def4-494d-91cd-6efdfaf0ffa5.h5ad	1315996616		https://cellxgene.cziscience.com/e/e1f595f6-ba2c-495e-9bee-7056f116b1e4.cxg/
283d65eb-dd53-496d-adb7-7570c7caa443	Human Brain Cell Atlas v1.0	10.1126/science.add7046	2185eb07-22e2-4209-b3c8-7111afc6aa90	Supercluster: Oligodendrocyte precursor	105734	0	[False]	Brodmann (1909) area 13;Brodmann (1909) area 14;Brodmann (1909) area 19;Brodmann (1909) area 23;Brodmann (1909) area 24;Brodmann (1909) area 25;Brodmann (1909) area 32;Brodmann (1909) area 35;Brodmann (1909) area 38;Brodmann (1909) area 40;Brodmann (1909) area 43;Brodmann (1909) area 46;accessory basal amygdaloid nucleus;agranular insular cortex;anterior cortical amygdaloid nucleus;anterior nuclear group;anterior olfactory nucleus;basolateral amygdaloid nuclear complex;bed nucleus of stria terminalis;body of caudate nucleus;central amygdaloid nucleus;centromedian nucleus of thalamus;cerebellar nuclear complex;cerebellar vermis;cerebrocerebellum;claustrum of brain;corticomedial nuclear complex;cuneus cortex;dentate gyrus of hippocampal formation;dorsal tegmental nucleus;epithalamus;extrastriate cortex;globus pallidus;granular insular cortex;gray matter of midbrain;hippocampal field;hypothalamus;inferior frontal gyrus;inferior olivary complex;inferior temporal gyrus;intralaminar nuclear group;lateral amygdaloid nucleus;lateral entorhinal cortex;lateral geniculate body;lateral nuclear group of thalamus;lateral posterior nucleus of thalamus;mammillary body;medial dorsal nucleus of thalamus;medial entorhinal cortex;medial geniculate body;medial zone of hypothalamus;median tuberal portion;midbrain nucleus;midbrain tectum;middle temporal gyrus;nucleus accumbens;nucleus of dorsal thalamus;nucleus of medulla oblongata;parabrachial nucleus;perirhinal cortex;piriform cortex;pontine nuclear group;pontine reticular formation;pontine tegmentum;posterior parahippocampal gyrus;preoptic area;pretectal region;primary auditory cortex;primary motor cortex;primary somatosensory cortex;primary visual cortex;pulvinar nucleus;putamen;red nucleus;retrosplenial region;rostral CA3;septal nuclear complex;spinal cord;subicular complex;substantia innominata;substantia nigra;subthalamic nucleus;superior parietal cortex;superior temporal gyrus;supraoptic nucleus;temporal fusiform gyrus;uncal CA1;ventral anterior nucleus of thalamus	eye		1	oligodendrocyte precursor cell	10x 3' v3	nucleus	normal	https://datasets.cellxgene.cziscience.com/b27d9223-0ce9-42de-8e5d-58b8d06d90b9.h5ad	661360214		https://cellxgene.cziscience.com/e/2185eb07-22e2-4209-b3c8-7111afc6aa90.cxg/
48c15b0c-6039-4e0f-9668-b6b3c0b830ad	Single cell atlas of the human retinal pigment epithelium and the choroid	10.64898/2026.07.23.740352	d45130d1-5588-40f0-90f4-2a7f69312b97	snRNA-seq of human of the human retinal pigment epithelium and the choroid - Immune cells	101471	0	[False]	chorioretinal region	eye		16	B cell|CD141-positive myeloid dendritic cell|CD4-positive, alpha-beta T cell|CD8-positive, alpha-beta T cell|T cell|group 3 innate lymphoid cell|macrophage|mast cell|megakaryocyte|monocyte|myeloblast|natural killer cell|neutrophil|plasma cell|plasmablast|plasmacytoid dendritic cell	10x 3' v3;10x 5' v2	nucleus	normal	https://datasets.cellxgene.cziscience.com/dbe1eee7-7964-480c-9086-a944b750b541.h5ad	715692191		https://cellxgene.cziscience.com/e/d45130d1-5588-40f0-90f4-2a7f69312b97.cxg/
48c15b0c-6039-4e0f-9668-b6b3c0b830ad	Single cell atlas of the human retinal pigment epithelium and the choroid	10.64898/2026.07.23.740352	647f6028-4173-4188-9db6-f94e0a65e967	snRNA-seq of human of the human retinal pigment epithelium and the choroid - endothelial cells	99457	0	[False]	chorioretinal region	eye		5	endothelial cell of arteriole|endothelial cell of artery|endothelial cell of venule|fenestrated endothelial cell|vein endothelial cell	10x 3' v3;10x 5' v2	nucleus	normal	https://datasets.cellxgene.cziscience.com/fcf71676-322b-483a-a536-1b5fc61cb476.h5ad	773419826		https://cellxgene.cziscience.com/e/647f6028-4173-4188-9db6-f94e0a65e967.cxg/
e5f58829-1a66-40b5-a624-9046778e74f5	Tabula Sapiens	10.1126/science.abl4896	5e5e7a2f-8f1c-42ac-90dc-b4f80f38e84c	Tabula Sapiens - Fat	94415	0	[False]	adipose tissue;brown adipose tissue;subcutaneous adipose tissue			28	B cell|CD4-positive, alpha-beta T cell|CD8-positive, alpha-beta T cell|T cell|activated CD4-positive, alpha-beta T cell|classical monocyte|endothelial cell|erythrocyte|fibroblast|hematopoietic precursor cell|intermediate monocyte|leukocyte|macrophage|mast cell|mature NK T cell|mesenchymal stem cell|mesenchymal stem cell of adipose tissue|monocyte|muscle cell|myeloid dendritic cell|myofibroblast cell|natural killer cell|neutrophil|non-classical monocyte|pericyte|plasma cell|platelet|smooth muscle cell	10x 3' v3;Smart-seq2	cell	normal	https://datasets.cellxgene.cziscience.com/8115812f-9acf-4f62-b15f-bde18086a1c8.h5ad	3689061644		https://cellxgene.cziscience.com/e/5e5e7a2f-8f1c-42ac-90dc-b4f80f38e84c.cxg/
4d74781b-8186-4c9a-b659-ff4dc4601d91	scRNA-seq assessment of the human lung, spleen, and esophagus tissue stability after cold preservation	10.1186/s13059-019-1906-x	644a578d-ffdc-446b-9679-e7ab4c919c13	Spleen	94256	94256	[True]	spleen	spleen		24	B cell|CD4-positive, CD25-positive, alpha-beta regulatory T cell|CD4-positive, alpha-beta T cell|CD8-alpha alpha positive, gamma-delta intraepithelial T cell|CD8-positive, alpha-beta T cell|IgG plasma cell|IgM plasma cell|T cell|T follicular helper cell|activated CD8-positive, alpha-beta T cell|conventional dendritic cell|dendritic cell|follicular B cell|hematopoietic stem cell|innate lymphoid cell|lymphocyte|macrophage|monocyte|naive thymus-derived CD4-positive, alpha-beta T cell|natural killer cell|plasmablast|plasmacytoid dendritic cell|platelet|unknown	10x 3' v2	cell	normal	https://datasets.cellxgene.cziscience.com/7e526bde-0076-4293-9cb9-ed23a7e9e83b.h5ad	435100205		https://cellxgene.cziscience.com/e/644a578d-ffdc-446b-9679-e7ab4c919c13.cxg/
283d65eb-dd53-496d-adb7-7570c7caa443	Human Brain Cell Atlas v1.0	10.1126/science.add7046	700aed19-c16e-4ba8-9191-07da098a8626	Supercluster: Microglia	91838	0	[False]	Brodmann (1909) area 13;Brodmann (1909) area 14;Brodmann (1909) area 19;Brodmann (1909) area 23;Brodmann (1909) area 24;Brodmann (1909) area 25;Brodmann (1909) area 32;Brodmann (1909) area 35;Brodmann (1909) area 38;Brodmann (1909) area 40;Brodmann (1909) area 43;Brodmann (1909) area 46;accessory basal amygdaloid nucleus;agranular insular cortex;anterior cortical amygdaloid nucleus;anterior nuclear group;anterior olfactory nucleus;basolateral amygdaloid nuclear complex;bed nucleus of stria terminalis;body of caudate nucleus;central amygdaloid nucleus;centromedian nucleus of thalamus;cerebellar nuclear complex;cerebellar vermis;cerebrocerebellum;claustrum of brain;corticomedial nuclear complex;cuneus cortex;dentate gyrus of hippocampal formation;dorsal tegmental nucleus;epithalamus;extrastriate cortex;globus pallidus;granular insular cortex;gray matter of midbrain;hippocampal field;hypothalamus;inferior frontal gyrus;inferior olivary complex;inferior temporal gyrus;intralaminar nuclear group;lateral amygdaloid nucleus;lateral entorhinal cortex;lateral geniculate body;lateral nuclear group of thalamus;lateral posterior nucleus of thalamus;mammillary body;medial dorsal nucleus of thalamus;medial entorhinal cortex;medial geniculate body;medial zone of hypothalamus;median tuberal portion;midbrain nucleus;midbrain tectum;middle temporal gyrus;nucleus accumbens;nucleus of dorsal thalamus;nucleus of medulla oblongata;parabrachial nucleus;perirhinal cortex;piriform cortex;pontine nuclear group;pontine reticular formation;pontine tegmentum;posterior parahippocampal gyrus;preoptic area;pretectal region;primary auditory cortex;primary motor cortex;primary somatosensory cortex;primary visual cortex;pulvinar nucleus;putamen;red nucleus;retrosplenial region;rostral CA3;septal nuclear complex;spinal cord;subicular complex;substantia innominata;substantia nigra;subthalamic nucleus;superior parietal cortex;superior temporal gyrus;supraoptic nucleus;temporal fusiform gyrus;uncal CA1;ventral anterior nucleus of thalamus	eye		2	central nervous system macrophage|microglial cell	10x 3' v3	nucleus	normal	https://datasets.cellxgene.cziscience.com/69264ae8-ebac-49a4-8c2b-8180a3ff2ba8.h5ad	351002037		https://cellxgene.cziscience.com/e/700aed19-c16e-4ba8-9191-07da098a8626.cxg/
4d74781b-8186-4c9a-b659-ff4dc4601d91	scRNA-seq assessment of the human lung, spleen, and esophagus tissue stability after cold preservation	10.1186/s13059-019-1906-x	b07fb54c-d7ad-4995-8bb0-8f3d8611cabe	Esophagus Epithelium	87947	87947	[True]	epithelium of esophagus			15	B cell|CD4-positive, alpha-beta T cell|CD8-positive, alpha-beta T cell|CD8-positive, alpha-beta cytotoxic T cell|blood vessel endothelial cell|dendritic cell|endothelial cell of lymphatic vessel|epithelial cell|epithelial cell of stratum germinativum of esophagus|immature B cell|mast cell|mononuclear phagocyte|mucus secreting cell|stratified epithelial cell|stromal cell	10x 3' v2	cell	normal	https://datasets.cellxgene.cziscience.com/8bb3a141-127f-4cee-9b4e-c32cde955f67.h5ad	749525592		https://cellxgene.cziscience.com/e/b07fb54c-d7ad-4995-8bb0-8f3d8611cabe.cxg/
283d65eb-dd53-496d-adb7-7570c7caa443	Human Brain Cell Atlas v1.0	10.1126/science.add7046	8ba5453f-7fab-4702-a3a6-4021b1f31a7a	Supercluster: Thalamic excitatory	85546	0	[False]	accessory basal amygdaloid nucleus;anterior nuclear group;bed nucleus of stria terminalis;central amygdaloid nucleus;centromedian nucleus of thalamus;dentate gyrus of hippocampal formation;epithalamus;globus pallidus;gray matter of midbrain;hypothalamus;intralaminar nuclear group;lateral geniculate body;lateral nuclear group of thalamus;lateral posterior nucleus of thalamus;medial dorsal nucleus of thalamus;medial geniculate body;medial zone of hypothalamus;midbrain nucleus;midbrain tectum;nucleus of dorsal thalamus;piriform cortex;pretectal region;primary motor cortex;pulvinar nucleus;septal nuclear complex;substantia nigra;subthalamic nucleus;ventral anterior nucleus of thalamus			1	thalamic excitatory neuron	10x 3' v3	nucleus	normal	https://datasets.cellxgene.cziscience.com/e9f3c636-da96-47b4-be7c-d13cf62cc6f7.h5ad	1399531984		https://cellxgene.cziscience.com/e/8ba5453f-7fab-4702-a3a6-4021b1f31a7a.cxg/
e5f58829-1a66-40b5-a624-9046778e74f5	Tabula Sapiens	10.1126/science.abl4896	983d5ec9-40e8-4512-9e65-a572a9c486cb	Tabula Sapiens - Blood	85233	0	[False]	blood			22	B cell|CD4-positive, alpha-beta T cell|CD8-positive, alpha-beta T cell|basophil|classical monocyte|common myeloid progenitor|erythrocyte|hematopoietic precursor cell|hematopoietic stem cell|intermediate monocyte|macrophage|mature NK T cell|monocyte|myeloid dendritic cell|naive thymus-derived CD4-positive, alpha-beta T cell|natural killer cell|neutrophil|non-classical monocyte|plasma cell|plasmacytoid dendritic cell|platelet|regulatory T cell	10x 3' v3;10x 5' v2;Smart-seq2	cell	normal	https://datasets.cellxgene.cziscience.com/1bf55482-ad49-446a-87c6-f3442bebcef1.h5ad	2568875081		https://cellxgene.cziscience.com/e/983d5ec9-40e8-4512-9e65-a572a9c486cb.cxg/
283d65eb-dd53-496d-adb7-7570c7caa443	Human Brain Cell Atlas v1.0	10.1126/science.add7046	caf8670f-e647-4f0c-bfba-163aa84ce602	Supercluster: Deep-layer corticothalamic and 6b	78396	0	[False]	Brodmann (1909) area 13;Brodmann (1909) area 14;Brodmann (1909) area 19;Brodmann (1909) area 23;Brodmann (1909) area 24;Brodmann (1909) area 25;Brodmann (1909) area 32;Brodmann (1909) area 38;Brodmann (1909) area 40;Brodmann (1909) area 43;Brodmann (1909) area 46;accessory basal amygdaloid nucleus;agranular insular cortex;anterior cortical amygdaloid nucleus;anterior olfactory nucleus;basolateral amygdaloid nuclear complex;bed nucleus of stria terminalis;central amygdaloid nucleus;claustrum of brain;corticomedial nuclear complex;cuneus cortex;dentate gyrus of hippocampal formation;epithalamus;extrastriate cortex;globus pallidus;granular insular cortex;gray matter of midbrain;hippocampal field;inferior frontal gyrus;inferior temporal gyrus;intralaminar nuclear group;lateral amygdaloid nucleus;lateral entorhinal cortex;lateral geniculate body;lateral posterior nucleus of thalamus;mammillary body;medial entorhinal cortex;medial zone of hypothalamus;midbrain tectum;middle temporal gyrus;nucleus accumbens;perirhinal cortex;piriform cortex;posterior parahippocampal gyrus;preoptic area;pretectal region;primary auditory cortex;primary motor cortex;primary somatosensory cortex;primary visual cortex;putamen;red nucleus;retrosplenial region;septal nuclear complex;subicular complex;substantia innominata;substantia nigra;subthalamic nucleus;superior parietal cortex;superior temporal gyrus;supraoptic nucleus;temporal fusiform gyrus;uncal CA1;ventral anterior nucleus of thalamus	eye		1	cerebral cortex neuron	10x 3' v3	nucleus	normal	https://datasets.cellxgene.cziscience.com/38464449-8beb-4087-b9e0-a0f93754522b.h5ad	1234331396		https://cellxgene.cziscience.com/e/caf8670f-e647-4f0c-bfba-163aa84ce602.cxg/
283d65eb-dd53-496d-adb7-7570c7caa443	Human Brain Cell Atlas v1.0	10.1126/science.add7046	7a0a8891-9a22-4549-a55b-c2aca23c3a2a	Supercluster: Hippocampal CA1-3	74979	0	[False]	Brodmann (1909) area 14;Brodmann (1909) area 25;Brodmann (1909) area 46;accessory basal amygdaloid nucleus;anterior olfactory nucleus;basolateral amygdaloid nuclear complex;bed nucleus of stria terminalis;corticomedial nuclear complex;dentate gyrus of hippocampal formation;hippocampal field;hypothalamus;lateral amygdaloid nucleus;lateral geniculate body;mammillary body;medial entorhinal cortex;medial geniculate body;middle temporal gyrus;piriform cortex;posterior parahippocampal gyrus;primary motor cortex;pulvinar nucleus;retrosplenial region;rostral CA3;septal nuclear complex;subicular complex;substantia nigra;subthalamic nucleus;supraoptic nucleus;uncal CA1	eye		1	hippocampal CA1-3 neuron	10x 3' v3	nucleus	normal	https://datasets.cellxgene.cziscience.com/bcdaf7bd-d518-4c8b-9bd0-a10c3d3ab997.h5ad	1357480465		https://cellxgene.cziscience.com/e/7a0a8891-9a22-4549-a55b-c2aca23c3a2a.cxg/
e5f58829-1a66-40b5-a624-9046778e74f5	Tabula Sapiens	10.1126/science.abl4896	5a11f879-d1ef-458a-910c-9b0bdfca5ebf	Tabula Sapiens - Endothelium	73195	0	[False]	abdominal aorta;adipose tissue;anterior part of tongue;anterior segment of eyeball;aorta;ascending colon;bladder organ;bone marrow;brown adipose tissue;buccal mucosa;cardiac atrium;cardiac ventricle;chorioretinal region;conjunctiva;cornea;coronary artery;crista ampullaris;duodenum;endocrine pancreas;endometrium;exocrine pancreas;eye;eyelid;heart;heart right ventricle;ileum;inferior vena cava;inguinal lymph node;jejunum;kidney;lacrimal gland;large intestine;left coronary artery;left ovary;liver;lung;lymph node;mammary gland;mesenteric lymph node;mucosa of stomach;muscle of abdomen;muscle of pelvic diaphragm;myometrium;ovary;parotid gland;posterior part of tongue;posterior segment of eyeball;prostate gland;right cardiac atrium;right ovary;sclera;sigmoid colon;skin of abdomen;skin of body;skin of chest;small intestine;spleen;stomach;stomach smooth muscle;subcutaneous adipose tissue;sublingual gland;submandibular gland;testis;thoracic aorta;thymus;trachea;uterus;utricle of membranous labyrinth;vasculature	eye;spleen;testis;urothelium		11	capillary endothelial cell|cardiac endothelial cell|colon endothelial cell|endothelial cell|endothelial cell of arteriole|endothelial cell of artery|endothelial cell of lymphatic vessel|endothelial cell of vascular tree|endothelial cell of venule|retinal blood vessel endothelial cell|vein endothelial cell	10x 3' v3;10x 5' v2;Smart-seq2;Smart-seq3	cell	normal	https://datasets.cellxgene.cziscience.com/00ad3c95-bdab-4c75-ba4d-44f7545db691.h5ad	3034368000		https://cellxgene.cziscience.com/e/5a11f879-d1ef-458a-910c-9b0bdfca5ebf.cxg/
283d65eb-dd53-496d-adb7-7570c7caa443	Human Brain Cell Atlas v1.0	10.1126/science.add7046	4976b234-9028-4b4b-8a2f-8ac59d636219	Dissection: Cerebellum (CB) - Cerebellar Vermis - CBV	71874	71874	[True]	cerebellar vermis			21	B cell|Bergmann glial cell|Purkinje cell|T cell|astrocyte|central nervous system macrophage|cerebellar granule cell|cerebellar inhibitory GABAergic interneuron|committed oligodendrocyte precursor|endothelial cell|ependymal cell|fibroblast|microglial cell|monocyte|natural killer cell|neuron|oligodendrocyte|oligodendrocyte precursor cell|pericyte|unipolar brush cell|vascular associated smooth muscle cell	10x 3' v3	nucleus	normal	https://datasets.cellxgene.cziscience.com/d8c637a7-1dba-40e1-90f2-ddfdbe03fd3b.h5ad	431306414		https://cellxgene.cziscience.com/e/4976b234-9028-4b4b-8a2f-8ac59d636219.cxg/
e5f58829-1a66-40b5-a624-9046778e74f5	Tabula Sapiens	10.1126/science.abl4896	cee11228-9f0b-4e57-afe2-cfe15ee56312	Tabula Sapiens - Spleen	70448	0	[False]	spleen	spleen		26	B cell|CD4-positive, alpha-beta T cell|CD8-positive, alpha-beta T cell|T cell|basophil|classical monocyte|endothelial cell|erythrocyte|fibroblast|hematopoietic precursor cell|hematopoietic stem cell|innate lymphoid cell|intermediate monocyte|macrophage|mature NK T cell|monocyte|myeloid dendritic cell|naive thymus-derived CD4-positive, alpha-beta T cell|naive thymus-derived CD8-positive, alpha-beta T cell|natural killer cell|neutrophil|non-classical monocyte|plasma cell|plasmacytoid dendritic cell|platelet|regulatory T cell	10x 3' v3;10x 5' v2;Smart-seq2	cell	normal	https://datasets.cellxgene.cziscience.com/5498457f-6a18-4766-b9a3-a2c8c4662703.h5ad	2654711797		https://cellxgene.cziscience.com/e/cee11228-9f0b-4e57-afe2-cfe15ee56312.cxg/
283d65eb-dd53-496d-adb7-7570c7caa443	Human Brain Cell Atlas v1.0	10.1126/science.add7046	a56f1a6b-071c-4780-9832-33ca9b8fb391	Supercluster: Hippocampal dentate gyrus	67533	0	[False]	dentate gyrus of hippocampal formation;hippocampal field;lateral geniculate body;medial geniculate body;middle temporal gyrus;primary auditory cortex;primary motor cortex;pulvinar nucleus;rostral CA3;subicular complex;substantia nigra;subthalamic nucleus			1	dentate gyrus granule cell	10x 3' v3	nucleus	normal	https://datasets.cellxgene.cziscience.com/8ff0103c-12ae-4c73-a7fc-e8ad48874f92.h5ad	786013172		https://cellxgene.cziscience.com/e/a56f1a6b-071c-4780-9832-33ca9b8fb391.cxg/
854c0855-23ad-4362-8b77-6b1639e7a9fc	Automatic cell-type harmonization and integration across Human Cell Atlas datasets	10.1016/j.cell.2023.11.026	a20e2f2a-e171-450a-8ddc-8935c2977ad6	Bone_marrow	66613	11201	[True, False]	bone marrow			38	CD16-negative, CD56-bright natural killer cell, human|CD16-positive, CD56-dim natural killer cell, human|T follicular helper cell|central memory CD4-positive, alpha-beta T cell|central memory CD8-positive, alpha-beta T cell|classical monocyte|common dendritic progenitor|common myeloid progenitor|conventional dendritic cell|early lymphoid progenitor|effector memory CD4-positive, alpha-beta T cell|effector memory CD8-positive, alpha-beta T cell|effector memory CD8-positive, alpha-beta T cell, terminally differentiated|erythrocyte|erythroid lineage cell|gamma-delta T cell|granulocyte monocyte progenitor cell|hematopoietic multipotent progenitor cell|mast cell|mature NK T cell|megakaryocyte|megakaryocyte progenitor cell|megakaryocyte-erythroid progenitor cell|memory B cell|mucosal-associated invariant T cell|naive B cell|neutrophil|neutrophil progenitor cell|non-classical monocyte|plasma cell|plasmablast|plasmacytoid dendritic cell|plasmacytoid dendritic cell, human|pro-B cell|promyelocyte|regulatory T cell|small pre-B-II cell|thymocyte	10x 3' v3;10x 5' transcription profiling;10x 5' v1;10x 5' v2;Smart-seq2	cell	normal	https://datasets.cellxgene.cziscience.com/4ce47ed6-f41f-4c35-8120-75bbb3f55004.h5ad	637229214		https://cellxgene.cziscience.com/e/a20e2f2a-e171-450a-8ddc-8935c2977ad6.cxg/
e5f58829-1a66-40b5-a624-9046778e74f5	Tabula Sapiens	10.1126/science.abl4896	0d2ee4ac-05ee-40b2-afb6-ebb584caa867	Tabula Sapiens - Lung	65847	0	[False]	lung			34	B cell|CD4-positive, alpha-beta T cell|CD8-positive, alpha-beta T cell|adventitial cell|alveolar adventitial fibroblast|basal cell|basophil|bronchial smooth muscle cell|capillary endothelial cell|classical monocyte|club cell|endothelial cell of artery|endothelial cell of lymphatic vessel|intermediate monocyte|lung multiciliated epithelial cell|macrophage|mast cell|mature NK T cell|mesothelial cell|monocyte|myeloid dendritic cell|natural killer cell|neutrophil|non-classical monocyte|pericyte|plasma cell|plasmacytoid dendritic cell|pulmonary alveolar type 1 cell|pulmonary alveolar type 2 cell|pulmonary ionocyte|respiratory tract goblet cell|serous cell of epithelium of bronchus|vascular associated smooth muscle cell|vein endothelial cell	10x 3' v3;Smart-seq2	cell	normal	https://datasets.cellxgene.cziscience.com/fddf43a3-b7c8-49e9-ac0a-5e24b390849f.h5ad	3196847981		https://cellxgene.cziscience.com/e/0d2ee4ac-05ee-40b2-afb6-ebb584caa867.cxg/
48c15b0c-6039-4e0f-9668-b6b3c0b830ad	Single cell atlas of the human retinal pigment epithelium and the choroid	10.64898/2026.07.23.740352	d994a2ce-e270-43ba-b9db-323a8fbed058	snRNA-seq of human of the human retinal pigment epithelium and the choroid - Melanocytes	61751	0	[False]	chorioretinal region	eye		1	melanocyte	10x 3' v3;10x 5' v2	nucleus	normal	https://datasets.cellxgene.cziscience.com/0e20c0b9-82c9-4fbd-aa5e-9c44db2539c3.h5ad	519875124		https://cellxgene.cziscience.com/e/d994a2ce-e270-43ba-b9db-323a8fbed058.cxg/
283d65eb-dd53-496d-adb7-7570c7caa443	Human Brain Cell Atlas v1.0	10.1126/science.add7046	52f18bc3-52d9-487b-bf8f-f0b7aa684b09	Dissection: Midbrain (M) - Substantia Nigra - SN	59505	59505	[True]	substantia nigra			34	B cell|Lamp5 Lhx6 neuron|T cell|amygdala excitatory neuron|astrocyte|caudal ganglionic eminence derived interneuron|central nervous system macrophage|cerebellar granule cell|cerebellar inhibitory GABAergic interneuron|cerebral cortex neuron|committed oligodendrocyte precursor|dentate gyrus granule cell|eccentric medium spiny neuron|endothelial cell|ependymal cell|fibroblast|hippocampal CA1-3 neuron|hippocampal CA4 neuron|intratelencephalic-projecting glutamatergic cortical neuron|mammillary body neuron|medial ganglionic eminence derived interneuron|medium spiny neuron|microglial cell|midbrain-derived inhibitory neuron|monocyte|natural killer cell|neuron|oligodendrocyte|oligodendrocyte precursor cell|pericyte|pvalb chandelier GABAergic interneuron|sst chodl GABAergic interneuron|thalamic excitatory neuron|vascular associated smooth muscle cell	10x 3' v3	nucleus	normal	https://datasets.cellxgene.cziscience.com/2de1ee2f-d82a-4bea-9288-bae4ea063138.h5ad	416169008		https://cellxgene.cziscience.com/e/52f18bc3-52d9-487b-bf8f-f0b7aa684b09.cxg/
63d03351-06be-478e-a0db-f7a653b6b19b	Cell atlas of the human ocular anterior segment: Tissue-specific and shared cell types	10.1073/pnas.2200914119	9a281de7-cee5-4e80-8584-1929f46f152f	Iris	57422	57422	[True]	iris	eye		8	Schwann cell|blood vessel endothelial cell|fibroblast|lymphocyte|macrophage|melanocyte|pigmented epithelial cell|smooth muscle cell of sphincter of pupil	10x 3' v3	nucleus	normal	https://datasets.cellxgene.cziscience.com/172f5704-8ec1-4f79-bf2c-88fdd19338eb.h5ad	704151872		https://cellxgene.cziscience.com/e/9a281de7-cee5-4e80-8584-1929f46f152f.cxg/
4d74781b-8186-4c9a-b659-ff4dc4601d91	scRNA-seq assessment of the human lung, spleen, and esophagus tissue stability after cold preservation	10.1186/s13059-019-1906-x	2672b679-8048-4f5e-9786-f1b196ccfd08	Lung Parenchyma	57019	57019	[True]	lung parenchyma			20	B cell|CD4-positive, alpha-beta T cell|CD8-positive, alpha-beta cytotoxic T cell|T cell|blood vessel endothelial cell|conventional dendritic cell|dendritic cell|endothelial cell of lymphatic vessel|fibroblast|lung macrophage|lung multiciliated epithelial cell|mast cell|monocyte|mononuclear leukocyte|muscle cell|natural killer cell|plasma cell|plasmacytoid dendritic cell|pulmonary alveolar epithelial cell|regulatory T cell	10x 3' v2	cell	normal	https://datasets.cellxgene.cziscience.com/60c74b40-321d-4df4-a507-bdd139a22cde.h5ad	422602490		https://cellxgene.cziscience.com/e/2672b679-8048-4f5e-9786-f1b196ccfd08.cxg/
af893e86-8e9f-41f1-a474-ef05359b1fb7	Single-cell transcriptomic atlas for adult human retina	10.1016/j.xgen.2023.100298	359f7af4-87d4-4117-9d6c-ca4cfa1f3f0b	Amacrine cells in human retina	56507	0	[False]	fovea centralis;macula lutea proper;peripheral region of retina	eye		1	amacrine cell	10x 3' v3	nucleus	normal	https://datasets.cellxgene.cziscience.com/e3c7aa91-5edd-416e-965e-17bef75462d4.h5ad	3480337646		https://cellxgene.cziscience.com/e/359f7af4-87d4-4117-9d6c-ca4cfa1f3f0b.cxg/
283d65eb-dd53-496d-adb7-7570c7caa443	Human Brain Cell Atlas v1.0	10.1126/science.add7046	9f499d32-400d-4c42-ac9a-fb1481844fee	Dissection: Tail of Hippocampus (HiT) - Caudal Hippocampus - CA4-DGC	56367	56367	[True]	dentate gyrus of hippocampal formation			29	B cell|Lamp5 Lhx6 neuron|T cell|astrocyte|caudal ganglionic eminence derived interneuron|central nervous system macrophage|cerebellar granule cell|cerebral cortex neuron|committed oligodendrocyte precursor|dentate gyrus granule cell|eccentric medium spiny neuron|endothelial cell|ependymal cell|fibroblast|hippocampal CA1-3 neuron|hippocampal CA4 neuron|intratelencephalic-projecting glutamatergic cortical neuron|medial ganglionic eminence derived interneuron|medium spiny neuron|microglial cell|monocyte|natural killer cell|neuron|oligodendrocyte|oligodendrocyte precursor cell|pericyte|pvalb chandelier GABAergic interneuron|sst chodl GABAergic interneuron|vascular associated smooth muscle cell	10x 3' v3	nucleus	normal	https://datasets.cellxgene.cziscience.com/a4744a28-c274-402d-bc22-d329975de41a.h5ad	517082651		https://cellxgene.cziscience.com/e/9f499d32-400d-4c42-ac9a-fb1481844fee.cxg/
62ef75e4-cbea-454e-a0ce-998ec40223d3	Cross-tissue immune cell analysis reveals tissue-specific features in humans	10.1126/science.abl5197	71be997d-ff75-41b9-8a9f-1288c865f921	B cell compartment	54934	0	[False]	blood;bone marrow;caecum;duodenum;ileum;jejunal epithelium;jejunum lamina propria;liver;lung;mesenteric lymph node;omentum;sigmoid colon;skeletal muscle tissue;spleen;thoracic lymph node;thymus;transverse colon	spleen		9	germinal center B cell|lymphocyte|memory B cell|naive B cell|plasma cell|plasmablast|precursor B cell|pro-B cell|unknown	10x 3' v3;10x 5' v1;10x 5' v2	cell	normal	https://datasets.cellxgene.cziscience.com/56aba0b5-96af-42c4-826c-f15fb2903bc8.h5ad	497892958		https://cellxgene.cziscience.com/e/71be997d-ff75-41b9-8a9f-1288c865f921.cxg/
af893e86-8e9f-41f1-a474-ef05359b1fb7	Single-cell transcriptomic atlas for adult human retina	10.1016/j.xgen.2023.100298	8f10185b-e0b3-46a5-8706-7f1799225d79	Bipolar cells in human retina	53040	0	[False]	fovea centralis;macula lutea proper;peripheral region of retina	eye		2	OFF-bipolar cell|ON-bipolar cell	10x 3' v3	nucleus	normal	https://datasets.cellxgene.cziscience.com/45e411d4-c103-4c28-84a9-cb5320f873ba.h5ad	3168171879		https://cellxgene.cziscience.com/e/8f10185b-e0b3-46a5-8706-7f1799225d79.cxg/
283d65eb-dd53-496d-adb7-7570c7caa443	Human Brain Cell Atlas v1.0	10.1126/science.add7046	6538ce1b-7949-405f-b01c-a2c3e876baee	Supercluster: Lower rhombic lip	52650	0	[False]	cerebellar nuclear complex;dorsal tegmental nucleus;globus pallidus;gray matter of midbrain;inferior olivary complex;intralaminar nuclear group;mammillary body;midbrain tectum;nucleus of medulla oblongata;parabrachial nucleus;pontine nuclear group;pontine reticular formation;pontine tegmentum;primary motor cortex;pulvinar nucleus;septal nuclear complex;substantia nigra;temporal fusiform gyrus			1	neuron	10x 3' v3	nucleus	normal	https://datasets.cellxgene.cziscience.com/b5eb563b-77b5-451a-add2-ae70522d23ea.h5ad	783044012		https://cellxgene.cziscience.com/e/6538ce1b-7949-405f-b01c-a2c3e876baee.cxg/
63d03351-06be-478e-a0db-f7a653b6b19b	Cell atlas of the human ocular anterior segment: Tissue-specific and shared cell types	10.1073/pnas.2200914119	d967b47c-a9e6-4337-b2f4-977f690cb67f	Trabecular Meshwork and Corneal Scleral wedge	52309	52309	[True]	corneo-scleral junction;eye trabecular meshwork	eye		16	Schwann cell|basal cell|blood vessel endothelial cell|ciliary muscle cell|conjunctival epithelial cell|corneal endothelial cell|corneal epithelial cell|endothelial cell|endothelial cell of lymphatic vessel|fibroblast|goblet cell|lymphocyte|macrophage|mast cell|melanocyte|pericyte	10x 3' v3	nucleus	normal	https://datasets.cellxgene.cziscience.com/bed454f9-4510-4c6f-a343-a5f63080ec48.h5ad	691311824		https://cellxgene.cziscience.com/e/d967b47c-a9e6-4337-b2f4-977f690cb67f.cxg/
62ef75e4-cbea-454e-a0ce-998ec40223d3	Cross-tissue immune cell analysis reveals tissue-specific features in humans	10.1126/science.abl5197	fe52003e-1460-4a65-a213-2bb1a508332f	Myeloid compartment	51552	0	[False]	blood;bone marrow;caecum;duodenum;ileum;jejunal epithelium;jejunum lamina propria;liver;lung;mesenteric lymph node;omentum;sigmoid colon;skeletal muscle tissue;spleen;thoracic lymph node;thymus;transverse colon	spleen		7	alveolar macrophage|classical monocyte|conventional dendritic cell|dendritic cell, human|macrophage|non-classical monocyte|unknown	10x 3' v3;10x 5' v1;10x 5' v2	cell	normal	https://datasets.cellxgene.cziscience.com/96de0195-492e-4180-b0b8-49cc04b7293e.h5ad	700182069		https://cellxgene.cziscience.com/e/fe52003e-1460-4a65-a213-2bb1a508332f.cxg/
283d65eb-dd53-496d-adb7-7570c7caa443	Human Brain Cell Atlas v1.0	10.1126/science.add7046	18500fcd-9960-49cb-8a8e-7d868dc14efe	Dissection: Basal nuclei (BN) - Globus pallidus (GP) - External segment of globus pallidus - GPe	50830	50830	[True]	globus pallidus			28	B cell|Bergmann glial cell|Lamp5 Lhx6 neuron|T cell|amygdala excitatory neuron|astrocyte|caudal ganglionic eminence derived interneuron|central nervous system macrophage|cerebellar granule cell|cerebellar inhibitory GABAergic interneuron|cerebral cortex neuron|committed oligodendrocyte precursor|eccentric medium spiny neuron|endothelial cell|fibroblast|intratelencephalic-projecting glutamatergic cortical neuron|medial ganglionic eminence derived interneuron|medium spiny neuron|microglial cell|midbrain-derived inhibitory neuron|monocyte|natural killer cell|neuron|oligodendrocyte|oligodendrocyte precursor cell|pericyte|sst chodl GABAergic interneuron|vascular associated smooth muscle cell	10x 3' v3	nucleus	normal	https://datasets.cellxgene.cziscience.com/14a1aeeb-0b9f-48d1-b14d-a912f479e2fc.h5ad	411769327		https://cellxgene.cziscience.com/e/18500fcd-9960-49cb-8a8e-7d868dc14efe.cxg/
283d65eb-dd53-496d-adb7-7570c7caa443	Human Brain Cell Atlas v1.0	10.1126/science.add7046	52ea546e-9229-40ef-b048-a2e694dd73e8	Dissection: Cerebral cortex (Cx) - Anterior parahippocampal gyrus, posterior part (APH) - Medial entorhinal cortex - MEC	50362	50362	[True]	medial entorhinal cortex			25	Lamp5 Lhx6 neuron|T cell|amygdala excitatory neuron|astrocyte|caudal ganglionic eminence derived interneuron|central nervous system macrophage|cerebellar granule cell|cerebral cortex neuron|committed oligodendrocyte precursor|eccentric medium spiny neuron|endothelial cell|fibroblast|hippocampal CA1-3 neuron|intratelencephalic-projecting glutamatergic cortical neuron|medial ganglionic eminence derived interneuron|medium spiny neuron|microglial cell|natural killer cell|neuron|oligodendrocyte|oligodendrocyte precursor cell|pericyte|pvalb chandelier GABAergic interneuron|sst chodl GABAergic interneuron|vascular associated smooth muscle cell	10x 3' v3	nucleus	normal	https://datasets.cellxgene.cziscience.com/73118fbf-bb19-49c8-bfad-bdf9eb8e103d.h5ad	763887734		https://cellxgene.cziscience.com/e/52ea546e-9229-40ef-b048-a2e694dd73e8.cxg/
e5f58829-1a66-40b5-a624-9046778e74f5	Tabula Sapiens	10.1126/science.abl4896	bb78adbb-1428-4468-bad0-63602bb974e9	Tabula Sapiens - Ovary	48951	0	[False]	left ovary;ovary;right ovary			27	B cell|CD4-positive, alpha-beta T cell|CD8-positive, alpha-beta T cell|T cell|blood vessel smooth muscle cell|classical monocyte|endothelial cell|epithelial cell|glandular secretory epithelial cell|glial cell|hematopoietic precursor cell|leukocyte|macrophage|mast cell|mature NK T cell|monocyte|myeloid dendritic cell|neutrophil|oocyte|ovarian surface epithelial cell|plasma cell|plasmacytoid dendritic cell|smooth muscle cell|stromal cell|stromal cell of ovary|theca cell|unknown	10x 3' v3;Smart-seq2;Smart-seq3	cell	normal	https://datasets.cellxgene.cziscience.com/6ad78e84-6715-458d-95b4-69e8509cd785.h5ad	1815903205		https://cellxgene.cziscience.com/e/bb78adbb-1428-4468-bad0-63602bb974e9.cxg/
e5f58829-1a66-40b5-a624-9046778e74f5	Tabula Sapiens	10.1126/science.abl4896	1c9eb291-6d31-47e1-96b2-129b5e1ae64f	Tabula Sapiens - Muscle	46772	0	[False]	muscle of abdomen;muscle of pelvic diaphragm			32	B cell|CD4-positive, alpha-beta T cell|CD8-positive, alpha-beta T cell|T cell|basophil|capillary endothelial cell|endothelial cell|endothelial cell of artery|endothelial cell of lymphatic vessel|endothelial cell of vascular tree|epithelial cell|erythrocyte|fast muscle cell|granulocyte|intermediate monocyte|macrophage|mast cell|mature NK T cell|mesenchymal cell|mesenchymal stem cell|mesothelial cell|monocyte|myeloid dendritic cell|natural killer cell|neutrophil|non-classical monocyte|pericyte|plasma cell|skeletal muscle satellite stem cell|slow muscle cell|smooth muscle cell|tendon cell	10x 3' v3;Smart-seq2	cell	normal	https://datasets.cellxgene.cziscience.com/4919a450-62fb-4741-b750-5591443edee8.h5ad	2050367134		https://cellxgene.cziscience.com/e/1c9eb291-6d31-47e1-96b2-129b5e1ae64f.cxg/
283d65eb-dd53-496d-adb7-7570c7caa443	Human Brain Cell Atlas v1.0	10.1126/science.add7046	8f48c031-6692-4c82-b6c2-e4ad35cbc0aa	Supercluster: LAMP5-LHX6 and Chandelier	45118	0	[False]	Brodmann (1909) area 13;Brodmann (1909) area 14;Brodmann (1909) area 19;Brodmann (1909) area 23;Brodmann (1909) area 24;Brodmann (1909) area 25;Brodmann (1909) area 32;Brodmann (1909) area 38;Brodmann (1909) area 40;Brodmann (1909) area 43;Brodmann (1909) area 46;accessory basal amygdaloid nucleus;agranular insular cortex;anterior cortical amygdaloid nucleus;anterior nuclear group;anterior olfactory nucleus;basolateral amygdaloid nuclear complex;bed nucleus of stria terminalis;body of caudate nucleus;central amygdaloid nucleus;centromedian nucleus of thalamus;claustrum of brain;corticomedial nuclear complex;cuneus cortex;dentate gyrus of hippocampal formation;dorsal tegmental nucleus;epithalamus;extrastriate cortex;globus pallidus;granular insular cortex;gray matter of midbrain;hippocampal field;hypothalamus;inferior frontal gyrus;inferior temporal gyrus;intralaminar nuclear group;lateral amygdaloid nucleus;lateral entorhinal cortex;lateral geniculate body;lateral nuclear group of thalamus;lateral posterior nucleus of thalamus;mammillary body;medial dorsal nucleus of thalamus;medial entorhinal cortex;medial geniculate body;medial zone of hypothalamus;median tuberal portion;midbrain tectum;middle temporal gyrus;nucleus accumbens;nucleus of dorsal thalamus;nucleus of medulla oblongata;perirhinal cortex;piriform cortex;pontine nuclear group;pontine tegmentum;posterior parahippocampal gyrus;preoptic area;pretectal region;primary auditory cortex;primary motor cortex;primary somatosensory cortex;primary visual cortex;pulvinar nucleus;putamen;red nucleus;retrosplenial region;rostral CA3;septal nuclear complex;subicular complex;substantia innominata;substantia nigra;subthalamic nucleus;superior parietal cortex;superior temporal gyrus;supraoptic nucleus;temporal fusiform gyrus;uncal CA1;ventral anterior nucleus of thalamus	eye		2	Lamp5 Lhx6 neuron|pvalb chandelier GABAergic interneuron	10x 3' v3	nucleus	normal	https://datasets.cellxgene.cziscience.com/feb707bb-a28d-4b38-aa9b-4ec75cf3edd4.h5ad	533848901		https://cellxgene.cziscience.com/e/8f48c031-6692-4c82-b6c2-e4ad35cbc0aa.cxg/
63d03351-06be-478e-a0db-f7a653b6b19b	Cell atlas of the human ocular anterior segment: Tissue-specific and shared cell types	10.1073/pnas.2200914119	9ff99bf8-2524-4ab5-ab6e-4bc218e4a449	Integrated data	42901	0	[False]	ciliary body;cornea;corneo-scleral junction;eye trabecular meshwork;iris	eye		22	Schwann cell|basal cell|blood vessel endothelial cell|ciliary muscle cell|conjunctival epithelial cell|corneal endothelial cell|corneal epithelial cell|endothelial cell|endothelial cell of lymphatic vessel|fibroblast|goblet cell|leukocyte|lymphocyte|macrophage|mast cell|melanocyte|non-pigmented ciliary epithelial cell|pericyte|pigmented ciliary epithelial cell|pigmented epithelial cell|smooth muscle cell of sphincter of pupil|transit amplifying cell	10x 3' v3	nucleus	normal	https://datasets.cellxgene.cziscience.com/7c2a1336-e051-4858-8fd3-d71d6f53765d.h5ad	537652807		https://cellxgene.cziscience.com/e/9ff99bf8-2524-4ab5-ab6e-4bc218e4a449.cxg/
283d65eb-dd53-496d-adb7-7570c7caa443	Human Brain Cell Atlas v1.0	10.1126/science.add7046	7db0c178-b0a4-442f-ba54-e9e1633a84bb	Dissection: Cerebral cortex (Cx) - Parietal operculum (PaO) - Gustatory cortex - A43	42834	42834	[True]	Brodmann (1909) area 43			24	Lamp5 Lhx6 neuron|T cell|amygdala excitatory neuron|astrocyte|caudal ganglionic eminence derived interneuron|central nervous system macrophage|cerebral cortex neuron|committed oligodendrocyte precursor|eccentric medium spiny neuron|endothelial cell|ependymal cell|fibroblast|intratelencephalic-projecting glutamatergic cortical neuron|medial ganglionic eminence derived interneuron|microglial cell|monocyte|natural killer cell|near-projecting glutamatergic cortical neuron|neuron|oligodendrocyte|oligodendrocyte precursor cell|pericyte|pvalb chandelier GABAergic interneuron|sst chodl GABAergic interneuron	10x 3' v3	nucleus	normal	https://datasets.cellxgene.cziscience.com/f1419729-c611-4821-8c08-4a10092ff7e4.h5ad	601311138		https://cellxgene.cziscience.com/e/7db0c178-b0a4-442f-ba54-e9e1633a84bb.cxg/
e5f58829-1a66-40b5-a624-9046778e74f5	Tabula Sapiens	10.1126/science.abl4896	0ced5e76-6040-47ff-8a72-93847965afc0	Tabula Sapiens - Thymus	42729	0	[False]	thymus			33	B cell|CD4-positive, alpha-beta T cell|CD4-positive, alpha-beta thymocyte|CD8-positive, alpha-beta T cell|CD8-positive, alpha-beta thymocyte|T follicular helper cell|capillary endothelial cell|endothelial cell|endothelial cell of artery|endothelial cell of lymphatic vessel|erythrocyte|fast muscle cell|fibroblast|hematopoietic precursor cell|innate lymphoid cell|macrophage|mast cell|medullary thymic epithelial cell|mesothelial cell|monocyte|myo-medullary thymic epithelial cell|naive thymus-derived CD4-positive, alpha-beta T cell|naive thymus-derived CD8-positive, alpha-beta T cell|natural killer cell|neuro-medullary thymic epithelial cell|neutrophil|plasma cell|smooth muscle cell|thymic fibroblast type 1|thymic fibroblast type 2|thymocyte|vascular associated smooth muscle cell|vein endothelial cell	10x 3' v3;10x 5' v2;Smart-seq2	cell	normal	https://datasets.cellxgene.cziscience.com/b58baee9-3e90-4491-aa16-eb5818a6db27.h5ad	1722493602		https://cellxgene.cziscience.com/e/0ced5e76-6040-47ff-8a72-93847965afc0.cxg/
283d65eb-dd53-496d-adb7-7570c7caa443	Human Brain Cell Atlas v1.0	10.1126/science.add7046	7b316f62-7fa0-4b95-bac9-e90866038a85	Dissection: Amygdaloid complex (AMY) - Central nuclear group - CEN	42699	42699	[True]	central amygdaloid nucleus			30	B cell|Lamp5 Lhx6 neuron|T cell|amygdala excitatory neuron|astrocyte|caudal ganglionic eminence derived interneuron|central nervous system macrophage|cerebellar granule cell|cerebral cortex neuron|committed oligodendrocyte precursor|eccentric medium spiny neuron|endothelial cell|ependymal cell|fibroblast|intratelencephalic-projecting glutamatergic cortical neuron|medial ganglionic eminence derived interneuron|medium spiny neuron|microglial cell|midbrain-derived inhibitory neuron|monocyte|natural killer cell|near-projecting glutamatergic cortical neuron|neuron|oligodendrocyte|oligodendrocyte precursor cell|pericyte|pvalb chandelier GABAergic interneuron|sst chodl GABAergic interneuron|thalamic excitatory neuron|vascular associated smooth muscle cell	10x 3' v3	nucleus	normal	https://datasets.cellxgene.cziscience.com/3fe49186-e665-4999-bc7b-2cff4d5bf817.h5ad	535117705		https://cellxgene.cziscience.com/e/7b316f62-7fa0-4b95-bac9-e90866038a85.cxg/
e5f58829-1a66-40b5-a624-9046778e74f5	Tabula Sapiens	10.1126/science.abl4896	a2d4d33e-4c62-4361-b80a-9be53d2e50e8	Tabula Sapiens - Vasculature	42650	0	[False]	abdominal aorta;aorta;coronary artery;inferior vena cava;left coronary artery;thoracic aorta;vasculature			25	B cell|CD4-positive, alpha-beta T cell|CD8-positive, alpha-beta T cell|T cell|basophil|capillary endothelial cell|classical monocyte|endothelial cell|endothelial cell of artery|endothelial cell of lymphatic vessel|erythrocyte|fibroblast|intermediate monocyte|macrophage|mast cell|mature NK T cell|monocyte|myeloid dendritic cell|natural killer cell|neutrophil|non-classical monocyte|pericyte|plasma cell|smooth muscle cell|vein endothelial cell	10x 3' v3;Smart-seq2	cell	normal	https://datasets.cellxgene.cziscience.com/5d54a606-3cd9-4164-b862-a3c51e622790.h5ad	2182989015		https://cellxgene.cziscience.com/e/a2d4d33e-4c62-4361-b80a-9be53d2e50e8.cxg/
e5f58829-1a66-40b5-a624-9046778e74f5	Tabula Sapiens	10.1126/science.abl4896	a357414d-2042-4eb5-95f0-c58604a18bdd	Tabula Sapiens - Small_Intestine	42036	0	[False]	duodenum;ileum;jejunum;small intestine			34	B cell|BEST4+ enterocyte|CD4-positive, alpha-beta T cell|CD8-positive, alpha-beta T cell|activated CD4-positive, alpha-beta T cell|activated CD8-positive, alpha-beta T cell|endothelial cell of arteriole|endothelial cell of lymphatic vessel|endothelial cell of venule|enterocyte of epithelium proper of duodenum|enterocyte of epithelium proper of ileum|enterocyte of epithelium proper of jejunum|enterocyte of epithelium proper of small intestine|enteroendocrine cell of small intestine|enteroglial cell|fibroblast|gamma-delta T cell|innate lymphoid cell|intestinal crypt stem cell of small intestine|intestinal tuft cell|macrophage|mast cell|monocyte|myeloid dendritic cell|myofibroblast cell|naive thymus-derived CD4-positive, alpha-beta T cell|natural killer cell|neutrophil|paneth cell of epithelium of small intestine|pericyte|plasma cell|regulatory T cell|small intestine goblet cell|transit amplifying cell of small intestine	10x 3' v3;Smart-seq2	cell	normal	https://datasets.cellxgene.cziscience.com/6db4dfe6-d421-4287-a9dc-22eaa59be966.h5ad	1807784328		https://cellxgene.cziscience.com/e/a357414d-2042-4eb5-95f0-c58604a18bdd.cxg/
283d65eb-dd53-496d-adb7-7570c7caa443	Human Brain Cell Atlas v1.0	10.1126/science.add7046	19b21f40-db42-4a71-a0d6-913e83b17784	Dissection: Head of hippocampus (HiH) - Tail of Hippocampus (HiT) - Subicular cortex - Sub	41568	41568	[True]	subicular complex			27	B cell|Lamp5 Lhx6 neuron|T cell|amygdala excitatory neuron|astrocyte|caudal ganglionic eminence derived interneuron|central nervous system macrophage|cerebral cortex neuron|committed oligodendrocyte precursor|dentate gyrus granule cell|endothelial cell|ependymal cell|fibroblast|hippocampal CA1-3 neuron|intratelencephalic-projecting glutamatergic cortical neuron|medial ganglionic eminence derived interneuron|microglial cell|monocyte|natural killer cell|near-projecting glutamatergic cortical neuron|neuron|oligodendrocyte|oligodendrocyte precursor cell|pericyte|pvalb chandelier GABAergic interneuron|sst chodl GABAergic interneuron|vascular associated smooth muscle cell	10x 3' v3	nucleus	normal	https://datasets.cellxgene.cziscience.com/ca7c4a40-e279-48ea-84f8-875253cfb63e.h5ad	398378674		https://cellxgene.cziscience.com/e/19b21f40-db42-4a71-a0d6-913e83b17784.cxg/
283d65eb-dd53-496d-adb7-7570c7caa443	Human Brain Cell Atlas v1.0	10.1126/science.add7046	a19b218b-1c0a-4618-b41f-7c216c623ec6	Dissection: Cerebral cortex (Cx) - Posterior parahippocampal gyrus (PPH) - TH-TL	40677	40677	[True]	posterior parahippocampal gyrus			27	B cell|Lamp5 Lhx6 neuron|T cell|amygdala excitatory neuron|astrocyte|caudal ganglionic eminence derived interneuron|central nervous system macrophage|cerebellar granule cell|cerebellar inhibitory GABAergic interneuron|cerebral cortex neuron|committed oligodendrocyte precursor|endothelial cell|fibroblast|hippocampal CA1-3 neuron|intratelencephalic-projecting glutamatergic cortical neuron|medial ganglionic eminence derived interneuron|microglial cell|monocyte|natural killer cell|near-projecting glutamatergic cortical neuron|neuron|oligodendrocyte|oligodendrocyte precursor cell|pericyte|pvalb chandelier GABAergic interneuron|sst chodl GABAergic interneuron|vascular associated smooth muscle cell	10x 3' v3	nucleus	normal	https://datasets.cellxgene.cziscience.com/67aab5e2-2ccb-4324-a12c-ae1951804d46.h5ad	545873008		https://cellxgene.cziscience.com/e/a19b218b-1c0a-4618-b41f-7c216c623ec6.cxg/
b1a879f6-5638-48d3-8f64-f6592c1b1561	Mapping the developing human immune system across organs	10.1126/science.abo0510	6a30bf44-c490-41ac-965b-0bb58432b10a	HSC/progenitor cells	40420	0	[False]	bone marrow;gut wall;kidney;liver;mesenteric lymph node;skin of body;spleen;thymus;yolk sac	spleen		12	common myeloid progenitor|double negative thymocyte|early lymphoid progenitor|fraction A pre-pro B cell|granulocyte monocyte progenitor cell|hematopoietic multipotent progenitor cell|hematopoietic stem cell|megakaryocyte|megakaryocyte-erythroid progenitor cell|promonocyte|promyelocyte|unknown	10x 3' v2;10x 5' v1	cell	normal	https://datasets.cellxgene.cziscience.com/b4ff81cb-0926-46cb-8bea-5c800cd4210f.h5ad	766737343		https://cellxgene.cziscience.com/e/6a30bf44-c490-41ac-965b-0bb58432b10a.cxg/
283d65eb-dd53-496d-adb7-7570c7caa443	Human Brain Cell Atlas v1.0	10.1126/science.add7046	31f04740-c712-4c4b-a3f8-55c0506b3034	Dissection: Claustrum - Cla	40165	40165	[True]	claustrum of brain			25	B cell|Lamp5 Lhx6 neuron|T cell|amygdala excitatory neuron|astrocyte|caudal ganglionic eminence derived interneuron|central nervous system macrophage|cerebral cortex neuron|committed oligodendrocyte precursor|eccentric medium spiny neuron|endothelial cell|fibroblast|intratelencephalic-projecting glutamatergic cortical neuron|medial ganglionic eminence derived interneuron|medium spiny neuron|microglial cell|monocyte|natural killer cell|near-projecting glutamatergic cortical neuron|neuron|oligodendrocyte|oligodendrocyte precursor cell|pericyte|pvalb chandelier GABAergic interneuron|sst chodl GABAergic interneuron	10x 3' v3	nucleus	normal	https://datasets.cellxgene.cziscience.com/cec55510-b903-4c78-a873-0c0af2045d55.h5ad	486677465		https://cellxgene.cziscience.com/e/31f04740-c712-4c4b-a3f8-55c0506b3034.cxg/
283d65eb-dd53-496d-adb7-7570c7caa443	Human Brain Cell Atlas v1.0	10.1126/science.add7046	e6b2ce27-681b-4409-a053-2681875936e5	Supercluster: Eccentric medium spiny neuron	40144	0	[False]	Brodmann (1909) area 13;Brodmann (1909) area 14;Brodmann (1909) area 24;Brodmann (1909) area 25;Brodmann (1909) area 40;Brodmann (1909) area 43;Brodmann (1909) area 46;accessory basal amygdaloid nucleus;agranular insular cortex;anterior cortical amygdaloid nucleus;anterior nuclear group;anterior olfactory nucleus;basolateral amygdaloid nuclear complex;bed nucleus of stria terminalis;body of caudate nucleus;central amygdaloid nucleus;claustrum of brain;corticomedial nuclear complex;dentate gyrus of hippocampal formation;epithalamus;globus pallidus;granular insular cortex;hippocampal field;hypothalamus;inferior frontal gyrus;lateral amygdaloid nucleus;lateral entorhinal cortex;lateral geniculate body;lateral nuclear group of thalamus;lateral posterior nucleus of thalamus;medial dorsal nucleus of thalamus;medial entorhinal cortex;nucleus accumbens;perirhinal cortex;piriform cortex;preoptic area;primary auditory cortex;primary motor cortex;putamen;septal nuclear complex;substantia innominata;substantia nigra;superior parietal cortex;superior temporal gyrus;supraoptic nucleus;uncal CA1;ventral anterior nucleus of thalamus	eye		1	eccentric medium spiny neuron	10x 3' v3	nucleus	normal	https://datasets.cellxgene.cziscience.com/5ec6cb02-a798-4f66-a2d6-5e0b7b56ff80.h5ad	495998654		https://cellxgene.cziscience.com/e/e6b2ce27-681b-4409-a053-2681875936e5.cxg/
e5f58829-1a66-40b5-a624-9046778e74f5	Tabula Sapiens	10.1126/science.abl4896	f01bdd17-4902-40f5-86e3-240d66dd2587	Tabula Sapiens - Salivary_Gland	39821	0	[False]	parotid gland;sublingual gland;submandibular gland			31	B cell|CD4-positive, alpha-beta T cell|CD8-positive, alpha-beta T cell|T cell|acinar cell of salivary gland|adventitial cell|basal cell|classical monocyte|duct epithelial cell|endothelial cell|endothelial cell of artery|endothelial cell of lymphatic vessel|fibroblast|hematopoietic precursor cell|intermediate monocyte|ionocyte|leukocyte|macrophage|mast cell|mature NK T cell|monocyte|myeloid dendritic cell|myoepithelial cell|natural killer cell|neutrophil|non-classical monocyte|pericyte|plasma cell|salivary gland cell|tissue-resident macrophage|vascular associated smooth muscle cell	10x 3' v3;Smart-seq2	cell	normal	https://datasets.cellxgene.cziscience.com/a9f49247-9866-422e-a9c3-d315f6e99369.h5ad	1801698900		https://cellxgene.cziscience.com/e/f01bdd17-4902-40f5-86e3-240d66dd2587.cxg/
283d65eb-dd53-496d-adb7-7570c7caa443	Human Brain Cell Atlas v1.0	10.1126/science.add7046	27d91086-cfe3-4e33-9282-bd1246e5ce8e	Dissection: Cerebral cortex (Cx) - Long insular gyri (LIG) - Dysgranular insular cortex - Idg	39696	39696	[True]	agranular insular cortex			25	B cell|Lamp5 Lhx6 neuron|T cell|amygdala excitatory neuron|astrocyte|caudal ganglionic eminence derived interneuron|central nervous system macrophage|cerebral cortex neuron|committed oligodendrocyte precursor|eccentric medium spiny neuron|endothelial cell|fibroblast|intratelencephalic-projecting glutamatergic cortical neuron|medial ganglionic eminence derived interneuron|medium spiny neuron|microglial cell|natural killer cell|near-projecting glutamatergic cortical neuron|neuron|oligodendrocyte|oligodendrocyte precursor cell|pericyte|pvalb chandelier GABAergic interneuron|sst chodl GABAergic interneuron|vascular associated smooth muscle cell	10x 3' v3	nucleus	normal	https://datasets.cellxgene.cziscience.com/f44b7d56-bd64-45f3-afb4-8afa7c53e3cd.h5ad	590626142		https://cellxgene.cziscience.com/e/27d91086-cfe3-4e33-9282-bd1246e5ce8e.cxg/
283d65eb-dd53-496d-adb7-7570c7caa443	Human Brain Cell Atlas v1.0	10.1126/science.add7046	acae7679-d077-461c-b857-ee6ccfeb267f	Dissection: Head of hippocampus (HiH) - Uncal CA1	39147	39147	[True]	uncal CA1			28	B cell|Lamp5 Lhx6 neuron|T cell|amygdala excitatory neuron|astrocyte|caudal ganglionic eminence derived interneuron|central nervous system macrophage|cerebral cortex neuron|committed oligodendrocyte precursor|eccentric medium spiny neuron|endothelial cell|ependymal cell|fibroblast|hippocampal CA1-3 neuron|hippocampal CA4 neuron|intratelencephalic-projecting glutamatergic cortical neuron|medial ganglionic eminence derived interneuron|medium spiny neuron|microglial cell|monocyte|natural killer cell|neuron|oligodendrocyte|oligodendrocyte precursor cell|pericyte|pvalb chandelier GABAergic interneuron|sst chodl GABAergic interneuron|vascular associated smooth muscle cell	10x 3' v3	nucleus	normal	https://datasets.cellxgene.cziscience.com/f187cb1a-2fdb-4911-9ad4-7583a6b796d5.h5ad	435648209		https://cellxgene.cziscience.com/e/acae7679-d077-461c-b857-ee6ccfeb267f.cxg/
283d65eb-dd53-496d-adb7-7570c7caa443	Human Brain Cell Atlas v1.0	10.1126/science.add7046	d288b10a-643e-44bd-b451-96e9588b2ee5	Dissection: Cerebral cortex (Cx) - Supramarginal gyrus (SMG) - A40	39053	39053	[True]	Brodmann (1909) area 40			24	Lamp5 Lhx6 neuron|T cell|amygdala excitatory neuron|astrocyte|caudal ganglionic eminence derived interneuron|central nervous system macrophage|cerebral cortex neuron|committed oligodendrocyte precursor|eccentric medium spiny neuron|endothelial cell|fibroblast|intratelencephalic-projecting glutamatergic cortical neuron|medial ganglionic eminence derived interneuron|microglial cell|monocyte|natural killer cell|near-projecting glutamatergic cortical neuron|neuron|oligodendrocyte|oligodendrocyte precursor cell|pericyte|pvalb chandelier GABAergic interneuron|sst chodl GABAergic interneuron|vascular associated smooth muscle cell	10x 3' v3	nucleus	normal	https://datasets.cellxgene.cziscience.com/1842b01e-5c3e-4e3f-ac5e-3d00f7c84941.h5ad	476984967		https://cellxgene.cziscience.com/e/d288b10a-643e-44bd-b451-96e9588b2ee5.cxg/
283d65eb-dd53-496d-adb7-7570c7caa443	Human Brain Cell Atlas v1.0	10.1126/science.add7046	949ec7fc-ac54-47c9-bb6f-ee9e67688cce	Dissection: Cerebral cortex (Cx) - Short insular gyri - Granular insular cortex - Ig	38937	38937	[True]	granular insular cortex			24	B cell|Lamp5 Lhx6 neuron|T cell|astrocyte|caudal ganglionic eminence derived interneuron|central nervous system macrophage|cerebral cortex neuron|committed oligodendrocyte precursor|eccentric medium spiny neuron|endothelial cell|fibroblast|intratelencephalic-projecting glutamatergic cortical neuron|medial ganglionic eminence derived interneuron|medium spiny neuron|microglial cell|monocyte|near-projecting glutamatergic cortical neuron|neuron|oligodendrocyte|oligodendrocyte precursor cell|pericyte|pvalb chandelier GABAergic interneuron|sst chodl GABAergic interneuron|vascular associated smooth muscle cell	10x 3' v3	nucleus	normal	https://datasets.cellxgene.cziscience.com/f6876e50-9eee-4fae-a017-3983bebf407f.h5ad	513142287		https://cellxgene.cziscience.com/e/949ec7fc-ac54-47c9-bb6f-ee9e67688cce.cxg/
e5f58829-1a66-40b5-a624-9046778e74f5	Tabula Sapiens	10.1126/science.abl4896	55cf0ea3-9d2b-4294-871e-bb4b49a79fc7	Tabula Sapiens - Tongue	38754	0	[False]	anterior part of tongue;posterior part of tongue;tongue			23	B cell|CD4-positive, alpha-beta T cell|CD8-positive, alpha-beta T cell|Schwann cell|T cell|basal cell|endothelial cell|endothelial cell of lymphatic vessel|fibroblast|macrophage|mast cell|monocyte|mural cell|myeloid dendritic cell|myoepithelial cell|natural killer cell|neutrophil|plasma cell|regulatory T cell|salivary gland cell|stratified squamous epithelial cell|taste receptor cell|tongue muscle cell	10x 3' v3;Smart-seq2	cell	normal	https://datasets.cellxgene.cziscience.com/07cf9c5f-6e79-4422-a4de-4427f0f4a76d.h5ad	2012081397		https://cellxgene.cziscience.com/e/55cf0ea3-9d2b-4294-871e-bb4b49a79fc7.cxg/
283d65eb-dd53-496d-adb7-7570c7caa443	Human Brain Cell Atlas v1.0	10.1126/science.add7046	1185a7d3-a9c1-4280-9ba5-d61895b15cac	Dissection: Amygdaloid complex (AMY) - corticomedial nuclear group - CMN	38331	38331	[True]	corticomedial nuclear complex			28	Lamp5 Lhx6 neuron|T cell|amygdala excitatory neuron|astrocyte|caudal ganglionic eminence derived interneuron|central nervous system macrophage|cerebellar granule cell|cerebral cortex neuron|committed oligodendrocyte precursor|eccentric medium spiny neuron|endothelial cell|ependymal cell|fibroblast|hippocampal CA1-3 neuron|intratelencephalic-projecting glutamatergic cortical neuron|medial ganglionic eminence derived interneuron|medium spiny neuron|microglial cell|midbrain-derived inhibitory neuron|monocyte|natural killer cell|neuron|oligodendrocyte|oligodendrocyte precursor cell|pericyte|pvalb chandelier GABAergic interneuron|sst chodl GABAergic interneuron|vascular associated smooth muscle cell	10x 3' v3	nucleus	normal	https://datasets.cellxgene.cziscience.com/087cb570-932a-4096-8b65-de6778dc29d9.h5ad	471192365		https://cellxgene.cziscience.com/e/1185a7d3-a9c1-4280-9ba5-d61895b15cac.cxg/
283d65eb-dd53-496d-adb7-7570c7caa443	Human Brain Cell Atlas v1.0	10.1126/science.add7046	6ed0bb6c-a9e3-4ba6-9436-7c8fd4e206f0	Dissection: Cerebral cortex (Cx) - Inferior frontal gyrus (IFG) - Ventrolateral prefrontal cortex - A44-A45	38259	38259	[True]	inferior frontal gyrus			23	Lamp5 Lhx6 neuron|T cell|astrocyte|caudal ganglionic eminence derived interneuron|central nervous system macrophage|cerebral cortex neuron|committed oligodendrocyte precursor|eccentric medium spiny neuron|endothelial cell|fibroblast|intratelencephalic-projecting glutamatergic cortical neuron|medial ganglionic eminence derived interneuron|microglial cell|monocyte|natural killer cell|near-projecting glutamatergic cortical neuron|neuron|oligodendrocyte|oligodendrocyte precursor cell|pericyte|pvalb chandelier GABAergic interneuron|sst chodl GABAergic interneuron|vascular associated smooth muscle cell	10x 3' v3	nucleus	normal	https://datasets.cellxgene.cziscience.com/b26c5844-47db-4622-8511-4694abf824e7.h5ad	516037795		https://cellxgene.cziscience.com/e/6ed0bb6c-a9e3-4ba6-9436-7c8fd4e206f0.cxg/
59c9ecfe-c47d-4a6a-bab0-895cc0c1942b	Dysregulation of brain and choroid plexus cell types in severe COVID-19	10.1038/s41586-021-03710-0	2f05ab20-a092-4bab-9276-3e0eb24e3fee	A total of 38,217 droplet-based single-nucleus transcriptomes profiled across 14 cell types in the frontal cortex	38217	38217	[True]	medial orbital frontal cortex			13	L2/3 intratelencephalic projecting glutamatergic neuron|L4 intratelencephalic projecting glutamatergic neuron|L5/6 near-projecting glutamatergic neuron|VIP GABAergic interneuron|astrocyte|cerebral cortex GABAergic interneuron|cerebral cortex neuron|endothelial cell|microglial cell|oligodendrocyte|oligodendrocyte precursor cell|pvalb GABAergic interneuron|sst GABAergic interneuron	10x 3' v3	nucleus	COVID-19;breast cancer;cardiomyopathy;chronic obstructive pulmonary disease;heart disorder;influenza;myocardial infarction;small cell lung carcinoma;tongue cancer	https://datasets.cellxgene.cziscience.com/c4ee3adc-893f-449a-988c-b3b4d51ceba9.h5ad	618002511		https://cellxgene.cziscience.com/e/2f05ab20-a092-4bab-9276-3e0eb24e3fee.cxg/
283d65eb-dd53-496d-adb7-7570c7caa443	Human Brain Cell Atlas v1.0	10.1126/science.add7046	43b7e156-65b3-4a7b-8c7a-08528e4b21d0	Dissection: Basal forebrain (BF) - substantia innominata and nearby nuclei - SI	38205	38205	[True]	substantia innominata			29	Lamp5 Lhx6 neuron|T cell|amygdala excitatory neuron|astrocyte|caudal ganglionic eminence derived interneuron|central nervous system macrophage|cerebellar granule cell|cerebellar inhibitory GABAergic interneuron|cerebral cortex neuron|committed oligodendrocyte precursor|eccentric medium spiny neuron|endothelial cell|ependymal cell|fibroblast|intratelencephalic-projecting glutamatergic cortical neuron|medial ganglionic eminence derived interneuron|medium spiny neuron|microglial cell|midbrain-derived inhibitory neuron|monocyte|natural killer cell|near-projecting glutamatergic cortical neuron|neuron|oligodendrocyte|oligodendrocyte precursor cell|pericyte|pvalb chandelier GABAergic interneuron|sst chodl GABAergic interneuron|vascular associated smooth muscle cell	10x 3' v3	nucleus	normal	https://datasets.cellxgene.cziscience.com/b96a3b7a-fd57-4e6b-bbbb-d7472f5fab75.h5ad	452367720		https://cellxgene.cziscience.com/e/43b7e156-65b3-4a7b-8c7a-08528e4b21d0.cxg/
283d65eb-dd53-496d-adb7-7570c7caa443	Human Brain Cell Atlas v1.0	10.1126/science.add7046	56c33a38-2732-4e53-a9c1-1bc61eda9a99	Dissection: Cerebral cortex (Cx) - Postcentral gyrus (PoCG) - Primary somatosensory cortex - S1C	38188	0	[False]	primary somatosensory cortex			23	Lamp5 Lhx6 neuron|T cell|amygdala excitatory neuron|astrocyte|caudal ganglionic eminence derived interneuron|central nervous system macrophage|cerebral cortex neuron|committed oligodendrocyte precursor|endothelial cell|fibroblast|intratelencephalic-projecting glutamatergic cortical neuron|medial ganglionic eminence derived interneuron|microglial cell|monocyte|natural killer cell|near-projecting glutamatergic cortical neuron|neuron|oligodendrocyte|oligodendrocyte precursor cell|pericyte|pvalb chandelier GABAergic interneuron|sst chodl GABAergic interneuron|vascular associated smooth muscle cell	10x 3' v3	nucleus	normal	https://datasets.cellxgene.cziscience.com/d5aa1f7f-155d-4423-a8b1-8866a064b7ad.h5ad	525597441		https://cellxgene.cziscience.com/e/56c33a38-2732-4e53-a9c1-1bc61eda9a99.cxg/
283d65eb-dd53-496d-adb7-7570c7caa443	Human Brain Cell Atlas v1.0	10.1126/science.add7046	3f56901c-dd4a-47d6-b60b-7b0c0111cfb2	Dissection: Head of hippocampus (HiH) - Uncal CA1-CA3	37911	37911	[True]	hippocampal field			29	Lamp5 Lhx6 neuron|T cell|amygdala excitatory neuron|astrocyte|caudal ganglionic eminence derived interneuron|central nervous system macrophage|cerebral cortex neuron|committed oligodendrocyte precursor|dentate gyrus granule cell|eccentric medium spiny neuron|endothelial cell|ependymal cell|fibroblast|hippocampal CA1-3 neuron|hippocampal CA4 neuron|intratelencephalic-projecting glutamatergic cortical neuron|medial ganglionic eminence derived interneuron|medium spiny neuron|microglial cell|monocyte|natural killer cell|near-projecting glutamatergic cortical neuron|neuron|oligodendrocyte|oligodendrocyte precursor cell|pericyte|pvalb chandelier GABAergic interneuron|sst chodl GABAergic interneuron|vascular associated smooth muscle cell	10x 3' v3	nucleus	normal	https://datasets.cellxgene.cziscience.com/032a3e4a-f004-41d4-9e3c-8eb8a76be467.h5ad	403862178		https://cellxgene.cziscience.com/e/3f56901c-dd4a-47d6-b60b-7b0c0111cfb2.cxg/
283d65eb-dd53-496d-adb7-7570c7caa443	Human Brain Cell Atlas v1.0	10.1126/science.add7046	77c1c785-809f-4065-8c54-6a0170783256	Dissection: Cerebral cortex (Cx) - Subcallosal Gyrus (SCG) - Subgenual (subcallosal) division of MFC - A25	37767	37767	[True]	Brodmann (1909) area 25			26	B cell|Lamp5 Lhx6 neuron|T cell|amygdala excitatory neuron|astrocyte|caudal ganglionic eminence derived interneuron|central nervous system macrophage|cerebral cortex neuron|committed oligodendrocyte precursor|eccentric medium spiny neuron|endothelial cell|fibroblast|hippocampal CA1-3 neuron|intratelencephalic-projecting glutamatergic cortical neuron|medial ganglionic eminence derived interneuron|medium spiny neuron|microglial cell|monocyte|near-projecting glutamatergic cortical neuron|neuron|oligodendrocyte|oligodendrocyte precursor cell|pericyte|pvalb chandelier GABAergic interneuron|sst chodl GABAergic interneuron|vascular associated smooth muscle cell	10x 3' v3	nucleus	normal	https://datasets.cellxgene.cziscience.com/f4ad18c8-8ad1-4cbe-8060-6a3b07f2af64.h5ad	532204098		https://cellxgene.cziscience.com/e/77c1c785-809f-4065-8c54-6a0170783256.cxg/
283d65eb-dd53-496d-adb7-7570c7caa443	Human Brain Cell Atlas v1.0	10.1126/science.add7046	c2aad8fc-b63b-4f9b-9cfd-baf7bc9c1771	Dissection: Cerebral cortex (Cx) - Temporal pole (TP) - Temporopolar area - A38	37642	37642	[True]	Brodmann (1909) area 38			24	Lamp5 Lhx6 neuron|T cell|amygdala excitatory neuron|astrocyte|caudal ganglionic eminence derived interneuron|central nervous system macrophage|cerebellar granule cell|cerebral cortex neuron|committed oligodendrocyte precursor|endothelial cell|fibroblast|intratelencephalic-projecting glutamatergic cortical neuron|medial ganglionic eminence derived interneuron|medium spiny neuron|microglial cell|natural killer cell|near-projecting glutamatergic cortical neuron|neuron|oligodendrocyte|oligodendrocyte precursor cell|pericyte|pvalb chandelier GABAergic interneuron|sst chodl GABAergic interneuron|vascular associated smooth muscle cell	10x 3' v3	nucleus	normal	https://datasets.cellxgene.cziscience.com/5db6600e-92ad-42e4-bdad-f0a6e8db277c.h5ad	566411889		https://cellxgene.cziscience.com/e/c2aad8fc-b63b-4f9b-9cfd-baf7bc9c1771.cxg/
63d03351-06be-478e-a0db-f7a653b6b19b	Cell atlas of the human ocular anterior segment: Tissue-specific and shared cell types	10.1073/pnas.2200914119	a4157949-6f2a-40e2-b960-63f6e2bde918	Central Cornea	37485	37485	[True]	cornea	eye		6	basal cell|corneal endothelial cell|corneal epithelial cell|fibroblast|leukocyte|transit amplifying cell	10x 3' v3	nucleus	normal	https://datasets.cellxgene.cziscience.com/f99f5ec9-bb14-433e-b9fa-4f561b3de1aa.h5ad	484945057		https://cellxgene.cziscience.com/e/a4157949-6f2a-40e2-b960-63f6e2bde918.cxg/
283d65eb-dd53-496d-adb7-7570c7caa443	Human Brain Cell Atlas v1.0	10.1126/science.add7046	d02287f3-408b-438d-9131-999e460cbd0e	Dissection: Paleocortex (PalCx) - Piriform cortex - Pir	36941	36941	[True]	piriform cortex			27	Lamp5 Lhx6 neuron|T cell|amygdala excitatory neuron|astrocyte|caudal ganglionic eminence derived interneuron|central nervous system macrophage|cerebral cortex neuron|committed oligodendrocyte precursor|eccentric medium spiny neuron|endothelial cell|fibroblast|hippocampal CA1-3 neuron|intratelencephalic-projecting glutamatergic cortical neuron|medial ganglionic eminence derived interneuron|medium spiny neuron|microglial cell|monocyte|natural killer cell|near-projecting glutamatergic cortical neuron|neuron|oligodendrocyte|oligodendrocyte precursor cell|pericyte|pvalb chandelier GABAergic interneuron|sst chodl GABAergic interneuron|thalamic excitatory neuron|vascular associated smooth muscle cell	10x 3' v3	nucleus	normal	https://datasets.cellxgene.cziscience.com/4e44870b-0efe-4cbe-97e6-ded0c5aa0417.h5ad	487081844		https://cellxgene.cziscience.com/e/d02287f3-408b-438d-9131-999e460cbd0e.cxg/
283d65eb-dd53-496d-adb7-7570c7caa443	Human Brain Cell Atlas v1.0	10.1126/science.add7046	d2b5efc1-14c6-4b5f-bd98-40f9084872d7	Dissection: Tail of Hippocampus (HiT) - Caudal Hippocampus - CA1-CA3	36886	36886	[True]	hippocampal field			25	Lamp5 Lhx6 neuron|T cell|astrocyte|caudal ganglionic eminence derived interneuron|central nervous system macrophage|cerebellar granule cell|cerebral cortex neuron|committed oligodendrocyte precursor|dentate gyrus granule cell|endothelial cell|ependymal cell|fibroblast|hippocampal CA1-3 neuron|hippocampal CA4 neuron|intratelencephalic-projecting glutamatergic cortical neuron|medial ganglionic eminence derived interneuron|microglial cell|monocyte|neuron|oligodendrocyte|oligodendrocyte precursor cell|pericyte|pvalb chandelier GABAergic interneuron|sst chodl GABAergic interneuron|vascular associated smooth muscle cell	10x 3' v3	nucleus	normal	https://datasets.cellxgene.cziscience.com/3d9a9fc1-25e6-42a1-b8c0-1657e9956552.h5ad	535489663		https://cellxgene.cziscience.com/e/d2b5efc1-14c6-4b5f-bd98-40f9084872d7.cxg/
283d65eb-dd53-496d-adb7-7570c7caa443	Human Brain Cell Atlas v1.0	10.1126/science.add7046	e5b1115b-a486-49bb-bda3-8261822836e0	Dissection: Cerebral cortex (Cx) - Caudal cingulate gyrus (CgGC) - A23	35359	35359	[True]	Brodmann (1909) area 23			22	Lamp5 Lhx6 neuron|T cell|astrocyte|caudal ganglionic eminence derived interneuron|central nervous system macrophage|cerebral cortex neuron|committed oligodendrocyte precursor|endothelial cell|fibroblast|intratelencephalic-projecting glutamatergic cortical neuron|medial ganglionic eminence derived interneuron|microglial cell|monocyte|natural killer cell|near-projecting glutamatergic cortical neuron|neuron|oligodendrocyte|oligodendrocyte precursor cell|pericyte|pvalb chandelier GABAergic interneuron|sst chodl GABAergic interneuron|vascular associated smooth muscle cell	10x 3' v3	nucleus	normal	https://datasets.cellxgene.cziscience.com/cc2073ff-ccd7-4fb7-a997-2eabaf52e6b8.h5ad	367962092		https://cellxgene.cziscience.com/e/e5b1115b-a486-49bb-bda3-8261822836e0.cxg/
283d65eb-dd53-496d-adb7-7570c7caa443	Human Brain Cell Atlas v1.0	10.1126/science.add7046	4724c395-0c46-46d2-81f7-60fd271fb488	Dissection: Head of hippocampus (HiH) - Uncal DG-CA4	35350	35350	[True]	dentate gyrus of hippocampal formation			25	Lamp5 Lhx6 neuron|T cell|astrocyte|caudal ganglionic eminence derived interneuron|central nervous system macrophage|cerebellar granule cell|cerebral cortex neuron|committed oligodendrocyte precursor|dentate gyrus granule cell|endothelial cell|ependymal cell|fibroblast|hippocampal CA1-3 neuron|hippocampal CA4 neuron|medial ganglionic eminence derived interneuron|microglial cell|monocyte|natural killer cell|neuron|oligodendrocyte|oligodendrocyte precursor cell|pericyte|pvalb chandelier GABAergic interneuron|sst chodl GABAergic interneuron|vascular associated smooth muscle cell	10x 3' v3	nucleus	normal	https://datasets.cellxgene.cziscience.com/b9420be8-94cb-419e-bdc2-c83444d42c4c.h5ad	345509291		https://cellxgene.cziscience.com/e/4724c395-0c46-46d2-81f7-60fd271fb488.cxg/
283d65eb-dd53-496d-adb7-7570c7caa443	Human Brain Cell Atlas v1.0	10.1126/science.add7046	fe1a73ab-a203-45fd-84e9-0f7fd19efcbd	Dissection: Amygdaloid complex (AMY) - basolateral nuclear group (BLN) - basolateral nucleus (basal nucleus) - BL	35285	35285	[True]	basolateral amygdaloid nuclear complex			28	Lamp5 Lhx6 neuron|T cell|amygdala excitatory neuron|astrocyte|caudal ganglionic eminence derived interneuron|central nervous system macrophage|cerebellar granule cell|cerebral cortex neuron|committed oligodendrocyte precursor|eccentric medium spiny neuron|endothelial cell|ependymal cell|fibroblast|hippocampal CA1-3 neuron|intratelencephalic-projecting glutamatergic cortical neuron|medial ganglionic eminence derived interneuron|medium spiny neuron|microglial cell|midbrain-derived inhibitory neuron|monocyte|natural killer cell|neuron|oligodendrocyte|oligodendrocyte precursor cell|pericyte|pvalb chandelier GABAergic interneuron|sst chodl GABAergic interneuron|vascular associated smooth muscle cell	10x 3' v3	nucleus	normal	https://datasets.cellxgene.cziscience.com/36c0b289-8c37-4016-baba-687a7105530c.h5ad	401332920		https://cellxgene.cziscience.com/e/fe1a73ab-a203-45fd-84e9-0f7fd19efcbd.cxg/
283d65eb-dd53-496d-adb7-7570c7caa443	Human Brain Cell Atlas v1.0	10.1126/science.add7046	421e5f54-5de7-425f-b399-34ead0651ce1	Dissection: Cerebral cortex (Cx) - Frontal agranular insular cortex - FI	34949	34949	[True]	agranular insular cortex			25	B cell|Lamp5 Lhx6 neuron|amygdala excitatory neuron|astrocyte|caudal ganglionic eminence derived interneuron|central nervous system macrophage|cerebral cortex neuron|committed oligodendrocyte precursor|eccentric medium spiny neuron|endothelial cell|fibroblast|intratelencephalic-projecting glutamatergic cortical neuron|medial ganglionic eminence derived interneuron|medium spiny neuron|microglial cell|monocyte|natural killer cell|near-projecting glutamatergic cortical neuron|neuron|oligodendrocyte|oligodendrocyte precursor cell|pericyte|pvalb chandelier GABAergic interneuron|sst chodl GABAergic interneuron|vascular associated smooth muscle cell	10x 3' v3	nucleus	normal	https://datasets.cellxgene.cziscience.com/49c04b63-425f-48f0-89b7-5961781e0704.h5ad	539876998		https://cellxgene.cziscience.com/e/421e5f54-5de7-425f-b399-34ead0651ce1.cxg/
05e3d0fc-c9dd-4f14-9163-2b242b3bb5c2	Single cell atlas of the human optic nerve	None	374edd6c-e163-461d-a036-d0dbbca7e8db	snRNA-seq of human optic nerve and optic nerve head - endothelial cells	34934	0	[False]	cranial nerve II;optic disc	eye		4	blood vessel endothelial cell|capillary endothelial cell|endothelial cell of venule|fenestrated endothelial cell	10x 3' v3	nucleus	normal	https://datasets.cellxgene.cziscience.com/3fb07a35-931f-46ff-aeb4-187123c1ef40.h5ad	298430158		https://cellxgene.cziscience.com/e/374edd6c-e163-461d-a036-d0dbbca7e8db.cxg/
283d65eb-dd53-496d-adb7-7570c7caa443	Human Brain Cell Atlas v1.0	10.1126/science.add7046	1b767f95-d0a0-4a3d-b394-cc665d86c3dc	Dissection: Extended amygdala (EXA) - Bed nucleus of stria terminalis and nearby - BNST	34933	34933	[True]	bed nucleus of stria terminalis			32	Lamp5 Lhx6 neuron|T cell|amygdala excitatory neuron|astrocyte|caudal ganglionic eminence derived interneuron|central nervous system macrophage|cerebellar granule cell|cerebellar inhibitory GABAergic interneuron|cerebral cortex neuron|committed oligodendrocyte precursor|eccentric medium spiny neuron|endothelial cell|ependymal cell|fibroblast|hippocampal CA1-3 neuron|hippocampal CA4 neuron|intratelencephalic-projecting glutamatergic cortical neuron|medial ganglionic eminence derived interneuron|medium spiny neuron|microglial cell|midbrain-derived inhibitory neuron|monocyte|natural killer cell|near-projecting glutamatergic cortical neuron|neuron|oligodendrocyte|oligodendrocyte precursor cell|pericyte|pvalb chandelier GABAergic interneuron|sst chodl GABAergic interneuron|thalamic excitatory neuron|vascular associated smooth muscle cell	10x 3' v3	nucleus	normal	https://datasets.cellxgene.cziscience.com/76b2a022-ee9e-486a-a1e8-9c694fc68d85.h5ad	403663172		https://cellxgene.cziscience.com/e/1b767f95-d0a0-4a3d-b394-cc665d86c3dc.cxg/
283d65eb-dd53-496d-adb7-7570c7caa443	Human Brain Cell Atlas v1.0	10.1126/science.add7046	d582f63a-3c88-4e38-8cd3-8682dbe40f64	Dissection: Cerebral cortex (Cx) - Posterior intermediate orbital gyrus (POrG) - Caudal division of OFCi - A13	34919	34919	[True]	Brodmann (1909) area 13			24	Lamp5 Lhx6 neuron|T cell|astrocyte|caudal ganglionic eminence derived interneuron|central nervous system macrophage|cerebral cortex neuron|committed oligodendrocyte precursor|eccentric medium spiny neuron|endothelial cell|fibroblast|intratelencephalic-projecting glutamatergic cortical neuron|medial ganglionic eminence derived interneuron|medium spiny neuron|microglial cell|monocyte|natural killer cell|near-projecting glutamatergic cortical neuron|neuron|oligodendrocyte|oligodendrocyte precursor cell|pericyte|pvalb chandelier GABAergic interneuron|sst chodl GABAergic interneuron|vascular associated smooth muscle cell	10x 3' v3	nucleus	normal	https://datasets.cellxgene.cziscience.com/c6c25a88-820a-42e7-b8c1-1fcd8af52925.h5ad	432258298		https://cellxgene.cziscience.com/e/d582f63a-3c88-4e38-8cd3-8682dbe40f64.cxg/
283d65eb-dd53-496d-adb7-7570c7caa443	Human Brain Cell Atlas v1.0	10.1126/science.add7046	f5a04dff-d394-4023-8811-65494e8bb11d	Dissection: Basal nuclei (BN) - Putamen - Pu	34416	34416	[True]	putamen			25	B cell|Lamp5 Lhx6 neuron|T cell|amygdala excitatory neuron|astrocyte|caudal ganglionic eminence derived interneuron|central nervous system macrophage|cerebral cortex neuron|committed oligodendrocyte precursor|eccentric medium spiny neuron|endothelial cell|fibroblast|intratelencephalic-projecting glutamatergic cortical neuron|medial ganglionic eminence derived interneuron|medium spiny neuron|microglial cell|monocyte|natural killer cell|neuron|oligodendrocyte|oligodendrocyte precursor cell|pericyte|pvalb chandelier GABAergic interneuron|sst chodl GABAergic interneuron|vascular associated smooth muscle cell	10x 3' v3	nucleus	normal	https://datasets.cellxgene.cziscience.com/99a7f50b-40a2-4ac6-8d74-3b1cefe5dcfe.h5ad	463842908		https://cellxgene.cziscience.com/e/f5a04dff-d394-4023-8811-65494e8bb11d.cxg/
63d03351-06be-478e-a0db-f7a653b6b19b	Cell atlas of the human ocular anterior segment: Tissue-specific and shared cell types	10.1073/pnas.2200914119	1196334f-a441-474a-95ee-400780941690	Ciliary Body	34132	34132	[True]	ciliary body			10	Schwann cell|blood vessel endothelial cell|ciliary muscle cell|fibroblast|lymphocyte|macrophage|melanocyte|non-pigmented ciliary epithelial cell|pericyte|pigmented ciliary epithelial cell	10x 3' v3	nucleus	normal	https://datasets.cellxgene.cziscience.com/c7ebffae-647e-412d-b4b0-e244a3bb4a4d.h5ad	403716509		https://cellxgene.cziscience.com/e/1196334f-a441-474a-95ee-400780941690.cxg/
283d65eb-dd53-496d-adb7-7570c7caa443	Human Brain Cell Atlas v1.0	10.1126/science.add7046	a84face4-eb30-4f43-994f-c6a13a097808	Dissection: Cerebral cortex (Cx) - Cingulate gyrus, retrosplenial (CgGrs) - A29-A30	34078	34078	[True]	retrosplenial region			23	Lamp5 Lhx6 neuron|T cell|astrocyte|caudal ganglionic eminence derived interneuron|central nervous system macrophage|cerebellar granule cell|cerebral cortex neuron|committed oligodendrocyte precursor|endothelial cell|fibroblast|hippocampal CA1-3 neuron|hippocampal CA4 neuron|intratelencephalic-projecting glutamatergic cortical neuron|medial ganglionic eminence derived interneuron|microglial cell|monocyte|near-projecting glutamatergic cortical neuron|neuron|oligodendrocyte|oligodendrocyte precursor cell|pericyte|pvalb chandelier GABAergic interneuron|sst chodl GABAergic interneuron	10x 3' v3	nucleus	normal	https://datasets.cellxgene.cziscience.com/680d1013-c769-4eec-a057-79ebfc841dec.h5ad	280879520		https://cellxgene.cziscience.com/e/a84face4-eb30-4f43-994f-c6a13a097808.cxg/
283d65eb-dd53-496d-adb7-7570c7caa443	Human Brain Cell Atlas v1.0	10.1126/science.add7046	ca20e2ac-5676-4158-b5d0-0c2b15898b19	Dissection: Basal nuclei (BN) - Globus pallidus (GP) - Internal segment of globus pallidus - GPi	33968	33968	[True]	globus pallidus			24	B cell|T cell|astrocyte|caudal ganglionic eminence derived interneuron|central nervous system macrophage|cerebellar granule cell|committed oligodendrocyte precursor|eccentric medium spiny neuron|endothelial cell|fibroblast|intratelencephalic-projecting glutamatergic cortical neuron|medial ganglionic eminence derived interneuron|medium spiny neuron|microglial cell|midbrain-derived inhibitory neuron|monocyte|natural killer cell|neuron|oligodendrocyte|oligodendrocyte precursor cell|pericyte|sst chodl GABAergic interneuron|thalamic excitatory neuron|vascular associated smooth muscle cell	10x 3' v3	nucleus	normal	https://datasets.cellxgene.cziscience.com/8a6a0c07-e560-47e3-9a4f-99a283bde3de.h5ad	137077900		https://cellxgene.cziscience.com/e/ca20e2ac-5676-4158-b5d0-0c2b15898b19.cxg/
283d65eb-dd53-496d-adb7-7570c7caa443	Human Brain Cell Atlas v1.0	10.1126/science.add7046	9372df2d-13d6-4fac-980b-919a5b7eb483	Dissection: Midbrain (M) - Periaqueductal gray and nearby nuclei - PAG	33794	33794	[True]	gray matter of midbrain			24	B cell|Lamp5 Lhx6 neuron|T cell|astrocyte|caudal ganglionic eminence derived interneuron|central nervous system macrophage|cerebellar granule cell|cerebellar inhibitory GABAergic interneuron|committed oligodendrocyte precursor|endothelial cell|ependymal cell|fibroblast|intratelencephalic-projecting glutamatergic cortical neuron|microglial cell|midbrain-derived inhibitory neuron|monocyte|natural killer cell|neuron|oligodendrocyte|oligodendrocyte precursor cell|pericyte|thalamic excitatory neuron|unipolar brush cell|vascular associated smooth muscle cell	10x 3' v3	nucleus	normal	https://datasets.cellxgene.cziscience.com/0405d1d6-dd88-49d6-9aac-fdb6699612cd.h5ad	313628612		https://cellxgene.cziscience.com/e/9372df2d-13d6-4fac-980b-919a5b7eb483.cxg/
283d65eb-dd53-496d-adb7-7570c7caa443	Human Brain Cell Atlas v1.0	10.1126/science.add7046	64f4ad90-a422-400a-944d-4ce0f39594a7	Dissection: Pons (Pn) - Pontine Nucleus - PN	33641	33641	[True]	pontine nuclear group			24	B cell|Lamp5 Lhx6 neuron|Purkinje cell|T cell|astrocyte|caudal ganglionic eminence derived interneuron|central nervous system macrophage|cerebellar granule cell|cerebellar inhibitory GABAergic interneuron|committed oligodendrocyte precursor|endothelial cell|fibroblast|intratelencephalic-projecting glutamatergic cortical neuron|medial ganglionic eminence derived interneuron|microglial cell|midbrain-derived inhibitory neuron|monocyte|natural killer cell|neuron|oligodendrocyte|oligodendrocyte precursor cell|pericyte|unipolar brush cell|vascular associated smooth muscle cell	10x 3' v3	nucleus	normal	https://datasets.cellxgene.cziscience.com/1f11ce55-0cec-4846-ab9b-26587440ab06.h5ad	368157163		https://cellxgene.cziscience.com/e/64f4ad90-a422-400a-944d-4ce0f39594a7.cxg/
283d65eb-dd53-496d-adb7-7570c7caa443	Human Brain Cell Atlas v1.0	10.1126/science.add7046	20980d73-7c53-4039-b852-b76a01566d5a	Dissection: Cerebral cortex (Cx) - Lingual gyrus (LiG) - Primary Visual Cortex - V1C	33484	0	[False]	primary visual cortex			22	Lamp5 Lhx6 neuron|T cell|astrocyte|caudal ganglionic eminence derived interneuron|central nervous system macrophage|cerebral cortex neuron|committed oligodendrocyte precursor|endothelial cell|fibroblast|intratelencephalic-projecting glutamatergic cortical neuron|medial ganglionic eminence derived interneuron|microglial cell|monocyte|natural killer cell|near-projecting glutamatergic cortical neuron|neuron|oligodendrocyte|oligodendrocyte precursor cell|pericyte|pvalb chandelier GABAergic interneuron|sst chodl GABAergic interneuron|vascular associated smooth muscle cell	10x 3' v3	nucleus	normal	https://datasets.cellxgene.cziscience.com/2e89e3ba-700c-45dd-bf80-93114a161555.h5ad	374240856		https://cellxgene.cziscience.com/e/20980d73-7c53-4039-b852-b76a01566d5a.cxg/
e5f58829-1a66-40b5-a624-9046778e74f5	Tabula Sapiens	10.1126/science.abl4896	9ba03780-4b13-44bc-a7d3-ce532ea0a856	Tabula Sapiens - Stomach	33064	0	[False]	mucosa of stomach;muscularis mucosae of stomach;stomach;stomach smooth muscle			20	B cell|CD4-positive, alpha-beta T cell|CD8-positive, alpha-beta T cell|T cell|endothelial cell of lymphatic vessel|enteroendocrine cell|epithelial cell|fibroblast|interstitial cell of Cajal|macrophage|mast cell|mature NK T cell|monocyte|mononuclear phagocyte|natural killer cell|neutrophil|plasma cell|regulatory T cell|smooth muscle cell|tissue-resident macrophage	10x 3' v3;Smart-seq2	cell	normal	https://datasets.cellxgene.cziscience.com/3e8bd2b2-fe53-4b95-abb2-ce971b4f1c14.h5ad	1074979948		https://cellxgene.cziscience.com/e/9ba03780-4b13-44bc-a7d3-ce532ea0a856.cxg/
283d65eb-dd53-496d-adb7-7570c7caa443	Human Brain Cell Atlas v1.0	10.1126/science.add7046	489eaa11-c119-4a5f-b44b-81e33c80c0ef	Dissection: Cerebral cortex (Cx) - Transverse temporal gyrus (TTG) - Primary auditory cortex - A1C	32790	0	[False]	primary auditory cortex			27	B cell|Lamp5 Lhx6 neuron|T cell|amygdala excitatory neuron|astrocyte|caudal ganglionic eminence derived interneuron|central nervous system macrophage|cerebral cortex neuron|committed oligodendrocyte precursor|dentate gyrus granule cell|eccentric medium spiny neuron|endothelial cell|fibroblast|intratelencephalic-projecting glutamatergic cortical neuron|medial ganglionic eminence derived interneuron|medium spiny neuron|microglial cell|monocyte|natural killer cell|near-projecting glutamatergic cortical neuron|neuron|oligodendrocyte|oligodendrocyte precursor cell|pericyte|pvalb chandelier GABAergic interneuron|sst chodl GABAergic interneuron|vascular associated smooth muscle cell	10x 3' v3	nucleus	normal	https://datasets.cellxgene.cziscience.com/b7b97af5-0f67-4351-8e31-6ce413210c05.h5ad	427497363		https://cellxgene.cziscience.com/e/489eaa11-c119-4a5f-b44b-81e33c80c0ef.cxg/
283d65eb-dd53-496d-adb7-7570c7caa443	Human Brain Cell Atlas v1.0	10.1126/science.add7046	46ff9dc2-3d87-4b36-91aa-ffa8aa13c52e	Dissection: Cerebral cortex (Cx) - Anterior parahippocampal gyrus (AG) - Lateral entorhinal cortex - LEC	32745	32745	[True]	lateral entorhinal cortex			26	B cell|Lamp5 Lhx6 neuron|T cell|amygdala excitatory neuron|astrocyte|caudal ganglionic eminence derived interneuron|central nervous system macrophage|cerebellar granule cell|cerebral cortex neuron|committed oligodendrocyte precursor|eccentric medium spiny neuron|endothelial cell|fibroblast|intratelencephalic-projecting glutamatergic cortical neuron|medial ganglionic eminence derived interneuron|microglial cell|monocyte|natural killer cell|near-projecting glutamatergic cortical neuron|neuron|oligodendrocyte|oligodendrocyte precursor cell|pericyte|pvalb chandelier GABAergic interneuron|sst chodl GABAergic interneuron|vascular associated smooth muscle cell	10x 3' v3	nucleus	normal	https://datasets.cellxgene.cziscience.com/b0b0656c-5290-4e40-9886-51d828c5b74c.h5ad	497873202		https://cellxgene.cziscience.com/e/46ff9dc2-3d87-4b36-91aa-ffa8aa13c52e.cxg/
283d65eb-dd53-496d-adb7-7570c7caa443	Human Brain Cell Atlas v1.0	10.1126/science.add7046	529bb209-9d7b-44da-bfa4-f6e4745c46c2	Dissection: Basal nuclei (BN) - Body of the Caudate - CaB	32678	32678	[True]	body of caudate nucleus			22	Lamp5 Lhx6 neuron|astrocyte|caudal ganglionic eminence derived interneuron|central nervous system macrophage|cerebellar granule cell|committed oligodendrocyte precursor|eccentric medium spiny neuron|endothelial cell|ependymal cell|fibroblast|intratelencephalic-projecting glutamatergic cortical neuron|medial ganglionic eminence derived interneuron|medium spiny neuron|microglial cell|monocyte|neuron|oligodendrocyte|oligodendrocyte precursor cell|pericyte|pvalb chandelier GABAergic interneuron|sst chodl GABAergic interneuron|vascular associated smooth muscle cell	10x 3' v3	nucleus	normal	https://datasets.cellxgene.cziscience.com/defe49cc-ccee-42ca-9251-a6ec33f11b65.h5ad	480230091		https://cellxgene.cziscience.com/e/529bb209-9d7b-44da-bfa4-f6e4745c46c2.cxg/
283d65eb-dd53-496d-adb7-7570c7caa443	Human Brain Cell Atlas v1.0	10.1126/science.add7046	ed33c203-233a-476a-a56b-28da945fdd32	Dissection: Cerebral cortex (Cx) - Cuneus, caudal part - Peristriate Cortex - V2	32638	32638	[True]	extrastriate cortex			23	Lamp5 Lhx6 neuron|T cell|astrocyte|caudal ganglionic eminence derived interneuron|central nervous system macrophage|cerebellar inhibitory GABAergic interneuron|cerebral cortex neuron|committed oligodendrocyte precursor|endothelial cell|fibroblast|intratelencephalic-projecting glutamatergic cortical neuron|medial ganglionic eminence derived interneuron|microglial cell|monocyte|natural killer cell|near-projecting glutamatergic cortical neuron|neuron|oligodendrocyte|oligodendrocyte precursor cell|pericyte|pvalb chandelier GABAergic interneuron|sst chodl GABAergic interneuron|vascular associated smooth muscle cell	10x 3' v3	nucleus	normal	https://datasets.cellxgene.cziscience.com/4f83cc71-e0ea-4101-a8e3-6d9633f2519b.h5ad	388262996		https://cellxgene.cziscience.com/e/ed33c203-233a-476a-a56b-28da945fdd32.cxg/
283d65eb-dd53-496d-adb7-7570c7caa443	Human Brain Cell Atlas v1.0	10.1126/science.add7046	3f31f8ce-bbf6-4df8-8203-aa240ed03026	Dissection: Cerebral cortex (Cx) - Cingulate gyrus, rostral (CgGr) - Ventral division of MFC - A24	32157	32157	[True]	Brodmann (1909) area 24			25	Lamp5 Lhx6 neuron|T cell|amygdala excitatory neuron|astrocyte|caudal ganglionic eminence derived interneuron|central nervous system macrophage|cerebral cortex neuron|committed oligodendrocyte precursor|eccentric medium spiny neuron|endothelial cell|fibroblast|intratelencephalic-projecting glutamatergic cortical neuron|medial ganglionic eminence derived interneuron|medium spiny neuron|microglial cell|monocyte|natural killer cell|near-projecting glutamatergic cortical neuron|neuron|oligodendrocyte|oligodendrocyte precursor cell|pericyte|pvalb chandelier GABAergic interneuron|sst chodl GABAergic interneuron|vascular associated smooth muscle cell	10x 3' v3	nucleus	normal	https://datasets.cellxgene.cziscience.com/efd31ba9-d47a-4c08-8965-43d989063d83.h5ad	470651635		https://cellxgene.cziscience.com/e/3f31f8ce-bbf6-4df8-8203-aa240ed03026.cxg/
283d65eb-dd53-496d-adb7-7570c7caa443	Human Brain Cell Atlas v1.0	10.1126/science.add7046	f8dda921-5fb4-4c94-a654-c6fc346bfd6d	Dissection: Cerebral cortex (Cx) - Occipitotemporal (fusiform) gyrus, temporal part (FuGt) - Temporal area TF	31899	31899	[True]	temporal fusiform gyrus			24	B cell|Lamp5 Lhx6 neuron|T cell|astrocyte|caudal ganglionic eminence derived interneuron|central nervous system macrophage|cerebellar granule cell|cerebral cortex neuron|committed oligodendrocyte precursor|endothelial cell|fibroblast|intratelencephalic-projecting glutamatergic cortical neuron|medial ganglionic eminence derived interneuron|microglial cell|monocyte|natural killer cell|near-projecting glutamatergic cortical neuron|neuron|oligodendrocyte|oligodendrocyte precursor cell|pericyte|pvalb chandelier GABAergic interneuron|sst chodl GABAergic interneuron|vascular associated smooth muscle cell	10x 3' v3	nucleus	normal	https://datasets.cellxgene.cziscience.com/16f5886b-f2d0-4a4e-938d-01c4e717786d.h5ad	374160127		https://cellxgene.cziscience.com/e/f8dda921-5fb4-4c94-a654-c6fc346bfd6d.cxg/
283d65eb-dd53-496d-adb7-7570c7caa443	Human Brain Cell Atlas v1.0	10.1126/science.add7046	f502c312-05dc-4fd4-a762-92a63e92b539	Dissection: Paleocortex (PalCx) - Anterior Olfactory Nucleus - AON	31230	31230	[True]	anterior olfactory nucleus			25	Lamp5 Lhx6 neuron|T cell|amygdala excitatory neuron|astrocyte|caudal ganglionic eminence derived interneuron|central nervous system macrophage|cerebral cortex neuron|committed oligodendrocyte precursor|eccentric medium spiny neuron|endothelial cell|fibroblast|hippocampal CA1-3 neuron|intratelencephalic-projecting glutamatergic cortical neuron|medial ganglionic eminence derived interneuron|medium spiny neuron|microglial cell|midbrain-derived inhibitory neuron|near-projecting glutamatergic cortical neuron|neuron|oligodendrocyte|oligodendrocyte precursor cell|pericyte|pvalb chandelier GABAergic interneuron|sst chodl GABAergic interneuron|vascular associated smooth muscle cell	10x 3' v3	nucleus	normal	https://datasets.cellxgene.cziscience.com/d7f9e68a-e253-4ceb-ae6b-7870fdef7f07.h5ad	408341399		https://cellxgene.cziscience.com/e/f502c312-05dc-4fd4-a762-92a63e92b539.cxg/
283d65eb-dd53-496d-adb7-7570c7caa443	Human Brain Cell Atlas v1.0	10.1126/science.add7046	4593c820-512d-4805-a10f-c0b864a7cc8c	Dissection: Amygdaloid complex (AMY) - basolateral nuclear group (BLN) - basomedial nucleus (accessory basal nucleus) - BM	31090	31090	[True]	accessory basal amygdaloid nucleus			29	Lamp5 Lhx6 neuron|T cell|amygdala excitatory neuron|astrocyte|caudal ganglionic eminence derived interneuron|central nervous system macrophage|cerebral cortex neuron|committed oligodendrocyte precursor|eccentric medium spiny neuron|endothelial cell|ependymal cell|fibroblast|hippocampal CA1-3 neuron|intratelencephalic-projecting glutamatergic cortical neuron|medial ganglionic eminence derived interneuron|medium spiny neuron|microglial cell|midbrain-derived inhibitory neuron|monocyte|natural killer cell|near-projecting glutamatergic cortical neuron|neuron|oligodendrocyte|oligodendrocyte precursor cell|pericyte|pvalb chandelier GABAergic interneuron|sst chodl GABAergic interneuron|thalamic excitatory neuron|vascular associated smooth muscle cell	10x 3' v3	nucleus	normal	https://datasets.cellxgene.cziscience.com/fd26cf64-75d6-4cba-846d-594cbafd13fb.h5ad	430742155		https://cellxgene.cziscience.com/e/4593c820-512d-4805-a10f-c0b864a7cc8c.cxg/
283d65eb-dd53-496d-adb7-7570c7caa443	Human Brain Cell Atlas v1.0	10.1126/science.add7046	db1d2c1b-2ee1-45d5-9d53-69a327cd77e6	Dissection: Cerebral cortex (Cx) - Middle frontal gyrus (MFG) - A46	31065	31065	[True]	Brodmann (1909) area 46			23	Lamp5 Lhx6 neuron|T cell|astrocyte|caudal ganglionic eminence derived interneuron|central nervous system macrophage|cerebral cortex neuron|committed oligodendrocyte precursor|eccentric medium spiny neuron|endothelial cell|fibroblast|hippocampal CA1-3 neuron|intratelencephalic-projecting glutamatergic cortical neuron|medial ganglionic eminence derived interneuron|microglial cell|natural killer cell|near-projecting glutamatergic cortical neuron|neuron|oligodendrocyte|oligodendrocyte precursor cell|pericyte|pvalb chandelier GABAergic interneuron|sst chodl GABAergic interneuron|vascular associated smooth muscle cell	10x 3' v3	nucleus	normal	https://datasets.cellxgene.cziscience.com/17e6555e-4a78-4196-81a3-d2698c37109c.h5ad	372879057		https://cellxgene.cziscience.com/e/db1d2c1b-2ee1-45d5-9d53-69a327cd77e6.cxg/
e5f58829-1a66-40b5-a624-9046778e74f5	Tabula Sapiens	10.1126/science.abl4896	2ba40233-8576-4dec-a5f1-2adfa115e2dc	Tabula Sapiens - Mammary	30936	0	[False]	mammary gland			17	B cell|CD4-positive, alpha-beta T cell|CD8-positive, alpha-beta T cell|T cell|basal cell|basophil|endothelial cell|fibroblast of breast|luminal epithelial cell of mammary gland|macrophage|mast cell|mature NK T cell|natural killer cell|plasma cell|progenitor cell of mammary luminal epithelium|regulatory T cell|vascular associated smooth muscle cell	10x 3' v3;Smart-seq2	cell	normal	https://datasets.cellxgene.cziscience.com/33b25f68-a9d6-4643-9283-653e937ae608.h5ad	1334205970		https://cellxgene.cziscience.com/e/2ba40233-8576-4dec-a5f1-2adfa115e2dc.cxg/
283d65eb-dd53-496d-adb7-7570c7caa443	Human Brain Cell Atlas v1.0	10.1126/science.add7046	40318d39-3d8f-49f4-8455-a2e1365c5c5b	Dissection: Basal nuclei (BN) - Nucleus Accumbens - NAC	30132	30132	[True]	nucleus accumbens			26	Lamp5 Lhx6 neuron|T cell|amygdala excitatory neuron|astrocyte|caudal ganglionic eminence derived interneuron|central nervous system macrophage|cerebral cortex neuron|committed oligodendrocyte precursor|eccentric medium spiny neuron|endothelial cell|ependymal cell|fibroblast|intratelencephalic-projecting glutamatergic cortical neuron|medial ganglionic eminence derived interneuron|medium spiny neuron|microglial cell|monocyte|natural killer cell|near-projecting glutamatergic cortical neuron|neuron|oligodendrocyte|oligodendrocyte precursor cell|pericyte|pvalb chandelier GABAergic interneuron|sst chodl GABAergic interneuron|vascular associated smooth muscle cell	10x 3' v3	nucleus	normal	https://datasets.cellxgene.cziscience.com/68668a7b-bf41-42ce-8756-41979eb8377b.h5ad	432888388		https://cellxgene.cziscience.com/e/40318d39-3d8f-49f4-8455-a2e1365c5c5b.cxg/
e5f58829-1a66-40b5-a624-9046778e74f5	Tabula Sapiens	10.1126/science.abl4896	7357cee7-9f7f-4ab0-8cec-90de8f047e38	Tabula Sapiens - Large_Intestine	30084	0	[False]	ascending colon;large intestine;sigmoid colon			29	B cell|BEST4+ enterocyte|CD4-positive, alpha-beta T cell|CD8-positive, alpha-beta T cell|colon endothelial cell|colon macrophage|enterochromaffin-like cell|enterocyte of epithelium of large intestine|enteroglial cell|fibroblast|gamma-delta T cell|innate lymphoid cell|intestinal crypt stem cell of colon|large intestine goblet cell|mast cell|mature NK T cell|monocyte|myeloid dendritic cell|myeloid leukocyte|myofibroblast cell|naive thymus-derived CD4-positive, alpha-beta T cell|natural killer cell|neutrophil|paneth cell of colon|plasma cell|regulatory T cell|transit amplifying cell of colon|tuft cell of colon|type L enteroendocrine cell	10x 3' v3;Smart-seq2	cell	normal	https://datasets.cellxgene.cziscience.com/81781bd2-7a71-43a8-ab31-2a9009c1aea6.h5ad	1021953432		https://cellxgene.cziscience.com/e/7357cee7-9f7f-4ab0-8cec-90de8f047e38.cxg/
283d65eb-dd53-496d-adb7-7570c7caa443	Human Brain Cell Atlas v1.0	10.1126/science.add7046	fa554686-fc07-44dd-b2de-b726d82d26ec	Dissection: Cerebral cortex (Cx) - Superior occipital gyrus (SOG) - Areas 19 and MT - A19	29674	29674	[True]	Brodmann (1909) area 19			23	Lamp5 Lhx6 neuron|T cell|astrocyte|caudal ganglionic eminence derived interneuron|central nervous system macrophage|cerebellar granule cell|cerebral cortex neuron|committed oligodendrocyte precursor|endothelial cell|fibroblast|intratelencephalic-projecting glutamatergic cortical neuron|medial ganglionic eminence derived interneuron|microglial cell|monocyte|natural killer cell|near-projecting glutamatergic cortical neuron|neuron|oligodendrocyte|oligodendrocyte precursor cell|pericyte|pvalb chandelier GABAergic interneuron|sst chodl GABAergic interneuron|vascular associated smooth muscle cell	10x 3' v3	nucleus	normal	https://datasets.cellxgene.cziscience.com/df9c10d1-a600-4673-b4db-938c1a09c72a.h5ad	363924776		https://cellxgene.cziscience.com/e/fa554686-fc07-44dd-b2de-b726d82d26ec.cxg/
283d65eb-dd53-496d-adb7-7570c7caa443	Human Brain Cell Atlas v1.0	10.1126/science.add7046	1cf24082-59de-4029-ac81-6e398768af3a	Dissection: Cerebral cortex (Cx) - Inferior temporal gyrus - ITG	29522	29522	[True]	inferior temporal gyrus			23	B cell|Lamp5 Lhx6 neuron|T cell|astrocyte|caudal ganglionic eminence derived interneuron|central nervous system macrophage|cerebral cortex neuron|committed oligodendrocyte precursor|endothelial cell|fibroblast|intratelencephalic-projecting glutamatergic cortical neuron|medial ganglionic eminence derived interneuron|microglial cell|monocyte|natural killer cell|near-projecting glutamatergic cortical neuron|neuron|oligodendrocyte|oligodendrocyte precursor cell|pericyte|pvalb chandelier GABAergic interneuron|sst chodl GABAergic interneuron|vascular associated smooth muscle cell	10x 3' v3	nucleus	normal	https://datasets.cellxgene.cziscience.com/82de396a-9b97-43ad-b72b-49e505bab431.h5ad	370969502		https://cellxgene.cziscience.com/e/1cf24082-59de-4029-ac81-6e398768af3a.cxg/
283d65eb-dd53-496d-adb7-7570c7caa443	Human Brain Cell Atlas v1.0	10.1126/science.add7046	7d3ab174-e433-40fc-a352-6fe71b1a19f9	Dissection: Amygdaloid complex (AMY) - Basolateral nuclear group (BLN) - lateral nucleus - La	28984	28984	[True]	lateral amygdaloid nucleus			25	Lamp5 Lhx6 neuron|amygdala excitatory neuron|astrocyte|caudal ganglionic eminence derived interneuron|central nervous system macrophage|cerebral cortex neuron|committed oligodendrocyte precursor|eccentric medium spiny neuron|endothelial cell|ependymal cell|fibroblast|hippocampal CA1-3 neuron|intratelencephalic-projecting glutamatergic cortical neuron|medial ganglionic eminence derived interneuron|medium spiny neuron|microglial cell|midbrain-derived inhibitory neuron|natural killer cell|near-projecting glutamatergic cortical neuron|neuron|oligodendrocyte|oligodendrocyte precursor cell|pericyte|pvalb chandelier GABAergic interneuron|sst chodl GABAergic interneuron	10x 3' v3	nucleus	normal	https://datasets.cellxgene.cziscience.com/d2a063da-2fd3-4be1-97bd-4ecc41631890.h5ad	343284301		https://cellxgene.cziscience.com/e/7d3ab174-e433-40fc-a352-6fe71b1a19f9.cxg/
283d65eb-dd53-496d-adb7-7570c7caa443	Human Brain Cell Atlas v1.0	10.1126/science.add7046	ff7d15fa-f4b6-4a0e-992e-fd0c9d088ded	Dissection: Cerebral cortex (Cx) - Cuneus, rostral part - Area Prostriata - Pro	28051	28051	[True]	cuneus cortex			21	Lamp5 Lhx6 neuron|T cell|astrocyte|caudal ganglionic eminence derived interneuron|central nervous system macrophage|cerebral cortex neuron|committed oligodendrocyte precursor|endothelial cell|fibroblast|intratelencephalic-projecting glutamatergic cortical neuron|medial ganglionic eminence derived interneuron|microglial cell|natural killer cell|near-projecting glutamatergic cortical neuron|neuron|oligodendrocyte|oligodendrocyte precursor cell|pericyte|pvalb chandelier GABAergic interneuron|sst chodl GABAergic interneuron|vascular associated smooth muscle cell	10x 3' v3	nucleus	normal	https://datasets.cellxgene.cziscience.com/feb3418a-6b5c-4aa2-ae7c-e8ef85203fea.h5ad	349428881		https://cellxgene.cziscience.com/e/ff7d15fa-f4b6-4a0e-992e-fd0c9d088ded.cxg/
283d65eb-dd53-496d-adb7-7570c7caa443	Human Brain Cell Atlas v1.0	10.1126/science.add7046	a59ba9fa-1407-4f15-8c56-d3637421570d	Dissection: Cerebellum (CB) - Lateral hemisphere of cerebellum - CBL	28028	28028	[True]	cerebrocerebellum			20	Bergmann glial cell|Purkinje cell|T cell|astrocyte|central nervous system macrophage|cerebellar granule cell|cerebellar inhibitory GABAergic interneuron|committed oligodendrocyte precursor|endothelial cell|fibroblast|intratelencephalic-projecting glutamatergic cortical neuron|microglial cell|monocyte|natural killer cell|neuron|oligodendrocyte|oligodendrocyte precursor cell|pericyte|unipolar brush cell|vascular associated smooth muscle cell	10x 3' v3	nucleus	normal	https://datasets.cellxgene.cziscience.com/8e5b2509-5b4c-4a9e-895e-b3749849ae1a.h5ad	163960775		https://cellxgene.cziscience.com/e/a59ba9fa-1407-4f15-8c56-d3637421570d.cxg/
120e86b4-1195-48c5-845b-b98054105eec	Spatiotemporal immune zonation of the human kidney	10.1126/science.aat5031	d7dcfd8f-2ee7-4385-b9ac-e074c23ed190	Fetal kidney dataset: full	27197	27197	[True]	kidney			24	B cell|CD4-positive, alpha-beta T cell|CD8-positive, alpha-beta T cell|conventional dendritic cell|endothelial cell|epithelial cell of proximal tubule|erythroid lineage cell|fibroblast|kidney cell|kidney epithelial cell|kidney loop of Henle epithelial cell|lymphocyte|macrophage|mast cell|megakaryocyte|mesenchymal cell|mesenchymal stem cell|monocyte|myofibroblast cell|natural killer cell|neuron|neutrophil|plasmacytoid dendritic cell|podocyte	10x 3' v2	cell	normal	https://datasets.cellxgene.cziscience.com/4ae88372-a0dc-4f9e-b93a-18ade11be813.h5ad	338565081		https://cellxgene.cziscience.com/e/d7dcfd8f-2ee7-4385-b9ac-e074c23ed190.cxg/
e5f58829-1a66-40b5-a624-9046778e74f5	Tabula Sapiens	10.1126/science.abl4896	4f1555bc-4664-46c3-a606-78d34dd10d92	Tabula Sapiens - Bone_Marrow	27112	0	[False]	bone marrow			25	B cell|CD4-positive, alpha-beta T cell|CD8-positive, alpha-beta T cell|T cell|basophil|classical monocyte|common myeloid progenitor|endothelial cell|erythrocyte|erythroid progenitor cell|fibroblast|granulocyte|hematopoietic precursor cell|hematopoietic stem cell|intermediate monocyte|macrophage|mature NK T cell|monocyte|myeloid dendritic cell|natural killer cell|neutrophil|non-classical monocyte|plasma cell|plasmacytoid dendritic cell|regulatory T cell	10x 3' v3;10x 5' v2;Smart-seq2	cell	normal	https://datasets.cellxgene.cziscience.com/4aedb645-7487-4ab0-ad95-ee4db1b8eccd.h5ad	1030908100		https://cellxgene.cziscience.com/e/4f1555bc-4664-46c3-a606-78d34dd10d92.cxg/
283d65eb-dd53-496d-adb7-7570c7caa443	Human Brain Cell Atlas v1.0	10.1126/science.add7046	a7b4f565-691d-43ea-bf4a-d2d1d52bb4b4	Dissection: Thalamus (THM) - Lateral nuclear complex of thalamus (LNC) - ventral group of lateral nucleus - VLN	27111	27111	[True]	lateral nuclear group of thalamus			27	Lamp5 Lhx6 neuron|T cell|amygdala excitatory neuron|astrocyte|caudal ganglionic eminence derived interneuron|central nervous system macrophage|cerebellar granule cell|committed oligodendrocyte precursor|eccentric medium spiny neuron|endothelial cell|ependymal cell|fibroblast|intratelencephalic-projecting glutamatergic cortical neuron|medial ganglionic eminence derived interneuron|medium spiny neuron|microglial cell|midbrain-derived inhibitory neuron|monocyte|natural killer cell|neuron|oligodendrocyte|oligodendrocyte precursor cell|pericyte|pvalb chandelier GABAergic interneuron|sst chodl GABAergic interneuron|thalamic excitatory neuron|vascular associated smooth muscle cell	10x 3' v3	nucleus	normal	https://datasets.cellxgene.cziscience.com/8dfafe13-a9c8-4db2-8bbd-3fe6a67e9be4.h5ad	272656050		https://cellxgene.cziscience.com/e/a7b4f565-691d-43ea-bf4a-d2d1d52bb4b4.cxg/
283d65eb-dd53-496d-adb7-7570c7caa443	Human Brain Cell Atlas v1.0	10.1126/science.add7046	381aa407-317a-40ef-8048-7ce0eacc4266	Dissection: Thalamus (THM) - lateral nuclear complex of thalamus (LNC) - lateral posterior nucleus of thalamus - LP	26172	26172	[True]	lateral posterior nucleus of thalamus			27	B cell|Lamp5 Lhx6 neuron|T cell|astrocyte|caudal ganglionic eminence derived interneuron|central nervous system macrophage|cerebellar granule cell|cerebral cortex neuron|committed oligodendrocyte precursor|eccentric medium spiny neuron|endothelial cell|fibroblast|intratelencephalic-projecting glutamatergic cortical neuron|medial ganglionic eminence derived interneuron|medium spiny neuron|microglial cell|midbrain-derived inhibitory neuron|monocyte|natural killer cell|near-projecting glutamatergic cortical neuron|neuron|oligodendrocyte|oligodendrocyte precursor cell|pericyte|pvalb chandelier GABAergic interneuron|thalamic excitatory neuron|vascular associated smooth muscle cell	10x 3' v3	nucleus	normal	https://datasets.cellxgene.cziscience.com/7ab76a40-1943-4d13-a444-2cf009b1e2ff.h5ad	186742940		https://cellxgene.cziscience.com/e/381aa407-317a-40ef-8048-7ce0eacc4266.cxg/
283d65eb-dd53-496d-adb7-7570c7caa443	Human Brain Cell Atlas v1.0	10.1126/science.add7046	7cd3c321-e487-4b51-a8af-9bf671b59fe5	Dissection: Pons (Pn) - other nuclei in pontine tegmentum (XPnTg) - dorsal tegmental nucleus - DTg	26095	26095	[True]	dorsal tegmental nucleus			26	B cell|Bergmann glial cell|Lamp5 Lhx6 neuron|T cell|astrocyte|caudal ganglionic eminence derived interneuron|central nervous system macrophage|cerebellar granule cell|cerebellar inhibitory GABAergic interneuron|committed oligodendrocyte precursor|endothelial cell|ependymal cell|fibroblast|intratelencephalic-projecting glutamatergic cortical neuron|mammillary body neuron|microglial cell|midbrain-derived inhibitory neuron|monocyte|natural killer cell|neuron|oligodendrocyte|oligodendrocyte precursor cell|pericyte|pvalb chandelier GABAergic interneuron|unipolar brush cell|vascular associated smooth muscle cell	10x 3' v3	nucleus	normal	https://datasets.cellxgene.cziscience.com/c4a387c5-8006-4adc-9c47-ac8c05802e13.h5ad	247884254		https://cellxgene.cziscience.com/e/7cd3c321-e487-4b51-a8af-9bf671b59fe5.cxg/
1d1c7275-476a-49e2-9022-ad1b1c793594	Cell Atlas of The Human Fovea and Peripheral Retina	10.1038/s41598-020-66092-9	8623d55f-d91c-41c2-ae68-ed2072fd268d	Bipolar cells of the human fovea and peripheral retina	25908	25908	[True]	fovea centralis;peripheral region of retina	eye		2	OFF-bipolar cell|ON-bipolar cell	10x 3' v2;10x 3' v3	cell	normal	https://datasets.cellxgene.cziscience.com/c65faa08-ddea-48eb-8d3e-ce8ca1349c05.h5ad	136801175		https://cellxgene.cziscience.com/e/8623d55f-d91c-41c2-ae68-ed2072fd268d.cxg/
283d65eb-dd53-496d-adb7-7570c7caa443	Human Brain Cell Atlas v1.0	10.1126/science.add7046	d6a5b240-cc8f-45c1-ad36-2fc291e15e8e	Dissection: Midbrain (M) - Pretectal region - PTR	25875	25875	[True]	pretectal region			27	Lamp5 Lhx6 neuron|T cell|amygdala excitatory neuron|astrocyte|caudal ganglionic eminence derived interneuron|central nervous system macrophage|cerebellar granule cell|cerebellar inhibitory GABAergic interneuron|cerebral cortex neuron|committed oligodendrocyte precursor|endothelial cell|ependymal cell|fibroblast|intratelencephalic-projecting glutamatergic cortical neuron|medial ganglionic eminence derived interneuron|medium spiny neuron|microglial cell|midbrain-derived inhibitory neuron|monocyte|natural killer cell|neuron|oligodendrocyte|oligodendrocyte precursor cell|pericyte|pvalb chandelier GABAergic interneuron|thalamic excitatory neuron|vascular associated smooth muscle cell	10x 3' v3	nucleus	normal	https://datasets.cellxgene.cziscience.com/5ba729bc-98c1-44b0-811b-b6a88c1e5286.h5ad	322481519		https://cellxgene.cziscience.com/e/d6a5b240-cc8f-45c1-ad36-2fc291e15e8e.cxg/
e5f58829-1a66-40b5-a624-9046778e74f5	Tabula Sapiens	10.1126/science.abl4896	e6a11140-2545-46bc-929e-da243eed2cae	Tabula Sapiens - Heart	25832	0	[False]	cardiac atrium;cardiac ventricle;heart;heart right ventricle;right cardiac atrium			22	B cell|CD4-positive, alpha-beta T cell|CD8-positive, alpha-beta T cell|T cell|cardiac endothelial cell|erythrocyte|fibroblast of cardiac tissue|macrophage|mast cell|mature NK T cell|mesothelial cell|monocyte|natural killer cell|neuron|neutrophil|pericyte|plasma cell|plasmacytoid dendritic cell|platelet|regular atrial cardiac myocyte|smooth muscle cell|ventricular cardiac muscle cell	10x 3' v3;Smart-seq2	cell	normal	https://datasets.cellxgene.cziscience.com/82197577-7914-45c0-9fde-6597a1da920f.h5ad	1164824995		https://cellxgene.cziscience.com/e/e6a11140-2545-46bc-929e-da243eed2cae.cxg/
283d65eb-dd53-496d-adb7-7570c7caa443	Human Brain Cell Atlas v1.0	10.1126/science.add7046	59923449-e303-43e6-9e63-03ef92f5ebd1	Supercluster: Miscellaneous	25071	0	[False]	Brodmann (1909) area 13;Brodmann (1909) area 14;Brodmann (1909) area 19;Brodmann (1909) area 23;Brodmann (1909) area 24;Brodmann (1909) area 25;Brodmann (1909) area 32;Brodmann (1909) area 35;Brodmann (1909) area 38;Brodmann (1909) area 40;Brodmann (1909) area 43;Brodmann (1909) area 46;accessory basal amygdaloid nucleus;agranular insular cortex;anterior cortical amygdaloid nucleus;anterior nuclear group;anterior olfactory nucleus;basolateral amygdaloid nuclear complex;bed nucleus of stria terminalis;body of caudate nucleus;central amygdaloid nucleus;centromedian nucleus of thalamus;cerebellar nuclear complex;cerebellar vermis;cerebrocerebellum;claustrum of brain;corticomedial nuclear complex;cuneus cortex;dentate gyrus of hippocampal formation;dorsal tegmental nucleus;epithalamus;extrastriate cortex;globus pallidus;granular insular cortex;gray matter of midbrain;hippocampal field;hypothalamus;inferior frontal gyrus;inferior olivary complex;inferior temporal gyrus;intralaminar nuclear group;lateral amygdaloid nucleus;lateral entorhinal cortex;lateral geniculate body;lateral nuclear group of thalamus;lateral posterior nucleus of thalamus;mammillary body;medial dorsal nucleus of thalamus;medial entorhinal cortex;medial geniculate body;medial zone of hypothalamus;median tuberal portion;midbrain nucleus;midbrain tectum;middle temporal gyrus;nucleus accumbens;nucleus of dorsal thalamus;nucleus of medulla oblongata;parabrachial nucleus;perirhinal cortex;piriform cortex;pontine nuclear group;pontine reticular formation;pontine tegmentum;posterior parahippocampal gyrus;preoptic area;pretectal region;primary auditory cortex;primary motor cortex;primary somatosensory cortex;primary visual cortex;pulvinar nucleus;putamen;red nucleus;retrosplenial region;rostral CA3;septal nuclear complex;spinal cord;subicular complex;substantia innominata;substantia nigra;subthalamic nucleus;superior parietal cortex;superior temporal gyrus;supraoptic nucleus;temporal fusiform gyrus;uncal CA1;ventral anterior nucleus of thalamus	eye		6	B cell|Purkinje cell|T cell|monocyte|natural killer cell|neuron	10x 3' v3	nucleus	normal	https://datasets.cellxgene.cziscience.com/94e7104f-0742-4645-ad71-af05b70d323c.h5ad	323462319		https://cellxgene.cziscience.com/e/59923449-e303-43e6-9e63-03ef92f5ebd1.cxg/
283d65eb-dd53-496d-adb7-7570c7caa443	Human Brain Cell Atlas v1.0	10.1126/science.add7046	4d43082e-59cd-43ac-b77d-54d55519c881	Dissection: Cerebral cortex (Cx) - Rostral gyrus (RoG) - Dorsal division of MFC - A32	24808	24808	[True]	Brodmann (1909) area 32			21	Lamp5 Lhx6 neuron|T cell|astrocyte|caudal ganglionic eminence derived interneuron|central nervous system macrophage|cerebral cortex neuron|committed oligodendrocyte precursor|endothelial cell|fibroblast|intratelencephalic-projecting glutamatergic cortical neuron|medial ganglionic eminence derived interneuron|microglial cell|monocyte|near-projecting glutamatergic cortical neuron|neuron|oligodendrocyte|oligodendrocyte precursor cell|pericyte|pvalb chandelier GABAergic interneuron|sst chodl GABAergic interneuron|vascular associated smooth muscle cell	10x 3' v3	nucleus	normal	https://datasets.cellxgene.cziscience.com/785af261-5aaa-45a8-8b17-b4de9ed6c5a1.h5ad	296141986		https://cellxgene.cziscience.com/e/4d43082e-59cd-43ac-b77d-54d55519c881.cxg/
283d65eb-dd53-496d-adb7-7570c7caa443	Human Brain Cell Atlas v1.0	10.1126/science.add7046	93131426-0124-4ab4-a013-9dfbcd99d467	Dissection: Epithalamus - ETH	24327	24327	[True]	epithalamus			27	B cell|Lamp5 Lhx6 neuron|T cell|astrocyte|caudal ganglionic eminence derived interneuron|central nervous system macrophage|cerebellar granule cell|cerebellar inhibitory GABAergic interneuron|cerebral cortex neuron|committed oligodendrocyte precursor|eccentric medium spiny neuron|endothelial cell|ependymal cell|fibroblast|intratelencephalic-projecting glutamatergic cortical neuron|medial ganglionic eminence derived interneuron|microglial cell|midbrain-derived inhibitory neuron|monocyte|natural killer cell|neuron|oligodendrocyte|oligodendrocyte precursor cell|pericyte|pvalb chandelier GABAergic interneuron|thalamic excitatory neuron|vascular associated smooth muscle cell	10x 3' v3	nucleus	normal	https://datasets.cellxgene.cziscience.com/73b4cbea-3675-4fb2-a79c-edc167cbd493.h5ad	321049861		https://cellxgene.cziscience.com/e/93131426-0124-4ab4-a013-9dfbcd99d467.cxg/
283d65eb-dd53-496d-adb7-7570c7caa443	Human Brain Cell Atlas v1.0	10.1126/science.add7046	f3565fda-499a-4d20-bd92-563c09954c42	Dissection: Pons (Pn) - Pontine reticular formation (PnRF) - parabrachial nuclei - PB	24155	24155	[True]	parabrachial nucleus			26	B cell|Bergmann glial cell|Purkinje cell|T cell|amygdala excitatory neuron|astrocyte|caudal ganglionic eminence derived interneuron|central nervous system macrophage|cerebellar granule cell|cerebellar inhibitory GABAergic interneuron|committed oligodendrocyte precursor|endothelial cell|ependymal cell|fibroblast|intratelencephalic-projecting glutamatergic cortical neuron|medial ganglionic eminence derived interneuron|microglial cell|midbrain-derived inhibitory neuron|monocyte|natural killer cell|neuron|oligodendrocyte|oligodendrocyte precursor cell|pericyte|unipolar brush cell|vascular associated smooth muscle cell	10x 3' v3	nucleus	normal	https://datasets.cellxgene.cziscience.com/66f6377b-30db-43eb-8bde-fcac5f229128.h5ad	235706394		https://cellxgene.cziscience.com/e/f3565fda-499a-4d20-bd92-563c09954c42.cxg/
4796c91c-9d8f-4692-be43-347b1727f9d8	MSK SPECTRUM – Ovarian cancer mutational processes drive site-specific immune evasion	10.1038/s41586-022-05496-1	97d9238c-1a39-4873-b0bb-963ec2d788e6	MSK SPECTRUM - Dendritic cells	24025	0	[False]	abdomen;abdominal wall;adnexa of uterus;ascitic fluid;caecum;diaphragm;fallopian tube;intestine;large intestine;left ovary;liver;lymph node;omentum;paracolic gutter;parietal peritoneum;peritoneum;right ovary;transverse colon;urinary bladder	urothelium		3	dendritic cell|mast cell|monocyte	10x 3' v3	cell	malignant ovarian serous tumor	https://datasets.cellxgene.cziscience.com/7106ee6e-02fd-476f-b56d-a6eb5494f6da.h5ad	191419122		https://cellxgene.cziscience.com/e/97d9238c-1a39-4873-b0bb-963ec2d788e6.cxg/
283d65eb-dd53-496d-adb7-7570c7caa443	Human Brain Cell Atlas v1.0	10.1126/science.add7046	dd03ce70-3243-4c96-9561-330cc461e4d7	Dissection: Cerebral cortex (Cx) - Perirhinal gyrus (PRG) - A35-A36	23732	23732	[True]	perirhinal cortex			23	Lamp5 Lhx6 neuron|T cell|amygdala excitatory neuron|astrocyte|caudal ganglionic eminence derived interneuron|central nervous system macrophage|cerebral cortex neuron|committed oligodendrocyte precursor|eccentric medium spiny neuron|endothelial cell|fibroblast|intratelencephalic-projecting glutamatergic cortical neuron|medial ganglionic eminence derived interneuron|medium spiny neuron|microglial cell|near-projecting glutamatergic cortical neuron|neuron|oligodendrocyte|oligodendrocyte precursor cell|pericyte|pvalb chandelier GABAergic interneuron|sst chodl GABAergic interneuron|vascular associated smooth muscle cell	10x 3' v3	nucleus	normal	https://datasets.cellxgene.cziscience.com/ce560f50-f0e2-4d6b-a4ea-4aba01d0657b.h5ad	348897345		https://cellxgene.cziscience.com/e/dd03ce70-3243-4c96-9561-330cc461e4d7.cxg/
e5f58829-1a66-40b5-a624-9046778e74f5	Tabula Sapiens	10.1126/science.abl4896	d8732da6-8d1d-42d9-b625-f2416c30054b	Tabula Sapiens - Trachea	22671	0	[False]	trachea			28	B cell|CD4-positive, alpha-beta T cell|CD8-positive, alpha-beta T cell|T cell|basal cell|connective tissue cell|endothelial cell|fibroblast|granulocyte|innate lymphoid cell|intermediate monocyte|ionocyte|macrophage|mast cell|mature NK T cell|monocyte|mucus secreting cell|multiciliated columnar cell of tracheobronchial tree|myeloid dendritic cell|natural killer cell|neutrophil|non-classical monocyte|plasma cell|plasmacytoid dendritic cell|regulatory T cell|serous cell of epithelium of trachea|smooth muscle cell|tracheal goblet cell	10x 3' v3;Smart-seq2	cell	normal	https://datasets.cellxgene.cziscience.com/03500d0b-e9ae-42e0-9ae0-576a551099dc.h5ad	965091454		https://cellxgene.cziscience.com/e/d8732da6-8d1d-42d9-b625-f2416c30054b.cxg/
e5f58829-1a66-40b5-a624-9046778e74f5	Tabula Sapiens	10.1126/science.abl4896	6d41668c-168c-4500-b06a-4674ccf3e19d	Tabula Sapiens - Liver	22214	0	[False]	liver			24	B cell|CD4-positive, alpha-beta T cell|CD8-positive, alpha-beta T cell|T cell|classical monocyte|endothelial cell|erythrocyte|fibroblast|hematopoietic precursor cell|hepatic stellate cell|hepatocyte|intermediate monocyte|intrahepatic cholangiocyte|macrophage|mast cell|mature NK T cell|monocyte|myeloid cell|myeloid dendritic cell|natural killer cell|neutrophil|non-classical monocyte|plasma cell|plasmacytoid dendritic cell	10x 3' v3;Smart-seq2	cell	normal	https://datasets.cellxgene.cziscience.com/a4b3a49e-062b-4e3f-8915-02f40607651f.h5ad	834485899		https://cellxgene.cziscience.com/e/6d41668c-168c-4500-b06a-4674ccf3e19d.cxg/
1d1c7275-476a-49e2-9022-ad1b1c793594	Cell Atlas of The Human Fovea and Peripheral Retina	10.1038/s41598-020-66092-9	bc7260e0-54cf-4b0b-823d-93f5b850f757	Non-neuronal cells of the human fovea and peripheral retina	22125	22125	[True]	fovea centralis;peripheral region of retina	eye		4	Mueller cell|astrocyte|endothelial cell|microglial cell	10x 3' v2;10x 3' v3	cell	normal	https://datasets.cellxgene.cziscience.com/0ad06af8-c388-4bc8-9dd4-171b30a3df81.h5ad	147973728		https://cellxgene.cziscience.com/e/bc7260e0-54cf-4b0b-823d-93f5b850f757.cxg/
e5f58829-1a66-40b5-a624-9046778e74f5	Tabula Sapiens	10.1126/science.abl4896	6ec405bb-4727-4c6d-ab4e-01fe489af7ea	Tabula Sapiens - Uterus	22029	0	[False]	endometrium;myometrium;uterus			28	B cell|CD4-positive, alpha-beta T cell|CD8-positive, alpha-beta T cell|T cell|adventitial cell|ciliated epithelial cell|endothelial cell|endothelial cell of lymphatic vessel|epithelial cell of uterus|epithelial fate stem cell|fibroblast|granulocyte|innate lymphoid cell|intermediate monocyte|macrophage|mast cell|mature NK T cell|monocyte|myeloid dendritic cell|myofibroblast cell|myometrial cell|natural killer cell|neutrophil|pericyte|plasma cell|regulatory T cell|skeletal muscle satellite stem cell|vascular associated smooth muscle cell	10x 3' v3;Smart-seq2	cell	normal	https://datasets.cellxgene.cziscience.com/ec18d0d1-3b1b-4413-b011-0078c8d69bd3.h5ad	896069813		https://cellxgene.cziscience.com/e/6ec405bb-4727-4c6d-ab4e-01fe489af7ea.cxg/
48c15b0c-6039-4e0f-9668-b6b3c0b830ad	Single cell atlas of the human retinal pigment epithelium and the choroid	10.64898/2026.07.23.740352	ea2943a9-f722-40ff-9189-2cfc23e9f36a	snRNA-seq of human of the human retinal pigment epithelium and the choroid - Schwann cells	21625	0	[False]	chorioretinal region	eye		3	Schwann cell|myelinating Schwann cell|non-myelinating Schwann cell	10x 3' v3;10x 5' v2	nucleus	normal	https://datasets.cellxgene.cziscience.com/05750780-34b4-4ba0-a5a2-77e8585ad953.h5ad	125692978		https://cellxgene.cziscience.com/e/ea2943a9-f722-40ff-9189-2cfc23e9f36a.cxg/
283d65eb-dd53-496d-adb7-7570c7caa443	Human Brain Cell Atlas v1.0	10.1126/science.add7046	1a018108-b4b6-457b-ba15-046d5e98c169	Dissection: Myelencephalon (medulla oblongata) (Mo) - precerebellar nuclei (PrCbN) - inferior olive - IO	21534	21534	[True]	inferior olivary complex			25	B cell|Bergmann glial cell|Purkinje cell|T cell|astrocyte|caudal ganglionic eminence derived interneuron|central nervous system macrophage|cerebellar granule cell|cerebellar inhibitory GABAergic interneuron|committed oligodendrocyte precursor|endothelial cell|ependymal cell|fibroblast|intratelencephalic-projecting glutamatergic cortical neuron|medial ganglionic eminence derived interneuron|microglial cell|midbrain-derived inhibitory neuron|monocyte|natural killer cell|neuron|oligodendrocyte|oligodendrocyte precursor cell|pericyte|unipolar brush cell|vascular associated smooth muscle cell	10x 3' v3	nucleus	normal	https://datasets.cellxgene.cziscience.com/911756ca-de4e-4c14-97d3-eab51cdbd5cf.h5ad	127632691		https://cellxgene.cziscience.com/e/1a018108-b4b6-457b-ba15-046d5e98c169.cxg/
222e800b-c9cb-4572-831d-48f8c2ef66b9	Characterization of the human fetal gonad and reproductive tract by single-cell transcriptomics	10.1016/j.devcel.2024.01.006	7178ec0a-b0e2-45b1-beb0-879bb69d81e9	Human embryonic female gonadal tissue	21049	21049	[True]	mesonephros;ovary			11	cycling stromal cell|endothelial cell|epithelial cell|germ cell|hematopoietic cell|mesonephric podocyte|ovarian surface epithelial cell|pre-granulosa cell|secretory cell|smooth muscle cell|stromal cell	10x 3' v2;10x 3' v3	cell	normal	https://datasets.cellxgene.cziscience.com/485304df-2065-48a6-8c16-3ff536e21eee.h5ad	286351192		https://cellxgene.cziscience.com/e/7178ec0a-b0e2-45b1-beb0-879bb69d81e9.cxg/
e5f58829-1a66-40b5-a624-9046778e74f5	Tabula Sapiens	10.1126/science.abl4896	d77ec7d6-ef2e-49d6-9e79-05b7f8881484	Tabula Sapiens - Prostate	21030	0	[False]	prostate gland			14	B cell|CD4-positive, alpha-beta T cell|CD8-positive, alpha-beta T cell|T cell|basal cell of prostate epithelium|endothelial cell|erythrocyte|fibroblast|luminal cell of prostate epithelium|macrophage|mast cell|mature NK T cell|neutrophil|smooth muscle cell	10x 3' v3;Smart-seq2	cell	normal	https://datasets.cellxgene.cziscience.com/4a289bf1-97c2-4616-8e1c-585088d28c3e.h5ad	899351790		https://cellxgene.cziscience.com/e/d77ec7d6-ef2e-49d6-9e79-05b7f8881484.cxg/
283d65eb-dd53-496d-adb7-7570c7caa443	Human Brain Cell Atlas v1.0	10.1126/science.add7046	5a73f63f-18a2-49b5-b431-2c469c41a41b	Dissection: Thalamus (THM) - medial nuclear complex of thalamus (MNC) - mediodorsal nucleus of thalamus - MD	20916	20916	[True]	medial dorsal nucleus of thalamus			27	Lamp5 Lhx6 neuron|T cell|amygdala excitatory neuron|astrocyte|caudal ganglionic eminence derived interneuron|central nervous system macrophage|cerebellar granule cell|cerebellar inhibitory GABAergic interneuron|committed oligodendrocyte precursor|eccentric medium spiny neuron|endothelial cell|ependymal cell|fibroblast|intratelencephalic-projecting glutamatergic cortical neuron|medial ganglionic eminence derived interneuron|microglial cell|midbrain-derived inhibitory neuron|monocyte|natural killer cell|neuron|oligodendrocyte|oligodendrocyte precursor cell|pericyte|pvalb chandelier GABAergic interneuron|sst chodl GABAergic interneuron|thalamic excitatory neuron|vascular associated smooth muscle cell	10x 3' v3	nucleus	normal	https://datasets.cellxgene.cziscience.com/ee181d38-35a9-42d9-9634-8f67e3fc79ca.h5ad	312695547		https://cellxgene.cziscience.com/e/5a73f63f-18a2-49b5-b431-2c469c41a41b.cxg/
4c6eaf5c-6d57-4c76-b1e9-60df8c655f1e	Single cell atlas of the human retina	10.1038/s41588-025-02454-1	e404d417-56e4-40a5-b3c6-69e9f92d8cbd	snRNA-seq of human retina - retinal ganglion cell subset - excluding midget cells	20587	0	[False]	fovea centralis;macula lutea;macula lutea proper;peripheral region of retina	eye		3	OFF parasol ganglion cell|ON parasol ganglion cell|retinal ganglion cell	10x 3' v3	nucleus	normal	https://datasets.cellxgene.cziscience.com/6b6c4c49-8c20-48ca-a4af-e3d6ea6279d4.h5ad	482211227		https://cellxgene.cziscience.com/e/e404d417-56e4-40a5-b3c6-69e9f92d8cbd.cxg/
283d65eb-dd53-496d-adb7-7570c7caa443	Human Brain Cell Atlas v1.0	10.1126/science.add7046	a5b5d1f3-dd8b-44f6-a685-15f0f741c062	Dissection: Thalamus (THM) - Subthalamic nucleus and nearby - STH	20162	20162	[True]	subthalamic nucleus			25	B cell|Lamp5 Lhx6 neuron|T cell|astrocyte|caudal ganglionic eminence derived interneuron|central nervous system macrophage|cerebral cortex neuron|committed oligodendrocyte precursor|dentate gyrus granule cell|endothelial cell|fibroblast|hippocampal CA1-3 neuron|intratelencephalic-projecting glutamatergic cortical neuron|mammillary body neuron|medial ganglionic eminence derived interneuron|microglial cell|midbrain-derived inhibitory neuron|monocyte|natural killer cell|neuron|oligodendrocyte|oligodendrocyte precursor cell|pericyte|thalamic excitatory neuron|vascular associated smooth muscle cell	10x 3' v3	nucleus	normal	https://datasets.cellxgene.cziscience.com/dca951ca-371f-4beb-b002-6d1baf00ebc1.h5ad	77973546		https://cellxgene.cziscience.com/e/a5b5d1f3-dd8b-44f6-a685-15f0f741c062.cxg/
283d65eb-dd53-496d-adb7-7570c7caa443	Human Brain Cell Atlas v1.0	10.1126/science.add7046	03d38670-1444-4001-bc53-9936e61d9b20	Dissection: Hypothalamus (HTH) - preoptic region of HTH - HTHpo (medial preoptic nucleus, MPN) - supraoptic region of HTH - HTHso (paraventricular nucleus, PV)	20027	20027	[True]	hypothalamus			27	Lamp5 Lhx6 neuron|T cell|amygdala excitatory neuron|astrocyte|caudal ganglionic eminence derived interneuron|cerebellar granule cell|cerebellar inhibitory GABAergic interneuron|committed oligodendrocyte precursor|eccentric medium spiny neuron|endothelial cell|ependymal cell|fibroblast|intratelencephalic-projecting glutamatergic cortical neuron|mammillary body neuron|medial ganglionic eminence derived interneuron|medium spiny neuron|microglial cell|midbrain-derived inhibitory neuron|monocyte|neuron|oligodendrocyte|oligodendrocyte precursor cell|pericyte|pvalb chandelier GABAergic interneuron|sst chodl GABAergic interneuron|thalamic excitatory neuron|vascular associated smooth muscle cell	10x 3' v3	nucleus	normal	https://datasets.cellxgene.cziscience.com/896b7f40-a72e-4b0d-b130-b8412f08aefa.h5ad	167186626		https://cellxgene.cziscience.com/e/03d38670-1444-4001-bc53-9936e61d9b20.cxg/
4d8fed08-2d6d-4692-b5ea-464f1d072077	Comprehensive cell atlas of the first-trimester developing human brain	10.1126/science.adf1226	ea251de5-c764-4f7c-add0-8141b1061faf	ClassFibroblast	19161	0	[False]	basal forebrain;brain;cerebellar peduncular complex;cerebellum;cerebral subcortex;cortex;dorsal plus ventral thalamus;forebrain;head;hindbrain;hippocampal formation;hypothalamus;lower layers of the cortex;medulla oblongata;metencephalon;midbrain;midbrain tectum;occipital cortex;pons;upper layers of the cortex			1	fibroblast	10x 3' v2;10x 3' v3	cell	normal	https://datasets.cellxgene.cziscience.com/b9fbe872-910d-4e2b-9c2d-e5c9b25f1d87.h5ad	222224526		https://cellxgene.cziscience.com/e/ea251de5-c764-4f7c-add0-8141b1061faf.cxg/
283d65eb-dd53-496d-adb7-7570c7caa443	Human Brain Cell Atlas v1.0	10.1126/science.add7046	35090826-f636-40c1-a3ef-4466beeab9f8	Supercluster: Deep-layer near-projecting	18856	0	[False]	Brodmann (1909) area 13;Brodmann (1909) area 14;Brodmann (1909) area 19;Brodmann (1909) area 23;Brodmann (1909) area 24;Brodmann (1909) area 25;Brodmann (1909) area 32;Brodmann (1909) area 38;Brodmann (1909) area 40;Brodmann (1909) area 43;Brodmann (1909) area 46;accessory basal amygdaloid nucleus;agranular insular cortex;anterior cortical amygdaloid nucleus;anterior olfactory nucleus;bed nucleus of stria terminalis;central amygdaloid nucleus;claustrum of brain;cuneus cortex;extrastriate cortex;granular insular cortex;hippocampal field;hypothalamus;inferior frontal gyrus;inferior temporal gyrus;lateral amygdaloid nucleus;lateral entorhinal cortex;lateral posterior nucleus of thalamus;medial zone of hypothalamus;midbrain tectum;middle temporal gyrus;nucleus accumbens;perirhinal cortex;piriform cortex;posterior parahippocampal gyrus;preoptic area;primary auditory cortex;primary motor cortex;primary somatosensory cortex;primary visual cortex;retrosplenial region;septal nuclear complex;subicular complex;substantia innominata;superior parietal cortex;superior temporal gyrus;supraoptic nucleus;temporal fusiform gyrus	eye		1	near-projecting glutamatergic cortical neuron	10x 3' v3	nucleus	normal	https://datasets.cellxgene.cziscience.com/3d3dacce-ee6d-4ed2-b80f-c241eee10ef8.h5ad	276254906		https://cellxgene.cziscience.com/e/35090826-f636-40c1-a3ef-4466beeab9f8.cxg/
e5f58829-1a66-40b5-a624-9046778e74f5	Tabula Sapiens	10.1126/science.abl4896	0041b9c3-6a49-4bf7-8514-9bc7190067a7	Tabula Sapiens - Skin	17786	0	[False]	buccal mucosa;skin of abdomen;skin of body;skin of chest			25	B cell|CD4-positive, alpha-beta T cell|CD8-positive, alpha-beta T cell|Langerhans cell|T cell|activated CD4-positive, alpha-beta T cell|basophil|endothelial cell|epithelial cell|erythrocyte|fibroblast|keratocyte|macrophage|mast cell|mature NK T cell|melanocyte|muscle cell|myeloid dendritic cell|natural killer cell|neutrophil|plasma cell|regulatory T cell|sebocyte|smooth muscle cell|stromal cell	10x 3' v3;Smart-seq2	cell	normal	https://datasets.cellxgene.cziscience.com/c240d5bc-a521-4330-a76b-7d566e939d87.h5ad	508729263		https://cellxgene.cziscience.com/e/0041b9c3-6a49-4bf7-8514-9bc7190067a7.cxg/
283d65eb-dd53-496d-adb7-7570c7caa443	Human Brain Cell Atlas v1.0	10.1126/science.add7046	fbf173f9-f809-4d84-9b65-ae205d35b523	Dissection: Thalamus (THM) - lateral nuclear complex of thalamus (LNC) - lateral posterior nucleus of thalamus + ventral posterior lateral nucleus - LP + VPL	17660	17660	[True]	nucleus of dorsal thalamus			19	Lamp5 Lhx6 neuron|T cell|astrocyte|caudal ganglionic eminence derived interneuron|central nervous system macrophage|committed oligodendrocyte precursor|endothelial cell|fibroblast|microglial cell|midbrain-derived inhibitory neuron|monocyte|natural killer cell|neuron|oligodendrocyte|oligodendrocyte precursor cell|pericyte|pvalb chandelier GABAergic interneuron|thalamic excitatory neuron|vascular associated smooth muscle cell	10x 3' v3	nucleus	normal	https://datasets.cellxgene.cziscience.com/769be3db-d7a6-4e45-be0f-2d62e5ba32c6.h5ad	140783597		https://cellxgene.cziscience.com/e/fbf173f9-f809-4d84-9b65-ae205d35b523.cxg/
283d65eb-dd53-496d-adb7-7570c7caa443	Human Brain Cell Atlas v1.0	10.1126/science.add7046	8039c63d-08b0-4fc9-af0f-5b57f08ca0da	Dissection: Perirhinal cortex (area 35) (A35) - rostral subdivision of area 35 - A35r	17535	17535	[True]	Brodmann (1909) area 35			16	B cell|T cell|amygdala excitatory neuron|astrocyte|central nervous system macrophage|committed oligodendrocyte precursor|endothelial cell|fibroblast|microglial cell|monocyte|natural killer cell|neuron|oligodendrocyte|oligodendrocyte precursor cell|pericyte|vascular associated smooth muscle cell	10x 3' v3	nucleus	normal	https://datasets.cellxgene.cziscience.com/f62cbf67-e74d-4f78-afb4-9d9d70bd10e8.h5ad	97240078		https://cellxgene.cziscience.com/e/8039c63d-08b0-4fc9-af0f-5b57f08ca0da.cxg/
283d65eb-dd53-496d-adb7-7570c7caa443	Human Brain Cell Atlas v1.0	10.1126/science.add7046	35c8a04c-8639-4d15-8228-765d8d93fc96	Dissection: Hypothalamus (HTH) - supraoptic region of HTH - HTHso (anterior hypothalamic nucleus, AHN) - tuberal region of HTH - HTHtub (ventromedial and dorsomedial hypothalamic nucleic nuclei, VMH, DMH)	16753	16753	[True]	hypothalamus			24	Lamp5 Lhx6 neuron|T cell|amygdala excitatory neuron|astrocyte|caudal ganglionic eminence derived interneuron|central nervous system macrophage|cerebellar granule cell|committed oligodendrocyte precursor|eccentric medium spiny neuron|ependymal cell|fibroblast|hippocampal CA1-3 neuron|intratelencephalic-projecting glutamatergic cortical neuron|mammillary body neuron|medial ganglionic eminence derived interneuron|medium spiny neuron|microglial cell|midbrain-derived inhibitory neuron|neuron|oligodendrocyte|oligodendrocyte precursor cell|pvalb chandelier GABAergic interneuron|sst chodl GABAergic interneuron|vascular associated smooth muscle cell	10x 3' v3	nucleus	normal	https://datasets.cellxgene.cziscience.com/816225de-e8af-48e4-8e49-992dd16ad3f4.h5ad	193378416		https://cellxgene.cziscience.com/e/35c8a04c-8639-4d15-8228-765d8d93fc96.cxg/
283d65eb-dd53-496d-adb7-7570c7caa443	Human Brain Cell Atlas v1.0	10.1126/science.add7046	599504e5-d4ad-45bd-9128-823faf0fb9c9	Supercluster: Mammillary body	16602	0	[False]	dorsal tegmental nucleus;hypothalamus;intralaminar nuclear group;mammillary body;medial geniculate body;medial zone of hypothalamus;median tuberal portion;midbrain nucleus;primary motor cortex;substantia nigra;subthalamic nucleus			1	mammillary body neuron	10x 3' v3	nucleus	normal	https://datasets.cellxgene.cziscience.com/e7157553-e797-4900-aad5-027ad2b3b047.h5ad	284887782		https://cellxgene.cziscience.com/e/599504e5-d4ad-45bd-9128-823faf0fb9c9.cxg/
939769a8-d8d2-4d01-abfc-55699893fd49	Integration of eQTL and a Single-Cell Atlas in the Human Eye Identifies Causal Genes for Age-Related Macular Degeneration	10.1016/j.celrep.2019.12.082	4e38f019-f8e8-44ae-ad32-ba500de6f64c	Bipolar cells of human eye	16540	0	[False]	retina	eye		2	OFF-bipolar cell|ON-bipolar cell	10x 3' v3	nucleus	normal	https://datasets.cellxgene.cziscience.com/d1c37466-5809-4992-8abb-22c97a24f9f1.h5ad	154649219		https://cellxgene.cziscience.com/e/4e38f019-f8e8-44ae-ad32-ba500de6f64c.cxg/
283d65eb-dd53-496d-adb7-7570c7caa443	Human Brain Cell Atlas v1.0	10.1126/science.add7046	64767efb-49b0-4562-a1bd-e619a5d9db41	Dissection: Hypothalamus (HTH) - preoptic region of HTH - HTHpo	14979	14979	[True]	preoptic area	eye		25	Lamp5 Lhx6 neuron|T cell|amygdala excitatory neuron|astrocyte|caudal ganglionic eminence derived interneuron|central nervous system macrophage|cerebral cortex neuron|committed oligodendrocyte precursor|eccentric medium spiny neuron|endothelial cell|ependymal cell|fibroblast|intratelencephalic-projecting glutamatergic cortical neuron|medial ganglionic eminence derived interneuron|medium spiny neuron|microglial cell|midbrain-derived inhibitory neuron|natural killer cell|near-projecting glutamatergic cortical neuron|neuron|oligodendrocyte|oligodendrocyte precursor cell|pericyte|pvalb chandelier GABAergic interneuron|sst chodl GABAergic interneuron	10x 3' v3	nucleus	normal	https://datasets.cellxgene.cziscience.com/a7fa6631-1c0c-44b7-9acf-d096909223d6.h5ad	212541394		https://cellxgene.cziscience.com/e/64767efb-49b0-4562-a1bd-e619a5d9db41.cxg/
283d65eb-dd53-496d-adb7-7570c7caa443	Human Brain Cell Atlas v1.0	10.1126/science.add7046	bd6b68e8-179a-42f0-9bde-b4fdf7d34dd1	Supercluster: Cerebellar inhibitory	14411	0	[False]	bed nucleus of stria terminalis;cerebellar nuclear complex;cerebellar vermis;cerebrocerebellum;dorsal tegmental nucleus;epithalamus;extrastriate cortex;globus pallidus;gray matter of midbrain;hypothalamus;inferior olivary complex;lateral geniculate body;mammillary body;medial dorsal nucleus of thalamus;medial zone of hypothalamus;midbrain nucleus;midbrain tectum;nucleus of medulla oblongata;parabrachial nucleus;pontine nuclear group;pontine reticular formation;pontine tegmentum;posterior parahippocampal gyrus;pretectal region;primary motor cortex;red nucleus;septal nuclear complex;spinal cord;substantia innominata;substantia nigra			1	cerebellar inhibitory GABAergic interneuron	10x 3' v3	nucleus	normal	https://datasets.cellxgene.cziscience.com/6cb6da05-ab56-477f-aaba-286548840f8b.h5ad	150334884		https://cellxgene.cziscience.com/e/bd6b68e8-179a-42f0-9bde-b4fdf7d34dd1.cxg/
283d65eb-dd53-496d-adb7-7570c7caa443	Human Brain Cell Atlas v1.0	10.1126/science.add7046	c7856243-c59a-4b70-8ce7-25b94c2d9da1	Dissection: Cerebral cortex (Cx) - Gyrus rectus (ReG) - Medial orbitofrontal cortex - A14	14352	14352	[True]	Brodmann (1909) area 14			22	Lamp5 Lhx6 neuron|T cell|astrocyte|caudal ganglionic eminence derived interneuron|cerebral cortex neuron|committed oligodendrocyte precursor|eccentric medium spiny neuron|endothelial cell|fibroblast|hippocampal CA1-3 neuron|intratelencephalic-projecting glutamatergic cortical neuron|medial ganglionic eminence derived interneuron|microglial cell|monocyte|near-projecting glutamatergic cortical neuron|neuron|oligodendrocyte|oligodendrocyte precursor cell|pericyte|pvalb chandelier GABAergic interneuron|sst chodl GABAergic interneuron|vascular associated smooth muscle cell	10x 3' v3	nucleus	normal	https://datasets.cellxgene.cziscience.com/91e7c815-aa7c-4d7e-a3fe-6027c903325a.h5ad	256296560		https://cellxgene.cziscience.com/e/c7856243-c59a-4b70-8ce7-25b94c2d9da1.cxg/
283d65eb-dd53-496d-adb7-7570c7caa443	Human Brain Cell Atlas v1.0	10.1126/science.add7046	adda0684-f8ea-4403-b393-2a25607077c4	Dissection: Thalamus (THM) - posterior nuclear complex of thalamus (PoN) - medial geniculate nuclei (MG)	14226	14226	[True]	medial geniculate body			27	Lamp5 Lhx6 neuron|T cell|amygdala excitatory neuron|astrocyte|caudal ganglionic eminence derived interneuron|central nervous system macrophage|cerebellar granule cell|committed oligodendrocyte precursor|dentate gyrus granule cell|endothelial cell|ependymal cell|fibroblast|hippocampal CA1-3 neuron|intratelencephalic-projecting glutamatergic cortical neuron|mammillary body neuron|medial ganglionic eminence derived interneuron|microglial cell|midbrain-derived inhibitory neuron|natural killer cell|neuron|oligodendrocyte|oligodendrocyte precursor cell|pericyte|pvalb chandelier GABAergic interneuron|sst chodl GABAergic interneuron|thalamic excitatory neuron|unipolar brush cell	10x 3' v3	nucleus	normal	https://datasets.cellxgene.cziscience.com/8294d981-9be7-4101-bf98-2ff4baef23e8.h5ad	135377919		https://cellxgene.cziscience.com/e/adda0684-f8ea-4403-b393-2a25607077c4.cxg/
e5f58829-1a66-40b5-a624-9046778e74f5	Tabula Sapiens	10.1126/science.abl4896	ff45e623-7f5f-46e3-b47d-56be0341f66b	Tabula Sapiens - Pancreas	14140	0	[False]	endocrine pancreas;exocrine pancreas			23	B cell|CD4-positive, alpha-beta T cell|CD8-positive, alpha-beta T cell|T cell|classical monocyte|endothelial cell|fibroblast|intermediate monocyte|macrophage|mast cell|mature NK T cell|monocyte|natural killer cell|neutrophil|non-classical monocyte|pancreatic A cell|pancreatic D cell|pancreatic PP cell|pancreatic acinar cell|pancreatic ductal cell|pancreatic stellate cell|plasma cell|type B pancreatic cell	10x 3' v3	cell	normal	https://datasets.cellxgene.cziscience.com/ba587dee-e050-4a31-bcb8-05e5418f9086.h5ad	740284996		https://cellxgene.cziscience.com/e/ff45e623-7f5f-46e3-b47d-56be0341f66b.cxg/
283d65eb-dd53-496d-adb7-7570c7caa443	Human Brain Cell Atlas v1.0	10.1126/science.add7046	c5cfa2b7-abb1-4a50-908f-707b54ca606b	Dissection: Midbrain (M) - Periaqueductal gray and Dorsal raphe nucleus - PAG-DR	14094	14094	[True]	gray matter of midbrain			28	B cell|Lamp5 Lhx6 neuron|T cell|amygdala excitatory neuron|astrocyte|caudal ganglionic eminence derived interneuron|central nervous system macrophage|cerebellar granule cell|cerebellar inhibitory GABAergic interneuron|cerebral cortex neuron|committed oligodendrocyte precursor|endothelial cell|ependymal cell|fibroblast|intratelencephalic-projecting glutamatergic cortical neuron|medial ganglionic eminence derived interneuron|medium spiny neuron|microglial cell|midbrain-derived inhibitory neuron|monocyte|natural killer cell|neuron|oligodendrocyte|oligodendrocyte precursor cell|pericyte|pvalb chandelier GABAergic interneuron|thalamic excitatory neuron|vascular associated smooth muscle cell	10x 3' v3	nucleus	normal	https://datasets.cellxgene.cziscience.com/5b5716d6-8900-478c-824d-3cc7bf2c99ce.h5ad	123551150		https://cellxgene.cziscience.com/e/c5cfa2b7-abb1-4a50-908f-707b54ca606b.cxg/
63d03351-06be-478e-a0db-f7a653b6b19b	Cell atlas of the human ocular anterior segment: Tissue-specific and shared cell types	10.1073/pnas.2200914119	489318a0-24c3-4f5c-b105-f084ed0ea026	Lens	13900	13900	[True]	lens of camera-type eye	eye		4	anterior lens cell|lens epithelial cell|lens fiber cell|secondary lens fiber	10x 3' v3	nucleus	normal	https://datasets.cellxgene.cziscience.com/392a1d08-b5f1-4e85-bb30-9d2328fd07bc.h5ad	182455427		https://cellxgene.cziscience.com/e/489318a0-24c3-4f5c-b105-f084ed0ea026.cxg/
1d1c7275-476a-49e2-9022-ad1b1c793594	Cell Atlas of The Human Fovea and Peripheral Retina	10.1038/s41598-020-66092-9	5cdbb2ea-c622-466d-9ead-7884ad8cb99f	Amacrine cells of the human fovea and peripheral retina	13607	13607	[True]	fovea centralis;peripheral region of retina	eye		2	GABAergic amacrine cell|glycinergic amacrine cell	10x 3' v2;10x 3' v3	cell	normal	https://datasets.cellxgene.cziscience.com/6ad8e84f-4253-404e-a57b-58a1616d51d8.h5ad	123001445		https://cellxgene.cziscience.com/e/5cdbb2ea-c622-466d-9ead-7884ad8cb99f.cxg/
283d65eb-dd53-496d-adb7-7570c7caa443	Human Brain Cell Atlas v1.0	10.1126/science.add7046	40569510-2282-461b-84df-6218ef208e0e	Dissection: Hypothalamus (HTH) - tuberal region of hypothalamus - HTHtub	13173	13173	[True]	median tuberal portion			22	B cell|Lamp5 Lhx6 neuron|T cell|amygdala excitatory neuron|astrocyte|caudal ganglionic eminence derived interneuron|central nervous system macrophage|committed oligodendrocyte precursor|endothelial cell|ependymal cell|fibroblast|mammillary body neuron|medial ganglionic eminence derived interneuron|microglial cell|midbrain-derived inhibitory neuron|monocyte|natural killer cell|neuron|oligodendrocyte|oligodendrocyte precursor cell|pericyte|pvalb chandelier GABAergic interneuron	10x 3' v3	nucleus	normal	https://datasets.cellxgene.cziscience.com/57f82119-1580-4ceb-b9d4-e0a571e77bc0.h5ad	190487347		https://cellxgene.cziscience.com/e/40569510-2282-461b-84df-6218ef208e0e.cxg/
0e54d4de-44f0-4d50-8649-b5c2bbe8f5d1	Exploring the Utility of snRNA-seq in Profiling Human Bladder Tissue: A Comprehensive Comparison with scRNA-seq	10.1016/j.isci.2024.111628	2dd9d7a2-4bee-4c3f-a1f5-89bc3271c4f0	Adult bladder stromal subset	12964	12964	[True]	dome of urinary bladder;neck of urinary bladder;ureteral orifice;ureterovesical junction	urothelium		8	Schwann cell|endothelial cell|endothelial cell of artery|endothelial cell of lymphatic vessel|fibroblast|smooth muscle cell|vascular associated smooth muscle cell|vein endothelial cell	10x 3' v3	cell;nucleus	normal	https://datasets.cellxgene.cziscience.com/b05f197a-3ac3-450d-9958-e139ff213c60.h5ad	195325213		https://cellxgene.cziscience.com/e/2dd9d7a2-4bee-4c3f-a1f5-89bc3271c4f0.cxg/
283d65eb-dd53-496d-adb7-7570c7caa443	Human Brain Cell Atlas v1.0	10.1126/science.add7046	364348b4-bc34-4fe1-a851-60d99e36cafa	Dissection: Thalamus (THM) - intralaminar nuclear complex (ILN) - posterior group of intralaminar nuclei (PILN) - centromedian nucleus of thalamus - CM	12944	12944	[True]	centromedian nucleus of thalamus			21	B cell|Lamp5 Lhx6 neuron|T cell|astrocyte|caudal ganglionic eminence derived interneuron|central nervous system macrophage|committed oligodendrocyte precursor|endothelial cell|fibroblast|medial ganglionic eminence derived interneuron|microglial cell|midbrain-derived inhibitory neuron|monocyte|natural killer cell|neuron|oligodendrocyte|oligodendrocyte precursor cell|pericyte|pvalb chandelier GABAergic interneuron|thalamic excitatory neuron|vascular associated smooth muscle cell	10x 3' v3	nucleus	normal	https://datasets.cellxgene.cziscience.com/e2907892-9847-4c3b-bc37-47ad31fe4add.h5ad	125306813		https://cellxgene.cziscience.com/e/364348b4-bc34-4fe1-a851-60d99e36cafa.cxg/
283d65eb-dd53-496d-adb7-7570c7caa443	Human Brain Cell Atlas v1.0	10.1126/science.add7046	22658f4f-9268-41ad-8828-cc53f4baa9fa	Dissection: Hypothalamus (HTH) - supraoptic region of HTH - HTHso	12557	12557	[True]	supraoptic nucleus	eye		26	Lamp5 Lhx6 neuron|T cell|amygdala excitatory neuron|astrocyte|caudal ganglionic eminence derived interneuron|cerebral cortex neuron|committed oligodendrocyte precursor|eccentric medium spiny neuron|endothelial cell|ependymal cell|fibroblast|hippocampal CA1-3 neuron|intratelencephalic-projecting glutamatergic cortical neuron|medial ganglionic eminence derived interneuron|medium spiny neuron|microglial cell|monocyte|natural killer cell|near-projecting glutamatergic cortical neuron|neuron|oligodendrocyte|oligodendrocyte precursor cell|pericyte|pvalb chandelier GABAergic interneuron|sst chodl GABAergic interneuron|vascular associated smooth muscle cell	10x 3' v3	nucleus	normal	https://datasets.cellxgene.cziscience.com/cbbbced9-dc1e-4edf-9682-c48036e623c7.h5ad	176715722		https://cellxgene.cziscience.com/e/22658f4f-9268-41ad-8828-cc53f4baa9fa.cxg/
283d65eb-dd53-496d-adb7-7570c7caa443	Human Brain Cell Atlas v1.0	10.1126/science.add7046	bac09168-940b-4b11-8d55-b4955f80b98d	Dissection: Head of hippocampus (HiH) - Uncal CA2-CA3	12461	12461	[True]	hippocampal field			26	B cell|Lamp5 Lhx6 neuron|T cell|amygdala excitatory neuron|astrocyte|caudal ganglionic eminence derived interneuron|central nervous system macrophage|cerebral cortex neuron|committed oligodendrocyte precursor|dentate gyrus granule cell|endothelial cell|ependymal cell|hippocampal CA1-3 neuron|hippocampal CA4 neuron|intratelencephalic-projecting glutamatergic cortical neuron|medial ganglionic eminence derived interneuron|microglial cell|natural killer cell|near-projecting glutamatergic cortical neuron|neuron|oligodendrocyte|oligodendrocyte precursor cell|pericyte|pvalb chandelier GABAergic interneuron|sst chodl GABAergic interneuron|vascular associated smooth muscle cell	10x 3' v3	nucleus	normal	https://datasets.cellxgene.cziscience.com/6cd338f6-0d5d-4ff2-be16-4480fc94a37c.h5ad	240181020		https://cellxgene.cziscience.com/e/bac09168-940b-4b11-8d55-b4955f80b98d.cxg/
af286675-7167-4816-a907-c72d41b73d37	Single-cell and spatial mapping Identify cell types and signaling Networks in the human ureter	10.1016/j.devcel.2022.07.004	54ea5aba-3413-4c6b-a925-b4f1635d6580	Adult ureter immune subset	12162	0	[False]	ureter	urothelium		13	B cell|CD8-positive, alpha-beta memory T cell|central memory CD4-positive, alpha-beta T cell|classical monocyte|dendritic cell|double negative thymocyte|effector CD8-positive, alpha-beta T cell|macrophage|mast cell|mature NK T cell|mucosal-associated invariant T cell|non-classical monocyte|regulatory T cell	10x 3' v3	cell	normal	https://datasets.cellxgene.cziscience.com/23486660-38ab-4732-9acf-80954b067a9f.h5ad	112386884		https://cellxgene.cziscience.com/e/54ea5aba-3413-4c6b-a925-b4f1635d6580.cxg/
af893e86-8e9f-41f1-a474-ef05359b1fb7	Single-cell transcriptomic atlas for adult human retina	10.1016/j.xgen.2023.100298	aad97cb5-f375-45ef-ae9d-178e7f5d5180	Retinal ganglion cells in human retina	11617	11617	[True]	fovea centralis;macula lutea proper;peripheral region of retina	eye		1	retinal ganglion cell	10x 3' v3	nucleus	normal	https://datasets.cellxgene.cziscience.com/9db639c3-5c9c-4b8f-b285-25ed5d335417.h5ad	806170493		https://cellxgene.cziscience.com/e/aad97cb5-f375-45ef-ae9d-178e7f5d5180.cxg/
1d1c7275-476a-49e2-9022-ad1b1c793594	Cell Atlas of The Human Fovea and Peripheral Retina	10.1038/s41598-020-66092-9	d319af7f-be2e-441e-8caa-3b8a88480e89	Retinal ganglion cells of the human fovea and peripheral retina	11404	11404	[True]	fovea centralis;peripheral region of retina	eye		1	retinal ganglion cell	10x 3' v2;10x 3' v3	cell	normal	https://datasets.cellxgene.cziscience.com/9bfd4a8d-b880-4b6d-a82a-7f8858e4fb65.h5ad	302207091		https://cellxgene.cziscience.com/e/d319af7f-be2e-441e-8caa-3b8a88480e89.cxg/
e5f58829-1a66-40b5-a624-9046778e74f5	Tabula Sapiens	10.1126/science.abl4896	2423ce2c-3149-4cca-a2ff-cf682ea29b5f	Tabula Sapiens - Kidney	11376	0	[False]	cortex of kidney;kidney			13	B cell|CD4-positive, alpha-beta T cell|CD8-positive, alpha-beta T cell|T cell|endothelial cell|intermediate monocyte|kidney epithelial cell|macrophage|monocyte|natural killer cell|neutrophil|non-classical monocyte|plasma cell	10x 3' v3;Smart-seq2	cell	normal	https://datasets.cellxgene.cziscience.com/76b6cf23-56db-4eac-8ee8-d84ce64c0395.h5ad	449979909		https://cellxgene.cziscience.com/e/2423ce2c-3149-4cca-a2ff-cf682ea29b5f.cxg/
283d65eb-dd53-496d-adb7-7570c7caa443	Human Brain Cell Atlas v1.0	10.1126/science.add7046	c4dd26a8-d956-4bee-a233-44b573f2ce27	Dissection: Body of hippocampus (HiB) - Rostral CA1-2	11265	11265	[True]	hippocampal field			25	Lamp5 Lhx6 neuron|amygdala excitatory neuron|astrocyte|caudal ganglionic eminence derived interneuron|central nervous system macrophage|cerebral cortex neuron|committed oligodendrocyte precursor|dentate gyrus granule cell|eccentric medium spiny neuron|endothelial cell|ependymal cell|fibroblast|hippocampal CA1-3 neuron|hippocampal CA4 neuron|intratelencephalic-projecting glutamatergic cortical neuron|medial ganglionic eminence derived interneuron|microglial cell|near-projecting glutamatergic cortical neuron|neuron|oligodendrocyte|oligodendrocyte precursor cell|pericyte|pvalb chandelier GABAergic interneuron|sst chodl GABAergic interneuron|vascular associated smooth muscle cell	10x 3' v3	nucleus	normal	https://datasets.cellxgene.cziscience.com/ccd04fe5-da4c-4205-9244-03a4c093067e.h5ad	231120136		https://cellxgene.cziscience.com/e/c4dd26a8-d956-4bee-a233-44b573f2ce27.cxg/
8a05eaf6-5680-41f2-9be7-eddc383b178a	Determinants of Sensitivity to HER2-targeted Antibody Drug Conjugates in Urothelial Cancer	10.1038/s41467-025-67643-2	7ee4b15b-b543-4a8f-a602-ab0344729caf	SCBO-8	10946	10946	[True]	urinary bladder	urothelium		1	neoplastic cell	10x 3' v3	cell	urinary bladder cancer	https://datasets.cellxgene.cziscience.com/59caba36-eb74-4d96-94cf-80a695d5dd44.h5ad	229133799		https://cellxgene.cziscience.com/e/7ee4b15b-b543-4a8f-a602-ab0344729caf.cxg/
120e86b4-1195-48c5-845b-b98054105eec	Spatiotemporal immune zonation of the human kidney	10.1126/science.aat5031	08073b32-d389-41f4-a4fd-616de76915ab	Fetal kidney dataset: nephron	10790	0	[False]	kidney			6	epithelial cell of proximal tubule|kidney cell|kidney epithelial cell|kidney loop of Henle epithelial cell|mesenchymal cell|podocyte	10x 3' v2	cell	normal	https://datasets.cellxgene.cziscience.com/f813e5a0-9d17-4cc8-aaa8-fb8de70289af.h5ad	158670391		https://cellxgene.cziscience.com/e/08073b32-d389-41f4-a4fd-616de76915ab.cxg/
283d65eb-dd53-496d-adb7-7570c7caa443	Human Brain Cell Atlas v1.0	10.1126/science.add7046	2a8ca8f3-5599-4cda-b973-3a2dfc3c1fe6	Dissection: Amygdaloid complex (AMY) - Corticomedial nuclear group (CMN) - anterior cortical nucleus - CoA	10778	10778	[True]	anterior cortical amygdaloid nucleus			25	Lamp5 Lhx6 neuron|T cell|amygdala excitatory neuron|astrocyte|caudal ganglionic eminence derived interneuron|central nervous system macrophage|cerebral cortex neuron|committed oligodendrocyte precursor|eccentric medium spiny neuron|endothelial cell|fibroblast|intratelencephalic-projecting glutamatergic cortical neuron|medial ganglionic eminence derived interneuron|medium spiny neuron|microglial cell|monocyte|natural killer cell|near-projecting glutamatergic cortical neuron|neuron|oligodendrocyte|oligodendrocyte precursor cell|pericyte|pvalb chandelier GABAergic interneuron|sst chodl GABAergic interneuron|vascular associated smooth muscle cell	10x 3' v3	nucleus	normal	https://datasets.cellxgene.cziscience.com/741fb273-07ac-4196-b810-e45fa7743222.h5ad	177511518		https://cellxgene.cziscience.com/e/2a8ca8f3-5599-4cda-b973-3a2dfc3c1fe6.cxg/
283d65eb-dd53-496d-adb7-7570c7caa443	Human Brain Cell Atlas v1.0	10.1126/science.add7046	9ec335f2-420a-45a8-b45a-1ab646e50041	Supercluster: Hippocampal CA4	10654	0	[False]	bed nucleus of stria terminalis;dentate gyrus of hippocampal formation;hippocampal field;primary motor cortex;pulvinar nucleus;retrosplenial region;rostral CA3;septal nuclear complex;substantia nigra;uncal CA1			1	hippocampal CA4 neuron	10x 3' v3	nucleus	normal	https://datasets.cellxgene.cziscience.com/df3ef30e-25bd-47cc-8555-0b3d726f085c.h5ad	192626799		https://cellxgene.cziscience.com/e/9ec335f2-420a-45a8-b45a-1ab646e50041.cxg/
b1a879f6-5638-48d3-8f64-f6592c1b1561	Mapping the developing human immune system across organs	10.1126/science.abo0510	8d73847b-33e7-48f0-837f-e3e6579bf12d	In vitro derived T cells, from Artificial Thymic Organoid protocol	10459	10459	[True]	thymus			8	T cell|double-positive, alpha-beta thymocyte|erythrocyte|group 3 innate lymphoid cell|mast cell|natural killer cell|thymocyte|unknown	10x 5' v1	cell	normal	https://datasets.cellxgene.cziscience.com/db8066ce-93eb-41f3-880e-14137bc2483e.h5ad	125364295		https://cellxgene.cziscience.com/e/8d73847b-33e7-48f0-837f-e3e6579bf12d.cxg/
283d65eb-dd53-496d-adb7-7570c7caa443	Human Brain Cell Atlas v1.0	10.1126/science.add7046	00476f9f-ebc1-4b72-b541-32f912ce36ea	Dissection: Hypothalamus (HTH) - mammillary region of HTH (HTHma)	10099	10099	[True]	medial zone of hypothalamus			26	Lamp5 Lhx6 neuron|T cell|astrocyte|caudal ganglionic eminence derived interneuron|central nervous system macrophage|cerebellar granule cell|cerebellar inhibitory GABAergic interneuron|cerebral cortex neuron|committed oligodendrocyte precursor|endothelial cell|ependymal cell|fibroblast|intratelencephalic-projecting glutamatergic cortical neuron|mammillary body neuron|medial ganglionic eminence derived interneuron|microglial cell|midbrain-derived inhibitory neuron|monocyte|near-projecting glutamatergic cortical neuron|neuron|oligodendrocyte|oligodendrocyte precursor cell|pericyte|pvalb chandelier GABAergic interneuron|thalamic excitatory neuron|vascular associated smooth muscle cell	10x 3' v3	nucleus	normal	https://datasets.cellxgene.cziscience.com/a45ef21d-a7b1-4894-9b81-1e264d74902a.h5ad	136682149		https://cellxgene.cziscience.com/e/00476f9f-ebc1-4b72-b541-32f912ce36ea.cxg/
283d65eb-dd53-496d-adb7-7570c7caa443	Human Brain Cell Atlas v1.0	10.1126/science.add7046	0d7f4c06-a6bd-47d2-a42b-3a7196704f77	Supercluster: Vascular	9932	0	[False]	Brodmann (1909) area 13;Brodmann (1909) area 14;Brodmann (1909) area 19;Brodmann (1909) area 23;Brodmann (1909) area 24;Brodmann (1909) area 25;Brodmann (1909) area 32;Brodmann (1909) area 35;Brodmann (1909) area 38;Brodmann (1909) area 40;Brodmann (1909) area 43;Brodmann (1909) area 46;accessory basal amygdaloid nucleus;agranular insular cortex;anterior cortical amygdaloid nucleus;anterior nuclear group;anterior olfactory nucleus;basolateral amygdaloid nuclear complex;bed nucleus of stria terminalis;body of caudate nucleus;central amygdaloid nucleus;centromedian nucleus of thalamus;cerebellar nuclear complex;cerebellar vermis;cerebrocerebellum;claustrum of brain;corticomedial nuclear complex;cuneus cortex;dentate gyrus of hippocampal formation;dorsal tegmental nucleus;epithalamus;extrastriate cortex;globus pallidus;granular insular cortex;gray matter of midbrain;hippocampal field;hypothalamus;inferior frontal gyrus;inferior olivary complex;inferior temporal gyrus;intralaminar nuclear group;lateral amygdaloid nucleus;lateral entorhinal cortex;lateral geniculate body;lateral nuclear group of thalamus;lateral posterior nucleus of thalamus;mammillary body;medial dorsal nucleus of thalamus;medial entorhinal cortex;medial geniculate body;medial zone of hypothalamus;median tuberal portion;midbrain nucleus;midbrain tectum;middle temporal gyrus;nucleus accumbens;nucleus of dorsal thalamus;nucleus of medulla oblongata;parabrachial nucleus;perirhinal cortex;piriform cortex;pontine nuclear group;pontine reticular formation;pontine tegmentum;posterior parahippocampal gyrus;preoptic area;pretectal region;primary auditory cortex;primary motor cortex;primary somatosensory cortex;primary visual cortex;pulvinar nucleus;putamen;red nucleus;retrosplenial region;rostral CA3;septal nuclear complex;spinal cord;subicular complex;substantia innominata;substantia nigra;subthalamic nucleus;superior parietal cortex;superior temporal gyrus;supraoptic nucleus;temporal fusiform gyrus;uncal CA1;ventral anterior nucleus of thalamus	eye		3	endothelial cell|pericyte|vascular associated smooth muscle cell	10x 3' v3	nucleus	normal	https://datasets.cellxgene.cziscience.com/3df231b4-4c8e-4d7b-b854-9c27223d0738.h5ad	49520426		https://cellxgene.cziscience.com/e/0d7f4c06-a6bd-47d2-a42b-3a7196704f77.cxg/
283d65eb-dd53-496d-adb7-7570c7caa443	Human Brain Cell Atlas v1.0	10.1126/science.add7046	531c9543-9093-45ed-93ac-ebc5815bfb8a	Supercluster: Fibroblast	9156	0	[False]	Brodmann (1909) area 13;Brodmann (1909) area 14;Brodmann (1909) area 19;Brodmann (1909) area 23;Brodmann (1909) area 24;Brodmann (1909) area 25;Brodmann (1909) area 32;Brodmann (1909) area 35;Brodmann (1909) area 38;Brodmann (1909) area 40;Brodmann (1909) area 43;Brodmann (1909) area 46;accessory basal amygdaloid nucleus;agranular insular cortex;anterior cortical amygdaloid nucleus;anterior nuclear group;anterior olfactory nucleus;basolateral amygdaloid nuclear complex;bed nucleus of stria terminalis;body of caudate nucleus;central amygdaloid nucleus;centromedian nucleus of thalamus;cerebellar nuclear complex;cerebellar vermis;cerebrocerebellum;claustrum of brain;corticomedial nuclear complex;cuneus cortex;dentate gyrus of hippocampal formation;dorsal tegmental nucleus;epithalamus;extrastriate cortex;globus pallidus;granular insular cortex;gray matter of midbrain;hippocampal field;hypothalamus;inferior frontal gyrus;inferior olivary complex;inferior temporal gyrus;intralaminar nuclear group;lateral amygdaloid nucleus;lateral entorhinal cortex;lateral geniculate body;lateral nuclear group of thalamus;lateral posterior nucleus of thalamus;mammillary body;medial dorsal nucleus of thalamus;medial entorhinal cortex;medial geniculate body;medial zone of hypothalamus;median tuberal portion;midbrain nucleus;midbrain tectum;middle temporal gyrus;nucleus accumbens;nucleus of dorsal thalamus;nucleus of medulla oblongata;parabrachial nucleus;perirhinal cortex;piriform cortex;pontine nuclear group;pontine reticular formation;pontine tegmentum;posterior parahippocampal gyrus;preoptic area;pretectal region;primary auditory cortex;primary motor cortex;primary somatosensory cortex;primary visual cortex;pulvinar nucleus;putamen;red nucleus;retrosplenial region;rostral CA3;septal nuclear complex;spinal cord;subicular complex;substantia innominata;substantia nigra;subthalamic nucleus;superior parietal cortex;superior temporal gyrus;supraoptic nucleus;temporal fusiform gyrus;uncal CA1;ventral anterior nucleus of thalamus	eye		1	fibroblast	10x 3' v3	nucleus	normal	https://datasets.cellxgene.cziscience.com/7c91d679-5ff2-495b-b72e-7e26f4455459.h5ad	49676931		https://cellxgene.cziscience.com/e/531c9543-9093-45ed-93ac-ebc5815bfb8a.cxg/
4d8fed08-2d6d-4692-b5ea-464f1d072077	Comprehensive cell atlas of the first-trimester developing human brain	10.1126/science.adf1226	8775a6c6-b960-43ae-9f76-45c4acda3621	ClassErythrocyte	8959	0	[False]	basal forebrain;brain;caudate-putamen;cerebellar peduncular complex;cerebellum;cerebral subcortex;choroid plexus epithelium;cortex;diencephalon;dorsal plus ventral thalamus;entorhinal cortex;forebrain;frontal cortex;head;hindbrain;hippocampal formation;hypothalamus;lower layers of the cortex;medulla oblongata;metencephalon;midbrain;midbrain tectum;occipital cortex;pons;striatum;telencephalon;upper layers of the cortex	choroid_plexus		1	erythrocyte	10x 3' v2;10x 3' v3	cell	normal	https://datasets.cellxgene.cziscience.com/e7d61ad9-e039-47e7-a98c-73e8f992c5a2.h5ad	25552515		https://cellxgene.cziscience.com/e/8775a6c6-b960-43ae-9f76-45c4acda3621.cxg/
283d65eb-dd53-496d-adb7-7570c7caa443	Human Brain Cell Atlas v1.0	10.1126/science.add7046	ed11cc3e-2947-407c-883c-c53b043917c3	Dissection: Thalamus (THM) - Lateral nuclear complex (LNC) - ventral anterior nucleus of thalamus - VA	8573	8573	[True]	ventral anterior nucleus of thalamus			27	Lamp5 Lhx6 neuron|T cell|amygdala excitatory neuron|astrocyte|caudal ganglionic eminence derived interneuron|central nervous system macrophage|cerebral cortex neuron|committed oligodendrocyte precursor|eccentric medium spiny neuron|endothelial cell|ependymal cell|fibroblast|intratelencephalic-projecting glutamatergic cortical neuron|medial ganglionic eminence derived interneuron|medium spiny neuron|microglial cell|midbrain-derived inhibitory neuron|monocyte|natural killer cell|neuron|oligodendrocyte|oligodendrocyte precursor cell|pericyte|pvalb chandelier GABAergic interneuron|sst chodl GABAergic interneuron|thalamic excitatory neuron|vascular associated smooth muscle cell	10x 3' v3	nucleus	normal	https://datasets.cellxgene.cziscience.com/88218cdb-ed39-419c-92bb-f5dcdd7242b6.h5ad	110761894		https://cellxgene.cziscience.com/e/ed11cc3e-2947-407c-883c-c53b043917c3.cxg/
120e86b4-1195-48c5-845b-b98054105eec	Spatiotemporal immune zonation of the human kidney	10.1126/science.aat5031	c52de62a-058d-4d78-a464-bdf552378f43	Fetal kidney dataset: stroma	8345	0	[False]	kidney			4	fibroblast|mesenchymal stem cell|myofibroblast cell|neuron	10x 3' v2	cell	normal	https://datasets.cellxgene.cziscience.com/bccfbe51-bb43-4da5-8ecf-5607bda68289.h5ad	109143365		https://cellxgene.cziscience.com/e/c52de62a-058d-4d78-a464-bdf552378f43.cxg/
8a05eaf6-5680-41f2-9be7-eddc383b178a	Determinants of Sensitivity to HER2-targeted Antibody Drug Conjugates in Urothelial Cancer	10.1038/s41467-025-67643-2	024581e3-5375-4e33-8060-d8448694f556	SMBO-109	8156	8156	[True]	urinary bladder	urothelium		1	neoplastic cell	10x 3' v3	cell	urinary bladder cancer	https://datasets.cellxgene.cziscience.com/f77f7919-8483-4c56-a0de-6be3e5363c7a.h5ad	103584117		https://cellxgene.cziscience.com/e/024581e3-5375-4e33-8060-d8448694f556.cxg/
4d8fed08-2d6d-4692-b5ea-464f1d072077	Comprehensive cell atlas of the first-trimester developing human brain	10.1126/science.adf1226	ea7b95cf-1967-4431-9ee8-ec85ff793360	ClassImmune	8102	0	[False]	basal forebrain;brain;caudate-putamen;cerebellar peduncular complex;cerebellum;cerebral subcortex;choroid plexus epithelium;cortex;diencephalon;dorsal plus ventral thalamus;entorhinal cortex;forebrain;frontal cortex;head;hindbrain;hippocampal formation;hypothalamus;lower layers of the cortex;medulla oblongata;metencephalon;midbrain;midbrain tectum;occipital cortex;pons;striatum;telencephalon;upper layers of the cortex	choroid_plexus		1	macrophage	10x 3' v2;10x 3' v3	cell	normal	https://datasets.cellxgene.cziscience.com/bbeed4eb-3b42-43f0-a3ef-4e7ab37bd6f1.h5ad	70548358		https://cellxgene.cziscience.com/e/ea7b95cf-1967-4431-9ee8-ec85ff793360.cxg/
283d65eb-dd53-496d-adb7-7570c7caa443	Human Brain Cell Atlas v1.0	10.1126/science.add7046	d5452b83-7c3d-4d7c-ab7a-c7fece7196c5	Dissection: Body of hippocampus (HiB) - Rostral CA3	8077	8077	[True]	rostral CA3			22	Lamp5 Lhx6 neuron|T cell|amygdala excitatory neuron|astrocyte|caudal ganglionic eminence derived interneuron|central nervous system macrophage|committed oligodendrocyte precursor|dentate gyrus granule cell|endothelial cell|ependymal cell|fibroblast|hippocampal CA1-3 neuron|hippocampal CA4 neuron|medial ganglionic eminence derived interneuron|microglial cell|neuron|oligodendrocyte|oligodendrocyte precursor cell|pericyte|pvalb chandelier GABAergic interneuron|sst chodl GABAergic interneuron|vascular associated smooth muscle cell	10x 3' v3	nucleus	normal	https://datasets.cellxgene.cziscience.com/13c33f3e-8782-4ecf-b0b9-f9505c9ab11b.h5ad	111411217		https://cellxgene.cziscience.com/e/d5452b83-7c3d-4d7c-ab7a-c7fece7196c5.cxg/
283d65eb-dd53-496d-adb7-7570c7caa443	Human Brain Cell Atlas v1.0	10.1126/science.add7046	50dc91a1-36b6-472a-b884-7307b6961ab1	Supercluster: Bergmann glia	8041	0	[False]	cerebellar nuclear complex;cerebellar vermis;cerebrocerebellum;dorsal tegmental nucleus;globus pallidus;inferior olivary complex;mammillary body;midbrain tectum;nucleus of medulla oblongata;parabrachial nucleus;pontine reticular formation;pontine tegmentum;pulvinar nucleus;red nucleus;septal nuclear complex;spinal cord			1	Bergmann glial cell	10x 3' v3	nucleus	normal	https://datasets.cellxgene.cziscience.com/ea543fda-b0f0-4b92-91e5-a90293699bf2.h5ad	55716249		https://cellxgene.cziscience.com/e/50dc91a1-36b6-472a-b884-7307b6961ab1.cxg/
120e86b4-1195-48c5-845b-b98054105eec	Spatiotemporal immune zonation of the human kidney	10.1126/science.aat5031	20d87640-4be8-487f-93d4-dce38378d00f	Mature kidney dataset: immune	7803	0	[False]	cortex of kidney;kidney;kidney blood vessel;renal medulla;renal pelvis	urothelium		12	B cell|CD4-positive, alpha-beta T cell|CD8-positive, alpha-beta T cell|classical monocyte|dendritic cell|kidney resident macrophage|mast cell|mature NK T cell|natural killer cell|neutrophil|non-classical monocyte|plasmacytoid dendritic cell	10x 3' v2	cell	normal	https://datasets.cellxgene.cziscience.com/281f6735-10c8-492e-be93-ccdc5b3d0170.h5ad	44087625		https://cellxgene.cziscience.com/e/20d87640-4be8-487f-93d4-dce38378d00f.cxg/
e5f58829-1a66-40b5-a624-9046778e74f5	Tabula Sapiens	10.1126/science.abl4896	ec6ef004-5f30-4a40-b282-980cca20a561	Tabula Sapiens - Testis	7513	0	[False]	testis	testis		15	B cell|CD4-positive, alpha-beta T cell|CD8-positive, alpha-beta T cell|Leydig cell|endothelial cell|macrophage|male germ cell|mast cell|monocyte|peritubular myoid cell|spermatid|spermatocyte|spermatogonium|stromal cell|tissue-resident macrophage	10x 3' v3	cell	normal	https://datasets.cellxgene.cziscience.com/09e3ae14-f355-4ed7-ad81-787b587c8a16.h5ad	385384218		https://cellxgene.cziscience.com/e/ec6ef004-5f30-4a40-b282-980cca20a561.cxg/
ec691f5f-0aac-433c-8f78-e7f4b85a05e0	Human γδ T cells in diverse tissues exhibit site-specific maturation dynamics across the lifespan	10.1126/sciimmunol.adn3954	5f4556b6-017e-49b3-b31c-c6e8e226c9fb	scRNA-seq of adult gamma delta T cells	7417	0	[False]	jejunum;lung;mesenteric lymph node;spleen;thoracic lymph node	spleen		1	gamma-delta T cell	10x 3' v3;10x 5' v2	cell	normal	https://datasets.cellxgene.cziscience.com/9be0f95c-1301-44eb-81c5-9719ec30058c.h5ad	72292758		https://cellxgene.cziscience.com/e/5f4556b6-017e-49b3-b31c-c6e8e226c9fb.cxg/
af893e86-8e9f-41f1-a474-ef05359b1fb7	Single-cell transcriptomic atlas for adult human retina	10.1016/j.xgen.2023.100298	11ef37ee-2173-458e-aab8-7fe35da8e47b	Horizontal cells in human retina	7348	0	[False]	fovea centralis;macula lutea proper;peripheral region of retina	eye		1	retina horizontal cell	10x 3' v3	nucleus	normal	https://datasets.cellxgene.cziscience.com/5903aa1b-c323-4ae0-abfc-8100e2eba799.h5ad	416349451		https://cellxgene.cziscience.com/e/11ef37ee-2173-458e-aab8-7fe35da8e47b.cxg/
e5f58829-1a66-40b5-a624-9046778e74f5	Tabula Sapiens	10.1126/science.abl4896	b806712d-18b0-454c-a0fe-9909159e07c7	Tabula Sapiens - Germline	7276	0	[False]	left ovary;ovary;right ovary;testis	testis		5	male germ cell|oocyte|spermatid|spermatocyte|spermatogonium	10x 3' v3;Smart-seq2	cell	normal	https://datasets.cellxgene.cziscience.com/fe13f5e9-7ca1-430c-a258-1c2a8868ed22.h5ad	380524469		https://cellxgene.cziscience.com/e/b806712d-18b0-454c-a0fe-9909159e07c7.cxg/
283d65eb-dd53-496d-adb7-7570c7caa443	Human Brain Cell Atlas v1.0	10.1126/science.add7046	f6d9f2ad-5ec7-4d53-b7f0-ceb0e7bcd181	Dissection: Thalamus (THM) - lateral nuclear complex of thalamus (LNC) - ventral posterior lateral nucleus - VPL	6877	6877	[True]	lateral posterior nucleus of thalamus			20	T cell|astrocyte|caudal ganglionic eminence derived interneuron|central nervous system macrophage|committed oligodendrocyte precursor|endothelial cell|fibroblast|intratelencephalic-projecting glutamatergic cortical neuron|medial ganglionic eminence derived interneuron|microglial cell|midbrain-derived inhibitory neuron|monocyte|natural killer cell|neuron|oligodendrocyte|oligodendrocyte precursor cell|pericyte|pvalb chandelier GABAergic interneuron|thalamic excitatory neuron|vascular associated smooth muscle cell	10x 3' v3	nucleus	normal	https://datasets.cellxgene.cziscience.com/1b020af5-6352-43ce-9033-77e5387d7950.h5ad	54036167		https://cellxgene.cziscience.com/e/f6d9f2ad-5ec7-4d53-b7f0-ceb0e7bcd181.cxg/
120e86b4-1195-48c5-845b-b98054105eec	Spatiotemporal immune zonation of the human kidney	10.1126/science.aat5031	2d31c0ca-0233-41ce-bd1a-05aa8404b073	Fetal kidney dataset: immune	6847	0	[False]	kidney			13	B cell|CD4-positive, alpha-beta T cell|CD8-positive, alpha-beta T cell|conventional dendritic cell|erythroid lineage cell|lymphocyte|macrophage|mast cell|megakaryocyte|monocyte|natural killer cell|neutrophil|plasmacytoid dendritic cell	10x 3' v2	cell	normal	https://datasets.cellxgene.cziscience.com/ade9bae8-e0e0-4908-9994-02ca6322dccd.h5ad	62987504		https://cellxgene.cziscience.com/e/2d31c0ca-0233-41ce-bd1a-05aa8404b073.cxg/
4d8fed08-2d6d-4692-b5ea-464f1d072077	Comprehensive cell atlas of the first-trimester developing human brain	10.1126/science.adf1226	91b2327d-e3f3-4f63-b446-20774d20fc33	ClassOligo	6190	0	[False]	basal forebrain;brain;caudate-putamen;cerebellar peduncular complex;cerebellum;cerebral subcortex;cortex;dorsal plus ventral thalamus;entorhinal cortex;forebrain;frontal cortex;hindbrain;hippocampal formation;hypothalamus;lower layers of the cortex;medulla oblongata;metencephalon;midbrain;midbrain tectum;occipital cortex;pons;striatum;upper layers of the cortex			1	oligodendrocyte	10x 3' v2;10x 3' v3	cell	normal	https://datasets.cellxgene.cziscience.com/983f502d-016d-412d-b9fe-9949e5d2f116.h5ad	55682607		https://cellxgene.cziscience.com/e/91b2327d-e3f3-4f63-b446-20774d20fc33.cxg/
939769a8-d8d2-4d01-abfc-55699893fd49	Integration of eQTL and a Single-Cell Atlas in the Human Eye Identifies Causal Genes for Age-Related Macular Degeneration	10.1016/j.celrep.2019.12.082	f8c77961-67a7-4161-b8c2-61c3f917b54f	Amacrine cells of human eye	6101	0	[False]	retina	eye		4	A2 amacrine cell|amacrine cell|glycinergic amacrine cell|starburst amacrine cell	10x 3' v3	nucleus	normal	https://datasets.cellxgene.cziscience.com/7b765594-340e-4d40-83ca-eb529a2b38af.h5ad	71488381		https://cellxgene.cziscience.com/e/f8c77961-67a7-4161-b8c2-61c3f917b54f.cxg/
283d65eb-dd53-496d-adb7-7570c7caa443	Human Brain Cell Atlas v1.0	10.1126/science.add7046	6dafb698-7a53-4699-ad13-1b5e2c164be7	Supercluster: Ependymal	5882	0	[False]	Brodmann (1909) area 43;accessory basal amygdaloid nucleus;anterior nuclear group;basolateral amygdaloid nuclear complex;bed nucleus of stria terminalis;body of caudate nucleus;central amygdaloid nucleus;cerebellar nuclear complex;cerebellar vermis;corticomedial nuclear complex;dentate gyrus of hippocampal formation;dorsal tegmental nucleus;epithalamus;gray matter of midbrain;hippocampal field;hypothalamus;inferior olivary complex;intralaminar nuclear group;lateral amygdaloid nucleus;lateral nuclear group of thalamus;mammillary body;medial dorsal nucleus of thalamus;medial geniculate body;medial zone of hypothalamus;median tuberal portion;midbrain nucleus;midbrain tectum;nucleus accumbens;nucleus of dorsal thalamus;nucleus of medulla oblongata;parabrachial nucleus;pontine reticular formation;pontine tegmentum;preoptic area;pretectal region;pulvinar nucleus;rostral CA3;septal nuclear complex;spinal cord;subicular complex;substantia innominata;substantia nigra;supraoptic nucleus;uncal CA1;ventral anterior nucleus of thalamus	eye		1	ependymal cell	10x 3' v3	nucleus	normal	https://datasets.cellxgene.cziscience.com/3f55c305-2977-4365-a7c5-c4ebe645cdb3.h5ad	47545107		https://cellxgene.cziscience.com/e/6dafb698-7a53-4699-ad13-1b5e2c164be7.cxg/
8a05eaf6-5680-41f2-9be7-eddc383b178a	Determinants of Sensitivity to HER2-targeted Antibody Drug Conjugates in Urothelial Cancer	10.1038/s41467-025-67643-2	670a9f65-363c-4bb1-a942-bf6d1edea179	SMBO-170	5785	5785	[True]	urinary bladder	urothelium		1	neoplastic cell	10x 3' v3	cell	urinary bladder cancer	https://datasets.cellxgene.cziscience.com/ff48d789-fbcd-4907-a002-e175bda24f77.h5ad	67826222		https://cellxgene.cziscience.com/e/670a9f65-363c-4bb1-a942-bf6d1edea179.cxg/
8a05eaf6-5680-41f2-9be7-eddc383b178a	Determinants of Sensitivity to HER2-targeted Antibody Drug Conjugates in Urothelial Cancer	10.1038/s41467-025-67643-2	e2094676-d4d5-400c-afa5-7ca3ec09025c	SMBO-106	5762	5762	[True]	urinary bladder	urothelium		1	neoplastic cell	10x 3' v3	cell	urinary bladder cancer	https://datasets.cellxgene.cziscience.com/5447ecfb-17c8-430d-90a8-9734cc4f0701.h5ad	88264779		https://cellxgene.cziscience.com/e/e2094676-d4d5-400c-afa5-7ca3ec09025c.cxg/
b1a879f6-5638-48d3-8f64-f6592c1b1561	Mapping the developing human immune system across organs	10.1126/science.abo0510	f1e4a73c-33ab-4564-bf92-742f8b286da6	WSSS_F_IMMsp10864182	4992	4992	[True]	spleen	spleen		19	CD4-positive, alpha-beta thymocyte|CD8-positive, alpha-beta thymocyte|T cell|common myeloid progenitor|conventional dendritic cell|epithelial cell|erythroid lineage cell|fibroblast|macrophage|mature B cell|megakaryocyte|megakaryocyte progenitor cell|mesothelial cell|monocyte|myofibroblast cell|plasma cell|plasmacytoid dendritic cell|unknown|vascular associated smooth muscle cell	Visium Spatial Gene Expression V1	na	normal	https://datasets.cellxgene.cziscience.com/1ca48065-dbb5-4587-b0e7-536a3b2dd0ac.h5ad	152052941		https://cellxgene.cziscience.com/e/f1e4a73c-33ab-4564-bf92-742f8b286da6.cxg/
b1a879f6-5638-48d3-8f64-f6592c1b1561	Mapping the developing human immune system across organs	10.1126/science.abo0510	e21487a3-936c-4114-8cf2-cfcc60c7eb6d	WSSS_F_IMMsp9838717	4992	4992	[True]	liver			6	double negative thymocyte|epithelial cell|erythroid lineage cell|hepatocyte|unknown|vascular associated smooth muscle cell	Visium Spatial Gene Expression V1	na	normal	https://datasets.cellxgene.cziscience.com/141bfc2e-2a22-400b-b5fb-5b71a1b74120.h5ad	142581277		https://cellxgene.cziscience.com/e/e21487a3-936c-4114-8cf2-cfcc60c7eb6d.cxg/
b1a879f6-5638-48d3-8f64-f6592c1b1561	Mapping the developing human immune system across organs	10.1126/science.abo0510	dcc10fd8-23c1-4d3f-b07a-ab7cb120ad00	WSSS_F_IMMsp9838711	4992	4992	[True]	thymus			13	CD4-positive, alpha-beta thymocyte|T cell|alpha-beta T cell|double-positive, alpha-beta thymocyte|epithelial cell|erythroid lineage cell|fibroblast|macrophage|medullary thymic epithelial cell type 1|mesenchymal cell|myofibroblast cell|unknown|vascular associated smooth muscle cell	Visium Spatial Gene Expression V1	na	normal	https://datasets.cellxgene.cziscience.com/012d3605-6463-4615-be24-5c6b1e6c461c.h5ad	130609365		https://cellxgene.cziscience.com/e/dcc10fd8-23c1-4d3f-b07a-ab7cb120ad00.cxg/
b1a879f6-5638-48d3-8f64-f6592c1b1561	Mapping the developing human immune system across organs	10.1126/science.abo0510	c4e2bde2-3c51-4d10-9fd6-053e212b4824	WSSS_F_IMMsp9838715	4992	4992	[True]	spleen	spleen		12	cycling B cell|epithelial cell|erythroid lineage cell|fibroblast|macrophage|mature B cell|megakaryocyte|megakaryocyte progenitor cell|mesothelial cell|myofibroblast cell|unknown|vascular associated smooth muscle cell	Visium Spatial Gene Expression V1	na	normal	https://datasets.cellxgene.cziscience.com/d2d6a158-34b5-4763-b1f6-d6c8334b7ba8.h5ad	152599609		https://cellxgene.cziscience.com/e/c4e2bde2-3c51-4d10-9fd6-053e212b4824.cxg/
b1a879f6-5638-48d3-8f64-f6592c1b1561	Mapping the developing human immune system across organs	10.1126/science.abo0510	aede7ec2-a32a-418f-b8f9-3a5c9b26245a	WSSS_F_IMMsp9838716	4992	4992	[True]	thymus			15	B-1 B cell|CD4-positive, alpha-beta thymocyte|T cell|alpha-beta T cell|corticomedullary thymic epithelial cell|double-positive, alpha-beta thymocyte|epithelial cell|fibroblast|macrophage|medullary thymic epithelial cell type 1|mesenchymal cell|myofibroblast cell|regulatory T cell|unknown|vascular associated smooth muscle cell	Visium Spatial Gene Expression V1	na	normal	https://datasets.cellxgene.cziscience.com/a4e90dc0-c2af-4362-9da5-dafd74f7322b.h5ad	163249223		https://cellxgene.cziscience.com/e/aede7ec2-a32a-418f-b8f9-3a5c9b26245a.cxg/
b1a879f6-5638-48d3-8f64-f6592c1b1561	Mapping the developing human immune system across organs	10.1126/science.abo0510	83de2c2c-c102-4b18-9e7d-da36e8ad76ca	WSSS_F_IMMsp10864184	4992	4992	[True]	liver			6	epithelial cell|erythroid lineage cell|hepatocyte|myofibroblast cell|unknown|vascular associated smooth muscle cell	Visium Spatial Gene Expression V1	na	normal	https://datasets.cellxgene.cziscience.com/bbd41667-9273-47ac-bafd-f316ce609997.h5ad	170773057		https://cellxgene.cziscience.com/e/83de2c2c-c102-4b18-9e7d-da36e8ad76ca.cxg/
b1a879f6-5638-48d3-8f64-f6592c1b1561	Mapping the developing human immune system across organs	10.1126/science.abo0510	60608f13-0141-462c-acac-4556dc6b542b	WSSS_F_IMMsp9838712	4992	4992	[True]	liver			9	double negative thymocyte|epithelial cell|erythroid lineage cell|hepatocyte|megakaryocyte|megakaryocyte progenitor cell|mesothelial cell|unknown|vascular associated smooth muscle cell	Visium Spatial Gene Expression V1	na	normal	https://datasets.cellxgene.cziscience.com/7d92bef7-e824-4cb0-8097-fe5eb6c66891.h5ad	136194545		https://cellxgene.cziscience.com/e/60608f13-0141-462c-acac-4556dc6b542b.cxg/
b1a879f6-5638-48d3-8f64-f6592c1b1561	Mapping the developing human immune system across organs	10.1126/science.abo0510	4ee03124-5782-4187-968a-c178f8b212e1	WSSS_F_IMMsp10864181	4992	4992	[True]	spleen	spleen		17	T cell|common myeloid progenitor|conventional dendritic cell|cycling dendritic cell|epithelial cell|erythroid lineage cell|fibroblast|macrophage|mature B cell|megakaryocyte|megakaryocyte progenitor cell|mesothelial cell|myofibroblast cell|plasma cell|plasmacytoid dendritic cell|unknown|vascular associated smooth muscle cell	Visium Spatial Gene Expression V1	na	normal	https://datasets.cellxgene.cziscience.com/9f9e9b2c-3460-491e-95d3-93bc6fb7a04a.h5ad	186202763		https://cellxgene.cziscience.com/e/4ee03124-5782-4187-968a-c178f8b212e1.cxg/
b1a879f6-5638-48d3-8f64-f6592c1b1561	Mapping the developing human immune system across organs	10.1126/science.abo0510	41bc3efb-b4e1-4676-8cb9-3a128450d9e1	WSSS_F_IMMsp9838710	4992	4992	[True]	spleen	spleen		10	epithelial cell|erythroid lineage cell|fibroblast|macrophage|mature B cell|megakaryocyte|megakaryocyte progenitor cell|mesothelial cell|unknown|vascular associated smooth muscle cell	Visium Spatial Gene Expression V1	na	normal	https://datasets.cellxgene.cziscience.com/e202bcd2-30b6-4209-8629-eb49fc6eb411.h5ad	116175291		https://cellxgene.cziscience.com/e/41bc3efb-b4e1-4676-8cb9-3a128450d9e1.cxg/
b1a879f6-5638-48d3-8f64-f6592c1b1561	Mapping the developing human immune system across organs	10.1126/science.abo0510	001b01fe-5c70-4bda-a3aa-ee09b7899b14	WSSS_F_IMMsp10864183	4992	4992	[True]	thymus			12	CD4-positive, alpha-beta thymocyte|T cell|alpha-beta T cell|conventional dendritic cell|cycling T cell|dendritic cell|double-positive, alpha-beta thymocyte|epithelial cell|fibroblast|medullary thymic epithelial cell type 1|medullary thymic epithelial cell type 3|unknown	Visium Spatial Gene Expression V1	na	normal	https://datasets.cellxgene.cziscience.com/fb4813de-9ea1-4b23-8bcf-353220a5cd69.h5ad	159135594		https://cellxgene.cziscience.com/e/001b01fe-5c70-4bda-a3aa-ee09b7899b14.cxg/
283d65eb-dd53-496d-adb7-7570c7caa443	Human Brain Cell Atlas v1.0	10.1126/science.add7046	f16f4108-7873-4035-9989-3748da1a7ff1	Supercluster: Committed oligodendrocyte precursor	4720	0	[False]	Brodmann (1909) area 13;Brodmann (1909) area 14;Brodmann (1909) area 19;Brodmann (1909) area 23;Brodmann (1909) area 24;Brodmann (1909) area 25;Brodmann (1909) area 32;Brodmann (1909) area 35;Brodmann (1909) area 38;Brodmann (1909) area 40;Brodmann (1909) area 43;Brodmann (1909) area 46;accessory basal amygdaloid nucleus;agranular insular cortex;anterior cortical amygdaloid nucleus;anterior nuclear group;anterior olfactory nucleus;basolateral amygdaloid nuclear complex;bed nucleus of stria terminalis;body of caudate nucleus;central amygdaloid nucleus;centromedian nucleus of thalamus;cerebellar nuclear complex;cerebellar vermis;cerebrocerebellum;claustrum of brain;corticomedial nuclear complex;cuneus cortex;dentate gyrus of hippocampal formation;dorsal tegmental nucleus;epithalamus;extrastriate cortex;globus pallidus;granular insular cortex;gray matter of midbrain;hippocampal field;hypothalamus;inferior frontal gyrus;inferior olivary complex;inferior temporal gyrus;intralaminar nuclear group;lateral amygdaloid nucleus;lateral entorhinal cortex;lateral geniculate body;lateral nuclear group of thalamus;lateral posterior nucleus of thalamus;mammillary body;medial dorsal nucleus of thalamus;medial entorhinal cortex;medial geniculate body;medial zone of hypothalamus;median tuberal portion;midbrain nucleus;midbrain tectum;middle temporal gyrus;nucleus accumbens;nucleus of dorsal thalamus;nucleus of medulla oblongata;parabrachial nucleus;perirhinal cortex;piriform cortex;pontine nuclear group;pontine reticular formation;pontine tegmentum;posterior parahippocampal gyrus;preoptic area;pretectal region;primary auditory cortex;primary motor cortex;primary somatosensory cortex;primary visual cortex;pulvinar nucleus;putamen;red nucleus;retrosplenial region;rostral CA3;septal nuclear complex;spinal cord;subicular complex;substantia innominata;substantia nigra;subthalamic nucleus;superior parietal cortex;superior temporal gyrus;supraoptic nucleus;temporal fusiform gyrus;uncal CA1;ventral anterior nucleus of thalamus	eye		1	committed oligodendrocyte precursor	10x 3' v3	nucleus	normal	https://datasets.cellxgene.cziscience.com/8865ca95-6a4c-426a-8452-6a00de40cbfb.h5ad	33951867		https://cellxgene.cziscience.com/e/f16f4108-7873-4035-9989-3748da1a7ff1.cxg/
283d65eb-dd53-496d-adb7-7570c7caa443	Human Brain Cell Atlas v1.0	10.1126/science.add7046	470565f2-5afc-456a-b617-18e4496c04fd	Dissection: Midbrain (RN) - Red Nucleus - RN	4714	4714	[True]	red nucleus			23	Bergmann glial cell|T cell|astrocyte|caudal ganglionic eminence derived interneuron|central nervous system macrophage|cerebellar granule cell|cerebellar inhibitory GABAergic interneuron|cerebral cortex neuron|committed oligodendrocyte precursor|endothelial cell|fibroblast|intratelencephalic-projecting glutamatergic cortical neuron|medial ganglionic eminence derived interneuron|microglial cell|midbrain-derived inhibitory neuron|monocyte|natural killer cell|neuron|oligodendrocyte|oligodendrocyte precursor cell|pericyte|pvalb chandelier GABAergic interneuron|vascular associated smooth muscle cell	10x 3' v3	nucleus	normal	https://datasets.cellxgene.cziscience.com/7d87c2e4-b8b1-44e0-974f-eb11761722ae.h5ad	39614801		https://cellxgene.cziscience.com/e/470565f2-5afc-456a-b617-18e4496c04fd.cxg/
e5f58829-1a66-40b5-a624-9046778e74f5	Tabula Sapiens	10.1126/science.abl4896	d45aca3a-ddb8-4185-a462-eff1e0c7af2e	Tabula Sapiens - Ear	3055	0	[False]	crista ampullaris;utricle of membranous labyrinth			16	B cell|CD4-positive, alpha-beta T cell|CD8-positive, alpha-beta T cell|endothelial cell of vascular tree|hematopoietic cell|intermediate monocyte|macrophage|mast cell|melanocyte|monocyte|neutrophil|pericyte|stromal cell|supporting cell of vestibular epithelium|vascular associated smooth muscle cell|vestibular dark cell	10x 3' v3	cell	normal	https://datasets.cellxgene.cziscience.com/eef916d5-41c0-434f-a50c-617aa1413987.h5ad	180780963		https://cellxgene.cziscience.com/e/d45aca3a-ddb8-4185-a462-eff1e0c7af2e.cxg/
af286675-7167-4816-a907-c72d41b73d37	Single-cell and spatial mapping Identify cell types and signaling Networks in the human ureter	10.1016/j.devcel.2022.07.004	305c1196-76b3-42d1-818f-2694d01dbd97	Adult ureter stromal subset	3045	0	[False]	ureter	urothelium		4	endothelial cell of artery|fibroblast|smooth muscle cell|vein endothelial cell	10x 3' v3	cell	normal	https://datasets.cellxgene.cziscience.com/fa33ffb9-1055-4f62-bbe4-849ad469fe86.h5ad	45916462		https://cellxgene.cziscience.com/e/305c1196-76b3-42d1-818f-2694d01dbd97.cxg/
1d1c7275-476a-49e2-9022-ad1b1c793594	Cell Atlas of The Human Fovea and Peripheral Retina	10.1038/s41598-020-66092-9	2f6a20f1-173d-4b8d-860b-c47ffea120fa	Horizontal cells of the human fovea and peripheral retina	2868	2868	[True]	fovea centralis;peripheral region of retina	eye		1	retina horizontal cell	10x 3' v2;10x 3' v3	cell	normal	https://datasets.cellxgene.cziscience.com/0449b4b3-e8c0-4f8e-823b-e10688674f9f.h5ad	19787429		https://cellxgene.cziscience.com/e/2f6a20f1-173d-4b8d-860b-c47ffea120fa.cxg/
8a05eaf6-5680-41f2-9be7-eddc383b178a	Determinants of Sensitivity to HER2-targeted Antibody Drug Conjugates in Urothelial Cancer	10.1038/s41467-025-67643-2	f0e0575d-d64d-4418-809e-60789bf6c155	SMBO-114	2410	2410	[True]	urinary bladder	urothelium		1	neoplastic cell	10x 3' v3	cell	urinary bladder cancer	https://datasets.cellxgene.cziscience.com/ea1c435b-245d-40db-bc03-0d602498ab69.h5ad	29984484		https://cellxgene.cziscience.com/e/f0e0575d-d64d-4418-809e-60789bf6c155.cxg/
0e54d4de-44f0-4d50-8649-b5c2bbe8f5d1	Exploring the Utility of snRNA-seq in Profiling Human Bladder Tissue: A Comprehensive Comparison with scRNA-seq	10.1016/j.isci.2024.111628	601c7454-17ff-432c-8e0d-902bfddb8013	Adult bladder immune subset	2094	2094	[True]	dome of urinary bladder;neck of urinary bladder;ureteral orifice;ureterovesical junction	urothelium		9	B cell|T cell|dendritic cell|granulocyte|macrophage|mast cell|mature NK T cell|monocyte|plasma cell	10x 3' v3	cell;nucleus	normal	https://datasets.cellxgene.cziscience.com/24f3b529-a9d2-4396-8173-2f8198d8a8d4.h5ad	34606421		https://cellxgene.cziscience.com/e/601c7454-17ff-432c-8e0d-902bfddb8013.cxg/
939769a8-d8d2-4d01-abfc-55699893fd49	Integration of eQTL and a Single-Cell Atlas in the Human Eye Identifies Causal Genes for Age-Related Macular Degeneration	10.1016/j.celrep.2019.12.082	c3d381b2-3104-444e-8ad5-d3524407bbb6	Horizontal cells of human eye	1875	0	[False]	retina	eye		2	retina horizontal cell|unknown	10x 3' v3	nucleus	normal	https://datasets.cellxgene.cziscience.com/9a4fb456-932a-4ce8-8630-035547fc9a9c.h5ad	27700756		https://cellxgene.cziscience.com/e/c3d381b2-3104-444e-8ad5-d3524407bbb6.cxg/
939769a8-d8d2-4d01-abfc-55699893fd49	Integration of eQTL and a Single-Cell Atlas in the Human Eye Identifies Causal Genes for Age-Related Macular Degeneration	10.1016/j.celrep.2019.12.082	cec9f9a5-8832-437d-99af-fb8237cde54b	Retinal ganglion cells of human eye	1777	0	[False]	retina	eye		4	OFF retinal ganglion cell|ON retinal ganglion cell|retinal ganglion cell|unknown	10x 3' v3	nucleus	normal	https://datasets.cellxgene.cziscience.com/3fcf5664-5347-4798-af53-8e3fa4b6f3a7.h5ad	42960210		https://cellxgene.cziscience.com/e/cec9f9a5-8832-437d-99af-fb8237cde54b.cxg/
4d8fed08-2d6d-4692-b5ea-464f1d072077	Comprehensive cell atlas of the first-trimester developing human brain	10.1126/science.adf1226	a24ecf77-c059-4dc5-8ca4-3b89d667b7f8	ClassPlacodes	873	0	[False]	cerebellum;forebrain;head;hindbrain;medulla oblongata;midbrain			1	neuroplacodal cell	10x 3' v2;10x 3' v3	cell	normal	https://datasets.cellxgene.cziscience.com/50edf503-4e5b-4cfb-b0aa-1f5de43f1a4d.h5ad	19264946		https://cellxgene.cziscience.com/e/a24ecf77-c059-4dc5-8ca4-3b89d667b7f8.cxg/
4d8fed08-2d6d-4692-b5ea-464f1d072077	Comprehensive cell atlas of the first-trimester developing human brain	10.1126/science.adf1226	6701d782-76f2-40e6-82f1-495350dd9a63	ClassNeuralCrest	871	0	[False]	basal forebrain;cerebellar peduncular complex;cerebellum;cerebral subcortex;cortex;forebrain;head;hindbrain;hypothalamus;lower layers of the cortex;medulla oblongata;metencephalon;midbrain;pons;striatum			1	neural crest cell	10x 3' v2;10x 3' v3	cell	normal	https://datasets.cellxgene.cziscience.com/66f033db-2260-49c8-8f1a-eb63bb3d2d20.h5ad	19578410		https://cellxgene.cziscience.com/e/6701d782-76f2-40e6-82f1-495350dd9a63.cxg/
939769a8-d8d2-4d01-abfc-55699893fd49	Integration of eQTL and a Single-Cell Atlas in the Human Eye Identifies Causal Genes for Age-Related Macular Degeneration	10.1016/j.celrep.2019.12.082	de17ac25-550a-4018-be75-bbb485a0636e	Myeloid cells of human eye	395	0	[False]	retina	eye		1	myeloid cell	10x 3' v3	nucleus	normal	https://datasets.cellxgene.cziscience.com/b15481e1-89b3-4f0b-87c9-c2e40bce312e.h5ad	11119702		https://cellxgene.cziscience.com/e/de17ac25-550a-4018-be75-bbb485a0636e.cxg/
